ISO-10303-21;
HEADER;
FILE_DESCRIPTION (( 'STEP AP214' ),
    '1' );
FILE_NAME ('XL4016.STEP',
    '2023-11-18T00:29:02',
    ( '' ),
    ( '' ),
    'SwSTEP 2.0',
    'SolidWorks 2021',
    '' );
FILE_SCHEMA (( 'AUTOMOTIVE_DESIGN' ));
ENDSEC;

DATA;
#1 = CARTESIAN_POINT ( 'NONE',  ( -2.957499999999979146, -9.139999999999997016, 0.2500000000000000000 ) ) ;
#2 = ORIENTED_EDGE ( 'NONE', *, *, #2339, .F. ) ;
#3 = ORIENTED_EDGE ( 'NONE', *, *, #49, .F. ) ;
#4 = ORIENTED_EDGE ( 'NONE', *, *, #1073, .T. ) ;
#5 = CARTESIAN_POINT ( 'NONE',  ( -3.174999999999999822, 14.97999999999999687, -1.714999999999999414 ) ) ;
#6 = DIRECTION ( 'NONE',  ( -1.000000000000000000, -0.000000000000000000, -0.000000000000000000 ) ) ;
#7 = CARTESIAN_POINT ( 'NONE',  ( 4.882138923813204023, 6.349999999999999645, 0.2499999999999999445 ) ) ;
#8 = VECTOR ( 'NONE', #683, 1000.000000000000000 ) ;
#9 = CARTESIAN_POINT ( 'NONE',  ( -3.847500000000000142, -1.408546971526578661E-16, 0.2500000000000000000 ) ) ;
#10 = EDGE_CURVE ( 'NONE', #1785, #1615, #1042, .T. ) ;
#11 = FACE_OUTER_BOUND ( 'NONE', #172, .T. ) ;
#12 = ORIENTED_EDGE ( 'NONE', *, *, #1106, .F. ) ;
#13 = ORIENTED_EDGE ( 'NONE', *, *, #1704, .T. ) ;
#14 = ORIENTED_EDGE ( 'NONE', *, *, #135, .F. ) ;
#15 = FACE_OUTER_BOUND ( 'NONE', #1679, .T. ) ;
#16 = ADVANCED_FACE ( 'NONE', ( #15 ), #44, .T. ) ;
#17 = ORIENTED_EDGE ( 'NONE', *, *, #1009, .T. ) ;
#18 = CARTESIAN_POINT ( 'NONE',  ( 0.4624999999999993561, -9.140000000000000568, 0.2500000000000000000 ) ) ;
#19 = DIRECTION ( 'NONE',  ( 0.7071067811865412445, 0.7071067811865537900, -0.000000000000000000 ) ) ;
#20 = CARTESIAN_POINT ( 'NONE',  ( -4.875478123231402172, 6.349999999999999645, 0.3589031268675951236 ) ) ;
#21 = DIRECTION ( 'NONE',  ( 0.7071067811865412445, 0.7071067811865537900, -0.000000000000000000 ) ) ;
#22 = CARTESIAN_POINT ( 'NONE',  ( 1.282499999999998863, -9.140000000000000568, -0.2500000000000000000 ) ) ;
#23 = SURFACE_STYLE_FILL_AREA ( #1803 ) ;
#24 = ORIENTED_EDGE ( 'NONE', *, *, #1916, .T. ) ;
#25 = ORIENTED_EDGE ( 'NONE', *, *, #572, .F. ) ;
#26 =( NAMED_UNIT ( * ) PLANE_ANGLE_UNIT ( ) SI_UNIT ( $, .RADIAN. ) );
#27 = VERTEX_POINT ( 'NONE', #216 ) ;
#28 = EDGE_CURVE ( 'NONE', #1037, #1756, #1272, .T. ) ;
#29 = LINE ( 'NONE', #693, #953 ) ;
#30 = ORIENTED_EDGE ( 'NONE', *, *, #641, .T. ) ;
#31 = STYLED_ITEM ( 'NONE', ( #2010 ), #1426 ) ;
#32 = FACE_OUTER_BOUND ( 'NONE', #999, .T. ) ;
#33 = PLANE ( 'NONE',  #1899 ) ;
#34 = COLOUR_RGB ( '',0.7921568627450980005, 0.8196078431372548767, 0.9333333333333333481 ) ;
#35 = ADVANCED_FACE ( 'NONE', ( #1784 ), #1590, .F. ) ;
#36 = LINE ( 'NONE', #1800, #113 ) ;
#37 = PLANE ( 'NONE',  #595 ) ;
#38 = PLANE ( 'NONE',  #1975 ) ;
#39 = LINE ( 'NONE', #2188, #2345 ) ;
#40 = ORIENTED_EDGE ( 'NONE', *, *, #1879, .T. ) ;
#41 = VERTEX_POINT ( 'NONE', #404 ) ;
#42 = AXIS2_PLACEMENT_3D ( 'NONE', #605, #1400, #2178 ) ;
#43 = DIRECTION ( 'NONE',  ( 0.000000000000000000, 0.000000000000000000, 1.000000000000000000 ) ) ;
#44 = PLANE ( 'NONE',  #122 ) ;
#45 = DIRECTION ( 'NONE',  ( 0.000000000000000000, 1.012714822391489260E-16, -1.000000000000000000 ) ) ;
#46 = EDGE_LOOP ( 'NONE', ( #1414, #765, #678, #1438 ) ) ;
#47 = FACE_BOUND ( 'NONE', #1225, .T. ) ;
#48 = PLANE ( 'NONE',  #782 ) ;
#49 = EDGE_CURVE ( 'NONE', #729, #1558, #1211, .T. ) ;
#50 = CARTESIAN_POINT ( 'NONE',  ( 1.092499999999996252, 6.349999999999999645, 0.2500000000000000000 ) ) ;
#51 = ADVANCED_FACE ( 'NONE', ( #1070 ), #1672, .T. ) ;
#52 = DIRECTION ( 'NONE',  ( -1.000000000000000000, -0.000000000000000000, -0.000000000000000000 ) ) ;
#53 = FACE_OUTER_BOUND ( 'NONE', #1877, .T. ) ;
#54 = PLANE ( 'NONE',  #1203 ) ;
#55 = ORIENTED_EDGE ( 'NONE', *, *, #1108, .F. ) ;
#56 = ORIENTED_EDGE ( 'NONE', *, *, #2489, .F. ) ;
#57 = DIRECTION ( 'NONE',  ( -1.000000000000000000, -0.000000000000000000, -0.000000000000000000 ) ) ;
#58 = ORIENTED_EDGE ( 'NONE', *, *, #1021, .T. ) ;
#59 = LINE ( 'NONE', #1825, #1182 ) ;
#60 = VERTEX_POINT ( 'NONE', #1480 ) ;
#61 = ADVANCED_FACE ( 'NONE', ( #273 ), #69, .T. ) ;
#62 = CARTESIAN_POINT ( 'NONE',  ( -2.767500000000001847, 6.349999999999999645, -0.2500000000000000000 ) ) ;
#63 = CARTESIAN_POINT ( 'NONE',  ( 0.4624999999999993561, -3.621892908478298396E-16, -0.2500000000000000000 ) ) ;
#64 = CARTESIAN_POINT ( 'NONE',  ( 2.802499999999996660, 0.1899999999999980038, -0.2500000000000000000 ) ) ;
#65 = VERTEX_POINT ( 'NONE', #479 ) ;
#66 = VERTEX_POINT ( 'NONE', #1080 ) ;
#67 = DIRECTION ( 'NONE',  ( -1.000000000000000000, -0.000000000000000000, -0.000000000000000000 ) ) ;
#68 = FACE_OUTER_BOUND ( 'NONE', #2012, .T. ) ;
#69 = PLANE ( 'NONE',  #197 ) ;
#70 = DIRECTION ( 'NONE',  ( -0.000000000000000000, 1.000000000000000000, -0.000000000000000000 ) ) ;
#71 = ORIENTED_EDGE ( 'NONE', *, *, #838, .F. ) ;
#72 = VECTOR ( 'NONE', #1875, 1000.000000000000000 ) ;
#73 = VECTOR ( 'NONE', #1231, 1000.000000000000000 ) ;
#74 = FACE_OUTER_BOUND ( 'NONE', #2502, .T. ) ;
#75 = DIRECTION ( 'NONE',  ( 0.000000000000000000, 1.012714822391489260E-16, -1.000000000000000000 ) ) ;
#76 = VECTOR ( 'NONE', #1568, 1000.000000000000000 ) ;
#77 = DIRECTION ( 'NONE',  ( 1.408054769461693696E-16, -1.000000000000000000, 0.000000000000000000 ) ) ;
#78 = ORIENTED_EDGE ( 'NONE', *, *, #2068, .F. ) ;
#79 = DIRECTION ( 'NONE',  ( 0.7071067811865543451, -0.7071067811865406894, -0.000000000000000000 ) ) ;
#80 = CLOSED_SHELL ( 'NONE', ( #562, #2080, #213, #35, #2000, #2471, #2326, #984, #1947, #1873, #2491, #1778, #774, #1484 ) ) ;
#81 = DIRECTION ( 'NONE',  ( 0.000000000000000000, 0.000000000000000000, -1.000000000000000000 ) ) ;
#82 = VECTOR ( 'NONE', #2301, 1000.000000000000000 ) ;
#83 = VECTOR ( 'NONE', #435, 1000.000000000000000 ) ;
#84 = CARTESIAN_POINT ( 'NONE',  ( 2.172499999999998987, -3.621892908478298396E-16, -0.2500000000000000000 ) ) ;
#85 = VERTEX_POINT ( 'NONE', #2261 ) ;
#86 = FACE_OUTER_BOUND ( 'NONE', #1210, .T. ) ;
#87 = LINE ( 'NONE', #1475, #413 ) ;
#88 = EDGE_CURVE ( 'NONE', #2259, #1537, #1292, .T. ) ;
#89 = ORIENTED_EDGE ( 'NONE', *, *, #767, .T. ) ;
#90 = CARTESIAN_POINT ( 'NONE',  ( 4.808132153431126099, 14.97999999999999687, 1.459999999999999520 ) ) ;
#91 = EDGE_CURVE ( 'NONE', #1478, #234, #288, .T. ) ;
#92 = CARTESIAN_POINT ( 'NONE',  ( -2.327500000000003233, 6.349999999999999645, 0.2500000000000000000 ) ) ;
#93 = DIRECTION ( 'NONE',  ( -0.000000000000000000, -1.000000000000000000, -0.000000000000000000 ) ) ;
#94 = LINE ( 'NONE', #129, #1770 ) ;
#95 = ORIENTED_EDGE ( 'NONE', *, *, #1316, .T. ) ;
#96 = LINE ( 'NONE', #2254, #2356 ) ;
#97 = EDGE_CURVE ( 'NONE', #2455, #831, #703, .T. ) ;
#98 = DIRECTION ( 'NONE',  ( 0.000000000000000000, 0.000000000000000000, 1.000000000000000000 ) ) ;
#99 = VERTEX_POINT ( 'NONE', #92 ) ;
#100 = DIRECTION ( 'NONE',  ( 1.365923996832131609E-16, 1.000000000000000000, 6.829619984160658046E-17 ) ) ;
#101 = LINE ( 'NONE', #2115, #2067 ) ;
#102 = CARTESIAN_POINT ( 'NONE',  ( -4.037500000000003197, 6.349999999999999645, 0.2500000000000000000 ) ) ;
#103 = ORIENTED_EDGE ( 'NONE', *, *, #1888, .F. ) ;
#104 = DIRECTION ( 'NONE',  ( 0.000000000000000000, 0.000000000000000000, 1.000000000000000000 ) ) ;
#105 = ADVANCED_FACE ( 'NONE', ( #1863 ), #874, .T. ) ;
#106 = VECTOR ( 'NONE', #1593, 1000.000000000000000 ) ;
#107 = EDGE_CURVE ( 'NONE', #1016, #1045, #2445, .T. ) ;
#108 = AXIS2_PLACEMENT_3D ( 'NONE', #1561, #153, #366 ) ;
#109 = CARTESIAN_POINT ( 'NONE',  ( -0.4275000000000007683, -9.140000000000000568, -0.2500000000000000000 ) ) ;
#110 = EDGE_CURVE ( 'NONE', #1339, #729, #334, .T. ) ;
#111 = CARTESIAN_POINT ( 'NONE',  ( 3.882499999999998952, -9.140000000000000568, 0.2500000000000000000 ) ) ;
#112 = VECTOR ( 'NONE', #1307, 1000.000000000000000 ) ;
#113 = VECTOR ( 'NONE', #1431, 1000.000000000000000 ) ;
#114 = ORIENTED_EDGE ( 'NONE', *, *, #1591, .F. ) ;
#115 = LINE ( 'NONE', #1152, #1905 ) ;
#116 = VECTOR ( 'NONE', #497, 1000.000000000000000 ) ;
#117 = LINE ( 'NONE', #909, #72 ) ;
#118 = CARTESIAN_POINT ( 'NONE',  ( -4.037500000000003197, 6.349999999999999645, -0.2500000000000000000 ) ) ;
#119 = ORIENTED_EDGE ( 'NONE', *, *, #470, .T. ) ;
#120 = CLOSED_SHELL ( 'NONE', ( #873, #730, #2415, #1372, #1840, #1436, #51, #2463, #963, #415, #417, #1462, #16, #250, #758, #277, #835, #1636, #857, #2286 ) ) ;
#121 = CARTESIAN_POINT ( 'NONE',  ( 0.000000000000000000, 18.91999999999999815, -2.984999999999999432 ) ) ;
#122 = AXIS2_PLACEMENT_3D ( 'NONE', #1999, #1632, #2418 ) ;
#123 = DIRECTION ( 'NONE',  ( 0.000000000000000000, 1.012714822391489260E-16, -1.000000000000000000 ) ) ;
#124 = FACE_OUTER_BOUND ( 'NONE', #387, .T. ) ;
#125 = EDGE_CURVE ( 'NONE', #2496, #2373, #1311, .T. ) ;
#126 = ORIENTED_EDGE ( 'NONE', *, *, #945, .T. ) ;
#127 = DIRECTION ( 'NONE',  ( 0.000000000000000000, 0.000000000000000000, -1.000000000000000000 ) ) ;
#128 = CARTESIAN_POINT ( 'NONE',  ( -4.930000000000000604, 20.51999999999999957, -1.714999999999998748 ) ) ;
#129 = CARTESIAN_POINT ( 'NONE',  ( 0.6524999999999977485, 0.1900000000000013622, -0.2500000000000000000 ) ) ;
#130 = ORIENTED_EDGE ( 'NONE', *, *, #1509, .T. ) ;
#131 = PLANE ( 'NONE',  #1341 ) ;
#132 = LINE ( 'NONE', #940, #1666 ) ;
#133 = LINE ( 'NONE', #941, #536 ) ;
#134 = LINE ( 'NONE', #374, #190 ) ;
#135 = EDGE_CURVE ( 'NONE', #1329, #741, #527, .T. ) ;
#136 = VERTEX_POINT ( 'NONE', #1675 ) ;
#137 = CARTESIAN_POINT ( 'NONE',  ( -4.930000000000000604, 20.51999999999999957, -1.714999999999998748 ) ) ;
#138 = EDGE_CURVE ( 'NONE', #1496, #1961, #939, .T. ) ;
#139 = PLANE ( 'NONE',  #1252 ) ;
#140 = PLANE ( 'NONE',  #1530 ) ;
#141 = ORIENTED_EDGE ( 'NONE', *, *, #1349, .F. ) ;
#142 = EDGE_CURVE ( 'NONE', #1756, #1165, #2192, .T. ) ;
#143 = ORIENTED_EDGE ( 'NONE', *, *, #1976, .T. ) ;
#144 = LINE ( 'NONE', #1906, #544 ) ;
#145 = PLANE ( 'NONE',  #1533 ) ;
#146 = LINE ( 'NONE', #569, #2182 ) ;
#147 = ORIENTED_EDGE ( 'NONE', *, *, #697, .T. ) ;
#148 = DIRECTION ( 'NONE',  ( -0.000000000000000000, 1.000000000000000000, -0.000000000000000000 ) ) ;
#149 = AXIS2_PLACEMENT_3D ( 'NONE', #166, #1959, #2318 ) ;
#150 = VECTOR ( 'NONE', #1641, 1000.000000000000000 ) ;
#151 = VECTOR ( 'NONE', #1075, 1000.000000000000000 ) ;
#152 = DIRECTION ( 'NONE',  ( 0.7071067811865543451, -0.7071067811865406894, -0.000000000000000000 ) ) ;
#153 = DIRECTION ( 'NONE',  ( 0.000000000000000000, 1.012714822391489260E-16, -1.000000000000000000 ) ) ;
#154 = VERTEX_POINT ( 'NONE', #2084 ) ;
#155 = ORIENTED_EDGE ( 'NONE', *, *, #1449, .F. ) ;
#156 = ADVANCED_FACE ( 'NONE', ( #2106 ), #1113, .T. ) ;
#157 = VECTOR ( 'NONE', #104, 1000.000000000000000 ) ;
#158 = CARTESIAN_POINT ( 'NONE',  ( -2.137500000000000622, -1.408546971526578661E-16, -0.2500000000000000000 ) ) ;
#159 = DIRECTION ( 'NONE',  ( 0.000000000000000000, 0.000000000000000000, 1.000000000000000000 ) ) ;
#160 = PLANE ( 'NONE',  #451 ) ;
#161 = ORIENTED_EDGE ( 'NONE', *, *, #1048, .F. ) ;
#162 = FACE_OUTER_BOUND ( 'NONE', #1468, .T. ) ;
#163 = ADVANCED_FACE ( 'NONE', ( #1887 ), #1508, .F. ) ;
#164 = VERTEX_POINT ( 'NONE', #2072 ) ;
#165 = EDGE_CURVE ( 'NONE', #2373, #564, #685, .T. ) ;
#166 = CARTESIAN_POINT ( 'NONE',  ( -2.137500000000000622, -9.140000000000000568, -0.2500000000000000000 ) ) ;
#167 = ORIENTED_EDGE ( 'NONE', *, *, #1276, .T. ) ;
#168 = VERTEX_POINT ( 'NONE', #1698 ) ;
#169 = PLANE ( 'NONE',  #985 ) ;
#170 = LINE ( 'NONE', #2533, #1458 ) ;
#171 = DIRECTION ( 'NONE',  ( 0.000000000000000000, -1.000000000000000000, 0.000000000000000000 ) ) ;
#172 = EDGE_LOOP ( 'NONE', ( #575, #1738, #2030, #2442 ) ) ;
#173 = CARTESIAN_POINT ( 'NONE',  ( 0.4624999999999993561, -3.621892908478298396E-16, 0.2500000000000000000 ) ) ;
#174 = VERTEX_POINT ( 'NONE', #696 ) ;
#175 = FACE_OUTER_BOUND ( 'NONE', #1846, .T. ) ;
#176 = ORIENTED_EDGE ( 'NONE', *, *, #1293, .T. ) ;
#177 = ORIENTED_EDGE ( 'NONE', *, *, #788, .T. ) ;
#178 = ADVANCED_FACE ( 'NONE', ( #930 ), #719, .T. ) ;
#179 = DIRECTION ( 'NONE',  ( 1.000000000000000000, -1.910488409666086025E-16, -1.934779930475988974E-32 ) ) ;
#180 = CARTESIAN_POINT ( 'NONE',  ( 1.282499999999998863, -1.408546971526578661E-16, -0.2500000000000000000 ) ) ;
#181 = CARTESIAN_POINT ( 'NONE',  ( -3.175000000000000711, 8.629999999999997229, -1.714999999999999858 ) ) ;
#182 = FACE_OUTER_BOUND ( 'NONE', #2508, .T. ) ;
#183 = ORIENTED_EDGE ( 'NONE', *, *, #378, .T. ) ;
#184 = ORIENTED_EDGE ( 'NONE', *, *, #2321, .T. ) ;
#185 = MECHANICAL_DESIGN_GEOMETRIC_PRESENTATION_REPRESENTATION (  '', ( #1331 ), #673 ) ;
#186 = LINE ( 'NONE', #998, #2476 ) ;
#187 = ORIENTED_EDGE ( 'NONE', *, *, #1073, .F. ) ;
#188 = AXIS2_PLACEMENT_3D ( 'NONE', #1727, #1119, #2505 ) ;
#189 = ORIENTED_EDGE ( 'NONE', *, *, #1404, .F. ) ;
#190 = VECTOR ( 'NONE', #547, 1000.000000000000000 ) ;
#191 = CIRCLE ( 'NONE', #750, 1.905000000000000471 ) ;
#192 = ORIENTED_EDGE ( 'NONE', *, *, #2277, .F. ) ;
#193 = AXIS2_PLACEMENT_3D ( 'NONE', #439, #859, #1246 ) ;
#194 = DIRECTION ( 'NONE',  ( 1.408054769461693696E-16, -1.000000000000000000, -0.000000000000000000 ) ) ;
#195 = DIRECTION ( 'NONE',  ( 0.000000000000000000, -1.910488409666086025E-16, 1.000000000000000000 ) ) ;
#196 = FACE_OUTER_BOUND ( 'NONE', #1751, .T. ) ;
#197 = AXIS2_PLACEMENT_3D ( 'NONE', #2457, #692, #490 ) ;
#198 =( LENGTH_UNIT ( ) NAMED_UNIT ( * ) SI_UNIT ( .MILLI., .METRE. ) );
#199 = CARTESIAN_POINT ( 'NONE',  ( -1.247500000000000275, -9.140000000000000568, -0.2500000000000000000 ) ) ;
#200 = ADVANCED_FACE ( 'NONE', ( #1087 ), #131, .T. ) ;
#201 =( GEOMETRIC_REPRESENTATION_CONTEXT ( 3 ) GLOBAL_UNCERTAINTY_ASSIGNED_CONTEXT ( ( #1969 ) ) GLOBAL_UNIT_ASSIGNED_CONTEXT ( ( #337, #496, #2499 ) ) REPRESENTATION_CONTEXT ( 'NONE', 'WORKASPACE' ) );
#202 = ORIENTED_EDGE ( 'NONE', *, *, #1260, .F. ) ;
#203 = UNCERTAINTY_MEASURE_WITH_UNIT (LENGTH_MEASURE( 1.000000000000000082E-05 ), #1628, 'distance_accuracy_value', 'NONE');
#204 = ORIENTED_EDGE ( 'NONE', *, *, #336, .T. ) ;
#205 = EDGE_LOOP ( 'NONE', ( #1957, #2177, #2191, #2174 ) ) ;
#206 = VERTEX_POINT ( 'NONE', #315 ) ;
#207 = LINE ( 'NONE', #2350, #2097 ) ;
#208 = DIRECTION ( 'NONE',  ( 0.7071067811865411334, 0.7071067811865539010, 0.000000000000000000 ) ) ;
#209 = DIRECTION ( 'NONE',  ( 0.000000000000000000, 0.000000000000000000, 1.000000000000000000 ) ) ;
#210 = SURFACE_STYLE_FILL_AREA ( #1219 ) ;
#211 = DIRECTION ( 'NONE',  ( -1.000000000000000000, -0.000000000000000000, -0.000000000000000000 ) ) ;
#212 = CARTESIAN_POINT ( 'NONE',  ( 2.362499999999997602, 0.1900000000000013622, 0.2500000000000000000 ) ) ;
#213 = ADVANCED_FACE ( 'NONE', ( #86 ), #2264, .F. ) ;
#214 = ORIENTED_EDGE ( 'NONE', *, *, #2543, .F. ) ;
#215 = ORIENTED_EDGE ( 'NONE', *, *, #1106, .T. ) ;
#216 = CARTESIAN_POINT ( 'NONE',  ( -4.808132153431125211, 6.563355646657242914, 1.459999999999999742 ) ) ;
#217 = EDGE_CURVE ( 'NONE', #1818, #983, #96, .T. ) ;
#218 = LINE ( 'NONE', #264, #876 ) ;
#219 = VERTEX_POINT ( 'NONE', #1904 ) ;
#220 = DIRECTION ( 'NONE',  ( 0.000000000000000000, 1.012714822391489260E-16, -1.000000000000000000 ) ) ;
#221 = DIRECTION ( 'NONE',  ( -0.7071067811865406894, -0.7071067811865543451, 0.000000000000000000 ) ) ;
#222 = DIRECTION ( 'NONE',  ( -0.000000000000000000, 0.000000000000000000, -1.000000000000000000 ) ) ;
#223 = CARTESIAN_POINT ( 'NONE',  ( 2.172499999999998987, -3.621892908478298396E-16, -0.2500000000000000000 ) ) ;
#224 = ADVANCED_FACE ( 'NONE', ( #1685 ), #1497, .T. ) ;
#225 = FACE_OUTER_BOUND ( 'NONE', #1971, .T. ) ;
#226 = LINE ( 'NONE', #2380, #1083 ) ;
#227 = ORIENTED_EDGE ( 'NONE', *, *, #2190, .F. ) ;
#228 = EDGE_LOOP ( 'NONE', ( #534, #1599, #2113, #177 ) ) ;
#229 = CARTESIAN_POINT ( 'NONE',  ( 3.174999999999998934, 8.629999999999997229, -1.714999999999999858 ) ) ;
#230 = ORIENTED_EDGE ( 'NONE', *, *, #1964, .F. ) ;
#231 = VECTOR ( 'NONE', #1394, 1000.000000000000114 ) ;
#232 = DIRECTION ( 'NONE',  ( -1.365923996832131609E-16, -1.000000000000000000, -6.829619984160658046E-17 ) ) ;
#233 = AXIS2_PLACEMENT_3D ( 'NONE', #437, #2082, #1719 ) ;
#234 = VERTEX_POINT ( 'NONE', #731 ) ;
#235 = EDGE_CURVE ( 'NONE', #325, #837, #1520, .T. ) ;
#236 = VECTOR ( 'NONE', #920, 1000.000000000000000 ) ;
#237 = EDGE_CURVE ( 'NONE', #2492, #755, #1474, .T. ) ;
#238 = LINE ( 'NONE', #1031, #371 ) ;
#239 = CARTESIAN_POINT ( 'NONE',  ( 0.000000000000000000, 18.91999999999999815, -1.714999999999998970 ) ) ;
#240 = PLANE ( 'NONE',  #1294 ) ;
#241 = DIRECTION ( 'NONE',  ( 0.000000000000000000, 0.000000000000000000, 1.000000000000000000 ) ) ;
#242 = PLANE ( 'NONE',  #193 ) ;
#243 = CARTESIAN_POINT ( 'NONE',  ( -4.929999999999999716, 19.51999999999999957, -1.714999999999998748 ) ) ;
#244 = DIRECTION ( 'NONE',  ( -0.000000000000000000, 1.000000000000000000, 1.033715691266511967E-16 ) ) ;
#245 = ORIENTED_EDGE ( 'NONE', *, *, #578, .F. ) ;
#246 = EDGE_LOOP ( 'NONE', ( #978, #2335, #1598, #2381 ) ) ;
#247 = VECTOR ( 'NONE', #2478, 1000.000000000000000 ) ;
#248 =( NAMED_UNIT ( * ) SI_UNIT ( $, .STERADIAN. ) SOLID_ANGLE_UNIT ( ) );
#249 = EDGE_LOOP ( 'NONE', ( #2242, #1208, #1935, #58 ) ) ;
#250 = ADVANCED_FACE ( 'NONE', ( #286 ), #500, .T. ) ;
#251 = DIRECTION ( 'NONE',  ( 1.000000000000000000, -0.000000000000000000, -0.000000000000000000 ) ) ;
#252 = ORIENTED_EDGE ( 'NONE', *, *, #807, .T. ) ;
#253 = DIRECTION ( 'NONE',  ( 0.000000000000000000, 1.012714822391489260E-16, -1.000000000000000000 ) ) ;
#254 =( NAMED_UNIT ( * ) PLANE_ANGLE_UNIT ( ) SI_UNIT ( $, .RADIAN. ) );
#255 = LINE ( 'NONE', #63, #2102 ) ;
#256 = EDGE_CURVE ( 'NONE', #390, #154, #2282, .T. ) ;
#257 = FACE_OUTER_BOUND ( 'NONE', #434, .T. ) ;
#258 = VECTOR ( 'NONE', #1665, 1000.000000000000000 ) ;
#259 = ORIENTED_EDGE ( 'NONE', *, *, #2137, .F. ) ;
#260 = ORIENTED_EDGE ( 'NONE', *, *, #1233, .F. ) ;
#261 = LINE ( 'NONE', #2456, #1304 ) ;
#262 = CARTESIAN_POINT ( 'NONE',  ( 0.000000000000000000, 4.416660078416080455E-16, -1.715000000000002522 ) ) ;
#263 = DIRECTION ( 'NONE',  ( 0.000000000000000000, 1.000000000000000000, 1.012714822391489260E-16 ) ) ;
#264 = CARTESIAN_POINT ( 'NONE',  ( -0.4275000000000007683, -9.140000000000000568, -0.2500000000000000000 ) ) ;
#265 = ORIENTED_EDGE ( 'NONE', *, *, #1604, .F. ) ;
#266 = EDGE_CURVE ( 'NONE', #831, #1961, #2465, .T. ) ;
#267 = CARTESIAN_POINT ( 'NONE',  ( -4.037500000000003197, 6.349999999999999645, -0.2500000000000000000 ) ) ;
#268 = LINE ( 'NONE', #2214, #151 ) ;
#269 = LINE ( 'NONE', #966, #2435 ) ;
#270 = CARTESIAN_POINT ( 'NONE',  ( -5.080000000000000071, 14.97999999999999687, -2.984999999999999432 ) ) ;
#271 = ORIENTED_EDGE ( 'NONE', *, *, #904, .T. ) ;
#272 = CARTESIAN_POINT ( 'NONE',  ( -2.957499999999979146, -9.139999999999997016, -0.2500000000000000000 ) ) ;
#273 = FACE_OUTER_BOUND ( 'NONE', #2550, .T. ) ;
#274 = CARTESIAN_POINT ( 'NONE',  ( 3.174999999999999822, 14.97999999999999687, -2.984999999999999876 ) ) ;
#275 = ORIENTED_EDGE ( 'NONE', *, *, #2035, .F. ) ;
#276 = DIRECTION ( 'NONE',  ( 0.000000000000000000, 0.000000000000000000, -1.000000000000000000 ) ) ;
#277 = ADVANCED_FACE ( 'NONE', ( #1306 ), #466, .T. ) ;
#278 = VECTOR ( 'NONE', #209, 1000.000000000000000 ) ;
#279 = AXIS2_PLACEMENT_3D ( 'NONE', #64, #1855, #77 ) ;
#280 = EDGE_CURVE ( 'NONE', #381, #695, #2260, .T. ) ;
#281 = MECHANICAL_DESIGN_GEOMETRIC_PRESENTATION_REPRESENTATION (  '', ( #1661 ), #710 ) ;
#282 = DIRECTION ( 'NONE',  ( -1.000000000000000000, 0.000000000000000000, 0.000000000000000000 ) ) ;
#283 = CARTESIAN_POINT ( 'NONE',  ( -2.137500000000000622, -9.140000000000000568, -0.2500000000000000000 ) ) ;
#284 = VECTOR ( 'NONE', #546, 1000.000000000000000 ) ;
#285 = ORIENTED_EDGE ( 'NONE', *, *, #305, .T. ) ;
#286 = FACE_OUTER_BOUND ( 'NONE', #386, .T. ) ;
#287 = EDGE_CURVE ( 'NONE', #154, #718, #1270, .T. ) ;
#288 = LINE ( 'NONE', #2250, #1170 ) ;
#289 = VECTOR ( 'NONE', #1849, 1000.000000000000000 ) ;
#290 = AXIS2_PLACEMENT_3D ( 'NONE', #2187, #414, #1776 ) ;
#291 = DIRECTION ( 'NONE',  ( -2.277536292310906692E-15, 1.000000000000000000, 0.000000000000000000 ) ) ;
#292 = DIRECTION ( 'NONE',  ( -1.000000000000000000, -0.000000000000000000, -0.000000000000000000 ) ) ;
#293 = ORIENTED_EDGE ( 'NONE', *, *, #352, .T. ) ;
#294 = EDGE_CURVE ( 'NONE', #1275, #2140, #1670, .T. ) ;
#295 = DIRECTION ( 'NONE',  ( -0.000000000000000000, 0.000000000000000000, -1.000000000000000000 ) ) ;
#296 = CARTESIAN_POINT ( 'NONE',  ( 3.174999999999999822, 14.97999999999999687, -1.714999999999999414 ) ) ;
#297 = EDGE_LOOP ( 'NONE', ( #293, #2128, #1769, #1766 ) ) ;
#298 = LINE ( 'NONE', #1871, #2311 ) ;
#299 =( NAMED_UNIT ( * ) SI_UNIT ( $, .STERADIAN. ) SOLID_ANGLE_UNIT ( ) );
#300 = EDGE_CURVE ( 'NONE', #2455, #2362, #1490, .T. ) ;
#301 = LINE ( 'NONE', #1707, #1163 ) ;
#302 = CARTESIAN_POINT ( 'NONE',  ( 0.000000000000000000, 0.000000000000000000, 0.2500000000000000000 ) ) ;
#303 = VERTEX_POINT ( 'NONE', #1096 ) ;
#304 = DIRECTION ( 'NONE',  ( 0.7071067811865543451, -0.7071067811865406894, -0.000000000000000000 ) ) ;
#305 = EDGE_CURVE ( 'NONE', #1709, #1397, #298, .T. ) ;
#306 = EDGE_CURVE ( 'NONE', #1945, #1845, #1835, .T. ) ;
#307 = SURFACE_STYLE_FILL_AREA ( #743 ) ;
#308 = LINE ( 'NONE', #2288, #116 ) ;
#309 = PRODUCT ( 'XL4016', 'XL4016', '', ( #1872 ) ) ;
#310 = ORIENTED_EDGE ( 'NONE', *, *, #1023, .F. ) ;
#311 = DIRECTION ( 'NONE',  ( -1.000000000000000000, -0.000000000000000000, -0.000000000000000000 ) ) ;
#312 = DIRECTION ( 'NONE',  ( 1.408054769461693696E-16, -1.000000000000000000, -0.000000000000000000 ) ) ;
#313 = DIRECTION ( 'NONE',  ( -1.000000000000000000, 0.000000000000000000, -0.000000000000000000 ) ) ;
#314 = ORIENTED_EDGE ( 'NONE', *, *, #2050, .F. ) ;
#315 = CARTESIAN_POINT ( 'NONE',  ( -5.080000000000000071, 6.589281494743401524, -2.984999999999999432 ) ) ;
#316 = ADVANCED_FACE ( 'NONE', ( #872 ), #2443, .T. ) ;
#317 = VECTOR ( 'NONE', #2037, 1000.000000000000000 ) ;
#318 = EDGE_CURVE ( 'NONE', #755, #1496, #261, .T. ) ;
#319 = VECTOR ( 'NONE', #468, 1000.000000000000227 ) ;
#320 =( NAMED_UNIT ( * ) PLANE_ANGLE_UNIT ( ) SI_UNIT ( $, .RADIAN. ) );
#321 = DIRECTION ( 'NONE',  ( 1.408054769461693696E-16, -1.000000000000000000, -0.000000000000000000 ) ) ;
#322 = LINE ( 'NONE', #1150, #1859 ) ;
#323 = AXIS2_PLACEMENT_3D ( 'NONE', #2419, #1662, #2448 ) ;
#324 = VECTOR ( 'NONE', #1448, 1000.000000000000000 ) ;
#325 = VERTEX_POINT ( 'NONE', #907 ) ;
#326 = CARTESIAN_POINT ( 'NONE',  ( -0.4275000000000007683, -9.140000000000000568, -0.2500000000000000000 ) ) ;
#327 = VECTOR ( 'NONE', #159, 1000.000000000000000 ) ;
#328 = SHAPE_DEFINITION_REPRESENTATION ( #1321, #2485 ) ;
#329 = CARTESIAN_POINT ( 'NONE',  ( 4.930000000000001492, 19.51999999999999957, -1.714999999999998748 ) ) ;
#330 = PLANE ( 'NONE',  #1451 ) ;
#331 = ORIENTED_EDGE ( 'NONE', *, *, #2270, .T. ) ;
#332 = AXIS2_PLACEMENT_3D ( 'NONE', #1340, #127, #1706 ) ;
#333 = ADVANCED_FACE ( 'NONE', ( #713 ), #1056, .T. ) ;
#334 = LINE ( 'NONE', #1710, #1092 ) ;
#335 = VECTOR ( 'NONE', #817, 1000.000000000000000 ) ;
#336 = EDGE_CURVE ( 'NONE', #65, #60, #1314, .T. ) ;
#337 =( LENGTH_UNIT ( ) NAMED_UNIT ( * ) SI_UNIT ( .MILLI., .METRE. ) );
#338 = FACE_OUTER_BOUND ( 'NONE', #1795, .T. ) ;
#339 = ORIENTED_EDGE ( 'NONE', *, *, #2543, .T. ) ;
#340 = LINE ( 'NONE', #2512, #82 ) ;
#341 = EDGE_CURVE ( 'NONE', #2492, #661, #864, .T. ) ;
#342 = CARTESIAN_POINT ( 'NONE',  ( -2.957500000000000018, 1.892386455167899792E-15, -0.2500000000000000000 ) ) ;
#343 = PLANE ( 'NONE',  #1039 ) ;
#344 = EDGE_LOOP ( 'NONE', ( #1401, #354, #2325, #1384 ) ) ;
#345 = ORIENTED_EDGE ( 'NONE', *, *, #2255, .F. ) ;
#346 = CARTESIAN_POINT ( 'NONE',  ( -3.174999999999999822, 14.97999999999999687, -2.984999999999999876 ) ) ;
#347 = LINE ( 'NONE', #1545, #76 ) ;
#348 = LINE ( 'NONE', #1557, #1532 ) ;
#349 = ORIENTED_EDGE ( 'NONE', *, *, #772, .T. ) ;
#350 = CARTESIAN_POINT ( 'NONE',  ( 2.362499999999997602, 0.1900000000000013622, 0.2500000000000000000 ) ) ;
#351 = CARTESIAN_POINT ( 'NONE',  ( 5.080000000000000071, 14.97999999999999687, -1.714999999999999414 ) ) ;
#352 = EDGE_CURVE ( 'NONE', #2133, #661, #2429, .T. ) ;
#353 = LINE ( 'NONE', #2307, #1564 ) ;
#354 = ORIENTED_EDGE ( 'NONE', *, *, #2467, .F. ) ;
#355 = EDGE_LOOP ( 'NONE', ( #506, #2118, #789, #1380 ) ) ;
#356 = PLANE ( 'NONE',  #2338 ) ;
#357 = CARTESIAN_POINT ( 'NONE',  ( -2.327500000000003233, 6.349999999999999645, -0.2500000000000000000 ) ) ;
#358 = ADVANCED_FACE ( 'NONE', ( #2055 ), #691, .T. ) ;
#359 = DIRECTION ( 'NONE',  ( 0.06012445354743890802, 0.1733340287692600179, 0.9830261260801969048 ) ) ;
#360 = EDGE_CURVE ( 'NONE', #1025, #303, #1515, .T. ) ;
#361 = ORIENTED_EDGE ( 'NONE', *, *, #1316, .F. ) ;
#362 = CARTESIAN_POINT ( 'NONE',  ( -0.4275000000000007683, -1.408546971526578661E-16, -0.2500000000000000000 ) ) ;
#363 = AXIS2_PLACEMENT_3D ( 'NONE', #302, #2091, #313 ) ;
#364 = ORIENTED_EDGE ( 'NONE', *, *, #1081, .F. ) ;
#365 = VECTOR ( 'NONE', #2293, 1000.000000000000000 ) ;
#366 = DIRECTION ( 'NONE',  ( 0.000000000000000000, 1.000000000000000000, 1.138269997360109428E-16 ) ) ;
#367 = ORIENTED_EDGE ( 'NONE', *, *, #513, .F. ) ;
#368 = VERTEX_POINT ( 'NONE', #955 ) ;
#369 = EDGE_CURVE ( 'NONE', #553, #1016, #1538, .T. ) ;
#370 = VECTOR ( 'NONE', #1326, 1000.000000000000000 ) ;
#371 = VECTOR ( 'NONE', #1810, 1000.000000000000000 ) ;
#372 = FACE_OUTER_BOUND ( 'NONE', #380, .T. ) ;
#373 = DIRECTION ( 'NONE',  ( -2.277536292310906692E-15, 1.000000000000000000, -0.000000000000000000 ) ) ;
#374 = CARTESIAN_POINT ( 'NONE',  ( 0.4624999999999993561, -3.621892908478298396E-16, -0.2500000000000000000 ) ) ;
#375 = ORIENTED_EDGE ( 'NONE', *, *, #1689, .F. ) ;
#376 =( NAMED_UNIT ( * ) PLANE_ANGLE_UNIT ( ) SI_UNIT ( $, .RADIAN. ) );
#377 = EDGE_LOOP ( 'NONE', ( #388, #1361, #775, #1192 ) ) ;
#378 = EDGE_CURVE ( 'NONE', #837, #391, #115, .T. ) ;
#379 = LINE ( 'NONE', #591, #2551 ) ;
#380 = EDGE_LOOP ( 'NONE', ( #740, #863, #1918, #2248 ) ) ;
#381 = VERTEX_POINT ( 'NONE', #1144 ) ;
#382 = EDGE_CURVE ( 'NONE', #392, #2398, #1752, .T. ) ;
#383 = CARTESIAN_POINT ( 'NONE',  ( -3.174999999999999822, 14.97999999999999687, -1.714999999999999414 ) ) ;
#384 = DIRECTION ( 'NONE',  ( 0.000000000000000000, 0.000000000000000000, -1.000000000000000000 ) ) ;
#385 = CARTESIAN_POINT ( 'NONE',  ( -2.137500000000000622, -1.408546971526578661E-16, 0.2500000000000000000 ) ) ;
#386 = EDGE_LOOP ( 'NONE', ( #227, #1313, #429, #1603 ) ) ;
#387 = EDGE_LOOP ( 'NONE', ( #2309, #477, #2568, #593 ) ) ;
#388 = ORIENTED_EDGE ( 'NONE', *, *, #1796, .T. ) ;
#389 = PLANE ( 'NONE',  #149 ) ;
#390 = VERTEX_POINT ( 'NONE', #326 ) ;
#391 = VERTEX_POINT ( 'NONE', #935 ) ;
#392 = VERTEX_POINT ( 'NONE', #1133 ) ;
#393 = DIRECTION ( 'NONE',  ( 0.7071067811865454633, 0.7071067811865496822, -0.000000000000000000 ) ) ;
#394 = CARTESIAN_POINT ( 'NONE',  ( -2.957500000000000018, 1.892386455167899792E-15, 0.2500000000000000000 ) ) ;
#395 = EDGE_CURVE ( 'NONE', #1865, #577, #2537, .T. ) ;
#396 = FACE_OUTER_BOUND ( 'NONE', #1376, .T. ) ;
#397 = DIRECTION ( 'NONE',  ( 0.7071067811865543451, -0.7071067811865406894, -0.000000000000000000 ) ) ;
#398 = DIRECTION ( 'NONE',  ( 1.000000000000000000, 1.949127501097539651E-15, -0.000000000000000000 ) ) ;
#399 = ORIENTED_EDGE ( 'NONE', *, *, #28, .F. ) ;
#400 = AXIS2_PLACEMENT_3D ( 'NONE', #262, #1836, #618 ) ;
#401 = PLANE ( 'NONE',  #400 ) ;
#402 = ORIENTED_EDGE ( 'NONE', *, *, #1549, .T. ) ;
#403 = VECTOR ( 'NONE', #2081, 1000.000000000000000 ) ;
#404 = CARTESIAN_POINT ( 'NONE',  ( 4.930000000000001492, 19.51999999999999957, -2.984999999999998987 ) ) ;
#405 = VECTOR ( 'NONE', #2132, 1000.000000000000000 ) ;
#406 = AXIS2_PLACEMENT_3D ( 'NONE', #1883, #1861, #2271 ) ;
#407 = VECTOR ( 'NONE', #1187, 1000.000000000000000 ) ;
#408 = ORIENTED_EDGE ( 'NONE', *, *, #572, .T. ) ;
#409 = CARTESIAN_POINT ( 'NONE',  ( -2.957499999999979146, -9.139999999999997016, -0.2500000000000000000 ) ) ;
#410 = LINE ( 'NONE', #2377, #1255 ) ;
#411 = DIRECTION ( 'NONE',  ( 0.000000000000000000, 1.012714822391489260E-16, -1.000000000000000000 ) ) ;
#412 = VECTOR ( 'NONE', #2088, 1000.000000000000000 ) ;
#413 = VECTOR ( 'NONE', #2039, 1000.000000000000000 ) ;
#414 = DIRECTION ( 'NONE',  ( 0.000000000000000000, -1.000000000000000000, 0.000000000000000000 ) ) ;
#415 = ADVANCED_FACE ( 'NONE', ( #1919 ), #2291, .T. ) ;
#416 = PLANE ( 'NONE',  #669 ) ;
#417 = ADVANCED_FACE ( 'NONE', ( #1726 ), #2528, .T. ) ;
#418 = VERTEX_POINT ( 'NONE', #350 ) ;
#419 = ORIENTED_EDGE ( 'NONE', *, *, #606, .T. ) ;
#420 = LINE ( 'NONE', #1223, #2179 ) ;
#421 = ORIENTED_EDGE ( 'NONE', *, *, #772, .F. ) ;
#422 = ORIENTED_EDGE ( 'NONE', *, *, #1315, .F. ) ;
#423 = PLANE ( 'NONE',  #1620 ) ;
#424 = CARTESIAN_POINT ( 'NONE',  ( -1.057500000000002105, 6.349999999999999645, -0.2500000000000000000 ) ) ;
#425 = PLANE ( 'NONE',  #1813 ) ;
#426 = LINE ( 'NONE', #658, #324 ) ;
#427 = DIRECTION ( 'NONE',  ( 1.000000000000000000, -8.673617379884027583E-16, -8.783900884360987113E-32 ) ) ;
#428 = ORIENTED_EDGE ( 'NONE', *, *, #2031, .T. ) ;
#429 = ORIENTED_EDGE ( 'NONE', *, *, #737, .T. ) ;
#430 = DIRECTION ( 'NONE',  ( 0.7071067811865412445, 0.7071067811865537900, -0.000000000000000000 ) ) ;
#431 = EDGE_CURVE ( 'NONE', #2362, #27, #522, .T. ) ;
#432 = ORIENTED_EDGE ( 'NONE', *, *, #125, .T. ) ;
#433 = CARTESIAN_POINT ( 'NONE',  ( 5.080000000000000071, 21.83999999999999986, -2.984999999999998987 ) ) ;
#434 = EDGE_LOOP ( 'NONE', ( #2358, #2433, #871, #428 ) ) ;
#435 = DIRECTION ( 'NONE',  ( -1.000000000000000000, 0.000000000000000000, 0.000000000000000000 ) ) ;
#436 = DIRECTION ( 'NONE',  ( -1.365923996832131116E-16, -1.000000000000000000, 0.000000000000000000 ) ) ;
#437 = CARTESIAN_POINT ( 'NONE',  ( -1.057500000000002105, 0.1900000000000013622, -0.2500000000000000000 ) ) ;
#438 = FACE_OUTER_BOUND ( 'NONE', #1002, .T. ) ;
#439 = CARTESIAN_POINT ( 'NONE',  ( -3.847500000000000142, -1.408546971526578661E-16, -0.2500000000000000000 ) ) ;
#440 = DIRECTION ( 'NONE',  ( 0.7071067811865411334, 0.7071067811865539010, 0.000000000000000000 ) ) ;
#441 = EDGE_CURVE ( 'NONE', #1390, #2363, #573, .T. ) ;
#442 = CARTESIAN_POINT ( 'NONE',  ( -2.137500000000000622, -1.408546971526578661E-16, -0.2500000000000000000 ) ) ;
#443 = ORIENTED_EDGE ( 'NONE', *, *, #107, .T. ) ;
#444 = ORIENTED_EDGE ( 'NONE', *, *, #1711, .T. ) ;
#445 = VECTOR ( 'NONE', #1772, 1000.000000000000000 ) ;
#446 =( NAMED_UNIT ( * ) PLANE_ANGLE_UNIT ( ) SI_UNIT ( $, .RADIAN. ) );
#447 = ORIENTED_EDGE ( 'NONE', *, *, #2089, .T. ) ;
#448 = VECTOR ( 'NONE', #411, 1000.000000000000000 ) ;
#449 = VECTOR ( 'NONE', #2202, 1000.000000000000000 ) ;
#450 = DIRECTION ( 'NONE',  ( 0.000000000000000000, 1.000000000000000000, 0.000000000000000000 ) ) ;
#451 = AXIS2_PLACEMENT_3D ( 'NONE', #2534, #1546, #1536 ) ;
#452 = ORIENTED_EDGE ( 'NONE', *, *, #2243, .T. ) ;
#453 = PRODUCT_DEFINITION_FORMATION_WITH_SPECIFIED_SOURCE ( 'ANY', '', #309, .NOT_KNOWN. ) ;
#454 = AXIS2_PLACEMENT_3D ( 'NONE', #1799, #1992, #208 ) ;
#455 = LINE ( 'NONE', #1827, #83 ) ;
#456 = EDGE_CURVE ( 'NONE', #2218, #649, #340, .T. ) ;
#457 = LINE ( 'NONE', #1262, #2342 ) ;
#458 = LINE ( 'NONE', #267, #1060 ) ;
#459 =( LENGTH_UNIT ( ) NAMED_UNIT ( * ) SI_UNIT ( .MILLI., .METRE. ) );
#460 = DIRECTION ( 'NONE',  ( 0.000000000000000000, 0.000000000000000000, 1.000000000000000000 ) ) ;
#461 = VECTOR ( 'NONE', #968, 1000.000000000000114 ) ;
#462 = PLANE ( 'NONE',  #1041 ) ;
#463 = EDGE_LOOP ( 'NONE', ( #2147, #364, #130, #1259 ) ) ;
#464 = ORIENTED_EDGE ( 'NONE', *, *, #2504, .F. ) ;
#465 = VECTOR ( 'NONE', #1485, 1000.000000000000000 ) ;
#466 = PLANE ( 'NONE',  #1413 ) ;
#467 = VECTOR ( 'NONE', #1915, 1000.000000000000000 ) ;
#468 = DIRECTION ( 'NONE',  ( 0.7071067811865543451, -0.7071067811865406894, -0.000000000000000000 ) ) ;
#469 = ORIENTED_EDGE ( 'NONE', *, *, #1928, .T. ) ;
#470 = EDGE_CURVE ( 'NONE', #653, #1165, #749, .T. ) ;
#471 = LINE ( 'NONE', #1029, #2388 ) ;
#472 = ORIENTED_EDGE ( 'NONE', *, *, #2050, .T. ) ;
#473 = DIRECTION ( 'NONE',  ( 0.000000000000000000, -0.000000000000000000, 1.000000000000000000 ) ) ;
#474 = CARTESIAN_POINT ( 'NONE',  ( 5.080000000000000071, 6.589281494743402412, -2.985000000000000320 ) ) ;
#475 = DIRECTION ( 'NONE',  ( 0.7071067811865539010, -0.7071067811865411334, 0.000000000000000000 ) ) ;
#476 = CARTESIAN_POINT ( 'NONE',  ( -5.080000000000000071, 20.51999999999999957, -2.984999999999998987 ) ) ;
#477 = ORIENTED_EDGE ( 'NONE', *, *, #431, .F. ) ;
#478 = CARTESIAN_POINT ( 'NONE',  ( 5.080000000000000071, 14.97999999999999687, -1.714999999999999192 ) ) ;
#479 = CARTESIAN_POINT ( 'NONE',  ( 5.002323472408893856, 14.97999999999999687, -1.714999999999999414 ) ) ;
#480 = DIRECTION ( 'NONE',  ( 0.7071067811865543451, -0.7071067811865406894, -0.000000000000000000 ) ) ;
#481 = ORIENTED_EDGE ( 'NONE', *, *, #594, .T. ) ;
#482 = EDGE_CURVE ( 'NONE', #99, #1501, #2135, .T. ) ;
#483 = CARTESIAN_POINT ( 'NONE',  ( 3.882499999999998952, -3.621892908478298396E-16, -0.2500000000000000000 ) ) ;
#484 = CARTESIAN_POINT ( 'NONE',  ( -1.247500000000000275, -9.140000000000000568, -0.2500000000000000000 ) ) ;
#485 = EDGE_CURVE ( 'NONE', #2158, #1945, #2099, .T. ) ;
#486 = CARTESIAN_POINT ( 'NONE',  ( 5.080000000000000071, 14.97999999999999687, -2.984999999999999432 ) ) ;
#487 = DIRECTION ( 'NONE',  ( -1.910488409666086025E-16, -1.000000000000000000, 0.000000000000000000 ) ) ;
#488 = VERTEX_POINT ( 'NONE', #362 ) ;
#489 = CARTESIAN_POINT ( 'NONE',  ( 0.4624999999999993561, -9.140000000000000568, 0.2500000000000000000 ) ) ;
#490 = DIRECTION ( 'NONE',  ( 0.000000000000000000, -0.000000000000000000, 1.000000000000000000 ) ) ;
#491 = CARTESIAN_POINT ( 'NONE',  ( 4.072499999999997122, 0.1900000000000013622, -0.2500000000000000000 ) ) ;
#492 = ORIENTED_EDGE ( 'NONE', *, *, #305, .F. ) ;
#493 = DIRECTION ( 'NONE',  ( 0.000000000000000000, 0.000000000000000000, -1.000000000000000000 ) ) ;
#494 = VECTOR ( 'NONE', #2402, 1000.000000000000000 ) ;
#495 = VECTOR ( 'NONE', #1678, 1000.000000000000000 ) ;
#496 =( NAMED_UNIT ( * ) PLANE_ANGLE_UNIT ( ) SI_UNIT ( $, .RADIAN. ) );
#497 = DIRECTION ( 'NONE',  ( 1.000000000000000000, -0.000000000000000000, -0.000000000000000000 ) ) ;
#498 = EDGE_CURVE ( 'NONE', #1112, #219, #1166, .T. ) ;
#499 = ORIENTED_EDGE ( 'NONE', *, *, #1676, .F. ) ;
#500 = PLANE ( 'NONE',  #2032 ) ;
#501 = ADVANCED_FACE ( 'NONE', ( #162 ), #1559, .F. ) ;
#502 = VECTOR ( 'NONE', #2044, 1000.000000000000000 ) ;
#503 = DIRECTION ( 'NONE',  ( 1.000000000000000000, 0.000000000000000000, -0.000000000000000000 ) ) ;
#504 = APPLICATION_CONTEXT ( 'automotive_design' ) ;
#505 = DIRECTION ( 'NONE',  ( 0.000000000000000000, 1.012714822391489260E-16, -1.000000000000000000 ) ) ;
#506 = ORIENTED_EDGE ( 'NONE', *, *, #2065, .F. ) ;
#507 = CARTESIAN_POINT ( 'NONE',  ( 2.992499999999998828, -1.408546971526578661E-16, -0.2500000000000000000 ) ) ;
#508 = SURFACE_STYLE_FILL_AREA ( #759 ) ;
#509 = LINE ( 'NONE', #1130, #1207 ) ;
#510 = EDGE_LOOP ( 'NONE', ( #851, #339, #885, #2536, #1286, #2083, #2300, #2295 ) ) ;
#511 = CARTESIAN_POINT ( 'NONE',  ( 3.174999999999999822, 14.97999999999999687, -1.714999999999999414 ) ) ;
#512 = EDGE_CURVE ( 'NONE', #2431, #2189, #1717, .T. ) ;
#513 = EDGE_CURVE ( 'NONE', #2531, #1537, #2114, .T. ) ;
#514 = FACE_OUTER_BOUND ( 'NONE', #810, .T. ) ;
#515 = CARTESIAN_POINT ( 'NONE',  ( 5.080000000000000959, 19.51999999999999957, -2.984999999999998987 ) ) ;
#516 = ORIENTED_EDGE ( 'NONE', *, *, #1315, .T. ) ;
#517 = DIRECTION ( 'NONE',  ( 1.000000000000000000, 0.000000000000000000, -0.000000000000000000 ) ) ;
#518 = CARTESIAN_POINT ( 'NONE',  ( 0.000000000000000000, 20.82499999999999929, -1.714999999999998970 ) ) ;
#519 = CARTESIAN_POINT ( 'NONE',  ( 2.362499999999997602, 6.349999999999999645, -0.2500000000000000000 ) ) ;
#520 = CARTESIAN_POINT ( 'NONE',  ( 1.092499999999997140, 0.1899999999999980038, 0.2500000000000000000 ) ) ;
#521 = ORIENTED_EDGE ( 'NONE', *, *, #512, .F. ) ;
#522 = LINE ( 'NONE', #2316, #2240 ) ;
#523 = ADVANCED_FACE ( 'NONE', ( #1994 ), #1789, .T. ) ;
#524 = CARTESIAN_POINT ( 'NONE',  ( 2.362499999999997602, 6.349999999999999645, -0.2500000000000000000 ) ) ;
#525 = PLANE ( 'NONE',  #914 ) ;
#526 = ORIENTED_EDGE ( 'NONE', *, *, #2339, .T. ) ;
#527 = LINE ( 'NONE', #1866, #465 ) ;
#528 = PRODUCT_RELATED_PRODUCT_CATEGORY ( 'part', '', ( #309 ) ) ;
#529 = LINE ( 'NONE', #1336, #467 ) ;
#530 = FACE_OUTER_BOUND ( 'NONE', #2124, .T. ) ;
#531 = DIRECTION ( 'NONE',  ( -1.000000000000000000, -0.000000000000000000, -0.000000000000000000 ) ) ;
#532 = VECTOR ( 'NONE', #1427, 1000.000000000000000 ) ;
#533 = VECTOR ( 'NONE', #2395, 1000.000000000000114 ) ;
#534 = ORIENTED_EDGE ( 'NONE', *, *, #1572, .F. ) ;
#535 = DIRECTION ( 'NONE',  ( -1.000000000000000000, -0.000000000000000000, -0.000000000000000000 ) ) ;
#536 = VECTOR ( 'NONE', #1556, 1000.000000000000000 ) ;
#537 = DIRECTION ( 'NONE',  ( 1.000000000000000000, -0.000000000000000000, -0.000000000000000000 ) ) ;
#538 = DIRECTION ( 'NONE',  ( 0.000000000000000000, 0.000000000000000000, 1.000000000000000000 ) ) ;
#539 = VERTEX_POINT ( 'NONE', #173 ) ;
#540 = CLOSED_SHELL ( 'NONE', ( #804, #932, #1172, #1889, #1153, #2154, #316, #2278, #224, #2223 ) ) ;
#541 = ORIENTED_EDGE ( 'NONE', *, *, #1418, .T. ) ;
#542 = AXIS2_PLACEMENT_3D ( 'NONE', #2410, #2452, #1677 ) ;
#543 = EDGE_CURVE ( 'NONE', #958, #1780, #1395, .T. ) ;
#544 = VECTOR ( 'NONE', #1303, 1000.000000000000000 ) ;
#545 = SURFACE_SIDE_STYLE ('',( #307 ) ) ;
#546 = DIRECTION ( 'NONE',  ( 0.000000000000000000, 0.000000000000000000, 1.000000000000000000 ) ) ;
#547 = DIRECTION ( 'NONE',  ( 0.000000000000000000, 0.000000000000000000, 1.000000000000000000 ) ) ;
#548 = ORIENTED_EDGE ( 'NONE', *, *, #395, .F. ) ;
#549 = CARTESIAN_POINT ( 'NONE',  ( -2.327500000000002345, 0.1899999999999980038, 0.2500000000000000000 ) ) ;
#550 = DIRECTION ( 'NONE',  ( -0.000000000000000000, 0.000000000000000000, -1.000000000000000000 ) ) ;
#551 = EDGE_CURVE ( 'NONE', #1016, #174, #803, .T. ) ;
#552 = CARTESIAN_POINT ( 'NONE',  ( -1.247500000000000275, -9.140000000000000568, -0.2500000000000000000 ) ) ;
#553 = VERTEX_POINT ( 'NONE', #613 ) ;
#554 = ORIENTED_EDGE ( 'NONE', *, *, #1300, .F. ) ;
#555 = EDGE_CURVE ( 'NONE', #1147, #2387, #1202, .T. ) ;
#556 = DIRECTION ( 'NONE',  ( 1.408054769461693696E-16, -1.000000000000000000, 0.000000000000000000 ) ) ;
#557 = DIRECTION ( 'NONE',  ( 1.000000000000000000, -0.000000000000000000, -0.000000000000000000 ) ) ;
#558 = CARTESIAN_POINT ( 'NONE',  ( -2.767500000000001847, 6.349999999999999645, 0.2500000000000000000 ) ) ;
#559 = ORIENTED_EDGE ( 'NONE', *, *, #2382, .F. ) ;
#560 = CARTESIAN_POINT ( 'NONE',  ( 4.072499999999997122, 0.1900000000000013622, -0.2500000000000000000 ) ) ;
#561 = MANIFOLD_SOLID_BREP ( 'Cut-Extrude2', #80 ) ;
#562 = ADVANCED_FACE ( 'NONE', ( #182 ), #1178, .F. ) ;
#563 = LINE ( 'NONE', #1933, #1249 ) ;
#564 = VERTEX_POINT ( 'NONE', #1010 ) ;
#565 = EDGE_LOOP ( 'NONE', ( #620, #260, #1909, #982 ) ) ;
#566 = VECTOR ( 'NONE', #1977, 1000.000000000000000 ) ;
#567 = CARTESIAN_POINT ( 'NONE',  ( 3.174999999999998934, 8.629999999999997229, -1.714999999999999858 ) ) ;
#568 = DIRECTION ( 'NONE',  ( 0.000000000000000000, 1.012714822391489260E-16, -1.000000000000000000 ) ) ;
#569 = CARTESIAN_POINT ( 'NONE',  ( 0.4624999999999993561, -9.140000000000000568, -0.2500000000000000000 ) ) ;
#570 = AXIS2_PLACEMENT_3D ( 'NONE', #118, #1527, #910 ) ;
#571 = ORIENTED_EDGE ( 'NONE', *, *, #639, .F. ) ;
#572 = EDGE_CURVE ( 'NONE', #1785, #1373, #1801, .T. ) ;
#573 = LINE ( 'NONE', #1362, #2561 ) ;
#574 = VECTOR ( 'NONE', #2526, 1000.000000000000000 ) ;
#575 = ORIENTED_EDGE ( 'NONE', *, *, #2270, .F. ) ;
#576 = VECTOR ( 'NONE', #398, 1000.000000000000000 ) ;
#577 = VERTEX_POINT ( 'NONE', #1763 ) ;
#578 = EDGE_CURVE ( 'NONE', #1851, #1045, #2171, .T. ) ;
#579 = CARTESIAN_POINT ( 'NONE',  ( 4.808132153431126099, 6.563355646657242914, 1.459999999999999964 ) ) ;
#580 = ORIENTED_EDGE ( 'NONE', *, *, #395, .T. ) ;
#581 = MANIFOLD_SOLID_BREP ( 'Boss-Extrude3[3]', #751 ) ;
#582 = ORIENTED_EDGE ( 'NONE', *, *, #1499, .T. ) ;
#583 = AXIS2_PLACEMENT_3D ( 'NONE', #272, #1079, #1479 ) ;
#584 = DIRECTION ( 'NONE',  ( -0.000000000000000000, 0.000000000000000000, -1.000000000000000000 ) ) ;
#585 = CARTESIAN_POINT ( 'NONE',  ( 3.882499999999998952, -3.621892908478298396E-16, -0.2500000000000000000 ) ) ;
#586 = CARTESIAN_POINT ( 'NONE',  ( 2.172499999999998987, -9.140000000000000568, -0.2500000000000000000 ) ) ;
#587 = ORIENTED_EDGE ( 'NONE', *, *, #88, .T. ) ;
#588 =( NAMED_UNIT ( * ) PLANE_ANGLE_UNIT ( ) SI_UNIT ( $, .RADIAN. ) );
#589 = ORIENTED_EDGE ( 'NONE', *, *, #1879, .F. ) ;
#590 = ORIENTED_EDGE ( 'NONE', *, *, #2353, .F. ) ;
#591 = CARTESIAN_POINT ( 'NONE',  ( 0.6524999999999977485, 0.1900000000000013622, 0.2500000000000000000 ) ) ;
#592 = VERTEX_POINT ( 'NONE', #2367 ) ;
#593 = ORIENTED_EDGE ( 'NONE', *, *, #97, .T. ) ;
#594 = EDGE_CURVE ( 'NONE', #849, #206, #1433, .T. ) ;
#595 = AXIS2_PLACEMENT_3D ( 'NONE', #2060, #2022, #881 ) ;
#596 = ORIENTED_EDGE ( 'NONE', *, *, #235, .T. ) ;
#597 = CARTESIAN_POINT ( 'NONE',  ( 1.092499999999997140, 0.1899999999999980038, -0.2500000000000000000 ) ) ;
#598 = FACE_OUTER_BOUND ( 'NONE', #1690, .T. ) ;
#599 = DIRECTION ( 'NONE',  ( -1.000000000000000000, 0.000000000000000000, -0.000000000000000000 ) ) ;
#600 = DIRECTION ( 'NONE',  ( 0.7071067811865412445, 0.7071067811865537900, -0.000000000000000000 ) ) ;
#601 = EDGE_LOOP ( 'NONE', ( #214, #265, #432, #633 ) ) ;
#602 = ORIENTED_EDGE ( 'NONE', *, *, #1021, .F. ) ;
#603 = UNCERTAINTY_MEASURE_WITH_UNIT (LENGTH_MEASURE( 1.000000000000000082E-05 ), #1347, 'distance_accuracy_value', 'NONE');
#604 = ORIENTED_EDGE ( 'NONE', *, *, #1233, .T. ) ;
#605 = CARTESIAN_POINT ( 'NONE',  ( 5.080000000000000071, 6.349999999999999645, -0.2500000000000000000 ) ) ;
#606 = EDGE_CURVE ( 'NONE', #1275, #958, #268, .T. ) ;
#607 = EDGE_LOOP ( 'NONE', ( #2, #1066, #1834, #1528 ) ) ;
#608 = ADVANCED_FACE ( 'NONE', ( #2023 ), #242, .T. ) ;
#609 = CARTESIAN_POINT ( 'NONE',  ( -5.080000000000000071, 14.97999999999999687, -2.984999999999999432 ) ) ;
#610 = LINE ( 'NONE', #1227, #1570 ) ;
#611 = DIRECTION ( 'NONE',  ( 0.000000000000000000, 0.000000000000000000, 1.000000000000000000 ) ) ;
#612 = EDGE_CURVE ( 'NONE', #592, #1950, #1842, .T. ) ;
#613 = CARTESIAN_POINT ( 'NONE',  ( 3.882499999999998952, -3.621892908478298396E-16, -0.2500000000000000000 ) ) ;
#614 = MANIFOLD_SOLID_BREP ( 'Boss-Extrude3[5]', #1218 ) ;
#615 = CARTESIAN_POINT ( 'NONE',  ( 4.930000000000002380, 20.51999999999999957, -2.984999999999998987 ) ) ;
#616 = VERTEX_POINT ( 'NONE', #2279 ) ;
#617 = VECTOR ( 'NONE', #643, 1000.000000000000000 ) ;
#618 = DIRECTION ( 'NONE',  ( 0.000000000000000000, -1.000000000000000000, -1.910488409666086025E-16 ) ) ;
#619 = AXIS2_PLACEMENT_3D ( 'NONE', #296, #2061, #1091 ) ;
#620 = ORIENTED_EDGE ( 'NONE', *, *, #235, .F. ) ;
#621 = VECTOR ( 'NONE', #19, 1000.000000000000114 ) ;
#622 = VERTEX_POINT ( 'NONE', #732 ) ;
#623 = CARTESIAN_POINT ( 'NONE',  ( 5.080000000000000071, 14.97999999999999687, -2.984999999999999432 ) ) ;
#624 = DIRECTION ( 'NONE',  ( -0.000000000000000000, 1.000000000000000000, -0.000000000000000000 ) ) ;
#625 = DIRECTION ( 'NONE',  ( 1.408054769461693696E-16, -1.000000000000000000, 0.000000000000000000 ) ) ;
#626 = AXIS2_PLACEMENT_3D ( 'NONE', #1681, #263, #2069 ) ;
#627 = SURFACE_STYLE_FILL_AREA ( #990 ) ;
#628 = DIRECTION ( 'NONE',  ( 0.9981347984218673641, 0.000000000000000000, 0.06104853953485053081 ) ) ;
#629 = MANIFOLD_SOLID_BREP ( 'Boss-Extrude3[4]', #540 ) ;
#630 = SURFACE_SIDE_STYLE ('',( #23 ) ) ;
#631 = ORIENTED_EDGE ( 'NONE', *, *, #1554, .T. ) ;
#632 = EDGE_CURVE ( 'NONE', #488, #1397, #144, .T. ) ;
#633 = ORIENTED_EDGE ( 'NONE', *, *, #165, .T. ) ;
#634 = FACE_OUTER_BOUND ( 'NONE', #2034, .T. ) ;
#635 = MANIFOLD_SOLID_BREP ( 'Boss-Extrude3[2]', #1741 ) ;
#636 = ORIENTED_EDGE ( 'NONE', *, *, #1352, .F. ) ;
#637 = CARTESIAN_POINT ( 'NONE',  ( 2.172499999999998987, -9.140000000000000568, 0.2500000000000000000 ) ) ;
#638 = ORIENTED_EDGE ( 'NONE', *, *, #2385, .F. ) ;
#639 = EDGE_CURVE ( 'NONE', #1543, #1519, #2076, .T. ) ;
#640 = DIRECTION ( 'NONE',  ( 0.000000000000000000, 1.012714822391489260E-16, -1.000000000000000000 ) ) ;
#641 = EDGE_CURVE ( 'NONE', #1674, #1818, #1114, .T. ) ;
#642 = FACE_OUTER_BOUND ( 'NONE', #1235, .T. ) ;
#643 = DIRECTION ( 'NONE',  ( -0.000000000000000000, -1.000000000000000000, -0.000000000000000000 ) ) ;
#644 = CARTESIAN_POINT ( 'NONE',  ( 1.092499999999996252, 6.349999999999999645, -0.2500000000000000000 ) ) ;
#645 = CARTESIAN_POINT ( 'NONE',  ( 3.174999999999998934, 8.629999999999997229, -2.985000000000000320 ) ) ;
#646 = CARTESIAN_POINT ( 'NONE',  ( -2.767500000000001847, 0.1900000000000013622, -0.2500000000000000000 ) ) ;
#647 = DIRECTION ( 'NONE',  ( 0.000000000000000000, -1.000000000000000000, 0.000000000000000000 ) ) ;
#648 = VERTEX_POINT ( 'NONE', #2487 ) ;
#649 = VERTEX_POINT ( 'NONE', #1322 ) ;
#650 = PLANE ( 'NONE',  #1367 ) ;
#651 = EDGE_LOOP ( 'NONE', ( #245, #954, #2375, #443 ) ) ;
#652 = DIRECTION ( 'NONE',  ( 0.000000000000000000, 1.012714822391489260E-16, -1.000000000000000000 ) ) ;
#653 = VERTEX_POINT ( 'NONE', #518 ) ;
#654 = FACE_OUTER_BOUND ( 'NONE', #2087, .T. ) ;
#655 = DIRECTION ( 'NONE',  ( 0.000000000000000000, 0.08715574274765798546, -0.9961946980917455452 ) ) ;
#656 = CARTESIAN_POINT ( 'NONE',  ( 5.080000000000000071, 14.97999999999999687, -2.984999999999999432 ) ) ;
#657 = PRESENTATION_STYLE_ASSIGNMENT (( #2424 ) ) ;
#658 = CARTESIAN_POINT ( 'NONE',  ( 2.802499999999996660, 0.1899999999999980038, 0.2500000000000000000 ) ) ;
#659 = DIRECTION ( 'NONE',  ( 1.000000000000000000, 1.314184451497582985E-15, 1.330894073388031482E-31 ) ) ;
#660 = EDGE_CURVE ( 'NONE', #1745, #391, #2094, .T. ) ;
#661 = VERTEX_POINT ( 'NONE', #1687 ) ;
#662 = ORIENTED_EDGE ( 'NONE', *, *, #28, .T. ) ;
#663 = DIRECTION ( 'NONE',  ( 1.365923996832131116E-16, 1.000000000000000000, 0.000000000000000000 ) ) ;
#664 = AXIS2_PLACEMENT_3D ( 'NONE', #567, #1798, #2364 ) ;
#665 = EDGE_CURVE ( 'NONE', #718, #539, #529, .T. ) ;
#666 = FILL_AREA_STYLE_COLOUR ( '', #668 ) ;
#667 = ORIENTED_EDGE ( 'NONE', *, *, #1735, .F. ) ;
#668 = COLOUR_RGB ( '',0.7921568627450980005, 0.8196078431372548767, 0.9333333333333333481 ) ;
#669 = AXIS2_PLACEMENT_3D ( 'NONE', #2234, #659, #1477 ) ;
#670 = CARTESIAN_POINT ( 'NONE',  ( -5.080000000000000071, 14.97999999999999687, -1.714999999999999414 ) ) ;
#671 = VECTOR ( 'NONE', #211, 1000.000000000000000 ) ;
#672 = ORIENTED_EDGE ( 'NONE', *, *, #1349, .T. ) ;
#673 =( GEOMETRIC_REPRESENTATION_CONTEXT ( 3 ) GLOBAL_UNCERTAINTY_ASSIGNED_CONTEXT ( ( #997 ) ) GLOBAL_UNIT_ASSIGNED_CONTEXT ( ( #1987, #26, #299 ) ) REPRESENTATION_CONTEXT ( 'NONE', 'WORKASPACE' ) );
#674 = VECTOR ( 'NONE', #6, 1000.000000000000000 ) ;
#675 = CARTESIAN_POINT ( 'NONE',  ( 0.000000000000000000, 18.91999999999999815, -1.714999999999998970 ) ) ;
#676 = LINE ( 'NONE', #2008, #747 ) ;
#677 = VECTOR ( 'NONE', #535, 1000.000000000000000 ) ;
#678 = ORIENTED_EDGE ( 'NONE', *, *, #1032, .T. ) ;
#679 = ORIENTED_EDGE ( 'NONE', *, *, #1759, .F. ) ;
#680 = VECTOR ( 'NONE', #397, 1000.000000000000227 ) ;
#681 = CARTESIAN_POINT ( 'NONE',  ( 1.282499999999998863, -9.140000000000000568, -0.2500000000000000000 ) ) ;
#682 = CARTESIAN_POINT ( 'NONE',  ( 4.072499999999997122, 0.1900000000000013622, -0.2500000000000000000 ) ) ;
#683 = DIRECTION ( 'NONE',  ( 0.000000000000000000, 0.000000000000000000, 1.000000000000000000 ) ) ;
#684 = ORIENTED_EDGE ( 'NONE', *, *, #1516, .T. ) ;
#685 = LINE ( 'NONE', #507, #157 ) ;
#686 = EDGE_CURVE ( 'NONE', #2414, #1072, #132, .T. ) ;
#687 = DIRECTION ( 'NONE',  ( -1.000000000000000000, -0.000000000000000000, -0.000000000000000000 ) ) ;
#688 = CARTESIAN_POINT ( 'NONE',  ( -5.080000000000000071, 20.51999999999999957, -1.714999999999998748 ) ) ;
#689 = DIRECTION ( 'NONE',  ( 0.000000000000000000, 0.000000000000000000, 1.000000000000000000 ) ) ;
#690 = ORIENTED_EDGE ( 'NONE', *, *, #1743, .T. ) ;
#691 = PLANE ( 'NONE',  #583 ) ;
#692 = DIRECTION ( 'NONE',  ( 0.000000000000000000, 1.000000000000000000, 0.000000000000000000 ) ) ;
#693 = CARTESIAN_POINT ( 'NONE',  ( 3.174999999999999822, 14.97999999999999687, -1.714999999999999414 ) ) ;
#694 = APPLICATION_CONTEXT ( 'automotive_design' ) ;
#695 = VERTEX_POINT ( 'NONE', #2509 ) ;
#696 = CARTESIAN_POINT ( 'NONE',  ( 4.072499999999997122, 6.349999999999999645, -0.2500000000000000000 ) ) ;
#697 = EDGE_CURVE ( 'NONE', #994, #1339, #2120, .T. ) ;
#698 = CYLINDRICAL_SURFACE ( 'NONE', #1540, 1.905000000000000471 ) ;
#699 = FILL_AREA_STYLE ('',( #722 ) ) ;
#700 = EDGE_CURVE ( 'NONE', #577, #219, #1381, .T. ) ;
#701 = ORIENTED_EDGE ( 'NONE', *, *, #1102, .F. ) ;
#702 = DIRECTION ( 'NONE',  ( -1.365923996832131116E-16, -1.000000000000000000, 0.000000000000000000 ) ) ;
#703 = LINE ( 'NONE', #1874, #925 ) ;
#704 = DIRECTION ( 'NONE',  ( -0.000000000000000000, 0.000000000000000000, -1.000000000000000000 ) ) ;
#705 = LINE ( 'NONE', #1744, #875 ) ;
#706 = EDGE_LOOP ( 'NONE', ( #1998, #690 ) ) ;
#707 = CARTESIAN_POINT ( 'NONE',  ( 0.000000000000000000, 0.000000000000000000, -0.2500000000000000000 ) ) ;
#708 = AXIS2_PLACEMENT_3D ( 'NONE', #2560, #1788, #599 ) ;
#709 = VECTOR ( 'NONE', #1932, 1000.000000000000000 ) ;
#710 =( GEOMETRIC_REPRESENTATION_CONTEXT ( 3 ) GLOBAL_UNCERTAINTY_ASSIGNED_CONTEXT ( ( #2359 ) ) GLOBAL_UNIT_ASSIGNED_CONTEXT ( ( #459, #254, #1650 ) ) REPRESENTATION_CONTEXT ( 'NONE', 'WORKASPACE' ) );
#711 = ADVANCED_FACE ( 'NONE', ( #2558 ), #824, .T. ) ;
#712 = ORIENTED_EDGE ( 'NONE', *, *, #1181, .F. ) ;
#713 = FACE_OUTER_BOUND ( 'NONE', #1634, .T. ) ;
#714 = EDGE_CURVE ( 'NONE', #1870, #958, #1991, .T. ) ;
#715 = VECTOR ( 'NONE', #2194, 1000.000000000000000 ) ;
#716 = DIRECTION ( 'NONE',  ( 0.000000000000000000, 0.000000000000000000, 1.000000000000000000 ) ) ;
#717 = LINE ( 'NONE', #102, #1082 ) ;
#718 = VERTEX_POINT ( 'NONE', #18 ) ;
#719 = PLANE ( 'NONE',  #2148 ) ;
#720 = EDGE_CURVE ( 'NONE', #1017, #1213, #2130, .T. ) ;
#721 = CARTESIAN_POINT ( 'NONE',  ( 2.362499999999997602, 6.349999999999999645, -0.2500000000000000000 ) ) ;
#722 = FILL_AREA_STYLE_COLOUR ( '', #1937 ) ;
#723 = CARTESIAN_POINT ( 'NONE',  ( 5.080000000000000071, 6.349999999999999645, 0.2500000000000000000 ) ) ;
#724 = ORIENTED_EDGE ( 'NONE', *, *, #1301, .F. ) ;
#725 = DIRECTION ( 'NONE',  ( 0.000000000000000000, 0.000000000000000000, 1.000000000000000000 ) ) ;
#726 = VECTOR ( 'NONE', #253, 1000.000000000000000 ) ;
#727 = CARTESIAN_POINT ( 'NONE',  ( 1.282499999999998863, -1.408546971526578661E-16, -0.2500000000000000000 ) ) ;
#728 = FACE_OUTER_BOUND ( 'NONE', #791, .T. ) ;
#729 = VERTEX_POINT ( 'NONE', #1567 ) ;
#730 = ADVANCED_FACE ( 'NONE', ( #1214 ), #356, .T. ) ;
#731 = CARTESIAN_POINT ( 'NONE',  ( 5.080000000000000071, 14.97999999999999687, -1.714999999999999414 ) ) ;
#732 = CARTESIAN_POINT ( 'NONE',  ( -4.882138923813204023, 6.349999999999999645, 0.2500000000000000000 ) ) ;
#733 = LINE ( 'NONE', #2095, #236 ) ;
#734 = CARTESIAN_POINT ( 'NONE',  ( 1.282499999999998863, -9.140000000000000568, 0.2500000000000000000 ) ) ;
#735 = ORIENTED_EDGE ( 'NONE', *, *, #1048, .T. ) ;
#736 = CARTESIAN_POINT ( 'NONE',  ( 2.802499999999995772, 6.349999999999999645, 0.2500000000000000000 ) ) ;
#737 = EDGE_CURVE ( 'NONE', #2014, #911, #1555, .T. ) ;
#738 = LINE ( 'NONE', #1110, #2554 ) ;
#739 = CARTESIAN_POINT ( 'NONE',  ( 4.930000000000002380, 20.51999999999999957, -1.714999999999998748 ) ) ;
#740 = ORIENTED_EDGE ( 'NONE', *, *, #2521, .T. ) ;
#741 = VERTEX_POINT ( 'NONE', #1368 ) ;
#742 = VECTOR ( 'NONE', #1364, 1000.000000000000000 ) ;
#743 = FILL_AREA_STYLE ('',( #1712 ) ) ;
#744 = CARTESIAN_POINT ( 'NONE',  ( -3.174999999999999822, 14.97999999999999687, -2.984999999999999876 ) ) ;
#745 = DIRECTION ( 'NONE',  ( 1.000000000000000000, -0.000000000000000000, -0.000000000000000000 ) ) ;
#746 = VECTOR ( 'NONE', #716, 1000.000000000000000 ) ;
#747 = VECTOR ( 'NONE', #460, 1000.000000000000000 ) ;
#748 = ORIENTED_EDGE ( 'NONE', *, *, #1499, .F. ) ;
#749 = LINE ( 'NONE', #773, #370 ) ;
#750 = AXIS2_PLACEMENT_3D ( 'NONE', #239, #1216, #1403 ) ;
#751 = CLOSED_SHELL ( 'NONE', ( #1553, #523, #711, #1750, #1215, #1197, #1504, #1757, #2123, #1809 ) ) ;
#752 = ADVANCED_FACE ( 'NONE', ( #1160 ), #169, .T. ) ;
#753 = CARTESIAN_POINT ( 'NONE',  ( 4.930000000000002380, 20.51999999999999957, -2.984999999999998987 ) ) ;
#754 = DIRECTION ( 'NONE',  ( 0.000000000000000000, -1.000000000000000000, 0.000000000000000000 ) ) ;
#755 = VERTEX_POINT ( 'NONE', #1786 ) ;
#756 = AXIS2_PLACEMENT_3D ( 'NONE', #1660, #81, #888 ) ;
#757 = ORIENTED_EDGE ( 'NONE', *, *, #431, .T. ) ;
#758 = ADVANCED_FACE ( 'NONE', ( #2155 ), #964, .T. ) ;
#759 = FILL_AREA_STYLE ('',( #919 ) ) ;
#760 = CARTESIAN_POINT ( 'NONE',  ( -4.930000000000000604, 20.51999999999999957, -2.984999999999998987 ) ) ;
#761 = CARTESIAN_POINT ( 'NONE',  ( -3.847499999999977494, -9.139999999999998792, -0.2500000000000000000 ) ) ;
#762 = ORIENTED_EDGE ( 'NONE', *, *, #551, .T. ) ;
#763 = CARTESIAN_POINT ( 'NONE',  ( 4.913343672893478065, 6.349999999999999645, -0.2601931376304900123 ) ) ;
#764 = FACE_OUTER_BOUND ( 'NONE', #2405, .T. ) ;
#765 = ORIENTED_EDGE ( 'NONE', *, *, #632, .F. ) ;
#766 = ORIENTED_EDGE ( 'NONE', *, *, #1422, .F. ) ;
#767 = EDGE_CURVE ( 'NONE', #616, #1147, #1747, .T. ) ;
#768 = DIRECTION ( 'NONE',  ( 0.000000000000000000, 1.012714822391489260E-16, -1.000000000000000000 ) ) ;
#769 = LINE ( 'NONE', #357, #284 ) ;
#770 = CARTESIAN_POINT ( 'NONE',  ( 4.912720233888443033, 6.349999999999999645, -0.2499999999999997780 ) ) ;
#771 = ORIENTED_EDGE ( 'NONE', *, *, #125, .F. ) ;
#772 = EDGE_CURVE ( 'NONE', #911, #168, #2144, .T. ) ;
#773 = CARTESIAN_POINT ( 'NONE',  ( 0.000000000000000000, 20.82499999999999929, -1.714999999999998970 ) ) ;
#774 = ADVANCED_FACE ( 'NONE', ( #372 ), #2376, .F. ) ;
#775 = ORIENTED_EDGE ( 'NONE', *, *, #336, .F. ) ;
#776 = CARTESIAN_POINT ( 'NONE',  ( 4.808132153431126099, 14.70222349330518874, 1.459999999999999520 ) ) ;
#777 = VERTEX_POINT ( 'NONE', #974 ) ;
#778 = VERTEX_POINT ( 'NONE', #158 ) ;
#779 = DIRECTION ( 'NONE',  ( 0.000000000000000000, 0.000000000000000000, 1.000000000000000000 ) ) ;
#780 = CARTESIAN_POINT ( 'NONE',  ( -2.767500000000001847, 6.349999999999999645, -0.2500000000000000000 ) ) ;
#781 = CARTESIAN_POINT ( 'NONE',  ( -2.327500000000002345, 0.1899999999999980038, -0.2500000000000000000 ) ) ;
#782 = AXIS2_PLACEMENT_3D ( 'NONE', #856, #2422, #655 ) ;
#783 = ORIENTED_EDGE ( 'NONE', *, *, #904, .F. ) ;
#784 = DIRECTION ( 'NONE',  ( -0.000000000000000000, 1.000000000000000000, -0.000000000000000000 ) ) ;
#785 = EDGE_CURVE ( 'NONE', #1961, #741, #1758, .T. ) ;
#786 = AXIS2_PLACEMENT_3D ( 'NONE', #84, #890, #704 ) ;
#787 = AXIS2_PLACEMENT_3D ( 'NONE', #2040, #1266, #1626 ) ;
#788 = EDGE_CURVE ( 'NONE', #1222, #2464, #2183, .T. ) ;
#789 = ORIENTED_EDGE ( 'NONE', *, *, #1740, .T. ) ;
#790 = VECTOR ( 'NONE', #1488, 1000.000000000000000 ) ;
#791 = EDGE_LOOP ( 'NONE', ( #1391, #2427, #582, #2399 ) ) ;
#792 = LINE ( 'NONE', #2151, #1123 ) ;
#793 = ORIENTED_EDGE ( 'NONE', *, *, #1931, .T. ) ;
#794 = ORIENTED_EDGE ( 'NONE', *, *, #1449, .T. ) ;
#795 = VECTOR ( 'NONE', #725, 1000.000000000000000 ) ;
#796 = ORIENTED_EDGE ( 'NONE', *, *, #1740, .F. ) ;
#797 = PRESENTATION_LAYER_ASSIGNMENT (  '', '', ( #2111 ) ) ;
#798 = DIRECTION ( 'NONE',  ( 0.7071067811865543451, -0.7071067811865406894, 0.000000000000000000 ) ) ;
#799 = LINE ( 'NONE', #585, #327 ) ;
#800 = VECTOR ( 'NONE', #1198, 1000.000000000000000 ) ;
#801 = DIRECTION ( 'NONE',  ( 0.000000000000000000, 0.000000000000000000, -1.000000000000000000 ) ) ;
#802 = EDGE_CURVE ( 'NONE', #2189, #1013, #207, .T. ) ;
#803 = LINE ( 'NONE', #1956, #2447 ) ;
#804 = ADVANCED_FACE ( 'NONE', ( #1186 ), #1583, .T. ) ;
#805 = CARTESIAN_POINT ( 'NONE',  ( -2.957499999999979146, -9.139999999999997016, -0.2500000000000000000 ) ) ;
#806 = ORIENTED_EDGE ( 'NONE', *, *, #135, .T. ) ;
#807 = EDGE_CURVE ( 'NONE', #1629, #1269, #1621, .T. ) ;
#808 = ORIENTED_EDGE ( 'NONE', *, *, #1820, .T. ) ;
#809 = CARTESIAN_POINT ( 'NONE',  ( 0.000000000000000000, 0.000000000000000000, 0.2500000000000000000 ) ) ;
#810 = EDGE_LOOP ( 'NONE', ( #2357, #422, #1571, #793 ) ) ;
#811 = ORIENTED_EDGE ( 'NONE', *, *, #555, .T. ) ;
#812 = EDGE_CURVE ( 'NONE', #972, #1275, #1605, .T. ) ;
#813 = ORIENTED_EDGE ( 'NONE', *, *, #1181, .T. ) ;
#814 = CARTESIAN_POINT ( 'NONE',  ( 5.080000000000000071, 14.97999999999999687, -1.714999999999999414 ) ) ;
#815 = CARTESIAN_POINT ( 'NONE',  ( -0.6175000000000026024, 0.1899999999999980038, 0.2500000000000000000 ) ) ;
#816 = PLANE ( 'NONE',  #708 ) ;
#817 = DIRECTION ( 'NONE',  ( -1.000000000000000000, 0.000000000000000000, 0.000000000000000000 ) ) ;
#818 = FACE_OUTER_BOUND ( 'NONE', #1385, .T. ) ;
#819 = ORIENTED_EDGE ( 'NONE', *, *, #280, .T. ) ;
#820 = DIRECTION ( 'NONE',  ( 0.000000000000000000, -0.000000000000000000, -1.000000000000000000 ) ) ;
#821 = ORIENTED_EDGE ( 'NONE', *, *, #2134, .F. ) ;
#822 = ORIENTED_EDGE ( 'NONE', *, *, #107, .F. ) ;
#823 = ORIENTED_EDGE ( 'NONE', *, *, #973, .F. ) ;
#824 = PLANE ( 'NONE',  #2566 ) ;
#825 = FACE_OUTER_BOUND ( 'NONE', #1507, .T. ) ;
#826 = CARTESIAN_POINT ( 'NONE',  ( -1.247500000000000275, -9.140000000000000568, 0.2500000000000000000 ) ) ;
#827 = EDGE_CURVE ( 'NONE', #1818, #1558, #1226, .T. ) ;
#828 = SURFACE_SIDE_STYLE ('',( #627 ) ) ;
#829 = CARTESIAN_POINT ( 'NONE',  ( -4.912720233888441257, 6.349999999999999645, -0.2500000000000002220 ) ) ;
#830 = CARTESIAN_POINT ( 'NONE',  ( -4.808132153431126099, 14.97999999999999687, 1.459999999999999520 ) ) ;
#831 = VERTEX_POINT ( 'NONE', #2210 ) ;
#832 = EDGE_CURVE ( 'NONE', #1112, #1602, #238, .T. ) ;
#833 = ORIENTED_EDGE ( 'NONE', *, *, #802, .T. ) ;
#834 = VECTOR ( 'NONE', #1885, 1000.000000000000000 ) ;
#835 = ADVANCED_FACE ( 'NONE', ( #32 ), #1416, .T. ) ;
#836 = VECTOR ( 'NONE', #93, 1000.000000000000000 ) ;
#837 = VERTEX_POINT ( 'NONE', #2406 ) ;
#838 = EDGE_CURVE ( 'NONE', #695, #777, #455, .T. ) ;
#839 = DIRECTION ( 'NONE',  ( 0.000000000000000000, 0.000000000000000000, 1.000000000000000000 ) ) ;
#840 = EDGE_LOOP ( 'NONE', ( #1015, #1983, #1923, #1467 ) ) ;
#841 = DIRECTION ( 'NONE',  ( 0.000000000000000000, -1.000000000000000000, -1.012714822391489260E-16 ) ) ;
#842 = LINE ( 'NONE', #1622, #1771 ) ;
#843 = LINE ( 'NONE', #1761, #448 ) ;
#844 = AXIS2_PLACEMENT_3D ( 'NONE', #1914, #276, #2460 ) ;
#845 = DIRECTION ( 'NONE',  ( 0.000000000000000000, -1.000000000000000000, -1.910488409666086025E-16 ) ) ;
#846 = LINE ( 'NONE', #2412, #1333 ) ;
#847 = EDGE_CURVE ( 'NONE', #164, #1720, #1444, .T. ) ;
#848 = ORIENTED_EDGE ( 'NONE', *, *, #1108, .T. ) ;
#849 = VERTEX_POINT ( 'NONE', #2017 ) ;
#850 = LINE ( 'NONE', #2013, #2513 ) ;
#851 = ORIENTED_EDGE ( 'NONE', *, *, #1903, .T. ) ;
#852 = CARTESIAN_POINT ( 'NONE',  ( -5.080000000000000071, 20.51999999999999957, -2.984999999999998987 ) ) ;
#853 = ORIENTED_EDGE ( 'NONE', *, *, #1888, .T. ) ;
#854 = DIRECTION ( 'NONE',  ( -1.000000000000000000, -0.000000000000000000, -0.000000000000000000 ) ) ;
#855 = EDGE_CURVE ( 'NONE', #136, #65, #1261, .T. ) ;
#856 = CARTESIAN_POINT ( 'NONE',  ( 5.080000000000000071, 14.70222349330518874, 1.459999999999999742 ) ) ;
#857 = ADVANCED_FACE ( 'NONE', ( #47, #654 ), #423, .F. ) ;
#858 = DIRECTION ( 'NONE',  ( -0.000000000000000000, 1.000000000000000000, -0.000000000000000000 ) ) ;
#859 = DIRECTION ( 'NONE',  ( -0.7071067811865406894, -0.7071067811865543451, 0.000000000000000000 ) ) ;
#860 = CARTESIAN_POINT ( 'NONE',  ( 3.882499999999998952, -3.621892908478298396E-16, 0.2500000000000000000 ) ) ;
#861 = CARTESIAN_POINT ( 'NONE',  ( -0.4275000000000007683, -1.408546971526578661E-16, 0.2500000000000000000 ) ) ;
#862 = EDGE_LOOP ( 'NONE', ( #3, #1237, #30, #1722 ) ) ;
#863 = ORIENTED_EDGE ( 'NONE', *, *, #2089, .F. ) ;
#864 = LINE ( 'NONE', #1283, #2276 ) ;
#865 = ORIENTED_EDGE ( 'NONE', *, *, #632, .T. ) ;
#866 = LINE ( 'NONE', #670, #1164 ) ;
#867 = ORIENTED_EDGE ( 'NONE', *, *, #165, .F. ) ;
#868 = DIRECTION ( 'NONE',  ( 0.000000000000000000, 1.000000000000000000, 0.000000000000000000 ) ) ;
#869 = CARTESIAN_POINT ( 'NONE',  ( -4.037500000000003197, 6.349999999999999645, 0.2500000000000000000 ) ) ;
#870 = ORIENTED_EDGE ( 'NONE', *, *, #1820, .F. ) ;
#871 = ORIENTED_EDGE ( 'NONE', *, *, #2413, .T. ) ;
#872 = FACE_OUTER_BOUND ( 'NONE', #1026, .T. ) ;
#873 = ADVANCED_FACE ( 'NONE', ( #2436 ), #698, .F. ) ;
#874 = PLANE ( 'NONE',  #756 ) ;
#875 = VECTOR ( 'NONE', #1156, 1000.000000000000000 ) ;
#876 = VECTOR ( 'NONE', #1647, 1000.000000000000000 ) ;
#877 = DIRECTION ( 'NONE',  ( -0.000000000000000000, 1.000000000000000000, -0.000000000000000000 ) ) ;
#878 = VECTOR ( 'NONE', #2510, 1000.000000000000000 ) ;
#879 = ORIENTED_EDGE ( 'NONE', *, *, #256, .F. ) ;
#880 = VECTOR ( 'NONE', #895, 1000.000000000000000 ) ;
#881 = DIRECTION ( 'NONE',  ( 0.000000000000000000, 1.012714822391489260E-16, -1.000000000000000000 ) ) ;
#882 = CARTESIAN_POINT ( 'NONE',  ( 5.080000000000001847, 20.51999999999999957, -1.714999999999998748 ) ) ;
#883 = AXIS2_PLACEMENT_3D ( 'NONE', #913, #493, #1298 ) ;
#884 = CARTESIAN_POINT ( 'NONE',  ( 5.080000000000000959, 19.51999999999999957, -1.714999999999998748 ) ) ;
#885 = ORIENTED_EDGE ( 'NONE', *, *, #1238, .T. ) ;
#886 = CARTESIAN_POINT ( 'NONE',  ( -3.847500000000000142, -1.408546971526578661E-16, -0.2500000000000000000 ) ) ;
#887 = COLOUR_RGB ( '',0.7921568627450980005, 0.8196078431372548767, 0.9333333333333333481 ) ;
#888 = DIRECTION ( 'NONE',  ( -1.000000000000000000, 0.000000000000000000, -0.000000000000000000 ) ) ;
#889 = EDGE_CURVE ( 'NONE', #1958, #1720, #87, .T. ) ;
#890 = DIRECTION ( 'NONE',  ( 1.000000000000000000, 0.000000000000000000, -0.000000000000000000 ) ) ;
#891 = EDGE_LOOP ( 'NONE', ( #1972, #896, #25, #1551, #1575, #314, #1630, #114 ) ) ;
#892 = CARTESIAN_POINT ( 'NONE',  ( 5.080000000000000071, 14.97999999999999687, -1.714999999999999192 ) ) ;
#893 = ADVANCED_FACE ( 'NONE', ( #1432 ), #2265, .T. ) ;
#894 = PLANE ( 'NONE',  #542 ) ;
#895 = DIRECTION ( 'NONE',  ( -0.000000000000000000, -1.000000000000000000, -0.000000000000000000 ) ) ;
#896 = ORIENTED_EDGE ( 'NONE', *, *, #2337, .F. ) ;
#897 = DIRECTION ( 'NONE',  ( 0.000000000000000000, 0.000000000000000000, 1.000000000000000000 ) ) ;
#898 = CARTESIAN_POINT ( 'NONE',  ( -5.079999999999999183, 19.51999999999999957, -2.984999999999998987 ) ) ;
#899 = UNCERTAINTY_MEASURE_WITH_UNIT (LENGTH_MEASURE( 1.000000000000000082E-05 ), #198, 'distance_accuracy_value', 'NONE');
#900 = DIRECTION ( 'NONE',  ( -8.673617379884027583E-16, -1.000000000000000000, 0.000000000000000000 ) ) ;
#901 = DIRECTION ( 'NONE',  ( -8.673617379884027583E-16, 1.000000000000000000, -0.000000000000000000 ) ) ;
#902 = VERTEX_POINT ( 'NONE', #1050 ) ;
#903 = DIRECTION ( 'NONE',  ( -8.673617379884027583E-16, 1.000000000000000000, -0.000000000000000000 ) ) ;
#904 = EDGE_CURVE ( 'NONE', #2189, #902, #1624, .T. ) ;
#905 =( NAMED_UNIT ( * ) SI_UNIT ( $, .STERADIAN. ) SOLID_ANGLE_UNIT ( ) );
#906 = ORIENTED_EDGE ( 'NONE', *, *, #543, .F. ) ;
#907 = CARTESIAN_POINT ( 'NONE',  ( -1.247500000000000275, -3.621892908478298396E-16, 0.2500000000000000000 ) ) ;
#908 = VECTOR ( 'NONE', #194, 1000.000000000000000 ) ;
#909 = CARTESIAN_POINT ( 'NONE',  ( -1.247500000000000275, -3.621892908478298396E-16, -0.2500000000000000000 ) ) ;
#910 = DIRECTION ( 'NONE',  ( 0.000000000000000000, -0.000000000000000000, 1.000000000000000000 ) ) ;
#911 = VERTEX_POINT ( 'NONE', #2245 ) ;
#912 = EDGE_CURVE ( 'NONE', #60, #1496, #1245, .T. ) ;
#913 = CARTESIAN_POINT ( 'NONE',  ( 0.000000000000000000, 0.000000000000000000, -0.2500000000000000000 ) ) ;
#914 = AXIS2_PLACEMENT_3D ( 'NONE', #1518, #2294, #1328 ) ;
#915 = VECTOR ( 'NONE', #1435, 1000.000000000000000 ) ;
#916 = AXIS2_PLACEMENT_3D ( 'NONE', #2112, #801, #1200 ) ;
#917 = VECTOR ( 'NONE', #600, 1000.000000000000114 ) ;
#918 = COLOUR_RGB ( '',0.7921568627450980005, 0.8196078431372548767, 0.9333333333333333481 ) ;
#919 = FILL_AREA_STYLE_COLOUR ( '', #34 ) ;
#920 = DIRECTION ( 'NONE',  ( -0.000000000000000000, 1.000000000000000000, -0.000000000000000000 ) ) ;
#921 = CARTESIAN_POINT ( 'NONE',  ( 0.4624999999999993561, -9.140000000000000568, -0.2500000000000000000 ) ) ;
#922 = VERTEX_POINT ( 'NONE', #1229 ) ;
#923 = CARTESIAN_POINT ( 'NONE',  ( -2.767500000000001847, 0.1900000000000013622, -0.2500000000000000000 ) ) ;
#924 = ADVANCED_FACE ( 'NONE', ( #1090 ), #894, .T. ) ;
#925 = VECTOR ( 'NONE', #1284, 1000.000000000000000 ) ;
#926 = PRESENTATION_LAYER_ASSIGNMENT (  '', '', ( #2036 ) ) ;
#927 = DIRECTION ( 'NONE',  ( -0.000000000000000000, 0.000000000000000000, -1.000000000000000000 ) ) ;
#928 = CARTESIAN_POINT ( 'NONE',  ( 0.000000000000000000, 18.91999999999999815, -1.714999999999998970 ) ) ;
#929 = ORIENTED_EDGE ( 'NONE', *, *, #1028, .T. ) ;
#930 = FACE_OUTER_BOUND ( 'NONE', #1643, .T. ) ;
#931 =( NAMED_UNIT ( * ) PLANE_ANGLE_UNIT ( ) SI_UNIT ( $, .RADIAN. ) );
#932 = ADVANCED_FACE ( 'NONE', ( #2005 ), #1829, .T. ) ;
#933 = LINE ( 'NONE', #1141, #1658 ) ;
#934 = ORIENTED_EDGE ( 'NONE', *, *, #1043, .T. ) ;
#935 = CARTESIAN_POINT ( 'NONE',  ( -1.057500000000002105, 6.349999999999999645, 0.2500000000000000000 ) ) ;
#936 = CARTESIAN_POINT ( 'NONE',  ( 1.092499999999996252, 6.349999999999999645, 0.2500000000000000000 ) ) ;
#937 = DIRECTION ( 'NONE',  ( 0.7071067811865412445, 0.7071067811865537900, -0.000000000000000000 ) ) ;
#938 = ORIENTED_EDGE ( 'NONE', *, *, #498, .T. ) ;
#939 = LINE ( 'NONE', #892, #959 ) ;
#940 = CARTESIAN_POINT ( 'NONE',  ( -1.247500000000000275, -3.621892908478298396E-16, -0.2500000000000000000 ) ) ;
#941 = CARTESIAN_POINT ( 'NONE',  ( 5.080000000000000071, 6.589281494743402412, -2.985000000000000320 ) ) ;
#942 = CARTESIAN_POINT ( 'NONE',  ( 5.080000000000001847, 20.51999999999999957, -1.714999999999998748 ) ) ;
#943 = VERTEX_POINT ( 'NONE', #2256 ) ;
#944 = DIRECTION ( 'NONE',  ( 8.673617379884027583E-16, -1.000000000000000000, 0.000000000000000000 ) ) ;
#945 = EDGE_CURVE ( 'NONE', #2160, #325, #2049, .T. ) ;
#946 = DIRECTION ( 'NONE',  ( -0.000000000000000000, 1.000000000000000000, -0.000000000000000000 ) ) ;
#947 = CARTESIAN_POINT ( 'NONE',  ( 5.080000000000000071, 14.97999999999999687, -1.714999999999999192 ) ) ;
#948 = ORIENTED_EDGE ( 'NONE', *, *, #720, .F. ) ;
#949 = ORIENTED_EDGE ( 'NONE', *, *, #2137, .T. ) ;
#950 = CIRCLE ( 'NONE', #108, 1.905000000000000471 ) ;
#951 = LINE ( 'NONE', #2323, #407 ) ;
#952 = DIRECTION ( 'NONE',  ( -0.000000000000000000, -1.000000000000000000, -0.000000000000000000 ) ) ;
#953 = VECTOR ( 'NONE', #2241, 1000.000000000000000 ) ;
#954 = ORIENTED_EDGE ( 'NONE', *, *, #1607, .F. ) ;
#955 = CARTESIAN_POINT ( 'NONE',  ( 2.992499999999998828, -9.140000000000000568, 0.2500000000000000000 ) ) ;
#956 = EDGE_CURVE ( 'NONE', #1078, #592, #2461, .T. ) ;
#957 = DIRECTION ( 'NONE',  ( -0.000000000000000000, 0.000000000000000000, -1.000000000000000000 ) ) ;
#958 = VERTEX_POINT ( 'NONE', #1814 ) ;
#959 = VECTOR ( 'NONE', #2093, 1000.000000000000000 ) ;
#960 = ORIENTED_EDGE ( 'NONE', *, *, #714, .F. ) ;
#961 = VECTOR ( 'NONE', #858, 1000.000000000000000 ) ;
#962 = VECTOR ( 'NONE', #21, 1000.000000000000114 ) ;
#963 = ADVANCED_FACE ( 'NONE', ( #438 ), #37, .T. ) ;
#964 = PLANE ( 'NONE',  #2224 ) ;
#965 = DIRECTION ( 'NONE',  ( 0.7071067811865543451, -0.7071067811865406894, -0.000000000000000000 ) ) ;
#966 = CARTESIAN_POINT ( 'NONE',  ( -3.847499999999977494, -9.139999999999998792, -0.2500000000000000000 ) ) ;
#967 = EDGE_LOOP ( 'NONE', ( #161, #2370, #408, #1452 ) ) ;
#968 = DIRECTION ( 'NONE',  ( 0.7071067811865412445, 0.7071067811865537900, -0.000000000000000000 ) ) ;
#969 = ORIENTED_EDGE ( 'NONE', *, *, #2119, .F. ) ;
#970 = CARTESIAN_POINT ( 'NONE',  ( -3.175000000000000711, 8.629999999999997229, -2.985000000000000320 ) ) ;
#971 = VERTEX_POINT ( 'NONE', #1852 ) ;
#972 = VERTEX_POINT ( 'NONE', #1061 ) ;
#973 = EDGE_CURVE ( 'NONE', #972, #1870, #458, .T. ) ;
#974 = CARTESIAN_POINT ( 'NONE',  ( 3.174999999999999822, 14.97999999999999687, -2.984999999999999876 ) ) ;
#975 = DIRECTION ( 'NONE',  ( 1.000000000000000000, 1.949127501097539651E-15, -0.000000000000000000 ) ) ;
#976 = EDGE_CURVE ( 'NONE', #1453, #1269, #1841, .T. ) ;
#977 = LINE ( 'NONE', #2378, #1692 ) ;
#978 = ORIENTED_EDGE ( 'NONE', *, *, #280, .F. ) ;
#979 = DIRECTION ( 'NONE',  ( -0.000000000000000000, 1.000000000000000000, -0.000000000000000000 ) ) ;
#980 = ORIENTED_EDGE ( 'NONE', *, *, #1509, .F. ) ;
#981 = PLANE ( 'NONE',  #1609 ) ;
#982 = ORIENTED_EDGE ( 'NONE', *, *, #1154, .T. ) ;
#983 = VERTEX_POINT ( 'NONE', #1638 ) ;
#984 = ADVANCED_FACE ( 'NONE', ( #74 ), #2423, .F. ) ;
#985 = AXIS2_PLACEMENT_3D ( 'NONE', #2332, #1952, #798 ) ;
#986 = DIRECTION ( 'NONE',  ( 0.000000000000000000, -1.000000000000000000, -1.012714822391489260E-16 ) ) ;
#987 = LINE ( 'NONE', #394, #1410 ) ;
#988 = CARTESIAN_POINT ( 'NONE',  ( 1.282499999999998863, -9.140000000000000568, -0.2500000000000000000 ) ) ;
#989 = VECTOR ( 'NONE', #901, 1000.000000000000000 ) ;
#990 = FILL_AREA_STYLE ('',( #2563 ) ) ;
#991 = VECTOR ( 'NONE', #2439, 1000.000000000000000 ) ;
#992 = VECTOR ( 'NONE', #75, 1000.000000000000000 ) ;
#993 = CARTESIAN_POINT ( 'NONE',  ( 5.080000000000000071, 14.97999999999999687, -2.984999999999999432 ) ) ;
#994 = VERTEX_POINT ( 'NONE', #2232 ) ;
#995 = VECTOR ( 'NONE', #965, 1000.000000000000227 ) ;
#996 = EDGE_CURVE ( 'NONE', #1602, #2064, #1264, .T. ) ;
#997 = UNCERTAINTY_MEASURE_WITH_UNIT (LENGTH_MEASURE( 1.000000000000000082E-05 ), #1987, 'distance_accuracy_value', 'NONE');
#998 = CARTESIAN_POINT ( 'NONE',  ( 2.362499999999997602, 0.1900000000000013622, -0.2500000000000000000 ) ) ;
#999 = EDGE_LOOP ( 'NONE', ( #71, #1768, #541, #2152 ) ) ;
#1000 = DIRECTION ( 'NONE',  ( 0.000000000000000000, 1.012714822391489260E-16, -1.000000000000000000 ) ) ;
#1001 = VECTOR ( 'NONE', #304, 1000.000000000000227 ) ;
#1002 = EDGE_LOOP ( 'NONE', ( #1655, #202, #813, #1725 ) ) ;
#1003 = VECTOR ( 'NONE', #854, 1000.000000000000000 ) ;
#1004 = AXIS2_PLACEMENT_3D ( 'NONE', #2159, #1230, #2006 ) ;
#1005 = CARTESIAN_POINT ( 'NONE',  ( 4.930000000000002380, 20.51999999999999957, -1.714999999999998748 ) ) ;
#1006 = CARTESIAN_POINT ( 'NONE',  ( 2.802499999999995772, 6.349999999999999645, -0.2500000000000000000 ) ) ;
#1007 = MECHANICAL_DESIGN_GEOMETRIC_PRESENTATION_REPRESENTATION (  '', ( #2036 ), #201 ) ;
#1008 = LINE ( 'NONE', #181, #2347 ) ;
#1009 = EDGE_CURVE ( 'NONE', #1745, #971, #2246, .T. ) ;
#1010 = CARTESIAN_POINT ( 'NONE',  ( 2.992499999999998828, -1.408546971526578661E-16, 0.2500000000000000000 ) ) ;
#1011 = LINE ( 'NONE', #442, #1455 ) ;
#1012 = EDGE_LOOP ( 'NONE', ( #259, #1886, #1378, #2239 ) ) ;
#1013 = VERTEX_POINT ( 'NONE', #1838 ) ;
#1014 = SURFACE_STYLE_FILL_AREA ( #2372 ) ;
#1015 = ORIENTED_EDGE ( 'NONE', *, *, #1062, .F. ) ;
#1016 = VERTEX_POINT ( 'NONE', #491 ) ;
#1017 = VERTEX_POINT ( 'NONE', #1850 ) ;
#1018 = DIRECTION ( 'NONE',  ( 0.000000000000000000, 0.000000000000000000, 1.000000000000000000 ) ) ;
#1019 = DIRECTION ( 'NONE',  ( 1.408054769461693696E-16, -1.000000000000000000, -0.000000000000000000 ) ) ;
#1020 = CARTESIAN_POINT ( 'NONE',  ( -3.175000000000000711, 8.629999999999997229, -2.985000000000000320 ) ) ;
#1021 = EDGE_CURVE ( 'NONE', #2331, #66, #2458, .T. ) ;
#1022 = PLANE ( 'NONE',  #787 ) ;
#1023 = EDGE_CURVE ( 'NONE', #1373, #164, #59, .T. ) ;
#1024 = FILL_AREA_STYLE_COLOUR ( '', #1125 ) ;
#1025 = VERTEX_POINT ( 'NONE', #852 ) ;
#1026 = EDGE_LOOP ( 'NONE', ( #2139, #1054, #1990, #1132 ) ) ;
#1027 = ORIENTED_EDGE ( 'NONE', *, *, #2535, .T. ) ;
#1028 = EDGE_CURVE ( 'NONE', #168, #1339, #866, .T. ) ;
#1029 = CARTESIAN_POINT ( 'NONE',  ( 0.6524999999999977485, 6.349999999999999645, 0.2500000000000000000 ) ) ;
#1030 = ORIENTED_EDGE ( 'NONE', *, *, #2195, .F. ) ;
#1031 = CARTESIAN_POINT ( 'NONE',  ( -2.767500000000001847, 6.349999999999999645, -0.2500000000000000000 ) ) ;
#1032 = EDGE_CURVE ( 'NONE', #488, #390, #218, .T. ) ;
#1033 = CARTESIAN_POINT ( 'NONE',  ( -4.037500000000003197, 6.349999999999999645, -0.2500000000000000000 ) ) ;
#1034 = FACE_OUTER_BOUND ( 'NONE', #1942, .T. ) ;
#1035 = DIRECTION ( 'NONE',  ( -0.000000000000000000, 1.000000000000000000, -0.000000000000000000 ) ) ;
#1036 = DIRECTION ( 'NONE',  ( 0.000000000000000000, -1.000000000000000000, -1.012714822391489260E-16 ) ) ;
#1037 = VERTEX_POINT ( 'NONE', #2208 ) ;
#1038 = EDGE_LOOP ( 'NONE', ( #1960, #1357, #2209, #252 ) ) ;
#1039 = AXIS2_PLACEMENT_3D ( 'NONE', #2329, #1146, #1577 ) ;
#1040 = CARTESIAN_POINT ( 'NONE',  ( 2.802499999999996660, 0.1899999999999980038, -0.2500000000000000000 ) ) ;
#1041 = AXIS2_PLACEMENT_3D ( 'NONE', #1267, #1844, #487 ) ;
#1042 = LINE ( 'NONE', #1822, #715 ) ;
#1043 = EDGE_CURVE ( 'NONE', #1013, #1398, #1633, .T. ) ;
#1044 = FACE_OUTER_BOUND ( 'NONE', #2416, .T. ) ;
#1045 = VERTEX_POINT ( 'NONE', #2432 ) ;
#1046 = CARTESIAN_POINT ( 'NONE',  ( 5.080000000000000071, 14.97999999999999687, -1.714999999999999414 ) ) ;
#1047 = CYLINDRICAL_SURFACE ( 'NONE', #2018, 1.905000000000000471 ) ;
#1048 = EDGE_CURVE ( 'NONE', #1615, #164, #471, .T. ) ;
#1049 = AXIS2_PLACEMENT_3D ( 'NONE', #1330, #1878, #1122 ) ;
#1050 = CARTESIAN_POINT ( 'NONE',  ( 2.172499999999998987, -3.621892908478298396E-16, -0.2500000000000000000 ) ) ;
#1051 = CARTESIAN_POINT ( 'NONE',  ( 5.080000000000001847, 20.51999999999999957, -2.984999999999998987 ) ) ;
#1052 = CARTESIAN_POINT ( 'NONE',  ( -2.767500000000001847, 0.1900000000000013622, -0.2500000000000000000 ) ) ;
#1053 = LINE ( 'NONE', #351, #2230 ) ;
#1054 = ORIENTED_EDGE ( 'NONE', *, *, #1257, .F. ) ;
#1055 = ORIENTED_EDGE ( 'NONE', *, *, #1573, .F. ) ;
#1056 = PLANE ( 'NONE',  #1617 ) ;
#1057 = ORIENTED_EDGE ( 'NONE', *, *, #1764, .F. ) ;
#1058 = CARTESIAN_POINT ( 'NONE',  ( -2.327500000000003233, 6.349999999999999645, -0.2500000000000000000 ) ) ;
#1059 = ORIENTED_EDGE ( 'NONE', *, *, #2243, .F. ) ;
#1060 = VECTOR ( 'NONE', #241, 1000.000000000000000 ) ;
#1061 = CARTESIAN_POINT ( 'NONE',  ( -4.037500000000003197, 6.349999999999999645, -0.2500000000000000000 ) ) ;
#1062 = EDGE_CURVE ( 'NONE', #303, #592, #2251, .T. ) ;
#1063 = SURFACE_STYLE_FILL_AREA ( #1639 ) ;
#1064 = LINE ( 'NONE', #1052, #1566 ) ;
#1065 = DIRECTION ( 'NONE',  ( -0.000000000000000000, 1.000000000000000000, 1.033715691266511967E-16 ) ) ;
#1066 = ORIENTED_EDGE ( 'NONE', *, *, #827, .F. ) ;
#1067 = ORIENTED_EDGE ( 'NONE', *, *, #10, .T. ) ;
#1068 = CARTESIAN_POINT ( 'NONE',  ( -0.4275000000000007683, -9.140000000000000568, -0.2500000000000000000 ) ) ;
#1069 = CARTESIAN_POINT ( 'NONE',  ( 2.992499999999998828, -9.140000000000000568, -0.2500000000000000000 ) ) ;
#1070 = FACE_OUTER_BOUND ( 'NONE', #840, .T. ) ;
#1071 = PLANE ( 'NONE',  #323 ) ;
#1072 = VERTEX_POINT ( 'NONE', #1274 ) ;
#1073 = EDGE_CURVE ( 'NONE', #648, #616, #29, .T. ) ;
#1074 = DIRECTION ( 'NONE',  ( 0.000000000000000000, -1.000000000000000000, -1.033715691266511844E-16 ) ) ;
#1075 = DIRECTION ( 'NONE',  ( 0.000000000000000000, 0.000000000000000000, 1.000000000000000000 ) ) ;
#1076 = LINE ( 'NONE', #1651, #992 ) ;
#1077 = FACE_OUTER_BOUND ( 'NONE', #1544, .T. ) ;
#1078 = VERTEX_POINT ( 'NONE', #2057 ) ;
#1079 = DIRECTION ( 'NONE',  ( 1.949127501097539651E-15, -1.000000000000000000, 0.000000000000000000 ) ) ;
#1080 = CARTESIAN_POINT ( 'NONE',  ( 3.882499999999998952, -9.140000000000000568, 0.2500000000000000000 ) ) ;
#1081 = EDGE_CURVE ( 'NONE', #778, #2218, #1240, .T. ) ;
#1082 = VECTOR ( 'NONE', #2020, 1000.000000000000000 ) ;
#1083 = VECTOR ( 'NONE', #2172, 1000.000000000000000 ) ;
#1084 = LINE ( 'NONE', #2262, #1493 ) ;
#1085 = VECTOR ( 'NONE', #1811, 1000.000000000000000 ) ;
#1086 = ORIENTED_EDGE ( 'NONE', *, *, #266, .T. ) ;
#1087 = FACE_OUTER_BOUND ( 'NONE', #1765, .T. ) ;
#1088 = VECTOR ( 'NONE', #568, 1000.000000000000000 ) ;
#1089 = CLOSED_SHELL ( 'NONE', ( #333, #2253, #1363, #1823, #1221, #358, #2009, #608, #105, #163 ) ) ;
#1090 = FACE_OUTER_BOUND ( 'NONE', #651, .T. ) ;
#1091 = DIRECTION ( 'NONE',  ( 1.365923996832131116E-16, 1.000000000000000000, 0.000000000000000000 ) ) ;
#1092 = VECTOR ( 'NONE', #1320, 1000.000000000000000 ) ;
#1093 =( NAMED_UNIT ( * ) SI_UNIT ( $, .STERADIAN. ) SOLID_ANGLE_UNIT ( ) );
#1094 = AXIS2_PLACEMENT_3D ( 'NONE', #1046, #841, #640 ) ;
#1095 = ORIENTED_EDGE ( 'NONE', *, *, #1481, .T. ) ;
#1096 = CARTESIAN_POINT ( 'NONE',  ( -5.080000000000000071, 21.83999999999999986, -2.984999999999998987 ) ) ;
#1097 = DIRECTION ( 'NONE',  ( -1.910488409666086025E-16, -1.000000000000000000, -1.910488409666086025E-16 ) ) ;
#1098 = CARTESIAN_POINT ( 'NONE',  ( 0.000000000000000000, 20.82499999999999929, -2.984999999999999432 ) ) ;
#1099 = LINE ( 'NONE', #1876, #989 ) ;
#1100 = ORIENTED_EDGE ( 'NONE', *, *, #2444, .T. ) ;
#1101 = CARTESIAN_POINT ( 'NONE',  ( 2.992499999999998828, -1.408546971526578661E-16, -0.2500000000000000000 ) ) ;
#1102 = EDGE_CURVE ( 'NONE', #2363, #85, #1618, .T. ) ;
#1103 = SURFACE_SIDE_STYLE ('',( #508 ) ) ;
#1104 = SURFACE_STYLE_FILL_AREA ( #699 ) ;
#1105 = VERTEX_POINT ( 'NONE', #2015 ) ;
#1106 = EDGE_CURVE ( 'NONE', #777, #1147, #2404, .T. ) ;
#1107 = CARTESIAN_POINT ( 'NONE',  ( 5.080000000000000071, 6.349999999999999645, -0.2500000000000000000 ) ) ;
#1108 = EDGE_CURVE ( 'NONE', #2290, #1013, #1285, .T. ) ;
#1109 = APPLICATION_PROTOCOL_DEFINITION ( 'draft international standard', 'automotive_design', 1998, #504 ) ;
#1110 = CARTESIAN_POINT ( 'NONE',  ( 5.080000000000000071, 21.83999999999999986, -1.714999999999998748 ) ) ;
#1111 = LINE ( 'NONE', #739, #834 ) ;
#1112 = VERTEX_POINT ( 'NONE', #1673 ) ;
#1113 = PLANE ( 'NONE',  #883 ) ;
#1114 = LINE ( 'NONE', #1699, #1265 ) ;
#1115 = LINE ( 'NONE', #744, #1612 ) ;
#1116 = EDGE_LOOP ( 'NONE', ( #345, #2173, #1588, #2105 ) ) ;
#1117 = DIRECTION ( 'NONE',  ( 1.408054769461693696E-16, -1.000000000000000000, -0.000000000000000000 ) ) ;
#1118 = VECTOR ( 'NONE', #1402, 999.9999999999998863 ) ;
#1119 = DIRECTION ( 'NONE',  ( 0.000000000000000000, -1.000000000000000000, 0.000000000000000000 ) ) ;
#1120 = LINE ( 'NONE', #1637, #2063 ) ;
#1121 = ORIENTED_EDGE ( 'NONE', *, *, #788, .F. ) ;
#1122 = DIRECTION ( 'NONE',  ( 0.000000000000000000, 0.1736481776669304700, 0.9848077530122081313 ) ) ;
#1123 = VECTOR ( 'NONE', #2518, 1000.000000000000000 ) ;
#1124 = ADVANCED_FACE ( 'NONE', ( #1044 ), #1071, .T. ) ;
#1125 = COLOUR_RGB ( '',0.7921568627450980005, 0.8196078431372548767, 0.9333333333333333481 ) ;
#1126 = AXIS2_PLACEMENT_3D ( 'NONE', #1350, #2146, #1941 ) ;
#1127 = EDGE_CURVE ( 'NONE', #1674, #729, #1084, .T. ) ;
#1128 = AXIS2_PLACEMENT_3D ( 'NONE', #109, #1498, #2500 ) ;
#1129 = MECHANICAL_DESIGN_GEOMETRIC_PRESENTATION_REPRESENTATION (  '', ( #2440 ), #1335 ) ;
#1130 = CARTESIAN_POINT ( 'NONE',  ( 4.930000000000001492, 19.51999999999999957, -1.714999999999998748 ) ) ;
#1131 = CARTESIAN_POINT ( 'NONE',  ( -4.846126290563542049, 6.453821564096686281, 0.8388013489458113758 ) ) ;
#1132 = ORIENTED_EDGE ( 'NONE', *, *, #1831, .T. ) ;
#1133 = CARTESIAN_POINT ( 'NONE',  ( -3.847499999999977494, -9.139999999999998792, -0.2500000000000000000 ) ) ;
#1134 = AXIS2_PLACEMENT_3D ( 'NONE', #137, #1524, #944 ) ;
#1135 = VECTOR ( 'NONE', #2085, 1000.000000000000000 ) ;
#1136 = CARTESIAN_POINT ( 'NONE',  ( 0.4624999999999993561, -3.621892908478298396E-16, -0.2500000000000000000 ) ) ;
#1137 = CARTESIAN_POINT ( 'NONE',  ( 3.882499999999998952, -9.140000000000000568, -0.2500000000000000000 ) ) ;
#1138 = EDGE_LOOP ( 'NONE', ( #1746, #1250, #1143, #2149, #1968, #1443, #331, #1386 ) ) ;
#1139 = CARTESIAN_POINT ( 'NONE',  ( -1.057500000000002105, 0.1900000000000013622, 0.2500000000000000000 ) ) ;
#1140 = DIRECTION ( 'NONE',  ( 1.408054769461693696E-16, -1.000000000000000000, 0.000000000000000000 ) ) ;
#1141 = CARTESIAN_POINT ( 'NONE',  ( 3.174999999999999822, 14.97999999999999687, -1.714999999999999414 ) ) ;
#1142 = EDGE_CURVE ( 'NONE', #1165, #1756, #1974, .T. ) ;
#1143 = ORIENTED_EDGE ( 'NONE', *, *, #2396, .T. ) ;
#1144 = CARTESIAN_POINT ( 'NONE',  ( 5.080000000000000959, 19.51999999999999957, -2.984999999999998987 ) ) ;
#1145 = CARTESIAN_POINT ( 'NONE',  ( -2.957499999999979146, -9.139999999999997016, -0.2500000000000000000 ) ) ;
#1146 = DIRECTION ( 'NONE',  ( 0.000000000000000000, 1.000000000000000000, 1.012714822391489260E-16 ) ) ;
#1147 = VERTEX_POINT ( 'NONE', #1258 ) ;
#1148 = ORIENTED_EDGE ( 'NONE', *, *, #441, .F. ) ;
#1149 = FACE_BOUND ( 'NONE', #706, .T. ) ;
#1150 = CARTESIAN_POINT ( 'NONE',  ( 4.072499999999997122, 6.349999999999999645, 0.2500000000000000000 ) ) ;
#1151 = ORIENTED_EDGE ( 'NONE', *, *, #697, .F. ) ;
#1152 = CARTESIAN_POINT ( 'NONE',  ( -1.057500000000002105, 6.349999999999999645, 0.2500000000000000000 ) ) ;
#1153 = ADVANCED_FACE ( 'NONE', ( #1472 ), #1864, .T. ) ;
#1154 = EDGE_CURVE ( 'NONE', #943, #837, #1541, .T. ) ;
#1155 = LINE ( 'NONE', #1832, #709 ) ;
#1156 = DIRECTION ( 'NONE',  ( -1.000000000000000000, -0.000000000000000000, -0.000000000000000000 ) ) ;
#1157 = ORIENTED_EDGE ( 'NONE', *, *, #2392, .F. ) ;
#1158 = ORIENTED_EDGE ( 'NONE', *, *, #1743, .F. ) ;
#1159 =( GEOMETRIC_REPRESENTATION_CONTEXT ( 3 ) GLOBAL_UNCERTAINTY_ASSIGNED_CONTEXT ( ( #1946 ) ) GLOBAL_UNIT_ASSIGNED_CONTEXT ( ( #2221, #446, #248 ) ) REPRESENTATION_CONTEXT ( 'NONE', 'WORKASPACE' ) );
#1160 = FACE_OUTER_BOUND ( 'NONE', #601, .T. ) ;
#1161 = DIRECTION ( 'NONE',  ( -1.000000000000000000, 0.000000000000000000, -0.000000000000000000 ) ) ;
#1162 = LINE ( 'NONE', #111, #878 ) ;
#1163 = VECTOR ( 'NONE', #946, 1000.000000000000000 ) ;
#1164 = VECTOR ( 'NONE', #45, 1000.000000000000000 ) ;
#1165 = VERTEX_POINT ( 'NONE', #1098 ) ;
#1166 = LINE ( 'NONE', #923, #1463 ) ;
#1167 = ORIENTED_EDGE ( 'NONE', *, *, #1938, .T. ) ;
#1168 = DIRECTION ( 'NONE',  ( 0.7071067811865412445, 0.7071067811865537900, -0.000000000000000000 ) ) ;
#1169 = ORIENTED_EDGE ( 'NONE', *, *, #138, .F. ) ;
#1170 = VECTOR ( 'NONE', #1097, 1000.000000000000000 ) ;
#1171 = VERTEX_POINT ( 'NONE', #1343 ) ;
#1172 = ADVANCED_FACE ( 'NONE', ( #1494 ), #1884, .T. ) ;
#1173 = EDGE_CURVE ( 'NONE', #418, #1453, #301, .T. ) ;
#1174 = DIRECTION ( 'NONE',  ( 1.000000000000000000, 0.000000000000000000, -0.000000000000000000 ) ) ;
#1175 = CARTESIAN_POINT ( 'NONE',  ( -2.137500000000000622, -1.408546971526578661E-16, 0.2500000000000000000 ) ) ;
#1176 = LINE ( 'NONE', #988, #617 ) ;
#1177 = ORIENTED_EDGE ( 'NONE', *, *, #352, .F. ) ;
#1178 = PLANE ( 'NONE',  #290 ) ;
#1179 = ORIENTED_EDGE ( 'NONE', *, *, #49, .T. ) ;
#1180 = EDGE_LOOP ( 'NONE', ( #701, #1148, #2196, #1804 ) ) ;
#1181 = EDGE_CURVE ( 'NONE', #983, #1922, #2517, .T. ) ;
#1182 = VECTOR ( 'NONE', #1296, 1000.000000000000000 ) ;
#1183 = CARTESIAN_POINT ( 'NONE',  ( 2.992499999999998828, -1.408546971526578661E-16, -0.2500000000000000000 ) ) ;
#1184 = EDGE_LOOP ( 'NONE', ( #2204, #548, #808, #938 ) ) ;
#1185 = ORIENTED_EDGE ( 'NONE', *, *, #2413, .F. ) ;
#1186 = FACE_OUTER_BOUND ( 'NONE', #355, .T. ) ;
#1187 = DIRECTION ( 'NONE',  ( -1.000000000000000000, 0.000000000000000000, 0.000000000000000000 ) ) ;
#1188 = FACE_OUTER_BOUND ( 'NONE', #565, .T. ) ;
#1189 = ORIENTED_EDGE ( 'NONE', *, *, #686, .T. ) ;
#1190 = FILL_AREA_STYLE_COLOUR ( '', #1907 ) ;
#1191 = ORIENTED_EDGE ( 'NONE', *, *, #1280, .F. ) ;
#1192 = ORIENTED_EDGE ( 'NONE', *, *, #855, .F. ) ;
#1193 = DIRECTION ( 'NONE',  ( 0.000000000000000000, 0.000000000000000000, -1.000000000000000000 ) ) ;
#1194 = ORIENTED_EDGE ( 'NONE', *, *, #2562, .F. ) ;
#1195 = ORIENTED_EDGE ( 'NONE', *, *, #1554, .F. ) ;
#1196 = ORIENTED_EDGE ( 'NONE', *, *, #832, .F. ) ;
#1197 = ADVANCED_FACE ( 'NONE', ( #2103 ), #1327, .T. ) ;
#1198 = DIRECTION ( 'NONE',  ( -1.000000000000000000, 0.000000000000000000, 0.000000000000000000 ) ) ;
#1199 = LINE ( 'NONE', #1006, #674 ) ;
#1200 = DIRECTION ( 'NONE',  ( -1.000000000000000000, 0.000000000000000000, -0.000000000000000000 ) ) ;
#1201 = AXIS2_PLACEMENT_3D ( 'NONE', #809, #1193, #1542 ) ;
#1202 = LINE ( 'NONE', #645, #335 ) ;
#1203 = AXIS2_PLACEMENT_3D ( 'NONE', #1248, #1996, #1354 ) ;
#1204 = VECTOR ( 'NONE', #952, 1000.000000000000000 ) ;
#1205 = CARTESIAN_POINT ( 'NONE',  ( -5.080000000000000071, 14.97999999999999687, -2.984999999999999876 ) ) ;
#1206 = ORIENTED_EDGE ( 'NONE', *, *, #2217, .F. ) ;
#1207 = VECTOR ( 'NONE', #123, 1000.000000000000000 ) ;
#1208 = ORIENTED_EDGE ( 'NONE', *, *, #1481, .F. ) ;
#1209 = SURFACE_SIDE_STYLE ('',( #1014 ) ) ;
#1210 = EDGE_LOOP ( 'NONE', ( #78, #230, #2016, #757 ) ) ;
#1211 = LINE ( 'NONE', #898, #289 ) ;
#1212 = AXIS2_PLACEMENT_3D ( 'NONE', #1353, #2125, #1895 ) ;
#1213 = VERTEX_POINT ( 'NONE', #329 ) ;
#1214 = FACE_OUTER_BOUND ( 'NONE', #246, .T. ) ;
#1215 = ADVANCED_FACE ( 'NONE', ( #514 ), #139, .T. ) ;
#1216 = DIRECTION ( 'NONE',  ( 0.000000000000000000, 1.012714822391489260E-16, -1.000000000000000000 ) ) ;
#1217 = DIRECTION ( 'NONE',  ( 0.000000000000000000, -0.000000000000000000, -1.000000000000000000 ) ) ;
#1218 = CLOSED_SHELL ( 'NONE', ( #1471, #61, #2150, #924, #200, #2310, #2522, #752, #1653, #2371 ) ) ;
#1219 = FILL_AREA_STYLE ('',( #1190 ) ) ;
#1220 = DIRECTION ( 'NONE',  ( 0.000000000000000000, 1.012714822391489260E-16, -1.000000000000000000 ) ) ;
#1221 = ADVANCED_FACE ( 'NONE', ( #2283 ), #2070, .T. ) ;
#1222 = VERTEX_POINT ( 'NONE', #1145 ) ;
#1223 = CARTESIAN_POINT ( 'NONE',  ( 1.282499999999998863, -1.408546971526578661E-16, -0.2500000000000000000 ) ) ;
#1224 = ORIENTED_EDGE ( 'NONE', *, *, #1984, .T. ) ;
#1225 = EDGE_LOOP ( 'NONE', ( #1729, #2219 ) ) ;
#1226 = LINE ( 'NONE', #2421, #2473 ) ;
#1227 = CARTESIAN_POINT ( 'NONE',  ( 1.092499999999997140, 0.1899999999999980038, -0.2500000000000000000 ) ) ;
#1228 = CARTESIAN_POINT ( 'NONE',  ( 1.092499999999996252, 6.349999999999999645, -0.2500000000000000000 ) ) ;
#1229 = CARTESIAN_POINT ( 'NONE',  ( -2.137500000000000622, -9.140000000000000568, -0.2500000000000000000 ) ) ;
#1230 = DIRECTION ( 'NONE',  ( 0.000000000000000000, 1.000000000000000000, 0.000000000000000000 ) ) ;
#1231 = DIRECTION ( 'NONE',  ( 0.000000000000000000, 1.000000000000000000, 0.000000000000000000 ) ) ;
#1232 = SURFACE_STYLE_USAGE ( .BOTH. , #630 ) ;
#1233 = EDGE_CURVE ( 'NONE', #1072, #325, #117, .T. ) ;
#1234 = ORIENTED_EDGE ( 'NONE', *, *, #2068, .T. ) ;
#1235 = EDGE_LOOP ( 'NONE', ( #2477, #559, #1762, #447 ) ) ;
#1236 = LINE ( 'NONE', #2205, #494 ) ;
#1237 = ORIENTED_EDGE ( 'NONE', *, *, #1127, .F. ) ;
#1238 = EDGE_CURVE ( 'NONE', #564, #368, #1911, .T. ) ;
#1239 = EDGE_CURVE ( 'NONE', #1423, #41, #2494, .T. ) ;
#1240 = LINE ( 'NONE', #1460, #1332 ) ;
#1241 = VERTEX_POINT ( 'NONE', #1682 ) ;
#1242 = CARTESIAN_POINT ( 'NONE',  ( -0.6175000000000034905, 6.349999999999999645, 0.2500000000000000000 ) ) ;
#1243 = DIRECTION ( 'NONE',  ( -1.000000000000000000, 1.365923996832131116E-16, 1.383291477852125330E-32 ) ) ;
#1244 = PLANE ( 'NONE',  #570 ) ;
#1245 = LINE ( 'NONE', #1868, #1342 ) ;
#1246 = DIRECTION ( 'NONE',  ( 0.7071067811865543451, -0.7071067811865406894, 0.000000000000000000 ) ) ;
#1247 = DIRECTION ( 'NONE',  ( 0.000000000000000000, 0.000000000000000000, 1.000000000000000000 ) ) ;
#1248 = CARTESIAN_POINT ( 'NONE',  ( -2.767500000000001847, 6.349999999999999645, -0.2500000000000000000 ) ) ;
#1249 = VECTOR ( 'NONE', #1754, 1000.000000000000000 ) ;
#1250 = ORIENTED_EDGE ( 'NONE', *, *, #543, .T. ) ;
#1251 = ORIENTED_EDGE ( 'NONE', *, *, #369, .F. ) ;
#1252 = AXIS2_PLACEMENT_3D ( 'NONE', #1136, #2317, #550 ) ;
#1253 = AXIS2_PLACEMENT_3D ( 'NONE', #761, #2501, #1360 ) ;
#1254 = CARTESIAN_POINT ( 'NONE',  ( -3.847500000000000142, -1.408546971526578661E-16, -0.2500000000000000000 ) ) ;
#1255 = VECTOR ( 'NONE', #624, 1000.000000000000000 ) ;
#1256 = ORIENTED_EDGE ( 'NONE', *, *, #2007, .T. ) ;
#1257 = EDGE_CURVE ( 'NONE', #1601, #85, #1900, .T. ) ;
#1258 = CARTESIAN_POINT ( 'NONE',  ( 3.174999999999998934, 8.629999999999997229, -2.985000000000000320 ) ) ;
#1259 = ORIENTED_EDGE ( 'NONE', *, *, #1491, .T. ) ;
#1260 = EDGE_CURVE ( 'NONE', #983, #1616, #2468, .T. ) ;
#1261 = LINE ( 'NONE', #623, #1415 ) ;
#1262 = CARTESIAN_POINT ( 'NONE',  ( -0.6175000000000034905, 6.349999999999999645, -0.2500000000000000000 ) ) ;
#1263 = VECTOR ( 'NONE', #1291, 1000.000000000000000 ) ;
#1264 = LINE ( 'NONE', #62, #258 ) ;
#1265 = VECTOR ( 'NONE', #2297, 1000.000000000000000 ) ;
#1266 = DIRECTION ( 'NONE',  ( 0.000000000000000000, 0.000000000000000000, -1.000000000000000000 ) ) ;
#1267 = CARTESIAN_POINT ( 'NONE',  ( -5.080000000000000071, 14.97999999999999687, -1.714999999999999414 ) ) ;
#1268 = ORIENTED_EDGE ( 'NONE', *, *, #2467, .T. ) ;
#1269 = VERTEX_POINT ( 'NONE', #936 ) ;
#1270 = LINE ( 'NONE', #489, #1263 ) ;
#1271 = SURFACE_STYLE_USAGE ( .BOTH. , #1209 ) ;
#1272 = LINE ( 'NONE', #2045, #1944 ) ;
#1273 = EDGE_CURVE ( 'NONE', #1105, #1078, #738, .T. ) ;
#1274 = CARTESIAN_POINT ( 'NONE',  ( -1.247500000000000275, -3.621892908478298396E-16, -0.2500000000000000000 ) ) ;
#1275 = VERTEX_POINT ( 'NONE', #2306 ) ;
#1276 = EDGE_CURVE ( 'NONE', #1478, #381, #101, .T. ) ;
#1277 = DIRECTION ( 'NONE',  ( 0.000000000000000000, 1.000000000000000000, 1.138269997360109428E-16 ) ) ;
#1278 = DIRECTION ( 'NONE',  ( 1.314184451497582985E-15, -1.000000000000000000, -0.000000000000000000 ) ) ;
#1279 = CARTESIAN_POINT ( 'NONE',  ( 5.080000000000000071, 14.97999999999999687, -2.984999999999999432 ) ) ;
#1280 = EDGE_CURVE ( 'NONE', #922, #2414, #1920, .T. ) ;
#1281 = CARTESIAN_POINT ( 'NONE',  ( -0.6175000000000026024, 0.1899999999999980038, -0.2500000000000000000 ) ) ;
#1282 = ORIENTED_EDGE ( 'NONE', *, *, #1860, .T. ) ;
#1283 = CARTESIAN_POINT ( 'NONE',  ( 3.174999999999998934, 8.629999999999997229, -1.714999999999999858 ) ) ;
#1284 = DIRECTION ( 'NONE',  ( -1.000000000000000000, -0.000000000000000000, -0.000000000000000000 ) ) ;
#1285 = LINE ( 'NONE', #637, #532 ) ;
#1286 = ORIENTED_EDGE ( 'NONE', *, *, #1735, .T. ) ;
#1287 = DIRECTION ( 'NONE',  ( 0.7071067811865412445, 0.7071067811865537900, -0.000000000000000000 ) ) ;
#1288 = CARTESIAN_POINT ( 'NONE',  ( 5.080000000000000071, 21.83999999999999986, -1.714999999999998748 ) ) ;
#1289 = CARTESIAN_POINT ( 'NONE',  ( -2.327500000000002345, 0.1899999999999980038, -0.2500000000000000000 ) ) ;
#1290 = ORIENTED_EDGE ( 'NONE', *, *, #1238, .F. ) ;
#1291 = DIRECTION ( 'NONE',  ( 1.000000000000000000, -0.000000000000000000, -0.000000000000000000 ) ) ;
#1292 = LINE ( 'NONE', #1470, #1985 ) ;
#1293 = EDGE_CURVE ( 'NONE', #1958, #1428, #1317, .T. ) ;
#1294 = AXIS2_PLACEMENT_3D ( 'NONE', #1308, #2284, #1318 ) ;
#1295 = VECTOR ( 'NONE', #647, 1000.000000000000000 ) ;
#1296 = DIRECTION ( 'NONE',  ( 0.000000000000000000, 0.000000000000000000, 1.000000000000000000 ) ) ;
#1297 = ORIENTED_EDGE ( 'NONE', *, *, #2396, .F. ) ;
#1298 = DIRECTION ( 'NONE',  ( -1.000000000000000000, 0.000000000000000000, -0.000000000000000000 ) ) ;
#1299 = STYLED_ITEM ( 'NONE', ( #2109 ), #629 ) ;
#1300 = EDGE_CURVE ( 'NONE', #1950, #1423, #1817, .T. ) ;
#1301 = EDGE_CURVE ( 'NONE', #831, #27, #1790, .T. ) ;
#1302 = EDGE_CURVE ( 'NONE', #60, #2133, #1155, .T. ) ;
#1303 = DIRECTION ( 'NONE',  ( 0.000000000000000000, 0.000000000000000000, 1.000000000000000000 ) ) ;
#1304 = VECTOR ( 'NONE', #100, 1000.000000000000000 ) ;
#1305 = ORIENTED_EDGE ( 'NONE', *, *, #2535, .F. ) ;
#1306 = FACE_OUTER_BOUND ( 'NONE', #1365, .T. ) ;
#1307 = DIRECTION ( 'NONE',  ( 0.000000000000000000, 0.000000000000000000, 1.000000000000000000 ) ) ;
#1308 = CARTESIAN_POINT ( 'NONE',  ( 1.282499999999998863, -1.408546971526578661E-16, -0.2500000000000000000 ) ) ;
#1309 = ORIENTED_EDGE ( 'NONE', *, *, #720, .T. ) ;
#1310 = PRODUCT_DEFINITION ( 'UNKNOWN', '', #453, #2328 ) ;
#1311 = LINE ( 'NONE', #1101, #1001 ) ;
#1312 = PLANE ( 'NONE',  #2305 ) ;
#1313 = ORIENTED_EDGE ( 'NONE', *, *, #1686, .F. ) ;
#1314 = LINE ( 'NONE', #478, #1576 ) ;
#1315 = EDGE_CURVE ( 'NONE', #1955, #718, #39, .T. ) ;
#1316 = EDGE_CURVE ( 'NONE', #1398, #418, #2426, .T. ) ;
#1317 = LINE ( 'NONE', #2090, #1816 ) ;
#1318 = DIRECTION ( 'NONE',  ( 0.7071067811865543451, -0.7071067811865406894, 0.000000000000000000 ) ) ;
#1319 = ORIENTED_EDGE ( 'NONE', *, *, #612, .T. ) ;
#1320 = DIRECTION ( 'NONE',  ( 1.910488409666086025E-16, 1.000000000000000000, 1.910488409666086025E-16 ) ) ;
#1321 = PRODUCT_DEFINITION_SHAPE ( 'NONE', 'NONE',  #1310 ) ;
#1322 = CARTESIAN_POINT ( 'NONE',  ( -2.137500000000000622, -9.140000000000000568, 0.2500000000000000000 ) ) ;
#1323 = DIRECTION ( 'NONE',  ( 1.365923996832131609E-16, 1.000000000000000000, 6.829619984160658046E-17 ) ) ;
#1324 = PLANE ( 'NONE',  #1126 ) ;
#1325 = ORIENTED_EDGE ( 'NONE', *, *, #838, .T. ) ;
#1326 = DIRECTION ( 'NONE',  ( 0.000000000000000000, 1.012714822391489260E-16, -1.000000000000000000 ) ) ;
#1327 = PLANE ( 'NONE',  #188 ) ;
#1328 = DIRECTION ( 'NONE',  ( -0.000000000000000000, 0.000000000000000000, -1.000000000000000000 ) ) ;
#1329 = VERTEX_POINT ( 'NONE', #2397 ) ;
#1330 = CARTESIAN_POINT ( 'NONE',  ( 5.080000000000000071, 6.349999999999999645, 0.2500000000000000000 ) ) ;
#1331 = STYLED_ITEM ( 'NONE', ( #2176 ), #2485 ) ;
#1332 = VECTOR ( 'NONE', #839, 1000.000000000000000 ) ;
#1333 = VECTOR ( 'NONE', #1667, 1000.000000000000000 ) ;
#1334 = EDGE_CURVE ( 'NONE', #392, #1222, #2026, .T. ) ;
#1335 =( GEOMETRIC_REPRESENTATION_CONTEXT ( 3 ) GLOBAL_UNCERTAINTY_ASSIGNED_CONTEXT ( ( #2525 ) ) GLOBAL_UNIT_ASSIGNED_CONTEXT ( ( #1586, #376, #2355 ) ) REPRESENTATION_CONTEXT ( 'NONE', 'WORKASPACE' ) );
#1336 = CARTESIAN_POINT ( 'NONE',  ( 0.4624999999999993561, -3.621892908478298396E-16, 0.2500000000000000000 ) ) ;
#1337 = CARTESIAN_POINT ( 'NONE',  ( -0.6175000000000026024, 0.1899999999999980038, -0.2500000000000000000 ) ) ;
#1338 = DIRECTION ( 'NONE',  ( 2.467330983336815781E-15, -1.000000000000000000, -0.000000000000000000 ) ) ;
#1339 = VERTEX_POINT ( 'NONE', #1205 ) ;
#1340 = CARTESIAN_POINT ( 'NONE',  ( 0.000000000000000000, 0.000000000000000000, 0.2500000000000000000 ) ) ;
#1341 = AXIS2_PLACEMENT_3D ( 'NONE', #483, #517, #295 ) ;
#1342 = VECTOR ( 'NONE', #282, 1000.000000000000000 ) ;
#1343 = CARTESIAN_POINT ( 'NONE',  ( 0.4624999999999993561, -3.621892908478298396E-16, -0.2500000000000000000 ) ) ;
#1344 = LINE ( 'NONE', #1970, #1652 ) ;
#1345 = ORIENTED_EDGE ( 'NONE', *, *, #88, .F. ) ;
#1346 = ORIENTED_EDGE ( 'NONE', *, *, #1831, .F. ) ;
#1347 =( LENGTH_UNIT ( ) NAMED_UNIT ( * ) SI_UNIT ( .MILLI., .METRE. ) );
#1348 = CARTESIAN_POINT ( 'NONE',  ( 3.882499999999998952, -9.140000000000000568, -0.2500000000000000000 ) ) ;
#1349 = EDGE_CURVE ( 'NONE', #2527, #778, #1011, .T. ) ;
#1350 = CARTESIAN_POINT ( 'NONE',  ( -5.080000000000000071, 14.97999999999999687, -2.984999999999999432 ) ) ;
#1351 = ORIENTED_EDGE ( 'NONE', *, *, #1334, .F. ) ;
#1352 = EDGE_CURVE ( 'NONE', #849, #136, #1587, .T. ) ;
#1353 = CARTESIAN_POINT ( 'NONE',  ( -5.079999999999999183, 19.51999999999999957, -1.714999999999998748 ) ) ;
#1354 = DIRECTION ( 'NONE',  ( -0.000000000000000000, 0.000000000000000000, -1.000000000000000000 ) ) ;
#1355 = CARTESIAN_POINT ( 'NONE',  ( 1.092499999999997140, 0.1899999999999980038, 0.2500000000000000000 ) ) ;
#1356 = ORIENTED_EDGE ( 'NONE', *, *, #606, .F. ) ;
#1357 = ORIENTED_EDGE ( 'NONE', *, *, #2162, .F. ) ;
#1358 = CARTESIAN_POINT ( 'NONE',  ( -4.037500000000002309, 0.1899999999999980038, 0.2500000000000000000 ) ) ;
#1359 = CARTESIAN_POINT ( 'NONE',  ( -1.247500000000000275, -9.140000000000000568, 0.2500000000000000000 ) ) ;
#1360 = DIRECTION ( 'NONE',  ( 2.467330983336815781E-15, -1.000000000000000000, 0.000000000000000000 ) ) ;
#1361 = ORIENTED_EDGE ( 'NONE', *, *, #1302, .F. ) ;
#1362 = CARTESIAN_POINT ( 'NONE',  ( 1.092499999999997140, 0.1899999999999980038, -0.2500000000000000000 ) ) ;
#1363 = ADVANCED_FACE ( 'NONE', ( #11 ), #54, .T. ) ;
#1364 = DIRECTION ( 'NONE',  ( 0.000000000000000000, 0.000000000000000000, 1.000000000000000000 ) ) ;
#1365 = EDGE_LOOP ( 'NONE', ( #12, #1030, #4, #89 ) ) ;
#1366 = EDGE_LOOP ( 'NONE', ( #1437, #679, #1196, #870, #2428, #1351, #1619, #2340 ) ) ;
#1367 = AXIS2_PLACEMENT_3D ( 'NONE', #1069, #1411, #43 ) ;
#1368 = CARTESIAN_POINT ( 'NONE',  ( -5.080000000000000071, 14.97999999999999687, -2.984999999999999432 ) ) ;
#1369 = LINE ( 'NONE', #1348, #2516 ) ;
#1370 = CARTESIAN_POINT ( 'NONE',  ( 5.080000000000001847, 20.51999999999999957, -1.714999999999998748 ) ) ;
#1371 = AXIS2_PLACEMENT_3D ( 'NONE', #342, #1517, #291 ) ;
#1372 = ADVANCED_FACE ( 'NONE', ( #818 ), #2126, .T. ) ;
#1373 = VERTEX_POINT ( 'NONE', #1981 ) ;
#1374 = DIRECTION ( 'NONE',  ( 0.06104853953485053081, 0.000000000000000000, -0.9981347984218673641 ) ) ;
#1375 = ORIENTED_EDGE ( 'NONE', *, *, #1671, .F. ) ;
#1376 = EDGE_LOOP ( 'NONE', ( #275, #822, #762, #1256 ) ) ;
#1377 = FACE_OUTER_BOUND ( 'NONE', #510, .T. ) ;
#1378 = ORIENTED_EDGE ( 'NONE', *, *, #485, .F. ) ;
#1379 = VECTOR ( 'NONE', #1691, 1000.000000000000227 ) ;
#1380 = ORIENTED_EDGE ( 'NONE', *, *, #441, .T. ) ;
#1381 = LINE ( 'NONE', #2544, #2244 ) ;
#1382 = CARTESIAN_POINT ( 'NONE',  ( 0.000000000000000000, 0.000000000000000000, -0.2500000000000000000 ) ) ;
#1383 = DIRECTION ( 'NONE',  ( 1.365923996832131609E-16, 1.000000000000000000, 6.829619984160658046E-17 ) ) ;
#1384 = ORIENTED_EDGE ( 'NONE', *, *, #2162, .T. ) ;
#1385 = EDGE_LOOP ( 'NONE', ( #1988, #192, #1309, #2384 ) ) ;
#1386 = ORIENTED_EDGE ( 'NONE', *, *, #2255, .T. ) ;
#1387 = EDGE_CURVE ( 'NONE', #234, #695, #1053, .T. ) ;
#1388 = CARTESIAN_POINT ( 'NONE',  ( 2.172499999999998987, -3.621892908478298396E-16, -0.2500000000000000000 ) ) ;
#1389 = EDGE_LOOP ( 'NONE', ( #1055, #1425, #2267, #1547 ) ) ;
#1390 = VERTEX_POINT ( 'NONE', #1777 ) ;
#1391 = ORIENTED_EDGE ( 'NONE', *, *, #378, .F. ) ;
#1392 = CARTESIAN_POINT ( 'NONE',  ( 3.174999999999998934, 8.629999999999997229, -1.714999999999999858 ) ) ;
#1393 = CARTESIAN_POINT ( 'NONE',  ( -3.175000000000000711, 8.629999999999997229, -1.714999999999999858 ) ) ;
#1394 = DIRECTION ( 'NONE',  ( 0.06104853953485053081, -0.000000000000000000, 0.9981347984218673641 ) ) ;
#1395 = LINE ( 'NONE', #9, #680 ) ;
#1396 = CARTESIAN_POINT ( 'NONE',  ( 4.930000000000002380, 20.51999999999999957, -1.714999999999998748 ) ) ;
#1397 = VERTEX_POINT ( 'NONE', #861 ) ;
#1398 = VERTEX_POINT ( 'NONE', #1421 ) ;
#1399 = ORIENTED_EDGE ( 'NONE', *, *, #2198, .F. ) ;
#1400 = DIRECTION ( 'NONE',  ( 0.000000000000000000, 1.000000000000000000, 0.000000000000000000 ) ) ;
#1401 = ORIENTED_EDGE ( 'NONE', *, *, #1173, .F. ) ;
#1402 = DIRECTION ( 'NONE',  ( -0.06104853953485053081, -0.000000000000000000, -0.9981347984218674751 ) ) ;
#1403 = DIRECTION ( 'NONE',  ( 0.000000000000000000, 1.000000000000000000, 1.138269997360109428E-16 ) ) ;
#1404 = EDGE_CURVE ( 'NONE', #2414, #2160, #2565, .T. ) ;
#1405 = CARTESIAN_POINT ( 'NONE',  ( 2.172499999999998987, -9.140000000000000568, -0.2500000000000000000 ) ) ;
#1406 = VECTOR ( 'NONE', #1821, 1000.000000000000000 ) ;
#1407 = VECTOR ( 'NONE', #1247, 1000.000000000000000 ) ;
#1408 = CARTESIAN_POINT ( 'NONE',  ( 5.080000000000001847, 20.51999999999999957, -2.984999999999998987 ) ) ;
#1409 = EDGE_LOOP ( 'NONE', ( #2252, #1523, #1684, #204, #2042, #2346 ) ) ;
#1410 = VECTOR ( 'NONE', #373, 1000.000000000000000 ) ;
#1411 = DIRECTION ( 'NONE',  ( -1.000000000000000000, 0.000000000000000000, 0.000000000000000000 ) ) ;
#1412 = ORIENTED_EDGE ( 'NONE', *, *, #912, .F. ) ;
#1413 = AXIS2_PLACEMENT_3D ( 'NONE', #511, #1656, #663 ) ;
#1414 = ORIENTED_EDGE ( 'NONE', *, *, #1984, .F. ) ;
#1415 = VECTOR ( 'NONE', #1635, 999.9999999999998863 ) ;
#1416 = PLANE ( 'NONE',  #1094 ) ;
#1417 = CARTESIAN_POINT ( 'NONE',  ( 2.362499999999997602, 0.1900000000000013622, -0.2500000000000000000 ) ) ;
#1418 = EDGE_CURVE ( 'NONE', #234, #648, #2368, .T. ) ;
#1419 = LINE ( 'NONE', #2157, #1731 ) ;
#1420 = LINE ( 'NONE', #22, #1407 ) ;
#1421 = CARTESIAN_POINT ( 'NONE',  ( 2.172499999999998987, -3.621892908478298396E-16, 0.2500000000000000000 ) ) ;
#1422 = EDGE_CURVE ( 'NONE', #911, #994, #226, .T. ) ;
#1423 = VERTEX_POINT ( 'NONE', #615 ) ;
#1424 = LINE ( 'NONE', #1254, #2100 ) ;
#1425 = ORIENTED_EDGE ( 'NONE', *, *, #1491, .F. ) ;
#1426 = MANIFOLD_SOLID_BREP ( 'Boss-Extrude3[1]', #1089 ) ;
#1427 = DIRECTION ( 'NONE',  ( 1.000000000000000000, -0.000000000000000000, -0.000000000000000000 ) ) ;
#1428 = VERTEX_POINT ( 'NONE', #1281 ) ;
#1429 = CARTESIAN_POINT ( 'NONE',  ( -4.037500000000002309, 0.1899999999999980038, -0.2500000000000000000 ) ) ;
#1430 = PLANE ( 'NONE',  #1456 ) ;
#1431 = DIRECTION ( 'NONE',  ( -0.000000000000000000, 1.000000000000000000, -0.000000000000000000 ) ) ;
#1432 = FACE_OUTER_BOUND ( 'NONE', #1389, .T. ) ;
#1433 = LINE ( 'NONE', #474, #2143 ) ;
#1434 = FACE_OUTER_BOUND ( 'NONE', #1839, .T. ) ;
#1435 = DIRECTION ( 'NONE',  ( -1.000000000000000000, 0.000000000000000000, 0.000000000000000000 ) ) ;
#1436 = ADVANCED_FACE ( 'NONE', ( #257 ), #416, .T. ) ;
#1437 = ORIENTED_EDGE ( 'NONE', *, *, #812, .F. ) ;
#1438 = ORIENTED_EDGE ( 'NONE', *, *, #256, .T. ) ;
#1439 = EDGE_CURVE ( 'NONE', #1616, #1025, #2041, .T. ) ;
#1440 = CARTESIAN_POINT ( 'NONE',  ( 2.992499999999998828, -1.408546971526578661E-16, 0.2500000000000000000 ) ) ;
#1441 = ORIENTED_EDGE ( 'NONE', *, *, #2430, .F. ) ;
#1442 = CARTESIAN_POINT ( 'NONE',  ( 0.000000000000000000, 18.91999999999999815, -2.984999999999999432 ) ) ;
#1443 = ORIENTED_EDGE ( 'NONE', *, *, #700, .T. ) ;
#1444 = LINE ( 'NONE', #1242, #1003 ) ;
#1445 = CARTESIAN_POINT ( 'NONE',  ( 2.802499999999996660, 0.1899999999999980038, 0.2500000000000000000 ) ) ;
#1446 = VECTOR ( 'NONE', #2197, 1000.000000000000000 ) ;
#1447 = DIRECTION ( 'NONE',  ( 0.000000000000000000, -1.033715691266511844E-16, 1.000000000000000000 ) ) ;
#1448 = DIRECTION ( 'NONE',  ( 1.408054769461693696E-16, -1.000000000000000000, -0.000000000000000000 ) ) ;
#1449 = EDGE_CURVE ( 'NONE', #206, #741, #2053, .T. ) ;
#1450 = CARTESIAN_POINT ( 'NONE',  ( 2.362499999999997602, 6.349999999999999645, 0.2500000000000000000 ) ) ;
#1451 = AXIS2_PLACEMENT_3D ( 'NONE', #1137, #2469, #1912 ) ;
#1452 = ORIENTED_EDGE ( 'NONE', *, *, #1023, .T. ) ;
#1453 = VERTEX_POINT ( 'NONE', #1450 ) ;
#1454 = CARTESIAN_POINT ( 'NONE',  ( 3.174999999999999822, 14.97999999999999687, -2.984999999999999876 ) ) ;
#1455 = VECTOR ( 'NONE', #152, 1000.000000000000227 ) ;
#1456 = AXIS2_PLACEMENT_3D ( 'NONE', #2211, #1243, #436 ) ;
#1457 = DIRECTION ( 'NONE',  ( 0.7071067811865543451, -0.7071067811865406894, -0.000000000000000000 ) ) ;
#1458 = VECTOR ( 'NONE', #2545, 1000.000000000000227 ) ;
#1459 = ORIENTED_EDGE ( 'NONE', *, *, #2217, .T. ) ;
#1460 = CARTESIAN_POINT ( 'NONE',  ( -2.137500000000000622, -1.408546971526578661E-16, -0.2500000000000000000 ) ) ;
#1461 = ORIENTED_EDGE ( 'NONE', *, *, #1627, .T. ) ;
#1462 = ADVANCED_FACE ( 'NONE', ( #2062 ), #462, .T. ) ;
#1463 = VECTOR ( 'NONE', #1943, 1000.000000000000000 ) ;
#1464 = DIRECTION ( 'NONE',  ( 0.000000000000000000, -0.000000000000000000, -1.000000000000000000 ) ) ;
#1465 = DIRECTION ( 'NONE',  ( -0.000000000000000000, 1.000000000000000000, -0.000000000000000000 ) ) ;
#1466 =( NAMED_UNIT ( * ) PLANE_ANGLE_UNIT ( ) SI_UNIT ( $, .RADIAN. ) );
#1467 = ORIENTED_EDGE ( 'NONE', *, *, #956, .T. ) ;
#1468 = EDGE_LOOP ( 'NONE', ( #2341, #2048, #2164, #2330, #126, #596, #183, #2519 ) ) ;
#1469 = DIRECTION ( 'NONE',  ( -1.000000000000000000, -1.408054769461693696E-16, 0.000000000000000000 ) ) ;
#1470 = CARTESIAN_POINT ( 'NONE',  ( 2.802499999999995772, 6.349999999999999645, -0.2500000000000000000 ) ) ;
#1471 = ADVANCED_FACE ( 'NONE', ( #1077 ), #2258, .T. ) ;
#1472 = FACE_OUTER_BOUND ( 'NONE', #2507, .T. ) ;
#1473 = ORIENTED_EDGE ( 'NONE', *, *, #1711, .F. ) ;
#1474 = LINE ( 'NONE', #2059, #2486 ) ;
#1475 = CARTESIAN_POINT ( 'NONE',  ( -0.6175000000000034905, 6.349999999999999645, -0.2500000000000000000 ) ) ;
#1476 = FACE_OUTER_BOUND ( 'NONE', #1730, .T. ) ;
#1477 = DIRECTION ( 'NONE',  ( -1.314184451497582985E-15, 1.000000000000000000, 0.000000000000000000 ) ) ;
#1478 = VERTEX_POINT ( 'NONE', #884 ) ;
#1479 = DIRECTION ( 'NONE',  ( 1.000000000000000000, 1.949127501097539651E-15, 0.000000000000000000 ) ) ;
#1480 = CARTESIAN_POINT ( 'NONE',  ( 3.174999999999999822, 14.97999999999999687, -1.714999999999999414 ) ) ;
#1481 = EDGE_CURVE ( 'NONE', #1241, #368, #1668, .T. ) ;
#1482 = DIRECTION ( 'NONE',  ( -1.000000000000000000, -0.000000000000000000, -0.000000000000000000 ) ) ;
#1483 = EDGE_LOOP ( 'NONE', ( #2222, #310, #2538, #1997 ) ) ;
#1484 = ADVANCED_FACE ( 'NONE', ( #1700 ), #1521, .F. ) ;
#1485 = DIRECTION ( 'NONE',  ( -1.000000000000000000, -0.000000000000000000, -0.000000000000000000 ) ) ;
#1486 = DIRECTION ( 'NONE',  ( 0.000000000000000000, 1.012714822391489260E-16, -1.000000000000000000 ) ) ;
#1487 = EDGE_CURVE ( 'NONE', #2117, #1329, #1115, .T. ) ;
#1488 = DIRECTION ( 'NONE',  ( -2.277536292310906692E-15, 1.000000000000000000, -0.000000000000000000 ) ) ;
#1489 = ORIENTED_EDGE ( 'NONE', *, *, #2430, .T. ) ;
#1490 = LINE ( 'NONE', #90, #1702 ) ;
#1491 = EDGE_CURVE ( 'NONE', #922, #649, #1869, .T. ) ;
#1492 = PRESENTATION_LAYER_ASSIGNMENT (  '', '', ( #1331 ) ) ;
#1493 = VECTOR ( 'NONE', #652, 1000.000000000000000 ) ;
#1494 = FACE_OUTER_BOUND ( 'NONE', #344, .T. ) ;
#1495 = LINE ( 'NONE', #515, #1896 ) ;
#1496 = VERTEX_POINT ( 'NONE', #2077 ) ;
#1497 = PLANE ( 'NONE',  #2523 ) ;
#1498 = DIRECTION ( 'NONE',  ( -1.000000000000000000, 0.000000000000000000, 0.000000000000000000 ) ) ;
#1499 = EDGE_CURVE ( 'NONE', #943, #1745, #733, .T. ) ;
#1500 = VECTOR ( 'NONE', #2327, 1000.000000000000000 ) ;
#1501 = VERTEX_POINT ( 'NONE', #2488 ) ;
#1502 = MANIFOLD_SOLID_BREP ( 'Boss-Extrude2', #120 ) ;
#1503 = DIRECTION ( 'NONE',  ( 1.408054769461693696E-16, -1.000000000000000000, 0.000000000000000000 ) ) ;
#1504 = ADVANCED_FACE ( 'NONE', ( #2280 ), #1891, .T. ) ;
#1505 = DIRECTION ( 'NONE',  ( 1.000000000000000000, -0.000000000000000000, -0.000000000000000000 ) ) ;
#1506 = FACE_OUTER_BOUND ( 'NONE', #1180, .T. ) ;
#1507 = EDGE_LOOP ( 'NONE', ( #1441, #2441, #184, #1067 ) ) ;
#1508 = PLANE ( 'NONE',  #844 ) ;
#1509 = EDGE_CURVE ( 'NONE', #778, #922, #2313, .T. ) ;
#1510 = VECTOR ( 'NONE', #687, 1000.000000000000000 ) ;
#1511 = CARTESIAN_POINT ( 'NONE',  ( -1.057500000000002105, 6.349999999999999645, -0.2500000000000000000 ) ) ;
#1512 = SURFACE_SIDE_STYLE ('',( #1104 ) ) ;
#1513 = LINE ( 'NONE', #942, #405 ) ;
#1514 = ORIENTED_EDGE ( 'NONE', *, *, #665, .T. ) ;
#1515 = LINE ( 'NONE', #1739, #1664 ) ;
#1516 = EDGE_CURVE ( 'NONE', #1213, #1478, #308, .T. ) ;
#1517 = DIRECTION ( 'NONE',  ( 1.000000000000000000, 2.277536292310906692E-15, -0.000000000000000000 ) ) ;
#1518 = CARTESIAN_POINT ( 'NONE',  ( -1.057500000000002105, 6.349999999999999645, -0.2500000000000000000 ) ) ;
#1519 = VERTEX_POINT ( 'NONE', #519 ) ;
#1520 = LINE ( 'NONE', #1139, #2108 ) ;
#1521 = PLANE ( 'NONE',  #619 ) ;
#1522 = CARTESIAN_POINT ( 'NONE',  ( -3.175000000000000711, 8.629999999999997229, -1.714999999999999858 ) ) ;
#1523 = ORIENTED_EDGE ( 'NONE', *, *, #97, .F. ) ;
#1524 = DIRECTION ( 'NONE',  ( -1.000000000000000000, -8.673617379884027583E-16, -8.783900884360987113E-32 ) ) ;
#1525 = EDGE_CURVE ( 'NONE', #971, #2527, #2086, .T. ) ;
#1526 = CARTESIAN_POINT ( 'NONE',  ( -1.057500000000002105, 0.1900000000000013622, -0.2500000000000000000 ) ) ;
#1527 = DIRECTION ( 'NONE',  ( 0.000000000000000000, 1.000000000000000000, 0.000000000000000000 ) ) ;
#1528 = ORIENTED_EDGE ( 'NONE', *, *, #1260, .T. ) ;
#1529 = ORIENTED_EDGE ( 'NONE', *, *, #1604, .T. ) ;
#1530 = AXIS2_PLACEMENT_3D ( 'NONE', #947, #754, #820 ) ;
#1531 = AXIS2_PLACEMENT_3D ( 'NONE', #1396, #427, #1613 ) ;
#1532 = VECTOR ( 'NONE', #1737, 1000.000000000000000 ) ;
#1533 = AXIS2_PLACEMENT_3D ( 'NONE', #1382, #384, #1161 ) ;
#1534 = EDGE_CURVE ( 'NONE', #1213, #41, #509, .T. ) ;
#1535 = PRESENTATION_STYLE_ASSIGNMENT (( #1688 ) ) ;
#1536 = DIRECTION ( 'NONE',  ( 0.000000000000000000, -0.08715574274765829077, 0.9961946980917455452 ) ) ;
#1537 = VERTEX_POINT ( 'NONE', #1713 ) ;
#1538 = LINE ( 'NONE', #560, #461 ) ;
#1539 = VECTOR ( 'NONE', #1374, 1000.000000000000114 ) ;
#1540 = AXIS2_PLACEMENT_3D ( 'NONE', #675, #1486, #1277 ) ;
#1541 = LINE ( 'NONE', #1526, #746 ) ;
#1542 = DIRECTION ( 'NONE',  ( -1.000000000000000000, 0.000000000000000000, -0.000000000000000000 ) ) ;
#1543 = VERTEX_POINT ( 'NONE', #2462 ) ;
#1544 = EDGE_LOOP ( 'NONE', ( #1792, #1345, #1459, #1529 ) ) ;
#1545 = CARTESIAN_POINT ( 'NONE',  ( 2.802499999999996660, 0.1899999999999980038, -0.2500000000000000000 ) ) ;
#1546 = DIRECTION ( 'NONE',  ( -0.000000000000000000, 0.9961946980917455452, 0.08715574274765829077 ) ) ;
#1547 = ORIENTED_EDGE ( 'NONE', *, *, #1404, .T. ) ;
#1548 = DIRECTION ( 'NONE',  ( 0.000000000000000000, 0.000000000000000000, 1.000000000000000000 ) ) ;
#1549 = EDGE_CURVE ( 'NONE', #1222, #1865, #1880, .T. ) ;
#1550 = PLANE ( 'NONE',  #2228 ) ;
#1551 = ORIENTED_EDGE ( 'NONE', *, *, #2321, .F. ) ;
#1552 = ORIENTED_EDGE ( 'NONE', *, *, #1794, .T. ) ;
#1553 = ADVANCED_FACE ( 'NONE', ( #530 ), #1312, .T. ) ;
#1554 = EDGE_CURVE ( 'NONE', #1945, #849, #133, .T. ) ;
#1555 = LINE ( 'NONE', #5, #106 ) ;
#1556 = DIRECTION ( 'NONE',  ( 0.06081709228825828845, 0.08699441114101660877, -0.9943506693897425919 ) ) ;
#1557 = CARTESIAN_POINT ( 'NONE',  ( 4.072499999999997122, 6.349999999999999645, -0.2500000000000000000 ) ) ;
#1558 = VERTEX_POINT ( 'NONE', #1787 ) ;
#1559 = PLANE ( 'NONE',  #332 ) ;
#1560 = EDGE_LOOP ( 'NONE', ( #492, #2308, #2361, #865 ) ) ;
#1561 = CARTESIAN_POINT ( 'NONE',  ( 0.000000000000000000, 18.91999999999999815, -1.714999999999998970 ) ) ;
#1562 = ORIENTED_EDGE ( 'NONE', *, *, #2065, .T. ) ;
#1563 = ORIENTED_EDGE ( 'NONE', *, *, #1028, .F. ) ;
#1564 = VECTOR ( 'NONE', #2529, 1000.000000000000000 ) ;
#1565 = VECTOR ( 'NONE', #1505, 1000.000000000000000 ) ;
#1566 = VECTOR ( 'NONE', #1802, 1000.000000000000114 ) ;
#1567 = CARTESIAN_POINT ( 'NONE',  ( -5.079999999999999183, 19.51999999999999957, -2.984999999999998987 ) ) ;
#1568 = DIRECTION ( 'NONE',  ( 0.000000000000000000, 0.000000000000000000, 1.000000000000000000 ) ) ;
#1569 = CARTESIAN_POINT ( 'NONE',  ( -2.327500000000002345, 0.1899999999999980038, -0.2500000000000000000 ) ) ;
#1570 = VECTOR ( 'NONE', #1019, 1000.000000000000000 ) ;
#1571 = ORIENTED_EDGE ( 'NONE', *, *, #1924, .T. ) ;
#1572 = EDGE_CURVE ( 'NONE', #2398, #2464, #1953, .T. ) ;
#1573 = EDGE_CURVE ( 'NONE', #649, #2160, #1594, .T. ) ;
#1574 = EDGE_LOOP ( 'NONE', ( #1562, #1929, #143, #848, #934, #95, #1982, #2553 ) ) ;
#1575 = ORIENTED_EDGE ( 'NONE', *, *, #1924, .F. ) ;
#1576 = VECTOR ( 'NONE', #57, 1000.000000000000000 ) ;
#1577 = DIRECTION ( 'NONE',  ( 0.000000000000000000, -1.012714822391489260E-16, 1.000000000000000000 ) ) ;
#1578 = ORIENTED_EDGE ( 'NONE', *, *, #1721, .F. ) ;
#1579 = VECTOR ( 'NONE', #2056, 1000.000000000000000 ) ;
#1580 = ORIENTED_EDGE ( 'NONE', *, *, #1704, .F. ) ;
#1581 = VECTOR ( 'NONE', #98, 1000.000000000000000 ) ;
#1582 = ORIENTED_EDGE ( 'NONE', *, *, #1081, .T. ) ;
#1583 = PLANE ( 'NONE',  #2549 ) ;
#1584 = CARTESIAN_POINT ( 'NONE',  ( -5.079999999999999183, 19.51999999999999957, -1.714999999999998748 ) ) ;
#1585 = LINE ( 'NONE', #20, #231 ) ;
#1586 =( LENGTH_UNIT ( ) NAMED_UNIT ( * ) SI_UNIT ( .MILLI., .METRE. ) );
#1587 = LINE ( 'NONE', #993, #2181 ) ;
#1588 = ORIENTED_EDGE ( 'NONE', *, *, #1759, .T. ) ;
#1589 = ORIENTED_EDGE ( 'NONE', *, *, #360, .F. ) ;
#1590 = PLANE ( 'NONE',  #42 ) ;
#1591 = EDGE_CURVE ( 'NONE', #1428, #488, #170, .T. ) ;
#1592 = ORIENTED_EDGE ( 'NONE', *, *, #1701, .F. ) ;
#1593 = DIRECTION ( 'NONE',  ( 1.365923996832131609E-16, 1.000000000000000000, 6.829619984160658046E-17 ) ) ;
#1594 = LINE ( 'NONE', #1359, #2348 ) ;
#1595 = CARTESIAN_POINT ( 'NONE',  ( 2.362499999999997602, 6.349999999999999645, -0.2500000000000000000 ) ) ;
#1596 = CARTESIAN_POINT ( 'NONE',  ( 0.6524999999999977485, 6.349999999999999645, -0.2500000000000000000 ) ) ;
#1597 = CARTESIAN_POINT ( 'NONE',  ( 5.080000000000000071, 14.97999999999999687, -1.714999999999999414 ) ) ;
#1598 = ORIENTED_EDGE ( 'NONE', *, *, #91, .T. ) ;
#1599 = ORIENTED_EDGE ( 'NONE', *, *, #382, .F. ) ;
#1600 = CARTESIAN_POINT ( 'NONE',  ( 4.072499999999997122, 6.349999999999999645, 0.2500000000000000000 ) ) ;
#1601 = VERTEX_POINT ( 'NONE', #180 ) ;
#1602 = VERTEX_POINT ( 'NONE', #780 ) ;
#1603 = ORIENTED_EDGE ( 'NONE', *, *, #1422, .T. ) ;
#1604 = EDGE_CURVE ( 'NONE', #2496, #2281, #347, .T. ) ;
#1605 = LINE ( 'NONE', #1429, #317 ) ;
#1606 = CARTESIAN_POINT ( 'NONE',  ( -0.4275000000000007683, -1.408546971526578661E-16, -0.2500000000000000000 ) ) ;
#1607 = EDGE_CURVE ( 'NONE', #553, #1851, #799, .T. ) ;
#1608 = CARTESIAN_POINT ( 'NONE',  ( -3.847500000000000142, -1.408546971526578661E-16, -0.2500000000000000000 ) ) ;
#1609 = AXIS2_PLACEMENT_3D ( 'NONE', #2552, #1782, #2163 ) ;
#1610 = SURFACE_STYLE_USAGE ( .BOTH. , #828 ) ;
#1611 = LINE ( 'NONE', #1815, #533 ) ;
#1612 = VECTOR ( 'NONE', #1323, 1000.000000000000000 ) ;
#1613 = DIRECTION ( 'NONE',  ( 8.673617379884027583E-16, 1.000000000000000000, 0.000000000000000000 ) ) ;
#1614 = MECHANICAL_DESIGN_GEOMETRIC_PRESENTATION_REPRESENTATION (  '', ( #1299 ), #2349 ) ;
#1615 = VERTEX_POINT ( 'NONE', #2156 ) ;
#1616 = VERTEX_POINT ( 'NONE', #760 ) ;
#1617 = AXIS2_PLACEMENT_3D ( 'NONE', #2249, #1469, #1503 ) ;
#1618 = LINE ( 'NONE', #2047, #1657 ) ;
#1619 = ORIENTED_EDGE ( 'NONE', *, *, #1928, .F. ) ;
#1620 = AXIS2_PLACEMENT_3D ( 'NONE', #2389, #2227, #845 ) ;
#1621 = LINE ( 'NONE', #2002, #1446 ) ;
#1622 = CARTESIAN_POINT ( 'NONE',  ( -5.080000000000000071, 20.51999999999999957, -1.714999999999998748 ) ) ;
#1623 = PLANE ( 'NONE',  #1936 ) ;
#1624 = LINE ( 'NONE', #223, #961 ) ;
#1625 = SURFACE_SIDE_STYLE ('',( #210 ) ) ;
#1626 = DIRECTION ( 'NONE',  ( -1.000000000000000000, 0.000000000000000000, -0.000000000000000000 ) ) ;
#1627 = EDGE_CURVE ( 'NONE', #65, #2455, #2365, .T. ) ;
#1628 =( LENGTH_UNIT ( ) NAMED_UNIT ( * ) SI_UNIT ( .MILLI., .METRE. ) );
#1629 = VERTEX_POINT ( 'NONE', #2168 ) ;
#1630 = ORIENTED_EDGE ( 'NONE', *, *, #1032, .F. ) ;
#1631 = CARTESIAN_POINT ( 'NONE',  ( 3.174999999999998934, 8.629999999999997229, -2.985000000000000320 ) ) ;
#1632 = DIRECTION ( 'NONE',  ( 0.000000000000000000, -1.000000000000000000, -1.012714822391489260E-16 ) ) ;
#1633 = LINE ( 'NONE', #2033, #2479 ) ;
#1634 = EDGE_LOOP ( 'NONE', ( #960, #823, #1856, #419 ) ) ;
#1635 = DIRECTION ( 'NONE',  ( -0.06104853953485053081, 0.000000000000000000, 0.9981347984218674751 ) ) ;
#1636 = ADVANCED_FACE ( 'NONE', ( #1149, #598 ), #1736, .T. ) ;
#1637 = CARTESIAN_POINT ( 'NONE',  ( -2.767500000000001847, 6.349999999999999645, 0.2500000000000000000 ) ) ;
#1638 = CARTESIAN_POINT ( 'NONE',  ( -4.930000000000000604, 20.51999999999999957, -1.714999999999998748 ) ) ;
#1639 = FILL_AREA_STYLE ('',( #2051 ) ) ;
#1640 = CARTESIAN_POINT ( 'NONE',  ( -2.957500000000000018, 1.892386455167899792E-15, -0.2500000000000000000 ) ) ;
#1641 = DIRECTION ( 'NONE',  ( 0.000000000000000000, 0.000000000000000000, 1.000000000000000000 ) ) ;
#1642 = EDGE_LOOP ( 'NONE', ( #1819, #879, #472, #516 ) ) ;
#1643 = EDGE_LOOP ( 'NONE', ( #1592, #1399, #672, #1582 ) ) ;
#1644 = DIRECTION ( 'NONE',  ( -0.000000000000000000, 1.012714822391489260E-16, -1.000000000000000000 ) ) ;
#1645 = LINE ( 'NONE', #1440, #319 ) ;
#1646 = EDGE_LOOP ( 'NONE', ( #1158, #662, #2567, #2161 ) ) ;
#1647 = DIRECTION ( 'NONE',  ( -0.000000000000000000, -1.000000000000000000, -0.000000000000000000 ) ) ;
#1648 = ORIENTED_EDGE ( 'NONE', *, *, #2190, .T. ) ;
#1649 = CARTESIAN_POINT ( 'NONE',  ( -1.247500000000000275, -3.621892908478298396E-16, 0.2500000000000000000 ) ) ;
#1650 =( NAMED_UNIT ( * ) SI_UNIT ( $, .STERADIAN. ) SOLID_ANGLE_UNIT ( ) );
#1651 = CARTESIAN_POINT ( 'NONE',  ( -5.080000000000000071, 21.83999999999999986, -1.714999999999998748 ) ) ;
#1652 = VECTOR ( 'NONE', #2343, 1000.000000000000000 ) ;
#1653 = ADVANCED_FACE ( 'NONE', ( #1926 ), #145, .T. ) ;
#1654 = ORIENTED_EDGE ( 'NONE', *, *, #1300, .T. ) ;
#1655 = ORIENTED_EDGE ( 'NONE', *, *, #1439, .F. ) ;
#1656 = DIRECTION ( 'NONE',  ( 1.000000000000000000, -1.365923996832131116E-16, -1.383291477852125330E-32 ) ) ;
#1657 = VECTOR ( 'NONE', #480, 1000.000000000000227 ) ;
#1658 = VECTOR ( 'NONE', #1927, 1000.000000000000000 ) ;
#1659 = VECTOR ( 'NONE', #321, 1000.000000000000000 ) ;
#1660 = CARTESIAN_POINT ( 'NONE',  ( 0.000000000000000000, 0.000000000000000000, -0.2500000000000000000 ) ) ;
#1661 = STYLED_ITEM ( 'NONE', ( #657 ), #614 ) ;
#1662 = DIRECTION ( 'NONE',  ( 0.000000000000000000, 1.000000000000000000, 0.000000000000000000 ) ) ;
#1663 = ORIENTED_EDGE ( 'NONE', *, *, #1607, .T. ) ;
#1664 = VECTOR ( 'NONE', #2336, 1000.000000000000000 ) ;
#1665 = DIRECTION ( 'NONE',  ( 0.000000000000000000, 0.000000000000000000, 1.000000000000000000 ) ) ;
#1666 = VECTOR ( 'NONE', #1723, 1000.000000000000000 ) ;
#1667 = DIRECTION ( 'NONE',  ( -1.000000000000000000, 0.000000000000000000, 0.000000000000000000 ) ) ;
#1668 = LINE ( 'NONE', #2454, #1732 ) ;
#1669 = ORIENTED_EDGE ( 'NONE', *, *, #1127, .T. ) ;
#1670 = LINE ( 'NONE', #886, #2400 ) ;
#1671 = EDGE_CURVE ( 'NONE', #616, #2014, #951, .T. ) ;
#1672 = PLANE ( 'NONE',  #626 ) ;
#1673 = CARTESIAN_POINT ( 'NONE',  ( -2.767500000000001847, 0.1900000000000013622, -0.2500000000000000000 ) ) ;
#1674 = VERTEX_POINT ( 'NONE', #1584 ) ;
#1675 = CARTESIAN_POINT ( 'NONE',  ( 5.080000000000000071, 14.97999999999999687, -2.984999999999999432 ) ) ;
#1676 = EDGE_CURVE ( 'NONE', #206, #1845, #1963, .T. ) ;
#1677 = DIRECTION ( 'NONE',  ( 0.7071067811865411334, 0.7071067811865539010, 0.000000000000000000 ) ) ;
#1678 = DIRECTION ( 'NONE',  ( 0.000000000000000000, 0.000000000000000000, 1.000000000000000000 ) ) ;
#1679 = EDGE_LOOP ( 'NONE', ( #1151, #766, #349, #929 ) ) ;
#1680 = CARTESIAN_POINT ( 'NONE',  ( -3.174999999999999822, 14.97999999999999687, -1.714999999999999414 ) ) ;
#1681 = CARTESIAN_POINT ( 'NONE',  ( 5.080000000000000071, 21.83999999999999986, -1.714999999999998748 ) ) ;
#1682 = CARTESIAN_POINT ( 'NONE',  ( 2.992499999999998828, -9.140000000000000568, -0.2500000000000000000 ) ) ;
#1683 = FACE_OUTER_BOUND ( 'NONE', #249, .T. ) ;
#1684 = ORIENTED_EDGE ( 'NONE', *, *, #1627, .F. ) ;
#1685 = FACE_OUTER_BOUND ( 'NONE', #1808, .T. ) ;
#1686 = EDGE_CURVE ( 'NONE', #2014, #2387, #2524, .T. ) ;
#1687 = CARTESIAN_POINT ( 'NONE',  ( 3.174999999999998934, 8.629999999999997229, -2.985000000000000320 ) ) ;
#1688 = SURFACE_STYLE_USAGE ( .BOTH. , #1512 ) ;
#1689 = EDGE_CURVE ( 'NONE', #2464, #577, #987, .T. ) ;
#1690 = EDGE_LOOP ( 'NONE', ( #1791, #2483, #948, #103, #1185, #1753, #589, #712, #2274, #2511, #1913, #421, #2542, #1375, #187, #1705 ) ) ;
#1691 = DIRECTION ( 'NONE',  ( -0.06081709228825828845, 0.08699441114101627570, -0.9943506693897425919 ) ) ;
#1692 = VECTOR ( 'NONE', #1993, 1000.000000000000000 ) ;
#1693 = VECTOR ( 'NONE', #2409, 1000.000000000000000 ) ;
#1694 = STYLED_ITEM ( 'NONE', ( #1535 ), #1502 ) ;
#1695 = DIRECTION ( 'NONE',  ( 0.000000000000000000, 1.012714822391489260E-16, -1.000000000000000000 ) ) ;
#1696 = CARTESIAN_POINT ( 'NONE',  ( 2.802499999999995772, 6.349999999999999645, -0.2500000000000000000 ) ) ;
#1697 = ORIENTED_EDGE ( 'NONE', *, *, #2031, .F. ) ;
#1698 = CARTESIAN_POINT ( 'NONE',  ( -5.080000000000000071, 14.97999999999999687, -1.714999999999999414 ) ) ;
#1699 = CARTESIAN_POINT ( 'NONE',  ( -5.079999999999999183, 19.51999999999999957, -1.714999999999998748 ) ) ;
#1700 = FACE_OUTER_BOUND ( 'NONE', #297, .T. ) ;
#1701 = EDGE_CURVE ( 'NONE', #1501, #2218, #2559, .T. ) ;
#1702 = VECTOR ( 'NONE', #2066, 1000.000000000000000 ) ;
#1703 = CARTESIAN_POINT ( 'NONE',  ( -0.4275000000000007683, -9.140000000000000568, 0.2500000000000000000 ) ) ;
#1704 = EDGE_CURVE ( 'NONE', #174, #2259, #1199, .T. ) ;
#1705 = ORIENTED_EDGE ( 'NONE', *, *, #1418, .F. ) ;
#1706 = DIRECTION ( 'NONE',  ( -1.000000000000000000, 0.000000000000000000, -0.000000000000000000 ) ) ;
#1707 = CARTESIAN_POINT ( 'NONE',  ( 2.362499999999997602, 6.349999999999999645, 0.2500000000000000000 ) ) ;
#1708 = DIRECTION ( 'NONE',  ( 0.000000000000000000, 1.000000000000000000, 1.138269997360109428E-16 ) ) ;
#1709 = VERTEX_POINT ( 'NONE', #815 ) ;
#1710 = CARTESIAN_POINT ( 'NONE',  ( -5.080000000000000071, 14.97999999999999687, -2.984999999999999876 ) ) ;
#1711 = EDGE_CURVE ( 'NONE', #971, #99, #769, .T. ) ;
#1712 = FILL_AREA_STYLE_COLOUR ( '', #887 ) ;
#1713 = CARTESIAN_POINT ( 'NONE',  ( 2.802499999999995772, 6.349999999999999645, 0.2500000000000000000 ) ) ;
#1714 = DIRECTION ( 'NONE',  ( -0.000000000000000000, -1.000000000000000000, -0.000000000000000000 ) ) ;
#1715 = EDGE_CURVE ( 'NONE', #1241, #2331, #1369, .T. ) ;
#1716 = EDGE_LOOP ( 'NONE', ( #2029, #1563, #1826, #1669 ) ) ;
#1717 = LINE ( 'NONE', #2503, #1781 ) ;
#1718 = CARTESIAN_POINT ( 'NONE',  ( -5.080000000000000071, 20.51999999999999957, -1.714999999999998748 ) ) ;
#1719 = DIRECTION ( 'NONE',  ( 0.7071067811865411334, 0.7071067811865539010, 0.000000000000000000 ) ) ;
#1720 = VERTEX_POINT ( 'NONE', #2145 ) ;
#1721 = EDGE_CURVE ( 'NONE', #902, #1543, #2121, .T. ) ;
#1722 = ORIENTED_EDGE ( 'NONE', *, *, #827, .T. ) ;
#1723 = DIRECTION ( 'NONE',  ( -0.000000000000000000, 1.000000000000000000, -0.000000000000000000 ) ) ;
#1724 = DIRECTION ( 'NONE',  ( -0.000000000000000000, 1.000000000000000000, -0.000000000000000000 ) ) ;
#1725 = ORIENTED_EDGE ( 'NONE', *, *, #1764, .T. ) ;
#1726 = FACE_OUTER_BOUND ( 'NONE', #862, .T. ) ;
#1727 = CARTESIAN_POINT ( 'NONE',  ( 0.4624999999999993561, -9.140000000000000568, -0.2500000000000000000 ) ) ;
#1728 = CARTESIAN_POINT ( 'NONE',  ( 1.282499999999998863, -9.140000000000000568, -0.2500000000000000000 ) ) ;
#1729 = ORIENTED_EDGE ( 'NONE', *, *, #1142, .F. ) ;
#1730 = EDGE_LOOP ( 'NONE', ( #554, #1697, #853, #2166 ) ) ;
#1731 = VECTOR ( 'NONE', #2004, 1000.000000000000000 ) ;
#1732 = VECTOR ( 'NONE', #689, 1000.000000000000000 ) ;
#1733 = COLOUR_RGB ( '',0.7921568627450980005, 0.8196078431372548767, 0.9333333333333333481 ) ;
#1734 = MECHANICAL_DESIGN_GEOMETRIC_PRESENTATION_REPRESENTATION (  '', ( #1694 ), #2438 ) ;
#1735 = EDGE_CURVE ( 'NONE', #66, #1851, #410, .T. ) ;
#1736 = PLANE ( 'NONE',  #1980 ) ;
#1737 = DIRECTION ( 'NONE',  ( 0.000000000000000000, 0.000000000000000000, 1.000000000000000000 ) ) ;
#1738 = ORIENTED_EDGE ( 'NONE', *, *, #498, .F. ) ;
#1739 = CARTESIAN_POINT ( 'NONE',  ( -5.080000000000000071, 20.51999999999999957, -2.984999999999998987 ) ) ;
#1740 = EDGE_CURVE ( 'NONE', #1629, #1390, #610, .T. ) ;
#1741 = CLOSED_SHELL ( 'NONE', ( #2207, #1124, #2292, #2220, #2408, #893, #2451, #178, #156, #501 ) ) ;
#1742 = VECTOR ( 'NONE', #979, 1000.000000000000000 ) ;
#1743 = EDGE_CURVE ( 'NONE', #1037, #653, #191, .T. ) ;
#1744 = CARTESIAN_POINT ( 'NONE',  ( -2.327500000000003233, 6.349999999999999645, 0.2500000000000000000 ) ) ;
#1745 = VERTEX_POINT ( 'NONE', #424 ) ;
#1746 = ORIENTED_EDGE ( 'NONE', *, *, #714, .T. ) ;
#1747 = LINE ( 'NONE', #2167, #445 ) ;
#1748 = CARTESIAN_POINT ( 'NONE',  ( -2.957499999999979146, -9.139999999999997016, 0.2500000000000000000 ) ) ;
#1749 = CARTESIAN_POINT ( 'NONE',  ( 5.080000000000001847, 20.51999999999999957, -2.984999999999998987 ) ) ;
#1750 = ADVANCED_FACE ( 'NONE', ( #825 ), #2184, .T. ) ;
#1751 = EDGE_LOOP ( 'NONE', ( #55, #1346, #2058, #833 ) ) ;
#1752 = LINE ( 'NONE', #1910, #795 ) ;
#1753 = ORIENTED_EDGE ( 'NONE', *, *, #1273, .F. ) ;
#1754 = DIRECTION ( 'NONE',  ( -0.000000000000000000, 1.012714822391489260E-16, -1.000000000000000000 ) ) ;
#1755 = ORIENTED_EDGE ( 'NONE', *, *, #1487, .F. ) ;
#1756 = VERTEX_POINT ( 'NONE', #2019 ) ;
#1757 = ADVANCED_FACE ( 'NONE', ( #2003 ), #33, .T. ) ;
#1758 = LINE ( 'NONE', #609, #1118 ) ;
#1759 = EDGE_CURVE ( 'NONE', #1602, #972, #2199, .T. ) ;
#1760 = DIRECTION ( 'NONE',  ( 1.000000000000000000, -0.000000000000000000, -0.000000000000000000 ) ) ;
#1761 = CARTESIAN_POINT ( 'NONE',  ( 3.174999999999999822, 14.97999999999999687, -1.714999999999999414 ) ) ;
#1762 = ORIENTED_EDGE ( 'NONE', *, *, #318, .F. ) ;
#1763 = CARTESIAN_POINT ( 'NONE',  ( -2.957500000000000018, 1.892386455167899792E-15, 0.2500000000000000000 ) ) ;
#1764 = EDGE_CURVE ( 'NONE', #1922, #1025, #842, .T. ) ;
#1765 = EDGE_LOOP ( 'NONE', ( #667, #602, #2547, #1663 ) ) ;
#1766 = ORIENTED_EDGE ( 'NONE', *, *, #1302, .T. ) ;
#1767 = LINE ( 'NONE', #1388, #742 ) ;
#1768 = ORIENTED_EDGE ( 'NONE', *, *, #1387, .F. ) ;
#1769 = ORIENTED_EDGE ( 'NONE', *, *, #1938, .F. ) ;
#1770 = VECTOR ( 'NONE', #937, 1000.000000000000114 ) ;
#1771 = VECTOR ( 'NONE', #2407, 1000.000000000000000 ) ;
#1772 = DIRECTION ( 'NONE',  ( 0.000000000000000000, 1.012714822391489260E-16, -1.000000000000000000 ) ) ;
#1773 = CARTESIAN_POINT ( 'NONE',  ( 0.000000000000000000, 4.416660078416080455E-16, -1.715000000000002522 ) ) ;
#1774 = FACE_OUTER_BOUND ( 'NONE', #891, .T. ) ;
#1775 = VECTOR ( 'NONE', #2131, 1000.000000000000227 ) ;
#1776 = DIRECTION ( 'NONE',  ( 0.000000000000000000, -0.000000000000000000, -1.000000000000000000 ) ) ;
#1777 = CARTESIAN_POINT ( 'NONE',  ( 1.092499999999997140, 0.1899999999999980038, -0.2500000000000000000 ) ) ;
#1778 = ADVANCED_FACE ( 'NONE', ( #642 ), #1430, .F. ) ;
#1779 = ORIENTED_EDGE ( 'NONE', *, *, #1676, .T. ) ;
#1780 = VERTEX_POINT ( 'NONE', #2233 ) ;
#1781 = VECTOR ( 'NONE', #2493, 1000.000000000000000 ) ;
#1782 = DIRECTION ( 'NONE',  ( -1.000000000000000000, 0.000000000000000000, 0.000000000000000000 ) ) ;
#1783 = ORIENTED_EDGE ( 'NONE', *, *, #1062, .T. ) ;
#1784 = FACE_OUTER_BOUND ( 'NONE', #1012, .T. ) ;
#1785 = VERTEX_POINT ( 'NONE', #1995 ) ;
#1786 = CARTESIAN_POINT ( 'NONE',  ( -3.175000000000000711, 8.629999999999997229, -1.714999999999999858 ) ) ;
#1787 = CARTESIAN_POINT ( 'NONE',  ( -4.929999999999999716, 19.51999999999999957, -2.984999999999998987 ) ) ;
#1788 = DIRECTION ( 'NONE',  ( 0.000000000000000000, 0.000000000000000000, -1.000000000000000000 ) ) ;
#1789 = PLANE ( 'NONE',  #1004 ) ;
#1790 = LINE ( 'NONE', #830, #1295 ) ;
#1791 = ORIENTED_EDGE ( 'NONE', *, *, #91, .F. ) ;
#1792 = ORIENTED_EDGE ( 'NONE', *, *, #1903, .F. ) ;
#1793 = ORIENTED_EDGE ( 'NONE', *, *, #306, .T. ) ;
#1794 = EDGE_CURVE ( 'NONE', #1105, #303, #1076, .T. ) ;
#1795 = EDGE_LOOP ( 'NONE', ( #499, #2555, #1195, #1793 ) ) ;
#1796 = EDGE_CURVE ( 'NONE', #136, #2133, #2052, .T. ) ;
#1797 = ORIENTED_EDGE ( 'NONE', *, *, #482, .F. ) ;
#1798 = DIRECTION ( 'NONE',  ( 0.000000000000000000, -1.000000000000000000, -1.012714822391489260E-16 ) ) ;
#1799 = CARTESIAN_POINT ( 'NONE',  ( 0.6524999999999977485, 0.1900000000000013622, -0.2500000000000000000 ) ) ;
#1800 = CARTESIAN_POINT ( 'NONE',  ( 3.882499999999998952, -3.621892908478298396E-16, -0.2500000000000000000 ) ) ;
#1801 = LINE ( 'NONE', #1596, #1742 ) ;
#1802 = DIRECTION ( 'NONE',  ( 0.7071067811865454633, 0.7071067811865496822, -0.000000000000000000 ) ) ;
#1803 = FILL_AREA_STYLE ('',( #1024 ) ) ;
#1804 = ORIENTED_EDGE ( 'NONE', *, *, #1257, .T. ) ;
#1805 = ORIENTED_EDGE ( 'NONE', *, *, #2489, .T. ) ;
#1806 = EDGE_LOOP ( 'NONE', ( #1206, #1580, #2449, #1251, #2203, #2315, #638, #771 ) ) ;
#1807 = CARTESIAN_POINT ( 'NONE',  ( 3.882499999999998952, -9.140000000000000568, -0.2500000000000000000 ) ) ;
#1808 = EDGE_LOOP ( 'NONE', ( #796, #821, #571, #1578, #783, #521, #969, #1194 ) ) ;
#1809 = ADVANCED_FACE ( 'NONE', ( #53 ), #1022, .F. ) ;
#1810 = DIRECTION ( 'NONE',  ( -0.000000000000000000, 1.000000000000000000, -0.000000000000000000 ) ) ;
#1811 = DIRECTION ( 'NONE',  ( -1.000000000000000000, -0.000000000000000000, -0.000000000000000000 ) ) ;
#1812 = DIRECTION ( 'NONE',  ( -1.000000000000000000, -1.408054769461693696E-16, 0.000000000000000000 ) ) ;
#1813 = AXIS2_PLACEMENT_3D ( 'NONE', #586, #171, #1217 ) ;
#1814 = CARTESIAN_POINT ( 'NONE',  ( -4.037500000000002309, 0.1899999999999980038, 0.2500000000000000000 ) ) ;
#1815 = CARTESIAN_POINT ( 'NONE',  ( 4.882854181693624618, 6.347937968285659593, 0.2383056370269867330 ) ) ;
#1816 = VECTOR ( 'NONE', #312, 1000.000000000000000 ) ;
#1817 = LINE ( 'NONE', #1408, #915 ) ;
#1818 = VERTEX_POINT ( 'NONE', #243 ) ;
#1819 = ORIENTED_EDGE ( 'NONE', *, *, #287, .F. ) ;
#1820 = EDGE_CURVE ( 'NONE', #1865, #1112, #1064, .T. ) ;
#1821 = DIRECTION ( 'NONE',  ( -1.000000000000000000, 0.000000000000000000, 0.000000000000000000 ) ) ;
#1822 = CARTESIAN_POINT ( 'NONE',  ( 0.6524999999999977485, 0.1900000000000013622, -0.2500000000000000000 ) ) ;
#1823 = ADVANCED_FACE ( 'NONE', ( #1854 ), #2247, .T. ) ;
#1824 = VECTOR ( 'NONE', #1117, 1000.000000000000000 ) ;
#1825 = CARTESIAN_POINT ( 'NONE',  ( 0.6524999999999977485, 6.349999999999999645, -0.2500000000000000000 ) ) ;
#1826 = ORIENTED_EDGE ( 'NONE', *, *, #2170, .T. ) ;
#1827 = CARTESIAN_POINT ( 'NONE',  ( 5.080000000000000071, 14.97999999999999687, -2.984999999999999876 ) ) ;
#1828 = DIRECTION ( 'NONE',  ( 1.000000000000000000, -0.000000000000000000, -0.000000000000000000 ) ) ;
#1829 = PLANE ( 'NONE',  #1986 ) ;
#1830 = DIRECTION ( 'NONE',  ( 0.7071067811865496822, -0.7071067811865454633, 0.000000000000000000 ) ) ;
#1831 = EDGE_CURVE ( 'NONE', #2431, #2290, #1420, .T. ) ;
#1832 = CARTESIAN_POINT ( 'NONE',  ( 3.174999999999999822, 14.97999999999999687, -1.714999999999999414 ) ) ;
#1833 = ORIENTED_EDGE ( 'NONE', *, *, #1525, .T. ) ;
#1834 = ORIENTED_EDGE ( 'NONE', *, *, #217, .T. ) ;
#1835 = LINE ( 'NONE', #1107, #1867 ) ;
#1836 = DIRECTION ( 'NONE',  ( 0.000000000000000000, -1.910488409666086025E-16, 1.000000000000000000 ) ) ;
#1837 = ORIENTED_EDGE ( 'NONE', *, *, #2198, .T. ) ;
#1838 = CARTESIAN_POINT ( 'NONE',  ( 2.172499999999998987, -9.140000000000000568, 0.2500000000000000000 ) ) ;
#1839 = EDGE_LOOP ( 'NONE', ( #361, #1973, #2320, #1268 ) ) ;
#1840 = ADVANCED_FACE ( 'NONE', ( #1476 ), #2024, .T. ) ;
#1841 = LINE ( 'NONE', #50, #1510 ) ;
#1842 = LINE ( 'NONE', #1051, #2027 ) ;
#1843 = CARTESIAN_POINT ( 'NONE',  ( -5.080000000000000071, 20.51999999999999957, -1.714999999999998748 ) ) ;
#1844 = DIRECTION ( 'NONE',  ( -1.000000000000000000, 1.910488409666086025E-16, 1.934779930475988974E-32 ) ) ;
#1845 = VERTEX_POINT ( 'NONE', #829 ) ;
#1846 = EDGE_LOOP ( 'NONE', ( #1589, #1057, #40, #1552 ) ) ;
#1847 = DIRECTION ( 'NONE',  ( -1.000000000000000000, 1.365923996832131116E-16, 1.383291477852125330E-32 ) ) ;
#1848 = DIRECTION ( 'NONE',  ( 0.000000000000000000, 0.000000000000000000, 1.000000000000000000 ) ) ;
#1849 = DIRECTION ( 'NONE',  ( 1.000000000000000000, 0.000000000000000000, 0.000000000000000000 ) ) ;
#1850 = CARTESIAN_POINT ( 'NONE',  ( 4.930000000000002380, 20.51999999999999957, -1.714999999999998748 ) ) ;
#1851 = VERTEX_POINT ( 'NONE', #860 ) ;
#1852 = CARTESIAN_POINT ( 'NONE',  ( -2.327500000000003233, 6.349999999999999645, -0.2500000000000000000 ) ) ;
#1853 = SURFACE_SIDE_STYLE ('',( #1063 ) ) ;
#1854 = FACE_OUTER_BOUND ( 'NONE', #1184, .T. ) ;
#1855 = DIRECTION ( 'NONE',  ( -1.000000000000000000, -1.408054769461693696E-16, 0.000000000000000000 ) ) ;
#1856 = ORIENTED_EDGE ( 'NONE', *, *, #812, .T. ) ;
#1857 = CARTESIAN_POINT ( 'NONE',  ( -4.771558733984783807, 14.64990788648420761, 2.057970122214519026 ) ) ;
#1858 = PRESENTATION_LAYER_ASSIGNMENT (  '', '', ( #31 ) ) ;
#1859 = VECTOR ( 'NONE', #1724, 1000.000000000000000 ) ;
#1860 = EDGE_CURVE ( 'NONE', #2362, #2158, #1611, .T. ) ;
#1861 = DIRECTION ( 'NONE',  ( 0.000000000000000000, 0.000000000000000000, 1.000000000000000000 ) ) ;
#1862 = VECTOR ( 'NONE', #1978, 1000.000000000000000 ) ;
#1863 = FACE_OUTER_BOUND ( 'NONE', #1366, .T. ) ;
#1864 = PLANE ( 'NONE',  #786 ) ;
#1865 = VERTEX_POINT ( 'NONE', #1640 ) ;
#1866 = CARTESIAN_POINT ( 'NONE',  ( 5.080000000000000071, 14.97999999999999687, -2.984999999999999432 ) ) ;
#1867 = VECTOR ( 'NONE', #67, 1000.000000000000000 ) ;
#1868 = CARTESIAN_POINT ( 'NONE',  ( 5.080000000000000071, 14.97999999999999687, -1.715000000000000080 ) ) ;
#1869 = LINE ( 'NONE', #2266, #495 ) ;
#1870 = VERTEX_POINT ( 'NONE', #869 ) ;
#1871 = CARTESIAN_POINT ( 'NONE',  ( -0.4275000000000007683, -1.408546971526578661E-16, 0.2500000000000000000 ) ) ;
#1872 = PRODUCT_CONTEXT ( 'NONE', #694, 'mechanical' ) ;
#1873 = ADVANCED_FACE ( 'NONE', ( #225 ), #38, .T. ) ;
#1874 = CARTESIAN_POINT ( 'NONE',  ( 5.080000000000000071, 14.70222349330518874, 1.459999999999999742 ) ) ;
#1875 = DIRECTION ( 'NONE',  ( 0.000000000000000000, 0.000000000000000000, 1.000000000000000000 ) ) ;
#1876 = CARTESIAN_POINT ( 'NONE',  ( -4.930000000000000604, 20.51999999999999957, -2.984999999999998987 ) ) ;
#1877 = EDGE_LOOP ( 'NONE', ( #1805, #285, #1224, #2541, #1514, #1489, #735, #2470 ) ) ;
#1878 = DIRECTION ( 'NONE',  ( 0.000000000000000000, 0.9848077530122081313, -0.1736481776669304700 ) ) ;
#1879 = EDGE_CURVE ( 'NONE', #1922, #1105, #2201, .T. ) ;
#1880 = LINE ( 'NONE', #2298, #790 ) ;
#1881 = ORIENTED_EDGE ( 'NONE', *, *, #2382, .T. ) ;
#1882 = DIRECTION ( 'NONE',  ( 0.7071067811865543451, -0.7071067811865406894, -0.000000000000000000 ) ) ;
#1883 = CARTESIAN_POINT ( 'NONE',  ( 0.000000000000000000, 0.000000000000000000, 0.000000000000000000 ) ) ;
#1884 = PLANE ( 'NONE',  #2025 ) ;
#1885 = DIRECTION ( 'NONE',  ( 0.000000000000000000, 1.012714822391489260E-16, -1.000000000000000000 ) ) ;
#1886 = ORIENTED_EDGE ( 'NONE', *, *, #306, .F. ) ;
#1887 = FACE_OUTER_BOUND ( 'NONE', #1138, .T. ) ;
#1888 = EDGE_CURVE ( 'NONE', #2054, #1017, #846, .T. ) ;
#1889 = ADVANCED_FACE ( 'NONE', ( #1434 ), #2215, .T. ) ;
#1890 = SURFACE_STYLE_USAGE ( .BOTH. , #1103 ) ;
#1891 = PLANE ( 'NONE',  #1128 ) ;
#1892 = FACE_OUTER_BOUND ( 'NONE', #2285, .T. ) ;
#1893 = VECTOR ( 'NONE', #1939, 1000.000000000000000 ) ;
#1894 = ORIENTED_EDGE ( 'NONE', *, *, #1142, .T. ) ;
#1895 = DIRECTION ( 'NONE',  ( 0.000000000000000000, -1.012714822391489260E-16, 1.000000000000000000 ) ) ;
#1896 = VECTOR ( 'NONE', #1828, 1000.000000000000000 ) ;
#1897 = VECTOR ( 'NONE', #900, 1000.000000000000000 ) ;
#1898 = AXIS2_PLACEMENT_3D ( 'NONE', #2425, #475, #440 ) ;
#1899 = AXIS2_PLACEMENT_3D ( 'NONE', #1606, #221, #2390 ) ;
#1900 = LINE ( 'NONE', #727, #112 ) ;
#1901 = FACE_OUTER_BOUND ( 'NONE', #2206, .T. ) ;
#1902 = ORIENTED_EDGE ( 'NONE', *, *, #1352, .T. ) ;
#1903 = EDGE_CURVE ( 'NONE', #1537, #2281, #426, .T. ) ;
#1904 = CARTESIAN_POINT ( 'NONE',  ( -2.767500000000001847, 0.1900000000000013622, 0.2500000000000000000 ) ) ;
#1905 = VECTOR ( 'NONE', #148, 1000.000000000000000 ) ;
#1906 = CARTESIAN_POINT ( 'NONE',  ( -0.4275000000000007683, -1.408546971526578661E-16, -0.2500000000000000000 ) ) ;
#1907 = COLOUR_RGB ( '',0.2509803921568627416, 0.2509803921568627416, 0.2509803921568627416 ) ;
#1908 = CARTESIAN_POINT ( 'NONE',  ( -5.002323472408892080, 14.97999999999999687, -1.714999999999999414 ) ) ;
#1909 = ORIENTED_EDGE ( 'NONE', *, *, #2504, .T. ) ;
#1910 = CARTESIAN_POINT ( 'NONE',  ( -3.847499999999977494, -9.139999999999998792, -0.2500000000000000000 ) ) ;
#1911 = LINE ( 'NONE', #2272, #836 ) ;
#1912 = DIRECTION ( 'NONE',  ( 0.000000000000000000, -0.000000000000000000, -1.000000000000000000 ) ) ;
#1913 = ORIENTED_EDGE ( 'NONE', *, *, #2170, .F. ) ;
#1914 = CARTESIAN_POINT ( 'NONE',  ( 0.000000000000000000, 0.000000000000000000, 0.2500000000000000000 ) ) ;
#1915 = DIRECTION ( 'NONE',  ( -0.000000000000000000, 1.000000000000000000, -0.000000000000000000 ) ) ;
#1916 = EDGE_CURVE ( 'NONE', #1428, #1709, #676, .T. ) ;
#1917 = LINE ( 'NONE', #734, #2304 ) ;
#1918 = ORIENTED_EDGE ( 'NONE', *, *, #237, .F. ) ;
#1919 = FACE_OUTER_BOUND ( 'NONE', #607, .T. ) ;
#1920 = LINE ( 'NONE', #2481, #1565 ) ;
#1921 = FACE_OUTER_BOUND ( 'NONE', #377, .T. ) ;
#1922 = VERTEX_POINT ( 'NONE', #1843 ) ;
#1923 = ORIENTED_EDGE ( 'NONE', *, *, #1273, .T. ) ;
#1924 = EDGE_CURVE ( 'NONE', #1955, #1171, #255, .T. ) ;
#1925 = SURFACE_STYLE_USAGE ( .BOTH. , #545 ) ;
#1926 = FACE_OUTER_BOUND ( 'NONE', #1806, .T. ) ;
#1927 = DIRECTION ( 'NONE',  ( -1.365923996832131609E-16, -1.000000000000000000, -6.829619984160658046E-17 ) ) ;
#1928 = EDGE_CURVE ( 'NONE', #2140, #392, #269, .T. ) ;
#1929 = ORIENTED_EDGE ( 'NONE', *, *, #1102, .T. ) ;
#1930 = CARTESIAN_POINT ( 'NONE',  ( -2.957500000000000018, 1.892386455167899792E-15, -0.2500000000000000000 ) ) ;
#1931 = EDGE_CURVE ( 'NONE', #1171, #539, #134, .T. ) ;
#1932 = DIRECTION ( 'NONE',  ( -0.000000000000000000, 1.012714822391489260E-16, -1.000000000000000000 ) ) ;
#1933 = CARTESIAN_POINT ( 'NONE',  ( -3.174999999999999822, 14.97999999999999687, -1.714999999999999414 ) ) ;
#1934 = ORIENTED_EDGE ( 'NONE', *, *, #1796, .F. ) ;
#1935 = ORIENTED_EDGE ( 'NONE', *, *, #1715, .T. ) ;
#1936 = AXIS2_PLACEMENT_3D ( 'NONE', #1569, #1812, #625 ) ;
#1937 = COLOUR_RGB ( '',0.7921568627450980005, 0.8196078431372548767, 0.9333333333333333481 ) ;
#1938 = EDGE_CURVE ( 'NONE', #60, #2492, #933, .T. ) ;
#1939 = DIRECTION ( 'NONE',  ( -1.000000000000000000, 0.000000000000000000, 0.000000000000000000 ) ) ;
#1940 = CARTESIAN_POINT ( 'NONE',  ( -5.042421017861709487, 6.535527503893195700, -2.370589073099979238 ) ) ;
#1941 = DIRECTION ( 'NONE',  ( 0.06104853953485053081, 0.000000000000000000, 0.9981347984218673641 ) ) ;
#1942 = EDGE_LOOP ( 'NONE', ( #1797, #1473, #1833, #1837 ) ) ;
#1943 = DIRECTION ( 'NONE',  ( 0.000000000000000000, 0.000000000000000000, 1.000000000000000000 ) ) ;
#1944 = VECTOR ( 'NONE', #1000, 1000.000000000000000 ) ;
#1945 = VERTEX_POINT ( 'NONE', #770 ) ;
#1946 = UNCERTAINTY_MEASURE_WITH_UNIT (LENGTH_MEASURE( 1.000000000000000082E-05 ), #2221, 'distance_accuracy_value', 'NONE');
#1947 = ADVANCED_FACE ( 'NONE', ( #1892 ), #1324, .T. ) ;
#1948 = FACE_OUTER_BOUND ( 'NONE', #463, .T. ) ;
#1949 = ORIENTED_EDGE ( 'NONE', *, *, #785, .F. ) ;
#1950 = VERTEX_POINT ( 'NONE', #1749 ) ;
#1951 = EDGE_CURVE ( 'NONE', #368, #66, #1162, .T. ) ;
#1952 = DIRECTION ( 'NONE',  ( -0.7071067811865406894, -0.7071067811865543451, 0.000000000000000000 ) ) ;
#1953 = LINE ( 'NONE', #1748, #2557 ) ;
#1954 = LINE ( 'NONE', #1228, #1693 ) ;
#1955 = VERTEX_POINT ( 'NONE', #921 ) ;
#1956 = CARTESIAN_POINT ( 'NONE',  ( 4.072499999999997122, 6.349999999999999645, -0.2500000000000000000 ) ) ;
#1957 = ORIENTED_EDGE ( 'NONE', *, *, #555, .F. ) ;
#1958 = VERTEX_POINT ( 'NONE', #2324 ) ;
#1959 = DIRECTION ( 'NONE',  ( -1.000000000000000000, 0.000000000000000000, 0.000000000000000000 ) ) ;
#1960 = ORIENTED_EDGE ( 'NONE', *, *, #976, .F. ) ;
#1961 = VERTEX_POINT ( 'NONE', #1908 ) ;
#1962 = CARTESIAN_POINT ( 'NONE',  ( 0.6524999999999977485, 6.349999999999999645, -0.2500000000000000000 ) ) ;
#1963 = LINE ( 'NONE', #1940, #1862 ) ;
#1964 = EDGE_CURVE ( 'NONE', #2158, #622, #2096, .T. ) ;
#1965 = PLANE ( 'NONE',  #233 ) ;
#1966 =( NAMED_UNIT ( * ) SI_UNIT ( $, .STERADIAN. ) SOLID_ANGLE_UNIT ( ) );
#1967 = EDGE_LOOP ( 'NONE', ( #906, #1356, #2520, #1027 ) ) ;
#1968 = ORIENTED_EDGE ( 'NONE', *, *, #1689, .T. ) ;
#1969 = UNCERTAINTY_MEASURE_WITH_UNIT (LENGTH_MEASURE( 1.000000000000000082E-05 ), #337, 'distance_accuracy_value', 'NONE');
#1970 = CARTESIAN_POINT ( 'NONE',  ( 2.992499999999998828, -9.140000000000000568, -0.2500000000000000000 ) ) ;
#1971 = EDGE_LOOP ( 'NONE', ( #1282, #2374, #631, #1902, #2043, #1461, #2236 ) ) ;
#1972 = ORIENTED_EDGE ( 'NONE', *, *, #1293, .F. ) ;
#1973 = ORIENTED_EDGE ( 'NONE', *, *, #2444, .F. ) ;
#1974 = CIRCLE ( 'NONE', #2269, 1.905000000000000471 ) ;
#1975 = AXIS2_PLACEMENT_3D ( 'NONE', #1279, #628, #2453 ) ;
#1976 = EDGE_CURVE ( 'NONE', #85, #2290, #1917, .T. ) ;
#1977 = DIRECTION ( 'NONE',  ( -8.673617379884027583E-16, -1.000000000000000000, 0.000000000000000000 ) ) ;
#1978 = DIRECTION ( 'NONE',  ( 0.06081709228825828845, -0.08699441114101660877, 0.9943506693897425919 ) ) ;
#1979 = CARTESIAN_POINT ( 'NONE',  ( 4.072499999999997122, 6.349999999999999645, -0.2500000000000000000 ) ) ;
#1980 = AXIS2_PLACEMENT_3D ( 'NONE', #1773, #195, #2333 ) ;
#1981 = CARTESIAN_POINT ( 'NONE',  ( 0.6524999999999977485, 6.349999999999999645, -0.2500000000000000000 ) ) ;
#1982 = ORIENTED_EDGE ( 'NONE', *, *, #1173, .T. ) ;
#1983 = ORIENTED_EDGE ( 'NONE', *, *, #1794, .F. ) ;
#1984 = EDGE_CURVE ( 'NONE', #1397, #154, #2122, .T. ) ;
#1985 = VECTOR ( 'NONE', #2466, 1000.000000000000000 ) ;
#1986 = AXIS2_PLACEMENT_3D ( 'NONE', #644, #868, #473 ) ;
#1987 =( LENGTH_UNIT ( ) NAMED_UNIT ( * ) SI_UNIT ( .MILLI., .METRE. ) );
#1988 = ORIENTED_EDGE ( 'NONE', *, *, #1239, .F. ) ;
#1989 = EDGE_LOOP ( 'NONE', ( #375, #1121, #402, #580 ) ) ;
#1990 = ORIENTED_EDGE ( 'NONE', *, *, #2119, .T. ) ;
#1991 = LINE ( 'NONE', #1358, #908 ) ;
#1992 = DIRECTION ( 'NONE',  ( 0.7071067811865539010, -0.7071067811865411334, 0.000000000000000000 ) ) ;
#1993 = DIRECTION ( 'NONE',  ( 1.910488409666086025E-16, 1.000000000000000000, 1.910488409666086025E-16 ) ) ;
#1994 = FACE_OUTER_BOUND ( 'NONE', #1483, .T. ) ;
#1995 = CARTESIAN_POINT ( 'NONE',  ( 0.6524999999999977485, 0.1900000000000013622, -0.2500000000000000000 ) ) ;
#1996 = DIRECTION ( 'NONE',  ( 1.000000000000000000, 0.000000000000000000, -0.000000000000000000 ) ) ;
#1997 = ORIENTED_EDGE ( 'NONE', *, *, #889, .T. ) ;
#1998 = ORIENTED_EDGE ( 'NONE', *, *, #2392, .T. ) ;
#1999 = CARTESIAN_POINT ( 'NONE',  ( -3.174999999999999822, 14.97999999999999687, -1.714999999999999414 ) ) ;
#2000 = ADVANCED_FACE ( 'NONE', ( #338 ), #160, .F. ) ;
#2001 = ORIENTED_EDGE ( 'NONE', *, *, #2385, .T. ) ;
#2002 = CARTESIAN_POINT ( 'NONE',  ( 1.092499999999996252, 6.349999999999999645, -0.2500000000000000000 ) ) ;
#2003 = FACE_OUTER_BOUND ( 'NONE', #1560, .T. ) ;
#2004 = DIRECTION ( 'NONE',  ( 1.408054769461693696E-16, -1.000000000000000000, -0.000000000000000000 ) ) ;
#2005 = FACE_OUTER_BOUND ( 'NONE', #1038, .T. ) ;
#2006 = DIRECTION ( 'NONE',  ( 0.000000000000000000, -0.000000000000000000, 1.000000000000000000 ) ) ;
#2007 = EDGE_CURVE ( 'NONE', #174, #2531, #348, .T. ) ;
#2008 = CARTESIAN_POINT ( 'NONE',  ( -0.6175000000000026024, 0.1899999999999980038, -0.2500000000000000000 ) ) ;
#2009 = ADVANCED_FACE ( 'NONE', ( #2490 ), #2334, .T. ) ;
#2010 = PRESENTATION_STYLE_ASSIGNMENT (( #1232 ) ) ;
#2011 = ORIENTED_EDGE ( 'NONE', *, *, #360, .T. ) ;
#2012 = EDGE_LOOP ( 'NONE', ( #1167, #2180, #2098, #1412 ) ) ;
#2013 = CARTESIAN_POINT ( 'NONE',  ( -1.057500000000002105, 0.1900000000000013622, -0.2500000000000000000 ) ) ;
#2014 = VERTEX_POINT ( 'NONE', #1522 ) ;
#2015 = CARTESIAN_POINT ( 'NONE',  ( -5.080000000000000071, 21.83999999999999986, -1.714999999999998748 ) ) ;
#2016 = ORIENTED_EDGE ( 'NONE', *, *, #1860, .F. ) ;
#2017 = CARTESIAN_POINT ( 'NONE',  ( 5.080000000000000071, 6.589281494743402412, -2.985000000000000320 ) ) ;
#2018 = AXIS2_PLACEMENT_3D ( 'NONE', #928, #505, #1708 ) ;
#2019 = CARTESIAN_POINT ( 'NONE',  ( 2.332952152375707254E-16, 17.01500000000000057, -2.984999999999999432 ) ) ;
#2020 = DIRECTION ( 'NONE',  ( -1.000000000000000000, -0.000000000000000000, -0.000000000000000000 ) ) ;
#2021 = AXIS2_PLACEMENT_3D ( 'NONE', #646, #1830, #2437 ) ;
#2022 = DIRECTION ( 'NONE',  ( 0.000000000000000000, -1.000000000000000000, -1.012714822391489260E-16 ) ) ;
#2023 = FACE_OUTER_BOUND ( 'NONE', #1967, .T. ) ;
#2024 = PLANE ( 'NONE',  #2231 ) ;
#2025 = AXIS2_PLACEMENT_3D ( 'NONE', #524, #503, #927 ) ;
#2026 = LINE ( 'NONE', #805, #576 ) ;
#2027 = VECTOR ( 'NONE', #1278, 1000.000000000000000 ) ;
#2028 = ORIENTED_EDGE ( 'NONE', *, *, #686, .F. ) ;
#2029 = ORIENTED_EDGE ( 'NONE', *, *, #110, .F. ) ;
#2030 = ORIENTED_EDGE ( 'NONE', *, *, #832, .T. ) ;
#2031 = EDGE_CURVE ( 'NONE', #2054, #1950, #1513, .T. ) ;
#2032 = AXIS2_PLACEMENT_3D ( 'NONE', #1680, #1847, #702 ) ;
#2033 = CARTESIAN_POINT ( 'NONE',  ( 2.172499999999998987, -3.621892908478298396E-16, 0.2500000000000000000 ) ) ;
#2034 = EDGE_LOOP ( 'NONE', ( #1290, #867, #2001, #1095 ) ) ;
#2035 = EDGE_CURVE ( 'NONE', #1045, #2531, #322, .T. ) ;
#2036 = STYLED_ITEM ( 'NONE', ( #2474 ), #635 ) ;
#2037 = DIRECTION ( 'NONE',  ( 1.408054769461693696E-16, -1.000000000000000000, -0.000000000000000000 ) ) ;
#2038 = FACE_OUTER_BOUND ( 'NONE', #1409, .T. ) ;
#2039 = DIRECTION ( 'NONE',  ( 0.000000000000000000, 0.000000000000000000, 1.000000000000000000 ) ) ;
#2040 = CARTESIAN_POINT ( 'NONE',  ( 0.000000000000000000, 0.000000000000000000, 0.2500000000000000000 ) ) ;
#2041 = LINE ( 'NONE', #476, #991 ) ;
#2042 = ORIENTED_EDGE ( 'NONE', *, *, #912, .T. ) ;
#2043 = ORIENTED_EDGE ( 'NONE', *, *, #855, .T. ) ;
#2044 = DIRECTION ( 'NONE',  ( -1.365923996832131609E-16, -1.000000000000000000, -6.829619984160658046E-17 ) ) ;
#2045 = CARTESIAN_POINT ( 'NONE',  ( 2.332952152375707747E-16, 17.01500000000000057, -1.714999999999999192 ) ) ;
#2046 = VECTOR ( 'NONE', #1482, 1000.000000000000000 ) ;
#2047 = CARTESIAN_POINT ( 'NONE',  ( 1.282499999999998863, -1.408546971526578661E-16, 0.2500000000000000000 ) ) ;
#2048 = ORIENTED_EDGE ( 'NONE', *, *, #1701, .T. ) ;
#2049 = LINE ( 'NONE', #1649, #2401 ) ;
#2050 = EDGE_CURVE ( 'NONE', #390, #1955, #146, .T. ) ;
#2051 = FILL_AREA_STYLE_COLOUR ( '', #918 ) ;
#2052 = LINE ( 'NONE', #486, #671 ) ;
#2053 = LINE ( 'NONE', #270, #2514 ) ;
#2054 = VERTEX_POINT ( 'NONE', #1370 ) ;
#2055 = FACE_OUTER_BOUND ( 'NONE', #228, .T. ) ;
#2056 = DIRECTION ( 'NONE',  ( 0.000000000000000000, 0.000000000000000000, 1.000000000000000000 ) ) ;
#2057 = CARTESIAN_POINT ( 'NONE',  ( 5.080000000000000071, 21.83999999999999986, -1.714999999999998748 ) ) ;
#2058 = ORIENTED_EDGE ( 'NONE', *, *, #512, .T. ) ;
#2059 = CARTESIAN_POINT ( 'NONE',  ( 3.174999999999998934, 8.629999999999997229, -1.714999999999999858 ) ) ;
#2060 = CARTESIAN_POINT ( 'NONE',  ( -5.080000000000000071, 20.51999999999999957, -1.714999999999998748 ) ) ;
#2061 = DIRECTION ( 'NONE',  ( 1.000000000000000000, -1.365923996832131116E-16, -1.383291477852125330E-32 ) ) ;
#2062 = FACE_OUTER_BOUND ( 'NONE', #1716, .T. ) ;
#2063 = VECTOR ( 'NONE', #2273, 1000.000000000000000 ) ;
#2064 = VERTEX_POINT ( 'NONE', #558 ) ;
#2065 = EDGE_CURVE ( 'NONE', #1269, #2363, #2314, .T. ) ;
#2066 = DIRECTION ( 'NONE',  ( 0.000000000000000000, -1.000000000000000000, 0.000000000000000000 ) ) ;
#2067 = VECTOR ( 'NONE', #1695, 1000.000000000000000 ) ;
#2068 = EDGE_CURVE ( 'NONE', #622, #27, #2289, .T. ) ;
#2069 = DIRECTION ( 'NONE',  ( 0.000000000000000000, -1.012714822391489260E-16, 1.000000000000000000 ) ) ;
#2070 = PLANE ( 'NONE',  #1371 ) ;
#2071 = ORIENTED_EDGE ( 'NONE', *, *, #1525, .F. ) ;
#2072 = CARTESIAN_POINT ( 'NONE',  ( 0.6524999999999977485, 6.349999999999999645, 0.2500000000000000000 ) ) ;
#2073 = AXIS2_PLACEMENT_3D ( 'NONE', #681, #2268, #897 ) ;
#2074 = AXIS2_PLACEMENT_3D ( 'NONE', #484, #2213, #1464 ) ;
#2075 =( GEOMETRIC_REPRESENTATION_CONTEXT ( 3 ) GLOBAL_UNCERTAINTY_ASSIGNED_CONTEXT ( ( #899 ) ) GLOBAL_UNIT_ASSIGNED_CONTEXT ( ( #198, #588, #1966 ) ) REPRESENTATION_CONTEXT ( 'NONE', 'WORKASPACE' ) );
#2076 = LINE ( 'NONE', #721, #1135 ) ;
#2077 = CARTESIAN_POINT ( 'NONE',  ( -3.174999999999999822, 14.97999999999999687, -1.714999999999999414 ) ) ;
#2078 = ORIENTED_EDGE ( 'NONE', *, *, #785, .T. ) ;
#2079 = CARTESIAN_POINT ( 'NONE',  ( 5.080000000000000071, 14.97999999999999687, -2.984999999999999876 ) ) ;
#2080 = ADVANCED_FACE ( 'NONE', ( #124 ), #2299, .F. ) ;
#2081 = DIRECTION ( 'NONE',  ( 0.000000000000000000, 1.012714822391489260E-16, -1.000000000000000000 ) ) ;
#2082 = DIRECTION ( 'NONE',  ( 0.7071067811865539010, -0.7071067811865411334, 0.000000000000000000 ) ) ;
#2083 = ORIENTED_EDGE ( 'NONE', *, *, #578, .T. ) ;
#2084 = CARTESIAN_POINT ( 'NONE',  ( -0.4275000000000007683, -9.140000000000000568, 0.2500000000000000000 ) ) ;
#2085 = DIRECTION ( 'NONE',  ( -0.000000000000000000, 1.000000000000000000, -0.000000000000000000 ) ) ;
#2086 = LINE ( 'NONE', #1289, #1659 ) ;
#2087 = EDGE_LOOP ( 'NONE', ( #819, #1325, #215, #811, #1648, #147, #2092, #1179, #526, #2403, #2011, #1783, #1319, #1654, #2459, #452 ) ) ;
#2088 = DIRECTION ( 'NONE',  ( 0.000000000000000000, 0.000000000000000000, 1.000000000000000000 ) ) ;
#2089 = EDGE_CURVE ( 'NONE', #755, #2117, #1008, .T. ) ;
#2090 = CARTESIAN_POINT ( 'NONE',  ( -0.6175000000000026024, 0.1899999999999980038, -0.2500000000000000000 ) ) ;
#2091 = DIRECTION ( 'NONE',  ( 0.000000000000000000, 0.000000000000000000, -1.000000000000000000 ) ) ;
#2092 = ORIENTED_EDGE ( 'NONE', *, *, #110, .T. ) ;
#2093 = DIRECTION ( 'NONE',  ( -1.000000000000000000, -0.000000000000000000, -0.000000000000000000 ) ) ;
#2094 = LINE ( 'NONE', #1511, #1581 ) ;
#2095 = CARTESIAN_POINT ( 'NONE',  ( -1.057500000000002105, 6.349999999999999645, -0.2500000000000000000 ) ) ;
#2096 = LINE ( 'NONE', #723, #2515 ) ;
#2097 = VECTOR ( 'NONE', #1018, 1000.000000000000000 ) ;
#2098 = ORIENTED_EDGE ( 'NONE', *, *, #318, .T. ) ;
#2099 = LINE ( 'NONE', #763, #1539 ) ;
#2100 = VECTOR ( 'NONE', #1848, 1000.000000000000000 ) ;
#2101 = VECTOR ( 'NONE', #251, 1000.000000000000000 ) ;
#2102 = VECTOR ( 'NONE', #1465, 1000.000000000000000 ) ;
#2103 = FACE_OUTER_BOUND ( 'NONE', #1642, .T. ) ;
#2104 = FACE_OUTER_BOUND ( 'NONE', #1574, .T. ) ;
#2105 = ORIENTED_EDGE ( 'NONE', *, *, #973, .T. ) ;
#2106 = FACE_OUTER_BOUND ( 'NONE', #2237, .T. ) ;
#2107 = EDGE_CURVE ( 'NONE', #2331, #553, #36, .T. ) ;
#2108 = VECTOR ( 'NONE', #1287, 1000.000000000000114 ) ;
#2109 = PRESENTATION_STYLE_ASSIGNMENT (( #1890 ) ) ;
#2110 = DIRECTION ( 'NONE',  ( -1.000000000000000000, -1.408054769461693696E-16, 0.000000000000000000 ) ) ;
#2111 = STYLED_ITEM ( 'NONE', ( #2548 ), #561 ) ;
#2112 = CARTESIAN_POINT ( 'NONE',  ( 5.080000000000000071, 6.563355646657242026, 1.459999999999999742 ) ) ;
#2113 = ORIENTED_EDGE ( 'NONE', *, *, #1334, .T. ) ;
#2114 = LINE ( 'NONE', #736, #677 ) ;
#2115 = CARTESIAN_POINT ( 'NONE',  ( 5.080000000000000959, 19.51999999999999957, -1.714999999999998748 ) ) ;
#2116 = CARTESIAN_POINT ( 'NONE',  ( -3.847499999999977494, -9.139999999999998792, 0.2500000000000000000 ) ) ;
#2117 = VERTEX_POINT ( 'NONE', #1020 ) ;
#2118 = ORIENTED_EDGE ( 'NONE', *, *, #807, .F. ) ;
#2119 = EDGE_CURVE ( 'NONE', #1601, #2431, #1176, .T. ) ;
#2120 = LINE ( 'NONE', #346, #800 ) ;
#2121 = LINE ( 'NONE', #1417, #621 ) ;
#2122 = LINE ( 'NONE', #1703, #1204 ) ;
#2123 = ADVANCED_FACE ( 'NONE', ( #1774 ), #816, .T. ) ;
#2124 = EDGE_LOOP ( 'NONE', ( #56, #2226, #176, #24 ) ) ;
#2125 = DIRECTION ( 'NONE',  ( -0.000000000000000000, 1.000000000000000000, 1.012714822391489260E-16 ) ) ;
#2126 = PLANE ( 'NONE',  #1531 ) ;
#2127 = FACE_OUTER_BOUND ( 'NONE', #2129, .T. ) ;
#2128 = ORIENTED_EDGE ( 'NONE', *, *, #341, .F. ) ;
#2129 = EDGE_LOOP ( 'NONE', ( #2153, #189, #1189, #604 ) ) ;
#2130 = LINE ( 'NONE', #1005, #566 ) ;
#2131 = DIRECTION ( 'NONE',  ( -0.06081709228825828845, -0.08699441114101627570, 0.9943506693897425919 ) ) ;
#2132 = DIRECTION ( 'NONE',  ( 0.000000000000000000, 1.012714822391489260E-16, -1.000000000000000000 ) ) ;
#2133 = VERTEX_POINT ( 'NONE', #2169 ) ;
#2134 = EDGE_CURVE ( 'NONE', #1519, #1629, #1954, .T. ) ;
#2135 = LINE ( 'NONE', #549, #1824 ) ;
#2136 = VECTOR ( 'NONE', #779, 1000.000000000000000 ) ;
#2137 = EDGE_CURVE ( 'NONE', #1845, #622, #1585, .T. ) ;
#2138 = CARTESIAN_POINT ( 'NONE',  ( -1.247500000000000275, -3.621892908478298396E-16, -0.2500000000000000000 ) ) ;
#2139 = ORIENTED_EDGE ( 'NONE', *, *, #1976, .F. ) ;
#2140 = VERTEX_POINT ( 'NONE', #1608 ) ;
#2141 = VECTOR ( 'NONE', #1383, 1000.000000000000000 ) ;
#2142 = MECHANICAL_DESIGN_GEOMETRIC_PRESENTATION_REPRESENTATION (  '', ( #31 ), #2434 ) ;
#2143 = VECTOR ( 'NONE', #52, 1000.000000000000000 ) ;
#2144 = LINE ( 'NONE', #383, #1893 ) ;
#2145 = CARTESIAN_POINT ( 'NONE',  ( -0.6175000000000034905, 6.349999999999999645, 0.2500000000000000000 ) ) ;
#2146 = DIRECTION ( 'NONE',  ( -0.9981347984218673641, 0.000000000000000000, 0.06104853953485053081 ) ) ;
#2147 = ORIENTED_EDGE ( 'NONE', *, *, #456, .F. ) ;
#2148 = AXIS2_PLACEMENT_3D ( 'NONE', #2287, #2296, #2472 ) ;
#2149 = ORIENTED_EDGE ( 'NONE', *, *, #1572, .T. ) ;
#2150 = ADVANCED_FACE ( 'NONE', ( #396 ), #2352, .T. ) ;
#2151 = CARTESIAN_POINT ( 'NONE',  ( -3.847499999999977494, -9.139999999999998792, 0.2500000000000000000 ) ) ;
#2152 = ORIENTED_EDGE ( 'NONE', *, *, #2195, .T. ) ;
#2153 = ORIENTED_EDGE ( 'NONE', *, *, #945, .F. ) ;
#2154 = ADVANCED_FACE ( 'NONE', ( #196 ), #425, .T. ) ;
#2155 = FACE_OUTER_BOUND ( 'NONE', #205, .T. ) ;
#2156 = CARTESIAN_POINT ( 'NONE',  ( 0.6524999999999977485, 0.1900000000000013622, 0.2500000000000000000 ) ) ;
#2157 = CARTESIAN_POINT ( 'NONE',  ( 2.802499999999996660, 0.1899999999999980038, -0.2500000000000000000 ) ) ;
#2158 = VERTEX_POINT ( 'NONE', #7 ) ;
#2159 = CARTESIAN_POINT ( 'NONE',  ( -0.6175000000000034905, 6.349999999999999645, -0.2500000000000000000 ) ) ;
#2160 = VERTEX_POINT ( 'NONE', #826 ) ;
#2161 = ORIENTED_EDGE ( 'NONE', *, *, #470, .F. ) ;
#2162 = EDGE_CURVE ( 'NONE', #1519, #1453, #2200, .T. ) ;
#2163 = DIRECTION ( 'NONE',  ( 0.000000000000000000, 0.000000000000000000, 1.000000000000000000 ) ) ;
#2164 = ORIENTED_EDGE ( 'NONE', *, *, #456, .T. ) ;
#2165 = ORIENTED_EDGE ( 'NONE', *, *, #382, .T. ) ;
#2166 = ORIENTED_EDGE ( 'NONE', *, *, #2277, .T. ) ;
#2167 = CARTESIAN_POINT ( 'NONE',  ( 3.174999999999998934, 8.629999999999997229, -1.714999999999999858 ) ) ;
#2168 = CARTESIAN_POINT ( 'NONE',  ( 1.092499999999996252, 6.349999999999999645, -0.2500000000000000000 ) ) ;
#2169 = CARTESIAN_POINT ( 'NONE',  ( 3.174999999999999822, 14.97999999999999687, -2.984999999999999432 ) ) ;
#2170 = EDGE_CURVE ( 'NONE', #168, #1674, #977, .T. ) ;
#2171 = LINE ( 'NONE', #2379, #962 ) ;
#2172 = DIRECTION ( 'NONE',  ( 0.000000000000000000, 1.012714822391489260E-16, -1.000000000000000000 ) ) ;
#2173 = ORIENTED_EDGE ( 'NONE', *, *, #996, .F. ) ;
#2174 = ORIENTED_EDGE ( 'NONE', *, *, #1686, .T. ) ;
#2175 = UNCERTAINTY_MEASURE_WITH_UNIT (LENGTH_MEASURE( 1.000000000000000082E-05 ), #2475, 'distance_accuracy_value', 'NONE');
#2176 = PRESENTATION_STYLE_ASSIGNMENT (( #1271 ) ) ;
#2177 = ORIENTED_EDGE ( 'NONE', *, *, #767, .F. ) ;
#2178 = DIRECTION ( 'NONE',  ( 0.000000000000000000, -0.000000000000000000, 1.000000000000000000 ) ) ;
#2179 = VECTOR ( 'NONE', #1457, 1000.000000000000227 ) ;
#2180 = ORIENTED_EDGE ( 'NONE', *, *, #237, .T. ) ;
#2181 = VECTOR ( 'NONE', #244, 1000.000000000000000 ) ;
#2182 = VECTOR ( 'NONE', #745, 1000.000000000000000 ) ;
#2183 = LINE ( 'NONE', #409, #2136 ) ;
#2184 = PLANE ( 'NONE',  #454 ) ;
#2185 = LINE ( 'NONE', #2393, #2141 ) ;
#2186 = PRESENTATION_LAYER_ASSIGNMENT (  '', '', ( #1694 ) ) ;
#2187 = CARTESIAN_POINT ( 'NONE',  ( 5.080000000000000071, 14.97999999999999687, -1.714999999999999192 ) ) ;
#2188 = CARTESIAN_POINT ( 'NONE',  ( 0.4624999999999993561, -9.140000000000000568, -0.2500000000000000000 ) ) ;
#2189 = VERTEX_POINT ( 'NONE', #1405 ) ;
#2190 = EDGE_CURVE ( 'NONE', #2387, #994, #2185, .T. ) ;
#2191 = ORIENTED_EDGE ( 'NONE', *, *, #1671, .T. ) ;
#2192 = CIRCLE ( 'NONE', #2446, 1.905000000000000471 ) ;
#2193 = LINE ( 'NONE', #1631, #1406 ) ;
#2194 = DIRECTION ( 'NONE',  ( 0.000000000000000000, 0.000000000000000000, 1.000000000000000000 ) ) ;
#2195 = EDGE_CURVE ( 'NONE', #648, #777, #843, .T. ) ;
#2196 = ORIENTED_EDGE ( 'NONE', *, *, #2562, .T. ) ;
#2197 = DIRECTION ( 'NONE',  ( 0.000000000000000000, 0.000000000000000000, 1.000000000000000000 ) ) ;
#2198 = EDGE_CURVE ( 'NONE', #2527, #1501, #2546, .T. ) ;
#2199 = LINE ( 'NONE', #1033, #1085 ) ;
#2200 = LINE ( 'NONE', #1595, #2302 ) ;
#2201 = LINE ( 'NONE', #688, #73 ) ;
#2202 = DIRECTION ( 'NONE',  ( -1.000000000000000000, 0.000000000000000000, 0.000000000000000000 ) ) ;
#2203 = ORIENTED_EDGE ( 'NONE', *, *, #2107, .F. ) ;
#2204 = ORIENTED_EDGE ( 'NONE', *, *, #700, .F. ) ;
#2205 = CARTESIAN_POINT ( 'NONE',  ( -0.6175000000000026024, 0.1899999999999980038, 0.2500000000000000000 ) ) ;
#2206 = EDGE_LOOP ( 'NONE', ( #399, #1157, #119, #1894 ) ) ;
#2207 = ADVANCED_FACE ( 'NONE', ( #1034 ), #1623, .T. ) ;
#2208 = CARTESIAN_POINT ( 'NONE',  ( 2.332952152375707254E-16, 17.01500000000000057, -1.714999999999999192 ) ) ;
#2209 = ORIENTED_EDGE ( 'NONE', *, *, #2134, .T. ) ;
#2210 = CARTESIAN_POINT ( 'NONE',  ( -4.808132153431125211, 14.70222349330518874, 1.459999999999999520 ) ) ;
#2211 = CARTESIAN_POINT ( 'NONE',  ( -3.174999999999999822, 14.97999999999999687, -1.714999999999999414 ) ) ;
#2212 = DIRECTION ( 'NONE',  ( 1.000000000000000000, 0.000000000000000000, -0.000000000000000000 ) ) ;
#2213 = DIRECTION ( 'NONE',  ( 0.000000000000000000, -1.000000000000000000, 0.000000000000000000 ) ) ;
#2214 = CARTESIAN_POINT ( 'NONE',  ( -4.037500000000002309, 0.1899999999999980038, -0.2500000000000000000 ) ) ;
#2215 = PLANE ( 'NONE',  #1898 ) ;
#2216 = DIRECTION ( 'NONE',  ( 0.000000000000000000, 0.000000000000000000, 1.000000000000000000 ) ) ;
#2217 = EDGE_CURVE ( 'NONE', #2259, #2496, #1419, .T. ) ;
#2218 = VERTEX_POINT ( 'NONE', #385 ) ;
#2219 = ORIENTED_EDGE ( 'NONE', *, *, #142, .F. ) ;
#2220 = ADVANCED_FACE ( 'NONE', ( #1188 ), #1965, .T. ) ;
#2221 =( LENGTH_UNIT ( ) NAMED_UNIT ( * ) SI_UNIT ( .MILLI., .METRE. ) );
#2222 = ORIENTED_EDGE ( 'NONE', *, *, #847, .F. ) ;
#2223 = ADVANCED_FACE ( 'NONE', ( #2104 ), #2482, .F. ) ;
#2224 = AXIS2_PLACEMENT_3D ( 'NONE', #1392, #986, #768 ) ;
#2225 = DIRECTION ( 'NONE',  ( 0.000000000000000000, 1.012714822391489260E-16, -1.000000000000000000 ) ) ;
#2226 = ORIENTED_EDGE ( 'NONE', *, *, #889, .F. ) ;
#2227 = DIRECTION ( 'NONE',  ( 0.000000000000000000, -1.910488409666086025E-16, 1.000000000000000000 ) ) ;
#2228 = AXIS2_PLACEMENT_3D ( 'NONE', #2138, #2540, #957 ) ;
#2229 = CARTESIAN_POINT ( 'NONE',  ( 3.882499999999998952, -9.140000000000000568, -0.2500000000000000000 ) ) ;
#2230 = VECTOR ( 'NONE', #1220, 1000.000000000000000 ) ;
#2231 = AXIS2_PLACEMENT_3D ( 'NONE', #882, #1036, #2257 ) ;
#2232 = CARTESIAN_POINT ( 'NONE',  ( -3.174999999999999822, 14.97999999999999687, -2.984999999999999876 ) ) ;
#2233 = CARTESIAN_POINT ( 'NONE',  ( -3.847500000000000142, -1.408546971526578661E-16, 0.2500000000000000000 ) ) ;
#2234 = CARTESIAN_POINT ( 'NONE',  ( 5.080000000000001847, 20.51999999999999957, -1.714999999999998748 ) ) ;
#2235 = PRESENTATION_LAYER_ASSIGNMENT (  '', '', ( #2440 ) ) ;
#2236 = ORIENTED_EDGE ( 'NONE', *, *, #300, .T. ) ;
#2237 = EDGE_LOOP ( 'NONE', ( #2071, #2354, #748, #464, #2028, #1191, #980, #141 ) ) ;
#2238 = DIRECTION ( 'NONE',  ( -1.000000000000000000, 0.000000000000000000, 0.000000000000000000 ) ) ;
#2239 = ORIENTED_EDGE ( 'NONE', *, *, #1964, .T. ) ;
#2240 = VECTOR ( 'NONE', #311, 1000.000000000000000 ) ;
#2241 = DIRECTION ( 'NONE',  ( -1.365923996832131609E-16, -1.000000000000000000, -6.829619984160658046E-17 ) ) ;
#2242 = ORIENTED_EDGE ( 'NONE', *, *, #1951, .F. ) ;
#2243 = EDGE_CURVE ( 'NONE', #41, #381, #1495, .T. ) ;
#2244 = VECTOR ( 'NONE', #393, 1000.000000000000114 ) ;
#2245 = CARTESIAN_POINT ( 'NONE',  ( -3.174999999999999822, 14.97999999999999687, -1.714999999999999414 ) ) ;
#2246 = LINE ( 'NONE', #1058, #2046 ) ;
#2247 = PLANE ( 'NONE',  #2021 ) ;
#2248 = ORIENTED_EDGE ( 'NONE', *, *, #341, .T. ) ;
#2249 = CARTESIAN_POINT ( 'NONE',  ( -4.037500000000002309, 0.1899999999999980038, -0.2500000000000000000 ) ) ;
#2250 = CARTESIAN_POINT ( 'NONE',  ( 5.080000000000000071, 14.97999999999999687, -1.714999999999999414 ) ) ;
#2251 = LINE ( 'NONE', #433, #2101 ) ;
#2252 = ORIENTED_EDGE ( 'NONE', *, *, #266, .F. ) ;
#2253 = ADVANCED_FACE ( 'NONE', ( #2506 ), #1244, .T. ) ;
#2254 = CARTESIAN_POINT ( 'NONE',  ( -4.930000000000000604, 20.51999999999999957, -1.714999999999998748 ) ) ;
#2255 = EDGE_CURVE ( 'NONE', #2064, #1870, #717, .T. ) ;
#2256 = CARTESIAN_POINT ( 'NONE',  ( -1.057500000000002105, 0.1900000000000013622, -0.2500000000000000000 ) ) ;
#2257 = DIRECTION ( 'NONE',  ( 0.000000000000000000, 1.012714822391489260E-16, -1.000000000000000000 ) ) ;
#2258 = PLANE ( 'NONE',  #279 ) ;
#2259 = VERTEX_POINT ( 'NONE', #1696 ) ;
#2260 = LINE ( 'NONE', #2079, #247 ) ;
#2261 = CARTESIAN_POINT ( 'NONE',  ( 1.282499999999998863, -1.408546971526578661E-16, 0.2500000000000000000 ) ) ;
#2262 = CARTESIAN_POINT ( 'NONE',  ( -5.079999999999999183, 19.51999999999999957, -1.714999999999998748 ) ) ;
#2263 = ORIENTED_EDGE ( 'NONE', *, *, #2007, .F. ) ;
#2264 = PLANE ( 'NONE',  #1049 ) ;
#2265 = PLANE ( 'NONE',  #2074 ) ;
#2266 = CARTESIAN_POINT ( 'NONE',  ( -2.137500000000000622, -9.140000000000000568, -0.2500000000000000000 ) ) ;
#2267 = ORIENTED_EDGE ( 'NONE', *, *, #1280, .T. ) ;
#2268 = DIRECTION ( 'NONE',  ( -1.000000000000000000, 0.000000000000000000, 0.000000000000000000 ) ) ;
#2269 = AXIS2_PLACEMENT_3D ( 'NONE', #1442, #2225, #450 ) ;
#2270 = EDGE_CURVE ( 'NONE', #219, #2064, #1120, .T. ) ;
#2271 = DIRECTION ( 'NONE',  ( 1.000000000000000000, 0.000000000000000000, 0.000000000000000000 ) ) ;
#2272 = CARTESIAN_POINT ( 'NONE',  ( 2.992499999999998828, -9.140000000000000568, 0.2500000000000000000 ) ) ;
#2273 = DIRECTION ( 'NONE',  ( -0.000000000000000000, 1.000000000000000000, -0.000000000000000000 ) ) ;
#2274 = ORIENTED_EDGE ( 'NONE', *, *, #217, .F. ) ;
#2275 = DIRECTION ( 'NONE',  ( 0.000000000000000000, 0.000000000000000000, -1.000000000000000000 ) ) ;
#2276 = VECTOR ( 'NONE', #1644, 1000.000000000000000 ) ;
#2277 = EDGE_CURVE ( 'NONE', #1017, #1423, #1111, .T. ) ;
#2278 = ADVANCED_FACE ( 'NONE', ( #1506 ), #240, .T. ) ;
#2279 = CARTESIAN_POINT ( 'NONE',  ( 3.174999999999998934, 8.629999999999997229, -1.714999999999999858 ) ) ;
#2280 = FACE_OUTER_BOUND ( 'NONE', #46, .T. ) ;
#2281 = VERTEX_POINT ( 'NONE', #1445 ) ;
#2282 = LINE ( 'NONE', #1068, #412 ) ;
#2283 = FACE_OUTER_BOUND ( 'NONE', #1989, .T. ) ;
#2284 = DIRECTION ( 'NONE',  ( -0.7071067811865406894, -0.7071067811865543451, 0.000000000000000000 ) ) ;
#2285 = EDGE_LOOP ( 'NONE', ( #1234, #724, #1086, #2078, #155, #1779, #949 ) ) ;
#2286 = ADVANCED_FACE ( 'NONE', ( #1901 ), #1047, .F. ) ;
#2287 = CARTESIAN_POINT ( 'NONE',  ( -2.137500000000000622, -1.408546971526578661E-16, -0.2500000000000000000 ) ) ;
#2288 = CARTESIAN_POINT ( 'NONE',  ( 5.080000000000000959, 19.51999999999999957, -1.714999999999998748 ) ) ;
#2289 = LINE ( 'NONE', #1131, #2556 ) ;
#2290 = VERTEX_POINT ( 'NONE', #2495 ) ;
#2291 = PLANE ( 'NONE',  #1134 ) ;
#2292 = ADVANCED_FACE ( 'NONE', ( #728 ), #525, .T. ) ;
#2293 = DIRECTION ( 'NONE',  ( -1.000000000000000000, -0.000000000000000000, -0.000000000000000000 ) ) ;
#2294 = DIRECTION ( 'NONE',  ( 1.000000000000000000, 0.000000000000000000, -0.000000000000000000 ) ) ;
#2295 = ORIENTED_EDGE ( 'NONE', *, *, #513, .T. ) ;
#2296 = DIRECTION ( 'NONE',  ( -0.7071067811865406894, -0.7071067811865543451, 0.000000000000000000 ) ) ;
#2297 = DIRECTION ( 'NONE',  ( 1.000000000000000000, 0.000000000000000000, 0.000000000000000000 ) ) ;
#2298 = CARTESIAN_POINT ( 'NONE',  ( -2.957500000000000018, 1.892386455167899792E-15, -0.2500000000000000000 ) ) ;
#2299 = PLANE ( 'NONE',  #916 ) ;
#2300 = ORIENTED_EDGE ( 'NONE', *, *, #2035, .T. ) ;
#2301 = DIRECTION ( 'NONE',  ( -0.000000000000000000, -1.000000000000000000, -0.000000000000000000 ) ) ;
#2302 = VECTOR ( 'NONE', #611, 1000.000000000000000 ) ;
#2303 = VECTOR ( 'NONE', #232, 1000.000000000000000 ) ;
#2304 = VECTOR ( 'NONE', #1714, 1000.000000000000000 ) ;
#2305 = AXIS2_PLACEMENT_3D ( 'NONE', #1337, #2110, #1140 ) ;
#2306 = CARTESIAN_POINT ( 'NONE',  ( -4.037500000000002309, 0.1899999999999980038, -0.2500000000000000000 ) ) ;
#2307 = CARTESIAN_POINT ( 'NONE',  ( 5.080000000000001847, 20.51999999999999957, -1.714999999999998748 ) ) ;
#2308 = ORIENTED_EDGE ( 'NONE', *, *, #1916, .F. ) ;
#2309 = ORIENTED_EDGE ( 'NONE', *, *, #1301, .T. ) ;
#2310 = ADVANCED_FACE ( 'NONE', ( #1683 ), #330, .T. ) ;
#2311 = VECTOR ( 'NONE', #1882, 1000.000000000000227 ) ;
#2312 =( NAMED_UNIT ( * ) SI_UNIT ( $, .STERADIAN. ) SOLID_ANGLE_UNIT ( ) );
#2313 = LINE ( 'NONE', #283, #880 ) ;
#2314 = LINE ( 'NONE', #520, #574 ) ;
#2315 = ORIENTED_EDGE ( 'NONE', *, *, #1715, .F. ) ;
#2316 = CARTESIAN_POINT ( 'NONE',  ( 5.080000000000000071, 6.563355646657242026, 1.459999999999999742 ) ) ;
#2317 = DIRECTION ( 'NONE',  ( 1.000000000000000000, 0.000000000000000000, -0.000000000000000000 ) ) ;
#2318 = DIRECTION ( 'NONE',  ( 0.000000000000000000, 0.000000000000000000, 1.000000000000000000 ) ) ;
#2319 = ORIENTED_EDGE ( 'NONE', *, *, #2521, .F. ) ;
#2320 = ORIENTED_EDGE ( 'NONE', *, *, #1721, .T. ) ;
#2321 = EDGE_CURVE ( 'NONE', #1171, #1785, #94, .T. ) ;
#2322 = DIRECTION ( 'NONE',  ( -1.000000000000000000, -1.408054769461693696E-16, 0.000000000000000000 ) ) ;
#2323 = CARTESIAN_POINT ( 'NONE',  ( 3.174999999999998934, 8.629999999999997229, -1.714999999999999858 ) ) ;
#2324 = CARTESIAN_POINT ( 'NONE',  ( -0.6175000000000034905, 6.349999999999999645, -0.2500000000000000000 ) ) ;
#2325 = ORIENTED_EDGE ( 'NONE', *, *, #639, .T. ) ;
#2326 = ADVANCED_FACE ( 'NONE', ( #2038 ), #48, .F. ) ;
#2327 = DIRECTION ( 'NONE',  ( 0.000000000000000000, 0.000000000000000000, 1.000000000000000000 ) ) ;
#2328 = PRODUCT_DEFINITION_CONTEXT ( 'detailed design', #504, 'design' ) ;
#2329 = CARTESIAN_POINT ( 'NONE',  ( 5.080000000000000959, 19.51999999999999957, -1.714999999999998748 ) ) ;
#2330 = ORIENTED_EDGE ( 'NONE', *, *, #1573, .T. ) ;
#2331 = VERTEX_POINT ( 'NONE', #2229 ) ;
#2332 = CARTESIAN_POINT ( 'NONE',  ( 2.992499999999998828, -1.408546971526578661E-16, -0.2500000000000000000 ) ) ;
#2333 = DIRECTION ( 'NONE',  ( 0.000000000000000000, -1.000000000000000000, -1.910488409666086025E-16 ) ) ;
#2334 = PLANE ( 'NONE',  #1253 ) ;
#2335 = ORIENTED_EDGE ( 'NONE', *, *, #1276, .F. ) ;
#2336 = DIRECTION ( 'NONE',  ( 0.000000000000000000, 1.000000000000000000, 0.000000000000000000 ) ) ;
#2337 = EDGE_CURVE ( 'NONE', #1373, #1958, #457, .T. ) ;
#2338 = AXIS2_PLACEMENT_3D ( 'NONE', #814, #179, #2532 ) ;
#2339 = EDGE_CURVE ( 'NONE', #1558, #1616, #1099, .T. ) ;
#2340 = ORIENTED_EDGE ( 'NONE', *, *, #294, .F. ) ;
#2341 = ORIENTED_EDGE ( 'NONE', *, *, #482, .T. ) ;
#2342 = VECTOR ( 'NONE', #292, 1000.000000000000000 ) ;
#2343 = DIRECTION ( 'NONE',  ( -0.000000000000000000, -1.000000000000000000, -0.000000000000000000 ) ) ;
#2344 = ORIENTED_EDGE ( 'NONE', *, *, #1534, .F. ) ;
#2345 = VECTOR ( 'NONE', #2216, 1000.000000000000000 ) ;
#2346 = ORIENTED_EDGE ( 'NONE', *, *, #138, .T. ) ;
#2347 = VECTOR ( 'NONE', #2366, 1000.000000000000000 ) ;
#2348 = VECTOR ( 'NONE', #1760, 1000.000000000000000 ) ;
#2349 =( GEOMETRIC_REPRESENTATION_CONTEXT ( 3 ) GLOBAL_UNCERTAINTY_ASSIGNED_CONTEXT ( ( #603 ) ) GLOBAL_UNIT_ASSIGNED_CONTEXT ( ( #1347, #320, #2312 ) ) REPRESENTATION_CONTEXT ( 'NONE', 'WORKASPACE' ) );
#2350 = CARTESIAN_POINT ( 'NONE',  ( 2.172499999999998987, -9.140000000000000568, -0.2500000000000000000 ) ) ;
#2351 = CARTESIAN_POINT ( 'NONE',  ( 4.809137716123073503, 14.70366187733441343, 1.443559195314498167 ) ) ;
#2352 = PLANE ( 'NONE',  #2386 ) ;
#2353 = EDGE_CURVE ( 'NONE', #391, #99, #705, .T. ) ;
#2354 = ORIENTED_EDGE ( 'NONE', *, *, #1009, .F. ) ;
#2355 =( NAMED_UNIT ( * ) SI_UNIT ( $, .STERADIAN. ) SOLID_ANGLE_UNIT ( ) );
#2356 = VECTOR ( 'NONE', #903, 1000.000000000000000 ) ;
#2357 = ORIENTED_EDGE ( 'NONE', *, *, #665, .F. ) ;
#2358 = ORIENTED_EDGE ( 'NONE', *, *, #612, .F. ) ;
#2359 = UNCERTAINTY_MEASURE_WITH_UNIT (LENGTH_MEASURE( 1.000000000000000082E-05 ), #459, 'distance_accuracy_value', 'NONE');
#2360 = PLANE ( 'NONE',  #1201 ) ;
#2361 = ORIENTED_EDGE ( 'NONE', *, *, #1591, .T. ) ;
#2362 = VERTEX_POINT ( 'NONE', #579 ) ;
#2363 = VERTEX_POINT ( 'NONE', #1355 ) ;
#2364 = DIRECTION ( 'NONE',  ( 0.000000000000000000, 1.012714822391489260E-16, -1.000000000000000000 ) ) ;
#2365 = LINE ( 'NONE', #2351, #1775 ) ;
#2366 = DIRECTION ( 'NONE',  ( -0.000000000000000000, 1.012714822391489260E-16, -1.000000000000000000 ) ) ;
#2367 = CARTESIAN_POINT ( 'NONE',  ( 5.080000000000000071, 21.83999999999999986, -2.984999999999998987 ) ) ;
#2368 = LINE ( 'NONE', #1597, #449 ) ;
#2369 = ORIENTED_EDGE ( 'NONE', *, *, #802, .F. ) ;
#2370 = ORIENTED_EDGE ( 'NONE', *, *, #10, .F. ) ;
#2371 = ADVANCED_FACE ( 'NONE', ( #1377 ), #2360, .F. ) ;
#2372 = FILL_AREA_STYLE ('',( #666 ) ) ;
#2373 = VERTEX_POINT ( 'NONE', #1183 ) ;
#2374 = ORIENTED_EDGE ( 'NONE', *, *, #485, .T. ) ;
#2375 = ORIENTED_EDGE ( 'NONE', *, *, #369, .T. ) ;
#2376 = PLANE ( 'NONE',  #664 ) ;
#2377 = CARTESIAN_POINT ( 'NONE',  ( 3.882499999999998952, -3.621892908478298396E-16, 0.2500000000000000000 ) ) ;
#2378 = CARTESIAN_POINT ( 'NONE',  ( -5.080000000000000071, 14.97999999999999687, -1.714999999999999414 ) ) ;
#2379 = CARTESIAN_POINT ( 'NONE',  ( 4.072499999999997122, 0.1900000000000013622, 0.2500000000000000000 ) ) ;
#2380 = CARTESIAN_POINT ( 'NONE',  ( -3.174999999999999822, 14.97999999999999687, -1.714999999999999414 ) ) ;
#2381 = ORIENTED_EDGE ( 'NONE', *, *, #1387, .T. ) ;
#2382 = EDGE_CURVE ( 'NONE', #1496, #1329, #563, .T. ) ;
#2383 = APPLICATION_PROTOCOL_DEFINITION ( 'draft international standard', 'automotive_design', 1998, #694 ) ;
#2384 = ORIENTED_EDGE ( 'NONE', *, *, #1534, .T. ) ;
#2385 = EDGE_CURVE ( 'NONE', #2373, #1241, #1344, .T. ) ;
#2386 = AXIS2_PLACEMENT_3D ( 'NONE', #1979, #2212, #222 ) ;
#2387 = VERTEX_POINT ( 'NONE', #970 ) ;
#2388 = VECTOR ( 'NONE', #70, 1000.000000000000000 ) ;
#2389 = CARTESIAN_POINT ( 'NONE',  ( 0.000000000000000000, 5.702807902853272673E-16, -2.985000000000002984 ) ) ;
#2390 = DIRECTION ( 'NONE',  ( 0.7071067811865543451, -0.7071067811865406894, 0.000000000000000000 ) ) ;
#2391 = PRESENTATION_LAYER_ASSIGNMENT (  '', '', ( #1661 ) ) ;
#2392 = EDGE_CURVE ( 'NONE', #653, #1037, #950, .T. ) ;
#2393 = CARTESIAN_POINT ( 'NONE',  ( -3.174999999999999822, 14.97999999999999687, -2.984999999999999876 ) ) ;
#2394 = PRESENTATION_STYLE_ASSIGNMENT (( #1610 ) ) ;
#2395 = DIRECTION ( 'NONE',  ( 0.06012445354743890802, -0.1733340287692600179, -0.9830261260801969048 ) ) ;
#2396 = EDGE_CURVE ( 'NONE', #1780, #2398, #792, .T. ) ;
#2397 = CARTESIAN_POINT ( 'NONE',  ( -3.174999999999999822, 14.97999999999999687, -2.984999999999999876 ) ) ;
#2398 = VERTEX_POINT ( 'NONE', #2116 ) ;
#2399 = ORIENTED_EDGE ( 'NONE', *, *, #660, .T. ) ;
#2400 = VECTOR ( 'NONE', #79, 1000.000000000000227 ) ;
#2401 = VECTOR ( 'NONE', #1035, 1000.000000000000000 ) ;
#2402 = DIRECTION ( 'NONE',  ( 1.408054769461693696E-16, -1.000000000000000000, -0.000000000000000000 ) ) ;
#2403 = ORIENTED_EDGE ( 'NONE', *, *, #1439, .T. ) ;
#2404 = LINE ( 'NONE', #274, #2303 ) ;
#2405 = EDGE_LOOP ( 'NONE', ( #1059, #2344, #684, #167 ) ) ;
#2406 = CARTESIAN_POINT ( 'NONE',  ( -1.057500000000002105, 0.1900000000000013622, 0.2500000000000000000 ) ) ;
#2407 = DIRECTION ( 'NONE',  ( 0.000000000000000000, 1.012714822391489260E-16, -1.000000000000000000 ) ) ;
#2408 = ADVANCED_FACE ( 'NONE', ( #2127 ), #1550, .T. ) ;
#2409 = DIRECTION ( 'NONE',  ( -1.000000000000000000, -0.000000000000000000, -0.000000000000000000 ) ) ;
#2410 = CARTESIAN_POINT ( 'NONE',  ( 4.072499999999997122, 0.1900000000000013622, -0.2500000000000000000 ) ) ;
#2411 = SURFACE_STYLE_USAGE ( .BOTH. , #1625 ) ;
#2412 = CARTESIAN_POINT ( 'NONE',  ( 5.080000000000001847, 20.51999999999999957, -1.714999999999998748 ) ) ;
#2413 = EDGE_CURVE ( 'NONE', #1078, #2054, #353, .T. ) ;
#2414 = VERTEX_POINT ( 'NONE', #552 ) ;
#2415 = ADVANCED_FACE ( 'NONE', ( #764 ), #343, .T. ) ;
#2416 = EDGE_LOOP ( 'NONE', ( #590, #2539, #17, #444 ) ) ;
#2417 = CARTESIAN_POINT ( 'NONE',  ( -2.327500000000002345, 0.1899999999999980038, -0.2500000000000000000 ) ) ;
#2418 = DIRECTION ( 'NONE',  ( 0.000000000000000000, 1.012714822391489260E-16, -1.000000000000000000 ) ) ;
#2419 = CARTESIAN_POINT ( 'NONE',  ( -2.327500000000003233, 6.349999999999999645, -0.2500000000000000000 ) ) ;
#2420 = EDGE_LOOP ( 'NONE', ( #1297, #1305, #469, #2165 ) ) ;
#2421 = CARTESIAN_POINT ( 'NONE',  ( -4.929999999999999716, 19.51999999999999957, -1.714999999999998748 ) ) ;
#2422 = DIRECTION ( 'NONE',  ( 0.000000000000000000, -0.9961946980917455452, -0.08715574274765798546 ) ) ;
#2423 = PLANE ( 'NONE',  #2498 ) ;
#2424 = SURFACE_STYLE_USAGE ( .BOTH. , #1853 ) ;
#2425 = CARTESIAN_POINT ( 'NONE',  ( 2.362499999999997602, 0.1900000000000013622, -0.2500000000000000000 ) ) ;
#2426 = LINE ( 'NONE', #212, #917 ) ;
#2427 = ORIENTED_EDGE ( 'NONE', *, *, #1154, .F. ) ;
#2428 = ORIENTED_EDGE ( 'NONE', *, *, #1549, .F. ) ;
#2429 = LINE ( 'NONE', #1454, #502 ) ;
#2430 = EDGE_CURVE ( 'NONE', #539, #1615, #379, .T. ) ;
#2431 = VERTEX_POINT ( 'NONE', #1728 ) ;
#2432 = CARTESIAN_POINT ( 'NONE',  ( 4.072499999999997122, 0.1900000000000013622, 0.2500000000000000000 ) ) ;
#2433 = ORIENTED_EDGE ( 'NONE', *, *, #956, .F. ) ;
#2434 =( GEOMETRIC_REPRESENTATION_CONTEXT ( 3 ) GLOBAL_UNCERTAINTY_ASSIGNED_CONTEXT ( ( #203 ) ) GLOBAL_UNIT_ASSIGNED_CONTEXT ( ( #1628, #1466, #1093 ) ) REPRESENTATION_CONTEXT ( 'NONE', 'WORKASPACE' ) );
#2435 = VECTOR ( 'NONE', #1338, 1000.000000000000000 ) ;
#2436 = FACE_OUTER_BOUND ( 'NONE', #1646, .T. ) ;
#2437 = DIRECTION ( 'NONE',  ( 0.7071067811865454633, 0.7071067811865496822, 0.000000000000000000 ) ) ;
#2438 =( GEOMETRIC_REPRESENTATION_CONTEXT ( 3 ) GLOBAL_UNCERTAINTY_ASSIGNED_CONTEXT ( ( #2175 ) ) GLOBAL_UNIT_ASSIGNED_CONTEXT ( ( #2475, #931, #905 ) ) REPRESENTATION_CONTEXT ( 'NONE', 'WORKASPACE' ) );
#2439 = DIRECTION ( 'NONE',  ( -1.000000000000000000, -0.000000000000000000, -0.000000000000000000 ) ) ;
#2440 = STYLED_ITEM ( 'NONE', ( #2394 ), #581 ) ;
#2441 = ORIENTED_EDGE ( 'NONE', *, *, #1931, .F. ) ;
#2442 = ORIENTED_EDGE ( 'NONE', *, *, #996, .T. ) ;
#2443 = PLANE ( 'NONE',  #2073 ) ;
#2444 = EDGE_CURVE ( 'NONE', #902, #1398, #1767, .T. ) ;
#2445 = LINE ( 'NONE', #682, #1579 ) ;
#2446 = AXIS2_PLACEMENT_3D ( 'NONE', #121, #2450, #2484 ) ;
#2447 = VECTOR ( 'NONE', #784, 1000.000000000000000 ) ;
#2448 = DIRECTION ( 'NONE',  ( 0.000000000000000000, -0.000000000000000000, 1.000000000000000000 ) ) ;
#2449 = ORIENTED_EDGE ( 'NONE', *, *, #551, .F. ) ;
#2450 = DIRECTION ( 'NONE',  ( 0.000000000000000000, 1.012714822391489260E-16, -1.000000000000000000 ) ) ;
#2451 = ADVANCED_FACE ( 'NONE', ( #1948 ), #389, .T. ) ;
#2452 = DIRECTION ( 'NONE',  ( 0.7071067811865539010, -0.7071067811865411334, 0.000000000000000000 ) ) ;
#2453 = DIRECTION ( 'NONE',  ( 0.06104853953485053081, 0.000000000000000000, -0.9981347984218673641 ) ) ;
#2454 = CARTESIAN_POINT ( 'NONE',  ( 2.992499999999998828, -9.140000000000000568, -0.2500000000000000000 ) ) ;
#2455 = VERTEX_POINT ( 'NONE', #776 ) ;
#2456 = CARTESIAN_POINT ( 'NONE',  ( -3.174999999999999822, 14.97999999999999687, -1.714999999999999414 ) ) ;
#2457 = CARTESIAN_POINT ( 'NONE',  ( 2.802499999999995772, 6.349999999999999645, -0.2500000000000000000 ) ) ;
#2458 = LINE ( 'NONE', #1807, #8 ) ;
#2459 = ORIENTED_EDGE ( 'NONE', *, *, #1239, .T. ) ;
#2460 = DIRECTION ( 'NONE',  ( -1.000000000000000000, 0.000000000000000000, -0.000000000000000000 ) ) ;
#2461 = LINE ( 'NONE', #1288, #726 ) ;
#2462 = CARTESIAN_POINT ( 'NONE',  ( 2.362499999999997602, 0.1900000000000013622, -0.2500000000000000000 ) ) ;
#2463 = ADVANCED_FACE ( 'NONE', ( #175 ), #981, .T. ) ;
#2464 = VERTEX_POINT ( 'NONE', #1 ) ;
#2465 = LINE ( 'NONE', #1857, #1379 ) ;
#2466 = DIRECTION ( 'NONE',  ( 0.000000000000000000, 0.000000000000000000, 1.000000000000000000 ) ) ;
#2467 = EDGE_CURVE ( 'NONE', #1543, #418, #186, .T. ) ;
#2468 = LINE ( 'NONE', #128, #403 ) ;
#2469 = DIRECTION ( 'NONE',  ( 0.000000000000000000, -1.000000000000000000, 0.000000000000000000 ) ) ;
#2470 = ORIENTED_EDGE ( 'NONE', *, *, #847, .T. ) ;
#2471 = ADVANCED_FACE ( 'NONE', ( #1921 ), #140, .F. ) ;
#2472 = DIRECTION ( 'NONE',  ( 0.7071067811865543451, -0.7071067811865406894, 0.000000000000000000 ) ) ;
#2473 = VECTOR ( 'NONE', #220, 1000.000000000000000 ) ;
#2474 = PRESENTATION_STYLE_ASSIGNMENT (( #1925 ) ) ;
#2475 =( LENGTH_UNIT ( ) NAMED_UNIT ( * ) SI_UNIT ( .MILLI., .METRE. ) );
#2476 = VECTOR ( 'NONE', #538, 1000.000000000000000 ) ;
#2477 = ORIENTED_EDGE ( 'NONE', *, *, #1487, .T. ) ;
#2478 = DIRECTION ( 'NONE',  ( -1.910488409666086025E-16, -1.000000000000000000, -1.910488409666086025E-16 ) ) ;
#2479 = VECTOR ( 'NONE', #877, 1000.000000000000000 ) ;
#2480 = PRESENTATION_LAYER_ASSIGNMENT (  '', '', ( #1299 ) ) ;
#2481 = CARTESIAN_POINT ( 'NONE',  ( -1.247500000000000275, -9.140000000000000568, -0.2500000000000000000 ) ) ;
#2482 = PLANE ( 'NONE',  #363 ) ;
#2483 = ORIENTED_EDGE ( 'NONE', *, *, #1516, .F. ) ;
#2484 = DIRECTION ( 'NONE',  ( 0.000000000000000000, 1.000000000000000000, 0.000000000000000000 ) ) ;
#2485 = ADVANCED_BREP_SHAPE_REPRESENTATION ( 'XL4016', ( #561, #1502, #1426, #635, #581, #629, #614, #406 ), #1159 ) ;
#2486 = VECTOR ( 'NONE', #2238, 1000.000000000000000 ) ;
#2487 = CARTESIAN_POINT ( 'NONE',  ( 3.174999999999999822, 14.97999999999999687, -1.714999999999999414 ) ) ;
#2488 = CARTESIAN_POINT ( 'NONE',  ( -2.327500000000002345, 0.1899999999999980038, 0.2500000000000000000 ) ) ;
#2489 = EDGE_CURVE ( 'NONE', #1720, #1709, #1236, .T. ) ;
#2490 = FACE_OUTER_BOUND ( 'NONE', #2420, .T. ) ;
#2491 = ADVANCED_FACE ( 'NONE', ( #68 ), #401, .F. ) ;
#2492 = VERTEX_POINT ( 'NONE', #229 ) ;
#2493 = DIRECTION ( 'NONE',  ( 1.000000000000000000, -0.000000000000000000, -0.000000000000000000 ) ) ;
#2494 = LINE ( 'NONE', #753, #1897 ) ;
#2495 = CARTESIAN_POINT ( 'NONE',  ( 1.282499999999998863, -9.140000000000000568, 0.2500000000000000000 ) ) ;
#2496 = VERTEX_POINT ( 'NONE', #1040 ) ;
#2497 = DIRECTION ( 'NONE',  ( -1.000000000000000000, 0.000000000000000000, -0.000000000000000000 ) ) ;
#2498 = AXIS2_PLACEMENT_3D ( 'NONE', #656, #1447, #1074 ) ;
#2499 =( NAMED_UNIT ( * ) SI_UNIT ( $, .STERADIAN. ) SOLID_ANGLE_UNIT ( ) );
#2500 = DIRECTION ( 'NONE',  ( 0.000000000000000000, 0.000000000000000000, 1.000000000000000000 ) ) ;
#2501 = DIRECTION ( 'NONE',  ( -1.000000000000000000, -2.467330983336815781E-15, 0.000000000000000000 ) ) ;
#2502 = EDGE_LOOP ( 'NONE', ( #14, #1755, #2319, #1177, #1934, #636, #481, #794 ) ) ;
#2503 = CARTESIAN_POINT ( 'NONE',  ( 2.172499999999998987, -9.140000000000000568, -0.2500000000000000000 ) ) ;
#2504 = EDGE_CURVE ( 'NONE', #1072, #943, #850, .T. ) ;
#2505 = DIRECTION ( 'NONE',  ( 0.000000000000000000, -0.000000000000000000, -1.000000000000000000 ) ) ;
#2506 = FACE_OUTER_BOUND ( 'NONE', #1116, .T. ) ;
#2507 = EDGE_LOOP ( 'NONE', ( #2530, #2369, #271, #1100 ) ) ;
#2508 = EDGE_LOOP ( 'NONE', ( #1169, #1881, #806, #1949 ) ) ;
#2509 = CARTESIAN_POINT ( 'NONE',  ( 5.080000000000000071, 14.97999999999999687, -2.984999999999999876 ) ) ;
#2510 = DIRECTION ( 'NONE',  ( 1.000000000000000000, -0.000000000000000000, -0.000000000000000000 ) ) ;
#2511 = ORIENTED_EDGE ( 'NONE', *, *, #641, .F. ) ;
#2512 = CARTESIAN_POINT ( 'NONE',  ( -2.137500000000000622, -9.140000000000000568, 0.2500000000000000000 ) ) ;
#2513 = VECTOR ( 'NONE', #430, 1000.000000000000114 ) ;
#2514 = VECTOR ( 'NONE', #1065, 1000.000000000000000 ) ;
#2515 = VECTOR ( 'NONE', #531, 1000.000000000000000 ) ;
#2516 = VECTOR ( 'NONE', #557, 1000.000000000000000 ) ;
#2517 = LINE ( 'NONE', #1718, #365 ) ;
#2518 = DIRECTION ( 'NONE',  ( 2.467330983336815781E-15, -1.000000000000000000, -0.000000000000000000 ) ) ;
#2519 = ORIENTED_EDGE ( 'NONE', *, *, #2353, .T. ) ;
#2520 = ORIENTED_EDGE ( 'NONE', *, *, #294, .T. ) ;
#2521 = EDGE_CURVE ( 'NONE', #661, #2117, #2193, .T. ) ;
#2522 = ADVANCED_FACE ( 'NONE', ( #634 ), #650, .T. ) ;
#2523 = AXIS2_PLACEMENT_3D ( 'NONE', #707, #2275, #2497 ) ;
#2524 = LINE ( 'NONE', #1393, #1088 ) ;
#2525 = UNCERTAINTY_MEASURE_WITH_UNIT (LENGTH_MEASURE( 1.000000000000000082E-05 ), #1586, 'distance_accuracy_value', 'NONE');
#2526 = DIRECTION ( 'NONE',  ( 1.408054769461693696E-16, -1.000000000000000000, -0.000000000000000000 ) ) ;
#2527 = VERTEX_POINT ( 'NONE', #2417 ) ;
#2528 = PLANE ( 'NONE',  #1212 ) ;
#2529 = DIRECTION ( 'NONE',  ( 1.314184451497582985E-15, -1.000000000000000000, -0.000000000000000000 ) ) ;
#2530 = ORIENTED_EDGE ( 'NONE', *, *, #1043, .F. ) ;
#2531 = VERTEX_POINT ( 'NONE', #1600 ) ;
#2532 = DIRECTION ( 'NONE',  ( 1.910488409666086025E-16, 1.000000000000000000, 0.000000000000000000 ) ) ;
#2533 = CARTESIAN_POINT ( 'NONE',  ( -0.4275000000000007683, -1.408546971526578661E-16, -0.2500000000000000000 ) ) ;
#2534 = CARTESIAN_POINT ( 'NONE',  ( 5.080000000000000071, 6.589281494743402412, -2.985000000000000320 ) ) ;
#2535 = EDGE_CURVE ( 'NONE', #2140, #1780, #1424, .T. ) ;
#2536 = ORIENTED_EDGE ( 'NONE', *, *, #1951, .T. ) ;
#2537 = LINE ( 'NONE', #1930, #1500 ) ;
#2538 = ORIENTED_EDGE ( 'NONE', *, *, #2337, .T. ) ;
#2539 = ORIENTED_EDGE ( 'NONE', *, *, #660, .F. ) ;
#2540 = DIRECTION ( 'NONE',  ( 1.000000000000000000, 0.000000000000000000, -0.000000000000000000 ) ) ;
#2541 = ORIENTED_EDGE ( 'NONE', *, *, #287, .T. ) ;
#2542 = ORIENTED_EDGE ( 'NONE', *, *, #737, .F. ) ;
#2543 = EDGE_CURVE ( 'NONE', #2281, #564, #1645, .T. ) ;
#2544 = CARTESIAN_POINT ( 'NONE',  ( -2.767500000000001847, 0.1900000000000013622, 0.2500000000000000000 ) ) ;
#2545 = DIRECTION ( 'NONE',  ( 0.7071067811865543451, -0.7071067811865406894, -0.000000000000000000 ) ) ;
#2546 = LINE ( 'NONE', #781, #278 ) ;
#2547 = ORIENTED_EDGE ( 'NONE', *, *, #2107, .T. ) ;
#2548 = PRESENTATION_STYLE_ASSIGNMENT (( #2411 ) ) ;
#2549 = AXIS2_PLACEMENT_3D ( 'NONE', #597, #2322, #556 ) ;
#2550 = EDGE_LOOP ( 'NONE', ( #367, #2263, #13, #587 ) ) ;
#2551 = VECTOR ( 'NONE', #1168, 1000.000000000000114 ) ;
#2552 = CARTESIAN_POINT ( 'NONE',  ( -5.080000000000000071, 20.51999999999999957, -1.714999999999998748 ) ) ;
#2553 = ORIENTED_EDGE ( 'NONE', *, *, #976, .T. ) ;
#2554 = VECTOR ( 'NONE', #537, 1000.000000000000000 ) ;
#2555 = ORIENTED_EDGE ( 'NONE', *, *, #594, .F. ) ;
#2556 = VECTOR ( 'NONE', #359, 1000.000000000000114 ) ;
#2557 = VECTOR ( 'NONE', #975, 1000.000000000000000 ) ;
#2558 = FACE_OUTER_BOUND ( 'NONE', #967, .T. ) ;
#2559 = LINE ( 'NONE', #1175, #995 ) ;
#2560 = CARTESIAN_POINT ( 'NONE',  ( 0.000000000000000000, 0.000000000000000000, -0.2500000000000000000 ) ) ;
#2561 = VECTOR ( 'NONE', #1548, 1000.000000000000000 ) ;
#2562 = EDGE_CURVE ( 'NONE', #1390, #1601, #420, .T. ) ;
#2563 = FILL_AREA_STYLE_COLOUR ( '', #1733 ) ;
#2564 = MECHANICAL_DESIGN_GEOMETRIC_PRESENTATION_REPRESENTATION (  '', ( #2111 ), #2075 ) ;
#2565 = LINE ( 'NONE', #199, #150 ) ;
#2566 = AXIS2_PLACEMENT_3D ( 'NONE', #1962, #1174, #584 ) ;
#2567 = ORIENTED_EDGE ( 'NONE', *, *, #142, .T. ) ;
#2568 = ORIENTED_EDGE ( 'NONE', *, *, #300, .F. ) ;
ENDSEC;
END-ISO-10303-21;
