ISO-10303-21;
HEADER;
FILE_DESCRIPTION(('KiCad electronic assembly'),'2;1');
FILE_NAME('line-follower-rear-power-board.step','2026-10-07T13:32:02',(
    'Pcbnew'),('Kicad'),'Open CASCADE STEP processor 7.8',
  'KiCad to STEP converter','Unknown');
FILE_SCHEMA(('AUTOMOTIVE_DESIGN { 1 0 10303 214 1 1 1 1 }'));
ENDSEC;
DATA;
#1 = APPLICATION_PROTOCOL_DEFINITION('international standard',
  'automotive_design',2000,#2);
#2 = APPLICATION_CONTEXT(
  'core data for automotive mechanical design processes');
#3 = SHAPE_DEFINITION_REPRESENTATION(#4,#10);
#4 = PRODUCT_DEFINITION_SHAPE('','',#5);
#5 = PRODUCT_DEFINITION('design','',#6,#9);
#6 = PRODUCT_DEFINITION_FORMATION('','',#7);
#7 = PRODUCT('line-follower-rear-power-board 1',
  'line-follower-rear-power-board 1','',(#8));
#8 = PRODUCT_CONTEXT('',#2,'mechanical');
#9 = PRODUCT_DEFINITION_CONTEXT('part definition',#2,'design');
#10 = SHAPE_REPRESENTATION('',(#11,#15,#19,#23,#27,#31,#35,#39,#43,#47,
    #51,#55,#59,#63),#67);
#11 = AXIS2_PLACEMENT_3D('',#12,#13,#14);
#12 = CARTESIAN_POINT('',(0.,0.,0.));
#13 = DIRECTION('',(0.,0.,1.));
#14 = DIRECTION('',(1.,0.,-0.));
#15 = AXIS2_PLACEMENT_3D('',#16,#17,#18);
#16 = CARTESIAN_POINT('',(166.,-80.385,1.595));
#17 = DIRECTION('',(0.,-0.,1.));
#18 = DIRECTION('',(1.110223024625E-16,1.,0.));
#19 = AXIS2_PLACEMENT_3D('',#20,#21,#22);
#20 = CARTESIAN_POINT('',(160.,-100.,1.595));
#21 = DIRECTION('',(-0.,0.,1.));
#22 = DIRECTION('',(1.110223024625E-16,-1.,0.));
#23 = AXIS2_PLACEMENT_3D('',#24,#25,#26);
#24 = CARTESIAN_POINT('',(158.,-94.,1.595));
#25 = DIRECTION('',(0.,0.,1.));
#26 = DIRECTION('',(-1.,1.224646799147E-16,0.));
#27 = AXIS2_PLACEMENT_3D('',#28,#29,#30);
#28 = CARTESIAN_POINT('',(154.,-112.04825,1.595));
#29 = DIRECTION('',(0.,-0.,1.));
#30 = DIRECTION('',(1.110223024625E-16,1.,0.));
#31 = AXIS2_PLACEMENT_3D('',#32,#33,#34);
#32 = CARTESIAN_POINT('',(176.,-93.,1.595));
#33 = DIRECTION('',(0.,0.,1.));
#34 = DIRECTION('',(1.,0.,0.));
#35 = AXIS2_PLACEMENT_3D('',#36,#37,#38);
#36 = CARTESIAN_POINT('',(154.,-100.,1.595));
#37 = DIRECTION('',(0.,0.,1.));
#38 = DIRECTION('',(-1.,2.22044604925E-16,0.));
#39 = AXIS2_PLACEMENT_3D('',#40,#41,#42);
#40 = CARTESIAN_POINT('',(178.725,-80.385,1.595));
#41 = DIRECTION('',(0.,-0.,1.));
#42 = DIRECTION('',(1.110223024625E-16,1.,0.));
#43 = AXIS2_PLACEMENT_3D('',#44,#45,#46);
#44 = CARTESIAN_POINT('',(182.9,-98.,1.595));
#45 = DIRECTION('',(0.,0.,1.));
#46 = DIRECTION('',(1.,0.,0.));
#47 = AXIS2_PLACEMENT_3D('',#48,#49,#50);
#48 = CARTESIAN_POINT('',(184.,-112.04825,1.595));
#49 = DIRECTION('',(0.,-0.,1.));
#50 = DIRECTION('',(1.110223024625E-16,1.,0.));
#51 = AXIS2_PLACEMENT_3D('',#52,#53,#54);
#52 = CARTESIAN_POINT('',(176.,-99.,1.595));
#53 = DIRECTION('',(-0.,0.,1.));
#54 = DIRECTION('',(1.110223024625E-16,-1.,0.));
#55 = AXIS2_PLACEMENT_3D('',#56,#57,#58);
#56 = CARTESIAN_POINT('',(166.,-99.46,-8.5E-02));
#57 = DIRECTION('',(1.499759782662E-32,1.224646799147E-16,-1.));
#58 = DIRECTION('',(-1.,1.224646799147E-16,0.));
#59 = AXIS2_PLACEMENT_3D('',#60,#61,#62);
#60 = CARTESIAN_POINT('',(170.,-102.,-8.5E-02));
#61 = DIRECTION('',(0.,-1.224646799147E-16,-1.));
#62 = DIRECTION('',(1.,0.,0.));
#63 = AXIS2_PLACEMENT_3D('',#64,#65,#66);
#64 = CARTESIAN_POINT('',(0.,0.,0.));
#65 = DIRECTION('',(0.,0.,1.));
#66 = DIRECTION('',(1.,0.,-0.));
#67 = ( GEOMETRIC_REPRESENTATION_CONTEXT(3) 
GLOBAL_UNCERTAINTY_ASSIGNED_CONTEXT((#71)) GLOBAL_UNIT_ASSIGNED_CONTEXT(
(#68,#69,#70)) REPRESENTATION_CONTEXT('Context #1',
  '3D Context with UNIT and UNCERTAINTY') );
#68 = ( LENGTH_UNIT() NAMED_UNIT(*) SI_UNIT(.MILLI.,.METRE.) );
#69 = ( NAMED_UNIT(*) PLANE_ANGLE_UNIT() SI_UNIT($,.RADIAN.) );
#70 = ( NAMED_UNIT(*) SI_UNIT($,.STERADIAN.) SOLID_ANGLE_UNIT() );
#71 = UNCERTAINTY_MEASURE_WITH_UNIT(LENGTH_MEASURE(1.E-07),#68,
  'distance_accuracy_value','confusion accuracy');
#72 = PRODUCT_RELATED_PRODUCT_CATEGORY('part',$,(#7));
#73 = SHAPE_DEFINITION_REPRESENTATION(#74,#80);
#74 = PRODUCT_DEFINITION_SHAPE('','',#75);
#75 = PRODUCT_DEFINITION('design','',#76,#79);
#76 = PRODUCT_DEFINITION_FORMATION('','',#77);
#77 = PRODUCT('PinHeader_1x04_P2.54mm_Horizontal',
  'PinHeader_1x04_P2.54mm_Horizontal','',(#78));
#78 = PRODUCT_CONTEXT('',#2,'mechanical');
#79 = PRODUCT_DEFINITION_CONTEXT('part definition',#2,'design');
#80 = ADVANCED_BREP_SHAPE_REPRESENTATION('',(#11,#81),#3265);
#81 = MANIFOLD_SOLID_BREP('',#82);
#82 = CLOSED_SHELL('',(#83,#123,#154,#185,#514,#843,#860,#877,#894,#911,
    #928,#945,#962,#979,#996,#1013,#1030,#1047,#1064,#1081,#1098,#1115,
    #1132,#1149,#1166,#1183,#1200,#1217,#1229,#1285,#1309,#1358,#1375,
    #1406,#1455,#1479,#1521,#1552,#1601,#1625,#1667,#1698,#1747,#1771,
    #1813,#1844,#1868,#1892,#1909,#1940,#1964,#1988,#2005,#2036,#2060,
    #2084,#2101,#2132,#2156,#2180,#2197,#2214,#2231,#2262,#2279,#2310,
    #2327,#2344,#2375,#2392,#2423,#2440,#2457,#2488,#2505,#2536,#2553,
    #2570,#2601,#2618,#2649,#2680,#2704,#2728,#2745,#2776,#2800,#2824,
    #2841,#2872,#2896,#2920,#2937,#2968,#2992,#3016,#3033,#3050,#3067,
    #3079,#3096,#3113,#3125,#3142,#3159,#3171,#3188,#3205,#3217,#3229,
    #3241,#3253));
#83 = ADVANCED_FACE('',(#84),#118,.T.);
#84 = FACE_BOUND('',#85,.T.);
#85 = EDGE_LOOP('',(#86,#96,#104,#112));
#86 = ORIENTED_EDGE('',*,*,#87,.T.);
#87 = EDGE_CURVE('',#88,#90,#92,.T.);
#88 = VERTEX_POINT('',#89);
#89 = CARTESIAN_POINT('',(1.5,1.27,0.254));
#90 = VERTEX_POINT('',#91);
#91 = CARTESIAN_POINT('',(4.04,1.27,0.254));
#92 = LINE('',#93,#94);
#93 = CARTESIAN_POINT('',(1.5,1.27,0.254));
#94 = VECTOR('',#95,1.);
#95 = DIRECTION('',(1.,0.,0.));
#96 = ORIENTED_EDGE('',*,*,#97,.T.);
#97 = EDGE_CURVE('',#90,#98,#100,.T.);
#98 = VERTEX_POINT('',#99);
#99 = CARTESIAN_POINT('',(4.04,1.016,0.));
#100 = LINE('',#101,#102);
#101 = CARTESIAN_POINT('',(4.04,1.27,0.254));
#102 = VECTOR('',#103,1.);
#103 = DIRECTION('',(0.,-0.707106781187,-0.707106781187));
#104 = ORIENTED_EDGE('',*,*,#105,.F.);
#105 = EDGE_CURVE('',#106,#98,#108,.T.);
#106 = VERTEX_POINT('',#107);
#107 = CARTESIAN_POINT('',(1.5,1.016,0.));
#108 = LINE('',#109,#110);
#109 = CARTESIAN_POINT('',(1.5,1.016,0.));
#110 = VECTOR('',#111,1.);
#111 = DIRECTION('',(1.,0.,0.));
#112 = ORIENTED_EDGE('',*,*,#113,.F.);
#113 = EDGE_CURVE('',#88,#106,#114,.T.);
#114 = LINE('',#115,#116);
#115 = CARTESIAN_POINT('',(1.5,1.27,0.254));
#116 = VECTOR('',#117,1.);
#117 = DIRECTION('',(0.,-0.707106781187,-0.707106781187));
#118 = PLANE('',#119);
#119 = AXIS2_PLACEMENT_3D('',#120,#121,#122);
#120 = CARTESIAN_POINT('',(1.5,1.27,0.254));
#121 = DIRECTION('',(0.,0.707106781187,-0.707106781187));
#122 = DIRECTION('',(0.,-0.707106781187,-0.707106781187));
#123 = ADVANCED_FACE('',(#124),#149,.T.);
#124 = FACE_BOUND('',#125,.T.);
#125 = EDGE_LOOP('',(#126,#136,#142,#143));
#126 = ORIENTED_EDGE('',*,*,#127,.T.);
#127 = EDGE_CURVE('',#128,#130,#132,.T.);
#128 = VERTEX_POINT('',#129);
#129 = CARTESIAN_POINT('',(1.5,1.27,2.286));
#130 = VERTEX_POINT('',#131);
#131 = CARTESIAN_POINT('',(4.04,1.27,2.286));
#132 = LINE('',#133,#134);
#133 = CARTESIAN_POINT('',(1.5,1.27,2.286));
#134 = VECTOR('',#135,1.);
#135 = DIRECTION('',(1.,0.,0.));
#136 = ORIENTED_EDGE('',*,*,#137,.T.);
#137 = EDGE_CURVE('',#130,#90,#138,.T.);
#138 = LINE('',#139,#140);
#139 = CARTESIAN_POINT('',(4.04,1.27,2.286));
#140 = VECTOR('',#141,1.);
#141 = DIRECTION('',(0.,0.,-1.));
#142 = ORIENTED_EDGE('',*,*,#87,.F.);
#143 = ORIENTED_EDGE('',*,*,#144,.F.);
#144 = EDGE_CURVE('',#128,#88,#145,.T.);
#145 = LINE('',#146,#147);
#146 = CARTESIAN_POINT('',(1.5,1.27,2.286));
#147 = VECTOR('',#148,1.);
#148 = DIRECTION('',(0.,0.,-1.));
#149 = PLANE('',#150);
#150 = AXIS2_PLACEMENT_3D('',#151,#152,#153);
#151 = CARTESIAN_POINT('',(1.5,1.27,2.286));
#152 = DIRECTION('',(0.,1.,0.));
#153 = DIRECTION('',(0.,0.,-1.));
#154 = ADVANCED_FACE('',(#155),#180,.T.);
#155 = FACE_BOUND('',#156,.T.);
#156 = EDGE_LOOP('',(#157,#158,#166,#174));
#157 = ORIENTED_EDGE('',*,*,#105,.T.);
#158 = ORIENTED_EDGE('',*,*,#159,.T.);
#159 = EDGE_CURVE('',#98,#160,#162,.T.);
#160 = VERTEX_POINT('',#161);
#161 = CARTESIAN_POINT('',(4.04,-1.016,0.));
#162 = LINE('',#163,#164);
#163 = CARTESIAN_POINT('',(4.04,1.016,0.));
#164 = VECTOR('',#165,1.);
#165 = DIRECTION('',(0.,-1.,0.));
#166 = ORIENTED_EDGE('',*,*,#167,.F.);
#167 = EDGE_CURVE('',#168,#160,#170,.T.);
#168 = VERTEX_POINT('',#169);
#169 = CARTESIAN_POINT('',(1.5,-1.016,0.));
#170 = LINE('',#171,#172);
#171 = CARTESIAN_POINT('',(1.5,-1.016,0.));
#172 = VECTOR('',#173,1.);
#173 = DIRECTION('',(1.,0.,0.));
#174 = ORIENTED_EDGE('',*,*,#175,.F.);
#175 = EDGE_CURVE('',#106,#168,#176,.T.);
#176 = LINE('',#177,#178);
#177 = CARTESIAN_POINT('',(1.5,1.016,0.));
#178 = VECTOR('',#179,1.);
#179 = DIRECTION('',(0.,-1.,0.));
#180 = PLANE('',#181);
#181 = AXIS2_PLACEMENT_3D('',#182,#183,#184);
#182 = CARTESIAN_POINT('',(1.5,1.016,0.));
#183 = DIRECTION('',(-0.,-0.,-1.));
#184 = DIRECTION('',(0.,-1.,0.));
#185 = ADVANCED_FACE('',(#186,#373,#407,#441,#475),#509,.T.);
#186 = FACE_BOUND('',#187,.T.);
#187 = EDGE_LOOP('',(#188,#189,#190,#198,#206,#214,#222,#230,#238,#246,
    #254,#262,#270,#278,#286,#294,#302,#310,#318,#326,#334,#342,#350,
    #358,#366,#372));
#188 = ORIENTED_EDGE('',*,*,#113,.T.);
#189 = ORIENTED_EDGE('',*,*,#175,.T.);
#190 = ORIENTED_EDGE('',*,*,#191,.T.);
#191 = EDGE_CURVE('',#168,#192,#194,.T.);
#192 = VERTEX_POINT('',#193);
#193 = CARTESIAN_POINT('',(1.5,-1.27,0.254));
#194 = LINE('',#195,#196);
#195 = CARTESIAN_POINT('',(1.5,-1.016,0.));
#196 = VECTOR('',#197,1.);
#197 = DIRECTION('',(0.,-0.707106781187,0.707106781187));
#198 = ORIENTED_EDGE('',*,*,#199,.T.);
#199 = EDGE_CURVE('',#192,#200,#202,.T.);
#200 = VERTEX_POINT('',#201);
#201 = CARTESIAN_POINT('',(1.5,-1.524,0.));
#202 = LINE('',#203,#204);
#203 = CARTESIAN_POINT('',(1.5,-1.27,0.254));
#204 = VECTOR('',#205,1.);
#205 = DIRECTION('',(0.,-0.707106781187,-0.707106781187));
#206 = ORIENTED_EDGE('',*,*,#207,.T.);
#207 = EDGE_CURVE('',#200,#208,#210,.T.);
#208 = VERTEX_POINT('',#209);
#209 = CARTESIAN_POINT('',(1.5,-3.556,0.));
#210 = LINE('',#211,#212);
#211 = CARTESIAN_POINT('',(1.5,-1.524,0.));
#212 = VECTOR('',#213,1.);
#213 = DIRECTION('',(0.,-1.,0.));
#214 = ORIENTED_EDGE('',*,*,#215,.T.);
#215 = EDGE_CURVE('',#208,#216,#218,.T.);
#216 = VERTEX_POINT('',#217);
#217 = CARTESIAN_POINT('',(1.5,-3.81,0.254));
#218 = LINE('',#219,#220);
#219 = CARTESIAN_POINT('',(1.5,-3.556,0.));
#220 = VECTOR('',#221,1.);
#221 = DIRECTION('',(0.,-0.707106781187,0.707106781187));
#222 = ORIENTED_EDGE('',*,*,#223,.T.);
#223 = EDGE_CURVE('',#216,#224,#226,.T.);
#224 = VERTEX_POINT('',#225);
#225 = CARTESIAN_POINT('',(1.5,-4.064,0.));
#226 = LINE('',#227,#228);
#227 = CARTESIAN_POINT('',(1.5,-3.81,0.254));
#228 = VECTOR('',#229,1.);
#229 = DIRECTION('',(0.,-0.707106781187,-0.707106781187));
#230 = ORIENTED_EDGE('',*,*,#231,.T.);
#231 = EDGE_CURVE('',#224,#232,#234,.T.);
#232 = VERTEX_POINT('',#233);
#233 = CARTESIAN_POINT('',(1.5,-6.096,0.));
#234 = LINE('',#235,#236);
#235 = CARTESIAN_POINT('',(1.5,-4.064,0.));
#236 = VECTOR('',#237,1.);
#237 = DIRECTION('',(0.,-1.,0.));
#238 = ORIENTED_EDGE('',*,*,#239,.T.);
#239 = EDGE_CURVE('',#232,#240,#242,.T.);
#240 = VERTEX_POINT('',#241);
#241 = CARTESIAN_POINT('',(1.5,-6.35,0.254));
#242 = LINE('',#243,#244);
#243 = CARTESIAN_POINT('',(1.5,-6.096,0.));
#244 = VECTOR('',#245,1.);
#245 = DIRECTION('',(0.,-0.707106781187,0.707106781187));
#246 = ORIENTED_EDGE('',*,*,#247,.T.);
#247 = EDGE_CURVE('',#240,#248,#250,.T.);
#248 = VERTEX_POINT('',#249);
#249 = CARTESIAN_POINT('',(1.5,-6.604,0.));
#250 = LINE('',#251,#252);
#251 = CARTESIAN_POINT('',(1.5,-6.35,0.254));
#252 = VECTOR('',#253,1.);
#253 = DIRECTION('',(0.,-0.707106781187,-0.707106781187));
#254 = ORIENTED_EDGE('',*,*,#255,.T.);
#255 = EDGE_CURVE('',#248,#256,#258,.T.);
#256 = VERTEX_POINT('',#257);
#257 = CARTESIAN_POINT('',(1.5,-8.636,0.));
#258 = LINE('',#259,#260);
#259 = CARTESIAN_POINT('',(1.5,-6.604,0.));
#260 = VECTOR('',#261,1.);
#261 = DIRECTION('',(0.,-1.,0.));
#262 = ORIENTED_EDGE('',*,*,#263,.T.);
#263 = EDGE_CURVE('',#256,#264,#266,.T.);
#264 = VERTEX_POINT('',#265);
#265 = CARTESIAN_POINT('',(1.5,-8.89,0.254));
#266 = LINE('',#267,#268);
#267 = CARTESIAN_POINT('',(1.5,-8.636,0.));
#268 = VECTOR('',#269,1.);
#269 = DIRECTION('',(0.,-0.707106781187,0.707106781187));
#270 = ORIENTED_EDGE('',*,*,#271,.T.);
#271 = EDGE_CURVE('',#264,#272,#274,.T.);
#272 = VERTEX_POINT('',#273);
#273 = CARTESIAN_POINT('',(1.5,-8.89,2.286));
#274 = LINE('',#275,#276);
#275 = CARTESIAN_POINT('',(1.5,-8.89,0.254));
#276 = VECTOR('',#277,1.);
#277 = DIRECTION('',(0.,0.,1.));
#278 = ORIENTED_EDGE('',*,*,#279,.T.);
#279 = EDGE_CURVE('',#272,#280,#282,.T.);
#280 = VERTEX_POINT('',#281);
#281 = CARTESIAN_POINT('',(1.5,-8.636,2.54));
#282 = LINE('',#283,#284);
#283 = CARTESIAN_POINT('',(1.5,-8.89,2.286));
#284 = VECTOR('',#285,1.);
#285 = DIRECTION('',(0.,0.707106781187,0.707106781187));
#286 = ORIENTED_EDGE('',*,*,#287,.T.);
#287 = EDGE_CURVE('',#280,#288,#290,.T.);
#288 = VERTEX_POINT('',#289);
#289 = CARTESIAN_POINT('',(1.5,-6.604,2.54));
#290 = LINE('',#291,#292);
#291 = CARTESIAN_POINT('',(1.5,-8.636,2.54));
#292 = VECTOR('',#293,1.);
#293 = DIRECTION('',(0.,1.,0.));
#294 = ORIENTED_EDGE('',*,*,#295,.T.);
#295 = EDGE_CURVE('',#288,#296,#298,.T.);
#296 = VERTEX_POINT('',#297);
#297 = CARTESIAN_POINT('',(1.5,-6.35,2.286));
#298 = LINE('',#299,#300);
#299 = CARTESIAN_POINT('',(1.5,-6.604,2.54));
#300 = VECTOR('',#301,1.);
#301 = DIRECTION('',(0.,0.707106781187,-0.707106781187));
#302 = ORIENTED_EDGE('',*,*,#303,.T.);
#303 = EDGE_CURVE('',#296,#304,#306,.T.);
#304 = VERTEX_POINT('',#305);
#305 = CARTESIAN_POINT('',(1.5,-6.096,2.54));
#306 = LINE('',#307,#308);
#307 = CARTESIAN_POINT('',(1.5,-6.35,2.286));
#308 = VECTOR('',#309,1.);
#309 = DIRECTION('',(0.,0.707106781187,0.707106781187));
#310 = ORIENTED_EDGE('',*,*,#311,.T.);
#311 = EDGE_CURVE('',#304,#312,#314,.T.);
#312 = VERTEX_POINT('',#313);
#313 = CARTESIAN_POINT('',(1.5,-4.064,2.54));
#314 = LINE('',#315,#316);
#315 = CARTESIAN_POINT('',(1.5,-6.096,2.54));
#316 = VECTOR('',#317,1.);
#317 = DIRECTION('',(0.,1.,0.));
#318 = ORIENTED_EDGE('',*,*,#319,.T.);
#319 = EDGE_CURVE('',#312,#320,#322,.T.);
#320 = VERTEX_POINT('',#321);
#321 = CARTESIAN_POINT('',(1.5,-3.81,2.286));
#322 = LINE('',#323,#324);
#323 = CARTESIAN_POINT('',(1.5,-4.064,2.54));
#324 = VECTOR('',#325,1.);
#325 = DIRECTION('',(0.,0.707106781187,-0.707106781187));
#326 = ORIENTED_EDGE('',*,*,#327,.T.);
#327 = EDGE_CURVE('',#320,#328,#330,.T.);
#328 = VERTEX_POINT('',#329);
#329 = CARTESIAN_POINT('',(1.5,-3.556,2.54));
#330 = LINE('',#331,#332);
#331 = CARTESIAN_POINT('',(1.5,-3.81,2.286));
#332 = VECTOR('',#333,1.);
#333 = DIRECTION('',(0.,0.707106781187,0.707106781187));
#334 = ORIENTED_EDGE('',*,*,#335,.T.);
#335 = EDGE_CURVE('',#328,#336,#338,.T.);
#336 = VERTEX_POINT('',#337);
#337 = CARTESIAN_POINT('',(1.5,-1.524,2.54));
#338 = LINE('',#339,#340);
#339 = CARTESIAN_POINT('',(1.5,-3.556,2.54));
#340 = VECTOR('',#341,1.);
#341 = DIRECTION('',(0.,1.,0.));
#342 = ORIENTED_EDGE('',*,*,#343,.T.);
#343 = EDGE_CURVE('',#336,#344,#346,.T.);
#344 = VERTEX_POINT('',#345);
#345 = CARTESIAN_POINT('',(1.5,-1.27,2.286));
#346 = LINE('',#347,#348);
#347 = CARTESIAN_POINT('',(1.5,-1.524,2.54));
#348 = VECTOR('',#349,1.);
#349 = DIRECTION('',(0.,0.707106781187,-0.707106781187));
#350 = ORIENTED_EDGE('',*,*,#351,.T.);
#351 = EDGE_CURVE('',#344,#352,#354,.T.);
#352 = VERTEX_POINT('',#353);
#353 = CARTESIAN_POINT('',(1.5,-1.016,2.54));
#354 = LINE('',#355,#356);
#355 = CARTESIAN_POINT('',(1.5,-1.27,2.286));
#356 = VECTOR('',#357,1.);
#357 = DIRECTION('',(0.,0.707106781187,0.707106781187));
#358 = ORIENTED_EDGE('',*,*,#359,.T.);
#359 = EDGE_CURVE('',#352,#360,#362,.T.);
#360 = VERTEX_POINT('',#361);
#361 = CARTESIAN_POINT('',(1.5,1.016,2.54));
#362 = LINE('',#363,#364);
#363 = CARTESIAN_POINT('',(1.5,-1.016,2.54));
#364 = VECTOR('',#365,1.);
#365 = DIRECTION('',(0.,1.,0.));
#366 = ORIENTED_EDGE('',*,*,#367,.T.);
#367 = EDGE_CURVE('',#360,#128,#368,.T.);
#368 = LINE('',#369,#370);
#369 = CARTESIAN_POINT('',(1.5,1.016,2.54));
#370 = VECTOR('',#371,1.);
#371 = DIRECTION('',(0.,0.707106781187,-0.707106781187));
#372 = ORIENTED_EDGE('',*,*,#144,.T.);
#373 = FACE_BOUND('',#374,.T.);
#374 = EDGE_LOOP('',(#375,#385,#393,#401));
#375 = ORIENTED_EDGE('',*,*,#376,.F.);
#376 = EDGE_CURVE('',#377,#379,#381,.T.);
#377 = VERTEX_POINT('',#378);
#378 = CARTESIAN_POINT('',(1.5,-4.76,1.59));
#379 = VERTEX_POINT('',#380);
#380 = CARTESIAN_POINT('',(1.5,-4.76,0.95));
#381 = LINE('',#382,#383);
#382 = CARTESIAN_POINT('',(1.5,-4.76,0.924540133779));
#383 = VECTOR('',#384,1.);
#384 = DIRECTION('',(-1.054146171647E-32,6.630961875715E-34,-1.));
#385 = ORIENTED_EDGE('',*,*,#386,.F.);
#386 = EDGE_CURVE('',#387,#377,#389,.T.);
#387 = VERTEX_POINT('',#388);
#388 = CARTESIAN_POINT('',(1.5,-5.4,1.59));
#389 = LINE('',#390,#391);
#390 = CARTESIAN_POINT('',(1.5,-4.285,1.59));
#391 = VECTOR('',#392,1.);
#392 = DIRECTION('',(-3.135844300547E-31,1.,-6.721016494415E-48));
#393 = ORIENTED_EDGE('',*,*,#394,.T.);
#394 = EDGE_CURVE('',#387,#395,#397,.T.);
#395 = VERTEX_POINT('',#396);
#396 = CARTESIAN_POINT('',(1.5,-5.4,0.95));
#397 = LINE('',#398,#399);
#398 = CARTESIAN_POINT('',(1.5,-5.4,0.924540133779));
#399 = VECTOR('',#400,1.);
#400 = DIRECTION('',(-1.054146171647E-32,6.630961875715E-34,-1.));
#401 = ORIENTED_EDGE('',*,*,#402,.F.);
#402 = EDGE_CURVE('',#379,#395,#403,.T.);
#403 = LINE('',#404,#405);
#404 = CARTESIAN_POINT('',(1.5,-4.285,0.95));
#405 = VECTOR('',#406,1.);
#406 = DIRECTION('',(3.135844300547E-31,-1.,0.));
#407 = FACE_BOUND('',#408,.T.);
#408 = EDGE_LOOP('',(#409,#419,#427,#435));
#409 = ORIENTED_EDGE('',*,*,#410,.F.);
#410 = EDGE_CURVE('',#411,#413,#415,.T.);
#411 = VERTEX_POINT('',#412);
#412 = CARTESIAN_POINT('',(1.5,-2.86,1.59));
#413 = VERTEX_POINT('',#414);
#414 = CARTESIAN_POINT('',(1.5,-2.22,1.59));
#415 = LINE('',#416,#417);
#416 = CARTESIAN_POINT('',(1.5,-3.015,1.59));
#417 = VECTOR('',#418,1.);
#418 = DIRECTION('',(-3.135844300547E-31,1.,-6.721016494415E-48));
#419 = ORIENTED_EDGE('',*,*,#420,.T.);
#420 = EDGE_CURVE('',#411,#421,#423,.T.);
#421 = VERTEX_POINT('',#422);
#422 = CARTESIAN_POINT('',(1.5,-2.86,0.95));
#423 = LINE('',#424,#425);
#424 = CARTESIAN_POINT('',(1.5,-2.86,0.924540133779));
#425 = VECTOR('',#426,1.);
#426 = DIRECTION('',(-1.054146171647E-32,6.630961875715E-34,-1.));
#427 = ORIENTED_EDGE('',*,*,#428,.F.);
#428 = EDGE_CURVE('',#429,#421,#431,.T.);
#429 = VERTEX_POINT('',#430);
#430 = CARTESIAN_POINT('',(1.5,-2.22,0.95));
#431 = LINE('',#432,#433);
#432 = CARTESIAN_POINT('',(1.5,-3.015,0.95));
#433 = VECTOR('',#434,1.);
#434 = DIRECTION('',(3.135844300547E-31,-1.,0.));
#435 = ORIENTED_EDGE('',*,*,#436,.F.);
#436 = EDGE_CURVE('',#413,#429,#437,.T.);
#437 = LINE('',#438,#439);
#438 = CARTESIAN_POINT('',(1.5,-2.22,0.924540133779));
#439 = VECTOR('',#440,1.);
#440 = DIRECTION('',(-1.054146171647E-32,6.630961875715E-34,-1.));
#441 = FACE_BOUND('',#442,.T.);
#442 = EDGE_LOOP('',(#443,#453,#461,#469));
#443 = ORIENTED_EDGE('',*,*,#444,.F.);
#444 = EDGE_CURVE('',#445,#447,#449,.T.);
#445 = VERTEX_POINT('',#446);
#446 = CARTESIAN_POINT('',(1.5,-0.32,1.59));
#447 = VERTEX_POINT('',#448);
#448 = CARTESIAN_POINT('',(1.5,0.32,1.59));
#449 = LINE('',#450,#451);
#450 = CARTESIAN_POINT('',(1.5,-1.745,1.59));
#451 = VECTOR('',#452,1.);
#452 = DIRECTION('',(-3.135844300547E-31,1.,-6.721016494415E-48));
#453 = ORIENTED_EDGE('',*,*,#454,.T.);
#454 = EDGE_CURVE('',#445,#455,#457,.T.);
#455 = VERTEX_POINT('',#456);
#456 = CARTESIAN_POINT('',(1.5,-0.32,0.95));
#457 = LINE('',#458,#459);
#458 = CARTESIAN_POINT('',(1.5,-0.32,0.924540133779));
#459 = VECTOR('',#460,1.);
#460 = DIRECTION('',(-1.054146171647E-32,6.630961875715E-34,-1.));
#461 = ORIENTED_EDGE('',*,*,#462,.F.);
#462 = EDGE_CURVE('',#463,#455,#465,.T.);
#463 = VERTEX_POINT('',#464);
#464 = CARTESIAN_POINT('',(1.5,0.32,0.95));
#465 = LINE('',#466,#467);
#466 = CARTESIAN_POINT('',(1.5,-1.745,0.95));
#467 = VECTOR('',#468,1.);
#468 = DIRECTION('',(3.135844300547E-31,-1.,0.));
#469 = ORIENTED_EDGE('',*,*,#470,.F.);
#470 = EDGE_CURVE('',#447,#463,#471,.T.);
#471 = LINE('',#472,#473);
#472 = CARTESIAN_POINT('',(1.5,0.32,0.924540133779));
#473 = VECTOR('',#474,1.);
#474 = DIRECTION('',(-1.054146171647E-32,6.630961875715E-34,-1.));
#475 = FACE_BOUND('',#476,.T.);
#476 = EDGE_LOOP('',(#477,#487,#495,#503));
#477 = ORIENTED_EDGE('',*,*,#478,.F.);
#478 = EDGE_CURVE('',#479,#481,#483,.T.);
#479 = VERTEX_POINT('',#480);
#480 = CARTESIAN_POINT('',(1.5,-7.94,1.59));
#481 = VERTEX_POINT('',#482);
#482 = CARTESIAN_POINT('',(1.5,-7.3,1.59));
#483 = LINE('',#484,#485);
#484 = CARTESIAN_POINT('',(1.5,-5.555,1.59));
#485 = VECTOR('',#486,1.);
#486 = DIRECTION('',(-3.135844300547E-31,1.,-6.721016494415E-48));
#487 = ORIENTED_EDGE('',*,*,#488,.T.);
#488 = EDGE_CURVE('',#479,#489,#491,.T.);
#489 = VERTEX_POINT('',#490);
#490 = CARTESIAN_POINT('',(1.5,-7.94,0.95));
#491 = LINE('',#492,#493);
#492 = CARTESIAN_POINT('',(1.5,-7.94,0.924540133779));
#493 = VECTOR('',#494,1.);
#494 = DIRECTION('',(-1.054146171647E-32,6.630961875715E-34,-1.));
#495 = ORIENTED_EDGE('',*,*,#496,.F.);
#496 = EDGE_CURVE('',#497,#489,#499,.T.);
#497 = VERTEX_POINT('',#498);
#498 = CARTESIAN_POINT('',(1.5,-7.3,0.95));
#499 = LINE('',#500,#501);
#500 = CARTESIAN_POINT('',(1.5,-5.555,0.95));
#501 = VECTOR('',#502,1.);
#502 = DIRECTION('',(3.135844300547E-31,-1.,0.));
#503 = ORIENTED_EDGE('',*,*,#504,.F.);
#504 = EDGE_CURVE('',#481,#497,#505,.T.);
#505 = LINE('',#506,#507);
#506 = CARTESIAN_POINT('',(1.5,-7.3,0.924540133779));
#507 = VECTOR('',#508,1.);
#508 = DIRECTION('',(-1.054146171647E-32,6.630961875715E-34,-1.));
#509 = PLANE('',#510);
#510 = AXIS2_PLACEMENT_3D('',#511,#512,#513);
#511 = CARTESIAN_POINT('',(1.5,-3.81,1.27));
#512 = DIRECTION('',(-1.,-3.135844300547E-31,1.054146171647E-32));
#513 = DIRECTION('',(3.135844300547E-31,-1.,0.));
#514 = ADVANCED_FACE('',(#515,#702,#736,#770,#804),#838,.F.);
#515 = FACE_BOUND('',#516,.F.);
#516 = EDGE_LOOP('',(#517,#518,#519,#527,#535,#543,#551,#559,#567,#575,
    #583,#591,#599,#607,#615,#623,#631,#639,#647,#655,#663,#671,#679,
    #687,#695,#701));
#517 = ORIENTED_EDGE('',*,*,#97,.T.);
#518 = ORIENTED_EDGE('',*,*,#159,.T.);
#519 = ORIENTED_EDGE('',*,*,#520,.T.);
#520 = EDGE_CURVE('',#160,#521,#523,.T.);
#521 = VERTEX_POINT('',#522);
#522 = CARTESIAN_POINT('',(4.04,-1.27,0.254));
#523 = LINE('',#524,#525);
#524 = CARTESIAN_POINT('',(4.04,-1.016,0.));
#525 = VECTOR('',#526,1.);
#526 = DIRECTION('',(0.,-0.707106781187,0.707106781187));
#527 = ORIENTED_EDGE('',*,*,#528,.T.);
#528 = EDGE_CURVE('',#521,#529,#531,.T.);
#529 = VERTEX_POINT('',#530);
#530 = CARTESIAN_POINT('',(4.04,-1.524,0.));
#531 = LINE('',#532,#533);
#532 = CARTESIAN_POINT('',(4.04,-1.27,0.254));
#533 = VECTOR('',#534,1.);
#534 = DIRECTION('',(0.,-0.707106781187,-0.707106781187));
#535 = ORIENTED_EDGE('',*,*,#536,.T.);
#536 = EDGE_CURVE('',#529,#537,#539,.T.);
#537 = VERTEX_POINT('',#538);
#538 = CARTESIAN_POINT('',(4.04,-3.556,0.));
#539 = LINE('',#540,#541);
#540 = CARTESIAN_POINT('',(4.04,-1.524,0.));
#541 = VECTOR('',#542,1.);
#542 = DIRECTION('',(0.,-1.,0.));
#543 = ORIENTED_EDGE('',*,*,#544,.T.);
#544 = EDGE_CURVE('',#537,#545,#547,.T.);
#545 = VERTEX_POINT('',#546);
#546 = CARTESIAN_POINT('',(4.04,-3.81,0.254));
#547 = LINE('',#548,#549);
#548 = CARTESIAN_POINT('',(4.04,-3.556,0.));
#549 = VECTOR('',#550,1.);
#550 = DIRECTION('',(0.,-0.707106781187,0.707106781187));
#551 = ORIENTED_EDGE('',*,*,#552,.T.);
#552 = EDGE_CURVE('',#545,#553,#555,.T.);
#553 = VERTEX_POINT('',#554);
#554 = CARTESIAN_POINT('',(4.04,-4.064,0.));
#555 = LINE('',#556,#557);
#556 = CARTESIAN_POINT('',(4.04,-3.81,0.254));
#557 = VECTOR('',#558,1.);
#558 = DIRECTION('',(0.,-0.707106781187,-0.707106781187));
#559 = ORIENTED_EDGE('',*,*,#560,.T.);
#560 = EDGE_CURVE('',#553,#561,#563,.T.);
#561 = VERTEX_POINT('',#562);
#562 = CARTESIAN_POINT('',(4.04,-6.096,0.));
#563 = LINE('',#564,#565);
#564 = CARTESIAN_POINT('',(4.04,-4.064,0.));
#565 = VECTOR('',#566,1.);
#566 = DIRECTION('',(0.,-1.,0.));
#567 = ORIENTED_EDGE('',*,*,#568,.T.);
#568 = EDGE_CURVE('',#561,#569,#571,.T.);
#569 = VERTEX_POINT('',#570);
#570 = CARTESIAN_POINT('',(4.04,-6.35,0.254));
#571 = LINE('',#572,#573);
#572 = CARTESIAN_POINT('',(4.04,-6.096,0.));
#573 = VECTOR('',#574,1.);
#574 = DIRECTION('',(0.,-0.707106781187,0.707106781187));
#575 = ORIENTED_EDGE('',*,*,#576,.T.);
#576 = EDGE_CURVE('',#569,#577,#579,.T.);
#577 = VERTEX_POINT('',#578);
#578 = CARTESIAN_POINT('',(4.04,-6.604,0.));
#579 = LINE('',#580,#581);
#580 = CARTESIAN_POINT('',(4.04,-6.35,0.254));
#581 = VECTOR('',#582,1.);
#582 = DIRECTION('',(0.,-0.707106781187,-0.707106781187));
#583 = ORIENTED_EDGE('',*,*,#584,.T.);
#584 = EDGE_CURVE('',#577,#585,#587,.T.);
#585 = VERTEX_POINT('',#586);
#586 = CARTESIAN_POINT('',(4.04,-8.636,0.));
#587 = LINE('',#588,#589);
#588 = CARTESIAN_POINT('',(4.04,-6.604,0.));
#589 = VECTOR('',#590,1.);
#590 = DIRECTION('',(0.,-1.,0.));
#591 = ORIENTED_EDGE('',*,*,#592,.T.);
#592 = EDGE_CURVE('',#585,#593,#595,.T.);
#593 = VERTEX_POINT('',#594);
#594 = CARTESIAN_POINT('',(4.04,-8.89,0.254));
#595 = LINE('',#596,#597);
#596 = CARTESIAN_POINT('',(4.04,-8.636,0.));
#597 = VECTOR('',#598,1.);
#598 = DIRECTION('',(0.,-0.707106781187,0.707106781187));
#599 = ORIENTED_EDGE('',*,*,#600,.T.);
#600 = EDGE_CURVE('',#593,#601,#603,.T.);
#601 = VERTEX_POINT('',#602);
#602 = CARTESIAN_POINT('',(4.04,-8.89,2.286));
#603 = LINE('',#604,#605);
#604 = CARTESIAN_POINT('',(4.04,-8.89,0.254));
#605 = VECTOR('',#606,1.);
#606 = DIRECTION('',(0.,0.,1.));
#607 = ORIENTED_EDGE('',*,*,#608,.T.);
#608 = EDGE_CURVE('',#601,#609,#611,.T.);
#609 = VERTEX_POINT('',#610);
#610 = CARTESIAN_POINT('',(4.04,-8.636,2.54));
#611 = LINE('',#612,#613);
#612 = CARTESIAN_POINT('',(4.04,-8.89,2.286));
#613 = VECTOR('',#614,1.);
#614 = DIRECTION('',(0.,0.707106781187,0.707106781187));
#615 = ORIENTED_EDGE('',*,*,#616,.T.);
#616 = EDGE_CURVE('',#609,#617,#619,.T.);
#617 = VERTEX_POINT('',#618);
#618 = CARTESIAN_POINT('',(4.04,-6.604,2.54));
#619 = LINE('',#620,#621);
#620 = CARTESIAN_POINT('',(4.04,-8.636,2.54));
#621 = VECTOR('',#622,1.);
#622 = DIRECTION('',(0.,1.,0.));
#623 = ORIENTED_EDGE('',*,*,#624,.T.);
#624 = EDGE_CURVE('',#617,#625,#627,.T.);
#625 = VERTEX_POINT('',#626);
#626 = CARTESIAN_POINT('',(4.04,-6.35,2.286));
#627 = LINE('',#628,#629);
#628 = CARTESIAN_POINT('',(4.04,-6.604,2.54));
#629 = VECTOR('',#630,1.);
#630 = DIRECTION('',(0.,0.707106781187,-0.707106781187));
#631 = ORIENTED_EDGE('',*,*,#632,.T.);
#632 = EDGE_CURVE('',#625,#633,#635,.T.);
#633 = VERTEX_POINT('',#634);
#634 = CARTESIAN_POINT('',(4.04,-6.096,2.54));
#635 = LINE('',#636,#637);
#636 = CARTESIAN_POINT('',(4.04,-6.35,2.286));
#637 = VECTOR('',#638,1.);
#638 = DIRECTION('',(0.,0.707106781187,0.707106781187));
#639 = ORIENTED_EDGE('',*,*,#640,.T.);
#640 = EDGE_CURVE('',#633,#641,#643,.T.);
#641 = VERTEX_POINT('',#642);
#642 = CARTESIAN_POINT('',(4.04,-4.064,2.54));
#643 = LINE('',#644,#645);
#644 = CARTESIAN_POINT('',(4.04,-6.096,2.54));
#645 = VECTOR('',#646,1.);
#646 = DIRECTION('',(0.,1.,0.));
#647 = ORIENTED_EDGE('',*,*,#648,.T.);
#648 = EDGE_CURVE('',#641,#649,#651,.T.);
#649 = VERTEX_POINT('',#650);
#650 = CARTESIAN_POINT('',(4.04,-3.81,2.286));
#651 = LINE('',#652,#653);
#652 = CARTESIAN_POINT('',(4.04,-4.064,2.54));
#653 = VECTOR('',#654,1.);
#654 = DIRECTION('',(0.,0.707106781187,-0.707106781187));
#655 = ORIENTED_EDGE('',*,*,#656,.T.);
#656 = EDGE_CURVE('',#649,#657,#659,.T.);
#657 = VERTEX_POINT('',#658);
#658 = CARTESIAN_POINT('',(4.04,-3.556,2.54));
#659 = LINE('',#660,#661);
#660 = CARTESIAN_POINT('',(4.04,-3.81,2.286));
#661 = VECTOR('',#662,1.);
#662 = DIRECTION('',(0.,0.707106781187,0.707106781187));
#663 = ORIENTED_EDGE('',*,*,#664,.T.);
#664 = EDGE_CURVE('',#657,#665,#667,.T.);
#665 = VERTEX_POINT('',#666);
#666 = CARTESIAN_POINT('',(4.04,-1.524,2.54));
#667 = LINE('',#668,#669);
#668 = CARTESIAN_POINT('',(4.04,-3.556,2.54));
#669 = VECTOR('',#670,1.);
#670 = DIRECTION('',(0.,1.,0.));
#671 = ORIENTED_EDGE('',*,*,#672,.T.);
#672 = EDGE_CURVE('',#665,#673,#675,.T.);
#673 = VERTEX_POINT('',#674);
#674 = CARTESIAN_POINT('',(4.04,-1.27,2.286));
#675 = LINE('',#676,#677);
#676 = CARTESIAN_POINT('',(4.04,-1.524,2.54));
#677 = VECTOR('',#678,1.);
#678 = DIRECTION('',(0.,0.707106781187,-0.707106781187));
#679 = ORIENTED_EDGE('',*,*,#680,.T.);
#680 = EDGE_CURVE('',#673,#681,#683,.T.);
#681 = VERTEX_POINT('',#682);
#682 = CARTESIAN_POINT('',(4.04,-1.016,2.54));
#683 = LINE('',#684,#685);
#684 = CARTESIAN_POINT('',(4.04,-1.27,2.286));
#685 = VECTOR('',#686,1.);
#686 = DIRECTION('',(0.,0.707106781187,0.707106781187));
#687 = ORIENTED_EDGE('',*,*,#688,.T.);
#688 = EDGE_CURVE('',#681,#689,#691,.T.);
#689 = VERTEX_POINT('',#690);
#690 = CARTESIAN_POINT('',(4.04,1.016,2.54));
#691 = LINE('',#692,#693);
#692 = CARTESIAN_POINT('',(4.04,-1.016,2.54));
#693 = VECTOR('',#694,1.);
#694 = DIRECTION('',(0.,1.,0.));
#695 = ORIENTED_EDGE('',*,*,#696,.T.);
#696 = EDGE_CURVE('',#689,#130,#697,.T.);
#697 = LINE('',#698,#699);
#698 = CARTESIAN_POINT('',(4.04,1.016,2.54));
#699 = VECTOR('',#700,1.);
#700 = DIRECTION('',(0.,0.707106781187,-0.707106781187));
#701 = ORIENTED_EDGE('',*,*,#137,.T.);
#702 = FACE_BOUND('',#703,.F.);
#703 = EDGE_LOOP('',(#704,#714,#722,#730));
#704 = ORIENTED_EDGE('',*,*,#705,.F.);
#705 = EDGE_CURVE('',#706,#708,#710,.T.);
#706 = VERTEX_POINT('',#707);
#707 = CARTESIAN_POINT('',(4.04,-4.76,1.59));
#708 = VERTEX_POINT('',#709);
#709 = CARTESIAN_POINT('',(4.04,-4.76,0.95));
#710 = LINE('',#711,#712);
#711 = CARTESIAN_POINT('',(4.04,-4.76,0.924540133779));
#712 = VECTOR('',#713,1.);
#713 = DIRECTION('',(-1.054146171647E-32,6.630961875715E-34,-1.));
#714 = ORIENTED_EDGE('',*,*,#715,.F.);
#715 = EDGE_CURVE('',#716,#706,#718,.T.);
#716 = VERTEX_POINT('',#717);
#717 = CARTESIAN_POINT('',(4.04,-5.4,1.59));
#718 = LINE('',#719,#720);
#719 = CARTESIAN_POINT('',(4.04,-4.285,1.59));
#720 = VECTOR('',#721,1.);
#721 = DIRECTION('',(-3.135844300547E-31,1.,-6.721016494415E-48));
#722 = ORIENTED_EDGE('',*,*,#723,.T.);
#723 = EDGE_CURVE('',#716,#724,#726,.T.);
#724 = VERTEX_POINT('',#725);
#725 = CARTESIAN_POINT('',(4.04,-5.4,0.95));
#726 = LINE('',#727,#728);
#727 = CARTESIAN_POINT('',(4.04,-5.4,0.924540133779));
#728 = VECTOR('',#729,1.);
#729 = DIRECTION('',(-1.054146171647E-32,6.630961875715E-34,-1.));
#730 = ORIENTED_EDGE('',*,*,#731,.F.);
#731 = EDGE_CURVE('',#708,#724,#732,.T.);
#732 = LINE('',#733,#734);
#733 = CARTESIAN_POINT('',(4.04,-4.285,0.95));
#734 = VECTOR('',#735,1.);
#735 = DIRECTION('',(3.135844300547E-31,-1.,0.));
#736 = FACE_BOUND('',#737,.F.);
#737 = EDGE_LOOP('',(#738,#748,#756,#764));
#738 = ORIENTED_EDGE('',*,*,#739,.F.);
#739 = EDGE_CURVE('',#740,#742,#744,.T.);
#740 = VERTEX_POINT('',#741);
#741 = CARTESIAN_POINT('',(4.04,-2.86,1.59));
#742 = VERTEX_POINT('',#743);
#743 = CARTESIAN_POINT('',(4.04,-2.22,1.59));
#744 = LINE('',#745,#746);
#745 = CARTESIAN_POINT('',(4.04,-3.015,1.59));
#746 = VECTOR('',#747,1.);
#747 = DIRECTION('',(-3.135844300547E-31,1.,-6.721016494415E-48));
#748 = ORIENTED_EDGE('',*,*,#749,.T.);
#749 = EDGE_CURVE('',#740,#750,#752,.T.);
#750 = VERTEX_POINT('',#751);
#751 = CARTESIAN_POINT('',(4.04,-2.86,0.95));
#752 = LINE('',#753,#754);
#753 = CARTESIAN_POINT('',(4.04,-2.86,0.924540133779));
#754 = VECTOR('',#755,1.);
#755 = DIRECTION('',(-1.054146171647E-32,6.630961875715E-34,-1.));
#756 = ORIENTED_EDGE('',*,*,#757,.F.);
#757 = EDGE_CURVE('',#758,#750,#760,.T.);
#758 = VERTEX_POINT('',#759);
#759 = CARTESIAN_POINT('',(4.04,-2.22,0.95));
#760 = LINE('',#761,#762);
#761 = CARTESIAN_POINT('',(4.04,-3.015,0.95));
#762 = VECTOR('',#763,1.);
#763 = DIRECTION('',(3.135844300547E-31,-1.,0.));
#764 = ORIENTED_EDGE('',*,*,#765,.F.);
#765 = EDGE_CURVE('',#742,#758,#766,.T.);
#766 = LINE('',#767,#768);
#767 = CARTESIAN_POINT('',(4.04,-2.22,0.924540133779));
#768 = VECTOR('',#769,1.);
#769 = DIRECTION('',(-1.054146171647E-32,6.630961875715E-34,-1.));
#770 = FACE_BOUND('',#771,.F.);
#771 = EDGE_LOOP('',(#772,#782,#790,#798));
#772 = ORIENTED_EDGE('',*,*,#773,.F.);
#773 = EDGE_CURVE('',#774,#776,#778,.T.);
#774 = VERTEX_POINT('',#775);
#775 = CARTESIAN_POINT('',(4.04,-0.32,1.59));
#776 = VERTEX_POINT('',#777);
#777 = CARTESIAN_POINT('',(4.04,0.32,1.59));
#778 = LINE('',#779,#780);
#779 = CARTESIAN_POINT('',(4.04,-1.745,1.59));
#780 = VECTOR('',#781,1.);
#781 = DIRECTION('',(-3.135844300547E-31,1.,-6.721016494415E-48));
#782 = ORIENTED_EDGE('',*,*,#783,.T.);
#783 = EDGE_CURVE('',#774,#784,#786,.T.);
#784 = VERTEX_POINT('',#785);
#785 = CARTESIAN_POINT('',(4.04,-0.32,0.95));
#786 = LINE('',#787,#788);
#787 = CARTESIAN_POINT('',(4.04,-0.32,0.924540133779));
#788 = VECTOR('',#789,1.);
#789 = DIRECTION('',(-1.054146171647E-32,6.630961875715E-34,-1.));
#790 = ORIENTED_EDGE('',*,*,#791,.F.);
#791 = EDGE_CURVE('',#792,#784,#794,.T.);
#792 = VERTEX_POINT('',#793);
#793 = CARTESIAN_POINT('',(4.04,0.32,0.95));
#794 = LINE('',#795,#796);
#795 = CARTESIAN_POINT('',(4.04,-1.745,0.95));
#796 = VECTOR('',#797,1.);
#797 = DIRECTION('',(3.135844300547E-31,-1.,0.));
#798 = ORIENTED_EDGE('',*,*,#799,.F.);
#799 = EDGE_CURVE('',#776,#792,#800,.T.);
#800 = LINE('',#801,#802);
#801 = CARTESIAN_POINT('',(4.04,0.32,0.924540133779));
#802 = VECTOR('',#803,1.);
#803 = DIRECTION('',(-1.054146171647E-32,6.630961875715E-34,-1.));
#804 = FACE_BOUND('',#805,.F.);
#805 = EDGE_LOOP('',(#806,#816,#824,#832));
#806 = ORIENTED_EDGE('',*,*,#807,.F.);
#807 = EDGE_CURVE('',#808,#810,#812,.T.);
#808 = VERTEX_POINT('',#809);
#809 = CARTESIAN_POINT('',(4.04,-7.94,1.59));
#810 = VERTEX_POINT('',#811);
#811 = CARTESIAN_POINT('',(4.04,-7.3,1.59));
#812 = LINE('',#813,#814);
#813 = CARTESIAN_POINT('',(4.04,-5.555,1.59));
#814 = VECTOR('',#815,1.);
#815 = DIRECTION('',(-3.135844300547E-31,1.,-6.721016494415E-48));
#816 = ORIENTED_EDGE('',*,*,#817,.T.);
#817 = EDGE_CURVE('',#808,#818,#820,.T.);
#818 = VERTEX_POINT('',#819);
#819 = CARTESIAN_POINT('',(4.04,-7.94,0.95));
#820 = LINE('',#821,#822);
#821 = CARTESIAN_POINT('',(4.04,-7.94,0.924540133779));
#822 = VECTOR('',#823,1.);
#823 = DIRECTION('',(-1.054146171647E-32,6.630961875715E-34,-1.));
#824 = ORIENTED_EDGE('',*,*,#825,.F.);
#825 = EDGE_CURVE('',#826,#818,#828,.T.);
#826 = VERTEX_POINT('',#827);
#827 = CARTESIAN_POINT('',(4.04,-7.3,0.95));
#828 = LINE('',#829,#830);
#829 = CARTESIAN_POINT('',(4.04,-5.555,0.95));
#830 = VECTOR('',#831,1.);
#831 = DIRECTION('',(3.135844300547E-31,-1.,0.));
#832 = ORIENTED_EDGE('',*,*,#833,.F.);
#833 = EDGE_CURVE('',#810,#826,#834,.T.);
#834 = LINE('',#835,#836);
#835 = CARTESIAN_POINT('',(4.04,-7.3,0.924540133779));
#836 = VECTOR('',#837,1.);
#837 = DIRECTION('',(-1.054146171647E-32,6.630961875715E-34,-1.));
#838 = PLANE('',#839);
#839 = AXIS2_PLACEMENT_3D('',#840,#841,#842);
#840 = CARTESIAN_POINT('',(4.04,-3.81,1.27));
#841 = DIRECTION('',(-1.,-3.135844300547E-31,1.054146171647E-32));
#842 = DIRECTION('',(3.135844300547E-31,-1.,0.));
#843 = ADVANCED_FACE('',(#844),#855,.T.);
#844 = FACE_BOUND('',#845,.T.);
#845 = EDGE_LOOP('',(#846,#852,#853,#854));
#846 = ORIENTED_EDGE('',*,*,#847,.T.);
#847 = EDGE_CURVE('',#360,#689,#848,.T.);
#848 = LINE('',#849,#850);
#849 = CARTESIAN_POINT('',(1.5,1.016,2.54));
#850 = VECTOR('',#851,1.);
#851 = DIRECTION('',(1.,0.,0.));
#852 = ORIENTED_EDGE('',*,*,#696,.T.);
#853 = ORIENTED_EDGE('',*,*,#127,.F.);
#854 = ORIENTED_EDGE('',*,*,#367,.F.);
#855 = PLANE('',#856);
#856 = AXIS2_PLACEMENT_3D('',#857,#858,#859);
#857 = CARTESIAN_POINT('',(1.5,1.016,2.54));
#858 = DIRECTION('',(0.,0.707106781187,0.707106781187));
#859 = DIRECTION('',(0.,0.707106781187,-0.707106781187));
#860 = ADVANCED_FACE('',(#861),#872,.T.);
#861 = FACE_BOUND('',#862,.T.);
#862 = EDGE_LOOP('',(#863,#864,#865,#871));
#863 = ORIENTED_EDGE('',*,*,#167,.T.);
#864 = ORIENTED_EDGE('',*,*,#520,.T.);
#865 = ORIENTED_EDGE('',*,*,#866,.F.);
#866 = EDGE_CURVE('',#192,#521,#867,.T.);
#867 = LINE('',#868,#869);
#868 = CARTESIAN_POINT('',(1.5,-1.27,0.254));
#869 = VECTOR('',#870,1.);
#870 = DIRECTION('',(1.,0.,0.));
#871 = ORIENTED_EDGE('',*,*,#191,.F.);
#872 = PLANE('',#873);
#873 = AXIS2_PLACEMENT_3D('',#874,#875,#876);
#874 = CARTESIAN_POINT('',(1.5,-1.016,0.));
#875 = DIRECTION('',(-0.,-0.707106781187,-0.707106781187));
#876 = DIRECTION('',(0.,-0.707106781187,0.707106781187));
#877 = ADVANCED_FACE('',(#878),#889,.T.);
#878 = FACE_BOUND('',#879,.T.);
#879 = EDGE_LOOP('',(#880,#886,#887,#888));
#880 = ORIENTED_EDGE('',*,*,#881,.T.);
#881 = EDGE_CURVE('',#352,#681,#882,.T.);
#882 = LINE('',#883,#884);
#883 = CARTESIAN_POINT('',(1.5,-1.016,2.54));
#884 = VECTOR('',#885,1.);
#885 = DIRECTION('',(1.,0.,0.));
#886 = ORIENTED_EDGE('',*,*,#688,.T.);
#887 = ORIENTED_EDGE('',*,*,#847,.F.);
#888 = ORIENTED_EDGE('',*,*,#359,.F.);
#889 = PLANE('',#890);
#890 = AXIS2_PLACEMENT_3D('',#891,#892,#893);
#891 = CARTESIAN_POINT('',(1.5,-1.016,2.54));
#892 = DIRECTION('',(0.,0.,1.));
#893 = DIRECTION('',(0.,1.,0.));
#894 = ADVANCED_FACE('',(#895),#906,.T.);
#895 = FACE_BOUND('',#896,.T.);
#896 = EDGE_LOOP('',(#897,#898,#899,#905));
#897 = ORIENTED_EDGE('',*,*,#866,.T.);
#898 = ORIENTED_EDGE('',*,*,#528,.T.);
#899 = ORIENTED_EDGE('',*,*,#900,.F.);
#900 = EDGE_CURVE('',#200,#529,#901,.T.);
#901 = LINE('',#902,#903);
#902 = CARTESIAN_POINT('',(1.5,-1.524,0.));
#903 = VECTOR('',#904,1.);
#904 = DIRECTION('',(1.,0.,0.));
#905 = ORIENTED_EDGE('',*,*,#199,.F.);
#906 = PLANE('',#907);
#907 = AXIS2_PLACEMENT_3D('',#908,#909,#910);
#908 = CARTESIAN_POINT('',(1.5,-1.27,0.254));
#909 = DIRECTION('',(0.,0.707106781187,-0.707106781187));
#910 = DIRECTION('',(0.,-0.707106781187,-0.707106781187));
#911 = ADVANCED_FACE('',(#912),#923,.T.);
#912 = FACE_BOUND('',#913,.T.);
#913 = EDGE_LOOP('',(#914,#920,#921,#922));
#914 = ORIENTED_EDGE('',*,*,#915,.T.);
#915 = EDGE_CURVE('',#344,#673,#916,.T.);
#916 = LINE('',#917,#918);
#917 = CARTESIAN_POINT('',(1.5,-1.27,2.286));
#918 = VECTOR('',#919,1.);
#919 = DIRECTION('',(1.,0.,0.));
#920 = ORIENTED_EDGE('',*,*,#680,.T.);
#921 = ORIENTED_EDGE('',*,*,#881,.F.);
#922 = ORIENTED_EDGE('',*,*,#351,.F.);
#923 = PLANE('',#924);
#924 = AXIS2_PLACEMENT_3D('',#925,#926,#927);
#925 = CARTESIAN_POINT('',(1.5,-1.27,2.286));
#926 = DIRECTION('',(0.,-0.707106781187,0.707106781187));
#927 = DIRECTION('',(0.,0.707106781187,0.707106781187));
#928 = ADVANCED_FACE('',(#929),#940,.T.);
#929 = FACE_BOUND('',#930,.T.);
#930 = EDGE_LOOP('',(#931,#932,#933,#939));
#931 = ORIENTED_EDGE('',*,*,#900,.T.);
#932 = ORIENTED_EDGE('',*,*,#536,.T.);
#933 = ORIENTED_EDGE('',*,*,#934,.F.);
#934 = EDGE_CURVE('',#208,#537,#935,.T.);
#935 = LINE('',#936,#937);
#936 = CARTESIAN_POINT('',(1.5,-3.556,0.));
#937 = VECTOR('',#938,1.);
#938 = DIRECTION('',(1.,0.,0.));
#939 = ORIENTED_EDGE('',*,*,#207,.F.);
#940 = PLANE('',#941);
#941 = AXIS2_PLACEMENT_3D('',#942,#943,#944);
#942 = CARTESIAN_POINT('',(1.5,-1.524,0.));
#943 = DIRECTION('',(-0.,-0.,-1.));
#944 = DIRECTION('',(0.,-1.,0.));
#945 = ADVANCED_FACE('',(#946),#957,.T.);
#946 = FACE_BOUND('',#947,.T.);
#947 = EDGE_LOOP('',(#948,#954,#955,#956));
#948 = ORIENTED_EDGE('',*,*,#949,.T.);
#949 = EDGE_CURVE('',#336,#665,#950,.T.);
#950 = LINE('',#951,#952);
#951 = CARTESIAN_POINT('',(1.5,-1.524,2.54));
#952 = VECTOR('',#953,1.);
#953 = DIRECTION('',(1.,0.,0.));
#954 = ORIENTED_EDGE('',*,*,#672,.T.);
#955 = ORIENTED_EDGE('',*,*,#915,.F.);
#956 = ORIENTED_EDGE('',*,*,#343,.F.);
#957 = PLANE('',#958);
#958 = AXIS2_PLACEMENT_3D('',#959,#960,#961);
#959 = CARTESIAN_POINT('',(1.5,-1.524,2.54));
#960 = DIRECTION('',(0.,0.707106781187,0.707106781187));
#961 = DIRECTION('',(0.,0.707106781187,-0.707106781187));
#962 = ADVANCED_FACE('',(#963),#974,.T.);
#963 = FACE_BOUND('',#964,.T.);
#964 = EDGE_LOOP('',(#965,#966,#967,#973));
#965 = ORIENTED_EDGE('',*,*,#934,.T.);
#966 = ORIENTED_EDGE('',*,*,#544,.T.);
#967 = ORIENTED_EDGE('',*,*,#968,.F.);
#968 = EDGE_CURVE('',#216,#545,#969,.T.);
#969 = LINE('',#970,#971);
#970 = CARTESIAN_POINT('',(1.5,-3.81,0.254));
#971 = VECTOR('',#972,1.);
#972 = DIRECTION('',(1.,0.,0.));
#973 = ORIENTED_EDGE('',*,*,#215,.F.);
#974 = PLANE('',#975);
#975 = AXIS2_PLACEMENT_3D('',#976,#977,#978);
#976 = CARTESIAN_POINT('',(1.5,-3.556,0.));
#977 = DIRECTION('',(-0.,-0.707106781187,-0.707106781187));
#978 = DIRECTION('',(0.,-0.707106781187,0.707106781187));
#979 = ADVANCED_FACE('',(#980),#991,.T.);
#980 = FACE_BOUND('',#981,.T.);
#981 = EDGE_LOOP('',(#982,#988,#989,#990));
#982 = ORIENTED_EDGE('',*,*,#983,.T.);
#983 = EDGE_CURVE('',#328,#657,#984,.T.);
#984 = LINE('',#985,#986);
#985 = CARTESIAN_POINT('',(1.5,-3.556,2.54));
#986 = VECTOR('',#987,1.);
#987 = DIRECTION('',(1.,0.,0.));
#988 = ORIENTED_EDGE('',*,*,#664,.T.);
#989 = ORIENTED_EDGE('',*,*,#949,.F.);
#990 = ORIENTED_EDGE('',*,*,#335,.F.);
#991 = PLANE('',#992);
#992 = AXIS2_PLACEMENT_3D('',#993,#994,#995);
#993 = CARTESIAN_POINT('',(1.5,-3.556,2.54));
#994 = DIRECTION('',(0.,0.,1.));
#995 = DIRECTION('',(0.,1.,0.));
#996 = ADVANCED_FACE('',(#997),#1008,.T.);
#997 = FACE_BOUND('',#998,.T.);
#998 = EDGE_LOOP('',(#999,#1000,#1001,#1007));
#999 = ORIENTED_EDGE('',*,*,#968,.T.);
#1000 = ORIENTED_EDGE('',*,*,#552,.T.);
#1001 = ORIENTED_EDGE('',*,*,#1002,.F.);
#1002 = EDGE_CURVE('',#224,#553,#1003,.T.);
#1003 = LINE('',#1004,#1005);
#1004 = CARTESIAN_POINT('',(1.5,-4.064,0.));
#1005 = VECTOR('',#1006,1.);
#1006 = DIRECTION('',(1.,0.,0.));
#1007 = ORIENTED_EDGE('',*,*,#223,.F.);
#1008 = PLANE('',#1009);
#1009 = AXIS2_PLACEMENT_3D('',#1010,#1011,#1012);
#1010 = CARTESIAN_POINT('',(1.5,-3.81,0.254));
#1011 = DIRECTION('',(0.,0.707106781187,-0.707106781187));
#1012 = DIRECTION('',(0.,-0.707106781187,-0.707106781187));
#1013 = ADVANCED_FACE('',(#1014),#1025,.T.);
#1014 = FACE_BOUND('',#1015,.T.);
#1015 = EDGE_LOOP('',(#1016,#1022,#1023,#1024));
#1016 = ORIENTED_EDGE('',*,*,#1017,.T.);
#1017 = EDGE_CURVE('',#320,#649,#1018,.T.);
#1018 = LINE('',#1019,#1020);
#1019 = CARTESIAN_POINT('',(1.5,-3.81,2.286));
#1020 = VECTOR('',#1021,1.);
#1021 = DIRECTION('',(1.,0.,0.));
#1022 = ORIENTED_EDGE('',*,*,#656,.T.);
#1023 = ORIENTED_EDGE('',*,*,#983,.F.);
#1024 = ORIENTED_EDGE('',*,*,#327,.F.);
#1025 = PLANE('',#1026);
#1026 = AXIS2_PLACEMENT_3D('',#1027,#1028,#1029);
#1027 = CARTESIAN_POINT('',(1.5,-3.81,2.286));
#1028 = DIRECTION('',(0.,-0.707106781187,0.707106781187));
#1029 = DIRECTION('',(0.,0.707106781187,0.707106781187));
#1030 = ADVANCED_FACE('',(#1031),#1042,.T.);
#1031 = FACE_BOUND('',#1032,.T.);
#1032 = EDGE_LOOP('',(#1033,#1034,#1035,#1041));
#1033 = ORIENTED_EDGE('',*,*,#1002,.T.);
#1034 = ORIENTED_EDGE('',*,*,#560,.T.);
#1035 = ORIENTED_EDGE('',*,*,#1036,.F.);
#1036 = EDGE_CURVE('',#232,#561,#1037,.T.);
#1037 = LINE('',#1038,#1039);
#1038 = CARTESIAN_POINT('',(1.5,-6.096,0.));
#1039 = VECTOR('',#1040,1.);
#1040 = DIRECTION('',(1.,0.,0.));
#1041 = ORIENTED_EDGE('',*,*,#231,.F.);
#1042 = PLANE('',#1043);
#1043 = AXIS2_PLACEMENT_3D('',#1044,#1045,#1046);
#1044 = CARTESIAN_POINT('',(1.5,-4.064,0.));
#1045 = DIRECTION('',(-0.,-0.,-1.));
#1046 = DIRECTION('',(0.,-1.,0.));
#1047 = ADVANCED_FACE('',(#1048),#1059,.T.);
#1048 = FACE_BOUND('',#1049,.T.);
#1049 = EDGE_LOOP('',(#1050,#1056,#1057,#1058));
#1050 = ORIENTED_EDGE('',*,*,#1051,.T.);
#1051 = EDGE_CURVE('',#312,#641,#1052,.T.);
#1052 = LINE('',#1053,#1054);
#1053 = CARTESIAN_POINT('',(1.5,-4.064,2.54));
#1054 = VECTOR('',#1055,1.);
#1055 = DIRECTION('',(1.,0.,0.));
#1056 = ORIENTED_EDGE('',*,*,#648,.T.);
#1057 = ORIENTED_EDGE('',*,*,#1017,.F.);
#1058 = ORIENTED_EDGE('',*,*,#319,.F.);
#1059 = PLANE('',#1060);
#1060 = AXIS2_PLACEMENT_3D('',#1061,#1062,#1063);
#1061 = CARTESIAN_POINT('',(1.5,-4.064,2.54));
#1062 = DIRECTION('',(0.,0.707106781187,0.707106781187));
#1063 = DIRECTION('',(0.,0.707106781187,-0.707106781187));
#1064 = ADVANCED_FACE('',(#1065),#1076,.T.);
#1065 = FACE_BOUND('',#1066,.T.);
#1066 = EDGE_LOOP('',(#1067,#1068,#1069,#1075));
#1067 = ORIENTED_EDGE('',*,*,#1036,.T.);
#1068 = ORIENTED_EDGE('',*,*,#568,.T.);
#1069 = ORIENTED_EDGE('',*,*,#1070,.F.);
#1070 = EDGE_CURVE('',#240,#569,#1071,.T.);
#1071 = LINE('',#1072,#1073);
#1072 = CARTESIAN_POINT('',(1.5,-6.35,0.254));
#1073 = VECTOR('',#1074,1.);
#1074 = DIRECTION('',(1.,0.,0.));
#1075 = ORIENTED_EDGE('',*,*,#239,.F.);
#1076 = PLANE('',#1077);
#1077 = AXIS2_PLACEMENT_3D('',#1078,#1079,#1080);
#1078 = CARTESIAN_POINT('',(1.5,-6.096,0.));
#1079 = DIRECTION('',(-0.,-0.707106781187,-0.707106781187));
#1080 = DIRECTION('',(0.,-0.707106781187,0.707106781187));
#1081 = ADVANCED_FACE('',(#1082),#1093,.T.);
#1082 = FACE_BOUND('',#1083,.T.);
#1083 = EDGE_LOOP('',(#1084,#1090,#1091,#1092));
#1084 = ORIENTED_EDGE('',*,*,#1085,.T.);
#1085 = EDGE_CURVE('',#304,#633,#1086,.T.);
#1086 = LINE('',#1087,#1088);
#1087 = CARTESIAN_POINT('',(1.5,-6.096,2.54));
#1088 = VECTOR('',#1089,1.);
#1089 = DIRECTION('',(1.,0.,0.));
#1090 = ORIENTED_EDGE('',*,*,#640,.T.);
#1091 = ORIENTED_EDGE('',*,*,#1051,.F.);
#1092 = ORIENTED_EDGE('',*,*,#311,.F.);
#1093 = PLANE('',#1094);
#1094 = AXIS2_PLACEMENT_3D('',#1095,#1096,#1097);
#1095 = CARTESIAN_POINT('',(1.5,-6.096,2.54));
#1096 = DIRECTION('',(0.,0.,1.));
#1097 = DIRECTION('',(0.,1.,0.));
#1098 = ADVANCED_FACE('',(#1099),#1110,.T.);
#1099 = FACE_BOUND('',#1100,.T.);
#1100 = EDGE_LOOP('',(#1101,#1102,#1103,#1109));
#1101 = ORIENTED_EDGE('',*,*,#1070,.T.);
#1102 = ORIENTED_EDGE('',*,*,#576,.T.);
#1103 = ORIENTED_EDGE('',*,*,#1104,.F.);
#1104 = EDGE_CURVE('',#248,#577,#1105,.T.);
#1105 = LINE('',#1106,#1107);
#1106 = CARTESIAN_POINT('',(1.5,-6.604,0.));
#1107 = VECTOR('',#1108,1.);
#1108 = DIRECTION('',(1.,0.,0.));
#1109 = ORIENTED_EDGE('',*,*,#247,.F.);
#1110 = PLANE('',#1111);
#1111 = AXIS2_PLACEMENT_3D('',#1112,#1113,#1114);
#1112 = CARTESIAN_POINT('',(1.5,-6.35,0.254));
#1113 = DIRECTION('',(0.,0.707106781187,-0.707106781187));
#1114 = DIRECTION('',(0.,-0.707106781187,-0.707106781187));
#1115 = ADVANCED_FACE('',(#1116),#1127,.T.);
#1116 = FACE_BOUND('',#1117,.T.);
#1117 = EDGE_LOOP('',(#1118,#1124,#1125,#1126));
#1118 = ORIENTED_EDGE('',*,*,#1119,.T.);
#1119 = EDGE_CURVE('',#296,#625,#1120,.T.);
#1120 = LINE('',#1121,#1122);
#1121 = CARTESIAN_POINT('',(1.5,-6.35,2.286));
#1122 = VECTOR('',#1123,1.);
#1123 = DIRECTION('',(1.,0.,0.));
#1124 = ORIENTED_EDGE('',*,*,#632,.T.);
#1125 = ORIENTED_EDGE('',*,*,#1085,.F.);
#1126 = ORIENTED_EDGE('',*,*,#303,.F.);
#1127 = PLANE('',#1128);
#1128 = AXIS2_PLACEMENT_3D('',#1129,#1130,#1131);
#1129 = CARTESIAN_POINT('',(1.5,-6.35,2.286));
#1130 = DIRECTION('',(0.,-0.707106781187,0.707106781187));
#1131 = DIRECTION('',(0.,0.707106781187,0.707106781187));
#1132 = ADVANCED_FACE('',(#1133),#1144,.T.);
#1133 = FACE_BOUND('',#1134,.T.);
#1134 = EDGE_LOOP('',(#1135,#1136,#1137,#1143));
#1135 = ORIENTED_EDGE('',*,*,#1104,.T.);
#1136 = ORIENTED_EDGE('',*,*,#584,.T.);
#1137 = ORIENTED_EDGE('',*,*,#1138,.F.);
#1138 = EDGE_CURVE('',#256,#585,#1139,.T.);
#1139 = LINE('',#1140,#1141);
#1140 = CARTESIAN_POINT('',(1.5,-8.636,0.));
#1141 = VECTOR('',#1142,1.);
#1142 = DIRECTION('',(1.,0.,0.));
#1143 = ORIENTED_EDGE('',*,*,#255,.F.);
#1144 = PLANE('',#1145);
#1145 = AXIS2_PLACEMENT_3D('',#1146,#1147,#1148);
#1146 = CARTESIAN_POINT('',(1.5,-6.604,0.));
#1147 = DIRECTION('',(-0.,-0.,-1.));
#1148 = DIRECTION('',(0.,-1.,0.));
#1149 = ADVANCED_FACE('',(#1150),#1161,.T.);
#1150 = FACE_BOUND('',#1151,.T.);
#1151 = EDGE_LOOP('',(#1152,#1158,#1159,#1160));
#1152 = ORIENTED_EDGE('',*,*,#1153,.T.);
#1153 = EDGE_CURVE('',#288,#617,#1154,.T.);
#1154 = LINE('',#1155,#1156);
#1155 = CARTESIAN_POINT('',(1.5,-6.604,2.54));
#1156 = VECTOR('',#1157,1.);
#1157 = DIRECTION('',(1.,0.,0.));
#1158 = ORIENTED_EDGE('',*,*,#624,.T.);
#1159 = ORIENTED_EDGE('',*,*,#1119,.F.);
#1160 = ORIENTED_EDGE('',*,*,#295,.F.);
#1161 = PLANE('',#1162);
#1162 = AXIS2_PLACEMENT_3D('',#1163,#1164,#1165);
#1163 = CARTESIAN_POINT('',(1.5,-6.604,2.54));
#1164 = DIRECTION('',(0.,0.707106781187,0.707106781187));
#1165 = DIRECTION('',(0.,0.707106781187,-0.707106781187));
#1166 = ADVANCED_FACE('',(#1167),#1178,.T.);
#1167 = FACE_BOUND('',#1168,.T.);
#1168 = EDGE_LOOP('',(#1169,#1170,#1171,#1177));
#1169 = ORIENTED_EDGE('',*,*,#1138,.T.);
#1170 = ORIENTED_EDGE('',*,*,#592,.T.);
#1171 = ORIENTED_EDGE('',*,*,#1172,.F.);
#1172 = EDGE_CURVE('',#264,#593,#1173,.T.);
#1173 = LINE('',#1174,#1175);
#1174 = CARTESIAN_POINT('',(1.5,-8.89,0.254));
#1175 = VECTOR('',#1176,1.);
#1176 = DIRECTION('',(1.,0.,0.));
#1177 = ORIENTED_EDGE('',*,*,#263,.F.);
#1178 = PLANE('',#1179);
#1179 = AXIS2_PLACEMENT_3D('',#1180,#1181,#1182);
#1180 = CARTESIAN_POINT('',(1.5,-8.636,0.));
#1181 = DIRECTION('',(-0.,-0.707106781187,-0.707106781187));
#1182 = DIRECTION('',(0.,-0.707106781187,0.707106781187));
#1183 = ADVANCED_FACE('',(#1184),#1195,.T.);
#1184 = FACE_BOUND('',#1185,.T.);
#1185 = EDGE_LOOP('',(#1186,#1192,#1193,#1194));
#1186 = ORIENTED_EDGE('',*,*,#1187,.T.);
#1187 = EDGE_CURVE('',#280,#609,#1188,.T.);
#1188 = LINE('',#1189,#1190);
#1189 = CARTESIAN_POINT('',(1.5,-8.636,2.54));
#1190 = VECTOR('',#1191,1.);
#1191 = DIRECTION('',(1.,0.,0.));
#1192 = ORIENTED_EDGE('',*,*,#616,.T.);
#1193 = ORIENTED_EDGE('',*,*,#1153,.F.);
#1194 = ORIENTED_EDGE('',*,*,#287,.F.);
#1195 = PLANE('',#1196);
#1196 = AXIS2_PLACEMENT_3D('',#1197,#1198,#1199);
#1197 = CARTESIAN_POINT('',(1.5,-8.636,2.54));
#1198 = DIRECTION('',(0.,0.,1.));
#1199 = DIRECTION('',(0.,1.,0.));
#1200 = ADVANCED_FACE('',(#1201),#1212,.T.);
#1201 = FACE_BOUND('',#1202,.T.);
#1202 = EDGE_LOOP('',(#1203,#1204,#1205,#1211));
#1203 = ORIENTED_EDGE('',*,*,#1172,.T.);
#1204 = ORIENTED_EDGE('',*,*,#600,.T.);
#1205 = ORIENTED_EDGE('',*,*,#1206,.F.);
#1206 = EDGE_CURVE('',#272,#601,#1207,.T.);
#1207 = LINE('',#1208,#1209);
#1208 = CARTESIAN_POINT('',(1.5,-8.89,2.286));
#1209 = VECTOR('',#1210,1.);
#1210 = DIRECTION('',(1.,0.,0.));
#1211 = ORIENTED_EDGE('',*,*,#271,.F.);
#1212 = PLANE('',#1213);
#1213 = AXIS2_PLACEMENT_3D('',#1214,#1215,#1216);
#1214 = CARTESIAN_POINT('',(1.5,-8.89,0.254));
#1215 = DIRECTION('',(0.,-1.,0.));
#1216 = DIRECTION('',(0.,0.,1.));
#1217 = ADVANCED_FACE('',(#1218),#1224,.T.);
#1218 = FACE_BOUND('',#1219,.T.);
#1219 = EDGE_LOOP('',(#1220,#1221,#1222,#1223));
#1220 = ORIENTED_EDGE('',*,*,#1206,.T.);
#1221 = ORIENTED_EDGE('',*,*,#608,.T.);
#1222 = ORIENTED_EDGE('',*,*,#1187,.F.);
#1223 = ORIENTED_EDGE('',*,*,#279,.F.);
#1224 = PLANE('',#1225);
#1225 = AXIS2_PLACEMENT_3D('',#1226,#1227,#1228);
#1226 = CARTESIAN_POINT('',(1.5,-8.89,2.286));
#1227 = DIRECTION('',(0.,-0.707106781187,0.707106781187));
#1228 = DIRECTION('',(0.,0.707106781187,0.707106781187));
#1229 = ADVANCED_FACE('',(#1230),#1280,.T.);
#1230 = FACE_BOUND('',#1231,.T.);
#1231 = EDGE_LOOP('',(#1232,#1243,#1249,#1250,#1258,#1266,#1274));
#1232 = ORIENTED_EDGE('',*,*,#1233,.T.);
#1233 = EDGE_CURVE('',#1234,#1236,#1238,.T.);
#1234 = VERTEX_POINT('',#1235);
#1235 = CARTESIAN_POINT('',(-0.32,-4.76,0.95));
#1236 = VERTEX_POINT('',#1237);
#1237 = CARTESIAN_POINT('',(0.32,-4.76,1.59));
#1238 = CIRCLE('',#1239,0.64);
#1239 = AXIS2_PLACEMENT_3D('',#1240,#1241,#1242);
#1240 = CARTESIAN_POINT('',(0.32,-4.76,0.95));
#1241 = DIRECTION('',(0.,1.,0.));
#1242 = DIRECTION('',(0.,0.,-1.));
#1243 = ORIENTED_EDGE('',*,*,#1244,.T.);
#1244 = EDGE_CURVE('',#1236,#377,#1245,.T.);
#1245 = LINE('',#1246,#1247);
#1246 = CARTESIAN_POINT('',(-0.32,-4.76,1.59));
#1247 = VECTOR('',#1248,1.);
#1248 = DIRECTION('',(1.,0.,2.143287692327E-17));
#1249 = ORIENTED_EDGE('',*,*,#376,.T.);
#1250 = ORIENTED_EDGE('',*,*,#1251,.T.);
#1251 = EDGE_CURVE('',#379,#1252,#1254,.T.);
#1252 = VERTEX_POINT('',#1253);
#1253 = CARTESIAN_POINT('',(0.32,-4.76,0.95));
#1254 = LINE('',#1255,#1256);
#1255 = CARTESIAN_POINT('',(10.04,-4.76,0.95));
#1256 = VECTOR('',#1257,1.);
#1257 = DIRECTION('',(-1.,0.,0.));
#1258 = ORIENTED_EDGE('',*,*,#1259,.T.);
#1259 = EDGE_CURVE('',#1252,#1260,#1262,.T.);
#1260 = VERTEX_POINT('',#1261);
#1261 = CARTESIAN_POINT('',(0.32,-4.76,-2.84));
#1262 = LINE('',#1263,#1264);
#1263 = CARTESIAN_POINT('',(0.32,-4.76,0.95));
#1264 = VECTOR('',#1265,1.);
#1265 = DIRECTION('',(0.,0.,-1.));
#1266 = ORIENTED_EDGE('',*,*,#1267,.T.);
#1267 = EDGE_CURVE('',#1260,#1268,#1270,.T.);
#1268 = VERTEX_POINT('',#1269);
#1269 = CARTESIAN_POINT('',(-0.32,-4.76,-2.84));
#1270 = LINE('',#1271,#1272);
#1271 = CARTESIAN_POINT('',(0.32,-4.76,-2.84));
#1272 = VECTOR('',#1273,1.);
#1273 = DIRECTION('',(-1.,0.,0.));
#1274 = ORIENTED_EDGE('',*,*,#1275,.T.);
#1275 = EDGE_CURVE('',#1268,#1234,#1276,.T.);
#1276 = LINE('',#1277,#1278);
#1277 = CARTESIAN_POINT('',(-0.32,-4.76,-3.));
#1278 = VECTOR('',#1279,1.);
#1279 = DIRECTION('',(0.,0.,1.));
#1280 = PLANE('',#1281);
#1281 = AXIS2_PLACEMENT_3D('',#1282,#1283,#1284);
#1282 = CARTESIAN_POINT('',(3.575919732441,-4.76,0.579080267559));
#1283 = DIRECTION('',(1.030170245606E-33,1.,6.630961875715E-34));
#1284 = DIRECTION('',(1.,-1.030170245606E-33,-3.284969231842E-83));
#1285 = ADVANCED_FACE('',(#1286),#1304,.T.);
#1286 = FACE_BOUND('',#1287,.T.);
#1287 = EDGE_LOOP('',(#1288,#1289,#1290,#1298));
#1288 = ORIENTED_EDGE('',*,*,#1251,.F.);
#1289 = ORIENTED_EDGE('',*,*,#402,.T.);
#1290 = ORIENTED_EDGE('',*,*,#1291,.T.);
#1291 = EDGE_CURVE('',#395,#1292,#1294,.T.);
#1292 = VERTEX_POINT('',#1293);
#1293 = CARTESIAN_POINT('',(0.32,-5.4,0.95));
#1294 = LINE('',#1295,#1296);
#1295 = CARTESIAN_POINT('',(10.04,-5.4,0.95));
#1296 = VECTOR('',#1297,1.);
#1297 = DIRECTION('',(-1.,0.,0.));
#1298 = ORIENTED_EDGE('',*,*,#1299,.F.);
#1299 = EDGE_CURVE('',#1252,#1292,#1300,.T.);
#1300 = LINE('',#1301,#1302);
#1301 = CARTESIAN_POINT('',(0.32,-4.76,0.95));
#1302 = VECTOR('',#1303,1.);
#1303 = DIRECTION('',(0.,-1.,0.));
#1304 = PLANE('',#1305);
#1305 = AXIS2_PLACEMENT_3D('',#1306,#1307,#1308);
#1306 = CARTESIAN_POINT('',(10.04,-4.76,0.95));
#1307 = DIRECTION('',(-0.,-0.,-1.));
#1308 = DIRECTION('',(-1.,0.,0.));
#1309 = ADVANCED_FACE('',(#1310),#1353,.F.);
#1310 = FACE_BOUND('',#1311,.F.);
#1311 = EDGE_LOOP('',(#1312,#1323,#1329,#1330,#1331,#1339,#1347));
#1312 = ORIENTED_EDGE('',*,*,#1313,.T.);
#1313 = EDGE_CURVE('',#1314,#1316,#1318,.T.);
#1314 = VERTEX_POINT('',#1315);
#1315 = CARTESIAN_POINT('',(-0.32,-5.4,0.95));
#1316 = VERTEX_POINT('',#1317);
#1317 = CARTESIAN_POINT('',(0.32,-5.4,1.59));
#1318 = CIRCLE('',#1319,0.64);
#1319 = AXIS2_PLACEMENT_3D('',#1320,#1321,#1322);
#1320 = CARTESIAN_POINT('',(0.32,-5.4,0.95));
#1321 = DIRECTION('',(0.,1.,0.));
#1322 = DIRECTION('',(0.,0.,-1.));
#1323 = ORIENTED_EDGE('',*,*,#1324,.T.);
#1324 = EDGE_CURVE('',#1316,#387,#1325,.T.);
#1325 = LINE('',#1326,#1327);
#1326 = CARTESIAN_POINT('',(-0.32,-5.4,1.59));
#1327 = VECTOR('',#1328,1.);
#1328 = DIRECTION('',(1.,0.,2.143287692327E-17));
#1329 = ORIENTED_EDGE('',*,*,#394,.T.);
#1330 = ORIENTED_EDGE('',*,*,#1291,.T.);
#1331 = ORIENTED_EDGE('',*,*,#1332,.T.);
#1332 = EDGE_CURVE('',#1292,#1333,#1335,.T.);
#1333 = VERTEX_POINT('',#1334);
#1334 = CARTESIAN_POINT('',(0.32,-5.4,-2.84));
#1335 = LINE('',#1336,#1337);
#1336 = CARTESIAN_POINT('',(0.32,-5.4,0.95));
#1337 = VECTOR('',#1338,1.);
#1338 = DIRECTION('',(0.,0.,-1.));
#1339 = ORIENTED_EDGE('',*,*,#1340,.T.);
#1340 = EDGE_CURVE('',#1333,#1341,#1343,.T.);
#1341 = VERTEX_POINT('',#1342);
#1342 = CARTESIAN_POINT('',(-0.32,-5.4,-2.84));
#1343 = LINE('',#1344,#1345);
#1344 = CARTESIAN_POINT('',(0.32,-5.4,-2.84));
#1345 = VECTOR('',#1346,1.);
#1346 = DIRECTION('',(-1.,0.,0.));
#1347 = ORIENTED_EDGE('',*,*,#1348,.T.);
#1348 = EDGE_CURVE('',#1341,#1314,#1349,.T.);
#1349 = LINE('',#1350,#1351);
#1350 = CARTESIAN_POINT('',(-0.32,-5.4,-3.));
#1351 = VECTOR('',#1352,1.);
#1352 = DIRECTION('',(0.,0.,1.));
#1353 = PLANE('',#1354);
#1354 = AXIS2_PLACEMENT_3D('',#1355,#1356,#1357);
#1355 = CARTESIAN_POINT('',(3.575919732441,-5.4,0.579080267559));
#1356 = DIRECTION('',(1.030170245606E-33,1.,6.630961875715E-34));
#1357 = DIRECTION('',(1.,-1.030170245606E-33,-3.284969231842E-83));
#1358 = ADVANCED_FACE('',(#1359),#1370,.T.);
#1359 = FACE_BOUND('',#1360,.T.);
#1360 = EDGE_LOOP('',(#1361,#1362,#1368,#1369));
#1361 = ORIENTED_EDGE('',*,*,#1244,.F.);
#1362 = ORIENTED_EDGE('',*,*,#1363,.T.);
#1363 = EDGE_CURVE('',#1236,#1316,#1364,.T.);
#1364 = LINE('',#1365,#1366);
#1365 = CARTESIAN_POINT('',(0.32,-4.76,1.59));
#1366 = VECTOR('',#1367,1.);
#1367 = DIRECTION('',(0.,-1.,0.));
#1368 = ORIENTED_EDGE('',*,*,#1324,.T.);
#1369 = ORIENTED_EDGE('',*,*,#386,.T.);
#1370 = PLANE('',#1371);
#1371 = AXIS2_PLACEMENT_3D('',#1372,#1373,#1374);
#1372 = CARTESIAN_POINT('',(-0.32,-4.76,1.59));
#1373 = DIRECTION('',(-2.143287692327E-17,0.,1.));
#1374 = DIRECTION('',(1.,0.,2.143287692327E-17));
#1375 = ADVANCED_FACE('',(#1376),#1401,.T.);
#1376 = FACE_BOUND('',#1377,.T.);
#1377 = EDGE_LOOP('',(#1378,#1386,#1394,#1400));
#1378 = ORIENTED_EDGE('',*,*,#1379,.F.);
#1379 = EDGE_CURVE('',#1380,#413,#1382,.T.);
#1380 = VERTEX_POINT('',#1381);
#1381 = CARTESIAN_POINT('',(0.32,-2.22,1.59));
#1382 = LINE('',#1383,#1384);
#1383 = CARTESIAN_POINT('',(-0.32,-2.22,1.59));
#1384 = VECTOR('',#1385,1.);
#1385 = DIRECTION('',(1.,0.,2.143287692327E-17));
#1386 = ORIENTED_EDGE('',*,*,#1387,.T.);
#1387 = EDGE_CURVE('',#1380,#1388,#1390,.T.);
#1388 = VERTEX_POINT('',#1389);
#1389 = CARTESIAN_POINT('',(0.32,-2.86,1.59));
#1390 = LINE('',#1391,#1392);
#1391 = CARTESIAN_POINT('',(0.32,-2.22,1.59));
#1392 = VECTOR('',#1393,1.);
#1393 = DIRECTION('',(0.,-1.,0.));
#1394 = ORIENTED_EDGE('',*,*,#1395,.T.);
#1395 = EDGE_CURVE('',#1388,#411,#1396,.T.);
#1396 = LINE('',#1397,#1398);
#1397 = CARTESIAN_POINT('',(-0.32,-2.86,1.59));
#1398 = VECTOR('',#1399,1.);
#1399 = DIRECTION('',(1.,0.,2.143287692327E-17));
#1400 = ORIENTED_EDGE('',*,*,#410,.T.);
#1401 = PLANE('',#1402);
#1402 = AXIS2_PLACEMENT_3D('',#1403,#1404,#1405);
#1403 = CARTESIAN_POINT('',(-0.32,-2.22,1.59));
#1404 = DIRECTION('',(-2.143287692327E-17,0.,1.));
#1405 = DIRECTION('',(1.,0.,2.143287692327E-17));
#1406 = ADVANCED_FACE('',(#1407),#1450,.T.);
#1407 = FACE_BOUND('',#1408,.T.);
#1408 = EDGE_LOOP('',(#1409,#1418,#1419,#1420,#1428,#1436,#1444));
#1409 = ORIENTED_EDGE('',*,*,#1410,.T.);
#1410 = EDGE_CURVE('',#1411,#1380,#1413,.T.);
#1411 = VERTEX_POINT('',#1412);
#1412 = CARTESIAN_POINT('',(-0.32,-2.22,0.95));
#1413 = CIRCLE('',#1414,0.64);
#1414 = AXIS2_PLACEMENT_3D('',#1415,#1416,#1417);
#1415 = CARTESIAN_POINT('',(0.32,-2.22,0.95));
#1416 = DIRECTION('',(0.,1.,0.));
#1417 = DIRECTION('',(0.,0.,-1.));
#1418 = ORIENTED_EDGE('',*,*,#1379,.T.);
#1419 = ORIENTED_EDGE('',*,*,#436,.T.);
#1420 = ORIENTED_EDGE('',*,*,#1421,.T.);
#1421 = EDGE_CURVE('',#429,#1422,#1424,.T.);
#1422 = VERTEX_POINT('',#1423);
#1423 = CARTESIAN_POINT('',(0.32,-2.22,0.95));
#1424 = LINE('',#1425,#1426);
#1425 = CARTESIAN_POINT('',(10.04,-2.22,0.95));
#1426 = VECTOR('',#1427,1.);
#1427 = DIRECTION('',(-1.,0.,0.));
#1428 = ORIENTED_EDGE('',*,*,#1429,.T.);
#1429 = EDGE_CURVE('',#1422,#1430,#1432,.T.);
#1430 = VERTEX_POINT('',#1431);
#1431 = CARTESIAN_POINT('',(0.32,-2.22,-2.84));
#1432 = LINE('',#1433,#1434);
#1433 = CARTESIAN_POINT('',(0.32,-2.22,0.95));
#1434 = VECTOR('',#1435,1.);
#1435 = DIRECTION('',(0.,0.,-1.));
#1436 = ORIENTED_EDGE('',*,*,#1437,.T.);
#1437 = EDGE_CURVE('',#1430,#1438,#1440,.T.);
#1438 = VERTEX_POINT('',#1439);
#1439 = CARTESIAN_POINT('',(-0.32,-2.22,-2.84));
#1440 = LINE('',#1441,#1442);
#1441 = CARTESIAN_POINT('',(0.32,-2.22,-2.84));
#1442 = VECTOR('',#1443,1.);
#1443 = DIRECTION('',(-1.,0.,0.));
#1444 = ORIENTED_EDGE('',*,*,#1445,.T.);
#1445 = EDGE_CURVE('',#1438,#1411,#1446,.T.);
#1446 = LINE('',#1447,#1448);
#1447 = CARTESIAN_POINT('',(-0.32,-2.22,-3.));
#1448 = VECTOR('',#1449,1.);
#1449 = DIRECTION('',(0.,0.,1.));
#1450 = PLANE('',#1451);
#1451 = AXIS2_PLACEMENT_3D('',#1452,#1453,#1454);
#1452 = CARTESIAN_POINT('',(3.575919732441,-2.22,0.579080267559));
#1453 = DIRECTION('',(1.030170245606E-33,1.,6.630961875715E-34));
#1454 = DIRECTION('',(1.,-1.030170245606E-33,-3.284969231842E-83));
#1455 = ADVANCED_FACE('',(#1456),#1474,.T.);
#1456 = FACE_BOUND('',#1457,.T.);
#1457 = EDGE_LOOP('',(#1458,#1459,#1460,#1468));
#1458 = ORIENTED_EDGE('',*,*,#1421,.F.);
#1459 = ORIENTED_EDGE('',*,*,#428,.T.);
#1460 = ORIENTED_EDGE('',*,*,#1461,.T.);
#1461 = EDGE_CURVE('',#421,#1462,#1464,.T.);
#1462 = VERTEX_POINT('',#1463);
#1463 = CARTESIAN_POINT('',(0.32,-2.86,0.95));
#1464 = LINE('',#1465,#1466);
#1465 = CARTESIAN_POINT('',(10.04,-2.86,0.95));
#1466 = VECTOR('',#1467,1.);
#1467 = DIRECTION('',(-1.,0.,0.));
#1468 = ORIENTED_EDGE('',*,*,#1469,.F.);
#1469 = EDGE_CURVE('',#1422,#1462,#1470,.T.);
#1470 = LINE('',#1471,#1472);
#1471 = CARTESIAN_POINT('',(0.32,-2.22,0.95));
#1472 = VECTOR('',#1473,1.);
#1473 = DIRECTION('',(0.,-1.,0.));
#1474 = PLANE('',#1475);
#1475 = AXIS2_PLACEMENT_3D('',#1476,#1477,#1478);
#1476 = CARTESIAN_POINT('',(10.04,-2.22,0.95));
#1477 = DIRECTION('',(-0.,-0.,-1.));
#1478 = DIRECTION('',(-1.,0.,0.));
#1479 = ADVANCED_FACE('',(#1480),#1516,.F.);
#1480 = FACE_BOUND('',#1481,.F.);
#1481 = EDGE_LOOP('',(#1482,#1491,#1492,#1493,#1494,#1502,#1510));
#1482 = ORIENTED_EDGE('',*,*,#1483,.T.);
#1483 = EDGE_CURVE('',#1484,#1388,#1486,.T.);
#1484 = VERTEX_POINT('',#1485);
#1485 = CARTESIAN_POINT('',(-0.32,-2.86,0.95));
#1486 = CIRCLE('',#1487,0.64);
#1487 = AXIS2_PLACEMENT_3D('',#1488,#1489,#1490);
#1488 = CARTESIAN_POINT('',(0.32,-2.86,0.95));
#1489 = DIRECTION('',(0.,1.,0.));
#1490 = DIRECTION('',(0.,0.,-1.));
#1491 = ORIENTED_EDGE('',*,*,#1395,.T.);
#1492 = ORIENTED_EDGE('',*,*,#420,.T.);
#1493 = ORIENTED_EDGE('',*,*,#1461,.T.);
#1494 = ORIENTED_EDGE('',*,*,#1495,.T.);
#1495 = EDGE_CURVE('',#1462,#1496,#1498,.T.);
#1496 = VERTEX_POINT('',#1497);
#1497 = CARTESIAN_POINT('',(0.32,-2.86,-2.84));
#1498 = LINE('',#1499,#1500);
#1499 = CARTESIAN_POINT('',(0.32,-2.86,0.95));
#1500 = VECTOR('',#1501,1.);
#1501 = DIRECTION('',(0.,0.,-1.));
#1502 = ORIENTED_EDGE('',*,*,#1503,.T.);
#1503 = EDGE_CURVE('',#1496,#1504,#1506,.T.);
#1504 = VERTEX_POINT('',#1505);
#1505 = CARTESIAN_POINT('',(-0.32,-2.86,-2.84));
#1506 = LINE('',#1507,#1508);
#1507 = CARTESIAN_POINT('',(0.32,-2.86,-2.84));
#1508 = VECTOR('',#1509,1.);
#1509 = DIRECTION('',(-1.,0.,0.));
#1510 = ORIENTED_EDGE('',*,*,#1511,.T.);
#1511 = EDGE_CURVE('',#1504,#1484,#1512,.T.);
#1512 = LINE('',#1513,#1514);
#1513 = CARTESIAN_POINT('',(-0.32,-2.86,-3.));
#1514 = VECTOR('',#1515,1.);
#1515 = DIRECTION('',(0.,0.,1.));
#1516 = PLANE('',#1517);
#1517 = AXIS2_PLACEMENT_3D('',#1518,#1519,#1520);
#1518 = CARTESIAN_POINT('',(3.575919732441,-2.86,0.579080267559));
#1519 = DIRECTION('',(1.030170245606E-33,1.,6.630961875715E-34));
#1520 = DIRECTION('',(1.,-1.030170245606E-33,-3.284969231842E-83));
#1521 = ADVANCED_FACE('',(#1522),#1547,.T.);
#1522 = FACE_BOUND('',#1523,.T.);
#1523 = EDGE_LOOP('',(#1524,#1532,#1540,#1546));
#1524 = ORIENTED_EDGE('',*,*,#1525,.F.);
#1525 = EDGE_CURVE('',#1526,#447,#1528,.T.);
#1526 = VERTEX_POINT('',#1527);
#1527 = CARTESIAN_POINT('',(0.32,0.32,1.59));
#1528 = LINE('',#1529,#1530);
#1529 = CARTESIAN_POINT('',(-0.32,0.32,1.59));
#1530 = VECTOR('',#1531,1.);
#1531 = DIRECTION('',(1.,0.,2.143287692327E-17));
#1532 = ORIENTED_EDGE('',*,*,#1533,.T.);
#1533 = EDGE_CURVE('',#1526,#1534,#1536,.T.);
#1534 = VERTEX_POINT('',#1535);
#1535 = CARTESIAN_POINT('',(0.32,-0.32,1.59));
#1536 = LINE('',#1537,#1538);
#1537 = CARTESIAN_POINT('',(0.32,0.32,1.59));
#1538 = VECTOR('',#1539,1.);
#1539 = DIRECTION('',(0.,-1.,0.));
#1540 = ORIENTED_EDGE('',*,*,#1541,.T.);
#1541 = EDGE_CURVE('',#1534,#445,#1542,.T.);
#1542 = LINE('',#1543,#1544);
#1543 = CARTESIAN_POINT('',(-0.32,-0.32,1.59));
#1544 = VECTOR('',#1545,1.);
#1545 = DIRECTION('',(1.,0.,2.143287692327E-17));
#1546 = ORIENTED_EDGE('',*,*,#444,.T.);
#1547 = PLANE('',#1548);
#1548 = AXIS2_PLACEMENT_3D('',#1549,#1550,#1551);
#1549 = CARTESIAN_POINT('',(-0.32,0.32,1.59));
#1550 = DIRECTION('',(-2.143287692327E-17,0.,1.));
#1551 = DIRECTION('',(1.,0.,2.143287692327E-17));
#1552 = ADVANCED_FACE('',(#1553),#1596,.T.);
#1553 = FACE_BOUND('',#1554,.T.);
#1554 = EDGE_LOOP('',(#1555,#1564,#1565,#1566,#1574,#1582,#1590));
#1555 = ORIENTED_EDGE('',*,*,#1556,.T.);
#1556 = EDGE_CURVE('',#1557,#1526,#1559,.T.);
#1557 = VERTEX_POINT('',#1558);
#1558 = CARTESIAN_POINT('',(-0.32,0.32,0.95));
#1559 = CIRCLE('',#1560,0.64);
#1560 = AXIS2_PLACEMENT_3D('',#1561,#1562,#1563);
#1561 = CARTESIAN_POINT('',(0.32,0.32,0.95));
#1562 = DIRECTION('',(0.,1.,0.));
#1563 = DIRECTION('',(0.,0.,-1.));
#1564 = ORIENTED_EDGE('',*,*,#1525,.T.);
#1565 = ORIENTED_EDGE('',*,*,#470,.T.);
#1566 = ORIENTED_EDGE('',*,*,#1567,.T.);
#1567 = EDGE_CURVE('',#463,#1568,#1570,.T.);
#1568 = VERTEX_POINT('',#1569);
#1569 = CARTESIAN_POINT('',(0.32,0.32,0.95));
#1570 = LINE('',#1571,#1572);
#1571 = CARTESIAN_POINT('',(10.04,0.32,0.95));
#1572 = VECTOR('',#1573,1.);
#1573 = DIRECTION('',(-1.,0.,0.));
#1574 = ORIENTED_EDGE('',*,*,#1575,.T.);
#1575 = EDGE_CURVE('',#1568,#1576,#1578,.T.);
#1576 = VERTEX_POINT('',#1577);
#1577 = CARTESIAN_POINT('',(0.32,0.32,-2.84));
#1578 = LINE('',#1579,#1580);
#1579 = CARTESIAN_POINT('',(0.32,0.32,0.95));
#1580 = VECTOR('',#1581,1.);
#1581 = DIRECTION('',(0.,0.,-1.));
#1582 = ORIENTED_EDGE('',*,*,#1583,.T.);
#1583 = EDGE_CURVE('',#1576,#1584,#1586,.T.);
#1584 = VERTEX_POINT('',#1585);
#1585 = CARTESIAN_POINT('',(-0.32,0.32,-2.84));
#1586 = LINE('',#1587,#1588);
#1587 = CARTESIAN_POINT('',(0.32,0.32,-2.84));
#1588 = VECTOR('',#1589,1.);
#1589 = DIRECTION('',(-1.,0.,0.));
#1590 = ORIENTED_EDGE('',*,*,#1591,.T.);
#1591 = EDGE_CURVE('',#1584,#1557,#1592,.T.);
#1592 = LINE('',#1593,#1594);
#1593 = CARTESIAN_POINT('',(-0.32,0.32,-3.));
#1594 = VECTOR('',#1595,1.);
#1595 = DIRECTION('',(0.,0.,1.));
#1596 = PLANE('',#1597);
#1597 = AXIS2_PLACEMENT_3D('',#1598,#1599,#1600);
#1598 = CARTESIAN_POINT('',(3.575919732441,0.32,0.579080267559));
#1599 = DIRECTION('',(1.030170245606E-33,1.,6.630961875715E-34));
#1600 = DIRECTION('',(1.,-1.030170245606E-33,-3.284969231842E-83));
#1601 = ADVANCED_FACE('',(#1602),#1620,.T.);
#1602 = FACE_BOUND('',#1603,.T.);
#1603 = EDGE_LOOP('',(#1604,#1605,#1606,#1614));
#1604 = ORIENTED_EDGE('',*,*,#1567,.F.);
#1605 = ORIENTED_EDGE('',*,*,#462,.T.);
#1606 = ORIENTED_EDGE('',*,*,#1607,.T.);
#1607 = EDGE_CURVE('',#455,#1608,#1610,.T.);
#1608 = VERTEX_POINT('',#1609);
#1609 = CARTESIAN_POINT('',(0.32,-0.32,0.95));
#1610 = LINE('',#1611,#1612);
#1611 = CARTESIAN_POINT('',(10.04,-0.32,0.95));
#1612 = VECTOR('',#1613,1.);
#1613 = DIRECTION('',(-1.,0.,0.));
#1614 = ORIENTED_EDGE('',*,*,#1615,.F.);
#1615 = EDGE_CURVE('',#1568,#1608,#1616,.T.);
#1616 = LINE('',#1617,#1618);
#1617 = CARTESIAN_POINT('',(0.32,0.32,0.95));
#1618 = VECTOR('',#1619,1.);
#1619 = DIRECTION('',(0.,-1.,0.));
#1620 = PLANE('',#1621);
#1621 = AXIS2_PLACEMENT_3D('',#1622,#1623,#1624);
#1622 = CARTESIAN_POINT('',(10.04,0.32,0.95));
#1623 = DIRECTION('',(-0.,-0.,-1.));
#1624 = DIRECTION('',(-1.,0.,0.));
#1625 = ADVANCED_FACE('',(#1626),#1662,.F.);
#1626 = FACE_BOUND('',#1627,.F.);
#1627 = EDGE_LOOP('',(#1628,#1637,#1638,#1639,#1640,#1648,#1656));
#1628 = ORIENTED_EDGE('',*,*,#1629,.T.);
#1629 = EDGE_CURVE('',#1630,#1534,#1632,.T.);
#1630 = VERTEX_POINT('',#1631);
#1631 = CARTESIAN_POINT('',(-0.32,-0.32,0.95));
#1632 = CIRCLE('',#1633,0.64);
#1633 = AXIS2_PLACEMENT_3D('',#1634,#1635,#1636);
#1634 = CARTESIAN_POINT('',(0.32,-0.32,0.95));
#1635 = DIRECTION('',(0.,1.,0.));
#1636 = DIRECTION('',(0.,0.,-1.));
#1637 = ORIENTED_EDGE('',*,*,#1541,.T.);
#1638 = ORIENTED_EDGE('',*,*,#454,.T.);
#1639 = ORIENTED_EDGE('',*,*,#1607,.T.);
#1640 = ORIENTED_EDGE('',*,*,#1641,.T.);
#1641 = EDGE_CURVE('',#1608,#1642,#1644,.T.);
#1642 = VERTEX_POINT('',#1643);
#1643 = CARTESIAN_POINT('',(0.32,-0.32,-2.84));
#1644 = LINE('',#1645,#1646);
#1645 = CARTESIAN_POINT('',(0.32,-0.32,0.95));
#1646 = VECTOR('',#1647,1.);
#1647 = DIRECTION('',(0.,0.,-1.));
#1648 = ORIENTED_EDGE('',*,*,#1649,.T.);
#1649 = EDGE_CURVE('',#1642,#1650,#1652,.T.);
#1650 = VERTEX_POINT('',#1651);
#1651 = CARTESIAN_POINT('',(-0.32,-0.32,-2.84));
#1652 = LINE('',#1653,#1654);
#1653 = CARTESIAN_POINT('',(0.32,-0.32,-2.84));
#1654 = VECTOR('',#1655,1.);
#1655 = DIRECTION('',(-1.,0.,0.));
#1656 = ORIENTED_EDGE('',*,*,#1657,.T.);
#1657 = EDGE_CURVE('',#1650,#1630,#1658,.T.);
#1658 = LINE('',#1659,#1660);
#1659 = CARTESIAN_POINT('',(-0.32,-0.32,-3.));
#1660 = VECTOR('',#1661,1.);
#1661 = DIRECTION('',(0.,0.,1.));
#1662 = PLANE('',#1663);
#1663 = AXIS2_PLACEMENT_3D('',#1664,#1665,#1666);
#1664 = CARTESIAN_POINT('',(3.575919732441,-0.32,0.579080267559));
#1665 = DIRECTION('',(1.030170245606E-33,1.,6.630961875715E-34));
#1666 = DIRECTION('',(1.,-1.030170245606E-33,-3.284969231842E-83));
#1667 = ADVANCED_FACE('',(#1668),#1693,.T.);
#1668 = FACE_BOUND('',#1669,.T.);
#1669 = EDGE_LOOP('',(#1670,#1678,#1686,#1692));
#1670 = ORIENTED_EDGE('',*,*,#1671,.F.);
#1671 = EDGE_CURVE('',#1672,#481,#1674,.T.);
#1672 = VERTEX_POINT('',#1673);
#1673 = CARTESIAN_POINT('',(0.32,-7.3,1.59));
#1674 = LINE('',#1675,#1676);
#1675 = CARTESIAN_POINT('',(-0.32,-7.3,1.59));
#1676 = VECTOR('',#1677,1.);
#1677 = DIRECTION('',(1.,0.,2.143287692327E-17));
#1678 = ORIENTED_EDGE('',*,*,#1679,.T.);
#1679 = EDGE_CURVE('',#1672,#1680,#1682,.T.);
#1680 = VERTEX_POINT('',#1681);
#1681 = CARTESIAN_POINT('',(0.32,-7.94,1.59));
#1682 = LINE('',#1683,#1684);
#1683 = CARTESIAN_POINT('',(0.32,-7.3,1.59));
#1684 = VECTOR('',#1685,1.);
#1685 = DIRECTION('',(0.,-1.,0.));
#1686 = ORIENTED_EDGE('',*,*,#1687,.T.);
#1687 = EDGE_CURVE('',#1680,#479,#1688,.T.);
#1688 = LINE('',#1689,#1690);
#1689 = CARTESIAN_POINT('',(-0.32,-7.94,1.59));
#1690 = VECTOR('',#1691,1.);
#1691 = DIRECTION('',(1.,0.,2.143287692327E-17));
#1692 = ORIENTED_EDGE('',*,*,#478,.T.);
#1693 = PLANE('',#1694);
#1694 = AXIS2_PLACEMENT_3D('',#1695,#1696,#1697);
#1695 = CARTESIAN_POINT('',(-0.32,-7.3,1.59));
#1696 = DIRECTION('',(-2.143287692327E-17,0.,1.));
#1697 = DIRECTION('',(1.,0.,2.143287692327E-17));
#1698 = ADVANCED_FACE('',(#1699),#1742,.T.);
#1699 = FACE_BOUND('',#1700,.T.);
#1700 = EDGE_LOOP('',(#1701,#1710,#1711,#1712,#1720,#1728,#1736));
#1701 = ORIENTED_EDGE('',*,*,#1702,.T.);
#1702 = EDGE_CURVE('',#1703,#1672,#1705,.T.);
#1703 = VERTEX_POINT('',#1704);
#1704 = CARTESIAN_POINT('',(-0.32,-7.3,0.95));
#1705 = CIRCLE('',#1706,0.64);
#1706 = AXIS2_PLACEMENT_3D('',#1707,#1708,#1709);
#1707 = CARTESIAN_POINT('',(0.32,-7.3,0.95));
#1708 = DIRECTION('',(0.,1.,0.));
#1709 = DIRECTION('',(0.,0.,-1.));
#1710 = ORIENTED_EDGE('',*,*,#1671,.T.);
#1711 = ORIENTED_EDGE('',*,*,#504,.T.);
#1712 = ORIENTED_EDGE('',*,*,#1713,.T.);
#1713 = EDGE_CURVE('',#497,#1714,#1716,.T.);
#1714 = VERTEX_POINT('',#1715);
#1715 = CARTESIAN_POINT('',(0.32,-7.3,0.95));
#1716 = LINE('',#1717,#1718);
#1717 = CARTESIAN_POINT('',(10.04,-7.3,0.95));
#1718 = VECTOR('',#1719,1.);
#1719 = DIRECTION('',(-1.,0.,0.));
#1720 = ORIENTED_EDGE('',*,*,#1721,.T.);
#1721 = EDGE_CURVE('',#1714,#1722,#1724,.T.);
#1722 = VERTEX_POINT('',#1723);
#1723 = CARTESIAN_POINT('',(0.32,-7.3,-2.84));
#1724 = LINE('',#1725,#1726);
#1725 = CARTESIAN_POINT('',(0.32,-7.3,0.95));
#1726 = VECTOR('',#1727,1.);
#1727 = DIRECTION('',(0.,0.,-1.));
#1728 = ORIENTED_EDGE('',*,*,#1729,.T.);
#1729 = EDGE_CURVE('',#1722,#1730,#1732,.T.);
#1730 = VERTEX_POINT('',#1731);
#1731 = CARTESIAN_POINT('',(-0.32,-7.3,-2.84));
#1732 = LINE('',#1733,#1734);
#1733 = CARTESIAN_POINT('',(0.32,-7.3,-2.84));
#1734 = VECTOR('',#1735,1.);
#1735 = DIRECTION('',(-1.,0.,0.));
#1736 = ORIENTED_EDGE('',*,*,#1737,.T.);
#1737 = EDGE_CURVE('',#1730,#1703,#1738,.T.);
#1738 = LINE('',#1739,#1740);
#1739 = CARTESIAN_POINT('',(-0.32,-7.3,-3.));
#1740 = VECTOR('',#1741,1.);
#1741 = DIRECTION('',(0.,0.,1.));
#1742 = PLANE('',#1743);
#1743 = AXIS2_PLACEMENT_3D('',#1744,#1745,#1746);
#1744 = CARTESIAN_POINT('',(3.575919732441,-7.3,0.579080267559));
#1745 = DIRECTION('',(1.030170245606E-33,1.,6.630961875715E-34));
#1746 = DIRECTION('',(1.,-1.030170245606E-33,-3.284969231842E-83));
#1747 = ADVANCED_FACE('',(#1748),#1766,.T.);
#1748 = FACE_BOUND('',#1749,.T.);
#1749 = EDGE_LOOP('',(#1750,#1751,#1752,#1760));
#1750 = ORIENTED_EDGE('',*,*,#1713,.F.);
#1751 = ORIENTED_EDGE('',*,*,#496,.T.);
#1752 = ORIENTED_EDGE('',*,*,#1753,.T.);
#1753 = EDGE_CURVE('',#489,#1754,#1756,.T.);
#1754 = VERTEX_POINT('',#1755);
#1755 = CARTESIAN_POINT('',(0.32,-7.94,0.95));
#1756 = LINE('',#1757,#1758);
#1757 = CARTESIAN_POINT('',(10.04,-7.94,0.95));
#1758 = VECTOR('',#1759,1.);
#1759 = DIRECTION('',(-1.,0.,0.));
#1760 = ORIENTED_EDGE('',*,*,#1761,.F.);
#1761 = EDGE_CURVE('',#1714,#1754,#1762,.T.);
#1762 = LINE('',#1763,#1764);
#1763 = CARTESIAN_POINT('',(0.32,-7.3,0.95));
#1764 = VECTOR('',#1765,1.);
#1765 = DIRECTION('',(0.,-1.,0.));
#1766 = PLANE('',#1767);
#1767 = AXIS2_PLACEMENT_3D('',#1768,#1769,#1770);
#1768 = CARTESIAN_POINT('',(10.04,-7.3,0.95));
#1769 = DIRECTION('',(-0.,-0.,-1.));
#1770 = DIRECTION('',(-1.,0.,0.));
#1771 = ADVANCED_FACE('',(#1772),#1808,.F.);
#1772 = FACE_BOUND('',#1773,.F.);
#1773 = EDGE_LOOP('',(#1774,#1783,#1784,#1785,#1786,#1794,#1802));
#1774 = ORIENTED_EDGE('',*,*,#1775,.T.);
#1775 = EDGE_CURVE('',#1776,#1680,#1778,.T.);
#1776 = VERTEX_POINT('',#1777);
#1777 = CARTESIAN_POINT('',(-0.32,-7.94,0.95));
#1778 = CIRCLE('',#1779,0.64);
#1779 = AXIS2_PLACEMENT_3D('',#1780,#1781,#1782);
#1780 = CARTESIAN_POINT('',(0.32,-7.94,0.95));
#1781 = DIRECTION('',(0.,1.,0.));
#1782 = DIRECTION('',(0.,0.,-1.));
#1783 = ORIENTED_EDGE('',*,*,#1687,.T.);
#1784 = ORIENTED_EDGE('',*,*,#488,.T.);
#1785 = ORIENTED_EDGE('',*,*,#1753,.T.);
#1786 = ORIENTED_EDGE('',*,*,#1787,.T.);
#1787 = EDGE_CURVE('',#1754,#1788,#1790,.T.);
#1788 = VERTEX_POINT('',#1789);
#1789 = CARTESIAN_POINT('',(0.32,-7.94,-2.84));
#1790 = LINE('',#1791,#1792);
#1791 = CARTESIAN_POINT('',(0.32,-7.94,0.95));
#1792 = VECTOR('',#1793,1.);
#1793 = DIRECTION('',(0.,0.,-1.));
#1794 = ORIENTED_EDGE('',*,*,#1795,.T.);
#1795 = EDGE_CURVE('',#1788,#1796,#1798,.T.);
#1796 = VERTEX_POINT('',#1797);
#1797 = CARTESIAN_POINT('',(-0.32,-7.94,-2.84));
#1798 = LINE('',#1799,#1800);
#1799 = CARTESIAN_POINT('',(0.32,-7.94,-2.84));
#1800 = VECTOR('',#1801,1.);
#1801 = DIRECTION('',(-1.,0.,0.));
#1802 = ORIENTED_EDGE('',*,*,#1803,.T.);
#1803 = EDGE_CURVE('',#1796,#1776,#1804,.T.);
#1804 = LINE('',#1805,#1806);
#1805 = CARTESIAN_POINT('',(-0.32,-7.94,-3.));
#1806 = VECTOR('',#1807,1.);
#1807 = DIRECTION('',(0.,0.,1.));
#1808 = PLANE('',#1809);
#1809 = AXIS2_PLACEMENT_3D('',#1810,#1811,#1812);
#1810 = CARTESIAN_POINT('',(3.575919732441,-7.94,0.579080267559));
#1811 = DIRECTION('',(1.030170245606E-33,1.,6.630961875715E-34));
#1812 = DIRECTION('',(1.,-1.030170245606E-33,-3.284969231842E-83));
#1813 = ADVANCED_FACE('',(#1814),#1839,.T.);
#1814 = FACE_BOUND('',#1815,.T.);
#1815 = EDGE_LOOP('',(#1816,#1817,#1825,#1833));
#1816 = ORIENTED_EDGE('',*,*,#705,.F.);
#1817 = ORIENTED_EDGE('',*,*,#1818,.T.);
#1818 = EDGE_CURVE('',#706,#1819,#1821,.T.);
#1819 = VERTEX_POINT('',#1820);
#1820 = CARTESIAN_POINT('',(9.88,-4.76,1.59));
#1821 = LINE('',#1822,#1823);
#1822 = CARTESIAN_POINT('',(-0.32,-4.76,1.59));
#1823 = VECTOR('',#1824,1.);
#1824 = DIRECTION('',(1.,0.,2.143287692327E-17));
#1825 = ORIENTED_EDGE('',*,*,#1826,.T.);
#1826 = EDGE_CURVE('',#1819,#1827,#1829,.T.);
#1827 = VERTEX_POINT('',#1828);
#1828 = CARTESIAN_POINT('',(9.88,-4.76,0.95));
#1829 = LINE('',#1830,#1831);
#1830 = CARTESIAN_POINT('',(9.88,-4.76,1.59));
#1831 = VECTOR('',#1832,1.);
#1832 = DIRECTION('',(0.,0.,-1.));
#1833 = ORIENTED_EDGE('',*,*,#1834,.T.);
#1834 = EDGE_CURVE('',#1827,#708,#1835,.T.);
#1835 = LINE('',#1836,#1837);
#1836 = CARTESIAN_POINT('',(10.04,-4.76,0.95));
#1837 = VECTOR('',#1838,1.);
#1838 = DIRECTION('',(-1.,0.,0.));
#1839 = PLANE('',#1840);
#1840 = AXIS2_PLACEMENT_3D('',#1841,#1842,#1843);
#1841 = CARTESIAN_POINT('',(3.575919732441,-4.76,0.579080267559));
#1842 = DIRECTION('',(1.030170245606E-33,1.,6.630961875715E-34));
#1843 = DIRECTION('',(1.,-1.030170245606E-33,-3.284969231842E-83));
#1844 = ADVANCED_FACE('',(#1845),#1863,.T.);
#1845 = FACE_BOUND('',#1846,.T.);
#1846 = EDGE_LOOP('',(#1847,#1848,#1856,#1862));
#1847 = ORIENTED_EDGE('',*,*,#1834,.F.);
#1848 = ORIENTED_EDGE('',*,*,#1849,.T.);
#1849 = EDGE_CURVE('',#1827,#1850,#1852,.T.);
#1850 = VERTEX_POINT('',#1851);
#1851 = CARTESIAN_POINT('',(9.88,-5.4,0.95));
#1852 = LINE('',#1853,#1854);
#1853 = CARTESIAN_POINT('',(9.88,-4.76,0.95));
#1854 = VECTOR('',#1855,1.);
#1855 = DIRECTION('',(0.,-1.,0.));
#1856 = ORIENTED_EDGE('',*,*,#1857,.T.);
#1857 = EDGE_CURVE('',#1850,#724,#1858,.T.);
#1858 = LINE('',#1859,#1860);
#1859 = CARTESIAN_POINT('',(10.04,-5.4,0.95));
#1860 = VECTOR('',#1861,1.);
#1861 = DIRECTION('',(-1.,0.,0.));
#1862 = ORIENTED_EDGE('',*,*,#731,.F.);
#1863 = PLANE('',#1864);
#1864 = AXIS2_PLACEMENT_3D('',#1865,#1866,#1867);
#1865 = CARTESIAN_POINT('',(10.04,-4.76,0.95));
#1866 = DIRECTION('',(-0.,-0.,-1.));
#1867 = DIRECTION('',(-1.,0.,0.));
#1868 = ADVANCED_FACE('',(#1869),#1887,.F.);
#1869 = FACE_BOUND('',#1870,.F.);
#1870 = EDGE_LOOP('',(#1871,#1872,#1880,#1886));
#1871 = ORIENTED_EDGE('',*,*,#723,.F.);
#1872 = ORIENTED_EDGE('',*,*,#1873,.T.);
#1873 = EDGE_CURVE('',#716,#1874,#1876,.T.);
#1874 = VERTEX_POINT('',#1875);
#1875 = CARTESIAN_POINT('',(9.88,-5.4,1.59));
#1876 = LINE('',#1877,#1878);
#1877 = CARTESIAN_POINT('',(-0.32,-5.4,1.59));
#1878 = VECTOR('',#1879,1.);
#1879 = DIRECTION('',(1.,0.,2.143287692327E-17));
#1880 = ORIENTED_EDGE('',*,*,#1881,.T.);
#1881 = EDGE_CURVE('',#1874,#1850,#1882,.T.);
#1882 = LINE('',#1883,#1884);
#1883 = CARTESIAN_POINT('',(9.88,-5.4,1.59));
#1884 = VECTOR('',#1885,1.);
#1885 = DIRECTION('',(0.,0.,-1.));
#1886 = ORIENTED_EDGE('',*,*,#1857,.T.);
#1887 = PLANE('',#1888);
#1888 = AXIS2_PLACEMENT_3D('',#1889,#1890,#1891);
#1889 = CARTESIAN_POINT('',(3.575919732441,-5.4,0.579080267559));
#1890 = DIRECTION('',(1.030170245606E-33,1.,6.630961875715E-34));
#1891 = DIRECTION('',(1.,-1.030170245606E-33,-3.284969231842E-83));
#1892 = ADVANCED_FACE('',(#1893),#1904,.T.);
#1893 = FACE_BOUND('',#1894,.T.);
#1894 = EDGE_LOOP('',(#1895,#1896,#1897,#1898));
#1895 = ORIENTED_EDGE('',*,*,#1818,.F.);
#1896 = ORIENTED_EDGE('',*,*,#715,.F.);
#1897 = ORIENTED_EDGE('',*,*,#1873,.T.);
#1898 = ORIENTED_EDGE('',*,*,#1899,.F.);
#1899 = EDGE_CURVE('',#1819,#1874,#1900,.T.);
#1900 = LINE('',#1901,#1902);
#1901 = CARTESIAN_POINT('',(9.88,-4.76,1.59));
#1902 = VECTOR('',#1903,1.);
#1903 = DIRECTION('',(0.,-1.,0.));
#1904 = PLANE('',#1905);
#1905 = AXIS2_PLACEMENT_3D('',#1906,#1907,#1908);
#1906 = CARTESIAN_POINT('',(-0.32,-4.76,1.59));
#1907 = DIRECTION('',(-2.143287692327E-17,0.,1.));
#1908 = DIRECTION('',(1.,0.,2.143287692327E-17));
#1909 = ADVANCED_FACE('',(#1910),#1935,.T.);
#1910 = FACE_BOUND('',#1911,.T.);
#1911 = EDGE_LOOP('',(#1912,#1920,#1921,#1929));
#1912 = ORIENTED_EDGE('',*,*,#1913,.F.);
#1913 = EDGE_CURVE('',#742,#1914,#1916,.T.);
#1914 = VERTEX_POINT('',#1915);
#1915 = CARTESIAN_POINT('',(9.88,-2.22,1.59));
#1916 = LINE('',#1917,#1918);
#1917 = CARTESIAN_POINT('',(-0.32,-2.22,1.59));
#1918 = VECTOR('',#1919,1.);
#1919 = DIRECTION('',(1.,0.,2.143287692327E-17));
#1920 = ORIENTED_EDGE('',*,*,#739,.F.);
#1921 = ORIENTED_EDGE('',*,*,#1922,.T.);
#1922 = EDGE_CURVE('',#740,#1923,#1925,.T.);
#1923 = VERTEX_POINT('',#1924);
#1924 = CARTESIAN_POINT('',(9.88,-2.86,1.59));
#1925 = LINE('',#1926,#1927);
#1926 = CARTESIAN_POINT('',(-0.32,-2.86,1.59));
#1927 = VECTOR('',#1928,1.);
#1928 = DIRECTION('',(1.,0.,2.143287692327E-17));
#1929 = ORIENTED_EDGE('',*,*,#1930,.F.);
#1930 = EDGE_CURVE('',#1914,#1923,#1931,.T.);
#1931 = LINE('',#1932,#1933);
#1932 = CARTESIAN_POINT('',(9.88,-2.22,1.59));
#1933 = VECTOR('',#1934,1.);
#1934 = DIRECTION('',(0.,-1.,0.));
#1935 = PLANE('',#1936);
#1936 = AXIS2_PLACEMENT_3D('',#1937,#1938,#1939);
#1937 = CARTESIAN_POINT('',(-0.32,-2.22,1.59));
#1938 = DIRECTION('',(-2.143287692327E-17,0.,1.));
#1939 = DIRECTION('',(1.,0.,2.143287692327E-17));
#1940 = ADVANCED_FACE('',(#1941),#1959,.T.);
#1941 = FACE_BOUND('',#1942,.T.);
#1942 = EDGE_LOOP('',(#1943,#1944,#1945,#1953));
#1943 = ORIENTED_EDGE('',*,*,#765,.F.);
#1944 = ORIENTED_EDGE('',*,*,#1913,.T.);
#1945 = ORIENTED_EDGE('',*,*,#1946,.T.);
#1946 = EDGE_CURVE('',#1914,#1947,#1949,.T.);
#1947 = VERTEX_POINT('',#1948);
#1948 = CARTESIAN_POINT('',(9.88,-2.22,0.95));
#1949 = LINE('',#1950,#1951);
#1950 = CARTESIAN_POINT('',(9.88,-2.22,1.59));
#1951 = VECTOR('',#1952,1.);
#1952 = DIRECTION('',(0.,0.,-1.));
#1953 = ORIENTED_EDGE('',*,*,#1954,.T.);
#1954 = EDGE_CURVE('',#1947,#758,#1955,.T.);
#1955 = LINE('',#1956,#1957);
#1956 = CARTESIAN_POINT('',(10.04,-2.22,0.95));
#1957 = VECTOR('',#1958,1.);
#1958 = DIRECTION('',(-1.,0.,0.));
#1959 = PLANE('',#1960);
#1960 = AXIS2_PLACEMENT_3D('',#1961,#1962,#1963);
#1961 = CARTESIAN_POINT('',(3.575919732441,-2.22,0.579080267559));
#1962 = DIRECTION('',(1.030170245606E-33,1.,6.630961875715E-34));
#1963 = DIRECTION('',(1.,-1.030170245606E-33,-3.284969231842E-83));
#1964 = ADVANCED_FACE('',(#1965),#1983,.T.);
#1965 = FACE_BOUND('',#1966,.T.);
#1966 = EDGE_LOOP('',(#1967,#1968,#1976,#1982));
#1967 = ORIENTED_EDGE('',*,*,#1954,.F.);
#1968 = ORIENTED_EDGE('',*,*,#1969,.T.);
#1969 = EDGE_CURVE('',#1947,#1970,#1972,.T.);
#1970 = VERTEX_POINT('',#1971);
#1971 = CARTESIAN_POINT('',(9.88,-2.86,0.95));
#1972 = LINE('',#1973,#1974);
#1973 = CARTESIAN_POINT('',(9.88,-2.22,0.95));
#1974 = VECTOR('',#1975,1.);
#1975 = DIRECTION('',(0.,-1.,0.));
#1976 = ORIENTED_EDGE('',*,*,#1977,.T.);
#1977 = EDGE_CURVE('',#1970,#750,#1978,.T.);
#1978 = LINE('',#1979,#1980);
#1979 = CARTESIAN_POINT('',(10.04,-2.86,0.95));
#1980 = VECTOR('',#1981,1.);
#1981 = DIRECTION('',(-1.,0.,0.));
#1982 = ORIENTED_EDGE('',*,*,#757,.F.);
#1983 = PLANE('',#1984);
#1984 = AXIS2_PLACEMENT_3D('',#1985,#1986,#1987);
#1985 = CARTESIAN_POINT('',(10.04,-2.22,0.95));
#1986 = DIRECTION('',(-0.,-0.,-1.));
#1987 = DIRECTION('',(-1.,0.,0.));
#1988 = ADVANCED_FACE('',(#1989),#2000,.F.);
#1989 = FACE_BOUND('',#1990,.F.);
#1990 = EDGE_LOOP('',(#1991,#1992,#1993,#1999));
#1991 = ORIENTED_EDGE('',*,*,#749,.F.);
#1992 = ORIENTED_EDGE('',*,*,#1922,.T.);
#1993 = ORIENTED_EDGE('',*,*,#1994,.T.);
#1994 = EDGE_CURVE('',#1923,#1970,#1995,.T.);
#1995 = LINE('',#1996,#1997);
#1996 = CARTESIAN_POINT('',(9.88,-2.86,1.59));
#1997 = VECTOR('',#1998,1.);
#1998 = DIRECTION('',(0.,0.,-1.));
#1999 = ORIENTED_EDGE('',*,*,#1977,.T.);
#2000 = PLANE('',#2001);
#2001 = AXIS2_PLACEMENT_3D('',#2002,#2003,#2004);
#2002 = CARTESIAN_POINT('',(3.575919732441,-2.86,0.579080267559));
#2003 = DIRECTION('',(1.030170245606E-33,1.,6.630961875715E-34));
#2004 = DIRECTION('',(1.,-1.030170245606E-33,-3.284969231842E-83));
#2005 = ADVANCED_FACE('',(#2006),#2031,.T.);
#2006 = FACE_BOUND('',#2007,.T.);
#2007 = EDGE_LOOP('',(#2008,#2016,#2017,#2025));
#2008 = ORIENTED_EDGE('',*,*,#2009,.F.);
#2009 = EDGE_CURVE('',#776,#2010,#2012,.T.);
#2010 = VERTEX_POINT('',#2011);
#2011 = CARTESIAN_POINT('',(9.88,0.32,1.59));
#2012 = LINE('',#2013,#2014);
#2013 = CARTESIAN_POINT('',(-0.32,0.32,1.59));
#2014 = VECTOR('',#2015,1.);
#2015 = DIRECTION('',(1.,0.,2.143287692327E-17));
#2016 = ORIENTED_EDGE('',*,*,#773,.F.);
#2017 = ORIENTED_EDGE('',*,*,#2018,.T.);
#2018 = EDGE_CURVE('',#774,#2019,#2021,.T.);
#2019 = VERTEX_POINT('',#2020);
#2020 = CARTESIAN_POINT('',(9.88,-0.32,1.59));
#2021 = LINE('',#2022,#2023);
#2022 = CARTESIAN_POINT('',(-0.32,-0.32,1.59));
#2023 = VECTOR('',#2024,1.);
#2024 = DIRECTION('',(1.,0.,2.143287692327E-17));
#2025 = ORIENTED_EDGE('',*,*,#2026,.F.);
#2026 = EDGE_CURVE('',#2010,#2019,#2027,.T.);
#2027 = LINE('',#2028,#2029);
#2028 = CARTESIAN_POINT('',(9.88,0.32,1.59));
#2029 = VECTOR('',#2030,1.);
#2030 = DIRECTION('',(0.,-1.,0.));
#2031 = PLANE('',#2032);
#2032 = AXIS2_PLACEMENT_3D('',#2033,#2034,#2035);
#2033 = CARTESIAN_POINT('',(-0.32,0.32,1.59));
#2034 = DIRECTION('',(-2.143287692327E-17,0.,1.));
#2035 = DIRECTION('',(1.,0.,2.143287692327E-17));
#2036 = ADVANCED_FACE('',(#2037),#2055,.T.);
#2037 = FACE_BOUND('',#2038,.T.);
#2038 = EDGE_LOOP('',(#2039,#2040,#2041,#2049));
#2039 = ORIENTED_EDGE('',*,*,#799,.F.);
#2040 = ORIENTED_EDGE('',*,*,#2009,.T.);
#2041 = ORIENTED_EDGE('',*,*,#2042,.T.);
#2042 = EDGE_CURVE('',#2010,#2043,#2045,.T.);
#2043 = VERTEX_POINT('',#2044);
#2044 = CARTESIAN_POINT('',(9.88,0.32,0.95));
#2045 = LINE('',#2046,#2047);
#2046 = CARTESIAN_POINT('',(9.88,0.32,1.59));
#2047 = VECTOR('',#2048,1.);
#2048 = DIRECTION('',(0.,0.,-1.));
#2049 = ORIENTED_EDGE('',*,*,#2050,.T.);
#2050 = EDGE_CURVE('',#2043,#792,#2051,.T.);
#2051 = LINE('',#2052,#2053);
#2052 = CARTESIAN_POINT('',(10.04,0.32,0.95));
#2053 = VECTOR('',#2054,1.);
#2054 = DIRECTION('',(-1.,0.,0.));
#2055 = PLANE('',#2056);
#2056 = AXIS2_PLACEMENT_3D('',#2057,#2058,#2059);
#2057 = CARTESIAN_POINT('',(3.575919732441,0.32,0.579080267559));
#2058 = DIRECTION('',(1.030170245606E-33,1.,6.630961875715E-34));
#2059 = DIRECTION('',(1.,-1.030170245606E-33,-3.284969231842E-83));
#2060 = ADVANCED_FACE('',(#2061),#2079,.T.);
#2061 = FACE_BOUND('',#2062,.T.);
#2062 = EDGE_LOOP('',(#2063,#2064,#2072,#2078));
#2063 = ORIENTED_EDGE('',*,*,#2050,.F.);
#2064 = ORIENTED_EDGE('',*,*,#2065,.T.);
#2065 = EDGE_CURVE('',#2043,#2066,#2068,.T.);
#2066 = VERTEX_POINT('',#2067);
#2067 = CARTESIAN_POINT('',(9.88,-0.32,0.95));
#2068 = LINE('',#2069,#2070);
#2069 = CARTESIAN_POINT('',(9.88,0.32,0.95));
#2070 = VECTOR('',#2071,1.);
#2071 = DIRECTION('',(0.,-1.,0.));
#2072 = ORIENTED_EDGE('',*,*,#2073,.T.);
#2073 = EDGE_CURVE('',#2066,#784,#2074,.T.);
#2074 = LINE('',#2075,#2076);
#2075 = CARTESIAN_POINT('',(10.04,-0.32,0.95));
#2076 = VECTOR('',#2077,1.);
#2077 = DIRECTION('',(-1.,0.,0.));
#2078 = ORIENTED_EDGE('',*,*,#791,.F.);
#2079 = PLANE('',#2080);
#2080 = AXIS2_PLACEMENT_3D('',#2081,#2082,#2083);
#2081 = CARTESIAN_POINT('',(10.04,0.32,0.95));
#2082 = DIRECTION('',(-0.,-0.,-1.));
#2083 = DIRECTION('',(-1.,0.,0.));
#2084 = ADVANCED_FACE('',(#2085),#2096,.F.);
#2085 = FACE_BOUND('',#2086,.F.);
#2086 = EDGE_LOOP('',(#2087,#2088,#2089,#2095));
#2087 = ORIENTED_EDGE('',*,*,#783,.F.);
#2088 = ORIENTED_EDGE('',*,*,#2018,.T.);
#2089 = ORIENTED_EDGE('',*,*,#2090,.T.);
#2090 = EDGE_CURVE('',#2019,#2066,#2091,.T.);
#2091 = LINE('',#2092,#2093);
#2092 = CARTESIAN_POINT('',(9.88,-0.32,1.59));
#2093 = VECTOR('',#2094,1.);
#2094 = DIRECTION('',(0.,0.,-1.));
#2095 = ORIENTED_EDGE('',*,*,#2073,.T.);
#2096 = PLANE('',#2097);
#2097 = AXIS2_PLACEMENT_3D('',#2098,#2099,#2100);
#2098 = CARTESIAN_POINT('',(3.575919732441,-0.32,0.579080267559));
#2099 = DIRECTION('',(1.030170245606E-33,1.,6.630961875715E-34));
#2100 = DIRECTION('',(1.,-1.030170245606E-33,-3.284969231842E-83));
#2101 = ADVANCED_FACE('',(#2102),#2127,.T.);
#2102 = FACE_BOUND('',#2103,.T.);
#2103 = EDGE_LOOP('',(#2104,#2112,#2113,#2121));
#2104 = ORIENTED_EDGE('',*,*,#2105,.F.);
#2105 = EDGE_CURVE('',#810,#2106,#2108,.T.);
#2106 = VERTEX_POINT('',#2107);
#2107 = CARTESIAN_POINT('',(9.88,-7.3,1.59));
#2108 = LINE('',#2109,#2110);
#2109 = CARTESIAN_POINT('',(-0.32,-7.3,1.59));
#2110 = VECTOR('',#2111,1.);
#2111 = DIRECTION('',(1.,0.,2.143287692327E-17));
#2112 = ORIENTED_EDGE('',*,*,#807,.F.);
#2113 = ORIENTED_EDGE('',*,*,#2114,.T.);
#2114 = EDGE_CURVE('',#808,#2115,#2117,.T.);
#2115 = VERTEX_POINT('',#2116);
#2116 = CARTESIAN_POINT('',(9.88,-7.94,1.59));
#2117 = LINE('',#2118,#2119);
#2118 = CARTESIAN_POINT('',(-0.32,-7.94,1.59));
#2119 = VECTOR('',#2120,1.);
#2120 = DIRECTION('',(1.,0.,2.143287692327E-17));
#2121 = ORIENTED_EDGE('',*,*,#2122,.F.);
#2122 = EDGE_CURVE('',#2106,#2115,#2123,.T.);
#2123 = LINE('',#2124,#2125);
#2124 = CARTESIAN_POINT('',(9.88,-7.3,1.59));
#2125 = VECTOR('',#2126,1.);
#2126 = DIRECTION('',(0.,-1.,0.));
#2127 = PLANE('',#2128);
#2128 = AXIS2_PLACEMENT_3D('',#2129,#2130,#2131);
#2129 = CARTESIAN_POINT('',(-0.32,-7.3,1.59));
#2130 = DIRECTION('',(-2.143287692327E-17,0.,1.));
#2131 = DIRECTION('',(1.,0.,2.143287692327E-17));
#2132 = ADVANCED_FACE('',(#2133),#2151,.T.);
#2133 = FACE_BOUND('',#2134,.T.);
#2134 = EDGE_LOOP('',(#2135,#2136,#2137,#2145));
#2135 = ORIENTED_EDGE('',*,*,#833,.F.);
#2136 = ORIENTED_EDGE('',*,*,#2105,.T.);
#2137 = ORIENTED_EDGE('',*,*,#2138,.T.);
#2138 = EDGE_CURVE('',#2106,#2139,#2141,.T.);
#2139 = VERTEX_POINT('',#2140);
#2140 = CARTESIAN_POINT('',(9.88,-7.3,0.95));
#2141 = LINE('',#2142,#2143);
#2142 = CARTESIAN_POINT('',(9.88,-7.3,1.59));
#2143 = VECTOR('',#2144,1.);
#2144 = DIRECTION('',(0.,0.,-1.));
#2145 = ORIENTED_EDGE('',*,*,#2146,.T.);
#2146 = EDGE_CURVE('',#2139,#826,#2147,.T.);
#2147 = LINE('',#2148,#2149);
#2148 = CARTESIAN_POINT('',(10.04,-7.3,0.95));
#2149 = VECTOR('',#2150,1.);
#2150 = DIRECTION('',(-1.,0.,0.));
#2151 = PLANE('',#2152);
#2152 = AXIS2_PLACEMENT_3D('',#2153,#2154,#2155);
#2153 = CARTESIAN_POINT('',(3.575919732441,-7.3,0.579080267559));
#2154 = DIRECTION('',(1.030170245606E-33,1.,6.630961875715E-34));
#2155 = DIRECTION('',(1.,-1.030170245606E-33,-3.284969231842E-83));
#2156 = ADVANCED_FACE('',(#2157),#2175,.T.);
#2157 = FACE_BOUND('',#2158,.T.);
#2158 = EDGE_LOOP('',(#2159,#2160,#2168,#2174));
#2159 = ORIENTED_EDGE('',*,*,#2146,.F.);
#2160 = ORIENTED_EDGE('',*,*,#2161,.T.);
#2161 = EDGE_CURVE('',#2139,#2162,#2164,.T.);
#2162 = VERTEX_POINT('',#2163);
#2163 = CARTESIAN_POINT('',(9.88,-7.94,0.95));
#2164 = LINE('',#2165,#2166);
#2165 = CARTESIAN_POINT('',(9.88,-7.3,0.95));
#2166 = VECTOR('',#2167,1.);
#2167 = DIRECTION('',(0.,-1.,0.));
#2168 = ORIENTED_EDGE('',*,*,#2169,.T.);
#2169 = EDGE_CURVE('',#2162,#818,#2170,.T.);
#2170 = LINE('',#2171,#2172);
#2171 = CARTESIAN_POINT('',(10.04,-7.94,0.95));
#2172 = VECTOR('',#2173,1.);
#2173 = DIRECTION('',(-1.,0.,0.));
#2174 = ORIENTED_EDGE('',*,*,#825,.F.);
#2175 = PLANE('',#2176);
#2176 = AXIS2_PLACEMENT_3D('',#2177,#2178,#2179);
#2177 = CARTESIAN_POINT('',(10.04,-7.3,0.95));
#2178 = DIRECTION('',(-0.,-0.,-1.));
#2179 = DIRECTION('',(-1.,0.,0.));
#2180 = ADVANCED_FACE('',(#2181),#2192,.F.);
#2181 = FACE_BOUND('',#2182,.F.);
#2182 = EDGE_LOOP('',(#2183,#2184,#2185,#2191));
#2183 = ORIENTED_EDGE('',*,*,#817,.F.);
#2184 = ORIENTED_EDGE('',*,*,#2114,.T.);
#2185 = ORIENTED_EDGE('',*,*,#2186,.T.);
#2186 = EDGE_CURVE('',#2115,#2162,#2187,.T.);
#2187 = LINE('',#2188,#2189);
#2188 = CARTESIAN_POINT('',(9.88,-7.94,1.59));
#2189 = VECTOR('',#2190,1.);
#2190 = DIRECTION('',(0.,0.,-1.));
#2191 = ORIENTED_EDGE('',*,*,#2169,.T.);
#2192 = PLANE('',#2193);
#2193 = AXIS2_PLACEMENT_3D('',#2194,#2195,#2196);
#2194 = CARTESIAN_POINT('',(3.575919732441,-7.94,0.579080267559));
#2195 = DIRECTION('',(1.030170245606E-33,1.,6.630961875715E-34));
#2196 = DIRECTION('',(1.,-1.030170245606E-33,-3.284969231842E-83));
#2197 = ADVANCED_FACE('',(#2198),#2209,.T.);
#2198 = FACE_BOUND('',#2199,.T.);
#2199 = EDGE_LOOP('',(#2200,#2206,#2207,#2208));
#2200 = ORIENTED_EDGE('',*,*,#2201,.T.);
#2201 = EDGE_CURVE('',#1234,#1314,#2202,.T.);
#2202 = LINE('',#2203,#2204);
#2203 = CARTESIAN_POINT('',(-0.32,-4.76,0.95));
#2204 = VECTOR('',#2205,1.);
#2205 = DIRECTION('',(0.,-1.,0.));
#2206 = ORIENTED_EDGE('',*,*,#1313,.T.);
#2207 = ORIENTED_EDGE('',*,*,#1363,.F.);
#2208 = ORIENTED_EDGE('',*,*,#1233,.F.);
#2209 = CYLINDRICAL_SURFACE('',#2210,0.64);
#2210 = AXIS2_PLACEMENT_3D('',#2211,#2212,#2213);
#2211 = CARTESIAN_POINT('',(0.32,-4.76,0.95));
#2212 = DIRECTION('',(0.,-1.,0.));
#2213 = DIRECTION('',(-1.,0.,0.));
#2214 = ADVANCED_FACE('',(#2215),#2226,.T.);
#2215 = FACE_BOUND('',#2216,.T.);
#2216 = EDGE_LOOP('',(#2217,#2218,#2224,#2225));
#2217 = ORIENTED_EDGE('',*,*,#1275,.F.);
#2218 = ORIENTED_EDGE('',*,*,#2219,.T.);
#2219 = EDGE_CURVE('',#1268,#1341,#2220,.T.);
#2220 = LINE('',#2221,#2222);
#2221 = CARTESIAN_POINT('',(-0.32,-4.76,-2.84));
#2222 = VECTOR('',#2223,1.);
#2223 = DIRECTION('',(0.,-1.,0.));
#2224 = ORIENTED_EDGE('',*,*,#1348,.T.);
#2225 = ORIENTED_EDGE('',*,*,#2201,.F.);
#2226 = PLANE('',#2227);
#2227 = AXIS2_PLACEMENT_3D('',#2228,#2229,#2230);
#2228 = CARTESIAN_POINT('',(-0.32,-4.76,-3.));
#2229 = DIRECTION('',(-1.,0.,0.));
#2230 = DIRECTION('',(0.,0.,1.));
#2231 = ADVANCED_FACE('',(#2232),#2257,.T.);
#2232 = FACE_BOUND('',#2233,.F.);
#2233 = EDGE_LOOP('',(#2234,#2242,#2243,#2251));
#2234 = ORIENTED_EDGE('',*,*,#2235,.T.);
#2235 = EDGE_CURVE('',#2236,#1260,#2238,.T.);
#2236 = VERTEX_POINT('',#2237);
#2237 = CARTESIAN_POINT('',(0.16,-4.92,-3.));
#2238 = LINE('',#2239,#2240);
#2239 = CARTESIAN_POINT('',(0.266666666667,-4.813333333333,
    -2.893333333333));
#2240 = VECTOR('',#2241,1.);
#2241 = DIRECTION('',(0.57735026919,0.57735026919,0.57735026919));
#2242 = ORIENTED_EDGE('',*,*,#1267,.T.);
#2243 = ORIENTED_EDGE('',*,*,#2244,.T.);
#2244 = EDGE_CURVE('',#1268,#2245,#2247,.T.);
#2245 = VERTEX_POINT('',#2246);
#2246 = CARTESIAN_POINT('',(-0.16,-4.92,-3.));
#2247 = LINE('',#2248,#2249);
#2248 = CARTESIAN_POINT('',(-0.16,-4.92,-3.));
#2249 = VECTOR('',#2250,1.);
#2250 = DIRECTION('',(0.57735026919,-0.57735026919,-0.57735026919));
#2251 = ORIENTED_EDGE('',*,*,#2252,.F.);
#2252 = EDGE_CURVE('',#2236,#2245,#2253,.T.);
#2253 = LINE('',#2254,#2255);
#2254 = CARTESIAN_POINT('',(0.32,-4.92,-3.));
#2255 = VECTOR('',#2256,1.);
#2256 = DIRECTION('',(-1.,0.,0.));
#2257 = PLANE('',#2258);
#2258 = AXIS2_PLACEMENT_3D('',#2259,#2260,#2261);
#2259 = CARTESIAN_POINT('',(0.32,-4.84,-2.92));
#2260 = DIRECTION('',(-1.735167508357E-18,0.707106781187,-0.707106781187
    ));
#2261 = DIRECTION('',(1.,1.226948711654E-18,-1.226948711654E-18));
#2262 = ADVANCED_FACE('',(#2263),#2274,.T.);
#2263 = FACE_BOUND('',#2264,.T.);
#2264 = EDGE_LOOP('',(#2265,#2266,#2267,#2268));
#2265 = ORIENTED_EDGE('',*,*,#1259,.F.);
#2266 = ORIENTED_EDGE('',*,*,#1299,.T.);
#2267 = ORIENTED_EDGE('',*,*,#1332,.T.);
#2268 = ORIENTED_EDGE('',*,*,#2269,.F.);
#2269 = EDGE_CURVE('',#1260,#1333,#2270,.T.);
#2270 = LINE('',#2271,#2272);
#2271 = CARTESIAN_POINT('',(0.32,-4.76,-2.84));
#2272 = VECTOR('',#2273,1.);
#2273 = DIRECTION('',(0.,-1.,0.));
#2274 = PLANE('',#2275);
#2275 = AXIS2_PLACEMENT_3D('',#2276,#2277,#2278);
#2276 = CARTESIAN_POINT('',(0.32,-4.76,0.95));
#2277 = DIRECTION('',(1.,0.,0.));
#2278 = DIRECTION('',(0.,0.,-1.));
#2279 = ADVANCED_FACE('',(#2280),#2305,.F.);
#2280 = FACE_BOUND('',#2281,.F.);
#2281 = EDGE_LOOP('',(#2282,#2290,#2298,#2304));
#2282 = ORIENTED_EDGE('',*,*,#2283,.F.);
#2283 = EDGE_CURVE('',#2284,#1333,#2286,.T.);
#2284 = VERTEX_POINT('',#2285);
#2285 = CARTESIAN_POINT('',(0.16,-5.24,-3.));
#2286 = LINE('',#2287,#2288);
#2287 = CARTESIAN_POINT('',(0.16,-5.24,-3.));
#2288 = VECTOR('',#2289,1.);
#2289 = DIRECTION('',(0.57735026919,-0.57735026919,0.57735026919));
#2290 = ORIENTED_EDGE('',*,*,#2291,.T.);
#2291 = EDGE_CURVE('',#2284,#2292,#2294,.T.);
#2292 = VERTEX_POINT('',#2293);
#2293 = CARTESIAN_POINT('',(-0.16,-5.24,-3.));
#2294 = LINE('',#2295,#2296);
#2295 = CARTESIAN_POINT('',(0.32,-5.24,-3.));
#2296 = VECTOR('',#2297,1.);
#2297 = DIRECTION('',(-1.,0.,0.));
#2298 = ORIENTED_EDGE('',*,*,#2299,.T.);
#2299 = EDGE_CURVE('',#2292,#1341,#2300,.T.);
#2300 = LINE('',#2301,#2302);
#2301 = CARTESIAN_POINT('',(-5.333333333333E-02,-5.133333333333,
    -3.106666666667));
#2302 = VECTOR('',#2303,1.);
#2303 = DIRECTION('',(-0.57735026919,-0.57735026919,0.57735026919));
#2304 = ORIENTED_EDGE('',*,*,#1340,.F.);
#2305 = PLANE('',#2306);
#2306 = AXIS2_PLACEMENT_3D('',#2307,#2308,#2309);
#2307 = CARTESIAN_POINT('',(0.32,-5.32,-2.92));
#2308 = DIRECTION('',(1.735167508357E-18,0.707106781187,0.707106781187)
  );
#2309 = DIRECTION('',(-1.,1.226948711654E-18,1.226948711654E-18));
#2310 = ADVANCED_FACE('',(#2311),#2322,.T.);
#2311 = FACE_BOUND('',#2312,.T.);
#2312 = EDGE_LOOP('',(#2313,#2319,#2320,#2321));
#2313 = ORIENTED_EDGE('',*,*,#2314,.T.);
#2314 = EDGE_CURVE('',#1411,#1484,#2315,.T.);
#2315 = LINE('',#2316,#2317);
#2316 = CARTESIAN_POINT('',(-0.32,-2.22,0.95));
#2317 = VECTOR('',#2318,1.);
#2318 = DIRECTION('',(0.,-1.,0.));
#2319 = ORIENTED_EDGE('',*,*,#1483,.T.);
#2320 = ORIENTED_EDGE('',*,*,#1387,.F.);
#2321 = ORIENTED_EDGE('',*,*,#1410,.F.);
#2322 = CYLINDRICAL_SURFACE('',#2323,0.64);
#2323 = AXIS2_PLACEMENT_3D('',#2324,#2325,#2326);
#2324 = CARTESIAN_POINT('',(0.32,-2.22,0.95));
#2325 = DIRECTION('',(0.,-1.,0.));
#2326 = DIRECTION('',(-1.,0.,0.));
#2327 = ADVANCED_FACE('',(#2328),#2339,.T.);
#2328 = FACE_BOUND('',#2329,.T.);
#2329 = EDGE_LOOP('',(#2330,#2331,#2337,#2338));
#2330 = ORIENTED_EDGE('',*,*,#1445,.F.);
#2331 = ORIENTED_EDGE('',*,*,#2332,.T.);
#2332 = EDGE_CURVE('',#1438,#1504,#2333,.T.);
#2333 = LINE('',#2334,#2335);
#2334 = CARTESIAN_POINT('',(-0.32,-2.22,-2.84));
#2335 = VECTOR('',#2336,1.);
#2336 = DIRECTION('',(0.,-1.,0.));
#2337 = ORIENTED_EDGE('',*,*,#1511,.T.);
#2338 = ORIENTED_EDGE('',*,*,#2314,.F.);
#2339 = PLANE('',#2340);
#2340 = AXIS2_PLACEMENT_3D('',#2341,#2342,#2343);
#2341 = CARTESIAN_POINT('',(-0.32,-2.22,-3.));
#2342 = DIRECTION('',(-1.,0.,0.));
#2343 = DIRECTION('',(0.,0.,1.));
#2344 = ADVANCED_FACE('',(#2345),#2370,.T.);
#2345 = FACE_BOUND('',#2346,.F.);
#2346 = EDGE_LOOP('',(#2347,#2355,#2356,#2364));
#2347 = ORIENTED_EDGE('',*,*,#2348,.T.);
#2348 = EDGE_CURVE('',#2349,#1430,#2351,.T.);
#2349 = VERTEX_POINT('',#2350);
#2350 = CARTESIAN_POINT('',(0.16,-2.38,-3.));
#2351 = LINE('',#2352,#2353);
#2352 = CARTESIAN_POINT('',(0.266666666667,-2.273333333333,
    -2.893333333333));
#2353 = VECTOR('',#2354,1.);
#2354 = DIRECTION('',(0.57735026919,0.57735026919,0.57735026919));
#2355 = ORIENTED_EDGE('',*,*,#1437,.T.);
#2356 = ORIENTED_EDGE('',*,*,#2357,.T.);
#2357 = EDGE_CURVE('',#1438,#2358,#2360,.T.);
#2358 = VERTEX_POINT('',#2359);
#2359 = CARTESIAN_POINT('',(-0.16,-2.38,-3.));
#2360 = LINE('',#2361,#2362);
#2361 = CARTESIAN_POINT('',(-0.16,-2.38,-3.));
#2362 = VECTOR('',#2363,1.);
#2363 = DIRECTION('',(0.57735026919,-0.57735026919,-0.57735026919));
#2364 = ORIENTED_EDGE('',*,*,#2365,.F.);
#2365 = EDGE_CURVE('',#2349,#2358,#2366,.T.);
#2366 = LINE('',#2367,#2368);
#2367 = CARTESIAN_POINT('',(0.32,-2.38,-3.));
#2368 = VECTOR('',#2369,1.);
#2369 = DIRECTION('',(-1.,0.,0.));
#2370 = PLANE('',#2371);
#2371 = AXIS2_PLACEMENT_3D('',#2372,#2373,#2374);
#2372 = CARTESIAN_POINT('',(0.32,-2.3,-2.92));
#2373 = DIRECTION('',(-1.735167508357E-18,0.707106781187,-0.707106781187
    ));
#2374 = DIRECTION('',(1.,1.226948711654E-18,-1.226948711654E-18));
#2375 = ADVANCED_FACE('',(#2376),#2387,.T.);
#2376 = FACE_BOUND('',#2377,.T.);
#2377 = EDGE_LOOP('',(#2378,#2379,#2380,#2381));
#2378 = ORIENTED_EDGE('',*,*,#1429,.F.);
#2379 = ORIENTED_EDGE('',*,*,#1469,.T.);
#2380 = ORIENTED_EDGE('',*,*,#1495,.T.);
#2381 = ORIENTED_EDGE('',*,*,#2382,.F.);
#2382 = EDGE_CURVE('',#1430,#1496,#2383,.T.);
#2383 = LINE('',#2384,#2385);
#2384 = CARTESIAN_POINT('',(0.32,-2.22,-2.84));
#2385 = VECTOR('',#2386,1.);
#2386 = DIRECTION('',(0.,-1.,0.));
#2387 = PLANE('',#2388);
#2388 = AXIS2_PLACEMENT_3D('',#2389,#2390,#2391);
#2389 = CARTESIAN_POINT('',(0.32,-2.22,0.95));
#2390 = DIRECTION('',(1.,0.,0.));
#2391 = DIRECTION('',(0.,0.,-1.));
#2392 = ADVANCED_FACE('',(#2393),#2418,.F.);
#2393 = FACE_BOUND('',#2394,.F.);
#2394 = EDGE_LOOP('',(#2395,#2403,#2411,#2417));
#2395 = ORIENTED_EDGE('',*,*,#2396,.F.);
#2396 = EDGE_CURVE('',#2397,#1496,#2399,.T.);
#2397 = VERTEX_POINT('',#2398);
#2398 = CARTESIAN_POINT('',(0.16,-2.7,-3.));
#2399 = LINE('',#2400,#2401);
#2400 = CARTESIAN_POINT('',(0.16,-2.7,-3.));
#2401 = VECTOR('',#2402,1.);
#2402 = DIRECTION('',(0.57735026919,-0.57735026919,0.57735026919));
#2403 = ORIENTED_EDGE('',*,*,#2404,.T.);
#2404 = EDGE_CURVE('',#2397,#2405,#2407,.T.);
#2405 = VERTEX_POINT('',#2406);
#2406 = CARTESIAN_POINT('',(-0.16,-2.7,-3.));
#2407 = LINE('',#2408,#2409);
#2408 = CARTESIAN_POINT('',(0.32,-2.7,-3.));
#2409 = VECTOR('',#2410,1.);
#2410 = DIRECTION('',(-1.,0.,0.));
#2411 = ORIENTED_EDGE('',*,*,#2412,.T.);
#2412 = EDGE_CURVE('',#2405,#1504,#2413,.T.);
#2413 = LINE('',#2414,#2415);
#2414 = CARTESIAN_POINT('',(-5.333333333333E-02,-2.593333333333,
    -3.106666666667));
#2415 = VECTOR('',#2416,1.);
#2416 = DIRECTION('',(-0.57735026919,-0.57735026919,0.57735026919));
#2417 = ORIENTED_EDGE('',*,*,#1503,.F.);
#2418 = PLANE('',#2419);
#2419 = AXIS2_PLACEMENT_3D('',#2420,#2421,#2422);
#2420 = CARTESIAN_POINT('',(0.32,-2.78,-2.92));
#2421 = DIRECTION('',(1.735167508357E-18,0.707106781187,0.707106781187)
  );
#2422 = DIRECTION('',(-1.,1.226948711654E-18,1.226948711654E-18));
#2423 = ADVANCED_FACE('',(#2424),#2435,.T.);
#2424 = FACE_BOUND('',#2425,.T.);
#2425 = EDGE_LOOP('',(#2426,#2432,#2433,#2434));
#2426 = ORIENTED_EDGE('',*,*,#2427,.T.);
#2427 = EDGE_CURVE('',#1557,#1630,#2428,.T.);
#2428 = LINE('',#2429,#2430);
#2429 = CARTESIAN_POINT('',(-0.32,0.32,0.95));
#2430 = VECTOR('',#2431,1.);
#2431 = DIRECTION('',(0.,-1.,0.));
#2432 = ORIENTED_EDGE('',*,*,#1629,.T.);
#2433 = ORIENTED_EDGE('',*,*,#1533,.F.);
#2434 = ORIENTED_EDGE('',*,*,#1556,.F.);
#2435 = CYLINDRICAL_SURFACE('',#2436,0.64);
#2436 = AXIS2_PLACEMENT_3D('',#2437,#2438,#2439);
#2437 = CARTESIAN_POINT('',(0.32,0.32,0.95));
#2438 = DIRECTION('',(0.,-1.,0.));
#2439 = DIRECTION('',(-1.,0.,0.));
#2440 = ADVANCED_FACE('',(#2441),#2452,.T.);
#2441 = FACE_BOUND('',#2442,.T.);
#2442 = EDGE_LOOP('',(#2443,#2444,#2450,#2451));
#2443 = ORIENTED_EDGE('',*,*,#1591,.F.);
#2444 = ORIENTED_EDGE('',*,*,#2445,.T.);
#2445 = EDGE_CURVE('',#1584,#1650,#2446,.T.);
#2446 = LINE('',#2447,#2448);
#2447 = CARTESIAN_POINT('',(-0.32,0.32,-2.84));
#2448 = VECTOR('',#2449,1.);
#2449 = DIRECTION('',(0.,-1.,0.));
#2450 = ORIENTED_EDGE('',*,*,#1657,.T.);
#2451 = ORIENTED_EDGE('',*,*,#2427,.F.);
#2452 = PLANE('',#2453);
#2453 = AXIS2_PLACEMENT_3D('',#2454,#2455,#2456);
#2454 = CARTESIAN_POINT('',(-0.32,0.32,-3.));
#2455 = DIRECTION('',(-1.,0.,0.));
#2456 = DIRECTION('',(0.,0.,1.));
#2457 = ADVANCED_FACE('',(#2458),#2483,.T.);
#2458 = FACE_BOUND('',#2459,.F.);
#2459 = EDGE_LOOP('',(#2460,#2468,#2469,#2477));
#2460 = ORIENTED_EDGE('',*,*,#2461,.T.);
#2461 = EDGE_CURVE('',#2462,#1576,#2464,.T.);
#2462 = VERTEX_POINT('',#2463);
#2463 = CARTESIAN_POINT('',(0.16,0.16,-3.));
#2464 = LINE('',#2465,#2466);
#2465 = CARTESIAN_POINT('',(0.266666666667,0.266666666667,
    -2.893333333333));
#2466 = VECTOR('',#2467,1.);
#2467 = DIRECTION('',(0.57735026919,0.57735026919,0.57735026919));
#2468 = ORIENTED_EDGE('',*,*,#1583,.T.);
#2469 = ORIENTED_EDGE('',*,*,#2470,.T.);
#2470 = EDGE_CURVE('',#1584,#2471,#2473,.T.);
#2471 = VERTEX_POINT('',#2472);
#2472 = CARTESIAN_POINT('',(-0.16,0.16,-3.));
#2473 = LINE('',#2474,#2475);
#2474 = CARTESIAN_POINT('',(-0.16,0.16,-3.));
#2475 = VECTOR('',#2476,1.);
#2476 = DIRECTION('',(0.57735026919,-0.57735026919,-0.57735026919));
#2477 = ORIENTED_EDGE('',*,*,#2478,.F.);
#2478 = EDGE_CURVE('',#2462,#2471,#2479,.T.);
#2479 = LINE('',#2480,#2481);
#2480 = CARTESIAN_POINT('',(0.32,0.16,-3.));
#2481 = VECTOR('',#2482,1.);
#2482 = DIRECTION('',(-1.,0.,0.));
#2483 = PLANE('',#2484);
#2484 = AXIS2_PLACEMENT_3D('',#2485,#2486,#2487);
#2485 = CARTESIAN_POINT('',(0.32,0.24,-2.92));
#2486 = DIRECTION('',(-1.735167508357E-18,0.707106781187,-0.707106781187
    ));
#2487 = DIRECTION('',(1.,1.226948711654E-18,-1.226948711654E-18));
#2488 = ADVANCED_FACE('',(#2489),#2500,.T.);
#2489 = FACE_BOUND('',#2490,.T.);
#2490 = EDGE_LOOP('',(#2491,#2492,#2493,#2494));
#2491 = ORIENTED_EDGE('',*,*,#1575,.F.);
#2492 = ORIENTED_EDGE('',*,*,#1615,.T.);
#2493 = ORIENTED_EDGE('',*,*,#1641,.T.);
#2494 = ORIENTED_EDGE('',*,*,#2495,.F.);
#2495 = EDGE_CURVE('',#1576,#1642,#2496,.T.);
#2496 = LINE('',#2497,#2498);
#2497 = CARTESIAN_POINT('',(0.32,0.32,-2.84));
#2498 = VECTOR('',#2499,1.);
#2499 = DIRECTION('',(0.,-1.,0.));
#2500 = PLANE('',#2501);
#2501 = AXIS2_PLACEMENT_3D('',#2502,#2503,#2504);
#2502 = CARTESIAN_POINT('',(0.32,0.32,0.95));
#2503 = DIRECTION('',(1.,0.,0.));
#2504 = DIRECTION('',(0.,0.,-1.));
#2505 = ADVANCED_FACE('',(#2506),#2531,.F.);
#2506 = FACE_BOUND('',#2507,.F.);
#2507 = EDGE_LOOP('',(#2508,#2516,#2524,#2530));
#2508 = ORIENTED_EDGE('',*,*,#2509,.F.);
#2509 = EDGE_CURVE('',#2510,#1642,#2512,.T.);
#2510 = VERTEX_POINT('',#2511);
#2511 = CARTESIAN_POINT('',(0.16,-0.16,-3.));
#2512 = LINE('',#2513,#2514);
#2513 = CARTESIAN_POINT('',(0.16,-0.16,-3.));
#2514 = VECTOR('',#2515,1.);
#2515 = DIRECTION('',(0.57735026919,-0.57735026919,0.57735026919));
#2516 = ORIENTED_EDGE('',*,*,#2517,.T.);
#2517 = EDGE_CURVE('',#2510,#2518,#2520,.T.);
#2518 = VERTEX_POINT('',#2519);
#2519 = CARTESIAN_POINT('',(-0.16,-0.16,-3.));
#2520 = LINE('',#2521,#2522);
#2521 = CARTESIAN_POINT('',(0.32,-0.16,-3.));
#2522 = VECTOR('',#2523,1.);
#2523 = DIRECTION('',(-1.,0.,0.));
#2524 = ORIENTED_EDGE('',*,*,#2525,.T.);
#2525 = EDGE_CURVE('',#2518,#1650,#2526,.T.);
#2526 = LINE('',#2527,#2528);
#2527 = CARTESIAN_POINT('',(-5.333333333333E-02,-5.333333333333E-02,
    -3.106666666667));
#2528 = VECTOR('',#2529,1.);
#2529 = DIRECTION('',(-0.57735026919,-0.57735026919,0.57735026919));
#2530 = ORIENTED_EDGE('',*,*,#1649,.F.);
#2531 = PLANE('',#2532);
#2532 = AXIS2_PLACEMENT_3D('',#2533,#2534,#2535);
#2533 = CARTESIAN_POINT('',(0.32,-0.24,-2.92));
#2534 = DIRECTION('',(1.735167508357E-18,0.707106781187,0.707106781187)
  );
#2535 = DIRECTION('',(-1.,1.226948711654E-18,1.226948711654E-18));
#2536 = ADVANCED_FACE('',(#2537),#2548,.T.);
#2537 = FACE_BOUND('',#2538,.T.);
#2538 = EDGE_LOOP('',(#2539,#2545,#2546,#2547));
#2539 = ORIENTED_EDGE('',*,*,#2540,.T.);
#2540 = EDGE_CURVE('',#1703,#1776,#2541,.T.);
#2541 = LINE('',#2542,#2543);
#2542 = CARTESIAN_POINT('',(-0.32,-7.3,0.95));
#2543 = VECTOR('',#2544,1.);
#2544 = DIRECTION('',(0.,-1.,0.));
#2545 = ORIENTED_EDGE('',*,*,#1775,.T.);
#2546 = ORIENTED_EDGE('',*,*,#1679,.F.);
#2547 = ORIENTED_EDGE('',*,*,#1702,.F.);
#2548 = CYLINDRICAL_SURFACE('',#2549,0.64);
#2549 = AXIS2_PLACEMENT_3D('',#2550,#2551,#2552);
#2550 = CARTESIAN_POINT('',(0.32,-7.3,0.95));
#2551 = DIRECTION('',(0.,-1.,0.));
#2552 = DIRECTION('',(-1.,0.,0.));
#2553 = ADVANCED_FACE('',(#2554),#2565,.T.);
#2554 = FACE_BOUND('',#2555,.T.);
#2555 = EDGE_LOOP('',(#2556,#2557,#2563,#2564));
#2556 = ORIENTED_EDGE('',*,*,#1737,.F.);
#2557 = ORIENTED_EDGE('',*,*,#2558,.T.);
#2558 = EDGE_CURVE('',#1730,#1796,#2559,.T.);
#2559 = LINE('',#2560,#2561);
#2560 = CARTESIAN_POINT('',(-0.32,-7.3,-2.84));
#2561 = VECTOR('',#2562,1.);
#2562 = DIRECTION('',(0.,-1.,0.));
#2563 = ORIENTED_EDGE('',*,*,#1803,.T.);
#2564 = ORIENTED_EDGE('',*,*,#2540,.F.);
#2565 = PLANE('',#2566);
#2566 = AXIS2_PLACEMENT_3D('',#2567,#2568,#2569);
#2567 = CARTESIAN_POINT('',(-0.32,-7.3,-3.));
#2568 = DIRECTION('',(-1.,0.,0.));
#2569 = DIRECTION('',(0.,0.,1.));
#2570 = ADVANCED_FACE('',(#2571),#2596,.T.);
#2571 = FACE_BOUND('',#2572,.F.);
#2572 = EDGE_LOOP('',(#2573,#2581,#2582,#2590));
#2573 = ORIENTED_EDGE('',*,*,#2574,.T.);
#2574 = EDGE_CURVE('',#2575,#1722,#2577,.T.);
#2575 = VERTEX_POINT('',#2576);
#2576 = CARTESIAN_POINT('',(0.16,-7.46,-3.));
#2577 = LINE('',#2578,#2579);
#2578 = CARTESIAN_POINT('',(0.266666666667,-7.353333333333,
    -2.893333333333));
#2579 = VECTOR('',#2580,1.);
#2580 = DIRECTION('',(0.57735026919,0.57735026919,0.57735026919));
#2581 = ORIENTED_EDGE('',*,*,#1729,.T.);
#2582 = ORIENTED_EDGE('',*,*,#2583,.T.);
#2583 = EDGE_CURVE('',#1730,#2584,#2586,.T.);
#2584 = VERTEX_POINT('',#2585);
#2585 = CARTESIAN_POINT('',(-0.16,-7.46,-3.));
#2586 = LINE('',#2587,#2588);
#2587 = CARTESIAN_POINT('',(-0.16,-7.46,-3.));
#2588 = VECTOR('',#2589,1.);
#2589 = DIRECTION('',(0.57735026919,-0.57735026919,-0.57735026919));
#2590 = ORIENTED_EDGE('',*,*,#2591,.F.);
#2591 = EDGE_CURVE('',#2575,#2584,#2592,.T.);
#2592 = LINE('',#2593,#2594);
#2593 = CARTESIAN_POINT('',(0.32,-7.46,-3.));
#2594 = VECTOR('',#2595,1.);
#2595 = DIRECTION('',(-1.,0.,0.));
#2596 = PLANE('',#2597);
#2597 = AXIS2_PLACEMENT_3D('',#2598,#2599,#2600);
#2598 = CARTESIAN_POINT('',(0.32,-7.38,-2.92));
#2599 = DIRECTION('',(-1.735167508357E-18,0.707106781187,-0.707106781187
    ));
#2600 = DIRECTION('',(1.,1.226948711654E-18,-1.226948711654E-18));
#2601 = ADVANCED_FACE('',(#2602),#2613,.T.);
#2602 = FACE_BOUND('',#2603,.T.);
#2603 = EDGE_LOOP('',(#2604,#2605,#2606,#2607));
#2604 = ORIENTED_EDGE('',*,*,#1721,.F.);
#2605 = ORIENTED_EDGE('',*,*,#1761,.T.);
#2606 = ORIENTED_EDGE('',*,*,#1787,.T.);
#2607 = ORIENTED_EDGE('',*,*,#2608,.F.);
#2608 = EDGE_CURVE('',#1722,#1788,#2609,.T.);
#2609 = LINE('',#2610,#2611);
#2610 = CARTESIAN_POINT('',(0.32,-7.3,-2.84));
#2611 = VECTOR('',#2612,1.);
#2612 = DIRECTION('',(0.,-1.,0.));
#2613 = PLANE('',#2614);
#2614 = AXIS2_PLACEMENT_3D('',#2615,#2616,#2617);
#2615 = CARTESIAN_POINT('',(0.32,-7.3,0.95));
#2616 = DIRECTION('',(1.,0.,0.));
#2617 = DIRECTION('',(0.,0.,-1.));
#2618 = ADVANCED_FACE('',(#2619),#2644,.F.);
#2619 = FACE_BOUND('',#2620,.F.);
#2620 = EDGE_LOOP('',(#2621,#2629,#2637,#2643));
#2621 = ORIENTED_EDGE('',*,*,#2622,.F.);
#2622 = EDGE_CURVE('',#2623,#1788,#2625,.T.);
#2623 = VERTEX_POINT('',#2624);
#2624 = CARTESIAN_POINT('',(0.16,-7.78,-3.));
#2625 = LINE('',#2626,#2627);
#2626 = CARTESIAN_POINT('',(0.16,-7.78,-3.));
#2627 = VECTOR('',#2628,1.);
#2628 = DIRECTION('',(0.57735026919,-0.57735026919,0.57735026919));
#2629 = ORIENTED_EDGE('',*,*,#2630,.T.);
#2630 = EDGE_CURVE('',#2623,#2631,#2633,.T.);
#2631 = VERTEX_POINT('',#2632);
#2632 = CARTESIAN_POINT('',(-0.16,-7.78,-3.));
#2633 = LINE('',#2634,#2635);
#2634 = CARTESIAN_POINT('',(0.32,-7.78,-3.));
#2635 = VECTOR('',#2636,1.);
#2636 = DIRECTION('',(-1.,0.,0.));
#2637 = ORIENTED_EDGE('',*,*,#2638,.T.);
#2638 = EDGE_CURVE('',#2631,#1796,#2639,.T.);
#2639 = LINE('',#2640,#2641);
#2640 = CARTESIAN_POINT('',(-5.333333333333E-02,-7.673333333333,
    -3.106666666667));
#2641 = VECTOR('',#2642,1.);
#2642 = DIRECTION('',(-0.57735026919,-0.57735026919,0.57735026919));
#2643 = ORIENTED_EDGE('',*,*,#1795,.F.);
#2644 = PLANE('',#2645);
#2645 = AXIS2_PLACEMENT_3D('',#2646,#2647,#2648);
#2646 = CARTESIAN_POINT('',(0.32,-7.86,-2.92));
#2647 = DIRECTION('',(1.735167508357E-18,0.707106781187,0.707106781187)
  );
#2648 = DIRECTION('',(-1.,1.226948711654E-18,1.226948711654E-18));
#2649 = ADVANCED_FACE('',(#2650),#2675,.T.);
#2650 = FACE_BOUND('',#2651,.F.);
#2651 = EDGE_LOOP('',(#2652,#2660,#2661,#2669));
#2652 = ORIENTED_EDGE('',*,*,#2653,.F.);
#2653 = EDGE_CURVE('',#1819,#2654,#2656,.T.);
#2654 = VERTEX_POINT('',#2655);
#2655 = CARTESIAN_POINT('',(10.04,-4.92,1.43));
#2656 = LINE('',#2657,#2658);
#2657 = CARTESIAN_POINT('',(9.933333333333,-4.813333333333,
    1.536666666667));
#2658 = VECTOR('',#2659,1.);
#2659 = DIRECTION('',(0.57735026919,-0.57735026919,-0.57735026919));
#2660 = ORIENTED_EDGE('',*,*,#1826,.T.);
#2661 = ORIENTED_EDGE('',*,*,#2662,.T.);
#2662 = EDGE_CURVE('',#1827,#2663,#2665,.T.);
#2663 = VERTEX_POINT('',#2664);
#2664 = CARTESIAN_POINT('',(10.04,-4.92,1.11));
#2665 = LINE('',#2666,#2667);
#2666 = CARTESIAN_POINT('',(10.04,-4.92,1.11));
#2667 = VECTOR('',#2668,1.);
#2668 = DIRECTION('',(0.57735026919,-0.57735026919,0.57735026919));
#2669 = ORIENTED_EDGE('',*,*,#2670,.F.);
#2670 = EDGE_CURVE('',#2654,#2663,#2671,.T.);
#2671 = LINE('',#2672,#2673);
#2672 = CARTESIAN_POINT('',(10.04,-4.92,1.59));
#2673 = VECTOR('',#2674,1.);
#2674 = DIRECTION('',(0.,0.,-1.));
#2675 = PLANE('',#2676);
#2676 = AXIS2_PLACEMENT_3D('',#2677,#2678,#2679);
#2677 = CARTESIAN_POINT('',(9.96,-4.84,1.59));
#2678 = DIRECTION('',(0.707106781187,0.707106781187,-1.735167508357E-18)
  );
#2679 = DIRECTION('',(1.226948711654E-18,1.226948711654E-18,1.));
#2680 = ADVANCED_FACE('',(#2681),#2699,.T.);
#2681 = FACE_BOUND('',#2682,.F.);
#2682 = EDGE_LOOP('',(#2683,#2684,#2685,#2693));
#2683 = ORIENTED_EDGE('',*,*,#2662,.F.);
#2684 = ORIENTED_EDGE('',*,*,#1849,.T.);
#2685 = ORIENTED_EDGE('',*,*,#2686,.T.);
#2686 = EDGE_CURVE('',#1850,#2687,#2689,.T.);
#2687 = VERTEX_POINT('',#2688);
#2688 = CARTESIAN_POINT('',(10.04,-5.24,1.11));
#2689 = LINE('',#2690,#2691);
#2690 = CARTESIAN_POINT('',(10.146666666667,-5.133333333333,
    1.216666666667));
#2691 = VECTOR('',#2692,1.);
#2692 = DIRECTION('',(0.57735026919,0.57735026919,0.57735026919));
#2693 = ORIENTED_EDGE('',*,*,#2694,.F.);
#2694 = EDGE_CURVE('',#2663,#2687,#2695,.T.);
#2695 = LINE('',#2696,#2697);
#2696 = CARTESIAN_POINT('',(10.04,-4.76,1.11));
#2697 = VECTOR('',#2698,1.);
#2698 = DIRECTION('',(0.,-1.,0.));
#2699 = PLANE('',#2700);
#2700 = AXIS2_PLACEMENT_3D('',#2701,#2702,#2703);
#2701 = CARTESIAN_POINT('',(9.96,-4.76,1.03));
#2702 = DIRECTION('',(0.707106781187,0.,-0.707106781187));
#2703 = DIRECTION('',(0.,1.,0.));
#2704 = ADVANCED_FACE('',(#2705),#2723,.F.);
#2705 = FACE_BOUND('',#2706,.T.);
#2706 = EDGE_LOOP('',(#2707,#2715,#2716,#2717));
#2707 = ORIENTED_EDGE('',*,*,#2708,.F.);
#2708 = EDGE_CURVE('',#1874,#2709,#2711,.T.);
#2709 = VERTEX_POINT('',#2710);
#2710 = CARTESIAN_POINT('',(10.04,-5.24,1.43));
#2711 = LINE('',#2712,#2713);
#2712 = CARTESIAN_POINT('',(10.04,-5.24,1.43));
#2713 = VECTOR('',#2714,1.);
#2714 = DIRECTION('',(0.57735026919,0.57735026919,-0.57735026919));
#2715 = ORIENTED_EDGE('',*,*,#1881,.T.);
#2716 = ORIENTED_EDGE('',*,*,#2686,.T.);
#2717 = ORIENTED_EDGE('',*,*,#2718,.F.);
#2718 = EDGE_CURVE('',#2709,#2687,#2719,.T.);
#2719 = LINE('',#2720,#2721);
#2720 = CARTESIAN_POINT('',(10.04,-5.24,1.59));
#2721 = VECTOR('',#2722,1.);
#2722 = DIRECTION('',(0.,0.,-1.));
#2723 = PLANE('',#2724);
#2724 = AXIS2_PLACEMENT_3D('',#2725,#2726,#2727);
#2725 = CARTESIAN_POINT('',(9.96,-5.32,1.59));
#2726 = DIRECTION('',(-0.707106781187,0.707106781187,1.735167508357E-18)
  );
#2727 = DIRECTION('',(1.226948711654E-18,-1.226948711654E-18,1.));
#2728 = ADVANCED_FACE('',(#2729),#2740,.T.);
#2729 = FACE_BOUND('',#2730,.T.);
#2730 = EDGE_LOOP('',(#2731,#2732,#2733,#2734));
#2731 = ORIENTED_EDGE('',*,*,#2653,.F.);
#2732 = ORIENTED_EDGE('',*,*,#1899,.T.);
#2733 = ORIENTED_EDGE('',*,*,#2708,.T.);
#2734 = ORIENTED_EDGE('',*,*,#2735,.F.);
#2735 = EDGE_CURVE('',#2654,#2709,#2736,.T.);
#2736 = LINE('',#2737,#2738);
#2737 = CARTESIAN_POINT('',(10.04,-4.76,1.43));
#2738 = VECTOR('',#2739,1.);
#2739 = DIRECTION('',(0.,-1.,0.));
#2740 = PLANE('',#2741);
#2741 = AXIS2_PLACEMENT_3D('',#2742,#2743,#2744);
#2742 = CARTESIAN_POINT('',(9.96,-4.76,1.51));
#2743 = DIRECTION('',(0.707106781187,-1.735167508357E-18,0.707106781187)
  );
#2744 = DIRECTION('',(-1.226948711654E-18,-1.,-1.226948711654E-18));
#2745 = ADVANCED_FACE('',(#2746),#2771,.T.);
#2746 = FACE_BOUND('',#2747,.T.);
#2747 = EDGE_LOOP('',(#2748,#2756,#2757,#2765));
#2748 = ORIENTED_EDGE('',*,*,#2749,.F.);
#2749 = EDGE_CURVE('',#1914,#2750,#2752,.T.);
#2750 = VERTEX_POINT('',#2751);
#2751 = CARTESIAN_POINT('',(10.04,-2.38,1.43));
#2752 = LINE('',#2753,#2754);
#2753 = CARTESIAN_POINT('',(9.933333333333,-2.273333333333,
    1.536666666667));
#2754 = VECTOR('',#2755,1.);
#2755 = DIRECTION('',(0.57735026919,-0.57735026919,-0.57735026919));
#2756 = ORIENTED_EDGE('',*,*,#1930,.T.);
#2757 = ORIENTED_EDGE('',*,*,#2758,.T.);
#2758 = EDGE_CURVE('',#1923,#2759,#2761,.T.);
#2759 = VERTEX_POINT('',#2760);
#2760 = CARTESIAN_POINT('',(10.04,-2.7,1.43));
#2761 = LINE('',#2762,#2763);
#2762 = CARTESIAN_POINT('',(10.04,-2.7,1.43));
#2763 = VECTOR('',#2764,1.);
#2764 = DIRECTION('',(0.57735026919,0.57735026919,-0.57735026919));
#2765 = ORIENTED_EDGE('',*,*,#2766,.F.);
#2766 = EDGE_CURVE('',#2750,#2759,#2767,.T.);
#2767 = LINE('',#2768,#2769);
#2768 = CARTESIAN_POINT('',(10.04,-2.22,1.43));
#2769 = VECTOR('',#2770,1.);
#2770 = DIRECTION('',(0.,-1.,0.));
#2771 = PLANE('',#2772);
#2772 = AXIS2_PLACEMENT_3D('',#2773,#2774,#2775);
#2773 = CARTESIAN_POINT('',(9.96,-2.22,1.51));
#2774 = DIRECTION('',(0.707106781187,-1.735167508357E-18,0.707106781187)
  );
#2775 = DIRECTION('',(-1.226948711654E-18,-1.,-1.226948711654E-18));
#2776 = ADVANCED_FACE('',(#2777),#2795,.T.);
#2777 = FACE_BOUND('',#2778,.F.);
#2778 = EDGE_LOOP('',(#2779,#2780,#2781,#2789));
#2779 = ORIENTED_EDGE('',*,*,#2749,.F.);
#2780 = ORIENTED_EDGE('',*,*,#1946,.T.);
#2781 = ORIENTED_EDGE('',*,*,#2782,.T.);
#2782 = EDGE_CURVE('',#1947,#2783,#2785,.T.);
#2783 = VERTEX_POINT('',#2784);
#2784 = CARTESIAN_POINT('',(10.04,-2.38,1.11));
#2785 = LINE('',#2786,#2787);
#2786 = CARTESIAN_POINT('',(10.04,-2.38,1.11));
#2787 = VECTOR('',#2788,1.);
#2788 = DIRECTION('',(0.57735026919,-0.57735026919,0.57735026919));
#2789 = ORIENTED_EDGE('',*,*,#2790,.F.);
#2790 = EDGE_CURVE('',#2750,#2783,#2791,.T.);
#2791 = LINE('',#2792,#2793);
#2792 = CARTESIAN_POINT('',(10.04,-2.38,1.59));
#2793 = VECTOR('',#2794,1.);
#2794 = DIRECTION('',(0.,0.,-1.));
#2795 = PLANE('',#2796);
#2796 = AXIS2_PLACEMENT_3D('',#2797,#2798,#2799);
#2797 = CARTESIAN_POINT('',(9.96,-2.3,1.59));
#2798 = DIRECTION('',(0.707106781187,0.707106781187,-1.735167508357E-18)
  );
#2799 = DIRECTION('',(1.226948711654E-18,1.226948711654E-18,1.));
#2800 = ADVANCED_FACE('',(#2801),#2819,.T.);
#2801 = FACE_BOUND('',#2802,.F.);
#2802 = EDGE_LOOP('',(#2803,#2804,#2805,#2813));
#2803 = ORIENTED_EDGE('',*,*,#2782,.F.);
#2804 = ORIENTED_EDGE('',*,*,#1969,.T.);
#2805 = ORIENTED_EDGE('',*,*,#2806,.T.);
#2806 = EDGE_CURVE('',#1970,#2807,#2809,.T.);
#2807 = VERTEX_POINT('',#2808);
#2808 = CARTESIAN_POINT('',(10.04,-2.7,1.11));
#2809 = LINE('',#2810,#2811);
#2810 = CARTESIAN_POINT('',(10.146666666667,-2.593333333333,
    1.216666666667));
#2811 = VECTOR('',#2812,1.);
#2812 = DIRECTION('',(0.57735026919,0.57735026919,0.57735026919));
#2813 = ORIENTED_EDGE('',*,*,#2814,.F.);
#2814 = EDGE_CURVE('',#2783,#2807,#2815,.T.);
#2815 = LINE('',#2816,#2817);
#2816 = CARTESIAN_POINT('',(10.04,-2.22,1.11));
#2817 = VECTOR('',#2818,1.);
#2818 = DIRECTION('',(0.,-1.,0.));
#2819 = PLANE('',#2820);
#2820 = AXIS2_PLACEMENT_3D('',#2821,#2822,#2823);
#2821 = CARTESIAN_POINT('',(9.96,-2.22,1.03));
#2822 = DIRECTION('',(0.707106781187,0.,-0.707106781187));
#2823 = DIRECTION('',(0.,1.,0.));
#2824 = ADVANCED_FACE('',(#2825),#2836,.F.);
#2825 = FACE_BOUND('',#2826,.T.);
#2826 = EDGE_LOOP('',(#2827,#2828,#2829,#2830));
#2827 = ORIENTED_EDGE('',*,*,#2758,.F.);
#2828 = ORIENTED_EDGE('',*,*,#1994,.T.);
#2829 = ORIENTED_EDGE('',*,*,#2806,.T.);
#2830 = ORIENTED_EDGE('',*,*,#2831,.F.);
#2831 = EDGE_CURVE('',#2759,#2807,#2832,.T.);
#2832 = LINE('',#2833,#2834);
#2833 = CARTESIAN_POINT('',(10.04,-2.7,1.59));
#2834 = VECTOR('',#2835,1.);
#2835 = DIRECTION('',(0.,0.,-1.));
#2836 = PLANE('',#2837);
#2837 = AXIS2_PLACEMENT_3D('',#2838,#2839,#2840);
#2838 = CARTESIAN_POINT('',(9.96,-2.78,1.59));
#2839 = DIRECTION('',(-0.707106781187,0.707106781187,1.735167508357E-18)
  );
#2840 = DIRECTION('',(1.226948711654E-18,-1.226948711654E-18,1.));
#2841 = ADVANCED_FACE('',(#2842),#2867,.T.);
#2842 = FACE_BOUND('',#2843,.T.);
#2843 = EDGE_LOOP('',(#2844,#2852,#2853,#2861));
#2844 = ORIENTED_EDGE('',*,*,#2845,.F.);
#2845 = EDGE_CURVE('',#2010,#2846,#2848,.T.);
#2846 = VERTEX_POINT('',#2847);
#2847 = CARTESIAN_POINT('',(10.04,0.16,1.43));
#2848 = LINE('',#2849,#2850);
#2849 = CARTESIAN_POINT('',(9.933333333333,0.266666666667,1.536666666667
    ));
#2850 = VECTOR('',#2851,1.);
#2851 = DIRECTION('',(0.57735026919,-0.57735026919,-0.57735026919));
#2852 = ORIENTED_EDGE('',*,*,#2026,.T.);
#2853 = ORIENTED_EDGE('',*,*,#2854,.T.);
#2854 = EDGE_CURVE('',#2019,#2855,#2857,.T.);
#2855 = VERTEX_POINT('',#2856);
#2856 = CARTESIAN_POINT('',(10.04,-0.16,1.43));
#2857 = LINE('',#2858,#2859);
#2858 = CARTESIAN_POINT('',(10.04,-0.16,1.43));
#2859 = VECTOR('',#2860,1.);
#2860 = DIRECTION('',(0.57735026919,0.57735026919,-0.57735026919));
#2861 = ORIENTED_EDGE('',*,*,#2862,.F.);
#2862 = EDGE_CURVE('',#2846,#2855,#2863,.T.);
#2863 = LINE('',#2864,#2865);
#2864 = CARTESIAN_POINT('',(10.04,0.32,1.43));
#2865 = VECTOR('',#2866,1.);
#2866 = DIRECTION('',(0.,-1.,0.));
#2867 = PLANE('',#2868);
#2868 = AXIS2_PLACEMENT_3D('',#2869,#2870,#2871);
#2869 = CARTESIAN_POINT('',(9.96,0.32,1.51));
#2870 = DIRECTION('',(0.707106781187,-1.735167508357E-18,0.707106781187)
  );
#2871 = DIRECTION('',(-1.226948711654E-18,-1.,-1.226948711654E-18));
#2872 = ADVANCED_FACE('',(#2873),#2891,.T.);
#2873 = FACE_BOUND('',#2874,.F.);
#2874 = EDGE_LOOP('',(#2875,#2876,#2877,#2885));
#2875 = ORIENTED_EDGE('',*,*,#2845,.F.);
#2876 = ORIENTED_EDGE('',*,*,#2042,.T.);
#2877 = ORIENTED_EDGE('',*,*,#2878,.T.);
#2878 = EDGE_CURVE('',#2043,#2879,#2881,.T.);
#2879 = VERTEX_POINT('',#2880);
#2880 = CARTESIAN_POINT('',(10.04,0.16,1.11));
#2881 = LINE('',#2882,#2883);
#2882 = CARTESIAN_POINT('',(10.04,0.16,1.11));
#2883 = VECTOR('',#2884,1.);
#2884 = DIRECTION('',(0.57735026919,-0.57735026919,0.57735026919));
#2885 = ORIENTED_EDGE('',*,*,#2886,.F.);
#2886 = EDGE_CURVE('',#2846,#2879,#2887,.T.);
#2887 = LINE('',#2888,#2889);
#2888 = CARTESIAN_POINT('',(10.04,0.16,1.59));
#2889 = VECTOR('',#2890,1.);
#2890 = DIRECTION('',(0.,0.,-1.));
#2891 = PLANE('',#2892);
#2892 = AXIS2_PLACEMENT_3D('',#2893,#2894,#2895);
#2893 = CARTESIAN_POINT('',(9.96,0.24,1.59));
#2894 = DIRECTION('',(0.707106781187,0.707106781187,-1.735167508357E-18)
  );
#2895 = DIRECTION('',(1.226948711654E-18,1.226948711654E-18,1.));
#2896 = ADVANCED_FACE('',(#2897),#2915,.T.);
#2897 = FACE_BOUND('',#2898,.F.);
#2898 = EDGE_LOOP('',(#2899,#2900,#2901,#2909));
#2899 = ORIENTED_EDGE('',*,*,#2878,.F.);
#2900 = ORIENTED_EDGE('',*,*,#2065,.T.);
#2901 = ORIENTED_EDGE('',*,*,#2902,.T.);
#2902 = EDGE_CURVE('',#2066,#2903,#2905,.T.);
#2903 = VERTEX_POINT('',#2904);
#2904 = CARTESIAN_POINT('',(10.04,-0.16,1.11));
#2905 = LINE('',#2906,#2907);
#2906 = CARTESIAN_POINT('',(10.146666666667,-5.333333333333E-02,
    1.216666666667));
#2907 = VECTOR('',#2908,1.);
#2908 = DIRECTION('',(0.57735026919,0.57735026919,0.57735026919));
#2909 = ORIENTED_EDGE('',*,*,#2910,.F.);
#2910 = EDGE_CURVE('',#2879,#2903,#2911,.T.);
#2911 = LINE('',#2912,#2913);
#2912 = CARTESIAN_POINT('',(10.04,0.32,1.11));
#2913 = VECTOR('',#2914,1.);
#2914 = DIRECTION('',(0.,-1.,0.));
#2915 = PLANE('',#2916);
#2916 = AXIS2_PLACEMENT_3D('',#2917,#2918,#2919);
#2917 = CARTESIAN_POINT('',(9.96,0.32,1.03));
#2918 = DIRECTION('',(0.707106781187,0.,-0.707106781187));
#2919 = DIRECTION('',(0.,1.,0.));
#2920 = ADVANCED_FACE('',(#2921),#2932,.F.);
#2921 = FACE_BOUND('',#2922,.T.);
#2922 = EDGE_LOOP('',(#2923,#2924,#2925,#2926));
#2923 = ORIENTED_EDGE('',*,*,#2854,.F.);
#2924 = ORIENTED_EDGE('',*,*,#2090,.T.);
#2925 = ORIENTED_EDGE('',*,*,#2902,.T.);
#2926 = ORIENTED_EDGE('',*,*,#2927,.F.);
#2927 = EDGE_CURVE('',#2855,#2903,#2928,.T.);
#2928 = LINE('',#2929,#2930);
#2929 = CARTESIAN_POINT('',(10.04,-0.16,1.59));
#2930 = VECTOR('',#2931,1.);
#2931 = DIRECTION('',(0.,0.,-1.));
#2932 = PLANE('',#2933);
#2933 = AXIS2_PLACEMENT_3D('',#2934,#2935,#2936);
#2934 = CARTESIAN_POINT('',(9.96,-0.24,1.59));
#2935 = DIRECTION('',(-0.707106781187,0.707106781187,1.735167508357E-18)
  );
#2936 = DIRECTION('',(1.226948711654E-18,-1.226948711654E-18,1.));
#2937 = ADVANCED_FACE('',(#2938),#2963,.T.);
#2938 = FACE_BOUND('',#2939,.T.);
#2939 = EDGE_LOOP('',(#2940,#2948,#2949,#2957));
#2940 = ORIENTED_EDGE('',*,*,#2941,.F.);
#2941 = EDGE_CURVE('',#2106,#2942,#2944,.T.);
#2942 = VERTEX_POINT('',#2943);
#2943 = CARTESIAN_POINT('',(10.04,-7.46,1.43));
#2944 = LINE('',#2945,#2946);
#2945 = CARTESIAN_POINT('',(9.933333333333,-7.353333333333,
    1.536666666667));
#2946 = VECTOR('',#2947,1.);
#2947 = DIRECTION('',(0.57735026919,-0.57735026919,-0.57735026919));
#2948 = ORIENTED_EDGE('',*,*,#2122,.T.);
#2949 = ORIENTED_EDGE('',*,*,#2950,.T.);
#2950 = EDGE_CURVE('',#2115,#2951,#2953,.T.);
#2951 = VERTEX_POINT('',#2952);
#2952 = CARTESIAN_POINT('',(10.04,-7.78,1.43));
#2953 = LINE('',#2954,#2955);
#2954 = CARTESIAN_POINT('',(10.04,-7.78,1.43));
#2955 = VECTOR('',#2956,1.);
#2956 = DIRECTION('',(0.57735026919,0.57735026919,-0.57735026919));
#2957 = ORIENTED_EDGE('',*,*,#2958,.F.);
#2958 = EDGE_CURVE('',#2942,#2951,#2959,.T.);
#2959 = LINE('',#2960,#2961);
#2960 = CARTESIAN_POINT('',(10.04,-7.3,1.43));
#2961 = VECTOR('',#2962,1.);
#2962 = DIRECTION('',(0.,-1.,0.));
#2963 = PLANE('',#2964);
#2964 = AXIS2_PLACEMENT_3D('',#2965,#2966,#2967);
#2965 = CARTESIAN_POINT('',(9.96,-7.3,1.51));
#2966 = DIRECTION('',(0.707106781187,-1.735167508357E-18,0.707106781187)
  );
#2967 = DIRECTION('',(-1.226948711654E-18,-1.,-1.226948711654E-18));
#2968 = ADVANCED_FACE('',(#2969),#2987,.T.);
#2969 = FACE_BOUND('',#2970,.F.);
#2970 = EDGE_LOOP('',(#2971,#2972,#2973,#2981));
#2971 = ORIENTED_EDGE('',*,*,#2941,.F.);
#2972 = ORIENTED_EDGE('',*,*,#2138,.T.);
#2973 = ORIENTED_EDGE('',*,*,#2974,.T.);
#2974 = EDGE_CURVE('',#2139,#2975,#2977,.T.);
#2975 = VERTEX_POINT('',#2976);
#2976 = CARTESIAN_POINT('',(10.04,-7.46,1.11));
#2977 = LINE('',#2978,#2979);
#2978 = CARTESIAN_POINT('',(10.04,-7.46,1.11));
#2979 = VECTOR('',#2980,1.);
#2980 = DIRECTION('',(0.57735026919,-0.57735026919,0.57735026919));
#2981 = ORIENTED_EDGE('',*,*,#2982,.F.);
#2982 = EDGE_CURVE('',#2942,#2975,#2983,.T.);
#2983 = LINE('',#2984,#2985);
#2984 = CARTESIAN_POINT('',(10.04,-7.46,1.59));
#2985 = VECTOR('',#2986,1.);
#2986 = DIRECTION('',(0.,0.,-1.));
#2987 = PLANE('',#2988);
#2988 = AXIS2_PLACEMENT_3D('',#2989,#2990,#2991);
#2989 = CARTESIAN_POINT('',(9.96,-7.38,1.59));
#2990 = DIRECTION('',(0.707106781187,0.707106781187,-1.735167508357E-18)
  );
#2991 = DIRECTION('',(1.226948711654E-18,1.226948711654E-18,1.));
#2992 = ADVANCED_FACE('',(#2993),#3011,.T.);
#2993 = FACE_BOUND('',#2994,.F.);
#2994 = EDGE_LOOP('',(#2995,#2996,#2997,#3005));
#2995 = ORIENTED_EDGE('',*,*,#2974,.F.);
#2996 = ORIENTED_EDGE('',*,*,#2161,.T.);
#2997 = ORIENTED_EDGE('',*,*,#2998,.T.);
#2998 = EDGE_CURVE('',#2162,#2999,#3001,.T.);
#2999 = VERTEX_POINT('',#3000);
#3000 = CARTESIAN_POINT('',(10.04,-7.78,1.11));
#3001 = LINE('',#3002,#3003);
#3002 = CARTESIAN_POINT('',(10.146666666667,-7.673333333333,
    1.216666666667));
#3003 = VECTOR('',#3004,1.);
#3004 = DIRECTION('',(0.57735026919,0.57735026919,0.57735026919));
#3005 = ORIENTED_EDGE('',*,*,#3006,.F.);
#3006 = EDGE_CURVE('',#2975,#2999,#3007,.T.);
#3007 = LINE('',#3008,#3009);
#3008 = CARTESIAN_POINT('',(10.04,-7.3,1.11));
#3009 = VECTOR('',#3010,1.);
#3010 = DIRECTION('',(0.,-1.,0.));
#3011 = PLANE('',#3012);
#3012 = AXIS2_PLACEMENT_3D('',#3013,#3014,#3015);
#3013 = CARTESIAN_POINT('',(9.96,-7.3,1.03));
#3014 = DIRECTION('',(0.707106781187,0.,-0.707106781187));
#3015 = DIRECTION('',(0.,1.,0.));
#3016 = ADVANCED_FACE('',(#3017),#3028,.F.);
#3017 = FACE_BOUND('',#3018,.T.);
#3018 = EDGE_LOOP('',(#3019,#3020,#3021,#3022));
#3019 = ORIENTED_EDGE('',*,*,#2950,.F.);
#3020 = ORIENTED_EDGE('',*,*,#2186,.T.);
#3021 = ORIENTED_EDGE('',*,*,#2998,.T.);
#3022 = ORIENTED_EDGE('',*,*,#3023,.F.);
#3023 = EDGE_CURVE('',#2951,#2999,#3024,.T.);
#3024 = LINE('',#3025,#3026);
#3025 = CARTESIAN_POINT('',(10.04,-7.78,1.59));
#3026 = VECTOR('',#3027,1.);
#3027 = DIRECTION('',(0.,0.,-1.));
#3028 = PLANE('',#3029);
#3029 = AXIS2_PLACEMENT_3D('',#3030,#3031,#3032);
#3030 = CARTESIAN_POINT('',(9.96,-7.86,1.59));
#3031 = DIRECTION('',(-0.707106781187,0.707106781187,1.735167508357E-18)
  );
#3032 = DIRECTION('',(1.226948711654E-18,-1.226948711654E-18,1.));
#3033 = ADVANCED_FACE('',(#3034),#3045,.T.);
#3034 = FACE_BOUND('',#3035,.F.);
#3035 = EDGE_LOOP('',(#3036,#3037,#3038,#3039));
#3036 = ORIENTED_EDGE('',*,*,#2244,.F.);
#3037 = ORIENTED_EDGE('',*,*,#2219,.T.);
#3038 = ORIENTED_EDGE('',*,*,#2299,.F.);
#3039 = ORIENTED_EDGE('',*,*,#3040,.F.);
#3040 = EDGE_CURVE('',#2245,#2292,#3041,.T.);
#3041 = LINE('',#3042,#3043);
#3042 = CARTESIAN_POINT('',(-0.16,-4.76,-3.));
#3043 = VECTOR('',#3044,1.);
#3044 = DIRECTION('',(0.,-1.,0.));
#3045 = PLANE('',#3046);
#3046 = AXIS2_PLACEMENT_3D('',#3047,#3048,#3049);
#3047 = CARTESIAN_POINT('',(-0.24,-4.76,-2.92));
#3048 = DIRECTION('',(-0.707106781187,-1.735167508357E-18,
    -0.707106781187));
#3049 = DIRECTION('',(-1.226948711654E-18,1.,-1.226948711654E-18));
#3050 = ADVANCED_FACE('',(#3051),#3062,.T.);
#3051 = FACE_BOUND('',#3052,.F.);
#3052 = EDGE_LOOP('',(#3053,#3054,#3060,#3061));
#3053 = ORIENTED_EDGE('',*,*,#2235,.F.);
#3054 = ORIENTED_EDGE('',*,*,#3055,.T.);
#3055 = EDGE_CURVE('',#2236,#2284,#3056,.T.);
#3056 = LINE('',#3057,#3058);
#3057 = CARTESIAN_POINT('',(0.16,-4.76,-3.));
#3058 = VECTOR('',#3059,1.);
#3059 = DIRECTION('',(0.,-1.,0.));
#3060 = ORIENTED_EDGE('',*,*,#2283,.T.);
#3061 = ORIENTED_EDGE('',*,*,#2269,.F.);
#3062 = PLANE('',#3063);
#3063 = AXIS2_PLACEMENT_3D('',#3064,#3065,#3066);
#3064 = CARTESIAN_POINT('',(0.24,-4.76,-2.92));
#3065 = DIRECTION('',(0.707106781187,1.735167508357E-18,-0.707106781187)
  );
#3066 = DIRECTION('',(-1.226948711654E-18,1.,1.226948711654E-18));
#3067 = ADVANCED_FACE('',(#3068),#3074,.T.);
#3068 = FACE_BOUND('',#3069,.T.);
#3069 = EDGE_LOOP('',(#3070,#3071,#3072,#3073));
#3070 = ORIENTED_EDGE('',*,*,#3055,.T.);
#3071 = ORIENTED_EDGE('',*,*,#2291,.T.);
#3072 = ORIENTED_EDGE('',*,*,#3040,.F.);
#3073 = ORIENTED_EDGE('',*,*,#2252,.F.);
#3074 = PLANE('',#3075);
#3075 = AXIS2_PLACEMENT_3D('',#3076,#3077,#3078);
#3076 = CARTESIAN_POINT('',(0.32,-4.76,-3.));
#3077 = DIRECTION('',(-0.,-0.,-1.));
#3078 = DIRECTION('',(-1.,0.,0.));
#3079 = ADVANCED_FACE('',(#3080),#3091,.T.);
#3080 = FACE_BOUND('',#3081,.F.);
#3081 = EDGE_LOOP('',(#3082,#3083,#3084,#3085));
#3082 = ORIENTED_EDGE('',*,*,#2357,.F.);
#3083 = ORIENTED_EDGE('',*,*,#2332,.T.);
#3084 = ORIENTED_EDGE('',*,*,#2412,.F.);
#3085 = ORIENTED_EDGE('',*,*,#3086,.F.);
#3086 = EDGE_CURVE('',#2358,#2405,#3087,.T.);
#3087 = LINE('',#3088,#3089);
#3088 = CARTESIAN_POINT('',(-0.16,-2.22,-3.));
#3089 = VECTOR('',#3090,1.);
#3090 = DIRECTION('',(0.,-1.,0.));
#3091 = PLANE('',#3092);
#3092 = AXIS2_PLACEMENT_3D('',#3093,#3094,#3095);
#3093 = CARTESIAN_POINT('',(-0.24,-2.22,-2.92));
#3094 = DIRECTION('',(-0.707106781187,-1.735167508357E-18,
    -0.707106781187));
#3095 = DIRECTION('',(-1.226948711654E-18,1.,-1.226948711654E-18));
#3096 = ADVANCED_FACE('',(#3097),#3108,.T.);
#3097 = FACE_BOUND('',#3098,.F.);
#3098 = EDGE_LOOP('',(#3099,#3100,#3106,#3107));
#3099 = ORIENTED_EDGE('',*,*,#2348,.F.);
#3100 = ORIENTED_EDGE('',*,*,#3101,.T.);
#3101 = EDGE_CURVE('',#2349,#2397,#3102,.T.);
#3102 = LINE('',#3103,#3104);
#3103 = CARTESIAN_POINT('',(0.16,-2.22,-3.));
#3104 = VECTOR('',#3105,1.);
#3105 = DIRECTION('',(0.,-1.,0.));
#3106 = ORIENTED_EDGE('',*,*,#2396,.T.);
#3107 = ORIENTED_EDGE('',*,*,#2382,.F.);
#3108 = PLANE('',#3109);
#3109 = AXIS2_PLACEMENT_3D('',#3110,#3111,#3112);
#3110 = CARTESIAN_POINT('',(0.24,-2.22,-2.92));
#3111 = DIRECTION('',(0.707106781187,1.735167508357E-18,-0.707106781187)
  );
#3112 = DIRECTION('',(-1.226948711654E-18,1.,1.226948711654E-18));
#3113 = ADVANCED_FACE('',(#3114),#3120,.T.);
#3114 = FACE_BOUND('',#3115,.T.);
#3115 = EDGE_LOOP('',(#3116,#3117,#3118,#3119));
#3116 = ORIENTED_EDGE('',*,*,#3101,.T.);
#3117 = ORIENTED_EDGE('',*,*,#2404,.T.);
#3118 = ORIENTED_EDGE('',*,*,#3086,.F.);
#3119 = ORIENTED_EDGE('',*,*,#2365,.F.);
#3120 = PLANE('',#3121);
#3121 = AXIS2_PLACEMENT_3D('',#3122,#3123,#3124);
#3122 = CARTESIAN_POINT('',(0.32,-2.22,-3.));
#3123 = DIRECTION('',(-0.,-0.,-1.));
#3124 = DIRECTION('',(-1.,0.,0.));
#3125 = ADVANCED_FACE('',(#3126),#3137,.T.);
#3126 = FACE_BOUND('',#3127,.F.);
#3127 = EDGE_LOOP('',(#3128,#3129,#3130,#3131));
#3128 = ORIENTED_EDGE('',*,*,#2470,.F.);
#3129 = ORIENTED_EDGE('',*,*,#2445,.T.);
#3130 = ORIENTED_EDGE('',*,*,#2525,.F.);
#3131 = ORIENTED_EDGE('',*,*,#3132,.F.);
#3132 = EDGE_CURVE('',#2471,#2518,#3133,.T.);
#3133 = LINE('',#3134,#3135);
#3134 = CARTESIAN_POINT('',(-0.16,0.32,-3.));
#3135 = VECTOR('',#3136,1.);
#3136 = DIRECTION('',(0.,-1.,0.));
#3137 = PLANE('',#3138);
#3138 = AXIS2_PLACEMENT_3D('',#3139,#3140,#3141);
#3139 = CARTESIAN_POINT('',(-0.24,0.32,-2.92));
#3140 = DIRECTION('',(-0.707106781187,-1.735167508357E-18,
    -0.707106781187));
#3141 = DIRECTION('',(-1.226948711654E-18,1.,-1.226948711654E-18));
#3142 = ADVANCED_FACE('',(#3143),#3154,.T.);
#3143 = FACE_BOUND('',#3144,.F.);
#3144 = EDGE_LOOP('',(#3145,#3146,#3152,#3153));
#3145 = ORIENTED_EDGE('',*,*,#2461,.F.);
#3146 = ORIENTED_EDGE('',*,*,#3147,.T.);
#3147 = EDGE_CURVE('',#2462,#2510,#3148,.T.);
#3148 = LINE('',#3149,#3150);
#3149 = CARTESIAN_POINT('',(0.16,0.32,-3.));
#3150 = VECTOR('',#3151,1.);
#3151 = DIRECTION('',(0.,-1.,0.));
#3152 = ORIENTED_EDGE('',*,*,#2509,.T.);
#3153 = ORIENTED_EDGE('',*,*,#2495,.F.);
#3154 = PLANE('',#3155);
#3155 = AXIS2_PLACEMENT_3D('',#3156,#3157,#3158);
#3156 = CARTESIAN_POINT('',(0.24,0.32,-2.92));
#3157 = DIRECTION('',(0.707106781187,1.735167508357E-18,-0.707106781187)
  );
#3158 = DIRECTION('',(-1.226948711654E-18,1.,1.226948711654E-18));
#3159 = ADVANCED_FACE('',(#3160),#3166,.T.);
#3160 = FACE_BOUND('',#3161,.T.);
#3161 = EDGE_LOOP('',(#3162,#3163,#3164,#3165));
#3162 = ORIENTED_EDGE('',*,*,#3147,.T.);
#3163 = ORIENTED_EDGE('',*,*,#2517,.T.);
#3164 = ORIENTED_EDGE('',*,*,#3132,.F.);
#3165 = ORIENTED_EDGE('',*,*,#2478,.F.);
#3166 = PLANE('',#3167);
#3167 = AXIS2_PLACEMENT_3D('',#3168,#3169,#3170);
#3168 = CARTESIAN_POINT('',(0.32,0.32,-3.));
#3169 = DIRECTION('',(-0.,-0.,-1.));
#3170 = DIRECTION('',(-1.,0.,0.));
#3171 = ADVANCED_FACE('',(#3172),#3183,.T.);
#3172 = FACE_BOUND('',#3173,.F.);
#3173 = EDGE_LOOP('',(#3174,#3175,#3176,#3177));
#3174 = ORIENTED_EDGE('',*,*,#2583,.F.);
#3175 = ORIENTED_EDGE('',*,*,#2558,.T.);
#3176 = ORIENTED_EDGE('',*,*,#2638,.F.);
#3177 = ORIENTED_EDGE('',*,*,#3178,.F.);
#3178 = EDGE_CURVE('',#2584,#2631,#3179,.T.);
#3179 = LINE('',#3180,#3181);
#3180 = CARTESIAN_POINT('',(-0.16,-7.3,-3.));
#3181 = VECTOR('',#3182,1.);
#3182 = DIRECTION('',(0.,-1.,0.));
#3183 = PLANE('',#3184);
#3184 = AXIS2_PLACEMENT_3D('',#3185,#3186,#3187);
#3185 = CARTESIAN_POINT('',(-0.24,-7.3,-2.92));
#3186 = DIRECTION('',(-0.707106781187,-1.735167508357E-18,
    -0.707106781187));
#3187 = DIRECTION('',(-1.226948711654E-18,1.,-1.226948711654E-18));
#3188 = ADVANCED_FACE('',(#3189),#3200,.T.);
#3189 = FACE_BOUND('',#3190,.F.);
#3190 = EDGE_LOOP('',(#3191,#3192,#3198,#3199));
#3191 = ORIENTED_EDGE('',*,*,#2574,.F.);
#3192 = ORIENTED_EDGE('',*,*,#3193,.T.);
#3193 = EDGE_CURVE('',#2575,#2623,#3194,.T.);
#3194 = LINE('',#3195,#3196);
#3195 = CARTESIAN_POINT('',(0.16,-7.3,-3.));
#3196 = VECTOR('',#3197,1.);
#3197 = DIRECTION('',(0.,-1.,0.));
#3198 = ORIENTED_EDGE('',*,*,#2622,.T.);
#3199 = ORIENTED_EDGE('',*,*,#2608,.F.);
#3200 = PLANE('',#3201);
#3201 = AXIS2_PLACEMENT_3D('',#3202,#3203,#3204);
#3202 = CARTESIAN_POINT('',(0.24,-7.3,-2.92));
#3203 = DIRECTION('',(0.707106781187,1.735167508357E-18,-0.707106781187)
  );
#3204 = DIRECTION('',(-1.226948711654E-18,1.,1.226948711654E-18));
#3205 = ADVANCED_FACE('',(#3206),#3212,.T.);
#3206 = FACE_BOUND('',#3207,.T.);
#3207 = EDGE_LOOP('',(#3208,#3209,#3210,#3211));
#3208 = ORIENTED_EDGE('',*,*,#3193,.T.);
#3209 = ORIENTED_EDGE('',*,*,#2630,.T.);
#3210 = ORIENTED_EDGE('',*,*,#3178,.F.);
#3211 = ORIENTED_EDGE('',*,*,#2591,.F.);
#3212 = PLANE('',#3213);
#3213 = AXIS2_PLACEMENT_3D('',#3214,#3215,#3216);
#3214 = CARTESIAN_POINT('',(0.32,-7.3,-3.));
#3215 = DIRECTION('',(-0.,-0.,-1.));
#3216 = DIRECTION('',(-1.,0.,0.));
#3217 = ADVANCED_FACE('',(#3218),#3224,.T.);
#3218 = FACE_BOUND('',#3219,.T.);
#3219 = EDGE_LOOP('',(#3220,#3221,#3222,#3223));
#3220 = ORIENTED_EDGE('',*,*,#2670,.F.);
#3221 = ORIENTED_EDGE('',*,*,#2735,.T.);
#3222 = ORIENTED_EDGE('',*,*,#2718,.T.);
#3223 = ORIENTED_EDGE('',*,*,#2694,.F.);
#3224 = PLANE('',#3225);
#3225 = AXIS2_PLACEMENT_3D('',#3226,#3227,#3228);
#3226 = CARTESIAN_POINT('',(10.04,-4.76,1.59));
#3227 = DIRECTION('',(1.,0.,0.));
#3228 = DIRECTION('',(0.,0.,-1.));
#3229 = ADVANCED_FACE('',(#3230),#3236,.T.);
#3230 = FACE_BOUND('',#3231,.T.);
#3231 = EDGE_LOOP('',(#3232,#3233,#3234,#3235));
#3232 = ORIENTED_EDGE('',*,*,#2790,.F.);
#3233 = ORIENTED_EDGE('',*,*,#2766,.T.);
#3234 = ORIENTED_EDGE('',*,*,#2831,.T.);
#3235 = ORIENTED_EDGE('',*,*,#2814,.F.);
#3236 = PLANE('',#3237);
#3237 = AXIS2_PLACEMENT_3D('',#3238,#3239,#3240);
#3238 = CARTESIAN_POINT('',(10.04,-2.22,1.59));
#3239 = DIRECTION('',(1.,0.,0.));
#3240 = DIRECTION('',(0.,0.,-1.));
#3241 = ADVANCED_FACE('',(#3242),#3248,.T.);
#3242 = FACE_BOUND('',#3243,.T.);
#3243 = EDGE_LOOP('',(#3244,#3245,#3246,#3247));
#3244 = ORIENTED_EDGE('',*,*,#2886,.F.);
#3245 = ORIENTED_EDGE('',*,*,#2862,.T.);
#3246 = ORIENTED_EDGE('',*,*,#2927,.T.);
#3247 = ORIENTED_EDGE('',*,*,#2910,.F.);
#3248 = PLANE('',#3249);
#3249 = AXIS2_PLACEMENT_3D('',#3250,#3251,#3252);
#3250 = CARTESIAN_POINT('',(10.04,0.32,1.59));
#3251 = DIRECTION('',(1.,0.,0.));
#3252 = DIRECTION('',(0.,0.,-1.));
#3253 = ADVANCED_FACE('',(#3254),#3260,.T.);
#3254 = FACE_BOUND('',#3255,.T.);
#3255 = EDGE_LOOP('',(#3256,#3257,#3258,#3259));
#3256 = ORIENTED_EDGE('',*,*,#2982,.F.);
#3257 = ORIENTED_EDGE('',*,*,#2958,.T.);
#3258 = ORIENTED_EDGE('',*,*,#3023,.T.);
#3259 = ORIENTED_EDGE('',*,*,#3006,.F.);
#3260 = PLANE('',#3261);
#3261 = AXIS2_PLACEMENT_3D('',#3262,#3263,#3264);
#3262 = CARTESIAN_POINT('',(10.04,-7.3,1.59));
#3263 = DIRECTION('',(1.,0.,0.));
#3264 = DIRECTION('',(0.,0.,-1.));
#3265 = ( GEOMETRIC_REPRESENTATION_CONTEXT(3) 
GLOBAL_UNCERTAINTY_ASSIGNED_CONTEXT((#3269)) 
GLOBAL_UNIT_ASSIGNED_CONTEXT((#3266,#3267,#3268)) REPRESENTATION_CONTEXT
('Context #1','3D Context with UNIT and UNCERTAINTY') );
#3266 = ( LENGTH_UNIT() NAMED_UNIT(*) SI_UNIT(.MILLI.,.METRE.) );
#3267 = ( NAMED_UNIT(*) PLANE_ANGLE_UNIT() SI_UNIT($,.RADIAN.) );
#3268 = ( NAMED_UNIT(*) SI_UNIT($,.STERADIAN.) SOLID_ANGLE_UNIT() );
#3269 = UNCERTAINTY_MEASURE_WITH_UNIT(LENGTH_MEASURE(1.E-07),#3266,
  'distance_accuracy_value','confusion accuracy');
#3270 = CONTEXT_DEPENDENT_SHAPE_REPRESENTATION(#3271,#3273);
#3271 = ( REPRESENTATION_RELATIONSHIP('','',#80,#10) 
REPRESENTATION_RELATIONSHIP_WITH_TRANSFORMATION(#3272) 
SHAPE_REPRESENTATION_RELATIONSHIP() );
#3272 = ITEM_DEFINED_TRANSFORMATION('','',#11,#15);
#3273 = PRODUCT_DEFINITION_SHAPE('Placement','Placement of an item',
  #3274);
#3274 = NEXT_ASSEMBLY_USAGE_OCCURRENCE('1','J5','',#5,#75,$);
#3275 = PRODUCT_RELATED_PRODUCT_CATEGORY('part',$,(#77));
#3276 = SHAPE_DEFINITION_REPRESENTATION(#3277,#3283);
#3277 = PRODUCT_DEFINITION_SHAPE('','',#3278);
#3278 = PRODUCT_DEFINITION('design','',#3279,#3282);
#3279 = PRODUCT_DEFINITION_FORMATION('','',#3280);
#3280 = PRODUCT('R_0805_2012Metric','R_0805_2012Metric','',(#3281));
#3281 = PRODUCT_CONTEXT('',#2,'mechanical');
#3282 = PRODUCT_DEFINITION_CONTEXT('part definition',#2,'design');
#3283 = ADVANCED_BREP_SHAPE_REPRESENTATION('',(#11,#3284),#4074);
#3284 = MANIFOLD_SOLID_BREP('',#3285);
#3285 = CLOSED_SHELL('',(#3286,#3326,#3409,#3434,#3459,#3526,#3543,#3560
    ,#3609,#3626,#3643,#3692,#3709,#3778,#3809,#3833,#3902,#3926,#3943,
    #3960,#3977,#3994,#4011,#4028,#4045,#4062));
#3286 = ADVANCED_FACE('',(#3287),#3321,.F.);
#3287 = FACE_BOUND('',#3288,.F.);
#3288 = EDGE_LOOP('',(#3289,#3299,#3307,#3315));
#3289 = ORIENTED_EDGE('',*,*,#3290,.F.);
#3290 = EDGE_CURVE('',#3291,#3293,#3295,.T.);
#3291 = VERTEX_POINT('',#3292);
#3292 = CARTESIAN_POINT('',(-1.,-0.6,4.5E-02));
#3293 = VERTEX_POINT('',#3294);
#3294 = CARTESIAN_POINT('',(-1.,-0.6,0.405));
#3295 = LINE('',#3296,#3297);
#3296 = CARTESIAN_POINT('',(-1.,-0.6,0.));
#3297 = VECTOR('',#3298,1.);
#3298 = DIRECTION('',(0.,0.,1.));
#3299 = ORIENTED_EDGE('',*,*,#3300,.T.);
#3300 = EDGE_CURVE('',#3291,#3301,#3303,.T.);
#3301 = VERTEX_POINT('',#3302);
#3302 = CARTESIAN_POINT('',(-1.,0.6,4.5E-02));
#3303 = LINE('',#3304,#3305);
#3304 = CARTESIAN_POINT('',(-1.,-0.6,4.5E-02));
#3305 = VECTOR('',#3306,1.);
#3306 = DIRECTION('',(0.,1.,0.));
#3307 = ORIENTED_EDGE('',*,*,#3308,.T.);
#3308 = EDGE_CURVE('',#3301,#3309,#3311,.T.);
#3309 = VERTEX_POINT('',#3310);
#3310 = CARTESIAN_POINT('',(-1.,0.6,0.405));
#3311 = LINE('',#3312,#3313);
#3312 = CARTESIAN_POINT('',(-1.,0.6,0.));
#3313 = VECTOR('',#3314,1.);
#3314 = DIRECTION('',(0.,0.,1.));
#3315 = ORIENTED_EDGE('',*,*,#3316,.F.);
#3316 = EDGE_CURVE('',#3293,#3309,#3317,.T.);
#3317 = LINE('',#3318,#3319);
#3318 = CARTESIAN_POINT('',(-1.,-0.6,0.405));
#3319 = VECTOR('',#3320,1.);
#3320 = DIRECTION('',(0.,1.,0.));
#3321 = PLANE('',#3322);
#3322 = AXIS2_PLACEMENT_3D('',#3323,#3324,#3325);
#3323 = CARTESIAN_POINT('',(-1.,-0.6,0.));
#3324 = DIRECTION('',(1.,0.,0.));
#3325 = DIRECTION('',(0.,0.,1.));
#3326 = ADVANCED_FACE('',(#3327),#3404,.F.);
#3327 = FACE_BOUND('',#3328,.F.);
#3328 = EDGE_LOOP('',(#3329,#3339,#3346,#3347,#3356,#3364,#3373,#3381,
    #3389,#3397));
#3329 = ORIENTED_EDGE('',*,*,#3330,.F.);
#3330 = EDGE_CURVE('',#3331,#3333,#3335,.T.);
#3331 = VERTEX_POINT('',#3332);
#3332 = CARTESIAN_POINT('',(-0.955,-0.6,-2.775557561563E-17));
#3333 = VERTEX_POINT('',#3334);
#3334 = CARTESIAN_POINT('',(-0.745,-0.6,-2.775557561563E-17));
#3335 = LINE('',#3336,#3337);
#3336 = CARTESIAN_POINT('',(-1.,-0.6,0.));
#3337 = VECTOR('',#3338,1.);
#3338 = DIRECTION('',(1.,0.,0.));
#3339 = ORIENTED_EDGE('',*,*,#3340,.F.);
#3340 = EDGE_CURVE('',#3291,#3331,#3341,.T.);
#3341 = CIRCLE('',#3342,4.5E-02);
#3342 = AXIS2_PLACEMENT_3D('',#3343,#3344,#3345);
#3343 = CARTESIAN_POINT('',(-0.955,-0.6,4.5E-02));
#3344 = DIRECTION('',(0.,-1.,0.));
#3345 = DIRECTION('',(0.,0.,1.));
#3346 = ORIENTED_EDGE('',*,*,#3290,.T.);
#3347 = ORIENTED_EDGE('',*,*,#3348,.T.);
#3348 = EDGE_CURVE('',#3293,#3349,#3351,.T.);
#3349 = VERTEX_POINT('',#3350);
#3350 = CARTESIAN_POINT('',(-0.955,-0.6,0.45));
#3351 = CIRCLE('',#3352,4.5E-02);
#3352 = AXIS2_PLACEMENT_3D('',#3353,#3354,#3355);
#3353 = CARTESIAN_POINT('',(-0.955,-0.6,0.405));
#3354 = DIRECTION('',(0.,1.,0.));
#3355 = DIRECTION('',(0.,-0.,1.));
#3356 = ORIENTED_EDGE('',*,*,#3357,.T.);
#3357 = EDGE_CURVE('',#3349,#3358,#3360,.T.);
#3358 = VERTEX_POINT('',#3359);
#3359 = CARTESIAN_POINT('',(-0.745,-0.6,0.45));
#3360 = LINE('',#3361,#3362);
#3361 = CARTESIAN_POINT('',(-1.,-0.6,0.45));
#3362 = VECTOR('',#3363,1.);
#3363 = DIRECTION('',(1.,0.,0.));
#3364 = ORIENTED_EDGE('',*,*,#3365,.F.);
#3365 = EDGE_CURVE('',#3366,#3358,#3368,.T.);
#3366 = VERTEX_POINT('',#3367);
#3367 = CARTESIAN_POINT('',(-0.7,-0.6,0.405));
#3368 = CIRCLE('',#3369,4.5E-02);
#3369 = AXIS2_PLACEMENT_3D('',#3370,#3371,#3372);
#3370 = CARTESIAN_POINT('',(-0.745,-0.6,0.405));
#3371 = DIRECTION('',(0.,-1.,0.));
#3372 = DIRECTION('',(0.,0.,1.));
#3373 = ORIENTED_EDGE('',*,*,#3374,.F.);
#3374 = EDGE_CURVE('',#3375,#3366,#3377,.T.);
#3375 = VERTEX_POINT('',#3376);
#3376 = CARTESIAN_POINT('',(-0.955,-0.6,0.405));
#3377 = LINE('',#3378,#3379);
#3378 = CARTESIAN_POINT('',(-0.955,-0.6,0.405));
#3379 = VECTOR('',#3380,1.);
#3380 = DIRECTION('',(1.,0.,0.));
#3381 = ORIENTED_EDGE('',*,*,#3382,.F.);
#3382 = EDGE_CURVE('',#3383,#3375,#3385,.T.);
#3383 = VERTEX_POINT('',#3384);
#3384 = CARTESIAN_POINT('',(-0.955,-0.6,4.5E-02));
#3385 = LINE('',#3386,#3387);
#3386 = CARTESIAN_POINT('',(-0.955,-0.6,4.5E-02));
#3387 = VECTOR('',#3388,1.);
#3388 = DIRECTION('',(0.,0.,1.));
#3389 = ORIENTED_EDGE('',*,*,#3390,.T.);
#3390 = EDGE_CURVE('',#3383,#3391,#3393,.T.);
#3391 = VERTEX_POINT('',#3392);
#3392 = CARTESIAN_POINT('',(-0.7,-0.6,4.5E-02));
#3393 = LINE('',#3394,#3395);
#3394 = CARTESIAN_POINT('',(-0.955,-0.6,4.5E-02));
#3395 = VECTOR('',#3396,1.);
#3396 = DIRECTION('',(1.,0.,0.));
#3397 = ORIENTED_EDGE('',*,*,#3398,.T.);
#3398 = EDGE_CURVE('',#3391,#3333,#3399,.T.);
#3399 = CIRCLE('',#3400,4.5E-02);
#3400 = AXIS2_PLACEMENT_3D('',#3401,#3402,#3403);
#3401 = CARTESIAN_POINT('',(-0.745,-0.6,4.5E-02));
#3402 = DIRECTION('',(0.,1.,0.));
#3403 = DIRECTION('',(0.,-0.,1.));
#3404 = PLANE('',#3405);
#3405 = AXIS2_PLACEMENT_3D('',#3406,#3407,#3408);
#3406 = CARTESIAN_POINT('',(-1.,-0.6,0.));
#3407 = DIRECTION('',(0.,1.,0.));
#3408 = DIRECTION('',(0.,-0.,1.));
#3409 = ADVANCED_FACE('',(#3410),#3429,.T.);
#3410 = FACE_BOUND('',#3411,.T.);
#3411 = EDGE_LOOP('',(#3412,#3413,#3422,#3428));
#3412 = ORIENTED_EDGE('',*,*,#3300,.T.);
#3413 = ORIENTED_EDGE('',*,*,#3414,.T.);
#3414 = EDGE_CURVE('',#3301,#3415,#3417,.T.);
#3415 = VERTEX_POINT('',#3416);
#3416 = CARTESIAN_POINT('',(-0.955,0.6,-2.775557561563E-17));
#3417 = CIRCLE('',#3418,4.5E-02);
#3418 = AXIS2_PLACEMENT_3D('',#3419,#3420,#3421);
#3419 = CARTESIAN_POINT('',(-0.955,0.6,4.5E-02));
#3420 = DIRECTION('',(0.,-1.,0.));
#3421 = DIRECTION('',(0.,0.,1.));
#3422 = ORIENTED_EDGE('',*,*,#3423,.F.);
#3423 = EDGE_CURVE('',#3331,#3415,#3424,.T.);
#3424 = LINE('',#3425,#3426);
#3425 = CARTESIAN_POINT('',(-0.955,-0.6,-2.775557561563E-17));
#3426 = VECTOR('',#3427,1.);
#3427 = DIRECTION('',(0.,1.,0.));
#3428 = ORIENTED_EDGE('',*,*,#3340,.F.);
#3429 = CYLINDRICAL_SURFACE('',#3430,4.5E-02);
#3430 = AXIS2_PLACEMENT_3D('',#3431,#3432,#3433);
#3431 = CARTESIAN_POINT('',(-0.955,-0.6,4.5E-02));
#3432 = DIRECTION('',(0.,1.,0.));
#3433 = DIRECTION('',(-1.,0.,0.));
#3434 = ADVANCED_FACE('',(#3435),#3454,.T.);
#3435 = FACE_BOUND('',#3436,.T.);
#3436 = EDGE_LOOP('',(#3437,#3438,#3446,#3453));
#3437 = ORIENTED_EDGE('',*,*,#3348,.T.);
#3438 = ORIENTED_EDGE('',*,*,#3439,.T.);
#3439 = EDGE_CURVE('',#3349,#3440,#3442,.T.);
#3440 = VERTEX_POINT('',#3441);
#3441 = CARTESIAN_POINT('',(-0.955,0.6,0.45));
#3442 = LINE('',#3443,#3444);
#3443 = CARTESIAN_POINT('',(-0.955,-0.6,0.45));
#3444 = VECTOR('',#3445,1.);
#3445 = DIRECTION('',(0.,1.,0.));
#3446 = ORIENTED_EDGE('',*,*,#3447,.F.);
#3447 = EDGE_CURVE('',#3309,#3440,#3448,.T.);
#3448 = CIRCLE('',#3449,4.5E-02);
#3449 = AXIS2_PLACEMENT_3D('',#3450,#3451,#3452);
#3450 = CARTESIAN_POINT('',(-0.955,0.6,0.405));
#3451 = DIRECTION('',(0.,1.,0.));
#3452 = DIRECTION('',(0.,-0.,1.));
#3453 = ORIENTED_EDGE('',*,*,#3316,.F.);
#3454 = CYLINDRICAL_SURFACE('',#3455,4.5E-02);
#3455 = AXIS2_PLACEMENT_3D('',#3456,#3457,#3458);
#3456 = CARTESIAN_POINT('',(-0.955,-0.6,0.405));
#3457 = DIRECTION('',(0.,1.,0.));
#3458 = DIRECTION('',(-1.,0.,0.));
#3459 = ADVANCED_FACE('',(#3460),#3521,.T.);
#3460 = FACE_BOUND('',#3461,.T.);
#3461 = EDGE_LOOP('',(#3462,#3470,#3471,#3472,#3473,#3481,#3490,#3498,
    #3506,#3514));
#3462 = ORIENTED_EDGE('',*,*,#3463,.F.);
#3463 = EDGE_CURVE('',#3415,#3464,#3466,.T.);
#3464 = VERTEX_POINT('',#3465);
#3465 = CARTESIAN_POINT('',(-0.745,0.6,-2.775557561563E-17));
#3466 = LINE('',#3467,#3468);
#3467 = CARTESIAN_POINT('',(-1.,0.6,0.));
#3468 = VECTOR('',#3469,1.);
#3469 = DIRECTION('',(1.,0.,0.));
#3470 = ORIENTED_EDGE('',*,*,#3414,.F.);
#3471 = ORIENTED_EDGE('',*,*,#3308,.T.);
#3472 = ORIENTED_EDGE('',*,*,#3447,.T.);
#3473 = ORIENTED_EDGE('',*,*,#3474,.T.);
#3474 = EDGE_CURVE('',#3440,#3475,#3477,.T.);
#3475 = VERTEX_POINT('',#3476);
#3476 = CARTESIAN_POINT('',(-0.745,0.6,0.45));
#3477 = LINE('',#3478,#3479);
#3478 = CARTESIAN_POINT('',(-1.,0.6,0.45));
#3479 = VECTOR('',#3480,1.);
#3480 = DIRECTION('',(1.,0.,0.));
#3481 = ORIENTED_EDGE('',*,*,#3482,.F.);
#3482 = EDGE_CURVE('',#3483,#3475,#3485,.T.);
#3483 = VERTEX_POINT('',#3484);
#3484 = CARTESIAN_POINT('',(-0.7,0.6,0.405));
#3485 = CIRCLE('',#3486,4.5E-02);
#3486 = AXIS2_PLACEMENT_3D('',#3487,#3488,#3489);
#3487 = CARTESIAN_POINT('',(-0.745,0.6,0.405));
#3488 = DIRECTION('',(0.,-1.,0.));
#3489 = DIRECTION('',(0.,0.,1.));
#3490 = ORIENTED_EDGE('',*,*,#3491,.F.);
#3491 = EDGE_CURVE('',#3492,#3483,#3494,.T.);
#3492 = VERTEX_POINT('',#3493);
#3493 = CARTESIAN_POINT('',(-0.955,0.6,0.405));
#3494 = LINE('',#3495,#3496);
#3495 = CARTESIAN_POINT('',(-0.955,0.6,0.405));
#3496 = VECTOR('',#3497,1.);
#3497 = DIRECTION('',(1.,0.,0.));
#3498 = ORIENTED_EDGE('',*,*,#3499,.F.);
#3499 = EDGE_CURVE('',#3500,#3492,#3502,.T.);
#3500 = VERTEX_POINT('',#3501);
#3501 = CARTESIAN_POINT('',(-0.955,0.6,4.5E-02));
#3502 = LINE('',#3503,#3504);
#3503 = CARTESIAN_POINT('',(-0.955,0.6,4.5E-02));
#3504 = VECTOR('',#3505,1.);
#3505 = DIRECTION('',(0.,0.,1.));
#3506 = ORIENTED_EDGE('',*,*,#3507,.T.);
#3507 = EDGE_CURVE('',#3500,#3508,#3510,.T.);
#3508 = VERTEX_POINT('',#3509);
#3509 = CARTESIAN_POINT('',(-0.7,0.6,4.5E-02));
#3510 = LINE('',#3511,#3512);
#3511 = CARTESIAN_POINT('',(-0.955,0.6,4.5E-02));
#3512 = VECTOR('',#3513,1.);
#3513 = DIRECTION('',(1.,0.,0.));
#3514 = ORIENTED_EDGE('',*,*,#3515,.T.);
#3515 = EDGE_CURVE('',#3508,#3464,#3516,.T.);
#3516 = CIRCLE('',#3517,4.5E-02);
#3517 = AXIS2_PLACEMENT_3D('',#3518,#3519,#3520);
#3518 = CARTESIAN_POINT('',(-0.745,0.6,4.5E-02));
#3519 = DIRECTION('',(0.,1.,0.));
#3520 = DIRECTION('',(0.,-0.,1.));
#3521 = PLANE('',#3522);
#3522 = AXIS2_PLACEMENT_3D('',#3523,#3524,#3525);
#3523 = CARTESIAN_POINT('',(-1.,0.6,0.));
#3524 = DIRECTION('',(0.,1.,0.));
#3525 = DIRECTION('',(0.,-0.,1.));
#3526 = ADVANCED_FACE('',(#3527),#3538,.F.);
#3527 = FACE_BOUND('',#3528,.F.);
#3528 = EDGE_LOOP('',(#3529,#3530,#3531,#3532));
#3529 = ORIENTED_EDGE('',*,*,#3463,.F.);
#3530 = ORIENTED_EDGE('',*,*,#3423,.F.);
#3531 = ORIENTED_EDGE('',*,*,#3330,.T.);
#3532 = ORIENTED_EDGE('',*,*,#3533,.T.);
#3533 = EDGE_CURVE('',#3333,#3464,#3534,.T.);
#3534 = LINE('',#3535,#3536);
#3535 = CARTESIAN_POINT('',(-0.745,-0.6,-2.775557561563E-17));
#3536 = VECTOR('',#3537,1.);
#3537 = DIRECTION('',(0.,1.,0.));
#3538 = PLANE('',#3539);
#3539 = AXIS2_PLACEMENT_3D('',#3540,#3541,#3542);
#3540 = CARTESIAN_POINT('',(-1.,-0.6,0.));
#3541 = DIRECTION('',(0.,0.,1.));
#3542 = DIRECTION('',(1.,0.,-0.));
#3543 = ADVANCED_FACE('',(#3544),#3555,.T.);
#3544 = FACE_BOUND('',#3545,.T.);
#3545 = EDGE_LOOP('',(#3546,#3547,#3548,#3549));
#3546 = ORIENTED_EDGE('',*,*,#3398,.T.);
#3547 = ORIENTED_EDGE('',*,*,#3533,.T.);
#3548 = ORIENTED_EDGE('',*,*,#3515,.F.);
#3549 = ORIENTED_EDGE('',*,*,#3550,.F.);
#3550 = EDGE_CURVE('',#3391,#3508,#3551,.T.);
#3551 = LINE('',#3552,#3553);
#3552 = CARTESIAN_POINT('',(-0.7,-0.6,4.5E-02));
#3553 = VECTOR('',#3554,1.);
#3554 = DIRECTION('',(0.,1.,0.));
#3555 = CYLINDRICAL_SURFACE('',#3556,4.5E-02);
#3556 = AXIS2_PLACEMENT_3D('',#3557,#3558,#3559);
#3557 = CARTESIAN_POINT('',(-0.745,-0.6,4.5E-02));
#3558 = DIRECTION('',(0.,1.,0.));
#3559 = DIRECTION('',(1.,0.,0.));
#3560 = ADVANCED_FACE('',(#3561),#3604,.F.);
#3561 = FACE_BOUND('',#3562,.F.);
#3562 = EDGE_LOOP('',(#3563,#3564,#3565,#3566,#3574,#3582,#3590,#3598));
#3563 = ORIENTED_EDGE('',*,*,#3390,.F.);
#3564 = ORIENTED_EDGE('',*,*,#3382,.T.);
#3565 = ORIENTED_EDGE('',*,*,#3374,.T.);
#3566 = ORIENTED_EDGE('',*,*,#3567,.T.);
#3567 = EDGE_CURVE('',#3366,#3568,#3570,.T.);
#3568 = VERTEX_POINT('',#3569);
#3569 = CARTESIAN_POINT('',(0.7,-0.6,0.405));
#3570 = LINE('',#3571,#3572);
#3571 = CARTESIAN_POINT('',(-0.7,-0.6,0.405));
#3572 = VECTOR('',#3573,1.);
#3573 = DIRECTION('',(1.,0.,0.));
#3574 = ORIENTED_EDGE('',*,*,#3575,.T.);
#3575 = EDGE_CURVE('',#3568,#3576,#3578,.T.);
#3576 = VERTEX_POINT('',#3577);
#3577 = CARTESIAN_POINT('',(0.955,-0.6,0.405));
#3578 = LINE('',#3579,#3580);
#3579 = CARTESIAN_POINT('',(-0.955,-0.6,0.405));
#3580 = VECTOR('',#3581,1.);
#3581 = DIRECTION('',(1.,0.,0.));
#3582 = ORIENTED_EDGE('',*,*,#3583,.F.);
#3583 = EDGE_CURVE('',#3584,#3576,#3586,.T.);
#3584 = VERTEX_POINT('',#3585);
#3585 = CARTESIAN_POINT('',(0.955,-0.6,4.5E-02));
#3586 = LINE('',#3587,#3588);
#3587 = CARTESIAN_POINT('',(0.955,-0.6,4.5E-02));
#3588 = VECTOR('',#3589,1.);
#3589 = DIRECTION('',(0.,0.,1.));
#3590 = ORIENTED_EDGE('',*,*,#3591,.F.);
#3591 = EDGE_CURVE('',#3592,#3584,#3594,.T.);
#3592 = VERTEX_POINT('',#3593);
#3593 = CARTESIAN_POINT('',(0.7,-0.6,4.5E-02));
#3594 = LINE('',#3595,#3596);
#3595 = CARTESIAN_POINT('',(-0.955,-0.6,4.5E-02));
#3596 = VECTOR('',#3597,1.);
#3597 = DIRECTION('',(1.,0.,0.));
#3598 = ORIENTED_EDGE('',*,*,#3599,.F.);
#3599 = EDGE_CURVE('',#3391,#3592,#3600,.T.);
#3600 = LINE('',#3601,#3602);
#3601 = CARTESIAN_POINT('',(-0.955,-0.6,4.5E-02));
#3602 = VECTOR('',#3603,1.);
#3603 = DIRECTION('',(1.,0.,0.));
#3604 = PLANE('',#3605);
#3605 = AXIS2_PLACEMENT_3D('',#3606,#3607,#3608);
#3606 = CARTESIAN_POINT('',(-0.955,-0.6,4.5E-02));
#3607 = DIRECTION('',(0.,1.,0.));
#3608 = DIRECTION('',(0.,-0.,1.));
#3609 = ADVANCED_FACE('',(#3610),#3621,.T.);
#3610 = FACE_BOUND('',#3611,.T.);
#3611 = EDGE_LOOP('',(#3612,#3613,#3614,#3615));
#3612 = ORIENTED_EDGE('',*,*,#3474,.F.);
#3613 = ORIENTED_EDGE('',*,*,#3439,.F.);
#3614 = ORIENTED_EDGE('',*,*,#3357,.T.);
#3615 = ORIENTED_EDGE('',*,*,#3616,.T.);
#3616 = EDGE_CURVE('',#3358,#3475,#3617,.T.);
#3617 = LINE('',#3618,#3619);
#3618 = CARTESIAN_POINT('',(-0.745,-0.6,0.45));
#3619 = VECTOR('',#3620,1.);
#3620 = DIRECTION('',(0.,1.,0.));
#3621 = PLANE('',#3622);
#3622 = AXIS2_PLACEMENT_3D('',#3623,#3624,#3625);
#3623 = CARTESIAN_POINT('',(-1.,-0.6,0.45));
#3624 = DIRECTION('',(0.,0.,1.));
#3625 = DIRECTION('',(1.,0.,-0.));
#3626 = ADVANCED_FACE('',(#3627),#3638,.T.);
#3627 = FACE_BOUND('',#3628,.T.);
#3628 = EDGE_LOOP('',(#3629,#3635,#3636,#3637));
#3629 = ORIENTED_EDGE('',*,*,#3630,.T.);
#3630 = EDGE_CURVE('',#3366,#3483,#3631,.T.);
#3631 = LINE('',#3632,#3633);
#3632 = CARTESIAN_POINT('',(-0.7,-0.6,0.405));
#3633 = VECTOR('',#3634,1.);
#3634 = DIRECTION('',(0.,1.,0.));
#3635 = ORIENTED_EDGE('',*,*,#3482,.T.);
#3636 = ORIENTED_EDGE('',*,*,#3616,.F.);
#3637 = ORIENTED_EDGE('',*,*,#3365,.F.);
#3638 = CYLINDRICAL_SURFACE('',#3639,4.5E-02);
#3639 = AXIS2_PLACEMENT_3D('',#3640,#3641,#3642);
#3640 = CARTESIAN_POINT('',(-0.745,-0.6,0.405));
#3641 = DIRECTION('',(0.,1.,0.));
#3642 = DIRECTION('',(1.,0.,0.));
#3643 = ADVANCED_FACE('',(#3644),#3687,.T.);
#3644 = FACE_BOUND('',#3645,.T.);
#3645 = EDGE_LOOP('',(#3646,#3647,#3648,#3649,#3657,#3665,#3673,#3681));
#3646 = ORIENTED_EDGE('',*,*,#3507,.F.);
#3647 = ORIENTED_EDGE('',*,*,#3499,.T.);
#3648 = ORIENTED_EDGE('',*,*,#3491,.T.);
#3649 = ORIENTED_EDGE('',*,*,#3650,.T.);
#3650 = EDGE_CURVE('',#3483,#3651,#3653,.T.);
#3651 = VERTEX_POINT('',#3652);
#3652 = CARTESIAN_POINT('',(0.7,0.6,0.405));
#3653 = LINE('',#3654,#3655);
#3654 = CARTESIAN_POINT('',(-0.7,0.6,0.405));
#3655 = VECTOR('',#3656,1.);
#3656 = DIRECTION('',(1.,0.,0.));
#3657 = ORIENTED_EDGE('',*,*,#3658,.T.);
#3658 = EDGE_CURVE('',#3651,#3659,#3661,.T.);
#3659 = VERTEX_POINT('',#3660);
#3660 = CARTESIAN_POINT('',(0.955,0.6,0.405));
#3661 = LINE('',#3662,#3663);
#3662 = CARTESIAN_POINT('',(-0.955,0.6,0.405));
#3663 = VECTOR('',#3664,1.);
#3664 = DIRECTION('',(1.,0.,0.));
#3665 = ORIENTED_EDGE('',*,*,#3666,.F.);
#3666 = EDGE_CURVE('',#3667,#3659,#3669,.T.);
#3667 = VERTEX_POINT('',#3668);
#3668 = CARTESIAN_POINT('',(0.955,0.6,4.5E-02));
#3669 = LINE('',#3670,#3671);
#3670 = CARTESIAN_POINT('',(0.955,0.6,4.5E-02));
#3671 = VECTOR('',#3672,1.);
#3672 = DIRECTION('',(0.,0.,1.));
#3673 = ORIENTED_EDGE('',*,*,#3674,.F.);
#3674 = EDGE_CURVE('',#3675,#3667,#3677,.T.);
#3675 = VERTEX_POINT('',#3676);
#3676 = CARTESIAN_POINT('',(0.7,0.6,4.5E-02));
#3677 = LINE('',#3678,#3679);
#3678 = CARTESIAN_POINT('',(-0.955,0.6,4.5E-02));
#3679 = VECTOR('',#3680,1.);
#3680 = DIRECTION('',(1.,0.,0.));
#3681 = ORIENTED_EDGE('',*,*,#3682,.F.);
#3682 = EDGE_CURVE('',#3508,#3675,#3683,.T.);
#3683 = LINE('',#3684,#3685);
#3684 = CARTESIAN_POINT('',(-0.955,0.6,4.5E-02));
#3685 = VECTOR('',#3686,1.);
#3686 = DIRECTION('',(1.,0.,0.));
#3687 = PLANE('',#3688);
#3688 = AXIS2_PLACEMENT_3D('',#3689,#3690,#3691);
#3689 = CARTESIAN_POINT('',(-0.955,0.6,4.5E-02));
#3690 = DIRECTION('',(0.,1.,0.));
#3691 = DIRECTION('',(0.,-0.,1.));
#3692 = ADVANCED_FACE('',(#3693),#3704,.F.);
#3693 = FACE_BOUND('',#3694,.F.);
#3694 = EDGE_LOOP('',(#3695,#3696,#3697,#3703));
#3695 = ORIENTED_EDGE('',*,*,#3550,.F.);
#3696 = ORIENTED_EDGE('',*,*,#3599,.T.);
#3697 = ORIENTED_EDGE('',*,*,#3698,.T.);
#3698 = EDGE_CURVE('',#3592,#3675,#3699,.T.);
#3699 = LINE('',#3700,#3701);
#3700 = CARTESIAN_POINT('',(0.7,-0.6,4.5E-02));
#3701 = VECTOR('',#3702,1.);
#3702 = DIRECTION('',(0.,1.,0.));
#3703 = ORIENTED_EDGE('',*,*,#3682,.F.);
#3704 = PLANE('',#3705);
#3705 = AXIS2_PLACEMENT_3D('',#3706,#3707,#3708);
#3706 = CARTESIAN_POINT('',(-0.955,-0.6,4.5E-02));
#3707 = DIRECTION('',(0.,0.,1.));
#3708 = DIRECTION('',(1.,0.,-0.));
#3709 = ADVANCED_FACE('',(#3710),#3773,.F.);
#3710 = FACE_BOUND('',#3711,.F.);
#3711 = EDGE_LOOP('',(#3712,#3722,#3729,#3730,#3731,#3732,#3741,#3749,
    #3758,#3766));
#3712 = ORIENTED_EDGE('',*,*,#3713,.F.);
#3713 = EDGE_CURVE('',#3714,#3716,#3718,.T.);
#3714 = VERTEX_POINT('',#3715);
#3715 = CARTESIAN_POINT('',(0.745,-0.6,-2.775557561563E-17));
#3716 = VERTEX_POINT('',#3717);
#3717 = CARTESIAN_POINT('',(0.955,-0.6,-2.775557561563E-17));
#3718 = LINE('',#3719,#3720);
#3719 = CARTESIAN_POINT('',(0.7,-0.6,0.));
#3720 = VECTOR('',#3721,1.);
#3721 = DIRECTION('',(1.,0.,0.));
#3722 = ORIENTED_EDGE('',*,*,#3723,.F.);
#3723 = EDGE_CURVE('',#3592,#3714,#3724,.T.);
#3724 = CIRCLE('',#3725,4.5E-02);
#3725 = AXIS2_PLACEMENT_3D('',#3726,#3727,#3728);
#3726 = CARTESIAN_POINT('',(0.745,-0.6,4.5E-02));
#3727 = DIRECTION('',(0.,-1.,0.));
#3728 = DIRECTION('',(0.,0.,1.));
#3729 = ORIENTED_EDGE('',*,*,#3591,.T.);
#3730 = ORIENTED_EDGE('',*,*,#3583,.T.);
#3731 = ORIENTED_EDGE('',*,*,#3575,.F.);
#3732 = ORIENTED_EDGE('',*,*,#3733,.T.);
#3733 = EDGE_CURVE('',#3568,#3734,#3736,.T.);
#3734 = VERTEX_POINT('',#3735);
#3735 = CARTESIAN_POINT('',(0.745,-0.6,0.45));
#3736 = CIRCLE('',#3737,4.5E-02);
#3737 = AXIS2_PLACEMENT_3D('',#3738,#3739,#3740);
#3738 = CARTESIAN_POINT('',(0.745,-0.6,0.405));
#3739 = DIRECTION('',(0.,1.,0.));
#3740 = DIRECTION('',(0.,-0.,1.));
#3741 = ORIENTED_EDGE('',*,*,#3742,.T.);
#3742 = EDGE_CURVE('',#3734,#3743,#3745,.T.);
#3743 = VERTEX_POINT('',#3744);
#3744 = CARTESIAN_POINT('',(0.955,-0.6,0.45));
#3745 = LINE('',#3746,#3747);
#3746 = CARTESIAN_POINT('',(0.7,-0.6,0.45));
#3747 = VECTOR('',#3748,1.);
#3748 = DIRECTION('',(1.,0.,0.));
#3749 = ORIENTED_EDGE('',*,*,#3750,.F.);
#3750 = EDGE_CURVE('',#3751,#3743,#3753,.T.);
#3751 = VERTEX_POINT('',#3752);
#3752 = CARTESIAN_POINT('',(1.,-0.6,0.405));
#3753 = CIRCLE('',#3754,4.5E-02);
#3754 = AXIS2_PLACEMENT_3D('',#3755,#3756,#3757);
#3755 = CARTESIAN_POINT('',(0.955,-0.6,0.405));
#3756 = DIRECTION('',(0.,-1.,0.));
#3757 = DIRECTION('',(0.,0.,1.));
#3758 = ORIENTED_EDGE('',*,*,#3759,.F.);
#3759 = EDGE_CURVE('',#3760,#3751,#3762,.T.);
#3760 = VERTEX_POINT('',#3761);
#3761 = CARTESIAN_POINT('',(1.,-0.6,4.5E-02));
#3762 = LINE('',#3763,#3764);
#3763 = CARTESIAN_POINT('',(1.,-0.6,0.));
#3764 = VECTOR('',#3765,1.);
#3765 = DIRECTION('',(0.,0.,1.));
#3766 = ORIENTED_EDGE('',*,*,#3767,.T.);
#3767 = EDGE_CURVE('',#3760,#3716,#3768,.T.);
#3768 = CIRCLE('',#3769,4.5E-02);
#3769 = AXIS2_PLACEMENT_3D('',#3770,#3771,#3772);
#3770 = CARTESIAN_POINT('',(0.955,-0.6,4.5E-02));
#3771 = DIRECTION('',(0.,1.,0.));
#3772 = DIRECTION('',(0.,-0.,1.));
#3773 = PLANE('',#3774);
#3774 = AXIS2_PLACEMENT_3D('',#3775,#3776,#3777);
#3775 = CARTESIAN_POINT('',(0.7,-0.6,0.));
#3776 = DIRECTION('',(0.,1.,0.));
#3777 = DIRECTION('',(0.,-0.,1.));
#3778 = ADVANCED_FACE('',(#3779),#3804,.F.);
#3779 = FACE_BOUND('',#3780,.F.);
#3780 = EDGE_LOOP('',(#3781,#3782,#3790,#3798));
#3781 = ORIENTED_EDGE('',*,*,#3567,.F.);
#3782 = ORIENTED_EDGE('',*,*,#3783,.T.);
#3783 = EDGE_CURVE('',#3366,#3784,#3786,.T.);
#3784 = VERTEX_POINT('',#3785);
#3785 = CARTESIAN_POINT('',(-0.7,-0.6,0.45));
#3786 = LINE('',#3787,#3788);
#3787 = CARTESIAN_POINT('',(-0.7,-0.6,0.405));
#3788 = VECTOR('',#3789,1.);
#3789 = DIRECTION('',(0.,0.,1.));
#3790 = ORIENTED_EDGE('',*,*,#3791,.T.);
#3791 = EDGE_CURVE('',#3784,#3792,#3794,.T.);
#3792 = VERTEX_POINT('',#3793);
#3793 = CARTESIAN_POINT('',(0.7,-0.6,0.45));
#3794 = LINE('',#3795,#3796);
#3795 = CARTESIAN_POINT('',(-0.7,-0.6,0.45));
#3796 = VECTOR('',#3797,1.);
#3797 = DIRECTION('',(1.,0.,0.));
#3798 = ORIENTED_EDGE('',*,*,#3799,.F.);
#3799 = EDGE_CURVE('',#3568,#3792,#3800,.T.);
#3800 = LINE('',#3801,#3802);
#3801 = CARTESIAN_POINT('',(0.7,-0.6,0.405));
#3802 = VECTOR('',#3803,1.);
#3803 = DIRECTION('',(0.,0.,1.));
#3804 = PLANE('',#3805);
#3805 = AXIS2_PLACEMENT_3D('',#3806,#3807,#3808);
#3806 = CARTESIAN_POINT('',(-0.7,-0.6,0.405));
#3807 = DIRECTION('',(0.,1.,0.));
#3808 = DIRECTION('',(0.,-0.,1.));
#3809 = ADVANCED_FACE('',(#3810),#3828,.F.);
#3810 = FACE_BOUND('',#3811,.F.);
#3811 = EDGE_LOOP('',(#3812,#3813,#3814,#3822));
#3812 = ORIENTED_EDGE('',*,*,#3783,.F.);
#3813 = ORIENTED_EDGE('',*,*,#3630,.T.);
#3814 = ORIENTED_EDGE('',*,*,#3815,.T.);
#3815 = EDGE_CURVE('',#3483,#3816,#3818,.T.);
#3816 = VERTEX_POINT('',#3817);
#3817 = CARTESIAN_POINT('',(-0.7,0.6,0.45));
#3818 = LINE('',#3819,#3820);
#3819 = CARTESIAN_POINT('',(-0.7,0.6,0.405));
#3820 = VECTOR('',#3821,1.);
#3821 = DIRECTION('',(0.,0.,1.));
#3822 = ORIENTED_EDGE('',*,*,#3823,.F.);
#3823 = EDGE_CURVE('',#3784,#3816,#3824,.T.);
#3824 = LINE('',#3825,#3826);
#3825 = CARTESIAN_POINT('',(-0.7,-0.6,0.45));
#3826 = VECTOR('',#3827,1.);
#3827 = DIRECTION('',(0.,1.,0.));
#3828 = PLANE('',#3829);
#3829 = AXIS2_PLACEMENT_3D('',#3830,#3831,#3832);
#3830 = CARTESIAN_POINT('',(-0.7,-0.6,0.405));
#3831 = DIRECTION('',(1.,0.,0.));
#3832 = DIRECTION('',(0.,0.,1.));
#3833 = ADVANCED_FACE('',(#3834),#3897,.T.);
#3834 = FACE_BOUND('',#3835,.T.);
#3835 = EDGE_LOOP('',(#3836,#3846,#3853,#3854,#3855,#3856,#3865,#3873,
    #3882,#3890));
#3836 = ORIENTED_EDGE('',*,*,#3837,.F.);
#3837 = EDGE_CURVE('',#3838,#3840,#3842,.T.);
#3838 = VERTEX_POINT('',#3839);
#3839 = CARTESIAN_POINT('',(0.745,0.6,-2.775557561563E-17));
#3840 = VERTEX_POINT('',#3841);
#3841 = CARTESIAN_POINT('',(0.955,0.6,-2.775557561563E-17));
#3842 = LINE('',#3843,#3844);
#3843 = CARTESIAN_POINT('',(0.7,0.6,0.));
#3844 = VECTOR('',#3845,1.);
#3845 = DIRECTION('',(1.,0.,0.));
#3846 = ORIENTED_EDGE('',*,*,#3847,.F.);
#3847 = EDGE_CURVE('',#3675,#3838,#3848,.T.);
#3848 = CIRCLE('',#3849,4.5E-02);
#3849 = AXIS2_PLACEMENT_3D('',#3850,#3851,#3852);
#3850 = CARTESIAN_POINT('',(0.745,0.6,4.5E-02));
#3851 = DIRECTION('',(0.,-1.,0.));
#3852 = DIRECTION('',(0.,0.,1.));
#3853 = ORIENTED_EDGE('',*,*,#3674,.T.);
#3854 = ORIENTED_EDGE('',*,*,#3666,.T.);
#3855 = ORIENTED_EDGE('',*,*,#3658,.F.);
#3856 = ORIENTED_EDGE('',*,*,#3857,.T.);
#3857 = EDGE_CURVE('',#3651,#3858,#3860,.T.);
#3858 = VERTEX_POINT('',#3859);
#3859 = CARTESIAN_POINT('',(0.745,0.6,0.45));
#3860 = CIRCLE('',#3861,4.5E-02);
#3861 = AXIS2_PLACEMENT_3D('',#3862,#3863,#3864);
#3862 = CARTESIAN_POINT('',(0.745,0.6,0.405));
#3863 = DIRECTION('',(0.,1.,0.));
#3864 = DIRECTION('',(0.,-0.,1.));
#3865 = ORIENTED_EDGE('',*,*,#3866,.T.);
#3866 = EDGE_CURVE('',#3858,#3867,#3869,.T.);
#3867 = VERTEX_POINT('',#3868);
#3868 = CARTESIAN_POINT('',(0.955,0.6,0.45));
#3869 = LINE('',#3870,#3871);
#3870 = CARTESIAN_POINT('',(0.7,0.6,0.45));
#3871 = VECTOR('',#3872,1.);
#3872 = DIRECTION('',(1.,0.,0.));
#3873 = ORIENTED_EDGE('',*,*,#3874,.F.);
#3874 = EDGE_CURVE('',#3875,#3867,#3877,.T.);
#3875 = VERTEX_POINT('',#3876);
#3876 = CARTESIAN_POINT('',(1.,0.6,0.405));
#3877 = CIRCLE('',#3878,4.5E-02);
#3878 = AXIS2_PLACEMENT_3D('',#3879,#3880,#3881);
#3879 = CARTESIAN_POINT('',(0.955,0.6,0.405));
#3880 = DIRECTION('',(0.,-1.,0.));
#3881 = DIRECTION('',(0.,0.,1.));
#3882 = ORIENTED_EDGE('',*,*,#3883,.F.);
#3883 = EDGE_CURVE('',#3884,#3875,#3886,.T.);
#3884 = VERTEX_POINT('',#3885);
#3885 = CARTESIAN_POINT('',(1.,0.6,4.5E-02));
#3886 = LINE('',#3887,#3888);
#3887 = CARTESIAN_POINT('',(1.,0.6,0.));
#3888 = VECTOR('',#3889,1.);
#3889 = DIRECTION('',(0.,0.,1.));
#3890 = ORIENTED_EDGE('',*,*,#3891,.T.);
#3891 = EDGE_CURVE('',#3884,#3840,#3892,.T.);
#3892 = CIRCLE('',#3893,4.5E-02);
#3893 = AXIS2_PLACEMENT_3D('',#3894,#3895,#3896);
#3894 = CARTESIAN_POINT('',(0.955,0.6,4.5E-02));
#3895 = DIRECTION('',(0.,1.,0.));
#3896 = DIRECTION('',(0.,-0.,1.));
#3897 = PLANE('',#3898);
#3898 = AXIS2_PLACEMENT_3D('',#3899,#3900,#3901);
#3899 = CARTESIAN_POINT('',(0.7,0.6,0.));
#3900 = DIRECTION('',(0.,1.,0.));
#3901 = DIRECTION('',(0.,-0.,1.));
#3902 = ADVANCED_FACE('',(#3903),#3921,.T.);
#3903 = FACE_BOUND('',#3904,.T.);
#3904 = EDGE_LOOP('',(#3905,#3906,#3907,#3915));
#3905 = ORIENTED_EDGE('',*,*,#3650,.F.);
#3906 = ORIENTED_EDGE('',*,*,#3815,.T.);
#3907 = ORIENTED_EDGE('',*,*,#3908,.T.);
#3908 = EDGE_CURVE('',#3816,#3909,#3911,.T.);
#3909 = VERTEX_POINT('',#3910);
#3910 = CARTESIAN_POINT('',(0.7,0.6,0.45));
#3911 = LINE('',#3912,#3913);
#3912 = CARTESIAN_POINT('',(-0.7,0.6,0.45));
#3913 = VECTOR('',#3914,1.);
#3914 = DIRECTION('',(1.,0.,0.));
#3915 = ORIENTED_EDGE('',*,*,#3916,.F.);
#3916 = EDGE_CURVE('',#3651,#3909,#3917,.T.);
#3917 = LINE('',#3918,#3919);
#3918 = CARTESIAN_POINT('',(0.7,0.6,0.405));
#3919 = VECTOR('',#3920,1.);
#3920 = DIRECTION('',(0.,0.,1.));
#3921 = PLANE('',#3922);
#3922 = AXIS2_PLACEMENT_3D('',#3923,#3924,#3925);
#3923 = CARTESIAN_POINT('',(-0.7,0.6,0.405));
#3924 = DIRECTION('',(0.,1.,0.));
#3925 = DIRECTION('',(0.,-0.,1.));
#3926 = ADVANCED_FACE('',(#3927),#3938,.T.);
#3927 = FACE_BOUND('',#3928,.T.);
#3928 = EDGE_LOOP('',(#3929,#3930,#3931,#3937));
#3929 = ORIENTED_EDGE('',*,*,#3698,.T.);
#3930 = ORIENTED_EDGE('',*,*,#3847,.T.);
#3931 = ORIENTED_EDGE('',*,*,#3932,.F.);
#3932 = EDGE_CURVE('',#3714,#3838,#3933,.T.);
#3933 = LINE('',#3934,#3935);
#3934 = CARTESIAN_POINT('',(0.745,-0.6,-2.775557561563E-17));
#3935 = VECTOR('',#3936,1.);
#3936 = DIRECTION('',(0.,1.,0.));
#3937 = ORIENTED_EDGE('',*,*,#3723,.F.);
#3938 = CYLINDRICAL_SURFACE('',#3939,4.5E-02);
#3939 = AXIS2_PLACEMENT_3D('',#3940,#3941,#3942);
#3940 = CARTESIAN_POINT('',(0.745,-0.6,4.5E-02));
#3941 = DIRECTION('',(0.,1.,0.));
#3942 = DIRECTION('',(-1.,0.,0.));
#3943 = ADVANCED_FACE('',(#3944),#3955,.F.);
#3944 = FACE_BOUND('',#3945,.F.);
#3945 = EDGE_LOOP('',(#3946,#3947,#3948,#3949));
#3946 = ORIENTED_EDGE('',*,*,#3837,.F.);
#3947 = ORIENTED_EDGE('',*,*,#3932,.F.);
#3948 = ORIENTED_EDGE('',*,*,#3713,.T.);
#3949 = ORIENTED_EDGE('',*,*,#3950,.T.);
#3950 = EDGE_CURVE('',#3716,#3840,#3951,.T.);
#3951 = LINE('',#3952,#3953);
#3952 = CARTESIAN_POINT('',(0.955,-0.6,-2.775557561563E-17));
#3953 = VECTOR('',#3954,1.);
#3954 = DIRECTION('',(0.,1.,0.));
#3955 = PLANE('',#3956);
#3956 = AXIS2_PLACEMENT_3D('',#3957,#3958,#3959);
#3957 = CARTESIAN_POINT('',(0.7,-0.6,0.));
#3958 = DIRECTION('',(0.,0.,1.));
#3959 = DIRECTION('',(1.,0.,-0.));
#3960 = ADVANCED_FACE('',(#3961),#3972,.T.);
#3961 = FACE_BOUND('',#3962,.T.);
#3962 = EDGE_LOOP('',(#3963,#3964,#3965,#3966));
#3963 = ORIENTED_EDGE('',*,*,#3767,.T.);
#3964 = ORIENTED_EDGE('',*,*,#3950,.T.);
#3965 = ORIENTED_EDGE('',*,*,#3891,.F.);
#3966 = ORIENTED_EDGE('',*,*,#3967,.F.);
#3967 = EDGE_CURVE('',#3760,#3884,#3968,.T.);
#3968 = LINE('',#3969,#3970);
#3969 = CARTESIAN_POINT('',(1.,-0.6,4.5E-02));
#3970 = VECTOR('',#3971,1.);
#3971 = DIRECTION('',(0.,1.,0.));
#3972 = CYLINDRICAL_SURFACE('',#3973,4.5E-02);
#3973 = AXIS2_PLACEMENT_3D('',#3974,#3975,#3976);
#3974 = CARTESIAN_POINT('',(0.955,-0.6,4.5E-02));
#3975 = DIRECTION('',(0.,1.,0.));
#3976 = DIRECTION('',(1.,0.,0.));
#3977 = ADVANCED_FACE('',(#3978),#3989,.T.);
#3978 = FACE_BOUND('',#3979,.T.);
#3979 = EDGE_LOOP('',(#3980,#3981,#3982,#3983));
#3980 = ORIENTED_EDGE('',*,*,#3759,.F.);
#3981 = ORIENTED_EDGE('',*,*,#3967,.T.);
#3982 = ORIENTED_EDGE('',*,*,#3883,.T.);
#3983 = ORIENTED_EDGE('',*,*,#3984,.F.);
#3984 = EDGE_CURVE('',#3751,#3875,#3985,.T.);
#3985 = LINE('',#3986,#3987);
#3986 = CARTESIAN_POINT('',(1.,-0.6,0.405));
#3987 = VECTOR('',#3988,1.);
#3988 = DIRECTION('',(0.,1.,0.));
#3989 = PLANE('',#3990);
#3990 = AXIS2_PLACEMENT_3D('',#3991,#3992,#3993);
#3991 = CARTESIAN_POINT('',(1.,-0.6,0.));
#3992 = DIRECTION('',(1.,0.,0.));
#3993 = DIRECTION('',(0.,0.,1.));
#3994 = ADVANCED_FACE('',(#3995),#4006,.T.);
#3995 = FACE_BOUND('',#3996,.T.);
#3996 = EDGE_LOOP('',(#3997,#3998,#3999,#4005));
#3997 = ORIENTED_EDGE('',*,*,#3984,.T.);
#3998 = ORIENTED_EDGE('',*,*,#3874,.T.);
#3999 = ORIENTED_EDGE('',*,*,#4000,.F.);
#4000 = EDGE_CURVE('',#3743,#3867,#4001,.T.);
#4001 = LINE('',#4002,#4003);
#4002 = CARTESIAN_POINT('',(0.955,-0.6,0.45));
#4003 = VECTOR('',#4004,1.);
#4004 = DIRECTION('',(0.,1.,0.));
#4005 = ORIENTED_EDGE('',*,*,#3750,.F.);
#4006 = CYLINDRICAL_SURFACE('',#4007,4.5E-02);
#4007 = AXIS2_PLACEMENT_3D('',#4008,#4009,#4010);
#4008 = CARTESIAN_POINT('',(0.955,-0.6,0.405));
#4009 = DIRECTION('',(0.,1.,0.));
#4010 = DIRECTION('',(1.,0.,0.));
#4011 = ADVANCED_FACE('',(#4012),#4023,.T.);
#4012 = FACE_BOUND('',#4013,.T.);
#4013 = EDGE_LOOP('',(#4014,#4015,#4021,#4022));
#4014 = ORIENTED_EDGE('',*,*,#3866,.F.);
#4015 = ORIENTED_EDGE('',*,*,#4016,.F.);
#4016 = EDGE_CURVE('',#3734,#3858,#4017,.T.);
#4017 = LINE('',#4018,#4019);
#4018 = CARTESIAN_POINT('',(0.745,-0.6,0.45));
#4019 = VECTOR('',#4020,1.);
#4020 = DIRECTION('',(0.,1.,0.));
#4021 = ORIENTED_EDGE('',*,*,#3742,.T.);
#4022 = ORIENTED_EDGE('',*,*,#4000,.T.);
#4023 = PLANE('',#4024);
#4024 = AXIS2_PLACEMENT_3D('',#4025,#4026,#4027);
#4025 = CARTESIAN_POINT('',(0.7,-0.6,0.45));
#4026 = DIRECTION('',(0.,0.,1.));
#4027 = DIRECTION('',(1.,0.,-0.));
#4028 = ADVANCED_FACE('',(#4029),#4040,.T.);
#4029 = FACE_BOUND('',#4030,.T.);
#4030 = EDGE_LOOP('',(#4031,#4032,#4033,#4034));
#4031 = ORIENTED_EDGE('',*,*,#3733,.T.);
#4032 = ORIENTED_EDGE('',*,*,#4016,.T.);
#4033 = ORIENTED_EDGE('',*,*,#3857,.F.);
#4034 = ORIENTED_EDGE('',*,*,#4035,.F.);
#4035 = EDGE_CURVE('',#3568,#3651,#4036,.T.);
#4036 = LINE('',#4037,#4038);
#4037 = CARTESIAN_POINT('',(0.7,-0.6,0.405));
#4038 = VECTOR('',#4039,1.);
#4039 = DIRECTION('',(0.,1.,0.));
#4040 = CYLINDRICAL_SURFACE('',#4041,4.5E-02);
#4041 = AXIS2_PLACEMENT_3D('',#4042,#4043,#4044);
#4042 = CARTESIAN_POINT('',(0.745,-0.6,0.405));
#4043 = DIRECTION('',(0.,1.,0.));
#4044 = DIRECTION('',(-1.,0.,0.));
#4045 = ADVANCED_FACE('',(#4046),#4057,.T.);
#4046 = FACE_BOUND('',#4047,.T.);
#4047 = EDGE_LOOP('',(#4048,#4049,#4050,#4051));
#4048 = ORIENTED_EDGE('',*,*,#3799,.F.);
#4049 = ORIENTED_EDGE('',*,*,#4035,.T.);
#4050 = ORIENTED_EDGE('',*,*,#3916,.T.);
#4051 = ORIENTED_EDGE('',*,*,#4052,.F.);
#4052 = EDGE_CURVE('',#3792,#3909,#4053,.T.);
#4053 = LINE('',#4054,#4055);
#4054 = CARTESIAN_POINT('',(0.7,-0.6,0.45));
#4055 = VECTOR('',#4056,1.);
#4056 = DIRECTION('',(0.,1.,0.));
#4057 = PLANE('',#4058);
#4058 = AXIS2_PLACEMENT_3D('',#4059,#4060,#4061);
#4059 = CARTESIAN_POINT('',(0.7,-0.6,0.405));
#4060 = DIRECTION('',(1.,0.,0.));
#4061 = DIRECTION('',(0.,0.,1.));
#4062 = ADVANCED_FACE('',(#4063),#4069,.T.);
#4063 = FACE_BOUND('',#4064,.T.);
#4064 = EDGE_LOOP('',(#4065,#4066,#4067,#4068));
#4065 = ORIENTED_EDGE('',*,*,#3823,.F.);
#4066 = ORIENTED_EDGE('',*,*,#3791,.T.);
#4067 = ORIENTED_EDGE('',*,*,#4052,.T.);
#4068 = ORIENTED_EDGE('',*,*,#3908,.F.);
#4069 = PLANE('',#4070);
#4070 = AXIS2_PLACEMENT_3D('',#4071,#4072,#4073);
#4071 = CARTESIAN_POINT('',(-0.7,-0.6,0.45));
#4072 = DIRECTION('',(0.,0.,1.));
#4073 = DIRECTION('',(1.,0.,-0.));
#4074 = ( GEOMETRIC_REPRESENTATION_CONTEXT(3) 
GLOBAL_UNCERTAINTY_ASSIGNED_CONTEXT((#4078)) 
GLOBAL_UNIT_ASSIGNED_CONTEXT((#4075,#4076,#4077)) REPRESENTATION_CONTEXT
('Context #1','3D Context with UNIT and UNCERTAINTY') );
#4075 = ( LENGTH_UNIT() NAMED_UNIT(*) SI_UNIT(.MILLI.,.METRE.) );
#4076 = ( NAMED_UNIT(*) PLANE_ANGLE_UNIT() SI_UNIT($,.RADIAN.) );
#4077 = ( NAMED_UNIT(*) SI_UNIT($,.STERADIAN.) SOLID_ANGLE_UNIT() );
#4078 = UNCERTAINTY_MEASURE_WITH_UNIT(LENGTH_MEASURE(1.E-07),#4075,
  'distance_accuracy_value','confusion accuracy');
#4079 = CONTEXT_DEPENDENT_SHAPE_REPRESENTATION(#4080,#4082);
#4080 = ( REPRESENTATION_RELATIONSHIP('','',#3283,#10) 
REPRESENTATION_RELATIONSHIP_WITH_TRANSFORMATION(#4081) 
SHAPE_REPRESENTATION_RELATIONSHIP() );
#4081 = ITEM_DEFINED_TRANSFORMATION('','',#11,#19);
#4082 = PRODUCT_DEFINITION_SHAPE('Placement','Placement of an item',
  #4083);
#4083 = NEXT_ASSEMBLY_USAGE_OCCURRENCE('2','R2','',#5,#3278,$);
#4084 = PRODUCT_RELATED_PRODUCT_CATEGORY('part',$,(#3280));
#4085 = CONTEXT_DEPENDENT_SHAPE_REPRESENTATION(#4086,#4088);
#4086 = ( REPRESENTATION_RELATIONSHIP('','',#3283,#10) 
REPRESENTATION_RELATIONSHIP_WITH_TRANSFORMATION(#4087) 
SHAPE_REPRESENTATION_RELATIONSHIP() );
#4087 = ITEM_DEFINED_TRANSFORMATION('','',#11,#23);
#4088 = PRODUCT_DEFINITION_SHAPE('Placement','Placement of an item',
  #4089);
#4089 = NEXT_ASSEMBLY_USAGE_OCCURRENCE('3','R1','',#5,#3278,$);
#4090 = SHAPE_DEFINITION_REPRESENTATION(#4091,#4097);
#4091 = PRODUCT_DEFINITION_SHAPE('','',#4092);
#4092 = PRODUCT_DEFINITION('design','',#4093,#4096);
#4093 = PRODUCT_DEFINITION_FORMATION('','',#4094);
#4094 = PRODUCT('D_A-405_P7.62mm_Horizontal',
  'D_A-405_P7.62mm_Horizontal','',(#4095));
#4095 = PRODUCT_CONTEXT('',#2,'mechanical');
#4096 = PRODUCT_DEFINITION_CONTEXT('part definition',#2,'design');
#4097 = ADVANCED_BREP_SHAPE_REPRESENTATION('',(#11,#4098),#4433);
#4098 = MANIFOLD_SOLID_BREP('',#4099);
#4099 = CLOSED_SHELL('',(#4100,#4133,#4142,#4168,#4193,#4213,#4238,#4258
    ,#4283,#4303,#4328,#4348,#4373,#4399,#4424));
#4100 = ADVANCED_FACE('',(#4101),#4128,.T.);
#4101 = FACE_BOUND('',#4102,.T.);
#4102 = EDGE_LOOP('',(#4103,#4113,#4120,#4121));
#4103 = ORIENTED_EDGE('',*,*,#4104,.T.);
#4104 = EDGE_CURVE('',#4105,#4107,#4109,.T.);
#4105 = VERTEX_POINT('',#4106);
#4106 = CARTESIAN_POINT('',(0.3,-1.845011104114E-16,-2.5));
#4107 = VERTEX_POINT('',#4108);
#4108 = CARTESIAN_POINT('',(0.3,7.216449660064E-16,1.25));
#4109 = LINE('',#4110,#4111);
#4110 = CARTESIAN_POINT('',(0.3,7.216449660064E-16,1.25));
#4111 = VECTOR('',#4112,1.);
#4112 = DIRECTION('',(0.,2.22044604925E-16,1.));
#4113 = ORIENTED_EDGE('',*,*,#4114,.F.);
#4114 = EDGE_CURVE('',#4107,#4107,#4115,.T.);
#4115 = CIRCLE('',#4116,0.3);
#4116 = AXIS2_PLACEMENT_3D('',#4117,#4118,#4119);
#4117 = CARTESIAN_POINT('',(0.,7.216449660064E-16,1.25));
#4118 = DIRECTION('',(-0.,2.22044604925E-16,1.));
#4119 = DIRECTION('',(1.,0.,0.));
#4120 = ORIENTED_EDGE('',*,*,#4104,.F.);
#4121 = ORIENTED_EDGE('',*,*,#4122,.T.);
#4122 = EDGE_CURVE('',#4105,#4105,#4123,.T.);
#4123 = CIRCLE('',#4124,0.3);
#4124 = AXIS2_PLACEMENT_3D('',#4125,#4126,#4127);
#4125 = CARTESIAN_POINT('',(0.,-1.110223024625E-16,-2.5));
#4126 = DIRECTION('',(-0.,2.22044604925E-16,1.));
#4127 = DIRECTION('',(1.,0.,0.));
#4128 = CYLINDRICAL_SURFACE('',#4129,0.3);
#4129 = AXIS2_PLACEMENT_3D('',#4130,#4131,#4132);
#4130 = CARTESIAN_POINT('',(0.,7.216449660064E-16,1.25));
#4131 = DIRECTION('',(0.,2.22044604925E-16,1.));
#4132 = DIRECTION('',(1.,0.,-0.));
#4133 = ADVANCED_FACE('',(#4134),#4137,.T.);
#4134 = FACE_BOUND('',#4135,.F.);
#4135 = EDGE_LOOP('',(#4136));
#4136 = ORIENTED_EDGE('',*,*,#4122,.T.);
#4137 = PLANE('',#4138);
#4138 = AXIS2_PLACEMENT_3D('',#4139,#4140,#4141);
#4139 = CARTESIAN_POINT('',(0.3,-1.110223024625E-16,-2.5));
#4140 = DIRECTION('',(0.,0.,-1.));
#4141 = DIRECTION('',(-1.,0.,0.));
#4142 = ADVANCED_FACE('',(#4143),#4163,.T.);
#4143 = FACE_BOUND('',#4144,.T.);
#4144 = EDGE_LOOP('',(#4145,#4154,#4161,#4162));
#4145 = ORIENTED_EDGE('',*,*,#4146,.T.);
#4146 = EDGE_CURVE('',#4107,#4147,#4149,.T.);
#4147 = VERTEX_POINT('',#4148);
#4148 = CARTESIAN_POINT('',(0.6,7.882583474839E-16,1.55));
#4149 = CIRCLE('',#4150,0.3);
#4150 = AXIS2_PLACEMENT_3D('',#4151,#4152,#4153);
#4151 = CARTESIAN_POINT('',(0.6,8.318631779296E-16,1.25));
#4152 = DIRECTION('',(0.,1.,-2.22044604925E-16));
#4153 = DIRECTION('',(1.,0.,0.));
#4154 = ORIENTED_EDGE('',*,*,#4155,.T.);
#4155 = EDGE_CURVE('',#4147,#4147,#4156,.T.);
#4156 = CIRCLE('',#4157,0.3);
#4157 = AXIS2_PLACEMENT_3D('',#4158,#4159,#4160);
#4158 = CARTESIAN_POINT('',(0.6,8.548717289614E-16,1.85));
#4159 = DIRECTION('',(-1.,-4.078893220341E-32,-1.836970198721E-16));
#4160 = DIRECTION('',(-1.836970198721E-16,2.22044604925E-16,1.));
#4161 = ORIENTED_EDGE('',*,*,#4146,.F.);
#4162 = ORIENTED_EDGE('',*,*,#4114,.T.);
#4163 = TOROIDAL_SURFACE('',#4164,0.6,0.3);
#4164 = AXIS2_PLACEMENT_3D('',#4165,#4166,#4167);
#4165 = CARTESIAN_POINT('',(0.6,7.216449660064E-16,1.25));
#4166 = DIRECTION('',(0.,1.,-2.22044604925E-16));
#4167 = DIRECTION('',(1.,0.,0.));
#4168 = ADVANCED_FACE('',(#4169),#4188,.T.);
#4169 = FACE_BOUND('',#4170,.T.);
#4170 = EDGE_LOOP('',(#4171,#4172,#4180,#4187));
#4171 = ORIENTED_EDGE('',*,*,#4155,.F.);
#4172 = ORIENTED_EDGE('',*,*,#4173,.T.);
#4173 = EDGE_CURVE('',#4147,#4174,#4176,.T.);
#4174 = VERTEX_POINT('',#4175);
#4175 = CARTESIAN_POINT('',(1.21,7.882583474839E-16,1.55));
#4176 = LINE('',#4177,#4178);
#4177 = CARTESIAN_POINT('',(0.6,7.882583474839E-16,1.55));
#4178 = VECTOR('',#4179,1.);
#4179 = DIRECTION('',(1.,0.,0.));
#4180 = ORIENTED_EDGE('',*,*,#4181,.F.);
#4181 = EDGE_CURVE('',#4174,#4174,#4182,.T.);
#4182 = CIRCLE('',#4183,0.3);
#4183 = AXIS2_PLACEMENT_3D('',#4184,#4185,#4186);
#4184 = CARTESIAN_POINT('',(1.21,8.548717289614E-16,1.85));
#4185 = DIRECTION('',(1.,0.,0.));
#4186 = DIRECTION('',(0.,-2.22044604925E-16,-1.));
#4187 = ORIENTED_EDGE('',*,*,#4173,.F.);
#4188 = CYLINDRICAL_SURFACE('',#4189,0.3);
#4189 = AXIS2_PLACEMENT_3D('',#4190,#4191,#4192);
#4190 = CARTESIAN_POINT('',(0.6,8.548717289614E-16,1.85));
#4191 = DIRECTION('',(1.,0.,0.));
#4192 = DIRECTION('',(0.,-2.22044604925E-16,-1.));
#4193 = ADVANCED_FACE('',(#4194,#4205),#4208,.F.);
#4194 = FACE_BOUND('',#4195,.T.);
#4195 = EDGE_LOOP('',(#4196));
#4196 = ORIENTED_EDGE('',*,*,#4197,.F.);
#4197 = EDGE_CURVE('',#4198,#4198,#4200,.T.);
#4198 = VERTEX_POINT('',#4199);
#4199 = CARTESIAN_POINT('',(1.21,2.13162820728E-15,3.2));
#4200 = CIRCLE('',#4201,1.35);
#4201 = AXIS2_PLACEMENT_3D('',#4202,#4203,#4204);
#4202 = CARTESIAN_POINT('',(1.21,8.215650382226E-16,1.85));
#4203 = DIRECTION('',(1.,0.,-0.));
#4204 = DIRECTION('',(0.,9.70417162265E-16,1.));
#4205 = FACE_BOUND('',#4206,.T.);
#4206 = EDGE_LOOP('',(#4207));
#4207 = ORIENTED_EDGE('',*,*,#4181,.T.);
#4208 = PLANE('',#4209);
#4209 = AXIS2_PLACEMENT_3D('',#4210,#4211,#4212);
#4210 = CARTESIAN_POINT('',(1.21,8.215650382226E-16,1.85));
#4211 = DIRECTION('',(1.,0.,0.));
#4212 = DIRECTION('',(-0.,9.70417162265E-16,1.));
#4213 = ADVANCED_FACE('',(#4214),#4233,.T.);
#4214 = FACE_BOUND('',#4215,.T.);
#4215 = EDGE_LOOP('',(#4216,#4224,#4225,#4226));
#4216 = ORIENTED_EDGE('',*,*,#4217,.F.);
#4217 = EDGE_CURVE('',#4198,#4218,#4220,.T.);
#4218 = VERTEX_POINT('',#4219);
#4219 = CARTESIAN_POINT('',(1.99,2.13162820728E-15,3.2));
#4220 = LINE('',#4221,#4222);
#4221 = CARTESIAN_POINT('',(1.21,2.13162820728E-15,3.2));
#4222 = VECTOR('',#4223,1.);
#4223 = DIRECTION('',(1.,0.,0.));
#4224 = ORIENTED_EDGE('',*,*,#4197,.T.);
#4225 = ORIENTED_EDGE('',*,*,#4217,.T.);
#4226 = ORIENTED_EDGE('',*,*,#4227,.F.);
#4227 = EDGE_CURVE('',#4218,#4218,#4228,.T.);
#4228 = CIRCLE('',#4229,1.35);
#4229 = AXIS2_PLACEMENT_3D('',#4230,#4231,#4232);
#4230 = CARTESIAN_POINT('',(1.99,8.215650382226E-16,1.85));
#4231 = DIRECTION('',(1.,0.,-0.));
#4232 = DIRECTION('',(0.,9.70417162265E-16,1.));
#4233 = CYLINDRICAL_SURFACE('',#4234,1.35);
#4234 = AXIS2_PLACEMENT_3D('',#4235,#4236,#4237);
#4235 = CARTESIAN_POINT('',(1.21,8.215650382226E-16,1.85));
#4236 = DIRECTION('',(1.,0.,0.));
#4237 = DIRECTION('',(-0.,9.70417162265E-16,1.));
#4238 = ADVANCED_FACE('',(#4239,#4250),#4253,.F.);
#4239 = FACE_BOUND('',#4240,.T.);
#4240 = EDGE_LOOP('',(#4241));
#4241 = ORIENTED_EDGE('',*,*,#4242,.F.);
#4242 = EDGE_CURVE('',#4243,#4243,#4245,.T.);
#4243 = VERTEX_POINT('',#4244);
#4244 = CARTESIAN_POINT('',(1.99,2.138289545428E-15,3.21));
#4245 = CIRCLE('',#4246,1.36);
#4246 = AXIS2_PLACEMENT_3D('',#4247,#4248,#4249);
#4247 = CARTESIAN_POINT('',(1.99,8.215650382226E-16,1.85));
#4248 = DIRECTION('',(1.,0.,-0.));
#4249 = DIRECTION('',(0.,9.681797847099E-16,1.));
#4250 = FACE_BOUND('',#4251,.T.);
#4251 = EDGE_LOOP('',(#4252));
#4252 = ORIENTED_EDGE('',*,*,#4227,.T.);
#4253 = PLANE('',#4254);
#4254 = AXIS2_PLACEMENT_3D('',#4255,#4256,#4257);
#4255 = CARTESIAN_POINT('',(1.99,8.215650382226E-16,1.85));
#4256 = DIRECTION('',(1.,0.,0.));
#4257 = DIRECTION('',(-0.,9.726879335149E-16,1.));
#4258 = ADVANCED_FACE('',(#4259),#4278,.T.);
#4259 = FACE_BOUND('',#4260,.T.);
#4260 = EDGE_LOOP('',(#4261,#4262,#4270,#4277));
#4261 = ORIENTED_EDGE('',*,*,#4242,.T.);
#4262 = ORIENTED_EDGE('',*,*,#4263,.T.);
#4263 = EDGE_CURVE('',#4243,#4264,#4266,.T.);
#4264 = VERTEX_POINT('',#4265);
#4265 = CARTESIAN_POINT('',(3.29,2.138289545428E-15,3.21));
#4266 = LINE('',#4267,#4268);
#4267 = CARTESIAN_POINT('',(1.99,2.138289545428E-15,3.21));
#4268 = VECTOR('',#4269,1.);
#4269 = DIRECTION('',(1.,0.,0.));
#4270 = ORIENTED_EDGE('',*,*,#4271,.F.);
#4271 = EDGE_CURVE('',#4264,#4264,#4272,.T.);
#4272 = CIRCLE('',#4273,1.36);
#4273 = AXIS2_PLACEMENT_3D('',#4274,#4275,#4276);
#4274 = CARTESIAN_POINT('',(3.29,8.215650382226E-16,1.85));
#4275 = DIRECTION('',(1.,0.,-0.));
#4276 = DIRECTION('',(0.,9.681797847099E-16,1.));
#4277 = ORIENTED_EDGE('',*,*,#4263,.F.);
#4278 = CYLINDRICAL_SURFACE('',#4279,1.36);
#4279 = AXIS2_PLACEMENT_3D('',#4280,#4281,#4282);
#4280 = CARTESIAN_POINT('',(1.99,8.215650382226E-16,1.85));
#4281 = DIRECTION('',(1.,0.,0.));
#4282 = DIRECTION('',(-0.,9.681797847099E-16,1.));
#4283 = ADVANCED_FACE('',(#4284,#4287),#4298,.T.);
#4284 = FACE_BOUND('',#4285,.T.);
#4285 = EDGE_LOOP('',(#4286));
#4286 = ORIENTED_EDGE('',*,*,#4271,.T.);
#4287 = FACE_BOUND('',#4288,.T.);
#4288 = EDGE_LOOP('',(#4289));
#4289 = ORIENTED_EDGE('',*,*,#4290,.F.);
#4290 = EDGE_CURVE('',#4291,#4291,#4293,.T.);
#4291 = VERTEX_POINT('',#4292);
#4292 = CARTESIAN_POINT('',(3.29,2.13162820728E-15,3.2));
#4293 = CIRCLE('',#4294,1.35);
#4294 = AXIS2_PLACEMENT_3D('',#4295,#4296,#4297);
#4295 = CARTESIAN_POINT('',(3.29,8.215650382226E-16,1.85));
#4296 = DIRECTION('',(1.,0.,-0.));
#4297 = DIRECTION('',(0.,9.70417162265E-16,1.));
#4298 = PLANE('',#4299);
#4299 = AXIS2_PLACEMENT_3D('',#4300,#4301,#4302);
#4300 = CARTESIAN_POINT('',(3.29,8.215650382226E-16,1.85));
#4301 = DIRECTION('',(1.,0.,0.));
#4302 = DIRECTION('',(-0.,9.681797847099E-16,1.));
#4303 = ADVANCED_FACE('',(#4304),#4323,.T.);
#4304 = FACE_BOUND('',#4305,.T.);
#4305 = EDGE_LOOP('',(#4306,#4307,#4315,#4322));
#4306 = ORIENTED_EDGE('',*,*,#4290,.T.);
#4307 = ORIENTED_EDGE('',*,*,#4308,.T.);
#4308 = EDGE_CURVE('',#4291,#4309,#4311,.T.);
#4309 = VERTEX_POINT('',#4310);
#4310 = CARTESIAN_POINT('',(6.41,2.13162820728E-15,3.2));
#4311 = LINE('',#4312,#4313);
#4312 = CARTESIAN_POINT('',(1.21,2.13162820728E-15,3.2));
#4313 = VECTOR('',#4314,1.);
#4314 = DIRECTION('',(1.,0.,0.));
#4315 = ORIENTED_EDGE('',*,*,#4316,.F.);
#4316 = EDGE_CURVE('',#4309,#4309,#4317,.T.);
#4317 = CIRCLE('',#4318,1.35);
#4318 = AXIS2_PLACEMENT_3D('',#4319,#4320,#4321);
#4319 = CARTESIAN_POINT('',(6.41,8.215650382226E-16,1.85));
#4320 = DIRECTION('',(1.,0.,-0.));
#4321 = DIRECTION('',(0.,9.70417162265E-16,1.));
#4322 = ORIENTED_EDGE('',*,*,#4308,.F.);
#4323 = CYLINDRICAL_SURFACE('',#4324,1.35);
#4324 = AXIS2_PLACEMENT_3D('',#4325,#4326,#4327);
#4325 = CARTESIAN_POINT('',(1.21,8.215650382226E-16,1.85));
#4326 = DIRECTION('',(1.,0.,0.));
#4327 = DIRECTION('',(-0.,9.70417162265E-16,1.));
#4328 = ADVANCED_FACE('',(#4329,#4332),#4343,.T.);
#4329 = FACE_BOUND('',#4330,.F.);
#4330 = EDGE_LOOP('',(#4331));
#4331 = ORIENTED_EDGE('',*,*,#4316,.F.);
#4332 = FACE_BOUND('',#4333,.F.);
#4333 = EDGE_LOOP('',(#4334));
#4334 = ORIENTED_EDGE('',*,*,#4335,.T.);
#4335 = EDGE_CURVE('',#4336,#4336,#4338,.T.);
#4336 = VERTEX_POINT('',#4337);
#4337 = CARTESIAN_POINT('',(6.41,7.882583474839E-16,1.55));
#4338 = CIRCLE('',#4339,0.3);
#4339 = AXIS2_PLACEMENT_3D('',#4340,#4341,#4342);
#4340 = CARTESIAN_POINT('',(6.41,8.548717289614E-16,1.85));
#4341 = DIRECTION('',(1.,0.,0.));
#4342 = DIRECTION('',(0.,-2.22044604925E-16,-1.));
#4343 = PLANE('',#4344);
#4344 = AXIS2_PLACEMENT_3D('',#4345,#4346,#4347);
#4345 = CARTESIAN_POINT('',(6.41,8.215650382226E-16,1.85));
#4346 = DIRECTION('',(1.,0.,0.));
#4347 = DIRECTION('',(-0.,9.70417162265E-16,1.));
#4348 = ADVANCED_FACE('',(#4349),#4368,.T.);
#4349 = FACE_BOUND('',#4350,.T.);
#4350 = EDGE_LOOP('',(#4351,#4352,#4360,#4367));
#4351 = ORIENTED_EDGE('',*,*,#4335,.T.);
#4352 = ORIENTED_EDGE('',*,*,#4353,.T.);
#4353 = EDGE_CURVE('',#4336,#4354,#4356,.T.);
#4354 = VERTEX_POINT('',#4355);
#4355 = CARTESIAN_POINT('',(7.02,7.882583474839E-16,1.55));
#4356 = LINE('',#4357,#4358);
#4357 = CARTESIAN_POINT('',(0.6,7.882583474839E-16,1.55));
#4358 = VECTOR('',#4359,1.);
#4359 = DIRECTION('',(1.,0.,0.));
#4360 = ORIENTED_EDGE('',*,*,#4361,.F.);
#4361 = EDGE_CURVE('',#4354,#4354,#4362,.T.);
#4362 = CIRCLE('',#4363,0.3);
#4363 = AXIS2_PLACEMENT_3D('',#4364,#4365,#4366);
#4364 = CARTESIAN_POINT('',(7.02,8.548717289614E-16,1.85));
#4365 = DIRECTION('',(1.,0.,0.));
#4366 = DIRECTION('',(0.,-2.22044604925E-16,-1.));
#4367 = ORIENTED_EDGE('',*,*,#4353,.F.);
#4368 = CYLINDRICAL_SURFACE('',#4369,0.3);
#4369 = AXIS2_PLACEMENT_3D('',#4370,#4371,#4372);
#4370 = CARTESIAN_POINT('',(0.6,8.548717289614E-16,1.85));
#4371 = DIRECTION('',(1.,0.,0.));
#4372 = DIRECTION('',(0.,-2.22044604925E-16,-1.));
#4373 = ADVANCED_FACE('',(#4374),#4394,.T.);
#4374 = FACE_BOUND('',#4375,.T.);
#4375 = EDGE_LOOP('',(#4376,#4385,#4392,#4393));
#4376 = ORIENTED_EDGE('',*,*,#4377,.T.);
#4377 = EDGE_CURVE('',#4354,#4378,#4380,.T.);
#4378 = VERTEX_POINT('',#4379);
#4379 = CARTESIAN_POINT('',(7.32,7.216449660064E-16,1.25));
#4380 = CIRCLE('',#4381,0.3);
#4381 = AXIS2_PLACEMENT_3D('',#4382,#4383,#4384);
#4382 = CARTESIAN_POINT('',(7.02,8.318631779296E-16,1.25));
#4383 = DIRECTION('',(0.,1.,-2.22044604925E-16));
#4384 = DIRECTION('',(1.,0.,0.));
#4385 = ORIENTED_EDGE('',*,*,#4386,.T.);
#4386 = EDGE_CURVE('',#4378,#4378,#4387,.T.);
#4387 = CIRCLE('',#4388,0.3);
#4388 = AXIS2_PLACEMENT_3D('',#4389,#4390,#4391);
#4389 = CARTESIAN_POINT('',(7.62,7.216449660064E-16,1.25));
#4390 = DIRECTION('',(-2.449293598295E-16,2.22044604925E-16,1.));
#4391 = DIRECTION('',(1.,5.438524293788E-32,2.449293598295E-16));
#4392 = ORIENTED_EDGE('',*,*,#4377,.F.);
#4393 = ORIENTED_EDGE('',*,*,#4361,.T.);
#4394 = TOROIDAL_SURFACE('',#4395,0.6,0.3);
#4395 = AXIS2_PLACEMENT_3D('',#4396,#4397,#4398);
#4396 = CARTESIAN_POINT('',(7.02,7.216449660064E-16,1.25));
#4397 = DIRECTION('',(0.,1.,-2.22044604925E-16));
#4398 = DIRECTION('',(1.,0.,0.));
#4399 = ADVANCED_FACE('',(#4400),#4419,.T.);
#4400 = FACE_BOUND('',#4401,.T.);
#4401 = EDGE_LOOP('',(#4402,#4410,#4417,#4418));
#4402 = ORIENTED_EDGE('',*,*,#4403,.T.);
#4403 = EDGE_CURVE('',#4378,#4404,#4406,.T.);
#4404 = VERTEX_POINT('',#4405);
#4405 = CARTESIAN_POINT('',(7.32,-1.845011104114E-16,-2.5));
#4406 = LINE('',#4407,#4408);
#4407 = CARTESIAN_POINT('',(7.32,7.216449660064E-16,1.25));
#4408 = VECTOR('',#4409,1.);
#4409 = DIRECTION('',(0.,-2.22044604925E-16,-1.));
#4410 = ORIENTED_EDGE('',*,*,#4411,.F.);
#4411 = EDGE_CURVE('',#4404,#4404,#4412,.T.);
#4412 = CIRCLE('',#4413,0.3);
#4413 = AXIS2_PLACEMENT_3D('',#4414,#4415,#4416);
#4414 = CARTESIAN_POINT('',(7.62,-1.110223024625E-16,-2.5));
#4415 = DIRECTION('',(-0.,-2.22044604925E-16,-1.));
#4416 = DIRECTION('',(-1.,0.,0.));
#4417 = ORIENTED_EDGE('',*,*,#4403,.F.);
#4418 = ORIENTED_EDGE('',*,*,#4386,.F.);
#4419 = CYLINDRICAL_SURFACE('',#4420,0.3);
#4420 = AXIS2_PLACEMENT_3D('',#4421,#4422,#4423);
#4421 = CARTESIAN_POINT('',(7.62,7.216449660064E-16,1.25));
#4422 = DIRECTION('',(0.,-2.22044604925E-16,-1.));
#4423 = DIRECTION('',(-1.,-0.,0.));
#4424 = ADVANCED_FACE('',(#4425),#4428,.F.);
#4425 = FACE_BOUND('',#4426,.T.);
#4426 = EDGE_LOOP('',(#4427));
#4427 = ORIENTED_EDGE('',*,*,#4411,.T.);
#4428 = PLANE('',#4429);
#4429 = AXIS2_PLACEMENT_3D('',#4430,#4431,#4432);
#4430 = CARTESIAN_POINT('',(7.32,-1.110223024625E-16,-2.5));
#4431 = DIRECTION('',(0.,0.,1.));
#4432 = DIRECTION('',(1.,0.,-0.));
#4433 = ( GEOMETRIC_REPRESENTATION_CONTEXT(3) 
GLOBAL_UNCERTAINTY_ASSIGNED_CONTEXT((#4437)) 
GLOBAL_UNIT_ASSIGNED_CONTEXT((#4434,#4435,#4436)) REPRESENTATION_CONTEXT
('Context #1','3D Context with UNIT and UNCERTAINTY') );
#4434 = ( LENGTH_UNIT() NAMED_UNIT(*) SI_UNIT(.MILLI.,.METRE.) );
#4435 = ( NAMED_UNIT(*) PLANE_ANGLE_UNIT() SI_UNIT($,.RADIAN.) );
#4436 = ( NAMED_UNIT(*) SI_UNIT($,.STERADIAN.) SOLID_ANGLE_UNIT() );
#4437 = UNCERTAINTY_MEASURE_WITH_UNIT(LENGTH_MEASURE(1.E-07),#4434,
  'distance_accuracy_value','confusion accuracy');
#4438 = CONTEXT_DEPENDENT_SHAPE_REPRESENTATION(#4439,#4441);
#4439 = ( REPRESENTATION_RELATIONSHIP('','',#4097,#10) 
REPRESENTATION_RELATIONSHIP_WITH_TRANSFORMATION(#4440) 
SHAPE_REPRESENTATION_RELATIONSHIP() );
#4440 = ITEM_DEFINED_TRANSFORMATION('','',#11,#27);
#4441 = PRODUCT_DEFINITION_SHAPE('Placement','Placement of an item',
  #4442);
#4442 = NEXT_ASSEMBLY_USAGE_OCCURRENCE('4','D1','',#5,#4092,$);
#4443 = PRODUCT_RELATED_PRODUCT_CATEGORY('part',$,(#4094));
#4444 = CONTEXT_DEPENDENT_SHAPE_REPRESENTATION(#4445,#4447);
#4445 = ( REPRESENTATION_RELATIONSHIP('','',#3283,#10) 
REPRESENTATION_RELATIONSHIP_WITH_TRANSFORMATION(#4446) 
SHAPE_REPRESENTATION_RELATIONSHIP() );
#4446 = ITEM_DEFINED_TRANSFORMATION('','',#11,#31);
#4447 = PRODUCT_DEFINITION_SHAPE('Placement','Placement of an item',
  #4448);
#4448 = NEXT_ASSEMBLY_USAGE_OCCURRENCE('5','R3','',#5,#3278,$);
#4449 = SHAPE_DEFINITION_REPRESENTATION(#4450,#4456);
#4450 = PRODUCT_DEFINITION_SHAPE('','',#4451);
#4451 = PRODUCT_DEFINITION('design','',#4452,#4455);
#4452 = PRODUCT_DEFINITION_FORMATION('','',#4453);
#4453 = PRODUCT('BSR802NL6327HTSA1','BSR802NL6327HTSA1','',(#4454));
#4454 = PRODUCT_CONTEXT('',#2,'mechanical');
#4455 = PRODUCT_DEFINITION_CONTEXT('part definition',#2,'design');
#4456 = SHAPE_REPRESENTATION('',(#11,#4457,#4461,#4465),#4469);
#4457 = AXIS2_PLACEMENT_3D('',#4458,#4459,#4460);
#4458 = CARTESIAN_POINT('',(0.,0.,0.));
#4459 = DIRECTION('',(0.,0.,1.));
#4460 = DIRECTION('',(1.,0.,0.));
#4461 = AXIS2_PLACEMENT_3D('',#4462,#4463,#4464);
#4462 = CARTESIAN_POINT('',(0.,0.,0.));
#4463 = DIRECTION('',(0.,0.,1.));
#4464 = DIRECTION('',(1.,0.,0.));
#4465 = AXIS2_PLACEMENT_3D('',#4466,#4467,#4468);
#4466 = CARTESIAN_POINT('',(0.,0.,0.));
#4467 = DIRECTION('',(0.,0.,1.));
#4468 = DIRECTION('',(1.,0.,0.));
#4469 = ( GEOMETRIC_REPRESENTATION_CONTEXT(3) 
GLOBAL_UNCERTAINTY_ASSIGNED_CONTEXT((#4473)) 
GLOBAL_UNIT_ASSIGNED_CONTEXT((#4470,#4471,#4472)) REPRESENTATION_CONTEXT
('Context #1','3D Context with UNIT and UNCERTAINTY') );
#4470 = ( LENGTH_UNIT() NAMED_UNIT(*) SI_UNIT(.MILLI.,.METRE.) );
#4471 = ( NAMED_UNIT(*) PLANE_ANGLE_UNIT() SI_UNIT($,.RADIAN.) );
#4472 = ( NAMED_UNIT(*) SI_UNIT($,.STERADIAN.) SOLID_ANGLE_UNIT() );
#4473 = UNCERTAINTY_MEASURE_WITH_UNIT(LENGTH_MEASURE(1.E-07),#4470,
  'distance_accuracy_value','confusion accuracy');
#4474 = CONTEXT_DEPENDENT_SHAPE_REPRESENTATION(#4475,#4477);
#4475 = ( REPRESENTATION_RELATIONSHIP('','',#4456,#10) 
REPRESENTATION_RELATIONSHIP_WITH_TRANSFORMATION(#4476) 
SHAPE_REPRESENTATION_RELATIONSHIP() );
#4476 = ITEM_DEFINED_TRANSFORMATION('','',#11,#35);
#4477 = PRODUCT_DEFINITION_SHAPE('Placement','Placement of an item',
  #4478);
#4478 = NEXT_ASSEMBLY_USAGE_OCCURRENCE('9','Q1','',#5,#4451,$);
#4479 = PRODUCT_RELATED_PRODUCT_CATEGORY('part',$,(#4453));
#4480 = SHAPE_DEFINITION_REPRESENTATION(#4481,#4487);
#4481 = PRODUCT_DEFINITION_SHAPE('','',#4482);
#4482 = PRODUCT_DEFINITION('design','',#4483,#4486);
#4483 = PRODUCT_DEFINITION_FORMATION('','',#4484);
#4484 = PRODUCT('Body','Body','',(#4485));
#4485 = PRODUCT_CONTEXT('',#2,'mechanical');
#4486 = PRODUCT_DEFINITION_CONTEXT('part definition',#2,'design');
#4487 = ADVANCED_BREP_SHAPE_REPRESENTATION('',(#11,#4488),#5075);
#4488 = MANIFOLD_SOLID_BREP('',#4489);
#4489 = CLOSED_SHELL('',(#4490,#4530,#4561,#4594,#4625,#4656,#4681,#4705
    ,#4727,#4751,#4769,#4800,#4824,#4836,#4853,#4877,#4910,#4934,#4951,
    #4976,#5011,#5029,#5041,#5066));
#4490 = ADVANCED_FACE('',(#4491),#4525,.T.);
#4491 = FACE_BOUND('',#4492,.T.);
#4492 = EDGE_LOOP('',(#4493,#4503,#4511,#4519));
#4493 = ORIENTED_EDGE('',*,*,#4494,.F.);
#4494 = EDGE_CURVE('',#4495,#4497,#4499,.T.);
#4495 = VERTEX_POINT('',#4496);
#4496 = CARTESIAN_POINT('',(-0.7625,-1.5,0.543803601606));
#4497 = VERTEX_POINT('',#4498);
#4498 = CARTESIAN_POINT('',(-0.691455465435,-1.428955465435,
    0.107004471398));
#4499 = LINE('',#4500,#4501);
#4500 = CARTESIAN_POINT('',(-0.725332892822,-1.462832892822,
    0.315291159556));
#4501 = VECTOR('',#4502,1.);
#4502 = DIRECTION('',(0.158508856622,0.158508856622,-0.974551119616));
#4503 = ORIENTED_EDGE('',*,*,#4504,.T.);
#4504 = EDGE_CURVE('',#4495,#4505,#4507,.T.);
#4505 = VERTEX_POINT('',#4506);
#4506 = CARTESIAN_POINT('',(-0.7625,1.5,0.543803601606));
#4507 = LINE('',#4508,#4509);
#4508 = CARTESIAN_POINT('',(-0.7625,-1.5,0.543803601606));
#4509 = VECTOR('',#4510,1.);
#4510 = DIRECTION('',(0.,1.,0.));
#4511 = ORIENTED_EDGE('',*,*,#4512,.T.);
#4512 = EDGE_CURVE('',#4505,#4513,#4515,.T.);
#4513 = VERTEX_POINT('',#4514);
#4514 = CARTESIAN_POINT('',(-0.691455465435,1.428955465435,
    0.107004471398));
#4515 = LINE('',#4516,#4517);
#4516 = CARTESIAN_POINT('',(-0.687645306381,1.425145306381,
    8.357868402161E-02));
#4517 = VECTOR('',#4518,1.);
#4518 = DIRECTION('',(0.158508856622,-0.158508856622,-0.974551119616));
#4519 = ORIENTED_EDGE('',*,*,#4520,.F.);
#4520 = EDGE_CURVE('',#4497,#4513,#4521,.T.);
#4521 = LINE('',#4522,#4523);
#4522 = CARTESIAN_POINT('',(-0.691455465435,-1.42375,0.107004471398));
#4523 = VECTOR('',#4524,1.);
#4524 = DIRECTION('',(0.,1.,0.));
#4525 = PLANE('',#4526);
#4526 = AXIS2_PLACEMENT_3D('',#4527,#4528,#4529);
#4527 = CARTESIAN_POINT('',(-0.724375,-1.5,0.309401800803));
#4528 = DIRECTION('',(-0.987029586397,8.683395313322E-19,-0.160538455133
    ));
#4529 = DIRECTION('',(8.570768084632E-19,1.,1.394018868912E-19));
#4530 = ADVANCED_FACE('',(#4531),#4556,.T.);
#4531 = FACE_BOUND('',#4532,.F.);
#4532 = EDGE_LOOP('',(#4533,#4534,#4542,#4550));
#4533 = ORIENTED_EDGE('',*,*,#4494,.F.);
#4534 = ORIENTED_EDGE('',*,*,#4535,.T.);
#4535 = EDGE_CURVE('',#4495,#4536,#4538,.T.);
#4536 = VERTEX_POINT('',#4537);
#4537 = CARTESIAN_POINT('',(0.7625,-1.5,0.543803601606));
#4538 = LINE('',#4539,#4540);
#4539 = CARTESIAN_POINT('',(-0.7625,-1.5,0.543803601606));
#4540 = VECTOR('',#4541,1.);
#4541 = DIRECTION('',(1.,0.,0.));
#4542 = ORIENTED_EDGE('',*,*,#4543,.T.);
#4543 = EDGE_CURVE('',#4536,#4544,#4546,.T.);
#4544 = VERTEX_POINT('',#4545);
#4545 = CARTESIAN_POINT('',(0.691455465435,-1.428955465435,
    0.107004471398));
#4546 = LINE('',#4547,#4548);
#4547 = CARTESIAN_POINT('',(0.706175036381,-1.443675036381,
    0.197503984493));
#4548 = VECTOR('',#4549,1.);
#4549 = DIRECTION('',(-0.158508856622,0.158508856622,-0.974551119616));
#4550 = ORIENTED_EDGE('',*,*,#4551,.F.);
#4551 = EDGE_CURVE('',#4497,#4544,#4552,.T.);
#4552 = LINE('',#4553,#4554);
#4553 = CARTESIAN_POINT('',(-0.68625,-1.428955465435,0.107004471398));
#4554 = VECTOR('',#4555,1.);
#4555 = DIRECTION('',(1.,0.,0.));
#4556 = PLANE('',#4557);
#4557 = AXIS2_PLACEMENT_3D('',#4558,#4559,#4560);
#4558 = CARTESIAN_POINT('',(-0.7625,-1.461875,0.309401800803));
#4559 = DIRECTION('',(0.,-0.987029586397,-0.160538455133));
#4560 = DIRECTION('',(-1.,-0.,0.));
#4561 = ADVANCED_FACE('',(#4562),#4589,.T.);
#4562 = FACE_BOUND('',#4563,.T.);
#4563 = EDGE_LOOP('',(#4564,#4565,#4574,#4582));
#4564 = ORIENTED_EDGE('',*,*,#4520,.T.);
#4565 = ORIENTED_EDGE('',*,*,#4566,.T.);
#4566 = EDGE_CURVE('',#4513,#4567,#4569,.T.);
#4567 = VERTEX_POINT('',#4568);
#4568 = CARTESIAN_POINT('',(-0.653824962454,1.391324962454,7.5E-02));
#4569 = ELLIPSE('',#4570,5.391689206547E-02,3.8125E-02);
#4570 = AXIS2_PLACEMENT_3D('',#4571,#4572,#4573);
#4571 = CARTESIAN_POINT('',(-0.653824962454,1.391324962454,0.113125));
#4572 = DIRECTION('',(-0.707106781187,-0.707106781187,-0.));
#4573 = DIRECTION('',(-0.707106781187,0.707106781187,0.));
#4574 = ORIENTED_EDGE('',*,*,#4575,.F.);
#4575 = EDGE_CURVE('',#4576,#4567,#4578,.T.);
#4576 = VERTEX_POINT('',#4577);
#4577 = CARTESIAN_POINT('',(-0.653824962454,-1.391324962454,7.5E-02));
#4578 = LINE('',#4579,#4580);
#4579 = CARTESIAN_POINT('',(-0.653824962454,-1.42375,7.5E-02));
#4580 = VECTOR('',#4581,1.);
#4581 = DIRECTION('',(0.,1.,0.));
#4582 = ORIENTED_EDGE('',*,*,#4583,.F.);
#4583 = EDGE_CURVE('',#4497,#4576,#4584,.T.);
#4584 = ELLIPSE('',#4585,5.391689206547E-02,3.8125E-02);
#4585 = AXIS2_PLACEMENT_3D('',#4586,#4587,#4588);
#4586 = CARTESIAN_POINT('',(-0.653824962454,-1.391324962454,0.113125));
#4587 = DIRECTION('',(0.707106781187,-0.707106781187,0.));
#4588 = DIRECTION('',(0.707106781187,0.707106781187,0.));
#4589 = CYLINDRICAL_SURFACE('',#4590,3.8125E-02);
#4590 = AXIS2_PLACEMENT_3D('',#4591,#4592,#4593);
#4591 = CARTESIAN_POINT('',(-0.653824962454,-1.42375,0.113125));
#4592 = DIRECTION('',(0.,1.,0.));
#4593 = DIRECTION('',(-0.987029586397,0.,-0.160538455133));
#4594 = ADVANCED_FACE('',(#4595),#4620,.F.);
#4595 = FACE_BOUND('',#4596,.F.);
#4596 = EDGE_LOOP('',(#4597,#4605,#4606,#4614));
#4597 = ORIENTED_EDGE('',*,*,#4598,.F.);
#4598 = EDGE_CURVE('',#4495,#4599,#4601,.T.);
#4599 = VERTEX_POINT('',#4600);
#4600 = CARTESIAN_POINT('',(-0.7625,-1.5,0.731303601606));
#4601 = LINE('',#4602,#4603);
#4602 = CARTESIAN_POINT('',(-0.7625,-1.5,7.5E-02));
#4603 = VECTOR('',#4604,1.);
#4604 = DIRECTION('',(0.,0.,1.));
#4605 = ORIENTED_EDGE('',*,*,#4504,.T.);
#4606 = ORIENTED_EDGE('',*,*,#4607,.T.);
#4607 = EDGE_CURVE('',#4505,#4608,#4610,.T.);
#4608 = VERTEX_POINT('',#4609);
#4609 = CARTESIAN_POINT('',(-0.7625,1.5,0.731303601606));
#4610 = LINE('',#4611,#4612);
#4611 = CARTESIAN_POINT('',(-0.7625,1.5,7.5E-02));
#4612 = VECTOR('',#4613,1.);
#4613 = DIRECTION('',(0.,0.,1.));
#4614 = ORIENTED_EDGE('',*,*,#4615,.F.);
#4615 = EDGE_CURVE('',#4599,#4608,#4616,.T.);
#4616 = LINE('',#4617,#4618);
#4617 = CARTESIAN_POINT('',(-0.7625,-1.5,0.731303601606));
#4618 = VECTOR('',#4619,1.);
#4619 = DIRECTION('',(0.,1.,0.));
#4620 = PLANE('',#4621);
#4621 = AXIS2_PLACEMENT_3D('',#4622,#4623,#4624);
#4622 = CARTESIAN_POINT('',(-0.7625,-1.5,7.5E-02));
#4623 = DIRECTION('',(1.,0.,0.));
#4624 = DIRECTION('',(0.,0.,1.));
#4625 = ADVANCED_FACE('',(#4626),#4651,.F.);
#4626 = FACE_BOUND('',#4627,.T.);
#4627 = EDGE_LOOP('',(#4628,#4629,#4637,#4645));
#4628 = ORIENTED_EDGE('',*,*,#4512,.F.);
#4629 = ORIENTED_EDGE('',*,*,#4630,.T.);
#4630 = EDGE_CURVE('',#4505,#4631,#4633,.T.);
#4631 = VERTEX_POINT('',#4632);
#4632 = CARTESIAN_POINT('',(0.7625,1.5,0.543803601606));
#4633 = LINE('',#4634,#4635);
#4634 = CARTESIAN_POINT('',(-0.7625,1.5,0.543803601606));
#4635 = VECTOR('',#4636,1.);
#4636 = DIRECTION('',(1.,0.,0.));
#4637 = ORIENTED_EDGE('',*,*,#4638,.T.);
#4638 = EDGE_CURVE('',#4631,#4639,#4641,.T.);
#4639 = VERTEX_POINT('',#4640);
#4640 = CARTESIAN_POINT('',(0.691455465435,1.428955465435,0.107004471398
    ));
#4641 = LINE('',#4642,#4643);
#4642 = CARTESIAN_POINT('',(0.66848744994,1.40598744994,
    -3.420849104182E-02));
#4643 = VECTOR('',#4644,1.);
#4644 = DIRECTION('',(-0.158508856622,-0.158508856622,-0.974551119616));
#4645 = ORIENTED_EDGE('',*,*,#4646,.F.);
#4646 = EDGE_CURVE('',#4513,#4639,#4647,.T.);
#4647 = LINE('',#4648,#4649);
#4648 = CARTESIAN_POINT('',(-0.68625,1.428955465435,0.107004471398));
#4649 = VECTOR('',#4650,1.);
#4650 = DIRECTION('',(1.,0.,0.));
#4651 = PLANE('',#4652);
#4652 = AXIS2_PLACEMENT_3D('',#4653,#4654,#4655);
#4653 = CARTESIAN_POINT('',(-0.7625,1.461875,0.309401800803));
#4654 = DIRECTION('',(0.,-0.987029586397,0.160538455133));
#4655 = DIRECTION('',(-1.,0.,0.));
#4656 = ADVANCED_FACE('',(#4657),#4676,.T.);
#4657 = FACE_BOUND('',#4658,.T.);
#4658 = EDGE_LOOP('',(#4659,#4660,#4668,#4675));
#4659 = ORIENTED_EDGE('',*,*,#4583,.T.);
#4660 = ORIENTED_EDGE('',*,*,#4661,.T.);
#4661 = EDGE_CURVE('',#4576,#4662,#4664,.T.);
#4662 = VERTEX_POINT('',#4663);
#4663 = CARTESIAN_POINT('',(0.653824962454,-1.391324962454,7.5E-02));
#4664 = LINE('',#4665,#4666);
#4665 = CARTESIAN_POINT('',(-0.68625,-1.391324962454,7.5E-02));
#4666 = VECTOR('',#4667,1.);
#4667 = DIRECTION('',(1.,0.,0.));
#4668 = ORIENTED_EDGE('',*,*,#4669,.F.);
#4669 = EDGE_CURVE('',#4544,#4662,#4670,.T.);
#4670 = ELLIPSE('',#4671,5.391689206547E-02,3.8125E-02);
#4671 = AXIS2_PLACEMENT_3D('',#4672,#4673,#4674);
#4672 = CARTESIAN_POINT('',(0.653824962454,-1.391324962454,0.113125));
#4673 = DIRECTION('',(0.707106781187,0.707106781187,0.));
#4674 = DIRECTION('',(0.707106781187,-0.707106781187,0.));
#4675 = ORIENTED_EDGE('',*,*,#4551,.F.);
#4676 = CYLINDRICAL_SURFACE('',#4677,3.8125E-02);
#4677 = AXIS2_PLACEMENT_3D('',#4678,#4679,#4680);
#4678 = CARTESIAN_POINT('',(-0.68625,-1.391324962454,0.113125));
#4679 = DIRECTION('',(1.,0.,0.));
#4680 = DIRECTION('',(0.,-0.987029586397,-0.160538455133));
#4681 = ADVANCED_FACE('',(#4682),#4700,.F.);
#4682 = FACE_BOUND('',#4683,.F.);
#4683 = EDGE_LOOP('',(#4684,#4692,#4693,#4694));
#4684 = ORIENTED_EDGE('',*,*,#4685,.F.);
#4685 = EDGE_CURVE('',#4536,#4686,#4688,.T.);
#4686 = VERTEX_POINT('',#4687);
#4687 = CARTESIAN_POINT('',(0.7625,-1.5,0.731303601606));
#4688 = LINE('',#4689,#4690);
#4689 = CARTESIAN_POINT('',(0.7625,-1.5,7.5E-02));
#4690 = VECTOR('',#4691,1.);
#4691 = DIRECTION('',(0.,0.,1.));
#4692 = ORIENTED_EDGE('',*,*,#4535,.F.);
#4693 = ORIENTED_EDGE('',*,*,#4598,.T.);
#4694 = ORIENTED_EDGE('',*,*,#4695,.T.);
#4695 = EDGE_CURVE('',#4599,#4686,#4696,.T.);
#4696 = LINE('',#4697,#4698);
#4697 = CARTESIAN_POINT('',(-0.7625,-1.5,0.731303601606));
#4698 = VECTOR('',#4699,1.);
#4699 = DIRECTION('',(1.,0.,0.));
#4700 = PLANE('',#4701);
#4701 = AXIS2_PLACEMENT_3D('',#4702,#4703,#4704);
#4702 = CARTESIAN_POINT('',(-0.7625,-1.5,7.5E-02));
#4703 = DIRECTION('',(0.,1.,0.));
#4704 = DIRECTION('',(0.,-0.,1.));
#4705 = ADVANCED_FACE('',(#4706),#4722,.F.);
#4706 = FACE_BOUND('',#4707,.F.);
#4707 = EDGE_LOOP('',(#4708,#4709,#4715,#4716));
#4708 = ORIENTED_EDGE('',*,*,#4543,.F.);
#4709 = ORIENTED_EDGE('',*,*,#4710,.T.);
#4710 = EDGE_CURVE('',#4536,#4631,#4711,.T.);
#4711 = LINE('',#4712,#4713);
#4712 = CARTESIAN_POINT('',(0.7625,-1.5,0.543803601606));
#4713 = VECTOR('',#4714,1.);
#4714 = DIRECTION('',(0.,1.,0.));
#4715 = ORIENTED_EDGE('',*,*,#4638,.T.);
#4716 = ORIENTED_EDGE('',*,*,#4717,.F.);
#4717 = EDGE_CURVE('',#4544,#4639,#4718,.T.);
#4718 = LINE('',#4719,#4720);
#4719 = CARTESIAN_POINT('',(0.691455465435,-1.42375,0.107004471398));
#4720 = VECTOR('',#4721,1.);
#4721 = DIRECTION('',(0.,1.,0.));
#4722 = PLANE('',#4723);
#4723 = AXIS2_PLACEMENT_3D('',#4724,#4725,#4726);
#4724 = CARTESIAN_POINT('',(0.724375,-1.5,0.309401800803));
#4725 = DIRECTION('',(-0.987029586397,-8.683395313322E-19,0.160538455133
    ));
#4726 = DIRECTION('',(-8.570768084632E-19,1.,1.394018868912E-19));
#4727 = ADVANCED_FACE('',(#4728),#4746,.F.);
#4728 = FACE_BOUND('',#4729,.F.);
#4729 = EDGE_LOOP('',(#4730,#4731,#4732,#4740));
#4730 = ORIENTED_EDGE('',*,*,#4575,.F.);
#4731 = ORIENTED_EDGE('',*,*,#4661,.T.);
#4732 = ORIENTED_EDGE('',*,*,#4733,.T.);
#4733 = EDGE_CURVE('',#4662,#4734,#4736,.T.);
#4734 = VERTEX_POINT('',#4735);
#4735 = CARTESIAN_POINT('',(0.653824962454,1.391324962454,7.5E-02));
#4736 = LINE('',#4737,#4738);
#4737 = CARTESIAN_POINT('',(0.653824962454,-1.42375,7.5E-02));
#4738 = VECTOR('',#4739,1.);
#4739 = DIRECTION('',(0.,1.,0.));
#4740 = ORIENTED_EDGE('',*,*,#4741,.F.);
#4741 = EDGE_CURVE('',#4567,#4734,#4742,.T.);
#4742 = LINE('',#4743,#4744);
#4743 = CARTESIAN_POINT('',(-0.68625,1.391324962454,7.5E-02));
#4744 = VECTOR('',#4745,1.);
#4745 = DIRECTION('',(1.,0.,0.));
#4746 = PLANE('',#4747);
#4747 = AXIS2_PLACEMENT_3D('',#4748,#4749,#4750);
#4748 = CARTESIAN_POINT('',(-0.7625,-1.5,7.5E-02));
#4749 = DIRECTION('',(0.,0.,1.));
#4750 = DIRECTION('',(1.,0.,-0.));
#4751 = ADVANCED_FACE('',(#4752),#4764,.T.);
#4752 = FACE_BOUND('',#4753,.T.);
#4753 = EDGE_LOOP('',(#4754,#4755,#4756,#4763));
#4754 = ORIENTED_EDGE('',*,*,#4566,.F.);
#4755 = ORIENTED_EDGE('',*,*,#4646,.T.);
#4756 = ORIENTED_EDGE('',*,*,#4757,.F.);
#4757 = EDGE_CURVE('',#4734,#4639,#4758,.T.);
#4758 = ELLIPSE('',#4759,5.391689206547E-02,3.8125E-02);
#4759 = AXIS2_PLACEMENT_3D('',#4760,#4761,#4762);
#4760 = CARTESIAN_POINT('',(0.653824962454,1.391324962454,0.113125));
#4761 = DIRECTION('',(0.707106781187,-0.707106781187,0.));
#4762 = DIRECTION('',(0.707106781187,0.707106781187,0.));
#4763 = ORIENTED_EDGE('',*,*,#4741,.F.);
#4764 = CYLINDRICAL_SURFACE('',#4765,3.8125E-02);
#4765 = AXIS2_PLACEMENT_3D('',#4766,#4767,#4768);
#4766 = CARTESIAN_POINT('',(-0.68625,1.391324962454,0.113125));
#4767 = DIRECTION('',(1.,0.,0.));
#4768 = DIRECTION('',(0.,0.,-1.));
#4769 = ADVANCED_FACE('',(#4770),#4795,.F.);
#4770 = FACE_BOUND('',#4771,.F.);
#4771 = EDGE_LOOP('',(#4772,#4780,#4781,#4789));
#4772 = ORIENTED_EDGE('',*,*,#4773,.F.);
#4773 = EDGE_CURVE('',#4599,#4774,#4776,.T.);
#4774 = VERTEX_POINT('',#4775);
#4775 = CARTESIAN_POINT('',(-0.690373913214,-1.427873913214,
    1.316538357342));
#4776 = LINE('',#4777,#4778);
#4777 = CARTESIAN_POINT('',(-0.724937002093,-1.462437002093,
    1.036091687089));
#4778 = VECTOR('',#4779,1.);
#4779 = DIRECTION('',(0.121412678489,0.121412678489,0.985148680659));
#4780 = ORIENTED_EDGE('',*,*,#4615,.T.);
#4781 = ORIENTED_EDGE('',*,*,#4782,.T.);
#4782 = EDGE_CURVE('',#4608,#4783,#4785,.T.);
#4783 = VERTEX_POINT('',#4784);
#4784 = CARTESIAN_POINT('',(-0.690373913214,1.427873913214,
    1.316538357342));
#4785 = LINE('',#4786,#4787);
#4786 = CARTESIAN_POINT('',(-0.702825444346,1.440325444346,
    1.215505997132));
#4787 = VECTOR('',#4788,1.);
#4788 = DIRECTION('',(0.121412678489,-0.121412678489,0.985148680659));
#4789 = ORIENTED_EDGE('',*,*,#4790,.F.);
#4790 = EDGE_CURVE('',#4774,#4783,#4791,.T.);
#4791 = LINE('',#4792,#4793);
#4792 = CARTESIAN_POINT('',(-0.690373913214,-1.42375,1.316538357342));
#4793 = VECTOR('',#4794,1.);
#4794 = DIRECTION('',(0.,1.,0.));
#4795 = PLANE('',#4796);
#4796 = AXIS2_PLACEMENT_3D('',#4797,#4798,#4799);
#4797 = CARTESIAN_POINT('',(-0.724375,-1.5,1.040651800803));
#4798 = DIRECTION('',(0.992491013642,0.,-0.12231756963));
#4799 = DIRECTION('',(0.,1.,0.));
#4800 = ADVANCED_FACE('',(#4801),#4819,.T.);
#4801 = FACE_BOUND('',#4802,.T.);
#4802 = EDGE_LOOP('',(#4803,#4811,#4812,#4813));
#4803 = ORIENTED_EDGE('',*,*,#4804,.F.);
#4804 = EDGE_CURVE('',#4631,#4805,#4807,.T.);
#4805 = VERTEX_POINT('',#4806);
#4806 = CARTESIAN_POINT('',(0.7625,1.5,0.731303601606));
#4807 = LINE('',#4808,#4809);
#4808 = CARTESIAN_POINT('',(0.7625,1.5,7.5E-02));
#4809 = VECTOR('',#4810,1.);
#4810 = DIRECTION('',(0.,0.,1.));
#4811 = ORIENTED_EDGE('',*,*,#4630,.F.);
#4812 = ORIENTED_EDGE('',*,*,#4607,.T.);
#4813 = ORIENTED_EDGE('',*,*,#4814,.T.);
#4814 = EDGE_CURVE('',#4608,#4805,#4815,.T.);
#4815 = LINE('',#4816,#4817);
#4816 = CARTESIAN_POINT('',(-0.7625,1.5,0.731303601606));
#4817 = VECTOR('',#4818,1.);
#4818 = DIRECTION('',(1.,0.,0.));
#4819 = PLANE('',#4820);
#4820 = AXIS2_PLACEMENT_3D('',#4821,#4822,#4823);
#4821 = CARTESIAN_POINT('',(-0.7625,1.5,7.5E-02));
#4822 = DIRECTION('',(0.,1.,0.));
#4823 = DIRECTION('',(0.,-0.,1.));
#4824 = ADVANCED_FACE('',(#4825),#4831,.T.);
#4825 = FACE_BOUND('',#4826,.T.);
#4826 = EDGE_LOOP('',(#4827,#4828,#4829,#4830));
#4827 = ORIENTED_EDGE('',*,*,#4733,.T.);
#4828 = ORIENTED_EDGE('',*,*,#4757,.T.);
#4829 = ORIENTED_EDGE('',*,*,#4717,.F.);
#4830 = ORIENTED_EDGE('',*,*,#4669,.T.);
#4831 = CYLINDRICAL_SURFACE('',#4832,3.8125E-02);
#4832 = AXIS2_PLACEMENT_3D('',#4833,#4834,#4835);
#4833 = CARTESIAN_POINT('',(0.653824962454,-1.42375,0.113125));
#4834 = DIRECTION('',(0.,1.,0.));
#4835 = DIRECTION('',(0.,0.,-1.));
#4836 = ADVANCED_FACE('',(#4837),#4848,.T.);
#4837 = FACE_BOUND('',#4838,.T.);
#4838 = EDGE_LOOP('',(#4839,#4840,#4841,#4842));
#4839 = ORIENTED_EDGE('',*,*,#4685,.F.);
#4840 = ORIENTED_EDGE('',*,*,#4710,.T.);
#4841 = ORIENTED_EDGE('',*,*,#4804,.T.);
#4842 = ORIENTED_EDGE('',*,*,#4843,.F.);
#4843 = EDGE_CURVE('',#4686,#4805,#4844,.T.);
#4844 = LINE('',#4845,#4846);
#4845 = CARTESIAN_POINT('',(0.7625,-1.5,0.731303601606));
#4846 = VECTOR('',#4847,1.);
#4847 = DIRECTION('',(0.,1.,0.));
#4848 = PLANE('',#4849);
#4849 = AXIS2_PLACEMENT_3D('',#4850,#4851,#4852);
#4850 = CARTESIAN_POINT('',(0.7625,-1.5,7.5E-02));
#4851 = DIRECTION('',(1.,0.,0.));
#4852 = DIRECTION('',(0.,0.,1.));
#4853 = ADVANCED_FACE('',(#4854),#4872,.F.);
#4854 = FACE_BOUND('',#4855,.T.);
#4855 = EDGE_LOOP('',(#4856,#4857,#4858,#4866));
#4856 = ORIENTED_EDGE('',*,*,#4773,.F.);
#4857 = ORIENTED_EDGE('',*,*,#4695,.T.);
#4858 = ORIENTED_EDGE('',*,*,#4859,.T.);
#4859 = EDGE_CURVE('',#4686,#4860,#4862,.T.);
#4860 = VERTEX_POINT('',#4861);
#4861 = CARTESIAN_POINT('',(0.690373913214,-1.427873913214,
    1.316538357342));
#4862 = LINE('',#4863,#4864);
#4863 = CARTESIAN_POINT('',(0.713696960238,-1.451196960238,
    1.127293961361));
#4864 = VECTOR('',#4865,1.);
#4865 = DIRECTION('',(-0.121412678489,0.121412678489,0.985148680659));
#4866 = ORIENTED_EDGE('',*,*,#4867,.F.);
#4867 = EDGE_CURVE('',#4774,#4860,#4868,.T.);
#4868 = LINE('',#4869,#4870);
#4869 = CARTESIAN_POINT('',(-0.68625,-1.427873913214,1.316538357342));
#4870 = VECTOR('',#4871,1.);
#4871 = DIRECTION('',(1.,0.,0.));
#4872 = PLANE('',#4873);
#4873 = AXIS2_PLACEMENT_3D('',#4874,#4875,#4876);
#4874 = CARTESIAN_POINT('',(-0.7625,-1.461875,1.040651800803));
#4875 = DIRECTION('',(-8.690453847177E-19,0.992491013642,-0.12231756963)
  );
#4876 = DIRECTION('',(-1.,-8.625197347792E-19,1.062995193566E-19));
#4877 = ADVANCED_FACE('',(#4878),#4905,.T.);
#4878 = FACE_BOUND('',#4879,.T.);
#4879 = EDGE_LOOP('',(#4880,#4889,#4897,#4904));
#4880 = ORIENTED_EDGE('',*,*,#4881,.T.);
#4881 = EDGE_CURVE('',#4774,#4882,#4884,.T.);
#4882 = VERTEX_POINT('',#4883);
#4883 = CARTESIAN_POINT('',(-0.652535193319,-1.390035193319,1.35));
#4884 = ELLIPSE('',#4885,5.391689206547E-02,3.8125E-02);
#4885 = AXIS2_PLACEMENT_3D('',#4886,#4887,#4888);
#4886 = CARTESIAN_POINT('',(-0.652535193319,-1.390035193319,1.311875));
#4887 = DIRECTION('',(-0.707106781187,0.707106781187,0.));
#4888 = DIRECTION('',(0.707106781187,0.707106781187,0.));
#4889 = ORIENTED_EDGE('',*,*,#4890,.T.);
#4890 = EDGE_CURVE('',#4882,#4891,#4893,.T.);
#4891 = VERTEX_POINT('',#4892);
#4892 = CARTESIAN_POINT('',(-0.652535193319,1.390035193319,1.35));
#4893 = LINE('',#4894,#4895);
#4894 = CARTESIAN_POINT('',(-0.652535193319,-1.42375,1.35));
#4895 = VECTOR('',#4896,1.);
#4896 = DIRECTION('',(0.,1.,0.));
#4897 = ORIENTED_EDGE('',*,*,#4898,.F.);
#4898 = EDGE_CURVE('',#4783,#4891,#4899,.T.);
#4899 = ELLIPSE('',#4900,5.391689206547E-02,3.8125E-02);
#4900 = AXIS2_PLACEMENT_3D('',#4901,#4902,#4903);
#4901 = CARTESIAN_POINT('',(-0.652535193319,1.390035193319,1.311875));
#4902 = DIRECTION('',(0.707106781187,0.707106781187,-0.));
#4903 = DIRECTION('',(-0.707106781187,0.707106781187,0.));
#4904 = ORIENTED_EDGE('',*,*,#4790,.F.);
#4905 = CYLINDRICAL_SURFACE('',#4906,3.8125E-02);
#4906 = AXIS2_PLACEMENT_3D('',#4907,#4908,#4909);
#4907 = CARTESIAN_POINT('',(-0.652535193319,-1.42375,1.311875));
#4908 = DIRECTION('',(0.,1.,0.));
#4909 = DIRECTION('',(-0.992491013642,0.,0.12231756963));
#4910 = ADVANCED_FACE('',(#4911),#4929,.T.);
#4911 = FACE_BOUND('',#4912,.F.);
#4912 = EDGE_LOOP('',(#4913,#4914,#4915,#4923));
#4913 = ORIENTED_EDGE('',*,*,#4782,.F.);
#4914 = ORIENTED_EDGE('',*,*,#4814,.T.);
#4915 = ORIENTED_EDGE('',*,*,#4916,.T.);
#4916 = EDGE_CURVE('',#4805,#4917,#4919,.T.);
#4917 = VERTEX_POINT('',#4918);
#4918 = CARTESIAN_POINT('',(0.690373913214,1.427873913214,1.316538357342
    ));
#4919 = LINE('',#4920,#4921);
#4920 = CARTESIAN_POINT('',(0.691585402492,1.429085402492,1.306708271404
    ));
#4921 = VECTOR('',#4922,1.);
#4922 = DIRECTION('',(-0.121412678489,-0.121412678489,0.985148680659));
#4923 = ORIENTED_EDGE('',*,*,#4924,.F.);
#4924 = EDGE_CURVE('',#4783,#4917,#4925,.T.);
#4925 = LINE('',#4926,#4927);
#4926 = CARTESIAN_POINT('',(-0.68625,1.427873913214,1.316538357342));
#4927 = VECTOR('',#4928,1.);
#4928 = DIRECTION('',(1.,0.,0.));
#4929 = PLANE('',#4930);
#4930 = AXIS2_PLACEMENT_3D('',#4931,#4932,#4933);
#4931 = CARTESIAN_POINT('',(-0.7625,1.461875,1.040651800803));
#4932 = DIRECTION('',(8.690453847177E-19,0.992491013642,0.12231756963));
#4933 = DIRECTION('',(-1.,8.625197347792E-19,1.062995193566E-19));
#4934 = ADVANCED_FACE('',(#4935),#4946,.T.);
#4935 = FACE_BOUND('',#4936,.T.);
#4936 = EDGE_LOOP('',(#4937,#4938,#4939,#4940));
#4937 = ORIENTED_EDGE('',*,*,#4859,.F.);
#4938 = ORIENTED_EDGE('',*,*,#4843,.T.);
#4939 = ORIENTED_EDGE('',*,*,#4916,.T.);
#4940 = ORIENTED_EDGE('',*,*,#4941,.F.);
#4941 = EDGE_CURVE('',#4860,#4917,#4942,.T.);
#4942 = LINE('',#4943,#4944);
#4943 = CARTESIAN_POINT('',(0.690373913214,-1.42375,1.316538357342));
#4944 = VECTOR('',#4945,1.);
#4945 = DIRECTION('',(0.,1.,0.));
#4946 = PLANE('',#4947);
#4947 = AXIS2_PLACEMENT_3D('',#4948,#4949,#4950);
#4948 = CARTESIAN_POINT('',(0.724375,-1.5,1.040651800803));
#4949 = DIRECTION('',(0.992491013642,0.,0.12231756963));
#4950 = DIRECTION('',(-0.,1.,0.));
#4951 = ADVANCED_FACE('',(#4952),#4971,.T.);
#4952 = FACE_BOUND('',#4953,.T.);
#4953 = EDGE_LOOP('',(#4954,#4955,#4964,#4970));
#4954 = ORIENTED_EDGE('',*,*,#4867,.T.);
#4955 = ORIENTED_EDGE('',*,*,#4956,.T.);
#4956 = EDGE_CURVE('',#4860,#4957,#4959,.T.);
#4957 = VERTEX_POINT('',#4958);
#4958 = CARTESIAN_POINT('',(0.652535193319,-1.390035193319,1.35));
#4959 = ELLIPSE('',#4960,5.391689206547E-02,3.8125E-02);
#4960 = AXIS2_PLACEMENT_3D('',#4961,#4962,#4963);
#4961 = CARTESIAN_POINT('',(0.652535193319,-1.390035193319,1.311875));
#4962 = DIRECTION('',(-0.707106781187,-0.707106781187,0.));
#4963 = DIRECTION('',(0.707106781187,-0.707106781187,0.));
#4964 = ORIENTED_EDGE('',*,*,#4965,.F.);
#4965 = EDGE_CURVE('',#4882,#4957,#4966,.T.);
#4966 = LINE('',#4967,#4968);
#4967 = CARTESIAN_POINT('',(-0.68625,-1.390035193319,1.35));
#4968 = VECTOR('',#4969,1.);
#4969 = DIRECTION('',(1.,0.,0.));
#4970 = ORIENTED_EDGE('',*,*,#4881,.F.);
#4971 = CYLINDRICAL_SURFACE('',#4972,3.8125E-02);
#4972 = AXIS2_PLACEMENT_3D('',#4973,#4974,#4975);
#4973 = CARTESIAN_POINT('',(-0.68625,-1.390035193319,1.311875));
#4974 = DIRECTION('',(1.,0.,0.));
#4975 = DIRECTION('',(0.,-0.992491013642,0.12231756963));
#4976 = ADVANCED_FACE('',(#4977,#4995),#5006,.T.);
#4977 = FACE_BOUND('',#4978,.T.);
#4978 = EDGE_LOOP('',(#4979,#4980,#4981,#4989));
#4979 = ORIENTED_EDGE('',*,*,#4890,.F.);
#4980 = ORIENTED_EDGE('',*,*,#4965,.T.);
#4981 = ORIENTED_EDGE('',*,*,#4982,.T.);
#4982 = EDGE_CURVE('',#4957,#4983,#4985,.T.);
#4983 = VERTEX_POINT('',#4984);
#4984 = CARTESIAN_POINT('',(0.652535193319,1.390035193319,1.35));
#4985 = LINE('',#4986,#4987);
#4986 = CARTESIAN_POINT('',(0.652535193319,-1.42375,1.35));
#4987 = VECTOR('',#4988,1.);
#4988 = DIRECTION('',(0.,1.,0.));
#4989 = ORIENTED_EDGE('',*,*,#4990,.F.);
#4990 = EDGE_CURVE('',#4891,#4983,#4991,.T.);
#4991 = LINE('',#4992,#4993);
#4992 = CARTESIAN_POINT('',(-0.68625,1.390035193319,1.35));
#4993 = VECTOR('',#4994,1.);
#4994 = DIRECTION('',(1.,0.,0.));
#4995 = FACE_BOUND('',#4996,.T.);
#4996 = EDGE_LOOP('',(#4997));
#4997 = ORIENTED_EDGE('',*,*,#4998,.F.);
#4998 = EDGE_CURVE('',#4999,#4999,#5001,.T.);
#4999 = VERTEX_POINT('',#5000);
#5000 = CARTESIAN_POINT('',(-0.3621875,0.95,1.35));
#5001 = CIRCLE('',#5002,9.53125E-02);
#5002 = AXIS2_PLACEMENT_3D('',#5003,#5004,#5005);
#5003 = CARTESIAN_POINT('',(-0.4575,0.95,1.35));
#5004 = DIRECTION('',(0.,0.,1.));
#5005 = DIRECTION('',(1.,0.,-0.));
#5006 = PLANE('',#5007);
#5007 = AXIS2_PLACEMENT_3D('',#5008,#5009,#5010);
#5008 = CARTESIAN_POINT('',(-0.7625,-1.5,1.35));
#5009 = DIRECTION('',(0.,0.,1.));
#5010 = DIRECTION('',(1.,0.,-0.));
#5011 = ADVANCED_FACE('',(#5012),#5024,.T.);
#5012 = FACE_BOUND('',#5013,.T.);
#5013 = EDGE_LOOP('',(#5014,#5015,#5022,#5023));
#5014 = ORIENTED_EDGE('',*,*,#4990,.T.);
#5015 = ORIENTED_EDGE('',*,*,#5016,.T.);
#5016 = EDGE_CURVE('',#4983,#4917,#5017,.T.);
#5017 = ELLIPSE('',#5018,5.391689206547E-02,3.8125E-02);
#5018 = AXIS2_PLACEMENT_3D('',#5019,#5020,#5021);
#5019 = CARTESIAN_POINT('',(0.652535193319,1.390035193319,1.311875));
#5020 = DIRECTION('',(-0.707106781187,0.707106781187,0.));
#5021 = DIRECTION('',(0.707106781187,0.707106781187,0.));
#5022 = ORIENTED_EDGE('',*,*,#4924,.F.);
#5023 = ORIENTED_EDGE('',*,*,#4898,.T.);
#5024 = CYLINDRICAL_SURFACE('',#5025,3.8125E-02);
#5025 = AXIS2_PLACEMENT_3D('',#5026,#5027,#5028);
#5026 = CARTESIAN_POINT('',(-0.68625,1.390035193319,1.311875));
#5027 = DIRECTION('',(1.,0.,0.));
#5028 = DIRECTION('',(0.,0.,1.));
#5029 = ADVANCED_FACE('',(#5030),#5036,.T.);
#5030 = FACE_BOUND('',#5031,.T.);
#5031 = EDGE_LOOP('',(#5032,#5033,#5034,#5035));
#5032 = ORIENTED_EDGE('',*,*,#4956,.F.);
#5033 = ORIENTED_EDGE('',*,*,#4941,.T.);
#5034 = ORIENTED_EDGE('',*,*,#5016,.F.);
#5035 = ORIENTED_EDGE('',*,*,#4982,.F.);
#5036 = CYLINDRICAL_SURFACE('',#5037,3.8125E-02);
#5037 = AXIS2_PLACEMENT_3D('',#5038,#5039,#5040);
#5038 = CARTESIAN_POINT('',(0.652535193319,-1.42375,1.311875));
#5039 = DIRECTION('',(0.,1.,0.));
#5040 = DIRECTION('',(0.,-0.,1.));
#5041 = ADVANCED_FACE('',(#5042),#5061,.F.);
#5042 = FACE_BOUND('',#5043,.F.);
#5043 = EDGE_LOOP('',(#5044,#5052,#5053,#5054));
#5044 = ORIENTED_EDGE('',*,*,#5045,.T.);
#5045 = EDGE_CURVE('',#5046,#4999,#5048,.T.);
#5046 = VERTEX_POINT('',#5047);
#5047 = CARTESIAN_POINT('',(-0.3621875,0.95,1.215));
#5048 = LINE('',#5049,#5050);
#5049 = CARTESIAN_POINT('',(-0.3621875,0.95,1.215));
#5050 = VECTOR('',#5051,1.);
#5051 = DIRECTION('',(0.,0.,1.));
#5052 = ORIENTED_EDGE('',*,*,#4998,.F.);
#5053 = ORIENTED_EDGE('',*,*,#5045,.F.);
#5054 = ORIENTED_EDGE('',*,*,#5055,.T.);
#5055 = EDGE_CURVE('',#5046,#5046,#5056,.T.);
#5056 = CIRCLE('',#5057,9.53125E-02);
#5057 = AXIS2_PLACEMENT_3D('',#5058,#5059,#5060);
#5058 = CARTESIAN_POINT('',(-0.4575,0.95,1.215));
#5059 = DIRECTION('',(0.,0.,1.));
#5060 = DIRECTION('',(1.,0.,-0.));
#5061 = CYLINDRICAL_SURFACE('',#5062,9.53125E-02);
#5062 = AXIS2_PLACEMENT_3D('',#5063,#5064,#5065);
#5063 = CARTESIAN_POINT('',(-0.4575,0.95,1.215));
#5064 = DIRECTION('',(0.,0.,1.));
#5065 = DIRECTION('',(1.,0.,-0.));
#5066 = ADVANCED_FACE('',(#5067),#5070,.T.);
#5067 = FACE_BOUND('',#5068,.F.);
#5068 = EDGE_LOOP('',(#5069));
#5069 = ORIENTED_EDGE('',*,*,#5055,.F.);
#5070 = PLANE('',#5071);
#5071 = AXIS2_PLACEMENT_3D('',#5072,#5073,#5074);
#5072 = CARTESIAN_POINT('',(-0.4575,0.95,1.215));
#5073 = DIRECTION('',(0.,0.,1.));
#5074 = DIRECTION('',(1.,0.,-0.));
#5075 = ( GEOMETRIC_REPRESENTATION_CONTEXT(3) 
GLOBAL_UNCERTAINTY_ASSIGNED_CONTEXT((#5079)) 
GLOBAL_UNIT_ASSIGNED_CONTEXT((#5076,#5077,#5078)) REPRESENTATION_CONTEXT
('Context #1','3D Context with UNIT and UNCERTAINTY') );
#5076 = ( LENGTH_UNIT() NAMED_UNIT(*) SI_UNIT(.MILLI.,.METRE.) );
#5077 = ( NAMED_UNIT(*) PLANE_ANGLE_UNIT() SI_UNIT($,.RADIAN.) );
#5078 = ( NAMED_UNIT(*) SI_UNIT($,.STERADIAN.) SOLID_ANGLE_UNIT() );
#5079 = UNCERTAINTY_MEASURE_WITH_UNIT(LENGTH_MEASURE(1.E-07),#5076,
  'distance_accuracy_value','confusion accuracy');
#5080 = CONTEXT_DEPENDENT_SHAPE_REPRESENTATION(#5081,#5083);
#5081 = ( REPRESENTATION_RELATIONSHIP('','',#4487,#4456) 
REPRESENTATION_RELATIONSHIP_WITH_TRANSFORMATION(#5082) 
SHAPE_REPRESENTATION_RELATIONSHIP() );
#5082 = ITEM_DEFINED_TRANSFORMATION('','',#11,#4457);
#5083 = PRODUCT_DEFINITION_SHAPE('Placement','Placement of an item',
  #5084);
#5084 = NEXT_ASSEMBLY_USAGE_OCCURRENCE('6','=>[0:1:1:2]','',#4451,#4482,
  $);
#5085 = PRODUCT_RELATED_PRODUCT_CATEGORY('part',$,(#4484));
#5086 = SHAPE_DEFINITION_REPRESENTATION(#5087,#5093);
#5087 = PRODUCT_DEFINITION_SHAPE('','',#5088);
#5088 = PRODUCT_DEFINITION('design','',#5089,#5092);
#5089 = PRODUCT_DEFINITION_FORMATION('','',#5090);
#5090 = PRODUCT('PinsArrayL','PinsArrayL','',(#5091));
#5091 = PRODUCT_CONTEXT('',#2,'mechanical');
#5092 = PRODUCT_DEFINITION_CONTEXT('part definition',#2,'design');
#5093 = SHAPE_REPRESENTATION('',(#11,#5094,#5481),#5868);
#5094 = MANIFOLD_SOLID_BREP('',#5095);
#5095 = CLOSED_SHELL('',(#5096,#5136,#5226,#5251,#5275,#5350,#5367,#5384
    ,#5401,#5418,#5435,#5452,#5469));
#5096 = ADVANCED_FACE('',(#5097),#5131,.T.);
#5097 = FACE_BOUND('',#5098,.T.);
#5098 = EDGE_LOOP('',(#5099,#5109,#5117,#5125));
#5099 = ORIENTED_EDGE('',*,*,#5100,.F.);
#5100 = EDGE_CURVE('',#5101,#5103,#5105,.T.);
#5101 = VERTEX_POINT('',#5102);
#5102 = CARTESIAN_POINT('',(-1.425,1.1375,0.1875));
#5103 = VERTEX_POINT('',#5104);
#5104 = CARTESIAN_POINT('',(-1.181316246973,1.1375,0.1875));
#5105 = LINE('',#5106,#5107);
#5106 = CARTESIAN_POINT('',(-1.425,1.1375,0.1875));
#5107 = VECTOR('',#5108,1.);
#5108 = DIRECTION('',(1.,0.,0.));
#5109 = ORIENTED_EDGE('',*,*,#5110,.F.);
#5110 = EDGE_CURVE('',#5111,#5101,#5113,.T.);
#5111 = VERTEX_POINT('',#5112);
#5112 = CARTESIAN_POINT('',(-1.425,0.7625,0.1875));
#5113 = LINE('',#5114,#5115);
#5114 = CARTESIAN_POINT('',(-1.425,0.7625,0.1875));
#5115 = VECTOR('',#5116,1.);
#5116 = DIRECTION('',(0.,1.,0.));
#5117 = ORIENTED_EDGE('',*,*,#5118,.T.);
#5118 = EDGE_CURVE('',#5111,#5119,#5121,.T.);
#5119 = VERTEX_POINT('',#5120);
#5120 = CARTESIAN_POINT('',(-1.181316246973,0.7625,0.1875));
#5121 = LINE('',#5122,#5123);
#5122 = CARTESIAN_POINT('',(-1.425,0.7625,0.1875));
#5123 = VECTOR('',#5124,1.);
#5124 = DIRECTION('',(1.,0.,0.));
#5125 = ORIENTED_EDGE('',*,*,#5126,.T.);
#5126 = EDGE_CURVE('',#5119,#5103,#5127,.T.);
#5127 = LINE('',#5128,#5129);
#5128 = CARTESIAN_POINT('',(-1.181316246973,0.7625,0.1875));
#5129 = VECTOR('',#5130,1.);
#5130 = DIRECTION('',(0.,1.,0.));
#5131 = PLANE('',#5132);
#5132 = AXIS2_PLACEMENT_3D('',#5133,#5134,#5135);
#5133 = CARTESIAN_POINT('',(-1.425,0.7625,0.1875));
#5134 = DIRECTION('',(0.,0.,1.));
#5135 = DIRECTION('',(1.,0.,-0.));
#5136 = ADVANCED_FACE('',(#5137),#5221,.T.);
#5137 = FACE_BOUND('',#5138,.T.);
#5138 = EDGE_LOOP('',(#5139,#5149,#5155,#5156,#5165,#5173,#5182,#5190,
    #5198,#5206,#5214));
#5139 = ORIENTED_EDGE('',*,*,#5140,.F.);
#5140 = EDGE_CURVE('',#5141,#5143,#5145,.T.);
#5141 = VERTEX_POINT('',#5142);
#5142 = CARTESIAN_POINT('',(-1.425,1.1375,0.));
#5143 = VERTEX_POINT('',#5144);
#5144 = CARTESIAN_POINT('',(-1.112544164649,1.1375,2.775557561563E-17));
#5145 = LINE('',#5146,#5147);
#5146 = CARTESIAN_POINT('',(-1.425,1.1375,0.));
#5147 = VECTOR('',#5148,1.);
#5148 = DIRECTION('',(1.,0.,0.));
#5149 = ORIENTED_EDGE('',*,*,#5150,.T.);
#5150 = EDGE_CURVE('',#5141,#5101,#5151,.T.);
#5151 = LINE('',#5152,#5153);
#5152 = CARTESIAN_POINT('',(-1.425,1.1375,0.));
#5153 = VECTOR('',#5154,1.);
#5154 = DIRECTION('',(0.,0.,1.));
#5155 = ORIENTED_EDGE('',*,*,#5100,.T.);
#5156 = ORIENTED_EDGE('',*,*,#5157,.T.);
#5157 = EDGE_CURVE('',#5103,#5158,#5160,.T.);
#5158 = VERTEX_POINT('',#5159);
#5159 = CARTESIAN_POINT('',(-1.091892879716,1.1375,0.253098199197));
#5160 = CIRCLE('',#5161,9.375E-02);
#5161 = AXIS2_PLACEMENT_3D('',#5162,#5163,#5164);
#5162 = CARTESIAN_POINT('',(-1.181316246973,1.1375,0.28125));
#5163 = DIRECTION('',(0.,-1.,0.));
#5164 = DIRECTION('',(0.,0.,1.));
#5165 = ORIENTED_EDGE('',*,*,#5166,.T.);
#5166 = EDGE_CURVE('',#5158,#5167,#5169,.T.);
#5167 = VERTEX_POINT('',#5168);
#5168 = CARTESIAN_POINT('',(-0.961998019446,1.1375,0.665705402409));
#5169 = LINE('',#5170,#5171);
#5170 = CARTESIAN_POINT('',(-1.153846734514,1.1375,5.630360160613E-02));
#5171 = VECTOR('',#5172,1.);
#5172 = DIRECTION('',(0.300285875233,0.,0.953849250739));
#5173 = ORIENTED_EDGE('',*,*,#5174,.T.);
#5174 = EDGE_CURVE('',#5167,#5175,#5177,.T.);
#5175 = VERTEX_POINT('',#5176);
#5176 = CARTESIAN_POINT('',(-0.872574652189,1.1375,0.731303601606));
#5177 = CIRCLE('',#5178,9.375E-02);
#5178 = AXIS2_PLACEMENT_3D('',#5179,#5180,#5181);
#5179 = CARTESIAN_POINT('',(-0.872574652189,1.1375,0.637553601606));
#5180 = DIRECTION('',(0.,1.,0.));
#5181 = DIRECTION('',(0.,-0.,1.));
#5182 = ORIENTED_EDGE('',*,*,#5183,.T.);
#5183 = EDGE_CURVE('',#5175,#5184,#5186,.T.);
#5184 = VERTEX_POINT('',#5185);
#5185 = CARTESIAN_POINT('',(-0.7625,1.1375,0.731303601606));
#5186 = LINE('',#5187,#5188);
#5187 = CARTESIAN_POINT('',(-0.941346734514,1.1375,0.731303601606));
#5188 = VECTOR('',#5189,1.);
#5189 = DIRECTION('',(1.,0.,0.));
#5190 = ORIENTED_EDGE('',*,*,#5191,.F.);
#5191 = EDGE_CURVE('',#5192,#5184,#5194,.T.);
#5192 = VERTEX_POINT('',#5193);
#5193 = CARTESIAN_POINT('',(-0.7625,1.1375,0.543803601606));
#5194 = LINE('',#5195,#5196);
#5195 = CARTESIAN_POINT('',(-0.7625,1.1375,0.543803601606));
#5196 = VECTOR('',#5197,1.);
#5197 = DIRECTION('',(0.,0.,1.));
#5198 = ORIENTED_EDGE('',*,*,#5199,.F.);
#5199 = EDGE_CURVE('',#5200,#5192,#5202,.T.);
#5200 = VERTEX_POINT('',#5201);
#5201 = CARTESIAN_POINT('',(-0.803802569865,1.1375,0.543803601606));
#5202 = LINE('',#5203,#5204);
#5203 = CARTESIAN_POINT('',(-0.941346734514,1.1375,0.543803601606));
#5204 = VECTOR('',#5205,1.);
#5205 = DIRECTION('',(1.,0.,0.));
#5206 = ORIENTED_EDGE('',*,*,#5207,.F.);
#5207 = EDGE_CURVE('',#5208,#5200,#5210,.T.);
#5208 = VERTEX_POINT('',#5209);
#5209 = CARTESIAN_POINT('',(-0.933697430135,1.1375,0.131196398394));
#5210 = LINE('',#5211,#5212);
#5211 = CARTESIAN_POINT('',(-0.975,1.1375,-1.387778780781E-17));
#5212 = VECTOR('',#5213,1.);
#5213 = DIRECTION('',(0.300285875233,0.,0.953849250739));
#5214 = ORIENTED_EDGE('',*,*,#5215,.F.);
#5215 = EDGE_CURVE('',#5143,#5208,#5216,.T.);
#5216 = CIRCLE('',#5217,0.1875);
#5217 = AXIS2_PLACEMENT_3D('',#5218,#5219,#5220);
#5218 = CARTESIAN_POINT('',(-1.112544164649,1.1375,0.1875));
#5219 = DIRECTION('',(0.,-1.,0.));
#5220 = DIRECTION('',(0.,0.,1.));
#5221 = PLANE('',#5222);
#5222 = AXIS2_PLACEMENT_3D('',#5223,#5224,#5225);
#5223 = CARTESIAN_POINT('',(-1.050445392629,1.1375,0.306619024656));
#5224 = DIRECTION('',(2.07663048389E-30,1.,-1.278455289869E-30));
#5225 = DIRECTION('',(1.,-2.07663048389E-30,-2.346654637078E-76));
#5226 = ADVANCED_FACE('',(#5227),#5246,.F.);
#5227 = FACE_BOUND('',#5228,.F.);
#5228 = EDGE_LOOP('',(#5229,#5230,#5231,#5239));
#5229 = ORIENTED_EDGE('',*,*,#5126,.T.);
#5230 = ORIENTED_EDGE('',*,*,#5157,.T.);
#5231 = ORIENTED_EDGE('',*,*,#5232,.F.);
#5232 = EDGE_CURVE('',#5233,#5158,#5235,.T.);
#5233 = VERTEX_POINT('',#5234);
#5234 = CARTESIAN_POINT('',(-1.091892879716,0.7625,0.253098199197));
#5235 = LINE('',#5236,#5237);
#5236 = CARTESIAN_POINT('',(-1.091892879716,0.7625,0.253098199197));
#5237 = VECTOR('',#5238,1.);
#5238 = DIRECTION('',(0.,1.,0.));
#5239 = ORIENTED_EDGE('',*,*,#5240,.F.);
#5240 = EDGE_CURVE('',#5119,#5233,#5241,.T.);
#5241 = CIRCLE('',#5242,9.375E-02);
#5242 = AXIS2_PLACEMENT_3D('',#5243,#5244,#5245);
#5243 = CARTESIAN_POINT('',(-1.181316246973,0.7625,0.28125));
#5244 = DIRECTION('',(0.,-1.,0.));
#5245 = DIRECTION('',(0.,0.,1.));
#5246 = CYLINDRICAL_SURFACE('',#5247,9.375E-02);
#5247 = AXIS2_PLACEMENT_3D('',#5248,#5249,#5250);
#5248 = CARTESIAN_POINT('',(-1.181316246973,0.7625,0.28125));
#5249 = DIRECTION('',(0.,1.,0.));
#5250 = DIRECTION('',(0.,0.,-1.));
#5251 = ADVANCED_FACE('',(#5252),#5270,.F.);
#5252 = FACE_BOUND('',#5253,.F.);
#5253 = EDGE_LOOP('',(#5254,#5262,#5268,#5269));
#5254 = ORIENTED_EDGE('',*,*,#5255,.F.);
#5255 = EDGE_CURVE('',#5256,#5111,#5258,.T.);
#5256 = VERTEX_POINT('',#5257);
#5257 = CARTESIAN_POINT('',(-1.425,0.7625,0.));
#5258 = LINE('',#5259,#5260);
#5259 = CARTESIAN_POINT('',(-1.425,0.7625,0.));
#5260 = VECTOR('',#5261,1.);
#5261 = DIRECTION('',(0.,0.,1.));
#5262 = ORIENTED_EDGE('',*,*,#5263,.T.);
#5263 = EDGE_CURVE('',#5256,#5141,#5264,.T.);
#5264 = LINE('',#5265,#5266);
#5265 = CARTESIAN_POINT('',(-1.425,0.7625,0.));
#5266 = VECTOR('',#5267,1.);
#5267 = DIRECTION('',(0.,1.,0.));
#5268 = ORIENTED_EDGE('',*,*,#5150,.T.);
#5269 = ORIENTED_EDGE('',*,*,#5110,.F.);
#5270 = PLANE('',#5271);
#5271 = AXIS2_PLACEMENT_3D('',#5272,#5273,#5274);
#5272 = CARTESIAN_POINT('',(-1.425,0.7625,0.));
#5273 = DIRECTION('',(1.,0.,0.));
#5274 = DIRECTION('',(0.,0.,1.));
#5275 = ADVANCED_FACE('',(#5276),#5345,.T.);
#5276 = FACE_BOUND('',#5277,.T.);
#5277 = EDGE_LOOP('',(#5278,#5286,#5295,#5303,#5311,#5319,#5327,#5336,
    #5342,#5343,#5344));
#5278 = ORIENTED_EDGE('',*,*,#5279,.T.);
#5279 = EDGE_CURVE('',#5256,#5280,#5282,.T.);
#5280 = VERTEX_POINT('',#5281);
#5281 = CARTESIAN_POINT('',(-1.112544164649,0.7625,2.775557561563E-17));
#5282 = LINE('',#5283,#5284);
#5283 = CARTESIAN_POINT('',(-1.425,0.7625,0.));
#5284 = VECTOR('',#5285,1.);
#5285 = DIRECTION('',(1.,0.,0.));
#5286 = ORIENTED_EDGE('',*,*,#5287,.T.);
#5287 = EDGE_CURVE('',#5280,#5288,#5290,.T.);
#5288 = VERTEX_POINT('',#5289);
#5289 = CARTESIAN_POINT('',(-0.933697430135,0.7625,0.131196398394));
#5290 = CIRCLE('',#5291,0.1875);
#5291 = AXIS2_PLACEMENT_3D('',#5292,#5293,#5294);
#5292 = CARTESIAN_POINT('',(-1.112544164649,0.7625,0.1875));
#5293 = DIRECTION('',(0.,-1.,0.));
#5294 = DIRECTION('',(0.,0.,1.));
#5295 = ORIENTED_EDGE('',*,*,#5296,.T.);
#5296 = EDGE_CURVE('',#5288,#5297,#5299,.T.);
#5297 = VERTEX_POINT('',#5298);
#5298 = CARTESIAN_POINT('',(-0.803802569865,0.7625,0.543803601606));
#5299 = LINE('',#5300,#5301);
#5300 = CARTESIAN_POINT('',(-0.975,0.7625,-1.387778780781E-17));
#5301 = VECTOR('',#5302,1.);
#5302 = DIRECTION('',(0.300285875233,0.,0.953849250739));
#5303 = ORIENTED_EDGE('',*,*,#5304,.T.);
#5304 = EDGE_CURVE('',#5297,#5305,#5307,.T.);
#5305 = VERTEX_POINT('',#5306);
#5306 = CARTESIAN_POINT('',(-0.7625,0.7625,0.543803601606));
#5307 = LINE('',#5308,#5309);
#5308 = CARTESIAN_POINT('',(-0.941346734514,0.7625,0.543803601606));
#5309 = VECTOR('',#5310,1.);
#5310 = DIRECTION('',(1.,0.,0.));
#5311 = ORIENTED_EDGE('',*,*,#5312,.T.);
#5312 = EDGE_CURVE('',#5305,#5313,#5315,.T.);
#5313 = VERTEX_POINT('',#5314);
#5314 = CARTESIAN_POINT('',(-0.7625,0.7625,0.731303601606));
#5315 = LINE('',#5316,#5317);
#5316 = CARTESIAN_POINT('',(-0.7625,0.7625,0.543803601606));
#5317 = VECTOR('',#5318,1.);
#5318 = DIRECTION('',(0.,0.,1.));
#5319 = ORIENTED_EDGE('',*,*,#5320,.F.);
#5320 = EDGE_CURVE('',#5321,#5313,#5323,.T.);
#5321 = VERTEX_POINT('',#5322);
#5322 = CARTESIAN_POINT('',(-0.872574652189,0.7625,0.731303601606));
#5323 = LINE('',#5324,#5325);
#5324 = CARTESIAN_POINT('',(-0.941346734514,0.7625,0.731303601606));
#5325 = VECTOR('',#5326,1.);
#5326 = DIRECTION('',(1.,0.,0.));
#5327 = ORIENTED_EDGE('',*,*,#5328,.F.);
#5328 = EDGE_CURVE('',#5329,#5321,#5331,.T.);
#5329 = VERTEX_POINT('',#5330);
#5330 = CARTESIAN_POINT('',(-0.961998019446,0.7625,0.665705402409));
#5331 = CIRCLE('',#5332,9.375E-02);
#5332 = AXIS2_PLACEMENT_3D('',#5333,#5334,#5335);
#5333 = CARTESIAN_POINT('',(-0.872574652189,0.7625,0.637553601606));
#5334 = DIRECTION('',(0.,1.,0.));
#5335 = DIRECTION('',(0.,-0.,1.));
#5336 = ORIENTED_EDGE('',*,*,#5337,.F.);
#5337 = EDGE_CURVE('',#5233,#5329,#5338,.T.);
#5338 = LINE('',#5339,#5340);
#5339 = CARTESIAN_POINT('',(-1.153846734514,0.7625,5.630360160613E-02));
#5340 = VECTOR('',#5341,1.);
#5341 = DIRECTION('',(0.300285875233,0.,0.953849250739));
#5342 = ORIENTED_EDGE('',*,*,#5240,.F.);
#5343 = ORIENTED_EDGE('',*,*,#5118,.F.);
#5344 = ORIENTED_EDGE('',*,*,#5255,.F.);
#5345 = PLANE('',#5346);
#5346 = AXIS2_PLACEMENT_3D('',#5347,#5348,#5349);
#5347 = CARTESIAN_POINT('',(-1.050445392629,0.7625,0.306619024656));
#5348 = DIRECTION('',(-8.020812120979E-31,-1.,4.837112302362E-31));
#5349 = DIRECTION('',(-1.,8.020812120979E-31,2.328184145661E-77));
#5350 = ADVANCED_FACE('',(#5351),#5362,.F.);
#5351 = FACE_BOUND('',#5352,.F.);
#5352 = EDGE_LOOP('',(#5353,#5354,#5355,#5356));
#5353 = ORIENTED_EDGE('',*,*,#5140,.F.);
#5354 = ORIENTED_EDGE('',*,*,#5263,.F.);
#5355 = ORIENTED_EDGE('',*,*,#5279,.T.);
#5356 = ORIENTED_EDGE('',*,*,#5357,.T.);
#5357 = EDGE_CURVE('',#5280,#5143,#5358,.T.);
#5358 = LINE('',#5359,#5360);
#5359 = CARTESIAN_POINT('',(-1.112544164649,0.7625,2.775557561563E-17));
#5360 = VECTOR('',#5361,1.);
#5361 = DIRECTION('',(0.,1.,0.));
#5362 = PLANE('',#5363);
#5363 = AXIS2_PLACEMENT_3D('',#5364,#5365,#5366);
#5364 = CARTESIAN_POINT('',(-1.425,0.7625,0.));
#5365 = DIRECTION('',(0.,0.,1.));
#5366 = DIRECTION('',(1.,0.,-0.));
#5367 = ADVANCED_FACE('',(#5368),#5379,.T.);
#5368 = FACE_BOUND('',#5369,.T.);
#5369 = EDGE_LOOP('',(#5370,#5371,#5372,#5378));
#5370 = ORIENTED_EDGE('',*,*,#5357,.T.);
#5371 = ORIENTED_EDGE('',*,*,#5215,.T.);
#5372 = ORIENTED_EDGE('',*,*,#5373,.F.);
#5373 = EDGE_CURVE('',#5288,#5208,#5374,.T.);
#5374 = LINE('',#5375,#5376);
#5375 = CARTESIAN_POINT('',(-0.933697430135,0.7625,0.131196398394));
#5376 = VECTOR('',#5377,1.);
#5377 = DIRECTION('',(0.,1.,0.));
#5378 = ORIENTED_EDGE('',*,*,#5287,.F.);
#5379 = CYLINDRICAL_SURFACE('',#5380,0.1875);
#5380 = AXIS2_PLACEMENT_3D('',#5381,#5382,#5383);
#5381 = CARTESIAN_POINT('',(-1.112544164649,0.7625,0.1875));
#5382 = DIRECTION('',(0.,1.,0.));
#5383 = DIRECTION('',(0.,0.,-1.));
#5384 = ADVANCED_FACE('',(#5385),#5396,.T.);
#5385 = FACE_BOUND('',#5386,.T.);
#5386 = EDGE_LOOP('',(#5387,#5388,#5389,#5390));
#5387 = ORIENTED_EDGE('',*,*,#5296,.F.);
#5388 = ORIENTED_EDGE('',*,*,#5373,.T.);
#5389 = ORIENTED_EDGE('',*,*,#5207,.T.);
#5390 = ORIENTED_EDGE('',*,*,#5391,.F.);
#5391 = EDGE_CURVE('',#5297,#5200,#5392,.T.);
#5392 = LINE('',#5393,#5394);
#5393 = CARTESIAN_POINT('',(-0.803802569865,0.7625,0.543803601606));
#5394 = VECTOR('',#5395,1.);
#5395 = DIRECTION('',(0.,1.,0.));
#5396 = PLANE('',#5397);
#5397 = AXIS2_PLACEMENT_3D('',#5398,#5399,#5400);
#5398 = CARTESIAN_POINT('',(-0.975,0.7625,-1.387778780781E-17));
#5399 = DIRECTION('',(0.953849250739,0.,-0.300285875233));
#5400 = DIRECTION('',(0.300285875233,0.,0.953849250739));
#5401 = ADVANCED_FACE('',(#5402),#5413,.F.);
#5402 = FACE_BOUND('',#5403,.F.);
#5403 = EDGE_LOOP('',(#5404,#5405,#5406,#5407));
#5404 = ORIENTED_EDGE('',*,*,#5199,.F.);
#5405 = ORIENTED_EDGE('',*,*,#5391,.F.);
#5406 = ORIENTED_EDGE('',*,*,#5304,.T.);
#5407 = ORIENTED_EDGE('',*,*,#5408,.T.);
#5408 = EDGE_CURVE('',#5305,#5192,#5409,.T.);
#5409 = LINE('',#5410,#5411);
#5410 = CARTESIAN_POINT('',(-0.7625,0.7625,0.543803601606));
#5411 = VECTOR('',#5412,1.);
#5412 = DIRECTION('',(0.,1.,0.));
#5413 = PLANE('',#5414);
#5414 = AXIS2_PLACEMENT_3D('',#5415,#5416,#5417);
#5415 = CARTESIAN_POINT('',(-0.941346734514,0.7625,0.543803601606));
#5416 = DIRECTION('',(0.,0.,1.));
#5417 = DIRECTION('',(1.,0.,-0.));
#5418 = ADVANCED_FACE('',(#5419),#5430,.T.);
#5419 = FACE_BOUND('',#5420,.T.);
#5420 = EDGE_LOOP('',(#5421,#5422,#5423,#5424));
#5421 = ORIENTED_EDGE('',*,*,#5312,.F.);
#5422 = ORIENTED_EDGE('',*,*,#5408,.T.);
#5423 = ORIENTED_EDGE('',*,*,#5191,.T.);
#5424 = ORIENTED_EDGE('',*,*,#5425,.F.);
#5425 = EDGE_CURVE('',#5313,#5184,#5426,.T.);
#5426 = LINE('',#5427,#5428);
#5427 = CARTESIAN_POINT('',(-0.7625,0.7625,0.731303601606));
#5428 = VECTOR('',#5429,1.);
#5429 = DIRECTION('',(0.,1.,0.));
#5430 = PLANE('',#5431);
#5431 = AXIS2_PLACEMENT_3D('',#5432,#5433,#5434);
#5432 = CARTESIAN_POINT('',(-0.7625,0.7625,0.543803601606));
#5433 = DIRECTION('',(1.,0.,0.));
#5434 = DIRECTION('',(0.,0.,1.));
#5435 = ADVANCED_FACE('',(#5436),#5447,.F.);
#5436 = FACE_BOUND('',#5437,.F.);
#5437 = EDGE_LOOP('',(#5438,#5439,#5440,#5441));
#5438 = ORIENTED_EDGE('',*,*,#5337,.F.);
#5439 = ORIENTED_EDGE('',*,*,#5232,.T.);
#5440 = ORIENTED_EDGE('',*,*,#5166,.T.);
#5441 = ORIENTED_EDGE('',*,*,#5442,.F.);
#5442 = EDGE_CURVE('',#5329,#5167,#5443,.T.);
#5443 = LINE('',#5444,#5445);
#5444 = CARTESIAN_POINT('',(-0.961998019446,0.7625,0.665705402409));
#5445 = VECTOR('',#5446,1.);
#5446 = DIRECTION('',(0.,1.,0.));
#5447 = PLANE('',#5448);
#5448 = AXIS2_PLACEMENT_3D('',#5449,#5450,#5451);
#5449 = CARTESIAN_POINT('',(-1.153846734514,0.7625,5.630360160613E-02));
#5450 = DIRECTION('',(0.953849250739,0.,-0.300285875233));
#5451 = DIRECTION('',(0.300285875233,0.,0.953849250739));
#5452 = ADVANCED_FACE('',(#5453),#5464,.T.);
#5453 = FACE_BOUND('',#5454,.T.);
#5454 = EDGE_LOOP('',(#5455,#5456,#5457,#5458));
#5455 = ORIENTED_EDGE('',*,*,#5320,.T.);
#5456 = ORIENTED_EDGE('',*,*,#5425,.T.);
#5457 = ORIENTED_EDGE('',*,*,#5183,.F.);
#5458 = ORIENTED_EDGE('',*,*,#5459,.F.);
#5459 = EDGE_CURVE('',#5321,#5175,#5460,.T.);
#5460 = LINE('',#5461,#5462);
#5461 = CARTESIAN_POINT('',(-0.872574652189,0.7625,0.731303601606));
#5462 = VECTOR('',#5463,1.);
#5463 = DIRECTION('',(0.,1.,0.));
#5464 = PLANE('',#5465);
#5465 = AXIS2_PLACEMENT_3D('',#5466,#5467,#5468);
#5466 = CARTESIAN_POINT('',(-0.941346734514,0.7625,0.731303601606));
#5467 = DIRECTION('',(0.,0.,1.));
#5468 = DIRECTION('',(1.,0.,-0.));
#5469 = ADVANCED_FACE('',(#5470),#5476,.T.);
#5470 = FACE_BOUND('',#5471,.T.);
#5471 = EDGE_LOOP('',(#5472,#5473,#5474,#5475));
#5472 = ORIENTED_EDGE('',*,*,#5328,.T.);
#5473 = ORIENTED_EDGE('',*,*,#5459,.T.);
#5474 = ORIENTED_EDGE('',*,*,#5174,.F.);
#5475 = ORIENTED_EDGE('',*,*,#5442,.F.);
#5476 = CYLINDRICAL_SURFACE('',#5477,9.375E-02);
#5477 = AXIS2_PLACEMENT_3D('',#5478,#5479,#5480);
#5478 = CARTESIAN_POINT('',(-0.872574652189,0.7625,0.637553601606));
#5479 = DIRECTION('',(0.,1.,0.));
#5480 = DIRECTION('',(-0.953849250739,0.,0.300285875233));
#5481 = MANIFOLD_SOLID_BREP('',#5482);
#5482 = CLOSED_SHELL('',(#5483,#5523,#5613,#5638,#5662,#5737,#5754,#5771
    ,#5788,#5805,#5822,#5839,#5856));
#5483 = ADVANCED_FACE('',(#5484),#5518,.T.);
#5484 = FACE_BOUND('',#5485,.T.);
#5485 = EDGE_LOOP('',(#5486,#5496,#5504,#5512));
#5486 = ORIENTED_EDGE('',*,*,#5487,.F.);
#5487 = EDGE_CURVE('',#5488,#5490,#5492,.T.);
#5488 = VERTEX_POINT('',#5489);
#5489 = CARTESIAN_POINT('',(-1.425,-0.7625,0.1875));
#5490 = VERTEX_POINT('',#5491);
#5491 = CARTESIAN_POINT('',(-1.181316246973,-0.7625,0.1875));
#5492 = LINE('',#5493,#5494);
#5493 = CARTESIAN_POINT('',(-1.425,-0.7625,0.1875));
#5494 = VECTOR('',#5495,1.);
#5495 = DIRECTION('',(1.,0.,0.));
#5496 = ORIENTED_EDGE('',*,*,#5497,.F.);
#5497 = EDGE_CURVE('',#5498,#5488,#5500,.T.);
#5498 = VERTEX_POINT('',#5499);
#5499 = CARTESIAN_POINT('',(-1.425,-1.1375,0.1875));
#5500 = LINE('',#5501,#5502);
#5501 = CARTESIAN_POINT('',(-1.425,-1.1375,0.1875));
#5502 = VECTOR('',#5503,1.);
#5503 = DIRECTION('',(0.,1.,0.));
#5504 = ORIENTED_EDGE('',*,*,#5505,.T.);
#5505 = EDGE_CURVE('',#5498,#5506,#5508,.T.);
#5506 = VERTEX_POINT('',#5507);
#5507 = CARTESIAN_POINT('',(-1.181316246973,-1.1375,0.1875));
#5508 = LINE('',#5509,#5510);
#5509 = CARTESIAN_POINT('',(-1.425,-1.1375,0.1875));
#5510 = VECTOR('',#5511,1.);
#5511 = DIRECTION('',(1.,0.,0.));
#5512 = ORIENTED_EDGE('',*,*,#5513,.T.);
#5513 = EDGE_CURVE('',#5506,#5490,#5514,.T.);
#5514 = LINE('',#5515,#5516);
#5515 = CARTESIAN_POINT('',(-1.181316246973,-1.1375,0.1875));
#5516 = VECTOR('',#5517,1.);
#5517 = DIRECTION('',(0.,1.,0.));
#5518 = PLANE('',#5519);
#5519 = AXIS2_PLACEMENT_3D('',#5520,#5521,#5522);
#5520 = CARTESIAN_POINT('',(-1.425,-1.1375,0.1875));
#5521 = DIRECTION('',(0.,0.,1.));
#5522 = DIRECTION('',(1.,0.,-0.));
#5523 = ADVANCED_FACE('',(#5524),#5608,.T.);
#5524 = FACE_BOUND('',#5525,.T.);
#5525 = EDGE_LOOP('',(#5526,#5536,#5542,#5543,#5552,#5560,#5569,#5577,
    #5585,#5593,#5601));
#5526 = ORIENTED_EDGE('',*,*,#5527,.F.);
#5527 = EDGE_CURVE('',#5528,#5530,#5532,.T.);
#5528 = VERTEX_POINT('',#5529);
#5529 = CARTESIAN_POINT('',(-1.425,-0.7625,0.));
#5530 = VERTEX_POINT('',#5531);
#5531 = CARTESIAN_POINT('',(-1.112544164649,-0.7625,2.775557561563E-17)
  );
#5532 = LINE('',#5533,#5534);
#5533 = CARTESIAN_POINT('',(-1.425,-0.7625,0.));
#5534 = VECTOR('',#5535,1.);
#5535 = DIRECTION('',(1.,0.,0.));
#5536 = ORIENTED_EDGE('',*,*,#5537,.T.);
#5537 = EDGE_CURVE('',#5528,#5488,#5538,.T.);
#5538 = LINE('',#5539,#5540);
#5539 = CARTESIAN_POINT('',(-1.425,-0.7625,0.));
#5540 = VECTOR('',#5541,1.);
#5541 = DIRECTION('',(0.,0.,1.));
#5542 = ORIENTED_EDGE('',*,*,#5487,.T.);
#5543 = ORIENTED_EDGE('',*,*,#5544,.T.);
#5544 = EDGE_CURVE('',#5490,#5545,#5547,.T.);
#5545 = VERTEX_POINT('',#5546);
#5546 = CARTESIAN_POINT('',(-1.091892879716,-0.7625,0.253098199197));
#5547 = CIRCLE('',#5548,9.375E-02);
#5548 = AXIS2_PLACEMENT_3D('',#5549,#5550,#5551);
#5549 = CARTESIAN_POINT('',(-1.181316246973,-0.7625,0.28125));
#5550 = DIRECTION('',(0.,-1.,0.));
#5551 = DIRECTION('',(0.,0.,1.));
#5552 = ORIENTED_EDGE('',*,*,#5553,.T.);
#5553 = EDGE_CURVE('',#5545,#5554,#5556,.T.);
#5554 = VERTEX_POINT('',#5555);
#5555 = CARTESIAN_POINT('',(-0.961998019446,-0.7625,0.665705402409));
#5556 = LINE('',#5557,#5558);
#5557 = CARTESIAN_POINT('',(-1.153846734514,-0.7625,5.630360160613E-02)
  );
#5558 = VECTOR('',#5559,1.);
#5559 = DIRECTION('',(0.300285875233,0.,0.953849250739));
#5560 = ORIENTED_EDGE('',*,*,#5561,.T.);
#5561 = EDGE_CURVE('',#5554,#5562,#5564,.T.);
#5562 = VERTEX_POINT('',#5563);
#5563 = CARTESIAN_POINT('',(-0.872574652189,-0.7625,0.731303601606));
#5564 = CIRCLE('',#5565,9.375E-02);
#5565 = AXIS2_PLACEMENT_3D('',#5566,#5567,#5568);
#5566 = CARTESIAN_POINT('',(-0.872574652189,-0.7625,0.637553601606));
#5567 = DIRECTION('',(0.,1.,0.));
#5568 = DIRECTION('',(0.,-0.,1.));
#5569 = ORIENTED_EDGE('',*,*,#5570,.T.);
#5570 = EDGE_CURVE('',#5562,#5571,#5573,.T.);
#5571 = VERTEX_POINT('',#5572);
#5572 = CARTESIAN_POINT('',(-0.7625,-0.7625,0.731303601606));
#5573 = LINE('',#5574,#5575);
#5574 = CARTESIAN_POINT('',(-0.941346734514,-0.7625,0.731303601606));
#5575 = VECTOR('',#5576,1.);
#5576 = DIRECTION('',(1.,0.,0.));
#5577 = ORIENTED_EDGE('',*,*,#5578,.F.);
#5578 = EDGE_CURVE('',#5579,#5571,#5581,.T.);
#5579 = VERTEX_POINT('',#5580);
#5580 = CARTESIAN_POINT('',(-0.7625,-0.7625,0.543803601606));
#5581 = LINE('',#5582,#5583);
#5582 = CARTESIAN_POINT('',(-0.7625,-0.7625,0.543803601606));
#5583 = VECTOR('',#5584,1.);
#5584 = DIRECTION('',(0.,0.,1.));
#5585 = ORIENTED_EDGE('',*,*,#5586,.F.);
#5586 = EDGE_CURVE('',#5587,#5579,#5589,.T.);
#5587 = VERTEX_POINT('',#5588);
#5588 = CARTESIAN_POINT('',(-0.803802569865,-0.7625,0.543803601606));
#5589 = LINE('',#5590,#5591);
#5590 = CARTESIAN_POINT('',(-0.941346734514,-0.7625,0.543803601606));
#5591 = VECTOR('',#5592,1.);
#5592 = DIRECTION('',(1.,0.,0.));
#5593 = ORIENTED_EDGE('',*,*,#5594,.F.);
#5594 = EDGE_CURVE('',#5595,#5587,#5597,.T.);
#5595 = VERTEX_POINT('',#5596);
#5596 = CARTESIAN_POINT('',(-0.933697430135,-0.7625,0.131196398394));
#5597 = LINE('',#5598,#5599);
#5598 = CARTESIAN_POINT('',(-0.975,-0.7625,-1.387778780781E-17));
#5599 = VECTOR('',#5600,1.);
#5600 = DIRECTION('',(0.300285875233,0.,0.953849250739));
#5601 = ORIENTED_EDGE('',*,*,#5602,.F.);
#5602 = EDGE_CURVE('',#5530,#5595,#5603,.T.);
#5603 = CIRCLE('',#5604,0.1875);
#5604 = AXIS2_PLACEMENT_3D('',#5605,#5606,#5607);
#5605 = CARTESIAN_POINT('',(-1.112544164649,-0.7625,0.1875));
#5606 = DIRECTION('',(0.,-1.,0.));
#5607 = DIRECTION('',(0.,0.,1.));
#5608 = PLANE('',#5609);
#5609 = AXIS2_PLACEMENT_3D('',#5610,#5611,#5612);
#5610 = CARTESIAN_POINT('',(-1.050445392629,-0.7625,0.306619024656));
#5611 = DIRECTION('',(2.07663048389E-30,1.,-1.278455289869E-30));
#5612 = DIRECTION('',(1.,-2.07663048389E-30,-2.346654637078E-76));
#5613 = ADVANCED_FACE('',(#5614),#5633,.F.);
#5614 = FACE_BOUND('',#5615,.F.);
#5615 = EDGE_LOOP('',(#5616,#5617,#5618,#5626));
#5616 = ORIENTED_EDGE('',*,*,#5513,.T.);
#5617 = ORIENTED_EDGE('',*,*,#5544,.T.);
#5618 = ORIENTED_EDGE('',*,*,#5619,.F.);
#5619 = EDGE_CURVE('',#5620,#5545,#5622,.T.);
#5620 = VERTEX_POINT('',#5621);
#5621 = CARTESIAN_POINT('',(-1.091892879716,-1.1375,0.253098199197));
#5622 = LINE('',#5623,#5624);
#5623 = CARTESIAN_POINT('',(-1.091892879716,-1.1375,0.253098199197));
#5624 = VECTOR('',#5625,1.);
#5625 = DIRECTION('',(0.,1.,0.));
#5626 = ORIENTED_EDGE('',*,*,#5627,.F.);
#5627 = EDGE_CURVE('',#5506,#5620,#5628,.T.);
#5628 = CIRCLE('',#5629,9.375E-02);
#5629 = AXIS2_PLACEMENT_3D('',#5630,#5631,#5632);
#5630 = CARTESIAN_POINT('',(-1.181316246973,-1.1375,0.28125));
#5631 = DIRECTION('',(0.,-1.,0.));
#5632 = DIRECTION('',(0.,0.,1.));
#5633 = CYLINDRICAL_SURFACE('',#5634,9.375E-02);
#5634 = AXIS2_PLACEMENT_3D('',#5635,#5636,#5637);
#5635 = CARTESIAN_POINT('',(-1.181316246973,-1.1375,0.28125));
#5636 = DIRECTION('',(0.,1.,0.));
#5637 = DIRECTION('',(0.,0.,-1.));
#5638 = ADVANCED_FACE('',(#5639),#5657,.F.);
#5639 = FACE_BOUND('',#5640,.F.);
#5640 = EDGE_LOOP('',(#5641,#5649,#5655,#5656));
#5641 = ORIENTED_EDGE('',*,*,#5642,.F.);
#5642 = EDGE_CURVE('',#5643,#5498,#5645,.T.);
#5643 = VERTEX_POINT('',#5644);
#5644 = CARTESIAN_POINT('',(-1.425,-1.1375,0.));
#5645 = LINE('',#5646,#5647);
#5646 = CARTESIAN_POINT('',(-1.425,-1.1375,0.));
#5647 = VECTOR('',#5648,1.);
#5648 = DIRECTION('',(0.,0.,1.));
#5649 = ORIENTED_EDGE('',*,*,#5650,.T.);
#5650 = EDGE_CURVE('',#5643,#5528,#5651,.T.);
#5651 = LINE('',#5652,#5653);
#5652 = CARTESIAN_POINT('',(-1.425,-1.1375,0.));
#5653 = VECTOR('',#5654,1.);
#5654 = DIRECTION('',(0.,1.,0.));
#5655 = ORIENTED_EDGE('',*,*,#5537,.T.);
#5656 = ORIENTED_EDGE('',*,*,#5497,.F.);
#5657 = PLANE('',#5658);
#5658 = AXIS2_PLACEMENT_3D('',#5659,#5660,#5661);
#5659 = CARTESIAN_POINT('',(-1.425,-1.1375,0.));
#5660 = DIRECTION('',(1.,0.,0.));
#5661 = DIRECTION('',(0.,0.,1.));
#5662 = ADVANCED_FACE('',(#5663),#5732,.T.);
#5663 = FACE_BOUND('',#5664,.T.);
#5664 = EDGE_LOOP('',(#5665,#5673,#5682,#5690,#5698,#5706,#5714,#5723,
    #5729,#5730,#5731));
#5665 = ORIENTED_EDGE('',*,*,#5666,.T.);
#5666 = EDGE_CURVE('',#5643,#5667,#5669,.T.);
#5667 = VERTEX_POINT('',#5668);
#5668 = CARTESIAN_POINT('',(-1.112544164649,-1.1375,2.775557561563E-17)
  );
#5669 = LINE('',#5670,#5671);
#5670 = CARTESIAN_POINT('',(-1.425,-1.1375,0.));
#5671 = VECTOR('',#5672,1.);
#5672 = DIRECTION('',(1.,0.,0.));
#5673 = ORIENTED_EDGE('',*,*,#5674,.T.);
#5674 = EDGE_CURVE('',#5667,#5675,#5677,.T.);
#5675 = VERTEX_POINT('',#5676);
#5676 = CARTESIAN_POINT('',(-0.933697430135,-1.1375,0.131196398394));
#5677 = CIRCLE('',#5678,0.1875);
#5678 = AXIS2_PLACEMENT_3D('',#5679,#5680,#5681);
#5679 = CARTESIAN_POINT('',(-1.112544164649,-1.1375,0.1875));
#5680 = DIRECTION('',(0.,-1.,0.));
#5681 = DIRECTION('',(0.,0.,1.));
#5682 = ORIENTED_EDGE('',*,*,#5683,.T.);
#5683 = EDGE_CURVE('',#5675,#5684,#5686,.T.);
#5684 = VERTEX_POINT('',#5685);
#5685 = CARTESIAN_POINT('',(-0.803802569865,-1.1375,0.543803601606));
#5686 = LINE('',#5687,#5688);
#5687 = CARTESIAN_POINT('',(-0.975,-1.1375,-1.387778780781E-17));
#5688 = VECTOR('',#5689,1.);
#5689 = DIRECTION('',(0.300285875233,0.,0.953849250739));
#5690 = ORIENTED_EDGE('',*,*,#5691,.T.);
#5691 = EDGE_CURVE('',#5684,#5692,#5694,.T.);
#5692 = VERTEX_POINT('',#5693);
#5693 = CARTESIAN_POINT('',(-0.7625,-1.1375,0.543803601606));
#5694 = LINE('',#5695,#5696);
#5695 = CARTESIAN_POINT('',(-0.941346734514,-1.1375,0.543803601606));
#5696 = VECTOR('',#5697,1.);
#5697 = DIRECTION('',(1.,0.,0.));
#5698 = ORIENTED_EDGE('',*,*,#5699,.T.);
#5699 = EDGE_CURVE('',#5692,#5700,#5702,.T.);
#5700 = VERTEX_POINT('',#5701);
#5701 = CARTESIAN_POINT('',(-0.7625,-1.1375,0.731303601606));
#5702 = LINE('',#5703,#5704);
#5703 = CARTESIAN_POINT('',(-0.7625,-1.1375,0.543803601606));
#5704 = VECTOR('',#5705,1.);
#5705 = DIRECTION('',(0.,0.,1.));
#5706 = ORIENTED_EDGE('',*,*,#5707,.F.);
#5707 = EDGE_CURVE('',#5708,#5700,#5710,.T.);
#5708 = VERTEX_POINT('',#5709);
#5709 = CARTESIAN_POINT('',(-0.872574652189,-1.1375,0.731303601606));
#5710 = LINE('',#5711,#5712);
#5711 = CARTESIAN_POINT('',(-0.941346734514,-1.1375,0.731303601606));
#5712 = VECTOR('',#5713,1.);
#5713 = DIRECTION('',(1.,0.,0.));
#5714 = ORIENTED_EDGE('',*,*,#5715,.F.);
#5715 = EDGE_CURVE('',#5716,#5708,#5718,.T.);
#5716 = VERTEX_POINT('',#5717);
#5717 = CARTESIAN_POINT('',(-0.961998019446,-1.1375,0.665705402409));
#5718 = CIRCLE('',#5719,9.375E-02);
#5719 = AXIS2_PLACEMENT_3D('',#5720,#5721,#5722);
#5720 = CARTESIAN_POINT('',(-0.872574652189,-1.1375,0.637553601606));
#5721 = DIRECTION('',(0.,1.,0.));
#5722 = DIRECTION('',(0.,-0.,1.));
#5723 = ORIENTED_EDGE('',*,*,#5724,.F.);
#5724 = EDGE_CURVE('',#5620,#5716,#5725,.T.);
#5725 = LINE('',#5726,#5727);
#5726 = CARTESIAN_POINT('',(-1.153846734514,-1.1375,5.630360160613E-02)
  );
#5727 = VECTOR('',#5728,1.);
#5728 = DIRECTION('',(0.300285875233,0.,0.953849250739));
#5729 = ORIENTED_EDGE('',*,*,#5627,.F.);
#5730 = ORIENTED_EDGE('',*,*,#5505,.F.);
#5731 = ORIENTED_EDGE('',*,*,#5642,.F.);
#5732 = PLANE('',#5733);
#5733 = AXIS2_PLACEMENT_3D('',#5734,#5735,#5736);
#5734 = CARTESIAN_POINT('',(-1.050445392629,-1.1375,0.306619024656));
#5735 = DIRECTION('',(-8.020812120979E-31,-1.,4.837112302362E-31));
#5736 = DIRECTION('',(-1.,8.020812120979E-31,2.328184145661E-77));
#5737 = ADVANCED_FACE('',(#5738),#5749,.F.);
#5738 = FACE_BOUND('',#5739,.F.);
#5739 = EDGE_LOOP('',(#5740,#5741,#5742,#5743));
#5740 = ORIENTED_EDGE('',*,*,#5527,.F.);
#5741 = ORIENTED_EDGE('',*,*,#5650,.F.);
#5742 = ORIENTED_EDGE('',*,*,#5666,.T.);
#5743 = ORIENTED_EDGE('',*,*,#5744,.T.);
#5744 = EDGE_CURVE('',#5667,#5530,#5745,.T.);
#5745 = LINE('',#5746,#5747);
#5746 = CARTESIAN_POINT('',(-1.112544164649,-1.1375,2.775557561563E-17)
  );
#5747 = VECTOR('',#5748,1.);
#5748 = DIRECTION('',(0.,1.,0.));
#5749 = PLANE('',#5750);
#5750 = AXIS2_PLACEMENT_3D('',#5751,#5752,#5753);
#5751 = CARTESIAN_POINT('',(-1.425,-1.1375,0.));
#5752 = DIRECTION('',(0.,0.,1.));
#5753 = DIRECTION('',(1.,0.,-0.));
#5754 = ADVANCED_FACE('',(#5755),#5766,.T.);
#5755 = FACE_BOUND('',#5756,.T.);
#5756 = EDGE_LOOP('',(#5757,#5758,#5759,#5765));
#5757 = ORIENTED_EDGE('',*,*,#5744,.T.);
#5758 = ORIENTED_EDGE('',*,*,#5602,.T.);
#5759 = ORIENTED_EDGE('',*,*,#5760,.F.);
#5760 = EDGE_CURVE('',#5675,#5595,#5761,.T.);
#5761 = LINE('',#5762,#5763);
#5762 = CARTESIAN_POINT('',(-0.933697430135,-1.1375,0.131196398394));
#5763 = VECTOR('',#5764,1.);
#5764 = DIRECTION('',(0.,1.,0.));
#5765 = ORIENTED_EDGE('',*,*,#5674,.F.);
#5766 = CYLINDRICAL_SURFACE('',#5767,0.1875);
#5767 = AXIS2_PLACEMENT_3D('',#5768,#5769,#5770);
#5768 = CARTESIAN_POINT('',(-1.112544164649,-1.1375,0.1875));
#5769 = DIRECTION('',(0.,1.,0.));
#5770 = DIRECTION('',(0.,0.,-1.));
#5771 = ADVANCED_FACE('',(#5772),#5783,.T.);
#5772 = FACE_BOUND('',#5773,.T.);
#5773 = EDGE_LOOP('',(#5774,#5775,#5776,#5777));
#5774 = ORIENTED_EDGE('',*,*,#5683,.F.);
#5775 = ORIENTED_EDGE('',*,*,#5760,.T.);
#5776 = ORIENTED_EDGE('',*,*,#5594,.T.);
#5777 = ORIENTED_EDGE('',*,*,#5778,.F.);
#5778 = EDGE_CURVE('',#5684,#5587,#5779,.T.);
#5779 = LINE('',#5780,#5781);
#5780 = CARTESIAN_POINT('',(-0.803802569865,-1.1375,0.543803601606));
#5781 = VECTOR('',#5782,1.);
#5782 = DIRECTION('',(0.,1.,0.));
#5783 = PLANE('',#5784);
#5784 = AXIS2_PLACEMENT_3D('',#5785,#5786,#5787);
#5785 = CARTESIAN_POINT('',(-0.975,-1.1375,-1.387778780781E-17));
#5786 = DIRECTION('',(0.953849250739,0.,-0.300285875233));
#5787 = DIRECTION('',(0.300285875233,0.,0.953849250739));
#5788 = ADVANCED_FACE('',(#5789),#5800,.F.);
#5789 = FACE_BOUND('',#5790,.F.);
#5790 = EDGE_LOOP('',(#5791,#5792,#5793,#5794));
#5791 = ORIENTED_EDGE('',*,*,#5586,.F.);
#5792 = ORIENTED_EDGE('',*,*,#5778,.F.);
#5793 = ORIENTED_EDGE('',*,*,#5691,.T.);
#5794 = ORIENTED_EDGE('',*,*,#5795,.T.);
#5795 = EDGE_CURVE('',#5692,#5579,#5796,.T.);
#5796 = LINE('',#5797,#5798);
#5797 = CARTESIAN_POINT('',(-0.7625,-1.1375,0.543803601606));
#5798 = VECTOR('',#5799,1.);
#5799 = DIRECTION('',(0.,1.,0.));
#5800 = PLANE('',#5801);
#5801 = AXIS2_PLACEMENT_3D('',#5802,#5803,#5804);
#5802 = CARTESIAN_POINT('',(-0.941346734514,-1.1375,0.543803601606));
#5803 = DIRECTION('',(0.,0.,1.));
#5804 = DIRECTION('',(1.,0.,-0.));
#5805 = ADVANCED_FACE('',(#5806),#5817,.T.);
#5806 = FACE_BOUND('',#5807,.T.);
#5807 = EDGE_LOOP('',(#5808,#5809,#5810,#5811));
#5808 = ORIENTED_EDGE('',*,*,#5699,.F.);
#5809 = ORIENTED_EDGE('',*,*,#5795,.T.);
#5810 = ORIENTED_EDGE('',*,*,#5578,.T.);
#5811 = ORIENTED_EDGE('',*,*,#5812,.F.);
#5812 = EDGE_CURVE('',#5700,#5571,#5813,.T.);
#5813 = LINE('',#5814,#5815);
#5814 = CARTESIAN_POINT('',(-0.7625,-1.1375,0.731303601606));
#5815 = VECTOR('',#5816,1.);
#5816 = DIRECTION('',(0.,1.,0.));
#5817 = PLANE('',#5818);
#5818 = AXIS2_PLACEMENT_3D('',#5819,#5820,#5821);
#5819 = CARTESIAN_POINT('',(-0.7625,-1.1375,0.543803601606));
#5820 = DIRECTION('',(1.,0.,0.));
#5821 = DIRECTION('',(0.,0.,1.));
#5822 = ADVANCED_FACE('',(#5823),#5834,.F.);
#5823 = FACE_BOUND('',#5824,.F.);
#5824 = EDGE_LOOP('',(#5825,#5826,#5827,#5828));
#5825 = ORIENTED_EDGE('',*,*,#5724,.F.);
#5826 = ORIENTED_EDGE('',*,*,#5619,.T.);
#5827 = ORIENTED_EDGE('',*,*,#5553,.T.);
#5828 = ORIENTED_EDGE('',*,*,#5829,.F.);
#5829 = EDGE_CURVE('',#5716,#5554,#5830,.T.);
#5830 = LINE('',#5831,#5832);
#5831 = CARTESIAN_POINT('',(-0.961998019446,-1.1375,0.665705402409));
#5832 = VECTOR('',#5833,1.);
#5833 = DIRECTION('',(0.,1.,0.));
#5834 = PLANE('',#5835);
#5835 = AXIS2_PLACEMENT_3D('',#5836,#5837,#5838);
#5836 = CARTESIAN_POINT('',(-1.153846734514,-1.1375,5.630360160613E-02)
  );
#5837 = DIRECTION('',(0.953849250739,0.,-0.300285875233));
#5838 = DIRECTION('',(0.300285875233,0.,0.953849250739));
#5839 = ADVANCED_FACE('',(#5840),#5851,.T.);
#5840 = FACE_BOUND('',#5841,.T.);
#5841 = EDGE_LOOP('',(#5842,#5843,#5844,#5845));
#5842 = ORIENTED_EDGE('',*,*,#5707,.T.);
#5843 = ORIENTED_EDGE('',*,*,#5812,.T.);
#5844 = ORIENTED_EDGE('',*,*,#5570,.F.);
#5845 = ORIENTED_EDGE('',*,*,#5846,.F.);
#5846 = EDGE_CURVE('',#5708,#5562,#5847,.T.);
#5847 = LINE('',#5848,#5849);
#5848 = CARTESIAN_POINT('',(-0.872574652189,-1.1375,0.731303601606));
#5849 = VECTOR('',#5850,1.);
#5850 = DIRECTION('',(0.,1.,0.));
#5851 = PLANE('',#5852);
#5852 = AXIS2_PLACEMENT_3D('',#5853,#5854,#5855);
#5853 = CARTESIAN_POINT('',(-0.941346734514,-1.1375,0.731303601606));
#5854 = DIRECTION('',(0.,0.,1.));
#5855 = DIRECTION('',(1.,0.,-0.));
#5856 = ADVANCED_FACE('',(#5857),#5863,.T.);
#5857 = FACE_BOUND('',#5858,.T.);
#5858 = EDGE_LOOP('',(#5859,#5860,#5861,#5862));
#5859 = ORIENTED_EDGE('',*,*,#5715,.T.);
#5860 = ORIENTED_EDGE('',*,*,#5846,.T.);
#5861 = ORIENTED_EDGE('',*,*,#5561,.F.);
#5862 = ORIENTED_EDGE('',*,*,#5829,.F.);
#5863 = CYLINDRICAL_SURFACE('',#5864,9.375E-02);
#5864 = AXIS2_PLACEMENT_3D('',#5865,#5866,#5867);
#5865 = CARTESIAN_POINT('',(-0.872574652189,-1.1375,0.637553601606));
#5866 = DIRECTION('',(0.,1.,0.));
#5867 = DIRECTION('',(-0.953849250739,0.,0.300285875233));
#5868 = ( GEOMETRIC_REPRESENTATION_CONTEXT(3) 
GLOBAL_UNCERTAINTY_ASSIGNED_CONTEXT((#5872)) 
GLOBAL_UNIT_ASSIGNED_CONTEXT((#5869,#5870,#5871)) REPRESENTATION_CONTEXT
('Context #1','3D Context with UNIT and UNCERTAINTY') );
#5869 = ( LENGTH_UNIT() NAMED_UNIT(*) SI_UNIT(.MILLI.,.METRE.) );
#5870 = ( NAMED_UNIT(*) PLANE_ANGLE_UNIT() SI_UNIT($,.RADIAN.) );
#5871 = ( NAMED_UNIT(*) SI_UNIT($,.STERADIAN.) SOLID_ANGLE_UNIT() );
#5872 = UNCERTAINTY_MEASURE_WITH_UNIT(LENGTH_MEASURE(1.E-07),#5869,
  'distance_accuracy_value','confusion accuracy');
#5873 = CONTEXT_DEPENDENT_SHAPE_REPRESENTATION(#5874,#5876);
#5874 = ( REPRESENTATION_RELATIONSHIP('','',#5093,#4456) 
REPRESENTATION_RELATIONSHIP_WITH_TRANSFORMATION(#5875) 
SHAPE_REPRESENTATION_RELATIONSHIP() );
#5875 = ITEM_DEFINED_TRANSFORMATION('','',#11,#4461);
#5876 = PRODUCT_DEFINITION_SHAPE('Placement','Placement of an item',
  #5877);
#5877 = NEXT_ASSEMBLY_USAGE_OCCURRENCE('7','=>[0:1:1:3]','',#4451,#5088,
  $);
#5878 = PRODUCT_RELATED_PRODUCT_CATEGORY('part',$,(#5090));
#5879 = SHAPE_DEFINITION_REPRESENTATION(#5880,#5886);
#5880 = PRODUCT_DEFINITION_SHAPE('','',#5881);
#5881 = PRODUCT_DEFINITION('design','',#5882,#5885);
#5882 = PRODUCT_DEFINITION_FORMATION('','',#5883);
#5883 = PRODUCT('FilletPinR','FilletPinR','',(#5884));
#5884 = PRODUCT_CONTEXT('',#2,'mechanical');
#5885 = PRODUCT_DEFINITION_CONTEXT('part definition',#2,'design');
#5886 = ADVANCED_BREP_SHAPE_REPRESENTATION('',(#11,#5887),#6274);
#5887 = MANIFOLD_SOLID_BREP('',#5888);
#5888 = CLOSED_SHELL('',(#5889,#5929,#6019,#6044,#6068,#6143,#6160,#6177
    ,#6194,#6211,#6228,#6245,#6262));
#5889 = ADVANCED_FACE('',(#5890),#5924,.T.);
#5890 = FACE_BOUND('',#5891,.T.);
#5891 = EDGE_LOOP('',(#5892,#5902,#5910,#5918));
#5892 = ORIENTED_EDGE('',*,*,#5893,.F.);
#5893 = EDGE_CURVE('',#5894,#5896,#5898,.T.);
#5894 = VERTEX_POINT('',#5895);
#5895 = CARTESIAN_POINT('',(1.181316246973,0.1875,0.1875));
#5896 = VERTEX_POINT('',#5897);
#5897 = CARTESIAN_POINT('',(1.425,0.1875,0.1875));
#5898 = LINE('',#5899,#5900);
#5899 = CARTESIAN_POINT('',(0.975,0.1875,0.1875));
#5900 = VECTOR('',#5901,1.);
#5901 = DIRECTION('',(1.,0.,0.));
#5902 = ORIENTED_EDGE('',*,*,#5903,.F.);
#5903 = EDGE_CURVE('',#5904,#5894,#5906,.T.);
#5904 = VERTEX_POINT('',#5905);
#5905 = CARTESIAN_POINT('',(1.181316246973,-0.1875,0.1875));
#5906 = LINE('',#5907,#5908);
#5907 = CARTESIAN_POINT('',(1.181316246973,-0.1875,0.1875));
#5908 = VECTOR('',#5909,1.);
#5909 = DIRECTION('',(0.,1.,0.));
#5910 = ORIENTED_EDGE('',*,*,#5911,.T.);
#5911 = EDGE_CURVE('',#5904,#5912,#5914,.T.);
#5912 = VERTEX_POINT('',#5913);
#5913 = CARTESIAN_POINT('',(1.425,-0.1875,0.1875));
#5914 = LINE('',#5915,#5916);
#5915 = CARTESIAN_POINT('',(0.975,-0.1875,0.1875));
#5916 = VECTOR('',#5917,1.);
#5917 = DIRECTION('',(1.,0.,0.));
#5918 = ORIENTED_EDGE('',*,*,#5919,.T.);
#5919 = EDGE_CURVE('',#5912,#5896,#5920,.T.);
#5920 = LINE('',#5921,#5922);
#5921 = CARTESIAN_POINT('',(1.425,-0.1875,0.1875));
#5922 = VECTOR('',#5923,1.);
#5923 = DIRECTION('',(0.,1.,0.));
#5924 = PLANE('',#5925);
#5925 = AXIS2_PLACEMENT_3D('',#5926,#5927,#5928);
#5926 = CARTESIAN_POINT('',(0.975,-0.1875,0.1875));
#5927 = DIRECTION('',(0.,0.,1.));
#5928 = DIRECTION('',(1.,0.,-0.));
#5929 = ADVANCED_FACE('',(#5930),#6014,.T.);
#5930 = FACE_BOUND('',#5931,.T.);
#5931 = EDGE_LOOP('',(#5932,#5942,#5951,#5959,#5967,#5975,#5983,#5992,
    #6000,#6007,#6008));
#5932 = ORIENTED_EDGE('',*,*,#5933,.F.);
#5933 = EDGE_CURVE('',#5934,#5936,#5938,.T.);
#5934 = VERTEX_POINT('',#5935);
#5935 = CARTESIAN_POINT('',(1.112544164649,0.1875,2.775557561563E-17));
#5936 = VERTEX_POINT('',#5937);
#5937 = CARTESIAN_POINT('',(1.425,0.1875,0.));
#5938 = LINE('',#5939,#5940);
#5939 = CARTESIAN_POINT('',(0.975,0.1875,0.));
#5940 = VECTOR('',#5941,1.);
#5941 = DIRECTION('',(1.,0.,0.));
#5942 = ORIENTED_EDGE('',*,*,#5943,.T.);
#5943 = EDGE_CURVE('',#5934,#5944,#5946,.T.);
#5944 = VERTEX_POINT('',#5945);
#5945 = CARTESIAN_POINT('',(0.933697430135,0.1875,0.131196398394));
#5946 = CIRCLE('',#5947,0.1875);
#5947 = AXIS2_PLACEMENT_3D('',#5948,#5949,#5950);
#5948 = CARTESIAN_POINT('',(1.112544164649,0.1875,0.1875));
#5949 = DIRECTION('',(0.,1.,0.));
#5950 = DIRECTION('',(0.,-0.,1.));
#5951 = ORIENTED_EDGE('',*,*,#5952,.T.);
#5952 = EDGE_CURVE('',#5944,#5953,#5955,.T.);
#5953 = VERTEX_POINT('',#5954);
#5954 = CARTESIAN_POINT('',(0.803802569865,0.1875,0.543803601606));
#5955 = LINE('',#5956,#5957);
#5956 = CARTESIAN_POINT('',(0.975,0.1875,0.));
#5957 = VECTOR('',#5958,1.);
#5958 = DIRECTION('',(-0.300285875233,0.,0.953849250739));
#5959 = ORIENTED_EDGE('',*,*,#5960,.F.);
#5960 = EDGE_CURVE('',#5961,#5953,#5963,.T.);
#5961 = VERTEX_POINT('',#5962);
#5962 = CARTESIAN_POINT('',(0.7625,0.1875,0.543803601606));
#5963 = LINE('',#5964,#5965);
#5964 = CARTESIAN_POINT('',(0.7625,0.1875,0.543803601606));
#5965 = VECTOR('',#5966,1.);
#5966 = DIRECTION('',(1.,0.,0.));
#5967 = ORIENTED_EDGE('',*,*,#5968,.T.);
#5968 = EDGE_CURVE('',#5961,#5969,#5971,.T.);
#5969 = VERTEX_POINT('',#5970);
#5970 = CARTESIAN_POINT('',(0.7625,0.1875,0.731303601606));
#5971 = LINE('',#5972,#5973);
#5972 = CARTESIAN_POINT('',(0.7625,0.1875,0.543803601606));
#5973 = VECTOR('',#5974,1.);
#5974 = DIRECTION('',(0.,0.,1.));
#5975 = ORIENTED_EDGE('',*,*,#5976,.T.);
#5976 = EDGE_CURVE('',#5969,#5977,#5979,.T.);
#5977 = VERTEX_POINT('',#5978);
#5978 = CARTESIAN_POINT('',(0.872574652189,0.1875,0.731303601606));
#5979 = LINE('',#5980,#5981);
#5980 = CARTESIAN_POINT('',(0.7625,0.1875,0.731303601606));
#5981 = VECTOR('',#5982,1.);
#5982 = DIRECTION('',(1.,0.,0.));
#5983 = ORIENTED_EDGE('',*,*,#5984,.F.);
#5984 = EDGE_CURVE('',#5985,#5977,#5987,.T.);
#5985 = VERTEX_POINT('',#5986);
#5986 = CARTESIAN_POINT('',(0.961998019446,0.1875,0.665705402409));
#5987 = CIRCLE('',#5988,9.375E-02);
#5988 = AXIS2_PLACEMENT_3D('',#5989,#5990,#5991);
#5989 = CARTESIAN_POINT('',(0.872574652189,0.1875,0.637553601606));
#5990 = DIRECTION('',(0.,-1.,0.));
#5991 = DIRECTION('',(0.,0.,1.));
#5992 = ORIENTED_EDGE('',*,*,#5993,.F.);
#5993 = EDGE_CURVE('',#5994,#5985,#5996,.T.);
#5994 = VERTEX_POINT('',#5995);
#5995 = CARTESIAN_POINT('',(1.091892879716,0.1875,0.253098199197));
#5996 = LINE('',#5997,#5998);
#5997 = CARTESIAN_POINT('',(1.153846734514,0.1875,5.630360160613E-02));
#5998 = VECTOR('',#5999,1.);
#5999 = DIRECTION('',(-0.300285875233,0.,0.953849250739));
#6000 = ORIENTED_EDGE('',*,*,#6001,.F.);
#6001 = EDGE_CURVE('',#5894,#5994,#6002,.T.);
#6002 = CIRCLE('',#6003,9.375E-02);
#6003 = AXIS2_PLACEMENT_3D('',#6004,#6005,#6006);
#6004 = CARTESIAN_POINT('',(1.181316246973,0.1875,0.28125));
#6005 = DIRECTION('',(0.,1.,0.));
#6006 = DIRECTION('',(0.,-0.,1.));
#6007 = ORIENTED_EDGE('',*,*,#5893,.T.);
#6008 = ORIENTED_EDGE('',*,*,#6009,.F.);
#6009 = EDGE_CURVE('',#5936,#5896,#6010,.T.);
#6010 = LINE('',#6011,#6012);
#6011 = CARTESIAN_POINT('',(1.425,0.1875,0.));
#6012 = VECTOR('',#6013,1.);
#6013 = DIRECTION('',(0.,0.,1.));
#6014 = PLANE('',#6015);
#6015 = AXIS2_PLACEMENT_3D('',#6016,#6017,#6018);
#6016 = CARTESIAN_POINT('',(1.050445392629,0.1875,0.306619024656));
#6017 = DIRECTION('',(-3.659062351662E-31,1.,-2.163901755909E-31));
#6018 = DIRECTION('',(1.,3.659062351662E-31,8.221495802667E-78));
#6019 = ADVANCED_FACE('',(#6020),#6039,.F.);
#6020 = FACE_BOUND('',#6021,.F.);
#6021 = EDGE_LOOP('',(#6022,#6031,#6037,#6038));
#6022 = ORIENTED_EDGE('',*,*,#6023,.T.);
#6023 = EDGE_CURVE('',#5904,#6024,#6026,.T.);
#6024 = VERTEX_POINT('',#6025);
#6025 = CARTESIAN_POINT('',(1.091892879716,-0.1875,0.253098199197));
#6026 = CIRCLE('',#6027,9.375E-02);
#6027 = AXIS2_PLACEMENT_3D('',#6028,#6029,#6030);
#6028 = CARTESIAN_POINT('',(1.181316246973,-0.1875,0.28125));
#6029 = DIRECTION('',(0.,1.,0.));
#6030 = DIRECTION('',(0.,-0.,1.));
#6031 = ORIENTED_EDGE('',*,*,#6032,.T.);
#6032 = EDGE_CURVE('',#6024,#5994,#6033,.T.);
#6033 = LINE('',#6034,#6035);
#6034 = CARTESIAN_POINT('',(1.091892879716,-0.1875,0.253098199197));
#6035 = VECTOR('',#6036,1.);
#6036 = DIRECTION('',(0.,1.,0.));
#6037 = ORIENTED_EDGE('',*,*,#6001,.F.);
#6038 = ORIENTED_EDGE('',*,*,#5903,.F.);
#6039 = CYLINDRICAL_SURFACE('',#6040,9.375E-02);
#6040 = AXIS2_PLACEMENT_3D('',#6041,#6042,#6043);
#6041 = CARTESIAN_POINT('',(1.181316246973,-0.1875,0.28125));
#6042 = DIRECTION('',(0.,1.,0.));
#6043 = DIRECTION('',(0.,0.,-1.));
#6044 = ADVANCED_FACE('',(#6045),#6063,.T.);
#6045 = FACE_BOUND('',#6046,.T.);
#6046 = EDGE_LOOP('',(#6047,#6055,#6061,#6062));
#6047 = ORIENTED_EDGE('',*,*,#6048,.F.);
#6048 = EDGE_CURVE('',#6049,#5912,#6051,.T.);
#6049 = VERTEX_POINT('',#6050);
#6050 = CARTESIAN_POINT('',(1.425,-0.1875,0.));
#6051 = LINE('',#6052,#6053);
#6052 = CARTESIAN_POINT('',(1.425,-0.1875,0.));
#6053 = VECTOR('',#6054,1.);
#6054 = DIRECTION('',(0.,0.,1.));
#6055 = ORIENTED_EDGE('',*,*,#6056,.T.);
#6056 = EDGE_CURVE('',#6049,#5936,#6057,.T.);
#6057 = LINE('',#6058,#6059);
#6058 = CARTESIAN_POINT('',(1.425,-0.1875,0.));
#6059 = VECTOR('',#6060,1.);
#6060 = DIRECTION('',(0.,1.,0.));
#6061 = ORIENTED_EDGE('',*,*,#6009,.T.);
#6062 = ORIENTED_EDGE('',*,*,#5919,.F.);
#6063 = PLANE('',#6064);
#6064 = AXIS2_PLACEMENT_3D('',#6065,#6066,#6067);
#6065 = CARTESIAN_POINT('',(1.425,-0.1875,0.));
#6066 = DIRECTION('',(1.,0.,0.));
#6067 = DIRECTION('',(0.,0.,1.));
#6068 = ADVANCED_FACE('',(#6069),#6138,.T.);
#6069 = FACE_BOUND('',#6070,.T.);
#6070 = EDGE_LOOP('',(#6071,#6079,#6080,#6081,#6082,#6090,#6099,#6107,
    #6115,#6123,#6131));
#6071 = ORIENTED_EDGE('',*,*,#6072,.T.);
#6072 = EDGE_CURVE('',#6073,#6049,#6075,.T.);
#6073 = VERTEX_POINT('',#6074);
#6074 = CARTESIAN_POINT('',(1.112544164649,-0.1875,2.775557561563E-17));
#6075 = LINE('',#6076,#6077);
#6076 = CARTESIAN_POINT('',(0.975,-0.1875,0.));
#6077 = VECTOR('',#6078,1.);
#6078 = DIRECTION('',(1.,0.,0.));
#6079 = ORIENTED_EDGE('',*,*,#6048,.T.);
#6080 = ORIENTED_EDGE('',*,*,#5911,.F.);
#6081 = ORIENTED_EDGE('',*,*,#6023,.T.);
#6082 = ORIENTED_EDGE('',*,*,#6083,.T.);
#6083 = EDGE_CURVE('',#6024,#6084,#6086,.T.);
#6084 = VERTEX_POINT('',#6085);
#6085 = CARTESIAN_POINT('',(0.961998019446,-0.1875,0.665705402409));
#6086 = LINE('',#6087,#6088);
#6087 = CARTESIAN_POINT('',(1.153846734514,-0.1875,5.630360160613E-02));
#6088 = VECTOR('',#6089,1.);
#6089 = DIRECTION('',(-0.300285875233,0.,0.953849250739));
#6090 = ORIENTED_EDGE('',*,*,#6091,.T.);
#6091 = EDGE_CURVE('',#6084,#6092,#6094,.T.);
#6092 = VERTEX_POINT('',#6093);
#6093 = CARTESIAN_POINT('',(0.872574652189,-0.1875,0.731303601606));
#6094 = CIRCLE('',#6095,9.375E-02);
#6095 = AXIS2_PLACEMENT_3D('',#6096,#6097,#6098);
#6096 = CARTESIAN_POINT('',(0.872574652189,-0.1875,0.637553601606));
#6097 = DIRECTION('',(0.,-1.,0.));
#6098 = DIRECTION('',(0.,0.,1.));
#6099 = ORIENTED_EDGE('',*,*,#6100,.F.);
#6100 = EDGE_CURVE('',#6101,#6092,#6103,.T.);
#6101 = VERTEX_POINT('',#6102);
#6102 = CARTESIAN_POINT('',(0.7625,-0.1875,0.731303601606));
#6103 = LINE('',#6104,#6105);
#6104 = CARTESIAN_POINT('',(0.7625,-0.1875,0.731303601606));
#6105 = VECTOR('',#6106,1.);
#6106 = DIRECTION('',(1.,0.,0.));
#6107 = ORIENTED_EDGE('',*,*,#6108,.F.);
#6108 = EDGE_CURVE('',#6109,#6101,#6111,.T.);
#6109 = VERTEX_POINT('',#6110);
#6110 = CARTESIAN_POINT('',(0.7625,-0.1875,0.543803601606));
#6111 = LINE('',#6112,#6113);
#6112 = CARTESIAN_POINT('',(0.7625,-0.1875,0.543803601606));
#6113 = VECTOR('',#6114,1.);
#6114 = DIRECTION('',(0.,0.,1.));
#6115 = ORIENTED_EDGE('',*,*,#6116,.T.);
#6116 = EDGE_CURVE('',#6109,#6117,#6119,.T.);
#6117 = VERTEX_POINT('',#6118);
#6118 = CARTESIAN_POINT('',(0.803802569865,-0.1875,0.543803601606));
#6119 = LINE('',#6120,#6121);
#6120 = CARTESIAN_POINT('',(0.7625,-0.1875,0.543803601606));
#6121 = VECTOR('',#6122,1.);
#6122 = DIRECTION('',(1.,0.,0.));
#6123 = ORIENTED_EDGE('',*,*,#6124,.F.);
#6124 = EDGE_CURVE('',#6125,#6117,#6127,.T.);
#6125 = VERTEX_POINT('',#6126);
#6126 = CARTESIAN_POINT('',(0.933697430135,-0.1875,0.131196398394));
#6127 = LINE('',#6128,#6129);
#6128 = CARTESIAN_POINT('',(0.975,-0.1875,0.));
#6129 = VECTOR('',#6130,1.);
#6130 = DIRECTION('',(-0.300285875233,0.,0.953849250739));
#6131 = ORIENTED_EDGE('',*,*,#6132,.F.);
#6132 = EDGE_CURVE('',#6073,#6125,#6133,.T.);
#6133 = CIRCLE('',#6134,0.1875);
#6134 = AXIS2_PLACEMENT_3D('',#6135,#6136,#6137);
#6135 = CARTESIAN_POINT('',(1.112544164649,-0.1875,0.1875));
#6136 = DIRECTION('',(0.,1.,0.));
#6137 = DIRECTION('',(0.,-0.,1.));
#6138 = PLANE('',#6139);
#6139 = AXIS2_PLACEMENT_3D('',#6140,#6141,#6142);
#6140 = CARTESIAN_POINT('',(1.050445392629,-0.1875,0.306619024656));
#6141 = DIRECTION('',(1.704882893567E-31,-1.,1.378775647545E-32));
#6142 = DIRECTION('',(-1.,-1.704882893567E-31,1.196257131669E-79));
#6143 = ADVANCED_FACE('',(#6144),#6155,.F.);
#6144 = FACE_BOUND('',#6145,.F.);
#6145 = EDGE_LOOP('',(#6146,#6147,#6148,#6149));
#6146 = ORIENTED_EDGE('',*,*,#6072,.T.);
#6147 = ORIENTED_EDGE('',*,*,#6056,.T.);
#6148 = ORIENTED_EDGE('',*,*,#5933,.F.);
#6149 = ORIENTED_EDGE('',*,*,#6150,.F.);
#6150 = EDGE_CURVE('',#6073,#5934,#6151,.T.);
#6151 = LINE('',#6152,#6153);
#6152 = CARTESIAN_POINT('',(1.112544164649,-0.1875,2.775557561563E-17));
#6153 = VECTOR('',#6154,1.);
#6154 = DIRECTION('',(0.,1.,0.));
#6155 = PLANE('',#6156);
#6156 = AXIS2_PLACEMENT_3D('',#6157,#6158,#6159);
#6157 = CARTESIAN_POINT('',(0.975,-0.1875,0.));
#6158 = DIRECTION('',(0.,0.,1.));
#6159 = DIRECTION('',(1.,0.,-0.));
#6160 = ADVANCED_FACE('',(#6161),#6172,.T.);
#6161 = FACE_BOUND('',#6162,.T.);
#6162 = EDGE_LOOP('',(#6163,#6164,#6170,#6171));
#6163 = ORIENTED_EDGE('',*,*,#6132,.T.);
#6164 = ORIENTED_EDGE('',*,*,#6165,.T.);
#6165 = EDGE_CURVE('',#6125,#5944,#6166,.T.);
#6166 = LINE('',#6167,#6168);
#6167 = CARTESIAN_POINT('',(0.933697430135,-0.1875,0.131196398394));
#6168 = VECTOR('',#6169,1.);
#6169 = DIRECTION('',(0.,1.,0.));
#6170 = ORIENTED_EDGE('',*,*,#5943,.F.);
#6171 = ORIENTED_EDGE('',*,*,#6150,.F.);
#6172 = CYLINDRICAL_SURFACE('',#6173,0.1875);
#6173 = AXIS2_PLACEMENT_3D('',#6174,#6175,#6176);
#6174 = CARTESIAN_POINT('',(1.112544164649,-0.1875,0.1875));
#6175 = DIRECTION('',(0.,1.,0.));
#6176 = DIRECTION('',(0.,0.,-1.));
#6177 = ADVANCED_FACE('',(#6178),#6189,.F.);
#6178 = FACE_BOUND('',#6179,.F.);
#6179 = EDGE_LOOP('',(#6180,#6181,#6182,#6183));
#6180 = ORIENTED_EDGE('',*,*,#6124,.F.);
#6181 = ORIENTED_EDGE('',*,*,#6165,.T.);
#6182 = ORIENTED_EDGE('',*,*,#5952,.T.);
#6183 = ORIENTED_EDGE('',*,*,#6184,.F.);
#6184 = EDGE_CURVE('',#6117,#5953,#6185,.T.);
#6185 = LINE('',#6186,#6187);
#6186 = CARTESIAN_POINT('',(0.803802569865,-0.1875,0.543803601606));
#6187 = VECTOR('',#6188,1.);
#6188 = DIRECTION('',(0.,1.,0.));
#6189 = PLANE('',#6190);
#6190 = AXIS2_PLACEMENT_3D('',#6191,#6192,#6193);
#6191 = CARTESIAN_POINT('',(0.975,-0.1875,0.));
#6192 = DIRECTION('',(0.953849250739,0.,0.300285875233));
#6193 = DIRECTION('',(-0.300285875233,0.,0.953849250739));
#6194 = ADVANCED_FACE('',(#6195),#6206,.F.);
#6195 = FACE_BOUND('',#6196,.F.);
#6196 = EDGE_LOOP('',(#6197,#6198,#6204,#6205));
#6197 = ORIENTED_EDGE('',*,*,#5960,.F.);
#6198 = ORIENTED_EDGE('',*,*,#6199,.F.);
#6199 = EDGE_CURVE('',#6109,#5961,#6200,.T.);
#6200 = LINE('',#6201,#6202);
#6201 = CARTESIAN_POINT('',(0.7625,-0.1875,0.543803601606));
#6202 = VECTOR('',#6203,1.);
#6203 = DIRECTION('',(0.,1.,0.));
#6204 = ORIENTED_EDGE('',*,*,#6116,.T.);
#6205 = ORIENTED_EDGE('',*,*,#6184,.T.);
#6206 = PLANE('',#6207);
#6207 = AXIS2_PLACEMENT_3D('',#6208,#6209,#6210);
#6208 = CARTESIAN_POINT('',(0.7625,-0.1875,0.543803601606));
#6209 = DIRECTION('',(0.,0.,1.));
#6210 = DIRECTION('',(1.,0.,-0.));
#6211 = ADVANCED_FACE('',(#6212),#6223,.F.);
#6212 = FACE_BOUND('',#6213,.T.);
#6213 = EDGE_LOOP('',(#6214,#6215,#6221,#6222));
#6214 = ORIENTED_EDGE('',*,*,#6108,.T.);
#6215 = ORIENTED_EDGE('',*,*,#6216,.T.);
#6216 = EDGE_CURVE('',#6101,#5969,#6217,.T.);
#6217 = LINE('',#6218,#6219);
#6218 = CARTESIAN_POINT('',(0.7625,-0.1875,0.731303601606));
#6219 = VECTOR('',#6220,1.);
#6220 = DIRECTION('',(0.,1.,0.));
#6221 = ORIENTED_EDGE('',*,*,#5968,.F.);
#6222 = ORIENTED_EDGE('',*,*,#6199,.F.);
#6223 = PLANE('',#6224);
#6224 = AXIS2_PLACEMENT_3D('',#6225,#6226,#6227);
#6225 = CARTESIAN_POINT('',(0.7625,-0.1875,0.543803601606));
#6226 = DIRECTION('',(1.,0.,0.));
#6227 = DIRECTION('',(0.,0.,1.));
#6228 = ADVANCED_FACE('',(#6229),#6240,.T.);
#6229 = FACE_BOUND('',#6230,.T.);
#6230 = EDGE_LOOP('',(#6231,#6232,#6233,#6234));
#6231 = ORIENTED_EDGE('',*,*,#6083,.F.);
#6232 = ORIENTED_EDGE('',*,*,#6032,.T.);
#6233 = ORIENTED_EDGE('',*,*,#5993,.T.);
#6234 = ORIENTED_EDGE('',*,*,#6235,.F.);
#6235 = EDGE_CURVE('',#6084,#5985,#6236,.T.);
#6236 = LINE('',#6237,#6238);
#6237 = CARTESIAN_POINT('',(0.961998019446,-0.1875,0.665705402409));
#6238 = VECTOR('',#6239,1.);
#6239 = DIRECTION('',(0.,1.,0.));
#6240 = PLANE('',#6241);
#6241 = AXIS2_PLACEMENT_3D('',#6242,#6243,#6244);
#6242 = CARTESIAN_POINT('',(1.153846734514,-0.1875,5.630360160613E-02));
#6243 = DIRECTION('',(0.953849250739,0.,0.300285875233));
#6244 = DIRECTION('',(-0.300285875233,0.,0.953849250739));
#6245 = ADVANCED_FACE('',(#6246),#6257,.T.);
#6246 = FACE_BOUND('',#6247,.T.);
#6247 = EDGE_LOOP('',(#6248,#6249,#6250,#6251));
#6248 = ORIENTED_EDGE('',*,*,#5976,.F.);
#6249 = ORIENTED_EDGE('',*,*,#6216,.F.);
#6250 = ORIENTED_EDGE('',*,*,#6100,.T.);
#6251 = ORIENTED_EDGE('',*,*,#6252,.T.);
#6252 = EDGE_CURVE('',#6092,#5977,#6253,.T.);
#6253 = LINE('',#6254,#6255);
#6254 = CARTESIAN_POINT('',(0.872574652189,-0.1875,0.731303601606));
#6255 = VECTOR('',#6256,1.);
#6256 = DIRECTION('',(0.,1.,0.));
#6257 = PLANE('',#6258);
#6258 = AXIS2_PLACEMENT_3D('',#6259,#6260,#6261);
#6259 = CARTESIAN_POINT('',(0.7625,-0.1875,0.731303601606));
#6260 = DIRECTION('',(0.,0.,1.));
#6261 = DIRECTION('',(1.,0.,-0.));
#6262 = ADVANCED_FACE('',(#6263),#6269,.T.);
#6263 = FACE_BOUND('',#6264,.T.);
#6264 = EDGE_LOOP('',(#6265,#6266,#6267,#6268));
#6265 = ORIENTED_EDGE('',*,*,#6235,.T.);
#6266 = ORIENTED_EDGE('',*,*,#5984,.T.);
#6267 = ORIENTED_EDGE('',*,*,#6252,.F.);
#6268 = ORIENTED_EDGE('',*,*,#6091,.F.);
#6269 = CYLINDRICAL_SURFACE('',#6270,9.375E-02);
#6270 = AXIS2_PLACEMENT_3D('',#6271,#6272,#6273);
#6271 = CARTESIAN_POINT('',(0.872574652189,-0.1875,0.637553601606));
#6272 = DIRECTION('',(0.,1.,0.));
#6273 = DIRECTION('',(0.953849250739,-0.,0.300285875233));
#6274 = ( GEOMETRIC_REPRESENTATION_CONTEXT(3) 
GLOBAL_UNCERTAINTY_ASSIGNED_CONTEXT((#6278)) 
GLOBAL_UNIT_ASSIGNED_CONTEXT((#6275,#6276,#6277)) REPRESENTATION_CONTEXT
('Context #1','3D Context with UNIT and UNCERTAINTY') );
#6275 = ( LENGTH_UNIT() NAMED_UNIT(*) SI_UNIT(.MILLI.,.METRE.) );
#6276 = ( NAMED_UNIT(*) PLANE_ANGLE_UNIT() SI_UNIT($,.RADIAN.) );
#6277 = ( NAMED_UNIT(*) SI_UNIT($,.STERADIAN.) SOLID_ANGLE_UNIT() );
#6278 = UNCERTAINTY_MEASURE_WITH_UNIT(LENGTH_MEASURE(1.E-07),#6275,
  'distance_accuracy_value','confusion accuracy');
#6279 = CONTEXT_DEPENDENT_SHAPE_REPRESENTATION(#6280,#6282);
#6280 = ( REPRESENTATION_RELATIONSHIP('','',#5886,#4456) 
REPRESENTATION_RELATIONSHIP_WITH_TRANSFORMATION(#6281) 
SHAPE_REPRESENTATION_RELATIONSHIP() );
#6281 = ITEM_DEFINED_TRANSFORMATION('','',#11,#4465);
#6282 = PRODUCT_DEFINITION_SHAPE('Placement','Placement of an item',
  #6283);
#6283 = NEXT_ASSEMBLY_USAGE_OCCURRENCE('8','=>[0:1:1:4]','',#4451,#5881,
  $);
#6284 = PRODUCT_RELATED_PRODUCT_CATEGORY('part',$,(#5883));
#6285 = SHAPE_DEFINITION_REPRESENTATION(#6286,#6292);
#6286 = PRODUCT_DEFINITION_SHAPE('','',#6287);
#6287 = PRODUCT_DEFINITION('design','',#6288,#6291);
#6288 = PRODUCT_DEFINITION_FORMATION('','',#6289);
#6289 = PRODUCT('PinHeader_1x02_P2.54mm_Horizontal',
  'PinHeader_1x02_P2.54mm_Horizontal','',(#6290));
#6290 = PRODUCT_CONTEXT('',#2,'mechanical');
#6291 = PRODUCT_DEFINITION_CONTEXT('part definition',#2,'design');
#6292 = ADVANCED_BREP_SHAPE_REPRESENTATION('',(#11,#6293),#7927);
#6293 = MANIFOLD_SOLID_BREP('',#6294);
#6294 = CLOSED_SHELL('',(#6295,#6335,#6366,#6397,#6562,#6727,#6744,#6761
    ,#6778,#6795,#6812,#6829,#6846,#6863,#6880,#6897,#6909,#6940,#6989,
    #7013,#7055,#7086,#7135,#7159,#7201,#7232,#7256,#7280,#7297,#7328,
    #7352,#7376,#7393,#7410,#7427,#7444,#7475,#7506,#7523,#7540,#7557,
    #7588,#7619,#7650,#7674,#7698,#7715,#7746,#7770,#7794,#7811,#7828,
    #7845,#7857,#7874,#7891,#7903,#7915));
#6295 = ADVANCED_FACE('',(#6296),#6330,.T.);
#6296 = FACE_BOUND('',#6297,.T.);
#6297 = EDGE_LOOP('',(#6298,#6308,#6316,#6324));
#6298 = ORIENTED_EDGE('',*,*,#6299,.T.);
#6299 = EDGE_CURVE('',#6300,#6302,#6304,.T.);
#6300 = VERTEX_POINT('',#6301);
#6301 = CARTESIAN_POINT('',(1.5,1.27,0.254));
#6302 = VERTEX_POINT('',#6303);
#6303 = CARTESIAN_POINT('',(4.04,1.27,0.254));
#6304 = LINE('',#6305,#6306);
#6305 = CARTESIAN_POINT('',(1.5,1.27,0.254));
#6306 = VECTOR('',#6307,1.);
#6307 = DIRECTION('',(1.,0.,0.));
#6308 = ORIENTED_EDGE('',*,*,#6309,.T.);
#6309 = EDGE_CURVE('',#6302,#6310,#6312,.T.);
#6310 = VERTEX_POINT('',#6311);
#6311 = CARTESIAN_POINT('',(4.04,1.016,0.));
#6312 = LINE('',#6313,#6314);
#6313 = CARTESIAN_POINT('',(4.04,1.27,0.254));
#6314 = VECTOR('',#6315,1.);
#6315 = DIRECTION('',(0.,-0.707106781187,-0.707106781187));
#6316 = ORIENTED_EDGE('',*,*,#6317,.F.);
#6317 = EDGE_CURVE('',#6318,#6310,#6320,.T.);
#6318 = VERTEX_POINT('',#6319);
#6319 = CARTESIAN_POINT('',(1.5,1.016,0.));
#6320 = LINE('',#6321,#6322);
#6321 = CARTESIAN_POINT('',(1.5,1.016,0.));
#6322 = VECTOR('',#6323,1.);
#6323 = DIRECTION('',(1.,0.,0.));
#6324 = ORIENTED_EDGE('',*,*,#6325,.F.);
#6325 = EDGE_CURVE('',#6300,#6318,#6326,.T.);
#6326 = LINE('',#6327,#6328);
#6327 = CARTESIAN_POINT('',(1.5,1.27,0.254));
#6328 = VECTOR('',#6329,1.);
#6329 = DIRECTION('',(0.,-0.707106781187,-0.707106781187));
#6330 = PLANE('',#6331);
#6331 = AXIS2_PLACEMENT_3D('',#6332,#6333,#6334);
#6332 = CARTESIAN_POINT('',(1.5,1.27,0.254));
#6333 = DIRECTION('',(0.,0.707106781187,-0.707106781187));
#6334 = DIRECTION('',(0.,-0.707106781187,-0.707106781187));
#6335 = ADVANCED_FACE('',(#6336),#6361,.T.);
#6336 = FACE_BOUND('',#6337,.T.);
#6337 = EDGE_LOOP('',(#6338,#6348,#6354,#6355));
#6338 = ORIENTED_EDGE('',*,*,#6339,.T.);
#6339 = EDGE_CURVE('',#6340,#6342,#6344,.T.);
#6340 = VERTEX_POINT('',#6341);
#6341 = CARTESIAN_POINT('',(1.5,1.27,2.286));
#6342 = VERTEX_POINT('',#6343);
#6343 = CARTESIAN_POINT('',(4.04,1.27,2.286));
#6344 = LINE('',#6345,#6346);
#6345 = CARTESIAN_POINT('',(1.5,1.27,2.286));
#6346 = VECTOR('',#6347,1.);
#6347 = DIRECTION('',(1.,0.,0.));
#6348 = ORIENTED_EDGE('',*,*,#6349,.T.);
#6349 = EDGE_CURVE('',#6342,#6302,#6350,.T.);
#6350 = LINE('',#6351,#6352);
#6351 = CARTESIAN_POINT('',(4.04,1.27,2.286));
#6352 = VECTOR('',#6353,1.);
#6353 = DIRECTION('',(0.,0.,-1.));
#6354 = ORIENTED_EDGE('',*,*,#6299,.F.);
#6355 = ORIENTED_EDGE('',*,*,#6356,.F.);
#6356 = EDGE_CURVE('',#6340,#6300,#6357,.T.);
#6357 = LINE('',#6358,#6359);
#6358 = CARTESIAN_POINT('',(1.5,1.27,2.286));
#6359 = VECTOR('',#6360,1.);
#6360 = DIRECTION('',(0.,0.,-1.));
#6361 = PLANE('',#6362);
#6362 = AXIS2_PLACEMENT_3D('',#6363,#6364,#6365);
#6363 = CARTESIAN_POINT('',(1.5,1.27,2.286));
#6364 = DIRECTION('',(0.,1.,0.));
#6365 = DIRECTION('',(0.,0.,-1.));
#6366 = ADVANCED_FACE('',(#6367),#6392,.T.);
#6367 = FACE_BOUND('',#6368,.T.);
#6368 = EDGE_LOOP('',(#6369,#6370,#6378,#6386));
#6369 = ORIENTED_EDGE('',*,*,#6317,.T.);
#6370 = ORIENTED_EDGE('',*,*,#6371,.T.);
#6371 = EDGE_CURVE('',#6310,#6372,#6374,.T.);
#6372 = VERTEX_POINT('',#6373);
#6373 = CARTESIAN_POINT('',(4.04,-1.016,0.));
#6374 = LINE('',#6375,#6376);
#6375 = CARTESIAN_POINT('',(4.04,1.016,0.));
#6376 = VECTOR('',#6377,1.);
#6377 = DIRECTION('',(0.,-1.,0.));
#6378 = ORIENTED_EDGE('',*,*,#6379,.F.);
#6379 = EDGE_CURVE('',#6380,#6372,#6382,.T.);
#6380 = VERTEX_POINT('',#6381);
#6381 = CARTESIAN_POINT('',(1.5,-1.016,0.));
#6382 = LINE('',#6383,#6384);
#6383 = CARTESIAN_POINT('',(1.5,-1.016,0.));
#6384 = VECTOR('',#6385,1.);
#6385 = DIRECTION('',(1.,0.,0.));
#6386 = ORIENTED_EDGE('',*,*,#6387,.F.);
#6387 = EDGE_CURVE('',#6318,#6380,#6388,.T.);
#6388 = LINE('',#6389,#6390);
#6389 = CARTESIAN_POINT('',(1.5,1.016,0.));
#6390 = VECTOR('',#6391,1.);
#6391 = DIRECTION('',(0.,-1.,0.));
#6392 = PLANE('',#6393);
#6393 = AXIS2_PLACEMENT_3D('',#6394,#6395,#6396);
#6394 = CARTESIAN_POINT('',(1.5,1.016,0.));
#6395 = DIRECTION('',(-0.,-0.,-1.));
#6396 = DIRECTION('',(0.,-1.,0.));
#6397 = ADVANCED_FACE('',(#6398,#6489,#6523),#6557,.T.);
#6398 = FACE_BOUND('',#6399,.T.);
#6399 = EDGE_LOOP('',(#6400,#6401,#6402,#6410,#6418,#6426,#6434,#6442,
    #6450,#6458,#6466,#6474,#6482,#6488));
#6400 = ORIENTED_EDGE('',*,*,#6325,.T.);
#6401 = ORIENTED_EDGE('',*,*,#6387,.T.);
#6402 = ORIENTED_EDGE('',*,*,#6403,.T.);
#6403 = EDGE_CURVE('',#6380,#6404,#6406,.T.);
#6404 = VERTEX_POINT('',#6405);
#6405 = CARTESIAN_POINT('',(1.5,-1.27,0.254));
#6406 = LINE('',#6407,#6408);
#6407 = CARTESIAN_POINT('',(1.5,-1.016,0.));
#6408 = VECTOR('',#6409,1.);
#6409 = DIRECTION('',(0.,-0.707106781187,0.707106781187));
#6410 = ORIENTED_EDGE('',*,*,#6411,.T.);
#6411 = EDGE_CURVE('',#6404,#6412,#6414,.T.);
#6412 = VERTEX_POINT('',#6413);
#6413 = CARTESIAN_POINT('',(1.5,-1.524,0.));
#6414 = LINE('',#6415,#6416);
#6415 = CARTESIAN_POINT('',(1.5,-1.27,0.254));
#6416 = VECTOR('',#6417,1.);
#6417 = DIRECTION('',(0.,-0.707106781187,-0.707106781187));
#6418 = ORIENTED_EDGE('',*,*,#6419,.T.);
#6419 = EDGE_CURVE('',#6412,#6420,#6422,.T.);
#6420 = VERTEX_POINT('',#6421);
#6421 = CARTESIAN_POINT('',(1.5,-3.556,0.));
#6422 = LINE('',#6423,#6424);
#6423 = CARTESIAN_POINT('',(1.5,-1.524,0.));
#6424 = VECTOR('',#6425,1.);
#6425 = DIRECTION('',(0.,-1.,0.));
#6426 = ORIENTED_EDGE('',*,*,#6427,.T.);
#6427 = EDGE_CURVE('',#6420,#6428,#6430,.T.);
#6428 = VERTEX_POINT('',#6429);
#6429 = CARTESIAN_POINT('',(1.5,-3.81,0.254));
#6430 = LINE('',#6431,#6432);
#6431 = CARTESIAN_POINT('',(1.5,-3.556,0.));
#6432 = VECTOR('',#6433,1.);
#6433 = DIRECTION('',(0.,-0.707106781187,0.707106781187));
#6434 = ORIENTED_EDGE('',*,*,#6435,.T.);
#6435 = EDGE_CURVE('',#6428,#6436,#6438,.T.);
#6436 = VERTEX_POINT('',#6437);
#6437 = CARTESIAN_POINT('',(1.5,-3.81,2.286));
#6438 = LINE('',#6439,#6440);
#6439 = CARTESIAN_POINT('',(1.5,-3.81,0.254));
#6440 = VECTOR('',#6441,1.);
#6441 = DIRECTION('',(0.,0.,1.));
#6442 = ORIENTED_EDGE('',*,*,#6443,.T.);
#6443 = EDGE_CURVE('',#6436,#6444,#6446,.T.);
#6444 = VERTEX_POINT('',#6445);
#6445 = CARTESIAN_POINT('',(1.5,-3.556,2.54));
#6446 = LINE('',#6447,#6448);
#6447 = CARTESIAN_POINT('',(1.5,-3.81,2.286));
#6448 = VECTOR('',#6449,1.);
#6449 = DIRECTION('',(0.,0.707106781187,0.707106781187));
#6450 = ORIENTED_EDGE('',*,*,#6451,.T.);
#6451 = EDGE_CURVE('',#6444,#6452,#6454,.T.);
#6452 = VERTEX_POINT('',#6453);
#6453 = CARTESIAN_POINT('',(1.5,-1.524,2.54));
#6454 = LINE('',#6455,#6456);
#6455 = CARTESIAN_POINT('',(1.5,-3.556,2.54));
#6456 = VECTOR('',#6457,1.);
#6457 = DIRECTION('',(0.,1.,0.));
#6458 = ORIENTED_EDGE('',*,*,#6459,.T.);
#6459 = EDGE_CURVE('',#6452,#6460,#6462,.T.);
#6460 = VERTEX_POINT('',#6461);
#6461 = CARTESIAN_POINT('',(1.5,-1.27,2.286));
#6462 = LINE('',#6463,#6464);
#6463 = CARTESIAN_POINT('',(1.5,-1.524,2.54));
#6464 = VECTOR('',#6465,1.);
#6465 = DIRECTION('',(0.,0.707106781187,-0.707106781187));
#6466 = ORIENTED_EDGE('',*,*,#6467,.T.);
#6467 = EDGE_CURVE('',#6460,#6468,#6470,.T.);
#6468 = VERTEX_POINT('',#6469);
#6469 = CARTESIAN_POINT('',(1.5,-1.016,2.54));
#6470 = LINE('',#6471,#6472);
#6471 = CARTESIAN_POINT('',(1.5,-1.27,2.286));
#6472 = VECTOR('',#6473,1.);
#6473 = DIRECTION('',(0.,0.707106781187,0.707106781187));
#6474 = ORIENTED_EDGE('',*,*,#6475,.T.);
#6475 = EDGE_CURVE('',#6468,#6476,#6478,.T.);
#6476 = VERTEX_POINT('',#6477);
#6477 = CARTESIAN_POINT('',(1.5,1.016,2.54));
#6478 = LINE('',#6479,#6480);
#6479 = CARTESIAN_POINT('',(1.5,-1.016,2.54));
#6480 = VECTOR('',#6481,1.);
#6481 = DIRECTION('',(0.,1.,0.));
#6482 = ORIENTED_EDGE('',*,*,#6483,.T.);
#6483 = EDGE_CURVE('',#6476,#6340,#6484,.T.);
#6484 = LINE('',#6485,#6486);
#6485 = CARTESIAN_POINT('',(1.5,1.016,2.54));
#6486 = VECTOR('',#6487,1.);
#6487 = DIRECTION('',(0.,0.707106781187,-0.707106781187));
#6488 = ORIENTED_EDGE('',*,*,#6356,.T.);
#6489 = FACE_BOUND('',#6490,.T.);
#6490 = EDGE_LOOP('',(#6491,#6501,#6509,#6517));
#6491 = ORIENTED_EDGE('',*,*,#6492,.F.);
#6492 = EDGE_CURVE('',#6493,#6495,#6497,.T.);
#6493 = VERTEX_POINT('',#6494);
#6494 = CARTESIAN_POINT('',(1.5,0.32,0.95));
#6495 = VERTEX_POINT('',#6496);
#6496 = CARTESIAN_POINT('',(1.5,-0.32,0.95));
#6497 = LINE('',#6498,#6499);
#6498 = CARTESIAN_POINT('',(1.5,-0.475,0.95));
#6499 = VECTOR('',#6500,1.);
#6500 = DIRECTION('',(-3.925005374637E-32,-1.,0.));
#6501 = ORIENTED_EDGE('',*,*,#6502,.F.);
#6502 = EDGE_CURVE('',#6503,#6493,#6505,.T.);
#6503 = VERTEX_POINT('',#6504);
#6504 = CARTESIAN_POINT('',(1.5,0.32,1.59));
#6505 = LINE('',#6506,#6507);
#6506 = CARTESIAN_POINT('',(1.5,0.32,0.924540133779));
#6507 = VECTOR('',#6508,1.);
#6508 = DIRECTION('',(3.797522772768E-32,6.630961875715E-34,-1.));
#6509 = ORIENTED_EDGE('',*,*,#6510,.F.);
#6510 = EDGE_CURVE('',#6511,#6503,#6513,.T.);
#6511 = VERTEX_POINT('',#6512);
#6512 = CARTESIAN_POINT('',(1.5,-0.32,1.59));
#6513 = LINE('',#6514,#6515);
#6514 = CARTESIAN_POINT('',(1.5,-0.475,1.59));
#6515 = VECTOR('',#6516,1.);
#6516 = DIRECTION('',(3.925005374637E-32,1.,8.412415711776E-49));
#6517 = ORIENTED_EDGE('',*,*,#6518,.T.);
#6518 = EDGE_CURVE('',#6511,#6495,#6519,.T.);
#6519 = LINE('',#6520,#6521);
#6520 = CARTESIAN_POINT('',(1.5,-0.32,0.924540133779));
#6521 = VECTOR('',#6522,1.);
#6522 = DIRECTION('',(3.797522772768E-32,6.630961875715E-34,-1.));
#6523 = FACE_BOUND('',#6524,.T.);
#6524 = EDGE_LOOP('',(#6525,#6535,#6543,#6551));
#6525 = ORIENTED_EDGE('',*,*,#6526,.F.);
#6526 = EDGE_CURVE('',#6527,#6529,#6531,.T.);
#6527 = VERTEX_POINT('',#6528);
#6528 = CARTESIAN_POINT('',(1.5,-2.22,0.95));
#6529 = VERTEX_POINT('',#6530);
#6530 = CARTESIAN_POINT('',(1.5,-2.86,0.95));
#6531 = LINE('',#6532,#6533);
#6532 = CARTESIAN_POINT('',(1.5,-1.745,0.95));
#6533 = VECTOR('',#6534,1.);
#6534 = DIRECTION('',(-3.925005374637E-32,-1.,0.));
#6535 = ORIENTED_EDGE('',*,*,#6536,.F.);
#6536 = EDGE_CURVE('',#6537,#6527,#6539,.T.);
#6537 = VERTEX_POINT('',#6538);
#6538 = CARTESIAN_POINT('',(1.5,-2.22,1.59));
#6539 = LINE('',#6540,#6541);
#6540 = CARTESIAN_POINT('',(1.5,-2.22,0.924540133779));
#6541 = VECTOR('',#6542,1.);
#6542 = DIRECTION('',(3.797522772768E-32,6.630961875715E-34,-1.));
#6543 = ORIENTED_EDGE('',*,*,#6544,.F.);
#6544 = EDGE_CURVE('',#6545,#6537,#6547,.T.);
#6545 = VERTEX_POINT('',#6546);
#6546 = CARTESIAN_POINT('',(1.5,-2.86,1.59));
#6547 = LINE('',#6548,#6549);
#6548 = CARTESIAN_POINT('',(1.5,-1.745,1.59));
#6549 = VECTOR('',#6550,1.);
#6550 = DIRECTION('',(3.925005374637E-32,1.,8.412415711776E-49));
#6551 = ORIENTED_EDGE('',*,*,#6552,.T.);
#6552 = EDGE_CURVE('',#6545,#6529,#6553,.T.);
#6553 = LINE('',#6554,#6555);
#6554 = CARTESIAN_POINT('',(1.5,-2.86,0.924540133779));
#6555 = VECTOR('',#6556,1.);
#6556 = DIRECTION('',(3.797522772768E-32,6.630961875715E-34,-1.));
#6557 = PLANE('',#6558);
#6558 = AXIS2_PLACEMENT_3D('',#6559,#6560,#6561);
#6559 = CARTESIAN_POINT('',(1.5,-1.27,1.27));
#6560 = DIRECTION('',(-1.,3.925005374637E-32,-3.797522772768E-32));
#6561 = DIRECTION('',(-3.925005374637E-32,-1.,0.));
#6562 = ADVANCED_FACE('',(#6563,#6654,#6688),#6722,.F.);
#6563 = FACE_BOUND('',#6564,.F.);
#6564 = EDGE_LOOP('',(#6565,#6566,#6567,#6575,#6583,#6591,#6599,#6607,
    #6615,#6623,#6631,#6639,#6647,#6653));
#6565 = ORIENTED_EDGE('',*,*,#6309,.T.);
#6566 = ORIENTED_EDGE('',*,*,#6371,.T.);
#6567 = ORIENTED_EDGE('',*,*,#6568,.T.);
#6568 = EDGE_CURVE('',#6372,#6569,#6571,.T.);
#6569 = VERTEX_POINT('',#6570);
#6570 = CARTESIAN_POINT('',(4.04,-1.27,0.254));
#6571 = LINE('',#6572,#6573);
#6572 = CARTESIAN_POINT('',(4.04,-1.016,0.));
#6573 = VECTOR('',#6574,1.);
#6574 = DIRECTION('',(0.,-0.707106781187,0.707106781187));
#6575 = ORIENTED_EDGE('',*,*,#6576,.T.);
#6576 = EDGE_CURVE('',#6569,#6577,#6579,.T.);
#6577 = VERTEX_POINT('',#6578);
#6578 = CARTESIAN_POINT('',(4.04,-1.524,0.));
#6579 = LINE('',#6580,#6581);
#6580 = CARTESIAN_POINT('',(4.04,-1.27,0.254));
#6581 = VECTOR('',#6582,1.);
#6582 = DIRECTION('',(0.,-0.707106781187,-0.707106781187));
#6583 = ORIENTED_EDGE('',*,*,#6584,.T.);
#6584 = EDGE_CURVE('',#6577,#6585,#6587,.T.);
#6585 = VERTEX_POINT('',#6586);
#6586 = CARTESIAN_POINT('',(4.04,-3.556,0.));
#6587 = LINE('',#6588,#6589);
#6588 = CARTESIAN_POINT('',(4.04,-1.524,0.));
#6589 = VECTOR('',#6590,1.);
#6590 = DIRECTION('',(0.,-1.,0.));
#6591 = ORIENTED_EDGE('',*,*,#6592,.T.);
#6592 = EDGE_CURVE('',#6585,#6593,#6595,.T.);
#6593 = VERTEX_POINT('',#6594);
#6594 = CARTESIAN_POINT('',(4.04,-3.81,0.254));
#6595 = LINE('',#6596,#6597);
#6596 = CARTESIAN_POINT('',(4.04,-3.556,0.));
#6597 = VECTOR('',#6598,1.);
#6598 = DIRECTION('',(0.,-0.707106781187,0.707106781187));
#6599 = ORIENTED_EDGE('',*,*,#6600,.T.);
#6600 = EDGE_CURVE('',#6593,#6601,#6603,.T.);
#6601 = VERTEX_POINT('',#6602);
#6602 = CARTESIAN_POINT('',(4.04,-3.81,2.286));
#6603 = LINE('',#6604,#6605);
#6604 = CARTESIAN_POINT('',(4.04,-3.81,0.254));
#6605 = VECTOR('',#6606,1.);
#6606 = DIRECTION('',(0.,0.,1.));
#6607 = ORIENTED_EDGE('',*,*,#6608,.T.);
#6608 = EDGE_CURVE('',#6601,#6609,#6611,.T.);
#6609 = VERTEX_POINT('',#6610);
#6610 = CARTESIAN_POINT('',(4.04,-3.556,2.54));
#6611 = LINE('',#6612,#6613);
#6612 = CARTESIAN_POINT('',(4.04,-3.81,2.286));
#6613 = VECTOR('',#6614,1.);
#6614 = DIRECTION('',(0.,0.707106781187,0.707106781187));
#6615 = ORIENTED_EDGE('',*,*,#6616,.T.);
#6616 = EDGE_CURVE('',#6609,#6617,#6619,.T.);
#6617 = VERTEX_POINT('',#6618);
#6618 = CARTESIAN_POINT('',(4.04,-1.524,2.54));
#6619 = LINE('',#6620,#6621);
#6620 = CARTESIAN_POINT('',(4.04,-3.556,2.54));
#6621 = VECTOR('',#6622,1.);
#6622 = DIRECTION('',(0.,1.,0.));
#6623 = ORIENTED_EDGE('',*,*,#6624,.T.);
#6624 = EDGE_CURVE('',#6617,#6625,#6627,.T.);
#6625 = VERTEX_POINT('',#6626);
#6626 = CARTESIAN_POINT('',(4.04,-1.27,2.286));
#6627 = LINE('',#6628,#6629);
#6628 = CARTESIAN_POINT('',(4.04,-1.524,2.54));
#6629 = VECTOR('',#6630,1.);
#6630 = DIRECTION('',(0.,0.707106781187,-0.707106781187));
#6631 = ORIENTED_EDGE('',*,*,#6632,.T.);
#6632 = EDGE_CURVE('',#6625,#6633,#6635,.T.);
#6633 = VERTEX_POINT('',#6634);
#6634 = CARTESIAN_POINT('',(4.04,-1.016,2.54));
#6635 = LINE('',#6636,#6637);
#6636 = CARTESIAN_POINT('',(4.04,-1.27,2.286));
#6637 = VECTOR('',#6638,1.);
#6638 = DIRECTION('',(0.,0.707106781187,0.707106781187));
#6639 = ORIENTED_EDGE('',*,*,#6640,.T.);
#6640 = EDGE_CURVE('',#6633,#6641,#6643,.T.);
#6641 = VERTEX_POINT('',#6642);
#6642 = CARTESIAN_POINT('',(4.04,1.016,2.54));
#6643 = LINE('',#6644,#6645);
#6644 = CARTESIAN_POINT('',(4.04,-1.016,2.54));
#6645 = VECTOR('',#6646,1.);
#6646 = DIRECTION('',(0.,1.,0.));
#6647 = ORIENTED_EDGE('',*,*,#6648,.T.);
#6648 = EDGE_CURVE('',#6641,#6342,#6649,.T.);
#6649 = LINE('',#6650,#6651);
#6650 = CARTESIAN_POINT('',(4.04,1.016,2.54));
#6651 = VECTOR('',#6652,1.);
#6652 = DIRECTION('',(0.,0.707106781187,-0.707106781187));
#6653 = ORIENTED_EDGE('',*,*,#6349,.T.);
#6654 = FACE_BOUND('',#6655,.F.);
#6655 = EDGE_LOOP('',(#6656,#6666,#6674,#6682));
#6656 = ORIENTED_EDGE('',*,*,#6657,.F.);
#6657 = EDGE_CURVE('',#6658,#6660,#6662,.T.);
#6658 = VERTEX_POINT('',#6659);
#6659 = CARTESIAN_POINT('',(4.04,0.32,0.95));
#6660 = VERTEX_POINT('',#6661);
#6661 = CARTESIAN_POINT('',(4.04,-0.32,0.95));
#6662 = LINE('',#6663,#6664);
#6663 = CARTESIAN_POINT('',(4.04,-0.475,0.95));
#6664 = VECTOR('',#6665,1.);
#6665 = DIRECTION('',(-3.925005374637E-32,-1.,0.));
#6666 = ORIENTED_EDGE('',*,*,#6667,.F.);
#6667 = EDGE_CURVE('',#6668,#6658,#6670,.T.);
#6668 = VERTEX_POINT('',#6669);
#6669 = CARTESIAN_POINT('',(4.04,0.32,1.59));
#6670 = LINE('',#6671,#6672);
#6671 = CARTESIAN_POINT('',(4.04,0.32,0.924540133779));
#6672 = VECTOR('',#6673,1.);
#6673 = DIRECTION('',(3.797522772768E-32,6.630961875715E-34,-1.));
#6674 = ORIENTED_EDGE('',*,*,#6675,.F.);
#6675 = EDGE_CURVE('',#6676,#6668,#6678,.T.);
#6676 = VERTEX_POINT('',#6677);
#6677 = CARTESIAN_POINT('',(4.04,-0.32,1.59));
#6678 = LINE('',#6679,#6680);
#6679 = CARTESIAN_POINT('',(4.04,-0.475,1.59));
#6680 = VECTOR('',#6681,1.);
#6681 = DIRECTION('',(3.925005374637E-32,1.,8.412415711776E-49));
#6682 = ORIENTED_EDGE('',*,*,#6683,.T.);
#6683 = EDGE_CURVE('',#6676,#6660,#6684,.T.);
#6684 = LINE('',#6685,#6686);
#6685 = CARTESIAN_POINT('',(4.04,-0.32,0.924540133779));
#6686 = VECTOR('',#6687,1.);
#6687 = DIRECTION('',(3.797522772768E-32,6.630961875715E-34,-1.));
#6688 = FACE_BOUND('',#6689,.F.);
#6689 = EDGE_LOOP('',(#6690,#6700,#6708,#6716));
#6690 = ORIENTED_EDGE('',*,*,#6691,.F.);
#6691 = EDGE_CURVE('',#6692,#6694,#6696,.T.);
#6692 = VERTEX_POINT('',#6693);
#6693 = CARTESIAN_POINT('',(4.04,-2.22,0.95));
#6694 = VERTEX_POINT('',#6695);
#6695 = CARTESIAN_POINT('',(4.04,-2.86,0.95));
#6696 = LINE('',#6697,#6698);
#6697 = CARTESIAN_POINT('',(4.04,-1.745,0.95));
#6698 = VECTOR('',#6699,1.);
#6699 = DIRECTION('',(-3.925005374637E-32,-1.,0.));
#6700 = ORIENTED_EDGE('',*,*,#6701,.F.);
#6701 = EDGE_CURVE('',#6702,#6692,#6704,.T.);
#6702 = VERTEX_POINT('',#6703);
#6703 = CARTESIAN_POINT('',(4.04,-2.22,1.59));
#6704 = LINE('',#6705,#6706);
#6705 = CARTESIAN_POINT('',(4.04,-2.22,0.924540133779));
#6706 = VECTOR('',#6707,1.);
#6707 = DIRECTION('',(3.797522772768E-32,6.630961875715E-34,-1.));
#6708 = ORIENTED_EDGE('',*,*,#6709,.F.);
#6709 = EDGE_CURVE('',#6710,#6702,#6712,.T.);
#6710 = VERTEX_POINT('',#6711);
#6711 = CARTESIAN_POINT('',(4.04,-2.86,1.59));
#6712 = LINE('',#6713,#6714);
#6713 = CARTESIAN_POINT('',(4.04,-1.745,1.59));
#6714 = VECTOR('',#6715,1.);
#6715 = DIRECTION('',(3.925005374637E-32,1.,8.412415711776E-49));
#6716 = ORIENTED_EDGE('',*,*,#6717,.T.);
#6717 = EDGE_CURVE('',#6710,#6694,#6718,.T.);
#6718 = LINE('',#6719,#6720);
#6719 = CARTESIAN_POINT('',(4.04,-2.86,0.924540133779));
#6720 = VECTOR('',#6721,1.);
#6721 = DIRECTION('',(3.797522772768E-32,6.630961875715E-34,-1.));
#6722 = PLANE('',#6723);
#6723 = AXIS2_PLACEMENT_3D('',#6724,#6725,#6726);
#6724 = CARTESIAN_POINT('',(4.04,-1.27,1.27));
#6725 = DIRECTION('',(-1.,3.925005374637E-32,-3.797522772768E-32));
#6726 = DIRECTION('',(-3.925005374637E-32,-1.,0.));
#6727 = ADVANCED_FACE('',(#6728),#6739,.T.);
#6728 = FACE_BOUND('',#6729,.T.);
#6729 = EDGE_LOOP('',(#6730,#6736,#6737,#6738));
#6730 = ORIENTED_EDGE('',*,*,#6731,.T.);
#6731 = EDGE_CURVE('',#6476,#6641,#6732,.T.);
#6732 = LINE('',#6733,#6734);
#6733 = CARTESIAN_POINT('',(1.5,1.016,2.54));
#6734 = VECTOR('',#6735,1.);
#6735 = DIRECTION('',(1.,0.,0.));
#6736 = ORIENTED_EDGE('',*,*,#6648,.T.);
#6737 = ORIENTED_EDGE('',*,*,#6339,.F.);
#6738 = ORIENTED_EDGE('',*,*,#6483,.F.);
#6739 = PLANE('',#6740);
#6740 = AXIS2_PLACEMENT_3D('',#6741,#6742,#6743);
#6741 = CARTESIAN_POINT('',(1.5,1.016,2.54));
#6742 = DIRECTION('',(0.,0.707106781187,0.707106781187));
#6743 = DIRECTION('',(0.,0.707106781187,-0.707106781187));
#6744 = ADVANCED_FACE('',(#6745),#6756,.T.);
#6745 = FACE_BOUND('',#6746,.T.);
#6746 = EDGE_LOOP('',(#6747,#6748,#6749,#6755));
#6747 = ORIENTED_EDGE('',*,*,#6379,.T.);
#6748 = ORIENTED_EDGE('',*,*,#6568,.T.);
#6749 = ORIENTED_EDGE('',*,*,#6750,.F.);
#6750 = EDGE_CURVE('',#6404,#6569,#6751,.T.);
#6751 = LINE('',#6752,#6753);
#6752 = CARTESIAN_POINT('',(1.5,-1.27,0.254));
#6753 = VECTOR('',#6754,1.);
#6754 = DIRECTION('',(1.,0.,0.));
#6755 = ORIENTED_EDGE('',*,*,#6403,.F.);
#6756 = PLANE('',#6757);
#6757 = AXIS2_PLACEMENT_3D('',#6758,#6759,#6760);
#6758 = CARTESIAN_POINT('',(1.5,-1.016,0.));
#6759 = DIRECTION('',(-0.,-0.707106781187,-0.707106781187));
#6760 = DIRECTION('',(0.,-0.707106781187,0.707106781187));
#6761 = ADVANCED_FACE('',(#6762),#6773,.T.);
#6762 = FACE_BOUND('',#6763,.T.);
#6763 = EDGE_LOOP('',(#6764,#6770,#6771,#6772));
#6764 = ORIENTED_EDGE('',*,*,#6765,.T.);
#6765 = EDGE_CURVE('',#6468,#6633,#6766,.T.);
#6766 = LINE('',#6767,#6768);
#6767 = CARTESIAN_POINT('',(1.5,-1.016,2.54));
#6768 = VECTOR('',#6769,1.);
#6769 = DIRECTION('',(1.,0.,0.));
#6770 = ORIENTED_EDGE('',*,*,#6640,.T.);
#6771 = ORIENTED_EDGE('',*,*,#6731,.F.);
#6772 = ORIENTED_EDGE('',*,*,#6475,.F.);
#6773 = PLANE('',#6774);
#6774 = AXIS2_PLACEMENT_3D('',#6775,#6776,#6777);
#6775 = CARTESIAN_POINT('',(1.5,-1.016,2.54));
#6776 = DIRECTION('',(0.,0.,1.));
#6777 = DIRECTION('',(0.,1.,0.));
#6778 = ADVANCED_FACE('',(#6779),#6790,.T.);
#6779 = FACE_BOUND('',#6780,.T.);
#6780 = EDGE_LOOP('',(#6781,#6782,#6783,#6789));
#6781 = ORIENTED_EDGE('',*,*,#6750,.T.);
#6782 = ORIENTED_EDGE('',*,*,#6576,.T.);
#6783 = ORIENTED_EDGE('',*,*,#6784,.F.);
#6784 = EDGE_CURVE('',#6412,#6577,#6785,.T.);
#6785 = LINE('',#6786,#6787);
#6786 = CARTESIAN_POINT('',(1.5,-1.524,0.));
#6787 = VECTOR('',#6788,1.);
#6788 = DIRECTION('',(1.,0.,0.));
#6789 = ORIENTED_EDGE('',*,*,#6411,.F.);
#6790 = PLANE('',#6791);
#6791 = AXIS2_PLACEMENT_3D('',#6792,#6793,#6794);
#6792 = CARTESIAN_POINT('',(1.5,-1.27,0.254));
#6793 = DIRECTION('',(0.,0.707106781187,-0.707106781187));
#6794 = DIRECTION('',(0.,-0.707106781187,-0.707106781187));
#6795 = ADVANCED_FACE('',(#6796),#6807,.T.);
#6796 = FACE_BOUND('',#6797,.T.);
#6797 = EDGE_LOOP('',(#6798,#6804,#6805,#6806));
#6798 = ORIENTED_EDGE('',*,*,#6799,.T.);
#6799 = EDGE_CURVE('',#6460,#6625,#6800,.T.);
#6800 = LINE('',#6801,#6802);
#6801 = CARTESIAN_POINT('',(1.5,-1.27,2.286));
#6802 = VECTOR('',#6803,1.);
#6803 = DIRECTION('',(1.,0.,0.));
#6804 = ORIENTED_EDGE('',*,*,#6632,.T.);
#6805 = ORIENTED_EDGE('',*,*,#6765,.F.);
#6806 = ORIENTED_EDGE('',*,*,#6467,.F.);
#6807 = PLANE('',#6808);
#6808 = AXIS2_PLACEMENT_3D('',#6809,#6810,#6811);
#6809 = CARTESIAN_POINT('',(1.5,-1.27,2.286));
#6810 = DIRECTION('',(0.,-0.707106781187,0.707106781187));
#6811 = DIRECTION('',(0.,0.707106781187,0.707106781187));
#6812 = ADVANCED_FACE('',(#6813),#6824,.T.);
#6813 = FACE_BOUND('',#6814,.T.);
#6814 = EDGE_LOOP('',(#6815,#6816,#6817,#6823));
#6815 = ORIENTED_EDGE('',*,*,#6784,.T.);
#6816 = ORIENTED_EDGE('',*,*,#6584,.T.);
#6817 = ORIENTED_EDGE('',*,*,#6818,.F.);
#6818 = EDGE_CURVE('',#6420,#6585,#6819,.T.);
#6819 = LINE('',#6820,#6821);
#6820 = CARTESIAN_POINT('',(1.5,-3.556,0.));
#6821 = VECTOR('',#6822,1.);
#6822 = DIRECTION('',(1.,0.,0.));
#6823 = ORIENTED_EDGE('',*,*,#6419,.F.);
#6824 = PLANE('',#6825);
#6825 = AXIS2_PLACEMENT_3D('',#6826,#6827,#6828);
#6826 = CARTESIAN_POINT('',(1.5,-1.524,0.));
#6827 = DIRECTION('',(-0.,-0.,-1.));
#6828 = DIRECTION('',(0.,-1.,0.));
#6829 = ADVANCED_FACE('',(#6830),#6841,.T.);
#6830 = FACE_BOUND('',#6831,.T.);
#6831 = EDGE_LOOP('',(#6832,#6838,#6839,#6840));
#6832 = ORIENTED_EDGE('',*,*,#6833,.T.);
#6833 = EDGE_CURVE('',#6452,#6617,#6834,.T.);
#6834 = LINE('',#6835,#6836);
#6835 = CARTESIAN_POINT('',(1.5,-1.524,2.54));
#6836 = VECTOR('',#6837,1.);
#6837 = DIRECTION('',(1.,0.,0.));
#6838 = ORIENTED_EDGE('',*,*,#6624,.T.);
#6839 = ORIENTED_EDGE('',*,*,#6799,.F.);
#6840 = ORIENTED_EDGE('',*,*,#6459,.F.);
#6841 = PLANE('',#6842);
#6842 = AXIS2_PLACEMENT_3D('',#6843,#6844,#6845);
#6843 = CARTESIAN_POINT('',(1.5,-1.524,2.54));
#6844 = DIRECTION('',(0.,0.707106781187,0.707106781187));
#6845 = DIRECTION('',(0.,0.707106781187,-0.707106781187));
#6846 = ADVANCED_FACE('',(#6847),#6858,.T.);
#6847 = FACE_BOUND('',#6848,.T.);
#6848 = EDGE_LOOP('',(#6849,#6850,#6851,#6857));
#6849 = ORIENTED_EDGE('',*,*,#6818,.T.);
#6850 = ORIENTED_EDGE('',*,*,#6592,.T.);
#6851 = ORIENTED_EDGE('',*,*,#6852,.F.);
#6852 = EDGE_CURVE('',#6428,#6593,#6853,.T.);
#6853 = LINE('',#6854,#6855);
#6854 = CARTESIAN_POINT('',(1.5,-3.81,0.254));
#6855 = VECTOR('',#6856,1.);
#6856 = DIRECTION('',(1.,0.,0.));
#6857 = ORIENTED_EDGE('',*,*,#6427,.F.);
#6858 = PLANE('',#6859);
#6859 = AXIS2_PLACEMENT_3D('',#6860,#6861,#6862);
#6860 = CARTESIAN_POINT('',(1.5,-3.556,0.));
#6861 = DIRECTION('',(-0.,-0.707106781187,-0.707106781187));
#6862 = DIRECTION('',(0.,-0.707106781187,0.707106781187));
#6863 = ADVANCED_FACE('',(#6864),#6875,.T.);
#6864 = FACE_BOUND('',#6865,.T.);
#6865 = EDGE_LOOP('',(#6866,#6872,#6873,#6874));
#6866 = ORIENTED_EDGE('',*,*,#6867,.T.);
#6867 = EDGE_CURVE('',#6444,#6609,#6868,.T.);
#6868 = LINE('',#6869,#6870);
#6869 = CARTESIAN_POINT('',(1.5,-3.556,2.54));
#6870 = VECTOR('',#6871,1.);
#6871 = DIRECTION('',(1.,0.,0.));
#6872 = ORIENTED_EDGE('',*,*,#6616,.T.);
#6873 = ORIENTED_EDGE('',*,*,#6833,.F.);
#6874 = ORIENTED_EDGE('',*,*,#6451,.F.);
#6875 = PLANE('',#6876);
#6876 = AXIS2_PLACEMENT_3D('',#6877,#6878,#6879);
#6877 = CARTESIAN_POINT('',(1.5,-3.556,2.54));
#6878 = DIRECTION('',(0.,0.,1.));
#6879 = DIRECTION('',(0.,1.,0.));
#6880 = ADVANCED_FACE('',(#6881),#6892,.T.);
#6881 = FACE_BOUND('',#6882,.T.);
#6882 = EDGE_LOOP('',(#6883,#6884,#6885,#6891));
#6883 = ORIENTED_EDGE('',*,*,#6852,.T.);
#6884 = ORIENTED_EDGE('',*,*,#6600,.T.);
#6885 = ORIENTED_EDGE('',*,*,#6886,.F.);
#6886 = EDGE_CURVE('',#6436,#6601,#6887,.T.);
#6887 = LINE('',#6888,#6889);
#6888 = CARTESIAN_POINT('',(1.5,-3.81,2.286));
#6889 = VECTOR('',#6890,1.);
#6890 = DIRECTION('',(1.,0.,0.));
#6891 = ORIENTED_EDGE('',*,*,#6435,.F.);
#6892 = PLANE('',#6893);
#6893 = AXIS2_PLACEMENT_3D('',#6894,#6895,#6896);
#6894 = CARTESIAN_POINT('',(1.5,-3.81,0.254));
#6895 = DIRECTION('',(0.,-1.,0.));
#6896 = DIRECTION('',(0.,0.,1.));
#6897 = ADVANCED_FACE('',(#6898),#6904,.T.);
#6898 = FACE_BOUND('',#6899,.T.);
#6899 = EDGE_LOOP('',(#6900,#6901,#6902,#6903));
#6900 = ORIENTED_EDGE('',*,*,#6886,.T.);
#6901 = ORIENTED_EDGE('',*,*,#6608,.T.);
#6902 = ORIENTED_EDGE('',*,*,#6867,.F.);
#6903 = ORIENTED_EDGE('',*,*,#6443,.F.);
#6904 = PLANE('',#6905);
#6905 = AXIS2_PLACEMENT_3D('',#6906,#6907,#6908);
#6906 = CARTESIAN_POINT('',(1.5,-3.81,2.286));
#6907 = DIRECTION('',(0.,-0.707106781187,0.707106781187));
#6908 = DIRECTION('',(0.,0.707106781187,0.707106781187));
#6909 = ADVANCED_FACE('',(#6910),#6935,.T.);
#6910 = FACE_BOUND('',#6911,.T.);
#6911 = EDGE_LOOP('',(#6912,#6920,#6921,#6929));
#6912 = ORIENTED_EDGE('',*,*,#6913,.F.);
#6913 = EDGE_CURVE('',#6493,#6914,#6916,.T.);
#6914 = VERTEX_POINT('',#6915);
#6915 = CARTESIAN_POINT('',(0.32,0.32,0.95));
#6916 = LINE('',#6917,#6918);
#6917 = CARTESIAN_POINT('',(10.04,0.32,0.95));
#6918 = VECTOR('',#6919,1.);
#6919 = DIRECTION('',(-1.,0.,0.));
#6920 = ORIENTED_EDGE('',*,*,#6492,.T.);
#6921 = ORIENTED_EDGE('',*,*,#6922,.T.);
#6922 = EDGE_CURVE('',#6495,#6923,#6925,.T.);
#6923 = VERTEX_POINT('',#6924);
#6924 = CARTESIAN_POINT('',(0.32,-0.32,0.95));
#6925 = LINE('',#6926,#6927);
#6926 = CARTESIAN_POINT('',(10.04,-0.32,0.95));
#6927 = VECTOR('',#6928,1.);
#6928 = DIRECTION('',(-1.,0.,0.));
#6929 = ORIENTED_EDGE('',*,*,#6930,.F.);
#6930 = EDGE_CURVE('',#6914,#6923,#6931,.T.);
#6931 = LINE('',#6932,#6933);
#6932 = CARTESIAN_POINT('',(0.32,0.32,0.95));
#6933 = VECTOR('',#6934,1.);
#6934 = DIRECTION('',(0.,-1.,0.));
#6935 = PLANE('',#6936);
#6936 = AXIS2_PLACEMENT_3D('',#6937,#6938,#6939);
#6937 = CARTESIAN_POINT('',(10.04,0.32,0.95));
#6938 = DIRECTION('',(-0.,-0.,-1.));
#6939 = DIRECTION('',(-1.,0.,0.));
#6940 = ADVANCED_FACE('',(#6941),#6984,.F.);
#6941 = FACE_BOUND('',#6942,.F.);
#6942 = EDGE_LOOP('',(#6943,#6954,#6960,#6961,#6962,#6970,#6978));
#6943 = ORIENTED_EDGE('',*,*,#6944,.T.);
#6944 = EDGE_CURVE('',#6945,#6947,#6949,.T.);
#6945 = VERTEX_POINT('',#6946);
#6946 = CARTESIAN_POINT('',(-0.32,-0.32,0.95));
#6947 = VERTEX_POINT('',#6948);
#6948 = CARTESIAN_POINT('',(0.32,-0.32,1.59));
#6949 = CIRCLE('',#6950,0.64);
#6950 = AXIS2_PLACEMENT_3D('',#6951,#6952,#6953);
#6951 = CARTESIAN_POINT('',(0.32,-0.32,0.95));
#6952 = DIRECTION('',(0.,1.,0.));
#6953 = DIRECTION('',(0.,0.,-1.));
#6954 = ORIENTED_EDGE('',*,*,#6955,.T.);
#6955 = EDGE_CURVE('',#6947,#6511,#6956,.T.);
#6956 = LINE('',#6957,#6958);
#6957 = CARTESIAN_POINT('',(-0.32,-0.32,1.59));
#6958 = VECTOR('',#6959,1.);
#6959 = DIRECTION('',(1.,0.,2.143287692327E-17));
#6960 = ORIENTED_EDGE('',*,*,#6518,.T.);
#6961 = ORIENTED_EDGE('',*,*,#6922,.T.);
#6962 = ORIENTED_EDGE('',*,*,#6963,.T.);
#6963 = EDGE_CURVE('',#6923,#6964,#6966,.T.);
#6964 = VERTEX_POINT('',#6965);
#6965 = CARTESIAN_POINT('',(0.32,-0.32,-2.84));
#6966 = LINE('',#6967,#6968);
#6967 = CARTESIAN_POINT('',(0.32,-0.32,0.95));
#6968 = VECTOR('',#6969,1.);
#6969 = DIRECTION('',(0.,0.,-1.));
#6970 = ORIENTED_EDGE('',*,*,#6971,.T.);
#6971 = EDGE_CURVE('',#6964,#6972,#6974,.T.);
#6972 = VERTEX_POINT('',#6973);
#6973 = CARTESIAN_POINT('',(-0.32,-0.32,-2.84));
#6974 = LINE('',#6975,#6976);
#6975 = CARTESIAN_POINT('',(0.32,-0.32,-2.84));
#6976 = VECTOR('',#6977,1.);
#6977 = DIRECTION('',(-1.,0.,0.));
#6978 = ORIENTED_EDGE('',*,*,#6979,.T.);
#6979 = EDGE_CURVE('',#6972,#6945,#6980,.T.);
#6980 = LINE('',#6981,#6982);
#6981 = CARTESIAN_POINT('',(-0.32,-0.32,-3.));
#6982 = VECTOR('',#6983,1.);
#6983 = DIRECTION('',(0.,0.,1.));
#6984 = PLANE('',#6985);
#6985 = AXIS2_PLACEMENT_3D('',#6986,#6987,#6988);
#6986 = CARTESIAN_POINT('',(3.575919732441,-0.32,0.579080267559));
#6987 = DIRECTION('',(1.030170245606E-33,1.,6.630961875715E-34));
#6988 = DIRECTION('',(1.,-1.030170245606E-33,-3.284969231842E-83));
#6989 = ADVANCED_FACE('',(#6990),#7008,.T.);
#6990 = FACE_BOUND('',#6991,.T.);
#6991 = EDGE_LOOP('',(#6992,#7000,#7006,#7007));
#6992 = ORIENTED_EDGE('',*,*,#6993,.F.);
#6993 = EDGE_CURVE('',#6994,#6503,#6996,.T.);
#6994 = VERTEX_POINT('',#6995);
#6995 = CARTESIAN_POINT('',(0.32,0.32,1.59));
#6996 = LINE('',#6997,#6998);
#6997 = CARTESIAN_POINT('',(-0.32,0.32,1.59));
#6998 = VECTOR('',#6999,1.);
#6999 = DIRECTION('',(1.,0.,2.143287692327E-17));
#7000 = ORIENTED_EDGE('',*,*,#7001,.T.);
#7001 = EDGE_CURVE('',#6994,#6947,#7002,.T.);
#7002 = LINE('',#7003,#7004);
#7003 = CARTESIAN_POINT('',(0.32,0.32,1.59));
#7004 = VECTOR('',#7005,1.);
#7005 = DIRECTION('',(0.,-1.,0.));
#7006 = ORIENTED_EDGE('',*,*,#6955,.T.);
#7007 = ORIENTED_EDGE('',*,*,#6510,.T.);
#7008 = PLANE('',#7009);
#7009 = AXIS2_PLACEMENT_3D('',#7010,#7011,#7012);
#7010 = CARTESIAN_POINT('',(-0.32,0.32,1.59));
#7011 = DIRECTION('',(-2.143287692327E-17,0.,1.));
#7012 = DIRECTION('',(1.,0.,2.143287692327E-17));
#7013 = ADVANCED_FACE('',(#7014),#7050,.T.);
#7014 = FACE_BOUND('',#7015,.T.);
#7015 = EDGE_LOOP('',(#7016,#7025,#7026,#7027,#7028,#7036,#7044));
#7016 = ORIENTED_EDGE('',*,*,#7017,.T.);
#7017 = EDGE_CURVE('',#7018,#6994,#7020,.T.);
#7018 = VERTEX_POINT('',#7019);
#7019 = CARTESIAN_POINT('',(-0.32,0.32,0.95));
#7020 = CIRCLE('',#7021,0.64);
#7021 = AXIS2_PLACEMENT_3D('',#7022,#7023,#7024);
#7022 = CARTESIAN_POINT('',(0.32,0.32,0.95));
#7023 = DIRECTION('',(0.,1.,0.));
#7024 = DIRECTION('',(0.,0.,-1.));
#7025 = ORIENTED_EDGE('',*,*,#6993,.T.);
#7026 = ORIENTED_EDGE('',*,*,#6502,.T.);
#7027 = ORIENTED_EDGE('',*,*,#6913,.T.);
#7028 = ORIENTED_EDGE('',*,*,#7029,.T.);
#7029 = EDGE_CURVE('',#6914,#7030,#7032,.T.);
#7030 = VERTEX_POINT('',#7031);
#7031 = CARTESIAN_POINT('',(0.32,0.32,-2.84));
#7032 = LINE('',#7033,#7034);
#7033 = CARTESIAN_POINT('',(0.32,0.32,0.95));
#7034 = VECTOR('',#7035,1.);
#7035 = DIRECTION('',(0.,0.,-1.));
#7036 = ORIENTED_EDGE('',*,*,#7037,.T.);
#7037 = EDGE_CURVE('',#7030,#7038,#7040,.T.);
#7038 = VERTEX_POINT('',#7039);
#7039 = CARTESIAN_POINT('',(-0.32,0.32,-2.84));
#7040 = LINE('',#7041,#7042);
#7041 = CARTESIAN_POINT('',(0.32,0.32,-2.84));
#7042 = VECTOR('',#7043,1.);
#7043 = DIRECTION('',(-1.,0.,0.));
#7044 = ORIENTED_EDGE('',*,*,#7045,.T.);
#7045 = EDGE_CURVE('',#7038,#7018,#7046,.T.);
#7046 = LINE('',#7047,#7048);
#7047 = CARTESIAN_POINT('',(-0.32,0.32,-3.));
#7048 = VECTOR('',#7049,1.);
#7049 = DIRECTION('',(0.,0.,1.));
#7050 = PLANE('',#7051);
#7051 = AXIS2_PLACEMENT_3D('',#7052,#7053,#7054);
#7052 = CARTESIAN_POINT('',(3.575919732441,0.32,0.579080267559));
#7053 = DIRECTION('',(1.030170245606E-33,1.,6.630961875715E-34));
#7054 = DIRECTION('',(1.,-1.030170245606E-33,-3.284969231842E-83));
#7055 = ADVANCED_FACE('',(#7056),#7081,.T.);
#7056 = FACE_BOUND('',#7057,.T.);
#7057 = EDGE_LOOP('',(#7058,#7066,#7067,#7075));
#7058 = ORIENTED_EDGE('',*,*,#7059,.F.);
#7059 = EDGE_CURVE('',#6527,#7060,#7062,.T.);
#7060 = VERTEX_POINT('',#7061);
#7061 = CARTESIAN_POINT('',(0.32,-2.22,0.95));
#7062 = LINE('',#7063,#7064);
#7063 = CARTESIAN_POINT('',(10.04,-2.22,0.95));
#7064 = VECTOR('',#7065,1.);
#7065 = DIRECTION('',(-1.,0.,0.));
#7066 = ORIENTED_EDGE('',*,*,#6526,.T.);
#7067 = ORIENTED_EDGE('',*,*,#7068,.T.);
#7068 = EDGE_CURVE('',#6529,#7069,#7071,.T.);
#7069 = VERTEX_POINT('',#7070);
#7070 = CARTESIAN_POINT('',(0.32,-2.86,0.95));
#7071 = LINE('',#7072,#7073);
#7072 = CARTESIAN_POINT('',(10.04,-2.86,0.95));
#7073 = VECTOR('',#7074,1.);
#7074 = DIRECTION('',(-1.,0.,0.));
#7075 = ORIENTED_EDGE('',*,*,#7076,.F.);
#7076 = EDGE_CURVE('',#7060,#7069,#7077,.T.);
#7077 = LINE('',#7078,#7079);
#7078 = CARTESIAN_POINT('',(0.32,-2.22,0.95));
#7079 = VECTOR('',#7080,1.);
#7080 = DIRECTION('',(0.,-1.,0.));
#7081 = PLANE('',#7082);
#7082 = AXIS2_PLACEMENT_3D('',#7083,#7084,#7085);
#7083 = CARTESIAN_POINT('',(10.04,-2.22,0.95));
#7084 = DIRECTION('',(-0.,-0.,-1.));
#7085 = DIRECTION('',(-1.,0.,0.));
#7086 = ADVANCED_FACE('',(#7087),#7130,.F.);
#7087 = FACE_BOUND('',#7088,.F.);
#7088 = EDGE_LOOP('',(#7089,#7100,#7106,#7107,#7108,#7116,#7124));
#7089 = ORIENTED_EDGE('',*,*,#7090,.T.);
#7090 = EDGE_CURVE('',#7091,#7093,#7095,.T.);
#7091 = VERTEX_POINT('',#7092);
#7092 = CARTESIAN_POINT('',(-0.32,-2.86,0.95));
#7093 = VERTEX_POINT('',#7094);
#7094 = CARTESIAN_POINT('',(0.32,-2.86,1.59));
#7095 = CIRCLE('',#7096,0.64);
#7096 = AXIS2_PLACEMENT_3D('',#7097,#7098,#7099);
#7097 = CARTESIAN_POINT('',(0.32,-2.86,0.95));
#7098 = DIRECTION('',(0.,1.,0.));
#7099 = DIRECTION('',(0.,0.,-1.));
#7100 = ORIENTED_EDGE('',*,*,#7101,.T.);
#7101 = EDGE_CURVE('',#7093,#6545,#7102,.T.);
#7102 = LINE('',#7103,#7104);
#7103 = CARTESIAN_POINT('',(-0.32,-2.86,1.59));
#7104 = VECTOR('',#7105,1.);
#7105 = DIRECTION('',(1.,0.,2.143287692327E-17));
#7106 = ORIENTED_EDGE('',*,*,#6552,.T.);
#7107 = ORIENTED_EDGE('',*,*,#7068,.T.);
#7108 = ORIENTED_EDGE('',*,*,#7109,.T.);
#7109 = EDGE_CURVE('',#7069,#7110,#7112,.T.);
#7110 = VERTEX_POINT('',#7111);
#7111 = CARTESIAN_POINT('',(0.32,-2.86,-2.84));
#7112 = LINE('',#7113,#7114);
#7113 = CARTESIAN_POINT('',(0.32,-2.86,0.95));
#7114 = VECTOR('',#7115,1.);
#7115 = DIRECTION('',(0.,0.,-1.));
#7116 = ORIENTED_EDGE('',*,*,#7117,.T.);
#7117 = EDGE_CURVE('',#7110,#7118,#7120,.T.);
#7118 = VERTEX_POINT('',#7119);
#7119 = CARTESIAN_POINT('',(-0.32,-2.86,-2.84));
#7120 = LINE('',#7121,#7122);
#7121 = CARTESIAN_POINT('',(0.32,-2.86,-2.84));
#7122 = VECTOR('',#7123,1.);
#7123 = DIRECTION('',(-1.,0.,0.));
#7124 = ORIENTED_EDGE('',*,*,#7125,.T.);
#7125 = EDGE_CURVE('',#7118,#7091,#7126,.T.);
#7126 = LINE('',#7127,#7128);
#7127 = CARTESIAN_POINT('',(-0.32,-2.86,-3.));
#7128 = VECTOR('',#7129,1.);
#7129 = DIRECTION('',(0.,0.,1.));
#7130 = PLANE('',#7131);
#7131 = AXIS2_PLACEMENT_3D('',#7132,#7133,#7134);
#7132 = CARTESIAN_POINT('',(3.575919732441,-2.86,0.579080267559));
#7133 = DIRECTION('',(1.030170245606E-33,1.,6.630961875715E-34));
#7134 = DIRECTION('',(1.,-1.030170245606E-33,-3.284969231842E-83));
#7135 = ADVANCED_FACE('',(#7136),#7154,.T.);
#7136 = FACE_BOUND('',#7137,.T.);
#7137 = EDGE_LOOP('',(#7138,#7146,#7152,#7153));
#7138 = ORIENTED_EDGE('',*,*,#7139,.F.);
#7139 = EDGE_CURVE('',#7140,#6537,#7142,.T.);
#7140 = VERTEX_POINT('',#7141);
#7141 = CARTESIAN_POINT('',(0.32,-2.22,1.59));
#7142 = LINE('',#7143,#7144);
#7143 = CARTESIAN_POINT('',(-0.32,-2.22,1.59));
#7144 = VECTOR('',#7145,1.);
#7145 = DIRECTION('',(1.,0.,2.143287692327E-17));
#7146 = ORIENTED_EDGE('',*,*,#7147,.T.);
#7147 = EDGE_CURVE('',#7140,#7093,#7148,.T.);
#7148 = LINE('',#7149,#7150);
#7149 = CARTESIAN_POINT('',(0.32,-2.22,1.59));
#7150 = VECTOR('',#7151,1.);
#7151 = DIRECTION('',(0.,-1.,0.));
#7152 = ORIENTED_EDGE('',*,*,#7101,.T.);
#7153 = ORIENTED_EDGE('',*,*,#6544,.T.);
#7154 = PLANE('',#7155);
#7155 = AXIS2_PLACEMENT_3D('',#7156,#7157,#7158);
#7156 = CARTESIAN_POINT('',(-0.32,-2.22,1.59));
#7157 = DIRECTION('',(-2.143287692327E-17,0.,1.));
#7158 = DIRECTION('',(1.,0.,2.143287692327E-17));
#7159 = ADVANCED_FACE('',(#7160),#7196,.T.);
#7160 = FACE_BOUND('',#7161,.T.);
#7161 = EDGE_LOOP('',(#7162,#7171,#7172,#7173,#7174,#7182,#7190));
#7162 = ORIENTED_EDGE('',*,*,#7163,.T.);
#7163 = EDGE_CURVE('',#7164,#7140,#7166,.T.);
#7164 = VERTEX_POINT('',#7165);
#7165 = CARTESIAN_POINT('',(-0.32,-2.22,0.95));
#7166 = CIRCLE('',#7167,0.64);
#7167 = AXIS2_PLACEMENT_3D('',#7168,#7169,#7170);
#7168 = CARTESIAN_POINT('',(0.32,-2.22,0.95));
#7169 = DIRECTION('',(0.,1.,0.));
#7170 = DIRECTION('',(0.,0.,-1.));
#7171 = ORIENTED_EDGE('',*,*,#7139,.T.);
#7172 = ORIENTED_EDGE('',*,*,#6536,.T.);
#7173 = ORIENTED_EDGE('',*,*,#7059,.T.);
#7174 = ORIENTED_EDGE('',*,*,#7175,.T.);
#7175 = EDGE_CURVE('',#7060,#7176,#7178,.T.);
#7176 = VERTEX_POINT('',#7177);
#7177 = CARTESIAN_POINT('',(0.32,-2.22,-2.84));
#7178 = LINE('',#7179,#7180);
#7179 = CARTESIAN_POINT('',(0.32,-2.22,0.95));
#7180 = VECTOR('',#7181,1.);
#7181 = DIRECTION('',(0.,0.,-1.));
#7182 = ORIENTED_EDGE('',*,*,#7183,.T.);
#7183 = EDGE_CURVE('',#7176,#7184,#7186,.T.);
#7184 = VERTEX_POINT('',#7185);
#7185 = CARTESIAN_POINT('',(-0.32,-2.22,-2.84));
#7186 = LINE('',#7187,#7188);
#7187 = CARTESIAN_POINT('',(0.32,-2.22,-2.84));
#7188 = VECTOR('',#7189,1.);
#7189 = DIRECTION('',(-1.,0.,0.));
#7190 = ORIENTED_EDGE('',*,*,#7191,.T.);
#7191 = EDGE_CURVE('',#7184,#7164,#7192,.T.);
#7192 = LINE('',#7193,#7194);
#7193 = CARTESIAN_POINT('',(-0.32,-2.22,-3.));
#7194 = VECTOR('',#7195,1.);
#7195 = DIRECTION('',(0.,0.,1.));
#7196 = PLANE('',#7197);
#7197 = AXIS2_PLACEMENT_3D('',#7198,#7199,#7200);
#7198 = CARTESIAN_POINT('',(3.575919732441,-2.22,0.579080267559));
#7199 = DIRECTION('',(1.030170245606E-33,1.,6.630961875715E-34));
#7200 = DIRECTION('',(1.,-1.030170245606E-33,-3.284969231842E-83));
#7201 = ADVANCED_FACE('',(#7202),#7227,.T.);
#7202 = FACE_BOUND('',#7203,.T.);
#7203 = EDGE_LOOP('',(#7204,#7212,#7220,#7226));
#7204 = ORIENTED_EDGE('',*,*,#7205,.F.);
#7205 = EDGE_CURVE('',#7206,#6658,#7208,.T.);
#7206 = VERTEX_POINT('',#7207);
#7207 = CARTESIAN_POINT('',(9.88,0.32,0.95));
#7208 = LINE('',#7209,#7210);
#7209 = CARTESIAN_POINT('',(10.04,0.32,0.95));
#7210 = VECTOR('',#7211,1.);
#7211 = DIRECTION('',(-1.,0.,0.));
#7212 = ORIENTED_EDGE('',*,*,#7213,.T.);
#7213 = EDGE_CURVE('',#7206,#7214,#7216,.T.);
#7214 = VERTEX_POINT('',#7215);
#7215 = CARTESIAN_POINT('',(9.88,-0.32,0.95));
#7216 = LINE('',#7217,#7218);
#7217 = CARTESIAN_POINT('',(9.88,0.32,0.95));
#7218 = VECTOR('',#7219,1.);
#7219 = DIRECTION('',(0.,-1.,0.));
#7220 = ORIENTED_EDGE('',*,*,#7221,.T.);
#7221 = EDGE_CURVE('',#7214,#6660,#7222,.T.);
#7222 = LINE('',#7223,#7224);
#7223 = CARTESIAN_POINT('',(10.04,-0.32,0.95));
#7224 = VECTOR('',#7225,1.);
#7225 = DIRECTION('',(-1.,0.,0.));
#7226 = ORIENTED_EDGE('',*,*,#6657,.F.);
#7227 = PLANE('',#7228);
#7228 = AXIS2_PLACEMENT_3D('',#7229,#7230,#7231);
#7229 = CARTESIAN_POINT('',(10.04,0.32,0.95));
#7230 = DIRECTION('',(-0.,-0.,-1.));
#7231 = DIRECTION('',(-1.,0.,0.));
#7232 = ADVANCED_FACE('',(#7233),#7251,.F.);
#7233 = FACE_BOUND('',#7234,.F.);
#7234 = EDGE_LOOP('',(#7235,#7236,#7244,#7250));
#7235 = ORIENTED_EDGE('',*,*,#6683,.F.);
#7236 = ORIENTED_EDGE('',*,*,#7237,.T.);
#7237 = EDGE_CURVE('',#6676,#7238,#7240,.T.);
#7238 = VERTEX_POINT('',#7239);
#7239 = CARTESIAN_POINT('',(9.88,-0.32,1.59));
#7240 = LINE('',#7241,#7242);
#7241 = CARTESIAN_POINT('',(-0.32,-0.32,1.59));
#7242 = VECTOR('',#7243,1.);
#7243 = DIRECTION('',(1.,0.,2.143287692327E-17));
#7244 = ORIENTED_EDGE('',*,*,#7245,.T.);
#7245 = EDGE_CURVE('',#7238,#7214,#7246,.T.);
#7246 = LINE('',#7247,#7248);
#7247 = CARTESIAN_POINT('',(9.88,-0.32,1.59));
#7248 = VECTOR('',#7249,1.);
#7249 = DIRECTION('',(0.,0.,-1.));
#7250 = ORIENTED_EDGE('',*,*,#7221,.T.);
#7251 = PLANE('',#7252);
#7252 = AXIS2_PLACEMENT_3D('',#7253,#7254,#7255);
#7253 = CARTESIAN_POINT('',(3.575919732441,-0.32,0.579080267559));
#7254 = DIRECTION('',(1.030170245606E-33,1.,6.630961875715E-34));
#7255 = DIRECTION('',(1.,-1.030170245606E-33,-3.284969231842E-83));
#7256 = ADVANCED_FACE('',(#7257),#7275,.T.);
#7257 = FACE_BOUND('',#7258,.T.);
#7258 = EDGE_LOOP('',(#7259,#7267,#7268,#7269));
#7259 = ORIENTED_EDGE('',*,*,#7260,.F.);
#7260 = EDGE_CURVE('',#6668,#7261,#7263,.T.);
#7261 = VERTEX_POINT('',#7262);
#7262 = CARTESIAN_POINT('',(9.88,0.32,1.59));
#7263 = LINE('',#7264,#7265);
#7264 = CARTESIAN_POINT('',(-0.32,0.32,1.59));
#7265 = VECTOR('',#7266,1.);
#7266 = DIRECTION('',(1.,0.,2.143287692327E-17));
#7267 = ORIENTED_EDGE('',*,*,#6675,.F.);
#7268 = ORIENTED_EDGE('',*,*,#7237,.T.);
#7269 = ORIENTED_EDGE('',*,*,#7270,.F.);
#7270 = EDGE_CURVE('',#7261,#7238,#7271,.T.);
#7271 = LINE('',#7272,#7273);
#7272 = CARTESIAN_POINT('',(9.88,0.32,1.59));
#7273 = VECTOR('',#7274,1.);
#7274 = DIRECTION('',(0.,-1.,0.));
#7275 = PLANE('',#7276);
#7276 = AXIS2_PLACEMENT_3D('',#7277,#7278,#7279);
#7277 = CARTESIAN_POINT('',(-0.32,0.32,1.59));
#7278 = DIRECTION('',(-2.143287692327E-17,0.,1.));
#7279 = DIRECTION('',(1.,0.,2.143287692327E-17));
#7280 = ADVANCED_FACE('',(#7281),#7292,.T.);
#7281 = FACE_BOUND('',#7282,.T.);
#7282 = EDGE_LOOP('',(#7283,#7284,#7285,#7291));
#7283 = ORIENTED_EDGE('',*,*,#6667,.F.);
#7284 = ORIENTED_EDGE('',*,*,#7260,.T.);
#7285 = ORIENTED_EDGE('',*,*,#7286,.T.);
#7286 = EDGE_CURVE('',#7261,#7206,#7287,.T.);
#7287 = LINE('',#7288,#7289);
#7288 = CARTESIAN_POINT('',(9.88,0.32,1.59));
#7289 = VECTOR('',#7290,1.);
#7290 = DIRECTION('',(0.,0.,-1.));
#7291 = ORIENTED_EDGE('',*,*,#7205,.T.);
#7292 = PLANE('',#7293);
#7293 = AXIS2_PLACEMENT_3D('',#7294,#7295,#7296);
#7294 = CARTESIAN_POINT('',(3.575919732441,0.32,0.579080267559));
#7295 = DIRECTION('',(1.030170245606E-33,1.,6.630961875715E-34));
#7296 = DIRECTION('',(1.,-1.030170245606E-33,-3.284969231842E-83));
#7297 = ADVANCED_FACE('',(#7298),#7323,.T.);
#7298 = FACE_BOUND('',#7299,.T.);
#7299 = EDGE_LOOP('',(#7300,#7308,#7316,#7322));
#7300 = ORIENTED_EDGE('',*,*,#7301,.F.);
#7301 = EDGE_CURVE('',#7302,#6692,#7304,.T.);
#7302 = VERTEX_POINT('',#7303);
#7303 = CARTESIAN_POINT('',(9.88,-2.22,0.95));
#7304 = LINE('',#7305,#7306);
#7305 = CARTESIAN_POINT('',(10.04,-2.22,0.95));
#7306 = VECTOR('',#7307,1.);
#7307 = DIRECTION('',(-1.,0.,0.));
#7308 = ORIENTED_EDGE('',*,*,#7309,.T.);
#7309 = EDGE_CURVE('',#7302,#7310,#7312,.T.);
#7310 = VERTEX_POINT('',#7311);
#7311 = CARTESIAN_POINT('',(9.88,-2.86,0.95));
#7312 = LINE('',#7313,#7314);
#7313 = CARTESIAN_POINT('',(9.88,-2.22,0.95));
#7314 = VECTOR('',#7315,1.);
#7315 = DIRECTION('',(0.,-1.,0.));
#7316 = ORIENTED_EDGE('',*,*,#7317,.T.);
#7317 = EDGE_CURVE('',#7310,#6694,#7318,.T.);
#7318 = LINE('',#7319,#7320);
#7319 = CARTESIAN_POINT('',(10.04,-2.86,0.95));
#7320 = VECTOR('',#7321,1.);
#7321 = DIRECTION('',(-1.,0.,0.));
#7322 = ORIENTED_EDGE('',*,*,#6691,.F.);
#7323 = PLANE('',#7324);
#7324 = AXIS2_PLACEMENT_3D('',#7325,#7326,#7327);
#7325 = CARTESIAN_POINT('',(10.04,-2.22,0.95));
#7326 = DIRECTION('',(-0.,-0.,-1.));
#7327 = DIRECTION('',(-1.,0.,0.));
#7328 = ADVANCED_FACE('',(#7329),#7347,.F.);
#7329 = FACE_BOUND('',#7330,.F.);
#7330 = EDGE_LOOP('',(#7331,#7332,#7340,#7346));
#7331 = ORIENTED_EDGE('',*,*,#6717,.F.);
#7332 = ORIENTED_EDGE('',*,*,#7333,.T.);
#7333 = EDGE_CURVE('',#6710,#7334,#7336,.T.);
#7334 = VERTEX_POINT('',#7335);
#7335 = CARTESIAN_POINT('',(9.88,-2.86,1.59));
#7336 = LINE('',#7337,#7338);
#7337 = CARTESIAN_POINT('',(-0.32,-2.86,1.59));
#7338 = VECTOR('',#7339,1.);
#7339 = DIRECTION('',(1.,0.,2.143287692327E-17));
#7340 = ORIENTED_EDGE('',*,*,#7341,.T.);
#7341 = EDGE_CURVE('',#7334,#7310,#7342,.T.);
#7342 = LINE('',#7343,#7344);
#7343 = CARTESIAN_POINT('',(9.88,-2.86,1.59));
#7344 = VECTOR('',#7345,1.);
#7345 = DIRECTION('',(0.,0.,-1.));
#7346 = ORIENTED_EDGE('',*,*,#7317,.T.);
#7347 = PLANE('',#7348);
#7348 = AXIS2_PLACEMENT_3D('',#7349,#7350,#7351);
#7349 = CARTESIAN_POINT('',(3.575919732441,-2.86,0.579080267559));
#7350 = DIRECTION('',(1.030170245606E-33,1.,6.630961875715E-34));
#7351 = DIRECTION('',(1.,-1.030170245606E-33,-3.284969231842E-83));
#7352 = ADVANCED_FACE('',(#7353),#7371,.T.);
#7353 = FACE_BOUND('',#7354,.T.);
#7354 = EDGE_LOOP('',(#7355,#7363,#7364,#7365));
#7355 = ORIENTED_EDGE('',*,*,#7356,.F.);
#7356 = EDGE_CURVE('',#6702,#7357,#7359,.T.);
#7357 = VERTEX_POINT('',#7358);
#7358 = CARTESIAN_POINT('',(9.88,-2.22,1.59));
#7359 = LINE('',#7360,#7361);
#7360 = CARTESIAN_POINT('',(-0.32,-2.22,1.59));
#7361 = VECTOR('',#7362,1.);
#7362 = DIRECTION('',(1.,0.,2.143287692327E-17));
#7363 = ORIENTED_EDGE('',*,*,#6709,.F.);
#7364 = ORIENTED_EDGE('',*,*,#7333,.T.);
#7365 = ORIENTED_EDGE('',*,*,#7366,.F.);
#7366 = EDGE_CURVE('',#7357,#7334,#7367,.T.);
#7367 = LINE('',#7368,#7369);
#7368 = CARTESIAN_POINT('',(9.88,-2.22,1.59));
#7369 = VECTOR('',#7370,1.);
#7370 = DIRECTION('',(0.,-1.,0.));
#7371 = PLANE('',#7372);
#7372 = AXIS2_PLACEMENT_3D('',#7373,#7374,#7375);
#7373 = CARTESIAN_POINT('',(-0.32,-2.22,1.59));
#7374 = DIRECTION('',(-2.143287692327E-17,0.,1.));
#7375 = DIRECTION('',(1.,0.,2.143287692327E-17));
#7376 = ADVANCED_FACE('',(#7377),#7388,.T.);
#7377 = FACE_BOUND('',#7378,.T.);
#7378 = EDGE_LOOP('',(#7379,#7380,#7381,#7387));
#7379 = ORIENTED_EDGE('',*,*,#6701,.F.);
#7380 = ORIENTED_EDGE('',*,*,#7356,.T.);
#7381 = ORIENTED_EDGE('',*,*,#7382,.T.);
#7382 = EDGE_CURVE('',#7357,#7302,#7383,.T.);
#7383 = LINE('',#7384,#7385);
#7384 = CARTESIAN_POINT('',(9.88,-2.22,1.59));
#7385 = VECTOR('',#7386,1.);
#7386 = DIRECTION('',(0.,0.,-1.));
#7387 = ORIENTED_EDGE('',*,*,#7301,.T.);
#7388 = PLANE('',#7389);
#7389 = AXIS2_PLACEMENT_3D('',#7390,#7391,#7392);
#7390 = CARTESIAN_POINT('',(3.575919732441,-2.22,0.579080267559));
#7391 = DIRECTION('',(1.030170245606E-33,1.,6.630961875715E-34));
#7392 = DIRECTION('',(1.,-1.030170245606E-33,-3.284969231842E-83));
#7393 = ADVANCED_FACE('',(#7394),#7405,.T.);
#7394 = FACE_BOUND('',#7395,.T.);
#7395 = EDGE_LOOP('',(#7396,#7397,#7398,#7399));
#7396 = ORIENTED_EDGE('',*,*,#7029,.F.);
#7397 = ORIENTED_EDGE('',*,*,#6930,.T.);
#7398 = ORIENTED_EDGE('',*,*,#6963,.T.);
#7399 = ORIENTED_EDGE('',*,*,#7400,.F.);
#7400 = EDGE_CURVE('',#7030,#6964,#7401,.T.);
#7401 = LINE('',#7402,#7403);
#7402 = CARTESIAN_POINT('',(0.32,0.32,-2.84));
#7403 = VECTOR('',#7404,1.);
#7404 = DIRECTION('',(0.,-1.,0.));
#7405 = PLANE('',#7406);
#7406 = AXIS2_PLACEMENT_3D('',#7407,#7408,#7409);
#7407 = CARTESIAN_POINT('',(0.32,0.32,0.95));
#7408 = DIRECTION('',(1.,0.,0.));
#7409 = DIRECTION('',(0.,0.,-1.));
#7410 = ADVANCED_FACE('',(#7411),#7422,.T.);
#7411 = FACE_BOUND('',#7412,.T.);
#7412 = EDGE_LOOP('',(#7413,#7419,#7420,#7421));
#7413 = ORIENTED_EDGE('',*,*,#7414,.T.);
#7414 = EDGE_CURVE('',#7018,#6945,#7415,.T.);
#7415 = LINE('',#7416,#7417);
#7416 = CARTESIAN_POINT('',(-0.32,0.32,0.95));
#7417 = VECTOR('',#7418,1.);
#7418 = DIRECTION('',(0.,-1.,0.));
#7419 = ORIENTED_EDGE('',*,*,#6944,.T.);
#7420 = ORIENTED_EDGE('',*,*,#7001,.F.);
#7421 = ORIENTED_EDGE('',*,*,#7017,.F.);
#7422 = CYLINDRICAL_SURFACE('',#7423,0.64);
#7423 = AXIS2_PLACEMENT_3D('',#7424,#7425,#7426);
#7424 = CARTESIAN_POINT('',(0.32,0.32,0.95));
#7425 = DIRECTION('',(0.,-1.,0.));
#7426 = DIRECTION('',(-1.,0.,0.));
#7427 = ADVANCED_FACE('',(#7428),#7439,.T.);
#7428 = FACE_BOUND('',#7429,.T.);
#7429 = EDGE_LOOP('',(#7430,#7431,#7437,#7438));
#7430 = ORIENTED_EDGE('',*,*,#7045,.F.);
#7431 = ORIENTED_EDGE('',*,*,#7432,.T.);
#7432 = EDGE_CURVE('',#7038,#6972,#7433,.T.);
#7433 = LINE('',#7434,#7435);
#7434 = CARTESIAN_POINT('',(-0.32,0.32,-2.84));
#7435 = VECTOR('',#7436,1.);
#7436 = DIRECTION('',(0.,-1.,0.));
#7437 = ORIENTED_EDGE('',*,*,#6979,.T.);
#7438 = ORIENTED_EDGE('',*,*,#7414,.F.);
#7439 = PLANE('',#7440);
#7440 = AXIS2_PLACEMENT_3D('',#7441,#7442,#7443);
#7441 = CARTESIAN_POINT('',(-0.32,0.32,-3.));
#7442 = DIRECTION('',(-1.,0.,0.));
#7443 = DIRECTION('',(0.,0.,1.));
#7444 = ADVANCED_FACE('',(#7445),#7470,.F.);
#7445 = FACE_BOUND('',#7446,.F.);
#7446 = EDGE_LOOP('',(#7447,#7455,#7463,#7469));
#7447 = ORIENTED_EDGE('',*,*,#7448,.F.);
#7448 = EDGE_CURVE('',#7449,#6964,#7451,.T.);
#7449 = VERTEX_POINT('',#7450);
#7450 = CARTESIAN_POINT('',(0.16,-0.16,-3.));
#7451 = LINE('',#7452,#7453);
#7452 = CARTESIAN_POINT('',(0.16,-0.16,-3.));
#7453 = VECTOR('',#7454,1.);
#7454 = DIRECTION('',(0.57735026919,-0.57735026919,0.57735026919));
#7455 = ORIENTED_EDGE('',*,*,#7456,.T.);
#7456 = EDGE_CURVE('',#7449,#7457,#7459,.T.);
#7457 = VERTEX_POINT('',#7458);
#7458 = CARTESIAN_POINT('',(-0.16,-0.16,-3.));
#7459 = LINE('',#7460,#7461);
#7460 = CARTESIAN_POINT('',(0.32,-0.16,-3.));
#7461 = VECTOR('',#7462,1.);
#7462 = DIRECTION('',(-1.,0.,0.));
#7463 = ORIENTED_EDGE('',*,*,#7464,.T.);
#7464 = EDGE_CURVE('',#7457,#6972,#7465,.T.);
#7465 = LINE('',#7466,#7467);
#7466 = CARTESIAN_POINT('',(-5.333333333333E-02,-5.333333333333E-02,
    -3.106666666667));
#7467 = VECTOR('',#7468,1.);
#7468 = DIRECTION('',(-0.57735026919,-0.57735026919,0.57735026919));
#7469 = ORIENTED_EDGE('',*,*,#6971,.F.);
#7470 = PLANE('',#7471);
#7471 = AXIS2_PLACEMENT_3D('',#7472,#7473,#7474);
#7472 = CARTESIAN_POINT('',(0.32,-0.24,-2.92));
#7473 = DIRECTION('',(1.735167508357E-18,0.707106781187,0.707106781187)
  );
#7474 = DIRECTION('',(-1.,1.226948711654E-18,1.226948711654E-18));
#7475 = ADVANCED_FACE('',(#7476),#7501,.T.);
#7476 = FACE_BOUND('',#7477,.F.);
#7477 = EDGE_LOOP('',(#7478,#7486,#7487,#7495));
#7478 = ORIENTED_EDGE('',*,*,#7479,.T.);
#7479 = EDGE_CURVE('',#7480,#7030,#7482,.T.);
#7480 = VERTEX_POINT('',#7481);
#7481 = CARTESIAN_POINT('',(0.16,0.16,-3.));
#7482 = LINE('',#7483,#7484);
#7483 = CARTESIAN_POINT('',(0.266666666667,0.266666666667,
    -2.893333333333));
#7484 = VECTOR('',#7485,1.);
#7485 = DIRECTION('',(0.57735026919,0.57735026919,0.57735026919));
#7486 = ORIENTED_EDGE('',*,*,#7037,.T.);
#7487 = ORIENTED_EDGE('',*,*,#7488,.T.);
#7488 = EDGE_CURVE('',#7038,#7489,#7491,.T.);
#7489 = VERTEX_POINT('',#7490);
#7490 = CARTESIAN_POINT('',(-0.16,0.16,-3.));
#7491 = LINE('',#7492,#7493);
#7492 = CARTESIAN_POINT('',(-0.16,0.16,-3.));
#7493 = VECTOR('',#7494,1.);
#7494 = DIRECTION('',(0.57735026919,-0.57735026919,-0.57735026919));
#7495 = ORIENTED_EDGE('',*,*,#7496,.F.);
#7496 = EDGE_CURVE('',#7480,#7489,#7497,.T.);
#7497 = LINE('',#7498,#7499);
#7498 = CARTESIAN_POINT('',(0.32,0.16,-3.));
#7499 = VECTOR('',#7500,1.);
#7500 = DIRECTION('',(-1.,0.,0.));
#7501 = PLANE('',#7502);
#7502 = AXIS2_PLACEMENT_3D('',#7503,#7504,#7505);
#7503 = CARTESIAN_POINT('',(0.32,0.24,-2.92));
#7504 = DIRECTION('',(-1.735167508357E-18,0.707106781187,-0.707106781187
    ));
#7505 = DIRECTION('',(1.,1.226948711654E-18,-1.226948711654E-18));
#7506 = ADVANCED_FACE('',(#7507),#7518,.T.);
#7507 = FACE_BOUND('',#7508,.T.);
#7508 = EDGE_LOOP('',(#7509,#7510,#7511,#7512));
#7509 = ORIENTED_EDGE('',*,*,#7175,.F.);
#7510 = ORIENTED_EDGE('',*,*,#7076,.T.);
#7511 = ORIENTED_EDGE('',*,*,#7109,.T.);
#7512 = ORIENTED_EDGE('',*,*,#7513,.F.);
#7513 = EDGE_CURVE('',#7176,#7110,#7514,.T.);
#7514 = LINE('',#7515,#7516);
#7515 = CARTESIAN_POINT('',(0.32,-2.22,-2.84));
#7516 = VECTOR('',#7517,1.);
#7517 = DIRECTION('',(0.,-1.,0.));
#7518 = PLANE('',#7519);
#7519 = AXIS2_PLACEMENT_3D('',#7520,#7521,#7522);
#7520 = CARTESIAN_POINT('',(0.32,-2.22,0.95));
#7521 = DIRECTION('',(1.,0.,0.));
#7522 = DIRECTION('',(0.,0.,-1.));
#7523 = ADVANCED_FACE('',(#7524),#7535,.T.);
#7524 = FACE_BOUND('',#7525,.T.);
#7525 = EDGE_LOOP('',(#7526,#7532,#7533,#7534));
#7526 = ORIENTED_EDGE('',*,*,#7527,.T.);
#7527 = EDGE_CURVE('',#7164,#7091,#7528,.T.);
#7528 = LINE('',#7529,#7530);
#7529 = CARTESIAN_POINT('',(-0.32,-2.22,0.95));
#7530 = VECTOR('',#7531,1.);
#7531 = DIRECTION('',(0.,-1.,0.));
#7532 = ORIENTED_EDGE('',*,*,#7090,.T.);
#7533 = ORIENTED_EDGE('',*,*,#7147,.F.);
#7534 = ORIENTED_EDGE('',*,*,#7163,.F.);
#7535 = CYLINDRICAL_SURFACE('',#7536,0.64);
#7536 = AXIS2_PLACEMENT_3D('',#7537,#7538,#7539);
#7537 = CARTESIAN_POINT('',(0.32,-2.22,0.95));
#7538 = DIRECTION('',(0.,-1.,0.));
#7539 = DIRECTION('',(-1.,0.,0.));
#7540 = ADVANCED_FACE('',(#7541),#7552,.T.);
#7541 = FACE_BOUND('',#7542,.T.);
#7542 = EDGE_LOOP('',(#7543,#7544,#7550,#7551));
#7543 = ORIENTED_EDGE('',*,*,#7191,.F.);
#7544 = ORIENTED_EDGE('',*,*,#7545,.T.);
#7545 = EDGE_CURVE('',#7184,#7118,#7546,.T.);
#7546 = LINE('',#7547,#7548);
#7547 = CARTESIAN_POINT('',(-0.32,-2.22,-2.84));
#7548 = VECTOR('',#7549,1.);
#7549 = DIRECTION('',(0.,-1.,0.));
#7550 = ORIENTED_EDGE('',*,*,#7125,.T.);
#7551 = ORIENTED_EDGE('',*,*,#7527,.F.);
#7552 = PLANE('',#7553);
#7553 = AXIS2_PLACEMENT_3D('',#7554,#7555,#7556);
#7554 = CARTESIAN_POINT('',(-0.32,-2.22,-3.));
#7555 = DIRECTION('',(-1.,0.,0.));
#7556 = DIRECTION('',(0.,0.,1.));
#7557 = ADVANCED_FACE('',(#7558),#7583,.F.);
#7558 = FACE_BOUND('',#7559,.F.);
#7559 = EDGE_LOOP('',(#7560,#7568,#7576,#7582));
#7560 = ORIENTED_EDGE('',*,*,#7561,.F.);
#7561 = EDGE_CURVE('',#7562,#7110,#7564,.T.);
#7562 = VERTEX_POINT('',#7563);
#7563 = CARTESIAN_POINT('',(0.16,-2.7,-3.));
#7564 = LINE('',#7565,#7566);
#7565 = CARTESIAN_POINT('',(0.16,-2.7,-3.));
#7566 = VECTOR('',#7567,1.);
#7567 = DIRECTION('',(0.57735026919,-0.57735026919,0.57735026919));
#7568 = ORIENTED_EDGE('',*,*,#7569,.T.);
#7569 = EDGE_CURVE('',#7562,#7570,#7572,.T.);
#7570 = VERTEX_POINT('',#7571);
#7571 = CARTESIAN_POINT('',(-0.16,-2.7,-3.));
#7572 = LINE('',#7573,#7574);
#7573 = CARTESIAN_POINT('',(0.32,-2.7,-3.));
#7574 = VECTOR('',#7575,1.);
#7575 = DIRECTION('',(-1.,0.,0.));
#7576 = ORIENTED_EDGE('',*,*,#7577,.T.);
#7577 = EDGE_CURVE('',#7570,#7118,#7578,.T.);
#7578 = LINE('',#7579,#7580);
#7579 = CARTESIAN_POINT('',(-5.333333333333E-02,-2.593333333333,
    -3.106666666667));
#7580 = VECTOR('',#7581,1.);
#7581 = DIRECTION('',(-0.57735026919,-0.57735026919,0.57735026919));
#7582 = ORIENTED_EDGE('',*,*,#7117,.F.);
#7583 = PLANE('',#7584);
#7584 = AXIS2_PLACEMENT_3D('',#7585,#7586,#7587);
#7585 = CARTESIAN_POINT('',(0.32,-2.78,-2.92));
#7586 = DIRECTION('',(1.735167508357E-18,0.707106781187,0.707106781187)
  );
#7587 = DIRECTION('',(-1.,1.226948711654E-18,1.226948711654E-18));
#7588 = ADVANCED_FACE('',(#7589),#7614,.T.);
#7589 = FACE_BOUND('',#7590,.F.);
#7590 = EDGE_LOOP('',(#7591,#7599,#7600,#7608));
#7591 = ORIENTED_EDGE('',*,*,#7592,.T.);
#7592 = EDGE_CURVE('',#7593,#7176,#7595,.T.);
#7593 = VERTEX_POINT('',#7594);
#7594 = CARTESIAN_POINT('',(0.16,-2.38,-3.));
#7595 = LINE('',#7596,#7597);
#7596 = CARTESIAN_POINT('',(0.266666666667,-2.273333333333,
    -2.893333333333));
#7597 = VECTOR('',#7598,1.);
#7598 = DIRECTION('',(0.57735026919,0.57735026919,0.57735026919));
#7599 = ORIENTED_EDGE('',*,*,#7183,.T.);
#7600 = ORIENTED_EDGE('',*,*,#7601,.T.);
#7601 = EDGE_CURVE('',#7184,#7602,#7604,.T.);
#7602 = VERTEX_POINT('',#7603);
#7603 = CARTESIAN_POINT('',(-0.16,-2.38,-3.));
#7604 = LINE('',#7605,#7606);
#7605 = CARTESIAN_POINT('',(-0.16,-2.38,-3.));
#7606 = VECTOR('',#7607,1.);
#7607 = DIRECTION('',(0.57735026919,-0.57735026919,-0.57735026919));
#7608 = ORIENTED_EDGE('',*,*,#7609,.F.);
#7609 = EDGE_CURVE('',#7593,#7602,#7610,.T.);
#7610 = LINE('',#7611,#7612);
#7611 = CARTESIAN_POINT('',(0.32,-2.38,-3.));
#7612 = VECTOR('',#7613,1.);
#7613 = DIRECTION('',(-1.,0.,0.));
#7614 = PLANE('',#7615);
#7615 = AXIS2_PLACEMENT_3D('',#7616,#7617,#7618);
#7616 = CARTESIAN_POINT('',(0.32,-2.3,-2.92));
#7617 = DIRECTION('',(-1.735167508357E-18,0.707106781187,-0.707106781187
    ));
#7618 = DIRECTION('',(1.,1.226948711654E-18,-1.226948711654E-18));
#7619 = ADVANCED_FACE('',(#7620),#7645,.T.);
#7620 = FACE_BOUND('',#7621,.F.);
#7621 = EDGE_LOOP('',(#7622,#7630,#7631,#7639));
#7622 = ORIENTED_EDGE('',*,*,#7623,.F.);
#7623 = EDGE_CURVE('',#7206,#7624,#7626,.T.);
#7624 = VERTEX_POINT('',#7625);
#7625 = CARTESIAN_POINT('',(10.04,0.16,1.11));
#7626 = LINE('',#7627,#7628);
#7627 = CARTESIAN_POINT('',(10.04,0.16,1.11));
#7628 = VECTOR('',#7629,1.);
#7629 = DIRECTION('',(0.57735026919,-0.57735026919,0.57735026919));
#7630 = ORIENTED_EDGE('',*,*,#7213,.T.);
#7631 = ORIENTED_EDGE('',*,*,#7632,.T.);
#7632 = EDGE_CURVE('',#7214,#7633,#7635,.T.);
#7633 = VERTEX_POINT('',#7634);
#7634 = CARTESIAN_POINT('',(10.04,-0.16,1.11));
#7635 = LINE('',#7636,#7637);
#7636 = CARTESIAN_POINT('',(10.146666666667,-5.333333333333E-02,
    1.216666666667));
#7637 = VECTOR('',#7638,1.);
#7638 = DIRECTION('',(0.57735026919,0.57735026919,0.57735026919));
#7639 = ORIENTED_EDGE('',*,*,#7640,.F.);
#7640 = EDGE_CURVE('',#7624,#7633,#7641,.T.);
#7641 = LINE('',#7642,#7643);
#7642 = CARTESIAN_POINT('',(10.04,0.32,1.11));
#7643 = VECTOR('',#7644,1.);
#7644 = DIRECTION('',(0.,-1.,0.));
#7645 = PLANE('',#7646);
#7646 = AXIS2_PLACEMENT_3D('',#7647,#7648,#7649);
#7647 = CARTESIAN_POINT('',(9.96,0.32,1.03));
#7648 = DIRECTION('',(0.707106781187,0.,-0.707106781187));
#7649 = DIRECTION('',(0.,1.,0.));
#7650 = ADVANCED_FACE('',(#7651),#7669,.F.);
#7651 = FACE_BOUND('',#7652,.T.);
#7652 = EDGE_LOOP('',(#7653,#7661,#7662,#7663));
#7653 = ORIENTED_EDGE('',*,*,#7654,.F.);
#7654 = EDGE_CURVE('',#7238,#7655,#7657,.T.);
#7655 = VERTEX_POINT('',#7656);
#7656 = CARTESIAN_POINT('',(10.04,-0.16,1.43));
#7657 = LINE('',#7658,#7659);
#7658 = CARTESIAN_POINT('',(10.04,-0.16,1.43));
#7659 = VECTOR('',#7660,1.);
#7660 = DIRECTION('',(0.57735026919,0.57735026919,-0.57735026919));
#7661 = ORIENTED_EDGE('',*,*,#7245,.T.);
#7662 = ORIENTED_EDGE('',*,*,#7632,.T.);
#7663 = ORIENTED_EDGE('',*,*,#7664,.F.);
#7664 = EDGE_CURVE('',#7655,#7633,#7665,.T.);
#7665 = LINE('',#7666,#7667);
#7666 = CARTESIAN_POINT('',(10.04,-0.16,1.59));
#7667 = VECTOR('',#7668,1.);
#7668 = DIRECTION('',(0.,0.,-1.));
#7669 = PLANE('',#7670);
#7670 = AXIS2_PLACEMENT_3D('',#7671,#7672,#7673);
#7671 = CARTESIAN_POINT('',(9.96,-0.24,1.59));
#7672 = DIRECTION('',(-0.707106781187,0.707106781187,1.735167508357E-18)
  );
#7673 = DIRECTION('',(1.226948711654E-18,-1.226948711654E-18,1.));
#7674 = ADVANCED_FACE('',(#7675),#7693,.T.);
#7675 = FACE_BOUND('',#7676,.T.);
#7676 = EDGE_LOOP('',(#7677,#7685,#7686,#7687));
#7677 = ORIENTED_EDGE('',*,*,#7678,.F.);
#7678 = EDGE_CURVE('',#7261,#7679,#7681,.T.);
#7679 = VERTEX_POINT('',#7680);
#7680 = CARTESIAN_POINT('',(10.04,0.16,1.43));
#7681 = LINE('',#7682,#7683);
#7682 = CARTESIAN_POINT('',(9.933333333333,0.266666666667,1.536666666667
    ));
#7683 = VECTOR('',#7684,1.);
#7684 = DIRECTION('',(0.57735026919,-0.57735026919,-0.57735026919));
#7685 = ORIENTED_EDGE('',*,*,#7270,.T.);
#7686 = ORIENTED_EDGE('',*,*,#7654,.T.);
#7687 = ORIENTED_EDGE('',*,*,#7688,.F.);
#7688 = EDGE_CURVE('',#7679,#7655,#7689,.T.);
#7689 = LINE('',#7690,#7691);
#7690 = CARTESIAN_POINT('',(10.04,0.32,1.43));
#7691 = VECTOR('',#7692,1.);
#7692 = DIRECTION('',(0.,-1.,0.));
#7693 = PLANE('',#7694);
#7694 = AXIS2_PLACEMENT_3D('',#7695,#7696,#7697);
#7695 = CARTESIAN_POINT('',(9.96,0.32,1.51));
#7696 = DIRECTION('',(0.707106781187,-1.735167508357E-18,0.707106781187)
  );
#7697 = DIRECTION('',(-1.226948711654E-18,-1.,-1.226948711654E-18));
#7698 = ADVANCED_FACE('',(#7699),#7710,.T.);
#7699 = FACE_BOUND('',#7700,.F.);
#7700 = EDGE_LOOP('',(#7701,#7702,#7703,#7704));
#7701 = ORIENTED_EDGE('',*,*,#7678,.F.);
#7702 = ORIENTED_EDGE('',*,*,#7286,.T.);
#7703 = ORIENTED_EDGE('',*,*,#7623,.T.);
#7704 = ORIENTED_EDGE('',*,*,#7705,.F.);
#7705 = EDGE_CURVE('',#7679,#7624,#7706,.T.);
#7706 = LINE('',#7707,#7708);
#7707 = CARTESIAN_POINT('',(10.04,0.16,1.59));
#7708 = VECTOR('',#7709,1.);
#7709 = DIRECTION('',(0.,0.,-1.));
#7710 = PLANE('',#7711);
#7711 = AXIS2_PLACEMENT_3D('',#7712,#7713,#7714);
#7712 = CARTESIAN_POINT('',(9.96,0.24,1.59));
#7713 = DIRECTION('',(0.707106781187,0.707106781187,-1.735167508357E-18)
  );
#7714 = DIRECTION('',(1.226948711654E-18,1.226948711654E-18,1.));
#7715 = ADVANCED_FACE('',(#7716),#7741,.T.);
#7716 = FACE_BOUND('',#7717,.F.);
#7717 = EDGE_LOOP('',(#7718,#7726,#7727,#7735));
#7718 = ORIENTED_EDGE('',*,*,#7719,.F.);
#7719 = EDGE_CURVE('',#7302,#7720,#7722,.T.);
#7720 = VERTEX_POINT('',#7721);
#7721 = CARTESIAN_POINT('',(10.04,-2.38,1.11));
#7722 = LINE('',#7723,#7724);
#7723 = CARTESIAN_POINT('',(10.04,-2.38,1.11));
#7724 = VECTOR('',#7725,1.);
#7725 = DIRECTION('',(0.57735026919,-0.57735026919,0.57735026919));
#7726 = ORIENTED_EDGE('',*,*,#7309,.T.);
#7727 = ORIENTED_EDGE('',*,*,#7728,.T.);
#7728 = EDGE_CURVE('',#7310,#7729,#7731,.T.);
#7729 = VERTEX_POINT('',#7730);
#7730 = CARTESIAN_POINT('',(10.04,-2.7,1.11));
#7731 = LINE('',#7732,#7733);
#7732 = CARTESIAN_POINT('',(10.146666666667,-2.593333333333,
    1.216666666667));
#7733 = VECTOR('',#7734,1.);
#7734 = DIRECTION('',(0.57735026919,0.57735026919,0.57735026919));
#7735 = ORIENTED_EDGE('',*,*,#7736,.F.);
#7736 = EDGE_CURVE('',#7720,#7729,#7737,.T.);
#7737 = LINE('',#7738,#7739);
#7738 = CARTESIAN_POINT('',(10.04,-2.22,1.11));
#7739 = VECTOR('',#7740,1.);
#7740 = DIRECTION('',(0.,-1.,0.));
#7741 = PLANE('',#7742);
#7742 = AXIS2_PLACEMENT_3D('',#7743,#7744,#7745);
#7743 = CARTESIAN_POINT('',(9.96,-2.22,1.03));
#7744 = DIRECTION('',(0.707106781187,0.,-0.707106781187));
#7745 = DIRECTION('',(0.,1.,0.));
#7746 = ADVANCED_FACE('',(#7747),#7765,.F.);
#7747 = FACE_BOUND('',#7748,.T.);
#7748 = EDGE_LOOP('',(#7749,#7757,#7758,#7759));
#7749 = ORIENTED_EDGE('',*,*,#7750,.F.);
#7750 = EDGE_CURVE('',#7334,#7751,#7753,.T.);
#7751 = VERTEX_POINT('',#7752);
#7752 = CARTESIAN_POINT('',(10.04,-2.7,1.43));
#7753 = LINE('',#7754,#7755);
#7754 = CARTESIAN_POINT('',(10.04,-2.7,1.43));
#7755 = VECTOR('',#7756,1.);
#7756 = DIRECTION('',(0.57735026919,0.57735026919,-0.57735026919));
#7757 = ORIENTED_EDGE('',*,*,#7341,.T.);
#7758 = ORIENTED_EDGE('',*,*,#7728,.T.);
#7759 = ORIENTED_EDGE('',*,*,#7760,.F.);
#7760 = EDGE_CURVE('',#7751,#7729,#7761,.T.);
#7761 = LINE('',#7762,#7763);
#7762 = CARTESIAN_POINT('',(10.04,-2.7,1.59));
#7763 = VECTOR('',#7764,1.);
#7764 = DIRECTION('',(0.,0.,-1.));
#7765 = PLANE('',#7766);
#7766 = AXIS2_PLACEMENT_3D('',#7767,#7768,#7769);
#7767 = CARTESIAN_POINT('',(9.96,-2.78,1.59));
#7768 = DIRECTION('',(-0.707106781187,0.707106781187,1.735167508357E-18)
  );
#7769 = DIRECTION('',(1.226948711654E-18,-1.226948711654E-18,1.));
#7770 = ADVANCED_FACE('',(#7771),#7789,.T.);
#7771 = FACE_BOUND('',#7772,.T.);
#7772 = EDGE_LOOP('',(#7773,#7781,#7782,#7783));
#7773 = ORIENTED_EDGE('',*,*,#7774,.F.);
#7774 = EDGE_CURVE('',#7357,#7775,#7777,.T.);
#7775 = VERTEX_POINT('',#7776);
#7776 = CARTESIAN_POINT('',(10.04,-2.38,1.43));
#7777 = LINE('',#7778,#7779);
#7778 = CARTESIAN_POINT('',(9.933333333333,-2.273333333333,
    1.536666666667));
#7779 = VECTOR('',#7780,1.);
#7780 = DIRECTION('',(0.57735026919,-0.57735026919,-0.57735026919));
#7781 = ORIENTED_EDGE('',*,*,#7366,.T.);
#7782 = ORIENTED_EDGE('',*,*,#7750,.T.);
#7783 = ORIENTED_EDGE('',*,*,#7784,.F.);
#7784 = EDGE_CURVE('',#7775,#7751,#7785,.T.);
#7785 = LINE('',#7786,#7787);
#7786 = CARTESIAN_POINT('',(10.04,-2.22,1.43));
#7787 = VECTOR('',#7788,1.);
#7788 = DIRECTION('',(0.,-1.,0.));
#7789 = PLANE('',#7790);
#7790 = AXIS2_PLACEMENT_3D('',#7791,#7792,#7793);
#7791 = CARTESIAN_POINT('',(9.96,-2.22,1.51));
#7792 = DIRECTION('',(0.707106781187,-1.735167508357E-18,0.707106781187)
  );
#7793 = DIRECTION('',(-1.226948711654E-18,-1.,-1.226948711654E-18));
#7794 = ADVANCED_FACE('',(#7795),#7806,.T.);
#7795 = FACE_BOUND('',#7796,.F.);
#7796 = EDGE_LOOP('',(#7797,#7798,#7799,#7800));
#7797 = ORIENTED_EDGE('',*,*,#7774,.F.);
#7798 = ORIENTED_EDGE('',*,*,#7382,.T.);
#7799 = ORIENTED_EDGE('',*,*,#7719,.T.);
#7800 = ORIENTED_EDGE('',*,*,#7801,.F.);
#7801 = EDGE_CURVE('',#7775,#7720,#7802,.T.);
#7802 = LINE('',#7803,#7804);
#7803 = CARTESIAN_POINT('',(10.04,-2.38,1.59));
#7804 = VECTOR('',#7805,1.);
#7805 = DIRECTION('',(0.,0.,-1.));
#7806 = PLANE('',#7807);
#7807 = AXIS2_PLACEMENT_3D('',#7808,#7809,#7810);
#7808 = CARTESIAN_POINT('',(9.96,-2.3,1.59));
#7809 = DIRECTION('',(0.707106781187,0.707106781187,-1.735167508357E-18)
  );
#7810 = DIRECTION('',(1.226948711654E-18,1.226948711654E-18,1.));
#7811 = ADVANCED_FACE('',(#7812),#7823,.T.);
#7812 = FACE_BOUND('',#7813,.F.);
#7813 = EDGE_LOOP('',(#7814,#7815,#7821,#7822));
#7814 = ORIENTED_EDGE('',*,*,#7479,.F.);
#7815 = ORIENTED_EDGE('',*,*,#7816,.T.);
#7816 = EDGE_CURVE('',#7480,#7449,#7817,.T.);
#7817 = LINE('',#7818,#7819);
#7818 = CARTESIAN_POINT('',(0.16,0.32,-3.));
#7819 = VECTOR('',#7820,1.);
#7820 = DIRECTION('',(0.,-1.,0.));
#7821 = ORIENTED_EDGE('',*,*,#7448,.T.);
#7822 = ORIENTED_EDGE('',*,*,#7400,.F.);
#7823 = PLANE('',#7824);
#7824 = AXIS2_PLACEMENT_3D('',#7825,#7826,#7827);
#7825 = CARTESIAN_POINT('',(0.24,0.32,-2.92));
#7826 = DIRECTION('',(0.707106781187,1.735167508357E-18,-0.707106781187)
  );
#7827 = DIRECTION('',(-1.226948711654E-18,1.,1.226948711654E-18));
#7828 = ADVANCED_FACE('',(#7829),#7840,.T.);
#7829 = FACE_BOUND('',#7830,.F.);
#7830 = EDGE_LOOP('',(#7831,#7832,#7833,#7834));
#7831 = ORIENTED_EDGE('',*,*,#7488,.F.);
#7832 = ORIENTED_EDGE('',*,*,#7432,.T.);
#7833 = ORIENTED_EDGE('',*,*,#7464,.F.);
#7834 = ORIENTED_EDGE('',*,*,#7835,.F.);
#7835 = EDGE_CURVE('',#7489,#7457,#7836,.T.);
#7836 = LINE('',#7837,#7838);
#7837 = CARTESIAN_POINT('',(-0.16,0.32,-3.));
#7838 = VECTOR('',#7839,1.);
#7839 = DIRECTION('',(0.,-1.,0.));
#7840 = PLANE('',#7841);
#7841 = AXIS2_PLACEMENT_3D('',#7842,#7843,#7844);
#7842 = CARTESIAN_POINT('',(-0.24,0.32,-2.92));
#7843 = DIRECTION('',(-0.707106781187,-1.735167508357E-18,
    -0.707106781187));
#7844 = DIRECTION('',(-1.226948711654E-18,1.,-1.226948711654E-18));
#7845 = ADVANCED_FACE('',(#7846),#7852,.T.);
#7846 = FACE_BOUND('',#7847,.T.);
#7847 = EDGE_LOOP('',(#7848,#7849,#7850,#7851));
#7848 = ORIENTED_EDGE('',*,*,#7456,.T.);
#7849 = ORIENTED_EDGE('',*,*,#7835,.F.);
#7850 = ORIENTED_EDGE('',*,*,#7496,.F.);
#7851 = ORIENTED_EDGE('',*,*,#7816,.T.);
#7852 = PLANE('',#7853);
#7853 = AXIS2_PLACEMENT_3D('',#7854,#7855,#7856);
#7854 = CARTESIAN_POINT('',(0.32,0.32,-3.));
#7855 = DIRECTION('',(-0.,-0.,-1.));
#7856 = DIRECTION('',(-1.,0.,0.));
#7857 = ADVANCED_FACE('',(#7858),#7869,.T.);
#7858 = FACE_BOUND('',#7859,.F.);
#7859 = EDGE_LOOP('',(#7860,#7861,#7867,#7868));
#7860 = ORIENTED_EDGE('',*,*,#7592,.F.);
#7861 = ORIENTED_EDGE('',*,*,#7862,.T.);
#7862 = EDGE_CURVE('',#7593,#7562,#7863,.T.);
#7863 = LINE('',#7864,#7865);
#7864 = CARTESIAN_POINT('',(0.16,-2.22,-3.));
#7865 = VECTOR('',#7866,1.);
#7866 = DIRECTION('',(0.,-1.,0.));
#7867 = ORIENTED_EDGE('',*,*,#7561,.T.);
#7868 = ORIENTED_EDGE('',*,*,#7513,.F.);
#7869 = PLANE('',#7870);
#7870 = AXIS2_PLACEMENT_3D('',#7871,#7872,#7873);
#7871 = CARTESIAN_POINT('',(0.24,-2.22,-2.92));
#7872 = DIRECTION('',(0.707106781187,1.735167508357E-18,-0.707106781187)
  );
#7873 = DIRECTION('',(-1.226948711654E-18,1.,1.226948711654E-18));
#7874 = ADVANCED_FACE('',(#7875),#7886,.T.);
#7875 = FACE_BOUND('',#7876,.F.);
#7876 = EDGE_LOOP('',(#7877,#7878,#7879,#7880));
#7877 = ORIENTED_EDGE('',*,*,#7601,.F.);
#7878 = ORIENTED_EDGE('',*,*,#7545,.T.);
#7879 = ORIENTED_EDGE('',*,*,#7577,.F.);
#7880 = ORIENTED_EDGE('',*,*,#7881,.F.);
#7881 = EDGE_CURVE('',#7602,#7570,#7882,.T.);
#7882 = LINE('',#7883,#7884);
#7883 = CARTESIAN_POINT('',(-0.16,-2.22,-3.));
#7884 = VECTOR('',#7885,1.);
#7885 = DIRECTION('',(0.,-1.,0.));
#7886 = PLANE('',#7887);
#7887 = AXIS2_PLACEMENT_3D('',#7888,#7889,#7890);
#7888 = CARTESIAN_POINT('',(-0.24,-2.22,-2.92));
#7889 = DIRECTION('',(-0.707106781187,-1.735167508357E-18,
    -0.707106781187));
#7890 = DIRECTION('',(-1.226948711654E-18,1.,-1.226948711654E-18));
#7891 = ADVANCED_FACE('',(#7892),#7898,.T.);
#7892 = FACE_BOUND('',#7893,.T.);
#7893 = EDGE_LOOP('',(#7894,#7895,#7896,#7897));
#7894 = ORIENTED_EDGE('',*,*,#7569,.T.);
#7895 = ORIENTED_EDGE('',*,*,#7881,.F.);
#7896 = ORIENTED_EDGE('',*,*,#7609,.F.);
#7897 = ORIENTED_EDGE('',*,*,#7862,.T.);
#7898 = PLANE('',#7899);
#7899 = AXIS2_PLACEMENT_3D('',#7900,#7901,#7902);
#7900 = CARTESIAN_POINT('',(0.32,-2.22,-3.));
#7901 = DIRECTION('',(-0.,-0.,-1.));
#7902 = DIRECTION('',(-1.,0.,0.));
#7903 = ADVANCED_FACE('',(#7904),#7910,.T.);
#7904 = FACE_BOUND('',#7905,.T.);
#7905 = EDGE_LOOP('',(#7906,#7907,#7908,#7909));
#7906 = ORIENTED_EDGE('',*,*,#7664,.T.);
#7907 = ORIENTED_EDGE('',*,*,#7640,.F.);
#7908 = ORIENTED_EDGE('',*,*,#7705,.F.);
#7909 = ORIENTED_EDGE('',*,*,#7688,.T.);
#7910 = PLANE('',#7911);
#7911 = AXIS2_PLACEMENT_3D('',#7912,#7913,#7914);
#7912 = CARTESIAN_POINT('',(10.04,0.32,1.59));
#7913 = DIRECTION('',(1.,0.,0.));
#7914 = DIRECTION('',(0.,0.,-1.));
#7915 = ADVANCED_FACE('',(#7916),#7922,.T.);
#7916 = FACE_BOUND('',#7917,.T.);
#7917 = EDGE_LOOP('',(#7918,#7919,#7920,#7921));
#7918 = ORIENTED_EDGE('',*,*,#7760,.T.);
#7919 = ORIENTED_EDGE('',*,*,#7736,.F.);
#7920 = ORIENTED_EDGE('',*,*,#7801,.F.);
#7921 = ORIENTED_EDGE('',*,*,#7784,.T.);
#7922 = PLANE('',#7923);
#7923 = AXIS2_PLACEMENT_3D('',#7924,#7925,#7926);
#7924 = CARTESIAN_POINT('',(10.04,-2.22,1.59));
#7925 = DIRECTION('',(1.,0.,0.));
#7926 = DIRECTION('',(0.,0.,-1.));
#7927 = ( GEOMETRIC_REPRESENTATION_CONTEXT(3) 
GLOBAL_UNCERTAINTY_ASSIGNED_CONTEXT((#7931)) 
GLOBAL_UNIT_ASSIGNED_CONTEXT((#7928,#7929,#7930)) REPRESENTATION_CONTEXT
('Context #1','3D Context with UNIT and UNCERTAINTY') );
#7928 = ( LENGTH_UNIT() NAMED_UNIT(*) SI_UNIT(.MILLI.,.METRE.) );
#7929 = ( NAMED_UNIT(*) PLANE_ANGLE_UNIT() SI_UNIT($,.RADIAN.) );
#7930 = ( NAMED_UNIT(*) SI_UNIT($,.STERADIAN.) SOLID_ANGLE_UNIT() );
#7931 = UNCERTAINTY_MEASURE_WITH_UNIT(LENGTH_MEASURE(1.E-07),#7928,
  'distance_accuracy_value','confusion accuracy');
#7932 = CONTEXT_DEPENDENT_SHAPE_REPRESENTATION(#7933,#7935);
#7933 = ( REPRESENTATION_RELATIONSHIP('','',#6292,#10) 
REPRESENTATION_RELATIONSHIP_WITH_TRANSFORMATION(#7934) 
SHAPE_REPRESENTATION_RELATIONSHIP() );
#7934 = ITEM_DEFINED_TRANSFORMATION('','',#11,#39);
#7935 = PRODUCT_DEFINITION_SHAPE('Placement','Placement of an item',
  #7936);
#7936 = NEXT_ASSEMBLY_USAGE_OCCURRENCE('10','J1','',#5,#6287,$);
#7937 = PRODUCT_RELATED_PRODUCT_CATEGORY('part',$,(#6289));
#7938 = CONTEXT_DEPENDENT_SHAPE_REPRESENTATION(#7939,#7941);
#7939 = ( REPRESENTATION_RELATIONSHIP('','',#4456,#10) 
REPRESENTATION_RELATIONSHIP_WITH_TRANSFORMATION(#7940) 
SHAPE_REPRESENTATION_RELATIONSHIP() );
#7940 = ITEM_DEFINED_TRANSFORMATION('','',#11,#43);
#7941 = PRODUCT_DEFINITION_SHAPE('Placement','Placement of an item',
  #7942);
#7942 = NEXT_ASSEMBLY_USAGE_OCCURRENCE('11','Q2','',#5,#4451,$);
#7943 = CONTEXT_DEPENDENT_SHAPE_REPRESENTATION(#7944,#7946);
#7944 = ( REPRESENTATION_RELATIONSHIP('','',#4097,#10) 
REPRESENTATION_RELATIONSHIP_WITH_TRANSFORMATION(#7945) 
SHAPE_REPRESENTATION_RELATIONSHIP() );
#7945 = ITEM_DEFINED_TRANSFORMATION('','',#11,#47);
#7946 = PRODUCT_DEFINITION_SHAPE('Placement','Placement of an item',
  #7947);
#7947 = NEXT_ASSEMBLY_USAGE_OCCURRENCE('12','D2','',#5,#4092,$);
#7948 = CONTEXT_DEPENDENT_SHAPE_REPRESENTATION(#7949,#7951);
#7949 = ( REPRESENTATION_RELATIONSHIP('','',#3283,#10) 
REPRESENTATION_RELATIONSHIP_WITH_TRANSFORMATION(#7950) 
SHAPE_REPRESENTATION_RELATIONSHIP() );
#7950 = ITEM_DEFINED_TRANSFORMATION('','',#11,#51);
#7951 = PRODUCT_DEFINITION_SHAPE('Placement','Placement of an item',
  #7952);
#7952 = NEXT_ASSEMBLY_USAGE_OCCURRENCE('13','R4','',#5,#3278,$);
#7953 = SHAPE_DEFINITION_REPRESENTATION(#7954,#7960);
#7954 = PRODUCT_DEFINITION_SHAPE('','',#7955);
#7955 = PRODUCT_DEFINITION('design','',#7956,#7959);
#7956 = PRODUCT_DEFINITION_FORMATION('','',#7957);
#7957 = PRODUCT('PinHeader_1x02_P2.54mm_Vertical',
  'PinHeader_1x02_P2.54mm_Vertical','',(#7958));
#7958 = PRODUCT_CONTEXT('',#2,'mechanical');
#7959 = PRODUCT_DEFINITION_CONTEXT('part definition',#2,'design');
#7960 = ADVANCED_BREP_SHAPE_REPRESENTATION('',(#11,#7961),#9393);
#7961 = MANIFOLD_SOLID_BREP('',#7962);
#7962 = CLOSED_SHELL('',(#7963,#8003,#8034,#8065,#8230,#8395,#8412,#8429
    ,#8446,#8463,#8480,#8497,#8514,#8531,#8548,#8565,#8577,#8608,#8632,
    #8656,#8673,#8704,#8728,#8752,#8769,#8800,#8824,#8848,#8865,#8896,
    #8920,#8944,#8961,#8992,#9016,#9040,#9057,#9088,#9112,#9136,#9153,
    #9184,#9208,#9232,#9249,#9280,#9304,#9328,#9345,#9357,#9369,#9381));
#7963 = ADVANCED_FACE('',(#7964),#7998,.F.);
#7964 = FACE_BOUND('',#7965,.F.);
#7965 = EDGE_LOOP('',(#7966,#7976,#7984,#7992));
#7966 = ORIENTED_EDGE('',*,*,#7967,.T.);
#7967 = EDGE_CURVE('',#7968,#7970,#7972,.T.);
#7968 = VERTEX_POINT('',#7969);
#7969 = CARTESIAN_POINT('',(-1.016,1.27,0.));
#7970 = VERTEX_POINT('',#7971);
#7971 = CARTESIAN_POINT('',(-1.016,1.27,2.54));
#7972 = LINE('',#7973,#7974);
#7973 = CARTESIAN_POINT('',(-1.016,1.27,0.));
#7974 = VECTOR('',#7975,1.);
#7975 = DIRECTION('',(0.,0.,1.));
#7976 = ORIENTED_EDGE('',*,*,#7977,.T.);
#7977 = EDGE_CURVE('',#7970,#7978,#7980,.T.);
#7978 = VERTEX_POINT('',#7979);
#7979 = CARTESIAN_POINT('',(-1.27,1.016,2.54));
#7980 = LINE('',#7981,#7982);
#7981 = CARTESIAN_POINT('',(-1.016,1.27,2.54));
#7982 = VECTOR('',#7983,1.);
#7983 = DIRECTION('',(-0.707106781187,-0.707106781187,0.));
#7984 = ORIENTED_EDGE('',*,*,#7985,.F.);
#7985 = EDGE_CURVE('',#7986,#7978,#7988,.T.);
#7986 = VERTEX_POINT('',#7987);
#7987 = CARTESIAN_POINT('',(-1.27,1.016,0.));
#7988 = LINE('',#7989,#7990);
#7989 = CARTESIAN_POINT('',(-1.27,1.016,0.));
#7990 = VECTOR('',#7991,1.);
#7991 = DIRECTION('',(0.,0.,1.));
#7992 = ORIENTED_EDGE('',*,*,#7993,.F.);
#7993 = EDGE_CURVE('',#7968,#7986,#7994,.T.);
#7994 = LINE('',#7995,#7996);
#7995 = CARTESIAN_POINT('',(-1.016,1.27,0.));
#7996 = VECTOR('',#7997,1.);
#7997 = DIRECTION('',(-0.707106781187,-0.707106781187,0.));
#7998 = PLANE('',#7999);
#7999 = AXIS2_PLACEMENT_3D('',#8000,#8001,#8002);
#8000 = CARTESIAN_POINT('',(-1.016,1.27,0.));
#8001 = DIRECTION('',(0.707106781187,-0.707106781187,0.));
#8002 = DIRECTION('',(-0.707106781187,-0.707106781187,0.));
#8003 = ADVANCED_FACE('',(#8004),#8029,.F.);
#8004 = FACE_BOUND('',#8005,.F.);
#8005 = EDGE_LOOP('',(#8006,#8016,#8022,#8023));
#8006 = ORIENTED_EDGE('',*,*,#8007,.T.);
#8007 = EDGE_CURVE('',#8008,#8010,#8012,.T.);
#8008 = VERTEX_POINT('',#8009);
#8009 = CARTESIAN_POINT('',(1.016,1.27,0.));
#8010 = VERTEX_POINT('',#8011);
#8011 = CARTESIAN_POINT('',(1.016,1.27,2.54));
#8012 = LINE('',#8013,#8014);
#8013 = CARTESIAN_POINT('',(1.016,1.27,0.));
#8014 = VECTOR('',#8015,1.);
#8015 = DIRECTION('',(0.,0.,1.));
#8016 = ORIENTED_EDGE('',*,*,#8017,.T.);
#8017 = EDGE_CURVE('',#8010,#7970,#8018,.T.);
#8018 = LINE('',#8019,#8020);
#8019 = CARTESIAN_POINT('',(1.016,1.27,2.54));
#8020 = VECTOR('',#8021,1.);
#8021 = DIRECTION('',(-1.,0.,0.));
#8022 = ORIENTED_EDGE('',*,*,#7967,.F.);
#8023 = ORIENTED_EDGE('',*,*,#8024,.F.);
#8024 = EDGE_CURVE('',#8008,#7968,#8025,.T.);
#8025 = LINE('',#8026,#8027);
#8026 = CARTESIAN_POINT('',(1.016,1.27,0.));
#8027 = VECTOR('',#8028,1.);
#8028 = DIRECTION('',(-1.,0.,0.));
#8029 = PLANE('',#8030);
#8030 = AXIS2_PLACEMENT_3D('',#8031,#8032,#8033);
#8031 = CARTESIAN_POINT('',(1.016,1.27,0.));
#8032 = DIRECTION('',(0.,-1.,0.));
#8033 = DIRECTION('',(-1.,0.,0.));
#8034 = ADVANCED_FACE('',(#8035),#8060,.F.);
#8035 = FACE_BOUND('',#8036,.F.);
#8036 = EDGE_LOOP('',(#8037,#8038,#8046,#8054));
#8037 = ORIENTED_EDGE('',*,*,#7985,.T.);
#8038 = ORIENTED_EDGE('',*,*,#8039,.T.);
#8039 = EDGE_CURVE('',#7978,#8040,#8042,.T.);
#8040 = VERTEX_POINT('',#8041);
#8041 = CARTESIAN_POINT('',(-1.27,-1.016,2.54));
#8042 = LINE('',#8043,#8044);
#8043 = CARTESIAN_POINT('',(-1.27,1.016,2.54));
#8044 = VECTOR('',#8045,1.);
#8045 = DIRECTION('',(0.,-1.,0.));
#8046 = ORIENTED_EDGE('',*,*,#8047,.F.);
#8047 = EDGE_CURVE('',#8048,#8040,#8050,.T.);
#8048 = VERTEX_POINT('',#8049);
#8049 = CARTESIAN_POINT('',(-1.27,-1.016,0.));
#8050 = LINE('',#8051,#8052);
#8051 = CARTESIAN_POINT('',(-1.27,-1.016,0.));
#8052 = VECTOR('',#8053,1.);
#8053 = DIRECTION('',(0.,0.,1.));
#8054 = ORIENTED_EDGE('',*,*,#8055,.F.);
#8055 = EDGE_CURVE('',#7986,#8048,#8056,.T.);
#8056 = LINE('',#8057,#8058);
#8057 = CARTESIAN_POINT('',(-1.27,1.016,0.));
#8058 = VECTOR('',#8059,1.);
#8059 = DIRECTION('',(0.,-1.,0.));
#8060 = PLANE('',#8061);
#8061 = AXIS2_PLACEMENT_3D('',#8062,#8063,#8064);
#8062 = CARTESIAN_POINT('',(-1.27,1.016,0.));
#8063 = DIRECTION('',(1.,0.,0.));
#8064 = DIRECTION('',(0.,-1.,0.));
#8065 = ADVANCED_FACE('',(#8066,#8157,#8191),#8225,.F.);
#8066 = FACE_BOUND('',#8067,.F.);
#8067 = EDGE_LOOP('',(#8068,#8069,#8070,#8078,#8086,#8094,#8102,#8110,
    #8118,#8126,#8134,#8142,#8150,#8156));
#8068 = ORIENTED_EDGE('',*,*,#7993,.T.);
#8069 = ORIENTED_EDGE('',*,*,#8055,.T.);
#8070 = ORIENTED_EDGE('',*,*,#8071,.T.);
#8071 = EDGE_CURVE('',#8048,#8072,#8074,.T.);
#8072 = VERTEX_POINT('',#8073);
#8073 = CARTESIAN_POINT('',(-1.016,-1.27,0.));
#8074 = LINE('',#8075,#8076);
#8075 = CARTESIAN_POINT('',(-1.27,-1.016,0.));
#8076 = VECTOR('',#8077,1.);
#8077 = DIRECTION('',(0.707106781187,-0.707106781187,0.));
#8078 = ORIENTED_EDGE('',*,*,#8079,.T.);
#8079 = EDGE_CURVE('',#8072,#8080,#8082,.T.);
#8080 = VERTEX_POINT('',#8081);
#8081 = CARTESIAN_POINT('',(-1.27,-1.524,0.));
#8082 = LINE('',#8083,#8084);
#8083 = CARTESIAN_POINT('',(-1.016,-1.27,0.));
#8084 = VECTOR('',#8085,1.);
#8085 = DIRECTION('',(-0.707106781187,-0.707106781187,0.));
#8086 = ORIENTED_EDGE('',*,*,#8087,.T.);
#8087 = EDGE_CURVE('',#8080,#8088,#8090,.T.);
#8088 = VERTEX_POINT('',#8089);
#8089 = CARTESIAN_POINT('',(-1.27,-3.556,0.));
#8090 = LINE('',#8091,#8092);
#8091 = CARTESIAN_POINT('',(-1.27,-1.524,0.));
#8092 = VECTOR('',#8093,1.);
#8093 = DIRECTION('',(0.,-1.,0.));
#8094 = ORIENTED_EDGE('',*,*,#8095,.T.);
#8095 = EDGE_CURVE('',#8088,#8096,#8098,.T.);
#8096 = VERTEX_POINT('',#8097);
#8097 = CARTESIAN_POINT('',(-1.016,-3.81,0.));
#8098 = LINE('',#8099,#8100);
#8099 = CARTESIAN_POINT('',(-1.27,-3.556,0.));
#8100 = VECTOR('',#8101,1.);
#8101 = DIRECTION('',(0.707106781187,-0.707106781187,0.));
#8102 = ORIENTED_EDGE('',*,*,#8103,.T.);
#8103 = EDGE_CURVE('',#8096,#8104,#8106,.T.);
#8104 = VERTEX_POINT('',#8105);
#8105 = CARTESIAN_POINT('',(1.016,-3.81,0.));
#8106 = LINE('',#8107,#8108);
#8107 = CARTESIAN_POINT('',(-1.016,-3.81,0.));
#8108 = VECTOR('',#8109,1.);
#8109 = DIRECTION('',(1.,0.,0.));
#8110 = ORIENTED_EDGE('',*,*,#8111,.T.);
#8111 = EDGE_CURVE('',#8104,#8112,#8114,.T.);
#8112 = VERTEX_POINT('',#8113);
#8113 = CARTESIAN_POINT('',(1.27,-3.556,0.));
#8114 = LINE('',#8115,#8116);
#8115 = CARTESIAN_POINT('',(1.016,-3.81,0.));
#8116 = VECTOR('',#8117,1.);
#8117 = DIRECTION('',(0.707106781187,0.707106781187,0.));
#8118 = ORIENTED_EDGE('',*,*,#8119,.T.);
#8119 = EDGE_CURVE('',#8112,#8120,#8122,.T.);
#8120 = VERTEX_POINT('',#8121);
#8121 = CARTESIAN_POINT('',(1.27,-1.524,0.));
#8122 = LINE('',#8123,#8124);
#8123 = CARTESIAN_POINT('',(1.27,-3.556,0.));
#8124 = VECTOR('',#8125,1.);
#8125 = DIRECTION('',(0.,1.,0.));
#8126 = ORIENTED_EDGE('',*,*,#8127,.T.);
#8127 = EDGE_CURVE('',#8120,#8128,#8130,.T.);
#8128 = VERTEX_POINT('',#8129);
#8129 = CARTESIAN_POINT('',(1.016,-1.27,0.));
#8130 = LINE('',#8131,#8132);
#8131 = CARTESIAN_POINT('',(1.27,-1.524,0.));
#8132 = VECTOR('',#8133,1.);
#8133 = DIRECTION('',(-0.707106781187,0.707106781187,0.));
#8134 = ORIENTED_EDGE('',*,*,#8135,.T.);
#8135 = EDGE_CURVE('',#8128,#8136,#8138,.T.);
#8136 = VERTEX_POINT('',#8137);
#8137 = CARTESIAN_POINT('',(1.27,-1.016,0.));
#8138 = LINE('',#8139,#8140);
#8139 = CARTESIAN_POINT('',(1.016,-1.27,0.));
#8140 = VECTOR('',#8141,1.);
#8141 = DIRECTION('',(0.707106781187,0.707106781187,0.));
#8142 = ORIENTED_EDGE('',*,*,#8143,.T.);
#8143 = EDGE_CURVE('',#8136,#8144,#8146,.T.);
#8144 = VERTEX_POINT('',#8145);
#8145 = CARTESIAN_POINT('',(1.27,1.016,0.));
#8146 = LINE('',#8147,#8148);
#8147 = CARTESIAN_POINT('',(1.27,-1.016,0.));
#8148 = VECTOR('',#8149,1.);
#8149 = DIRECTION('',(0.,1.,0.));
#8150 = ORIENTED_EDGE('',*,*,#8151,.T.);
#8151 = EDGE_CURVE('',#8144,#8008,#8152,.T.);
#8152 = LINE('',#8153,#8154);
#8153 = CARTESIAN_POINT('',(1.27,1.016,0.));
#8154 = VECTOR('',#8155,1.);
#8155 = DIRECTION('',(-0.707106781187,0.707106781187,0.));
#8156 = ORIENTED_EDGE('',*,*,#8024,.T.);
#8157 = FACE_BOUND('',#8158,.F.);
#8158 = EDGE_LOOP('',(#8159,#8169,#8177,#8185));
#8159 = ORIENTED_EDGE('',*,*,#8160,.T.);
#8160 = EDGE_CURVE('',#8161,#8163,#8165,.T.);
#8161 = VERTEX_POINT('',#8162);
#8162 = CARTESIAN_POINT('',(0.32,-0.32,0.));
#8163 = VERTEX_POINT('',#8164);
#8164 = CARTESIAN_POINT('',(-0.32,-0.32,0.));
#8165 = LINE('',#8166,#8167);
#8166 = CARTESIAN_POINT('',(-0.16,-0.32,0.));
#8167 = VECTOR('',#8168,1.);
#8168 = DIRECTION('',(-1.,0.,0.));
#8169 = ORIENTED_EDGE('',*,*,#8170,.T.);
#8170 = EDGE_CURVE('',#8163,#8171,#8173,.T.);
#8171 = VERTEX_POINT('',#8172);
#8172 = CARTESIAN_POINT('',(-0.32,0.32,0.));
#8173 = LINE('',#8174,#8175);
#8174 = CARTESIAN_POINT('',(-0.32,-0.795,0.));
#8175 = VECTOR('',#8176,1.);
#8176 = DIRECTION('',(0.,1.,0.));
#8177 = ORIENTED_EDGE('',*,*,#8178,.F.);
#8178 = EDGE_CURVE('',#8179,#8171,#8181,.T.);
#8179 = VERTEX_POINT('',#8180);
#8180 = CARTESIAN_POINT('',(0.32,0.32,0.));
#8181 = LINE('',#8182,#8183);
#8182 = CARTESIAN_POINT('',(-0.16,0.32,0.));
#8183 = VECTOR('',#8184,1.);
#8184 = DIRECTION('',(-1.,0.,0.));
#8185 = ORIENTED_EDGE('',*,*,#8186,.F.);
#8186 = EDGE_CURVE('',#8161,#8179,#8187,.T.);
#8187 = LINE('',#8188,#8189);
#8188 = CARTESIAN_POINT('',(0.32,-0.795,0.));
#8189 = VECTOR('',#8190,1.);
#8190 = DIRECTION('',(0.,1.,0.));
#8191 = FACE_BOUND('',#8192,.F.);
#8192 = EDGE_LOOP('',(#8193,#8203,#8211,#8219));
#8193 = ORIENTED_EDGE('',*,*,#8194,.T.);
#8194 = EDGE_CURVE('',#8195,#8197,#8199,.T.);
#8195 = VERTEX_POINT('',#8196);
#8196 = CARTESIAN_POINT('',(0.32,-2.86,0.));
#8197 = VERTEX_POINT('',#8198);
#8198 = CARTESIAN_POINT('',(-0.32,-2.86,0.));
#8199 = LINE('',#8200,#8201);
#8200 = CARTESIAN_POINT('',(-0.16,-2.86,0.));
#8201 = VECTOR('',#8202,1.);
#8202 = DIRECTION('',(-1.,0.,0.));
#8203 = ORIENTED_EDGE('',*,*,#8204,.T.);
#8204 = EDGE_CURVE('',#8197,#8205,#8207,.T.);
#8205 = VERTEX_POINT('',#8206);
#8206 = CARTESIAN_POINT('',(-0.32,-2.22,0.));
#8207 = LINE('',#8208,#8209);
#8208 = CARTESIAN_POINT('',(-0.32,-2.065,0.));
#8209 = VECTOR('',#8210,1.);
#8210 = DIRECTION('',(0.,1.,0.));
#8211 = ORIENTED_EDGE('',*,*,#8212,.F.);
#8212 = EDGE_CURVE('',#8213,#8205,#8215,.T.);
#8213 = VERTEX_POINT('',#8214);
#8214 = CARTESIAN_POINT('',(0.32,-2.22,0.));
#8215 = LINE('',#8216,#8217);
#8216 = CARTESIAN_POINT('',(-0.16,-2.22,0.));
#8217 = VECTOR('',#8218,1.);
#8218 = DIRECTION('',(-1.,0.,0.));
#8219 = ORIENTED_EDGE('',*,*,#8220,.F.);
#8220 = EDGE_CURVE('',#8195,#8213,#8221,.T.);
#8221 = LINE('',#8222,#8223);
#8222 = CARTESIAN_POINT('',(0.32,-2.065,0.));
#8223 = VECTOR('',#8224,1.);
#8224 = DIRECTION('',(0.,1.,0.));
#8225 = PLANE('',#8226);
#8226 = AXIS2_PLACEMENT_3D('',#8227,#8228,#8229);
#8227 = CARTESIAN_POINT('',(1.473843703412E-17,-1.27,0.));
#8228 = DIRECTION('',(0.,0.,1.));
#8229 = DIRECTION('',(1.,0.,-0.));
#8230 = ADVANCED_FACE('',(#8231,#8322,#8356),#8390,.T.);
#8231 = FACE_BOUND('',#8232,.T.);
#8232 = EDGE_LOOP('',(#8233,#8234,#8235,#8243,#8251,#8259,#8267,#8275,
    #8283,#8291,#8299,#8307,#8315,#8321));
#8233 = ORIENTED_EDGE('',*,*,#7977,.T.);
#8234 = ORIENTED_EDGE('',*,*,#8039,.T.);
#8235 = ORIENTED_EDGE('',*,*,#8236,.T.);
#8236 = EDGE_CURVE('',#8040,#8237,#8239,.T.);
#8237 = VERTEX_POINT('',#8238);
#8238 = CARTESIAN_POINT('',(-1.016,-1.27,2.54));
#8239 = LINE('',#8240,#8241);
#8240 = CARTESIAN_POINT('',(-1.27,-1.016,2.54));
#8241 = VECTOR('',#8242,1.);
#8242 = DIRECTION('',(0.707106781187,-0.707106781187,0.));
#8243 = ORIENTED_EDGE('',*,*,#8244,.T.);
#8244 = EDGE_CURVE('',#8237,#8245,#8247,.T.);
#8245 = VERTEX_POINT('',#8246);
#8246 = CARTESIAN_POINT('',(-1.27,-1.524,2.54));
#8247 = LINE('',#8248,#8249);
#8248 = CARTESIAN_POINT('',(-1.016,-1.27,2.54));
#8249 = VECTOR('',#8250,1.);
#8250 = DIRECTION('',(-0.707106781187,-0.707106781187,0.));
#8251 = ORIENTED_EDGE('',*,*,#8252,.T.);
#8252 = EDGE_CURVE('',#8245,#8253,#8255,.T.);
#8253 = VERTEX_POINT('',#8254);
#8254 = CARTESIAN_POINT('',(-1.27,-3.556,2.54));
#8255 = LINE('',#8256,#8257);
#8256 = CARTESIAN_POINT('',(-1.27,-1.524,2.54));
#8257 = VECTOR('',#8258,1.);
#8258 = DIRECTION('',(0.,-1.,0.));
#8259 = ORIENTED_EDGE('',*,*,#8260,.T.);
#8260 = EDGE_CURVE('',#8253,#8261,#8263,.T.);
#8261 = VERTEX_POINT('',#8262);
#8262 = CARTESIAN_POINT('',(-1.016,-3.81,2.54));
#8263 = LINE('',#8264,#8265);
#8264 = CARTESIAN_POINT('',(-1.27,-3.556,2.54));
#8265 = VECTOR('',#8266,1.);
#8266 = DIRECTION('',(0.707106781187,-0.707106781187,0.));
#8267 = ORIENTED_EDGE('',*,*,#8268,.T.);
#8268 = EDGE_CURVE('',#8261,#8269,#8271,.T.);
#8269 = VERTEX_POINT('',#8270);
#8270 = CARTESIAN_POINT('',(1.016,-3.81,2.54));
#8271 = LINE('',#8272,#8273);
#8272 = CARTESIAN_POINT('',(-1.016,-3.81,2.54));
#8273 = VECTOR('',#8274,1.);
#8274 = DIRECTION('',(1.,0.,0.));
#8275 = ORIENTED_EDGE('',*,*,#8276,.T.);
#8276 = EDGE_CURVE('',#8269,#8277,#8279,.T.);
#8277 = VERTEX_POINT('',#8278);
#8278 = CARTESIAN_POINT('',(1.27,-3.556,2.54));
#8279 = LINE('',#8280,#8281);
#8280 = CARTESIAN_POINT('',(1.016,-3.81,2.54));
#8281 = VECTOR('',#8282,1.);
#8282 = DIRECTION('',(0.707106781187,0.707106781187,0.));
#8283 = ORIENTED_EDGE('',*,*,#8284,.T.);
#8284 = EDGE_CURVE('',#8277,#8285,#8287,.T.);
#8285 = VERTEX_POINT('',#8286);
#8286 = CARTESIAN_POINT('',(1.27,-1.524,2.54));
#8287 = LINE('',#8288,#8289);
#8288 = CARTESIAN_POINT('',(1.27,-3.556,2.54));
#8289 = VECTOR('',#8290,1.);
#8290 = DIRECTION('',(0.,1.,0.));
#8291 = ORIENTED_EDGE('',*,*,#8292,.T.);
#8292 = EDGE_CURVE('',#8285,#8293,#8295,.T.);
#8293 = VERTEX_POINT('',#8294);
#8294 = CARTESIAN_POINT('',(1.016,-1.27,2.54));
#8295 = LINE('',#8296,#8297);
#8296 = CARTESIAN_POINT('',(1.27,-1.524,2.54));
#8297 = VECTOR('',#8298,1.);
#8298 = DIRECTION('',(-0.707106781187,0.707106781187,0.));
#8299 = ORIENTED_EDGE('',*,*,#8300,.T.);
#8300 = EDGE_CURVE('',#8293,#8301,#8303,.T.);
#8301 = VERTEX_POINT('',#8302);
#8302 = CARTESIAN_POINT('',(1.27,-1.016,2.54));
#8303 = LINE('',#8304,#8305);
#8304 = CARTESIAN_POINT('',(1.016,-1.27,2.54));
#8305 = VECTOR('',#8306,1.);
#8306 = DIRECTION('',(0.707106781187,0.707106781187,0.));
#8307 = ORIENTED_EDGE('',*,*,#8308,.T.);
#8308 = EDGE_CURVE('',#8301,#8309,#8311,.T.);
#8309 = VERTEX_POINT('',#8310);
#8310 = CARTESIAN_POINT('',(1.27,1.016,2.54));
#8311 = LINE('',#8312,#8313);
#8312 = CARTESIAN_POINT('',(1.27,-1.016,2.54));
#8313 = VECTOR('',#8314,1.);
#8314 = DIRECTION('',(0.,1.,0.));
#8315 = ORIENTED_EDGE('',*,*,#8316,.T.);
#8316 = EDGE_CURVE('',#8309,#8010,#8317,.T.);
#8317 = LINE('',#8318,#8319);
#8318 = CARTESIAN_POINT('',(1.27,1.016,2.54));
#8319 = VECTOR('',#8320,1.);
#8320 = DIRECTION('',(-0.707106781187,0.707106781187,0.));
#8321 = ORIENTED_EDGE('',*,*,#8017,.T.);
#8322 = FACE_BOUND('',#8323,.T.);
#8323 = EDGE_LOOP('',(#8324,#8334,#8342,#8350));
#8324 = ORIENTED_EDGE('',*,*,#8325,.T.);
#8325 = EDGE_CURVE('',#8326,#8328,#8330,.T.);
#8326 = VERTEX_POINT('',#8327);
#8327 = CARTESIAN_POINT('',(0.32,-0.32,2.54));
#8328 = VERTEX_POINT('',#8329);
#8329 = CARTESIAN_POINT('',(-0.32,-0.32,2.54));
#8330 = LINE('',#8331,#8332);
#8331 = CARTESIAN_POINT('',(-0.16,-0.32,2.54));
#8332 = VECTOR('',#8333,1.);
#8333 = DIRECTION('',(-1.,0.,0.));
#8334 = ORIENTED_EDGE('',*,*,#8335,.T.);
#8335 = EDGE_CURVE('',#8328,#8336,#8338,.T.);
#8336 = VERTEX_POINT('',#8337);
#8337 = CARTESIAN_POINT('',(-0.32,0.32,2.54));
#8338 = LINE('',#8339,#8340);
#8339 = CARTESIAN_POINT('',(-0.32,-0.795,2.54));
#8340 = VECTOR('',#8341,1.);
#8341 = DIRECTION('',(0.,1.,0.));
#8342 = ORIENTED_EDGE('',*,*,#8343,.F.);
#8343 = EDGE_CURVE('',#8344,#8336,#8346,.T.);
#8344 = VERTEX_POINT('',#8345);
#8345 = CARTESIAN_POINT('',(0.32,0.32,2.54));
#8346 = LINE('',#8347,#8348);
#8347 = CARTESIAN_POINT('',(-0.16,0.32,2.54));
#8348 = VECTOR('',#8349,1.);
#8349 = DIRECTION('',(-1.,0.,0.));
#8350 = ORIENTED_EDGE('',*,*,#8351,.F.);
#8351 = EDGE_CURVE('',#8326,#8344,#8352,.T.);
#8352 = LINE('',#8353,#8354);
#8353 = CARTESIAN_POINT('',(0.32,-0.795,2.54));
#8354 = VECTOR('',#8355,1.);
#8355 = DIRECTION('',(0.,1.,0.));
#8356 = FACE_BOUND('',#8357,.T.);
#8357 = EDGE_LOOP('',(#8358,#8368,#8376,#8384));
#8358 = ORIENTED_EDGE('',*,*,#8359,.T.);
#8359 = EDGE_CURVE('',#8360,#8362,#8364,.T.);
#8360 = VERTEX_POINT('',#8361);
#8361 = CARTESIAN_POINT('',(0.32,-2.86,2.54));
#8362 = VERTEX_POINT('',#8363);
#8363 = CARTESIAN_POINT('',(-0.32,-2.86,2.54));
#8364 = LINE('',#8365,#8366);
#8365 = CARTESIAN_POINT('',(-0.16,-2.86,2.54));
#8366 = VECTOR('',#8367,1.);
#8367 = DIRECTION('',(-1.,0.,0.));
#8368 = ORIENTED_EDGE('',*,*,#8369,.T.);
#8369 = EDGE_CURVE('',#8362,#8370,#8372,.T.);
#8370 = VERTEX_POINT('',#8371);
#8371 = CARTESIAN_POINT('',(-0.32,-2.22,2.54));
#8372 = LINE('',#8373,#8374);
#8373 = CARTESIAN_POINT('',(-0.32,-2.065,2.54));
#8374 = VECTOR('',#8375,1.);
#8375 = DIRECTION('',(0.,1.,0.));
#8376 = ORIENTED_EDGE('',*,*,#8377,.F.);
#8377 = EDGE_CURVE('',#8378,#8370,#8380,.T.);
#8378 = VERTEX_POINT('',#8379);
#8379 = CARTESIAN_POINT('',(0.32,-2.22,2.54));
#8380 = LINE('',#8381,#8382);
#8381 = CARTESIAN_POINT('',(-0.16,-2.22,2.54));
#8382 = VECTOR('',#8383,1.);
#8383 = DIRECTION('',(-1.,0.,0.));
#8384 = ORIENTED_EDGE('',*,*,#8385,.F.);
#8385 = EDGE_CURVE('',#8360,#8378,#8386,.T.);
#8386 = LINE('',#8387,#8388);
#8387 = CARTESIAN_POINT('',(0.32,-2.065,2.54));
#8388 = VECTOR('',#8389,1.);
#8389 = DIRECTION('',(0.,1.,0.));
#8390 = PLANE('',#8391);
#8391 = AXIS2_PLACEMENT_3D('',#8392,#8393,#8394);
#8392 = CARTESIAN_POINT('',(1.473843703412E-17,-1.27,2.54));
#8393 = DIRECTION('',(0.,0.,1.));
#8394 = DIRECTION('',(1.,0.,-0.));
#8395 = ADVANCED_FACE('',(#8396),#8407,.F.);
#8396 = FACE_BOUND('',#8397,.F.);
#8397 = EDGE_LOOP('',(#8398,#8404,#8405,#8406));
#8398 = ORIENTED_EDGE('',*,*,#8399,.T.);
#8399 = EDGE_CURVE('',#8144,#8309,#8400,.T.);
#8400 = LINE('',#8401,#8402);
#8401 = CARTESIAN_POINT('',(1.27,1.016,0.));
#8402 = VECTOR('',#8403,1.);
#8403 = DIRECTION('',(0.,0.,1.));
#8404 = ORIENTED_EDGE('',*,*,#8316,.T.);
#8405 = ORIENTED_EDGE('',*,*,#8007,.F.);
#8406 = ORIENTED_EDGE('',*,*,#8151,.F.);
#8407 = PLANE('',#8408);
#8408 = AXIS2_PLACEMENT_3D('',#8409,#8410,#8411);
#8409 = CARTESIAN_POINT('',(1.27,1.016,0.));
#8410 = DIRECTION('',(-0.707106781187,-0.707106781187,0.));
#8411 = DIRECTION('',(-0.707106781187,0.707106781187,0.));
#8412 = ADVANCED_FACE('',(#8413),#8424,.F.);
#8413 = FACE_BOUND('',#8414,.F.);
#8414 = EDGE_LOOP('',(#8415,#8416,#8417,#8423));
#8415 = ORIENTED_EDGE('',*,*,#8047,.T.);
#8416 = ORIENTED_EDGE('',*,*,#8236,.T.);
#8417 = ORIENTED_EDGE('',*,*,#8418,.F.);
#8418 = EDGE_CURVE('',#8072,#8237,#8419,.T.);
#8419 = LINE('',#8420,#8421);
#8420 = CARTESIAN_POINT('',(-1.016,-1.27,0.));
#8421 = VECTOR('',#8422,1.);
#8422 = DIRECTION('',(0.,0.,1.));
#8423 = ORIENTED_EDGE('',*,*,#8071,.F.);
#8424 = PLANE('',#8425);
#8425 = AXIS2_PLACEMENT_3D('',#8426,#8427,#8428);
#8426 = CARTESIAN_POINT('',(-1.27,-1.016,0.));
#8427 = DIRECTION('',(0.707106781187,0.707106781187,0.));
#8428 = DIRECTION('',(0.707106781187,-0.707106781187,0.));
#8429 = ADVANCED_FACE('',(#8430),#8441,.F.);
#8430 = FACE_BOUND('',#8431,.F.);
#8431 = EDGE_LOOP('',(#8432,#8438,#8439,#8440));
#8432 = ORIENTED_EDGE('',*,*,#8433,.T.);
#8433 = EDGE_CURVE('',#8136,#8301,#8434,.T.);
#8434 = LINE('',#8435,#8436);
#8435 = CARTESIAN_POINT('',(1.27,-1.016,0.));
#8436 = VECTOR('',#8437,1.);
#8437 = DIRECTION('',(0.,0.,1.));
#8438 = ORIENTED_EDGE('',*,*,#8308,.T.);
#8439 = ORIENTED_EDGE('',*,*,#8399,.F.);
#8440 = ORIENTED_EDGE('',*,*,#8143,.F.);
#8441 = PLANE('',#8442);
#8442 = AXIS2_PLACEMENT_3D('',#8443,#8444,#8445);
#8443 = CARTESIAN_POINT('',(1.27,-1.016,0.));
#8444 = DIRECTION('',(-1.,0.,0.));
#8445 = DIRECTION('',(0.,1.,0.));
#8446 = ADVANCED_FACE('',(#8447),#8458,.F.);
#8447 = FACE_BOUND('',#8448,.F.);
#8448 = EDGE_LOOP('',(#8449,#8450,#8451,#8457));
#8449 = ORIENTED_EDGE('',*,*,#8418,.T.);
#8450 = ORIENTED_EDGE('',*,*,#8244,.T.);
#8451 = ORIENTED_EDGE('',*,*,#8452,.F.);
#8452 = EDGE_CURVE('',#8080,#8245,#8453,.T.);
#8453 = LINE('',#8454,#8455);
#8454 = CARTESIAN_POINT('',(-1.27,-1.524,0.));
#8455 = VECTOR('',#8456,1.);
#8456 = DIRECTION('',(0.,0.,1.));
#8457 = ORIENTED_EDGE('',*,*,#8079,.F.);
#8458 = PLANE('',#8459);
#8459 = AXIS2_PLACEMENT_3D('',#8460,#8461,#8462);
#8460 = CARTESIAN_POINT('',(-1.016,-1.27,0.));
#8461 = DIRECTION('',(0.707106781187,-0.707106781187,0.));
#8462 = DIRECTION('',(-0.707106781187,-0.707106781187,0.));
#8463 = ADVANCED_FACE('',(#8464),#8475,.F.);
#8464 = FACE_BOUND('',#8465,.F.);
#8465 = EDGE_LOOP('',(#8466,#8472,#8473,#8474));
#8466 = ORIENTED_EDGE('',*,*,#8467,.T.);
#8467 = EDGE_CURVE('',#8128,#8293,#8468,.T.);
#8468 = LINE('',#8469,#8470);
#8469 = CARTESIAN_POINT('',(1.016,-1.27,0.));
#8470 = VECTOR('',#8471,1.);
#8471 = DIRECTION('',(0.,0.,1.));
#8472 = ORIENTED_EDGE('',*,*,#8300,.T.);
#8473 = ORIENTED_EDGE('',*,*,#8433,.F.);
#8474 = ORIENTED_EDGE('',*,*,#8135,.F.);
#8475 = PLANE('',#8476);
#8476 = AXIS2_PLACEMENT_3D('',#8477,#8478,#8479);
#8477 = CARTESIAN_POINT('',(1.016,-1.27,0.));
#8478 = DIRECTION('',(-0.707106781187,0.707106781187,0.));
#8479 = DIRECTION('',(0.707106781187,0.707106781187,0.));
#8480 = ADVANCED_FACE('',(#8481),#8492,.F.);
#8481 = FACE_BOUND('',#8482,.F.);
#8482 = EDGE_LOOP('',(#8483,#8484,#8485,#8491));
#8483 = ORIENTED_EDGE('',*,*,#8452,.T.);
#8484 = ORIENTED_EDGE('',*,*,#8252,.T.);
#8485 = ORIENTED_EDGE('',*,*,#8486,.F.);
#8486 = EDGE_CURVE('',#8088,#8253,#8487,.T.);
#8487 = LINE('',#8488,#8489);
#8488 = CARTESIAN_POINT('',(-1.27,-3.556,0.));
#8489 = VECTOR('',#8490,1.);
#8490 = DIRECTION('',(0.,0.,1.));
#8491 = ORIENTED_EDGE('',*,*,#8087,.F.);
#8492 = PLANE('',#8493);
#8493 = AXIS2_PLACEMENT_3D('',#8494,#8495,#8496);
#8494 = CARTESIAN_POINT('',(-1.27,-1.524,0.));
#8495 = DIRECTION('',(1.,0.,0.));
#8496 = DIRECTION('',(0.,-1.,0.));
#8497 = ADVANCED_FACE('',(#8498),#8509,.F.);
#8498 = FACE_BOUND('',#8499,.F.);
#8499 = EDGE_LOOP('',(#8500,#8506,#8507,#8508));
#8500 = ORIENTED_EDGE('',*,*,#8501,.T.);
#8501 = EDGE_CURVE('',#8120,#8285,#8502,.T.);
#8502 = LINE('',#8503,#8504);
#8503 = CARTESIAN_POINT('',(1.27,-1.524,0.));
#8504 = VECTOR('',#8505,1.);
#8505 = DIRECTION('',(0.,0.,1.));
#8506 = ORIENTED_EDGE('',*,*,#8292,.T.);
#8507 = ORIENTED_EDGE('',*,*,#8467,.F.);
#8508 = ORIENTED_EDGE('',*,*,#8127,.F.);
#8509 = PLANE('',#8510);
#8510 = AXIS2_PLACEMENT_3D('',#8511,#8512,#8513);
#8511 = CARTESIAN_POINT('',(1.27,-1.524,0.));
#8512 = DIRECTION('',(-0.707106781187,-0.707106781187,0.));
#8513 = DIRECTION('',(-0.707106781187,0.707106781187,0.));
#8514 = ADVANCED_FACE('',(#8515),#8526,.F.);
#8515 = FACE_BOUND('',#8516,.F.);
#8516 = EDGE_LOOP('',(#8517,#8518,#8519,#8525));
#8517 = ORIENTED_EDGE('',*,*,#8486,.T.);
#8518 = ORIENTED_EDGE('',*,*,#8260,.T.);
#8519 = ORIENTED_EDGE('',*,*,#8520,.F.);
#8520 = EDGE_CURVE('',#8096,#8261,#8521,.T.);
#8521 = LINE('',#8522,#8523);
#8522 = CARTESIAN_POINT('',(-1.016,-3.81,0.));
#8523 = VECTOR('',#8524,1.);
#8524 = DIRECTION('',(0.,0.,1.));
#8525 = ORIENTED_EDGE('',*,*,#8095,.F.);
#8526 = PLANE('',#8527);
#8527 = AXIS2_PLACEMENT_3D('',#8528,#8529,#8530);
#8528 = CARTESIAN_POINT('',(-1.27,-3.556,0.));
#8529 = DIRECTION('',(0.707106781187,0.707106781187,0.));
#8530 = DIRECTION('',(0.707106781187,-0.707106781187,0.));
#8531 = ADVANCED_FACE('',(#8532),#8543,.F.);
#8532 = FACE_BOUND('',#8533,.F.);
#8533 = EDGE_LOOP('',(#8534,#8540,#8541,#8542));
#8534 = ORIENTED_EDGE('',*,*,#8535,.T.);
#8535 = EDGE_CURVE('',#8112,#8277,#8536,.T.);
#8536 = LINE('',#8537,#8538);
#8537 = CARTESIAN_POINT('',(1.27,-3.556,0.));
#8538 = VECTOR('',#8539,1.);
#8539 = DIRECTION('',(0.,0.,1.));
#8540 = ORIENTED_EDGE('',*,*,#8284,.T.);
#8541 = ORIENTED_EDGE('',*,*,#8501,.F.);
#8542 = ORIENTED_EDGE('',*,*,#8119,.F.);
#8543 = PLANE('',#8544);
#8544 = AXIS2_PLACEMENT_3D('',#8545,#8546,#8547);
#8545 = CARTESIAN_POINT('',(1.27,-3.556,0.));
#8546 = DIRECTION('',(-1.,0.,0.));
#8547 = DIRECTION('',(0.,1.,0.));
#8548 = ADVANCED_FACE('',(#8549),#8560,.F.);
#8549 = FACE_BOUND('',#8550,.F.);
#8550 = EDGE_LOOP('',(#8551,#8552,#8553,#8559));
#8551 = ORIENTED_EDGE('',*,*,#8520,.T.);
#8552 = ORIENTED_EDGE('',*,*,#8268,.T.);
#8553 = ORIENTED_EDGE('',*,*,#8554,.F.);
#8554 = EDGE_CURVE('',#8104,#8269,#8555,.T.);
#8555 = LINE('',#8556,#8557);
#8556 = CARTESIAN_POINT('',(1.016,-3.81,0.));
#8557 = VECTOR('',#8558,1.);
#8558 = DIRECTION('',(0.,0.,1.));
#8559 = ORIENTED_EDGE('',*,*,#8103,.F.);
#8560 = PLANE('',#8561);
#8561 = AXIS2_PLACEMENT_3D('',#8562,#8563,#8564);
#8562 = CARTESIAN_POINT('',(-1.016,-3.81,0.));
#8563 = DIRECTION('',(0.,1.,0.));
#8564 = DIRECTION('',(1.,0.,0.));
#8565 = ADVANCED_FACE('',(#8566),#8572,.F.);
#8566 = FACE_BOUND('',#8567,.F.);
#8567 = EDGE_LOOP('',(#8568,#8569,#8570,#8571));
#8568 = ORIENTED_EDGE('',*,*,#8554,.T.);
#8569 = ORIENTED_EDGE('',*,*,#8276,.T.);
#8570 = ORIENTED_EDGE('',*,*,#8535,.F.);
#8571 = ORIENTED_EDGE('',*,*,#8111,.F.);
#8572 = PLANE('',#8573);
#8573 = AXIS2_PLACEMENT_3D('',#8574,#8575,#8576);
#8574 = CARTESIAN_POINT('',(1.016,-3.81,0.));
#8575 = DIRECTION('',(-0.707106781187,0.707106781187,0.));
#8576 = DIRECTION('',(0.707106781187,0.707106781187,0.));
#8577 = ADVANCED_FACE('',(#8578),#8603,.F.);
#8578 = FACE_BOUND('',#8579,.F.);
#8579 = EDGE_LOOP('',(#8580,#8588,#8596,#8602));
#8580 = ORIENTED_EDGE('',*,*,#8581,.F.);
#8581 = EDGE_CURVE('',#8582,#8161,#8584,.T.);
#8582 = VERTEX_POINT('',#8583);
#8583 = CARTESIAN_POINT('',(0.32,-0.32,-2.84));
#8584 = LINE('',#8585,#8586);
#8585 = CARTESIAN_POINT('',(0.32,-0.32,-3.));
#8586 = VECTOR('',#8587,1.);
#8587 = DIRECTION('',(0.,0.,1.));
#8588 = ORIENTED_EDGE('',*,*,#8589,.F.);
#8589 = EDGE_CURVE('',#8590,#8582,#8592,.T.);
#8590 = VERTEX_POINT('',#8591);
#8591 = CARTESIAN_POINT('',(-0.32,-0.32,-2.84));
#8592 = LINE('',#8593,#8594);
#8593 = CARTESIAN_POINT('',(-0.32,-0.32,-2.84));
#8594 = VECTOR('',#8595,1.);
#8595 = DIRECTION('',(1.,0.,0.));
#8596 = ORIENTED_EDGE('',*,*,#8597,.T.);
#8597 = EDGE_CURVE('',#8590,#8163,#8598,.T.);
#8598 = LINE('',#8599,#8600);
#8599 = CARTESIAN_POINT('',(-0.32,-0.32,-3.));
#8600 = VECTOR('',#8601,1.);
#8601 = DIRECTION('',(0.,0.,1.));
#8602 = ORIENTED_EDGE('',*,*,#8160,.F.);
#8603 = PLANE('',#8604);
#8604 = AXIS2_PLACEMENT_3D('',#8605,#8606,#8607);
#8605 = CARTESIAN_POINT('',(-0.32,-0.32,-3.));
#8606 = DIRECTION('',(0.,1.,0.));
#8607 = DIRECTION('',(0.,-0.,1.));
#8608 = ADVANCED_FACE('',(#8609),#8627,.T.);
#8609 = FACE_BOUND('',#8610,.T.);
#8610 = EDGE_LOOP('',(#8611,#8612,#8620,#8626));
#8611 = ORIENTED_EDGE('',*,*,#8581,.F.);
#8612 = ORIENTED_EDGE('',*,*,#8613,.T.);
#8613 = EDGE_CURVE('',#8582,#8614,#8616,.T.);
#8614 = VERTEX_POINT('',#8615);
#8615 = CARTESIAN_POINT('',(0.32,0.32,-2.84));
#8616 = LINE('',#8617,#8618);
#8617 = CARTESIAN_POINT('',(0.32,-0.32,-2.84));
#8618 = VECTOR('',#8619,1.);
#8619 = DIRECTION('',(0.,1.,0.));
#8620 = ORIENTED_EDGE('',*,*,#8621,.T.);
#8621 = EDGE_CURVE('',#8614,#8179,#8622,.T.);
#8622 = LINE('',#8623,#8624);
#8623 = CARTESIAN_POINT('',(0.32,0.32,-3.));
#8624 = VECTOR('',#8625,1.);
#8625 = DIRECTION('',(0.,0.,1.));
#8626 = ORIENTED_EDGE('',*,*,#8186,.F.);
#8627 = PLANE('',#8628);
#8628 = AXIS2_PLACEMENT_3D('',#8629,#8630,#8631);
#8629 = CARTESIAN_POINT('',(0.32,-0.32,-3.));
#8630 = DIRECTION('',(1.,0.,0.));
#8631 = DIRECTION('',(0.,0.,1.));
#8632 = ADVANCED_FACE('',(#8633),#8651,.T.);
#8633 = FACE_BOUND('',#8634,.T.);
#8634 = EDGE_LOOP('',(#8635,#8636,#8644,#8650));
#8635 = ORIENTED_EDGE('',*,*,#8621,.F.);
#8636 = ORIENTED_EDGE('',*,*,#8637,.F.);
#8637 = EDGE_CURVE('',#8638,#8614,#8640,.T.);
#8638 = VERTEX_POINT('',#8639);
#8639 = CARTESIAN_POINT('',(-0.32,0.32,-2.84));
#8640 = LINE('',#8641,#8642);
#8641 = CARTESIAN_POINT('',(-0.32,0.32,-2.84));
#8642 = VECTOR('',#8643,1.);
#8643 = DIRECTION('',(1.,0.,0.));
#8644 = ORIENTED_EDGE('',*,*,#8645,.T.);
#8645 = EDGE_CURVE('',#8638,#8171,#8646,.T.);
#8646 = LINE('',#8647,#8648);
#8647 = CARTESIAN_POINT('',(-0.32,0.32,-3.));
#8648 = VECTOR('',#8649,1.);
#8649 = DIRECTION('',(0.,0.,1.));
#8650 = ORIENTED_EDGE('',*,*,#8178,.F.);
#8651 = PLANE('',#8652);
#8652 = AXIS2_PLACEMENT_3D('',#8653,#8654,#8655);
#8653 = CARTESIAN_POINT('',(-0.32,0.32,-3.));
#8654 = DIRECTION('',(0.,1.,0.));
#8655 = DIRECTION('',(0.,-0.,1.));
#8656 = ADVANCED_FACE('',(#8657),#8668,.F.);
#8657 = FACE_BOUND('',#8658,.F.);
#8658 = EDGE_LOOP('',(#8659,#8660,#8666,#8667));
#8659 = ORIENTED_EDGE('',*,*,#8597,.F.);
#8660 = ORIENTED_EDGE('',*,*,#8661,.T.);
#8661 = EDGE_CURVE('',#8590,#8638,#8662,.T.);
#8662 = LINE('',#8663,#8664);
#8663 = CARTESIAN_POINT('',(-0.32,-0.32,-2.84));
#8664 = VECTOR('',#8665,1.);
#8665 = DIRECTION('',(0.,1.,0.));
#8666 = ORIENTED_EDGE('',*,*,#8645,.T.);
#8667 = ORIENTED_EDGE('',*,*,#8170,.F.);
#8668 = PLANE('',#8669);
#8669 = AXIS2_PLACEMENT_3D('',#8670,#8671,#8672);
#8670 = CARTESIAN_POINT('',(-0.32,-0.32,-3.));
#8671 = DIRECTION('',(1.,0.,0.));
#8672 = DIRECTION('',(0.,0.,1.));
#8673 = ADVANCED_FACE('',(#8674),#8699,.F.);
#8674 = FACE_BOUND('',#8675,.F.);
#8675 = EDGE_LOOP('',(#8676,#8684,#8692,#8698));
#8676 = ORIENTED_EDGE('',*,*,#8677,.F.);
#8677 = EDGE_CURVE('',#8678,#8195,#8680,.T.);
#8678 = VERTEX_POINT('',#8679);
#8679 = CARTESIAN_POINT('',(0.32,-2.86,-2.84));
#8680 = LINE('',#8681,#8682);
#8681 = CARTESIAN_POINT('',(0.32,-2.86,-3.));
#8682 = VECTOR('',#8683,1.);
#8683 = DIRECTION('',(0.,0.,1.));
#8684 = ORIENTED_EDGE('',*,*,#8685,.F.);
#8685 = EDGE_CURVE('',#8686,#8678,#8688,.T.);
#8686 = VERTEX_POINT('',#8687);
#8687 = CARTESIAN_POINT('',(-0.32,-2.86,-2.84));
#8688 = LINE('',#8689,#8690);
#8689 = CARTESIAN_POINT('',(-0.32,-2.86,-2.84));
#8690 = VECTOR('',#8691,1.);
#8691 = DIRECTION('',(1.,0.,0.));
#8692 = ORIENTED_EDGE('',*,*,#8693,.T.);
#8693 = EDGE_CURVE('',#8686,#8197,#8694,.T.);
#8694 = LINE('',#8695,#8696);
#8695 = CARTESIAN_POINT('',(-0.32,-2.86,-3.));
#8696 = VECTOR('',#8697,1.);
#8697 = DIRECTION('',(0.,0.,1.));
#8698 = ORIENTED_EDGE('',*,*,#8194,.F.);
#8699 = PLANE('',#8700);
#8700 = AXIS2_PLACEMENT_3D('',#8701,#8702,#8703);
#8701 = CARTESIAN_POINT('',(-0.32,-2.86,-3.));
#8702 = DIRECTION('',(0.,1.,0.));
#8703 = DIRECTION('',(0.,-0.,1.));
#8704 = ADVANCED_FACE('',(#8705),#8723,.T.);
#8705 = FACE_BOUND('',#8706,.T.);
#8706 = EDGE_LOOP('',(#8707,#8708,#8716,#8722));
#8707 = ORIENTED_EDGE('',*,*,#8677,.F.);
#8708 = ORIENTED_EDGE('',*,*,#8709,.T.);
#8709 = EDGE_CURVE('',#8678,#8710,#8712,.T.);
#8710 = VERTEX_POINT('',#8711);
#8711 = CARTESIAN_POINT('',(0.32,-2.22,-2.84));
#8712 = LINE('',#8713,#8714);
#8713 = CARTESIAN_POINT('',(0.32,-2.86,-2.84));
#8714 = VECTOR('',#8715,1.);
#8715 = DIRECTION('',(0.,1.,0.));
#8716 = ORIENTED_EDGE('',*,*,#8717,.T.);
#8717 = EDGE_CURVE('',#8710,#8213,#8718,.T.);
#8718 = LINE('',#8719,#8720);
#8719 = CARTESIAN_POINT('',(0.32,-2.22,-3.));
#8720 = VECTOR('',#8721,1.);
#8721 = DIRECTION('',(0.,0.,1.));
#8722 = ORIENTED_EDGE('',*,*,#8220,.F.);
#8723 = PLANE('',#8724);
#8724 = AXIS2_PLACEMENT_3D('',#8725,#8726,#8727);
#8725 = CARTESIAN_POINT('',(0.32,-2.86,-3.));
#8726 = DIRECTION('',(1.,0.,0.));
#8727 = DIRECTION('',(0.,0.,1.));
#8728 = ADVANCED_FACE('',(#8729),#8747,.T.);
#8729 = FACE_BOUND('',#8730,.T.);
#8730 = EDGE_LOOP('',(#8731,#8732,#8740,#8746));
#8731 = ORIENTED_EDGE('',*,*,#8717,.F.);
#8732 = ORIENTED_EDGE('',*,*,#8733,.F.);
#8733 = EDGE_CURVE('',#8734,#8710,#8736,.T.);
#8734 = VERTEX_POINT('',#8735);
#8735 = CARTESIAN_POINT('',(-0.32,-2.22,-2.84));
#8736 = LINE('',#8737,#8738);
#8737 = CARTESIAN_POINT('',(-0.32,-2.22,-2.84));
#8738 = VECTOR('',#8739,1.);
#8739 = DIRECTION('',(1.,0.,0.));
#8740 = ORIENTED_EDGE('',*,*,#8741,.T.);
#8741 = EDGE_CURVE('',#8734,#8205,#8742,.T.);
#8742 = LINE('',#8743,#8744);
#8743 = CARTESIAN_POINT('',(-0.32,-2.22,-3.));
#8744 = VECTOR('',#8745,1.);
#8745 = DIRECTION('',(0.,0.,1.));
#8746 = ORIENTED_EDGE('',*,*,#8212,.F.);
#8747 = PLANE('',#8748);
#8748 = AXIS2_PLACEMENT_3D('',#8749,#8750,#8751);
#8749 = CARTESIAN_POINT('',(-0.32,-2.22,-3.));
#8750 = DIRECTION('',(0.,1.,0.));
#8751 = DIRECTION('',(0.,-0.,1.));
#8752 = ADVANCED_FACE('',(#8753),#8764,.F.);
#8753 = FACE_BOUND('',#8754,.F.);
#8754 = EDGE_LOOP('',(#8755,#8756,#8762,#8763));
#8755 = ORIENTED_EDGE('',*,*,#8693,.F.);
#8756 = ORIENTED_EDGE('',*,*,#8757,.T.);
#8757 = EDGE_CURVE('',#8686,#8734,#8758,.T.);
#8758 = LINE('',#8759,#8760);
#8759 = CARTESIAN_POINT('',(-0.32,-2.86,-2.84));
#8760 = VECTOR('',#8761,1.);
#8761 = DIRECTION('',(0.,1.,0.));
#8762 = ORIENTED_EDGE('',*,*,#8741,.T.);
#8763 = ORIENTED_EDGE('',*,*,#8204,.F.);
#8764 = PLANE('',#8765);
#8765 = AXIS2_PLACEMENT_3D('',#8766,#8767,#8768);
#8766 = CARTESIAN_POINT('',(-0.32,-2.86,-3.));
#8767 = DIRECTION('',(1.,0.,0.));
#8768 = DIRECTION('',(0.,0.,1.));
#8769 = ADVANCED_FACE('',(#8770),#8795,.F.);
#8770 = FACE_BOUND('',#8771,.F.);
#8771 = EDGE_LOOP('',(#8772,#8780,#8781,#8789));
#8772 = ORIENTED_EDGE('',*,*,#8773,.F.);
#8773 = EDGE_CURVE('',#8326,#8774,#8776,.T.);
#8774 = VERTEX_POINT('',#8775);
#8775 = CARTESIAN_POINT('',(0.32,-0.32,8.38));
#8776 = LINE('',#8777,#8778);
#8777 = CARTESIAN_POINT('',(0.32,-0.32,-3.));
#8778 = VECTOR('',#8779,1.);
#8779 = DIRECTION('',(0.,0.,1.));
#8780 = ORIENTED_EDGE('',*,*,#8325,.T.);
#8781 = ORIENTED_EDGE('',*,*,#8782,.T.);
#8782 = EDGE_CURVE('',#8328,#8783,#8785,.T.);
#8783 = VERTEX_POINT('',#8784);
#8784 = CARTESIAN_POINT('',(-0.32,-0.32,8.38));
#8785 = LINE('',#8786,#8787);
#8786 = CARTESIAN_POINT('',(-0.32,-0.32,-3.));
#8787 = VECTOR('',#8788,1.);
#8788 = DIRECTION('',(0.,0.,1.));
#8789 = ORIENTED_EDGE('',*,*,#8790,.T.);
#8790 = EDGE_CURVE('',#8783,#8774,#8791,.T.);
#8791 = LINE('',#8792,#8793);
#8792 = CARTESIAN_POINT('',(-0.32,-0.32,8.38));
#8793 = VECTOR('',#8794,1.);
#8794 = DIRECTION('',(1.,0.,0.));
#8795 = PLANE('',#8796);
#8796 = AXIS2_PLACEMENT_3D('',#8797,#8798,#8799);
#8797 = CARTESIAN_POINT('',(-0.32,-0.32,-3.));
#8798 = DIRECTION('',(0.,1.,0.));
#8799 = DIRECTION('',(0.,-0.,1.));
#8800 = ADVANCED_FACE('',(#8801),#8819,.T.);
#8801 = FACE_BOUND('',#8802,.T.);
#8802 = EDGE_LOOP('',(#8803,#8804,#8805,#8813));
#8803 = ORIENTED_EDGE('',*,*,#8773,.F.);
#8804 = ORIENTED_EDGE('',*,*,#8351,.T.);
#8805 = ORIENTED_EDGE('',*,*,#8806,.T.);
#8806 = EDGE_CURVE('',#8344,#8807,#8809,.T.);
#8807 = VERTEX_POINT('',#8808);
#8808 = CARTESIAN_POINT('',(0.32,0.32,8.38));
#8809 = LINE('',#8810,#8811);
#8810 = CARTESIAN_POINT('',(0.32,0.32,-3.));
#8811 = VECTOR('',#8812,1.);
#8812 = DIRECTION('',(0.,0.,1.));
#8813 = ORIENTED_EDGE('',*,*,#8814,.F.);
#8814 = EDGE_CURVE('',#8774,#8807,#8815,.T.);
#8815 = LINE('',#8816,#8817);
#8816 = CARTESIAN_POINT('',(0.32,-0.32,8.38));
#8817 = VECTOR('',#8818,1.);
#8818 = DIRECTION('',(0.,1.,0.));
#8819 = PLANE('',#8820);
#8820 = AXIS2_PLACEMENT_3D('',#8821,#8822,#8823);
#8821 = CARTESIAN_POINT('',(0.32,-0.32,-3.));
#8822 = DIRECTION('',(1.,0.,0.));
#8823 = DIRECTION('',(0.,0.,1.));
#8824 = ADVANCED_FACE('',(#8825),#8843,.T.);
#8825 = FACE_BOUND('',#8826,.T.);
#8826 = EDGE_LOOP('',(#8827,#8828,#8829,#8837));
#8827 = ORIENTED_EDGE('',*,*,#8806,.F.);
#8828 = ORIENTED_EDGE('',*,*,#8343,.T.);
#8829 = ORIENTED_EDGE('',*,*,#8830,.T.);
#8830 = EDGE_CURVE('',#8336,#8831,#8833,.T.);
#8831 = VERTEX_POINT('',#8832);
#8832 = CARTESIAN_POINT('',(-0.32,0.32,8.38));
#8833 = LINE('',#8834,#8835);
#8834 = CARTESIAN_POINT('',(-0.32,0.32,-3.));
#8835 = VECTOR('',#8836,1.);
#8836 = DIRECTION('',(0.,0.,1.));
#8837 = ORIENTED_EDGE('',*,*,#8838,.T.);
#8838 = EDGE_CURVE('',#8831,#8807,#8839,.T.);
#8839 = LINE('',#8840,#8841);
#8840 = CARTESIAN_POINT('',(-0.32,0.32,8.38));
#8841 = VECTOR('',#8842,1.);
#8842 = DIRECTION('',(1.,0.,0.));
#8843 = PLANE('',#8844);
#8844 = AXIS2_PLACEMENT_3D('',#8845,#8846,#8847);
#8845 = CARTESIAN_POINT('',(-0.32,0.32,-3.));
#8846 = DIRECTION('',(0.,1.,0.));
#8847 = DIRECTION('',(0.,-0.,1.));
#8848 = ADVANCED_FACE('',(#8849),#8860,.F.);
#8849 = FACE_BOUND('',#8850,.F.);
#8850 = EDGE_LOOP('',(#8851,#8852,#8853,#8854));
#8851 = ORIENTED_EDGE('',*,*,#8782,.F.);
#8852 = ORIENTED_EDGE('',*,*,#8335,.T.);
#8853 = ORIENTED_EDGE('',*,*,#8830,.T.);
#8854 = ORIENTED_EDGE('',*,*,#8855,.F.);
#8855 = EDGE_CURVE('',#8783,#8831,#8856,.T.);
#8856 = LINE('',#8857,#8858);
#8857 = CARTESIAN_POINT('',(-0.32,-0.32,8.38));
#8858 = VECTOR('',#8859,1.);
#8859 = DIRECTION('',(0.,1.,0.));
#8860 = PLANE('',#8861);
#8861 = AXIS2_PLACEMENT_3D('',#8862,#8863,#8864);
#8862 = CARTESIAN_POINT('',(-0.32,-0.32,-3.));
#8863 = DIRECTION('',(1.,0.,0.));
#8864 = DIRECTION('',(0.,0.,1.));
#8865 = ADVANCED_FACE('',(#8866),#8891,.F.);
#8866 = FACE_BOUND('',#8867,.F.);
#8867 = EDGE_LOOP('',(#8868,#8876,#8877,#8885));
#8868 = ORIENTED_EDGE('',*,*,#8869,.F.);
#8869 = EDGE_CURVE('',#8360,#8870,#8872,.T.);
#8870 = VERTEX_POINT('',#8871);
#8871 = CARTESIAN_POINT('',(0.32,-2.86,8.38));
#8872 = LINE('',#8873,#8874);
#8873 = CARTESIAN_POINT('',(0.32,-2.86,-3.));
#8874 = VECTOR('',#8875,1.);
#8875 = DIRECTION('',(0.,0.,1.));
#8876 = ORIENTED_EDGE('',*,*,#8359,.T.);
#8877 = ORIENTED_EDGE('',*,*,#8878,.T.);
#8878 = EDGE_CURVE('',#8362,#8879,#8881,.T.);
#8879 = VERTEX_POINT('',#8880);
#8880 = CARTESIAN_POINT('',(-0.32,-2.86,8.38));
#8881 = LINE('',#8882,#8883);
#8882 = CARTESIAN_POINT('',(-0.32,-2.86,-3.));
#8883 = VECTOR('',#8884,1.);
#8884 = DIRECTION('',(0.,0.,1.));
#8885 = ORIENTED_EDGE('',*,*,#8886,.T.);
#8886 = EDGE_CURVE('',#8879,#8870,#8887,.T.);
#8887 = LINE('',#8888,#8889);
#8888 = CARTESIAN_POINT('',(-0.32,-2.86,8.38));
#8889 = VECTOR('',#8890,1.);
#8890 = DIRECTION('',(1.,0.,0.));
#8891 = PLANE('',#8892);
#8892 = AXIS2_PLACEMENT_3D('',#8893,#8894,#8895);
#8893 = CARTESIAN_POINT('',(-0.32,-2.86,-3.));
#8894 = DIRECTION('',(0.,1.,0.));
#8895 = DIRECTION('',(0.,-0.,1.));
#8896 = ADVANCED_FACE('',(#8897),#8915,.T.);
#8897 = FACE_BOUND('',#8898,.T.);
#8898 = EDGE_LOOP('',(#8899,#8900,#8901,#8909));
#8899 = ORIENTED_EDGE('',*,*,#8869,.F.);
#8900 = ORIENTED_EDGE('',*,*,#8385,.T.);
#8901 = ORIENTED_EDGE('',*,*,#8902,.T.);
#8902 = EDGE_CURVE('',#8378,#8903,#8905,.T.);
#8903 = VERTEX_POINT('',#8904);
#8904 = CARTESIAN_POINT('',(0.32,-2.22,8.38));
#8905 = LINE('',#8906,#8907);
#8906 = CARTESIAN_POINT('',(0.32,-2.22,-3.));
#8907 = VECTOR('',#8908,1.);
#8908 = DIRECTION('',(0.,0.,1.));
#8909 = ORIENTED_EDGE('',*,*,#8910,.F.);
#8910 = EDGE_CURVE('',#8870,#8903,#8911,.T.);
#8911 = LINE('',#8912,#8913);
#8912 = CARTESIAN_POINT('',(0.32,-2.86,8.38));
#8913 = VECTOR('',#8914,1.);
#8914 = DIRECTION('',(0.,1.,0.));
#8915 = PLANE('',#8916);
#8916 = AXIS2_PLACEMENT_3D('',#8917,#8918,#8919);
#8917 = CARTESIAN_POINT('',(0.32,-2.86,-3.));
#8918 = DIRECTION('',(1.,0.,0.));
#8919 = DIRECTION('',(0.,0.,1.));
#8920 = ADVANCED_FACE('',(#8921),#8939,.T.);
#8921 = FACE_BOUND('',#8922,.T.);
#8922 = EDGE_LOOP('',(#8923,#8924,#8925,#8933));
#8923 = ORIENTED_EDGE('',*,*,#8902,.F.);
#8924 = ORIENTED_EDGE('',*,*,#8377,.T.);
#8925 = ORIENTED_EDGE('',*,*,#8926,.T.);
#8926 = EDGE_CURVE('',#8370,#8927,#8929,.T.);
#8927 = VERTEX_POINT('',#8928);
#8928 = CARTESIAN_POINT('',(-0.32,-2.22,8.38));
#8929 = LINE('',#8930,#8931);
#8930 = CARTESIAN_POINT('',(-0.32,-2.22,-3.));
#8931 = VECTOR('',#8932,1.);
#8932 = DIRECTION('',(0.,0.,1.));
#8933 = ORIENTED_EDGE('',*,*,#8934,.T.);
#8934 = EDGE_CURVE('',#8927,#8903,#8935,.T.);
#8935 = LINE('',#8936,#8937);
#8936 = CARTESIAN_POINT('',(-0.32,-2.22,8.38));
#8937 = VECTOR('',#8938,1.);
#8938 = DIRECTION('',(1.,0.,0.));
#8939 = PLANE('',#8940);
#8940 = AXIS2_PLACEMENT_3D('',#8941,#8942,#8943);
#8941 = CARTESIAN_POINT('',(-0.32,-2.22,-3.));
#8942 = DIRECTION('',(0.,1.,0.));
#8943 = DIRECTION('',(0.,-0.,1.));
#8944 = ADVANCED_FACE('',(#8945),#8956,.F.);
#8945 = FACE_BOUND('',#8946,.F.);
#8946 = EDGE_LOOP('',(#8947,#8948,#8949,#8950));
#8947 = ORIENTED_EDGE('',*,*,#8878,.F.);
#8948 = ORIENTED_EDGE('',*,*,#8369,.T.);
#8949 = ORIENTED_EDGE('',*,*,#8926,.T.);
#8950 = ORIENTED_EDGE('',*,*,#8951,.F.);
#8951 = EDGE_CURVE('',#8879,#8927,#8952,.T.);
#8952 = LINE('',#8953,#8954);
#8953 = CARTESIAN_POINT('',(-0.32,-2.86,8.38));
#8954 = VECTOR('',#8955,1.);
#8955 = DIRECTION('',(0.,1.,0.));
#8956 = PLANE('',#8957);
#8957 = AXIS2_PLACEMENT_3D('',#8958,#8959,#8960);
#8958 = CARTESIAN_POINT('',(-0.32,-2.86,-3.));
#8959 = DIRECTION('',(1.,0.,0.));
#8960 = DIRECTION('',(0.,0.,1.));
#8961 = ADVANCED_FACE('',(#8962),#8987,.T.);
#8962 = FACE_BOUND('',#8963,.F.);
#8963 = EDGE_LOOP('',(#8964,#8972,#8973,#8981));
#8964 = ORIENTED_EDGE('',*,*,#8965,.F.);
#8965 = EDGE_CURVE('',#8590,#8966,#8968,.T.);
#8966 = VERTEX_POINT('',#8967);
#8967 = CARTESIAN_POINT('',(-0.16,-0.16,-3.));
#8968 = LINE('',#8969,#8970);
#8969 = CARTESIAN_POINT('',(-0.266666666667,-0.266666666667,
    -2.893333333333));
#8970 = VECTOR('',#8971,1.);
#8971 = DIRECTION('',(0.57735026919,0.57735026919,-0.57735026919));
#8972 = ORIENTED_EDGE('',*,*,#8589,.T.);
#8973 = ORIENTED_EDGE('',*,*,#8974,.T.);
#8974 = EDGE_CURVE('',#8582,#8975,#8977,.T.);
#8975 = VERTEX_POINT('',#8976);
#8976 = CARTESIAN_POINT('',(0.16,-0.16,-3.));
#8977 = LINE('',#8978,#8979);
#8978 = CARTESIAN_POINT('',(0.16,-0.16,-3.));
#8979 = VECTOR('',#8980,1.);
#8980 = DIRECTION('',(-0.57735026919,0.57735026919,-0.57735026919));
#8981 = ORIENTED_EDGE('',*,*,#8982,.F.);
#8982 = EDGE_CURVE('',#8966,#8975,#8983,.T.);
#8983 = LINE('',#8984,#8985);
#8984 = CARTESIAN_POINT('',(-0.32,-0.16,-3.));
#8985 = VECTOR('',#8986,1.);
#8986 = DIRECTION('',(1.,0.,0.));
#8987 = PLANE('',#8988);
#8988 = AXIS2_PLACEMENT_3D('',#8989,#8990,#8991);
#8989 = CARTESIAN_POINT('',(-0.32,-0.24,-2.92));
#8990 = DIRECTION('',(1.735167508357E-18,-0.707106781187,-0.707106781187
    ));
#8991 = DIRECTION('',(-1.,-1.226948711654E-18,-1.226948711654E-18));
#8992 = ADVANCED_FACE('',(#8993),#9011,.F.);
#8993 = FACE_BOUND('',#8994,.F.);
#8994 = EDGE_LOOP('',(#8995,#8996,#8997,#9005));
#8995 = ORIENTED_EDGE('',*,*,#8974,.F.);
#8996 = ORIENTED_EDGE('',*,*,#8613,.T.);
#8997 = ORIENTED_EDGE('',*,*,#8998,.T.);
#8998 = EDGE_CURVE('',#8614,#8999,#9001,.T.);
#8999 = VERTEX_POINT('',#9000);
#9000 = CARTESIAN_POINT('',(0.16,0.16,-3.));
#9001 = LINE('',#9002,#9003);
#9002 = CARTESIAN_POINT('',(5.333333333333E-02,5.333333333333E-02,
    -3.106666666667));
#9003 = VECTOR('',#9004,1.);
#9004 = DIRECTION('',(-0.57735026919,-0.57735026919,-0.57735026919));
#9005 = ORIENTED_EDGE('',*,*,#9006,.F.);
#9006 = EDGE_CURVE('',#8975,#8999,#9007,.T.);
#9007 = LINE('',#9008,#9009);
#9008 = CARTESIAN_POINT('',(0.16,-0.32,-3.));
#9009 = VECTOR('',#9010,1.);
#9010 = DIRECTION('',(0.,1.,0.));
#9011 = PLANE('',#9012);
#9012 = AXIS2_PLACEMENT_3D('',#9013,#9014,#9015);
#9013 = CARTESIAN_POINT('',(0.24,-0.32,-2.92));
#9014 = DIRECTION('',(-0.707106781187,1.735167508357E-18,0.707106781187)
  );
#9015 = DIRECTION('',(1.226948711654E-18,1.,-1.226948711654E-18));
#9016 = ADVANCED_FACE('',(#9017),#9035,.F.);
#9017 = FACE_BOUND('',#9018,.T.);
#9018 = EDGE_LOOP('',(#9019,#9027,#9028,#9029));
#9019 = ORIENTED_EDGE('',*,*,#9020,.F.);
#9020 = EDGE_CURVE('',#8638,#9021,#9023,.T.);
#9021 = VERTEX_POINT('',#9022);
#9022 = CARTESIAN_POINT('',(-0.16,0.16,-3.));
#9023 = LINE('',#9024,#9025);
#9024 = CARTESIAN_POINT('',(-0.16,0.16,-3.));
#9025 = VECTOR('',#9026,1.);
#9026 = DIRECTION('',(0.57735026919,-0.57735026919,-0.57735026919));
#9027 = ORIENTED_EDGE('',*,*,#8637,.T.);
#9028 = ORIENTED_EDGE('',*,*,#8998,.T.);
#9029 = ORIENTED_EDGE('',*,*,#9030,.F.);
#9030 = EDGE_CURVE('',#9021,#8999,#9031,.T.);
#9031 = LINE('',#9032,#9033);
#9032 = CARTESIAN_POINT('',(-0.32,0.16,-3.));
#9033 = VECTOR('',#9034,1.);
#9034 = DIRECTION('',(1.,0.,0.));
#9035 = PLANE('',#9036);
#9036 = AXIS2_PLACEMENT_3D('',#9037,#9038,#9039);
#9037 = CARTESIAN_POINT('',(-0.32,0.24,-2.92));
#9038 = DIRECTION('',(-1.735167508357E-18,-0.707106781187,0.707106781187
    ));
#9039 = DIRECTION('',(-1.,1.226948711654E-18,-1.226948711654E-18));
#9040 = ADVANCED_FACE('',(#9041),#9052,.T.);
#9041 = FACE_BOUND('',#9042,.T.);
#9042 = EDGE_LOOP('',(#9043,#9044,#9045,#9046));
#9043 = ORIENTED_EDGE('',*,*,#8965,.F.);
#9044 = ORIENTED_EDGE('',*,*,#8661,.T.);
#9045 = ORIENTED_EDGE('',*,*,#9020,.T.);
#9046 = ORIENTED_EDGE('',*,*,#9047,.F.);
#9047 = EDGE_CURVE('',#8966,#9021,#9048,.T.);
#9048 = LINE('',#9049,#9050);
#9049 = CARTESIAN_POINT('',(-0.16,-0.32,-3.));
#9050 = VECTOR('',#9051,1.);
#9051 = DIRECTION('',(0.,1.,0.));
#9052 = PLANE('',#9053);
#9053 = AXIS2_PLACEMENT_3D('',#9054,#9055,#9056);
#9054 = CARTESIAN_POINT('',(-0.24,-0.32,-2.92));
#9055 = DIRECTION('',(-0.707106781187,-1.735167508357E-18,
    -0.707106781187));
#9056 = DIRECTION('',(-1.226948711654E-18,1.,-1.226948711654E-18));
#9057 = ADVANCED_FACE('',(#9058),#9083,.T.);
#9058 = FACE_BOUND('',#9059,.F.);
#9059 = EDGE_LOOP('',(#9060,#9068,#9069,#9077));
#9060 = ORIENTED_EDGE('',*,*,#9061,.F.);
#9061 = EDGE_CURVE('',#8686,#9062,#9064,.T.);
#9062 = VERTEX_POINT('',#9063);
#9063 = CARTESIAN_POINT('',(-0.16,-2.7,-3.));
#9064 = LINE('',#9065,#9066);
#9065 = CARTESIAN_POINT('',(-0.266666666667,-2.806666666667,
    -2.893333333333));
#9066 = VECTOR('',#9067,1.);
#9067 = DIRECTION('',(0.57735026919,0.57735026919,-0.57735026919));
#9068 = ORIENTED_EDGE('',*,*,#8685,.T.);
#9069 = ORIENTED_EDGE('',*,*,#9070,.T.);
#9070 = EDGE_CURVE('',#8678,#9071,#9073,.T.);
#9071 = VERTEX_POINT('',#9072);
#9072 = CARTESIAN_POINT('',(0.16,-2.7,-3.));
#9073 = LINE('',#9074,#9075);
#9074 = CARTESIAN_POINT('',(0.16,-2.7,-3.));
#9075 = VECTOR('',#9076,1.);
#9076 = DIRECTION('',(-0.57735026919,0.57735026919,-0.57735026919));
#9077 = ORIENTED_EDGE('',*,*,#9078,.F.);
#9078 = EDGE_CURVE('',#9062,#9071,#9079,.T.);
#9079 = LINE('',#9080,#9081);
#9080 = CARTESIAN_POINT('',(-0.32,-2.7,-3.));
#9081 = VECTOR('',#9082,1.);
#9082 = DIRECTION('',(1.,0.,0.));
#9083 = PLANE('',#9084);
#9084 = AXIS2_PLACEMENT_3D('',#9085,#9086,#9087);
#9085 = CARTESIAN_POINT('',(-0.32,-2.78,-2.92));
#9086 = DIRECTION('',(1.735167508357E-18,-0.707106781187,-0.707106781187
    ));
#9087 = DIRECTION('',(-1.,-1.226948711654E-18,-1.226948711654E-18));
#9088 = ADVANCED_FACE('',(#9089),#9107,.F.);
#9089 = FACE_BOUND('',#9090,.F.);
#9090 = EDGE_LOOP('',(#9091,#9092,#9093,#9101));
#9091 = ORIENTED_EDGE('',*,*,#9070,.F.);
#9092 = ORIENTED_EDGE('',*,*,#8709,.T.);
#9093 = ORIENTED_EDGE('',*,*,#9094,.T.);
#9094 = EDGE_CURVE('',#8710,#9095,#9097,.T.);
#9095 = VERTEX_POINT('',#9096);
#9096 = CARTESIAN_POINT('',(0.16,-2.38,-3.));
#9097 = LINE('',#9098,#9099);
#9098 = CARTESIAN_POINT('',(5.333333333333E-02,-2.486666666667,
    -3.106666666667));
#9099 = VECTOR('',#9100,1.);
#9100 = DIRECTION('',(-0.57735026919,-0.57735026919,-0.57735026919));
#9101 = ORIENTED_EDGE('',*,*,#9102,.F.);
#9102 = EDGE_CURVE('',#9071,#9095,#9103,.T.);
#9103 = LINE('',#9104,#9105);
#9104 = CARTESIAN_POINT('',(0.16,-2.86,-3.));
#9105 = VECTOR('',#9106,1.);
#9106 = DIRECTION('',(0.,1.,0.));
#9107 = PLANE('',#9108);
#9108 = AXIS2_PLACEMENT_3D('',#9109,#9110,#9111);
#9109 = CARTESIAN_POINT('',(0.24,-2.86,-2.92));
#9110 = DIRECTION('',(-0.707106781187,1.735167508357E-18,0.707106781187)
  );
#9111 = DIRECTION('',(1.226948711654E-18,1.,-1.226948711654E-18));
#9112 = ADVANCED_FACE('',(#9113),#9131,.F.);
#9113 = FACE_BOUND('',#9114,.T.);
#9114 = EDGE_LOOP('',(#9115,#9123,#9124,#9125));
#9115 = ORIENTED_EDGE('',*,*,#9116,.F.);
#9116 = EDGE_CURVE('',#8734,#9117,#9119,.T.);
#9117 = VERTEX_POINT('',#9118);
#9118 = CARTESIAN_POINT('',(-0.16,-2.38,-3.));
#9119 = LINE('',#9120,#9121);
#9120 = CARTESIAN_POINT('',(-0.16,-2.38,-3.));
#9121 = VECTOR('',#9122,1.);
#9122 = DIRECTION('',(0.57735026919,-0.57735026919,-0.57735026919));
#9123 = ORIENTED_EDGE('',*,*,#8733,.T.);
#9124 = ORIENTED_EDGE('',*,*,#9094,.T.);
#9125 = ORIENTED_EDGE('',*,*,#9126,.F.);
#9126 = EDGE_CURVE('',#9117,#9095,#9127,.T.);
#9127 = LINE('',#9128,#9129);
#9128 = CARTESIAN_POINT('',(-0.32,-2.38,-3.));
#9129 = VECTOR('',#9130,1.);
#9130 = DIRECTION('',(1.,0.,0.));
#9131 = PLANE('',#9132);
#9132 = AXIS2_PLACEMENT_3D('',#9133,#9134,#9135);
#9133 = CARTESIAN_POINT('',(-0.32,-2.3,-2.92));
#9134 = DIRECTION('',(-1.735167508357E-18,-0.707106781187,0.707106781187
    ));
#9135 = DIRECTION('',(-1.,1.226948711654E-18,-1.226948711654E-18));
#9136 = ADVANCED_FACE('',(#9137),#9148,.T.);
#9137 = FACE_BOUND('',#9138,.T.);
#9138 = EDGE_LOOP('',(#9139,#9140,#9141,#9142));
#9139 = ORIENTED_EDGE('',*,*,#9061,.F.);
#9140 = ORIENTED_EDGE('',*,*,#8757,.T.);
#9141 = ORIENTED_EDGE('',*,*,#9116,.T.);
#9142 = ORIENTED_EDGE('',*,*,#9143,.F.);
#9143 = EDGE_CURVE('',#9062,#9117,#9144,.T.);
#9144 = LINE('',#9145,#9146);
#9145 = CARTESIAN_POINT('',(-0.16,-2.86,-3.));
#9146 = VECTOR('',#9147,1.);
#9147 = DIRECTION('',(0.,1.,0.));
#9148 = PLANE('',#9149);
#9149 = AXIS2_PLACEMENT_3D('',#9150,#9151,#9152);
#9150 = CARTESIAN_POINT('',(-0.24,-2.86,-2.92));
#9151 = DIRECTION('',(-0.707106781187,-1.735167508357E-18,
    -0.707106781187));
#9152 = DIRECTION('',(-1.226948711654E-18,1.,-1.226948711654E-18));
#9153 = ADVANCED_FACE('',(#9154),#9179,.F.);
#9154 = FACE_BOUND('',#9155,.T.);
#9155 = EDGE_LOOP('',(#9156,#9164,#9165,#9173));
#9156 = ORIENTED_EDGE('',*,*,#9157,.F.);
#9157 = EDGE_CURVE('',#8783,#9158,#9160,.T.);
#9158 = VERTEX_POINT('',#9159);
#9159 = CARTESIAN_POINT('',(-0.16,-0.16,8.54));
#9160 = LINE('',#9161,#9162);
#9161 = CARTESIAN_POINT('',(-0.266666666667,-0.266666666667,
    8.433333333333));
#9162 = VECTOR('',#9163,1.);
#9163 = DIRECTION('',(0.57735026919,0.57735026919,0.57735026919));
#9164 = ORIENTED_EDGE('',*,*,#8790,.T.);
#9165 = ORIENTED_EDGE('',*,*,#9166,.T.);
#9166 = EDGE_CURVE('',#8774,#9167,#9169,.T.);
#9167 = VERTEX_POINT('',#9168);
#9168 = CARTESIAN_POINT('',(0.16,-0.16,8.54));
#9169 = LINE('',#9170,#9171);
#9170 = CARTESIAN_POINT('',(0.16,-0.16,8.54));
#9171 = VECTOR('',#9172,1.);
#9172 = DIRECTION('',(-0.57735026919,0.57735026919,0.57735026919));
#9173 = ORIENTED_EDGE('',*,*,#9174,.F.);
#9174 = EDGE_CURVE('',#9158,#9167,#9175,.T.);
#9175 = LINE('',#9176,#9177);
#9176 = CARTESIAN_POINT('',(-0.32,-0.16,8.54));
#9177 = VECTOR('',#9178,1.);
#9178 = DIRECTION('',(1.,0.,0.));
#9179 = PLANE('',#9180);
#9180 = AXIS2_PLACEMENT_3D('',#9181,#9182,#9183);
#9181 = CARTESIAN_POINT('',(-0.32,-0.24,8.46));
#9182 = DIRECTION('',(-1.735167508357E-18,0.707106781187,-0.707106781187
    ));
#9183 = DIRECTION('',(-1.,-1.226948711654E-18,1.226948711654E-18));
#9184 = ADVANCED_FACE('',(#9185),#9203,.T.);
#9185 = FACE_BOUND('',#9186,.T.);
#9186 = EDGE_LOOP('',(#9187,#9188,#9189,#9197));
#9187 = ORIENTED_EDGE('',*,*,#9166,.F.);
#9188 = ORIENTED_EDGE('',*,*,#8814,.T.);
#9189 = ORIENTED_EDGE('',*,*,#9190,.T.);
#9190 = EDGE_CURVE('',#8807,#9191,#9193,.T.);
#9191 = VERTEX_POINT('',#9192);
#9192 = CARTESIAN_POINT('',(0.16,0.16,8.54));
#9193 = LINE('',#9194,#9195);
#9194 = CARTESIAN_POINT('',(5.333333333333E-02,5.333333333333E-02,
    8.646666666667));
#9195 = VECTOR('',#9196,1.);
#9196 = DIRECTION('',(-0.57735026919,-0.57735026919,0.57735026919));
#9197 = ORIENTED_EDGE('',*,*,#9198,.F.);
#9198 = EDGE_CURVE('',#9167,#9191,#9199,.T.);
#9199 = LINE('',#9200,#9201);
#9200 = CARTESIAN_POINT('',(0.16,-0.32,8.54));
#9201 = VECTOR('',#9202,1.);
#9202 = DIRECTION('',(0.,1.,0.));
#9203 = PLANE('',#9204);
#9204 = AXIS2_PLACEMENT_3D('',#9205,#9206,#9207);
#9205 = CARTESIAN_POINT('',(0.24,-0.32,8.46));
#9206 = DIRECTION('',(0.707106781187,-1.735167508357E-18,0.707106781187)
  );
#9207 = DIRECTION('',(1.226948711654E-18,1.,1.226948711654E-18));
#9208 = ADVANCED_FACE('',(#9209),#9227,.T.);
#9209 = FACE_BOUND('',#9210,.F.);
#9210 = EDGE_LOOP('',(#9211,#9219,#9220,#9221));
#9211 = ORIENTED_EDGE('',*,*,#9212,.F.);
#9212 = EDGE_CURVE('',#8831,#9213,#9215,.T.);
#9213 = VERTEX_POINT('',#9214);
#9214 = CARTESIAN_POINT('',(-0.16,0.16,8.54));
#9215 = LINE('',#9216,#9217);
#9216 = CARTESIAN_POINT('',(-0.16,0.16,8.54));
#9217 = VECTOR('',#9218,1.);
#9218 = DIRECTION('',(0.57735026919,-0.57735026919,0.57735026919));
#9219 = ORIENTED_EDGE('',*,*,#8838,.T.);
#9220 = ORIENTED_EDGE('',*,*,#9190,.T.);
#9221 = ORIENTED_EDGE('',*,*,#9222,.F.);
#9222 = EDGE_CURVE('',#9213,#9191,#9223,.T.);
#9223 = LINE('',#9224,#9225);
#9224 = CARTESIAN_POINT('',(-0.32,0.16,8.54));
#9225 = VECTOR('',#9226,1.);
#9226 = DIRECTION('',(1.,0.,0.));
#9227 = PLANE('',#9228);
#9228 = AXIS2_PLACEMENT_3D('',#9229,#9230,#9231);
#9229 = CARTESIAN_POINT('',(-0.32,0.24,8.46));
#9230 = DIRECTION('',(1.735167508357E-18,0.707106781187,0.707106781187)
  );
#9231 = DIRECTION('',(-1.,1.226948711654E-18,1.226948711654E-18));
#9232 = ADVANCED_FACE('',(#9233),#9244,.F.);
#9233 = FACE_BOUND('',#9234,.F.);
#9234 = EDGE_LOOP('',(#9235,#9236,#9237,#9238));
#9235 = ORIENTED_EDGE('',*,*,#9157,.F.);
#9236 = ORIENTED_EDGE('',*,*,#8855,.T.);
#9237 = ORIENTED_EDGE('',*,*,#9212,.T.);
#9238 = ORIENTED_EDGE('',*,*,#9239,.F.);
#9239 = EDGE_CURVE('',#9158,#9213,#9240,.T.);
#9240 = LINE('',#9241,#9242);
#9241 = CARTESIAN_POINT('',(-0.16,-0.32,8.54));
#9242 = VECTOR('',#9243,1.);
#9243 = DIRECTION('',(0.,1.,0.));
#9244 = PLANE('',#9245);
#9245 = AXIS2_PLACEMENT_3D('',#9246,#9247,#9248);
#9246 = CARTESIAN_POINT('',(-0.24,-0.32,8.46));
#9247 = DIRECTION('',(0.707106781187,1.735167508357E-18,-0.707106781187)
  );
#9248 = DIRECTION('',(-1.226948711654E-18,1.,1.226948711654E-18));
#9249 = ADVANCED_FACE('',(#9250),#9275,.F.);
#9250 = FACE_BOUND('',#9251,.T.);
#9251 = EDGE_LOOP('',(#9252,#9260,#9261,#9269));
#9252 = ORIENTED_EDGE('',*,*,#9253,.F.);
#9253 = EDGE_CURVE('',#8879,#9254,#9256,.T.);
#9254 = VERTEX_POINT('',#9255);
#9255 = CARTESIAN_POINT('',(-0.16,-2.7,8.54));
#9256 = LINE('',#9257,#9258);
#9257 = CARTESIAN_POINT('',(-0.266666666667,-2.806666666667,
    8.433333333333));
#9258 = VECTOR('',#9259,1.);
#9259 = DIRECTION('',(0.57735026919,0.57735026919,0.57735026919));
#9260 = ORIENTED_EDGE('',*,*,#8886,.T.);
#9261 = ORIENTED_EDGE('',*,*,#9262,.T.);
#9262 = EDGE_CURVE('',#8870,#9263,#9265,.T.);
#9263 = VERTEX_POINT('',#9264);
#9264 = CARTESIAN_POINT('',(0.16,-2.7,8.54));
#9265 = LINE('',#9266,#9267);
#9266 = CARTESIAN_POINT('',(0.16,-2.7,8.54));
#9267 = VECTOR('',#9268,1.);
#9268 = DIRECTION('',(-0.57735026919,0.57735026919,0.57735026919));
#9269 = ORIENTED_EDGE('',*,*,#9270,.F.);
#9270 = EDGE_CURVE('',#9254,#9263,#9271,.T.);
#9271 = LINE('',#9272,#9273);
#9272 = CARTESIAN_POINT('',(-0.32,-2.7,8.54));
#9273 = VECTOR('',#9274,1.);
#9274 = DIRECTION('',(1.,0.,0.));
#9275 = PLANE('',#9276);
#9276 = AXIS2_PLACEMENT_3D('',#9277,#9278,#9279);
#9277 = CARTESIAN_POINT('',(-0.32,-2.78,8.46));
#9278 = DIRECTION('',(-1.735167508357E-18,0.707106781187,-0.707106781187
    ));
#9279 = DIRECTION('',(-1.,-1.226948711654E-18,1.226948711654E-18));
#9280 = ADVANCED_FACE('',(#9281),#9299,.T.);
#9281 = FACE_BOUND('',#9282,.T.);
#9282 = EDGE_LOOP('',(#9283,#9284,#9285,#9293));
#9283 = ORIENTED_EDGE('',*,*,#9262,.F.);
#9284 = ORIENTED_EDGE('',*,*,#8910,.T.);
#9285 = ORIENTED_EDGE('',*,*,#9286,.T.);
#9286 = EDGE_CURVE('',#8903,#9287,#9289,.T.);
#9287 = VERTEX_POINT('',#9288);
#9288 = CARTESIAN_POINT('',(0.16,-2.38,8.54));
#9289 = LINE('',#9290,#9291);
#9290 = CARTESIAN_POINT('',(5.333333333333E-02,-2.486666666667,
    8.646666666667));
#9291 = VECTOR('',#9292,1.);
#9292 = DIRECTION('',(-0.57735026919,-0.57735026919,0.57735026919));
#9293 = ORIENTED_EDGE('',*,*,#9294,.F.);
#9294 = EDGE_CURVE('',#9263,#9287,#9295,.T.);
#9295 = LINE('',#9296,#9297);
#9296 = CARTESIAN_POINT('',(0.16,-2.86,8.54));
#9297 = VECTOR('',#9298,1.);
#9298 = DIRECTION('',(0.,1.,0.));
#9299 = PLANE('',#9300);
#9300 = AXIS2_PLACEMENT_3D('',#9301,#9302,#9303);
#9301 = CARTESIAN_POINT('',(0.24,-2.86,8.46));
#9302 = DIRECTION('',(0.707106781187,-1.735167508357E-18,0.707106781187)
  );
#9303 = DIRECTION('',(1.226948711654E-18,1.,1.226948711654E-18));
#9304 = ADVANCED_FACE('',(#9305),#9323,.T.);
#9305 = FACE_BOUND('',#9306,.F.);
#9306 = EDGE_LOOP('',(#9307,#9315,#9316,#9317));
#9307 = ORIENTED_EDGE('',*,*,#9308,.F.);
#9308 = EDGE_CURVE('',#8927,#9309,#9311,.T.);
#9309 = VERTEX_POINT('',#9310);
#9310 = CARTESIAN_POINT('',(-0.16,-2.38,8.54));
#9311 = LINE('',#9312,#9313);
#9312 = CARTESIAN_POINT('',(-0.16,-2.38,8.54));
#9313 = VECTOR('',#9314,1.);
#9314 = DIRECTION('',(0.57735026919,-0.57735026919,0.57735026919));
#9315 = ORIENTED_EDGE('',*,*,#8934,.T.);
#9316 = ORIENTED_EDGE('',*,*,#9286,.T.);
#9317 = ORIENTED_EDGE('',*,*,#9318,.F.);
#9318 = EDGE_CURVE('',#9309,#9287,#9319,.T.);
#9319 = LINE('',#9320,#9321);
#9320 = CARTESIAN_POINT('',(-0.32,-2.38,8.54));
#9321 = VECTOR('',#9322,1.);
#9322 = DIRECTION('',(1.,0.,0.));
#9323 = PLANE('',#9324);
#9324 = AXIS2_PLACEMENT_3D('',#9325,#9326,#9327);
#9325 = CARTESIAN_POINT('',(-0.32,-2.3,8.46));
#9326 = DIRECTION('',(1.735167508357E-18,0.707106781187,0.707106781187)
  );
#9327 = DIRECTION('',(-1.,1.226948711654E-18,1.226948711654E-18));
#9328 = ADVANCED_FACE('',(#9329),#9340,.F.);
#9329 = FACE_BOUND('',#9330,.F.);
#9330 = EDGE_LOOP('',(#9331,#9332,#9333,#9334));
#9331 = ORIENTED_EDGE('',*,*,#9253,.F.);
#9332 = ORIENTED_EDGE('',*,*,#8951,.T.);
#9333 = ORIENTED_EDGE('',*,*,#9308,.T.);
#9334 = ORIENTED_EDGE('',*,*,#9335,.F.);
#9335 = EDGE_CURVE('',#9254,#9309,#9336,.T.);
#9336 = LINE('',#9337,#9338);
#9337 = CARTESIAN_POINT('',(-0.16,-2.86,8.54));
#9338 = VECTOR('',#9339,1.);
#9339 = DIRECTION('',(0.,1.,0.));
#9340 = PLANE('',#9341);
#9341 = AXIS2_PLACEMENT_3D('',#9342,#9343,#9344);
#9342 = CARTESIAN_POINT('',(-0.24,-2.86,8.46));
#9343 = DIRECTION('',(0.707106781187,1.735167508357E-18,-0.707106781187)
  );
#9344 = DIRECTION('',(-1.226948711654E-18,1.,1.226948711654E-18));
#9345 = ADVANCED_FACE('',(#9346),#9352,.F.);
#9346 = FACE_BOUND('',#9347,.F.);
#9347 = EDGE_LOOP('',(#9348,#9349,#9350,#9351));
#9348 = ORIENTED_EDGE('',*,*,#9047,.F.);
#9349 = ORIENTED_EDGE('',*,*,#8982,.T.);
#9350 = ORIENTED_EDGE('',*,*,#9006,.T.);
#9351 = ORIENTED_EDGE('',*,*,#9030,.F.);
#9352 = PLANE('',#9353);
#9353 = AXIS2_PLACEMENT_3D('',#9354,#9355,#9356);
#9354 = CARTESIAN_POINT('',(-0.32,-0.32,-3.));
#9355 = DIRECTION('',(0.,0.,1.));
#9356 = DIRECTION('',(1.,0.,-0.));
#9357 = ADVANCED_FACE('',(#9358),#9364,.F.);
#9358 = FACE_BOUND('',#9359,.F.);
#9359 = EDGE_LOOP('',(#9360,#9361,#9362,#9363));
#9360 = ORIENTED_EDGE('',*,*,#9143,.F.);
#9361 = ORIENTED_EDGE('',*,*,#9078,.T.);
#9362 = ORIENTED_EDGE('',*,*,#9102,.T.);
#9363 = ORIENTED_EDGE('',*,*,#9126,.F.);
#9364 = PLANE('',#9365);
#9365 = AXIS2_PLACEMENT_3D('',#9366,#9367,#9368);
#9366 = CARTESIAN_POINT('',(-0.32,-2.86,-3.));
#9367 = DIRECTION('',(0.,0.,1.));
#9368 = DIRECTION('',(1.,0.,-0.));
#9369 = ADVANCED_FACE('',(#9370),#9376,.T.);
#9370 = FACE_BOUND('',#9371,.T.);
#9371 = EDGE_LOOP('',(#9372,#9373,#9374,#9375));
#9372 = ORIENTED_EDGE('',*,*,#9222,.F.);
#9373 = ORIENTED_EDGE('',*,*,#9239,.F.);
#9374 = ORIENTED_EDGE('',*,*,#9174,.T.);
#9375 = ORIENTED_EDGE('',*,*,#9198,.T.);
#9376 = PLANE('',#9377);
#9377 = AXIS2_PLACEMENT_3D('',#9378,#9379,#9380);
#9378 = CARTESIAN_POINT('',(-0.32,-0.32,8.54));
#9379 = DIRECTION('',(0.,0.,1.));
#9380 = DIRECTION('',(1.,0.,-0.));
#9381 = ADVANCED_FACE('',(#9382),#9388,.T.);
#9382 = FACE_BOUND('',#9383,.T.);
#9383 = EDGE_LOOP('',(#9384,#9385,#9386,#9387));
#9384 = ORIENTED_EDGE('',*,*,#9318,.F.);
#9385 = ORIENTED_EDGE('',*,*,#9335,.F.);
#9386 = ORIENTED_EDGE('',*,*,#9270,.T.);
#9387 = ORIENTED_EDGE('',*,*,#9294,.T.);
#9388 = PLANE('',#9389);
#9389 = AXIS2_PLACEMENT_3D('',#9390,#9391,#9392);
#9390 = CARTESIAN_POINT('',(-0.32,-2.86,8.54));
#9391 = DIRECTION('',(0.,0.,1.));
#9392 = DIRECTION('',(1.,0.,-0.));
#9393 = ( GEOMETRIC_REPRESENTATION_CONTEXT(3) 
GLOBAL_UNCERTAINTY_ASSIGNED_CONTEXT((#9397)) 
GLOBAL_UNIT_ASSIGNED_CONTEXT((#9394,#9395,#9396)) REPRESENTATION_CONTEXT
('Context #1','3D Context with UNIT and UNCERTAINTY') );
#9394 = ( LENGTH_UNIT() NAMED_UNIT(*) SI_UNIT(.MILLI.,.METRE.) );
#9395 = ( NAMED_UNIT(*) PLANE_ANGLE_UNIT() SI_UNIT($,.RADIAN.) );
#9396 = ( NAMED_UNIT(*) SI_UNIT($,.STERADIAN.) SOLID_ANGLE_UNIT() );
#9397 = UNCERTAINTY_MEASURE_WITH_UNIT(LENGTH_MEASURE(1.E-07),#9394,
  'distance_accuracy_value','confusion accuracy');
#9398 = CONTEXT_DEPENDENT_SHAPE_REPRESENTATION(#9399,#9401);
#9399 = ( REPRESENTATION_RELATIONSHIP('','',#7960,#10) 
REPRESENTATION_RELATIONSHIP_WITH_TRANSFORMATION(#9400) 
SHAPE_REPRESENTATION_RELATIONSHIP() );
#9400 = ITEM_DEFINED_TRANSFORMATION('','',#11,#55);
#9401 = PRODUCT_DEFINITION_SHAPE('Placement','Placement of an item',
  #9402);
#9402 = NEXT_ASSEMBLY_USAGE_OCCURRENCE('14','J4','',#5,#7955,$);
#9403 = PRODUCT_RELATED_PRODUCT_CATEGORY('part',$,(#7957));
#9404 = CONTEXT_DEPENDENT_SHAPE_REPRESENTATION(#9405,#9407);
#9405 = ( REPRESENTATION_RELATIONSHIP('','',#7960,#10) 
REPRESENTATION_RELATIONSHIP_WITH_TRANSFORMATION(#9406) 
SHAPE_REPRESENTATION_RELATIONSHIP() );
#9406 = ITEM_DEFINED_TRANSFORMATION('','',#11,#59);
#9407 = PRODUCT_DEFINITION_SHAPE('Placement','Placement of an item',
  #9408);
#9408 = NEXT_ASSEMBLY_USAGE_OCCURRENCE('15','J3','',#5,#7955,$);
#9409 = SHAPE_DEFINITION_REPRESENTATION(#9410,#9416);
#9410 = PRODUCT_DEFINITION_SHAPE('','',#9411);
#9411 = PRODUCT_DEFINITION('design','',#9412,#9415);
#9412 = PRODUCT_DEFINITION_FORMATION('','',#9413);
#9413 = PRODUCT('line-follower-rear-power-board_PCB',
  'line-follower-rear-power-board_PCB','',(#9414));
#9414 = PRODUCT_CONTEXT('',#2,'mechanical');
#9415 = PRODUCT_DEFINITION_CONTEXT('part definition',#2,'design');
#9416 = ADVANCED_BREP_SHAPE_REPRESENTATION('',(#11,#9417),#10269);
#9417 = MANIFOLD_SOLID_BREP('',#9418);
#9418 = CLOSED_SHELL('',(#9419,#9459,#9490,#9521,#9736,#9951,#9963,#9980
    ,#9997,#10014,#10031,#10048,#10065,#10082,#10099,#10116,#10133,
    #10150,#10167,#10184,#10201,#10218,#10235,#10252));
#9419 = ADVANCED_FACE('',(#9420),#9454,.T.);
#9420 = FACE_BOUND('',#9421,.T.);
#9421 = EDGE_LOOP('',(#9422,#9432,#9440,#9448));
#9422 = ORIENTED_EDGE('',*,*,#9423,.T.);
#9423 = EDGE_CURVE('',#9424,#9426,#9428,.T.);
#9424 = VERTEX_POINT('',#9425);
#9425 = CARTESIAN_POINT('',(194.,-121.,0.));
#9426 = VERTEX_POINT('',#9427);
#9427 = CARTESIAN_POINT('',(194.,-121.,1.51));
#9428 = LINE('',#9429,#9430);
#9429 = CARTESIAN_POINT('',(194.,-121.,0.));
#9430 = VECTOR('',#9431,1.);
#9431 = DIRECTION('',(0.,0.,1.));
#9432 = ORIENTED_EDGE('',*,*,#9433,.T.);
#9433 = EDGE_CURVE('',#9426,#9434,#9436,.T.);
#9434 = VERTEX_POINT('',#9435);
#9435 = CARTESIAN_POINT('',(144.,-121.,1.51));
#9436 = LINE('',#9437,#9438);
#9437 = CARTESIAN_POINT('',(194.,-121.,1.51));
#9438 = VECTOR('',#9439,1.);
#9439 = DIRECTION('',(-1.,0.,0.));
#9440 = ORIENTED_EDGE('',*,*,#9441,.F.);
#9441 = EDGE_CURVE('',#9442,#9434,#9444,.T.);
#9442 = VERTEX_POINT('',#9443);
#9443 = CARTESIAN_POINT('',(144.,-121.,0.));
#9444 = LINE('',#9445,#9446);
#9445 = CARTESIAN_POINT('',(144.,-121.,0.));
#9446 = VECTOR('',#9447,1.);
#9447 = DIRECTION('',(0.,0.,1.));
#9448 = ORIENTED_EDGE('',*,*,#9449,.F.);
#9449 = EDGE_CURVE('',#9424,#9442,#9450,.T.);
#9450 = LINE('',#9451,#9452);
#9451 = CARTESIAN_POINT('',(194.,-121.,0.));
#9452 = VECTOR('',#9453,1.);
#9453 = DIRECTION('',(-1.,0.,0.));
#9454 = PLANE('',#9455);
#9455 = AXIS2_PLACEMENT_3D('',#9456,#9457,#9458);
#9456 = CARTESIAN_POINT('',(194.,-121.,0.));
#9457 = DIRECTION('',(0.,-1.,0.));
#9458 = DIRECTION('',(-1.,0.,0.));
#9459 = ADVANCED_FACE('',(#9460),#9485,.T.);
#9460 = FACE_BOUND('',#9461,.T.);
#9461 = EDGE_LOOP('',(#9462,#9472,#9478,#9479));
#9462 = ORIENTED_EDGE('',*,*,#9463,.T.);
#9463 = EDGE_CURVE('',#9464,#9466,#9468,.T.);
#9464 = VERTEX_POINT('',#9465);
#9465 = CARTESIAN_POINT('',(194.,-76.,0.));
#9466 = VERTEX_POINT('',#9467);
#9467 = CARTESIAN_POINT('',(194.,-76.,1.51));
#9468 = LINE('',#9469,#9470);
#9469 = CARTESIAN_POINT('',(194.,-76.,0.));
#9470 = VECTOR('',#9471,1.);
#9471 = DIRECTION('',(0.,0.,1.));
#9472 = ORIENTED_EDGE('',*,*,#9473,.T.);
#9473 = EDGE_CURVE('',#9466,#9426,#9474,.T.);
#9474 = LINE('',#9475,#9476);
#9475 = CARTESIAN_POINT('',(194.,-76.,1.51));
#9476 = VECTOR('',#9477,1.);
#9477 = DIRECTION('',(0.,-1.,0.));
#9478 = ORIENTED_EDGE('',*,*,#9423,.F.);
#9479 = ORIENTED_EDGE('',*,*,#9480,.F.);
#9480 = EDGE_CURVE('',#9464,#9424,#9481,.T.);
#9481 = LINE('',#9482,#9483);
#9482 = CARTESIAN_POINT('',(194.,-76.,0.));
#9483 = VECTOR('',#9484,1.);
#9484 = DIRECTION('',(0.,-1.,0.));
#9485 = PLANE('',#9486);
#9486 = AXIS2_PLACEMENT_3D('',#9487,#9488,#9489);
#9487 = CARTESIAN_POINT('',(194.,-76.,0.));
#9488 = DIRECTION('',(1.,0.,-0.));
#9489 = DIRECTION('',(0.,-1.,0.));
#9490 = ADVANCED_FACE('',(#9491),#9516,.T.);
#9491 = FACE_BOUND('',#9492,.T.);
#9492 = EDGE_LOOP('',(#9493,#9494,#9502,#9510));
#9493 = ORIENTED_EDGE('',*,*,#9441,.T.);
#9494 = ORIENTED_EDGE('',*,*,#9495,.T.);
#9495 = EDGE_CURVE('',#9434,#9496,#9498,.T.);
#9496 = VERTEX_POINT('',#9497);
#9497 = CARTESIAN_POINT('',(144.,-76.,1.51));
#9498 = LINE('',#9499,#9500);
#9499 = CARTESIAN_POINT('',(144.,-121.,1.51));
#9500 = VECTOR('',#9501,1.);
#9501 = DIRECTION('',(0.,1.,0.));
#9502 = ORIENTED_EDGE('',*,*,#9503,.F.);
#9503 = EDGE_CURVE('',#9504,#9496,#9506,.T.);
#9504 = VERTEX_POINT('',#9505);
#9505 = CARTESIAN_POINT('',(144.,-76.,0.));
#9506 = LINE('',#9507,#9508);
#9507 = CARTESIAN_POINT('',(144.,-76.,0.));
#9508 = VECTOR('',#9509,1.);
#9509 = DIRECTION('',(0.,0.,1.));
#9510 = ORIENTED_EDGE('',*,*,#9511,.F.);
#9511 = EDGE_CURVE('',#9442,#9504,#9512,.T.);
#9512 = LINE('',#9513,#9514);
#9513 = CARTESIAN_POINT('',(144.,-121.,0.));
#9514 = VECTOR('',#9515,1.);
#9515 = DIRECTION('',(0.,1.,0.));
#9516 = PLANE('',#9517);
#9517 = AXIS2_PLACEMENT_3D('',#9518,#9519,#9520);
#9518 = CARTESIAN_POINT('',(144.,-121.,0.));
#9519 = DIRECTION('',(-1.,0.,0.));
#9520 = DIRECTION('',(0.,1.,0.));
#9521 = ADVANCED_FACE('',(#9522,#9533,#9544,#9555,#9566,#9577,#9588,
    #9599,#9610,#9621,#9632,#9643,#9654,#9665,#9676,#9687,#9698,#9709,
    #9720),#9731,.F.);
#9522 = FACE_BOUND('',#9523,.F.);
#9523 = EDGE_LOOP('',(#9524,#9525,#9526,#9532));
#9524 = ORIENTED_EDGE('',*,*,#9449,.F.);
#9525 = ORIENTED_EDGE('',*,*,#9480,.F.);
#9526 = ORIENTED_EDGE('',*,*,#9527,.F.);
#9527 = EDGE_CURVE('',#9504,#9464,#9528,.T.);
#9528 = LINE('',#9529,#9530);
#9529 = CARTESIAN_POINT('',(144.,-76.,0.));
#9530 = VECTOR('',#9531,1.);
#9531 = DIRECTION('',(1.,0.,0.));
#9532 = ORIENTED_EDGE('',*,*,#9511,.F.);
#9533 = FACE_BOUND('',#9534,.F.);
#9534 = EDGE_LOOP('',(#9535));
#9535 = ORIENTED_EDGE('',*,*,#9536,.T.);
#9536 = EDGE_CURVE('',#9537,#9537,#9539,.T.);
#9537 = VERTEX_POINT('',#9538);
#9538 = CARTESIAN_POINT('',(149.,-118.25,0.));
#9539 = CIRCLE('',#9540,1.25);
#9540 = AXIS2_PLACEMENT_3D('',#9541,#9542,#9543);
#9541 = CARTESIAN_POINT('',(149.,-117.,0.));
#9542 = DIRECTION('',(-0.,0.,-1.));
#9543 = DIRECTION('',(-0.,-1.,0.));
#9544 = FACE_BOUND('',#9545,.F.);
#9545 = EDGE_LOOP('',(#9546));
#9546 = ORIENTED_EDGE('',*,*,#9547,.T.);
#9547 = EDGE_CURVE('',#9548,#9548,#9550,.T.);
#9548 = VERTEX_POINT('',#9549);
#9549 = CARTESIAN_POINT('',(154.,-112.60705,0.));
#9550 = CIRCLE('',#9551,0.5588);
#9551 = AXIS2_PLACEMENT_3D('',#9552,#9553,#9554);
#9552 = CARTESIAN_POINT('',(154.,-112.04825,0.));
#9553 = DIRECTION('',(-0.,0.,-1.));
#9554 = DIRECTION('',(-0.,-1.,0.));
#9555 = FACE_BOUND('',#9556,.F.);
#9556 = EDGE_LOOP('',(#9557));
#9557 = ORIENTED_EDGE('',*,*,#9558,.T.);
#9558 = EDGE_CURVE('',#9559,#9559,#9561,.T.);
#9559 = VERTEX_POINT('',#9560);
#9560 = CARTESIAN_POINT('',(154.,-105.10705,0.));
#9561 = CIRCLE('',#9562,0.5588);
#9562 = AXIS2_PLACEMENT_3D('',#9563,#9564,#9565);
#9563 = CARTESIAN_POINT('',(154.,-104.54825,0.));
#9564 = DIRECTION('',(-0.,0.,-1.));
#9565 = DIRECTION('',(-0.,-1.,0.));
#9566 = FACE_BOUND('',#9567,.F.);
#9567 = EDGE_LOOP('',(#9568));
#9568 = ORIENTED_EDGE('',*,*,#9569,.T.);
#9569 = EDGE_CURVE('',#9570,#9570,#9572,.T.);
#9570 = VERTEX_POINT('',#9571);
#9571 = CARTESIAN_POINT('',(166.,-102.5,0.));
#9572 = CIRCLE('',#9573,0.5);
#9573 = AXIS2_PLACEMENT_3D('',#9574,#9575,#9576);
#9574 = CARTESIAN_POINT('',(166.,-102.,0.));
#9575 = DIRECTION('',(-0.,0.,-1.));
#9576 = DIRECTION('',(-0.,-1.,0.));
#9577 = FACE_BOUND('',#9578,.F.);
#9578 = EDGE_LOOP('',(#9579));
#9579 = ORIENTED_EDGE('',*,*,#9580,.T.);
#9580 = EDGE_CURVE('',#9581,#9581,#9583,.T.);
#9581 = VERTEX_POINT('',#9582);
#9582 = CARTESIAN_POINT('',(166.,-99.96,0.));
#9583 = CIRCLE('',#9584,0.5);
#9584 = AXIS2_PLACEMENT_3D('',#9585,#9586,#9587);
#9585 = CARTESIAN_POINT('',(166.,-99.46,0.));
#9586 = DIRECTION('',(-0.,0.,-1.));
#9587 = DIRECTION('',(-0.,-1.,0.));
#9588 = FACE_BOUND('',#9589,.F.);
#9589 = EDGE_LOOP('',(#9590));
#9590 = ORIENTED_EDGE('',*,*,#9591,.T.);
#9591 = EDGE_CURVE('',#9592,#9592,#9594,.T.);
#9592 = VERTEX_POINT('',#9593);
#9593 = CARTESIAN_POINT('',(189.,-118.25,0.));
#9594 = CIRCLE('',#9595,1.25);
#9595 = AXIS2_PLACEMENT_3D('',#9596,#9597,#9598);
#9596 = CARTESIAN_POINT('',(189.,-117.,0.));
#9597 = DIRECTION('',(-0.,0.,-1.));
#9598 = DIRECTION('',(-0.,-1.,0.));
#9599 = FACE_BOUND('',#9600,.F.);
#9600 = EDGE_LOOP('',(#9601));
#9601 = ORIENTED_EDGE('',*,*,#9602,.T.);
#9602 = EDGE_CURVE('',#9603,#9603,#9605,.T.);
#9603 = VERTEX_POINT('',#9604);
#9604 = CARTESIAN_POINT('',(184.,-112.60705,0.));
#9605 = CIRCLE('',#9606,0.5588);
#9606 = AXIS2_PLACEMENT_3D('',#9607,#9608,#9609);
#9607 = CARTESIAN_POINT('',(184.,-112.04825,0.));
#9608 = DIRECTION('',(-0.,0.,-1.));
#9609 = DIRECTION('',(-0.,-1.,0.));
#9610 = FACE_BOUND('',#9611,.F.);
#9611 = EDGE_LOOP('',(#9612));
#9612 = ORIENTED_EDGE('',*,*,#9613,.T.);
#9613 = EDGE_CURVE('',#9614,#9614,#9616,.T.);
#9614 = VERTEX_POINT('',#9615);
#9615 = CARTESIAN_POINT('',(170.,-102.5,0.));
#9616 = CIRCLE('',#9617,0.5);
#9617 = AXIS2_PLACEMENT_3D('',#9618,#9619,#9620);
#9618 = CARTESIAN_POINT('',(170.,-102.,0.));
#9619 = DIRECTION('',(-0.,0.,-1.));
#9620 = DIRECTION('',(-0.,-1.,0.));
#9621 = FACE_BOUND('',#9622,.F.);
#9622 = EDGE_LOOP('',(#9623));
#9623 = ORIENTED_EDGE('',*,*,#9624,.T.);
#9624 = EDGE_CURVE('',#9625,#9625,#9627,.T.);
#9625 = VERTEX_POINT('',#9626);
#9626 = CARTESIAN_POINT('',(170.,-99.96,0.));
#9627 = CIRCLE('',#9628,0.5);
#9628 = AXIS2_PLACEMENT_3D('',#9629,#9630,#9631);
#9629 = CARTESIAN_POINT('',(170.,-99.46,0.));
#9630 = DIRECTION('',(-0.,0.,-1.));
#9631 = DIRECTION('',(-0.,-1.,0.));
#9632 = FACE_BOUND('',#9633,.F.);
#9633 = EDGE_LOOP('',(#9634));
#9634 = ORIENTED_EDGE('',*,*,#9635,.T.);
#9635 = EDGE_CURVE('',#9636,#9636,#9638,.T.);
#9636 = VERTEX_POINT('',#9637);
#9637 = CARTESIAN_POINT('',(184.,-105.10705,0.));
#9638 = CIRCLE('',#9639,0.5588);
#9639 = AXIS2_PLACEMENT_3D('',#9640,#9641,#9642);
#9640 = CARTESIAN_POINT('',(184.,-104.54825,0.));
#9641 = DIRECTION('',(-0.,0.,-1.));
#9642 = DIRECTION('',(-0.,-1.,0.));
#9643 = FACE_BOUND('',#9644,.F.);
#9644 = EDGE_LOOP('',(#9645));
#9645 = ORIENTED_EDGE('',*,*,#9646,.T.);
#9646 = EDGE_CURVE('',#9647,#9647,#9649,.T.);
#9647 = VERTEX_POINT('',#9648);
#9648 = CARTESIAN_POINT('',(149.,-81.25,0.));
#9649 = CIRCLE('',#9650,1.25);
#9650 = AXIS2_PLACEMENT_3D('',#9651,#9652,#9653);
#9651 = CARTESIAN_POINT('',(149.,-80.,0.));
#9652 = DIRECTION('',(-0.,0.,-1.));
#9653 = DIRECTION('',(-0.,-1.,0.));
#9654 = FACE_BOUND('',#9655,.F.);
#9655 = EDGE_LOOP('',(#9656));
#9656 = ORIENTED_EDGE('',*,*,#9657,.T.);
#9657 = EDGE_CURVE('',#9658,#9658,#9660,.T.);
#9658 = VERTEX_POINT('',#9659);
#9659 = CARTESIAN_POINT('',(166.,-80.885,0.));
#9660 = CIRCLE('',#9661,0.5);
#9661 = AXIS2_PLACEMENT_3D('',#9662,#9663,#9664);
#9662 = CARTESIAN_POINT('',(166.,-80.385,0.));
#9663 = DIRECTION('',(-0.,0.,-1.));
#9664 = DIRECTION('',(-0.,-1.,0.));
#9665 = FACE_BOUND('',#9666,.F.);
#9666 = EDGE_LOOP('',(#9667));
#9667 = ORIENTED_EDGE('',*,*,#9668,.T.);
#9668 = EDGE_CURVE('',#9669,#9669,#9671,.T.);
#9669 = VERTEX_POINT('',#9670);
#9670 = CARTESIAN_POINT('',(168.54,-80.885,0.));
#9671 = CIRCLE('',#9672,0.5);
#9672 = AXIS2_PLACEMENT_3D('',#9673,#9674,#9675);
#9673 = CARTESIAN_POINT('',(168.54,-80.385,0.));
#9674 = DIRECTION('',(-0.,0.,-1.));
#9675 = DIRECTION('',(-0.,-1.,0.));
#9676 = FACE_BOUND('',#9677,.F.);
#9677 = EDGE_LOOP('',(#9678));
#9678 = ORIENTED_EDGE('',*,*,#9679,.T.);
#9679 = EDGE_CURVE('',#9680,#9680,#9682,.T.);
#9680 = VERTEX_POINT('',#9681);
#9681 = CARTESIAN_POINT('',(171.08,-80.885,0.));
#9682 = CIRCLE('',#9683,0.5);
#9683 = AXIS2_PLACEMENT_3D('',#9684,#9685,#9686);
#9684 = CARTESIAN_POINT('',(171.08,-80.385,0.));
#9685 = DIRECTION('',(-0.,0.,-1.));
#9686 = DIRECTION('',(-0.,-1.,0.));
#9687 = FACE_BOUND('',#9688,.F.);
#9688 = EDGE_LOOP('',(#9689));
#9689 = ORIENTED_EDGE('',*,*,#9690,.T.);
#9690 = EDGE_CURVE('',#9691,#9691,#9693,.T.);
#9691 = VERTEX_POINT('',#9692);
#9692 = CARTESIAN_POINT('',(173.62,-80.885,0.));
#9693 = CIRCLE('',#9694,0.5);
#9694 = AXIS2_PLACEMENT_3D('',#9695,#9696,#9697);
#9695 = CARTESIAN_POINT('',(173.62,-80.385,0.));
#9696 = DIRECTION('',(-0.,0.,-1.));
#9697 = DIRECTION('',(-0.,-1.,0.));
#9698 = FACE_BOUND('',#9699,.F.);
#9699 = EDGE_LOOP('',(#9700));
#9700 = ORIENTED_EDGE('',*,*,#9701,.T.);
#9701 = EDGE_CURVE('',#9702,#9702,#9704,.T.);
#9702 = VERTEX_POINT('',#9703);
#9703 = CARTESIAN_POINT('',(178.725,-80.885,0.));
#9704 = CIRCLE('',#9705,0.5);
#9705 = AXIS2_PLACEMENT_3D('',#9706,#9707,#9708);
#9706 = CARTESIAN_POINT('',(178.725,-80.385,0.));
#9707 = DIRECTION('',(-0.,0.,-1.));
#9708 = DIRECTION('',(-0.,-1.,0.));
#9709 = FACE_BOUND('',#9710,.F.);
#9710 = EDGE_LOOP('',(#9711));
#9711 = ORIENTED_EDGE('',*,*,#9712,.T.);
#9712 = EDGE_CURVE('',#9713,#9713,#9715,.T.);
#9713 = VERTEX_POINT('',#9714);
#9714 = CARTESIAN_POINT('',(181.265,-80.885,0.));
#9715 = CIRCLE('',#9716,0.5);
#9716 = AXIS2_PLACEMENT_3D('',#9717,#9718,#9719);
#9717 = CARTESIAN_POINT('',(181.265,-80.385,0.));
#9718 = DIRECTION('',(-0.,0.,-1.));
#9719 = DIRECTION('',(-0.,-1.,0.));
#9720 = FACE_BOUND('',#9721,.F.);
#9721 = EDGE_LOOP('',(#9722));
#9722 = ORIENTED_EDGE('',*,*,#9723,.T.);
#9723 = EDGE_CURVE('',#9724,#9724,#9726,.T.);
#9724 = VERTEX_POINT('',#9725);
#9725 = CARTESIAN_POINT('',(189.,-81.25,0.));
#9726 = CIRCLE('',#9727,1.25);
#9727 = AXIS2_PLACEMENT_3D('',#9728,#9729,#9730);
#9728 = CARTESIAN_POINT('',(189.,-80.,0.));
#9729 = DIRECTION('',(-0.,0.,-1.));
#9730 = DIRECTION('',(-0.,-1.,0.));
#9731 = PLANE('',#9732);
#9732 = AXIS2_PLACEMENT_3D('',#9733,#9734,#9735);
#9733 = CARTESIAN_POINT('',(0.,0.,0.));
#9734 = DIRECTION('',(0.,0.,1.));
#9735 = DIRECTION('',(1.,0.,-0.));
#9736 = ADVANCED_FACE('',(#9737,#9748,#9759,#9770,#9781,#9792,#9803,
    #9814,#9825,#9836,#9847,#9858,#9869,#9880,#9891,#9902,#9913,#9924,
    #9935),#9946,.T.);
#9737 = FACE_BOUND('',#9738,.T.);
#9738 = EDGE_LOOP('',(#9739,#9740,#9741,#9747));
#9739 = ORIENTED_EDGE('',*,*,#9433,.F.);
#9740 = ORIENTED_EDGE('',*,*,#9473,.F.);
#9741 = ORIENTED_EDGE('',*,*,#9742,.F.);
#9742 = EDGE_CURVE('',#9496,#9466,#9743,.T.);
#9743 = LINE('',#9744,#9745);
#9744 = CARTESIAN_POINT('',(144.,-76.,1.51));
#9745 = VECTOR('',#9746,1.);
#9746 = DIRECTION('',(1.,0.,0.));
#9747 = ORIENTED_EDGE('',*,*,#9495,.F.);
#9748 = FACE_BOUND('',#9749,.T.);
#9749 = EDGE_LOOP('',(#9750));
#9750 = ORIENTED_EDGE('',*,*,#9751,.T.);
#9751 = EDGE_CURVE('',#9752,#9752,#9754,.T.);
#9752 = VERTEX_POINT('',#9753);
#9753 = CARTESIAN_POINT('',(149.,-118.25,1.51));
#9754 = CIRCLE('',#9755,1.25);
#9755 = AXIS2_PLACEMENT_3D('',#9756,#9757,#9758);
#9756 = CARTESIAN_POINT('',(149.,-117.,1.51));
#9757 = DIRECTION('',(-0.,0.,-1.));
#9758 = DIRECTION('',(-0.,-1.,0.));
#9759 = FACE_BOUND('',#9760,.T.);
#9760 = EDGE_LOOP('',(#9761));
#9761 = ORIENTED_EDGE('',*,*,#9762,.T.);
#9762 = EDGE_CURVE('',#9763,#9763,#9765,.T.);
#9763 = VERTEX_POINT('',#9764);
#9764 = CARTESIAN_POINT('',(154.,-112.60705,1.51));
#9765 = CIRCLE('',#9766,0.5588);
#9766 = AXIS2_PLACEMENT_3D('',#9767,#9768,#9769);
#9767 = CARTESIAN_POINT('',(154.,-112.04825,1.51));
#9768 = DIRECTION('',(-0.,0.,-1.));
#9769 = DIRECTION('',(-0.,-1.,0.));
#9770 = FACE_BOUND('',#9771,.T.);
#9771 = EDGE_LOOP('',(#9772));
#9772 = ORIENTED_EDGE('',*,*,#9773,.T.);
#9773 = EDGE_CURVE('',#9774,#9774,#9776,.T.);
#9774 = VERTEX_POINT('',#9775);
#9775 = CARTESIAN_POINT('',(154.,-105.10705,1.51));
#9776 = CIRCLE('',#9777,0.5588);
#9777 = AXIS2_PLACEMENT_3D('',#9778,#9779,#9780);
#9778 = CARTESIAN_POINT('',(154.,-104.54825,1.51));
#9779 = DIRECTION('',(-0.,0.,-1.));
#9780 = DIRECTION('',(-0.,-1.,0.));
#9781 = FACE_BOUND('',#9782,.T.);
#9782 = EDGE_LOOP('',(#9783));
#9783 = ORIENTED_EDGE('',*,*,#9784,.T.);
#9784 = EDGE_CURVE('',#9785,#9785,#9787,.T.);
#9785 = VERTEX_POINT('',#9786);
#9786 = CARTESIAN_POINT('',(166.,-102.5,1.51));
#9787 = CIRCLE('',#9788,0.5);
#9788 = AXIS2_PLACEMENT_3D('',#9789,#9790,#9791);
#9789 = CARTESIAN_POINT('',(166.,-102.,1.51));
#9790 = DIRECTION('',(-0.,0.,-1.));
#9791 = DIRECTION('',(-0.,-1.,0.));
#9792 = FACE_BOUND('',#9793,.T.);
#9793 = EDGE_LOOP('',(#9794));
#9794 = ORIENTED_EDGE('',*,*,#9795,.T.);
#9795 = EDGE_CURVE('',#9796,#9796,#9798,.T.);
#9796 = VERTEX_POINT('',#9797);
#9797 = CARTESIAN_POINT('',(166.,-99.96,1.51));
#9798 = CIRCLE('',#9799,0.5);
#9799 = AXIS2_PLACEMENT_3D('',#9800,#9801,#9802);
#9800 = CARTESIAN_POINT('',(166.,-99.46,1.51));
#9801 = DIRECTION('',(-0.,0.,-1.));
#9802 = DIRECTION('',(-0.,-1.,0.));
#9803 = FACE_BOUND('',#9804,.T.);
#9804 = EDGE_LOOP('',(#9805));
#9805 = ORIENTED_EDGE('',*,*,#9806,.T.);
#9806 = EDGE_CURVE('',#9807,#9807,#9809,.T.);
#9807 = VERTEX_POINT('',#9808);
#9808 = CARTESIAN_POINT('',(189.,-118.25,1.51));
#9809 = CIRCLE('',#9810,1.25);
#9810 = AXIS2_PLACEMENT_3D('',#9811,#9812,#9813);
#9811 = CARTESIAN_POINT('',(189.,-117.,1.51));
#9812 = DIRECTION('',(-0.,0.,-1.));
#9813 = DIRECTION('',(-0.,-1.,0.));
#9814 = FACE_BOUND('',#9815,.T.);
#9815 = EDGE_LOOP('',(#9816));
#9816 = ORIENTED_EDGE('',*,*,#9817,.T.);
#9817 = EDGE_CURVE('',#9818,#9818,#9820,.T.);
#9818 = VERTEX_POINT('',#9819);
#9819 = CARTESIAN_POINT('',(184.,-112.60705,1.51));
#9820 = CIRCLE('',#9821,0.5588);
#9821 = AXIS2_PLACEMENT_3D('',#9822,#9823,#9824);
#9822 = CARTESIAN_POINT('',(184.,-112.04825,1.51));
#9823 = DIRECTION('',(-0.,0.,-1.));
#9824 = DIRECTION('',(-0.,-1.,0.));
#9825 = FACE_BOUND('',#9826,.T.);
#9826 = EDGE_LOOP('',(#9827));
#9827 = ORIENTED_EDGE('',*,*,#9828,.T.);
#9828 = EDGE_CURVE('',#9829,#9829,#9831,.T.);
#9829 = VERTEX_POINT('',#9830);
#9830 = CARTESIAN_POINT('',(170.,-102.5,1.51));
#9831 = CIRCLE('',#9832,0.5);
#9832 = AXIS2_PLACEMENT_3D('',#9833,#9834,#9835);
#9833 = CARTESIAN_POINT('',(170.,-102.,1.51));
#9834 = DIRECTION('',(-0.,0.,-1.));
#9835 = DIRECTION('',(-0.,-1.,0.));
#9836 = FACE_BOUND('',#9837,.T.);
#9837 = EDGE_LOOP('',(#9838));
#9838 = ORIENTED_EDGE('',*,*,#9839,.T.);
#9839 = EDGE_CURVE('',#9840,#9840,#9842,.T.);
#9840 = VERTEX_POINT('',#9841);
#9841 = CARTESIAN_POINT('',(170.,-99.96,1.51));
#9842 = CIRCLE('',#9843,0.5);
#9843 = AXIS2_PLACEMENT_3D('',#9844,#9845,#9846);
#9844 = CARTESIAN_POINT('',(170.,-99.46,1.51));
#9845 = DIRECTION('',(-0.,0.,-1.));
#9846 = DIRECTION('',(-0.,-1.,0.));
#9847 = FACE_BOUND('',#9848,.T.);
#9848 = EDGE_LOOP('',(#9849));
#9849 = ORIENTED_EDGE('',*,*,#9850,.T.);
#9850 = EDGE_CURVE('',#9851,#9851,#9853,.T.);
#9851 = VERTEX_POINT('',#9852);
#9852 = CARTESIAN_POINT('',(184.,-105.10705,1.51));
#9853 = CIRCLE('',#9854,0.5588);
#9854 = AXIS2_PLACEMENT_3D('',#9855,#9856,#9857);
#9855 = CARTESIAN_POINT('',(184.,-104.54825,1.51));
#9856 = DIRECTION('',(-0.,0.,-1.));
#9857 = DIRECTION('',(-0.,-1.,0.));
#9858 = FACE_BOUND('',#9859,.T.);
#9859 = EDGE_LOOP('',(#9860));
#9860 = ORIENTED_EDGE('',*,*,#9861,.T.);
#9861 = EDGE_CURVE('',#9862,#9862,#9864,.T.);
#9862 = VERTEX_POINT('',#9863);
#9863 = CARTESIAN_POINT('',(149.,-81.25,1.51));
#9864 = CIRCLE('',#9865,1.25);
#9865 = AXIS2_PLACEMENT_3D('',#9866,#9867,#9868);
#9866 = CARTESIAN_POINT('',(149.,-80.,1.51));
#9867 = DIRECTION('',(-0.,0.,-1.));
#9868 = DIRECTION('',(-0.,-1.,0.));
#9869 = FACE_BOUND('',#9870,.T.);
#9870 = EDGE_LOOP('',(#9871));
#9871 = ORIENTED_EDGE('',*,*,#9872,.T.);
#9872 = EDGE_CURVE('',#9873,#9873,#9875,.T.);
#9873 = VERTEX_POINT('',#9874);
#9874 = CARTESIAN_POINT('',(166.,-80.885,1.51));
#9875 = CIRCLE('',#9876,0.5);
#9876 = AXIS2_PLACEMENT_3D('',#9877,#9878,#9879);
#9877 = CARTESIAN_POINT('',(166.,-80.385,1.51));
#9878 = DIRECTION('',(-0.,0.,-1.));
#9879 = DIRECTION('',(-0.,-1.,0.));
#9880 = FACE_BOUND('',#9881,.T.);
#9881 = EDGE_LOOP('',(#9882));
#9882 = ORIENTED_EDGE('',*,*,#9883,.T.);
#9883 = EDGE_CURVE('',#9884,#9884,#9886,.T.);
#9884 = VERTEX_POINT('',#9885);
#9885 = CARTESIAN_POINT('',(168.54,-80.885,1.51));
#9886 = CIRCLE('',#9887,0.5);
#9887 = AXIS2_PLACEMENT_3D('',#9888,#9889,#9890);
#9888 = CARTESIAN_POINT('',(168.54,-80.385,1.51));
#9889 = DIRECTION('',(-0.,0.,-1.));
#9890 = DIRECTION('',(-0.,-1.,0.));
#9891 = FACE_BOUND('',#9892,.T.);
#9892 = EDGE_LOOP('',(#9893));
#9893 = ORIENTED_EDGE('',*,*,#9894,.T.);
#9894 = EDGE_CURVE('',#9895,#9895,#9897,.T.);
#9895 = VERTEX_POINT('',#9896);
#9896 = CARTESIAN_POINT('',(171.08,-80.885,1.51));
#9897 = CIRCLE('',#9898,0.5);
#9898 = AXIS2_PLACEMENT_3D('',#9899,#9900,#9901);
#9899 = CARTESIAN_POINT('',(171.08,-80.385,1.51));
#9900 = DIRECTION('',(-0.,0.,-1.));
#9901 = DIRECTION('',(-0.,-1.,0.));
#9902 = FACE_BOUND('',#9903,.T.);
#9903 = EDGE_LOOP('',(#9904));
#9904 = ORIENTED_EDGE('',*,*,#9905,.T.);
#9905 = EDGE_CURVE('',#9906,#9906,#9908,.T.);
#9906 = VERTEX_POINT('',#9907);
#9907 = CARTESIAN_POINT('',(173.62,-80.885,1.51));
#9908 = CIRCLE('',#9909,0.5);
#9909 = AXIS2_PLACEMENT_3D('',#9910,#9911,#9912);
#9910 = CARTESIAN_POINT('',(173.62,-80.385,1.51));
#9911 = DIRECTION('',(-0.,0.,-1.));
#9912 = DIRECTION('',(-0.,-1.,0.));
#9913 = FACE_BOUND('',#9914,.T.);
#9914 = EDGE_LOOP('',(#9915));
#9915 = ORIENTED_EDGE('',*,*,#9916,.T.);
#9916 = EDGE_CURVE('',#9917,#9917,#9919,.T.);
#9917 = VERTEX_POINT('',#9918);
#9918 = CARTESIAN_POINT('',(178.725,-80.885,1.51));
#9919 = CIRCLE('',#9920,0.5);
#9920 = AXIS2_PLACEMENT_3D('',#9921,#9922,#9923);
#9921 = CARTESIAN_POINT('',(178.725,-80.385,1.51));
#9922 = DIRECTION('',(-0.,0.,-1.));
#9923 = DIRECTION('',(-0.,-1.,0.));
#9924 = FACE_BOUND('',#9925,.T.);
#9925 = EDGE_LOOP('',(#9926));
#9926 = ORIENTED_EDGE('',*,*,#9927,.T.);
#9927 = EDGE_CURVE('',#9928,#9928,#9930,.T.);
#9928 = VERTEX_POINT('',#9929);
#9929 = CARTESIAN_POINT('',(181.265,-80.885,1.51));
#9930 = CIRCLE('',#9931,0.5);
#9931 = AXIS2_PLACEMENT_3D('',#9932,#9933,#9934);
#9932 = CARTESIAN_POINT('',(181.265,-80.385,1.51));
#9933 = DIRECTION('',(-0.,0.,-1.));
#9934 = DIRECTION('',(-0.,-1.,0.));
#9935 = FACE_BOUND('',#9936,.T.);
#9936 = EDGE_LOOP('',(#9937));
#9937 = ORIENTED_EDGE('',*,*,#9938,.T.);
#9938 = EDGE_CURVE('',#9939,#9939,#9941,.T.);
#9939 = VERTEX_POINT('',#9940);
#9940 = CARTESIAN_POINT('',(189.,-81.25,1.51));
#9941 = CIRCLE('',#9942,1.25);
#9942 = AXIS2_PLACEMENT_3D('',#9943,#9944,#9945);
#9943 = CARTESIAN_POINT('',(189.,-80.,1.51));
#9944 = DIRECTION('',(-0.,0.,-1.));
#9945 = DIRECTION('',(-0.,-1.,0.));
#9946 = PLANE('',#9947);
#9947 = AXIS2_PLACEMENT_3D('',#9948,#9949,#9950);
#9948 = CARTESIAN_POINT('',(0.,0.,1.51));
#9949 = DIRECTION('',(0.,0.,1.));
#9950 = DIRECTION('',(1.,0.,-0.));
#9951 = ADVANCED_FACE('',(#9952),#9958,.T.);
#9952 = FACE_BOUND('',#9953,.T.);
#9953 = EDGE_LOOP('',(#9954,#9955,#9956,#9957));
#9954 = ORIENTED_EDGE('',*,*,#9503,.T.);
#9955 = ORIENTED_EDGE('',*,*,#9742,.T.);
#9956 = ORIENTED_EDGE('',*,*,#9463,.F.);
#9957 = ORIENTED_EDGE('',*,*,#9527,.F.);
#9958 = PLANE('',#9959);
#9959 = AXIS2_PLACEMENT_3D('',#9960,#9961,#9962);
#9960 = CARTESIAN_POINT('',(144.,-76.,0.));
#9961 = DIRECTION('',(0.,1.,0.));
#9962 = DIRECTION('',(1.,0.,0.));
#9963 = ADVANCED_FACE('',(#9964),#9975,.F.);
#9964 = FACE_BOUND('',#9965,.T.);
#9965 = EDGE_LOOP('',(#9966,#9967,#9973,#9974));
#9966 = ORIENTED_EDGE('',*,*,#9536,.T.);
#9967 = ORIENTED_EDGE('',*,*,#9968,.T.);
#9968 = EDGE_CURVE('',#9537,#9752,#9969,.T.);
#9969 = LINE('',#9970,#9971);
#9970 = CARTESIAN_POINT('',(149.,-118.25,-4.6E-02));
#9971 = VECTOR('',#9972,1.);
#9972 = DIRECTION('',(0.,0.,1.));
#9973 = ORIENTED_EDGE('',*,*,#9751,.F.);
#9974 = ORIENTED_EDGE('',*,*,#9968,.F.);
#9975 = CYLINDRICAL_SURFACE('',#9976,1.25);
#9976 = AXIS2_PLACEMENT_3D('',#9977,#9978,#9979);
#9977 = CARTESIAN_POINT('',(149.,-117.,-4.6E-02));
#9978 = DIRECTION('',(-0.,-0.,-1.));
#9979 = DIRECTION('',(-0.,-1.,0.));
#9980 = ADVANCED_FACE('',(#9981),#9992,.F.);
#9981 = FACE_BOUND('',#9982,.T.);
#9982 = EDGE_LOOP('',(#9983,#9984,#9990,#9991));
#9983 = ORIENTED_EDGE('',*,*,#9547,.T.);
#9984 = ORIENTED_EDGE('',*,*,#9985,.T.);
#9985 = EDGE_CURVE('',#9548,#9763,#9986,.T.);
#9986 = LINE('',#9987,#9988);
#9987 = CARTESIAN_POINT('',(154.,-112.60705,-4.6E-02));
#9988 = VECTOR('',#9989,1.);
#9989 = DIRECTION('',(0.,0.,1.));
#9990 = ORIENTED_EDGE('',*,*,#9762,.F.);
#9991 = ORIENTED_EDGE('',*,*,#9985,.F.);
#9992 = CYLINDRICAL_SURFACE('',#9993,0.5588);
#9993 = AXIS2_PLACEMENT_3D('',#9994,#9995,#9996);
#9994 = CARTESIAN_POINT('',(154.,-112.04825,-4.6E-02));
#9995 = DIRECTION('',(-0.,-0.,-1.));
#9996 = DIRECTION('',(-0.,-1.,0.));
#9997 = ADVANCED_FACE('',(#9998),#10009,.F.);
#9998 = FACE_BOUND('',#9999,.T.);
#9999 = EDGE_LOOP('',(#10000,#10001,#10007,#10008));
#10000 = ORIENTED_EDGE('',*,*,#9558,.T.);
#10001 = ORIENTED_EDGE('',*,*,#10002,.T.);
#10002 = EDGE_CURVE('',#9559,#9774,#10003,.T.);
#10003 = LINE('',#10004,#10005);
#10004 = CARTESIAN_POINT('',(154.,-105.10705,-4.6E-02));
#10005 = VECTOR('',#10006,1.);
#10006 = DIRECTION('',(0.,0.,1.));
#10007 = ORIENTED_EDGE('',*,*,#9773,.F.);
#10008 = ORIENTED_EDGE('',*,*,#10002,.F.);
#10009 = CYLINDRICAL_SURFACE('',#10010,0.5588);
#10010 = AXIS2_PLACEMENT_3D('',#10011,#10012,#10013);
#10011 = CARTESIAN_POINT('',(154.,-104.54825,-4.6E-02));
#10012 = DIRECTION('',(-0.,-0.,-1.));
#10013 = DIRECTION('',(-0.,-1.,0.));
#10014 = ADVANCED_FACE('',(#10015),#10026,.F.);
#10015 = FACE_BOUND('',#10016,.T.);
#10016 = EDGE_LOOP('',(#10017,#10018,#10024,#10025));
#10017 = ORIENTED_EDGE('',*,*,#9569,.T.);
#10018 = ORIENTED_EDGE('',*,*,#10019,.T.);
#10019 = EDGE_CURVE('',#9570,#9785,#10020,.T.);
#10020 = LINE('',#10021,#10022);
#10021 = CARTESIAN_POINT('',(166.,-102.5,-4.6E-02));
#10022 = VECTOR('',#10023,1.);
#10023 = DIRECTION('',(0.,0.,1.));
#10024 = ORIENTED_EDGE('',*,*,#9784,.F.);
#10025 = ORIENTED_EDGE('',*,*,#10019,.F.);
#10026 = CYLINDRICAL_SURFACE('',#10027,0.5);
#10027 = AXIS2_PLACEMENT_3D('',#10028,#10029,#10030);
#10028 = CARTESIAN_POINT('',(166.,-102.,-4.6E-02));
#10029 = DIRECTION('',(-0.,-0.,-1.));
#10030 = DIRECTION('',(-0.,-1.,0.));
#10031 = ADVANCED_FACE('',(#10032),#10043,.F.);
#10032 = FACE_BOUND('',#10033,.T.);
#10033 = EDGE_LOOP('',(#10034,#10035,#10041,#10042));
#10034 = ORIENTED_EDGE('',*,*,#9580,.T.);
#10035 = ORIENTED_EDGE('',*,*,#10036,.T.);
#10036 = EDGE_CURVE('',#9581,#9796,#10037,.T.);
#10037 = LINE('',#10038,#10039);
#10038 = CARTESIAN_POINT('',(166.,-99.96,-4.6E-02));
#10039 = VECTOR('',#10040,1.);
#10040 = DIRECTION('',(0.,0.,1.));
#10041 = ORIENTED_EDGE('',*,*,#9795,.F.);
#10042 = ORIENTED_EDGE('',*,*,#10036,.F.);
#10043 = CYLINDRICAL_SURFACE('',#10044,0.5);
#10044 = AXIS2_PLACEMENT_3D('',#10045,#10046,#10047);
#10045 = CARTESIAN_POINT('',(166.,-99.46,-4.6E-02));
#10046 = DIRECTION('',(-0.,-0.,-1.));
#10047 = DIRECTION('',(-0.,-1.,0.));
#10048 = ADVANCED_FACE('',(#10049),#10060,.F.);
#10049 = FACE_BOUND('',#10050,.T.);
#10050 = EDGE_LOOP('',(#10051,#10052,#10058,#10059));
#10051 = ORIENTED_EDGE('',*,*,#9591,.T.);
#10052 = ORIENTED_EDGE('',*,*,#10053,.T.);
#10053 = EDGE_CURVE('',#9592,#9807,#10054,.T.);
#10054 = LINE('',#10055,#10056);
#10055 = CARTESIAN_POINT('',(189.,-118.25,-4.6E-02));
#10056 = VECTOR('',#10057,1.);
#10057 = DIRECTION('',(0.,0.,1.));
#10058 = ORIENTED_EDGE('',*,*,#9806,.F.);
#10059 = ORIENTED_EDGE('',*,*,#10053,.F.);
#10060 = CYLINDRICAL_SURFACE('',#10061,1.25);
#10061 = AXIS2_PLACEMENT_3D('',#10062,#10063,#10064);
#10062 = CARTESIAN_POINT('',(189.,-117.,-4.6E-02));
#10063 = DIRECTION('',(-0.,-0.,-1.));
#10064 = DIRECTION('',(-0.,-1.,0.));
#10065 = ADVANCED_FACE('',(#10066),#10077,.F.);
#10066 = FACE_BOUND('',#10067,.T.);
#10067 = EDGE_LOOP('',(#10068,#10069,#10075,#10076));
#10068 = ORIENTED_EDGE('',*,*,#9602,.T.);
#10069 = ORIENTED_EDGE('',*,*,#10070,.T.);
#10070 = EDGE_CURVE('',#9603,#9818,#10071,.T.);
#10071 = LINE('',#10072,#10073);
#10072 = CARTESIAN_POINT('',(184.,-112.60705,-4.6E-02));
#10073 = VECTOR('',#10074,1.);
#10074 = DIRECTION('',(0.,0.,1.));
#10075 = ORIENTED_EDGE('',*,*,#9817,.F.);
#10076 = ORIENTED_EDGE('',*,*,#10070,.F.);
#10077 = CYLINDRICAL_SURFACE('',#10078,0.5588);
#10078 = AXIS2_PLACEMENT_3D('',#10079,#10080,#10081);
#10079 = CARTESIAN_POINT('',(184.,-112.04825,-4.6E-02));
#10080 = DIRECTION('',(-0.,-0.,-1.));
#10081 = DIRECTION('',(-0.,-1.,0.));
#10082 = ADVANCED_FACE('',(#10083),#10094,.F.);
#10083 = FACE_BOUND('',#10084,.T.);
#10084 = EDGE_LOOP('',(#10085,#10086,#10092,#10093));
#10085 = ORIENTED_EDGE('',*,*,#9613,.T.);
#10086 = ORIENTED_EDGE('',*,*,#10087,.T.);
#10087 = EDGE_CURVE('',#9614,#9829,#10088,.T.);
#10088 = LINE('',#10089,#10090);
#10089 = CARTESIAN_POINT('',(170.,-102.5,-4.6E-02));
#10090 = VECTOR('',#10091,1.);
#10091 = DIRECTION('',(0.,0.,1.));
#10092 = ORIENTED_EDGE('',*,*,#9828,.F.);
#10093 = ORIENTED_EDGE('',*,*,#10087,.F.);
#10094 = CYLINDRICAL_SURFACE('',#10095,0.5);
#10095 = AXIS2_PLACEMENT_3D('',#10096,#10097,#10098);
#10096 = CARTESIAN_POINT('',(170.,-102.,-4.6E-02));
#10097 = DIRECTION('',(-0.,-0.,-1.));
#10098 = DIRECTION('',(-0.,-1.,0.));
#10099 = ADVANCED_FACE('',(#10100),#10111,.F.);
#10100 = FACE_BOUND('',#10101,.T.);
#10101 = EDGE_LOOP('',(#10102,#10103,#10109,#10110));
#10102 = ORIENTED_EDGE('',*,*,#9624,.T.);
#10103 = ORIENTED_EDGE('',*,*,#10104,.T.);
#10104 = EDGE_CURVE('',#9625,#9840,#10105,.T.);
#10105 = LINE('',#10106,#10107);
#10106 = CARTESIAN_POINT('',(170.,-99.96,-4.6E-02));
#10107 = VECTOR('',#10108,1.);
#10108 = DIRECTION('',(0.,0.,1.));
#10109 = ORIENTED_EDGE('',*,*,#9839,.F.);
#10110 = ORIENTED_EDGE('',*,*,#10104,.F.);
#10111 = CYLINDRICAL_SURFACE('',#10112,0.5);
#10112 = AXIS2_PLACEMENT_3D('',#10113,#10114,#10115);
#10113 = CARTESIAN_POINT('',(170.,-99.46,-4.6E-02));
#10114 = DIRECTION('',(-0.,-0.,-1.));
#10115 = DIRECTION('',(-0.,-1.,0.));
#10116 = ADVANCED_FACE('',(#10117),#10128,.F.);
#10117 = FACE_BOUND('',#10118,.T.);
#10118 = EDGE_LOOP('',(#10119,#10120,#10126,#10127));
#10119 = ORIENTED_EDGE('',*,*,#9635,.T.);
#10120 = ORIENTED_EDGE('',*,*,#10121,.T.);
#10121 = EDGE_CURVE('',#9636,#9851,#10122,.T.);
#10122 = LINE('',#10123,#10124);
#10123 = CARTESIAN_POINT('',(184.,-105.10705,-4.6E-02));
#10124 = VECTOR('',#10125,1.);
#10125 = DIRECTION('',(0.,0.,1.));
#10126 = ORIENTED_EDGE('',*,*,#9850,.F.);
#10127 = ORIENTED_EDGE('',*,*,#10121,.F.);
#10128 = CYLINDRICAL_SURFACE('',#10129,0.5588);
#10129 = AXIS2_PLACEMENT_3D('',#10130,#10131,#10132);
#10130 = CARTESIAN_POINT('',(184.,-104.54825,-4.6E-02));
#10131 = DIRECTION('',(-0.,-0.,-1.));
#10132 = DIRECTION('',(-0.,-1.,0.));
#10133 = ADVANCED_FACE('',(#10134),#10145,.F.);
#10134 = FACE_BOUND('',#10135,.T.);
#10135 = EDGE_LOOP('',(#10136,#10137,#10143,#10144));
#10136 = ORIENTED_EDGE('',*,*,#9646,.T.);
#10137 = ORIENTED_EDGE('',*,*,#10138,.T.);
#10138 = EDGE_CURVE('',#9647,#9862,#10139,.T.);
#10139 = LINE('',#10140,#10141);
#10140 = CARTESIAN_POINT('',(149.,-81.25,-4.6E-02));
#10141 = VECTOR('',#10142,1.);
#10142 = DIRECTION('',(0.,0.,1.));
#10143 = ORIENTED_EDGE('',*,*,#9861,.F.);
#10144 = ORIENTED_EDGE('',*,*,#10138,.F.);
#10145 = CYLINDRICAL_SURFACE('',#10146,1.25);
#10146 = AXIS2_PLACEMENT_3D('',#10147,#10148,#10149);
#10147 = CARTESIAN_POINT('',(149.,-80.,-4.6E-02));
#10148 = DIRECTION('',(-0.,-0.,-1.));
#10149 = DIRECTION('',(-0.,-1.,0.));
#10150 = ADVANCED_FACE('',(#10151),#10162,.F.);
#10151 = FACE_BOUND('',#10152,.T.);
#10152 = EDGE_LOOP('',(#10153,#10154,#10160,#10161));
#10153 = ORIENTED_EDGE('',*,*,#9657,.T.);
#10154 = ORIENTED_EDGE('',*,*,#10155,.T.);
#10155 = EDGE_CURVE('',#9658,#9873,#10156,.T.);
#10156 = LINE('',#10157,#10158);
#10157 = CARTESIAN_POINT('',(166.,-80.885,-4.6E-02));
#10158 = VECTOR('',#10159,1.);
#10159 = DIRECTION('',(0.,0.,1.));
#10160 = ORIENTED_EDGE('',*,*,#9872,.F.);
#10161 = ORIENTED_EDGE('',*,*,#10155,.F.);
#10162 = CYLINDRICAL_SURFACE('',#10163,0.5);
#10163 = AXIS2_PLACEMENT_3D('',#10164,#10165,#10166);
#10164 = CARTESIAN_POINT('',(166.,-80.385,-4.6E-02));
#10165 = DIRECTION('',(-0.,-0.,-1.));
#10166 = DIRECTION('',(-0.,-1.,0.));
#10167 = ADVANCED_FACE('',(#10168),#10179,.F.);
#10168 = FACE_BOUND('',#10169,.T.);
#10169 = EDGE_LOOP('',(#10170,#10171,#10177,#10178));
#10170 = ORIENTED_EDGE('',*,*,#9668,.T.);
#10171 = ORIENTED_EDGE('',*,*,#10172,.T.);
#10172 = EDGE_CURVE('',#9669,#9884,#10173,.T.);
#10173 = LINE('',#10174,#10175);
#10174 = CARTESIAN_POINT('',(168.54,-80.885,-4.6E-02));
#10175 = VECTOR('',#10176,1.);
#10176 = DIRECTION('',(0.,0.,1.));
#10177 = ORIENTED_EDGE('',*,*,#9883,.F.);
#10178 = ORIENTED_EDGE('',*,*,#10172,.F.);
#10179 = CYLINDRICAL_SURFACE('',#10180,0.5);
#10180 = AXIS2_PLACEMENT_3D('',#10181,#10182,#10183);
#10181 = CARTESIAN_POINT('',(168.54,-80.385,-4.6E-02));
#10182 = DIRECTION('',(-0.,-0.,-1.));
#10183 = DIRECTION('',(-0.,-1.,0.));
#10184 = ADVANCED_FACE('',(#10185),#10196,.F.);
#10185 = FACE_BOUND('',#10186,.T.);
#10186 = EDGE_LOOP('',(#10187,#10188,#10194,#10195));
#10187 = ORIENTED_EDGE('',*,*,#9679,.T.);
#10188 = ORIENTED_EDGE('',*,*,#10189,.T.);
#10189 = EDGE_CURVE('',#9680,#9895,#10190,.T.);
#10190 = LINE('',#10191,#10192);
#10191 = CARTESIAN_POINT('',(171.08,-80.885,-4.6E-02));
#10192 = VECTOR('',#10193,1.);
#10193 = DIRECTION('',(0.,0.,1.));
#10194 = ORIENTED_EDGE('',*,*,#9894,.F.);
#10195 = ORIENTED_EDGE('',*,*,#10189,.F.);
#10196 = CYLINDRICAL_SURFACE('',#10197,0.5);
#10197 = AXIS2_PLACEMENT_3D('',#10198,#10199,#10200);
#10198 = CARTESIAN_POINT('',(171.08,-80.385,-4.6E-02));
#10199 = DIRECTION('',(-0.,-0.,-1.));
#10200 = DIRECTION('',(-0.,-1.,0.));
#10201 = ADVANCED_FACE('',(#10202),#10213,.F.);
#10202 = FACE_BOUND('',#10203,.T.);
#10203 = EDGE_LOOP('',(#10204,#10205,#10211,#10212));
#10204 = ORIENTED_EDGE('',*,*,#9690,.T.);
#10205 = ORIENTED_EDGE('',*,*,#10206,.T.);
#10206 = EDGE_CURVE('',#9691,#9906,#10207,.T.);
#10207 = LINE('',#10208,#10209);
#10208 = CARTESIAN_POINT('',(173.62,-80.885,-4.6E-02));
#10209 = VECTOR('',#10210,1.);
#10210 = DIRECTION('',(0.,0.,1.));
#10211 = ORIENTED_EDGE('',*,*,#9905,.F.);
#10212 = ORIENTED_EDGE('',*,*,#10206,.F.);
#10213 = CYLINDRICAL_SURFACE('',#10214,0.5);
#10214 = AXIS2_PLACEMENT_3D('',#10215,#10216,#10217);
#10215 = CARTESIAN_POINT('',(173.62,-80.385,-4.6E-02));
#10216 = DIRECTION('',(-0.,-0.,-1.));
#10217 = DIRECTION('',(-0.,-1.,0.));
#10218 = ADVANCED_FACE('',(#10219),#10230,.F.);
#10219 = FACE_BOUND('',#10220,.T.);
#10220 = EDGE_LOOP('',(#10221,#10222,#10228,#10229));
#10221 = ORIENTED_EDGE('',*,*,#9701,.T.);
#10222 = ORIENTED_EDGE('',*,*,#10223,.T.);
#10223 = EDGE_CURVE('',#9702,#9917,#10224,.T.);
#10224 = LINE('',#10225,#10226);
#10225 = CARTESIAN_POINT('',(178.725,-80.885,-4.6E-02));
#10226 = VECTOR('',#10227,1.);
#10227 = DIRECTION('',(0.,0.,1.));
#10228 = ORIENTED_EDGE('',*,*,#9916,.F.);
#10229 = ORIENTED_EDGE('',*,*,#10223,.F.);
#10230 = CYLINDRICAL_SURFACE('',#10231,0.5);
#10231 = AXIS2_PLACEMENT_3D('',#10232,#10233,#10234);
#10232 = CARTESIAN_POINT('',(178.725,-80.385,-4.6E-02));
#10233 = DIRECTION('',(-0.,-0.,-1.));
#10234 = DIRECTION('',(-0.,-1.,0.));
#10235 = ADVANCED_FACE('',(#10236),#10247,.F.);
#10236 = FACE_BOUND('',#10237,.T.);
#10237 = EDGE_LOOP('',(#10238,#10239,#10245,#10246));
#10238 = ORIENTED_EDGE('',*,*,#9712,.T.);
#10239 = ORIENTED_EDGE('',*,*,#10240,.T.);
#10240 = EDGE_CURVE('',#9713,#9928,#10241,.T.);
#10241 = LINE('',#10242,#10243);
#10242 = CARTESIAN_POINT('',(181.265,-80.885,-4.6E-02));
#10243 = VECTOR('',#10244,1.);
#10244 = DIRECTION('',(0.,0.,1.));
#10245 = ORIENTED_EDGE('',*,*,#9927,.F.);
#10246 = ORIENTED_EDGE('',*,*,#10240,.F.);
#10247 = CYLINDRICAL_SURFACE('',#10248,0.5);
#10248 = AXIS2_PLACEMENT_3D('',#10249,#10250,#10251);
#10249 = CARTESIAN_POINT('',(181.265,-80.385,-4.6E-02));
#10250 = DIRECTION('',(-0.,-0.,-1.));
#10251 = DIRECTION('',(-0.,-1.,0.));
#10252 = ADVANCED_FACE('',(#10253),#10264,.F.);
#10253 = FACE_BOUND('',#10254,.T.);
#10254 = EDGE_LOOP('',(#10255,#10256,#10262,#10263));
#10255 = ORIENTED_EDGE('',*,*,#9723,.T.);
#10256 = ORIENTED_EDGE('',*,*,#10257,.T.);
#10257 = EDGE_CURVE('',#9724,#9939,#10258,.T.);
#10258 = LINE('',#10259,#10260);
#10259 = CARTESIAN_POINT('',(189.,-81.25,-4.6E-02));
#10260 = VECTOR('',#10261,1.);
#10261 = DIRECTION('',(0.,0.,1.));
#10262 = ORIENTED_EDGE('',*,*,#9938,.F.);
#10263 = ORIENTED_EDGE('',*,*,#10257,.F.);
#10264 = CYLINDRICAL_SURFACE('',#10265,1.25);
#10265 = AXIS2_PLACEMENT_3D('',#10266,#10267,#10268);
#10266 = CARTESIAN_POINT('',(189.,-80.,-4.6E-02));
#10267 = DIRECTION('',(-0.,-0.,-1.));
#10268 = DIRECTION('',(-0.,-1.,0.));
#10269 = ( GEOMETRIC_REPRESENTATION_CONTEXT(3) 
GLOBAL_UNCERTAINTY_ASSIGNED_CONTEXT((#10273)) 
GLOBAL_UNIT_ASSIGNED_CONTEXT((#10270,#10271,#10272)) 
REPRESENTATION_CONTEXT('Context #1',
  '3D Context with UNIT and UNCERTAINTY') );
#10270 = ( LENGTH_UNIT() NAMED_UNIT(*) SI_UNIT(.MILLI.,.METRE.) );
#10271 = ( NAMED_UNIT(*) PLANE_ANGLE_UNIT() SI_UNIT($,.RADIAN.) );
#10272 = ( NAMED_UNIT(*) SI_UNIT($,.STERADIAN.) SOLID_ANGLE_UNIT() );
#10273 = UNCERTAINTY_MEASURE_WITH_UNIT(LENGTH_MEASURE(1.E-07),#10270,
  'distance_accuracy_value','confusion accuracy');
#10274 = CONTEXT_DEPENDENT_SHAPE_REPRESENTATION(#10275,#10277);
#10275 = ( REPRESENTATION_RELATIONSHIP('','',#9416,#10) 
REPRESENTATION_RELATIONSHIP_WITH_TRANSFORMATION(#10276) 
SHAPE_REPRESENTATION_RELATIONSHIP() );
#10276 = ITEM_DEFINED_TRANSFORMATION('','',#11,#63);
#10277 = PRODUCT_DEFINITION_SHAPE('Placement','Placement of an item',
  #10278);
#10278 = NEXT_ASSEMBLY_USAGE_OCCURRENCE('16','=>[0:1:1:8]','',#5,#9411,$
  );
#10279 = PRODUCT_RELATED_PRODUCT_CATEGORY('part',$,(#9413));
#10280 = MECHANICAL_DESIGN_GEOMETRIC_PRESENTATION_REPRESENTATION('',(
    #10281),#6274);
#10281 = STYLED_ITEM('color',(#10282),#5887);
#10282 = PRESENTATION_STYLE_ASSIGNMENT((#10283,#10289));
#10283 = SURFACE_STYLE_USAGE(.BOTH.,#10284);
#10284 = SURFACE_SIDE_STYLE('',(#10285));
#10285 = SURFACE_STYLE_FILL_AREA(#10286);
#10286 = FILL_AREA_STYLE('',(#10287));
#10287 = FILL_AREA_STYLE_COLOUR('',#10288);
#10288 = COLOUR_RGB('',0.734000028196,0.773000013638,0.796999989372);
#10289 = CURVE_STYLE('',#10290,POSITIVE_LENGTH_MEASURE(0.1),#10288);
#10290 = DRAUGHTING_PRE_DEFINED_CURVE_FONT('continuous');
#10291 = MECHANICAL_DESIGN_GEOMETRIC_PRESENTATION_REPRESENTATION('',(
    #10292,#10300,#10307,#10314,#10321,#10328,#10335,#10342,#10349,
    #10356,#10363,#10370,#10377,#10384,#10391,#10398,#10405,#10412,
    #10419,#10426,#10433,#10440,#10447,#10454,#10461,#10468,#10475,
    #10482,#10489,#10497,#10504,#10511,#10518,#10525,#10532,#10539,
    #10546,#10553,#10560,#10567,#10574,#10581,#10588,#10595,#10602,
    #10609,#10616,#10623,#10630,#10637,#10644,#10651,#10658,#10665,
    #10672,#10679,#10686,#10693,#10700,#10707,#10714,#10721,#10728,
    #10735,#10742,#10749,#10756,#10763,#10770,#10777,#10784,#10791,
    #10798,#10805,#10812,#10819,#10826,#10833,#10840,#10847,#10854,
    #10861,#10868,#10875,#10882,#10889,#10896,#10903,#10910,#10917,
    #10924,#10931,#10938,#10945,#10952,#10959,#10966,#10973,#10980,
    #10987,#10994,#11001,#11008,#11015,#11022,#11029,#11036,#11043,
    #11050,#11057,#11064,#11071),#3265);
#10292 = STYLED_ITEM('color',(#10293),#83);
#10293 = PRESENTATION_STYLE_ASSIGNMENT((#10294));
#10294 = SURFACE_STYLE_USAGE(.BOTH.,#10295);
#10295 = SURFACE_SIDE_STYLE('',(#10296));
#10296 = SURFACE_STYLE_FILL_AREA(#10297);
#10297 = FILL_AREA_STYLE('',(#10298));
#10298 = FILL_AREA_STYLE_COLOUR('',#10299);
#10299 = COLOUR_RGB('',0.147999998088,0.144999993226,0.144999993226);
#10300 = STYLED_ITEM('color',(#10301),#123);
#10301 = PRESENTATION_STYLE_ASSIGNMENT((#10302));
#10302 = SURFACE_STYLE_USAGE(.BOTH.,#10303);
#10303 = SURFACE_SIDE_STYLE('',(#10304));
#10304 = SURFACE_STYLE_FILL_AREA(#10305);
#10305 = FILL_AREA_STYLE('',(#10306));
#10306 = FILL_AREA_STYLE_COLOUR('',#10299);
#10307 = STYLED_ITEM('color',(#10308),#154);
#10308 = PRESENTATION_STYLE_ASSIGNMENT((#10309));
#10309 = SURFACE_STYLE_USAGE(.BOTH.,#10310);
#10310 = SURFACE_SIDE_STYLE('',(#10311));
#10311 = SURFACE_STYLE_FILL_AREA(#10312);
#10312 = FILL_AREA_STYLE('',(#10313));
#10313 = FILL_AREA_STYLE_COLOUR('',#10299);
#10314 = STYLED_ITEM('color',(#10315),#185);
#10315 = PRESENTATION_STYLE_ASSIGNMENT((#10316));
#10316 = SURFACE_STYLE_USAGE(.BOTH.,#10317);
#10317 = SURFACE_SIDE_STYLE('',(#10318));
#10318 = SURFACE_STYLE_FILL_AREA(#10319);
#10319 = FILL_AREA_STYLE('',(#10320));
#10320 = FILL_AREA_STYLE_COLOUR('',#10299);
#10321 = STYLED_ITEM('color',(#10322),#514);
#10322 = PRESENTATION_STYLE_ASSIGNMENT((#10323));
#10323 = SURFACE_STYLE_USAGE(.BOTH.,#10324);
#10324 = SURFACE_SIDE_STYLE('',(#10325));
#10325 = SURFACE_STYLE_FILL_AREA(#10326);
#10326 = FILL_AREA_STYLE('',(#10327));
#10327 = FILL_AREA_STYLE_COLOUR('',#10299);
#10328 = STYLED_ITEM('color',(#10329),#843);
#10329 = PRESENTATION_STYLE_ASSIGNMENT((#10330));
#10330 = SURFACE_STYLE_USAGE(.BOTH.,#10331);
#10331 = SURFACE_SIDE_STYLE('',(#10332));
#10332 = SURFACE_STYLE_FILL_AREA(#10333);
#10333 = FILL_AREA_STYLE('',(#10334));
#10334 = FILL_AREA_STYLE_COLOUR('',#10299);
#10335 = STYLED_ITEM('color',(#10336),#860);
#10336 = PRESENTATION_STYLE_ASSIGNMENT((#10337));
#10337 = SURFACE_STYLE_USAGE(.BOTH.,#10338);
#10338 = SURFACE_SIDE_STYLE('',(#10339));
#10339 = SURFACE_STYLE_FILL_AREA(#10340);
#10340 = FILL_AREA_STYLE('',(#10341));
#10341 = FILL_AREA_STYLE_COLOUR('',#10299);
#10342 = STYLED_ITEM('color',(#10343),#877);
#10343 = PRESENTATION_STYLE_ASSIGNMENT((#10344));
#10344 = SURFACE_STYLE_USAGE(.BOTH.,#10345);
#10345 = SURFACE_SIDE_STYLE('',(#10346));
#10346 = SURFACE_STYLE_FILL_AREA(#10347);
#10347 = FILL_AREA_STYLE('',(#10348));
#10348 = FILL_AREA_STYLE_COLOUR('',#10299);
#10349 = STYLED_ITEM('color',(#10350),#894);
#10350 = PRESENTATION_STYLE_ASSIGNMENT((#10351));
#10351 = SURFACE_STYLE_USAGE(.BOTH.,#10352);
#10352 = SURFACE_SIDE_STYLE('',(#10353));
#10353 = SURFACE_STYLE_FILL_AREA(#10354);
#10354 = FILL_AREA_STYLE('',(#10355));
#10355 = FILL_AREA_STYLE_COLOUR('',#10299);
#10356 = STYLED_ITEM('color',(#10357),#911);
#10357 = PRESENTATION_STYLE_ASSIGNMENT((#10358));
#10358 = SURFACE_STYLE_USAGE(.BOTH.,#10359);
#10359 = SURFACE_SIDE_STYLE('',(#10360));
#10360 = SURFACE_STYLE_FILL_AREA(#10361);
#10361 = FILL_AREA_STYLE('',(#10362));
#10362 = FILL_AREA_STYLE_COLOUR('',#10299);
#10363 = STYLED_ITEM('color',(#10364),#928);
#10364 = PRESENTATION_STYLE_ASSIGNMENT((#10365));
#10365 = SURFACE_STYLE_USAGE(.BOTH.,#10366);
#10366 = SURFACE_SIDE_STYLE('',(#10367));
#10367 = SURFACE_STYLE_FILL_AREA(#10368);
#10368 = FILL_AREA_STYLE('',(#10369));
#10369 = FILL_AREA_STYLE_COLOUR('',#10299);
#10370 = STYLED_ITEM('color',(#10371),#945);
#10371 = PRESENTATION_STYLE_ASSIGNMENT((#10372));
#10372 = SURFACE_STYLE_USAGE(.BOTH.,#10373);
#10373 = SURFACE_SIDE_STYLE('',(#10374));
#10374 = SURFACE_STYLE_FILL_AREA(#10375);
#10375 = FILL_AREA_STYLE('',(#10376));
#10376 = FILL_AREA_STYLE_COLOUR('',#10299);
#10377 = STYLED_ITEM('color',(#10378),#962);
#10378 = PRESENTATION_STYLE_ASSIGNMENT((#10379));
#10379 = SURFACE_STYLE_USAGE(.BOTH.,#10380);
#10380 = SURFACE_SIDE_STYLE('',(#10381));
#10381 = SURFACE_STYLE_FILL_AREA(#10382);
#10382 = FILL_AREA_STYLE('',(#10383));
#10383 = FILL_AREA_STYLE_COLOUR('',#10299);
#10384 = STYLED_ITEM('color',(#10385),#979);
#10385 = PRESENTATION_STYLE_ASSIGNMENT((#10386));
#10386 = SURFACE_STYLE_USAGE(.BOTH.,#10387);
#10387 = SURFACE_SIDE_STYLE('',(#10388));
#10388 = SURFACE_STYLE_FILL_AREA(#10389);
#10389 = FILL_AREA_STYLE('',(#10390));
#10390 = FILL_AREA_STYLE_COLOUR('',#10299);
#10391 = STYLED_ITEM('color',(#10392),#996);
#10392 = PRESENTATION_STYLE_ASSIGNMENT((#10393));
#10393 = SURFACE_STYLE_USAGE(.BOTH.,#10394);
#10394 = SURFACE_SIDE_STYLE('',(#10395));
#10395 = SURFACE_STYLE_FILL_AREA(#10396);
#10396 = FILL_AREA_STYLE('',(#10397));
#10397 = FILL_AREA_STYLE_COLOUR('',#10299);
#10398 = STYLED_ITEM('color',(#10399),#1013);
#10399 = PRESENTATION_STYLE_ASSIGNMENT((#10400));
#10400 = SURFACE_STYLE_USAGE(.BOTH.,#10401);
#10401 = SURFACE_SIDE_STYLE('',(#10402));
#10402 = SURFACE_STYLE_FILL_AREA(#10403);
#10403 = FILL_AREA_STYLE('',(#10404));
#10404 = FILL_AREA_STYLE_COLOUR('',#10299);
#10405 = STYLED_ITEM('color',(#10406),#1030);
#10406 = PRESENTATION_STYLE_ASSIGNMENT((#10407));
#10407 = SURFACE_STYLE_USAGE(.BOTH.,#10408);
#10408 = SURFACE_SIDE_STYLE('',(#10409));
#10409 = SURFACE_STYLE_FILL_AREA(#10410);
#10410 = FILL_AREA_STYLE('',(#10411));
#10411 = FILL_AREA_STYLE_COLOUR('',#10299);
#10412 = STYLED_ITEM('color',(#10413),#1047);
#10413 = PRESENTATION_STYLE_ASSIGNMENT((#10414));
#10414 = SURFACE_STYLE_USAGE(.BOTH.,#10415);
#10415 = SURFACE_SIDE_STYLE('',(#10416));
#10416 = SURFACE_STYLE_FILL_AREA(#10417);
#10417 = FILL_AREA_STYLE('',(#10418));
#10418 = FILL_AREA_STYLE_COLOUR('',#10299);
#10419 = STYLED_ITEM('color',(#10420),#1064);
#10420 = PRESENTATION_STYLE_ASSIGNMENT((#10421));
#10421 = SURFACE_STYLE_USAGE(.BOTH.,#10422);
#10422 = SURFACE_SIDE_STYLE('',(#10423));
#10423 = SURFACE_STYLE_FILL_AREA(#10424);
#10424 = FILL_AREA_STYLE('',(#10425));
#10425 = FILL_AREA_STYLE_COLOUR('',#10299);
#10426 = STYLED_ITEM('color',(#10427),#1081);
#10427 = PRESENTATION_STYLE_ASSIGNMENT((#10428));
#10428 = SURFACE_STYLE_USAGE(.BOTH.,#10429);
#10429 = SURFACE_SIDE_STYLE('',(#10430));
#10430 = SURFACE_STYLE_FILL_AREA(#10431);
#10431 = FILL_AREA_STYLE('',(#10432));
#10432 = FILL_AREA_STYLE_COLOUR('',#10299);
#10433 = STYLED_ITEM('color',(#10434),#1098);
#10434 = PRESENTATION_STYLE_ASSIGNMENT((#10435));
#10435 = SURFACE_STYLE_USAGE(.BOTH.,#10436);
#10436 = SURFACE_SIDE_STYLE('',(#10437));
#10437 = SURFACE_STYLE_FILL_AREA(#10438);
#10438 = FILL_AREA_STYLE('',(#10439));
#10439 = FILL_AREA_STYLE_COLOUR('',#10299);
#10440 = STYLED_ITEM('color',(#10441),#1115);
#10441 = PRESENTATION_STYLE_ASSIGNMENT((#10442));
#10442 = SURFACE_STYLE_USAGE(.BOTH.,#10443);
#10443 = SURFACE_SIDE_STYLE('',(#10444));
#10444 = SURFACE_STYLE_FILL_AREA(#10445);
#10445 = FILL_AREA_STYLE('',(#10446));
#10446 = FILL_AREA_STYLE_COLOUR('',#10299);
#10447 = STYLED_ITEM('color',(#10448),#1132);
#10448 = PRESENTATION_STYLE_ASSIGNMENT((#10449));
#10449 = SURFACE_STYLE_USAGE(.BOTH.,#10450);
#10450 = SURFACE_SIDE_STYLE('',(#10451));
#10451 = SURFACE_STYLE_FILL_AREA(#10452);
#10452 = FILL_AREA_STYLE('',(#10453));
#10453 = FILL_AREA_STYLE_COLOUR('',#10299);
#10454 = STYLED_ITEM('color',(#10455),#1149);
#10455 = PRESENTATION_STYLE_ASSIGNMENT((#10456));
#10456 = SURFACE_STYLE_USAGE(.BOTH.,#10457);
#10457 = SURFACE_SIDE_STYLE('',(#10458));
#10458 = SURFACE_STYLE_FILL_AREA(#10459);
#10459 = FILL_AREA_STYLE('',(#10460));
#10460 = FILL_AREA_STYLE_COLOUR('',#10299);
#10461 = STYLED_ITEM('color',(#10462),#1166);
#10462 = PRESENTATION_STYLE_ASSIGNMENT((#10463));
#10463 = SURFACE_STYLE_USAGE(.BOTH.,#10464);
#10464 = SURFACE_SIDE_STYLE('',(#10465));
#10465 = SURFACE_STYLE_FILL_AREA(#10466);
#10466 = FILL_AREA_STYLE('',(#10467));
#10467 = FILL_AREA_STYLE_COLOUR('',#10299);
#10468 = STYLED_ITEM('color',(#10469),#1183);
#10469 = PRESENTATION_STYLE_ASSIGNMENT((#10470));
#10470 = SURFACE_STYLE_USAGE(.BOTH.,#10471);
#10471 = SURFACE_SIDE_STYLE('',(#10472));
#10472 = SURFACE_STYLE_FILL_AREA(#10473);
#10473 = FILL_AREA_STYLE('',(#10474));
#10474 = FILL_AREA_STYLE_COLOUR('',#10299);
#10475 = STYLED_ITEM('color',(#10476),#1200);
#10476 = PRESENTATION_STYLE_ASSIGNMENT((#10477));
#10477 = SURFACE_STYLE_USAGE(.BOTH.,#10478);
#10478 = SURFACE_SIDE_STYLE('',(#10479));
#10479 = SURFACE_STYLE_FILL_AREA(#10480);
#10480 = FILL_AREA_STYLE('',(#10481));
#10481 = FILL_AREA_STYLE_COLOUR('',#10299);
#10482 = STYLED_ITEM('color',(#10483),#1217);
#10483 = PRESENTATION_STYLE_ASSIGNMENT((#10484));
#10484 = SURFACE_STYLE_USAGE(.BOTH.,#10485);
#10485 = SURFACE_SIDE_STYLE('',(#10486));
#10486 = SURFACE_STYLE_FILL_AREA(#10487);
#10487 = FILL_AREA_STYLE('',(#10488));
#10488 = FILL_AREA_STYLE_COLOUR('',#10299);
#10489 = STYLED_ITEM('color',(#10490),#1229);
#10490 = PRESENTATION_STYLE_ASSIGNMENT((#10491));
#10491 = SURFACE_STYLE_USAGE(.BOTH.,#10492);
#10492 = SURFACE_SIDE_STYLE('',(#10493));
#10493 = SURFACE_STYLE_FILL_AREA(#10494);
#10494 = FILL_AREA_STYLE('',(#10495));
#10495 = FILL_AREA_STYLE_COLOUR('',#10496);
#10496 = COLOUR_RGB('',0.859000020776,0.737999965183,0.495999988746);
#10497 = STYLED_ITEM('color',(#10498),#1285);
#10498 = PRESENTATION_STYLE_ASSIGNMENT((#10499));
#10499 = SURFACE_STYLE_USAGE(.BOTH.,#10500);
#10500 = SURFACE_SIDE_STYLE('',(#10501));
#10501 = SURFACE_STYLE_FILL_AREA(#10502);
#10502 = FILL_AREA_STYLE('',(#10503));
#10503 = FILL_AREA_STYLE_COLOUR('',#10496);
#10504 = STYLED_ITEM('color',(#10505),#1309);
#10505 = PRESENTATION_STYLE_ASSIGNMENT((#10506));
#10506 = SURFACE_STYLE_USAGE(.BOTH.,#10507);
#10507 = SURFACE_SIDE_STYLE('',(#10508));
#10508 = SURFACE_STYLE_FILL_AREA(#10509);
#10509 = FILL_AREA_STYLE('',(#10510));
#10510 = FILL_AREA_STYLE_COLOUR('',#10496);
#10511 = STYLED_ITEM('color',(#10512),#1358);
#10512 = PRESENTATION_STYLE_ASSIGNMENT((#10513));
#10513 = SURFACE_STYLE_USAGE(.BOTH.,#10514);
#10514 = SURFACE_SIDE_STYLE('',(#10515));
#10515 = SURFACE_STYLE_FILL_AREA(#10516);
#10516 = FILL_AREA_STYLE('',(#10517));
#10517 = FILL_AREA_STYLE_COLOUR('',#10496);
#10518 = STYLED_ITEM('color',(#10519),#1375);
#10519 = PRESENTATION_STYLE_ASSIGNMENT((#10520));
#10520 = SURFACE_STYLE_USAGE(.BOTH.,#10521);
#10521 = SURFACE_SIDE_STYLE('',(#10522));
#10522 = SURFACE_STYLE_FILL_AREA(#10523);
#10523 = FILL_AREA_STYLE('',(#10524));
#10524 = FILL_AREA_STYLE_COLOUR('',#10496);
#10525 = STYLED_ITEM('color',(#10526),#1406);
#10526 = PRESENTATION_STYLE_ASSIGNMENT((#10527));
#10527 = SURFACE_STYLE_USAGE(.BOTH.,#10528);
#10528 = SURFACE_SIDE_STYLE('',(#10529));
#10529 = SURFACE_STYLE_FILL_AREA(#10530);
#10530 = FILL_AREA_STYLE('',(#10531));
#10531 = FILL_AREA_STYLE_COLOUR('',#10496);
#10532 = STYLED_ITEM('color',(#10533),#1455);
#10533 = PRESENTATION_STYLE_ASSIGNMENT((#10534));
#10534 = SURFACE_STYLE_USAGE(.BOTH.,#10535);
#10535 = SURFACE_SIDE_STYLE('',(#10536));
#10536 = SURFACE_STYLE_FILL_AREA(#10537);
#10537 = FILL_AREA_STYLE('',(#10538));
#10538 = FILL_AREA_STYLE_COLOUR('',#10496);
#10539 = STYLED_ITEM('color',(#10540),#1479);
#10540 = PRESENTATION_STYLE_ASSIGNMENT((#10541));
#10541 = SURFACE_STYLE_USAGE(.BOTH.,#10542);
#10542 = SURFACE_SIDE_STYLE('',(#10543));
#10543 = SURFACE_STYLE_FILL_AREA(#10544);
#10544 = FILL_AREA_STYLE('',(#10545));
#10545 = FILL_AREA_STYLE_COLOUR('',#10496);
#10546 = STYLED_ITEM('color',(#10547),#1521);
#10547 = PRESENTATION_STYLE_ASSIGNMENT((#10548));
#10548 = SURFACE_STYLE_USAGE(.BOTH.,#10549);
#10549 = SURFACE_SIDE_STYLE('',(#10550));
#10550 = SURFACE_STYLE_FILL_AREA(#10551);
#10551 = FILL_AREA_STYLE('',(#10552));
#10552 = FILL_AREA_STYLE_COLOUR('',#10496);
#10553 = STYLED_ITEM('color',(#10554),#1552);
#10554 = PRESENTATION_STYLE_ASSIGNMENT((#10555));
#10555 = SURFACE_STYLE_USAGE(.BOTH.,#10556);
#10556 = SURFACE_SIDE_STYLE('',(#10557));
#10557 = SURFACE_STYLE_FILL_AREA(#10558);
#10558 = FILL_AREA_STYLE('',(#10559));
#10559 = FILL_AREA_STYLE_COLOUR('',#10496);
#10560 = STYLED_ITEM('color',(#10561),#1601);
#10561 = PRESENTATION_STYLE_ASSIGNMENT((#10562));
#10562 = SURFACE_STYLE_USAGE(.BOTH.,#10563);
#10563 = SURFACE_SIDE_STYLE('',(#10564));
#10564 = SURFACE_STYLE_FILL_AREA(#10565);
#10565 = FILL_AREA_STYLE('',(#10566));
#10566 = FILL_AREA_STYLE_COLOUR('',#10496);
#10567 = STYLED_ITEM('color',(#10568),#1625);
#10568 = PRESENTATION_STYLE_ASSIGNMENT((#10569));
#10569 = SURFACE_STYLE_USAGE(.BOTH.,#10570);
#10570 = SURFACE_SIDE_STYLE('',(#10571));
#10571 = SURFACE_STYLE_FILL_AREA(#10572);
#10572 = FILL_AREA_STYLE('',(#10573));
#10573 = FILL_AREA_STYLE_COLOUR('',#10496);
#10574 = STYLED_ITEM('color',(#10575),#1667);
#10575 = PRESENTATION_STYLE_ASSIGNMENT((#10576));
#10576 = SURFACE_STYLE_USAGE(.BOTH.,#10577);
#10577 = SURFACE_SIDE_STYLE('',(#10578));
#10578 = SURFACE_STYLE_FILL_AREA(#10579);
#10579 = FILL_AREA_STYLE('',(#10580));
#10580 = FILL_AREA_STYLE_COLOUR('',#10496);
#10581 = STYLED_ITEM('color',(#10582),#1698);
#10582 = PRESENTATION_STYLE_ASSIGNMENT((#10583));
#10583 = SURFACE_STYLE_USAGE(.BOTH.,#10584);
#10584 = SURFACE_SIDE_STYLE('',(#10585));
#10585 = SURFACE_STYLE_FILL_AREA(#10586);
#10586 = FILL_AREA_STYLE('',(#10587));
#10587 = FILL_AREA_STYLE_COLOUR('',#10496);
#10588 = STYLED_ITEM('color',(#10589),#1747);
#10589 = PRESENTATION_STYLE_ASSIGNMENT((#10590));
#10590 = SURFACE_STYLE_USAGE(.BOTH.,#10591);
#10591 = SURFACE_SIDE_STYLE('',(#10592));
#10592 = SURFACE_STYLE_FILL_AREA(#10593);
#10593 = FILL_AREA_STYLE('',(#10594));
#10594 = FILL_AREA_STYLE_COLOUR('',#10496);
#10595 = STYLED_ITEM('color',(#10596),#1771);
#10596 = PRESENTATION_STYLE_ASSIGNMENT((#10597));
#10597 = SURFACE_STYLE_USAGE(.BOTH.,#10598);
#10598 = SURFACE_SIDE_STYLE('',(#10599));
#10599 = SURFACE_STYLE_FILL_AREA(#10600);
#10600 = FILL_AREA_STYLE('',(#10601));
#10601 = FILL_AREA_STYLE_COLOUR('',#10496);
#10602 = STYLED_ITEM('color',(#10603),#1813);
#10603 = PRESENTATION_STYLE_ASSIGNMENT((#10604));
#10604 = SURFACE_STYLE_USAGE(.BOTH.,#10605);
#10605 = SURFACE_SIDE_STYLE('',(#10606));
#10606 = SURFACE_STYLE_FILL_AREA(#10607);
#10607 = FILL_AREA_STYLE('',(#10608));
#10608 = FILL_AREA_STYLE_COLOUR('',#10496);
#10609 = STYLED_ITEM('color',(#10610),#1844);
#10610 = PRESENTATION_STYLE_ASSIGNMENT((#10611));
#10611 = SURFACE_STYLE_USAGE(.BOTH.,#10612);
#10612 = SURFACE_SIDE_STYLE('',(#10613));
#10613 = SURFACE_STYLE_FILL_AREA(#10614);
#10614 = FILL_AREA_STYLE('',(#10615));
#10615 = FILL_AREA_STYLE_COLOUR('',#10496);
#10616 = STYLED_ITEM('color',(#10617),#1868);
#10617 = PRESENTATION_STYLE_ASSIGNMENT((#10618));
#10618 = SURFACE_STYLE_USAGE(.BOTH.,#10619);
#10619 = SURFACE_SIDE_STYLE('',(#10620));
#10620 = SURFACE_STYLE_FILL_AREA(#10621);
#10621 = FILL_AREA_STYLE('',(#10622));
#10622 = FILL_AREA_STYLE_COLOUR('',#10496);
#10623 = STYLED_ITEM('color',(#10624),#1892);
#10624 = PRESENTATION_STYLE_ASSIGNMENT((#10625));
#10625 = SURFACE_STYLE_USAGE(.BOTH.,#10626);
#10626 = SURFACE_SIDE_STYLE('',(#10627));
#10627 = SURFACE_STYLE_FILL_AREA(#10628);
#10628 = FILL_AREA_STYLE('',(#10629));
#10629 = FILL_AREA_STYLE_COLOUR('',#10496);
#10630 = STYLED_ITEM('color',(#10631),#1909);
#10631 = PRESENTATION_STYLE_ASSIGNMENT((#10632));
#10632 = SURFACE_STYLE_USAGE(.BOTH.,#10633);
#10633 = SURFACE_SIDE_STYLE('',(#10634));
#10634 = SURFACE_STYLE_FILL_AREA(#10635);
#10635 = FILL_AREA_STYLE('',(#10636));
#10636 = FILL_AREA_STYLE_COLOUR('',#10496);
#10637 = STYLED_ITEM('color',(#10638),#1940);
#10638 = PRESENTATION_STYLE_ASSIGNMENT((#10639));
#10639 = SURFACE_STYLE_USAGE(.BOTH.,#10640);
#10640 = SURFACE_SIDE_STYLE('',(#10641));
#10641 = SURFACE_STYLE_FILL_AREA(#10642);
#10642 = FILL_AREA_STYLE('',(#10643));
#10643 = FILL_AREA_STYLE_COLOUR('',#10496);
#10644 = STYLED_ITEM('color',(#10645),#1964);
#10645 = PRESENTATION_STYLE_ASSIGNMENT((#10646));
#10646 = SURFACE_STYLE_USAGE(.BOTH.,#10647);
#10647 = SURFACE_SIDE_STYLE('',(#10648));
#10648 = SURFACE_STYLE_FILL_AREA(#10649);
#10649 = FILL_AREA_STYLE('',(#10650));
#10650 = FILL_AREA_STYLE_COLOUR('',#10496);
#10651 = STYLED_ITEM('color',(#10652),#1988);
#10652 = PRESENTATION_STYLE_ASSIGNMENT((#10653));
#10653 = SURFACE_STYLE_USAGE(.BOTH.,#10654);
#10654 = SURFACE_SIDE_STYLE('',(#10655));
#10655 = SURFACE_STYLE_FILL_AREA(#10656);
#10656 = FILL_AREA_STYLE('',(#10657));
#10657 = FILL_AREA_STYLE_COLOUR('',#10496);
#10658 = STYLED_ITEM('color',(#10659),#2005);
#10659 = PRESENTATION_STYLE_ASSIGNMENT((#10660));
#10660 = SURFACE_STYLE_USAGE(.BOTH.,#10661);
#10661 = SURFACE_SIDE_STYLE('',(#10662));
#10662 = SURFACE_STYLE_FILL_AREA(#10663);
#10663 = FILL_AREA_STYLE('',(#10664));
#10664 = FILL_AREA_STYLE_COLOUR('',#10496);
#10665 = STYLED_ITEM('color',(#10666),#2036);
#10666 = PRESENTATION_STYLE_ASSIGNMENT((#10667));
#10667 = SURFACE_STYLE_USAGE(.BOTH.,#10668);
#10668 = SURFACE_SIDE_STYLE('',(#10669));
#10669 = SURFACE_STYLE_FILL_AREA(#10670);
#10670 = FILL_AREA_STYLE('',(#10671));
#10671 = FILL_AREA_STYLE_COLOUR('',#10496);
#10672 = STYLED_ITEM('color',(#10673),#2060);
#10673 = PRESENTATION_STYLE_ASSIGNMENT((#10674));
#10674 = SURFACE_STYLE_USAGE(.BOTH.,#10675);
#10675 = SURFACE_SIDE_STYLE('',(#10676));
#10676 = SURFACE_STYLE_FILL_AREA(#10677);
#10677 = FILL_AREA_STYLE('',(#10678));
#10678 = FILL_AREA_STYLE_COLOUR('',#10496);
#10679 = STYLED_ITEM('color',(#10680),#2084);
#10680 = PRESENTATION_STYLE_ASSIGNMENT((#10681));
#10681 = SURFACE_STYLE_USAGE(.BOTH.,#10682);
#10682 = SURFACE_SIDE_STYLE('',(#10683));
#10683 = SURFACE_STYLE_FILL_AREA(#10684);
#10684 = FILL_AREA_STYLE('',(#10685));
#10685 = FILL_AREA_STYLE_COLOUR('',#10496);
#10686 = STYLED_ITEM('color',(#10687),#2101);
#10687 = PRESENTATION_STYLE_ASSIGNMENT((#10688));
#10688 = SURFACE_STYLE_USAGE(.BOTH.,#10689);
#10689 = SURFACE_SIDE_STYLE('',(#10690));
#10690 = SURFACE_STYLE_FILL_AREA(#10691);
#10691 = FILL_AREA_STYLE('',(#10692));
#10692 = FILL_AREA_STYLE_COLOUR('',#10496);
#10693 = STYLED_ITEM('color',(#10694),#2132);
#10694 = PRESENTATION_STYLE_ASSIGNMENT((#10695));
#10695 = SURFACE_STYLE_USAGE(.BOTH.,#10696);
#10696 = SURFACE_SIDE_STYLE('',(#10697));
#10697 = SURFACE_STYLE_FILL_AREA(#10698);
#10698 = FILL_AREA_STYLE('',(#10699));
#10699 = FILL_AREA_STYLE_COLOUR('',#10496);
#10700 = STYLED_ITEM('color',(#10701),#2156);
#10701 = PRESENTATION_STYLE_ASSIGNMENT((#10702));
#10702 = SURFACE_STYLE_USAGE(.BOTH.,#10703);
#10703 = SURFACE_SIDE_STYLE('',(#10704));
#10704 = SURFACE_STYLE_FILL_AREA(#10705);
#10705 = FILL_AREA_STYLE('',(#10706));
#10706 = FILL_AREA_STYLE_COLOUR('',#10496);
#10707 = STYLED_ITEM('color',(#10708),#2180);
#10708 = PRESENTATION_STYLE_ASSIGNMENT((#10709));
#10709 = SURFACE_STYLE_USAGE(.BOTH.,#10710);
#10710 = SURFACE_SIDE_STYLE('',(#10711));
#10711 = SURFACE_STYLE_FILL_AREA(#10712);
#10712 = FILL_AREA_STYLE('',(#10713));
#10713 = FILL_AREA_STYLE_COLOUR('',#10496);
#10714 = STYLED_ITEM('color',(#10715),#2197);
#10715 = PRESENTATION_STYLE_ASSIGNMENT((#10716));
#10716 = SURFACE_STYLE_USAGE(.BOTH.,#10717);
#10717 = SURFACE_SIDE_STYLE('',(#10718));
#10718 = SURFACE_STYLE_FILL_AREA(#10719);
#10719 = FILL_AREA_STYLE('',(#10720));
#10720 = FILL_AREA_STYLE_COLOUR('',#10496);
#10721 = STYLED_ITEM('color',(#10722),#2214);
#10722 = PRESENTATION_STYLE_ASSIGNMENT((#10723));
#10723 = SURFACE_STYLE_USAGE(.BOTH.,#10724);
#10724 = SURFACE_SIDE_STYLE('',(#10725));
#10725 = SURFACE_STYLE_FILL_AREA(#10726);
#10726 = FILL_AREA_STYLE('',(#10727));
#10727 = FILL_AREA_STYLE_COLOUR('',#10496);
#10728 = STYLED_ITEM('color',(#10729),#2231);
#10729 = PRESENTATION_STYLE_ASSIGNMENT((#10730));
#10730 = SURFACE_STYLE_USAGE(.BOTH.,#10731);
#10731 = SURFACE_SIDE_STYLE('',(#10732));
#10732 = SURFACE_STYLE_FILL_AREA(#10733);
#10733 = FILL_AREA_STYLE('',(#10734));
#10734 = FILL_AREA_STYLE_COLOUR('',#10496);
#10735 = STYLED_ITEM('color',(#10736),#2262);
#10736 = PRESENTATION_STYLE_ASSIGNMENT((#10737));
#10737 = SURFACE_STYLE_USAGE(.BOTH.,#10738);
#10738 = SURFACE_SIDE_STYLE('',(#10739));
#10739 = SURFACE_STYLE_FILL_AREA(#10740);
#10740 = FILL_AREA_STYLE('',(#10741));
#10741 = FILL_AREA_STYLE_COLOUR('',#10496);
#10742 = STYLED_ITEM('color',(#10743),#2279);
#10743 = PRESENTATION_STYLE_ASSIGNMENT((#10744));
#10744 = SURFACE_STYLE_USAGE(.BOTH.,#10745);
#10745 = SURFACE_SIDE_STYLE('',(#10746));
#10746 = SURFACE_STYLE_FILL_AREA(#10747);
#10747 = FILL_AREA_STYLE('',(#10748));
#10748 = FILL_AREA_STYLE_COLOUR('',#10496);
#10749 = STYLED_ITEM('color',(#10750),#2310);
#10750 = PRESENTATION_STYLE_ASSIGNMENT((#10751));
#10751 = SURFACE_STYLE_USAGE(.BOTH.,#10752);
#10752 = SURFACE_SIDE_STYLE('',(#10753));
#10753 = SURFACE_STYLE_FILL_AREA(#10754);
#10754 = FILL_AREA_STYLE('',(#10755));
#10755 = FILL_AREA_STYLE_COLOUR('',#10496);
#10756 = STYLED_ITEM('color',(#10757),#2327);
#10757 = PRESENTATION_STYLE_ASSIGNMENT((#10758));
#10758 = SURFACE_STYLE_USAGE(.BOTH.,#10759);
#10759 = SURFACE_SIDE_STYLE('',(#10760));
#10760 = SURFACE_STYLE_FILL_AREA(#10761);
#10761 = FILL_AREA_STYLE('',(#10762));
#10762 = FILL_AREA_STYLE_COLOUR('',#10496);
#10763 = STYLED_ITEM('color',(#10764),#2344);
#10764 = PRESENTATION_STYLE_ASSIGNMENT((#10765));
#10765 = SURFACE_STYLE_USAGE(.BOTH.,#10766);
#10766 = SURFACE_SIDE_STYLE('',(#10767));
#10767 = SURFACE_STYLE_FILL_AREA(#10768);
#10768 = FILL_AREA_STYLE('',(#10769));
#10769 = FILL_AREA_STYLE_COLOUR('',#10496);
#10770 = STYLED_ITEM('color',(#10771),#2375);
#10771 = PRESENTATION_STYLE_ASSIGNMENT((#10772));
#10772 = SURFACE_STYLE_USAGE(.BOTH.,#10773);
#10773 = SURFACE_SIDE_STYLE('',(#10774));
#10774 = SURFACE_STYLE_FILL_AREA(#10775);
#10775 = FILL_AREA_STYLE('',(#10776));
#10776 = FILL_AREA_STYLE_COLOUR('',#10496);
#10777 = STYLED_ITEM('color',(#10778),#2392);
#10778 = PRESENTATION_STYLE_ASSIGNMENT((#10779));
#10779 = SURFACE_STYLE_USAGE(.BOTH.,#10780);
#10780 = SURFACE_SIDE_STYLE('',(#10781));
#10781 = SURFACE_STYLE_FILL_AREA(#10782);
#10782 = FILL_AREA_STYLE('',(#10783));
#10783 = FILL_AREA_STYLE_COLOUR('',#10496);
#10784 = STYLED_ITEM('color',(#10785),#2423);
#10785 = PRESENTATION_STYLE_ASSIGNMENT((#10786));
#10786 = SURFACE_STYLE_USAGE(.BOTH.,#10787);
#10787 = SURFACE_SIDE_STYLE('',(#10788));
#10788 = SURFACE_STYLE_FILL_AREA(#10789);
#10789 = FILL_AREA_STYLE('',(#10790));
#10790 = FILL_AREA_STYLE_COLOUR('',#10496);
#10791 = STYLED_ITEM('color',(#10792),#2440);
#10792 = PRESENTATION_STYLE_ASSIGNMENT((#10793));
#10793 = SURFACE_STYLE_USAGE(.BOTH.,#10794);
#10794 = SURFACE_SIDE_STYLE('',(#10795));
#10795 = SURFACE_STYLE_FILL_AREA(#10796);
#10796 = FILL_AREA_STYLE('',(#10797));
#10797 = FILL_AREA_STYLE_COLOUR('',#10496);
#10798 = STYLED_ITEM('color',(#10799),#2457);
#10799 = PRESENTATION_STYLE_ASSIGNMENT((#10800));
#10800 = SURFACE_STYLE_USAGE(.BOTH.,#10801);
#10801 = SURFACE_SIDE_STYLE('',(#10802));
#10802 = SURFACE_STYLE_FILL_AREA(#10803);
#10803 = FILL_AREA_STYLE('',(#10804));
#10804 = FILL_AREA_STYLE_COLOUR('',#10496);
#10805 = STYLED_ITEM('color',(#10806),#2488);
#10806 = PRESENTATION_STYLE_ASSIGNMENT((#10807));
#10807 = SURFACE_STYLE_USAGE(.BOTH.,#10808);
#10808 = SURFACE_SIDE_STYLE('',(#10809));
#10809 = SURFACE_STYLE_FILL_AREA(#10810);
#10810 = FILL_AREA_STYLE('',(#10811));
#10811 = FILL_AREA_STYLE_COLOUR('',#10496);
#10812 = STYLED_ITEM('color',(#10813),#2505);
#10813 = PRESENTATION_STYLE_ASSIGNMENT((#10814));
#10814 = SURFACE_STYLE_USAGE(.BOTH.,#10815);
#10815 = SURFACE_SIDE_STYLE('',(#10816));
#10816 = SURFACE_STYLE_FILL_AREA(#10817);
#10817 = FILL_AREA_STYLE('',(#10818));
#10818 = FILL_AREA_STYLE_COLOUR('',#10496);
#10819 = STYLED_ITEM('color',(#10820),#2536);
#10820 = PRESENTATION_STYLE_ASSIGNMENT((#10821));
#10821 = SURFACE_STYLE_USAGE(.BOTH.,#10822);
#10822 = SURFACE_SIDE_STYLE('',(#10823));
#10823 = SURFACE_STYLE_FILL_AREA(#10824);
#10824 = FILL_AREA_STYLE('',(#10825));
#10825 = FILL_AREA_STYLE_COLOUR('',#10496);
#10826 = STYLED_ITEM('color',(#10827),#2553);
#10827 = PRESENTATION_STYLE_ASSIGNMENT((#10828));
#10828 = SURFACE_STYLE_USAGE(.BOTH.,#10829);
#10829 = SURFACE_SIDE_STYLE('',(#10830));
#10830 = SURFACE_STYLE_FILL_AREA(#10831);
#10831 = FILL_AREA_STYLE('',(#10832));
#10832 = FILL_AREA_STYLE_COLOUR('',#10496);
#10833 = STYLED_ITEM('color',(#10834),#2570);
#10834 = PRESENTATION_STYLE_ASSIGNMENT((#10835));
#10835 = SURFACE_STYLE_USAGE(.BOTH.,#10836);
#10836 = SURFACE_SIDE_STYLE('',(#10837));
#10837 = SURFACE_STYLE_FILL_AREA(#10838);
#10838 = FILL_AREA_STYLE('',(#10839));
#10839 = FILL_AREA_STYLE_COLOUR('',#10496);
#10840 = STYLED_ITEM('color',(#10841),#2601);
#10841 = PRESENTATION_STYLE_ASSIGNMENT((#10842));
#10842 = SURFACE_STYLE_USAGE(.BOTH.,#10843);
#10843 = SURFACE_SIDE_STYLE('',(#10844));
#10844 = SURFACE_STYLE_FILL_AREA(#10845);
#10845 = FILL_AREA_STYLE('',(#10846));
#10846 = FILL_AREA_STYLE_COLOUR('',#10496);
#10847 = STYLED_ITEM('color',(#10848),#2618);
#10848 = PRESENTATION_STYLE_ASSIGNMENT((#10849));
#10849 = SURFACE_STYLE_USAGE(.BOTH.,#10850);
#10850 = SURFACE_SIDE_STYLE('',(#10851));
#10851 = SURFACE_STYLE_FILL_AREA(#10852);
#10852 = FILL_AREA_STYLE('',(#10853));
#10853 = FILL_AREA_STYLE_COLOUR('',#10496);
#10854 = STYLED_ITEM('color',(#10855),#2649);
#10855 = PRESENTATION_STYLE_ASSIGNMENT((#10856));
#10856 = SURFACE_STYLE_USAGE(.BOTH.,#10857);
#10857 = SURFACE_SIDE_STYLE('',(#10858));
#10858 = SURFACE_STYLE_FILL_AREA(#10859);
#10859 = FILL_AREA_STYLE('',(#10860));
#10860 = FILL_AREA_STYLE_COLOUR('',#10496);
#10861 = STYLED_ITEM('color',(#10862),#2680);
#10862 = PRESENTATION_STYLE_ASSIGNMENT((#10863));
#10863 = SURFACE_STYLE_USAGE(.BOTH.,#10864);
#10864 = SURFACE_SIDE_STYLE('',(#10865));
#10865 = SURFACE_STYLE_FILL_AREA(#10866);
#10866 = FILL_AREA_STYLE('',(#10867));
#10867 = FILL_AREA_STYLE_COLOUR('',#10496);
#10868 = STYLED_ITEM('color',(#10869),#2704);
#10869 = PRESENTATION_STYLE_ASSIGNMENT((#10870));
#10870 = SURFACE_STYLE_USAGE(.BOTH.,#10871);
#10871 = SURFACE_SIDE_STYLE('',(#10872));
#10872 = SURFACE_STYLE_FILL_AREA(#10873);
#10873 = FILL_AREA_STYLE('',(#10874));
#10874 = FILL_AREA_STYLE_COLOUR('',#10496);
#10875 = STYLED_ITEM('color',(#10876),#2728);
#10876 = PRESENTATION_STYLE_ASSIGNMENT((#10877));
#10877 = SURFACE_STYLE_USAGE(.BOTH.,#10878);
#10878 = SURFACE_SIDE_STYLE('',(#10879));
#10879 = SURFACE_STYLE_FILL_AREA(#10880);
#10880 = FILL_AREA_STYLE('',(#10881));
#10881 = FILL_AREA_STYLE_COLOUR('',#10496);
#10882 = STYLED_ITEM('color',(#10883),#2745);
#10883 = PRESENTATION_STYLE_ASSIGNMENT((#10884));
#10884 = SURFACE_STYLE_USAGE(.BOTH.,#10885);
#10885 = SURFACE_SIDE_STYLE('',(#10886));
#10886 = SURFACE_STYLE_FILL_AREA(#10887);
#10887 = FILL_AREA_STYLE('',(#10888));
#10888 = FILL_AREA_STYLE_COLOUR('',#10496);
#10889 = STYLED_ITEM('color',(#10890),#2776);
#10890 = PRESENTATION_STYLE_ASSIGNMENT((#10891));
#10891 = SURFACE_STYLE_USAGE(.BOTH.,#10892);
#10892 = SURFACE_SIDE_STYLE('',(#10893));
#10893 = SURFACE_STYLE_FILL_AREA(#10894);
#10894 = FILL_AREA_STYLE('',(#10895));
#10895 = FILL_AREA_STYLE_COLOUR('',#10496);
#10896 = STYLED_ITEM('color',(#10897),#2800);
#10897 = PRESENTATION_STYLE_ASSIGNMENT((#10898));
#10898 = SURFACE_STYLE_USAGE(.BOTH.,#10899);
#10899 = SURFACE_SIDE_STYLE('',(#10900));
#10900 = SURFACE_STYLE_FILL_AREA(#10901);
#10901 = FILL_AREA_STYLE('',(#10902));
#10902 = FILL_AREA_STYLE_COLOUR('',#10496);
#10903 = STYLED_ITEM('color',(#10904),#2824);
#10904 = PRESENTATION_STYLE_ASSIGNMENT((#10905));
#10905 = SURFACE_STYLE_USAGE(.BOTH.,#10906);
#10906 = SURFACE_SIDE_STYLE('',(#10907));
#10907 = SURFACE_STYLE_FILL_AREA(#10908);
#10908 = FILL_AREA_STYLE('',(#10909));
#10909 = FILL_AREA_STYLE_COLOUR('',#10496);
#10910 = STYLED_ITEM('color',(#10911),#2841);
#10911 = PRESENTATION_STYLE_ASSIGNMENT((#10912));
#10912 = SURFACE_STYLE_USAGE(.BOTH.,#10913);
#10913 = SURFACE_SIDE_STYLE('',(#10914));
#10914 = SURFACE_STYLE_FILL_AREA(#10915);
#10915 = FILL_AREA_STYLE('',(#10916));
#10916 = FILL_AREA_STYLE_COLOUR('',#10496);
#10917 = STYLED_ITEM('color',(#10918),#2872);
#10918 = PRESENTATION_STYLE_ASSIGNMENT((#10919));
#10919 = SURFACE_STYLE_USAGE(.BOTH.,#10920);
#10920 = SURFACE_SIDE_STYLE('',(#10921));
#10921 = SURFACE_STYLE_FILL_AREA(#10922);
#10922 = FILL_AREA_STYLE('',(#10923));
#10923 = FILL_AREA_STYLE_COLOUR('',#10496);
#10924 = STYLED_ITEM('color',(#10925),#2896);
#10925 = PRESENTATION_STYLE_ASSIGNMENT((#10926));
#10926 = SURFACE_STYLE_USAGE(.BOTH.,#10927);
#10927 = SURFACE_SIDE_STYLE('',(#10928));
#10928 = SURFACE_STYLE_FILL_AREA(#10929);
#10929 = FILL_AREA_STYLE('',(#10930));
#10930 = FILL_AREA_STYLE_COLOUR('',#10496);
#10931 = STYLED_ITEM('color',(#10932),#2920);
#10932 = PRESENTATION_STYLE_ASSIGNMENT((#10933));
#10933 = SURFACE_STYLE_USAGE(.BOTH.,#10934);
#10934 = SURFACE_SIDE_STYLE('',(#10935));
#10935 = SURFACE_STYLE_FILL_AREA(#10936);
#10936 = FILL_AREA_STYLE('',(#10937));
#10937 = FILL_AREA_STYLE_COLOUR('',#10496);
#10938 = STYLED_ITEM('color',(#10939),#2937);
#10939 = PRESENTATION_STYLE_ASSIGNMENT((#10940));
#10940 = SURFACE_STYLE_USAGE(.BOTH.,#10941);
#10941 = SURFACE_SIDE_STYLE('',(#10942));
#10942 = SURFACE_STYLE_FILL_AREA(#10943);
#10943 = FILL_AREA_STYLE('',(#10944));
#10944 = FILL_AREA_STYLE_COLOUR('',#10496);
#10945 = STYLED_ITEM('color',(#10946),#2968);
#10946 = PRESENTATION_STYLE_ASSIGNMENT((#10947));
#10947 = SURFACE_STYLE_USAGE(.BOTH.,#10948);
#10948 = SURFACE_SIDE_STYLE('',(#10949));
#10949 = SURFACE_STYLE_FILL_AREA(#10950);
#10950 = FILL_AREA_STYLE('',(#10951));
#10951 = FILL_AREA_STYLE_COLOUR('',#10496);
#10952 = STYLED_ITEM('color',(#10953),#2992);
#10953 = PRESENTATION_STYLE_ASSIGNMENT((#10954));
#10954 = SURFACE_STYLE_USAGE(.BOTH.,#10955);
#10955 = SURFACE_SIDE_STYLE('',(#10956));
#10956 = SURFACE_STYLE_FILL_AREA(#10957);
#10957 = FILL_AREA_STYLE('',(#10958));
#10958 = FILL_AREA_STYLE_COLOUR('',#10496);
#10959 = STYLED_ITEM('color',(#10960),#3016);
#10960 = PRESENTATION_STYLE_ASSIGNMENT((#10961));
#10961 = SURFACE_STYLE_USAGE(.BOTH.,#10962);
#10962 = SURFACE_SIDE_STYLE('',(#10963));
#10963 = SURFACE_STYLE_FILL_AREA(#10964);
#10964 = FILL_AREA_STYLE('',(#10965));
#10965 = FILL_AREA_STYLE_COLOUR('',#10496);
#10966 = STYLED_ITEM('color',(#10967),#3033);
#10967 = PRESENTATION_STYLE_ASSIGNMENT((#10968));
#10968 = SURFACE_STYLE_USAGE(.BOTH.,#10969);
#10969 = SURFACE_SIDE_STYLE('',(#10970));
#10970 = SURFACE_STYLE_FILL_AREA(#10971);
#10971 = FILL_AREA_STYLE('',(#10972));
#10972 = FILL_AREA_STYLE_COLOUR('',#10496);
#10973 = STYLED_ITEM('color',(#10974),#3050);
#10974 = PRESENTATION_STYLE_ASSIGNMENT((#10975));
#10975 = SURFACE_STYLE_USAGE(.BOTH.,#10976);
#10976 = SURFACE_SIDE_STYLE('',(#10977));
#10977 = SURFACE_STYLE_FILL_AREA(#10978);
#10978 = FILL_AREA_STYLE('',(#10979));
#10979 = FILL_AREA_STYLE_COLOUR('',#10496);
#10980 = STYLED_ITEM('color',(#10981),#3067);
#10981 = PRESENTATION_STYLE_ASSIGNMENT((#10982));
#10982 = SURFACE_STYLE_USAGE(.BOTH.,#10983);
#10983 = SURFACE_SIDE_STYLE('',(#10984));
#10984 = SURFACE_STYLE_FILL_AREA(#10985);
#10985 = FILL_AREA_STYLE('',(#10986));
#10986 = FILL_AREA_STYLE_COLOUR('',#10496);
#10987 = STYLED_ITEM('color',(#10988),#3079);
#10988 = PRESENTATION_STYLE_ASSIGNMENT((#10989));
#10989 = SURFACE_STYLE_USAGE(.BOTH.,#10990);
#10990 = SURFACE_SIDE_STYLE('',(#10991));
#10991 = SURFACE_STYLE_FILL_AREA(#10992);
#10992 = FILL_AREA_STYLE('',(#10993));
#10993 = FILL_AREA_STYLE_COLOUR('',#10496);
#10994 = STYLED_ITEM('color',(#10995),#3096);
#10995 = PRESENTATION_STYLE_ASSIGNMENT((#10996));
#10996 = SURFACE_STYLE_USAGE(.BOTH.,#10997);
#10997 = SURFACE_SIDE_STYLE('',(#10998));
#10998 = SURFACE_STYLE_FILL_AREA(#10999);
#10999 = FILL_AREA_STYLE('',(#11000));
#11000 = FILL_AREA_STYLE_COLOUR('',#10496);
#11001 = STYLED_ITEM('color',(#11002),#3113);
#11002 = PRESENTATION_STYLE_ASSIGNMENT((#11003));
#11003 = SURFACE_STYLE_USAGE(.BOTH.,#11004);
#11004 = SURFACE_SIDE_STYLE('',(#11005));
#11005 = SURFACE_STYLE_FILL_AREA(#11006);
#11006 = FILL_AREA_STYLE('',(#11007));
#11007 = FILL_AREA_STYLE_COLOUR('',#10496);
#11008 = STYLED_ITEM('color',(#11009),#3125);
#11009 = PRESENTATION_STYLE_ASSIGNMENT((#11010));
#11010 = SURFACE_STYLE_USAGE(.BOTH.,#11011);
#11011 = SURFACE_SIDE_STYLE('',(#11012));
#11012 = SURFACE_STYLE_FILL_AREA(#11013);
#11013 = FILL_AREA_STYLE('',(#11014));
#11014 = FILL_AREA_STYLE_COLOUR('',#10496);
#11015 = STYLED_ITEM('color',(#11016),#3142);
#11016 = PRESENTATION_STYLE_ASSIGNMENT((#11017));
#11017 = SURFACE_STYLE_USAGE(.BOTH.,#11018);
#11018 = SURFACE_SIDE_STYLE('',(#11019));
#11019 = SURFACE_STYLE_FILL_AREA(#11020);
#11020 = FILL_AREA_STYLE('',(#11021));
#11021 = FILL_AREA_STYLE_COLOUR('',#10496);
#11022 = STYLED_ITEM('color',(#11023),#3159);
#11023 = PRESENTATION_STYLE_ASSIGNMENT((#11024));
#11024 = SURFACE_STYLE_USAGE(.BOTH.,#11025);
#11025 = SURFACE_SIDE_STYLE('',(#11026));
#11026 = SURFACE_STYLE_FILL_AREA(#11027);
#11027 = FILL_AREA_STYLE('',(#11028));
#11028 = FILL_AREA_STYLE_COLOUR('',#10496);
#11029 = STYLED_ITEM('color',(#11030),#3171);
#11030 = PRESENTATION_STYLE_ASSIGNMENT((#11031));
#11031 = SURFACE_STYLE_USAGE(.BOTH.,#11032);
#11032 = SURFACE_SIDE_STYLE('',(#11033));
#11033 = SURFACE_STYLE_FILL_AREA(#11034);
#11034 = FILL_AREA_STYLE('',(#11035));
#11035 = FILL_AREA_STYLE_COLOUR('',#10496);
#11036 = STYLED_ITEM('color',(#11037),#3188);
#11037 = PRESENTATION_STYLE_ASSIGNMENT((#11038));
#11038 = SURFACE_STYLE_USAGE(.BOTH.,#11039);
#11039 = SURFACE_SIDE_STYLE('',(#11040));
#11040 = SURFACE_STYLE_FILL_AREA(#11041);
#11041 = FILL_AREA_STYLE('',(#11042));
#11042 = FILL_AREA_STYLE_COLOUR('',#10496);
#11043 = STYLED_ITEM('color',(#11044),#3205);
#11044 = PRESENTATION_STYLE_ASSIGNMENT((#11045));
#11045 = SURFACE_STYLE_USAGE(.BOTH.,#11046);
#11046 = SURFACE_SIDE_STYLE('',(#11047));
#11047 = SURFACE_STYLE_FILL_AREA(#11048);
#11048 = FILL_AREA_STYLE('',(#11049));
#11049 = FILL_AREA_STYLE_COLOUR('',#10496);
#11050 = STYLED_ITEM('color',(#11051),#3217);
#11051 = PRESENTATION_STYLE_ASSIGNMENT((#11052));
#11052 = SURFACE_STYLE_USAGE(.BOTH.,#11053);
#11053 = SURFACE_SIDE_STYLE('',(#11054));
#11054 = SURFACE_STYLE_FILL_AREA(#11055);
#11055 = FILL_AREA_STYLE('',(#11056));
#11056 = FILL_AREA_STYLE_COLOUR('',#10496);
#11057 = STYLED_ITEM('color',(#11058),#3229);
#11058 = PRESENTATION_STYLE_ASSIGNMENT((#11059));
#11059 = SURFACE_STYLE_USAGE(.BOTH.,#11060);
#11060 = SURFACE_SIDE_STYLE('',(#11061));
#11061 = SURFACE_STYLE_FILL_AREA(#11062);
#11062 = FILL_AREA_STYLE('',(#11063));
#11063 = FILL_AREA_STYLE_COLOUR('',#10496);
#11064 = STYLED_ITEM('color',(#11065),#3241);
#11065 = PRESENTATION_STYLE_ASSIGNMENT((#11066));
#11066 = SURFACE_STYLE_USAGE(.BOTH.,#11067);
#11067 = SURFACE_SIDE_STYLE('',(#11068));
#11068 = SURFACE_STYLE_FILL_AREA(#11069);
#11069 = FILL_AREA_STYLE('',(#11070));
#11070 = FILL_AREA_STYLE_COLOUR('',#10496);
#11071 = STYLED_ITEM('color',(#11072),#3253);
#11072 = PRESENTATION_STYLE_ASSIGNMENT((#11073));
#11073 = SURFACE_STYLE_USAGE(.BOTH.,#11074);
#11074 = SURFACE_SIDE_STYLE('',(#11075));
#11075 = SURFACE_STYLE_FILL_AREA(#11076);
#11076 = FILL_AREA_STYLE('',(#11077));
#11077 = FILL_AREA_STYLE_COLOUR('',#10496);
#11078 = MECHANICAL_DESIGN_GEOMETRIC_PRESENTATION_REPRESENTATION('',(
    #11079,#11086,#11093,#11100,#11107,#11114,#11121,#11128,#11135,
    #11142,#11149,#11156,#11163,#11170,#11177,#11184,#11191,#11198,
    #11205,#11212,#11219,#11226,#11233,#11240,#11247,#11254,#11261,
    #11268,#11275,#11282,#11289,#11296,#11303,#11310,#11317,#11324,
    #11331,#11338,#11345,#11352,#11359,#11366,#11373,#11380,#11387,
    #11394,#11401,#11408,#11415,#11422,#11429,#11436),#9393);
#11079 = STYLED_ITEM('color',(#11080),#7963);
#11080 = PRESENTATION_STYLE_ASSIGNMENT((#11081));
#11081 = SURFACE_STYLE_USAGE(.BOTH.,#11082);
#11082 = SURFACE_SIDE_STYLE('',(#11083));
#11083 = SURFACE_STYLE_FILL_AREA(#11084);
#11084 = FILL_AREA_STYLE('',(#11085));
#11085 = FILL_AREA_STYLE_COLOUR('',#10299);
#11086 = STYLED_ITEM('color',(#11087),#8003);
#11087 = PRESENTATION_STYLE_ASSIGNMENT((#11088));
#11088 = SURFACE_STYLE_USAGE(.BOTH.,#11089);
#11089 = SURFACE_SIDE_STYLE('',(#11090));
#11090 = SURFACE_STYLE_FILL_AREA(#11091);
#11091 = FILL_AREA_STYLE('',(#11092));
#11092 = FILL_AREA_STYLE_COLOUR('',#10299);
#11093 = STYLED_ITEM('color',(#11094),#8034);
#11094 = PRESENTATION_STYLE_ASSIGNMENT((#11095));
#11095 = SURFACE_STYLE_USAGE(.BOTH.,#11096);
#11096 = SURFACE_SIDE_STYLE('',(#11097));
#11097 = SURFACE_STYLE_FILL_AREA(#11098);
#11098 = FILL_AREA_STYLE('',(#11099));
#11099 = FILL_AREA_STYLE_COLOUR('',#10299);
#11100 = STYLED_ITEM('color',(#11101),#8065);
#11101 = PRESENTATION_STYLE_ASSIGNMENT((#11102));
#11102 = SURFACE_STYLE_USAGE(.BOTH.,#11103);
#11103 = SURFACE_SIDE_STYLE('',(#11104));
#11104 = SURFACE_STYLE_FILL_AREA(#11105);
#11105 = FILL_AREA_STYLE('',(#11106));
#11106 = FILL_AREA_STYLE_COLOUR('',#10299);
#11107 = STYLED_ITEM('color',(#11108),#8230);
#11108 = PRESENTATION_STYLE_ASSIGNMENT((#11109));
#11109 = SURFACE_STYLE_USAGE(.BOTH.,#11110);
#11110 = SURFACE_SIDE_STYLE('',(#11111));
#11111 = SURFACE_STYLE_FILL_AREA(#11112);
#11112 = FILL_AREA_STYLE('',(#11113));
#11113 = FILL_AREA_STYLE_COLOUR('',#10299);
#11114 = STYLED_ITEM('color',(#11115),#8395);
#11115 = PRESENTATION_STYLE_ASSIGNMENT((#11116));
#11116 = SURFACE_STYLE_USAGE(.BOTH.,#11117);
#11117 = SURFACE_SIDE_STYLE('',(#11118));
#11118 = SURFACE_STYLE_FILL_AREA(#11119);
#11119 = FILL_AREA_STYLE('',(#11120));
#11120 = FILL_AREA_STYLE_COLOUR('',#10299);
#11121 = STYLED_ITEM('color',(#11122),#8412);
#11122 = PRESENTATION_STYLE_ASSIGNMENT((#11123));
#11123 = SURFACE_STYLE_USAGE(.BOTH.,#11124);
#11124 = SURFACE_SIDE_STYLE('',(#11125));
#11125 = SURFACE_STYLE_FILL_AREA(#11126);
#11126 = FILL_AREA_STYLE('',(#11127));
#11127 = FILL_AREA_STYLE_COLOUR('',#10299);
#11128 = STYLED_ITEM('color',(#11129),#8429);
#11129 = PRESENTATION_STYLE_ASSIGNMENT((#11130));
#11130 = SURFACE_STYLE_USAGE(.BOTH.,#11131);
#11131 = SURFACE_SIDE_STYLE('',(#11132));
#11132 = SURFACE_STYLE_FILL_AREA(#11133);
#11133 = FILL_AREA_STYLE('',(#11134));
#11134 = FILL_AREA_STYLE_COLOUR('',#10299);
#11135 = STYLED_ITEM('color',(#11136),#8446);
#11136 = PRESENTATION_STYLE_ASSIGNMENT((#11137));
#11137 = SURFACE_STYLE_USAGE(.BOTH.,#11138);
#11138 = SURFACE_SIDE_STYLE('',(#11139));
#11139 = SURFACE_STYLE_FILL_AREA(#11140);
#11140 = FILL_AREA_STYLE('',(#11141));
#11141 = FILL_AREA_STYLE_COLOUR('',#10299);
#11142 = STYLED_ITEM('color',(#11143),#8463);
#11143 = PRESENTATION_STYLE_ASSIGNMENT((#11144));
#11144 = SURFACE_STYLE_USAGE(.BOTH.,#11145);
#11145 = SURFACE_SIDE_STYLE('',(#11146));
#11146 = SURFACE_STYLE_FILL_AREA(#11147);
#11147 = FILL_AREA_STYLE('',(#11148));
#11148 = FILL_AREA_STYLE_COLOUR('',#10299);
#11149 = STYLED_ITEM('color',(#11150),#8480);
#11150 = PRESENTATION_STYLE_ASSIGNMENT((#11151));
#11151 = SURFACE_STYLE_USAGE(.BOTH.,#11152);
#11152 = SURFACE_SIDE_STYLE('',(#11153));
#11153 = SURFACE_STYLE_FILL_AREA(#11154);
#11154 = FILL_AREA_STYLE('',(#11155));
#11155 = FILL_AREA_STYLE_COLOUR('',#10299);
#11156 = STYLED_ITEM('color',(#11157),#8497);
#11157 = PRESENTATION_STYLE_ASSIGNMENT((#11158));
#11158 = SURFACE_STYLE_USAGE(.BOTH.,#11159);
#11159 = SURFACE_SIDE_STYLE('',(#11160));
#11160 = SURFACE_STYLE_FILL_AREA(#11161);
#11161 = FILL_AREA_STYLE('',(#11162));
#11162 = FILL_AREA_STYLE_COLOUR('',#10299);
#11163 = STYLED_ITEM('color',(#11164),#8514);
#11164 = PRESENTATION_STYLE_ASSIGNMENT((#11165));
#11165 = SURFACE_STYLE_USAGE(.BOTH.,#11166);
#11166 = SURFACE_SIDE_STYLE('',(#11167));
#11167 = SURFACE_STYLE_FILL_AREA(#11168);
#11168 = FILL_AREA_STYLE('',(#11169));
#11169 = FILL_AREA_STYLE_COLOUR('',#10299);
#11170 = STYLED_ITEM('color',(#11171),#8531);
#11171 = PRESENTATION_STYLE_ASSIGNMENT((#11172));
#11172 = SURFACE_STYLE_USAGE(.BOTH.,#11173);
#11173 = SURFACE_SIDE_STYLE('',(#11174));
#11174 = SURFACE_STYLE_FILL_AREA(#11175);
#11175 = FILL_AREA_STYLE('',(#11176));
#11176 = FILL_AREA_STYLE_COLOUR('',#10299);
#11177 = STYLED_ITEM('color',(#11178),#8548);
#11178 = PRESENTATION_STYLE_ASSIGNMENT((#11179));
#11179 = SURFACE_STYLE_USAGE(.BOTH.,#11180);
#11180 = SURFACE_SIDE_STYLE('',(#11181));
#11181 = SURFACE_STYLE_FILL_AREA(#11182);
#11182 = FILL_AREA_STYLE('',(#11183));
#11183 = FILL_AREA_STYLE_COLOUR('',#10299);
#11184 = STYLED_ITEM('color',(#11185),#8565);
#11185 = PRESENTATION_STYLE_ASSIGNMENT((#11186));
#11186 = SURFACE_STYLE_USAGE(.BOTH.,#11187);
#11187 = SURFACE_SIDE_STYLE('',(#11188));
#11188 = SURFACE_STYLE_FILL_AREA(#11189);
#11189 = FILL_AREA_STYLE('',(#11190));
#11190 = FILL_AREA_STYLE_COLOUR('',#10299);
#11191 = STYLED_ITEM('color',(#11192),#8577);
#11192 = PRESENTATION_STYLE_ASSIGNMENT((#11193));
#11193 = SURFACE_STYLE_USAGE(.BOTH.,#11194);
#11194 = SURFACE_SIDE_STYLE('',(#11195));
#11195 = SURFACE_STYLE_FILL_AREA(#11196);
#11196 = FILL_AREA_STYLE('',(#11197));
#11197 = FILL_AREA_STYLE_COLOUR('',#10496);
#11198 = STYLED_ITEM('color',(#11199),#8608);
#11199 = PRESENTATION_STYLE_ASSIGNMENT((#11200));
#11200 = SURFACE_STYLE_USAGE(.BOTH.,#11201);
#11201 = SURFACE_SIDE_STYLE('',(#11202));
#11202 = SURFACE_STYLE_FILL_AREA(#11203);
#11203 = FILL_AREA_STYLE('',(#11204));
#11204 = FILL_AREA_STYLE_COLOUR('',#10496);
#11205 = STYLED_ITEM('color',(#11206),#8632);
#11206 = PRESENTATION_STYLE_ASSIGNMENT((#11207));
#11207 = SURFACE_STYLE_USAGE(.BOTH.,#11208);
#11208 = SURFACE_SIDE_STYLE('',(#11209));
#11209 = SURFACE_STYLE_FILL_AREA(#11210);
#11210 = FILL_AREA_STYLE('',(#11211));
#11211 = FILL_AREA_STYLE_COLOUR('',#10496);
#11212 = STYLED_ITEM('color',(#11213),#8656);
#11213 = PRESENTATION_STYLE_ASSIGNMENT((#11214));
#11214 = SURFACE_STYLE_USAGE(.BOTH.,#11215);
#11215 = SURFACE_SIDE_STYLE('',(#11216));
#11216 = SURFACE_STYLE_FILL_AREA(#11217);
#11217 = FILL_AREA_STYLE('',(#11218));
#11218 = FILL_AREA_STYLE_COLOUR('',#10496);
#11219 = STYLED_ITEM('color',(#11220),#8673);
#11220 = PRESENTATION_STYLE_ASSIGNMENT((#11221));
#11221 = SURFACE_STYLE_USAGE(.BOTH.,#11222);
#11222 = SURFACE_SIDE_STYLE('',(#11223));
#11223 = SURFACE_STYLE_FILL_AREA(#11224);
#11224 = FILL_AREA_STYLE('',(#11225));
#11225 = FILL_AREA_STYLE_COLOUR('',#10496);
#11226 = STYLED_ITEM('color',(#11227),#8704);
#11227 = PRESENTATION_STYLE_ASSIGNMENT((#11228));
#11228 = SURFACE_STYLE_USAGE(.BOTH.,#11229);
#11229 = SURFACE_SIDE_STYLE('',(#11230));
#11230 = SURFACE_STYLE_FILL_AREA(#11231);
#11231 = FILL_AREA_STYLE('',(#11232));
#11232 = FILL_AREA_STYLE_COLOUR('',#10496);
#11233 = STYLED_ITEM('color',(#11234),#8728);
#11234 = PRESENTATION_STYLE_ASSIGNMENT((#11235));
#11235 = SURFACE_STYLE_USAGE(.BOTH.,#11236);
#11236 = SURFACE_SIDE_STYLE('',(#11237));
#11237 = SURFACE_STYLE_FILL_AREA(#11238);
#11238 = FILL_AREA_STYLE('',(#11239));
#11239 = FILL_AREA_STYLE_COLOUR('',#10496);
#11240 = STYLED_ITEM('color',(#11241),#8752);
#11241 = PRESENTATION_STYLE_ASSIGNMENT((#11242));
#11242 = SURFACE_STYLE_USAGE(.BOTH.,#11243);
#11243 = SURFACE_SIDE_STYLE('',(#11244));
#11244 = SURFACE_STYLE_FILL_AREA(#11245);
#11245 = FILL_AREA_STYLE('',(#11246));
#11246 = FILL_AREA_STYLE_COLOUR('',#10496);
#11247 = STYLED_ITEM('color',(#11248),#8769);
#11248 = PRESENTATION_STYLE_ASSIGNMENT((#11249));
#11249 = SURFACE_STYLE_USAGE(.BOTH.,#11250);
#11250 = SURFACE_SIDE_STYLE('',(#11251));
#11251 = SURFACE_STYLE_FILL_AREA(#11252);
#11252 = FILL_AREA_STYLE('',(#11253));
#11253 = FILL_AREA_STYLE_COLOUR('',#10496);
#11254 = STYLED_ITEM('color',(#11255),#8800);
#11255 = PRESENTATION_STYLE_ASSIGNMENT((#11256));
#11256 = SURFACE_STYLE_USAGE(.BOTH.,#11257);
#11257 = SURFACE_SIDE_STYLE('',(#11258));
#11258 = SURFACE_STYLE_FILL_AREA(#11259);
#11259 = FILL_AREA_STYLE('',(#11260));
#11260 = FILL_AREA_STYLE_COLOUR('',#10496);
#11261 = STYLED_ITEM('color',(#11262),#8824);
#11262 = PRESENTATION_STYLE_ASSIGNMENT((#11263));
#11263 = SURFACE_STYLE_USAGE(.BOTH.,#11264);
#11264 = SURFACE_SIDE_STYLE('',(#11265));
#11265 = SURFACE_STYLE_FILL_AREA(#11266);
#11266 = FILL_AREA_STYLE('',(#11267));
#11267 = FILL_AREA_STYLE_COLOUR('',#10496);
#11268 = STYLED_ITEM('color',(#11269),#8848);
#11269 = PRESENTATION_STYLE_ASSIGNMENT((#11270));
#11270 = SURFACE_STYLE_USAGE(.BOTH.,#11271);
#11271 = SURFACE_SIDE_STYLE('',(#11272));
#11272 = SURFACE_STYLE_FILL_AREA(#11273);
#11273 = FILL_AREA_STYLE('',(#11274));
#11274 = FILL_AREA_STYLE_COLOUR('',#10496);
#11275 = STYLED_ITEM('color',(#11276),#8865);
#11276 = PRESENTATION_STYLE_ASSIGNMENT((#11277));
#11277 = SURFACE_STYLE_USAGE(.BOTH.,#11278);
#11278 = SURFACE_SIDE_STYLE('',(#11279));
#11279 = SURFACE_STYLE_FILL_AREA(#11280);
#11280 = FILL_AREA_STYLE('',(#11281));
#11281 = FILL_AREA_STYLE_COLOUR('',#10496);
#11282 = STYLED_ITEM('color',(#11283),#8896);
#11283 = PRESENTATION_STYLE_ASSIGNMENT((#11284));
#11284 = SURFACE_STYLE_USAGE(.BOTH.,#11285);
#11285 = SURFACE_SIDE_STYLE('',(#11286));
#11286 = SURFACE_STYLE_FILL_AREA(#11287);
#11287 = FILL_AREA_STYLE('',(#11288));
#11288 = FILL_AREA_STYLE_COLOUR('',#10496);
#11289 = STYLED_ITEM('color',(#11290),#8920);
#11290 = PRESENTATION_STYLE_ASSIGNMENT((#11291));
#11291 = SURFACE_STYLE_USAGE(.BOTH.,#11292);
#11292 = SURFACE_SIDE_STYLE('',(#11293));
#11293 = SURFACE_STYLE_FILL_AREA(#11294);
#11294 = FILL_AREA_STYLE('',(#11295));
#11295 = FILL_AREA_STYLE_COLOUR('',#10496);
#11296 = STYLED_ITEM('color',(#11297),#8944);
#11297 = PRESENTATION_STYLE_ASSIGNMENT((#11298));
#11298 = SURFACE_STYLE_USAGE(.BOTH.,#11299);
#11299 = SURFACE_SIDE_STYLE('',(#11300));
#11300 = SURFACE_STYLE_FILL_AREA(#11301);
#11301 = FILL_AREA_STYLE('',(#11302));
#11302 = FILL_AREA_STYLE_COLOUR('',#10496);
#11303 = STYLED_ITEM('color',(#11304),#8961);
#11304 = PRESENTATION_STYLE_ASSIGNMENT((#11305));
#11305 = SURFACE_STYLE_USAGE(.BOTH.,#11306);
#11306 = SURFACE_SIDE_STYLE('',(#11307));
#11307 = SURFACE_STYLE_FILL_AREA(#11308);
#11308 = FILL_AREA_STYLE('',(#11309));
#11309 = FILL_AREA_STYLE_COLOUR('',#10496);
#11310 = STYLED_ITEM('color',(#11311),#8992);
#11311 = PRESENTATION_STYLE_ASSIGNMENT((#11312));
#11312 = SURFACE_STYLE_USAGE(.BOTH.,#11313);
#11313 = SURFACE_SIDE_STYLE('',(#11314));
#11314 = SURFACE_STYLE_FILL_AREA(#11315);
#11315 = FILL_AREA_STYLE('',(#11316));
#11316 = FILL_AREA_STYLE_COLOUR('',#10496);
#11317 = STYLED_ITEM('color',(#11318),#9016);
#11318 = PRESENTATION_STYLE_ASSIGNMENT((#11319));
#11319 = SURFACE_STYLE_USAGE(.BOTH.,#11320);
#11320 = SURFACE_SIDE_STYLE('',(#11321));
#11321 = SURFACE_STYLE_FILL_AREA(#11322);
#11322 = FILL_AREA_STYLE('',(#11323));
#11323 = FILL_AREA_STYLE_COLOUR('',#10496);
#11324 = STYLED_ITEM('color',(#11325),#9040);
#11325 = PRESENTATION_STYLE_ASSIGNMENT((#11326));
#11326 = SURFACE_STYLE_USAGE(.BOTH.,#11327);
#11327 = SURFACE_SIDE_STYLE('',(#11328));
#11328 = SURFACE_STYLE_FILL_AREA(#11329);
#11329 = FILL_AREA_STYLE('',(#11330));
#11330 = FILL_AREA_STYLE_COLOUR('',#10496);
#11331 = STYLED_ITEM('color',(#11332),#9057);
#11332 = PRESENTATION_STYLE_ASSIGNMENT((#11333));
#11333 = SURFACE_STYLE_USAGE(.BOTH.,#11334);
#11334 = SURFACE_SIDE_STYLE('',(#11335));
#11335 = SURFACE_STYLE_FILL_AREA(#11336);
#11336 = FILL_AREA_STYLE('',(#11337));
#11337 = FILL_AREA_STYLE_COLOUR('',#10496);
#11338 = STYLED_ITEM('color',(#11339),#9088);
#11339 = PRESENTATION_STYLE_ASSIGNMENT((#11340));
#11340 = SURFACE_STYLE_USAGE(.BOTH.,#11341);
#11341 = SURFACE_SIDE_STYLE('',(#11342));
#11342 = SURFACE_STYLE_FILL_AREA(#11343);
#11343 = FILL_AREA_STYLE('',(#11344));
#11344 = FILL_AREA_STYLE_COLOUR('',#10496);
#11345 = STYLED_ITEM('color',(#11346),#9112);
#11346 = PRESENTATION_STYLE_ASSIGNMENT((#11347));
#11347 = SURFACE_STYLE_USAGE(.BOTH.,#11348);
#11348 = SURFACE_SIDE_STYLE('',(#11349));
#11349 = SURFACE_STYLE_FILL_AREA(#11350);
#11350 = FILL_AREA_STYLE('',(#11351));
#11351 = FILL_AREA_STYLE_COLOUR('',#10496);
#11352 = STYLED_ITEM('color',(#11353),#9136);
#11353 = PRESENTATION_STYLE_ASSIGNMENT((#11354));
#11354 = SURFACE_STYLE_USAGE(.BOTH.,#11355);
#11355 = SURFACE_SIDE_STYLE('',(#11356));
#11356 = SURFACE_STYLE_FILL_AREA(#11357);
#11357 = FILL_AREA_STYLE('',(#11358));
#11358 = FILL_AREA_STYLE_COLOUR('',#10496);
#11359 = STYLED_ITEM('color',(#11360),#9153);
#11360 = PRESENTATION_STYLE_ASSIGNMENT((#11361));
#11361 = SURFACE_STYLE_USAGE(.BOTH.,#11362);
#11362 = SURFACE_SIDE_STYLE('',(#11363));
#11363 = SURFACE_STYLE_FILL_AREA(#11364);
#11364 = FILL_AREA_STYLE('',(#11365));
#11365 = FILL_AREA_STYLE_COLOUR('',#10496);
#11366 = STYLED_ITEM('color',(#11367),#9184);
#11367 = PRESENTATION_STYLE_ASSIGNMENT((#11368));
#11368 = SURFACE_STYLE_USAGE(.BOTH.,#11369);
#11369 = SURFACE_SIDE_STYLE('',(#11370));
#11370 = SURFACE_STYLE_FILL_AREA(#11371);
#11371 = FILL_AREA_STYLE('',(#11372));
#11372 = FILL_AREA_STYLE_COLOUR('',#10496);
#11373 = STYLED_ITEM('color',(#11374),#9208);
#11374 = PRESENTATION_STYLE_ASSIGNMENT((#11375));
#11375 = SURFACE_STYLE_USAGE(.BOTH.,#11376);
#11376 = SURFACE_SIDE_STYLE('',(#11377));
#11377 = SURFACE_STYLE_FILL_AREA(#11378);
#11378 = FILL_AREA_STYLE('',(#11379));
#11379 = FILL_AREA_STYLE_COLOUR('',#10496);
#11380 = STYLED_ITEM('color',(#11381),#9232);
#11381 = PRESENTATION_STYLE_ASSIGNMENT((#11382));
#11382 = SURFACE_STYLE_USAGE(.BOTH.,#11383);
#11383 = SURFACE_SIDE_STYLE('',(#11384));
#11384 = SURFACE_STYLE_FILL_AREA(#11385);
#11385 = FILL_AREA_STYLE('',(#11386));
#11386 = FILL_AREA_STYLE_COLOUR('',#10496);
#11387 = STYLED_ITEM('color',(#11388),#9249);
#11388 = PRESENTATION_STYLE_ASSIGNMENT((#11389));
#11389 = SURFACE_STYLE_USAGE(.BOTH.,#11390);
#11390 = SURFACE_SIDE_STYLE('',(#11391));
#11391 = SURFACE_STYLE_FILL_AREA(#11392);
#11392 = FILL_AREA_STYLE('',(#11393));
#11393 = FILL_AREA_STYLE_COLOUR('',#10496);
#11394 = STYLED_ITEM('color',(#11395),#9280);
#11395 = PRESENTATION_STYLE_ASSIGNMENT((#11396));
#11396 = SURFACE_STYLE_USAGE(.BOTH.,#11397);
#11397 = SURFACE_SIDE_STYLE('',(#11398));
#11398 = SURFACE_STYLE_FILL_AREA(#11399);
#11399 = FILL_AREA_STYLE('',(#11400));
#11400 = FILL_AREA_STYLE_COLOUR('',#10496);
#11401 = STYLED_ITEM('color',(#11402),#9304);
#11402 = PRESENTATION_STYLE_ASSIGNMENT((#11403));
#11403 = SURFACE_STYLE_USAGE(.BOTH.,#11404);
#11404 = SURFACE_SIDE_STYLE('',(#11405));
#11405 = SURFACE_STYLE_FILL_AREA(#11406);
#11406 = FILL_AREA_STYLE('',(#11407));
#11407 = FILL_AREA_STYLE_COLOUR('',#10496);
#11408 = STYLED_ITEM('color',(#11409),#9328);
#11409 = PRESENTATION_STYLE_ASSIGNMENT((#11410));
#11410 = SURFACE_STYLE_USAGE(.BOTH.,#11411);
#11411 = SURFACE_SIDE_STYLE('',(#11412));
#11412 = SURFACE_STYLE_FILL_AREA(#11413);
#11413 = FILL_AREA_STYLE('',(#11414));
#11414 = FILL_AREA_STYLE_COLOUR('',#10496);
#11415 = STYLED_ITEM('color',(#11416),#9345);
#11416 = PRESENTATION_STYLE_ASSIGNMENT((#11417));
#11417 = SURFACE_STYLE_USAGE(.BOTH.,#11418);
#11418 = SURFACE_SIDE_STYLE('',(#11419));
#11419 = SURFACE_STYLE_FILL_AREA(#11420);
#11420 = FILL_AREA_STYLE('',(#11421));
#11421 = FILL_AREA_STYLE_COLOUR('',#10496);
#11422 = STYLED_ITEM('color',(#11423),#9357);
#11423 = PRESENTATION_STYLE_ASSIGNMENT((#11424));
#11424 = SURFACE_STYLE_USAGE(.BOTH.,#11425);
#11425 = SURFACE_SIDE_STYLE('',(#11426));
#11426 = SURFACE_STYLE_FILL_AREA(#11427);
#11427 = FILL_AREA_STYLE('',(#11428));
#11428 = FILL_AREA_STYLE_COLOUR('',#10496);
#11429 = STYLED_ITEM('color',(#11430),#9369);
#11430 = PRESENTATION_STYLE_ASSIGNMENT((#11431));
#11431 = SURFACE_STYLE_USAGE(.BOTH.,#11432);
#11432 = SURFACE_SIDE_STYLE('',(#11433));
#11433 = SURFACE_STYLE_FILL_AREA(#11434);
#11434 = FILL_AREA_STYLE('',(#11435));
#11435 = FILL_AREA_STYLE_COLOUR('',#10496);
#11436 = STYLED_ITEM('color',(#11437),#9381);
#11437 = PRESENTATION_STYLE_ASSIGNMENT((#11438));
#11438 = SURFACE_STYLE_USAGE(.BOTH.,#11439);
#11439 = SURFACE_SIDE_STYLE('',(#11440));
#11440 = SURFACE_STYLE_FILL_AREA(#11441);
#11441 = FILL_AREA_STYLE('',(#11442));
#11442 = FILL_AREA_STYLE_COLOUR('',#10496);
#11443 = MECHANICAL_DESIGN_GEOMETRIC_PRESENTATION_REPRESENTATION('',(
    #11444,#11451,#11458,#11465,#11472,#11479,#11486,#11493,#11500,
    #11507,#11514,#11521,#11528,#11535,#11542,#11549,#11556,#11563,
    #11570,#11577,#11584,#11591,#11598,#11605,#11612,#11619,#11626,
    #11633,#11640,#11647,#11654,#11661,#11668,#11675,#11682,#11689,
    #11696,#11703,#11710,#11717,#11724,#11731,#11738,#11745,#11752,
    #11759,#11766,#11773,#11780,#11787,#11794,#11801,#11808,#11815,
    #11822,#11829,#11836,#11843),#7927);
#11444 = STYLED_ITEM('color',(#11445),#6295);
#11445 = PRESENTATION_STYLE_ASSIGNMENT((#11446));
#11446 = SURFACE_STYLE_USAGE(.BOTH.,#11447);
#11447 = SURFACE_SIDE_STYLE('',(#11448));
#11448 = SURFACE_STYLE_FILL_AREA(#11449);
#11449 = FILL_AREA_STYLE('',(#11450));
#11450 = FILL_AREA_STYLE_COLOUR('',#10299);
#11451 = STYLED_ITEM('color',(#11452),#6335);
#11452 = PRESENTATION_STYLE_ASSIGNMENT((#11453));
#11453 = SURFACE_STYLE_USAGE(.BOTH.,#11454);
#11454 = SURFACE_SIDE_STYLE('',(#11455));
#11455 = SURFACE_STYLE_FILL_AREA(#11456);
#11456 = FILL_AREA_STYLE('',(#11457));
#11457 = FILL_AREA_STYLE_COLOUR('',#10299);
#11458 = STYLED_ITEM('color',(#11459),#6366);
#11459 = PRESENTATION_STYLE_ASSIGNMENT((#11460));
#11460 = SURFACE_STYLE_USAGE(.BOTH.,#11461);
#11461 = SURFACE_SIDE_STYLE('',(#11462));
#11462 = SURFACE_STYLE_FILL_AREA(#11463);
#11463 = FILL_AREA_STYLE('',(#11464));
#11464 = FILL_AREA_STYLE_COLOUR('',#10299);
#11465 = STYLED_ITEM('color',(#11466),#6397);
#11466 = PRESENTATION_STYLE_ASSIGNMENT((#11467));
#11467 = SURFACE_STYLE_USAGE(.BOTH.,#11468);
#11468 = SURFACE_SIDE_STYLE('',(#11469));
#11469 = SURFACE_STYLE_FILL_AREA(#11470);
#11470 = FILL_AREA_STYLE('',(#11471));
#11471 = FILL_AREA_STYLE_COLOUR('',#10299);
#11472 = STYLED_ITEM('color',(#11473),#6562);
#11473 = PRESENTATION_STYLE_ASSIGNMENT((#11474));
#11474 = SURFACE_STYLE_USAGE(.BOTH.,#11475);
#11475 = SURFACE_SIDE_STYLE('',(#11476));
#11476 = SURFACE_STYLE_FILL_AREA(#11477);
#11477 = FILL_AREA_STYLE('',(#11478));
#11478 = FILL_AREA_STYLE_COLOUR('',#10299);
#11479 = STYLED_ITEM('color',(#11480),#6727);
#11480 = PRESENTATION_STYLE_ASSIGNMENT((#11481));
#11481 = SURFACE_STYLE_USAGE(.BOTH.,#11482);
#11482 = SURFACE_SIDE_STYLE('',(#11483));
#11483 = SURFACE_STYLE_FILL_AREA(#11484);
#11484 = FILL_AREA_STYLE('',(#11485));
#11485 = FILL_AREA_STYLE_COLOUR('',#10299);
#11486 = STYLED_ITEM('color',(#11487),#6744);
#11487 = PRESENTATION_STYLE_ASSIGNMENT((#11488));
#11488 = SURFACE_STYLE_USAGE(.BOTH.,#11489);
#11489 = SURFACE_SIDE_STYLE('',(#11490));
#11490 = SURFACE_STYLE_FILL_AREA(#11491);
#11491 = FILL_AREA_STYLE('',(#11492));
#11492 = FILL_AREA_STYLE_COLOUR('',#10299);
#11493 = STYLED_ITEM('color',(#11494),#6761);
#11494 = PRESENTATION_STYLE_ASSIGNMENT((#11495));
#11495 = SURFACE_STYLE_USAGE(.BOTH.,#11496);
#11496 = SURFACE_SIDE_STYLE('',(#11497));
#11497 = SURFACE_STYLE_FILL_AREA(#11498);
#11498 = FILL_AREA_STYLE('',(#11499));
#11499 = FILL_AREA_STYLE_COLOUR('',#10299);
#11500 = STYLED_ITEM('color',(#11501),#6778);
#11501 = PRESENTATION_STYLE_ASSIGNMENT((#11502));
#11502 = SURFACE_STYLE_USAGE(.BOTH.,#11503);
#11503 = SURFACE_SIDE_STYLE('',(#11504));
#11504 = SURFACE_STYLE_FILL_AREA(#11505);
#11505 = FILL_AREA_STYLE('',(#11506));
#11506 = FILL_AREA_STYLE_COLOUR('',#10299);
#11507 = STYLED_ITEM('color',(#11508),#6795);
#11508 = PRESENTATION_STYLE_ASSIGNMENT((#11509));
#11509 = SURFACE_STYLE_USAGE(.BOTH.,#11510);
#11510 = SURFACE_SIDE_STYLE('',(#11511));
#11511 = SURFACE_STYLE_FILL_AREA(#11512);
#11512 = FILL_AREA_STYLE('',(#11513));
#11513 = FILL_AREA_STYLE_COLOUR('',#10299);
#11514 = STYLED_ITEM('color',(#11515),#6812);
#11515 = PRESENTATION_STYLE_ASSIGNMENT((#11516));
#11516 = SURFACE_STYLE_USAGE(.BOTH.,#11517);
#11517 = SURFACE_SIDE_STYLE('',(#11518));
#11518 = SURFACE_STYLE_FILL_AREA(#11519);
#11519 = FILL_AREA_STYLE('',(#11520));
#11520 = FILL_AREA_STYLE_COLOUR('',#10299);
#11521 = STYLED_ITEM('color',(#11522),#6829);
#11522 = PRESENTATION_STYLE_ASSIGNMENT((#11523));
#11523 = SURFACE_STYLE_USAGE(.BOTH.,#11524);
#11524 = SURFACE_SIDE_STYLE('',(#11525));
#11525 = SURFACE_STYLE_FILL_AREA(#11526);
#11526 = FILL_AREA_STYLE('',(#11527));
#11527 = FILL_AREA_STYLE_COLOUR('',#10299);
#11528 = STYLED_ITEM('color',(#11529),#6846);
#11529 = PRESENTATION_STYLE_ASSIGNMENT((#11530));
#11530 = SURFACE_STYLE_USAGE(.BOTH.,#11531);
#11531 = SURFACE_SIDE_STYLE('',(#11532));
#11532 = SURFACE_STYLE_FILL_AREA(#11533);
#11533 = FILL_AREA_STYLE('',(#11534));
#11534 = FILL_AREA_STYLE_COLOUR('',#10299);
#11535 = STYLED_ITEM('color',(#11536),#6863);
#11536 = PRESENTATION_STYLE_ASSIGNMENT((#11537));
#11537 = SURFACE_STYLE_USAGE(.BOTH.,#11538);
#11538 = SURFACE_SIDE_STYLE('',(#11539));
#11539 = SURFACE_STYLE_FILL_AREA(#11540);
#11540 = FILL_AREA_STYLE('',(#11541));
#11541 = FILL_AREA_STYLE_COLOUR('',#10299);
#11542 = STYLED_ITEM('color',(#11543),#6880);
#11543 = PRESENTATION_STYLE_ASSIGNMENT((#11544));
#11544 = SURFACE_STYLE_USAGE(.BOTH.,#11545);
#11545 = SURFACE_SIDE_STYLE('',(#11546));
#11546 = SURFACE_STYLE_FILL_AREA(#11547);
#11547 = FILL_AREA_STYLE('',(#11548));
#11548 = FILL_AREA_STYLE_COLOUR('',#10299);
#11549 = STYLED_ITEM('color',(#11550),#6897);
#11550 = PRESENTATION_STYLE_ASSIGNMENT((#11551));
#11551 = SURFACE_STYLE_USAGE(.BOTH.,#11552);
#11552 = SURFACE_SIDE_STYLE('',(#11553));
#11553 = SURFACE_STYLE_FILL_AREA(#11554);
#11554 = FILL_AREA_STYLE('',(#11555));
#11555 = FILL_AREA_STYLE_COLOUR('',#10299);
#11556 = STYLED_ITEM('color',(#11557),#6909);
#11557 = PRESENTATION_STYLE_ASSIGNMENT((#11558));
#11558 = SURFACE_STYLE_USAGE(.BOTH.,#11559);
#11559 = SURFACE_SIDE_STYLE('',(#11560));
#11560 = SURFACE_STYLE_FILL_AREA(#11561);
#11561 = FILL_AREA_STYLE('',(#11562));
#11562 = FILL_AREA_STYLE_COLOUR('',#10496);
#11563 = STYLED_ITEM('color',(#11564),#6940);
#11564 = PRESENTATION_STYLE_ASSIGNMENT((#11565));
#11565 = SURFACE_STYLE_USAGE(.BOTH.,#11566);
#11566 = SURFACE_SIDE_STYLE('',(#11567));
#11567 = SURFACE_STYLE_FILL_AREA(#11568);
#11568 = FILL_AREA_STYLE('',(#11569));
#11569 = FILL_AREA_STYLE_COLOUR('',#10496);
#11570 = STYLED_ITEM('color',(#11571),#6989);
#11571 = PRESENTATION_STYLE_ASSIGNMENT((#11572));
#11572 = SURFACE_STYLE_USAGE(.BOTH.,#11573);
#11573 = SURFACE_SIDE_STYLE('',(#11574));
#11574 = SURFACE_STYLE_FILL_AREA(#11575);
#11575 = FILL_AREA_STYLE('',(#11576));
#11576 = FILL_AREA_STYLE_COLOUR('',#10496);
#11577 = STYLED_ITEM('color',(#11578),#7013);
#11578 = PRESENTATION_STYLE_ASSIGNMENT((#11579));
#11579 = SURFACE_STYLE_USAGE(.BOTH.,#11580);
#11580 = SURFACE_SIDE_STYLE('',(#11581));
#11581 = SURFACE_STYLE_FILL_AREA(#11582);
#11582 = FILL_AREA_STYLE('',(#11583));
#11583 = FILL_AREA_STYLE_COLOUR('',#10496);
#11584 = STYLED_ITEM('color',(#11585),#7055);
#11585 = PRESENTATION_STYLE_ASSIGNMENT((#11586));
#11586 = SURFACE_STYLE_USAGE(.BOTH.,#11587);
#11587 = SURFACE_SIDE_STYLE('',(#11588));
#11588 = SURFACE_STYLE_FILL_AREA(#11589);
#11589 = FILL_AREA_STYLE('',(#11590));
#11590 = FILL_AREA_STYLE_COLOUR('',#10496);
#11591 = STYLED_ITEM('color',(#11592),#7086);
#11592 = PRESENTATION_STYLE_ASSIGNMENT((#11593));
#11593 = SURFACE_STYLE_USAGE(.BOTH.,#11594);
#11594 = SURFACE_SIDE_STYLE('',(#11595));
#11595 = SURFACE_STYLE_FILL_AREA(#11596);
#11596 = FILL_AREA_STYLE('',(#11597));
#11597 = FILL_AREA_STYLE_COLOUR('',#10496);
#11598 = STYLED_ITEM('color',(#11599),#7135);
#11599 = PRESENTATION_STYLE_ASSIGNMENT((#11600));
#11600 = SURFACE_STYLE_USAGE(.BOTH.,#11601);
#11601 = SURFACE_SIDE_STYLE('',(#11602));
#11602 = SURFACE_STYLE_FILL_AREA(#11603);
#11603 = FILL_AREA_STYLE('',(#11604));
#11604 = FILL_AREA_STYLE_COLOUR('',#10496);
#11605 = STYLED_ITEM('color',(#11606),#7159);
#11606 = PRESENTATION_STYLE_ASSIGNMENT((#11607));
#11607 = SURFACE_STYLE_USAGE(.BOTH.,#11608);
#11608 = SURFACE_SIDE_STYLE('',(#11609));
#11609 = SURFACE_STYLE_FILL_AREA(#11610);
#11610 = FILL_AREA_STYLE('',(#11611));
#11611 = FILL_AREA_STYLE_COLOUR('',#10496);
#11612 = STYLED_ITEM('color',(#11613),#7201);
#11613 = PRESENTATION_STYLE_ASSIGNMENT((#11614));
#11614 = SURFACE_STYLE_USAGE(.BOTH.,#11615);
#11615 = SURFACE_SIDE_STYLE('',(#11616));
#11616 = SURFACE_STYLE_FILL_AREA(#11617);
#11617 = FILL_AREA_STYLE('',(#11618));
#11618 = FILL_AREA_STYLE_COLOUR('',#10496);
#11619 = STYLED_ITEM('color',(#11620),#7232);
#11620 = PRESENTATION_STYLE_ASSIGNMENT((#11621));
#11621 = SURFACE_STYLE_USAGE(.BOTH.,#11622);
#11622 = SURFACE_SIDE_STYLE('',(#11623));
#11623 = SURFACE_STYLE_FILL_AREA(#11624);
#11624 = FILL_AREA_STYLE('',(#11625));
#11625 = FILL_AREA_STYLE_COLOUR('',#10496);
#11626 = STYLED_ITEM('color',(#11627),#7256);
#11627 = PRESENTATION_STYLE_ASSIGNMENT((#11628));
#11628 = SURFACE_STYLE_USAGE(.BOTH.,#11629);
#11629 = SURFACE_SIDE_STYLE('',(#11630));
#11630 = SURFACE_STYLE_FILL_AREA(#11631);
#11631 = FILL_AREA_STYLE('',(#11632));
#11632 = FILL_AREA_STYLE_COLOUR('',#10496);
#11633 = STYLED_ITEM('color',(#11634),#7280);
#11634 = PRESENTATION_STYLE_ASSIGNMENT((#11635));
#11635 = SURFACE_STYLE_USAGE(.BOTH.,#11636);
#11636 = SURFACE_SIDE_STYLE('',(#11637));
#11637 = SURFACE_STYLE_FILL_AREA(#11638);
#11638 = FILL_AREA_STYLE('',(#11639));
#11639 = FILL_AREA_STYLE_COLOUR('',#10496);
#11640 = STYLED_ITEM('color',(#11641),#7297);
#11641 = PRESENTATION_STYLE_ASSIGNMENT((#11642));
#11642 = SURFACE_STYLE_USAGE(.BOTH.,#11643);
#11643 = SURFACE_SIDE_STYLE('',(#11644));
#11644 = SURFACE_STYLE_FILL_AREA(#11645);
#11645 = FILL_AREA_STYLE('',(#11646));
#11646 = FILL_AREA_STYLE_COLOUR('',#10496);
#11647 = STYLED_ITEM('color',(#11648),#7328);
#11648 = PRESENTATION_STYLE_ASSIGNMENT((#11649));
#11649 = SURFACE_STYLE_USAGE(.BOTH.,#11650);
#11650 = SURFACE_SIDE_STYLE('',(#11651));
#11651 = SURFACE_STYLE_FILL_AREA(#11652);
#11652 = FILL_AREA_STYLE('',(#11653));
#11653 = FILL_AREA_STYLE_COLOUR('',#10496);
#11654 = STYLED_ITEM('color',(#11655),#7352);
#11655 = PRESENTATION_STYLE_ASSIGNMENT((#11656));
#11656 = SURFACE_STYLE_USAGE(.BOTH.,#11657);
#11657 = SURFACE_SIDE_STYLE('',(#11658));
#11658 = SURFACE_STYLE_FILL_AREA(#11659);
#11659 = FILL_AREA_STYLE('',(#11660));
#11660 = FILL_AREA_STYLE_COLOUR('',#10496);
#11661 = STYLED_ITEM('color',(#11662),#7376);
#11662 = PRESENTATION_STYLE_ASSIGNMENT((#11663));
#11663 = SURFACE_STYLE_USAGE(.BOTH.,#11664);
#11664 = SURFACE_SIDE_STYLE('',(#11665));
#11665 = SURFACE_STYLE_FILL_AREA(#11666);
#11666 = FILL_AREA_STYLE('',(#11667));
#11667 = FILL_AREA_STYLE_COLOUR('',#10496);
#11668 = STYLED_ITEM('color',(#11669),#7393);
#11669 = PRESENTATION_STYLE_ASSIGNMENT((#11670));
#11670 = SURFACE_STYLE_USAGE(.BOTH.,#11671);
#11671 = SURFACE_SIDE_STYLE('',(#11672));
#11672 = SURFACE_STYLE_FILL_AREA(#11673);
#11673 = FILL_AREA_STYLE('',(#11674));
#11674 = FILL_AREA_STYLE_COLOUR('',#10496);
#11675 = STYLED_ITEM('color',(#11676),#7410);
#11676 = PRESENTATION_STYLE_ASSIGNMENT((#11677));
#11677 = SURFACE_STYLE_USAGE(.BOTH.,#11678);
#11678 = SURFACE_SIDE_STYLE('',(#11679));
#11679 = SURFACE_STYLE_FILL_AREA(#11680);
#11680 = FILL_AREA_STYLE('',(#11681));
#11681 = FILL_AREA_STYLE_COLOUR('',#10496);
#11682 = STYLED_ITEM('color',(#11683),#7427);
#11683 = PRESENTATION_STYLE_ASSIGNMENT((#11684));
#11684 = SURFACE_STYLE_USAGE(.BOTH.,#11685);
#11685 = SURFACE_SIDE_STYLE('',(#11686));
#11686 = SURFACE_STYLE_FILL_AREA(#11687);
#11687 = FILL_AREA_STYLE('',(#11688));
#11688 = FILL_AREA_STYLE_COLOUR('',#10496);
#11689 = STYLED_ITEM('color',(#11690),#7444);
#11690 = PRESENTATION_STYLE_ASSIGNMENT((#11691));
#11691 = SURFACE_STYLE_USAGE(.BOTH.,#11692);
#11692 = SURFACE_SIDE_STYLE('',(#11693));
#11693 = SURFACE_STYLE_FILL_AREA(#11694);
#11694 = FILL_AREA_STYLE('',(#11695));
#11695 = FILL_AREA_STYLE_COLOUR('',#10496);
#11696 = STYLED_ITEM('color',(#11697),#7475);
#11697 = PRESENTATION_STYLE_ASSIGNMENT((#11698));
#11698 = SURFACE_STYLE_USAGE(.BOTH.,#11699);
#11699 = SURFACE_SIDE_STYLE('',(#11700));
#11700 = SURFACE_STYLE_FILL_AREA(#11701);
#11701 = FILL_AREA_STYLE('',(#11702));
#11702 = FILL_AREA_STYLE_COLOUR('',#10496);
#11703 = STYLED_ITEM('color',(#11704),#7506);
#11704 = PRESENTATION_STYLE_ASSIGNMENT((#11705));
#11705 = SURFACE_STYLE_USAGE(.BOTH.,#11706);
#11706 = SURFACE_SIDE_STYLE('',(#11707));
#11707 = SURFACE_STYLE_FILL_AREA(#11708);
#11708 = FILL_AREA_STYLE('',(#11709));
#11709 = FILL_AREA_STYLE_COLOUR('',#10496);
#11710 = STYLED_ITEM('color',(#11711),#7523);
#11711 = PRESENTATION_STYLE_ASSIGNMENT((#11712));
#11712 = SURFACE_STYLE_USAGE(.BOTH.,#11713);
#11713 = SURFACE_SIDE_STYLE('',(#11714));
#11714 = SURFACE_STYLE_FILL_AREA(#11715);
#11715 = FILL_AREA_STYLE('',(#11716));
#11716 = FILL_AREA_STYLE_COLOUR('',#10496);
#11717 = STYLED_ITEM('color',(#11718),#7540);
#11718 = PRESENTATION_STYLE_ASSIGNMENT((#11719));
#11719 = SURFACE_STYLE_USAGE(.BOTH.,#11720);
#11720 = SURFACE_SIDE_STYLE('',(#11721));
#11721 = SURFACE_STYLE_FILL_AREA(#11722);
#11722 = FILL_AREA_STYLE('',(#11723));
#11723 = FILL_AREA_STYLE_COLOUR('',#10496);
#11724 = STYLED_ITEM('color',(#11725),#7557);
#11725 = PRESENTATION_STYLE_ASSIGNMENT((#11726));
#11726 = SURFACE_STYLE_USAGE(.BOTH.,#11727);
#11727 = SURFACE_SIDE_STYLE('',(#11728));
#11728 = SURFACE_STYLE_FILL_AREA(#11729);
#11729 = FILL_AREA_STYLE('',(#11730));
#11730 = FILL_AREA_STYLE_COLOUR('',#10496);
#11731 = STYLED_ITEM('color',(#11732),#7588);
#11732 = PRESENTATION_STYLE_ASSIGNMENT((#11733));
#11733 = SURFACE_STYLE_USAGE(.BOTH.,#11734);
#11734 = SURFACE_SIDE_STYLE('',(#11735));
#11735 = SURFACE_STYLE_FILL_AREA(#11736);
#11736 = FILL_AREA_STYLE('',(#11737));
#11737 = FILL_AREA_STYLE_COLOUR('',#10496);
#11738 = STYLED_ITEM('color',(#11739),#7619);
#11739 = PRESENTATION_STYLE_ASSIGNMENT((#11740));
#11740 = SURFACE_STYLE_USAGE(.BOTH.,#11741);
#11741 = SURFACE_SIDE_STYLE('',(#11742));
#11742 = SURFACE_STYLE_FILL_AREA(#11743);
#11743 = FILL_AREA_STYLE('',(#11744));
#11744 = FILL_AREA_STYLE_COLOUR('',#10496);
#11745 = STYLED_ITEM('color',(#11746),#7650);
#11746 = PRESENTATION_STYLE_ASSIGNMENT((#11747));
#11747 = SURFACE_STYLE_USAGE(.BOTH.,#11748);
#11748 = SURFACE_SIDE_STYLE('',(#11749));
#11749 = SURFACE_STYLE_FILL_AREA(#11750);
#11750 = FILL_AREA_STYLE('',(#11751));
#11751 = FILL_AREA_STYLE_COLOUR('',#10496);
#11752 = STYLED_ITEM('color',(#11753),#7674);
#11753 = PRESENTATION_STYLE_ASSIGNMENT((#11754));
#11754 = SURFACE_STYLE_USAGE(.BOTH.,#11755);
#11755 = SURFACE_SIDE_STYLE('',(#11756));
#11756 = SURFACE_STYLE_FILL_AREA(#11757);
#11757 = FILL_AREA_STYLE('',(#11758));
#11758 = FILL_AREA_STYLE_COLOUR('',#10496);
#11759 = STYLED_ITEM('color',(#11760),#7698);
#11760 = PRESENTATION_STYLE_ASSIGNMENT((#11761));
#11761 = SURFACE_STYLE_USAGE(.BOTH.,#11762);
#11762 = SURFACE_SIDE_STYLE('',(#11763));
#11763 = SURFACE_STYLE_FILL_AREA(#11764);
#11764 = FILL_AREA_STYLE('',(#11765));
#11765 = FILL_AREA_STYLE_COLOUR('',#10496);
#11766 = STYLED_ITEM('color',(#11767),#7715);
#11767 = PRESENTATION_STYLE_ASSIGNMENT((#11768));
#11768 = SURFACE_STYLE_USAGE(.BOTH.,#11769);
#11769 = SURFACE_SIDE_STYLE('',(#11770));
#11770 = SURFACE_STYLE_FILL_AREA(#11771);
#11771 = FILL_AREA_STYLE('',(#11772));
#11772 = FILL_AREA_STYLE_COLOUR('',#10496);
#11773 = STYLED_ITEM('color',(#11774),#7746);
#11774 = PRESENTATION_STYLE_ASSIGNMENT((#11775));
#11775 = SURFACE_STYLE_USAGE(.BOTH.,#11776);
#11776 = SURFACE_SIDE_STYLE('',(#11777));
#11777 = SURFACE_STYLE_FILL_AREA(#11778);
#11778 = FILL_AREA_STYLE('',(#11779));
#11779 = FILL_AREA_STYLE_COLOUR('',#10496);
#11780 = STYLED_ITEM('color',(#11781),#7770);
#11781 = PRESENTATION_STYLE_ASSIGNMENT((#11782));
#11782 = SURFACE_STYLE_USAGE(.BOTH.,#11783);
#11783 = SURFACE_SIDE_STYLE('',(#11784));
#11784 = SURFACE_STYLE_FILL_AREA(#11785);
#11785 = FILL_AREA_STYLE('',(#11786));
#11786 = FILL_AREA_STYLE_COLOUR('',#10496);
#11787 = STYLED_ITEM('color',(#11788),#7794);
#11788 = PRESENTATION_STYLE_ASSIGNMENT((#11789));
#11789 = SURFACE_STYLE_USAGE(.BOTH.,#11790);
#11790 = SURFACE_SIDE_STYLE('',(#11791));
#11791 = SURFACE_STYLE_FILL_AREA(#11792);
#11792 = FILL_AREA_STYLE('',(#11793));
#11793 = FILL_AREA_STYLE_COLOUR('',#10496);
#11794 = STYLED_ITEM('color',(#11795),#7811);
#11795 = PRESENTATION_STYLE_ASSIGNMENT((#11796));
#11796 = SURFACE_STYLE_USAGE(.BOTH.,#11797);
#11797 = SURFACE_SIDE_STYLE('',(#11798));
#11798 = SURFACE_STYLE_FILL_AREA(#11799);
#11799 = FILL_AREA_STYLE('',(#11800));
#11800 = FILL_AREA_STYLE_COLOUR('',#10496);
#11801 = STYLED_ITEM('color',(#11802),#7828);
#11802 = PRESENTATION_STYLE_ASSIGNMENT((#11803));
#11803 = SURFACE_STYLE_USAGE(.BOTH.,#11804);
#11804 = SURFACE_SIDE_STYLE('',(#11805));
#11805 = SURFACE_STYLE_FILL_AREA(#11806);
#11806 = FILL_AREA_STYLE('',(#11807));
#11807 = FILL_AREA_STYLE_COLOUR('',#10496);
#11808 = STYLED_ITEM('color',(#11809),#7845);
#11809 = PRESENTATION_STYLE_ASSIGNMENT((#11810));
#11810 = SURFACE_STYLE_USAGE(.BOTH.,#11811);
#11811 = SURFACE_SIDE_STYLE('',(#11812));
#11812 = SURFACE_STYLE_FILL_AREA(#11813);
#11813 = FILL_AREA_STYLE('',(#11814));
#11814 = FILL_AREA_STYLE_COLOUR('',#10496);
#11815 = STYLED_ITEM('color',(#11816),#7857);
#11816 = PRESENTATION_STYLE_ASSIGNMENT((#11817));
#11817 = SURFACE_STYLE_USAGE(.BOTH.,#11818);
#11818 = SURFACE_SIDE_STYLE('',(#11819));
#11819 = SURFACE_STYLE_FILL_AREA(#11820);
#11820 = FILL_AREA_STYLE('',(#11821));
#11821 = FILL_AREA_STYLE_COLOUR('',#10496);
#11822 = STYLED_ITEM('color',(#11823),#7874);
#11823 = PRESENTATION_STYLE_ASSIGNMENT((#11824));
#11824 = SURFACE_STYLE_USAGE(.BOTH.,#11825);
#11825 = SURFACE_SIDE_STYLE('',(#11826));
#11826 = SURFACE_STYLE_FILL_AREA(#11827);
#11827 = FILL_AREA_STYLE('',(#11828));
#11828 = FILL_AREA_STYLE_COLOUR('',#10496);
#11829 = STYLED_ITEM('color',(#11830),#7891);
#11830 = PRESENTATION_STYLE_ASSIGNMENT((#11831));
#11831 = SURFACE_STYLE_USAGE(.BOTH.,#11832);
#11832 = SURFACE_SIDE_STYLE('',(#11833));
#11833 = SURFACE_STYLE_FILL_AREA(#11834);
#11834 = FILL_AREA_STYLE('',(#11835));
#11835 = FILL_AREA_STYLE_COLOUR('',#10496);
#11836 = STYLED_ITEM('color',(#11837),#7903);
#11837 = PRESENTATION_STYLE_ASSIGNMENT((#11838));
#11838 = SURFACE_STYLE_USAGE(.BOTH.,#11839);
#11839 = SURFACE_SIDE_STYLE('',(#11840));
#11840 = SURFACE_STYLE_FILL_AREA(#11841);
#11841 = FILL_AREA_STYLE('',(#11842));
#11842 = FILL_AREA_STYLE_COLOUR('',#10496);
#11843 = STYLED_ITEM('color',(#11844),#7915);
#11844 = PRESENTATION_STYLE_ASSIGNMENT((#11845));
#11845 = SURFACE_STYLE_USAGE(.BOTH.,#11846);
#11846 = SURFACE_SIDE_STYLE('',(#11847));
#11847 = SURFACE_STYLE_FILL_AREA(#11848);
#11848 = FILL_AREA_STYLE('',(#11849));
#11849 = FILL_AREA_STYLE_COLOUR('',#10496);
#11850 = MECHANICAL_DESIGN_GEOMETRIC_PRESENTATION_REPRESENTATION('',(
    #11851,#11860),#5868);
#11851 = STYLED_ITEM('color',(#11852),#5094);
#11852 = PRESENTATION_STYLE_ASSIGNMENT((#11853,#11858));
#11853 = SURFACE_STYLE_USAGE(.BOTH.,#11854);
#11854 = SURFACE_SIDE_STYLE('',(#11855));
#11855 = SURFACE_STYLE_FILL_AREA(#11856);
#11856 = FILL_AREA_STYLE('',(#11857));
#11857 = FILL_AREA_STYLE_COLOUR('',#10288);
#11858 = CURVE_STYLE('',#11859,POSITIVE_LENGTH_MEASURE(0.1),#10288);
#11859 = DRAUGHTING_PRE_DEFINED_CURVE_FONT('continuous');
#11860 = STYLED_ITEM('color',(#11861),#5481);
#11861 = PRESENTATION_STYLE_ASSIGNMENT((#11862,#11867));
#11862 = SURFACE_STYLE_USAGE(.BOTH.,#11863);
#11863 = SURFACE_SIDE_STYLE('',(#11864));
#11864 = SURFACE_STYLE_FILL_AREA(#11865);
#11865 = FILL_AREA_STYLE('',(#11866));
#11866 = FILL_AREA_STYLE_COLOUR('',#10288);
#11867 = CURVE_STYLE('',#11868,POSITIVE_LENGTH_MEASURE(0.1),#10288);
#11868 = DRAUGHTING_PRE_DEFINED_CURVE_FONT('continuous');
#11869 = MECHANICAL_DESIGN_GEOMETRIC_PRESENTATION_REPRESENTATION('',(
    #11870,#11878,#11885,#11892,#11899,#11906,#11913,#11920,#11928,
    #11935,#11942,#11949,#11956,#11963,#11971,#11978,#11985,#11992,
    #11999,#12006,#12013,#12020,#12027,#12034,#12041,#12048),#4074);
#11870 = STYLED_ITEM('color',(#11871),#3286);
#11871 = PRESENTATION_STYLE_ASSIGNMENT((#11872));
#11872 = SURFACE_STYLE_USAGE(.BOTH.,#11873);
#11873 = SURFACE_SIDE_STYLE('',(#11874));
#11874 = SURFACE_STYLE_FILL_AREA(#11875);
#11875 = FILL_AREA_STYLE('',(#11876));
#11876 = FILL_AREA_STYLE_COLOUR('',#11877);
#11877 = COLOUR_RGB('',0.823999987314,0.819999987296,0.781000009244);
#11878 = STYLED_ITEM('color',(#11879),#3326);
#11879 = PRESENTATION_STYLE_ASSIGNMENT((#11880));
#11880 = SURFACE_STYLE_USAGE(.BOTH.,#11881);
#11881 = SURFACE_SIDE_STYLE('',(#11882));
#11882 = SURFACE_STYLE_FILL_AREA(#11883);
#11883 = FILL_AREA_STYLE('',(#11884));
#11884 = FILL_AREA_STYLE_COLOUR('',#11877);
#11885 = STYLED_ITEM('color',(#11886),#3409);
#11886 = PRESENTATION_STYLE_ASSIGNMENT((#11887));
#11887 = SURFACE_STYLE_USAGE(.BOTH.,#11888);
#11888 = SURFACE_SIDE_STYLE('',(#11889));
#11889 = SURFACE_STYLE_FILL_AREA(#11890);
#11890 = FILL_AREA_STYLE('',(#11891));
#11891 = FILL_AREA_STYLE_COLOUR('',#11877);
#11892 = STYLED_ITEM('color',(#11893),#3434);
#11893 = PRESENTATION_STYLE_ASSIGNMENT((#11894));
#11894 = SURFACE_STYLE_USAGE(.BOTH.,#11895);
#11895 = SURFACE_SIDE_STYLE('',(#11896));
#11896 = SURFACE_STYLE_FILL_AREA(#11897);
#11897 = FILL_AREA_STYLE('',(#11898));
#11898 = FILL_AREA_STYLE_COLOUR('',#11877);
#11899 = STYLED_ITEM('color',(#11900),#3459);
#11900 = PRESENTATION_STYLE_ASSIGNMENT((#11901));
#11901 = SURFACE_STYLE_USAGE(.BOTH.,#11902);
#11902 = SURFACE_SIDE_STYLE('',(#11903));
#11903 = SURFACE_STYLE_FILL_AREA(#11904);
#11904 = FILL_AREA_STYLE('',(#11905));
#11905 = FILL_AREA_STYLE_COLOUR('',#11877);
#11906 = STYLED_ITEM('color',(#11907),#3526);
#11907 = PRESENTATION_STYLE_ASSIGNMENT((#11908));
#11908 = SURFACE_STYLE_USAGE(.BOTH.,#11909);
#11909 = SURFACE_SIDE_STYLE('',(#11910));
#11910 = SURFACE_STYLE_FILL_AREA(#11911);
#11911 = FILL_AREA_STYLE('',(#11912));
#11912 = FILL_AREA_STYLE_COLOUR('',#11877);
#11913 = STYLED_ITEM('color',(#11914),#3543);
#11914 = PRESENTATION_STYLE_ASSIGNMENT((#11915));
#11915 = SURFACE_STYLE_USAGE(.BOTH.,#11916);
#11916 = SURFACE_SIDE_STYLE('',(#11917));
#11917 = SURFACE_STYLE_FILL_AREA(#11918);
#11918 = FILL_AREA_STYLE('',(#11919));
#11919 = FILL_AREA_STYLE_COLOUR('',#11877);
#11920 = STYLED_ITEM('color',(#11921),#3560);
#11921 = PRESENTATION_STYLE_ASSIGNMENT((#11922));
#11922 = SURFACE_STYLE_USAGE(.BOTH.,#11923);
#11923 = SURFACE_SIDE_STYLE('',(#11924));
#11924 = SURFACE_STYLE_FILL_AREA(#11925);
#11925 = FILL_AREA_STYLE('',(#11926));
#11926 = FILL_AREA_STYLE_COLOUR('',#11927);
#11927 = COLOUR_RGB('',0.894999966383,0.890999961016,0.813000030345);
#11928 = STYLED_ITEM('color',(#11929),#3609);
#11929 = PRESENTATION_STYLE_ASSIGNMENT((#11930));
#11930 = SURFACE_STYLE_USAGE(.BOTH.,#11931);
#11931 = SURFACE_SIDE_STYLE('',(#11932));
#11932 = SURFACE_STYLE_FILL_AREA(#11933);
#11933 = FILL_AREA_STYLE('',(#11934));
#11934 = FILL_AREA_STYLE_COLOUR('',#11877);
#11935 = STYLED_ITEM('color',(#11936),#3626);
#11936 = PRESENTATION_STYLE_ASSIGNMENT((#11937));
#11937 = SURFACE_STYLE_USAGE(.BOTH.,#11938);
#11938 = SURFACE_SIDE_STYLE('',(#11939));
#11939 = SURFACE_STYLE_FILL_AREA(#11940);
#11940 = FILL_AREA_STYLE('',(#11941));
#11941 = FILL_AREA_STYLE_COLOUR('',#11877);
#11942 = STYLED_ITEM('color',(#11943),#3643);
#11943 = PRESENTATION_STYLE_ASSIGNMENT((#11944));
#11944 = SURFACE_STYLE_USAGE(.BOTH.,#11945);
#11945 = SURFACE_SIDE_STYLE('',(#11946));
#11946 = SURFACE_STYLE_FILL_AREA(#11947);
#11947 = FILL_AREA_STYLE('',(#11948));
#11948 = FILL_AREA_STYLE_COLOUR('',#11927);
#11949 = STYLED_ITEM('color',(#11950),#3692);
#11950 = PRESENTATION_STYLE_ASSIGNMENT((#11951));
#11951 = SURFACE_STYLE_USAGE(.BOTH.,#11952);
#11952 = SURFACE_SIDE_STYLE('',(#11953));
#11953 = SURFACE_STYLE_FILL_AREA(#11954);
#11954 = FILL_AREA_STYLE('',(#11955));
#11955 = FILL_AREA_STYLE_COLOUR('',#11927);
#11956 = STYLED_ITEM('color',(#11957),#3709);
#11957 = PRESENTATION_STYLE_ASSIGNMENT((#11958));
#11958 = SURFACE_STYLE_USAGE(.BOTH.,#11959);
#11959 = SURFACE_SIDE_STYLE('',(#11960));
#11960 = SURFACE_STYLE_FILL_AREA(#11961);
#11961 = FILL_AREA_STYLE('',(#11962));
#11962 = FILL_AREA_STYLE_COLOUR('',#11877);
#11963 = STYLED_ITEM('color',(#11964),#3778);
#11964 = PRESENTATION_STYLE_ASSIGNMENT((#11965));
#11965 = SURFACE_STYLE_USAGE(.BOTH.,#11966);
#11966 = SURFACE_SIDE_STYLE('',(#11967));
#11967 = SURFACE_STYLE_FILL_AREA(#11968);
#11968 = FILL_AREA_STYLE('',(#11969));
#11969 = FILL_AREA_STYLE_COLOUR('',#11970);
#11970 = COLOUR_RGB('',8.200000279077E-02,8.600000121357E-02,
  9.399999706163E-02);
#11971 = STYLED_ITEM('color',(#11972),#3809);
#11972 = PRESENTATION_STYLE_ASSIGNMENT((#11973));
#11973 = SURFACE_STYLE_USAGE(.BOTH.,#11974);
#11974 = SURFACE_SIDE_STYLE('',(#11975));
#11975 = SURFACE_STYLE_FILL_AREA(#11976);
#11976 = FILL_AREA_STYLE('',(#11977));
#11977 = FILL_AREA_STYLE_COLOUR('',#11970);
#11978 = STYLED_ITEM('color',(#11979),#3833);
#11979 = PRESENTATION_STYLE_ASSIGNMENT((#11980));
#11980 = SURFACE_STYLE_USAGE(.BOTH.,#11981);
#11981 = SURFACE_SIDE_STYLE('',(#11982));
#11982 = SURFACE_STYLE_FILL_AREA(#11983);
#11983 = FILL_AREA_STYLE('',(#11984));
#11984 = FILL_AREA_STYLE_COLOUR('',#11877);
#11985 = STYLED_ITEM('color',(#11986),#3902);
#11986 = PRESENTATION_STYLE_ASSIGNMENT((#11987));
#11987 = SURFACE_STYLE_USAGE(.BOTH.,#11988);
#11988 = SURFACE_SIDE_STYLE('',(#11989));
#11989 = SURFACE_STYLE_FILL_AREA(#11990);
#11990 = FILL_AREA_STYLE('',(#11991));
#11991 = FILL_AREA_STYLE_COLOUR('',#11970);
#11992 = STYLED_ITEM('color',(#11993),#3926);
#11993 = PRESENTATION_STYLE_ASSIGNMENT((#11994));
#11994 = SURFACE_STYLE_USAGE(.BOTH.,#11995);
#11995 = SURFACE_SIDE_STYLE('',(#11996));
#11996 = SURFACE_STYLE_FILL_AREA(#11997);
#11997 = FILL_AREA_STYLE('',(#11998));
#11998 = FILL_AREA_STYLE_COLOUR('',#11877);
#11999 = STYLED_ITEM('color',(#12000),#3943);
#12000 = PRESENTATION_STYLE_ASSIGNMENT((#12001));
#12001 = SURFACE_STYLE_USAGE(.BOTH.,#12002);
#12002 = SURFACE_SIDE_STYLE('',(#12003));
#12003 = SURFACE_STYLE_FILL_AREA(#12004);
#12004 = FILL_AREA_STYLE('',(#12005));
#12005 = FILL_AREA_STYLE_COLOUR('',#11877);
#12006 = STYLED_ITEM('color',(#12007),#3960);
#12007 = PRESENTATION_STYLE_ASSIGNMENT((#12008));
#12008 = SURFACE_STYLE_USAGE(.BOTH.,#12009);
#12009 = SURFACE_SIDE_STYLE('',(#12010));
#12010 = SURFACE_STYLE_FILL_AREA(#12011);
#12011 = FILL_AREA_STYLE('',(#12012));
#12012 = FILL_AREA_STYLE_COLOUR('',#11877);
#12013 = STYLED_ITEM('color',(#12014),#3977);
#12014 = PRESENTATION_STYLE_ASSIGNMENT((#12015));
#12015 = SURFACE_STYLE_USAGE(.BOTH.,#12016);
#12016 = SURFACE_SIDE_STYLE('',(#12017));
#12017 = SURFACE_STYLE_FILL_AREA(#12018);
#12018 = FILL_AREA_STYLE('',(#12019));
#12019 = FILL_AREA_STYLE_COLOUR('',#11877);
#12020 = STYLED_ITEM('color',(#12021),#3994);
#12021 = PRESENTATION_STYLE_ASSIGNMENT((#12022));
#12022 = SURFACE_STYLE_USAGE(.BOTH.,#12023);
#12023 = SURFACE_SIDE_STYLE('',(#12024));
#12024 = SURFACE_STYLE_FILL_AREA(#12025);
#12025 = FILL_AREA_STYLE('',(#12026));
#12026 = FILL_AREA_STYLE_COLOUR('',#11877);
#12027 = STYLED_ITEM('color',(#12028),#4011);
#12028 = PRESENTATION_STYLE_ASSIGNMENT((#12029));
#12029 = SURFACE_STYLE_USAGE(.BOTH.,#12030);
#12030 = SURFACE_SIDE_STYLE('',(#12031));
#12031 = SURFACE_STYLE_FILL_AREA(#12032);
#12032 = FILL_AREA_STYLE('',(#12033));
#12033 = FILL_AREA_STYLE_COLOUR('',#11877);
#12034 = STYLED_ITEM('color',(#12035),#4028);
#12035 = PRESENTATION_STYLE_ASSIGNMENT((#12036));
#12036 = SURFACE_STYLE_USAGE(.BOTH.,#12037);
#12037 = SURFACE_SIDE_STYLE('',(#12038));
#12038 = SURFACE_STYLE_FILL_AREA(#12039);
#12039 = FILL_AREA_STYLE('',(#12040));
#12040 = FILL_AREA_STYLE_COLOUR('',#11877);
#12041 = STYLED_ITEM('color',(#12042),#4045);
#12042 = PRESENTATION_STYLE_ASSIGNMENT((#12043));
#12043 = SURFACE_STYLE_USAGE(.BOTH.,#12044);
#12044 = SURFACE_SIDE_STYLE('',(#12045));
#12045 = SURFACE_STYLE_FILL_AREA(#12046);
#12046 = FILL_AREA_STYLE('',(#12047));
#12047 = FILL_AREA_STYLE_COLOUR('',#11970);
#12048 = STYLED_ITEM('color',(#12049),#4062);
#12049 = PRESENTATION_STYLE_ASSIGNMENT((#12050));
#12050 = SURFACE_STYLE_USAGE(.BOTH.,#12051);
#12051 = SURFACE_SIDE_STYLE('',(#12052));
#12052 = SURFACE_STYLE_FILL_AREA(#12053);
#12053 = FILL_AREA_STYLE('',(#12054));
#12054 = FILL_AREA_STYLE_COLOUR('',#11970);
#12055 = MECHANICAL_DESIGN_GEOMETRIC_PRESENTATION_REPRESENTATION('',(
    #12056),#5075);
#12056 = STYLED_ITEM('color',(#12057),#4488);
#12057 = PRESENTATION_STYLE_ASSIGNMENT((#12058,#12064));
#12058 = SURFACE_STYLE_USAGE(.BOTH.,#12059);
#12059 = SURFACE_SIDE_STYLE('',(#12060));
#12060 = SURFACE_STYLE_FILL_AREA(#12061);
#12061 = FILL_AREA_STYLE('',(#12062));
#12062 = FILL_AREA_STYLE_COLOUR('',#12063);
#12063 = COLOUR_RGB('',0.300000011149,0.300000011149,0.300000011149);
#12064 = CURVE_STYLE('',#12065,POSITIVE_LENGTH_MEASURE(0.1),#12063);
#12065 = DRAUGHTING_PRE_DEFINED_CURVE_FONT('continuous');
#12066 = MECHANICAL_DESIGN_GEOMETRIC_PRESENTATION_REPRESENTATION('',(
    #12067,#12074,#12081,#12088,#12095,#12102,#12109,#12116,#12123,
    #12130,#12137,#12144,#12151,#12158,#12165),#4433);
#12067 = STYLED_ITEM('color',(#12068),#4100);
#12068 = PRESENTATION_STYLE_ASSIGNMENT((#12069));
#12069 = SURFACE_STYLE_USAGE(.BOTH.,#12070);
#12070 = SURFACE_SIDE_STYLE('',(#12071));
#12071 = SURFACE_STYLE_FILL_AREA(#12072);
#12072 = FILL_AREA_STYLE('',(#12073));
#12073 = FILL_AREA_STYLE_COLOUR('',#11877);
#12074 = STYLED_ITEM('color',(#12075),#4133);
#12075 = PRESENTATION_STYLE_ASSIGNMENT((#12076));
#12076 = SURFACE_STYLE_USAGE(.BOTH.,#12077);
#12077 = SURFACE_SIDE_STYLE('',(#12078));
#12078 = SURFACE_STYLE_FILL_AREA(#12079);
#12079 = FILL_AREA_STYLE('',(#12080));
#12080 = FILL_AREA_STYLE_COLOUR('',#11877);
#12081 = STYLED_ITEM('color',(#12082),#4142);
#12082 = PRESENTATION_STYLE_ASSIGNMENT((#12083));
#12083 = SURFACE_STYLE_USAGE(.BOTH.,#12084);
#12084 = SURFACE_SIDE_STYLE('',(#12085));
#12085 = SURFACE_STYLE_FILL_AREA(#12086);
#12086 = FILL_AREA_STYLE('',(#12087));
#12087 = FILL_AREA_STYLE_COLOUR('',#11877);
#12088 = STYLED_ITEM('color',(#12089),#4168);
#12089 = PRESENTATION_STYLE_ASSIGNMENT((#12090));
#12090 = SURFACE_STYLE_USAGE(.BOTH.,#12091);
#12091 = SURFACE_SIDE_STYLE('',(#12092));
#12092 = SURFACE_STYLE_FILL_AREA(#12093);
#12093 = FILL_AREA_STYLE('',(#12094));
#12094 = FILL_AREA_STYLE_COLOUR('',#11877);
#12095 = STYLED_ITEM('color',(#12096),#4193);
#12096 = PRESENTATION_STYLE_ASSIGNMENT((#12097));
#12097 = SURFACE_STYLE_USAGE(.BOTH.,#12098);
#12098 = SURFACE_SIDE_STYLE('',(#12099));
#12099 = SURFACE_STYLE_FILL_AREA(#12100);
#12100 = FILL_AREA_STYLE('',(#12101));
#12101 = FILL_AREA_STYLE_COLOUR('',#10299);
#12102 = STYLED_ITEM('color',(#12103),#4213);
#12103 = PRESENTATION_STYLE_ASSIGNMENT((#12104));
#12104 = SURFACE_STYLE_USAGE(.BOTH.,#12105);
#12105 = SURFACE_SIDE_STYLE('',(#12106));
#12106 = SURFACE_STYLE_FILL_AREA(#12107);
#12107 = FILL_AREA_STYLE('',(#12108));
#12108 = FILL_AREA_STYLE_COLOUR('',#10299);
#12109 = STYLED_ITEM('color',(#12110),#4238);
#12110 = PRESENTATION_STYLE_ASSIGNMENT((#12111));
#12111 = SURFACE_STYLE_USAGE(.BOTH.,#12112);
#12112 = SURFACE_SIDE_STYLE('',(#12113));
#12113 = SURFACE_STYLE_FILL_AREA(#12114);
#12114 = FILL_AREA_STYLE('',(#12115));
#12115 = FILL_AREA_STYLE_COLOUR('',#11927);
#12116 = STYLED_ITEM('color',(#12117),#4258);
#12117 = PRESENTATION_STYLE_ASSIGNMENT((#12118));
#12118 = SURFACE_STYLE_USAGE(.BOTH.,#12119);
#12119 = SURFACE_SIDE_STYLE('',(#12120));
#12120 = SURFACE_STYLE_FILL_AREA(#12121);
#12121 = FILL_AREA_STYLE('',(#12122));
#12122 = FILL_AREA_STYLE_COLOUR('',#11927);
#12123 = STYLED_ITEM('color',(#12124),#4283);
#12124 = PRESENTATION_STYLE_ASSIGNMENT((#12125));
#12125 = SURFACE_STYLE_USAGE(.BOTH.,#12126);
#12126 = SURFACE_SIDE_STYLE('',(#12127));
#12127 = SURFACE_STYLE_FILL_AREA(#12128);
#12128 = FILL_AREA_STYLE('',(#12129));
#12129 = FILL_AREA_STYLE_COLOUR('',#11927);
#12130 = STYLED_ITEM('color',(#12131),#4303);
#12131 = PRESENTATION_STYLE_ASSIGNMENT((#12132));
#12132 = SURFACE_STYLE_USAGE(.BOTH.,#12133);
#12133 = SURFACE_SIDE_STYLE('',(#12134));
#12134 = SURFACE_STYLE_FILL_AREA(#12135);
#12135 = FILL_AREA_STYLE('',(#12136));
#12136 = FILL_AREA_STYLE_COLOUR('',#10299);
#12137 = STYLED_ITEM('color',(#12138),#4328);
#12138 = PRESENTATION_STYLE_ASSIGNMENT((#12139));
#12139 = SURFACE_STYLE_USAGE(.BOTH.,#12140);
#12140 = SURFACE_SIDE_STYLE('',(#12141));
#12141 = SURFACE_STYLE_FILL_AREA(#12142);
#12142 = FILL_AREA_STYLE('',(#12143));
#12143 = FILL_AREA_STYLE_COLOUR('',#10299);
#12144 = STYLED_ITEM('color',(#12145),#4348);
#12145 = PRESENTATION_STYLE_ASSIGNMENT((#12146));
#12146 = SURFACE_STYLE_USAGE(.BOTH.,#12147);
#12147 = SURFACE_SIDE_STYLE('',(#12148));
#12148 = SURFACE_STYLE_FILL_AREA(#12149);
#12149 = FILL_AREA_STYLE('',(#12150));
#12150 = FILL_AREA_STYLE_COLOUR('',#11877);
#12151 = STYLED_ITEM('color',(#12152),#4373);
#12152 = PRESENTATION_STYLE_ASSIGNMENT((#12153));
#12153 = SURFACE_STYLE_USAGE(.BOTH.,#12154);
#12154 = SURFACE_SIDE_STYLE('',(#12155));
#12155 = SURFACE_STYLE_FILL_AREA(#12156);
#12156 = FILL_AREA_STYLE('',(#12157));
#12157 = FILL_AREA_STYLE_COLOUR('',#11877);
#12158 = STYLED_ITEM('color',(#12159),#4399);
#12159 = PRESENTATION_STYLE_ASSIGNMENT((#12160));
#12160 = SURFACE_STYLE_USAGE(.BOTH.,#12161);
#12161 = SURFACE_SIDE_STYLE('',(#12162));
#12162 = SURFACE_STYLE_FILL_AREA(#12163);
#12163 = FILL_AREA_STYLE('',(#12164));
#12164 = FILL_AREA_STYLE_COLOUR('',#11877);
#12165 = STYLED_ITEM('color',(#12166),#4424);
#12166 = PRESENTATION_STYLE_ASSIGNMENT((#12167));
#12167 = SURFACE_STYLE_USAGE(.BOTH.,#12168);
#12168 = SURFACE_SIDE_STYLE('',(#12169));
#12169 = SURFACE_STYLE_FILL_AREA(#12170);
#12170 = FILL_AREA_STYLE('',(#12171));
#12171 = FILL_AREA_STYLE_COLOUR('',#11877);
#12172 = MECHANICAL_DESIGN_GEOMETRIC_PRESENTATION_REPRESENTATION('',(
    #12173),#10269);
#12173 = STYLED_ITEM('color',(#12174),#9417);
#12174 = PRESENTATION_STYLE_ASSIGNMENT((#12175));
#12175 = SURFACE_STYLE_USAGE(.BOTH.,#12176);
#12176 = SURFACE_SIDE_STYLE('',(#12177));
#12177 = SURFACE_STYLE_FILL_AREA(#12178);
#12178 = FILL_AREA_STYLE('',(#12179));
#12179 = FILL_AREA_STYLE_COLOUR('',#12180);
#12180 = COLOUR_RGB('',0.313304153717,0.484529207832,0.410020903123);
ENDSEC;
END-ISO-10303-21;
