ISO-10303-21;
HEADER;
FILE_DESCRIPTION(('KiCad electronic assembly'),'2;1');
FILE_NAME('line-follower-h-bridge-v1.step','2026-10-07T13:32:08',(
    'Pcbnew'),('Kicad'),'Open CASCADE STEP processor 7.8',
  'KiCad to STEP converter','Unknown');
FILE_SCHEMA(('AUTOMOTIVE_DESIGN { 1 0 10303 214 1 1 1 1 }'));
ENDSEC;
DATA;
#1 = APPLICATION_PROTOCOL_DEFINITION('international standard',
  'automotive_design',2000,#2);
#2 = APPLICATION_CONTEXT(
  'core data for automotive mechanical design processes');
#3 = SHAPE_DEFINITION_REPRESENTATION(#4,#10);
#4 = PRODUCT_DEFINITION_SHAPE('','',#5);
#5 = PRODUCT_DEFINITION('design','',#6,#9);
#6 = PRODUCT_DEFINITION_FORMATION('','',#7);
#7 = PRODUCT('line-follower-h-bridge-v1 1','line-follower-h-bridge-v1 1'
  ,'',(#8));
#8 = PRODUCT_CONTEXT('',#2,'mechanical');
#9 = PRODUCT_DEFINITION_CONTEXT('part definition',#2,'design');
#10 = SHAPE_REPRESENTATION('',(#11,#15,#19,#23,#27,#31,#35,#39,#43,#47,
    #51,#55,#59,#63),#67);
#11 = AXIS2_PLACEMENT_3D('',#12,#13,#14);
#12 = CARTESIAN_POINT('',(0.,0.,0.));
#13 = DIRECTION('',(0.,0.,1.));
#14 = DIRECTION('',(1.,0.,-0.));
#15 = AXIS2_PLACEMENT_3D('',#16,#17,#18);
#16 = CARTESIAN_POINT('',(141.04825,-89.5,1.595));
#17 = DIRECTION('',(0.,0.,1.));
#18 = DIRECTION('',(-1.,1.224646799147E-16,0.));
#19 = AXIS2_PLACEMENT_3D('',#20,#21,#22);
#20 = CARTESIAN_POINT('',(103.65,-75.385,1.595));
#21 = DIRECTION('',(0.,-0.,1.));
#22 = DIRECTION('',(1.110223024625E-16,1.,0.));
#23 = AXIS2_PLACEMENT_3D('',#24,#25,#26);
#24 = CARTESIAN_POINT('',(92.45175,-89.5,1.595));
#25 = DIRECTION('',(0.,0.,1.));
#26 = DIRECTION('',(1.,0.,0.));
#27 = AXIS2_PLACEMENT_3D('',#28,#29,#30);
#28 = CARTESIAN_POINT('',(123.45175,-104.,1.595));
#29 = DIRECTION('',(0.,0.,1.));
#30 = DIRECTION('',(1.,0.,0.));
#31 = AXIS2_PLACEMENT_3D('',#32,#33,#34);
#32 = CARTESIAN_POINT('',(121.021708,-95.520337,1.595));
#33 = DIRECTION('',(0.,0.,1.));
#34 = DIRECTION('',(1.,0.,0.));
#35 = AXIS2_PLACEMENT_3D('',#36,#37,#38);
#36 = CARTESIAN_POINT('',(115.,-98.,1.595));
#37 = DIRECTION('',(0.,0.,1.));
#38 = DIRECTION('',(-1.,1.224646799147E-16,0.));
#39 = AXIS2_PLACEMENT_3D('',#40,#41,#42);
#40 = CARTESIAN_POINT('',(112.54825,-104.,1.595));
#41 = DIRECTION('',(0.,0.,1.));
#42 = DIRECTION('',(-1.,1.224646799147E-16,0.));
#43 = AXIS2_PLACEMENT_3D('',#44,#45,#46);
#44 = CARTESIAN_POINT('',(120.725,-75.385,1.595));
#45 = DIRECTION('',(0.,-0.,1.));
#46 = DIRECTION('',(1.110223024625E-16,1.,0.));
#47 = AXIS2_PLACEMENT_3D('',#48,#49,#50);
#48 = CARTESIAN_POINT('',(142.5,-104.,1.595));
#49 = DIRECTION('',(0.,0.,1.));
#50 = DIRECTION('',(-1.,1.224646799147E-16,0.));
#51 = AXIS2_PLACEMENT_3D('',#52,#53,#54);
#52 = CARTESIAN_POINT('',(103.95175,-89.5,1.595));
#53 = DIRECTION('',(0.,0.,1.));
#54 = DIRECTION('',(1.,0.,0.));
#55 = AXIS2_PLACEMENT_3D('',#56,#57,#58);
#56 = CARTESIAN_POINT('',(121.95175,-89.5,1.595));
#57 = DIRECTION('',(0.,0.,1.));
#58 = DIRECTION('',(1.,0.,0.));
#59 = AXIS2_PLACEMENT_3D('',#60,#61,#62);
#60 = CARTESIAN_POINT('',(92.95175,-104.,1.595));
#61 = DIRECTION('',(0.,0.,1.));
#62 = DIRECTION('',(1.,0.,0.));
#63 = AXIS2_PLACEMENT_3D('',#64,#65,#66);
#64 = CARTESIAN_POINT('',(0.,0.,0.));
#65 = DIRECTION('',(0.,0.,1.));
#66 = DIRECTION('',(1.,0.,-0.));
#67 = ( GEOMETRIC_REPRESENTATION_CONTEXT(3) 
GLOBAL_UNCERTAINTY_ASSIGNED_CONTEXT((#71)) GLOBAL_UNIT_ASSIGNED_CONTEXT(
(#68,#69,#70)) REPRESENTATION_CONTEXT('Context #1',
  '3D Context with UNIT and UNCERTAINTY') );
#68 = ( LENGTH_UNIT() NAMED_UNIT(*) SI_UNIT(.MILLI.,.METRE.) );
#69 = ( NAMED_UNIT(*) PLANE_ANGLE_UNIT() SI_UNIT($,.RADIAN.) );
#70 = ( NAMED_UNIT(*) SI_UNIT($,.STERADIAN.) SOLID_ANGLE_UNIT() );
#71 = UNCERTAINTY_MEASURE_WITH_UNIT(LENGTH_MEASURE(1.E-07),#68,
  'distance_accuracy_value','confusion accuracy');
#72 = PRODUCT_RELATED_PRODUCT_CATEGORY('part',$,(#7));
#73 = SHAPE_DEFINITION_REPRESENTATION(#74,#80);
#74 = PRODUCT_DEFINITION_SHAPE('','',#75);
#75 = PRODUCT_DEFINITION('design','',#76,#79);
#76 = PRODUCT_DEFINITION_FORMATION('','',#77);
#77 = PRODUCT('D_A-405_P7.62mm_Horizontal','D_A-405_P7.62mm_Horizontal',
  '',(#78));
#78 = PRODUCT_CONTEXT('',#2,'mechanical');
#79 = PRODUCT_DEFINITION_CONTEXT('part definition',#2,'design');
#80 = ADVANCED_BREP_SHAPE_REPRESENTATION('',(#11,#81),#416);
#81 = MANIFOLD_SOLID_BREP('',#82);
#82 = CLOSED_SHELL('',(#83,#116,#125,#151,#176,#196,#221,#241,#266,#286,
    #311,#331,#356,#382,#407));
#83 = ADVANCED_FACE('',(#84),#111,.T.);
#84 = FACE_BOUND('',#85,.T.);
#85 = EDGE_LOOP('',(#86,#96,#103,#104));
#86 = ORIENTED_EDGE('',*,*,#87,.T.);
#87 = EDGE_CURVE('',#88,#90,#92,.T.);
#88 = VERTEX_POINT('',#89);
#89 = CARTESIAN_POINT('',(0.3,-1.845011104114E-16,-2.5));
#90 = VERTEX_POINT('',#91);
#91 = CARTESIAN_POINT('',(0.3,7.216449660064E-16,1.25));
#92 = LINE('',#93,#94);
#93 = CARTESIAN_POINT('',(0.3,7.216449660064E-16,1.25));
#94 = VECTOR('',#95,1.);
#95 = DIRECTION('',(0.,2.22044604925E-16,1.));
#96 = ORIENTED_EDGE('',*,*,#97,.F.);
#97 = EDGE_CURVE('',#90,#90,#98,.T.);
#98 = CIRCLE('',#99,0.3);
#99 = AXIS2_PLACEMENT_3D('',#100,#101,#102);
#100 = CARTESIAN_POINT('',(0.,7.216449660064E-16,1.25));
#101 = DIRECTION('',(-0.,2.22044604925E-16,1.));
#102 = DIRECTION('',(1.,0.,0.));
#103 = ORIENTED_EDGE('',*,*,#87,.F.);
#104 = ORIENTED_EDGE('',*,*,#105,.T.);
#105 = EDGE_CURVE('',#88,#88,#106,.T.);
#106 = CIRCLE('',#107,0.3);
#107 = AXIS2_PLACEMENT_3D('',#108,#109,#110);
#108 = CARTESIAN_POINT('',(0.,-1.110223024625E-16,-2.5));
#109 = DIRECTION('',(-0.,2.22044604925E-16,1.));
#110 = DIRECTION('',(1.,0.,0.));
#111 = CYLINDRICAL_SURFACE('',#112,0.3);
#112 = AXIS2_PLACEMENT_3D('',#113,#114,#115);
#113 = CARTESIAN_POINT('',(0.,7.216449660064E-16,1.25));
#114 = DIRECTION('',(0.,2.22044604925E-16,1.));
#115 = DIRECTION('',(1.,0.,-0.));
#116 = ADVANCED_FACE('',(#117),#120,.T.);
#117 = FACE_BOUND('',#118,.F.);
#118 = EDGE_LOOP('',(#119));
#119 = ORIENTED_EDGE('',*,*,#105,.T.);
#120 = PLANE('',#121);
#121 = AXIS2_PLACEMENT_3D('',#122,#123,#124);
#122 = CARTESIAN_POINT('',(0.3,-1.110223024625E-16,-2.5));
#123 = DIRECTION('',(0.,0.,-1.));
#124 = DIRECTION('',(-1.,0.,0.));
#125 = ADVANCED_FACE('',(#126),#146,.T.);
#126 = FACE_BOUND('',#127,.T.);
#127 = EDGE_LOOP('',(#128,#137,#144,#145));
#128 = ORIENTED_EDGE('',*,*,#129,.T.);
#129 = EDGE_CURVE('',#90,#130,#132,.T.);
#130 = VERTEX_POINT('',#131);
#131 = CARTESIAN_POINT('',(0.6,7.882583474839E-16,1.55));
#132 = CIRCLE('',#133,0.3);
#133 = AXIS2_PLACEMENT_3D('',#134,#135,#136);
#134 = CARTESIAN_POINT('',(0.6,8.318631779296E-16,1.25));
#135 = DIRECTION('',(0.,1.,-2.22044604925E-16));
#136 = DIRECTION('',(1.,0.,0.));
#137 = ORIENTED_EDGE('',*,*,#138,.T.);
#138 = EDGE_CURVE('',#130,#130,#139,.T.);
#139 = CIRCLE('',#140,0.3);
#140 = AXIS2_PLACEMENT_3D('',#141,#142,#143);
#141 = CARTESIAN_POINT('',(0.6,8.548717289614E-16,1.85));
#142 = DIRECTION('',(-1.,-4.078893220341E-32,-1.836970198721E-16));
#143 = DIRECTION('',(-1.836970198721E-16,2.22044604925E-16,1.));
#144 = ORIENTED_EDGE('',*,*,#129,.F.);
#145 = ORIENTED_EDGE('',*,*,#97,.T.);
#146 = TOROIDAL_SURFACE('',#147,0.6,0.3);
#147 = AXIS2_PLACEMENT_3D('',#148,#149,#150);
#148 = CARTESIAN_POINT('',(0.6,7.216449660064E-16,1.25));
#149 = DIRECTION('',(0.,1.,-2.22044604925E-16));
#150 = DIRECTION('',(1.,0.,0.));
#151 = ADVANCED_FACE('',(#152),#171,.T.);
#152 = FACE_BOUND('',#153,.T.);
#153 = EDGE_LOOP('',(#154,#155,#163,#170));
#154 = ORIENTED_EDGE('',*,*,#138,.F.);
#155 = ORIENTED_EDGE('',*,*,#156,.T.);
#156 = EDGE_CURVE('',#130,#157,#159,.T.);
#157 = VERTEX_POINT('',#158);
#158 = CARTESIAN_POINT('',(1.21,7.882583474839E-16,1.55));
#159 = LINE('',#160,#161);
#160 = CARTESIAN_POINT('',(0.6,7.882583474839E-16,1.55));
#161 = VECTOR('',#162,1.);
#162 = DIRECTION('',(1.,0.,0.));
#163 = ORIENTED_EDGE('',*,*,#164,.F.);
#164 = EDGE_CURVE('',#157,#157,#165,.T.);
#165 = CIRCLE('',#166,0.3);
#166 = AXIS2_PLACEMENT_3D('',#167,#168,#169);
#167 = CARTESIAN_POINT('',(1.21,8.548717289614E-16,1.85));
#168 = DIRECTION('',(1.,0.,0.));
#169 = DIRECTION('',(0.,-2.22044604925E-16,-1.));
#170 = ORIENTED_EDGE('',*,*,#156,.F.);
#171 = CYLINDRICAL_SURFACE('',#172,0.3);
#172 = AXIS2_PLACEMENT_3D('',#173,#174,#175);
#173 = CARTESIAN_POINT('',(0.6,8.548717289614E-16,1.85));
#174 = DIRECTION('',(1.,0.,0.));
#175 = DIRECTION('',(0.,-2.22044604925E-16,-1.));
#176 = ADVANCED_FACE('',(#177,#188),#191,.F.);
#177 = FACE_BOUND('',#178,.T.);
#178 = EDGE_LOOP('',(#179));
#179 = ORIENTED_EDGE('',*,*,#180,.F.);
#180 = EDGE_CURVE('',#181,#181,#183,.T.);
#181 = VERTEX_POINT('',#182);
#182 = CARTESIAN_POINT('',(1.21,2.13162820728E-15,3.2));
#183 = CIRCLE('',#184,1.35);
#184 = AXIS2_PLACEMENT_3D('',#185,#186,#187);
#185 = CARTESIAN_POINT('',(1.21,8.215650382226E-16,1.85));
#186 = DIRECTION('',(1.,0.,-0.));
#187 = DIRECTION('',(0.,9.70417162265E-16,1.));
#188 = FACE_BOUND('',#189,.T.);
#189 = EDGE_LOOP('',(#190));
#190 = ORIENTED_EDGE('',*,*,#164,.T.);
#191 = PLANE('',#192);
#192 = AXIS2_PLACEMENT_3D('',#193,#194,#195);
#193 = CARTESIAN_POINT('',(1.21,8.215650382226E-16,1.85));
#194 = DIRECTION('',(1.,0.,0.));
#195 = DIRECTION('',(-0.,9.70417162265E-16,1.));
#196 = ADVANCED_FACE('',(#197),#216,.T.);
#197 = FACE_BOUND('',#198,.T.);
#198 = EDGE_LOOP('',(#199,#207,#208,#209));
#199 = ORIENTED_EDGE('',*,*,#200,.F.);
#200 = EDGE_CURVE('',#181,#201,#203,.T.);
#201 = VERTEX_POINT('',#202);
#202 = CARTESIAN_POINT('',(1.99,2.13162820728E-15,3.2));
#203 = LINE('',#204,#205);
#204 = CARTESIAN_POINT('',(1.21,2.13162820728E-15,3.2));
#205 = VECTOR('',#206,1.);
#206 = DIRECTION('',(1.,0.,0.));
#207 = ORIENTED_EDGE('',*,*,#180,.T.);
#208 = ORIENTED_EDGE('',*,*,#200,.T.);
#209 = ORIENTED_EDGE('',*,*,#210,.F.);
#210 = EDGE_CURVE('',#201,#201,#211,.T.);
#211 = CIRCLE('',#212,1.35);
#212 = AXIS2_PLACEMENT_3D('',#213,#214,#215);
#213 = CARTESIAN_POINT('',(1.99,8.215650382226E-16,1.85));
#214 = DIRECTION('',(1.,0.,-0.));
#215 = DIRECTION('',(0.,9.70417162265E-16,1.));
#216 = CYLINDRICAL_SURFACE('',#217,1.35);
#217 = AXIS2_PLACEMENT_3D('',#218,#219,#220);
#218 = CARTESIAN_POINT('',(1.21,8.215650382226E-16,1.85));
#219 = DIRECTION('',(1.,0.,0.));
#220 = DIRECTION('',(-0.,9.70417162265E-16,1.));
#221 = ADVANCED_FACE('',(#222,#233),#236,.F.);
#222 = FACE_BOUND('',#223,.T.);
#223 = EDGE_LOOP('',(#224));
#224 = ORIENTED_EDGE('',*,*,#225,.F.);
#225 = EDGE_CURVE('',#226,#226,#228,.T.);
#226 = VERTEX_POINT('',#227);
#227 = CARTESIAN_POINT('',(1.99,2.138289545428E-15,3.21));
#228 = CIRCLE('',#229,1.36);
#229 = AXIS2_PLACEMENT_3D('',#230,#231,#232);
#230 = CARTESIAN_POINT('',(1.99,8.215650382226E-16,1.85));
#231 = DIRECTION('',(1.,0.,-0.));
#232 = DIRECTION('',(0.,9.681797847099E-16,1.));
#233 = FACE_BOUND('',#234,.T.);
#234 = EDGE_LOOP('',(#235));
#235 = ORIENTED_EDGE('',*,*,#210,.T.);
#236 = PLANE('',#237);
#237 = AXIS2_PLACEMENT_3D('',#238,#239,#240);
#238 = CARTESIAN_POINT('',(1.99,8.215650382226E-16,1.85));
#239 = DIRECTION('',(1.,0.,0.));
#240 = DIRECTION('',(-0.,9.726879335149E-16,1.));
#241 = ADVANCED_FACE('',(#242),#261,.T.);
#242 = FACE_BOUND('',#243,.T.);
#243 = EDGE_LOOP('',(#244,#245,#253,#260));
#244 = ORIENTED_EDGE('',*,*,#225,.T.);
#245 = ORIENTED_EDGE('',*,*,#246,.T.);
#246 = EDGE_CURVE('',#226,#247,#249,.T.);
#247 = VERTEX_POINT('',#248);
#248 = CARTESIAN_POINT('',(3.29,2.138289545428E-15,3.21));
#249 = LINE('',#250,#251);
#250 = CARTESIAN_POINT('',(1.99,2.138289545428E-15,3.21));
#251 = VECTOR('',#252,1.);
#252 = DIRECTION('',(1.,0.,0.));
#253 = ORIENTED_EDGE('',*,*,#254,.F.);
#254 = EDGE_CURVE('',#247,#247,#255,.T.);
#255 = CIRCLE('',#256,1.36);
#256 = AXIS2_PLACEMENT_3D('',#257,#258,#259);
#257 = CARTESIAN_POINT('',(3.29,8.215650382226E-16,1.85));
#258 = DIRECTION('',(1.,0.,-0.));
#259 = DIRECTION('',(0.,9.681797847099E-16,1.));
#260 = ORIENTED_EDGE('',*,*,#246,.F.);
#261 = CYLINDRICAL_SURFACE('',#262,1.36);
#262 = AXIS2_PLACEMENT_3D('',#263,#264,#265);
#263 = CARTESIAN_POINT('',(1.99,8.215650382226E-16,1.85));
#264 = DIRECTION('',(1.,0.,0.));
#265 = DIRECTION('',(-0.,9.681797847099E-16,1.));
#266 = ADVANCED_FACE('',(#267,#270),#281,.T.);
#267 = FACE_BOUND('',#268,.T.);
#268 = EDGE_LOOP('',(#269));
#269 = ORIENTED_EDGE('',*,*,#254,.T.);
#270 = FACE_BOUND('',#271,.T.);
#271 = EDGE_LOOP('',(#272));
#272 = ORIENTED_EDGE('',*,*,#273,.F.);
#273 = EDGE_CURVE('',#274,#274,#276,.T.);
#274 = VERTEX_POINT('',#275);
#275 = CARTESIAN_POINT('',(3.29,2.13162820728E-15,3.2));
#276 = CIRCLE('',#277,1.35);
#277 = AXIS2_PLACEMENT_3D('',#278,#279,#280);
#278 = CARTESIAN_POINT('',(3.29,8.215650382226E-16,1.85));
#279 = DIRECTION('',(1.,0.,-0.));
#280 = DIRECTION('',(0.,9.70417162265E-16,1.));
#281 = PLANE('',#282);
#282 = AXIS2_PLACEMENT_3D('',#283,#284,#285);
#283 = CARTESIAN_POINT('',(3.29,8.215650382226E-16,1.85));
#284 = DIRECTION('',(1.,0.,0.));
#285 = DIRECTION('',(-0.,9.681797847099E-16,1.));
#286 = ADVANCED_FACE('',(#287),#306,.T.);
#287 = FACE_BOUND('',#288,.T.);
#288 = EDGE_LOOP('',(#289,#290,#298,#305));
#289 = ORIENTED_EDGE('',*,*,#273,.T.);
#290 = ORIENTED_EDGE('',*,*,#291,.T.);
#291 = EDGE_CURVE('',#274,#292,#294,.T.);
#292 = VERTEX_POINT('',#293);
#293 = CARTESIAN_POINT('',(6.41,2.13162820728E-15,3.2));
#294 = LINE('',#295,#296);
#295 = CARTESIAN_POINT('',(1.21,2.13162820728E-15,3.2));
#296 = VECTOR('',#297,1.);
#297 = DIRECTION('',(1.,0.,0.));
#298 = ORIENTED_EDGE('',*,*,#299,.F.);
#299 = EDGE_CURVE('',#292,#292,#300,.T.);
#300 = CIRCLE('',#301,1.35);
#301 = AXIS2_PLACEMENT_3D('',#302,#303,#304);
#302 = CARTESIAN_POINT('',(6.41,8.215650382226E-16,1.85));
#303 = DIRECTION('',(1.,0.,-0.));
#304 = DIRECTION('',(0.,9.70417162265E-16,1.));
#305 = ORIENTED_EDGE('',*,*,#291,.F.);
#306 = CYLINDRICAL_SURFACE('',#307,1.35);
#307 = AXIS2_PLACEMENT_3D('',#308,#309,#310);
#308 = CARTESIAN_POINT('',(1.21,8.215650382226E-16,1.85));
#309 = DIRECTION('',(1.,0.,0.));
#310 = DIRECTION('',(-0.,9.70417162265E-16,1.));
#311 = ADVANCED_FACE('',(#312,#315),#326,.T.);
#312 = FACE_BOUND('',#313,.F.);
#313 = EDGE_LOOP('',(#314));
#314 = ORIENTED_EDGE('',*,*,#299,.F.);
#315 = FACE_BOUND('',#316,.F.);
#316 = EDGE_LOOP('',(#317));
#317 = ORIENTED_EDGE('',*,*,#318,.T.);
#318 = EDGE_CURVE('',#319,#319,#321,.T.);
#319 = VERTEX_POINT('',#320);
#320 = CARTESIAN_POINT('',(6.41,7.882583474839E-16,1.55));
#321 = CIRCLE('',#322,0.3);
#322 = AXIS2_PLACEMENT_3D('',#323,#324,#325);
#323 = CARTESIAN_POINT('',(6.41,8.548717289614E-16,1.85));
#324 = DIRECTION('',(1.,0.,0.));
#325 = DIRECTION('',(0.,-2.22044604925E-16,-1.));
#326 = PLANE('',#327);
#327 = AXIS2_PLACEMENT_3D('',#328,#329,#330);
#328 = CARTESIAN_POINT('',(6.41,8.215650382226E-16,1.85));
#329 = DIRECTION('',(1.,0.,0.));
#330 = DIRECTION('',(-0.,9.70417162265E-16,1.));
#331 = ADVANCED_FACE('',(#332),#351,.T.);
#332 = FACE_BOUND('',#333,.T.);
#333 = EDGE_LOOP('',(#334,#335,#343,#350));
#334 = ORIENTED_EDGE('',*,*,#318,.T.);
#335 = ORIENTED_EDGE('',*,*,#336,.T.);
#336 = EDGE_CURVE('',#319,#337,#339,.T.);
#337 = VERTEX_POINT('',#338);
#338 = CARTESIAN_POINT('',(7.02,7.882583474839E-16,1.55));
#339 = LINE('',#340,#341);
#340 = CARTESIAN_POINT('',(0.6,7.882583474839E-16,1.55));
#341 = VECTOR('',#342,1.);
#342 = DIRECTION('',(1.,0.,0.));
#343 = ORIENTED_EDGE('',*,*,#344,.F.);
#344 = EDGE_CURVE('',#337,#337,#345,.T.);
#345 = CIRCLE('',#346,0.3);
#346 = AXIS2_PLACEMENT_3D('',#347,#348,#349);
#347 = CARTESIAN_POINT('',(7.02,8.548717289614E-16,1.85));
#348 = DIRECTION('',(1.,0.,0.));
#349 = DIRECTION('',(0.,-2.22044604925E-16,-1.));
#350 = ORIENTED_EDGE('',*,*,#336,.F.);
#351 = CYLINDRICAL_SURFACE('',#352,0.3);
#352 = AXIS2_PLACEMENT_3D('',#353,#354,#355);
#353 = CARTESIAN_POINT('',(0.6,8.548717289614E-16,1.85));
#354 = DIRECTION('',(1.,0.,0.));
#355 = DIRECTION('',(0.,-2.22044604925E-16,-1.));
#356 = ADVANCED_FACE('',(#357),#377,.T.);
#357 = FACE_BOUND('',#358,.T.);
#358 = EDGE_LOOP('',(#359,#368,#375,#376));
#359 = ORIENTED_EDGE('',*,*,#360,.T.);
#360 = EDGE_CURVE('',#337,#361,#363,.T.);
#361 = VERTEX_POINT('',#362);
#362 = CARTESIAN_POINT('',(7.32,7.216449660064E-16,1.25));
#363 = CIRCLE('',#364,0.3);
#364 = AXIS2_PLACEMENT_3D('',#365,#366,#367);
#365 = CARTESIAN_POINT('',(7.02,8.318631779296E-16,1.25));
#366 = DIRECTION('',(0.,1.,-2.22044604925E-16));
#367 = DIRECTION('',(1.,0.,0.));
#368 = ORIENTED_EDGE('',*,*,#369,.T.);
#369 = EDGE_CURVE('',#361,#361,#370,.T.);
#370 = CIRCLE('',#371,0.3);
#371 = AXIS2_PLACEMENT_3D('',#372,#373,#374);
#372 = CARTESIAN_POINT('',(7.62,7.216449660064E-16,1.25));
#373 = DIRECTION('',(-2.449293598295E-16,2.22044604925E-16,1.));
#374 = DIRECTION('',(1.,5.438524293788E-32,2.449293598295E-16));
#375 = ORIENTED_EDGE('',*,*,#360,.F.);
#376 = ORIENTED_EDGE('',*,*,#344,.T.);
#377 = TOROIDAL_SURFACE('',#378,0.6,0.3);
#378 = AXIS2_PLACEMENT_3D('',#379,#380,#381);
#379 = CARTESIAN_POINT('',(7.02,7.216449660064E-16,1.25));
#380 = DIRECTION('',(0.,1.,-2.22044604925E-16));
#381 = DIRECTION('',(1.,0.,0.));
#382 = ADVANCED_FACE('',(#383),#402,.T.);
#383 = FACE_BOUND('',#384,.T.);
#384 = EDGE_LOOP('',(#385,#393,#400,#401));
#385 = ORIENTED_EDGE('',*,*,#386,.T.);
#386 = EDGE_CURVE('',#361,#387,#389,.T.);
#387 = VERTEX_POINT('',#388);
#388 = CARTESIAN_POINT('',(7.32,-1.845011104114E-16,-2.5));
#389 = LINE('',#390,#391);
#390 = CARTESIAN_POINT('',(7.32,7.216449660064E-16,1.25));
#391 = VECTOR('',#392,1.);
#392 = DIRECTION('',(0.,-2.22044604925E-16,-1.));
#393 = ORIENTED_EDGE('',*,*,#394,.F.);
#394 = EDGE_CURVE('',#387,#387,#395,.T.);
#395 = CIRCLE('',#396,0.3);
#396 = AXIS2_PLACEMENT_3D('',#397,#398,#399);
#397 = CARTESIAN_POINT('',(7.62,-1.110223024625E-16,-2.5));
#398 = DIRECTION('',(-0.,-2.22044604925E-16,-1.));
#399 = DIRECTION('',(-1.,0.,0.));
#400 = ORIENTED_EDGE('',*,*,#386,.F.);
#401 = ORIENTED_EDGE('',*,*,#369,.F.);
#402 = CYLINDRICAL_SURFACE('',#403,0.3);
#403 = AXIS2_PLACEMENT_3D('',#404,#405,#406);
#404 = CARTESIAN_POINT('',(7.62,7.216449660064E-16,1.25));
#405 = DIRECTION('',(0.,-2.22044604925E-16,-1.));
#406 = DIRECTION('',(-1.,-0.,0.));
#407 = ADVANCED_FACE('',(#408),#411,.F.);
#408 = FACE_BOUND('',#409,.T.);
#409 = EDGE_LOOP('',(#410));
#410 = ORIENTED_EDGE('',*,*,#394,.T.);
#411 = PLANE('',#412);
#412 = AXIS2_PLACEMENT_3D('',#413,#414,#415);
#413 = CARTESIAN_POINT('',(7.32,-1.110223024625E-16,-2.5));
#414 = DIRECTION('',(0.,0.,1.));
#415 = DIRECTION('',(1.,0.,-0.));
#416 = ( GEOMETRIC_REPRESENTATION_CONTEXT(3) 
GLOBAL_UNCERTAINTY_ASSIGNED_CONTEXT((#420)) GLOBAL_UNIT_ASSIGNED_CONTEXT
((#417,#418,#419)) REPRESENTATION_CONTEXT('Context #1',
  '3D Context with UNIT and UNCERTAINTY') );
#417 = ( LENGTH_UNIT() NAMED_UNIT(*) SI_UNIT(.MILLI.,.METRE.) );
#418 = ( NAMED_UNIT(*) PLANE_ANGLE_UNIT() SI_UNIT($,.RADIAN.) );
#419 = ( NAMED_UNIT(*) SI_UNIT($,.STERADIAN.) SOLID_ANGLE_UNIT() );
#420 = UNCERTAINTY_MEASURE_WITH_UNIT(LENGTH_MEASURE(1.E-07),#417,
  'distance_accuracy_value','confusion accuracy');
#421 = CONTEXT_DEPENDENT_SHAPE_REPRESENTATION(#422,#424);
#422 = ( REPRESENTATION_RELATIONSHIP('','',#80,#10) 
REPRESENTATION_RELATIONSHIP_WITH_TRANSFORMATION(#423) 
SHAPE_REPRESENTATION_RELATIONSHIP() );
#423 = ITEM_DEFINED_TRANSFORMATION('','',#11,#15);
#424 = PRODUCT_DEFINITION_SHAPE('Placement','Placement of an item',#425
  );
#425 = NEXT_ASSEMBLY_USAGE_OCCURRENCE('1','D5','',#5,#75,$);
#426 = PRODUCT_RELATED_PRODUCT_CATEGORY('part',$,(#77));
#427 = SHAPE_DEFINITION_REPRESENTATION(#428,#434);
#428 = PRODUCT_DEFINITION_SHAPE('','',#429);
#429 = PRODUCT_DEFINITION('design','',#430,#433);
#430 = PRODUCT_DEFINITION_FORMATION('','',#431);
#431 = PRODUCT('PinHeader_1x06_P2.54mm_Horizontal',
  'PinHeader_1x06_P2.54mm_Horizontal','',(#432));
#432 = PRODUCT_CONTEXT('',#2,'mechanical');
#433 = PRODUCT_DEFINITION_CONTEXT('part definition',#2,'design');
#434 = ADVANCED_BREP_SHAPE_REPRESENTATION('',(#11,#435),#5169);
#435 = MANIFOLD_SOLID_BREP('',#436);
#436 = CLOSED_SHELL('',(#437,#477,#508,#539,#1032,#1525,#1542,#1559,
    #1576,#1593,#1610,#1627,#1644,#1661,#1678,#1695,#1712,#1729,#1746,
    #1763,#1780,#1797,#1814,#1831,#1848,#1865,#1882,#1899,#1916,#1933,
    #1950,#1967,#1984,#2001,#2018,#2035,#2052,#2069,#2086,#2103,#2115,
    #2146,#2195,#2219,#2261,#2292,#2341,#2365,#2407,#2463,#2487,#2536,
    #2553,#2584,#2633,#2657,#2699,#2730,#2779,#2803,#2845,#2876,#2925,
    #2949,#2991,#3022,#3046,#3070,#3087,#3118,#3142,#3166,#3183,#3214,
    #3238,#3262,#3279,#3310,#3334,#3358,#3375,#3406,#3430,#3454,#3471,
    #3502,#3526,#3550,#3567,#3584,#3601,#3632,#3649,#3680,#3697,#3714,
    #3745,#3762,#3793,#3810,#3827,#3858,#3875,#3906,#3923,#3940,#3971,
    #3988,#4019,#4036,#4053,#4084,#4101,#4132,#4149,#4166,#4197,#4214,
    #4245,#4276,#4300,#4324,#4341,#4372,#4396,#4420,#4437,#4468,#4492,
    #4516,#4533,#4564,#4588,#4612,#4629,#4660,#4684,#4708,#4725,#4756,
    #4780,#4804,#4821,#4838,#4855,#4867,#4884,#4901,#4913,#4930,#4947,
    #4959,#4976,#4993,#5005,#5022,#5039,#5051,#5068,#5085,#5097,#5109,
    #5121,#5133,#5145,#5157));
#437 = ADVANCED_FACE('',(#438),#472,.T.);
#438 = FACE_BOUND('',#439,.T.);
#439 = EDGE_LOOP('',(#440,#450,#458,#466));
#440 = ORIENTED_EDGE('',*,*,#441,.T.);
#441 = EDGE_CURVE('',#442,#444,#446,.T.);
#442 = VERTEX_POINT('',#443);
#443 = CARTESIAN_POINT('',(1.5,1.27,0.254));
#444 = VERTEX_POINT('',#445);
#445 = CARTESIAN_POINT('',(4.04,1.27,0.254));
#446 = LINE('',#447,#448);
#447 = CARTESIAN_POINT('',(1.5,1.27,0.254));
#448 = VECTOR('',#449,1.);
#449 = DIRECTION('',(1.,0.,0.));
#450 = ORIENTED_EDGE('',*,*,#451,.T.);
#451 = EDGE_CURVE('',#444,#452,#454,.T.);
#452 = VERTEX_POINT('',#453);
#453 = CARTESIAN_POINT('',(4.04,1.016,0.));
#454 = LINE('',#455,#456);
#455 = CARTESIAN_POINT('',(4.04,1.27,0.254));
#456 = VECTOR('',#457,1.);
#457 = DIRECTION('',(0.,-0.707106781187,-0.707106781187));
#458 = ORIENTED_EDGE('',*,*,#459,.F.);
#459 = EDGE_CURVE('',#460,#452,#462,.T.);
#460 = VERTEX_POINT('',#461);
#461 = CARTESIAN_POINT('',(1.5,1.016,0.));
#462 = LINE('',#463,#464);
#463 = CARTESIAN_POINT('',(1.5,1.016,0.));
#464 = VECTOR('',#465,1.);
#465 = DIRECTION('',(1.,0.,0.));
#466 = ORIENTED_EDGE('',*,*,#467,.F.);
#467 = EDGE_CURVE('',#442,#460,#468,.T.);
#468 = LINE('',#469,#470);
#469 = CARTESIAN_POINT('',(1.5,1.27,0.254));
#470 = VECTOR('',#471,1.);
#471 = DIRECTION('',(0.,-0.707106781187,-0.707106781187));
#472 = PLANE('',#473);
#473 = AXIS2_PLACEMENT_3D('',#474,#475,#476);
#474 = CARTESIAN_POINT('',(1.5,1.27,0.254));
#475 = DIRECTION('',(0.,0.707106781187,-0.707106781187));
#476 = DIRECTION('',(0.,-0.707106781187,-0.707106781187));
#477 = ADVANCED_FACE('',(#478),#503,.T.);
#478 = FACE_BOUND('',#479,.T.);
#479 = EDGE_LOOP('',(#480,#490,#496,#497));
#480 = ORIENTED_EDGE('',*,*,#481,.T.);
#481 = EDGE_CURVE('',#482,#484,#486,.T.);
#482 = VERTEX_POINT('',#483);
#483 = CARTESIAN_POINT('',(1.5,1.27,2.286));
#484 = VERTEX_POINT('',#485);
#485 = CARTESIAN_POINT('',(4.04,1.27,2.286));
#486 = LINE('',#487,#488);
#487 = CARTESIAN_POINT('',(1.5,1.27,2.286));
#488 = VECTOR('',#489,1.);
#489 = DIRECTION('',(1.,0.,0.));
#490 = ORIENTED_EDGE('',*,*,#491,.T.);
#491 = EDGE_CURVE('',#484,#444,#492,.T.);
#492 = LINE('',#493,#494);
#493 = CARTESIAN_POINT('',(4.04,1.27,2.286));
#494 = VECTOR('',#495,1.);
#495 = DIRECTION('',(0.,0.,-1.));
#496 = ORIENTED_EDGE('',*,*,#441,.F.);
#497 = ORIENTED_EDGE('',*,*,#498,.F.);
#498 = EDGE_CURVE('',#482,#442,#499,.T.);
#499 = LINE('',#500,#501);
#500 = CARTESIAN_POINT('',(1.5,1.27,2.286));
#501 = VECTOR('',#502,1.);
#502 = DIRECTION('',(0.,0.,-1.));
#503 = PLANE('',#504);
#504 = AXIS2_PLACEMENT_3D('',#505,#506,#507);
#505 = CARTESIAN_POINT('',(1.5,1.27,2.286));
#506 = DIRECTION('',(0.,1.,0.));
#507 = DIRECTION('',(0.,0.,-1.));
#508 = ADVANCED_FACE('',(#509),#534,.T.);
#509 = FACE_BOUND('',#510,.T.);
#510 = EDGE_LOOP('',(#511,#512,#520,#528));
#511 = ORIENTED_EDGE('',*,*,#459,.T.);
#512 = ORIENTED_EDGE('',*,*,#513,.T.);
#513 = EDGE_CURVE('',#452,#514,#516,.T.);
#514 = VERTEX_POINT('',#515);
#515 = CARTESIAN_POINT('',(4.04,-1.016,0.));
#516 = LINE('',#517,#518);
#517 = CARTESIAN_POINT('',(4.04,1.016,0.));
#518 = VECTOR('',#519,1.);
#519 = DIRECTION('',(0.,-1.,0.));
#520 = ORIENTED_EDGE('',*,*,#521,.F.);
#521 = EDGE_CURVE('',#522,#514,#524,.T.);
#522 = VERTEX_POINT('',#523);
#523 = CARTESIAN_POINT('',(1.5,-1.016,0.));
#524 = LINE('',#525,#526);
#525 = CARTESIAN_POINT('',(1.5,-1.016,0.));
#526 = VECTOR('',#527,1.);
#527 = DIRECTION('',(1.,0.,0.));
#528 = ORIENTED_EDGE('',*,*,#529,.F.);
#529 = EDGE_CURVE('',#460,#522,#530,.T.);
#530 = LINE('',#531,#532);
#531 = CARTESIAN_POINT('',(1.5,1.016,0.));
#532 = VECTOR('',#533,1.);
#533 = DIRECTION('',(0.,-1.,0.));
#534 = PLANE('',#535);
#535 = AXIS2_PLACEMENT_3D('',#536,#537,#538);
#536 = CARTESIAN_POINT('',(1.5,1.016,0.));
#537 = DIRECTION('',(-0.,-0.,-1.));
#538 = DIRECTION('',(0.,-1.,0.));
#539 = ADVANCED_FACE('',(#540,#823,#857,#891,#925,#959,#993),#1027,.T.);
#540 = FACE_BOUND('',#541,.T.);
#541 = EDGE_LOOP('',(#542,#543,#544,#552,#560,#568,#576,#584,#592,#600,
    #608,#616,#624,#632,#640,#648,#656,#664,#672,#680,#688,#696,#704,
    #712,#720,#728,#736,#744,#752,#760,#768,#776,#784,#792,#800,#808,
    #816,#822));
#542 = ORIENTED_EDGE('',*,*,#467,.T.);
#543 = ORIENTED_EDGE('',*,*,#529,.T.);
#544 = ORIENTED_EDGE('',*,*,#545,.T.);
#545 = EDGE_CURVE('',#522,#546,#548,.T.);
#546 = VERTEX_POINT('',#547);
#547 = CARTESIAN_POINT('',(1.5,-1.27,0.254));
#548 = LINE('',#549,#550);
#549 = CARTESIAN_POINT('',(1.5,-1.016,0.));
#550 = VECTOR('',#551,1.);
#551 = DIRECTION('',(0.,-0.707106781187,0.707106781187));
#552 = ORIENTED_EDGE('',*,*,#553,.T.);
#553 = EDGE_CURVE('',#546,#554,#556,.T.);
#554 = VERTEX_POINT('',#555);
#555 = CARTESIAN_POINT('',(1.5,-1.524,0.));
#556 = LINE('',#557,#558);
#557 = CARTESIAN_POINT('',(1.5,-1.27,0.254));
#558 = VECTOR('',#559,1.);
#559 = DIRECTION('',(0.,-0.707106781187,-0.707106781187));
#560 = ORIENTED_EDGE('',*,*,#561,.T.);
#561 = EDGE_CURVE('',#554,#562,#564,.T.);
#562 = VERTEX_POINT('',#563);
#563 = CARTESIAN_POINT('',(1.5,-3.556,0.));
#564 = LINE('',#565,#566);
#565 = CARTESIAN_POINT('',(1.5,-1.524,0.));
#566 = VECTOR('',#567,1.);
#567 = DIRECTION('',(0.,-1.,0.));
#568 = ORIENTED_EDGE('',*,*,#569,.T.);
#569 = EDGE_CURVE('',#562,#570,#572,.T.);
#570 = VERTEX_POINT('',#571);
#571 = CARTESIAN_POINT('',(1.5,-3.81,0.254));
#572 = LINE('',#573,#574);
#573 = CARTESIAN_POINT('',(1.5,-3.556,0.));
#574 = VECTOR('',#575,1.);
#575 = DIRECTION('',(0.,-0.707106781187,0.707106781187));
#576 = ORIENTED_EDGE('',*,*,#577,.T.);
#577 = EDGE_CURVE('',#570,#578,#580,.T.);
#578 = VERTEX_POINT('',#579);
#579 = CARTESIAN_POINT('',(1.5,-4.064,0.));
#580 = LINE('',#581,#582);
#581 = CARTESIAN_POINT('',(1.5,-3.81,0.254));
#582 = VECTOR('',#583,1.);
#583 = DIRECTION('',(0.,-0.707106781187,-0.707106781187));
#584 = ORIENTED_EDGE('',*,*,#585,.T.);
#585 = EDGE_CURVE('',#578,#586,#588,.T.);
#586 = VERTEX_POINT('',#587);
#587 = CARTESIAN_POINT('',(1.5,-6.096,0.));
#588 = LINE('',#589,#590);
#589 = CARTESIAN_POINT('',(1.5,-4.064,0.));
#590 = VECTOR('',#591,1.);
#591 = DIRECTION('',(0.,-1.,0.));
#592 = ORIENTED_EDGE('',*,*,#593,.T.);
#593 = EDGE_CURVE('',#586,#594,#596,.T.);
#594 = VERTEX_POINT('',#595);
#595 = CARTESIAN_POINT('',(1.5,-6.35,0.254));
#596 = LINE('',#597,#598);
#597 = CARTESIAN_POINT('',(1.5,-6.096,0.));
#598 = VECTOR('',#599,1.);
#599 = DIRECTION('',(0.,-0.707106781187,0.707106781187));
#600 = ORIENTED_EDGE('',*,*,#601,.T.);
#601 = EDGE_CURVE('',#594,#602,#604,.T.);
#602 = VERTEX_POINT('',#603);
#603 = CARTESIAN_POINT('',(1.5,-6.604,0.));
#604 = LINE('',#605,#606);
#605 = CARTESIAN_POINT('',(1.5,-6.35,0.254));
#606 = VECTOR('',#607,1.);
#607 = DIRECTION('',(0.,-0.707106781187,-0.707106781187));
#608 = ORIENTED_EDGE('',*,*,#609,.T.);
#609 = EDGE_CURVE('',#602,#610,#612,.T.);
#610 = VERTEX_POINT('',#611);
#611 = CARTESIAN_POINT('',(1.5,-8.636,0.));
#612 = LINE('',#613,#614);
#613 = CARTESIAN_POINT('',(1.5,-6.604,0.));
#614 = VECTOR('',#615,1.);
#615 = DIRECTION('',(0.,-1.,0.));
#616 = ORIENTED_EDGE('',*,*,#617,.T.);
#617 = EDGE_CURVE('',#610,#618,#620,.T.);
#618 = VERTEX_POINT('',#619);
#619 = CARTESIAN_POINT('',(1.5,-8.89,0.254));
#620 = LINE('',#621,#622);
#621 = CARTESIAN_POINT('',(1.5,-8.636,0.));
#622 = VECTOR('',#623,1.);
#623 = DIRECTION('',(0.,-0.707106781187,0.707106781187));
#624 = ORIENTED_EDGE('',*,*,#625,.T.);
#625 = EDGE_CURVE('',#618,#626,#628,.T.);
#626 = VERTEX_POINT('',#627);
#627 = CARTESIAN_POINT('',(1.5,-9.144,0.));
#628 = LINE('',#629,#630);
#629 = CARTESIAN_POINT('',(1.5,-8.89,0.254));
#630 = VECTOR('',#631,1.);
#631 = DIRECTION('',(0.,-0.707106781187,-0.707106781187));
#632 = ORIENTED_EDGE('',*,*,#633,.T.);
#633 = EDGE_CURVE('',#626,#634,#636,.T.);
#634 = VERTEX_POINT('',#635);
#635 = CARTESIAN_POINT('',(1.5,-11.176,0.));
#636 = LINE('',#637,#638);
#637 = CARTESIAN_POINT('',(1.5,-9.144,0.));
#638 = VECTOR('',#639,1.);
#639 = DIRECTION('',(0.,-1.,0.));
#640 = ORIENTED_EDGE('',*,*,#641,.T.);
#641 = EDGE_CURVE('',#634,#642,#644,.T.);
#642 = VERTEX_POINT('',#643);
#643 = CARTESIAN_POINT('',(1.5,-11.43,0.254));
#644 = LINE('',#645,#646);
#645 = CARTESIAN_POINT('',(1.5,-11.176,0.));
#646 = VECTOR('',#647,1.);
#647 = DIRECTION('',(0.,-0.707106781187,0.707106781187));
#648 = ORIENTED_EDGE('',*,*,#649,.T.);
#649 = EDGE_CURVE('',#642,#650,#652,.T.);
#650 = VERTEX_POINT('',#651);
#651 = CARTESIAN_POINT('',(1.5,-11.684,0.));
#652 = LINE('',#653,#654);
#653 = CARTESIAN_POINT('',(1.5,-11.43,0.254));
#654 = VECTOR('',#655,1.);
#655 = DIRECTION('',(0.,-0.707106781187,-0.707106781187));
#656 = ORIENTED_EDGE('',*,*,#657,.T.);
#657 = EDGE_CURVE('',#650,#658,#660,.T.);
#658 = VERTEX_POINT('',#659);
#659 = CARTESIAN_POINT('',(1.5,-13.716,0.));
#660 = LINE('',#661,#662);
#661 = CARTESIAN_POINT('',(1.5,-11.684,0.));
#662 = VECTOR('',#663,1.);
#663 = DIRECTION('',(0.,-1.,0.));
#664 = ORIENTED_EDGE('',*,*,#665,.T.);
#665 = EDGE_CURVE('',#658,#666,#668,.T.);
#666 = VERTEX_POINT('',#667);
#667 = CARTESIAN_POINT('',(1.5,-13.97,0.254));
#668 = LINE('',#669,#670);
#669 = CARTESIAN_POINT('',(1.5,-13.716,0.));
#670 = VECTOR('',#671,1.);
#671 = DIRECTION('',(0.,-0.707106781187,0.707106781187));
#672 = ORIENTED_EDGE('',*,*,#673,.T.);
#673 = EDGE_CURVE('',#666,#674,#676,.T.);
#674 = VERTEX_POINT('',#675);
#675 = CARTESIAN_POINT('',(1.5,-13.97,2.286));
#676 = LINE('',#677,#678);
#677 = CARTESIAN_POINT('',(1.5,-13.97,0.254));
#678 = VECTOR('',#679,1.);
#679 = DIRECTION('',(0.,0.,1.));
#680 = ORIENTED_EDGE('',*,*,#681,.T.);
#681 = EDGE_CURVE('',#674,#682,#684,.T.);
#682 = VERTEX_POINT('',#683);
#683 = CARTESIAN_POINT('',(1.5,-13.716,2.54));
#684 = LINE('',#685,#686);
#685 = CARTESIAN_POINT('',(1.5,-13.97,2.286));
#686 = VECTOR('',#687,1.);
#687 = DIRECTION('',(0.,0.707106781187,0.707106781187));
#688 = ORIENTED_EDGE('',*,*,#689,.T.);
#689 = EDGE_CURVE('',#682,#690,#692,.T.);
#690 = VERTEX_POINT('',#691);
#691 = CARTESIAN_POINT('',(1.5,-11.684,2.54));
#692 = LINE('',#693,#694);
#693 = CARTESIAN_POINT('',(1.5,-13.716,2.54));
#694 = VECTOR('',#695,1.);
#695 = DIRECTION('',(0.,1.,0.));
#696 = ORIENTED_EDGE('',*,*,#697,.T.);
#697 = EDGE_CURVE('',#690,#698,#700,.T.);
#698 = VERTEX_POINT('',#699);
#699 = CARTESIAN_POINT('',(1.5,-11.43,2.286));
#700 = LINE('',#701,#702);
#701 = CARTESIAN_POINT('',(1.5,-11.684,2.54));
#702 = VECTOR('',#703,1.);
#703 = DIRECTION('',(0.,0.707106781187,-0.707106781187));
#704 = ORIENTED_EDGE('',*,*,#705,.T.);
#705 = EDGE_CURVE('',#698,#706,#708,.T.);
#706 = VERTEX_POINT('',#707);
#707 = CARTESIAN_POINT('',(1.5,-11.176,2.54));
#708 = LINE('',#709,#710);
#709 = CARTESIAN_POINT('',(1.5,-11.43,2.286));
#710 = VECTOR('',#711,1.);
#711 = DIRECTION('',(0.,0.707106781187,0.707106781187));
#712 = ORIENTED_EDGE('',*,*,#713,.T.);
#713 = EDGE_CURVE('',#706,#714,#716,.T.);
#714 = VERTEX_POINT('',#715);
#715 = CARTESIAN_POINT('',(1.5,-9.144,2.54));
#716 = LINE('',#717,#718);
#717 = CARTESIAN_POINT('',(1.5,-11.176,2.54));
#718 = VECTOR('',#719,1.);
#719 = DIRECTION('',(0.,1.,0.));
#720 = ORIENTED_EDGE('',*,*,#721,.T.);
#721 = EDGE_CURVE('',#714,#722,#724,.T.);
#722 = VERTEX_POINT('',#723);
#723 = CARTESIAN_POINT('',(1.5,-8.89,2.286));
#724 = LINE('',#725,#726);
#725 = CARTESIAN_POINT('',(1.5,-9.144,2.54));
#726 = VECTOR('',#727,1.);
#727 = DIRECTION('',(0.,0.707106781187,-0.707106781187));
#728 = ORIENTED_EDGE('',*,*,#729,.T.);
#729 = EDGE_CURVE('',#722,#730,#732,.T.);
#730 = VERTEX_POINT('',#731);
#731 = CARTESIAN_POINT('',(1.5,-8.636,2.54));
#732 = LINE('',#733,#734);
#733 = CARTESIAN_POINT('',(1.5,-8.89,2.286));
#734 = VECTOR('',#735,1.);
#735 = DIRECTION('',(0.,0.707106781187,0.707106781187));
#736 = ORIENTED_EDGE('',*,*,#737,.T.);
#737 = EDGE_CURVE('',#730,#738,#740,.T.);
#738 = VERTEX_POINT('',#739);
#739 = CARTESIAN_POINT('',(1.5,-6.604,2.54));
#740 = LINE('',#741,#742);
#741 = CARTESIAN_POINT('',(1.5,-8.636,2.54));
#742 = VECTOR('',#743,1.);
#743 = DIRECTION('',(0.,1.,0.));
#744 = ORIENTED_EDGE('',*,*,#745,.T.);
#745 = EDGE_CURVE('',#738,#746,#748,.T.);
#746 = VERTEX_POINT('',#747);
#747 = CARTESIAN_POINT('',(1.5,-6.35,2.286));
#748 = LINE('',#749,#750);
#749 = CARTESIAN_POINT('',(1.5,-6.604,2.54));
#750 = VECTOR('',#751,1.);
#751 = DIRECTION('',(0.,0.707106781187,-0.707106781187));
#752 = ORIENTED_EDGE('',*,*,#753,.T.);
#753 = EDGE_CURVE('',#746,#754,#756,.T.);
#754 = VERTEX_POINT('',#755);
#755 = CARTESIAN_POINT('',(1.5,-6.096,2.54));
#756 = LINE('',#757,#758);
#757 = CARTESIAN_POINT('',(1.5,-6.35,2.286));
#758 = VECTOR('',#759,1.);
#759 = DIRECTION('',(0.,0.707106781187,0.707106781187));
#760 = ORIENTED_EDGE('',*,*,#761,.T.);
#761 = EDGE_CURVE('',#754,#762,#764,.T.);
#762 = VERTEX_POINT('',#763);
#763 = CARTESIAN_POINT('',(1.5,-4.064,2.54));
#764 = LINE('',#765,#766);
#765 = CARTESIAN_POINT('',(1.5,-6.096,2.54));
#766 = VECTOR('',#767,1.);
#767 = DIRECTION('',(0.,1.,0.));
#768 = ORIENTED_EDGE('',*,*,#769,.T.);
#769 = EDGE_CURVE('',#762,#770,#772,.T.);
#770 = VERTEX_POINT('',#771);
#771 = CARTESIAN_POINT('',(1.5,-3.81,2.286));
#772 = LINE('',#773,#774);
#773 = CARTESIAN_POINT('',(1.5,-4.064,2.54));
#774 = VECTOR('',#775,1.);
#775 = DIRECTION('',(0.,0.707106781187,-0.707106781187));
#776 = ORIENTED_EDGE('',*,*,#777,.T.);
#777 = EDGE_CURVE('',#770,#778,#780,.T.);
#778 = VERTEX_POINT('',#779);
#779 = CARTESIAN_POINT('',(1.5,-3.556,2.54));
#780 = LINE('',#781,#782);
#781 = CARTESIAN_POINT('',(1.5,-3.81,2.286));
#782 = VECTOR('',#783,1.);
#783 = DIRECTION('',(0.,0.707106781187,0.707106781187));
#784 = ORIENTED_EDGE('',*,*,#785,.T.);
#785 = EDGE_CURVE('',#778,#786,#788,.T.);
#786 = VERTEX_POINT('',#787);
#787 = CARTESIAN_POINT('',(1.5,-1.524,2.54));
#788 = LINE('',#789,#790);
#789 = CARTESIAN_POINT('',(1.5,-3.556,2.54));
#790 = VECTOR('',#791,1.);
#791 = DIRECTION('',(0.,1.,0.));
#792 = ORIENTED_EDGE('',*,*,#793,.T.);
#793 = EDGE_CURVE('',#786,#794,#796,.T.);
#794 = VERTEX_POINT('',#795);
#795 = CARTESIAN_POINT('',(1.5,-1.27,2.286));
#796 = LINE('',#797,#798);
#797 = CARTESIAN_POINT('',(1.5,-1.524,2.54));
#798 = VECTOR('',#799,1.);
#799 = DIRECTION('',(0.,0.707106781187,-0.707106781187));
#800 = ORIENTED_EDGE('',*,*,#801,.T.);
#801 = EDGE_CURVE('',#794,#802,#804,.T.);
#802 = VERTEX_POINT('',#803);
#803 = CARTESIAN_POINT('',(1.5,-1.016,2.54));
#804 = LINE('',#805,#806);
#805 = CARTESIAN_POINT('',(1.5,-1.27,2.286));
#806 = VECTOR('',#807,1.);
#807 = DIRECTION('',(0.,0.707106781187,0.707106781187));
#808 = ORIENTED_EDGE('',*,*,#809,.T.);
#809 = EDGE_CURVE('',#802,#810,#812,.T.);
#810 = VERTEX_POINT('',#811);
#811 = CARTESIAN_POINT('',(1.5,1.016,2.54));
#812 = LINE('',#813,#814);
#813 = CARTESIAN_POINT('',(1.5,-1.016,2.54));
#814 = VECTOR('',#815,1.);
#815 = DIRECTION('',(0.,1.,0.));
#816 = ORIENTED_EDGE('',*,*,#817,.T.);
#817 = EDGE_CURVE('',#810,#482,#818,.T.);
#818 = LINE('',#819,#820);
#819 = CARTESIAN_POINT('',(1.5,1.016,2.54));
#820 = VECTOR('',#821,1.);
#821 = DIRECTION('',(0.,0.707106781187,-0.707106781187));
#822 = ORIENTED_EDGE('',*,*,#498,.T.);
#823 = FACE_BOUND('',#824,.T.);
#824 = EDGE_LOOP('',(#825,#835,#843,#851));
#825 = ORIENTED_EDGE('',*,*,#826,.F.);
#826 = EDGE_CURVE('',#827,#829,#831,.T.);
#827 = VERTEX_POINT('',#828);
#828 = CARTESIAN_POINT('',(1.5,-5.4,1.59));
#829 = VERTEX_POINT('',#830);
#830 = CARTESIAN_POINT('',(1.5,-4.76,1.59));
#831 = LINE('',#832,#833);
#832 = CARTESIAN_POINT('',(1.5,-5.555,1.59));
#833 = VECTOR('',#834,1.);
#834 = DIRECTION('',(-1.757937001438E-31,1.,-3.767764739067E-48));
#835 = ORIENTED_EDGE('',*,*,#836,.T.);
#836 = EDGE_CURVE('',#827,#837,#839,.T.);
#837 = VERTEX_POINT('',#838);
#838 = CARTESIAN_POINT('',(1.5,-5.4,0.95));
#839 = LINE('',#840,#841);
#840 = CARTESIAN_POINT('',(1.5,-5.4,0.924540133779));
#841 = VECTOR('',#842,1.);
#842 = DIRECTION('',(-4.851850855128E-31,6.630961875715E-34,-1.));
#843 = ORIENTED_EDGE('',*,*,#844,.F.);
#844 = EDGE_CURVE('',#845,#837,#847,.T.);
#845 = VERTEX_POINT('',#846);
#846 = CARTESIAN_POINT('',(1.5,-4.76,0.95));
#847 = LINE('',#848,#849);
#848 = CARTESIAN_POINT('',(1.5,-5.555,0.95));
#849 = VECTOR('',#850,1.);
#850 = DIRECTION('',(1.757937001438E-31,-1.,0.));
#851 = ORIENTED_EDGE('',*,*,#852,.F.);
#852 = EDGE_CURVE('',#829,#845,#853,.T.);
#853 = LINE('',#854,#855);
#854 = CARTESIAN_POINT('',(1.5,-4.76,0.924540133779));
#855 = VECTOR('',#856,1.);
#856 = DIRECTION('',(-4.851850855128E-31,6.630961875715E-34,-1.));
#857 = FACE_BOUND('',#858,.T.);
#858 = EDGE_LOOP('',(#859,#869,#877,#885));
#859 = ORIENTED_EDGE('',*,*,#860,.F.);
#860 = EDGE_CURVE('',#861,#863,#865,.T.);
#861 = VERTEX_POINT('',#862);
#862 = CARTESIAN_POINT('',(1.5,-7.94,1.59));
#863 = VERTEX_POINT('',#864);
#864 = CARTESIAN_POINT('',(1.5,-7.3,1.59));
#865 = LINE('',#866,#867);
#866 = CARTESIAN_POINT('',(1.5,-6.825,1.59));
#867 = VECTOR('',#868,1.);
#868 = DIRECTION('',(-1.757937001438E-31,1.,-3.767764739067E-48));
#869 = ORIENTED_EDGE('',*,*,#870,.T.);
#870 = EDGE_CURVE('',#861,#871,#873,.T.);
#871 = VERTEX_POINT('',#872);
#872 = CARTESIAN_POINT('',(1.5,-7.94,0.95));
#873 = LINE('',#874,#875);
#874 = CARTESIAN_POINT('',(1.5,-7.94,0.924540133779));
#875 = VECTOR('',#876,1.);
#876 = DIRECTION('',(-4.851850855128E-31,6.630961875715E-34,-1.));
#877 = ORIENTED_EDGE('',*,*,#878,.F.);
#878 = EDGE_CURVE('',#879,#871,#881,.T.);
#879 = VERTEX_POINT('',#880);
#880 = CARTESIAN_POINT('',(1.5,-7.3,0.95));
#881 = LINE('',#882,#883);
#882 = CARTESIAN_POINT('',(1.5,-6.825,0.95));
#883 = VECTOR('',#884,1.);
#884 = DIRECTION('',(1.757937001438E-31,-1.,0.));
#885 = ORIENTED_EDGE('',*,*,#886,.F.);
#886 = EDGE_CURVE('',#863,#879,#887,.T.);
#887 = LINE('',#888,#889);
#888 = CARTESIAN_POINT('',(1.5,-7.3,0.924540133779));
#889 = VECTOR('',#890,1.);
#890 = DIRECTION('',(-4.851850855128E-31,6.630961875715E-34,-1.));
#891 = FACE_BOUND('',#892,.T.);
#892 = EDGE_LOOP('',(#893,#903,#911,#919));
#893 = ORIENTED_EDGE('',*,*,#894,.F.);
#894 = EDGE_CURVE('',#895,#897,#899,.T.);
#895 = VERTEX_POINT('',#896);
#896 = CARTESIAN_POINT('',(1.5,-12.38,1.59));
#897 = VERTEX_POINT('',#898);
#898 = CARTESIAN_POINT('',(1.5,-12.38,0.95));
#899 = LINE('',#900,#901);
#900 = CARTESIAN_POINT('',(1.5,-12.38,0.924540133779));
#901 = VECTOR('',#902,1.);
#902 = DIRECTION('',(-4.851850855128E-31,6.630961875715E-34,-1.));
#903 = ORIENTED_EDGE('',*,*,#904,.F.);
#904 = EDGE_CURVE('',#905,#895,#907,.T.);
#905 = VERTEX_POINT('',#906);
#906 = CARTESIAN_POINT('',(1.5,-13.02,1.59));
#907 = LINE('',#908,#909);
#908 = CARTESIAN_POINT('',(1.5,-9.365,1.59));
#909 = VECTOR('',#910,1.);
#910 = DIRECTION('',(-1.757937001438E-31,1.,-3.767764739067E-48));
#911 = ORIENTED_EDGE('',*,*,#912,.T.);
#912 = EDGE_CURVE('',#905,#913,#915,.T.);
#913 = VERTEX_POINT('',#914);
#914 = CARTESIAN_POINT('',(1.5,-13.02,0.95));
#915 = LINE('',#916,#917);
#916 = CARTESIAN_POINT('',(1.5,-13.02,0.924540133779));
#917 = VECTOR('',#918,1.);
#918 = DIRECTION('',(-4.851850855128E-31,6.630961875715E-34,-1.));
#919 = ORIENTED_EDGE('',*,*,#920,.F.);
#920 = EDGE_CURVE('',#897,#913,#921,.T.);
#921 = LINE('',#922,#923);
#922 = CARTESIAN_POINT('',(1.5,-9.365,0.95));
#923 = VECTOR('',#924,1.);
#924 = DIRECTION('',(1.757937001438E-31,-1.,0.));
#925 = FACE_BOUND('',#926,.T.);
#926 = EDGE_LOOP('',(#927,#937,#945,#953));
#927 = ORIENTED_EDGE('',*,*,#928,.F.);
#928 = EDGE_CURVE('',#929,#931,#933,.T.);
#929 = VERTEX_POINT('',#930);
#930 = CARTESIAN_POINT('',(1.5,-10.48,1.59));
#931 = VERTEX_POINT('',#932);
#932 = CARTESIAN_POINT('',(1.5,-9.84,1.59));
#933 = LINE('',#934,#935);
#934 = CARTESIAN_POINT('',(1.5,-8.095,1.59));
#935 = VECTOR('',#936,1.);
#936 = DIRECTION('',(-1.757937001438E-31,1.,-3.767764739067E-48));
#937 = ORIENTED_EDGE('',*,*,#938,.T.);
#938 = EDGE_CURVE('',#929,#939,#941,.T.);
#939 = VERTEX_POINT('',#940);
#940 = CARTESIAN_POINT('',(1.5,-10.48,0.95));
#941 = LINE('',#942,#943);
#942 = CARTESIAN_POINT('',(1.5,-10.48,0.924540133779));
#943 = VECTOR('',#944,1.);
#944 = DIRECTION('',(-4.851850855128E-31,6.630961875715E-34,-1.));
#945 = ORIENTED_EDGE('',*,*,#946,.F.);
#946 = EDGE_CURVE('',#947,#939,#949,.T.);
#947 = VERTEX_POINT('',#948);
#948 = CARTESIAN_POINT('',(1.5,-9.84,0.95));
#949 = LINE('',#950,#951);
#950 = CARTESIAN_POINT('',(1.5,-8.095,0.95));
#951 = VECTOR('',#952,1.);
#952 = DIRECTION('',(1.757937001438E-31,-1.,0.));
#953 = ORIENTED_EDGE('',*,*,#954,.F.);
#954 = EDGE_CURVE('',#931,#947,#955,.T.);
#955 = LINE('',#956,#957);
#956 = CARTESIAN_POINT('',(1.5,-9.84,0.924540133779));
#957 = VECTOR('',#958,1.);
#958 = DIRECTION('',(-4.851850855128E-31,6.630961875715E-34,-1.));
#959 = FACE_BOUND('',#960,.T.);
#960 = EDGE_LOOP('',(#961,#971,#979,#987));
#961 = ORIENTED_EDGE('',*,*,#962,.F.);
#962 = EDGE_CURVE('',#963,#965,#967,.T.);
#963 = VERTEX_POINT('',#964);
#964 = CARTESIAN_POINT('',(1.5,-2.86,1.59));
#965 = VERTEX_POINT('',#966);
#966 = CARTESIAN_POINT('',(1.5,-2.22,1.59));
#967 = LINE('',#968,#969);
#968 = CARTESIAN_POINT('',(1.5,-4.285,1.59));
#969 = VECTOR('',#970,1.);
#970 = DIRECTION('',(-1.757937001438E-31,1.,-3.767764739067E-48));
#971 = ORIENTED_EDGE('',*,*,#972,.T.);
#972 = EDGE_CURVE('',#963,#973,#975,.T.);
#973 = VERTEX_POINT('',#974);
#974 = CARTESIAN_POINT('',(1.5,-2.86,0.95));
#975 = LINE('',#976,#977);
#976 = CARTESIAN_POINT('',(1.5,-2.86,0.924540133779));
#977 = VECTOR('',#978,1.);
#978 = DIRECTION('',(-4.851850855128E-31,6.630961875715E-34,-1.));
#979 = ORIENTED_EDGE('',*,*,#980,.F.);
#980 = EDGE_CURVE('',#981,#973,#983,.T.);
#981 = VERTEX_POINT('',#982);
#982 = CARTESIAN_POINT('',(1.5,-2.22,0.95));
#983 = LINE('',#984,#985);
#984 = CARTESIAN_POINT('',(1.5,-4.285,0.95));
#985 = VECTOR('',#986,1.);
#986 = DIRECTION('',(1.757937001438E-31,-1.,0.));
#987 = ORIENTED_EDGE('',*,*,#988,.F.);
#988 = EDGE_CURVE('',#965,#981,#989,.T.);
#989 = LINE('',#990,#991);
#990 = CARTESIAN_POINT('',(1.5,-2.22,0.924540133779));
#991 = VECTOR('',#992,1.);
#992 = DIRECTION('',(-4.851850855128E-31,6.630961875715E-34,-1.));
#993 = FACE_BOUND('',#994,.T.);
#994 = EDGE_LOOP('',(#995,#1005,#1013,#1021));
#995 = ORIENTED_EDGE('',*,*,#996,.F.);
#996 = EDGE_CURVE('',#997,#999,#1001,.T.);
#997 = VERTEX_POINT('',#998);
#998 = CARTESIAN_POINT('',(1.5,-0.32,1.59));
#999 = VERTEX_POINT('',#1000);
#1000 = CARTESIAN_POINT('',(1.5,0.32,1.59));
#1001 = LINE('',#1002,#1003);
#1002 = CARTESIAN_POINT('',(1.5,-3.015,1.59));
#1003 = VECTOR('',#1004,1.);
#1004 = DIRECTION('',(-1.757937001438E-31,1.,-3.767764739067E-48));
#1005 = ORIENTED_EDGE('',*,*,#1006,.T.);
#1006 = EDGE_CURVE('',#997,#1007,#1009,.T.);
#1007 = VERTEX_POINT('',#1008);
#1008 = CARTESIAN_POINT('',(1.5,-0.32,0.95));
#1009 = LINE('',#1010,#1011);
#1010 = CARTESIAN_POINT('',(1.5,-0.32,0.924540133779));
#1011 = VECTOR('',#1012,1.);
#1012 = DIRECTION('',(-4.851850855128E-31,6.630961875715E-34,-1.));
#1013 = ORIENTED_EDGE('',*,*,#1014,.F.);
#1014 = EDGE_CURVE('',#1015,#1007,#1017,.T.);
#1015 = VERTEX_POINT('',#1016);
#1016 = CARTESIAN_POINT('',(1.5,0.32,0.95));
#1017 = LINE('',#1018,#1019);
#1018 = CARTESIAN_POINT('',(1.5,-3.015,0.95));
#1019 = VECTOR('',#1020,1.);
#1020 = DIRECTION('',(1.757937001438E-31,-1.,0.));
#1021 = ORIENTED_EDGE('',*,*,#1022,.F.);
#1022 = EDGE_CURVE('',#999,#1015,#1023,.T.);
#1023 = LINE('',#1024,#1025);
#1024 = CARTESIAN_POINT('',(1.5,0.32,0.924540133779));
#1025 = VECTOR('',#1026,1.);
#1026 = DIRECTION('',(-4.851850855128E-31,6.630961875715E-34,-1.));
#1027 = PLANE('',#1028);
#1028 = AXIS2_PLACEMENT_3D('',#1029,#1030,#1031);
#1029 = CARTESIAN_POINT('',(1.5,-6.35,1.27));
#1030 = DIRECTION('',(-1.,-1.757937001438E-31,4.851850855128E-31));
#1031 = DIRECTION('',(-4.851850855128E-31,3.711337935421E-78,-1.));
#1032 = ADVANCED_FACE('',(#1033,#1316,#1350,#1384,#1418,#1452,#1486),
  #1520,.F.);
#1033 = FACE_BOUND('',#1034,.F.);
#1034 = EDGE_LOOP('',(#1035,#1036,#1037,#1045,#1053,#1061,#1069,#1077,
    #1085,#1093,#1101,#1109,#1117,#1125,#1133,#1141,#1149,#1157,#1165,
    #1173,#1181,#1189,#1197,#1205,#1213,#1221,#1229,#1237,#1245,#1253,
    #1261,#1269,#1277,#1285,#1293,#1301,#1309,#1315));
#1035 = ORIENTED_EDGE('',*,*,#451,.T.);
#1036 = ORIENTED_EDGE('',*,*,#513,.T.);
#1037 = ORIENTED_EDGE('',*,*,#1038,.T.);
#1038 = EDGE_CURVE('',#514,#1039,#1041,.T.);
#1039 = VERTEX_POINT('',#1040);
#1040 = CARTESIAN_POINT('',(4.04,-1.27,0.254));
#1041 = LINE('',#1042,#1043);
#1042 = CARTESIAN_POINT('',(4.04,-1.016,0.));
#1043 = VECTOR('',#1044,1.);
#1044 = DIRECTION('',(0.,-0.707106781187,0.707106781187));
#1045 = ORIENTED_EDGE('',*,*,#1046,.T.);
#1046 = EDGE_CURVE('',#1039,#1047,#1049,.T.);
#1047 = VERTEX_POINT('',#1048);
#1048 = CARTESIAN_POINT('',(4.04,-1.524,0.));
#1049 = LINE('',#1050,#1051);
#1050 = CARTESIAN_POINT('',(4.04,-1.27,0.254));
#1051 = VECTOR('',#1052,1.);
#1052 = DIRECTION('',(0.,-0.707106781187,-0.707106781187));
#1053 = ORIENTED_EDGE('',*,*,#1054,.T.);
#1054 = EDGE_CURVE('',#1047,#1055,#1057,.T.);
#1055 = VERTEX_POINT('',#1056);
#1056 = CARTESIAN_POINT('',(4.04,-3.556,0.));
#1057 = LINE('',#1058,#1059);
#1058 = CARTESIAN_POINT('',(4.04,-1.524,0.));
#1059 = VECTOR('',#1060,1.);
#1060 = DIRECTION('',(0.,-1.,0.));
#1061 = ORIENTED_EDGE('',*,*,#1062,.T.);
#1062 = EDGE_CURVE('',#1055,#1063,#1065,.T.);
#1063 = VERTEX_POINT('',#1064);
#1064 = CARTESIAN_POINT('',(4.04,-3.81,0.254));
#1065 = LINE('',#1066,#1067);
#1066 = CARTESIAN_POINT('',(4.04,-3.556,0.));
#1067 = VECTOR('',#1068,1.);
#1068 = DIRECTION('',(0.,-0.707106781187,0.707106781187));
#1069 = ORIENTED_EDGE('',*,*,#1070,.T.);
#1070 = EDGE_CURVE('',#1063,#1071,#1073,.T.);
#1071 = VERTEX_POINT('',#1072);
#1072 = CARTESIAN_POINT('',(4.04,-4.064,0.));
#1073 = LINE('',#1074,#1075);
#1074 = CARTESIAN_POINT('',(4.04,-3.81,0.254));
#1075 = VECTOR('',#1076,1.);
#1076 = DIRECTION('',(0.,-0.707106781187,-0.707106781187));
#1077 = ORIENTED_EDGE('',*,*,#1078,.T.);
#1078 = EDGE_CURVE('',#1071,#1079,#1081,.T.);
#1079 = VERTEX_POINT('',#1080);
#1080 = CARTESIAN_POINT('',(4.04,-6.096,0.));
#1081 = LINE('',#1082,#1083);
#1082 = CARTESIAN_POINT('',(4.04,-4.064,0.));
#1083 = VECTOR('',#1084,1.);
#1084 = DIRECTION('',(0.,-1.,0.));
#1085 = ORIENTED_EDGE('',*,*,#1086,.T.);
#1086 = EDGE_CURVE('',#1079,#1087,#1089,.T.);
#1087 = VERTEX_POINT('',#1088);
#1088 = CARTESIAN_POINT('',(4.04,-6.35,0.254));
#1089 = LINE('',#1090,#1091);
#1090 = CARTESIAN_POINT('',(4.04,-6.096,0.));
#1091 = VECTOR('',#1092,1.);
#1092 = DIRECTION('',(0.,-0.707106781187,0.707106781187));
#1093 = ORIENTED_EDGE('',*,*,#1094,.T.);
#1094 = EDGE_CURVE('',#1087,#1095,#1097,.T.);
#1095 = VERTEX_POINT('',#1096);
#1096 = CARTESIAN_POINT('',(4.04,-6.604,0.));
#1097 = LINE('',#1098,#1099);
#1098 = CARTESIAN_POINT('',(4.04,-6.35,0.254));
#1099 = VECTOR('',#1100,1.);
#1100 = DIRECTION('',(0.,-0.707106781187,-0.707106781187));
#1101 = ORIENTED_EDGE('',*,*,#1102,.T.);
#1102 = EDGE_CURVE('',#1095,#1103,#1105,.T.);
#1103 = VERTEX_POINT('',#1104);
#1104 = CARTESIAN_POINT('',(4.04,-8.636,0.));
#1105 = LINE('',#1106,#1107);
#1106 = CARTESIAN_POINT('',(4.04,-6.604,0.));
#1107 = VECTOR('',#1108,1.);
#1108 = DIRECTION('',(0.,-1.,0.));
#1109 = ORIENTED_EDGE('',*,*,#1110,.T.);
#1110 = EDGE_CURVE('',#1103,#1111,#1113,.T.);
#1111 = VERTEX_POINT('',#1112);
#1112 = CARTESIAN_POINT('',(4.04,-8.89,0.254));
#1113 = LINE('',#1114,#1115);
#1114 = CARTESIAN_POINT('',(4.04,-8.636,0.));
#1115 = VECTOR('',#1116,1.);
#1116 = DIRECTION('',(0.,-0.707106781187,0.707106781187));
#1117 = ORIENTED_EDGE('',*,*,#1118,.T.);
#1118 = EDGE_CURVE('',#1111,#1119,#1121,.T.);
#1119 = VERTEX_POINT('',#1120);
#1120 = CARTESIAN_POINT('',(4.04,-9.144,0.));
#1121 = LINE('',#1122,#1123);
#1122 = CARTESIAN_POINT('',(4.04,-8.89,0.254));
#1123 = VECTOR('',#1124,1.);
#1124 = DIRECTION('',(0.,-0.707106781187,-0.707106781187));
#1125 = ORIENTED_EDGE('',*,*,#1126,.T.);
#1126 = EDGE_CURVE('',#1119,#1127,#1129,.T.);
#1127 = VERTEX_POINT('',#1128);
#1128 = CARTESIAN_POINT('',(4.04,-11.176,0.));
#1129 = LINE('',#1130,#1131);
#1130 = CARTESIAN_POINT('',(4.04,-9.144,0.));
#1131 = VECTOR('',#1132,1.);
#1132 = DIRECTION('',(0.,-1.,0.));
#1133 = ORIENTED_EDGE('',*,*,#1134,.T.);
#1134 = EDGE_CURVE('',#1127,#1135,#1137,.T.);
#1135 = VERTEX_POINT('',#1136);
#1136 = CARTESIAN_POINT('',(4.04,-11.43,0.254));
#1137 = LINE('',#1138,#1139);
#1138 = CARTESIAN_POINT('',(4.04,-11.176,0.));
#1139 = VECTOR('',#1140,1.);
#1140 = DIRECTION('',(0.,-0.707106781187,0.707106781187));
#1141 = ORIENTED_EDGE('',*,*,#1142,.T.);
#1142 = EDGE_CURVE('',#1135,#1143,#1145,.T.);
#1143 = VERTEX_POINT('',#1144);
#1144 = CARTESIAN_POINT('',(4.04,-11.684,0.));
#1145 = LINE('',#1146,#1147);
#1146 = CARTESIAN_POINT('',(4.04,-11.43,0.254));
#1147 = VECTOR('',#1148,1.);
#1148 = DIRECTION('',(0.,-0.707106781187,-0.707106781187));
#1149 = ORIENTED_EDGE('',*,*,#1150,.T.);
#1150 = EDGE_CURVE('',#1143,#1151,#1153,.T.);
#1151 = VERTEX_POINT('',#1152);
#1152 = CARTESIAN_POINT('',(4.04,-13.716,0.));
#1153 = LINE('',#1154,#1155);
#1154 = CARTESIAN_POINT('',(4.04,-11.684,0.));
#1155 = VECTOR('',#1156,1.);
#1156 = DIRECTION('',(0.,-1.,0.));
#1157 = ORIENTED_EDGE('',*,*,#1158,.T.);
#1158 = EDGE_CURVE('',#1151,#1159,#1161,.T.);
#1159 = VERTEX_POINT('',#1160);
#1160 = CARTESIAN_POINT('',(4.04,-13.97,0.254));
#1161 = LINE('',#1162,#1163);
#1162 = CARTESIAN_POINT('',(4.04,-13.716,0.));
#1163 = VECTOR('',#1164,1.);
#1164 = DIRECTION('',(0.,-0.707106781187,0.707106781187));
#1165 = ORIENTED_EDGE('',*,*,#1166,.T.);
#1166 = EDGE_CURVE('',#1159,#1167,#1169,.T.);
#1167 = VERTEX_POINT('',#1168);
#1168 = CARTESIAN_POINT('',(4.04,-13.97,2.286));
#1169 = LINE('',#1170,#1171);
#1170 = CARTESIAN_POINT('',(4.04,-13.97,0.254));
#1171 = VECTOR('',#1172,1.);
#1172 = DIRECTION('',(0.,0.,1.));
#1173 = ORIENTED_EDGE('',*,*,#1174,.T.);
#1174 = EDGE_CURVE('',#1167,#1175,#1177,.T.);
#1175 = VERTEX_POINT('',#1176);
#1176 = CARTESIAN_POINT('',(4.04,-13.716,2.54));
#1177 = LINE('',#1178,#1179);
#1178 = CARTESIAN_POINT('',(4.04,-13.97,2.286));
#1179 = VECTOR('',#1180,1.);
#1180 = DIRECTION('',(0.,0.707106781187,0.707106781187));
#1181 = ORIENTED_EDGE('',*,*,#1182,.T.);
#1182 = EDGE_CURVE('',#1175,#1183,#1185,.T.);
#1183 = VERTEX_POINT('',#1184);
#1184 = CARTESIAN_POINT('',(4.04,-11.684,2.54));
#1185 = LINE('',#1186,#1187);
#1186 = CARTESIAN_POINT('',(4.04,-13.716,2.54));
#1187 = VECTOR('',#1188,1.);
#1188 = DIRECTION('',(0.,1.,0.));
#1189 = ORIENTED_EDGE('',*,*,#1190,.T.);
#1190 = EDGE_CURVE('',#1183,#1191,#1193,.T.);
#1191 = VERTEX_POINT('',#1192);
#1192 = CARTESIAN_POINT('',(4.04,-11.43,2.286));
#1193 = LINE('',#1194,#1195);
#1194 = CARTESIAN_POINT('',(4.04,-11.684,2.54));
#1195 = VECTOR('',#1196,1.);
#1196 = DIRECTION('',(0.,0.707106781187,-0.707106781187));
#1197 = ORIENTED_EDGE('',*,*,#1198,.T.);
#1198 = EDGE_CURVE('',#1191,#1199,#1201,.T.);
#1199 = VERTEX_POINT('',#1200);
#1200 = CARTESIAN_POINT('',(4.04,-11.176,2.54));
#1201 = LINE('',#1202,#1203);
#1202 = CARTESIAN_POINT('',(4.04,-11.43,2.286));
#1203 = VECTOR('',#1204,1.);
#1204 = DIRECTION('',(0.,0.707106781187,0.707106781187));
#1205 = ORIENTED_EDGE('',*,*,#1206,.T.);
#1206 = EDGE_CURVE('',#1199,#1207,#1209,.T.);
#1207 = VERTEX_POINT('',#1208);
#1208 = CARTESIAN_POINT('',(4.04,-9.144,2.54));
#1209 = LINE('',#1210,#1211);
#1210 = CARTESIAN_POINT('',(4.04,-11.176,2.54));
#1211 = VECTOR('',#1212,1.);
#1212 = DIRECTION('',(0.,1.,0.));
#1213 = ORIENTED_EDGE('',*,*,#1214,.T.);
#1214 = EDGE_CURVE('',#1207,#1215,#1217,.T.);
#1215 = VERTEX_POINT('',#1216);
#1216 = CARTESIAN_POINT('',(4.04,-8.89,2.286));
#1217 = LINE('',#1218,#1219);
#1218 = CARTESIAN_POINT('',(4.04,-9.144,2.54));
#1219 = VECTOR('',#1220,1.);
#1220 = DIRECTION('',(0.,0.707106781187,-0.707106781187));
#1221 = ORIENTED_EDGE('',*,*,#1222,.T.);
#1222 = EDGE_CURVE('',#1215,#1223,#1225,.T.);
#1223 = VERTEX_POINT('',#1224);
#1224 = CARTESIAN_POINT('',(4.04,-8.636,2.54));
#1225 = LINE('',#1226,#1227);
#1226 = CARTESIAN_POINT('',(4.04,-8.89,2.286));
#1227 = VECTOR('',#1228,1.);
#1228 = DIRECTION('',(0.,0.707106781187,0.707106781187));
#1229 = ORIENTED_EDGE('',*,*,#1230,.T.);
#1230 = EDGE_CURVE('',#1223,#1231,#1233,.T.);
#1231 = VERTEX_POINT('',#1232);
#1232 = CARTESIAN_POINT('',(4.04,-6.604,2.54));
#1233 = LINE('',#1234,#1235);
#1234 = CARTESIAN_POINT('',(4.04,-8.636,2.54));
#1235 = VECTOR('',#1236,1.);
#1236 = DIRECTION('',(0.,1.,0.));
#1237 = ORIENTED_EDGE('',*,*,#1238,.T.);
#1238 = EDGE_CURVE('',#1231,#1239,#1241,.T.);
#1239 = VERTEX_POINT('',#1240);
#1240 = CARTESIAN_POINT('',(4.04,-6.35,2.286));
#1241 = LINE('',#1242,#1243);
#1242 = CARTESIAN_POINT('',(4.04,-6.604,2.54));
#1243 = VECTOR('',#1244,1.);
#1244 = DIRECTION('',(0.,0.707106781187,-0.707106781187));
#1245 = ORIENTED_EDGE('',*,*,#1246,.T.);
#1246 = EDGE_CURVE('',#1239,#1247,#1249,.T.);
#1247 = VERTEX_POINT('',#1248);
#1248 = CARTESIAN_POINT('',(4.04,-6.096,2.54));
#1249 = LINE('',#1250,#1251);
#1250 = CARTESIAN_POINT('',(4.04,-6.35,2.286));
#1251 = VECTOR('',#1252,1.);
#1252 = DIRECTION('',(0.,0.707106781187,0.707106781187));
#1253 = ORIENTED_EDGE('',*,*,#1254,.T.);
#1254 = EDGE_CURVE('',#1247,#1255,#1257,.T.);
#1255 = VERTEX_POINT('',#1256);
#1256 = CARTESIAN_POINT('',(4.04,-4.064,2.54));
#1257 = LINE('',#1258,#1259);
#1258 = CARTESIAN_POINT('',(4.04,-6.096,2.54));
#1259 = VECTOR('',#1260,1.);
#1260 = DIRECTION('',(0.,1.,0.));
#1261 = ORIENTED_EDGE('',*,*,#1262,.T.);
#1262 = EDGE_CURVE('',#1255,#1263,#1265,.T.);
#1263 = VERTEX_POINT('',#1264);
#1264 = CARTESIAN_POINT('',(4.04,-3.81,2.286));
#1265 = LINE('',#1266,#1267);
#1266 = CARTESIAN_POINT('',(4.04,-4.064,2.54));
#1267 = VECTOR('',#1268,1.);
#1268 = DIRECTION('',(0.,0.707106781187,-0.707106781187));
#1269 = ORIENTED_EDGE('',*,*,#1270,.T.);
#1270 = EDGE_CURVE('',#1263,#1271,#1273,.T.);
#1271 = VERTEX_POINT('',#1272);
#1272 = CARTESIAN_POINT('',(4.04,-3.556,2.54));
#1273 = LINE('',#1274,#1275);
#1274 = CARTESIAN_POINT('',(4.04,-3.81,2.286));
#1275 = VECTOR('',#1276,1.);
#1276 = DIRECTION('',(0.,0.707106781187,0.707106781187));
#1277 = ORIENTED_EDGE('',*,*,#1278,.T.);
#1278 = EDGE_CURVE('',#1271,#1279,#1281,.T.);
#1279 = VERTEX_POINT('',#1280);
#1280 = CARTESIAN_POINT('',(4.04,-1.524,2.54));
#1281 = LINE('',#1282,#1283);
#1282 = CARTESIAN_POINT('',(4.04,-3.556,2.54));
#1283 = VECTOR('',#1284,1.);
#1284 = DIRECTION('',(0.,1.,0.));
#1285 = ORIENTED_EDGE('',*,*,#1286,.T.);
#1286 = EDGE_CURVE('',#1279,#1287,#1289,.T.);
#1287 = VERTEX_POINT('',#1288);
#1288 = CARTESIAN_POINT('',(4.04,-1.27,2.286));
#1289 = LINE('',#1290,#1291);
#1290 = CARTESIAN_POINT('',(4.04,-1.524,2.54));
#1291 = VECTOR('',#1292,1.);
#1292 = DIRECTION('',(0.,0.707106781187,-0.707106781187));
#1293 = ORIENTED_EDGE('',*,*,#1294,.T.);
#1294 = EDGE_CURVE('',#1287,#1295,#1297,.T.);
#1295 = VERTEX_POINT('',#1296);
#1296 = CARTESIAN_POINT('',(4.04,-1.016,2.54));
#1297 = LINE('',#1298,#1299);
#1298 = CARTESIAN_POINT('',(4.04,-1.27,2.286));
#1299 = VECTOR('',#1300,1.);
#1300 = DIRECTION('',(0.,0.707106781187,0.707106781187));
#1301 = ORIENTED_EDGE('',*,*,#1302,.T.);
#1302 = EDGE_CURVE('',#1295,#1303,#1305,.T.);
#1303 = VERTEX_POINT('',#1304);
#1304 = CARTESIAN_POINT('',(4.04,1.016,2.54));
#1305 = LINE('',#1306,#1307);
#1306 = CARTESIAN_POINT('',(4.04,-1.016,2.54));
#1307 = VECTOR('',#1308,1.);
#1308 = DIRECTION('',(0.,1.,0.));
#1309 = ORIENTED_EDGE('',*,*,#1310,.T.);
#1310 = EDGE_CURVE('',#1303,#484,#1311,.T.);
#1311 = LINE('',#1312,#1313);
#1312 = CARTESIAN_POINT('',(4.04,1.016,2.54));
#1313 = VECTOR('',#1314,1.);
#1314 = DIRECTION('',(0.,0.707106781187,-0.707106781187));
#1315 = ORIENTED_EDGE('',*,*,#491,.T.);
#1316 = FACE_BOUND('',#1317,.F.);
#1317 = EDGE_LOOP('',(#1318,#1328,#1336,#1344));
#1318 = ORIENTED_EDGE('',*,*,#1319,.F.);
#1319 = EDGE_CURVE('',#1320,#1322,#1324,.T.);
#1320 = VERTEX_POINT('',#1321);
#1321 = CARTESIAN_POINT('',(4.04,-5.4,1.59));
#1322 = VERTEX_POINT('',#1323);
#1323 = CARTESIAN_POINT('',(4.04,-4.76,1.59));
#1324 = LINE('',#1325,#1326);
#1325 = CARTESIAN_POINT('',(4.04,-5.555,1.59));
#1326 = VECTOR('',#1327,1.);
#1327 = DIRECTION('',(-1.757937001438E-31,1.,-3.767764739067E-48));
#1328 = ORIENTED_EDGE('',*,*,#1329,.T.);
#1329 = EDGE_CURVE('',#1320,#1330,#1332,.T.);
#1330 = VERTEX_POINT('',#1331);
#1331 = CARTESIAN_POINT('',(4.04,-5.4,0.95));
#1332 = LINE('',#1333,#1334);
#1333 = CARTESIAN_POINT('',(4.04,-5.4,0.924540133779));
#1334 = VECTOR('',#1335,1.);
#1335 = DIRECTION('',(-4.851850855128E-31,6.630961875715E-34,-1.));
#1336 = ORIENTED_EDGE('',*,*,#1337,.F.);
#1337 = EDGE_CURVE('',#1338,#1330,#1340,.T.);
#1338 = VERTEX_POINT('',#1339);
#1339 = CARTESIAN_POINT('',(4.04,-4.76,0.95));
#1340 = LINE('',#1341,#1342);
#1341 = CARTESIAN_POINT('',(4.04,-5.555,0.95));
#1342 = VECTOR('',#1343,1.);
#1343 = DIRECTION('',(1.757937001438E-31,-1.,0.));
#1344 = ORIENTED_EDGE('',*,*,#1345,.F.);
#1345 = EDGE_CURVE('',#1322,#1338,#1346,.T.);
#1346 = LINE('',#1347,#1348);
#1347 = CARTESIAN_POINT('',(4.04,-4.76,0.924540133779));
#1348 = VECTOR('',#1349,1.);
#1349 = DIRECTION('',(-4.851850855128E-31,6.630961875715E-34,-1.));
#1350 = FACE_BOUND('',#1351,.F.);
#1351 = EDGE_LOOP('',(#1352,#1362,#1370,#1378));
#1352 = ORIENTED_EDGE('',*,*,#1353,.F.);
#1353 = EDGE_CURVE('',#1354,#1356,#1358,.T.);
#1354 = VERTEX_POINT('',#1355);
#1355 = CARTESIAN_POINT('',(4.04,-7.94,1.59));
#1356 = VERTEX_POINT('',#1357);
#1357 = CARTESIAN_POINT('',(4.04,-7.3,1.59));
#1358 = LINE('',#1359,#1360);
#1359 = CARTESIAN_POINT('',(4.04,-6.825,1.59));
#1360 = VECTOR('',#1361,1.);
#1361 = DIRECTION('',(-1.757937001438E-31,1.,-3.767764739067E-48));
#1362 = ORIENTED_EDGE('',*,*,#1363,.T.);
#1363 = EDGE_CURVE('',#1354,#1364,#1366,.T.);
#1364 = VERTEX_POINT('',#1365);
#1365 = CARTESIAN_POINT('',(4.04,-7.94,0.95));
#1366 = LINE('',#1367,#1368);
#1367 = CARTESIAN_POINT('',(4.04,-7.94,0.924540133779));
#1368 = VECTOR('',#1369,1.);
#1369 = DIRECTION('',(-4.851850855128E-31,6.630961875715E-34,-1.));
#1370 = ORIENTED_EDGE('',*,*,#1371,.F.);
#1371 = EDGE_CURVE('',#1372,#1364,#1374,.T.);
#1372 = VERTEX_POINT('',#1373);
#1373 = CARTESIAN_POINT('',(4.04,-7.3,0.95));
#1374 = LINE('',#1375,#1376);
#1375 = CARTESIAN_POINT('',(4.04,-6.825,0.95));
#1376 = VECTOR('',#1377,1.);
#1377 = DIRECTION('',(1.757937001438E-31,-1.,0.));
#1378 = ORIENTED_EDGE('',*,*,#1379,.F.);
#1379 = EDGE_CURVE('',#1356,#1372,#1380,.T.);
#1380 = LINE('',#1381,#1382);
#1381 = CARTESIAN_POINT('',(4.04,-7.3,0.924540133779));
#1382 = VECTOR('',#1383,1.);
#1383 = DIRECTION('',(-4.851850855128E-31,6.630961875715E-34,-1.));
#1384 = FACE_BOUND('',#1385,.F.);
#1385 = EDGE_LOOP('',(#1386,#1396,#1404,#1412));
#1386 = ORIENTED_EDGE('',*,*,#1387,.F.);
#1387 = EDGE_CURVE('',#1388,#1390,#1392,.T.);
#1388 = VERTEX_POINT('',#1389);
#1389 = CARTESIAN_POINT('',(4.04,-12.38,1.59));
#1390 = VERTEX_POINT('',#1391);
#1391 = CARTESIAN_POINT('',(4.04,-12.38,0.95));
#1392 = LINE('',#1393,#1394);
#1393 = CARTESIAN_POINT('',(4.04,-12.38,0.924540133779));
#1394 = VECTOR('',#1395,1.);
#1395 = DIRECTION('',(-4.851850855128E-31,6.630961875715E-34,-1.));
#1396 = ORIENTED_EDGE('',*,*,#1397,.F.);
#1397 = EDGE_CURVE('',#1398,#1388,#1400,.T.);
#1398 = VERTEX_POINT('',#1399);
#1399 = CARTESIAN_POINT('',(4.04,-13.02,1.59));
#1400 = LINE('',#1401,#1402);
#1401 = CARTESIAN_POINT('',(4.04,-9.365,1.59));
#1402 = VECTOR('',#1403,1.);
#1403 = DIRECTION('',(-1.757937001438E-31,1.,-3.767764739067E-48));
#1404 = ORIENTED_EDGE('',*,*,#1405,.T.);
#1405 = EDGE_CURVE('',#1398,#1406,#1408,.T.);
#1406 = VERTEX_POINT('',#1407);
#1407 = CARTESIAN_POINT('',(4.04,-13.02,0.95));
#1408 = LINE('',#1409,#1410);
#1409 = CARTESIAN_POINT('',(4.04,-13.02,0.924540133779));
#1410 = VECTOR('',#1411,1.);
#1411 = DIRECTION('',(-4.851850855128E-31,6.630961875715E-34,-1.));
#1412 = ORIENTED_EDGE('',*,*,#1413,.F.);
#1413 = EDGE_CURVE('',#1390,#1406,#1414,.T.);
#1414 = LINE('',#1415,#1416);
#1415 = CARTESIAN_POINT('',(4.04,-9.365,0.95));
#1416 = VECTOR('',#1417,1.);
#1417 = DIRECTION('',(1.757937001438E-31,-1.,0.));
#1418 = FACE_BOUND('',#1419,.F.);
#1419 = EDGE_LOOP('',(#1420,#1430,#1438,#1446));
#1420 = ORIENTED_EDGE('',*,*,#1421,.F.);
#1421 = EDGE_CURVE('',#1422,#1424,#1426,.T.);
#1422 = VERTEX_POINT('',#1423);
#1423 = CARTESIAN_POINT('',(4.04,-10.48,1.59));
#1424 = VERTEX_POINT('',#1425);
#1425 = CARTESIAN_POINT('',(4.04,-9.84,1.59));
#1426 = LINE('',#1427,#1428);
#1427 = CARTESIAN_POINT('',(4.04,-8.095,1.59));
#1428 = VECTOR('',#1429,1.);
#1429 = DIRECTION('',(-1.757937001438E-31,1.,-3.767764739067E-48));
#1430 = ORIENTED_EDGE('',*,*,#1431,.T.);
#1431 = EDGE_CURVE('',#1422,#1432,#1434,.T.);
#1432 = VERTEX_POINT('',#1433);
#1433 = CARTESIAN_POINT('',(4.04,-10.48,0.95));
#1434 = LINE('',#1435,#1436);
#1435 = CARTESIAN_POINT('',(4.04,-10.48,0.924540133779));
#1436 = VECTOR('',#1437,1.);
#1437 = DIRECTION('',(-4.851850855128E-31,6.630961875715E-34,-1.));
#1438 = ORIENTED_EDGE('',*,*,#1439,.F.);
#1439 = EDGE_CURVE('',#1440,#1432,#1442,.T.);
#1440 = VERTEX_POINT('',#1441);
#1441 = CARTESIAN_POINT('',(4.04,-9.84,0.95));
#1442 = LINE('',#1443,#1444);
#1443 = CARTESIAN_POINT('',(4.04,-8.095,0.95));
#1444 = VECTOR('',#1445,1.);
#1445 = DIRECTION('',(1.757937001438E-31,-1.,0.));
#1446 = ORIENTED_EDGE('',*,*,#1447,.F.);
#1447 = EDGE_CURVE('',#1424,#1440,#1448,.T.);
#1448 = LINE('',#1449,#1450);
#1449 = CARTESIAN_POINT('',(4.04,-9.84,0.924540133779));
#1450 = VECTOR('',#1451,1.);
#1451 = DIRECTION('',(-4.851850855128E-31,6.630961875715E-34,-1.));
#1452 = FACE_BOUND('',#1453,.F.);
#1453 = EDGE_LOOP('',(#1454,#1464,#1472,#1480));
#1454 = ORIENTED_EDGE('',*,*,#1455,.F.);
#1455 = EDGE_CURVE('',#1456,#1458,#1460,.T.);
#1456 = VERTEX_POINT('',#1457);
#1457 = CARTESIAN_POINT('',(4.04,-2.86,1.59));
#1458 = VERTEX_POINT('',#1459);
#1459 = CARTESIAN_POINT('',(4.04,-2.22,1.59));
#1460 = LINE('',#1461,#1462);
#1461 = CARTESIAN_POINT('',(4.04,-4.285,1.59));
#1462 = VECTOR('',#1463,1.);
#1463 = DIRECTION('',(-1.757937001438E-31,1.,-3.767764739067E-48));
#1464 = ORIENTED_EDGE('',*,*,#1465,.T.);
#1465 = EDGE_CURVE('',#1456,#1466,#1468,.T.);
#1466 = VERTEX_POINT('',#1467);
#1467 = CARTESIAN_POINT('',(4.04,-2.86,0.95));
#1468 = LINE('',#1469,#1470);
#1469 = CARTESIAN_POINT('',(4.04,-2.86,0.924540133779));
#1470 = VECTOR('',#1471,1.);
#1471 = DIRECTION('',(-4.851850855128E-31,6.630961875715E-34,-1.));
#1472 = ORIENTED_EDGE('',*,*,#1473,.F.);
#1473 = EDGE_CURVE('',#1474,#1466,#1476,.T.);
#1474 = VERTEX_POINT('',#1475);
#1475 = CARTESIAN_POINT('',(4.04,-2.22,0.95));
#1476 = LINE('',#1477,#1478);
#1477 = CARTESIAN_POINT('',(4.04,-4.285,0.95));
#1478 = VECTOR('',#1479,1.);
#1479 = DIRECTION('',(1.757937001438E-31,-1.,0.));
#1480 = ORIENTED_EDGE('',*,*,#1481,.F.);
#1481 = EDGE_CURVE('',#1458,#1474,#1482,.T.);
#1482 = LINE('',#1483,#1484);
#1483 = CARTESIAN_POINT('',(4.04,-2.22,0.924540133779));
#1484 = VECTOR('',#1485,1.);
#1485 = DIRECTION('',(-4.851850855128E-31,6.630961875715E-34,-1.));
#1486 = FACE_BOUND('',#1487,.F.);
#1487 = EDGE_LOOP('',(#1488,#1498,#1506,#1514));
#1488 = ORIENTED_EDGE('',*,*,#1489,.F.);
#1489 = EDGE_CURVE('',#1490,#1492,#1494,.T.);
#1490 = VERTEX_POINT('',#1491);
#1491 = CARTESIAN_POINT('',(4.04,-0.32,1.59));
#1492 = VERTEX_POINT('',#1493);
#1493 = CARTESIAN_POINT('',(4.04,0.32,1.59));
#1494 = LINE('',#1495,#1496);
#1495 = CARTESIAN_POINT('',(4.04,-3.015,1.59));
#1496 = VECTOR('',#1497,1.);
#1497 = DIRECTION('',(-1.757937001438E-31,1.,-3.767764739067E-48));
#1498 = ORIENTED_EDGE('',*,*,#1499,.T.);
#1499 = EDGE_CURVE('',#1490,#1500,#1502,.T.);
#1500 = VERTEX_POINT('',#1501);
#1501 = CARTESIAN_POINT('',(4.04,-0.32,0.95));
#1502 = LINE('',#1503,#1504);
#1503 = CARTESIAN_POINT('',(4.04,-0.32,0.924540133779));
#1504 = VECTOR('',#1505,1.);
#1505 = DIRECTION('',(-4.851850855128E-31,6.630961875715E-34,-1.));
#1506 = ORIENTED_EDGE('',*,*,#1507,.F.);
#1507 = EDGE_CURVE('',#1508,#1500,#1510,.T.);
#1508 = VERTEX_POINT('',#1509);
#1509 = CARTESIAN_POINT('',(4.04,0.32,0.95));
#1510 = LINE('',#1511,#1512);
#1511 = CARTESIAN_POINT('',(4.04,-3.015,0.95));
#1512 = VECTOR('',#1513,1.);
#1513 = DIRECTION('',(1.757937001438E-31,-1.,0.));
#1514 = ORIENTED_EDGE('',*,*,#1515,.F.);
#1515 = EDGE_CURVE('',#1492,#1508,#1516,.T.);
#1516 = LINE('',#1517,#1518);
#1517 = CARTESIAN_POINT('',(4.04,0.32,0.924540133779));
#1518 = VECTOR('',#1519,1.);
#1519 = DIRECTION('',(-4.851850855128E-31,6.630961875715E-34,-1.));
#1520 = PLANE('',#1521);
#1521 = AXIS2_PLACEMENT_3D('',#1522,#1523,#1524);
#1522 = CARTESIAN_POINT('',(4.04,-6.35,1.27));
#1523 = DIRECTION('',(-1.,-1.757937001438E-31,4.851850855128E-31));
#1524 = DIRECTION('',(-4.851850855128E-31,3.711337935421E-78,-1.));
#1525 = ADVANCED_FACE('',(#1526),#1537,.T.);
#1526 = FACE_BOUND('',#1527,.T.);
#1527 = EDGE_LOOP('',(#1528,#1534,#1535,#1536));
#1528 = ORIENTED_EDGE('',*,*,#1529,.T.);
#1529 = EDGE_CURVE('',#810,#1303,#1530,.T.);
#1530 = LINE('',#1531,#1532);
#1531 = CARTESIAN_POINT('',(1.5,1.016,2.54));
#1532 = VECTOR('',#1533,1.);
#1533 = DIRECTION('',(1.,0.,0.));
#1534 = ORIENTED_EDGE('',*,*,#1310,.T.);
#1535 = ORIENTED_EDGE('',*,*,#481,.F.);
#1536 = ORIENTED_EDGE('',*,*,#817,.F.);
#1537 = PLANE('',#1538);
#1538 = AXIS2_PLACEMENT_3D('',#1539,#1540,#1541);
#1539 = CARTESIAN_POINT('',(1.5,1.016,2.54));
#1540 = DIRECTION('',(0.,0.707106781187,0.707106781187));
#1541 = DIRECTION('',(0.,0.707106781187,-0.707106781187));
#1542 = ADVANCED_FACE('',(#1543),#1554,.T.);
#1543 = FACE_BOUND('',#1544,.T.);
#1544 = EDGE_LOOP('',(#1545,#1546,#1547,#1553));
#1545 = ORIENTED_EDGE('',*,*,#521,.T.);
#1546 = ORIENTED_EDGE('',*,*,#1038,.T.);
#1547 = ORIENTED_EDGE('',*,*,#1548,.F.);
#1548 = EDGE_CURVE('',#546,#1039,#1549,.T.);
#1549 = LINE('',#1550,#1551);
#1550 = CARTESIAN_POINT('',(1.5,-1.27,0.254));
#1551 = VECTOR('',#1552,1.);
#1552 = DIRECTION('',(1.,0.,0.));
#1553 = ORIENTED_EDGE('',*,*,#545,.F.);
#1554 = PLANE('',#1555);
#1555 = AXIS2_PLACEMENT_3D('',#1556,#1557,#1558);
#1556 = CARTESIAN_POINT('',(1.5,-1.016,0.));
#1557 = DIRECTION('',(-0.,-0.707106781187,-0.707106781187));
#1558 = DIRECTION('',(0.,-0.707106781187,0.707106781187));
#1559 = ADVANCED_FACE('',(#1560),#1571,.T.);
#1560 = FACE_BOUND('',#1561,.T.);
#1561 = EDGE_LOOP('',(#1562,#1568,#1569,#1570));
#1562 = ORIENTED_EDGE('',*,*,#1563,.T.);
#1563 = EDGE_CURVE('',#802,#1295,#1564,.T.);
#1564 = LINE('',#1565,#1566);
#1565 = CARTESIAN_POINT('',(1.5,-1.016,2.54));
#1566 = VECTOR('',#1567,1.);
#1567 = DIRECTION('',(1.,0.,0.));
#1568 = ORIENTED_EDGE('',*,*,#1302,.T.);
#1569 = ORIENTED_EDGE('',*,*,#1529,.F.);
#1570 = ORIENTED_EDGE('',*,*,#809,.F.);
#1571 = PLANE('',#1572);
#1572 = AXIS2_PLACEMENT_3D('',#1573,#1574,#1575);
#1573 = CARTESIAN_POINT('',(1.5,-1.016,2.54));
#1574 = DIRECTION('',(0.,0.,1.));
#1575 = DIRECTION('',(0.,1.,0.));
#1576 = ADVANCED_FACE('',(#1577),#1588,.T.);
#1577 = FACE_BOUND('',#1578,.T.);
#1578 = EDGE_LOOP('',(#1579,#1580,#1581,#1587));
#1579 = ORIENTED_EDGE('',*,*,#1548,.T.);
#1580 = ORIENTED_EDGE('',*,*,#1046,.T.);
#1581 = ORIENTED_EDGE('',*,*,#1582,.F.);
#1582 = EDGE_CURVE('',#554,#1047,#1583,.T.);
#1583 = LINE('',#1584,#1585);
#1584 = CARTESIAN_POINT('',(1.5,-1.524,0.));
#1585 = VECTOR('',#1586,1.);
#1586 = DIRECTION('',(1.,0.,0.));
#1587 = ORIENTED_EDGE('',*,*,#553,.F.);
#1588 = PLANE('',#1589);
#1589 = AXIS2_PLACEMENT_3D('',#1590,#1591,#1592);
#1590 = CARTESIAN_POINT('',(1.5,-1.27,0.254));
#1591 = DIRECTION('',(0.,0.707106781187,-0.707106781187));
#1592 = DIRECTION('',(0.,-0.707106781187,-0.707106781187));
#1593 = ADVANCED_FACE('',(#1594),#1605,.T.);
#1594 = FACE_BOUND('',#1595,.T.);
#1595 = EDGE_LOOP('',(#1596,#1602,#1603,#1604));
#1596 = ORIENTED_EDGE('',*,*,#1597,.T.);
#1597 = EDGE_CURVE('',#794,#1287,#1598,.T.);
#1598 = LINE('',#1599,#1600);
#1599 = CARTESIAN_POINT('',(1.5,-1.27,2.286));
#1600 = VECTOR('',#1601,1.);
#1601 = DIRECTION('',(1.,0.,0.));
#1602 = ORIENTED_EDGE('',*,*,#1294,.T.);
#1603 = ORIENTED_EDGE('',*,*,#1563,.F.);
#1604 = ORIENTED_EDGE('',*,*,#801,.F.);
#1605 = PLANE('',#1606);
#1606 = AXIS2_PLACEMENT_3D('',#1607,#1608,#1609);
#1607 = CARTESIAN_POINT('',(1.5,-1.27,2.286));
#1608 = DIRECTION('',(0.,-0.707106781187,0.707106781187));
#1609 = DIRECTION('',(0.,0.707106781187,0.707106781187));
#1610 = ADVANCED_FACE('',(#1611),#1622,.T.);
#1611 = FACE_BOUND('',#1612,.T.);
#1612 = EDGE_LOOP('',(#1613,#1614,#1615,#1621));
#1613 = ORIENTED_EDGE('',*,*,#1582,.T.);
#1614 = ORIENTED_EDGE('',*,*,#1054,.T.);
#1615 = ORIENTED_EDGE('',*,*,#1616,.F.);
#1616 = EDGE_CURVE('',#562,#1055,#1617,.T.);
#1617 = LINE('',#1618,#1619);
#1618 = CARTESIAN_POINT('',(1.5,-3.556,0.));
#1619 = VECTOR('',#1620,1.);
#1620 = DIRECTION('',(1.,0.,0.));
#1621 = ORIENTED_EDGE('',*,*,#561,.F.);
#1622 = PLANE('',#1623);
#1623 = AXIS2_PLACEMENT_3D('',#1624,#1625,#1626);
#1624 = CARTESIAN_POINT('',(1.5,-1.524,0.));
#1625 = DIRECTION('',(-0.,-0.,-1.));
#1626 = DIRECTION('',(0.,-1.,0.));
#1627 = ADVANCED_FACE('',(#1628),#1639,.T.);
#1628 = FACE_BOUND('',#1629,.T.);
#1629 = EDGE_LOOP('',(#1630,#1636,#1637,#1638));
#1630 = ORIENTED_EDGE('',*,*,#1631,.T.);
#1631 = EDGE_CURVE('',#786,#1279,#1632,.T.);
#1632 = LINE('',#1633,#1634);
#1633 = CARTESIAN_POINT('',(1.5,-1.524,2.54));
#1634 = VECTOR('',#1635,1.);
#1635 = DIRECTION('',(1.,0.,0.));
#1636 = ORIENTED_EDGE('',*,*,#1286,.T.);
#1637 = ORIENTED_EDGE('',*,*,#1597,.F.);
#1638 = ORIENTED_EDGE('',*,*,#793,.F.);
#1639 = PLANE('',#1640);
#1640 = AXIS2_PLACEMENT_3D('',#1641,#1642,#1643);
#1641 = CARTESIAN_POINT('',(1.5,-1.524,2.54));
#1642 = DIRECTION('',(0.,0.707106781187,0.707106781187));
#1643 = DIRECTION('',(0.,0.707106781187,-0.707106781187));
#1644 = ADVANCED_FACE('',(#1645),#1656,.T.);
#1645 = FACE_BOUND('',#1646,.T.);
#1646 = EDGE_LOOP('',(#1647,#1648,#1649,#1655));
#1647 = ORIENTED_EDGE('',*,*,#1616,.T.);
#1648 = ORIENTED_EDGE('',*,*,#1062,.T.);
#1649 = ORIENTED_EDGE('',*,*,#1650,.F.);
#1650 = EDGE_CURVE('',#570,#1063,#1651,.T.);
#1651 = LINE('',#1652,#1653);
#1652 = CARTESIAN_POINT('',(1.5,-3.81,0.254));
#1653 = VECTOR('',#1654,1.);
#1654 = DIRECTION('',(1.,0.,0.));
#1655 = ORIENTED_EDGE('',*,*,#569,.F.);
#1656 = PLANE('',#1657);
#1657 = AXIS2_PLACEMENT_3D('',#1658,#1659,#1660);
#1658 = CARTESIAN_POINT('',(1.5,-3.556,0.));
#1659 = DIRECTION('',(-0.,-0.707106781187,-0.707106781187));
#1660 = DIRECTION('',(0.,-0.707106781187,0.707106781187));
#1661 = ADVANCED_FACE('',(#1662),#1673,.T.);
#1662 = FACE_BOUND('',#1663,.T.);
#1663 = EDGE_LOOP('',(#1664,#1670,#1671,#1672));
#1664 = ORIENTED_EDGE('',*,*,#1665,.T.);
#1665 = EDGE_CURVE('',#778,#1271,#1666,.T.);
#1666 = LINE('',#1667,#1668);
#1667 = CARTESIAN_POINT('',(1.5,-3.556,2.54));
#1668 = VECTOR('',#1669,1.);
#1669 = DIRECTION('',(1.,0.,0.));
#1670 = ORIENTED_EDGE('',*,*,#1278,.T.);
#1671 = ORIENTED_EDGE('',*,*,#1631,.F.);
#1672 = ORIENTED_EDGE('',*,*,#785,.F.);
#1673 = PLANE('',#1674);
#1674 = AXIS2_PLACEMENT_3D('',#1675,#1676,#1677);
#1675 = CARTESIAN_POINT('',(1.5,-3.556,2.54));
#1676 = DIRECTION('',(0.,0.,1.));
#1677 = DIRECTION('',(0.,1.,0.));
#1678 = ADVANCED_FACE('',(#1679),#1690,.T.);
#1679 = FACE_BOUND('',#1680,.T.);
#1680 = EDGE_LOOP('',(#1681,#1682,#1683,#1689));
#1681 = ORIENTED_EDGE('',*,*,#1650,.T.);
#1682 = ORIENTED_EDGE('',*,*,#1070,.T.);
#1683 = ORIENTED_EDGE('',*,*,#1684,.F.);
#1684 = EDGE_CURVE('',#578,#1071,#1685,.T.);
#1685 = LINE('',#1686,#1687);
#1686 = CARTESIAN_POINT('',(1.5,-4.064,0.));
#1687 = VECTOR('',#1688,1.);
#1688 = DIRECTION('',(1.,0.,0.));
#1689 = ORIENTED_EDGE('',*,*,#577,.F.);
#1690 = PLANE('',#1691);
#1691 = AXIS2_PLACEMENT_3D('',#1692,#1693,#1694);
#1692 = CARTESIAN_POINT('',(1.5,-3.81,0.254));
#1693 = DIRECTION('',(0.,0.707106781187,-0.707106781187));
#1694 = DIRECTION('',(0.,-0.707106781187,-0.707106781187));
#1695 = ADVANCED_FACE('',(#1696),#1707,.T.);
#1696 = FACE_BOUND('',#1697,.T.);
#1697 = EDGE_LOOP('',(#1698,#1704,#1705,#1706));
#1698 = ORIENTED_EDGE('',*,*,#1699,.T.);
#1699 = EDGE_CURVE('',#770,#1263,#1700,.T.);
#1700 = LINE('',#1701,#1702);
#1701 = CARTESIAN_POINT('',(1.5,-3.81,2.286));
#1702 = VECTOR('',#1703,1.);
#1703 = DIRECTION('',(1.,0.,0.));
#1704 = ORIENTED_EDGE('',*,*,#1270,.T.);
#1705 = ORIENTED_EDGE('',*,*,#1665,.F.);
#1706 = ORIENTED_EDGE('',*,*,#777,.F.);
#1707 = PLANE('',#1708);
#1708 = AXIS2_PLACEMENT_3D('',#1709,#1710,#1711);
#1709 = CARTESIAN_POINT('',(1.5,-3.81,2.286));
#1710 = DIRECTION('',(0.,-0.707106781187,0.707106781187));
#1711 = DIRECTION('',(0.,0.707106781187,0.707106781187));
#1712 = ADVANCED_FACE('',(#1713),#1724,.T.);
#1713 = FACE_BOUND('',#1714,.T.);
#1714 = EDGE_LOOP('',(#1715,#1716,#1717,#1723));
#1715 = ORIENTED_EDGE('',*,*,#1684,.T.);
#1716 = ORIENTED_EDGE('',*,*,#1078,.T.);
#1717 = ORIENTED_EDGE('',*,*,#1718,.F.);
#1718 = EDGE_CURVE('',#586,#1079,#1719,.T.);
#1719 = LINE('',#1720,#1721);
#1720 = CARTESIAN_POINT('',(1.5,-6.096,0.));
#1721 = VECTOR('',#1722,1.);
#1722 = DIRECTION('',(1.,0.,0.));
#1723 = ORIENTED_EDGE('',*,*,#585,.F.);
#1724 = PLANE('',#1725);
#1725 = AXIS2_PLACEMENT_3D('',#1726,#1727,#1728);
#1726 = CARTESIAN_POINT('',(1.5,-4.064,0.));
#1727 = DIRECTION('',(-0.,-0.,-1.));
#1728 = DIRECTION('',(0.,-1.,0.));
#1729 = ADVANCED_FACE('',(#1730),#1741,.T.);
#1730 = FACE_BOUND('',#1731,.T.);
#1731 = EDGE_LOOP('',(#1732,#1738,#1739,#1740));
#1732 = ORIENTED_EDGE('',*,*,#1733,.T.);
#1733 = EDGE_CURVE('',#762,#1255,#1734,.T.);
#1734 = LINE('',#1735,#1736);
#1735 = CARTESIAN_POINT('',(1.5,-4.064,2.54));
#1736 = VECTOR('',#1737,1.);
#1737 = DIRECTION('',(1.,0.,0.));
#1738 = ORIENTED_EDGE('',*,*,#1262,.T.);
#1739 = ORIENTED_EDGE('',*,*,#1699,.F.);
#1740 = ORIENTED_EDGE('',*,*,#769,.F.);
#1741 = PLANE('',#1742);
#1742 = AXIS2_PLACEMENT_3D('',#1743,#1744,#1745);
#1743 = CARTESIAN_POINT('',(1.5,-4.064,2.54));
#1744 = DIRECTION('',(0.,0.707106781187,0.707106781187));
#1745 = DIRECTION('',(0.,0.707106781187,-0.707106781187));
#1746 = ADVANCED_FACE('',(#1747),#1758,.T.);
#1747 = FACE_BOUND('',#1748,.T.);
#1748 = EDGE_LOOP('',(#1749,#1750,#1751,#1757));
#1749 = ORIENTED_EDGE('',*,*,#1718,.T.);
#1750 = ORIENTED_EDGE('',*,*,#1086,.T.);
#1751 = ORIENTED_EDGE('',*,*,#1752,.F.);
#1752 = EDGE_CURVE('',#594,#1087,#1753,.T.);
#1753 = LINE('',#1754,#1755);
#1754 = CARTESIAN_POINT('',(1.5,-6.35,0.254));
#1755 = VECTOR('',#1756,1.);
#1756 = DIRECTION('',(1.,0.,0.));
#1757 = ORIENTED_EDGE('',*,*,#593,.F.);
#1758 = PLANE('',#1759);
#1759 = AXIS2_PLACEMENT_3D('',#1760,#1761,#1762);
#1760 = CARTESIAN_POINT('',(1.5,-6.096,0.));
#1761 = DIRECTION('',(-0.,-0.707106781187,-0.707106781187));
#1762 = DIRECTION('',(0.,-0.707106781187,0.707106781187));
#1763 = ADVANCED_FACE('',(#1764),#1775,.T.);
#1764 = FACE_BOUND('',#1765,.T.);
#1765 = EDGE_LOOP('',(#1766,#1772,#1773,#1774));
#1766 = ORIENTED_EDGE('',*,*,#1767,.T.);
#1767 = EDGE_CURVE('',#754,#1247,#1768,.T.);
#1768 = LINE('',#1769,#1770);
#1769 = CARTESIAN_POINT('',(1.5,-6.096,2.54));
#1770 = VECTOR('',#1771,1.);
#1771 = DIRECTION('',(1.,0.,0.));
#1772 = ORIENTED_EDGE('',*,*,#1254,.T.);
#1773 = ORIENTED_EDGE('',*,*,#1733,.F.);
#1774 = ORIENTED_EDGE('',*,*,#761,.F.);
#1775 = PLANE('',#1776);
#1776 = AXIS2_PLACEMENT_3D('',#1777,#1778,#1779);
#1777 = CARTESIAN_POINT('',(1.5,-6.096,2.54));
#1778 = DIRECTION('',(0.,0.,1.));
#1779 = DIRECTION('',(0.,1.,0.));
#1780 = ADVANCED_FACE('',(#1781),#1792,.T.);
#1781 = FACE_BOUND('',#1782,.T.);
#1782 = EDGE_LOOP('',(#1783,#1784,#1785,#1791));
#1783 = ORIENTED_EDGE('',*,*,#1752,.T.);
#1784 = ORIENTED_EDGE('',*,*,#1094,.T.);
#1785 = ORIENTED_EDGE('',*,*,#1786,.F.);
#1786 = EDGE_CURVE('',#602,#1095,#1787,.T.);
#1787 = LINE('',#1788,#1789);
#1788 = CARTESIAN_POINT('',(1.5,-6.604,0.));
#1789 = VECTOR('',#1790,1.);
#1790 = DIRECTION('',(1.,0.,0.));
#1791 = ORIENTED_EDGE('',*,*,#601,.F.);
#1792 = PLANE('',#1793);
#1793 = AXIS2_PLACEMENT_3D('',#1794,#1795,#1796);
#1794 = CARTESIAN_POINT('',(1.5,-6.35,0.254));
#1795 = DIRECTION('',(0.,0.707106781187,-0.707106781187));
#1796 = DIRECTION('',(0.,-0.707106781187,-0.707106781187));
#1797 = ADVANCED_FACE('',(#1798),#1809,.T.);
#1798 = FACE_BOUND('',#1799,.T.);
#1799 = EDGE_LOOP('',(#1800,#1806,#1807,#1808));
#1800 = ORIENTED_EDGE('',*,*,#1801,.T.);
#1801 = EDGE_CURVE('',#746,#1239,#1802,.T.);
#1802 = LINE('',#1803,#1804);
#1803 = CARTESIAN_POINT('',(1.5,-6.35,2.286));
#1804 = VECTOR('',#1805,1.);
#1805 = DIRECTION('',(1.,0.,0.));
#1806 = ORIENTED_EDGE('',*,*,#1246,.T.);
#1807 = ORIENTED_EDGE('',*,*,#1767,.F.);
#1808 = ORIENTED_EDGE('',*,*,#753,.F.);
#1809 = PLANE('',#1810);
#1810 = AXIS2_PLACEMENT_3D('',#1811,#1812,#1813);
#1811 = CARTESIAN_POINT('',(1.5,-6.35,2.286));
#1812 = DIRECTION('',(0.,-0.707106781187,0.707106781187));
#1813 = DIRECTION('',(0.,0.707106781187,0.707106781187));
#1814 = ADVANCED_FACE('',(#1815),#1826,.T.);
#1815 = FACE_BOUND('',#1816,.T.);
#1816 = EDGE_LOOP('',(#1817,#1818,#1819,#1825));
#1817 = ORIENTED_EDGE('',*,*,#1786,.T.);
#1818 = ORIENTED_EDGE('',*,*,#1102,.T.);
#1819 = ORIENTED_EDGE('',*,*,#1820,.F.);
#1820 = EDGE_CURVE('',#610,#1103,#1821,.T.);
#1821 = LINE('',#1822,#1823);
#1822 = CARTESIAN_POINT('',(1.5,-8.636,0.));
#1823 = VECTOR('',#1824,1.);
#1824 = DIRECTION('',(1.,0.,0.));
#1825 = ORIENTED_EDGE('',*,*,#609,.F.);
#1826 = PLANE('',#1827);
#1827 = AXIS2_PLACEMENT_3D('',#1828,#1829,#1830);
#1828 = CARTESIAN_POINT('',(1.5,-6.604,0.));
#1829 = DIRECTION('',(-0.,-0.,-1.));
#1830 = DIRECTION('',(0.,-1.,0.));
#1831 = ADVANCED_FACE('',(#1832),#1843,.T.);
#1832 = FACE_BOUND('',#1833,.T.);
#1833 = EDGE_LOOP('',(#1834,#1840,#1841,#1842));
#1834 = ORIENTED_EDGE('',*,*,#1835,.T.);
#1835 = EDGE_CURVE('',#738,#1231,#1836,.T.);
#1836 = LINE('',#1837,#1838);
#1837 = CARTESIAN_POINT('',(1.5,-6.604,2.54));
#1838 = VECTOR('',#1839,1.);
#1839 = DIRECTION('',(1.,0.,0.));
#1840 = ORIENTED_EDGE('',*,*,#1238,.T.);
#1841 = ORIENTED_EDGE('',*,*,#1801,.F.);
#1842 = ORIENTED_EDGE('',*,*,#745,.F.);
#1843 = PLANE('',#1844);
#1844 = AXIS2_PLACEMENT_3D('',#1845,#1846,#1847);
#1845 = CARTESIAN_POINT('',(1.5,-6.604,2.54));
#1846 = DIRECTION('',(0.,0.707106781187,0.707106781187));
#1847 = DIRECTION('',(0.,0.707106781187,-0.707106781187));
#1848 = ADVANCED_FACE('',(#1849),#1860,.T.);
#1849 = FACE_BOUND('',#1850,.T.);
#1850 = EDGE_LOOP('',(#1851,#1852,#1853,#1859));
#1851 = ORIENTED_EDGE('',*,*,#1820,.T.);
#1852 = ORIENTED_EDGE('',*,*,#1110,.T.);
#1853 = ORIENTED_EDGE('',*,*,#1854,.F.);
#1854 = EDGE_CURVE('',#618,#1111,#1855,.T.);
#1855 = LINE('',#1856,#1857);
#1856 = CARTESIAN_POINT('',(1.5,-8.89,0.254));
#1857 = VECTOR('',#1858,1.);
#1858 = DIRECTION('',(1.,0.,0.));
#1859 = ORIENTED_EDGE('',*,*,#617,.F.);
#1860 = PLANE('',#1861);
#1861 = AXIS2_PLACEMENT_3D('',#1862,#1863,#1864);
#1862 = CARTESIAN_POINT('',(1.5,-8.636,0.));
#1863 = DIRECTION('',(-0.,-0.707106781187,-0.707106781187));
#1864 = DIRECTION('',(0.,-0.707106781187,0.707106781187));
#1865 = ADVANCED_FACE('',(#1866),#1877,.T.);
#1866 = FACE_BOUND('',#1867,.T.);
#1867 = EDGE_LOOP('',(#1868,#1874,#1875,#1876));
#1868 = ORIENTED_EDGE('',*,*,#1869,.T.);
#1869 = EDGE_CURVE('',#730,#1223,#1870,.T.);
#1870 = LINE('',#1871,#1872);
#1871 = CARTESIAN_POINT('',(1.5,-8.636,2.54));
#1872 = VECTOR('',#1873,1.);
#1873 = DIRECTION('',(1.,0.,0.));
#1874 = ORIENTED_EDGE('',*,*,#1230,.T.);
#1875 = ORIENTED_EDGE('',*,*,#1835,.F.);
#1876 = ORIENTED_EDGE('',*,*,#737,.F.);
#1877 = PLANE('',#1878);
#1878 = AXIS2_PLACEMENT_3D('',#1879,#1880,#1881);
#1879 = CARTESIAN_POINT('',(1.5,-8.636,2.54));
#1880 = DIRECTION('',(0.,0.,1.));
#1881 = DIRECTION('',(0.,1.,0.));
#1882 = ADVANCED_FACE('',(#1883),#1894,.T.);
#1883 = FACE_BOUND('',#1884,.T.);
#1884 = EDGE_LOOP('',(#1885,#1886,#1887,#1893));
#1885 = ORIENTED_EDGE('',*,*,#1854,.T.);
#1886 = ORIENTED_EDGE('',*,*,#1118,.T.);
#1887 = ORIENTED_EDGE('',*,*,#1888,.F.);
#1888 = EDGE_CURVE('',#626,#1119,#1889,.T.);
#1889 = LINE('',#1890,#1891);
#1890 = CARTESIAN_POINT('',(1.5,-9.144,0.));
#1891 = VECTOR('',#1892,1.);
#1892 = DIRECTION('',(1.,0.,0.));
#1893 = ORIENTED_EDGE('',*,*,#625,.F.);
#1894 = PLANE('',#1895);
#1895 = AXIS2_PLACEMENT_3D('',#1896,#1897,#1898);
#1896 = CARTESIAN_POINT('',(1.5,-8.89,0.254));
#1897 = DIRECTION('',(0.,0.707106781187,-0.707106781187));
#1898 = DIRECTION('',(0.,-0.707106781187,-0.707106781187));
#1899 = ADVANCED_FACE('',(#1900),#1911,.T.);
#1900 = FACE_BOUND('',#1901,.T.);
#1901 = EDGE_LOOP('',(#1902,#1908,#1909,#1910));
#1902 = ORIENTED_EDGE('',*,*,#1903,.T.);
#1903 = EDGE_CURVE('',#722,#1215,#1904,.T.);
#1904 = LINE('',#1905,#1906);
#1905 = CARTESIAN_POINT('',(1.5,-8.89,2.286));
#1906 = VECTOR('',#1907,1.);
#1907 = DIRECTION('',(1.,0.,0.));
#1908 = ORIENTED_EDGE('',*,*,#1222,.T.);
#1909 = ORIENTED_EDGE('',*,*,#1869,.F.);
#1910 = ORIENTED_EDGE('',*,*,#729,.F.);
#1911 = PLANE('',#1912);
#1912 = AXIS2_PLACEMENT_3D('',#1913,#1914,#1915);
#1913 = CARTESIAN_POINT('',(1.5,-8.89,2.286));
#1914 = DIRECTION('',(0.,-0.707106781187,0.707106781187));
#1915 = DIRECTION('',(0.,0.707106781187,0.707106781187));
#1916 = ADVANCED_FACE('',(#1917),#1928,.T.);
#1917 = FACE_BOUND('',#1918,.T.);
#1918 = EDGE_LOOP('',(#1919,#1920,#1921,#1927));
#1919 = ORIENTED_EDGE('',*,*,#1888,.T.);
#1920 = ORIENTED_EDGE('',*,*,#1126,.T.);
#1921 = ORIENTED_EDGE('',*,*,#1922,.F.);
#1922 = EDGE_CURVE('',#634,#1127,#1923,.T.);
#1923 = LINE('',#1924,#1925);
#1924 = CARTESIAN_POINT('',(1.5,-11.176,0.));
#1925 = VECTOR('',#1926,1.);
#1926 = DIRECTION('',(1.,0.,0.));
#1927 = ORIENTED_EDGE('',*,*,#633,.F.);
#1928 = PLANE('',#1929);
#1929 = AXIS2_PLACEMENT_3D('',#1930,#1931,#1932);
#1930 = CARTESIAN_POINT('',(1.5,-9.144,0.));
#1931 = DIRECTION('',(-0.,-0.,-1.));
#1932 = DIRECTION('',(0.,-1.,0.));
#1933 = ADVANCED_FACE('',(#1934),#1945,.T.);
#1934 = FACE_BOUND('',#1935,.T.);
#1935 = EDGE_LOOP('',(#1936,#1942,#1943,#1944));
#1936 = ORIENTED_EDGE('',*,*,#1937,.T.);
#1937 = EDGE_CURVE('',#714,#1207,#1938,.T.);
#1938 = LINE('',#1939,#1940);
#1939 = CARTESIAN_POINT('',(1.5,-9.144,2.54));
#1940 = VECTOR('',#1941,1.);
#1941 = DIRECTION('',(1.,0.,0.));
#1942 = ORIENTED_EDGE('',*,*,#1214,.T.);
#1943 = ORIENTED_EDGE('',*,*,#1903,.F.);
#1944 = ORIENTED_EDGE('',*,*,#721,.F.);
#1945 = PLANE('',#1946);
#1946 = AXIS2_PLACEMENT_3D('',#1947,#1948,#1949);
#1947 = CARTESIAN_POINT('',(1.5,-9.144,2.54));
#1948 = DIRECTION('',(0.,0.707106781187,0.707106781187));
#1949 = DIRECTION('',(0.,0.707106781187,-0.707106781187));
#1950 = ADVANCED_FACE('',(#1951),#1962,.T.);
#1951 = FACE_BOUND('',#1952,.T.);
#1952 = EDGE_LOOP('',(#1953,#1954,#1955,#1961));
#1953 = ORIENTED_EDGE('',*,*,#1922,.T.);
#1954 = ORIENTED_EDGE('',*,*,#1134,.T.);
#1955 = ORIENTED_EDGE('',*,*,#1956,.F.);
#1956 = EDGE_CURVE('',#642,#1135,#1957,.T.);
#1957 = LINE('',#1958,#1959);
#1958 = CARTESIAN_POINT('',(1.5,-11.43,0.254));
#1959 = VECTOR('',#1960,1.);
#1960 = DIRECTION('',(1.,0.,0.));
#1961 = ORIENTED_EDGE('',*,*,#641,.F.);
#1962 = PLANE('',#1963);
#1963 = AXIS2_PLACEMENT_3D('',#1964,#1965,#1966);
#1964 = CARTESIAN_POINT('',(1.5,-11.176,0.));
#1965 = DIRECTION('',(-0.,-0.707106781187,-0.707106781187));
#1966 = DIRECTION('',(0.,-0.707106781187,0.707106781187));
#1967 = ADVANCED_FACE('',(#1968),#1979,.T.);
#1968 = FACE_BOUND('',#1969,.T.);
#1969 = EDGE_LOOP('',(#1970,#1976,#1977,#1978));
#1970 = ORIENTED_EDGE('',*,*,#1971,.T.);
#1971 = EDGE_CURVE('',#706,#1199,#1972,.T.);
#1972 = LINE('',#1973,#1974);
#1973 = CARTESIAN_POINT('',(1.5,-11.176,2.54));
#1974 = VECTOR('',#1975,1.);
#1975 = DIRECTION('',(1.,0.,0.));
#1976 = ORIENTED_EDGE('',*,*,#1206,.T.);
#1977 = ORIENTED_EDGE('',*,*,#1937,.F.);
#1978 = ORIENTED_EDGE('',*,*,#713,.F.);
#1979 = PLANE('',#1980);
#1980 = AXIS2_PLACEMENT_3D('',#1981,#1982,#1983);
#1981 = CARTESIAN_POINT('',(1.5,-11.176,2.54));
#1982 = DIRECTION('',(0.,0.,1.));
#1983 = DIRECTION('',(0.,1.,0.));
#1984 = ADVANCED_FACE('',(#1985),#1996,.T.);
#1985 = FACE_BOUND('',#1986,.T.);
#1986 = EDGE_LOOP('',(#1987,#1988,#1989,#1995));
#1987 = ORIENTED_EDGE('',*,*,#1956,.T.);
#1988 = ORIENTED_EDGE('',*,*,#1142,.T.);
#1989 = ORIENTED_EDGE('',*,*,#1990,.F.);
#1990 = EDGE_CURVE('',#650,#1143,#1991,.T.);
#1991 = LINE('',#1992,#1993);
#1992 = CARTESIAN_POINT('',(1.5,-11.684,0.));
#1993 = VECTOR('',#1994,1.);
#1994 = DIRECTION('',(1.,0.,0.));
#1995 = ORIENTED_EDGE('',*,*,#649,.F.);
#1996 = PLANE('',#1997);
#1997 = AXIS2_PLACEMENT_3D('',#1998,#1999,#2000);
#1998 = CARTESIAN_POINT('',(1.5,-11.43,0.254));
#1999 = DIRECTION('',(0.,0.707106781187,-0.707106781187));
#2000 = DIRECTION('',(0.,-0.707106781187,-0.707106781187));
#2001 = ADVANCED_FACE('',(#2002),#2013,.T.);
#2002 = FACE_BOUND('',#2003,.T.);
#2003 = EDGE_LOOP('',(#2004,#2010,#2011,#2012));
#2004 = ORIENTED_EDGE('',*,*,#2005,.T.);
#2005 = EDGE_CURVE('',#698,#1191,#2006,.T.);
#2006 = LINE('',#2007,#2008);
#2007 = CARTESIAN_POINT('',(1.5,-11.43,2.286));
#2008 = VECTOR('',#2009,1.);
#2009 = DIRECTION('',(1.,0.,0.));
#2010 = ORIENTED_EDGE('',*,*,#1198,.T.);
#2011 = ORIENTED_EDGE('',*,*,#1971,.F.);
#2012 = ORIENTED_EDGE('',*,*,#705,.F.);
#2013 = PLANE('',#2014);
#2014 = AXIS2_PLACEMENT_3D('',#2015,#2016,#2017);
#2015 = CARTESIAN_POINT('',(1.5,-11.43,2.286));
#2016 = DIRECTION('',(0.,-0.707106781187,0.707106781187));
#2017 = DIRECTION('',(0.,0.707106781187,0.707106781187));
#2018 = ADVANCED_FACE('',(#2019),#2030,.T.);
#2019 = FACE_BOUND('',#2020,.T.);
#2020 = EDGE_LOOP('',(#2021,#2022,#2023,#2029));
#2021 = ORIENTED_EDGE('',*,*,#1990,.T.);
#2022 = ORIENTED_EDGE('',*,*,#1150,.T.);
#2023 = ORIENTED_EDGE('',*,*,#2024,.F.);
#2024 = EDGE_CURVE('',#658,#1151,#2025,.T.);
#2025 = LINE('',#2026,#2027);
#2026 = CARTESIAN_POINT('',(1.5,-13.716,0.));
#2027 = VECTOR('',#2028,1.);
#2028 = DIRECTION('',(1.,0.,0.));
#2029 = ORIENTED_EDGE('',*,*,#657,.F.);
#2030 = PLANE('',#2031);
#2031 = AXIS2_PLACEMENT_3D('',#2032,#2033,#2034);
#2032 = CARTESIAN_POINT('',(1.5,-11.684,0.));
#2033 = DIRECTION('',(-0.,-0.,-1.));
#2034 = DIRECTION('',(0.,-1.,0.));
#2035 = ADVANCED_FACE('',(#2036),#2047,.T.);
#2036 = FACE_BOUND('',#2037,.T.);
#2037 = EDGE_LOOP('',(#2038,#2044,#2045,#2046));
#2038 = ORIENTED_EDGE('',*,*,#2039,.T.);
#2039 = EDGE_CURVE('',#690,#1183,#2040,.T.);
#2040 = LINE('',#2041,#2042);
#2041 = CARTESIAN_POINT('',(1.5,-11.684,2.54));
#2042 = VECTOR('',#2043,1.);
#2043 = DIRECTION('',(1.,0.,0.));
#2044 = ORIENTED_EDGE('',*,*,#1190,.T.);
#2045 = ORIENTED_EDGE('',*,*,#2005,.F.);
#2046 = ORIENTED_EDGE('',*,*,#697,.F.);
#2047 = PLANE('',#2048);
#2048 = AXIS2_PLACEMENT_3D('',#2049,#2050,#2051);
#2049 = CARTESIAN_POINT('',(1.5,-11.684,2.54));
#2050 = DIRECTION('',(0.,0.707106781187,0.707106781187));
#2051 = DIRECTION('',(0.,0.707106781187,-0.707106781187));
#2052 = ADVANCED_FACE('',(#2053),#2064,.T.);
#2053 = FACE_BOUND('',#2054,.T.);
#2054 = EDGE_LOOP('',(#2055,#2056,#2057,#2063));
#2055 = ORIENTED_EDGE('',*,*,#2024,.T.);
#2056 = ORIENTED_EDGE('',*,*,#1158,.T.);
#2057 = ORIENTED_EDGE('',*,*,#2058,.F.);
#2058 = EDGE_CURVE('',#666,#1159,#2059,.T.);
#2059 = LINE('',#2060,#2061);
#2060 = CARTESIAN_POINT('',(1.5,-13.97,0.254));
#2061 = VECTOR('',#2062,1.);
#2062 = DIRECTION('',(1.,0.,0.));
#2063 = ORIENTED_EDGE('',*,*,#665,.F.);
#2064 = PLANE('',#2065);
#2065 = AXIS2_PLACEMENT_3D('',#2066,#2067,#2068);
#2066 = CARTESIAN_POINT('',(1.5,-13.716,0.));
#2067 = DIRECTION('',(-0.,-0.707106781187,-0.707106781187));
#2068 = DIRECTION('',(0.,-0.707106781187,0.707106781187));
#2069 = ADVANCED_FACE('',(#2070),#2081,.T.);
#2070 = FACE_BOUND('',#2071,.T.);
#2071 = EDGE_LOOP('',(#2072,#2078,#2079,#2080));
#2072 = ORIENTED_EDGE('',*,*,#2073,.T.);
#2073 = EDGE_CURVE('',#682,#1175,#2074,.T.);
#2074 = LINE('',#2075,#2076);
#2075 = CARTESIAN_POINT('',(1.5,-13.716,2.54));
#2076 = VECTOR('',#2077,1.);
#2077 = DIRECTION('',(1.,0.,0.));
#2078 = ORIENTED_EDGE('',*,*,#1182,.T.);
#2079 = ORIENTED_EDGE('',*,*,#2039,.F.);
#2080 = ORIENTED_EDGE('',*,*,#689,.F.);
#2081 = PLANE('',#2082);
#2082 = AXIS2_PLACEMENT_3D('',#2083,#2084,#2085);
#2083 = CARTESIAN_POINT('',(1.5,-13.716,2.54));
#2084 = DIRECTION('',(0.,0.,1.));
#2085 = DIRECTION('',(0.,1.,0.));
#2086 = ADVANCED_FACE('',(#2087),#2098,.T.);
#2087 = FACE_BOUND('',#2088,.T.);
#2088 = EDGE_LOOP('',(#2089,#2090,#2091,#2097));
#2089 = ORIENTED_EDGE('',*,*,#2058,.T.);
#2090 = ORIENTED_EDGE('',*,*,#1166,.T.);
#2091 = ORIENTED_EDGE('',*,*,#2092,.F.);
#2092 = EDGE_CURVE('',#674,#1167,#2093,.T.);
#2093 = LINE('',#2094,#2095);
#2094 = CARTESIAN_POINT('',(1.5,-13.97,2.286));
#2095 = VECTOR('',#2096,1.);
#2096 = DIRECTION('',(1.,0.,0.));
#2097 = ORIENTED_EDGE('',*,*,#673,.F.);
#2098 = PLANE('',#2099);
#2099 = AXIS2_PLACEMENT_3D('',#2100,#2101,#2102);
#2100 = CARTESIAN_POINT('',(1.5,-13.97,0.254));
#2101 = DIRECTION('',(0.,-1.,0.));
#2102 = DIRECTION('',(0.,0.,1.));
#2103 = ADVANCED_FACE('',(#2104),#2110,.T.);
#2104 = FACE_BOUND('',#2105,.T.);
#2105 = EDGE_LOOP('',(#2106,#2107,#2108,#2109));
#2106 = ORIENTED_EDGE('',*,*,#2092,.T.);
#2107 = ORIENTED_EDGE('',*,*,#1174,.T.);
#2108 = ORIENTED_EDGE('',*,*,#2073,.F.);
#2109 = ORIENTED_EDGE('',*,*,#681,.F.);
#2110 = PLANE('',#2111);
#2111 = AXIS2_PLACEMENT_3D('',#2112,#2113,#2114);
#2112 = CARTESIAN_POINT('',(1.5,-13.97,2.286));
#2113 = DIRECTION('',(0.,-0.707106781187,0.707106781187));
#2114 = DIRECTION('',(0.,0.707106781187,0.707106781187));
#2115 = ADVANCED_FACE('',(#2116),#2141,.T.);
#2116 = FACE_BOUND('',#2117,.T.);
#2117 = EDGE_LOOP('',(#2118,#2126,#2134,#2140));
#2118 = ORIENTED_EDGE('',*,*,#2119,.F.);
#2119 = EDGE_CURVE('',#2120,#829,#2122,.T.);
#2120 = VERTEX_POINT('',#2121);
#2121 = CARTESIAN_POINT('',(0.32,-4.76,1.59));
#2122 = LINE('',#2123,#2124);
#2123 = CARTESIAN_POINT('',(-0.32,-4.76,1.59));
#2124 = VECTOR('',#2125,1.);
#2125 = DIRECTION('',(1.,0.,2.143287692327E-17));
#2126 = ORIENTED_EDGE('',*,*,#2127,.T.);
#2127 = EDGE_CURVE('',#2120,#2128,#2130,.T.);
#2128 = VERTEX_POINT('',#2129);
#2129 = CARTESIAN_POINT('',(0.32,-5.4,1.59));
#2130 = LINE('',#2131,#2132);
#2131 = CARTESIAN_POINT('',(0.32,-4.76,1.59));
#2132 = VECTOR('',#2133,1.);
#2133 = DIRECTION('',(0.,-1.,0.));
#2134 = ORIENTED_EDGE('',*,*,#2135,.T.);
#2135 = EDGE_CURVE('',#2128,#827,#2136,.T.);
#2136 = LINE('',#2137,#2138);
#2137 = CARTESIAN_POINT('',(-0.32,-5.4,1.59));
#2138 = VECTOR('',#2139,1.);
#2139 = DIRECTION('',(1.,0.,2.143287692327E-17));
#2140 = ORIENTED_EDGE('',*,*,#826,.T.);
#2141 = PLANE('',#2142);
#2142 = AXIS2_PLACEMENT_3D('',#2143,#2144,#2145);
#2143 = CARTESIAN_POINT('',(-0.32,-4.76,1.59));
#2144 = DIRECTION('',(-2.143287692327E-17,0.,1.));
#2145 = DIRECTION('',(1.,0.,2.143287692327E-17));
#2146 = ADVANCED_FACE('',(#2147),#2190,.T.);
#2147 = FACE_BOUND('',#2148,.T.);
#2148 = EDGE_LOOP('',(#2149,#2158,#2159,#2160,#2168,#2176,#2184));
#2149 = ORIENTED_EDGE('',*,*,#2150,.T.);
#2150 = EDGE_CURVE('',#2151,#2120,#2153,.T.);
#2151 = VERTEX_POINT('',#2152);
#2152 = CARTESIAN_POINT('',(-0.32,-4.76,0.95));
#2153 = CIRCLE('',#2154,0.64);
#2154 = AXIS2_PLACEMENT_3D('',#2155,#2156,#2157);
#2155 = CARTESIAN_POINT('',(0.32,-4.76,0.95));
#2156 = DIRECTION('',(0.,1.,0.));
#2157 = DIRECTION('',(0.,0.,-1.));
#2158 = ORIENTED_EDGE('',*,*,#2119,.T.);
#2159 = ORIENTED_EDGE('',*,*,#852,.T.);
#2160 = ORIENTED_EDGE('',*,*,#2161,.T.);
#2161 = EDGE_CURVE('',#845,#2162,#2164,.T.);
#2162 = VERTEX_POINT('',#2163);
#2163 = CARTESIAN_POINT('',(0.32,-4.76,0.95));
#2164 = LINE('',#2165,#2166);
#2165 = CARTESIAN_POINT('',(10.04,-4.76,0.95));
#2166 = VECTOR('',#2167,1.);
#2167 = DIRECTION('',(-1.,0.,0.));
#2168 = ORIENTED_EDGE('',*,*,#2169,.T.);
#2169 = EDGE_CURVE('',#2162,#2170,#2172,.T.);
#2170 = VERTEX_POINT('',#2171);
#2171 = CARTESIAN_POINT('',(0.32,-4.76,-2.84));
#2172 = LINE('',#2173,#2174);
#2173 = CARTESIAN_POINT('',(0.32,-4.76,0.95));
#2174 = VECTOR('',#2175,1.);
#2175 = DIRECTION('',(0.,0.,-1.));
#2176 = ORIENTED_EDGE('',*,*,#2177,.T.);
#2177 = EDGE_CURVE('',#2170,#2178,#2180,.T.);
#2178 = VERTEX_POINT('',#2179);
#2179 = CARTESIAN_POINT('',(-0.32,-4.76,-2.84));
#2180 = LINE('',#2181,#2182);
#2181 = CARTESIAN_POINT('',(0.32,-4.76,-2.84));
#2182 = VECTOR('',#2183,1.);
#2183 = DIRECTION('',(-1.,0.,0.));
#2184 = ORIENTED_EDGE('',*,*,#2185,.T.);
#2185 = EDGE_CURVE('',#2178,#2151,#2186,.T.);
#2186 = LINE('',#2187,#2188);
#2187 = CARTESIAN_POINT('',(-0.32,-4.76,-3.));
#2188 = VECTOR('',#2189,1.);
#2189 = DIRECTION('',(0.,0.,1.));
#2190 = PLANE('',#2191);
#2191 = AXIS2_PLACEMENT_3D('',#2192,#2193,#2194);
#2192 = CARTESIAN_POINT('',(3.575919732441,-4.76,0.579080267559));
#2193 = DIRECTION('',(1.030170245606E-33,1.,6.630961875715E-34));
#2194 = DIRECTION('',(1.,-1.030170245606E-33,-3.284969231842E-83));
#2195 = ADVANCED_FACE('',(#2196),#2214,.T.);
#2196 = FACE_BOUND('',#2197,.T.);
#2197 = EDGE_LOOP('',(#2198,#2199,#2200,#2208));
#2198 = ORIENTED_EDGE('',*,*,#2161,.F.);
#2199 = ORIENTED_EDGE('',*,*,#844,.T.);
#2200 = ORIENTED_EDGE('',*,*,#2201,.T.);
#2201 = EDGE_CURVE('',#837,#2202,#2204,.T.);
#2202 = VERTEX_POINT('',#2203);
#2203 = CARTESIAN_POINT('',(0.32,-5.4,0.95));
#2204 = LINE('',#2205,#2206);
#2205 = CARTESIAN_POINT('',(10.04,-5.4,0.95));
#2206 = VECTOR('',#2207,1.);
#2207 = DIRECTION('',(-1.,0.,0.));
#2208 = ORIENTED_EDGE('',*,*,#2209,.F.);
#2209 = EDGE_CURVE('',#2162,#2202,#2210,.T.);
#2210 = LINE('',#2211,#2212);
#2211 = CARTESIAN_POINT('',(0.32,-4.76,0.95));
#2212 = VECTOR('',#2213,1.);
#2213 = DIRECTION('',(0.,-1.,0.));
#2214 = PLANE('',#2215);
#2215 = AXIS2_PLACEMENT_3D('',#2216,#2217,#2218);
#2216 = CARTESIAN_POINT('',(10.04,-4.76,0.95));
#2217 = DIRECTION('',(-0.,-0.,-1.));
#2218 = DIRECTION('',(-1.,0.,0.));
#2219 = ADVANCED_FACE('',(#2220),#2256,.F.);
#2220 = FACE_BOUND('',#2221,.F.);
#2221 = EDGE_LOOP('',(#2222,#2231,#2232,#2233,#2234,#2242,#2250));
#2222 = ORIENTED_EDGE('',*,*,#2223,.T.);
#2223 = EDGE_CURVE('',#2224,#2128,#2226,.T.);
#2224 = VERTEX_POINT('',#2225);
#2225 = CARTESIAN_POINT('',(-0.32,-5.4,0.95));
#2226 = CIRCLE('',#2227,0.64);
#2227 = AXIS2_PLACEMENT_3D('',#2228,#2229,#2230);
#2228 = CARTESIAN_POINT('',(0.32,-5.4,0.95));
#2229 = DIRECTION('',(0.,1.,0.));
#2230 = DIRECTION('',(0.,0.,-1.));
#2231 = ORIENTED_EDGE('',*,*,#2135,.T.);
#2232 = ORIENTED_EDGE('',*,*,#836,.T.);
#2233 = ORIENTED_EDGE('',*,*,#2201,.T.);
#2234 = ORIENTED_EDGE('',*,*,#2235,.T.);
#2235 = EDGE_CURVE('',#2202,#2236,#2238,.T.);
#2236 = VERTEX_POINT('',#2237);
#2237 = CARTESIAN_POINT('',(0.32,-5.4,-2.84));
#2238 = LINE('',#2239,#2240);
#2239 = CARTESIAN_POINT('',(0.32,-5.4,0.95));
#2240 = VECTOR('',#2241,1.);
#2241 = DIRECTION('',(0.,0.,-1.));
#2242 = ORIENTED_EDGE('',*,*,#2243,.T.);
#2243 = EDGE_CURVE('',#2236,#2244,#2246,.T.);
#2244 = VERTEX_POINT('',#2245);
#2245 = CARTESIAN_POINT('',(-0.32,-5.4,-2.84));
#2246 = LINE('',#2247,#2248);
#2247 = CARTESIAN_POINT('',(0.32,-5.4,-2.84));
#2248 = VECTOR('',#2249,1.);
#2249 = DIRECTION('',(-1.,0.,0.));
#2250 = ORIENTED_EDGE('',*,*,#2251,.T.);
#2251 = EDGE_CURVE('',#2244,#2224,#2252,.T.);
#2252 = LINE('',#2253,#2254);
#2253 = CARTESIAN_POINT('',(-0.32,-5.4,-3.));
#2254 = VECTOR('',#2255,1.);
#2255 = DIRECTION('',(0.,0.,1.));
#2256 = PLANE('',#2257);
#2257 = AXIS2_PLACEMENT_3D('',#2258,#2259,#2260);
#2258 = CARTESIAN_POINT('',(3.575919732441,-5.4,0.579080267559));
#2259 = DIRECTION('',(1.030170245606E-33,1.,6.630961875715E-34));
#2260 = DIRECTION('',(1.,-1.030170245606E-33,-3.284969231842E-83));
#2261 = ADVANCED_FACE('',(#2262),#2287,.T.);
#2262 = FACE_BOUND('',#2263,.T.);
#2263 = EDGE_LOOP('',(#2264,#2272,#2280,#2286));
#2264 = ORIENTED_EDGE('',*,*,#2265,.F.);
#2265 = EDGE_CURVE('',#2266,#863,#2268,.T.);
#2266 = VERTEX_POINT('',#2267);
#2267 = CARTESIAN_POINT('',(0.32,-7.3,1.59));
#2268 = LINE('',#2269,#2270);
#2269 = CARTESIAN_POINT('',(-0.32,-7.3,1.59));
#2270 = VECTOR('',#2271,1.);
#2271 = DIRECTION('',(1.,0.,2.143287692327E-17));
#2272 = ORIENTED_EDGE('',*,*,#2273,.T.);
#2273 = EDGE_CURVE('',#2266,#2274,#2276,.T.);
#2274 = VERTEX_POINT('',#2275);
#2275 = CARTESIAN_POINT('',(0.32,-7.94,1.59));
#2276 = LINE('',#2277,#2278);
#2277 = CARTESIAN_POINT('',(0.32,-7.3,1.59));
#2278 = VECTOR('',#2279,1.);
#2279 = DIRECTION('',(0.,-1.,0.));
#2280 = ORIENTED_EDGE('',*,*,#2281,.T.);
#2281 = EDGE_CURVE('',#2274,#861,#2282,.T.);
#2282 = LINE('',#2283,#2284);
#2283 = CARTESIAN_POINT('',(-0.32,-7.94,1.59));
#2284 = VECTOR('',#2285,1.);
#2285 = DIRECTION('',(1.,0.,2.143287692327E-17));
#2286 = ORIENTED_EDGE('',*,*,#860,.T.);
#2287 = PLANE('',#2288);
#2288 = AXIS2_PLACEMENT_3D('',#2289,#2290,#2291);
#2289 = CARTESIAN_POINT('',(-0.32,-7.3,1.59));
#2290 = DIRECTION('',(-2.143287692327E-17,0.,1.));
#2291 = DIRECTION('',(1.,0.,2.143287692327E-17));
#2292 = ADVANCED_FACE('',(#2293),#2336,.T.);
#2293 = FACE_BOUND('',#2294,.T.);
#2294 = EDGE_LOOP('',(#2295,#2304,#2305,#2306,#2314,#2322,#2330));
#2295 = ORIENTED_EDGE('',*,*,#2296,.T.);
#2296 = EDGE_CURVE('',#2297,#2266,#2299,.T.);
#2297 = VERTEX_POINT('',#2298);
#2298 = CARTESIAN_POINT('',(-0.32,-7.3,0.95));
#2299 = CIRCLE('',#2300,0.64);
#2300 = AXIS2_PLACEMENT_3D('',#2301,#2302,#2303);
#2301 = CARTESIAN_POINT('',(0.32,-7.3,0.95));
#2302 = DIRECTION('',(0.,1.,0.));
#2303 = DIRECTION('',(0.,0.,-1.));
#2304 = ORIENTED_EDGE('',*,*,#2265,.T.);
#2305 = ORIENTED_EDGE('',*,*,#886,.T.);
#2306 = ORIENTED_EDGE('',*,*,#2307,.T.);
#2307 = EDGE_CURVE('',#879,#2308,#2310,.T.);
#2308 = VERTEX_POINT('',#2309);
#2309 = CARTESIAN_POINT('',(0.32,-7.3,0.95));
#2310 = LINE('',#2311,#2312);
#2311 = CARTESIAN_POINT('',(10.04,-7.3,0.95));
#2312 = VECTOR('',#2313,1.);
#2313 = DIRECTION('',(-1.,0.,0.));
#2314 = ORIENTED_EDGE('',*,*,#2315,.T.);
#2315 = EDGE_CURVE('',#2308,#2316,#2318,.T.);
#2316 = VERTEX_POINT('',#2317);
#2317 = CARTESIAN_POINT('',(0.32,-7.3,-2.84));
#2318 = LINE('',#2319,#2320);
#2319 = CARTESIAN_POINT('',(0.32,-7.3,0.95));
#2320 = VECTOR('',#2321,1.);
#2321 = DIRECTION('',(0.,0.,-1.));
#2322 = ORIENTED_EDGE('',*,*,#2323,.T.);
#2323 = EDGE_CURVE('',#2316,#2324,#2326,.T.);
#2324 = VERTEX_POINT('',#2325);
#2325 = CARTESIAN_POINT('',(-0.32,-7.3,-2.84));
#2326 = LINE('',#2327,#2328);
#2327 = CARTESIAN_POINT('',(0.32,-7.3,-2.84));
#2328 = VECTOR('',#2329,1.);
#2329 = DIRECTION('',(-1.,0.,0.));
#2330 = ORIENTED_EDGE('',*,*,#2331,.T.);
#2331 = EDGE_CURVE('',#2324,#2297,#2332,.T.);
#2332 = LINE('',#2333,#2334);
#2333 = CARTESIAN_POINT('',(-0.32,-7.3,-3.));
#2334 = VECTOR('',#2335,1.);
#2335 = DIRECTION('',(0.,0.,1.));
#2336 = PLANE('',#2337);
#2337 = AXIS2_PLACEMENT_3D('',#2338,#2339,#2340);
#2338 = CARTESIAN_POINT('',(3.575919732441,-7.3,0.579080267559));
#2339 = DIRECTION('',(1.030170245606E-33,1.,6.630961875715E-34));
#2340 = DIRECTION('',(1.,-1.030170245606E-33,-3.284969231842E-83));
#2341 = ADVANCED_FACE('',(#2342),#2360,.T.);
#2342 = FACE_BOUND('',#2343,.T.);
#2343 = EDGE_LOOP('',(#2344,#2345,#2346,#2354));
#2344 = ORIENTED_EDGE('',*,*,#2307,.F.);
#2345 = ORIENTED_EDGE('',*,*,#878,.T.);
#2346 = ORIENTED_EDGE('',*,*,#2347,.T.);
#2347 = EDGE_CURVE('',#871,#2348,#2350,.T.);
#2348 = VERTEX_POINT('',#2349);
#2349 = CARTESIAN_POINT('',(0.32,-7.94,0.95));
#2350 = LINE('',#2351,#2352);
#2351 = CARTESIAN_POINT('',(10.04,-7.94,0.95));
#2352 = VECTOR('',#2353,1.);
#2353 = DIRECTION('',(-1.,0.,0.));
#2354 = ORIENTED_EDGE('',*,*,#2355,.F.);
#2355 = EDGE_CURVE('',#2308,#2348,#2356,.T.);
#2356 = LINE('',#2357,#2358);
#2357 = CARTESIAN_POINT('',(0.32,-7.3,0.95));
#2358 = VECTOR('',#2359,1.);
#2359 = DIRECTION('',(0.,-1.,0.));
#2360 = PLANE('',#2361);
#2361 = AXIS2_PLACEMENT_3D('',#2362,#2363,#2364);
#2362 = CARTESIAN_POINT('',(10.04,-7.3,0.95));
#2363 = DIRECTION('',(-0.,-0.,-1.));
#2364 = DIRECTION('',(-1.,0.,0.));
#2365 = ADVANCED_FACE('',(#2366),#2402,.F.);
#2366 = FACE_BOUND('',#2367,.F.);
#2367 = EDGE_LOOP('',(#2368,#2377,#2378,#2379,#2380,#2388,#2396));
#2368 = ORIENTED_EDGE('',*,*,#2369,.T.);
#2369 = EDGE_CURVE('',#2370,#2274,#2372,.T.);
#2370 = VERTEX_POINT('',#2371);
#2371 = CARTESIAN_POINT('',(-0.32,-7.94,0.95));
#2372 = CIRCLE('',#2373,0.64);
#2373 = AXIS2_PLACEMENT_3D('',#2374,#2375,#2376);
#2374 = CARTESIAN_POINT('',(0.32,-7.94,0.95));
#2375 = DIRECTION('',(0.,1.,0.));
#2376 = DIRECTION('',(0.,0.,-1.));
#2377 = ORIENTED_EDGE('',*,*,#2281,.T.);
#2378 = ORIENTED_EDGE('',*,*,#870,.T.);
#2379 = ORIENTED_EDGE('',*,*,#2347,.T.);
#2380 = ORIENTED_EDGE('',*,*,#2381,.T.);
#2381 = EDGE_CURVE('',#2348,#2382,#2384,.T.);
#2382 = VERTEX_POINT('',#2383);
#2383 = CARTESIAN_POINT('',(0.32,-7.94,-2.84));
#2384 = LINE('',#2385,#2386);
#2385 = CARTESIAN_POINT('',(0.32,-7.94,0.95));
#2386 = VECTOR('',#2387,1.);
#2387 = DIRECTION('',(0.,0.,-1.));
#2388 = ORIENTED_EDGE('',*,*,#2389,.T.);
#2389 = EDGE_CURVE('',#2382,#2390,#2392,.T.);
#2390 = VERTEX_POINT('',#2391);
#2391 = CARTESIAN_POINT('',(-0.32,-7.94,-2.84));
#2392 = LINE('',#2393,#2394);
#2393 = CARTESIAN_POINT('',(0.32,-7.94,-2.84));
#2394 = VECTOR('',#2395,1.);
#2395 = DIRECTION('',(-1.,0.,0.));
#2396 = ORIENTED_EDGE('',*,*,#2397,.T.);
#2397 = EDGE_CURVE('',#2390,#2370,#2398,.T.);
#2398 = LINE('',#2399,#2400);
#2399 = CARTESIAN_POINT('',(-0.32,-7.94,-3.));
#2400 = VECTOR('',#2401,1.);
#2401 = DIRECTION('',(0.,0.,1.));
#2402 = PLANE('',#2403);
#2403 = AXIS2_PLACEMENT_3D('',#2404,#2405,#2406);
#2404 = CARTESIAN_POINT('',(3.575919732441,-7.94,0.579080267559));
#2405 = DIRECTION('',(1.030170245606E-33,1.,6.630961875715E-34));
#2406 = DIRECTION('',(1.,-1.030170245606E-33,-3.284969231842E-83));
#2407 = ADVANCED_FACE('',(#2408),#2458,.T.);
#2408 = FACE_BOUND('',#2409,.T.);
#2409 = EDGE_LOOP('',(#2410,#2421,#2427,#2428,#2436,#2444,#2452));
#2410 = ORIENTED_EDGE('',*,*,#2411,.T.);
#2411 = EDGE_CURVE('',#2412,#2414,#2416,.T.);
#2412 = VERTEX_POINT('',#2413);
#2413 = CARTESIAN_POINT('',(-0.32,-12.38,0.95));
#2414 = VERTEX_POINT('',#2415);
#2415 = CARTESIAN_POINT('',(0.32,-12.38,1.59));
#2416 = CIRCLE('',#2417,0.64);
#2417 = AXIS2_PLACEMENT_3D('',#2418,#2419,#2420);
#2418 = CARTESIAN_POINT('',(0.32,-12.38,0.95));
#2419 = DIRECTION('',(0.,1.,0.));
#2420 = DIRECTION('',(0.,0.,-1.));
#2421 = ORIENTED_EDGE('',*,*,#2422,.T.);
#2422 = EDGE_CURVE('',#2414,#895,#2423,.T.);
#2423 = LINE('',#2424,#2425);
#2424 = CARTESIAN_POINT('',(-0.32,-12.38,1.59));
#2425 = VECTOR('',#2426,1.);
#2426 = DIRECTION('',(1.,0.,2.143287692327E-17));
#2427 = ORIENTED_EDGE('',*,*,#894,.T.);
#2428 = ORIENTED_EDGE('',*,*,#2429,.T.);
#2429 = EDGE_CURVE('',#897,#2430,#2432,.T.);
#2430 = VERTEX_POINT('',#2431);
#2431 = CARTESIAN_POINT('',(0.32,-12.38,0.95));
#2432 = LINE('',#2433,#2434);
#2433 = CARTESIAN_POINT('',(10.04,-12.38,0.95));
#2434 = VECTOR('',#2435,1.);
#2435 = DIRECTION('',(-1.,0.,0.));
#2436 = ORIENTED_EDGE('',*,*,#2437,.T.);
#2437 = EDGE_CURVE('',#2430,#2438,#2440,.T.);
#2438 = VERTEX_POINT('',#2439);
#2439 = CARTESIAN_POINT('',(0.32,-12.38,-2.84));
#2440 = LINE('',#2441,#2442);
#2441 = CARTESIAN_POINT('',(0.32,-12.38,0.95));
#2442 = VECTOR('',#2443,1.);
#2443 = DIRECTION('',(0.,0.,-1.));
#2444 = ORIENTED_EDGE('',*,*,#2445,.T.);
#2445 = EDGE_CURVE('',#2438,#2446,#2448,.T.);
#2446 = VERTEX_POINT('',#2447);
#2447 = CARTESIAN_POINT('',(-0.32,-12.38,-2.84));
#2448 = LINE('',#2449,#2450);
#2449 = CARTESIAN_POINT('',(0.32,-12.38,-2.84));
#2450 = VECTOR('',#2451,1.);
#2451 = DIRECTION('',(-1.,0.,0.));
#2452 = ORIENTED_EDGE('',*,*,#2453,.T.);
#2453 = EDGE_CURVE('',#2446,#2412,#2454,.T.);
#2454 = LINE('',#2455,#2456);
#2455 = CARTESIAN_POINT('',(-0.32,-12.38,-3.));
#2456 = VECTOR('',#2457,1.);
#2457 = DIRECTION('',(0.,0.,1.));
#2458 = PLANE('',#2459);
#2459 = AXIS2_PLACEMENT_3D('',#2460,#2461,#2462);
#2460 = CARTESIAN_POINT('',(3.575919732441,-12.38,0.579080267559));
#2461 = DIRECTION('',(1.030170245606E-33,1.,6.630961875715E-34));
#2462 = DIRECTION('',(1.,-1.030170245606E-33,-3.284969231842E-83));
#2463 = ADVANCED_FACE('',(#2464),#2482,.T.);
#2464 = FACE_BOUND('',#2465,.T.);
#2465 = EDGE_LOOP('',(#2466,#2467,#2468,#2476));
#2466 = ORIENTED_EDGE('',*,*,#2429,.F.);
#2467 = ORIENTED_EDGE('',*,*,#920,.T.);
#2468 = ORIENTED_EDGE('',*,*,#2469,.T.);
#2469 = EDGE_CURVE('',#913,#2470,#2472,.T.);
#2470 = VERTEX_POINT('',#2471);
#2471 = CARTESIAN_POINT('',(0.32,-13.02,0.95));
#2472 = LINE('',#2473,#2474);
#2473 = CARTESIAN_POINT('',(10.04,-13.02,0.95));
#2474 = VECTOR('',#2475,1.);
#2475 = DIRECTION('',(-1.,0.,0.));
#2476 = ORIENTED_EDGE('',*,*,#2477,.F.);
#2477 = EDGE_CURVE('',#2430,#2470,#2478,.T.);
#2478 = LINE('',#2479,#2480);
#2479 = CARTESIAN_POINT('',(0.32,-12.38,0.95));
#2480 = VECTOR('',#2481,1.);
#2481 = DIRECTION('',(0.,-1.,0.));
#2482 = PLANE('',#2483);
#2483 = AXIS2_PLACEMENT_3D('',#2484,#2485,#2486);
#2484 = CARTESIAN_POINT('',(10.04,-12.38,0.95));
#2485 = DIRECTION('',(-0.,-0.,-1.));
#2486 = DIRECTION('',(-1.,0.,0.));
#2487 = ADVANCED_FACE('',(#2488),#2531,.F.);
#2488 = FACE_BOUND('',#2489,.F.);
#2489 = EDGE_LOOP('',(#2490,#2501,#2507,#2508,#2509,#2517,#2525));
#2490 = ORIENTED_EDGE('',*,*,#2491,.T.);
#2491 = EDGE_CURVE('',#2492,#2494,#2496,.T.);
#2492 = VERTEX_POINT('',#2493);
#2493 = CARTESIAN_POINT('',(-0.32,-13.02,0.95));
#2494 = VERTEX_POINT('',#2495);
#2495 = CARTESIAN_POINT('',(0.32,-13.02,1.59));
#2496 = CIRCLE('',#2497,0.64);
#2497 = AXIS2_PLACEMENT_3D('',#2498,#2499,#2500);
#2498 = CARTESIAN_POINT('',(0.32,-13.02,0.95));
#2499 = DIRECTION('',(0.,1.,0.));
#2500 = DIRECTION('',(0.,0.,-1.));
#2501 = ORIENTED_EDGE('',*,*,#2502,.T.);
#2502 = EDGE_CURVE('',#2494,#905,#2503,.T.);
#2503 = LINE('',#2504,#2505);
#2504 = CARTESIAN_POINT('',(-0.32,-13.02,1.59));
#2505 = VECTOR('',#2506,1.);
#2506 = DIRECTION('',(1.,0.,2.143287692327E-17));
#2507 = ORIENTED_EDGE('',*,*,#912,.T.);
#2508 = ORIENTED_EDGE('',*,*,#2469,.T.);
#2509 = ORIENTED_EDGE('',*,*,#2510,.T.);
#2510 = EDGE_CURVE('',#2470,#2511,#2513,.T.);
#2511 = VERTEX_POINT('',#2512);
#2512 = CARTESIAN_POINT('',(0.32,-13.02,-2.84));
#2513 = LINE('',#2514,#2515);
#2514 = CARTESIAN_POINT('',(0.32,-13.02,0.95));
#2515 = VECTOR('',#2516,1.);
#2516 = DIRECTION('',(0.,0.,-1.));
#2517 = ORIENTED_EDGE('',*,*,#2518,.T.);
#2518 = EDGE_CURVE('',#2511,#2519,#2521,.T.);
#2519 = VERTEX_POINT('',#2520);
#2520 = CARTESIAN_POINT('',(-0.32,-13.02,-2.84));
#2521 = LINE('',#2522,#2523);
#2522 = CARTESIAN_POINT('',(0.32,-13.02,-2.84));
#2523 = VECTOR('',#2524,1.);
#2524 = DIRECTION('',(-1.,0.,0.));
#2525 = ORIENTED_EDGE('',*,*,#2526,.T.);
#2526 = EDGE_CURVE('',#2519,#2492,#2527,.T.);
#2527 = LINE('',#2528,#2529);
#2528 = CARTESIAN_POINT('',(-0.32,-13.02,-3.));
#2529 = VECTOR('',#2530,1.);
#2530 = DIRECTION('',(0.,0.,1.));
#2531 = PLANE('',#2532);
#2532 = AXIS2_PLACEMENT_3D('',#2533,#2534,#2535);
#2533 = CARTESIAN_POINT('',(3.575919732441,-13.02,0.579080267559));
#2534 = DIRECTION('',(1.030170245606E-33,1.,6.630961875715E-34));
#2535 = DIRECTION('',(1.,-1.030170245606E-33,-3.284969231842E-83));
#2536 = ADVANCED_FACE('',(#2537),#2548,.T.);
#2537 = FACE_BOUND('',#2538,.T.);
#2538 = EDGE_LOOP('',(#2539,#2540,#2546,#2547));
#2539 = ORIENTED_EDGE('',*,*,#2422,.F.);
#2540 = ORIENTED_EDGE('',*,*,#2541,.T.);
#2541 = EDGE_CURVE('',#2414,#2494,#2542,.T.);
#2542 = LINE('',#2543,#2544);
#2543 = CARTESIAN_POINT('',(0.32,-12.38,1.59));
#2544 = VECTOR('',#2545,1.);
#2545 = DIRECTION('',(0.,-1.,0.));
#2546 = ORIENTED_EDGE('',*,*,#2502,.T.);
#2547 = ORIENTED_EDGE('',*,*,#904,.T.);
#2548 = PLANE('',#2549);
#2549 = AXIS2_PLACEMENT_3D('',#2550,#2551,#2552);
#2550 = CARTESIAN_POINT('',(-0.32,-12.38,1.59));
#2551 = DIRECTION('',(-2.143287692327E-17,0.,1.));
#2552 = DIRECTION('',(1.,0.,2.143287692327E-17));
#2553 = ADVANCED_FACE('',(#2554),#2579,.T.);
#2554 = FACE_BOUND('',#2555,.T.);
#2555 = EDGE_LOOP('',(#2556,#2564,#2572,#2578));
#2556 = ORIENTED_EDGE('',*,*,#2557,.F.);
#2557 = EDGE_CURVE('',#2558,#931,#2560,.T.);
#2558 = VERTEX_POINT('',#2559);
#2559 = CARTESIAN_POINT('',(0.32,-9.84,1.59));
#2560 = LINE('',#2561,#2562);
#2561 = CARTESIAN_POINT('',(-0.32,-9.84,1.59));
#2562 = VECTOR('',#2563,1.);
#2563 = DIRECTION('',(1.,0.,2.143287692327E-17));
#2564 = ORIENTED_EDGE('',*,*,#2565,.T.);
#2565 = EDGE_CURVE('',#2558,#2566,#2568,.T.);
#2566 = VERTEX_POINT('',#2567);
#2567 = CARTESIAN_POINT('',(0.32,-10.48,1.59));
#2568 = LINE('',#2569,#2570);
#2569 = CARTESIAN_POINT('',(0.32,-9.84,1.59));
#2570 = VECTOR('',#2571,1.);
#2571 = DIRECTION('',(0.,-1.,0.));
#2572 = ORIENTED_EDGE('',*,*,#2573,.T.);
#2573 = EDGE_CURVE('',#2566,#929,#2574,.T.);
#2574 = LINE('',#2575,#2576);
#2575 = CARTESIAN_POINT('',(-0.32,-10.48,1.59));
#2576 = VECTOR('',#2577,1.);
#2577 = DIRECTION('',(1.,0.,2.143287692327E-17));
#2578 = ORIENTED_EDGE('',*,*,#928,.T.);
#2579 = PLANE('',#2580);
#2580 = AXIS2_PLACEMENT_3D('',#2581,#2582,#2583);
#2581 = CARTESIAN_POINT('',(-0.32,-9.84,1.59));
#2582 = DIRECTION('',(-2.143287692327E-17,0.,1.));
#2583 = DIRECTION('',(1.,0.,2.143287692327E-17));
#2584 = ADVANCED_FACE('',(#2585),#2628,.T.);
#2585 = FACE_BOUND('',#2586,.T.);
#2586 = EDGE_LOOP('',(#2587,#2596,#2597,#2598,#2606,#2614,#2622));
#2587 = ORIENTED_EDGE('',*,*,#2588,.T.);
#2588 = EDGE_CURVE('',#2589,#2558,#2591,.T.);
#2589 = VERTEX_POINT('',#2590);
#2590 = CARTESIAN_POINT('',(-0.32,-9.84,0.95));
#2591 = CIRCLE('',#2592,0.64);
#2592 = AXIS2_PLACEMENT_3D('',#2593,#2594,#2595);
#2593 = CARTESIAN_POINT('',(0.32,-9.84,0.95));
#2594 = DIRECTION('',(0.,1.,0.));
#2595 = DIRECTION('',(0.,0.,-1.));
#2596 = ORIENTED_EDGE('',*,*,#2557,.T.);
#2597 = ORIENTED_EDGE('',*,*,#954,.T.);
#2598 = ORIENTED_EDGE('',*,*,#2599,.T.);
#2599 = EDGE_CURVE('',#947,#2600,#2602,.T.);
#2600 = VERTEX_POINT('',#2601);
#2601 = CARTESIAN_POINT('',(0.32,-9.84,0.95));
#2602 = LINE('',#2603,#2604);
#2603 = CARTESIAN_POINT('',(10.04,-9.84,0.95));
#2604 = VECTOR('',#2605,1.);
#2605 = DIRECTION('',(-1.,0.,0.));
#2606 = ORIENTED_EDGE('',*,*,#2607,.T.);
#2607 = EDGE_CURVE('',#2600,#2608,#2610,.T.);
#2608 = VERTEX_POINT('',#2609);
#2609 = CARTESIAN_POINT('',(0.32,-9.84,-2.84));
#2610 = LINE('',#2611,#2612);
#2611 = CARTESIAN_POINT('',(0.32,-9.84,0.95));
#2612 = VECTOR('',#2613,1.);
#2613 = DIRECTION('',(0.,0.,-1.));
#2614 = ORIENTED_EDGE('',*,*,#2615,.T.);
#2615 = EDGE_CURVE('',#2608,#2616,#2618,.T.);
#2616 = VERTEX_POINT('',#2617);
#2617 = CARTESIAN_POINT('',(-0.32,-9.84,-2.84));
#2618 = LINE('',#2619,#2620);
#2619 = CARTESIAN_POINT('',(0.32,-9.84,-2.84));
#2620 = VECTOR('',#2621,1.);
#2621 = DIRECTION('',(-1.,0.,0.));
#2622 = ORIENTED_EDGE('',*,*,#2623,.T.);
#2623 = EDGE_CURVE('',#2616,#2589,#2624,.T.);
#2624 = LINE('',#2625,#2626);
#2625 = CARTESIAN_POINT('',(-0.32,-9.84,-3.));
#2626 = VECTOR('',#2627,1.);
#2627 = DIRECTION('',(0.,0.,1.));
#2628 = PLANE('',#2629);
#2629 = AXIS2_PLACEMENT_3D('',#2630,#2631,#2632);
#2630 = CARTESIAN_POINT('',(3.575919732441,-9.84,0.579080267559));
#2631 = DIRECTION('',(1.030170245606E-33,1.,6.630961875715E-34));
#2632 = DIRECTION('',(1.,-1.030170245606E-33,-3.284969231842E-83));
#2633 = ADVANCED_FACE('',(#2634),#2652,.T.);
#2634 = FACE_BOUND('',#2635,.T.);
#2635 = EDGE_LOOP('',(#2636,#2637,#2638,#2646));
#2636 = ORIENTED_EDGE('',*,*,#2599,.F.);
#2637 = ORIENTED_EDGE('',*,*,#946,.T.);
#2638 = ORIENTED_EDGE('',*,*,#2639,.T.);
#2639 = EDGE_CURVE('',#939,#2640,#2642,.T.);
#2640 = VERTEX_POINT('',#2641);
#2641 = CARTESIAN_POINT('',(0.32,-10.48,0.95));
#2642 = LINE('',#2643,#2644);
#2643 = CARTESIAN_POINT('',(10.04,-10.48,0.95));
#2644 = VECTOR('',#2645,1.);
#2645 = DIRECTION('',(-1.,0.,0.));
#2646 = ORIENTED_EDGE('',*,*,#2647,.F.);
#2647 = EDGE_CURVE('',#2600,#2640,#2648,.T.);
#2648 = LINE('',#2649,#2650);
#2649 = CARTESIAN_POINT('',(0.32,-9.84,0.95));
#2650 = VECTOR('',#2651,1.);
#2651 = DIRECTION('',(0.,-1.,0.));
#2652 = PLANE('',#2653);
#2653 = AXIS2_PLACEMENT_3D('',#2654,#2655,#2656);
#2654 = CARTESIAN_POINT('',(10.04,-9.84,0.95));
#2655 = DIRECTION('',(-0.,-0.,-1.));
#2656 = DIRECTION('',(-1.,0.,0.));
#2657 = ADVANCED_FACE('',(#2658),#2694,.F.);
#2658 = FACE_BOUND('',#2659,.F.);
#2659 = EDGE_LOOP('',(#2660,#2669,#2670,#2671,#2672,#2680,#2688));
#2660 = ORIENTED_EDGE('',*,*,#2661,.T.);
#2661 = EDGE_CURVE('',#2662,#2566,#2664,.T.);
#2662 = VERTEX_POINT('',#2663);
#2663 = CARTESIAN_POINT('',(-0.32,-10.48,0.95));
#2664 = CIRCLE('',#2665,0.64);
#2665 = AXIS2_PLACEMENT_3D('',#2666,#2667,#2668);
#2666 = CARTESIAN_POINT('',(0.32,-10.48,0.95));
#2667 = DIRECTION('',(0.,1.,0.));
#2668 = DIRECTION('',(0.,0.,-1.));
#2669 = ORIENTED_EDGE('',*,*,#2573,.T.);
#2670 = ORIENTED_EDGE('',*,*,#938,.T.);
#2671 = ORIENTED_EDGE('',*,*,#2639,.T.);
#2672 = ORIENTED_EDGE('',*,*,#2673,.T.);
#2673 = EDGE_CURVE('',#2640,#2674,#2676,.T.);
#2674 = VERTEX_POINT('',#2675);
#2675 = CARTESIAN_POINT('',(0.32,-10.48,-2.84));
#2676 = LINE('',#2677,#2678);
#2677 = CARTESIAN_POINT('',(0.32,-10.48,0.95));
#2678 = VECTOR('',#2679,1.);
#2679 = DIRECTION('',(0.,0.,-1.));
#2680 = ORIENTED_EDGE('',*,*,#2681,.T.);
#2681 = EDGE_CURVE('',#2674,#2682,#2684,.T.);
#2682 = VERTEX_POINT('',#2683);
#2683 = CARTESIAN_POINT('',(-0.32,-10.48,-2.84));
#2684 = LINE('',#2685,#2686);
#2685 = CARTESIAN_POINT('',(0.32,-10.48,-2.84));
#2686 = VECTOR('',#2687,1.);
#2687 = DIRECTION('',(-1.,0.,0.));
#2688 = ORIENTED_EDGE('',*,*,#2689,.T.);
#2689 = EDGE_CURVE('',#2682,#2662,#2690,.T.);
#2690 = LINE('',#2691,#2692);
#2691 = CARTESIAN_POINT('',(-0.32,-10.48,-3.));
#2692 = VECTOR('',#2693,1.);
#2693 = DIRECTION('',(0.,0.,1.));
#2694 = PLANE('',#2695);
#2695 = AXIS2_PLACEMENT_3D('',#2696,#2697,#2698);
#2696 = CARTESIAN_POINT('',(3.575919732441,-10.48,0.579080267559));
#2697 = DIRECTION('',(1.030170245606E-33,1.,6.630961875715E-34));
#2698 = DIRECTION('',(1.,-1.030170245606E-33,-3.284969231842E-83));
#2699 = ADVANCED_FACE('',(#2700),#2725,.T.);
#2700 = FACE_BOUND('',#2701,.T.);
#2701 = EDGE_LOOP('',(#2702,#2710,#2718,#2724));
#2702 = ORIENTED_EDGE('',*,*,#2703,.F.);
#2703 = EDGE_CURVE('',#2704,#965,#2706,.T.);
#2704 = VERTEX_POINT('',#2705);
#2705 = CARTESIAN_POINT('',(0.32,-2.22,1.59));
#2706 = LINE('',#2707,#2708);
#2707 = CARTESIAN_POINT('',(-0.32,-2.22,1.59));
#2708 = VECTOR('',#2709,1.);
#2709 = DIRECTION('',(1.,0.,2.143287692327E-17));
#2710 = ORIENTED_EDGE('',*,*,#2711,.T.);
#2711 = EDGE_CURVE('',#2704,#2712,#2714,.T.);
#2712 = VERTEX_POINT('',#2713);
#2713 = CARTESIAN_POINT('',(0.32,-2.86,1.59));
#2714 = LINE('',#2715,#2716);
#2715 = CARTESIAN_POINT('',(0.32,-2.22,1.59));
#2716 = VECTOR('',#2717,1.);
#2717 = DIRECTION('',(0.,-1.,0.));
#2718 = ORIENTED_EDGE('',*,*,#2719,.T.);
#2719 = EDGE_CURVE('',#2712,#963,#2720,.T.);
#2720 = LINE('',#2721,#2722);
#2721 = CARTESIAN_POINT('',(-0.32,-2.86,1.59));
#2722 = VECTOR('',#2723,1.);
#2723 = DIRECTION('',(1.,0.,2.143287692327E-17));
#2724 = ORIENTED_EDGE('',*,*,#962,.T.);
#2725 = PLANE('',#2726);
#2726 = AXIS2_PLACEMENT_3D('',#2727,#2728,#2729);
#2727 = CARTESIAN_POINT('',(-0.32,-2.22,1.59));
#2728 = DIRECTION('',(-2.143287692327E-17,0.,1.));
#2729 = DIRECTION('',(1.,0.,2.143287692327E-17));
#2730 = ADVANCED_FACE('',(#2731),#2774,.T.);
#2731 = FACE_BOUND('',#2732,.T.);
#2732 = EDGE_LOOP('',(#2733,#2742,#2743,#2744,#2752,#2760,#2768));
#2733 = ORIENTED_EDGE('',*,*,#2734,.T.);
#2734 = EDGE_CURVE('',#2735,#2704,#2737,.T.);
#2735 = VERTEX_POINT('',#2736);
#2736 = CARTESIAN_POINT('',(-0.32,-2.22,0.95));
#2737 = CIRCLE('',#2738,0.64);
#2738 = AXIS2_PLACEMENT_3D('',#2739,#2740,#2741);
#2739 = CARTESIAN_POINT('',(0.32,-2.22,0.95));
#2740 = DIRECTION('',(0.,1.,0.));
#2741 = DIRECTION('',(0.,0.,-1.));
#2742 = ORIENTED_EDGE('',*,*,#2703,.T.);
#2743 = ORIENTED_EDGE('',*,*,#988,.T.);
#2744 = ORIENTED_EDGE('',*,*,#2745,.T.);
#2745 = EDGE_CURVE('',#981,#2746,#2748,.T.);
#2746 = VERTEX_POINT('',#2747);
#2747 = CARTESIAN_POINT('',(0.32,-2.22,0.95));
#2748 = LINE('',#2749,#2750);
#2749 = CARTESIAN_POINT('',(10.04,-2.22,0.95));
#2750 = VECTOR('',#2751,1.);
#2751 = DIRECTION('',(-1.,0.,0.));
#2752 = ORIENTED_EDGE('',*,*,#2753,.T.);
#2753 = EDGE_CURVE('',#2746,#2754,#2756,.T.);
#2754 = VERTEX_POINT('',#2755);
#2755 = CARTESIAN_POINT('',(0.32,-2.22,-2.84));
#2756 = LINE('',#2757,#2758);
#2757 = CARTESIAN_POINT('',(0.32,-2.22,0.95));
#2758 = VECTOR('',#2759,1.);
#2759 = DIRECTION('',(0.,0.,-1.));
#2760 = ORIENTED_EDGE('',*,*,#2761,.T.);
#2761 = EDGE_CURVE('',#2754,#2762,#2764,.T.);
#2762 = VERTEX_POINT('',#2763);
#2763 = CARTESIAN_POINT('',(-0.32,-2.22,-2.84));
#2764 = LINE('',#2765,#2766);
#2765 = CARTESIAN_POINT('',(0.32,-2.22,-2.84));
#2766 = VECTOR('',#2767,1.);
#2767 = DIRECTION('',(-1.,0.,0.));
#2768 = ORIENTED_EDGE('',*,*,#2769,.T.);
#2769 = EDGE_CURVE('',#2762,#2735,#2770,.T.);
#2770 = LINE('',#2771,#2772);
#2771 = CARTESIAN_POINT('',(-0.32,-2.22,-3.));
#2772 = VECTOR('',#2773,1.);
#2773 = DIRECTION('',(0.,0.,1.));
#2774 = PLANE('',#2775);
#2775 = AXIS2_PLACEMENT_3D('',#2776,#2777,#2778);
#2776 = CARTESIAN_POINT('',(3.575919732441,-2.22,0.579080267559));
#2777 = DIRECTION('',(1.030170245606E-33,1.,6.630961875715E-34));
#2778 = DIRECTION('',(1.,-1.030170245606E-33,-3.284969231842E-83));
#2779 = ADVANCED_FACE('',(#2780),#2798,.T.);
#2780 = FACE_BOUND('',#2781,.T.);
#2781 = EDGE_LOOP('',(#2782,#2783,#2784,#2792));
#2782 = ORIENTED_EDGE('',*,*,#2745,.F.);
#2783 = ORIENTED_EDGE('',*,*,#980,.T.);
#2784 = ORIENTED_EDGE('',*,*,#2785,.T.);
#2785 = EDGE_CURVE('',#973,#2786,#2788,.T.);
#2786 = VERTEX_POINT('',#2787);
#2787 = CARTESIAN_POINT('',(0.32,-2.86,0.95));
#2788 = LINE('',#2789,#2790);
#2789 = CARTESIAN_POINT('',(10.04,-2.86,0.95));
#2790 = VECTOR('',#2791,1.);
#2791 = DIRECTION('',(-1.,0.,0.));
#2792 = ORIENTED_EDGE('',*,*,#2793,.F.);
#2793 = EDGE_CURVE('',#2746,#2786,#2794,.T.);
#2794 = LINE('',#2795,#2796);
#2795 = CARTESIAN_POINT('',(0.32,-2.22,0.95));
#2796 = VECTOR('',#2797,1.);
#2797 = DIRECTION('',(0.,-1.,0.));
#2798 = PLANE('',#2799);
#2799 = AXIS2_PLACEMENT_3D('',#2800,#2801,#2802);
#2800 = CARTESIAN_POINT('',(10.04,-2.22,0.95));
#2801 = DIRECTION('',(-0.,-0.,-1.));
#2802 = DIRECTION('',(-1.,0.,0.));
#2803 = ADVANCED_FACE('',(#2804),#2840,.F.);
#2804 = FACE_BOUND('',#2805,.F.);
#2805 = EDGE_LOOP('',(#2806,#2815,#2816,#2817,#2818,#2826,#2834));
#2806 = ORIENTED_EDGE('',*,*,#2807,.T.);
#2807 = EDGE_CURVE('',#2808,#2712,#2810,.T.);
#2808 = VERTEX_POINT('',#2809);
#2809 = CARTESIAN_POINT('',(-0.32,-2.86,0.95));
#2810 = CIRCLE('',#2811,0.64);
#2811 = AXIS2_PLACEMENT_3D('',#2812,#2813,#2814);
#2812 = CARTESIAN_POINT('',(0.32,-2.86,0.95));
#2813 = DIRECTION('',(0.,1.,0.));
#2814 = DIRECTION('',(0.,0.,-1.));
#2815 = ORIENTED_EDGE('',*,*,#2719,.T.);
#2816 = ORIENTED_EDGE('',*,*,#972,.T.);
#2817 = ORIENTED_EDGE('',*,*,#2785,.T.);
#2818 = ORIENTED_EDGE('',*,*,#2819,.T.);
#2819 = EDGE_CURVE('',#2786,#2820,#2822,.T.);
#2820 = VERTEX_POINT('',#2821);
#2821 = CARTESIAN_POINT('',(0.32,-2.86,-2.84));
#2822 = LINE('',#2823,#2824);
#2823 = CARTESIAN_POINT('',(0.32,-2.86,0.95));
#2824 = VECTOR('',#2825,1.);
#2825 = DIRECTION('',(0.,0.,-1.));
#2826 = ORIENTED_EDGE('',*,*,#2827,.T.);
#2827 = EDGE_CURVE('',#2820,#2828,#2830,.T.);
#2828 = VERTEX_POINT('',#2829);
#2829 = CARTESIAN_POINT('',(-0.32,-2.86,-2.84));
#2830 = LINE('',#2831,#2832);
#2831 = CARTESIAN_POINT('',(0.32,-2.86,-2.84));
#2832 = VECTOR('',#2833,1.);
#2833 = DIRECTION('',(-1.,0.,0.));
#2834 = ORIENTED_EDGE('',*,*,#2835,.T.);
#2835 = EDGE_CURVE('',#2828,#2808,#2836,.T.);
#2836 = LINE('',#2837,#2838);
#2837 = CARTESIAN_POINT('',(-0.32,-2.86,-3.));
#2838 = VECTOR('',#2839,1.);
#2839 = DIRECTION('',(0.,0.,1.));
#2840 = PLANE('',#2841);
#2841 = AXIS2_PLACEMENT_3D('',#2842,#2843,#2844);
#2842 = CARTESIAN_POINT('',(3.575919732441,-2.86,0.579080267559));
#2843 = DIRECTION('',(1.030170245606E-33,1.,6.630961875715E-34));
#2844 = DIRECTION('',(1.,-1.030170245606E-33,-3.284969231842E-83));
#2845 = ADVANCED_FACE('',(#2846),#2871,.T.);
#2846 = FACE_BOUND('',#2847,.T.);
#2847 = EDGE_LOOP('',(#2848,#2856,#2864,#2870));
#2848 = ORIENTED_EDGE('',*,*,#2849,.F.);
#2849 = EDGE_CURVE('',#2850,#999,#2852,.T.);
#2850 = VERTEX_POINT('',#2851);
#2851 = CARTESIAN_POINT('',(0.32,0.32,1.59));
#2852 = LINE('',#2853,#2854);
#2853 = CARTESIAN_POINT('',(-0.32,0.32,1.59));
#2854 = VECTOR('',#2855,1.);
#2855 = DIRECTION('',(1.,0.,2.143287692327E-17));
#2856 = ORIENTED_EDGE('',*,*,#2857,.T.);
#2857 = EDGE_CURVE('',#2850,#2858,#2860,.T.);
#2858 = VERTEX_POINT('',#2859);
#2859 = CARTESIAN_POINT('',(0.32,-0.32,1.59));
#2860 = LINE('',#2861,#2862);
#2861 = CARTESIAN_POINT('',(0.32,0.32,1.59));
#2862 = VECTOR('',#2863,1.);
#2863 = DIRECTION('',(0.,-1.,0.));
#2864 = ORIENTED_EDGE('',*,*,#2865,.T.);
#2865 = EDGE_CURVE('',#2858,#997,#2866,.T.);
#2866 = LINE('',#2867,#2868);
#2867 = CARTESIAN_POINT('',(-0.32,-0.32,1.59));
#2868 = VECTOR('',#2869,1.);
#2869 = DIRECTION('',(1.,0.,2.143287692327E-17));
#2870 = ORIENTED_EDGE('',*,*,#996,.T.);
#2871 = PLANE('',#2872);
#2872 = AXIS2_PLACEMENT_3D('',#2873,#2874,#2875);
#2873 = CARTESIAN_POINT('',(-0.32,0.32,1.59));
#2874 = DIRECTION('',(-2.143287692327E-17,0.,1.));
#2875 = DIRECTION('',(1.,0.,2.143287692327E-17));
#2876 = ADVANCED_FACE('',(#2877),#2920,.T.);
#2877 = FACE_BOUND('',#2878,.T.);
#2878 = EDGE_LOOP('',(#2879,#2888,#2889,#2890,#2898,#2906,#2914));
#2879 = ORIENTED_EDGE('',*,*,#2880,.T.);
#2880 = EDGE_CURVE('',#2881,#2850,#2883,.T.);
#2881 = VERTEX_POINT('',#2882);
#2882 = CARTESIAN_POINT('',(-0.32,0.32,0.95));
#2883 = CIRCLE('',#2884,0.64);
#2884 = AXIS2_PLACEMENT_3D('',#2885,#2886,#2887);
#2885 = CARTESIAN_POINT('',(0.32,0.32,0.95));
#2886 = DIRECTION('',(0.,1.,0.));
#2887 = DIRECTION('',(0.,0.,-1.));
#2888 = ORIENTED_EDGE('',*,*,#2849,.T.);
#2889 = ORIENTED_EDGE('',*,*,#1022,.T.);
#2890 = ORIENTED_EDGE('',*,*,#2891,.T.);
#2891 = EDGE_CURVE('',#1015,#2892,#2894,.T.);
#2892 = VERTEX_POINT('',#2893);
#2893 = CARTESIAN_POINT('',(0.32,0.32,0.95));
#2894 = LINE('',#2895,#2896);
#2895 = CARTESIAN_POINT('',(10.04,0.32,0.95));
#2896 = VECTOR('',#2897,1.);
#2897 = DIRECTION('',(-1.,0.,0.));
#2898 = ORIENTED_EDGE('',*,*,#2899,.T.);
#2899 = EDGE_CURVE('',#2892,#2900,#2902,.T.);
#2900 = VERTEX_POINT('',#2901);
#2901 = CARTESIAN_POINT('',(0.32,0.32,-2.84));
#2902 = LINE('',#2903,#2904);
#2903 = CARTESIAN_POINT('',(0.32,0.32,0.95));
#2904 = VECTOR('',#2905,1.);
#2905 = DIRECTION('',(0.,0.,-1.));
#2906 = ORIENTED_EDGE('',*,*,#2907,.T.);
#2907 = EDGE_CURVE('',#2900,#2908,#2910,.T.);
#2908 = VERTEX_POINT('',#2909);
#2909 = CARTESIAN_POINT('',(-0.32,0.32,-2.84));
#2910 = LINE('',#2911,#2912);
#2911 = CARTESIAN_POINT('',(0.32,0.32,-2.84));
#2912 = VECTOR('',#2913,1.);
#2913 = DIRECTION('',(-1.,0.,0.));
#2914 = ORIENTED_EDGE('',*,*,#2915,.T.);
#2915 = EDGE_CURVE('',#2908,#2881,#2916,.T.);
#2916 = LINE('',#2917,#2918);
#2917 = CARTESIAN_POINT('',(-0.32,0.32,-3.));
#2918 = VECTOR('',#2919,1.);
#2919 = DIRECTION('',(0.,0.,1.));
#2920 = PLANE('',#2921);
#2921 = AXIS2_PLACEMENT_3D('',#2922,#2923,#2924);
#2922 = CARTESIAN_POINT('',(3.575919732441,0.32,0.579080267559));
#2923 = DIRECTION('',(1.030170245606E-33,1.,6.630961875715E-34));
#2924 = DIRECTION('',(1.,-1.030170245606E-33,-3.284969231842E-83));
#2925 = ADVANCED_FACE('',(#2926),#2944,.T.);
#2926 = FACE_BOUND('',#2927,.T.);
#2927 = EDGE_LOOP('',(#2928,#2929,#2930,#2938));
#2928 = ORIENTED_EDGE('',*,*,#2891,.F.);
#2929 = ORIENTED_EDGE('',*,*,#1014,.T.);
#2930 = ORIENTED_EDGE('',*,*,#2931,.T.);
#2931 = EDGE_CURVE('',#1007,#2932,#2934,.T.);
#2932 = VERTEX_POINT('',#2933);
#2933 = CARTESIAN_POINT('',(0.32,-0.32,0.95));
#2934 = LINE('',#2935,#2936);
#2935 = CARTESIAN_POINT('',(10.04,-0.32,0.95));
#2936 = VECTOR('',#2937,1.);
#2937 = DIRECTION('',(-1.,0.,0.));
#2938 = ORIENTED_EDGE('',*,*,#2939,.F.);
#2939 = EDGE_CURVE('',#2892,#2932,#2940,.T.);
#2940 = LINE('',#2941,#2942);
#2941 = CARTESIAN_POINT('',(0.32,0.32,0.95));
#2942 = VECTOR('',#2943,1.);
#2943 = DIRECTION('',(0.,-1.,0.));
#2944 = PLANE('',#2945);
#2945 = AXIS2_PLACEMENT_3D('',#2946,#2947,#2948);
#2946 = CARTESIAN_POINT('',(10.04,0.32,0.95));
#2947 = DIRECTION('',(-0.,-0.,-1.));
#2948 = DIRECTION('',(-1.,0.,0.));
#2949 = ADVANCED_FACE('',(#2950),#2986,.F.);
#2950 = FACE_BOUND('',#2951,.F.);
#2951 = EDGE_LOOP('',(#2952,#2961,#2962,#2963,#2964,#2972,#2980));
#2952 = ORIENTED_EDGE('',*,*,#2953,.T.);
#2953 = EDGE_CURVE('',#2954,#2858,#2956,.T.);
#2954 = VERTEX_POINT('',#2955);
#2955 = CARTESIAN_POINT('',(-0.32,-0.32,0.95));
#2956 = CIRCLE('',#2957,0.64);
#2957 = AXIS2_PLACEMENT_3D('',#2958,#2959,#2960);
#2958 = CARTESIAN_POINT('',(0.32,-0.32,0.95));
#2959 = DIRECTION('',(0.,1.,0.));
#2960 = DIRECTION('',(0.,0.,-1.));
#2961 = ORIENTED_EDGE('',*,*,#2865,.T.);
#2962 = ORIENTED_EDGE('',*,*,#1006,.T.);
#2963 = ORIENTED_EDGE('',*,*,#2931,.T.);
#2964 = ORIENTED_EDGE('',*,*,#2965,.T.);
#2965 = EDGE_CURVE('',#2932,#2966,#2968,.T.);
#2966 = VERTEX_POINT('',#2967);
#2967 = CARTESIAN_POINT('',(0.32,-0.32,-2.84));
#2968 = LINE('',#2969,#2970);
#2969 = CARTESIAN_POINT('',(0.32,-0.32,0.95));
#2970 = VECTOR('',#2971,1.);
#2971 = DIRECTION('',(0.,0.,-1.));
#2972 = ORIENTED_EDGE('',*,*,#2973,.T.);
#2973 = EDGE_CURVE('',#2966,#2974,#2976,.T.);
#2974 = VERTEX_POINT('',#2975);
#2975 = CARTESIAN_POINT('',(-0.32,-0.32,-2.84));
#2976 = LINE('',#2977,#2978);
#2977 = CARTESIAN_POINT('',(0.32,-0.32,-2.84));
#2978 = VECTOR('',#2979,1.);
#2979 = DIRECTION('',(-1.,0.,0.));
#2980 = ORIENTED_EDGE('',*,*,#2981,.T.);
#2981 = EDGE_CURVE('',#2974,#2954,#2982,.T.);
#2982 = LINE('',#2983,#2984);
#2983 = CARTESIAN_POINT('',(-0.32,-0.32,-3.));
#2984 = VECTOR('',#2985,1.);
#2985 = DIRECTION('',(0.,0.,1.));
#2986 = PLANE('',#2987);
#2987 = AXIS2_PLACEMENT_3D('',#2988,#2989,#2990);
#2988 = CARTESIAN_POINT('',(3.575919732441,-0.32,0.579080267559));
#2989 = DIRECTION('',(1.030170245606E-33,1.,6.630961875715E-34));
#2990 = DIRECTION('',(1.,-1.030170245606E-33,-3.284969231842E-83));
#2991 = ADVANCED_FACE('',(#2992),#3017,.T.);
#2992 = FACE_BOUND('',#2993,.T.);
#2993 = EDGE_LOOP('',(#2994,#3002,#3003,#3011));
#2994 = ORIENTED_EDGE('',*,*,#2995,.F.);
#2995 = EDGE_CURVE('',#1322,#2996,#2998,.T.);
#2996 = VERTEX_POINT('',#2997);
#2997 = CARTESIAN_POINT('',(9.88,-4.76,1.59));
#2998 = LINE('',#2999,#3000);
#2999 = CARTESIAN_POINT('',(-0.32,-4.76,1.59));
#3000 = VECTOR('',#3001,1.);
#3001 = DIRECTION('',(1.,0.,2.143287692327E-17));
#3002 = ORIENTED_EDGE('',*,*,#1319,.F.);
#3003 = ORIENTED_EDGE('',*,*,#3004,.T.);
#3004 = EDGE_CURVE('',#1320,#3005,#3007,.T.);
#3005 = VERTEX_POINT('',#3006);
#3006 = CARTESIAN_POINT('',(9.88,-5.4,1.59));
#3007 = LINE('',#3008,#3009);
#3008 = CARTESIAN_POINT('',(-0.32,-5.4,1.59));
#3009 = VECTOR('',#3010,1.);
#3010 = DIRECTION('',(1.,0.,2.143287692327E-17));
#3011 = ORIENTED_EDGE('',*,*,#3012,.F.);
#3012 = EDGE_CURVE('',#2996,#3005,#3013,.T.);
#3013 = LINE('',#3014,#3015);
#3014 = CARTESIAN_POINT('',(9.88,-4.76,1.59));
#3015 = VECTOR('',#3016,1.);
#3016 = DIRECTION('',(0.,-1.,0.));
#3017 = PLANE('',#3018);
#3018 = AXIS2_PLACEMENT_3D('',#3019,#3020,#3021);
#3019 = CARTESIAN_POINT('',(-0.32,-4.76,1.59));
#3020 = DIRECTION('',(-2.143287692327E-17,0.,1.));
#3021 = DIRECTION('',(1.,0.,2.143287692327E-17));
#3022 = ADVANCED_FACE('',(#3023),#3041,.T.);
#3023 = FACE_BOUND('',#3024,.T.);
#3024 = EDGE_LOOP('',(#3025,#3026,#3027,#3035));
#3025 = ORIENTED_EDGE('',*,*,#1345,.F.);
#3026 = ORIENTED_EDGE('',*,*,#2995,.T.);
#3027 = ORIENTED_EDGE('',*,*,#3028,.T.);
#3028 = EDGE_CURVE('',#2996,#3029,#3031,.T.);
#3029 = VERTEX_POINT('',#3030);
#3030 = CARTESIAN_POINT('',(9.88,-4.76,0.95));
#3031 = LINE('',#3032,#3033);
#3032 = CARTESIAN_POINT('',(9.88,-4.76,1.59));
#3033 = VECTOR('',#3034,1.);
#3034 = DIRECTION('',(0.,0.,-1.));
#3035 = ORIENTED_EDGE('',*,*,#3036,.T.);
#3036 = EDGE_CURVE('',#3029,#1338,#3037,.T.);
#3037 = LINE('',#3038,#3039);
#3038 = CARTESIAN_POINT('',(10.04,-4.76,0.95));
#3039 = VECTOR('',#3040,1.);
#3040 = DIRECTION('',(-1.,0.,0.));
#3041 = PLANE('',#3042);
#3042 = AXIS2_PLACEMENT_3D('',#3043,#3044,#3045);
#3043 = CARTESIAN_POINT('',(3.575919732441,-4.76,0.579080267559));
#3044 = DIRECTION('',(1.030170245606E-33,1.,6.630961875715E-34));
#3045 = DIRECTION('',(1.,-1.030170245606E-33,-3.284969231842E-83));
#3046 = ADVANCED_FACE('',(#3047),#3065,.T.);
#3047 = FACE_BOUND('',#3048,.T.);
#3048 = EDGE_LOOP('',(#3049,#3050,#3058,#3064));
#3049 = ORIENTED_EDGE('',*,*,#3036,.F.);
#3050 = ORIENTED_EDGE('',*,*,#3051,.T.);
#3051 = EDGE_CURVE('',#3029,#3052,#3054,.T.);
#3052 = VERTEX_POINT('',#3053);
#3053 = CARTESIAN_POINT('',(9.88,-5.4,0.95));
#3054 = LINE('',#3055,#3056);
#3055 = CARTESIAN_POINT('',(9.88,-4.76,0.95));
#3056 = VECTOR('',#3057,1.);
#3057 = DIRECTION('',(0.,-1.,0.));
#3058 = ORIENTED_EDGE('',*,*,#3059,.T.);
#3059 = EDGE_CURVE('',#3052,#1330,#3060,.T.);
#3060 = LINE('',#3061,#3062);
#3061 = CARTESIAN_POINT('',(10.04,-5.4,0.95));
#3062 = VECTOR('',#3063,1.);
#3063 = DIRECTION('',(-1.,0.,0.));
#3064 = ORIENTED_EDGE('',*,*,#1337,.F.);
#3065 = PLANE('',#3066);
#3066 = AXIS2_PLACEMENT_3D('',#3067,#3068,#3069);
#3067 = CARTESIAN_POINT('',(10.04,-4.76,0.95));
#3068 = DIRECTION('',(-0.,-0.,-1.));
#3069 = DIRECTION('',(-1.,0.,0.));
#3070 = ADVANCED_FACE('',(#3071),#3082,.F.);
#3071 = FACE_BOUND('',#3072,.F.);
#3072 = EDGE_LOOP('',(#3073,#3074,#3075,#3081));
#3073 = ORIENTED_EDGE('',*,*,#1329,.F.);
#3074 = ORIENTED_EDGE('',*,*,#3004,.T.);
#3075 = ORIENTED_EDGE('',*,*,#3076,.T.);
#3076 = EDGE_CURVE('',#3005,#3052,#3077,.T.);
#3077 = LINE('',#3078,#3079);
#3078 = CARTESIAN_POINT('',(9.88,-5.4,1.59));
#3079 = VECTOR('',#3080,1.);
#3080 = DIRECTION('',(0.,0.,-1.));
#3081 = ORIENTED_EDGE('',*,*,#3059,.T.);
#3082 = PLANE('',#3083);
#3083 = AXIS2_PLACEMENT_3D('',#3084,#3085,#3086);
#3084 = CARTESIAN_POINT('',(3.575919732441,-5.4,0.579080267559));
#3085 = DIRECTION('',(1.030170245606E-33,1.,6.630961875715E-34));
#3086 = DIRECTION('',(1.,-1.030170245606E-33,-3.284969231842E-83));
#3087 = ADVANCED_FACE('',(#3088),#3113,.T.);
#3088 = FACE_BOUND('',#3089,.T.);
#3089 = EDGE_LOOP('',(#3090,#3098,#3099,#3107));
#3090 = ORIENTED_EDGE('',*,*,#3091,.F.);
#3091 = EDGE_CURVE('',#1356,#3092,#3094,.T.);
#3092 = VERTEX_POINT('',#3093);
#3093 = CARTESIAN_POINT('',(9.88,-7.3,1.59));
#3094 = LINE('',#3095,#3096);
#3095 = CARTESIAN_POINT('',(-0.32,-7.3,1.59));
#3096 = VECTOR('',#3097,1.);
#3097 = DIRECTION('',(1.,0.,2.143287692327E-17));
#3098 = ORIENTED_EDGE('',*,*,#1353,.F.);
#3099 = ORIENTED_EDGE('',*,*,#3100,.T.);
#3100 = EDGE_CURVE('',#1354,#3101,#3103,.T.);
#3101 = VERTEX_POINT('',#3102);
#3102 = CARTESIAN_POINT('',(9.88,-7.94,1.59));
#3103 = LINE('',#3104,#3105);
#3104 = CARTESIAN_POINT('',(-0.32,-7.94,1.59));
#3105 = VECTOR('',#3106,1.);
#3106 = DIRECTION('',(1.,0.,2.143287692327E-17));
#3107 = ORIENTED_EDGE('',*,*,#3108,.F.);
#3108 = EDGE_CURVE('',#3092,#3101,#3109,.T.);
#3109 = LINE('',#3110,#3111);
#3110 = CARTESIAN_POINT('',(9.88,-7.3,1.59));
#3111 = VECTOR('',#3112,1.);
#3112 = DIRECTION('',(0.,-1.,0.));
#3113 = PLANE('',#3114);
#3114 = AXIS2_PLACEMENT_3D('',#3115,#3116,#3117);
#3115 = CARTESIAN_POINT('',(-0.32,-7.3,1.59));
#3116 = DIRECTION('',(-2.143287692327E-17,0.,1.));
#3117 = DIRECTION('',(1.,0.,2.143287692327E-17));
#3118 = ADVANCED_FACE('',(#3119),#3137,.T.);
#3119 = FACE_BOUND('',#3120,.T.);
#3120 = EDGE_LOOP('',(#3121,#3122,#3123,#3131));
#3121 = ORIENTED_EDGE('',*,*,#1379,.F.);
#3122 = ORIENTED_EDGE('',*,*,#3091,.T.);
#3123 = ORIENTED_EDGE('',*,*,#3124,.T.);
#3124 = EDGE_CURVE('',#3092,#3125,#3127,.T.);
#3125 = VERTEX_POINT('',#3126);
#3126 = CARTESIAN_POINT('',(9.88,-7.3,0.95));
#3127 = LINE('',#3128,#3129);
#3128 = CARTESIAN_POINT('',(9.88,-7.3,1.59));
#3129 = VECTOR('',#3130,1.);
#3130 = DIRECTION('',(0.,0.,-1.));
#3131 = ORIENTED_EDGE('',*,*,#3132,.T.);
#3132 = EDGE_CURVE('',#3125,#1372,#3133,.T.);
#3133 = LINE('',#3134,#3135);
#3134 = CARTESIAN_POINT('',(10.04,-7.3,0.95));
#3135 = VECTOR('',#3136,1.);
#3136 = DIRECTION('',(-1.,0.,0.));
#3137 = PLANE('',#3138);
#3138 = AXIS2_PLACEMENT_3D('',#3139,#3140,#3141);
#3139 = CARTESIAN_POINT('',(3.575919732441,-7.3,0.579080267559));
#3140 = DIRECTION('',(1.030170245606E-33,1.,6.630961875715E-34));
#3141 = DIRECTION('',(1.,-1.030170245606E-33,-3.284969231842E-83));
#3142 = ADVANCED_FACE('',(#3143),#3161,.T.);
#3143 = FACE_BOUND('',#3144,.T.);
#3144 = EDGE_LOOP('',(#3145,#3146,#3154,#3160));
#3145 = ORIENTED_EDGE('',*,*,#3132,.F.);
#3146 = ORIENTED_EDGE('',*,*,#3147,.T.);
#3147 = EDGE_CURVE('',#3125,#3148,#3150,.T.);
#3148 = VERTEX_POINT('',#3149);
#3149 = CARTESIAN_POINT('',(9.88,-7.94,0.95));
#3150 = LINE('',#3151,#3152);
#3151 = CARTESIAN_POINT('',(9.88,-7.3,0.95));
#3152 = VECTOR('',#3153,1.);
#3153 = DIRECTION('',(0.,-1.,0.));
#3154 = ORIENTED_EDGE('',*,*,#3155,.T.);
#3155 = EDGE_CURVE('',#3148,#1364,#3156,.T.);
#3156 = LINE('',#3157,#3158);
#3157 = CARTESIAN_POINT('',(10.04,-7.94,0.95));
#3158 = VECTOR('',#3159,1.);
#3159 = DIRECTION('',(-1.,0.,0.));
#3160 = ORIENTED_EDGE('',*,*,#1371,.F.);
#3161 = PLANE('',#3162);
#3162 = AXIS2_PLACEMENT_3D('',#3163,#3164,#3165);
#3163 = CARTESIAN_POINT('',(10.04,-7.3,0.95));
#3164 = DIRECTION('',(-0.,-0.,-1.));
#3165 = DIRECTION('',(-1.,0.,0.));
#3166 = ADVANCED_FACE('',(#3167),#3178,.F.);
#3167 = FACE_BOUND('',#3168,.F.);
#3168 = EDGE_LOOP('',(#3169,#3170,#3171,#3177));
#3169 = ORIENTED_EDGE('',*,*,#1363,.F.);
#3170 = ORIENTED_EDGE('',*,*,#3100,.T.);
#3171 = ORIENTED_EDGE('',*,*,#3172,.T.);
#3172 = EDGE_CURVE('',#3101,#3148,#3173,.T.);
#3173 = LINE('',#3174,#3175);
#3174 = CARTESIAN_POINT('',(9.88,-7.94,1.59));
#3175 = VECTOR('',#3176,1.);
#3176 = DIRECTION('',(0.,0.,-1.));
#3177 = ORIENTED_EDGE('',*,*,#3155,.T.);
#3178 = PLANE('',#3179);
#3179 = AXIS2_PLACEMENT_3D('',#3180,#3181,#3182);
#3180 = CARTESIAN_POINT('',(3.575919732441,-7.94,0.579080267559));
#3181 = DIRECTION('',(1.030170245606E-33,1.,6.630961875715E-34));
#3182 = DIRECTION('',(1.,-1.030170245606E-33,-3.284969231842E-83));
#3183 = ADVANCED_FACE('',(#3184),#3209,.T.);
#3184 = FACE_BOUND('',#3185,.T.);
#3185 = EDGE_LOOP('',(#3186,#3187,#3195,#3203));
#3186 = ORIENTED_EDGE('',*,*,#1387,.F.);
#3187 = ORIENTED_EDGE('',*,*,#3188,.T.);
#3188 = EDGE_CURVE('',#1388,#3189,#3191,.T.);
#3189 = VERTEX_POINT('',#3190);
#3190 = CARTESIAN_POINT('',(9.88,-12.38,1.59));
#3191 = LINE('',#3192,#3193);
#3192 = CARTESIAN_POINT('',(-0.32,-12.38,1.59));
#3193 = VECTOR('',#3194,1.);
#3194 = DIRECTION('',(1.,0.,2.143287692327E-17));
#3195 = ORIENTED_EDGE('',*,*,#3196,.T.);
#3196 = EDGE_CURVE('',#3189,#3197,#3199,.T.);
#3197 = VERTEX_POINT('',#3198);
#3198 = CARTESIAN_POINT('',(9.88,-12.38,0.95));
#3199 = LINE('',#3200,#3201);
#3200 = CARTESIAN_POINT('',(9.88,-12.38,1.59));
#3201 = VECTOR('',#3202,1.);
#3202 = DIRECTION('',(0.,0.,-1.));
#3203 = ORIENTED_EDGE('',*,*,#3204,.T.);
#3204 = EDGE_CURVE('',#3197,#1390,#3205,.T.);
#3205 = LINE('',#3206,#3207);
#3206 = CARTESIAN_POINT('',(10.04,-12.38,0.95));
#3207 = VECTOR('',#3208,1.);
#3208 = DIRECTION('',(-1.,0.,0.));
#3209 = PLANE('',#3210);
#3210 = AXIS2_PLACEMENT_3D('',#3211,#3212,#3213);
#3211 = CARTESIAN_POINT('',(3.575919732441,-12.38,0.579080267559));
#3212 = DIRECTION('',(1.030170245606E-33,1.,6.630961875715E-34));
#3213 = DIRECTION('',(1.,-1.030170245606E-33,-3.284969231842E-83));
#3214 = ADVANCED_FACE('',(#3215),#3233,.T.);
#3215 = FACE_BOUND('',#3216,.T.);
#3216 = EDGE_LOOP('',(#3217,#3218,#3226,#3232));
#3217 = ORIENTED_EDGE('',*,*,#3204,.F.);
#3218 = ORIENTED_EDGE('',*,*,#3219,.T.);
#3219 = EDGE_CURVE('',#3197,#3220,#3222,.T.);
#3220 = VERTEX_POINT('',#3221);
#3221 = CARTESIAN_POINT('',(9.88,-13.02,0.95));
#3222 = LINE('',#3223,#3224);
#3223 = CARTESIAN_POINT('',(9.88,-12.38,0.95));
#3224 = VECTOR('',#3225,1.);
#3225 = DIRECTION('',(0.,-1.,0.));
#3226 = ORIENTED_EDGE('',*,*,#3227,.T.);
#3227 = EDGE_CURVE('',#3220,#1406,#3228,.T.);
#3228 = LINE('',#3229,#3230);
#3229 = CARTESIAN_POINT('',(10.04,-13.02,0.95));
#3230 = VECTOR('',#3231,1.);
#3231 = DIRECTION('',(-1.,0.,0.));
#3232 = ORIENTED_EDGE('',*,*,#1413,.F.);
#3233 = PLANE('',#3234);
#3234 = AXIS2_PLACEMENT_3D('',#3235,#3236,#3237);
#3235 = CARTESIAN_POINT('',(10.04,-12.38,0.95));
#3236 = DIRECTION('',(-0.,-0.,-1.));
#3237 = DIRECTION('',(-1.,0.,0.));
#3238 = ADVANCED_FACE('',(#3239),#3257,.F.);
#3239 = FACE_BOUND('',#3240,.F.);
#3240 = EDGE_LOOP('',(#3241,#3242,#3250,#3256));
#3241 = ORIENTED_EDGE('',*,*,#1405,.F.);
#3242 = ORIENTED_EDGE('',*,*,#3243,.T.);
#3243 = EDGE_CURVE('',#1398,#3244,#3246,.T.);
#3244 = VERTEX_POINT('',#3245);
#3245 = CARTESIAN_POINT('',(9.88,-13.02,1.59));
#3246 = LINE('',#3247,#3248);
#3247 = CARTESIAN_POINT('',(-0.32,-13.02,1.59));
#3248 = VECTOR('',#3249,1.);
#3249 = DIRECTION('',(1.,0.,2.143287692327E-17));
#3250 = ORIENTED_EDGE('',*,*,#3251,.T.);
#3251 = EDGE_CURVE('',#3244,#3220,#3252,.T.);
#3252 = LINE('',#3253,#3254);
#3253 = CARTESIAN_POINT('',(9.88,-13.02,1.59));
#3254 = VECTOR('',#3255,1.);
#3255 = DIRECTION('',(0.,0.,-1.));
#3256 = ORIENTED_EDGE('',*,*,#3227,.T.);
#3257 = PLANE('',#3258);
#3258 = AXIS2_PLACEMENT_3D('',#3259,#3260,#3261);
#3259 = CARTESIAN_POINT('',(3.575919732441,-13.02,0.579080267559));
#3260 = DIRECTION('',(1.030170245606E-33,1.,6.630961875715E-34));
#3261 = DIRECTION('',(1.,-1.030170245606E-33,-3.284969231842E-83));
#3262 = ADVANCED_FACE('',(#3263),#3274,.T.);
#3263 = FACE_BOUND('',#3264,.T.);
#3264 = EDGE_LOOP('',(#3265,#3266,#3267,#3268));
#3265 = ORIENTED_EDGE('',*,*,#3188,.F.);
#3266 = ORIENTED_EDGE('',*,*,#1397,.F.);
#3267 = ORIENTED_EDGE('',*,*,#3243,.T.);
#3268 = ORIENTED_EDGE('',*,*,#3269,.F.);
#3269 = EDGE_CURVE('',#3189,#3244,#3270,.T.);
#3270 = LINE('',#3271,#3272);
#3271 = CARTESIAN_POINT('',(9.88,-12.38,1.59));
#3272 = VECTOR('',#3273,1.);
#3273 = DIRECTION('',(0.,-1.,0.));
#3274 = PLANE('',#3275);
#3275 = AXIS2_PLACEMENT_3D('',#3276,#3277,#3278);
#3276 = CARTESIAN_POINT('',(-0.32,-12.38,1.59));
#3277 = DIRECTION('',(-2.143287692327E-17,0.,1.));
#3278 = DIRECTION('',(1.,0.,2.143287692327E-17));
#3279 = ADVANCED_FACE('',(#3280),#3305,.T.);
#3280 = FACE_BOUND('',#3281,.T.);
#3281 = EDGE_LOOP('',(#3282,#3290,#3291,#3299));
#3282 = ORIENTED_EDGE('',*,*,#3283,.F.);
#3283 = EDGE_CURVE('',#1424,#3284,#3286,.T.);
#3284 = VERTEX_POINT('',#3285);
#3285 = CARTESIAN_POINT('',(9.88,-9.84,1.59));
#3286 = LINE('',#3287,#3288);
#3287 = CARTESIAN_POINT('',(-0.32,-9.84,1.59));
#3288 = VECTOR('',#3289,1.);
#3289 = DIRECTION('',(1.,0.,2.143287692327E-17));
#3290 = ORIENTED_EDGE('',*,*,#1421,.F.);
#3291 = ORIENTED_EDGE('',*,*,#3292,.T.);
#3292 = EDGE_CURVE('',#1422,#3293,#3295,.T.);
#3293 = VERTEX_POINT('',#3294);
#3294 = CARTESIAN_POINT('',(9.88,-10.48,1.59));
#3295 = LINE('',#3296,#3297);
#3296 = CARTESIAN_POINT('',(-0.32,-10.48,1.59));
#3297 = VECTOR('',#3298,1.);
#3298 = DIRECTION('',(1.,0.,2.143287692327E-17));
#3299 = ORIENTED_EDGE('',*,*,#3300,.F.);
#3300 = EDGE_CURVE('',#3284,#3293,#3301,.T.);
#3301 = LINE('',#3302,#3303);
#3302 = CARTESIAN_POINT('',(9.88,-9.84,1.59));
#3303 = VECTOR('',#3304,1.);
#3304 = DIRECTION('',(0.,-1.,0.));
#3305 = PLANE('',#3306);
#3306 = AXIS2_PLACEMENT_3D('',#3307,#3308,#3309);
#3307 = CARTESIAN_POINT('',(-0.32,-9.84,1.59));
#3308 = DIRECTION('',(-2.143287692327E-17,0.,1.));
#3309 = DIRECTION('',(1.,0.,2.143287692327E-17));
#3310 = ADVANCED_FACE('',(#3311),#3329,.T.);
#3311 = FACE_BOUND('',#3312,.T.);
#3312 = EDGE_LOOP('',(#3313,#3314,#3315,#3323));
#3313 = ORIENTED_EDGE('',*,*,#1447,.F.);
#3314 = ORIENTED_EDGE('',*,*,#3283,.T.);
#3315 = ORIENTED_EDGE('',*,*,#3316,.T.);
#3316 = EDGE_CURVE('',#3284,#3317,#3319,.T.);
#3317 = VERTEX_POINT('',#3318);
#3318 = CARTESIAN_POINT('',(9.88,-9.84,0.95));
#3319 = LINE('',#3320,#3321);
#3320 = CARTESIAN_POINT('',(9.88,-9.84,1.59));
#3321 = VECTOR('',#3322,1.);
#3322 = DIRECTION('',(0.,0.,-1.));
#3323 = ORIENTED_EDGE('',*,*,#3324,.T.);
#3324 = EDGE_CURVE('',#3317,#1440,#3325,.T.);
#3325 = LINE('',#3326,#3327);
#3326 = CARTESIAN_POINT('',(10.04,-9.84,0.95));
#3327 = VECTOR('',#3328,1.);
#3328 = DIRECTION('',(-1.,0.,0.));
#3329 = PLANE('',#3330);
#3330 = AXIS2_PLACEMENT_3D('',#3331,#3332,#3333);
#3331 = CARTESIAN_POINT('',(3.575919732441,-9.84,0.579080267559));
#3332 = DIRECTION('',(1.030170245606E-33,1.,6.630961875715E-34));
#3333 = DIRECTION('',(1.,-1.030170245606E-33,-3.284969231842E-83));
#3334 = ADVANCED_FACE('',(#3335),#3353,.T.);
#3335 = FACE_BOUND('',#3336,.T.);
#3336 = EDGE_LOOP('',(#3337,#3338,#3346,#3352));
#3337 = ORIENTED_EDGE('',*,*,#3324,.F.);
#3338 = ORIENTED_EDGE('',*,*,#3339,.T.);
#3339 = EDGE_CURVE('',#3317,#3340,#3342,.T.);
#3340 = VERTEX_POINT('',#3341);
#3341 = CARTESIAN_POINT('',(9.88,-10.48,0.95));
#3342 = LINE('',#3343,#3344);
#3343 = CARTESIAN_POINT('',(9.88,-9.84,0.95));
#3344 = VECTOR('',#3345,1.);
#3345 = DIRECTION('',(0.,-1.,0.));
#3346 = ORIENTED_EDGE('',*,*,#3347,.T.);
#3347 = EDGE_CURVE('',#3340,#1432,#3348,.T.);
#3348 = LINE('',#3349,#3350);
#3349 = CARTESIAN_POINT('',(10.04,-10.48,0.95));
#3350 = VECTOR('',#3351,1.);
#3351 = DIRECTION('',(-1.,0.,0.));
#3352 = ORIENTED_EDGE('',*,*,#1439,.F.);
#3353 = PLANE('',#3354);
#3354 = AXIS2_PLACEMENT_3D('',#3355,#3356,#3357);
#3355 = CARTESIAN_POINT('',(10.04,-9.84,0.95));
#3356 = DIRECTION('',(-0.,-0.,-1.));
#3357 = DIRECTION('',(-1.,0.,0.));
#3358 = ADVANCED_FACE('',(#3359),#3370,.F.);
#3359 = FACE_BOUND('',#3360,.F.);
#3360 = EDGE_LOOP('',(#3361,#3362,#3363,#3369));
#3361 = ORIENTED_EDGE('',*,*,#1431,.F.);
#3362 = ORIENTED_EDGE('',*,*,#3292,.T.);
#3363 = ORIENTED_EDGE('',*,*,#3364,.T.);
#3364 = EDGE_CURVE('',#3293,#3340,#3365,.T.);
#3365 = LINE('',#3366,#3367);
#3366 = CARTESIAN_POINT('',(9.88,-10.48,1.59));
#3367 = VECTOR('',#3368,1.);
#3368 = DIRECTION('',(0.,0.,-1.));
#3369 = ORIENTED_EDGE('',*,*,#3347,.T.);
#3370 = PLANE('',#3371);
#3371 = AXIS2_PLACEMENT_3D('',#3372,#3373,#3374);
#3372 = CARTESIAN_POINT('',(3.575919732441,-10.48,0.579080267559));
#3373 = DIRECTION('',(1.030170245606E-33,1.,6.630961875715E-34));
#3374 = DIRECTION('',(1.,-1.030170245606E-33,-3.284969231842E-83));
#3375 = ADVANCED_FACE('',(#3376),#3401,.T.);
#3376 = FACE_BOUND('',#3377,.T.);
#3377 = EDGE_LOOP('',(#3378,#3386,#3387,#3395));
#3378 = ORIENTED_EDGE('',*,*,#3379,.F.);
#3379 = EDGE_CURVE('',#1458,#3380,#3382,.T.);
#3380 = VERTEX_POINT('',#3381);
#3381 = CARTESIAN_POINT('',(9.88,-2.22,1.59));
#3382 = LINE('',#3383,#3384);
#3383 = CARTESIAN_POINT('',(-0.32,-2.22,1.59));
#3384 = VECTOR('',#3385,1.);
#3385 = DIRECTION('',(1.,0.,2.143287692327E-17));
#3386 = ORIENTED_EDGE('',*,*,#1455,.F.);
#3387 = ORIENTED_EDGE('',*,*,#3388,.T.);
#3388 = EDGE_CURVE('',#1456,#3389,#3391,.T.);
#3389 = VERTEX_POINT('',#3390);
#3390 = CARTESIAN_POINT('',(9.88,-2.86,1.59));
#3391 = LINE('',#3392,#3393);
#3392 = CARTESIAN_POINT('',(-0.32,-2.86,1.59));
#3393 = VECTOR('',#3394,1.);
#3394 = DIRECTION('',(1.,0.,2.143287692327E-17));
#3395 = ORIENTED_EDGE('',*,*,#3396,.F.);
#3396 = EDGE_CURVE('',#3380,#3389,#3397,.T.);
#3397 = LINE('',#3398,#3399);
#3398 = CARTESIAN_POINT('',(9.88,-2.22,1.59));
#3399 = VECTOR('',#3400,1.);
#3400 = DIRECTION('',(0.,-1.,0.));
#3401 = PLANE('',#3402);
#3402 = AXIS2_PLACEMENT_3D('',#3403,#3404,#3405);
#3403 = CARTESIAN_POINT('',(-0.32,-2.22,1.59));
#3404 = DIRECTION('',(-2.143287692327E-17,0.,1.));
#3405 = DIRECTION('',(1.,0.,2.143287692327E-17));
#3406 = ADVANCED_FACE('',(#3407),#3425,.T.);
#3407 = FACE_BOUND('',#3408,.T.);
#3408 = EDGE_LOOP('',(#3409,#3410,#3411,#3419));
#3409 = ORIENTED_EDGE('',*,*,#1481,.F.);
#3410 = ORIENTED_EDGE('',*,*,#3379,.T.);
#3411 = ORIENTED_EDGE('',*,*,#3412,.T.);
#3412 = EDGE_CURVE('',#3380,#3413,#3415,.T.);
#3413 = VERTEX_POINT('',#3414);
#3414 = CARTESIAN_POINT('',(9.88,-2.22,0.95));
#3415 = LINE('',#3416,#3417);
#3416 = CARTESIAN_POINT('',(9.88,-2.22,1.59));
#3417 = VECTOR('',#3418,1.);
#3418 = DIRECTION('',(0.,0.,-1.));
#3419 = ORIENTED_EDGE('',*,*,#3420,.T.);
#3420 = EDGE_CURVE('',#3413,#1474,#3421,.T.);
#3421 = LINE('',#3422,#3423);
#3422 = CARTESIAN_POINT('',(10.04,-2.22,0.95));
#3423 = VECTOR('',#3424,1.);
#3424 = DIRECTION('',(-1.,0.,0.));
#3425 = PLANE('',#3426);
#3426 = AXIS2_PLACEMENT_3D('',#3427,#3428,#3429);
#3427 = CARTESIAN_POINT('',(3.575919732441,-2.22,0.579080267559));
#3428 = DIRECTION('',(1.030170245606E-33,1.,6.630961875715E-34));
#3429 = DIRECTION('',(1.,-1.030170245606E-33,-3.284969231842E-83));
#3430 = ADVANCED_FACE('',(#3431),#3449,.T.);
#3431 = FACE_BOUND('',#3432,.T.);
#3432 = EDGE_LOOP('',(#3433,#3434,#3442,#3448));
#3433 = ORIENTED_EDGE('',*,*,#3420,.F.);
#3434 = ORIENTED_EDGE('',*,*,#3435,.T.);
#3435 = EDGE_CURVE('',#3413,#3436,#3438,.T.);
#3436 = VERTEX_POINT('',#3437);
#3437 = CARTESIAN_POINT('',(9.88,-2.86,0.95));
#3438 = LINE('',#3439,#3440);
#3439 = CARTESIAN_POINT('',(9.88,-2.22,0.95));
#3440 = VECTOR('',#3441,1.);
#3441 = DIRECTION('',(0.,-1.,0.));
#3442 = ORIENTED_EDGE('',*,*,#3443,.T.);
#3443 = EDGE_CURVE('',#3436,#1466,#3444,.T.);
#3444 = LINE('',#3445,#3446);
#3445 = CARTESIAN_POINT('',(10.04,-2.86,0.95));
#3446 = VECTOR('',#3447,1.);
#3447 = DIRECTION('',(-1.,0.,0.));
#3448 = ORIENTED_EDGE('',*,*,#1473,.F.);
#3449 = PLANE('',#3450);
#3450 = AXIS2_PLACEMENT_3D('',#3451,#3452,#3453);
#3451 = CARTESIAN_POINT('',(10.04,-2.22,0.95));
#3452 = DIRECTION('',(-0.,-0.,-1.));
#3453 = DIRECTION('',(-1.,0.,0.));
#3454 = ADVANCED_FACE('',(#3455),#3466,.F.);
#3455 = FACE_BOUND('',#3456,.F.);
#3456 = EDGE_LOOP('',(#3457,#3458,#3459,#3465));
#3457 = ORIENTED_EDGE('',*,*,#1465,.F.);
#3458 = ORIENTED_EDGE('',*,*,#3388,.T.);
#3459 = ORIENTED_EDGE('',*,*,#3460,.T.);
#3460 = EDGE_CURVE('',#3389,#3436,#3461,.T.);
#3461 = LINE('',#3462,#3463);
#3462 = CARTESIAN_POINT('',(9.88,-2.86,1.59));
#3463 = VECTOR('',#3464,1.);
#3464 = DIRECTION('',(0.,0.,-1.));
#3465 = ORIENTED_EDGE('',*,*,#3443,.T.);
#3466 = PLANE('',#3467);
#3467 = AXIS2_PLACEMENT_3D('',#3468,#3469,#3470);
#3468 = CARTESIAN_POINT('',(3.575919732441,-2.86,0.579080267559));
#3469 = DIRECTION('',(1.030170245606E-33,1.,6.630961875715E-34));
#3470 = DIRECTION('',(1.,-1.030170245606E-33,-3.284969231842E-83));
#3471 = ADVANCED_FACE('',(#3472),#3497,.T.);
#3472 = FACE_BOUND('',#3473,.T.);
#3473 = EDGE_LOOP('',(#3474,#3482,#3483,#3491));
#3474 = ORIENTED_EDGE('',*,*,#3475,.F.);
#3475 = EDGE_CURVE('',#1492,#3476,#3478,.T.);
#3476 = VERTEX_POINT('',#3477);
#3477 = CARTESIAN_POINT('',(9.88,0.32,1.59));
#3478 = LINE('',#3479,#3480);
#3479 = CARTESIAN_POINT('',(-0.32,0.32,1.59));
#3480 = VECTOR('',#3481,1.);
#3481 = DIRECTION('',(1.,0.,2.143287692327E-17));
#3482 = ORIENTED_EDGE('',*,*,#1489,.F.);
#3483 = ORIENTED_EDGE('',*,*,#3484,.T.);
#3484 = EDGE_CURVE('',#1490,#3485,#3487,.T.);
#3485 = VERTEX_POINT('',#3486);
#3486 = CARTESIAN_POINT('',(9.88,-0.32,1.59));
#3487 = LINE('',#3488,#3489);
#3488 = CARTESIAN_POINT('',(-0.32,-0.32,1.59));
#3489 = VECTOR('',#3490,1.);
#3490 = DIRECTION('',(1.,0.,2.143287692327E-17));
#3491 = ORIENTED_EDGE('',*,*,#3492,.F.);
#3492 = EDGE_CURVE('',#3476,#3485,#3493,.T.);
#3493 = LINE('',#3494,#3495);
#3494 = CARTESIAN_POINT('',(9.88,0.32,1.59));
#3495 = VECTOR('',#3496,1.);
#3496 = DIRECTION('',(0.,-1.,0.));
#3497 = PLANE('',#3498);
#3498 = AXIS2_PLACEMENT_3D('',#3499,#3500,#3501);
#3499 = CARTESIAN_POINT('',(-0.32,0.32,1.59));
#3500 = DIRECTION('',(-2.143287692327E-17,0.,1.));
#3501 = DIRECTION('',(1.,0.,2.143287692327E-17));
#3502 = ADVANCED_FACE('',(#3503),#3521,.T.);
#3503 = FACE_BOUND('',#3504,.T.);
#3504 = EDGE_LOOP('',(#3505,#3506,#3507,#3515));
#3505 = ORIENTED_EDGE('',*,*,#1515,.F.);
#3506 = ORIENTED_EDGE('',*,*,#3475,.T.);
#3507 = ORIENTED_EDGE('',*,*,#3508,.T.);
#3508 = EDGE_CURVE('',#3476,#3509,#3511,.T.);
#3509 = VERTEX_POINT('',#3510);
#3510 = CARTESIAN_POINT('',(9.88,0.32,0.95));
#3511 = LINE('',#3512,#3513);
#3512 = CARTESIAN_POINT('',(9.88,0.32,1.59));
#3513 = VECTOR('',#3514,1.);
#3514 = DIRECTION('',(0.,0.,-1.));
#3515 = ORIENTED_EDGE('',*,*,#3516,.T.);
#3516 = EDGE_CURVE('',#3509,#1508,#3517,.T.);
#3517 = LINE('',#3518,#3519);
#3518 = CARTESIAN_POINT('',(10.04,0.32,0.95));
#3519 = VECTOR('',#3520,1.);
#3520 = DIRECTION('',(-1.,0.,0.));
#3521 = PLANE('',#3522);
#3522 = AXIS2_PLACEMENT_3D('',#3523,#3524,#3525);
#3523 = CARTESIAN_POINT('',(3.575919732441,0.32,0.579080267559));
#3524 = DIRECTION('',(1.030170245606E-33,1.,6.630961875715E-34));
#3525 = DIRECTION('',(1.,-1.030170245606E-33,-3.284969231842E-83));
#3526 = ADVANCED_FACE('',(#3527),#3545,.T.);
#3527 = FACE_BOUND('',#3528,.T.);
#3528 = EDGE_LOOP('',(#3529,#3530,#3538,#3544));
#3529 = ORIENTED_EDGE('',*,*,#3516,.F.);
#3530 = ORIENTED_EDGE('',*,*,#3531,.T.);
#3531 = EDGE_CURVE('',#3509,#3532,#3534,.T.);
#3532 = VERTEX_POINT('',#3533);
#3533 = CARTESIAN_POINT('',(9.88,-0.32,0.95));
#3534 = LINE('',#3535,#3536);
#3535 = CARTESIAN_POINT('',(9.88,0.32,0.95));
#3536 = VECTOR('',#3537,1.);
#3537 = DIRECTION('',(0.,-1.,0.));
#3538 = ORIENTED_EDGE('',*,*,#3539,.T.);
#3539 = EDGE_CURVE('',#3532,#1500,#3540,.T.);
#3540 = LINE('',#3541,#3542);
#3541 = CARTESIAN_POINT('',(10.04,-0.32,0.95));
#3542 = VECTOR('',#3543,1.);
#3543 = DIRECTION('',(-1.,0.,0.));
#3544 = ORIENTED_EDGE('',*,*,#1507,.F.);
#3545 = PLANE('',#3546);
#3546 = AXIS2_PLACEMENT_3D('',#3547,#3548,#3549);
#3547 = CARTESIAN_POINT('',(10.04,0.32,0.95));
#3548 = DIRECTION('',(-0.,-0.,-1.));
#3549 = DIRECTION('',(-1.,0.,0.));
#3550 = ADVANCED_FACE('',(#3551),#3562,.F.);
#3551 = FACE_BOUND('',#3552,.F.);
#3552 = EDGE_LOOP('',(#3553,#3554,#3555,#3561));
#3553 = ORIENTED_EDGE('',*,*,#1499,.F.);
#3554 = ORIENTED_EDGE('',*,*,#3484,.T.);
#3555 = ORIENTED_EDGE('',*,*,#3556,.T.);
#3556 = EDGE_CURVE('',#3485,#3532,#3557,.T.);
#3557 = LINE('',#3558,#3559);
#3558 = CARTESIAN_POINT('',(9.88,-0.32,1.59));
#3559 = VECTOR('',#3560,1.);
#3560 = DIRECTION('',(0.,0.,-1.));
#3561 = ORIENTED_EDGE('',*,*,#3539,.T.);
#3562 = PLANE('',#3563);
#3563 = AXIS2_PLACEMENT_3D('',#3564,#3565,#3566);
#3564 = CARTESIAN_POINT('',(3.575919732441,-0.32,0.579080267559));
#3565 = DIRECTION('',(1.030170245606E-33,1.,6.630961875715E-34));
#3566 = DIRECTION('',(1.,-1.030170245606E-33,-3.284969231842E-83));
#3567 = ADVANCED_FACE('',(#3568),#3579,.T.);
#3568 = FACE_BOUND('',#3569,.T.);
#3569 = EDGE_LOOP('',(#3570,#3576,#3577,#3578));
#3570 = ORIENTED_EDGE('',*,*,#3571,.T.);
#3571 = EDGE_CURVE('',#2151,#2224,#3572,.T.);
#3572 = LINE('',#3573,#3574);
#3573 = CARTESIAN_POINT('',(-0.32,-4.76,0.95));
#3574 = VECTOR('',#3575,1.);
#3575 = DIRECTION('',(0.,-1.,0.));
#3576 = ORIENTED_EDGE('',*,*,#2223,.T.);
#3577 = ORIENTED_EDGE('',*,*,#2127,.F.);
#3578 = ORIENTED_EDGE('',*,*,#2150,.F.);
#3579 = CYLINDRICAL_SURFACE('',#3580,0.64);
#3580 = AXIS2_PLACEMENT_3D('',#3581,#3582,#3583);
#3581 = CARTESIAN_POINT('',(0.32,-4.76,0.95));
#3582 = DIRECTION('',(0.,-1.,0.));
#3583 = DIRECTION('',(-1.,0.,0.));
#3584 = ADVANCED_FACE('',(#3585),#3596,.T.);
#3585 = FACE_BOUND('',#3586,.T.);
#3586 = EDGE_LOOP('',(#3587,#3588,#3594,#3595));
#3587 = ORIENTED_EDGE('',*,*,#2185,.F.);
#3588 = ORIENTED_EDGE('',*,*,#3589,.T.);
#3589 = EDGE_CURVE('',#2178,#2244,#3590,.T.);
#3590 = LINE('',#3591,#3592);
#3591 = CARTESIAN_POINT('',(-0.32,-4.76,-2.84));
#3592 = VECTOR('',#3593,1.);
#3593 = DIRECTION('',(0.,-1.,0.));
#3594 = ORIENTED_EDGE('',*,*,#2251,.T.);
#3595 = ORIENTED_EDGE('',*,*,#3571,.F.);
#3596 = PLANE('',#3597);
#3597 = AXIS2_PLACEMENT_3D('',#3598,#3599,#3600);
#3598 = CARTESIAN_POINT('',(-0.32,-4.76,-3.));
#3599 = DIRECTION('',(-1.,0.,0.));
#3600 = DIRECTION('',(0.,0.,1.));
#3601 = ADVANCED_FACE('',(#3602),#3627,.T.);
#3602 = FACE_BOUND('',#3603,.F.);
#3603 = EDGE_LOOP('',(#3604,#3612,#3613,#3621));
#3604 = ORIENTED_EDGE('',*,*,#3605,.F.);
#3605 = EDGE_CURVE('',#2170,#3606,#3608,.T.);
#3606 = VERTEX_POINT('',#3607);
#3607 = CARTESIAN_POINT('',(0.16,-4.92,-3.));
#3608 = LINE('',#3609,#3610);
#3609 = CARTESIAN_POINT('',(0.266666666667,-4.813333333333,
    -2.893333333333));
#3610 = VECTOR('',#3611,1.);
#3611 = DIRECTION('',(-0.57735026919,-0.57735026919,-0.57735026919));
#3612 = ORIENTED_EDGE('',*,*,#2177,.T.);
#3613 = ORIENTED_EDGE('',*,*,#3614,.T.);
#3614 = EDGE_CURVE('',#2178,#3615,#3617,.T.);
#3615 = VERTEX_POINT('',#3616);
#3616 = CARTESIAN_POINT('',(-0.16,-4.92,-3.));
#3617 = LINE('',#3618,#3619);
#3618 = CARTESIAN_POINT('',(-0.16,-4.92,-3.));
#3619 = VECTOR('',#3620,1.);
#3620 = DIRECTION('',(0.57735026919,-0.57735026919,-0.57735026919));
#3621 = ORIENTED_EDGE('',*,*,#3622,.F.);
#3622 = EDGE_CURVE('',#3606,#3615,#3623,.T.);
#3623 = LINE('',#3624,#3625);
#3624 = CARTESIAN_POINT('',(0.32,-4.92,-3.));
#3625 = VECTOR('',#3626,1.);
#3626 = DIRECTION('',(-1.,0.,0.));
#3627 = PLANE('',#3628);
#3628 = AXIS2_PLACEMENT_3D('',#3629,#3630,#3631);
#3629 = CARTESIAN_POINT('',(0.32,-4.84,-2.92));
#3630 = DIRECTION('',(-1.735167508357E-18,0.707106781187,-0.707106781187
    ));
#3631 = DIRECTION('',(1.,1.226948711654E-18,-1.226948711654E-18));
#3632 = ADVANCED_FACE('',(#3633),#3644,.T.);
#3633 = FACE_BOUND('',#3634,.T.);
#3634 = EDGE_LOOP('',(#3635,#3636,#3637,#3638));
#3635 = ORIENTED_EDGE('',*,*,#2169,.F.);
#3636 = ORIENTED_EDGE('',*,*,#2209,.T.);
#3637 = ORIENTED_EDGE('',*,*,#2235,.T.);
#3638 = ORIENTED_EDGE('',*,*,#3639,.F.);
#3639 = EDGE_CURVE('',#2170,#2236,#3640,.T.);
#3640 = LINE('',#3641,#3642);
#3641 = CARTESIAN_POINT('',(0.32,-4.76,-2.84));
#3642 = VECTOR('',#3643,1.);
#3643 = DIRECTION('',(0.,-1.,0.));
#3644 = PLANE('',#3645);
#3645 = AXIS2_PLACEMENT_3D('',#3646,#3647,#3648);
#3646 = CARTESIAN_POINT('',(0.32,-4.76,0.95));
#3647 = DIRECTION('',(1.,0.,0.));
#3648 = DIRECTION('',(0.,0.,-1.));
#3649 = ADVANCED_FACE('',(#3650),#3675,.F.);
#3650 = FACE_BOUND('',#3651,.F.);
#3651 = EDGE_LOOP('',(#3652,#3660,#3668,#3674));
#3652 = ORIENTED_EDGE('',*,*,#3653,.F.);
#3653 = EDGE_CURVE('',#3654,#2236,#3656,.T.);
#3654 = VERTEX_POINT('',#3655);
#3655 = CARTESIAN_POINT('',(0.16,-5.24,-3.));
#3656 = LINE('',#3657,#3658);
#3657 = CARTESIAN_POINT('',(0.16,-5.24,-3.));
#3658 = VECTOR('',#3659,1.);
#3659 = DIRECTION('',(0.57735026919,-0.57735026919,0.57735026919));
#3660 = ORIENTED_EDGE('',*,*,#3661,.T.);
#3661 = EDGE_CURVE('',#3654,#3662,#3664,.T.);
#3662 = VERTEX_POINT('',#3663);
#3663 = CARTESIAN_POINT('',(-0.16,-5.24,-3.));
#3664 = LINE('',#3665,#3666);
#3665 = CARTESIAN_POINT('',(0.32,-5.24,-3.));
#3666 = VECTOR('',#3667,1.);
#3667 = DIRECTION('',(-1.,0.,0.));
#3668 = ORIENTED_EDGE('',*,*,#3669,.T.);
#3669 = EDGE_CURVE('',#3662,#2244,#3670,.T.);
#3670 = LINE('',#3671,#3672);
#3671 = CARTESIAN_POINT('',(-5.333333333333E-02,-5.133333333333,
    -3.106666666667));
#3672 = VECTOR('',#3673,1.);
#3673 = DIRECTION('',(-0.57735026919,-0.57735026919,0.57735026919));
#3674 = ORIENTED_EDGE('',*,*,#2243,.F.);
#3675 = PLANE('',#3676);
#3676 = AXIS2_PLACEMENT_3D('',#3677,#3678,#3679);
#3677 = CARTESIAN_POINT('',(0.32,-5.32,-2.92));
#3678 = DIRECTION('',(1.735167508357E-18,0.707106781187,0.707106781187)
  );
#3679 = DIRECTION('',(-1.,1.226948711654E-18,1.226948711654E-18));
#3680 = ADVANCED_FACE('',(#3681),#3692,.T.);
#3681 = FACE_BOUND('',#3682,.T.);
#3682 = EDGE_LOOP('',(#3683,#3689,#3690,#3691));
#3683 = ORIENTED_EDGE('',*,*,#3684,.T.);
#3684 = EDGE_CURVE('',#2297,#2370,#3685,.T.);
#3685 = LINE('',#3686,#3687);
#3686 = CARTESIAN_POINT('',(-0.32,-7.3,0.95));
#3687 = VECTOR('',#3688,1.);
#3688 = DIRECTION('',(0.,-1.,0.));
#3689 = ORIENTED_EDGE('',*,*,#2369,.T.);
#3690 = ORIENTED_EDGE('',*,*,#2273,.F.);
#3691 = ORIENTED_EDGE('',*,*,#2296,.F.);
#3692 = CYLINDRICAL_SURFACE('',#3693,0.64);
#3693 = AXIS2_PLACEMENT_3D('',#3694,#3695,#3696);
#3694 = CARTESIAN_POINT('',(0.32,-7.3,0.95));
#3695 = DIRECTION('',(0.,-1.,0.));
#3696 = DIRECTION('',(-1.,0.,0.));
#3697 = ADVANCED_FACE('',(#3698),#3709,.T.);
#3698 = FACE_BOUND('',#3699,.T.);
#3699 = EDGE_LOOP('',(#3700,#3701,#3707,#3708));
#3700 = ORIENTED_EDGE('',*,*,#2331,.F.);
#3701 = ORIENTED_EDGE('',*,*,#3702,.T.);
#3702 = EDGE_CURVE('',#2324,#2390,#3703,.T.);
#3703 = LINE('',#3704,#3705);
#3704 = CARTESIAN_POINT('',(-0.32,-7.3,-2.84));
#3705 = VECTOR('',#3706,1.);
#3706 = DIRECTION('',(0.,-1.,0.));
#3707 = ORIENTED_EDGE('',*,*,#2397,.T.);
#3708 = ORIENTED_EDGE('',*,*,#3684,.F.);
#3709 = PLANE('',#3710);
#3710 = AXIS2_PLACEMENT_3D('',#3711,#3712,#3713);
#3711 = CARTESIAN_POINT('',(-0.32,-7.3,-3.));
#3712 = DIRECTION('',(-1.,0.,0.));
#3713 = DIRECTION('',(0.,0.,1.));
#3714 = ADVANCED_FACE('',(#3715),#3740,.T.);
#3715 = FACE_BOUND('',#3716,.F.);
#3716 = EDGE_LOOP('',(#3717,#3725,#3726,#3734));
#3717 = ORIENTED_EDGE('',*,*,#3718,.F.);
#3718 = EDGE_CURVE('',#2316,#3719,#3721,.T.);
#3719 = VERTEX_POINT('',#3720);
#3720 = CARTESIAN_POINT('',(0.16,-7.46,-3.));
#3721 = LINE('',#3722,#3723);
#3722 = CARTESIAN_POINT('',(0.266666666667,-7.353333333333,
    -2.893333333333));
#3723 = VECTOR('',#3724,1.);
#3724 = DIRECTION('',(-0.57735026919,-0.57735026919,-0.57735026919));
#3725 = ORIENTED_EDGE('',*,*,#2323,.T.);
#3726 = ORIENTED_EDGE('',*,*,#3727,.T.);
#3727 = EDGE_CURVE('',#2324,#3728,#3730,.T.);
#3728 = VERTEX_POINT('',#3729);
#3729 = CARTESIAN_POINT('',(-0.16,-7.46,-3.));
#3730 = LINE('',#3731,#3732);
#3731 = CARTESIAN_POINT('',(-0.16,-7.46,-3.));
#3732 = VECTOR('',#3733,1.);
#3733 = DIRECTION('',(0.57735026919,-0.57735026919,-0.57735026919));
#3734 = ORIENTED_EDGE('',*,*,#3735,.F.);
#3735 = EDGE_CURVE('',#3719,#3728,#3736,.T.);
#3736 = LINE('',#3737,#3738);
#3737 = CARTESIAN_POINT('',(0.32,-7.46,-3.));
#3738 = VECTOR('',#3739,1.);
#3739 = DIRECTION('',(-1.,0.,0.));
#3740 = PLANE('',#3741);
#3741 = AXIS2_PLACEMENT_3D('',#3742,#3743,#3744);
#3742 = CARTESIAN_POINT('',(0.32,-7.38,-2.92));
#3743 = DIRECTION('',(-1.735167508357E-18,0.707106781187,-0.707106781187
    ));
#3744 = DIRECTION('',(1.,1.226948711654E-18,-1.226948711654E-18));
#3745 = ADVANCED_FACE('',(#3746),#3757,.T.);
#3746 = FACE_BOUND('',#3747,.T.);
#3747 = EDGE_LOOP('',(#3748,#3749,#3750,#3751));
#3748 = ORIENTED_EDGE('',*,*,#2315,.F.);
#3749 = ORIENTED_EDGE('',*,*,#2355,.T.);
#3750 = ORIENTED_EDGE('',*,*,#2381,.T.);
#3751 = ORIENTED_EDGE('',*,*,#3752,.F.);
#3752 = EDGE_CURVE('',#2316,#2382,#3753,.T.);
#3753 = LINE('',#3754,#3755);
#3754 = CARTESIAN_POINT('',(0.32,-7.3,-2.84));
#3755 = VECTOR('',#3756,1.);
#3756 = DIRECTION('',(0.,-1.,0.));
#3757 = PLANE('',#3758);
#3758 = AXIS2_PLACEMENT_3D('',#3759,#3760,#3761);
#3759 = CARTESIAN_POINT('',(0.32,-7.3,0.95));
#3760 = DIRECTION('',(1.,0.,0.));
#3761 = DIRECTION('',(0.,0.,-1.));
#3762 = ADVANCED_FACE('',(#3763),#3788,.F.);
#3763 = FACE_BOUND('',#3764,.F.);
#3764 = EDGE_LOOP('',(#3765,#3773,#3781,#3787));
#3765 = ORIENTED_EDGE('',*,*,#3766,.F.);
#3766 = EDGE_CURVE('',#3767,#2382,#3769,.T.);
#3767 = VERTEX_POINT('',#3768);
#3768 = CARTESIAN_POINT('',(0.16,-7.78,-3.));
#3769 = LINE('',#3770,#3771);
#3770 = CARTESIAN_POINT('',(0.16,-7.78,-3.));
#3771 = VECTOR('',#3772,1.);
#3772 = DIRECTION('',(0.57735026919,-0.57735026919,0.57735026919));
#3773 = ORIENTED_EDGE('',*,*,#3774,.T.);
#3774 = EDGE_CURVE('',#3767,#3775,#3777,.T.);
#3775 = VERTEX_POINT('',#3776);
#3776 = CARTESIAN_POINT('',(-0.16,-7.78,-3.));
#3777 = LINE('',#3778,#3779);
#3778 = CARTESIAN_POINT('',(0.32,-7.78,-3.));
#3779 = VECTOR('',#3780,1.);
#3780 = DIRECTION('',(-1.,0.,0.));
#3781 = ORIENTED_EDGE('',*,*,#3782,.T.);
#3782 = EDGE_CURVE('',#3775,#2390,#3783,.T.);
#3783 = LINE('',#3784,#3785);
#3784 = CARTESIAN_POINT('',(-5.333333333333E-02,-7.673333333333,
    -3.106666666667));
#3785 = VECTOR('',#3786,1.);
#3786 = DIRECTION('',(-0.57735026919,-0.57735026919,0.57735026919));
#3787 = ORIENTED_EDGE('',*,*,#2389,.F.);
#3788 = PLANE('',#3789);
#3789 = AXIS2_PLACEMENT_3D('',#3790,#3791,#3792);
#3790 = CARTESIAN_POINT('',(0.32,-7.86,-2.92));
#3791 = DIRECTION('',(1.735167508357E-18,0.707106781187,0.707106781187)
  );
#3792 = DIRECTION('',(-1.,1.226948711654E-18,1.226948711654E-18));
#3793 = ADVANCED_FACE('',(#3794),#3805,.T.);
#3794 = FACE_BOUND('',#3795,.T.);
#3795 = EDGE_LOOP('',(#3796,#3802,#3803,#3804));
#3796 = ORIENTED_EDGE('',*,*,#3797,.T.);
#3797 = EDGE_CURVE('',#2412,#2492,#3798,.T.);
#3798 = LINE('',#3799,#3800);
#3799 = CARTESIAN_POINT('',(-0.32,-12.38,0.95));
#3800 = VECTOR('',#3801,1.);
#3801 = DIRECTION('',(0.,-1.,0.));
#3802 = ORIENTED_EDGE('',*,*,#2491,.T.);
#3803 = ORIENTED_EDGE('',*,*,#2541,.F.);
#3804 = ORIENTED_EDGE('',*,*,#2411,.F.);
#3805 = CYLINDRICAL_SURFACE('',#3806,0.64);
#3806 = AXIS2_PLACEMENT_3D('',#3807,#3808,#3809);
#3807 = CARTESIAN_POINT('',(0.32,-12.38,0.95));
#3808 = DIRECTION('',(0.,-1.,0.));
#3809 = DIRECTION('',(-1.,0.,0.));
#3810 = ADVANCED_FACE('',(#3811),#3822,.T.);
#3811 = FACE_BOUND('',#3812,.T.);
#3812 = EDGE_LOOP('',(#3813,#3814,#3820,#3821));
#3813 = ORIENTED_EDGE('',*,*,#2453,.F.);
#3814 = ORIENTED_EDGE('',*,*,#3815,.T.);
#3815 = EDGE_CURVE('',#2446,#2519,#3816,.T.);
#3816 = LINE('',#3817,#3818);
#3817 = CARTESIAN_POINT('',(-0.32,-12.38,-2.84));
#3818 = VECTOR('',#3819,1.);
#3819 = DIRECTION('',(0.,-1.,0.));
#3820 = ORIENTED_EDGE('',*,*,#2526,.T.);
#3821 = ORIENTED_EDGE('',*,*,#3797,.F.);
#3822 = PLANE('',#3823);
#3823 = AXIS2_PLACEMENT_3D('',#3824,#3825,#3826);
#3824 = CARTESIAN_POINT('',(-0.32,-12.38,-3.));
#3825 = DIRECTION('',(-1.,0.,0.));
#3826 = DIRECTION('',(0.,0.,1.));
#3827 = ADVANCED_FACE('',(#3828),#3853,.T.);
#3828 = FACE_BOUND('',#3829,.F.);
#3829 = EDGE_LOOP('',(#3830,#3838,#3839,#3847));
#3830 = ORIENTED_EDGE('',*,*,#3831,.F.);
#3831 = EDGE_CURVE('',#2438,#3832,#3834,.T.);
#3832 = VERTEX_POINT('',#3833);
#3833 = CARTESIAN_POINT('',(0.16,-12.54,-3.));
#3834 = LINE('',#3835,#3836);
#3835 = CARTESIAN_POINT('',(0.266666666667,-12.43333333333,
    -2.893333333333));
#3836 = VECTOR('',#3837,1.);
#3837 = DIRECTION('',(-0.57735026919,-0.57735026919,-0.57735026919));
#3838 = ORIENTED_EDGE('',*,*,#2445,.T.);
#3839 = ORIENTED_EDGE('',*,*,#3840,.T.);
#3840 = EDGE_CURVE('',#2446,#3841,#3843,.T.);
#3841 = VERTEX_POINT('',#3842);
#3842 = CARTESIAN_POINT('',(-0.16,-12.54,-3.));
#3843 = LINE('',#3844,#3845);
#3844 = CARTESIAN_POINT('',(-0.16,-12.54,-3.));
#3845 = VECTOR('',#3846,1.);
#3846 = DIRECTION('',(0.57735026919,-0.57735026919,-0.57735026919));
#3847 = ORIENTED_EDGE('',*,*,#3848,.F.);
#3848 = EDGE_CURVE('',#3832,#3841,#3849,.T.);
#3849 = LINE('',#3850,#3851);
#3850 = CARTESIAN_POINT('',(0.32,-12.54,-3.));
#3851 = VECTOR('',#3852,1.);
#3852 = DIRECTION('',(-1.,0.,0.));
#3853 = PLANE('',#3854);
#3854 = AXIS2_PLACEMENT_3D('',#3855,#3856,#3857);
#3855 = CARTESIAN_POINT('',(0.32,-12.46,-2.92));
#3856 = DIRECTION('',(-1.735167508357E-18,0.707106781187,-0.707106781187
    ));
#3857 = DIRECTION('',(1.,1.226948711654E-18,-1.226948711654E-18));
#3858 = ADVANCED_FACE('',(#3859),#3870,.T.);
#3859 = FACE_BOUND('',#3860,.T.);
#3860 = EDGE_LOOP('',(#3861,#3862,#3863,#3864));
#3861 = ORIENTED_EDGE('',*,*,#2437,.F.);
#3862 = ORIENTED_EDGE('',*,*,#2477,.T.);
#3863 = ORIENTED_EDGE('',*,*,#2510,.T.);
#3864 = ORIENTED_EDGE('',*,*,#3865,.F.);
#3865 = EDGE_CURVE('',#2438,#2511,#3866,.T.);
#3866 = LINE('',#3867,#3868);
#3867 = CARTESIAN_POINT('',(0.32,-12.38,-2.84));
#3868 = VECTOR('',#3869,1.);
#3869 = DIRECTION('',(0.,-1.,0.));
#3870 = PLANE('',#3871);
#3871 = AXIS2_PLACEMENT_3D('',#3872,#3873,#3874);
#3872 = CARTESIAN_POINT('',(0.32,-12.38,0.95));
#3873 = DIRECTION('',(1.,0.,0.));
#3874 = DIRECTION('',(0.,0.,-1.));
#3875 = ADVANCED_FACE('',(#3876),#3901,.F.);
#3876 = FACE_BOUND('',#3877,.F.);
#3877 = EDGE_LOOP('',(#3878,#3886,#3894,#3900));
#3878 = ORIENTED_EDGE('',*,*,#3879,.F.);
#3879 = EDGE_CURVE('',#3880,#2511,#3882,.T.);
#3880 = VERTEX_POINT('',#3881);
#3881 = CARTESIAN_POINT('',(0.16,-12.86,-3.));
#3882 = LINE('',#3883,#3884);
#3883 = CARTESIAN_POINT('',(0.16,-12.86,-3.));
#3884 = VECTOR('',#3885,1.);
#3885 = DIRECTION('',(0.57735026919,-0.57735026919,0.57735026919));
#3886 = ORIENTED_EDGE('',*,*,#3887,.T.);
#3887 = EDGE_CURVE('',#3880,#3888,#3890,.T.);
#3888 = VERTEX_POINT('',#3889);
#3889 = CARTESIAN_POINT('',(-0.16,-12.86,-3.));
#3890 = LINE('',#3891,#3892);
#3891 = CARTESIAN_POINT('',(0.32,-12.86,-3.));
#3892 = VECTOR('',#3893,1.);
#3893 = DIRECTION('',(-1.,0.,0.));
#3894 = ORIENTED_EDGE('',*,*,#3895,.T.);
#3895 = EDGE_CURVE('',#3888,#2519,#3896,.T.);
#3896 = LINE('',#3897,#3898);
#3897 = CARTESIAN_POINT('',(-5.333333333333E-02,-12.75333333333,
    -3.106666666667));
#3898 = VECTOR('',#3899,1.);
#3899 = DIRECTION('',(-0.57735026919,-0.57735026919,0.57735026919));
#3900 = ORIENTED_EDGE('',*,*,#2518,.F.);
#3901 = PLANE('',#3902);
#3902 = AXIS2_PLACEMENT_3D('',#3903,#3904,#3905);
#3903 = CARTESIAN_POINT('',(0.32,-12.94,-2.92));
#3904 = DIRECTION('',(1.735167508357E-18,0.707106781187,0.707106781187)
  );
#3905 = DIRECTION('',(-1.,1.226948711654E-18,1.226948711654E-18));
#3906 = ADVANCED_FACE('',(#3907),#3918,.T.);
#3907 = FACE_BOUND('',#3908,.T.);
#3908 = EDGE_LOOP('',(#3909,#3915,#3916,#3917));
#3909 = ORIENTED_EDGE('',*,*,#3910,.T.);
#3910 = EDGE_CURVE('',#2589,#2662,#3911,.T.);
#3911 = LINE('',#3912,#3913);
#3912 = CARTESIAN_POINT('',(-0.32,-9.84,0.95));
#3913 = VECTOR('',#3914,1.);
#3914 = DIRECTION('',(0.,-1.,0.));
#3915 = ORIENTED_EDGE('',*,*,#2661,.T.);
#3916 = ORIENTED_EDGE('',*,*,#2565,.F.);
#3917 = ORIENTED_EDGE('',*,*,#2588,.F.);
#3918 = CYLINDRICAL_SURFACE('',#3919,0.64);
#3919 = AXIS2_PLACEMENT_3D('',#3920,#3921,#3922);
#3920 = CARTESIAN_POINT('',(0.32,-9.84,0.95));
#3921 = DIRECTION('',(0.,-1.,0.));
#3922 = DIRECTION('',(-1.,0.,0.));
#3923 = ADVANCED_FACE('',(#3924),#3935,.T.);
#3924 = FACE_BOUND('',#3925,.T.);
#3925 = EDGE_LOOP('',(#3926,#3927,#3933,#3934));
#3926 = ORIENTED_EDGE('',*,*,#2623,.F.);
#3927 = ORIENTED_EDGE('',*,*,#3928,.T.);
#3928 = EDGE_CURVE('',#2616,#2682,#3929,.T.);
#3929 = LINE('',#3930,#3931);
#3930 = CARTESIAN_POINT('',(-0.32,-9.84,-2.84));
#3931 = VECTOR('',#3932,1.);
#3932 = DIRECTION('',(0.,-1.,0.));
#3933 = ORIENTED_EDGE('',*,*,#2689,.T.);
#3934 = ORIENTED_EDGE('',*,*,#3910,.F.);
#3935 = PLANE('',#3936);
#3936 = AXIS2_PLACEMENT_3D('',#3937,#3938,#3939);
#3937 = CARTESIAN_POINT('',(-0.32,-9.84,-3.));
#3938 = DIRECTION('',(-1.,0.,0.));
#3939 = DIRECTION('',(0.,0.,1.));
#3940 = ADVANCED_FACE('',(#3941),#3966,.T.);
#3941 = FACE_BOUND('',#3942,.F.);
#3942 = EDGE_LOOP('',(#3943,#3951,#3952,#3960));
#3943 = ORIENTED_EDGE('',*,*,#3944,.F.);
#3944 = EDGE_CURVE('',#2608,#3945,#3947,.T.);
#3945 = VERTEX_POINT('',#3946);
#3946 = CARTESIAN_POINT('',(0.16,-10.,-3.));
#3947 = LINE('',#3948,#3949);
#3948 = CARTESIAN_POINT('',(0.266666666667,-9.893333333333,
    -2.893333333333));
#3949 = VECTOR('',#3950,1.);
#3950 = DIRECTION('',(-0.57735026919,-0.57735026919,-0.57735026919));
#3951 = ORIENTED_EDGE('',*,*,#2615,.T.);
#3952 = ORIENTED_EDGE('',*,*,#3953,.T.);
#3953 = EDGE_CURVE('',#2616,#3954,#3956,.T.);
#3954 = VERTEX_POINT('',#3955);
#3955 = CARTESIAN_POINT('',(-0.16,-10.,-3.));
#3956 = LINE('',#3957,#3958);
#3957 = CARTESIAN_POINT('',(-0.16,-10.,-3.));
#3958 = VECTOR('',#3959,1.);
#3959 = DIRECTION('',(0.57735026919,-0.57735026919,-0.57735026919));
#3960 = ORIENTED_EDGE('',*,*,#3961,.F.);
#3961 = EDGE_CURVE('',#3945,#3954,#3962,.T.);
#3962 = LINE('',#3963,#3964);
#3963 = CARTESIAN_POINT('',(0.32,-10.,-3.));
#3964 = VECTOR('',#3965,1.);
#3965 = DIRECTION('',(-1.,0.,0.));
#3966 = PLANE('',#3967);
#3967 = AXIS2_PLACEMENT_3D('',#3968,#3969,#3970);
#3968 = CARTESIAN_POINT('',(0.32,-9.92,-2.92));
#3969 = DIRECTION('',(-1.735167508357E-18,0.707106781187,-0.707106781187
    ));
#3970 = DIRECTION('',(1.,1.226948711654E-18,-1.226948711654E-18));
#3971 = ADVANCED_FACE('',(#3972),#3983,.T.);
#3972 = FACE_BOUND('',#3973,.T.);
#3973 = EDGE_LOOP('',(#3974,#3975,#3976,#3977));
#3974 = ORIENTED_EDGE('',*,*,#2607,.F.);
#3975 = ORIENTED_EDGE('',*,*,#2647,.T.);
#3976 = ORIENTED_EDGE('',*,*,#2673,.T.);
#3977 = ORIENTED_EDGE('',*,*,#3978,.F.);
#3978 = EDGE_CURVE('',#2608,#2674,#3979,.T.);
#3979 = LINE('',#3980,#3981);
#3980 = CARTESIAN_POINT('',(0.32,-9.84,-2.84));
#3981 = VECTOR('',#3982,1.);
#3982 = DIRECTION('',(0.,-1.,0.));
#3983 = PLANE('',#3984);
#3984 = AXIS2_PLACEMENT_3D('',#3985,#3986,#3987);
#3985 = CARTESIAN_POINT('',(0.32,-9.84,0.95));
#3986 = DIRECTION('',(1.,0.,0.));
#3987 = DIRECTION('',(0.,0.,-1.));
#3988 = ADVANCED_FACE('',(#3989),#4014,.F.);
#3989 = FACE_BOUND('',#3990,.F.);
#3990 = EDGE_LOOP('',(#3991,#3999,#4007,#4013));
#3991 = ORIENTED_EDGE('',*,*,#3992,.F.);
#3992 = EDGE_CURVE('',#3993,#2674,#3995,.T.);
#3993 = VERTEX_POINT('',#3994);
#3994 = CARTESIAN_POINT('',(0.16,-10.32,-3.));
#3995 = LINE('',#3996,#3997);
#3996 = CARTESIAN_POINT('',(0.16,-10.32,-3.));
#3997 = VECTOR('',#3998,1.);
#3998 = DIRECTION('',(0.57735026919,-0.57735026919,0.57735026919));
#3999 = ORIENTED_EDGE('',*,*,#4000,.T.);
#4000 = EDGE_CURVE('',#3993,#4001,#4003,.T.);
#4001 = VERTEX_POINT('',#4002);
#4002 = CARTESIAN_POINT('',(-0.16,-10.32,-3.));
#4003 = LINE('',#4004,#4005);
#4004 = CARTESIAN_POINT('',(0.32,-10.32,-3.));
#4005 = VECTOR('',#4006,1.);
#4006 = DIRECTION('',(-1.,0.,0.));
#4007 = ORIENTED_EDGE('',*,*,#4008,.T.);
#4008 = EDGE_CURVE('',#4001,#2682,#4009,.T.);
#4009 = LINE('',#4010,#4011);
#4010 = CARTESIAN_POINT('',(-5.333333333333E-02,-10.21333333333,
    -3.106666666667));
#4011 = VECTOR('',#4012,1.);
#4012 = DIRECTION('',(-0.57735026919,-0.57735026919,0.57735026919));
#4013 = ORIENTED_EDGE('',*,*,#2681,.F.);
#4014 = PLANE('',#4015);
#4015 = AXIS2_PLACEMENT_3D('',#4016,#4017,#4018);
#4016 = CARTESIAN_POINT('',(0.32,-10.4,-2.92));
#4017 = DIRECTION('',(1.735167508357E-18,0.707106781187,0.707106781187)
  );
#4018 = DIRECTION('',(-1.,1.226948711654E-18,1.226948711654E-18));
#4019 = ADVANCED_FACE('',(#4020),#4031,.T.);
#4020 = FACE_BOUND('',#4021,.T.);
#4021 = EDGE_LOOP('',(#4022,#4028,#4029,#4030));
#4022 = ORIENTED_EDGE('',*,*,#4023,.T.);
#4023 = EDGE_CURVE('',#2735,#2808,#4024,.T.);
#4024 = LINE('',#4025,#4026);
#4025 = CARTESIAN_POINT('',(-0.32,-2.22,0.95));
#4026 = VECTOR('',#4027,1.);
#4027 = DIRECTION('',(0.,-1.,0.));
#4028 = ORIENTED_EDGE('',*,*,#2807,.T.);
#4029 = ORIENTED_EDGE('',*,*,#2711,.F.);
#4030 = ORIENTED_EDGE('',*,*,#2734,.F.);
#4031 = CYLINDRICAL_SURFACE('',#4032,0.64);
#4032 = AXIS2_PLACEMENT_3D('',#4033,#4034,#4035);
#4033 = CARTESIAN_POINT('',(0.32,-2.22,0.95));
#4034 = DIRECTION('',(0.,-1.,0.));
#4035 = DIRECTION('',(-1.,0.,0.));
#4036 = ADVANCED_FACE('',(#4037),#4048,.T.);
#4037 = FACE_BOUND('',#4038,.T.);
#4038 = EDGE_LOOP('',(#4039,#4040,#4046,#4047));
#4039 = ORIENTED_EDGE('',*,*,#2769,.F.);
#4040 = ORIENTED_EDGE('',*,*,#4041,.T.);
#4041 = EDGE_CURVE('',#2762,#2828,#4042,.T.);
#4042 = LINE('',#4043,#4044);
#4043 = CARTESIAN_POINT('',(-0.32,-2.22,-2.84));
#4044 = VECTOR('',#4045,1.);
#4045 = DIRECTION('',(0.,-1.,0.));
#4046 = ORIENTED_EDGE('',*,*,#2835,.T.);
#4047 = ORIENTED_EDGE('',*,*,#4023,.F.);
#4048 = PLANE('',#4049);
#4049 = AXIS2_PLACEMENT_3D('',#4050,#4051,#4052);
#4050 = CARTESIAN_POINT('',(-0.32,-2.22,-3.));
#4051 = DIRECTION('',(-1.,0.,0.));
#4052 = DIRECTION('',(0.,0.,1.));
#4053 = ADVANCED_FACE('',(#4054),#4079,.T.);
#4054 = FACE_BOUND('',#4055,.F.);
#4055 = EDGE_LOOP('',(#4056,#4064,#4065,#4073));
#4056 = ORIENTED_EDGE('',*,*,#4057,.F.);
#4057 = EDGE_CURVE('',#2754,#4058,#4060,.T.);
#4058 = VERTEX_POINT('',#4059);
#4059 = CARTESIAN_POINT('',(0.16,-2.38,-3.));
#4060 = LINE('',#4061,#4062);
#4061 = CARTESIAN_POINT('',(0.266666666667,-2.273333333333,
    -2.893333333333));
#4062 = VECTOR('',#4063,1.);
#4063 = DIRECTION('',(-0.57735026919,-0.57735026919,-0.57735026919));
#4064 = ORIENTED_EDGE('',*,*,#2761,.T.);
#4065 = ORIENTED_EDGE('',*,*,#4066,.T.);
#4066 = EDGE_CURVE('',#2762,#4067,#4069,.T.);
#4067 = VERTEX_POINT('',#4068);
#4068 = CARTESIAN_POINT('',(-0.16,-2.38,-3.));
#4069 = LINE('',#4070,#4071);
#4070 = CARTESIAN_POINT('',(-0.16,-2.38,-3.));
#4071 = VECTOR('',#4072,1.);
#4072 = DIRECTION('',(0.57735026919,-0.57735026919,-0.57735026919));
#4073 = ORIENTED_EDGE('',*,*,#4074,.F.);
#4074 = EDGE_CURVE('',#4058,#4067,#4075,.T.);
#4075 = LINE('',#4076,#4077);
#4076 = CARTESIAN_POINT('',(0.32,-2.38,-3.));
#4077 = VECTOR('',#4078,1.);
#4078 = DIRECTION('',(-1.,0.,0.));
#4079 = PLANE('',#4080);
#4080 = AXIS2_PLACEMENT_3D('',#4081,#4082,#4083);
#4081 = CARTESIAN_POINT('',(0.32,-2.3,-2.92));
#4082 = DIRECTION('',(-1.735167508357E-18,0.707106781187,-0.707106781187
    ));
#4083 = DIRECTION('',(1.,1.226948711654E-18,-1.226948711654E-18));
#4084 = ADVANCED_FACE('',(#4085),#4096,.T.);
#4085 = FACE_BOUND('',#4086,.T.);
#4086 = EDGE_LOOP('',(#4087,#4088,#4089,#4090));
#4087 = ORIENTED_EDGE('',*,*,#2753,.F.);
#4088 = ORIENTED_EDGE('',*,*,#2793,.T.);
#4089 = ORIENTED_EDGE('',*,*,#2819,.T.);
#4090 = ORIENTED_EDGE('',*,*,#4091,.F.);
#4091 = EDGE_CURVE('',#2754,#2820,#4092,.T.);
#4092 = LINE('',#4093,#4094);
#4093 = CARTESIAN_POINT('',(0.32,-2.22,-2.84));
#4094 = VECTOR('',#4095,1.);
#4095 = DIRECTION('',(0.,-1.,0.));
#4096 = PLANE('',#4097);
#4097 = AXIS2_PLACEMENT_3D('',#4098,#4099,#4100);
#4098 = CARTESIAN_POINT('',(0.32,-2.22,0.95));
#4099 = DIRECTION('',(1.,0.,0.));
#4100 = DIRECTION('',(0.,0.,-1.));
#4101 = ADVANCED_FACE('',(#4102),#4127,.F.);
#4102 = FACE_BOUND('',#4103,.F.);
#4103 = EDGE_LOOP('',(#4104,#4112,#4120,#4126));
#4104 = ORIENTED_EDGE('',*,*,#4105,.F.);
#4105 = EDGE_CURVE('',#4106,#2820,#4108,.T.);
#4106 = VERTEX_POINT('',#4107);
#4107 = CARTESIAN_POINT('',(0.16,-2.7,-3.));
#4108 = LINE('',#4109,#4110);
#4109 = CARTESIAN_POINT('',(0.16,-2.7,-3.));
#4110 = VECTOR('',#4111,1.);
#4111 = DIRECTION('',(0.57735026919,-0.57735026919,0.57735026919));
#4112 = ORIENTED_EDGE('',*,*,#4113,.T.);
#4113 = EDGE_CURVE('',#4106,#4114,#4116,.T.);
#4114 = VERTEX_POINT('',#4115);
#4115 = CARTESIAN_POINT('',(-0.16,-2.7,-3.));
#4116 = LINE('',#4117,#4118);
#4117 = CARTESIAN_POINT('',(0.32,-2.7,-3.));
#4118 = VECTOR('',#4119,1.);
#4119 = DIRECTION('',(-1.,0.,0.));
#4120 = ORIENTED_EDGE('',*,*,#4121,.T.);
#4121 = EDGE_CURVE('',#4114,#2828,#4122,.T.);
#4122 = LINE('',#4123,#4124);
#4123 = CARTESIAN_POINT('',(-5.333333333333E-02,-2.593333333333,
    -3.106666666667));
#4124 = VECTOR('',#4125,1.);
#4125 = DIRECTION('',(-0.57735026919,-0.57735026919,0.57735026919));
#4126 = ORIENTED_EDGE('',*,*,#2827,.F.);
#4127 = PLANE('',#4128);
#4128 = AXIS2_PLACEMENT_3D('',#4129,#4130,#4131);
#4129 = CARTESIAN_POINT('',(0.32,-2.78,-2.92));
#4130 = DIRECTION('',(1.735167508357E-18,0.707106781187,0.707106781187)
  );
#4131 = DIRECTION('',(-1.,1.226948711654E-18,1.226948711654E-18));
#4132 = ADVANCED_FACE('',(#4133),#4144,.T.);
#4133 = FACE_BOUND('',#4134,.T.);
#4134 = EDGE_LOOP('',(#4135,#4141,#4142,#4143));
#4135 = ORIENTED_EDGE('',*,*,#4136,.T.);
#4136 = EDGE_CURVE('',#2881,#2954,#4137,.T.);
#4137 = LINE('',#4138,#4139);
#4138 = CARTESIAN_POINT('',(-0.32,0.32,0.95));
#4139 = VECTOR('',#4140,1.);
#4140 = DIRECTION('',(0.,-1.,0.));
#4141 = ORIENTED_EDGE('',*,*,#2953,.T.);
#4142 = ORIENTED_EDGE('',*,*,#2857,.F.);
#4143 = ORIENTED_EDGE('',*,*,#2880,.F.);
#4144 = CYLINDRICAL_SURFACE('',#4145,0.64);
#4145 = AXIS2_PLACEMENT_3D('',#4146,#4147,#4148);
#4146 = CARTESIAN_POINT('',(0.32,0.32,0.95));
#4147 = DIRECTION('',(0.,-1.,0.));
#4148 = DIRECTION('',(-1.,0.,0.));
#4149 = ADVANCED_FACE('',(#4150),#4161,.T.);
#4150 = FACE_BOUND('',#4151,.T.);
#4151 = EDGE_LOOP('',(#4152,#4153,#4159,#4160));
#4152 = ORIENTED_EDGE('',*,*,#2915,.F.);
#4153 = ORIENTED_EDGE('',*,*,#4154,.T.);
#4154 = EDGE_CURVE('',#2908,#2974,#4155,.T.);
#4155 = LINE('',#4156,#4157);
#4156 = CARTESIAN_POINT('',(-0.32,0.32,-2.84));
#4157 = VECTOR('',#4158,1.);
#4158 = DIRECTION('',(0.,-1.,0.));
#4159 = ORIENTED_EDGE('',*,*,#2981,.T.);
#4160 = ORIENTED_EDGE('',*,*,#4136,.F.);
#4161 = PLANE('',#4162);
#4162 = AXIS2_PLACEMENT_3D('',#4163,#4164,#4165);
#4163 = CARTESIAN_POINT('',(-0.32,0.32,-3.));
#4164 = DIRECTION('',(-1.,0.,0.));
#4165 = DIRECTION('',(0.,0.,1.));
#4166 = ADVANCED_FACE('',(#4167),#4192,.T.);
#4167 = FACE_BOUND('',#4168,.F.);
#4168 = EDGE_LOOP('',(#4169,#4177,#4178,#4186));
#4169 = ORIENTED_EDGE('',*,*,#4170,.F.);
#4170 = EDGE_CURVE('',#2900,#4171,#4173,.T.);
#4171 = VERTEX_POINT('',#4172);
#4172 = CARTESIAN_POINT('',(0.16,0.16,-3.));
#4173 = LINE('',#4174,#4175);
#4174 = CARTESIAN_POINT('',(0.266666666667,0.266666666667,
    -2.893333333333));
#4175 = VECTOR('',#4176,1.);
#4176 = DIRECTION('',(-0.57735026919,-0.57735026919,-0.57735026919));
#4177 = ORIENTED_EDGE('',*,*,#2907,.T.);
#4178 = ORIENTED_EDGE('',*,*,#4179,.T.);
#4179 = EDGE_CURVE('',#2908,#4180,#4182,.T.);
#4180 = VERTEX_POINT('',#4181);
#4181 = CARTESIAN_POINT('',(-0.16,0.16,-3.));
#4182 = LINE('',#4183,#4184);
#4183 = CARTESIAN_POINT('',(-0.16,0.16,-3.));
#4184 = VECTOR('',#4185,1.);
#4185 = DIRECTION('',(0.57735026919,-0.57735026919,-0.57735026919));
#4186 = ORIENTED_EDGE('',*,*,#4187,.F.);
#4187 = EDGE_CURVE('',#4171,#4180,#4188,.T.);
#4188 = LINE('',#4189,#4190);
#4189 = CARTESIAN_POINT('',(0.32,0.16,-3.));
#4190 = VECTOR('',#4191,1.);
#4191 = DIRECTION('',(-1.,0.,0.));
#4192 = PLANE('',#4193);
#4193 = AXIS2_PLACEMENT_3D('',#4194,#4195,#4196);
#4194 = CARTESIAN_POINT('',(0.32,0.24,-2.92));
#4195 = DIRECTION('',(-1.735167508357E-18,0.707106781187,-0.707106781187
    ));
#4196 = DIRECTION('',(1.,1.226948711654E-18,-1.226948711654E-18));
#4197 = ADVANCED_FACE('',(#4198),#4209,.T.);
#4198 = FACE_BOUND('',#4199,.T.);
#4199 = EDGE_LOOP('',(#4200,#4201,#4202,#4203));
#4200 = ORIENTED_EDGE('',*,*,#2899,.F.);
#4201 = ORIENTED_EDGE('',*,*,#2939,.T.);
#4202 = ORIENTED_EDGE('',*,*,#2965,.T.);
#4203 = ORIENTED_EDGE('',*,*,#4204,.F.);
#4204 = EDGE_CURVE('',#2900,#2966,#4205,.T.);
#4205 = LINE('',#4206,#4207);
#4206 = CARTESIAN_POINT('',(0.32,0.32,-2.84));
#4207 = VECTOR('',#4208,1.);
#4208 = DIRECTION('',(0.,-1.,0.));
#4209 = PLANE('',#4210);
#4210 = AXIS2_PLACEMENT_3D('',#4211,#4212,#4213);
#4211 = CARTESIAN_POINT('',(0.32,0.32,0.95));
#4212 = DIRECTION('',(1.,0.,0.));
#4213 = DIRECTION('',(0.,0.,-1.));
#4214 = ADVANCED_FACE('',(#4215),#4240,.F.);
#4215 = FACE_BOUND('',#4216,.F.);
#4216 = EDGE_LOOP('',(#4217,#4225,#4233,#4239));
#4217 = ORIENTED_EDGE('',*,*,#4218,.F.);
#4218 = EDGE_CURVE('',#4219,#2966,#4221,.T.);
#4219 = VERTEX_POINT('',#4220);
#4220 = CARTESIAN_POINT('',(0.16,-0.16,-3.));
#4221 = LINE('',#4222,#4223);
#4222 = CARTESIAN_POINT('',(0.16,-0.16,-3.));
#4223 = VECTOR('',#4224,1.);
#4224 = DIRECTION('',(0.57735026919,-0.57735026919,0.57735026919));
#4225 = ORIENTED_EDGE('',*,*,#4226,.T.);
#4226 = EDGE_CURVE('',#4219,#4227,#4229,.T.);
#4227 = VERTEX_POINT('',#4228);
#4228 = CARTESIAN_POINT('',(-0.16,-0.16,-3.));
#4229 = LINE('',#4230,#4231);
#4230 = CARTESIAN_POINT('',(0.32,-0.16,-3.));
#4231 = VECTOR('',#4232,1.);
#4232 = DIRECTION('',(-1.,0.,0.));
#4233 = ORIENTED_EDGE('',*,*,#4234,.T.);
#4234 = EDGE_CURVE('',#4227,#2974,#4235,.T.);
#4235 = LINE('',#4236,#4237);
#4236 = CARTESIAN_POINT('',(-5.333333333333E-02,-5.333333333333E-02,
    -3.106666666667));
#4237 = VECTOR('',#4238,1.);
#4238 = DIRECTION('',(-0.57735026919,-0.57735026919,0.57735026919));
#4239 = ORIENTED_EDGE('',*,*,#2973,.F.);
#4240 = PLANE('',#4241);
#4241 = AXIS2_PLACEMENT_3D('',#4242,#4243,#4244);
#4242 = CARTESIAN_POINT('',(0.32,-0.24,-2.92));
#4243 = DIRECTION('',(1.735167508357E-18,0.707106781187,0.707106781187)
  );
#4244 = DIRECTION('',(-1.,1.226948711654E-18,1.226948711654E-18));
#4245 = ADVANCED_FACE('',(#4246),#4271,.T.);
#4246 = FACE_BOUND('',#4247,.T.);
#4247 = EDGE_LOOP('',(#4248,#4256,#4257,#4265));
#4248 = ORIENTED_EDGE('',*,*,#4249,.F.);
#4249 = EDGE_CURVE('',#2996,#4250,#4252,.T.);
#4250 = VERTEX_POINT('',#4251);
#4251 = CARTESIAN_POINT('',(10.04,-4.92,1.43));
#4252 = LINE('',#4253,#4254);
#4253 = CARTESIAN_POINT('',(9.933333333333,-4.813333333333,
    1.536666666667));
#4254 = VECTOR('',#4255,1.);
#4255 = DIRECTION('',(0.57735026919,-0.57735026919,-0.57735026919));
#4256 = ORIENTED_EDGE('',*,*,#3012,.T.);
#4257 = ORIENTED_EDGE('',*,*,#4258,.T.);
#4258 = EDGE_CURVE('',#3005,#4259,#4261,.T.);
#4259 = VERTEX_POINT('',#4260);
#4260 = CARTESIAN_POINT('',(10.04,-5.24,1.43));
#4261 = LINE('',#4262,#4263);
#4262 = CARTESIAN_POINT('',(10.04,-5.24,1.43));
#4263 = VECTOR('',#4264,1.);
#4264 = DIRECTION('',(0.57735026919,0.57735026919,-0.57735026919));
#4265 = ORIENTED_EDGE('',*,*,#4266,.F.);
#4266 = EDGE_CURVE('',#4250,#4259,#4267,.T.);
#4267 = LINE('',#4268,#4269);
#4268 = CARTESIAN_POINT('',(10.04,-4.76,1.43));
#4269 = VECTOR('',#4270,1.);
#4270 = DIRECTION('',(0.,-1.,0.));
#4271 = PLANE('',#4272);
#4272 = AXIS2_PLACEMENT_3D('',#4273,#4274,#4275);
#4273 = CARTESIAN_POINT('',(9.96,-4.76,1.51));
#4274 = DIRECTION('',(0.707106781187,-1.735167508357E-18,0.707106781187)
  );
#4275 = DIRECTION('',(-1.226948711654E-18,-1.,-1.226948711654E-18));
#4276 = ADVANCED_FACE('',(#4277),#4295,.T.);
#4277 = FACE_BOUND('',#4278,.F.);
#4278 = EDGE_LOOP('',(#4279,#4280,#4281,#4289));
#4279 = ORIENTED_EDGE('',*,*,#4249,.F.);
#4280 = ORIENTED_EDGE('',*,*,#3028,.T.);
#4281 = ORIENTED_EDGE('',*,*,#4282,.T.);
#4282 = EDGE_CURVE('',#3029,#4283,#4285,.T.);
#4283 = VERTEX_POINT('',#4284);
#4284 = CARTESIAN_POINT('',(10.04,-4.92,1.11));
#4285 = LINE('',#4286,#4287);
#4286 = CARTESIAN_POINT('',(10.04,-4.92,1.11));
#4287 = VECTOR('',#4288,1.);
#4288 = DIRECTION('',(0.57735026919,-0.57735026919,0.57735026919));
#4289 = ORIENTED_EDGE('',*,*,#4290,.F.);
#4290 = EDGE_CURVE('',#4250,#4283,#4291,.T.);
#4291 = LINE('',#4292,#4293);
#4292 = CARTESIAN_POINT('',(10.04,-4.92,1.59));
#4293 = VECTOR('',#4294,1.);
#4294 = DIRECTION('',(0.,0.,-1.));
#4295 = PLANE('',#4296);
#4296 = AXIS2_PLACEMENT_3D('',#4297,#4298,#4299);
#4297 = CARTESIAN_POINT('',(9.96,-4.84,1.59));
#4298 = DIRECTION('',(0.707106781187,0.707106781187,-1.735167508357E-18)
  );
#4299 = DIRECTION('',(1.226948711654E-18,1.226948711654E-18,1.));
#4300 = ADVANCED_FACE('',(#4301),#4319,.T.);
#4301 = FACE_BOUND('',#4302,.F.);
#4302 = EDGE_LOOP('',(#4303,#4304,#4305,#4313));
#4303 = ORIENTED_EDGE('',*,*,#4282,.F.);
#4304 = ORIENTED_EDGE('',*,*,#3051,.T.);
#4305 = ORIENTED_EDGE('',*,*,#4306,.T.);
#4306 = EDGE_CURVE('',#3052,#4307,#4309,.T.);
#4307 = VERTEX_POINT('',#4308);
#4308 = CARTESIAN_POINT('',(10.04,-5.24,1.11));
#4309 = LINE('',#4310,#4311);
#4310 = CARTESIAN_POINT('',(10.146666666667,-5.133333333333,
    1.216666666667));
#4311 = VECTOR('',#4312,1.);
#4312 = DIRECTION('',(0.57735026919,0.57735026919,0.57735026919));
#4313 = ORIENTED_EDGE('',*,*,#4314,.F.);
#4314 = EDGE_CURVE('',#4283,#4307,#4315,.T.);
#4315 = LINE('',#4316,#4317);
#4316 = CARTESIAN_POINT('',(10.04,-4.76,1.11));
#4317 = VECTOR('',#4318,1.);
#4318 = DIRECTION('',(0.,-1.,0.));
#4319 = PLANE('',#4320);
#4320 = AXIS2_PLACEMENT_3D('',#4321,#4322,#4323);
#4321 = CARTESIAN_POINT('',(9.96,-4.76,1.03));
#4322 = DIRECTION('',(0.707106781187,0.,-0.707106781187));
#4323 = DIRECTION('',(0.,1.,0.));
#4324 = ADVANCED_FACE('',(#4325),#4336,.F.);
#4325 = FACE_BOUND('',#4326,.T.);
#4326 = EDGE_LOOP('',(#4327,#4328,#4329,#4330));
#4327 = ORIENTED_EDGE('',*,*,#4258,.F.);
#4328 = ORIENTED_EDGE('',*,*,#3076,.T.);
#4329 = ORIENTED_EDGE('',*,*,#4306,.T.);
#4330 = ORIENTED_EDGE('',*,*,#4331,.F.);
#4331 = EDGE_CURVE('',#4259,#4307,#4332,.T.);
#4332 = LINE('',#4333,#4334);
#4333 = CARTESIAN_POINT('',(10.04,-5.24,1.59));
#4334 = VECTOR('',#4335,1.);
#4335 = DIRECTION('',(0.,0.,-1.));
#4336 = PLANE('',#4337);
#4337 = AXIS2_PLACEMENT_3D('',#4338,#4339,#4340);
#4338 = CARTESIAN_POINT('',(9.96,-5.32,1.59));
#4339 = DIRECTION('',(-0.707106781187,0.707106781187,1.735167508357E-18)
  );
#4340 = DIRECTION('',(1.226948711654E-18,-1.226948711654E-18,1.));
#4341 = ADVANCED_FACE('',(#4342),#4367,.T.);
#4342 = FACE_BOUND('',#4343,.T.);
#4343 = EDGE_LOOP('',(#4344,#4352,#4353,#4361));
#4344 = ORIENTED_EDGE('',*,*,#4345,.F.);
#4345 = EDGE_CURVE('',#3092,#4346,#4348,.T.);
#4346 = VERTEX_POINT('',#4347);
#4347 = CARTESIAN_POINT('',(10.04,-7.46,1.43));
#4348 = LINE('',#4349,#4350);
#4349 = CARTESIAN_POINT('',(9.933333333333,-7.353333333333,
    1.536666666667));
#4350 = VECTOR('',#4351,1.);
#4351 = DIRECTION('',(0.57735026919,-0.57735026919,-0.57735026919));
#4352 = ORIENTED_EDGE('',*,*,#3108,.T.);
#4353 = ORIENTED_EDGE('',*,*,#4354,.T.);
#4354 = EDGE_CURVE('',#3101,#4355,#4357,.T.);
#4355 = VERTEX_POINT('',#4356);
#4356 = CARTESIAN_POINT('',(10.04,-7.78,1.43));
#4357 = LINE('',#4358,#4359);
#4358 = CARTESIAN_POINT('',(10.04,-7.78,1.43));
#4359 = VECTOR('',#4360,1.);
#4360 = DIRECTION('',(0.57735026919,0.57735026919,-0.57735026919));
#4361 = ORIENTED_EDGE('',*,*,#4362,.F.);
#4362 = EDGE_CURVE('',#4346,#4355,#4363,.T.);
#4363 = LINE('',#4364,#4365);
#4364 = CARTESIAN_POINT('',(10.04,-7.3,1.43));
#4365 = VECTOR('',#4366,1.);
#4366 = DIRECTION('',(0.,-1.,0.));
#4367 = PLANE('',#4368);
#4368 = AXIS2_PLACEMENT_3D('',#4369,#4370,#4371);
#4369 = CARTESIAN_POINT('',(9.96,-7.3,1.51));
#4370 = DIRECTION('',(0.707106781187,-1.735167508357E-18,0.707106781187)
  );
#4371 = DIRECTION('',(-1.226948711654E-18,-1.,-1.226948711654E-18));
#4372 = ADVANCED_FACE('',(#4373),#4391,.T.);
#4373 = FACE_BOUND('',#4374,.F.);
#4374 = EDGE_LOOP('',(#4375,#4376,#4377,#4385));
#4375 = ORIENTED_EDGE('',*,*,#4345,.F.);
#4376 = ORIENTED_EDGE('',*,*,#3124,.T.);
#4377 = ORIENTED_EDGE('',*,*,#4378,.T.);
#4378 = EDGE_CURVE('',#3125,#4379,#4381,.T.);
#4379 = VERTEX_POINT('',#4380);
#4380 = CARTESIAN_POINT('',(10.04,-7.46,1.11));
#4381 = LINE('',#4382,#4383);
#4382 = CARTESIAN_POINT('',(10.04,-7.46,1.11));
#4383 = VECTOR('',#4384,1.);
#4384 = DIRECTION('',(0.57735026919,-0.57735026919,0.57735026919));
#4385 = ORIENTED_EDGE('',*,*,#4386,.F.);
#4386 = EDGE_CURVE('',#4346,#4379,#4387,.T.);
#4387 = LINE('',#4388,#4389);
#4388 = CARTESIAN_POINT('',(10.04,-7.46,1.59));
#4389 = VECTOR('',#4390,1.);
#4390 = DIRECTION('',(0.,0.,-1.));
#4391 = PLANE('',#4392);
#4392 = AXIS2_PLACEMENT_3D('',#4393,#4394,#4395);
#4393 = CARTESIAN_POINT('',(9.96,-7.38,1.59));
#4394 = DIRECTION('',(0.707106781187,0.707106781187,-1.735167508357E-18)
  );
#4395 = DIRECTION('',(1.226948711654E-18,1.226948711654E-18,1.));
#4396 = ADVANCED_FACE('',(#4397),#4415,.T.);
#4397 = FACE_BOUND('',#4398,.F.);
#4398 = EDGE_LOOP('',(#4399,#4400,#4401,#4409));
#4399 = ORIENTED_EDGE('',*,*,#4378,.F.);
#4400 = ORIENTED_EDGE('',*,*,#3147,.T.);
#4401 = ORIENTED_EDGE('',*,*,#4402,.T.);
#4402 = EDGE_CURVE('',#3148,#4403,#4405,.T.);
#4403 = VERTEX_POINT('',#4404);
#4404 = CARTESIAN_POINT('',(10.04,-7.78,1.11));
#4405 = LINE('',#4406,#4407);
#4406 = CARTESIAN_POINT('',(10.146666666667,-7.673333333333,
    1.216666666667));
#4407 = VECTOR('',#4408,1.);
#4408 = DIRECTION('',(0.57735026919,0.57735026919,0.57735026919));
#4409 = ORIENTED_EDGE('',*,*,#4410,.F.);
#4410 = EDGE_CURVE('',#4379,#4403,#4411,.T.);
#4411 = LINE('',#4412,#4413);
#4412 = CARTESIAN_POINT('',(10.04,-7.3,1.11));
#4413 = VECTOR('',#4414,1.);
#4414 = DIRECTION('',(0.,-1.,0.));
#4415 = PLANE('',#4416);
#4416 = AXIS2_PLACEMENT_3D('',#4417,#4418,#4419);
#4417 = CARTESIAN_POINT('',(9.96,-7.3,1.03));
#4418 = DIRECTION('',(0.707106781187,0.,-0.707106781187));
#4419 = DIRECTION('',(0.,1.,0.));
#4420 = ADVANCED_FACE('',(#4421),#4432,.F.);
#4421 = FACE_BOUND('',#4422,.T.);
#4422 = EDGE_LOOP('',(#4423,#4424,#4425,#4426));
#4423 = ORIENTED_EDGE('',*,*,#4354,.F.);
#4424 = ORIENTED_EDGE('',*,*,#3172,.T.);
#4425 = ORIENTED_EDGE('',*,*,#4402,.T.);
#4426 = ORIENTED_EDGE('',*,*,#4427,.F.);
#4427 = EDGE_CURVE('',#4355,#4403,#4428,.T.);
#4428 = LINE('',#4429,#4430);
#4429 = CARTESIAN_POINT('',(10.04,-7.78,1.59));
#4430 = VECTOR('',#4431,1.);
#4431 = DIRECTION('',(0.,0.,-1.));
#4432 = PLANE('',#4433);
#4433 = AXIS2_PLACEMENT_3D('',#4434,#4435,#4436);
#4434 = CARTESIAN_POINT('',(9.96,-7.86,1.59));
#4435 = DIRECTION('',(-0.707106781187,0.707106781187,1.735167508357E-18)
  );
#4436 = DIRECTION('',(1.226948711654E-18,-1.226948711654E-18,1.));
#4437 = ADVANCED_FACE('',(#4438),#4463,.T.);
#4438 = FACE_BOUND('',#4439,.F.);
#4439 = EDGE_LOOP('',(#4440,#4448,#4449,#4457));
#4440 = ORIENTED_EDGE('',*,*,#4441,.F.);
#4441 = EDGE_CURVE('',#3189,#4442,#4444,.T.);
#4442 = VERTEX_POINT('',#4443);
#4443 = CARTESIAN_POINT('',(10.04,-12.54,1.43));
#4444 = LINE('',#4445,#4446);
#4445 = CARTESIAN_POINT('',(9.933333333333,-12.43333333333,
    1.536666666667));
#4446 = VECTOR('',#4447,1.);
#4447 = DIRECTION('',(0.57735026919,-0.57735026919,-0.57735026919));
#4448 = ORIENTED_EDGE('',*,*,#3196,.T.);
#4449 = ORIENTED_EDGE('',*,*,#4450,.T.);
#4450 = EDGE_CURVE('',#3197,#4451,#4453,.T.);
#4451 = VERTEX_POINT('',#4452);
#4452 = CARTESIAN_POINT('',(10.04,-12.54,1.11));
#4453 = LINE('',#4454,#4455);
#4454 = CARTESIAN_POINT('',(10.04,-12.54,1.11));
#4455 = VECTOR('',#4456,1.);
#4456 = DIRECTION('',(0.57735026919,-0.57735026919,0.57735026919));
#4457 = ORIENTED_EDGE('',*,*,#4458,.F.);
#4458 = EDGE_CURVE('',#4442,#4451,#4459,.T.);
#4459 = LINE('',#4460,#4461);
#4460 = CARTESIAN_POINT('',(10.04,-12.54,1.59));
#4461 = VECTOR('',#4462,1.);
#4462 = DIRECTION('',(0.,0.,-1.));
#4463 = PLANE('',#4464);
#4464 = AXIS2_PLACEMENT_3D('',#4465,#4466,#4467);
#4465 = CARTESIAN_POINT('',(9.96,-12.46,1.59));
#4466 = DIRECTION('',(0.707106781187,0.707106781187,-1.735167508357E-18)
  );
#4467 = DIRECTION('',(1.226948711654E-18,1.226948711654E-18,1.));
#4468 = ADVANCED_FACE('',(#4469),#4487,.T.);
#4469 = FACE_BOUND('',#4470,.F.);
#4470 = EDGE_LOOP('',(#4471,#4472,#4473,#4481));
#4471 = ORIENTED_EDGE('',*,*,#4450,.F.);
#4472 = ORIENTED_EDGE('',*,*,#3219,.T.);
#4473 = ORIENTED_EDGE('',*,*,#4474,.T.);
#4474 = EDGE_CURVE('',#3220,#4475,#4477,.T.);
#4475 = VERTEX_POINT('',#4476);
#4476 = CARTESIAN_POINT('',(10.04,-12.86,1.11));
#4477 = LINE('',#4478,#4479);
#4478 = CARTESIAN_POINT('',(10.146666666667,-12.75333333333,
    1.216666666667));
#4479 = VECTOR('',#4480,1.);
#4480 = DIRECTION('',(0.57735026919,0.57735026919,0.57735026919));
#4481 = ORIENTED_EDGE('',*,*,#4482,.F.);
#4482 = EDGE_CURVE('',#4451,#4475,#4483,.T.);
#4483 = LINE('',#4484,#4485);
#4484 = CARTESIAN_POINT('',(10.04,-12.38,1.11));
#4485 = VECTOR('',#4486,1.);
#4486 = DIRECTION('',(0.,-1.,0.));
#4487 = PLANE('',#4488);
#4488 = AXIS2_PLACEMENT_3D('',#4489,#4490,#4491);
#4489 = CARTESIAN_POINT('',(9.96,-12.38,1.03));
#4490 = DIRECTION('',(0.707106781187,0.,-0.707106781187));
#4491 = DIRECTION('',(0.,1.,0.));
#4492 = ADVANCED_FACE('',(#4493),#4511,.F.);
#4493 = FACE_BOUND('',#4494,.T.);
#4494 = EDGE_LOOP('',(#4495,#4503,#4504,#4505));
#4495 = ORIENTED_EDGE('',*,*,#4496,.F.);
#4496 = EDGE_CURVE('',#3244,#4497,#4499,.T.);
#4497 = VERTEX_POINT('',#4498);
#4498 = CARTESIAN_POINT('',(10.04,-12.86,1.43));
#4499 = LINE('',#4500,#4501);
#4500 = CARTESIAN_POINT('',(10.04,-12.86,1.43));
#4501 = VECTOR('',#4502,1.);
#4502 = DIRECTION('',(0.57735026919,0.57735026919,-0.57735026919));
#4503 = ORIENTED_EDGE('',*,*,#3251,.T.);
#4504 = ORIENTED_EDGE('',*,*,#4474,.T.);
#4505 = ORIENTED_EDGE('',*,*,#4506,.F.);
#4506 = EDGE_CURVE('',#4497,#4475,#4507,.T.);
#4507 = LINE('',#4508,#4509);
#4508 = CARTESIAN_POINT('',(10.04,-12.86,1.59));
#4509 = VECTOR('',#4510,1.);
#4510 = DIRECTION('',(0.,0.,-1.));
#4511 = PLANE('',#4512);
#4512 = AXIS2_PLACEMENT_3D('',#4513,#4514,#4515);
#4513 = CARTESIAN_POINT('',(9.96,-12.94,1.59));
#4514 = DIRECTION('',(-0.707106781187,0.707106781187,1.735167508357E-18)
  );
#4515 = DIRECTION('',(1.226948711654E-18,-1.226948711654E-18,1.));
#4516 = ADVANCED_FACE('',(#4517),#4528,.T.);
#4517 = FACE_BOUND('',#4518,.T.);
#4518 = EDGE_LOOP('',(#4519,#4520,#4521,#4522));
#4519 = ORIENTED_EDGE('',*,*,#4441,.F.);
#4520 = ORIENTED_EDGE('',*,*,#3269,.T.);
#4521 = ORIENTED_EDGE('',*,*,#4496,.T.);
#4522 = ORIENTED_EDGE('',*,*,#4523,.F.);
#4523 = EDGE_CURVE('',#4442,#4497,#4524,.T.);
#4524 = LINE('',#4525,#4526);
#4525 = CARTESIAN_POINT('',(10.04,-12.38,1.43));
#4526 = VECTOR('',#4527,1.);
#4527 = DIRECTION('',(0.,-1.,0.));
#4528 = PLANE('',#4529);
#4529 = AXIS2_PLACEMENT_3D('',#4530,#4531,#4532);
#4530 = CARTESIAN_POINT('',(9.96,-12.38,1.51));
#4531 = DIRECTION('',(0.707106781187,-1.735167508357E-18,0.707106781187)
  );
#4532 = DIRECTION('',(-1.226948711654E-18,-1.,-1.226948711654E-18));
#4533 = ADVANCED_FACE('',(#4534),#4559,.T.);
#4534 = FACE_BOUND('',#4535,.T.);
#4535 = EDGE_LOOP('',(#4536,#4544,#4545,#4553));
#4536 = ORIENTED_EDGE('',*,*,#4537,.F.);
#4537 = EDGE_CURVE('',#3284,#4538,#4540,.T.);
#4538 = VERTEX_POINT('',#4539);
#4539 = CARTESIAN_POINT('',(10.04,-10.,1.43));
#4540 = LINE('',#4541,#4542);
#4541 = CARTESIAN_POINT('',(9.933333333333,-9.893333333333,
    1.536666666667));
#4542 = VECTOR('',#4543,1.);
#4543 = DIRECTION('',(0.57735026919,-0.57735026919,-0.57735026919));
#4544 = ORIENTED_EDGE('',*,*,#3300,.T.);
#4545 = ORIENTED_EDGE('',*,*,#4546,.T.);
#4546 = EDGE_CURVE('',#3293,#4547,#4549,.T.);
#4547 = VERTEX_POINT('',#4548);
#4548 = CARTESIAN_POINT('',(10.04,-10.32,1.43));
#4549 = LINE('',#4550,#4551);
#4550 = CARTESIAN_POINT('',(10.04,-10.32,1.43));
#4551 = VECTOR('',#4552,1.);
#4552 = DIRECTION('',(0.57735026919,0.57735026919,-0.57735026919));
#4553 = ORIENTED_EDGE('',*,*,#4554,.F.);
#4554 = EDGE_CURVE('',#4538,#4547,#4555,.T.);
#4555 = LINE('',#4556,#4557);
#4556 = CARTESIAN_POINT('',(10.04,-9.84,1.43));
#4557 = VECTOR('',#4558,1.);
#4558 = DIRECTION('',(0.,-1.,0.));
#4559 = PLANE('',#4560);
#4560 = AXIS2_PLACEMENT_3D('',#4561,#4562,#4563);
#4561 = CARTESIAN_POINT('',(9.96,-9.84,1.51));
#4562 = DIRECTION('',(0.707106781187,-1.735167508357E-18,0.707106781187)
  );
#4563 = DIRECTION('',(-1.226948711654E-18,-1.,-1.226948711654E-18));
#4564 = ADVANCED_FACE('',(#4565),#4583,.T.);
#4565 = FACE_BOUND('',#4566,.F.);
#4566 = EDGE_LOOP('',(#4567,#4568,#4569,#4577));
#4567 = ORIENTED_EDGE('',*,*,#4537,.F.);
#4568 = ORIENTED_EDGE('',*,*,#3316,.T.);
#4569 = ORIENTED_EDGE('',*,*,#4570,.T.);
#4570 = EDGE_CURVE('',#3317,#4571,#4573,.T.);
#4571 = VERTEX_POINT('',#4572);
#4572 = CARTESIAN_POINT('',(10.04,-10.,1.11));
#4573 = LINE('',#4574,#4575);
#4574 = CARTESIAN_POINT('',(10.04,-10.,1.11));
#4575 = VECTOR('',#4576,1.);
#4576 = DIRECTION('',(0.57735026919,-0.57735026919,0.57735026919));
#4577 = ORIENTED_EDGE('',*,*,#4578,.F.);
#4578 = EDGE_CURVE('',#4538,#4571,#4579,.T.);
#4579 = LINE('',#4580,#4581);
#4580 = CARTESIAN_POINT('',(10.04,-10.,1.59));
#4581 = VECTOR('',#4582,1.);
#4582 = DIRECTION('',(0.,0.,-1.));
#4583 = PLANE('',#4584);
#4584 = AXIS2_PLACEMENT_3D('',#4585,#4586,#4587);
#4585 = CARTESIAN_POINT('',(9.96,-9.92,1.59));
#4586 = DIRECTION('',(0.707106781187,0.707106781187,-1.735167508357E-18)
  );
#4587 = DIRECTION('',(1.226948711654E-18,1.226948711654E-18,1.));
#4588 = ADVANCED_FACE('',(#4589),#4607,.T.);
#4589 = FACE_BOUND('',#4590,.F.);
#4590 = EDGE_LOOP('',(#4591,#4592,#4593,#4601));
#4591 = ORIENTED_EDGE('',*,*,#4570,.F.);
#4592 = ORIENTED_EDGE('',*,*,#3339,.T.);
#4593 = ORIENTED_EDGE('',*,*,#4594,.T.);
#4594 = EDGE_CURVE('',#3340,#4595,#4597,.T.);
#4595 = VERTEX_POINT('',#4596);
#4596 = CARTESIAN_POINT('',(10.04,-10.32,1.11));
#4597 = LINE('',#4598,#4599);
#4598 = CARTESIAN_POINT('',(10.146666666667,-10.21333333333,
    1.216666666667));
#4599 = VECTOR('',#4600,1.);
#4600 = DIRECTION('',(0.57735026919,0.57735026919,0.57735026919));
#4601 = ORIENTED_EDGE('',*,*,#4602,.F.);
#4602 = EDGE_CURVE('',#4571,#4595,#4603,.T.);
#4603 = LINE('',#4604,#4605);
#4604 = CARTESIAN_POINT('',(10.04,-9.84,1.11));
#4605 = VECTOR('',#4606,1.);
#4606 = DIRECTION('',(0.,-1.,0.));
#4607 = PLANE('',#4608);
#4608 = AXIS2_PLACEMENT_3D('',#4609,#4610,#4611);
#4609 = CARTESIAN_POINT('',(9.96,-9.84,1.03));
#4610 = DIRECTION('',(0.707106781187,0.,-0.707106781187));
#4611 = DIRECTION('',(0.,1.,0.));
#4612 = ADVANCED_FACE('',(#4613),#4624,.F.);
#4613 = FACE_BOUND('',#4614,.T.);
#4614 = EDGE_LOOP('',(#4615,#4616,#4617,#4618));
#4615 = ORIENTED_EDGE('',*,*,#4546,.F.);
#4616 = ORIENTED_EDGE('',*,*,#3364,.T.);
#4617 = ORIENTED_EDGE('',*,*,#4594,.T.);
#4618 = ORIENTED_EDGE('',*,*,#4619,.F.);
#4619 = EDGE_CURVE('',#4547,#4595,#4620,.T.);
#4620 = LINE('',#4621,#4622);
#4621 = CARTESIAN_POINT('',(10.04,-10.32,1.59));
#4622 = VECTOR('',#4623,1.);
#4623 = DIRECTION('',(0.,0.,-1.));
#4624 = PLANE('',#4625);
#4625 = AXIS2_PLACEMENT_3D('',#4626,#4627,#4628);
#4626 = CARTESIAN_POINT('',(9.96,-10.4,1.59));
#4627 = DIRECTION('',(-0.707106781187,0.707106781187,1.735167508357E-18)
  );
#4628 = DIRECTION('',(1.226948711654E-18,-1.226948711654E-18,1.));
#4629 = ADVANCED_FACE('',(#4630),#4655,.T.);
#4630 = FACE_BOUND('',#4631,.T.);
#4631 = EDGE_LOOP('',(#4632,#4640,#4641,#4649));
#4632 = ORIENTED_EDGE('',*,*,#4633,.F.);
#4633 = EDGE_CURVE('',#3380,#4634,#4636,.T.);
#4634 = VERTEX_POINT('',#4635);
#4635 = CARTESIAN_POINT('',(10.04,-2.38,1.43));
#4636 = LINE('',#4637,#4638);
#4637 = CARTESIAN_POINT('',(9.933333333333,-2.273333333333,
    1.536666666667));
#4638 = VECTOR('',#4639,1.);
#4639 = DIRECTION('',(0.57735026919,-0.57735026919,-0.57735026919));
#4640 = ORIENTED_EDGE('',*,*,#3396,.T.);
#4641 = ORIENTED_EDGE('',*,*,#4642,.T.);
#4642 = EDGE_CURVE('',#3389,#4643,#4645,.T.);
#4643 = VERTEX_POINT('',#4644);
#4644 = CARTESIAN_POINT('',(10.04,-2.7,1.43));
#4645 = LINE('',#4646,#4647);
#4646 = CARTESIAN_POINT('',(10.04,-2.7,1.43));
#4647 = VECTOR('',#4648,1.);
#4648 = DIRECTION('',(0.57735026919,0.57735026919,-0.57735026919));
#4649 = ORIENTED_EDGE('',*,*,#4650,.F.);
#4650 = EDGE_CURVE('',#4634,#4643,#4651,.T.);
#4651 = LINE('',#4652,#4653);
#4652 = CARTESIAN_POINT('',(10.04,-2.22,1.43));
#4653 = VECTOR('',#4654,1.);
#4654 = DIRECTION('',(0.,-1.,0.));
#4655 = PLANE('',#4656);
#4656 = AXIS2_PLACEMENT_3D('',#4657,#4658,#4659);
#4657 = CARTESIAN_POINT('',(9.96,-2.22,1.51));
#4658 = DIRECTION('',(0.707106781187,-1.735167508357E-18,0.707106781187)
  );
#4659 = DIRECTION('',(-1.226948711654E-18,-1.,-1.226948711654E-18));
#4660 = ADVANCED_FACE('',(#4661),#4679,.T.);
#4661 = FACE_BOUND('',#4662,.F.);
#4662 = EDGE_LOOP('',(#4663,#4664,#4665,#4673));
#4663 = ORIENTED_EDGE('',*,*,#4633,.F.);
#4664 = ORIENTED_EDGE('',*,*,#3412,.T.);
#4665 = ORIENTED_EDGE('',*,*,#4666,.T.);
#4666 = EDGE_CURVE('',#3413,#4667,#4669,.T.);
#4667 = VERTEX_POINT('',#4668);
#4668 = CARTESIAN_POINT('',(10.04,-2.38,1.11));
#4669 = LINE('',#4670,#4671);
#4670 = CARTESIAN_POINT('',(10.04,-2.38,1.11));
#4671 = VECTOR('',#4672,1.);
#4672 = DIRECTION('',(0.57735026919,-0.57735026919,0.57735026919));
#4673 = ORIENTED_EDGE('',*,*,#4674,.F.);
#4674 = EDGE_CURVE('',#4634,#4667,#4675,.T.);
#4675 = LINE('',#4676,#4677);
#4676 = CARTESIAN_POINT('',(10.04,-2.38,1.59));
#4677 = VECTOR('',#4678,1.);
#4678 = DIRECTION('',(0.,0.,-1.));
#4679 = PLANE('',#4680);
#4680 = AXIS2_PLACEMENT_3D('',#4681,#4682,#4683);
#4681 = CARTESIAN_POINT('',(9.96,-2.3,1.59));
#4682 = DIRECTION('',(0.707106781187,0.707106781187,-1.735167508357E-18)
  );
#4683 = DIRECTION('',(1.226948711654E-18,1.226948711654E-18,1.));
#4684 = ADVANCED_FACE('',(#4685),#4703,.T.);
#4685 = FACE_BOUND('',#4686,.F.);
#4686 = EDGE_LOOP('',(#4687,#4688,#4689,#4697));
#4687 = ORIENTED_EDGE('',*,*,#4666,.F.);
#4688 = ORIENTED_EDGE('',*,*,#3435,.T.);
#4689 = ORIENTED_EDGE('',*,*,#4690,.T.);
#4690 = EDGE_CURVE('',#3436,#4691,#4693,.T.);
#4691 = VERTEX_POINT('',#4692);
#4692 = CARTESIAN_POINT('',(10.04,-2.7,1.11));
#4693 = LINE('',#4694,#4695);
#4694 = CARTESIAN_POINT('',(10.146666666667,-2.593333333333,
    1.216666666667));
#4695 = VECTOR('',#4696,1.);
#4696 = DIRECTION('',(0.57735026919,0.57735026919,0.57735026919));
#4697 = ORIENTED_EDGE('',*,*,#4698,.F.);
#4698 = EDGE_CURVE('',#4667,#4691,#4699,.T.);
#4699 = LINE('',#4700,#4701);
#4700 = CARTESIAN_POINT('',(10.04,-2.22,1.11));
#4701 = VECTOR('',#4702,1.);
#4702 = DIRECTION('',(0.,-1.,0.));
#4703 = PLANE('',#4704);
#4704 = AXIS2_PLACEMENT_3D('',#4705,#4706,#4707);
#4705 = CARTESIAN_POINT('',(9.96,-2.22,1.03));
#4706 = DIRECTION('',(0.707106781187,0.,-0.707106781187));
#4707 = DIRECTION('',(0.,1.,0.));
#4708 = ADVANCED_FACE('',(#4709),#4720,.F.);
#4709 = FACE_BOUND('',#4710,.T.);
#4710 = EDGE_LOOP('',(#4711,#4712,#4713,#4714));
#4711 = ORIENTED_EDGE('',*,*,#4642,.F.);
#4712 = ORIENTED_EDGE('',*,*,#3460,.T.);
#4713 = ORIENTED_EDGE('',*,*,#4690,.T.);
#4714 = ORIENTED_EDGE('',*,*,#4715,.F.);
#4715 = EDGE_CURVE('',#4643,#4691,#4716,.T.);
#4716 = LINE('',#4717,#4718);
#4717 = CARTESIAN_POINT('',(10.04,-2.7,1.59));
#4718 = VECTOR('',#4719,1.);
#4719 = DIRECTION('',(0.,0.,-1.));
#4720 = PLANE('',#4721);
#4721 = AXIS2_PLACEMENT_3D('',#4722,#4723,#4724);
#4722 = CARTESIAN_POINT('',(9.96,-2.78,1.59));
#4723 = DIRECTION('',(-0.707106781187,0.707106781187,1.735167508357E-18)
  );
#4724 = DIRECTION('',(1.226948711654E-18,-1.226948711654E-18,1.));
#4725 = ADVANCED_FACE('',(#4726),#4751,.T.);
#4726 = FACE_BOUND('',#4727,.T.);
#4727 = EDGE_LOOP('',(#4728,#4736,#4737,#4745));
#4728 = ORIENTED_EDGE('',*,*,#4729,.F.);
#4729 = EDGE_CURVE('',#3476,#4730,#4732,.T.);
#4730 = VERTEX_POINT('',#4731);
#4731 = CARTESIAN_POINT('',(10.04,0.16,1.43));
#4732 = LINE('',#4733,#4734);
#4733 = CARTESIAN_POINT('',(9.933333333333,0.266666666667,1.536666666667
    ));
#4734 = VECTOR('',#4735,1.);
#4735 = DIRECTION('',(0.57735026919,-0.57735026919,-0.57735026919));
#4736 = ORIENTED_EDGE('',*,*,#3492,.T.);
#4737 = ORIENTED_EDGE('',*,*,#4738,.T.);
#4738 = EDGE_CURVE('',#3485,#4739,#4741,.T.);
#4739 = VERTEX_POINT('',#4740);
#4740 = CARTESIAN_POINT('',(10.04,-0.16,1.43));
#4741 = LINE('',#4742,#4743);
#4742 = CARTESIAN_POINT('',(10.04,-0.16,1.43));
#4743 = VECTOR('',#4744,1.);
#4744 = DIRECTION('',(0.57735026919,0.57735026919,-0.57735026919));
#4745 = ORIENTED_EDGE('',*,*,#4746,.F.);
#4746 = EDGE_CURVE('',#4730,#4739,#4747,.T.);
#4747 = LINE('',#4748,#4749);
#4748 = CARTESIAN_POINT('',(10.04,0.32,1.43));
#4749 = VECTOR('',#4750,1.);
#4750 = DIRECTION('',(0.,-1.,0.));
#4751 = PLANE('',#4752);
#4752 = AXIS2_PLACEMENT_3D('',#4753,#4754,#4755);
#4753 = CARTESIAN_POINT('',(9.96,0.32,1.51));
#4754 = DIRECTION('',(0.707106781187,-1.735167508357E-18,0.707106781187)
  );
#4755 = DIRECTION('',(-1.226948711654E-18,-1.,-1.226948711654E-18));
#4756 = ADVANCED_FACE('',(#4757),#4775,.T.);
#4757 = FACE_BOUND('',#4758,.F.);
#4758 = EDGE_LOOP('',(#4759,#4760,#4761,#4769));
#4759 = ORIENTED_EDGE('',*,*,#4729,.F.);
#4760 = ORIENTED_EDGE('',*,*,#3508,.T.);
#4761 = ORIENTED_EDGE('',*,*,#4762,.T.);
#4762 = EDGE_CURVE('',#3509,#4763,#4765,.T.);
#4763 = VERTEX_POINT('',#4764);
#4764 = CARTESIAN_POINT('',(10.04,0.16,1.11));
#4765 = LINE('',#4766,#4767);
#4766 = CARTESIAN_POINT('',(10.04,0.16,1.11));
#4767 = VECTOR('',#4768,1.);
#4768 = DIRECTION('',(0.57735026919,-0.57735026919,0.57735026919));
#4769 = ORIENTED_EDGE('',*,*,#4770,.F.);
#4770 = EDGE_CURVE('',#4730,#4763,#4771,.T.);
#4771 = LINE('',#4772,#4773);
#4772 = CARTESIAN_POINT('',(10.04,0.16,1.59));
#4773 = VECTOR('',#4774,1.);
#4774 = DIRECTION('',(0.,0.,-1.));
#4775 = PLANE('',#4776);
#4776 = AXIS2_PLACEMENT_3D('',#4777,#4778,#4779);
#4777 = CARTESIAN_POINT('',(9.96,0.24,1.59));
#4778 = DIRECTION('',(0.707106781187,0.707106781187,-1.735167508357E-18)
  );
#4779 = DIRECTION('',(1.226948711654E-18,1.226948711654E-18,1.));
#4780 = ADVANCED_FACE('',(#4781),#4799,.T.);
#4781 = FACE_BOUND('',#4782,.F.);
#4782 = EDGE_LOOP('',(#4783,#4784,#4785,#4793));
#4783 = ORIENTED_EDGE('',*,*,#4762,.F.);
#4784 = ORIENTED_EDGE('',*,*,#3531,.T.);
#4785 = ORIENTED_EDGE('',*,*,#4786,.T.);
#4786 = EDGE_CURVE('',#3532,#4787,#4789,.T.);
#4787 = VERTEX_POINT('',#4788);
#4788 = CARTESIAN_POINT('',(10.04,-0.16,1.11));
#4789 = LINE('',#4790,#4791);
#4790 = CARTESIAN_POINT('',(10.146666666667,-5.333333333333E-02,
    1.216666666667));
#4791 = VECTOR('',#4792,1.);
#4792 = DIRECTION('',(0.57735026919,0.57735026919,0.57735026919));
#4793 = ORIENTED_EDGE('',*,*,#4794,.F.);
#4794 = EDGE_CURVE('',#4763,#4787,#4795,.T.);
#4795 = LINE('',#4796,#4797);
#4796 = CARTESIAN_POINT('',(10.04,0.32,1.11));
#4797 = VECTOR('',#4798,1.);
#4798 = DIRECTION('',(0.,-1.,0.));
#4799 = PLANE('',#4800);
#4800 = AXIS2_PLACEMENT_3D('',#4801,#4802,#4803);
#4801 = CARTESIAN_POINT('',(9.96,0.32,1.03));
#4802 = DIRECTION('',(0.707106781187,0.,-0.707106781187));
#4803 = DIRECTION('',(0.,1.,0.));
#4804 = ADVANCED_FACE('',(#4805),#4816,.F.);
#4805 = FACE_BOUND('',#4806,.T.);
#4806 = EDGE_LOOP('',(#4807,#4808,#4809,#4810));
#4807 = ORIENTED_EDGE('',*,*,#4738,.F.);
#4808 = ORIENTED_EDGE('',*,*,#3556,.T.);
#4809 = ORIENTED_EDGE('',*,*,#4786,.T.);
#4810 = ORIENTED_EDGE('',*,*,#4811,.F.);
#4811 = EDGE_CURVE('',#4739,#4787,#4812,.T.);
#4812 = LINE('',#4813,#4814);
#4813 = CARTESIAN_POINT('',(10.04,-0.16,1.59));
#4814 = VECTOR('',#4815,1.);
#4815 = DIRECTION('',(0.,0.,-1.));
#4816 = PLANE('',#4817);
#4817 = AXIS2_PLACEMENT_3D('',#4818,#4819,#4820);
#4818 = CARTESIAN_POINT('',(9.96,-0.24,1.59));
#4819 = DIRECTION('',(-0.707106781187,0.707106781187,1.735167508357E-18)
  );
#4820 = DIRECTION('',(1.226948711654E-18,-1.226948711654E-18,1.));
#4821 = ADVANCED_FACE('',(#4822),#4833,.T.);
#4822 = FACE_BOUND('',#4823,.F.);
#4823 = EDGE_LOOP('',(#4824,#4825,#4826,#4827));
#4824 = ORIENTED_EDGE('',*,*,#3614,.F.);
#4825 = ORIENTED_EDGE('',*,*,#3589,.T.);
#4826 = ORIENTED_EDGE('',*,*,#3669,.F.);
#4827 = ORIENTED_EDGE('',*,*,#4828,.F.);
#4828 = EDGE_CURVE('',#3615,#3662,#4829,.T.);
#4829 = LINE('',#4830,#4831);
#4830 = CARTESIAN_POINT('',(-0.16,-4.76,-3.));
#4831 = VECTOR('',#4832,1.);
#4832 = DIRECTION('',(0.,-1.,0.));
#4833 = PLANE('',#4834);
#4834 = AXIS2_PLACEMENT_3D('',#4835,#4836,#4837);
#4835 = CARTESIAN_POINT('',(-0.24,-4.76,-2.92));
#4836 = DIRECTION('',(-0.707106781187,-1.735167508357E-18,
    -0.707106781187));
#4837 = DIRECTION('',(-1.226948711654E-18,1.,-1.226948711654E-18));
#4838 = ADVANCED_FACE('',(#4839),#4850,.T.);
#4839 = FACE_BOUND('',#4840,.F.);
#4840 = EDGE_LOOP('',(#4841,#4842,#4848,#4849));
#4841 = ORIENTED_EDGE('',*,*,#3605,.T.);
#4842 = ORIENTED_EDGE('',*,*,#4843,.T.);
#4843 = EDGE_CURVE('',#3606,#3654,#4844,.T.);
#4844 = LINE('',#4845,#4846);
#4845 = CARTESIAN_POINT('',(0.16,-4.76,-3.));
#4846 = VECTOR('',#4847,1.);
#4847 = DIRECTION('',(0.,-1.,0.));
#4848 = ORIENTED_EDGE('',*,*,#3653,.T.);
#4849 = ORIENTED_EDGE('',*,*,#3639,.F.);
#4850 = PLANE('',#4851);
#4851 = AXIS2_PLACEMENT_3D('',#4852,#4853,#4854);
#4852 = CARTESIAN_POINT('',(0.24,-4.76,-2.92));
#4853 = DIRECTION('',(0.707106781187,1.735167508357E-18,-0.707106781187)
  );
#4854 = DIRECTION('',(-1.226948711654E-18,1.,1.226948711654E-18));
#4855 = ADVANCED_FACE('',(#4856),#4862,.T.);
#4856 = FACE_BOUND('',#4857,.T.);
#4857 = EDGE_LOOP('',(#4858,#4859,#4860,#4861));
#4858 = ORIENTED_EDGE('',*,*,#3622,.F.);
#4859 = ORIENTED_EDGE('',*,*,#4843,.T.);
#4860 = ORIENTED_EDGE('',*,*,#3661,.T.);
#4861 = ORIENTED_EDGE('',*,*,#4828,.F.);
#4862 = PLANE('',#4863);
#4863 = AXIS2_PLACEMENT_3D('',#4864,#4865,#4866);
#4864 = CARTESIAN_POINT('',(0.32,-4.76,-3.));
#4865 = DIRECTION('',(-0.,-0.,-1.));
#4866 = DIRECTION('',(-1.,0.,0.));
#4867 = ADVANCED_FACE('',(#4868),#4879,.T.);
#4868 = FACE_BOUND('',#4869,.F.);
#4869 = EDGE_LOOP('',(#4870,#4871,#4872,#4873));
#4870 = ORIENTED_EDGE('',*,*,#3727,.F.);
#4871 = ORIENTED_EDGE('',*,*,#3702,.T.);
#4872 = ORIENTED_EDGE('',*,*,#3782,.F.);
#4873 = ORIENTED_EDGE('',*,*,#4874,.F.);
#4874 = EDGE_CURVE('',#3728,#3775,#4875,.T.);
#4875 = LINE('',#4876,#4877);
#4876 = CARTESIAN_POINT('',(-0.16,-7.3,-3.));
#4877 = VECTOR('',#4878,1.);
#4878 = DIRECTION('',(0.,-1.,0.));
#4879 = PLANE('',#4880);
#4880 = AXIS2_PLACEMENT_3D('',#4881,#4882,#4883);
#4881 = CARTESIAN_POINT('',(-0.24,-7.3,-2.92));
#4882 = DIRECTION('',(-0.707106781187,-1.735167508357E-18,
    -0.707106781187));
#4883 = DIRECTION('',(-1.226948711654E-18,1.,-1.226948711654E-18));
#4884 = ADVANCED_FACE('',(#4885),#4896,.T.);
#4885 = FACE_BOUND('',#4886,.F.);
#4886 = EDGE_LOOP('',(#4887,#4888,#4894,#4895));
#4887 = ORIENTED_EDGE('',*,*,#3718,.T.);
#4888 = ORIENTED_EDGE('',*,*,#4889,.T.);
#4889 = EDGE_CURVE('',#3719,#3767,#4890,.T.);
#4890 = LINE('',#4891,#4892);
#4891 = CARTESIAN_POINT('',(0.16,-7.3,-3.));
#4892 = VECTOR('',#4893,1.);
#4893 = DIRECTION('',(0.,-1.,0.));
#4894 = ORIENTED_EDGE('',*,*,#3766,.T.);
#4895 = ORIENTED_EDGE('',*,*,#3752,.F.);
#4896 = PLANE('',#4897);
#4897 = AXIS2_PLACEMENT_3D('',#4898,#4899,#4900);
#4898 = CARTESIAN_POINT('',(0.24,-7.3,-2.92));
#4899 = DIRECTION('',(0.707106781187,1.735167508357E-18,-0.707106781187)
  );
#4900 = DIRECTION('',(-1.226948711654E-18,1.,1.226948711654E-18));
#4901 = ADVANCED_FACE('',(#4902),#4908,.T.);
#4902 = FACE_BOUND('',#4903,.T.);
#4903 = EDGE_LOOP('',(#4904,#4905,#4906,#4907));
#4904 = ORIENTED_EDGE('',*,*,#3735,.F.);
#4905 = ORIENTED_EDGE('',*,*,#4889,.T.);
#4906 = ORIENTED_EDGE('',*,*,#3774,.T.);
#4907 = ORIENTED_EDGE('',*,*,#4874,.F.);
#4908 = PLANE('',#4909);
#4909 = AXIS2_PLACEMENT_3D('',#4910,#4911,#4912);
#4910 = CARTESIAN_POINT('',(0.32,-7.3,-3.));
#4911 = DIRECTION('',(-0.,-0.,-1.));
#4912 = DIRECTION('',(-1.,0.,0.));
#4913 = ADVANCED_FACE('',(#4914),#4925,.T.);
#4914 = FACE_BOUND('',#4915,.F.);
#4915 = EDGE_LOOP('',(#4916,#4917,#4918,#4919));
#4916 = ORIENTED_EDGE('',*,*,#3840,.F.);
#4917 = ORIENTED_EDGE('',*,*,#3815,.T.);
#4918 = ORIENTED_EDGE('',*,*,#3895,.F.);
#4919 = ORIENTED_EDGE('',*,*,#4920,.F.);
#4920 = EDGE_CURVE('',#3841,#3888,#4921,.T.);
#4921 = LINE('',#4922,#4923);
#4922 = CARTESIAN_POINT('',(-0.16,-12.38,-3.));
#4923 = VECTOR('',#4924,1.);
#4924 = DIRECTION('',(0.,-1.,0.));
#4925 = PLANE('',#4926);
#4926 = AXIS2_PLACEMENT_3D('',#4927,#4928,#4929);
#4927 = CARTESIAN_POINT('',(-0.24,-12.38,-2.92));
#4928 = DIRECTION('',(-0.707106781187,-1.735167508357E-18,
    -0.707106781187));
#4929 = DIRECTION('',(-1.226948711654E-18,1.,-1.226948711654E-18));
#4930 = ADVANCED_FACE('',(#4931),#4942,.T.);
#4931 = FACE_BOUND('',#4932,.F.);
#4932 = EDGE_LOOP('',(#4933,#4934,#4940,#4941));
#4933 = ORIENTED_EDGE('',*,*,#3831,.T.);
#4934 = ORIENTED_EDGE('',*,*,#4935,.T.);
#4935 = EDGE_CURVE('',#3832,#3880,#4936,.T.);
#4936 = LINE('',#4937,#4938);
#4937 = CARTESIAN_POINT('',(0.16,-12.38,-3.));
#4938 = VECTOR('',#4939,1.);
#4939 = DIRECTION('',(0.,-1.,0.));
#4940 = ORIENTED_EDGE('',*,*,#3879,.T.);
#4941 = ORIENTED_EDGE('',*,*,#3865,.F.);
#4942 = PLANE('',#4943);
#4943 = AXIS2_PLACEMENT_3D('',#4944,#4945,#4946);
#4944 = CARTESIAN_POINT('',(0.24,-12.38,-2.92));
#4945 = DIRECTION('',(0.707106781187,1.735167508357E-18,-0.707106781187)
  );
#4946 = DIRECTION('',(-1.226948711654E-18,1.,1.226948711654E-18));
#4947 = ADVANCED_FACE('',(#4948),#4954,.T.);
#4948 = FACE_BOUND('',#4949,.T.);
#4949 = EDGE_LOOP('',(#4950,#4951,#4952,#4953));
#4950 = ORIENTED_EDGE('',*,*,#3848,.F.);
#4951 = ORIENTED_EDGE('',*,*,#4935,.T.);
#4952 = ORIENTED_EDGE('',*,*,#3887,.T.);
#4953 = ORIENTED_EDGE('',*,*,#4920,.F.);
#4954 = PLANE('',#4955);
#4955 = AXIS2_PLACEMENT_3D('',#4956,#4957,#4958);
#4956 = CARTESIAN_POINT('',(0.32,-12.38,-3.));
#4957 = DIRECTION('',(-0.,-0.,-1.));
#4958 = DIRECTION('',(-1.,0.,0.));
#4959 = ADVANCED_FACE('',(#4960),#4971,.T.);
#4960 = FACE_BOUND('',#4961,.F.);
#4961 = EDGE_LOOP('',(#4962,#4963,#4964,#4965));
#4962 = ORIENTED_EDGE('',*,*,#3953,.F.);
#4963 = ORIENTED_EDGE('',*,*,#3928,.T.);
#4964 = ORIENTED_EDGE('',*,*,#4008,.F.);
#4965 = ORIENTED_EDGE('',*,*,#4966,.F.);
#4966 = EDGE_CURVE('',#3954,#4001,#4967,.T.);
#4967 = LINE('',#4968,#4969);
#4968 = CARTESIAN_POINT('',(-0.16,-9.84,-3.));
#4969 = VECTOR('',#4970,1.);
#4970 = DIRECTION('',(0.,-1.,0.));
#4971 = PLANE('',#4972);
#4972 = AXIS2_PLACEMENT_3D('',#4973,#4974,#4975);
#4973 = CARTESIAN_POINT('',(-0.24,-9.84,-2.92));
#4974 = DIRECTION('',(-0.707106781187,-1.735167508357E-18,
    -0.707106781187));
#4975 = DIRECTION('',(-1.226948711654E-18,1.,-1.226948711654E-18));
#4976 = ADVANCED_FACE('',(#4977),#4988,.T.);
#4977 = FACE_BOUND('',#4978,.F.);
#4978 = EDGE_LOOP('',(#4979,#4980,#4986,#4987));
#4979 = ORIENTED_EDGE('',*,*,#3944,.T.);
#4980 = ORIENTED_EDGE('',*,*,#4981,.T.);
#4981 = EDGE_CURVE('',#3945,#3993,#4982,.T.);
#4982 = LINE('',#4983,#4984);
#4983 = CARTESIAN_POINT('',(0.16,-9.84,-3.));
#4984 = VECTOR('',#4985,1.);
#4985 = DIRECTION('',(0.,-1.,0.));
#4986 = ORIENTED_EDGE('',*,*,#3992,.T.);
#4987 = ORIENTED_EDGE('',*,*,#3978,.F.);
#4988 = PLANE('',#4989);
#4989 = AXIS2_PLACEMENT_3D('',#4990,#4991,#4992);
#4990 = CARTESIAN_POINT('',(0.24,-9.84,-2.92));
#4991 = DIRECTION('',(0.707106781187,1.735167508357E-18,-0.707106781187)
  );
#4992 = DIRECTION('',(-1.226948711654E-18,1.,1.226948711654E-18));
#4993 = ADVANCED_FACE('',(#4994),#5000,.T.);
#4994 = FACE_BOUND('',#4995,.T.);
#4995 = EDGE_LOOP('',(#4996,#4997,#4998,#4999));
#4996 = ORIENTED_EDGE('',*,*,#3961,.F.);
#4997 = ORIENTED_EDGE('',*,*,#4981,.T.);
#4998 = ORIENTED_EDGE('',*,*,#4000,.T.);
#4999 = ORIENTED_EDGE('',*,*,#4966,.F.);
#5000 = PLANE('',#5001);
#5001 = AXIS2_PLACEMENT_3D('',#5002,#5003,#5004);
#5002 = CARTESIAN_POINT('',(0.32,-9.84,-3.));
#5003 = DIRECTION('',(-0.,-0.,-1.));
#5004 = DIRECTION('',(-1.,0.,0.));
#5005 = ADVANCED_FACE('',(#5006),#5017,.T.);
#5006 = FACE_BOUND('',#5007,.F.);
#5007 = EDGE_LOOP('',(#5008,#5009,#5010,#5011));
#5008 = ORIENTED_EDGE('',*,*,#4066,.F.);
#5009 = ORIENTED_EDGE('',*,*,#4041,.T.);
#5010 = ORIENTED_EDGE('',*,*,#4121,.F.);
#5011 = ORIENTED_EDGE('',*,*,#5012,.F.);
#5012 = EDGE_CURVE('',#4067,#4114,#5013,.T.);
#5013 = LINE('',#5014,#5015);
#5014 = CARTESIAN_POINT('',(-0.16,-2.22,-3.));
#5015 = VECTOR('',#5016,1.);
#5016 = DIRECTION('',(0.,-1.,0.));
#5017 = PLANE('',#5018);
#5018 = AXIS2_PLACEMENT_3D('',#5019,#5020,#5021);
#5019 = CARTESIAN_POINT('',(-0.24,-2.22,-2.92));
#5020 = DIRECTION('',(-0.707106781187,-1.735167508357E-18,
    -0.707106781187));
#5021 = DIRECTION('',(-1.226948711654E-18,1.,-1.226948711654E-18));
#5022 = ADVANCED_FACE('',(#5023),#5034,.T.);
#5023 = FACE_BOUND('',#5024,.F.);
#5024 = EDGE_LOOP('',(#5025,#5026,#5032,#5033));
#5025 = ORIENTED_EDGE('',*,*,#4057,.T.);
#5026 = ORIENTED_EDGE('',*,*,#5027,.T.);
#5027 = EDGE_CURVE('',#4058,#4106,#5028,.T.);
#5028 = LINE('',#5029,#5030);
#5029 = CARTESIAN_POINT('',(0.16,-2.22,-3.));
#5030 = VECTOR('',#5031,1.);
#5031 = DIRECTION('',(0.,-1.,0.));
#5032 = ORIENTED_EDGE('',*,*,#4105,.T.);
#5033 = ORIENTED_EDGE('',*,*,#4091,.F.);
#5034 = PLANE('',#5035);
#5035 = AXIS2_PLACEMENT_3D('',#5036,#5037,#5038);
#5036 = CARTESIAN_POINT('',(0.24,-2.22,-2.92));
#5037 = DIRECTION('',(0.707106781187,1.735167508357E-18,-0.707106781187)
  );
#5038 = DIRECTION('',(-1.226948711654E-18,1.,1.226948711654E-18));
#5039 = ADVANCED_FACE('',(#5040),#5046,.T.);
#5040 = FACE_BOUND('',#5041,.T.);
#5041 = EDGE_LOOP('',(#5042,#5043,#5044,#5045));
#5042 = ORIENTED_EDGE('',*,*,#4074,.F.);
#5043 = ORIENTED_EDGE('',*,*,#5027,.T.);
#5044 = ORIENTED_EDGE('',*,*,#4113,.T.);
#5045 = ORIENTED_EDGE('',*,*,#5012,.F.);
#5046 = PLANE('',#5047);
#5047 = AXIS2_PLACEMENT_3D('',#5048,#5049,#5050);
#5048 = CARTESIAN_POINT('',(0.32,-2.22,-3.));
#5049 = DIRECTION('',(-0.,-0.,-1.));
#5050 = DIRECTION('',(-1.,0.,0.));
#5051 = ADVANCED_FACE('',(#5052),#5063,.T.);
#5052 = FACE_BOUND('',#5053,.F.);
#5053 = EDGE_LOOP('',(#5054,#5055,#5056,#5057));
#5054 = ORIENTED_EDGE('',*,*,#4179,.F.);
#5055 = ORIENTED_EDGE('',*,*,#4154,.T.);
#5056 = ORIENTED_EDGE('',*,*,#4234,.F.);
#5057 = ORIENTED_EDGE('',*,*,#5058,.F.);
#5058 = EDGE_CURVE('',#4180,#4227,#5059,.T.);
#5059 = LINE('',#5060,#5061);
#5060 = CARTESIAN_POINT('',(-0.16,0.32,-3.));
#5061 = VECTOR('',#5062,1.);
#5062 = DIRECTION('',(0.,-1.,0.));
#5063 = PLANE('',#5064);
#5064 = AXIS2_PLACEMENT_3D('',#5065,#5066,#5067);
#5065 = CARTESIAN_POINT('',(-0.24,0.32,-2.92));
#5066 = DIRECTION('',(-0.707106781187,-1.735167508357E-18,
    -0.707106781187));
#5067 = DIRECTION('',(-1.226948711654E-18,1.,-1.226948711654E-18));
#5068 = ADVANCED_FACE('',(#5069),#5080,.T.);
#5069 = FACE_BOUND('',#5070,.F.);
#5070 = EDGE_LOOP('',(#5071,#5072,#5078,#5079));
#5071 = ORIENTED_EDGE('',*,*,#4170,.T.);
#5072 = ORIENTED_EDGE('',*,*,#5073,.T.);
#5073 = EDGE_CURVE('',#4171,#4219,#5074,.T.);
#5074 = LINE('',#5075,#5076);
#5075 = CARTESIAN_POINT('',(0.16,0.32,-3.));
#5076 = VECTOR('',#5077,1.);
#5077 = DIRECTION('',(0.,-1.,0.));
#5078 = ORIENTED_EDGE('',*,*,#4218,.T.);
#5079 = ORIENTED_EDGE('',*,*,#4204,.F.);
#5080 = PLANE('',#5081);
#5081 = AXIS2_PLACEMENT_3D('',#5082,#5083,#5084);
#5082 = CARTESIAN_POINT('',(0.24,0.32,-2.92));
#5083 = DIRECTION('',(0.707106781187,1.735167508357E-18,-0.707106781187)
  );
#5084 = DIRECTION('',(-1.226948711654E-18,1.,1.226948711654E-18));
#5085 = ADVANCED_FACE('',(#5086),#5092,.T.);
#5086 = FACE_BOUND('',#5087,.T.);
#5087 = EDGE_LOOP('',(#5088,#5089,#5090,#5091));
#5088 = ORIENTED_EDGE('',*,*,#4187,.F.);
#5089 = ORIENTED_EDGE('',*,*,#5073,.T.);
#5090 = ORIENTED_EDGE('',*,*,#4226,.T.);
#5091 = ORIENTED_EDGE('',*,*,#5058,.F.);
#5092 = PLANE('',#5093);
#5093 = AXIS2_PLACEMENT_3D('',#5094,#5095,#5096);
#5094 = CARTESIAN_POINT('',(0.32,0.32,-3.));
#5095 = DIRECTION('',(-0.,-0.,-1.));
#5096 = DIRECTION('',(-1.,0.,0.));
#5097 = ADVANCED_FACE('',(#5098),#5104,.T.);
#5098 = FACE_BOUND('',#5099,.T.);
#5099 = EDGE_LOOP('',(#5100,#5101,#5102,#5103));
#5100 = ORIENTED_EDGE('',*,*,#4290,.F.);
#5101 = ORIENTED_EDGE('',*,*,#4266,.T.);
#5102 = ORIENTED_EDGE('',*,*,#4331,.T.);
#5103 = ORIENTED_EDGE('',*,*,#4314,.F.);
#5104 = PLANE('',#5105);
#5105 = AXIS2_PLACEMENT_3D('',#5106,#5107,#5108);
#5106 = CARTESIAN_POINT('',(10.04,-4.76,1.59));
#5107 = DIRECTION('',(1.,0.,0.));
#5108 = DIRECTION('',(0.,0.,-1.));
#5109 = ADVANCED_FACE('',(#5110),#5116,.T.);
#5110 = FACE_BOUND('',#5111,.T.);
#5111 = EDGE_LOOP('',(#5112,#5113,#5114,#5115));
#5112 = ORIENTED_EDGE('',*,*,#4386,.F.);
#5113 = ORIENTED_EDGE('',*,*,#4362,.T.);
#5114 = ORIENTED_EDGE('',*,*,#4427,.T.);
#5115 = ORIENTED_EDGE('',*,*,#4410,.F.);
#5116 = PLANE('',#5117);
#5117 = AXIS2_PLACEMENT_3D('',#5118,#5119,#5120);
#5118 = CARTESIAN_POINT('',(10.04,-7.3,1.59));
#5119 = DIRECTION('',(1.,0.,0.));
#5120 = DIRECTION('',(0.,0.,-1.));
#5121 = ADVANCED_FACE('',(#5122),#5128,.T.);
#5122 = FACE_BOUND('',#5123,.T.);
#5123 = EDGE_LOOP('',(#5124,#5125,#5126,#5127));
#5124 = ORIENTED_EDGE('',*,*,#4458,.F.);
#5125 = ORIENTED_EDGE('',*,*,#4523,.T.);
#5126 = ORIENTED_EDGE('',*,*,#4506,.T.);
#5127 = ORIENTED_EDGE('',*,*,#4482,.F.);
#5128 = PLANE('',#5129);
#5129 = AXIS2_PLACEMENT_3D('',#5130,#5131,#5132);
#5130 = CARTESIAN_POINT('',(10.04,-12.38,1.59));
#5131 = DIRECTION('',(1.,0.,0.));
#5132 = DIRECTION('',(0.,0.,-1.));
#5133 = ADVANCED_FACE('',(#5134),#5140,.T.);
#5134 = FACE_BOUND('',#5135,.T.);
#5135 = EDGE_LOOP('',(#5136,#5137,#5138,#5139));
#5136 = ORIENTED_EDGE('',*,*,#4578,.F.);
#5137 = ORIENTED_EDGE('',*,*,#4554,.T.);
#5138 = ORIENTED_EDGE('',*,*,#4619,.T.);
#5139 = ORIENTED_EDGE('',*,*,#4602,.F.);
#5140 = PLANE('',#5141);
#5141 = AXIS2_PLACEMENT_3D('',#5142,#5143,#5144);
#5142 = CARTESIAN_POINT('',(10.04,-9.84,1.59));
#5143 = DIRECTION('',(1.,0.,0.));
#5144 = DIRECTION('',(0.,0.,-1.));
#5145 = ADVANCED_FACE('',(#5146),#5152,.T.);
#5146 = FACE_BOUND('',#5147,.T.);
#5147 = EDGE_LOOP('',(#5148,#5149,#5150,#5151));
#5148 = ORIENTED_EDGE('',*,*,#4674,.F.);
#5149 = ORIENTED_EDGE('',*,*,#4650,.T.);
#5150 = ORIENTED_EDGE('',*,*,#4715,.T.);
#5151 = ORIENTED_EDGE('',*,*,#4698,.F.);
#5152 = PLANE('',#5153);
#5153 = AXIS2_PLACEMENT_3D('',#5154,#5155,#5156);
#5154 = CARTESIAN_POINT('',(10.04,-2.22,1.59));
#5155 = DIRECTION('',(1.,0.,0.));
#5156 = DIRECTION('',(0.,0.,-1.));
#5157 = ADVANCED_FACE('',(#5158),#5164,.T.);
#5158 = FACE_BOUND('',#5159,.T.);
#5159 = EDGE_LOOP('',(#5160,#5161,#5162,#5163));
#5160 = ORIENTED_EDGE('',*,*,#4770,.F.);
#5161 = ORIENTED_EDGE('',*,*,#4746,.T.);
#5162 = ORIENTED_EDGE('',*,*,#4811,.T.);
#5163 = ORIENTED_EDGE('',*,*,#4794,.F.);
#5164 = PLANE('',#5165);
#5165 = AXIS2_PLACEMENT_3D('',#5166,#5167,#5168);
#5166 = CARTESIAN_POINT('',(10.04,0.32,1.59));
#5167 = DIRECTION('',(1.,0.,0.));
#5168 = DIRECTION('',(0.,0.,-1.));
#5169 = ( GEOMETRIC_REPRESENTATION_CONTEXT(3) 
GLOBAL_UNCERTAINTY_ASSIGNED_CONTEXT((#5173)) 
GLOBAL_UNIT_ASSIGNED_CONTEXT((#5170,#5171,#5172)) REPRESENTATION_CONTEXT
('Context #1','3D Context with UNIT and UNCERTAINTY') );
#5170 = ( LENGTH_UNIT() NAMED_UNIT(*) SI_UNIT(.MILLI.,.METRE.) );
#5171 = ( NAMED_UNIT(*) PLANE_ANGLE_UNIT() SI_UNIT($,.RADIAN.) );
#5172 = ( NAMED_UNIT(*) SI_UNIT($,.STERADIAN.) SOLID_ANGLE_UNIT() );
#5173 = UNCERTAINTY_MEASURE_WITH_UNIT(LENGTH_MEASURE(1.E-07),#5170,
  'distance_accuracy_value','confusion accuracy');
#5174 = CONTEXT_DEPENDENT_SHAPE_REPRESENTATION(#5175,#5177);
#5175 = ( REPRESENTATION_RELATIONSHIP('','',#434,#10) 
REPRESENTATION_RELATIONSHIP_WITH_TRANSFORMATION(#5176) 
SHAPE_REPRESENTATION_RELATIONSHIP() );
#5176 = ITEM_DEFINED_TRANSFORMATION('','',#11,#19);
#5177 = PRODUCT_DEFINITION_SHAPE('Placement','Placement of an item',
  #5178);
#5178 = NEXT_ASSEMBLY_USAGE_OCCURRENCE('2','J4','',#5,#429,$);
#5179 = PRODUCT_RELATED_PRODUCT_CATEGORY('part',$,(#431));
#5180 = CONTEXT_DEPENDENT_SHAPE_REPRESENTATION(#5181,#5183);
#5181 = ( REPRESENTATION_RELATIONSHIP('','',#80,#10) 
REPRESENTATION_RELATIONSHIP_WITH_TRANSFORMATION(#5182) 
SHAPE_REPRESENTATION_RELATIONSHIP() );
#5182 = ITEM_DEFINED_TRANSFORMATION('','',#11,#23);
#5183 = PRODUCT_DEFINITION_SHAPE('Placement','Placement of an item',
  #5184);
#5184 = NEXT_ASSEMBLY_USAGE_OCCURRENCE('3','D1','',#5,#75,$);
#5185 = CONTEXT_DEPENDENT_SHAPE_REPRESENTATION(#5186,#5188);
#5186 = ( REPRESENTATION_RELATIONSHIP('','',#80,#10) 
REPRESENTATION_RELATIONSHIP_WITH_TRANSFORMATION(#5187) 
SHAPE_REPRESENTATION_RELATIONSHIP() );
#5187 = ITEM_DEFINED_TRANSFORMATION('','',#11,#27);
#5188 = PRODUCT_DEFINITION_SHAPE('Placement','Placement of an item',
  #5189);
#5189 = NEXT_ASSEMBLY_USAGE_OCCURRENCE('4','D8','',#5,#75,$);
#5190 = SHAPE_DEFINITION_REPRESENTATION(#5191,#5197);
#5191 = PRODUCT_DEFINITION_SHAPE('','',#5192);
#5192 = PRODUCT_DEFINITION('design','',#5193,#5196);
#5193 = PRODUCT_DEFINITION_FORMATION('','',#5194);
#5194 = PRODUCT('PinHeader_1x02_P2.54mm_Vertical',
  'PinHeader_1x02_P2.54mm_Vertical','',(#5195));
#5195 = PRODUCT_CONTEXT('',#2,'mechanical');
#5196 = PRODUCT_DEFINITION_CONTEXT('part definition',#2,'design');
#5197 = ADVANCED_BREP_SHAPE_REPRESENTATION('',(#11,#5198),#6630);
#5198 = MANIFOLD_SOLID_BREP('',#5199);
#5199 = CLOSED_SHELL('',(#5200,#5240,#5271,#5302,#5467,#5632,#5649,#5666
    ,#5683,#5700,#5717,#5734,#5751,#5768,#5785,#5802,#5814,#5845,#5869,
    #5893,#5910,#5941,#5965,#5989,#6006,#6037,#6061,#6085,#6102,#6133,
    #6157,#6181,#6198,#6229,#6253,#6277,#6294,#6325,#6349,#6373,#6390,
    #6421,#6445,#6469,#6486,#6517,#6541,#6565,#6582,#6594,#6606,#6618));
#5200 = ADVANCED_FACE('',(#5201),#5235,.F.);
#5201 = FACE_BOUND('',#5202,.F.);
#5202 = EDGE_LOOP('',(#5203,#5213,#5221,#5229));
#5203 = ORIENTED_EDGE('',*,*,#5204,.T.);
#5204 = EDGE_CURVE('',#5205,#5207,#5209,.T.);
#5205 = VERTEX_POINT('',#5206);
#5206 = CARTESIAN_POINT('',(-1.016,1.27,0.));
#5207 = VERTEX_POINT('',#5208);
#5208 = CARTESIAN_POINT('',(-1.016,1.27,2.54));
#5209 = LINE('',#5210,#5211);
#5210 = CARTESIAN_POINT('',(-1.016,1.27,0.));
#5211 = VECTOR('',#5212,1.);
#5212 = DIRECTION('',(0.,0.,1.));
#5213 = ORIENTED_EDGE('',*,*,#5214,.T.);
#5214 = EDGE_CURVE('',#5207,#5215,#5217,.T.);
#5215 = VERTEX_POINT('',#5216);
#5216 = CARTESIAN_POINT('',(-1.27,1.016,2.54));
#5217 = LINE('',#5218,#5219);
#5218 = CARTESIAN_POINT('',(-1.016,1.27,2.54));
#5219 = VECTOR('',#5220,1.);
#5220 = DIRECTION('',(-0.707106781187,-0.707106781187,0.));
#5221 = ORIENTED_EDGE('',*,*,#5222,.F.);
#5222 = EDGE_CURVE('',#5223,#5215,#5225,.T.);
#5223 = VERTEX_POINT('',#5224);
#5224 = CARTESIAN_POINT('',(-1.27,1.016,0.));
#5225 = LINE('',#5226,#5227);
#5226 = CARTESIAN_POINT('',(-1.27,1.016,0.));
#5227 = VECTOR('',#5228,1.);
#5228 = DIRECTION('',(0.,0.,1.));
#5229 = ORIENTED_EDGE('',*,*,#5230,.F.);
#5230 = EDGE_CURVE('',#5205,#5223,#5231,.T.);
#5231 = LINE('',#5232,#5233);
#5232 = CARTESIAN_POINT('',(-1.016,1.27,0.));
#5233 = VECTOR('',#5234,1.);
#5234 = DIRECTION('',(-0.707106781187,-0.707106781187,0.));
#5235 = PLANE('',#5236);
#5236 = AXIS2_PLACEMENT_3D('',#5237,#5238,#5239);
#5237 = CARTESIAN_POINT('',(-1.016,1.27,0.));
#5238 = DIRECTION('',(0.707106781187,-0.707106781187,0.));
#5239 = DIRECTION('',(-0.707106781187,-0.707106781187,0.));
#5240 = ADVANCED_FACE('',(#5241),#5266,.F.);
#5241 = FACE_BOUND('',#5242,.F.);
#5242 = EDGE_LOOP('',(#5243,#5253,#5259,#5260));
#5243 = ORIENTED_EDGE('',*,*,#5244,.T.);
#5244 = EDGE_CURVE('',#5245,#5247,#5249,.T.);
#5245 = VERTEX_POINT('',#5246);
#5246 = CARTESIAN_POINT('',(1.016,1.27,0.));
#5247 = VERTEX_POINT('',#5248);
#5248 = CARTESIAN_POINT('',(1.016,1.27,2.54));
#5249 = LINE('',#5250,#5251);
#5250 = CARTESIAN_POINT('',(1.016,1.27,0.));
#5251 = VECTOR('',#5252,1.);
#5252 = DIRECTION('',(0.,0.,1.));
#5253 = ORIENTED_EDGE('',*,*,#5254,.T.);
#5254 = EDGE_CURVE('',#5247,#5207,#5255,.T.);
#5255 = LINE('',#5256,#5257);
#5256 = CARTESIAN_POINT('',(1.016,1.27,2.54));
#5257 = VECTOR('',#5258,1.);
#5258 = DIRECTION('',(-1.,0.,0.));
#5259 = ORIENTED_EDGE('',*,*,#5204,.F.);
#5260 = ORIENTED_EDGE('',*,*,#5261,.F.);
#5261 = EDGE_CURVE('',#5245,#5205,#5262,.T.);
#5262 = LINE('',#5263,#5264);
#5263 = CARTESIAN_POINT('',(1.016,1.27,0.));
#5264 = VECTOR('',#5265,1.);
#5265 = DIRECTION('',(-1.,0.,0.));
#5266 = PLANE('',#5267);
#5267 = AXIS2_PLACEMENT_3D('',#5268,#5269,#5270);
#5268 = CARTESIAN_POINT('',(1.016,1.27,0.));
#5269 = DIRECTION('',(0.,-1.,0.));
#5270 = DIRECTION('',(-1.,0.,0.));
#5271 = ADVANCED_FACE('',(#5272),#5297,.F.);
#5272 = FACE_BOUND('',#5273,.F.);
#5273 = EDGE_LOOP('',(#5274,#5275,#5283,#5291));
#5274 = ORIENTED_EDGE('',*,*,#5222,.T.);
#5275 = ORIENTED_EDGE('',*,*,#5276,.T.);
#5276 = EDGE_CURVE('',#5215,#5277,#5279,.T.);
#5277 = VERTEX_POINT('',#5278);
#5278 = CARTESIAN_POINT('',(-1.27,-1.016,2.54));
#5279 = LINE('',#5280,#5281);
#5280 = CARTESIAN_POINT('',(-1.27,1.016,2.54));
#5281 = VECTOR('',#5282,1.);
#5282 = DIRECTION('',(0.,-1.,0.));
#5283 = ORIENTED_EDGE('',*,*,#5284,.F.);
#5284 = EDGE_CURVE('',#5285,#5277,#5287,.T.);
#5285 = VERTEX_POINT('',#5286);
#5286 = CARTESIAN_POINT('',(-1.27,-1.016,0.));
#5287 = LINE('',#5288,#5289);
#5288 = CARTESIAN_POINT('',(-1.27,-1.016,0.));
#5289 = VECTOR('',#5290,1.);
#5290 = DIRECTION('',(0.,0.,1.));
#5291 = ORIENTED_EDGE('',*,*,#5292,.F.);
#5292 = EDGE_CURVE('',#5223,#5285,#5293,.T.);
#5293 = LINE('',#5294,#5295);
#5294 = CARTESIAN_POINT('',(-1.27,1.016,0.));
#5295 = VECTOR('',#5296,1.);
#5296 = DIRECTION('',(0.,-1.,0.));
#5297 = PLANE('',#5298);
#5298 = AXIS2_PLACEMENT_3D('',#5299,#5300,#5301);
#5299 = CARTESIAN_POINT('',(-1.27,1.016,0.));
#5300 = DIRECTION('',(1.,0.,0.));
#5301 = DIRECTION('',(0.,-1.,0.));
#5302 = ADVANCED_FACE('',(#5303,#5394,#5428),#5462,.F.);
#5303 = FACE_BOUND('',#5304,.F.);
#5304 = EDGE_LOOP('',(#5305,#5306,#5307,#5315,#5323,#5331,#5339,#5347,
    #5355,#5363,#5371,#5379,#5387,#5393));
#5305 = ORIENTED_EDGE('',*,*,#5230,.T.);
#5306 = ORIENTED_EDGE('',*,*,#5292,.T.);
#5307 = ORIENTED_EDGE('',*,*,#5308,.T.);
#5308 = EDGE_CURVE('',#5285,#5309,#5311,.T.);
#5309 = VERTEX_POINT('',#5310);
#5310 = CARTESIAN_POINT('',(-1.016,-1.27,0.));
#5311 = LINE('',#5312,#5313);
#5312 = CARTESIAN_POINT('',(-1.27,-1.016,0.));
#5313 = VECTOR('',#5314,1.);
#5314 = DIRECTION('',(0.707106781187,-0.707106781187,0.));
#5315 = ORIENTED_EDGE('',*,*,#5316,.T.);
#5316 = EDGE_CURVE('',#5309,#5317,#5319,.T.);
#5317 = VERTEX_POINT('',#5318);
#5318 = CARTESIAN_POINT('',(-1.27,-1.524,0.));
#5319 = LINE('',#5320,#5321);
#5320 = CARTESIAN_POINT('',(-1.016,-1.27,0.));
#5321 = VECTOR('',#5322,1.);
#5322 = DIRECTION('',(-0.707106781187,-0.707106781187,0.));
#5323 = ORIENTED_EDGE('',*,*,#5324,.T.);
#5324 = EDGE_CURVE('',#5317,#5325,#5327,.T.);
#5325 = VERTEX_POINT('',#5326);
#5326 = CARTESIAN_POINT('',(-1.27,-3.556,0.));
#5327 = LINE('',#5328,#5329);
#5328 = CARTESIAN_POINT('',(-1.27,-1.524,0.));
#5329 = VECTOR('',#5330,1.);
#5330 = DIRECTION('',(0.,-1.,0.));
#5331 = ORIENTED_EDGE('',*,*,#5332,.T.);
#5332 = EDGE_CURVE('',#5325,#5333,#5335,.T.);
#5333 = VERTEX_POINT('',#5334);
#5334 = CARTESIAN_POINT('',(-1.016,-3.81,0.));
#5335 = LINE('',#5336,#5337);
#5336 = CARTESIAN_POINT('',(-1.27,-3.556,0.));
#5337 = VECTOR('',#5338,1.);
#5338 = DIRECTION('',(0.707106781187,-0.707106781187,0.));
#5339 = ORIENTED_EDGE('',*,*,#5340,.T.);
#5340 = EDGE_CURVE('',#5333,#5341,#5343,.T.);
#5341 = VERTEX_POINT('',#5342);
#5342 = CARTESIAN_POINT('',(1.016,-3.81,0.));
#5343 = LINE('',#5344,#5345);
#5344 = CARTESIAN_POINT('',(-1.016,-3.81,0.));
#5345 = VECTOR('',#5346,1.);
#5346 = DIRECTION('',(1.,0.,0.));
#5347 = ORIENTED_EDGE('',*,*,#5348,.T.);
#5348 = EDGE_CURVE('',#5341,#5349,#5351,.T.);
#5349 = VERTEX_POINT('',#5350);
#5350 = CARTESIAN_POINT('',(1.27,-3.556,0.));
#5351 = LINE('',#5352,#5353);
#5352 = CARTESIAN_POINT('',(1.016,-3.81,0.));
#5353 = VECTOR('',#5354,1.);
#5354 = DIRECTION('',(0.707106781187,0.707106781187,0.));
#5355 = ORIENTED_EDGE('',*,*,#5356,.T.);
#5356 = EDGE_CURVE('',#5349,#5357,#5359,.T.);
#5357 = VERTEX_POINT('',#5358);
#5358 = CARTESIAN_POINT('',(1.27,-1.524,0.));
#5359 = LINE('',#5360,#5361);
#5360 = CARTESIAN_POINT('',(1.27,-3.556,0.));
#5361 = VECTOR('',#5362,1.);
#5362 = DIRECTION('',(0.,1.,0.));
#5363 = ORIENTED_EDGE('',*,*,#5364,.T.);
#5364 = EDGE_CURVE('',#5357,#5365,#5367,.T.);
#5365 = VERTEX_POINT('',#5366);
#5366 = CARTESIAN_POINT('',(1.016,-1.27,0.));
#5367 = LINE('',#5368,#5369);
#5368 = CARTESIAN_POINT('',(1.27,-1.524,0.));
#5369 = VECTOR('',#5370,1.);
#5370 = DIRECTION('',(-0.707106781187,0.707106781187,0.));
#5371 = ORIENTED_EDGE('',*,*,#5372,.T.);
#5372 = EDGE_CURVE('',#5365,#5373,#5375,.T.);
#5373 = VERTEX_POINT('',#5374);
#5374 = CARTESIAN_POINT('',(1.27,-1.016,0.));
#5375 = LINE('',#5376,#5377);
#5376 = CARTESIAN_POINT('',(1.016,-1.27,0.));
#5377 = VECTOR('',#5378,1.);
#5378 = DIRECTION('',(0.707106781187,0.707106781187,0.));
#5379 = ORIENTED_EDGE('',*,*,#5380,.T.);
#5380 = EDGE_CURVE('',#5373,#5381,#5383,.T.);
#5381 = VERTEX_POINT('',#5382);
#5382 = CARTESIAN_POINT('',(1.27,1.016,0.));
#5383 = LINE('',#5384,#5385);
#5384 = CARTESIAN_POINT('',(1.27,-1.016,0.));
#5385 = VECTOR('',#5386,1.);
#5386 = DIRECTION('',(0.,1.,0.));
#5387 = ORIENTED_EDGE('',*,*,#5388,.T.);
#5388 = EDGE_CURVE('',#5381,#5245,#5389,.T.);
#5389 = LINE('',#5390,#5391);
#5390 = CARTESIAN_POINT('',(1.27,1.016,0.));
#5391 = VECTOR('',#5392,1.);
#5392 = DIRECTION('',(-0.707106781187,0.707106781187,0.));
#5393 = ORIENTED_EDGE('',*,*,#5261,.T.);
#5394 = FACE_BOUND('',#5395,.F.);
#5395 = EDGE_LOOP('',(#5396,#5406,#5414,#5422));
#5396 = ORIENTED_EDGE('',*,*,#5397,.T.);
#5397 = EDGE_CURVE('',#5398,#5400,#5402,.T.);
#5398 = VERTEX_POINT('',#5399);
#5399 = CARTESIAN_POINT('',(0.32,-0.32,0.));
#5400 = VERTEX_POINT('',#5401);
#5401 = CARTESIAN_POINT('',(-0.32,-0.32,0.));
#5402 = LINE('',#5403,#5404);
#5403 = CARTESIAN_POINT('',(-0.16,-0.32,0.));
#5404 = VECTOR('',#5405,1.);
#5405 = DIRECTION('',(-1.,0.,0.));
#5406 = ORIENTED_EDGE('',*,*,#5407,.T.);
#5407 = EDGE_CURVE('',#5400,#5408,#5410,.T.);
#5408 = VERTEX_POINT('',#5409);
#5409 = CARTESIAN_POINT('',(-0.32,0.32,0.));
#5410 = LINE('',#5411,#5412);
#5411 = CARTESIAN_POINT('',(-0.32,-0.795,0.));
#5412 = VECTOR('',#5413,1.);
#5413 = DIRECTION('',(0.,1.,0.));
#5414 = ORIENTED_EDGE('',*,*,#5415,.F.);
#5415 = EDGE_CURVE('',#5416,#5408,#5418,.T.);
#5416 = VERTEX_POINT('',#5417);
#5417 = CARTESIAN_POINT('',(0.32,0.32,0.));
#5418 = LINE('',#5419,#5420);
#5419 = CARTESIAN_POINT('',(-0.16,0.32,0.));
#5420 = VECTOR('',#5421,1.);
#5421 = DIRECTION('',(-1.,0.,0.));
#5422 = ORIENTED_EDGE('',*,*,#5423,.F.);
#5423 = EDGE_CURVE('',#5398,#5416,#5424,.T.);
#5424 = LINE('',#5425,#5426);
#5425 = CARTESIAN_POINT('',(0.32,-0.795,0.));
#5426 = VECTOR('',#5427,1.);
#5427 = DIRECTION('',(0.,1.,0.));
#5428 = FACE_BOUND('',#5429,.F.);
#5429 = EDGE_LOOP('',(#5430,#5440,#5448,#5456));
#5430 = ORIENTED_EDGE('',*,*,#5431,.T.);
#5431 = EDGE_CURVE('',#5432,#5434,#5436,.T.);
#5432 = VERTEX_POINT('',#5433);
#5433 = CARTESIAN_POINT('',(0.32,-2.86,0.));
#5434 = VERTEX_POINT('',#5435);
#5435 = CARTESIAN_POINT('',(-0.32,-2.86,0.));
#5436 = LINE('',#5437,#5438);
#5437 = CARTESIAN_POINT('',(-0.16,-2.86,0.));
#5438 = VECTOR('',#5439,1.);
#5439 = DIRECTION('',(-1.,0.,0.));
#5440 = ORIENTED_EDGE('',*,*,#5441,.T.);
#5441 = EDGE_CURVE('',#5434,#5442,#5444,.T.);
#5442 = VERTEX_POINT('',#5443);
#5443 = CARTESIAN_POINT('',(-0.32,-2.22,0.));
#5444 = LINE('',#5445,#5446);
#5445 = CARTESIAN_POINT('',(-0.32,-2.065,0.));
#5446 = VECTOR('',#5447,1.);
#5447 = DIRECTION('',(0.,1.,0.));
#5448 = ORIENTED_EDGE('',*,*,#5449,.F.);
#5449 = EDGE_CURVE('',#5450,#5442,#5452,.T.);
#5450 = VERTEX_POINT('',#5451);
#5451 = CARTESIAN_POINT('',(0.32,-2.22,0.));
#5452 = LINE('',#5453,#5454);
#5453 = CARTESIAN_POINT('',(-0.16,-2.22,0.));
#5454 = VECTOR('',#5455,1.);
#5455 = DIRECTION('',(-1.,0.,0.));
#5456 = ORIENTED_EDGE('',*,*,#5457,.F.);
#5457 = EDGE_CURVE('',#5432,#5450,#5458,.T.);
#5458 = LINE('',#5459,#5460);
#5459 = CARTESIAN_POINT('',(0.32,-2.065,0.));
#5460 = VECTOR('',#5461,1.);
#5461 = DIRECTION('',(0.,1.,0.));
#5462 = PLANE('',#5463);
#5463 = AXIS2_PLACEMENT_3D('',#5464,#5465,#5466);
#5464 = CARTESIAN_POINT('',(1.473843703412E-17,-1.27,0.));
#5465 = DIRECTION('',(0.,0.,1.));
#5466 = DIRECTION('',(1.,0.,-0.));
#5467 = ADVANCED_FACE('',(#5468,#5559,#5593),#5627,.T.);
#5468 = FACE_BOUND('',#5469,.T.);
#5469 = EDGE_LOOP('',(#5470,#5471,#5472,#5480,#5488,#5496,#5504,#5512,
    #5520,#5528,#5536,#5544,#5552,#5558));
#5470 = ORIENTED_EDGE('',*,*,#5214,.T.);
#5471 = ORIENTED_EDGE('',*,*,#5276,.T.);
#5472 = ORIENTED_EDGE('',*,*,#5473,.T.);
#5473 = EDGE_CURVE('',#5277,#5474,#5476,.T.);
#5474 = VERTEX_POINT('',#5475);
#5475 = CARTESIAN_POINT('',(-1.016,-1.27,2.54));
#5476 = LINE('',#5477,#5478);
#5477 = CARTESIAN_POINT('',(-1.27,-1.016,2.54));
#5478 = VECTOR('',#5479,1.);
#5479 = DIRECTION('',(0.707106781187,-0.707106781187,0.));
#5480 = ORIENTED_EDGE('',*,*,#5481,.T.);
#5481 = EDGE_CURVE('',#5474,#5482,#5484,.T.);
#5482 = VERTEX_POINT('',#5483);
#5483 = CARTESIAN_POINT('',(-1.27,-1.524,2.54));
#5484 = LINE('',#5485,#5486);
#5485 = CARTESIAN_POINT('',(-1.016,-1.27,2.54));
#5486 = VECTOR('',#5487,1.);
#5487 = DIRECTION('',(-0.707106781187,-0.707106781187,0.));
#5488 = ORIENTED_EDGE('',*,*,#5489,.T.);
#5489 = EDGE_CURVE('',#5482,#5490,#5492,.T.);
#5490 = VERTEX_POINT('',#5491);
#5491 = CARTESIAN_POINT('',(-1.27,-3.556,2.54));
#5492 = LINE('',#5493,#5494);
#5493 = CARTESIAN_POINT('',(-1.27,-1.524,2.54));
#5494 = VECTOR('',#5495,1.);
#5495 = DIRECTION('',(0.,-1.,0.));
#5496 = ORIENTED_EDGE('',*,*,#5497,.T.);
#5497 = EDGE_CURVE('',#5490,#5498,#5500,.T.);
#5498 = VERTEX_POINT('',#5499);
#5499 = CARTESIAN_POINT('',(-1.016,-3.81,2.54));
#5500 = LINE('',#5501,#5502);
#5501 = CARTESIAN_POINT('',(-1.27,-3.556,2.54));
#5502 = VECTOR('',#5503,1.);
#5503 = DIRECTION('',(0.707106781187,-0.707106781187,0.));
#5504 = ORIENTED_EDGE('',*,*,#5505,.T.);
#5505 = EDGE_CURVE('',#5498,#5506,#5508,.T.);
#5506 = VERTEX_POINT('',#5507);
#5507 = CARTESIAN_POINT('',(1.016,-3.81,2.54));
#5508 = LINE('',#5509,#5510);
#5509 = CARTESIAN_POINT('',(-1.016,-3.81,2.54));
#5510 = VECTOR('',#5511,1.);
#5511 = DIRECTION('',(1.,0.,0.));
#5512 = ORIENTED_EDGE('',*,*,#5513,.T.);
#5513 = EDGE_CURVE('',#5506,#5514,#5516,.T.);
#5514 = VERTEX_POINT('',#5515);
#5515 = CARTESIAN_POINT('',(1.27,-3.556,2.54));
#5516 = LINE('',#5517,#5518);
#5517 = CARTESIAN_POINT('',(1.016,-3.81,2.54));
#5518 = VECTOR('',#5519,1.);
#5519 = DIRECTION('',(0.707106781187,0.707106781187,0.));
#5520 = ORIENTED_EDGE('',*,*,#5521,.T.);
#5521 = EDGE_CURVE('',#5514,#5522,#5524,.T.);
#5522 = VERTEX_POINT('',#5523);
#5523 = CARTESIAN_POINT('',(1.27,-1.524,2.54));
#5524 = LINE('',#5525,#5526);
#5525 = CARTESIAN_POINT('',(1.27,-3.556,2.54));
#5526 = VECTOR('',#5527,1.);
#5527 = DIRECTION('',(0.,1.,0.));
#5528 = ORIENTED_EDGE('',*,*,#5529,.T.);
#5529 = EDGE_CURVE('',#5522,#5530,#5532,.T.);
#5530 = VERTEX_POINT('',#5531);
#5531 = CARTESIAN_POINT('',(1.016,-1.27,2.54));
#5532 = LINE('',#5533,#5534);
#5533 = CARTESIAN_POINT('',(1.27,-1.524,2.54));
#5534 = VECTOR('',#5535,1.);
#5535 = DIRECTION('',(-0.707106781187,0.707106781187,0.));
#5536 = ORIENTED_EDGE('',*,*,#5537,.T.);
#5537 = EDGE_CURVE('',#5530,#5538,#5540,.T.);
#5538 = VERTEX_POINT('',#5539);
#5539 = CARTESIAN_POINT('',(1.27,-1.016,2.54));
#5540 = LINE('',#5541,#5542);
#5541 = CARTESIAN_POINT('',(1.016,-1.27,2.54));
#5542 = VECTOR('',#5543,1.);
#5543 = DIRECTION('',(0.707106781187,0.707106781187,0.));
#5544 = ORIENTED_EDGE('',*,*,#5545,.T.);
#5545 = EDGE_CURVE('',#5538,#5546,#5548,.T.);
#5546 = VERTEX_POINT('',#5547);
#5547 = CARTESIAN_POINT('',(1.27,1.016,2.54));
#5548 = LINE('',#5549,#5550);
#5549 = CARTESIAN_POINT('',(1.27,-1.016,2.54));
#5550 = VECTOR('',#5551,1.);
#5551 = DIRECTION('',(0.,1.,0.));
#5552 = ORIENTED_EDGE('',*,*,#5553,.T.);
#5553 = EDGE_CURVE('',#5546,#5247,#5554,.T.);
#5554 = LINE('',#5555,#5556);
#5555 = CARTESIAN_POINT('',(1.27,1.016,2.54));
#5556 = VECTOR('',#5557,1.);
#5557 = DIRECTION('',(-0.707106781187,0.707106781187,0.));
#5558 = ORIENTED_EDGE('',*,*,#5254,.T.);
#5559 = FACE_BOUND('',#5560,.T.);
#5560 = EDGE_LOOP('',(#5561,#5571,#5579,#5587));
#5561 = ORIENTED_EDGE('',*,*,#5562,.T.);
#5562 = EDGE_CURVE('',#5563,#5565,#5567,.T.);
#5563 = VERTEX_POINT('',#5564);
#5564 = CARTESIAN_POINT('',(0.32,-0.32,2.54));
#5565 = VERTEX_POINT('',#5566);
#5566 = CARTESIAN_POINT('',(-0.32,-0.32,2.54));
#5567 = LINE('',#5568,#5569);
#5568 = CARTESIAN_POINT('',(-0.16,-0.32,2.54));
#5569 = VECTOR('',#5570,1.);
#5570 = DIRECTION('',(-1.,0.,0.));
#5571 = ORIENTED_EDGE('',*,*,#5572,.T.);
#5572 = EDGE_CURVE('',#5565,#5573,#5575,.T.);
#5573 = VERTEX_POINT('',#5574);
#5574 = CARTESIAN_POINT('',(-0.32,0.32,2.54));
#5575 = LINE('',#5576,#5577);
#5576 = CARTESIAN_POINT('',(-0.32,-0.795,2.54));
#5577 = VECTOR('',#5578,1.);
#5578 = DIRECTION('',(0.,1.,0.));
#5579 = ORIENTED_EDGE('',*,*,#5580,.F.);
#5580 = EDGE_CURVE('',#5581,#5573,#5583,.T.);
#5581 = VERTEX_POINT('',#5582);
#5582 = CARTESIAN_POINT('',(0.32,0.32,2.54));
#5583 = LINE('',#5584,#5585);
#5584 = CARTESIAN_POINT('',(-0.16,0.32,2.54));
#5585 = VECTOR('',#5586,1.);
#5586 = DIRECTION('',(-1.,0.,0.));
#5587 = ORIENTED_EDGE('',*,*,#5588,.F.);
#5588 = EDGE_CURVE('',#5563,#5581,#5589,.T.);
#5589 = LINE('',#5590,#5591);
#5590 = CARTESIAN_POINT('',(0.32,-0.795,2.54));
#5591 = VECTOR('',#5592,1.);
#5592 = DIRECTION('',(0.,1.,0.));
#5593 = FACE_BOUND('',#5594,.T.);
#5594 = EDGE_LOOP('',(#5595,#5605,#5613,#5621));
#5595 = ORIENTED_EDGE('',*,*,#5596,.T.);
#5596 = EDGE_CURVE('',#5597,#5599,#5601,.T.);
#5597 = VERTEX_POINT('',#5598);
#5598 = CARTESIAN_POINT('',(0.32,-2.86,2.54));
#5599 = VERTEX_POINT('',#5600);
#5600 = CARTESIAN_POINT('',(-0.32,-2.86,2.54));
#5601 = LINE('',#5602,#5603);
#5602 = CARTESIAN_POINT('',(-0.16,-2.86,2.54));
#5603 = VECTOR('',#5604,1.);
#5604 = DIRECTION('',(-1.,0.,0.));
#5605 = ORIENTED_EDGE('',*,*,#5606,.T.);
#5606 = EDGE_CURVE('',#5599,#5607,#5609,.T.);
#5607 = VERTEX_POINT('',#5608);
#5608 = CARTESIAN_POINT('',(-0.32,-2.22,2.54));
#5609 = LINE('',#5610,#5611);
#5610 = CARTESIAN_POINT('',(-0.32,-2.065,2.54));
#5611 = VECTOR('',#5612,1.);
#5612 = DIRECTION('',(0.,1.,0.));
#5613 = ORIENTED_EDGE('',*,*,#5614,.F.);
#5614 = EDGE_CURVE('',#5615,#5607,#5617,.T.);
#5615 = VERTEX_POINT('',#5616);
#5616 = CARTESIAN_POINT('',(0.32,-2.22,2.54));
#5617 = LINE('',#5618,#5619);
#5618 = CARTESIAN_POINT('',(-0.16,-2.22,2.54));
#5619 = VECTOR('',#5620,1.);
#5620 = DIRECTION('',(-1.,0.,0.));
#5621 = ORIENTED_EDGE('',*,*,#5622,.F.);
#5622 = EDGE_CURVE('',#5597,#5615,#5623,.T.);
#5623 = LINE('',#5624,#5625);
#5624 = CARTESIAN_POINT('',(0.32,-2.065,2.54));
#5625 = VECTOR('',#5626,1.);
#5626 = DIRECTION('',(0.,1.,0.));
#5627 = PLANE('',#5628);
#5628 = AXIS2_PLACEMENT_3D('',#5629,#5630,#5631);
#5629 = CARTESIAN_POINT('',(1.473843703412E-17,-1.27,2.54));
#5630 = DIRECTION('',(0.,0.,1.));
#5631 = DIRECTION('',(1.,0.,-0.));
#5632 = ADVANCED_FACE('',(#5633),#5644,.F.);
#5633 = FACE_BOUND('',#5634,.F.);
#5634 = EDGE_LOOP('',(#5635,#5641,#5642,#5643));
#5635 = ORIENTED_EDGE('',*,*,#5636,.T.);
#5636 = EDGE_CURVE('',#5381,#5546,#5637,.T.);
#5637 = LINE('',#5638,#5639);
#5638 = CARTESIAN_POINT('',(1.27,1.016,0.));
#5639 = VECTOR('',#5640,1.);
#5640 = DIRECTION('',(0.,0.,1.));
#5641 = ORIENTED_EDGE('',*,*,#5553,.T.);
#5642 = ORIENTED_EDGE('',*,*,#5244,.F.);
#5643 = ORIENTED_EDGE('',*,*,#5388,.F.);
#5644 = PLANE('',#5645);
#5645 = AXIS2_PLACEMENT_3D('',#5646,#5647,#5648);
#5646 = CARTESIAN_POINT('',(1.27,1.016,0.));
#5647 = DIRECTION('',(-0.707106781187,-0.707106781187,0.));
#5648 = DIRECTION('',(-0.707106781187,0.707106781187,0.));
#5649 = ADVANCED_FACE('',(#5650),#5661,.F.);
#5650 = FACE_BOUND('',#5651,.F.);
#5651 = EDGE_LOOP('',(#5652,#5653,#5654,#5660));
#5652 = ORIENTED_EDGE('',*,*,#5284,.T.);
#5653 = ORIENTED_EDGE('',*,*,#5473,.T.);
#5654 = ORIENTED_EDGE('',*,*,#5655,.F.);
#5655 = EDGE_CURVE('',#5309,#5474,#5656,.T.);
#5656 = LINE('',#5657,#5658);
#5657 = CARTESIAN_POINT('',(-1.016,-1.27,0.));
#5658 = VECTOR('',#5659,1.);
#5659 = DIRECTION('',(0.,0.,1.));
#5660 = ORIENTED_EDGE('',*,*,#5308,.F.);
#5661 = PLANE('',#5662);
#5662 = AXIS2_PLACEMENT_3D('',#5663,#5664,#5665);
#5663 = CARTESIAN_POINT('',(-1.27,-1.016,0.));
#5664 = DIRECTION('',(0.707106781187,0.707106781187,0.));
#5665 = DIRECTION('',(0.707106781187,-0.707106781187,0.));
#5666 = ADVANCED_FACE('',(#5667),#5678,.F.);
#5667 = FACE_BOUND('',#5668,.F.);
#5668 = EDGE_LOOP('',(#5669,#5675,#5676,#5677));
#5669 = ORIENTED_EDGE('',*,*,#5670,.T.);
#5670 = EDGE_CURVE('',#5373,#5538,#5671,.T.);
#5671 = LINE('',#5672,#5673);
#5672 = CARTESIAN_POINT('',(1.27,-1.016,0.));
#5673 = VECTOR('',#5674,1.);
#5674 = DIRECTION('',(0.,0.,1.));
#5675 = ORIENTED_EDGE('',*,*,#5545,.T.);
#5676 = ORIENTED_EDGE('',*,*,#5636,.F.);
#5677 = ORIENTED_EDGE('',*,*,#5380,.F.);
#5678 = PLANE('',#5679);
#5679 = AXIS2_PLACEMENT_3D('',#5680,#5681,#5682);
#5680 = CARTESIAN_POINT('',(1.27,-1.016,0.));
#5681 = DIRECTION('',(-1.,0.,0.));
#5682 = DIRECTION('',(0.,1.,0.));
#5683 = ADVANCED_FACE('',(#5684),#5695,.F.);
#5684 = FACE_BOUND('',#5685,.F.);
#5685 = EDGE_LOOP('',(#5686,#5687,#5688,#5694));
#5686 = ORIENTED_EDGE('',*,*,#5655,.T.);
#5687 = ORIENTED_EDGE('',*,*,#5481,.T.);
#5688 = ORIENTED_EDGE('',*,*,#5689,.F.);
#5689 = EDGE_CURVE('',#5317,#5482,#5690,.T.);
#5690 = LINE('',#5691,#5692);
#5691 = CARTESIAN_POINT('',(-1.27,-1.524,0.));
#5692 = VECTOR('',#5693,1.);
#5693 = DIRECTION('',(0.,0.,1.));
#5694 = ORIENTED_EDGE('',*,*,#5316,.F.);
#5695 = PLANE('',#5696);
#5696 = AXIS2_PLACEMENT_3D('',#5697,#5698,#5699);
#5697 = CARTESIAN_POINT('',(-1.016,-1.27,0.));
#5698 = DIRECTION('',(0.707106781187,-0.707106781187,0.));
#5699 = DIRECTION('',(-0.707106781187,-0.707106781187,0.));
#5700 = ADVANCED_FACE('',(#5701),#5712,.F.);
#5701 = FACE_BOUND('',#5702,.F.);
#5702 = EDGE_LOOP('',(#5703,#5709,#5710,#5711));
#5703 = ORIENTED_EDGE('',*,*,#5704,.T.);
#5704 = EDGE_CURVE('',#5365,#5530,#5705,.T.);
#5705 = LINE('',#5706,#5707);
#5706 = CARTESIAN_POINT('',(1.016,-1.27,0.));
#5707 = VECTOR('',#5708,1.);
#5708 = DIRECTION('',(0.,0.,1.));
#5709 = ORIENTED_EDGE('',*,*,#5537,.T.);
#5710 = ORIENTED_EDGE('',*,*,#5670,.F.);
#5711 = ORIENTED_EDGE('',*,*,#5372,.F.);
#5712 = PLANE('',#5713);
#5713 = AXIS2_PLACEMENT_3D('',#5714,#5715,#5716);
#5714 = CARTESIAN_POINT('',(1.016,-1.27,0.));
#5715 = DIRECTION('',(-0.707106781187,0.707106781187,0.));
#5716 = DIRECTION('',(0.707106781187,0.707106781187,0.));
#5717 = ADVANCED_FACE('',(#5718),#5729,.F.);
#5718 = FACE_BOUND('',#5719,.F.);
#5719 = EDGE_LOOP('',(#5720,#5721,#5722,#5728));
#5720 = ORIENTED_EDGE('',*,*,#5689,.T.);
#5721 = ORIENTED_EDGE('',*,*,#5489,.T.);
#5722 = ORIENTED_EDGE('',*,*,#5723,.F.);
#5723 = EDGE_CURVE('',#5325,#5490,#5724,.T.);
#5724 = LINE('',#5725,#5726);
#5725 = CARTESIAN_POINT('',(-1.27,-3.556,0.));
#5726 = VECTOR('',#5727,1.);
#5727 = DIRECTION('',(0.,0.,1.));
#5728 = ORIENTED_EDGE('',*,*,#5324,.F.);
#5729 = PLANE('',#5730);
#5730 = AXIS2_PLACEMENT_3D('',#5731,#5732,#5733);
#5731 = CARTESIAN_POINT('',(-1.27,-1.524,0.));
#5732 = DIRECTION('',(1.,0.,0.));
#5733 = DIRECTION('',(0.,-1.,0.));
#5734 = ADVANCED_FACE('',(#5735),#5746,.F.);
#5735 = FACE_BOUND('',#5736,.F.);
#5736 = EDGE_LOOP('',(#5737,#5743,#5744,#5745));
#5737 = ORIENTED_EDGE('',*,*,#5738,.T.);
#5738 = EDGE_CURVE('',#5357,#5522,#5739,.T.);
#5739 = LINE('',#5740,#5741);
#5740 = CARTESIAN_POINT('',(1.27,-1.524,0.));
#5741 = VECTOR('',#5742,1.);
#5742 = DIRECTION('',(0.,0.,1.));
#5743 = ORIENTED_EDGE('',*,*,#5529,.T.);
#5744 = ORIENTED_EDGE('',*,*,#5704,.F.);
#5745 = ORIENTED_EDGE('',*,*,#5364,.F.);
#5746 = PLANE('',#5747);
#5747 = AXIS2_PLACEMENT_3D('',#5748,#5749,#5750);
#5748 = CARTESIAN_POINT('',(1.27,-1.524,0.));
#5749 = DIRECTION('',(-0.707106781187,-0.707106781187,0.));
#5750 = DIRECTION('',(-0.707106781187,0.707106781187,0.));
#5751 = ADVANCED_FACE('',(#5752),#5763,.F.);
#5752 = FACE_BOUND('',#5753,.F.);
#5753 = EDGE_LOOP('',(#5754,#5755,#5756,#5762));
#5754 = ORIENTED_EDGE('',*,*,#5723,.T.);
#5755 = ORIENTED_EDGE('',*,*,#5497,.T.);
#5756 = ORIENTED_EDGE('',*,*,#5757,.F.);
#5757 = EDGE_CURVE('',#5333,#5498,#5758,.T.);
#5758 = LINE('',#5759,#5760);
#5759 = CARTESIAN_POINT('',(-1.016,-3.81,0.));
#5760 = VECTOR('',#5761,1.);
#5761 = DIRECTION('',(0.,0.,1.));
#5762 = ORIENTED_EDGE('',*,*,#5332,.F.);
#5763 = PLANE('',#5764);
#5764 = AXIS2_PLACEMENT_3D('',#5765,#5766,#5767);
#5765 = CARTESIAN_POINT('',(-1.27,-3.556,0.));
#5766 = DIRECTION('',(0.707106781187,0.707106781187,0.));
#5767 = DIRECTION('',(0.707106781187,-0.707106781187,0.));
#5768 = ADVANCED_FACE('',(#5769),#5780,.F.);
#5769 = FACE_BOUND('',#5770,.F.);
#5770 = EDGE_LOOP('',(#5771,#5777,#5778,#5779));
#5771 = ORIENTED_EDGE('',*,*,#5772,.T.);
#5772 = EDGE_CURVE('',#5349,#5514,#5773,.T.);
#5773 = LINE('',#5774,#5775);
#5774 = CARTESIAN_POINT('',(1.27,-3.556,0.));
#5775 = VECTOR('',#5776,1.);
#5776 = DIRECTION('',(0.,0.,1.));
#5777 = ORIENTED_EDGE('',*,*,#5521,.T.);
#5778 = ORIENTED_EDGE('',*,*,#5738,.F.);
#5779 = ORIENTED_EDGE('',*,*,#5356,.F.);
#5780 = PLANE('',#5781);
#5781 = AXIS2_PLACEMENT_3D('',#5782,#5783,#5784);
#5782 = CARTESIAN_POINT('',(1.27,-3.556,0.));
#5783 = DIRECTION('',(-1.,0.,0.));
#5784 = DIRECTION('',(0.,1.,0.));
#5785 = ADVANCED_FACE('',(#5786),#5797,.F.);
#5786 = FACE_BOUND('',#5787,.F.);
#5787 = EDGE_LOOP('',(#5788,#5789,#5790,#5796));
#5788 = ORIENTED_EDGE('',*,*,#5757,.T.);
#5789 = ORIENTED_EDGE('',*,*,#5505,.T.);
#5790 = ORIENTED_EDGE('',*,*,#5791,.F.);
#5791 = EDGE_CURVE('',#5341,#5506,#5792,.T.);
#5792 = LINE('',#5793,#5794);
#5793 = CARTESIAN_POINT('',(1.016,-3.81,0.));
#5794 = VECTOR('',#5795,1.);
#5795 = DIRECTION('',(0.,0.,1.));
#5796 = ORIENTED_EDGE('',*,*,#5340,.F.);
#5797 = PLANE('',#5798);
#5798 = AXIS2_PLACEMENT_3D('',#5799,#5800,#5801);
#5799 = CARTESIAN_POINT('',(-1.016,-3.81,0.));
#5800 = DIRECTION('',(0.,1.,0.));
#5801 = DIRECTION('',(1.,0.,0.));
#5802 = ADVANCED_FACE('',(#5803),#5809,.F.);
#5803 = FACE_BOUND('',#5804,.F.);
#5804 = EDGE_LOOP('',(#5805,#5806,#5807,#5808));
#5805 = ORIENTED_EDGE('',*,*,#5791,.T.);
#5806 = ORIENTED_EDGE('',*,*,#5513,.T.);
#5807 = ORIENTED_EDGE('',*,*,#5772,.F.);
#5808 = ORIENTED_EDGE('',*,*,#5348,.F.);
#5809 = PLANE('',#5810);
#5810 = AXIS2_PLACEMENT_3D('',#5811,#5812,#5813);
#5811 = CARTESIAN_POINT('',(1.016,-3.81,0.));
#5812 = DIRECTION('',(-0.707106781187,0.707106781187,0.));
#5813 = DIRECTION('',(0.707106781187,0.707106781187,0.));
#5814 = ADVANCED_FACE('',(#5815),#5840,.F.);
#5815 = FACE_BOUND('',#5816,.F.);
#5816 = EDGE_LOOP('',(#5817,#5825,#5833,#5839));
#5817 = ORIENTED_EDGE('',*,*,#5818,.F.);
#5818 = EDGE_CURVE('',#5819,#5398,#5821,.T.);
#5819 = VERTEX_POINT('',#5820);
#5820 = CARTESIAN_POINT('',(0.32,-0.32,-2.84));
#5821 = LINE('',#5822,#5823);
#5822 = CARTESIAN_POINT('',(0.32,-0.32,-3.));
#5823 = VECTOR('',#5824,1.);
#5824 = DIRECTION('',(0.,0.,1.));
#5825 = ORIENTED_EDGE('',*,*,#5826,.F.);
#5826 = EDGE_CURVE('',#5827,#5819,#5829,.T.);
#5827 = VERTEX_POINT('',#5828);
#5828 = CARTESIAN_POINT('',(-0.32,-0.32,-2.84));
#5829 = LINE('',#5830,#5831);
#5830 = CARTESIAN_POINT('',(-0.32,-0.32,-2.84));
#5831 = VECTOR('',#5832,1.);
#5832 = DIRECTION('',(1.,0.,0.));
#5833 = ORIENTED_EDGE('',*,*,#5834,.T.);
#5834 = EDGE_CURVE('',#5827,#5400,#5835,.T.);
#5835 = LINE('',#5836,#5837);
#5836 = CARTESIAN_POINT('',(-0.32,-0.32,-3.));
#5837 = VECTOR('',#5838,1.);
#5838 = DIRECTION('',(0.,0.,1.));
#5839 = ORIENTED_EDGE('',*,*,#5397,.F.);
#5840 = PLANE('',#5841);
#5841 = AXIS2_PLACEMENT_3D('',#5842,#5843,#5844);
#5842 = CARTESIAN_POINT('',(-0.32,-0.32,-3.));
#5843 = DIRECTION('',(0.,1.,0.));
#5844 = DIRECTION('',(0.,-0.,1.));
#5845 = ADVANCED_FACE('',(#5846),#5864,.T.);
#5846 = FACE_BOUND('',#5847,.T.);
#5847 = EDGE_LOOP('',(#5848,#5849,#5857,#5863));
#5848 = ORIENTED_EDGE('',*,*,#5818,.F.);
#5849 = ORIENTED_EDGE('',*,*,#5850,.T.);
#5850 = EDGE_CURVE('',#5819,#5851,#5853,.T.);
#5851 = VERTEX_POINT('',#5852);
#5852 = CARTESIAN_POINT('',(0.32,0.32,-2.84));
#5853 = LINE('',#5854,#5855);
#5854 = CARTESIAN_POINT('',(0.32,-0.32,-2.84));
#5855 = VECTOR('',#5856,1.);
#5856 = DIRECTION('',(0.,1.,0.));
#5857 = ORIENTED_EDGE('',*,*,#5858,.T.);
#5858 = EDGE_CURVE('',#5851,#5416,#5859,.T.);
#5859 = LINE('',#5860,#5861);
#5860 = CARTESIAN_POINT('',(0.32,0.32,-3.));
#5861 = VECTOR('',#5862,1.);
#5862 = DIRECTION('',(0.,0.,1.));
#5863 = ORIENTED_EDGE('',*,*,#5423,.F.);
#5864 = PLANE('',#5865);
#5865 = AXIS2_PLACEMENT_3D('',#5866,#5867,#5868);
#5866 = CARTESIAN_POINT('',(0.32,-0.32,-3.));
#5867 = DIRECTION('',(1.,0.,0.));
#5868 = DIRECTION('',(0.,0.,1.));
#5869 = ADVANCED_FACE('',(#5870),#5888,.T.);
#5870 = FACE_BOUND('',#5871,.T.);
#5871 = EDGE_LOOP('',(#5872,#5873,#5881,#5887));
#5872 = ORIENTED_EDGE('',*,*,#5858,.F.);
#5873 = ORIENTED_EDGE('',*,*,#5874,.F.);
#5874 = EDGE_CURVE('',#5875,#5851,#5877,.T.);
#5875 = VERTEX_POINT('',#5876);
#5876 = CARTESIAN_POINT('',(-0.32,0.32,-2.84));
#5877 = LINE('',#5878,#5879);
#5878 = CARTESIAN_POINT('',(-0.32,0.32,-2.84));
#5879 = VECTOR('',#5880,1.);
#5880 = DIRECTION('',(1.,0.,0.));
#5881 = ORIENTED_EDGE('',*,*,#5882,.T.);
#5882 = EDGE_CURVE('',#5875,#5408,#5883,.T.);
#5883 = LINE('',#5884,#5885);
#5884 = CARTESIAN_POINT('',(-0.32,0.32,-3.));
#5885 = VECTOR('',#5886,1.);
#5886 = DIRECTION('',(0.,0.,1.));
#5887 = ORIENTED_EDGE('',*,*,#5415,.F.);
#5888 = PLANE('',#5889);
#5889 = AXIS2_PLACEMENT_3D('',#5890,#5891,#5892);
#5890 = CARTESIAN_POINT('',(-0.32,0.32,-3.));
#5891 = DIRECTION('',(0.,1.,0.));
#5892 = DIRECTION('',(0.,-0.,1.));
#5893 = ADVANCED_FACE('',(#5894),#5905,.F.);
#5894 = FACE_BOUND('',#5895,.F.);
#5895 = EDGE_LOOP('',(#5896,#5897,#5903,#5904));
#5896 = ORIENTED_EDGE('',*,*,#5834,.F.);
#5897 = ORIENTED_EDGE('',*,*,#5898,.T.);
#5898 = EDGE_CURVE('',#5827,#5875,#5899,.T.);
#5899 = LINE('',#5900,#5901);
#5900 = CARTESIAN_POINT('',(-0.32,-0.32,-2.84));
#5901 = VECTOR('',#5902,1.);
#5902 = DIRECTION('',(0.,1.,0.));
#5903 = ORIENTED_EDGE('',*,*,#5882,.T.);
#5904 = ORIENTED_EDGE('',*,*,#5407,.F.);
#5905 = PLANE('',#5906);
#5906 = AXIS2_PLACEMENT_3D('',#5907,#5908,#5909);
#5907 = CARTESIAN_POINT('',(-0.32,-0.32,-3.));
#5908 = DIRECTION('',(1.,0.,0.));
#5909 = DIRECTION('',(0.,0.,1.));
#5910 = ADVANCED_FACE('',(#5911),#5936,.F.);
#5911 = FACE_BOUND('',#5912,.F.);
#5912 = EDGE_LOOP('',(#5913,#5921,#5929,#5935));
#5913 = ORIENTED_EDGE('',*,*,#5914,.F.);
#5914 = EDGE_CURVE('',#5915,#5432,#5917,.T.);
#5915 = VERTEX_POINT('',#5916);
#5916 = CARTESIAN_POINT('',(0.32,-2.86,-2.84));
#5917 = LINE('',#5918,#5919);
#5918 = CARTESIAN_POINT('',(0.32,-2.86,-3.));
#5919 = VECTOR('',#5920,1.);
#5920 = DIRECTION('',(0.,0.,1.));
#5921 = ORIENTED_EDGE('',*,*,#5922,.F.);
#5922 = EDGE_CURVE('',#5923,#5915,#5925,.T.);
#5923 = VERTEX_POINT('',#5924);
#5924 = CARTESIAN_POINT('',(-0.32,-2.86,-2.84));
#5925 = LINE('',#5926,#5927);
#5926 = CARTESIAN_POINT('',(-0.32,-2.86,-2.84));
#5927 = VECTOR('',#5928,1.);
#5928 = DIRECTION('',(1.,0.,0.));
#5929 = ORIENTED_EDGE('',*,*,#5930,.T.);
#5930 = EDGE_CURVE('',#5923,#5434,#5931,.T.);
#5931 = LINE('',#5932,#5933);
#5932 = CARTESIAN_POINT('',(-0.32,-2.86,-3.));
#5933 = VECTOR('',#5934,1.);
#5934 = DIRECTION('',(0.,0.,1.));
#5935 = ORIENTED_EDGE('',*,*,#5431,.F.);
#5936 = PLANE('',#5937);
#5937 = AXIS2_PLACEMENT_3D('',#5938,#5939,#5940);
#5938 = CARTESIAN_POINT('',(-0.32,-2.86,-3.));
#5939 = DIRECTION('',(0.,1.,0.));
#5940 = DIRECTION('',(0.,-0.,1.));
#5941 = ADVANCED_FACE('',(#5942),#5960,.T.);
#5942 = FACE_BOUND('',#5943,.T.);
#5943 = EDGE_LOOP('',(#5944,#5945,#5953,#5959));
#5944 = ORIENTED_EDGE('',*,*,#5914,.F.);
#5945 = ORIENTED_EDGE('',*,*,#5946,.T.);
#5946 = EDGE_CURVE('',#5915,#5947,#5949,.T.);
#5947 = VERTEX_POINT('',#5948);
#5948 = CARTESIAN_POINT('',(0.32,-2.22,-2.84));
#5949 = LINE('',#5950,#5951);
#5950 = CARTESIAN_POINT('',(0.32,-2.86,-2.84));
#5951 = VECTOR('',#5952,1.);
#5952 = DIRECTION('',(0.,1.,0.));
#5953 = ORIENTED_EDGE('',*,*,#5954,.T.);
#5954 = EDGE_CURVE('',#5947,#5450,#5955,.T.);
#5955 = LINE('',#5956,#5957);
#5956 = CARTESIAN_POINT('',(0.32,-2.22,-3.));
#5957 = VECTOR('',#5958,1.);
#5958 = DIRECTION('',(0.,0.,1.));
#5959 = ORIENTED_EDGE('',*,*,#5457,.F.);
#5960 = PLANE('',#5961);
#5961 = AXIS2_PLACEMENT_3D('',#5962,#5963,#5964);
#5962 = CARTESIAN_POINT('',(0.32,-2.86,-3.));
#5963 = DIRECTION('',(1.,0.,0.));
#5964 = DIRECTION('',(0.,0.,1.));
#5965 = ADVANCED_FACE('',(#5966),#5984,.T.);
#5966 = FACE_BOUND('',#5967,.T.);
#5967 = EDGE_LOOP('',(#5968,#5969,#5977,#5983));
#5968 = ORIENTED_EDGE('',*,*,#5954,.F.);
#5969 = ORIENTED_EDGE('',*,*,#5970,.F.);
#5970 = EDGE_CURVE('',#5971,#5947,#5973,.T.);
#5971 = VERTEX_POINT('',#5972);
#5972 = CARTESIAN_POINT('',(-0.32,-2.22,-2.84));
#5973 = LINE('',#5974,#5975);
#5974 = CARTESIAN_POINT('',(-0.32,-2.22,-2.84));
#5975 = VECTOR('',#5976,1.);
#5976 = DIRECTION('',(1.,0.,0.));
#5977 = ORIENTED_EDGE('',*,*,#5978,.T.);
#5978 = EDGE_CURVE('',#5971,#5442,#5979,.T.);
#5979 = LINE('',#5980,#5981);
#5980 = CARTESIAN_POINT('',(-0.32,-2.22,-3.));
#5981 = VECTOR('',#5982,1.);
#5982 = DIRECTION('',(0.,0.,1.));
#5983 = ORIENTED_EDGE('',*,*,#5449,.F.);
#5984 = PLANE('',#5985);
#5985 = AXIS2_PLACEMENT_3D('',#5986,#5987,#5988);
#5986 = CARTESIAN_POINT('',(-0.32,-2.22,-3.));
#5987 = DIRECTION('',(0.,1.,0.));
#5988 = DIRECTION('',(0.,-0.,1.));
#5989 = ADVANCED_FACE('',(#5990),#6001,.F.);
#5990 = FACE_BOUND('',#5991,.F.);
#5991 = EDGE_LOOP('',(#5992,#5993,#5999,#6000));
#5992 = ORIENTED_EDGE('',*,*,#5930,.F.);
#5993 = ORIENTED_EDGE('',*,*,#5994,.T.);
#5994 = EDGE_CURVE('',#5923,#5971,#5995,.T.);
#5995 = LINE('',#5996,#5997);
#5996 = CARTESIAN_POINT('',(-0.32,-2.86,-2.84));
#5997 = VECTOR('',#5998,1.);
#5998 = DIRECTION('',(0.,1.,0.));
#5999 = ORIENTED_EDGE('',*,*,#5978,.T.);
#6000 = ORIENTED_EDGE('',*,*,#5441,.F.);
#6001 = PLANE('',#6002);
#6002 = AXIS2_PLACEMENT_3D('',#6003,#6004,#6005);
#6003 = CARTESIAN_POINT('',(-0.32,-2.86,-3.));
#6004 = DIRECTION('',(1.,0.,0.));
#6005 = DIRECTION('',(0.,0.,1.));
#6006 = ADVANCED_FACE('',(#6007),#6032,.F.);
#6007 = FACE_BOUND('',#6008,.F.);
#6008 = EDGE_LOOP('',(#6009,#6017,#6018,#6026));
#6009 = ORIENTED_EDGE('',*,*,#6010,.F.);
#6010 = EDGE_CURVE('',#5563,#6011,#6013,.T.);
#6011 = VERTEX_POINT('',#6012);
#6012 = CARTESIAN_POINT('',(0.32,-0.32,8.38));
#6013 = LINE('',#6014,#6015);
#6014 = CARTESIAN_POINT('',(0.32,-0.32,-3.));
#6015 = VECTOR('',#6016,1.);
#6016 = DIRECTION('',(0.,0.,1.));
#6017 = ORIENTED_EDGE('',*,*,#5562,.T.);
#6018 = ORIENTED_EDGE('',*,*,#6019,.T.);
#6019 = EDGE_CURVE('',#5565,#6020,#6022,.T.);
#6020 = VERTEX_POINT('',#6021);
#6021 = CARTESIAN_POINT('',(-0.32,-0.32,8.38));
#6022 = LINE('',#6023,#6024);
#6023 = CARTESIAN_POINT('',(-0.32,-0.32,-3.));
#6024 = VECTOR('',#6025,1.);
#6025 = DIRECTION('',(0.,0.,1.));
#6026 = ORIENTED_EDGE('',*,*,#6027,.T.);
#6027 = EDGE_CURVE('',#6020,#6011,#6028,.T.);
#6028 = LINE('',#6029,#6030);
#6029 = CARTESIAN_POINT('',(-0.32,-0.32,8.38));
#6030 = VECTOR('',#6031,1.);
#6031 = DIRECTION('',(1.,0.,0.));
#6032 = PLANE('',#6033);
#6033 = AXIS2_PLACEMENT_3D('',#6034,#6035,#6036);
#6034 = CARTESIAN_POINT('',(-0.32,-0.32,-3.));
#6035 = DIRECTION('',(0.,1.,0.));
#6036 = DIRECTION('',(0.,-0.,1.));
#6037 = ADVANCED_FACE('',(#6038),#6056,.T.);
#6038 = FACE_BOUND('',#6039,.T.);
#6039 = EDGE_LOOP('',(#6040,#6041,#6042,#6050));
#6040 = ORIENTED_EDGE('',*,*,#6010,.F.);
#6041 = ORIENTED_EDGE('',*,*,#5588,.T.);
#6042 = ORIENTED_EDGE('',*,*,#6043,.T.);
#6043 = EDGE_CURVE('',#5581,#6044,#6046,.T.);
#6044 = VERTEX_POINT('',#6045);
#6045 = CARTESIAN_POINT('',(0.32,0.32,8.38));
#6046 = LINE('',#6047,#6048);
#6047 = CARTESIAN_POINT('',(0.32,0.32,-3.));
#6048 = VECTOR('',#6049,1.);
#6049 = DIRECTION('',(0.,0.,1.));
#6050 = ORIENTED_EDGE('',*,*,#6051,.F.);
#6051 = EDGE_CURVE('',#6011,#6044,#6052,.T.);
#6052 = LINE('',#6053,#6054);
#6053 = CARTESIAN_POINT('',(0.32,-0.32,8.38));
#6054 = VECTOR('',#6055,1.);
#6055 = DIRECTION('',(0.,1.,0.));
#6056 = PLANE('',#6057);
#6057 = AXIS2_PLACEMENT_3D('',#6058,#6059,#6060);
#6058 = CARTESIAN_POINT('',(0.32,-0.32,-3.));
#6059 = DIRECTION('',(1.,0.,0.));
#6060 = DIRECTION('',(0.,0.,1.));
#6061 = ADVANCED_FACE('',(#6062),#6080,.T.);
#6062 = FACE_BOUND('',#6063,.T.);
#6063 = EDGE_LOOP('',(#6064,#6065,#6066,#6074));
#6064 = ORIENTED_EDGE('',*,*,#6043,.F.);
#6065 = ORIENTED_EDGE('',*,*,#5580,.T.);
#6066 = ORIENTED_EDGE('',*,*,#6067,.T.);
#6067 = EDGE_CURVE('',#5573,#6068,#6070,.T.);
#6068 = VERTEX_POINT('',#6069);
#6069 = CARTESIAN_POINT('',(-0.32,0.32,8.38));
#6070 = LINE('',#6071,#6072);
#6071 = CARTESIAN_POINT('',(-0.32,0.32,-3.));
#6072 = VECTOR('',#6073,1.);
#6073 = DIRECTION('',(0.,0.,1.));
#6074 = ORIENTED_EDGE('',*,*,#6075,.T.);
#6075 = EDGE_CURVE('',#6068,#6044,#6076,.T.);
#6076 = LINE('',#6077,#6078);
#6077 = CARTESIAN_POINT('',(-0.32,0.32,8.38));
#6078 = VECTOR('',#6079,1.);
#6079 = DIRECTION('',(1.,0.,0.));
#6080 = PLANE('',#6081);
#6081 = AXIS2_PLACEMENT_3D('',#6082,#6083,#6084);
#6082 = CARTESIAN_POINT('',(-0.32,0.32,-3.));
#6083 = DIRECTION('',(0.,1.,0.));
#6084 = DIRECTION('',(0.,-0.,1.));
#6085 = ADVANCED_FACE('',(#6086),#6097,.F.);
#6086 = FACE_BOUND('',#6087,.F.);
#6087 = EDGE_LOOP('',(#6088,#6089,#6090,#6091));
#6088 = ORIENTED_EDGE('',*,*,#6019,.F.);
#6089 = ORIENTED_EDGE('',*,*,#5572,.T.);
#6090 = ORIENTED_EDGE('',*,*,#6067,.T.);
#6091 = ORIENTED_EDGE('',*,*,#6092,.F.);
#6092 = EDGE_CURVE('',#6020,#6068,#6093,.T.);
#6093 = LINE('',#6094,#6095);
#6094 = CARTESIAN_POINT('',(-0.32,-0.32,8.38));
#6095 = VECTOR('',#6096,1.);
#6096 = DIRECTION('',(0.,1.,0.));
#6097 = PLANE('',#6098);
#6098 = AXIS2_PLACEMENT_3D('',#6099,#6100,#6101);
#6099 = CARTESIAN_POINT('',(-0.32,-0.32,-3.));
#6100 = DIRECTION('',(1.,0.,0.));
#6101 = DIRECTION('',(0.,0.,1.));
#6102 = ADVANCED_FACE('',(#6103),#6128,.F.);
#6103 = FACE_BOUND('',#6104,.F.);
#6104 = EDGE_LOOP('',(#6105,#6113,#6114,#6122));
#6105 = ORIENTED_EDGE('',*,*,#6106,.F.);
#6106 = EDGE_CURVE('',#5597,#6107,#6109,.T.);
#6107 = VERTEX_POINT('',#6108);
#6108 = CARTESIAN_POINT('',(0.32,-2.86,8.38));
#6109 = LINE('',#6110,#6111);
#6110 = CARTESIAN_POINT('',(0.32,-2.86,-3.));
#6111 = VECTOR('',#6112,1.);
#6112 = DIRECTION('',(0.,0.,1.));
#6113 = ORIENTED_EDGE('',*,*,#5596,.T.);
#6114 = ORIENTED_EDGE('',*,*,#6115,.T.);
#6115 = EDGE_CURVE('',#5599,#6116,#6118,.T.);
#6116 = VERTEX_POINT('',#6117);
#6117 = CARTESIAN_POINT('',(-0.32,-2.86,8.38));
#6118 = LINE('',#6119,#6120);
#6119 = CARTESIAN_POINT('',(-0.32,-2.86,-3.));
#6120 = VECTOR('',#6121,1.);
#6121 = DIRECTION('',(0.,0.,1.));
#6122 = ORIENTED_EDGE('',*,*,#6123,.T.);
#6123 = EDGE_CURVE('',#6116,#6107,#6124,.T.);
#6124 = LINE('',#6125,#6126);
#6125 = CARTESIAN_POINT('',(-0.32,-2.86,8.38));
#6126 = VECTOR('',#6127,1.);
#6127 = DIRECTION('',(1.,0.,0.));
#6128 = PLANE('',#6129);
#6129 = AXIS2_PLACEMENT_3D('',#6130,#6131,#6132);
#6130 = CARTESIAN_POINT('',(-0.32,-2.86,-3.));
#6131 = DIRECTION('',(0.,1.,0.));
#6132 = DIRECTION('',(0.,-0.,1.));
#6133 = ADVANCED_FACE('',(#6134),#6152,.T.);
#6134 = FACE_BOUND('',#6135,.T.);
#6135 = EDGE_LOOP('',(#6136,#6137,#6138,#6146));
#6136 = ORIENTED_EDGE('',*,*,#6106,.F.);
#6137 = ORIENTED_EDGE('',*,*,#5622,.T.);
#6138 = ORIENTED_EDGE('',*,*,#6139,.T.);
#6139 = EDGE_CURVE('',#5615,#6140,#6142,.T.);
#6140 = VERTEX_POINT('',#6141);
#6141 = CARTESIAN_POINT('',(0.32,-2.22,8.38));
#6142 = LINE('',#6143,#6144);
#6143 = CARTESIAN_POINT('',(0.32,-2.22,-3.));
#6144 = VECTOR('',#6145,1.);
#6145 = DIRECTION('',(0.,0.,1.));
#6146 = ORIENTED_EDGE('',*,*,#6147,.F.);
#6147 = EDGE_CURVE('',#6107,#6140,#6148,.T.);
#6148 = LINE('',#6149,#6150);
#6149 = CARTESIAN_POINT('',(0.32,-2.86,8.38));
#6150 = VECTOR('',#6151,1.);
#6151 = DIRECTION('',(0.,1.,0.));
#6152 = PLANE('',#6153);
#6153 = AXIS2_PLACEMENT_3D('',#6154,#6155,#6156);
#6154 = CARTESIAN_POINT('',(0.32,-2.86,-3.));
#6155 = DIRECTION('',(1.,0.,0.));
#6156 = DIRECTION('',(0.,0.,1.));
#6157 = ADVANCED_FACE('',(#6158),#6176,.T.);
#6158 = FACE_BOUND('',#6159,.T.);
#6159 = EDGE_LOOP('',(#6160,#6161,#6162,#6170));
#6160 = ORIENTED_EDGE('',*,*,#6139,.F.);
#6161 = ORIENTED_EDGE('',*,*,#5614,.T.);
#6162 = ORIENTED_EDGE('',*,*,#6163,.T.);
#6163 = EDGE_CURVE('',#5607,#6164,#6166,.T.);
#6164 = VERTEX_POINT('',#6165);
#6165 = CARTESIAN_POINT('',(-0.32,-2.22,8.38));
#6166 = LINE('',#6167,#6168);
#6167 = CARTESIAN_POINT('',(-0.32,-2.22,-3.));
#6168 = VECTOR('',#6169,1.);
#6169 = DIRECTION('',(0.,0.,1.));
#6170 = ORIENTED_EDGE('',*,*,#6171,.T.);
#6171 = EDGE_CURVE('',#6164,#6140,#6172,.T.);
#6172 = LINE('',#6173,#6174);
#6173 = CARTESIAN_POINT('',(-0.32,-2.22,8.38));
#6174 = VECTOR('',#6175,1.);
#6175 = DIRECTION('',(1.,0.,0.));
#6176 = PLANE('',#6177);
#6177 = AXIS2_PLACEMENT_3D('',#6178,#6179,#6180);
#6178 = CARTESIAN_POINT('',(-0.32,-2.22,-3.));
#6179 = DIRECTION('',(0.,1.,0.));
#6180 = DIRECTION('',(0.,-0.,1.));
#6181 = ADVANCED_FACE('',(#6182),#6193,.F.);
#6182 = FACE_BOUND('',#6183,.F.);
#6183 = EDGE_LOOP('',(#6184,#6185,#6186,#6187));
#6184 = ORIENTED_EDGE('',*,*,#6115,.F.);
#6185 = ORIENTED_EDGE('',*,*,#5606,.T.);
#6186 = ORIENTED_EDGE('',*,*,#6163,.T.);
#6187 = ORIENTED_EDGE('',*,*,#6188,.F.);
#6188 = EDGE_CURVE('',#6116,#6164,#6189,.T.);
#6189 = LINE('',#6190,#6191);
#6190 = CARTESIAN_POINT('',(-0.32,-2.86,8.38));
#6191 = VECTOR('',#6192,1.);
#6192 = DIRECTION('',(0.,1.,0.));
#6193 = PLANE('',#6194);
#6194 = AXIS2_PLACEMENT_3D('',#6195,#6196,#6197);
#6195 = CARTESIAN_POINT('',(-0.32,-2.86,-3.));
#6196 = DIRECTION('',(1.,0.,0.));
#6197 = DIRECTION('',(0.,0.,1.));
#6198 = ADVANCED_FACE('',(#6199),#6224,.T.);
#6199 = FACE_BOUND('',#6200,.F.);
#6200 = EDGE_LOOP('',(#6201,#6209,#6210,#6218));
#6201 = ORIENTED_EDGE('',*,*,#6202,.F.);
#6202 = EDGE_CURVE('',#5827,#6203,#6205,.T.);
#6203 = VERTEX_POINT('',#6204);
#6204 = CARTESIAN_POINT('',(-0.16,-0.16,-3.));
#6205 = LINE('',#6206,#6207);
#6206 = CARTESIAN_POINT('',(-0.266666666667,-0.266666666667,
    -2.893333333333));
#6207 = VECTOR('',#6208,1.);
#6208 = DIRECTION('',(0.57735026919,0.57735026919,-0.57735026919));
#6209 = ORIENTED_EDGE('',*,*,#5826,.T.);
#6210 = ORIENTED_EDGE('',*,*,#6211,.T.);
#6211 = EDGE_CURVE('',#5819,#6212,#6214,.T.);
#6212 = VERTEX_POINT('',#6213);
#6213 = CARTESIAN_POINT('',(0.16,-0.16,-3.));
#6214 = LINE('',#6215,#6216);
#6215 = CARTESIAN_POINT('',(0.16,-0.16,-3.));
#6216 = VECTOR('',#6217,1.);
#6217 = DIRECTION('',(-0.57735026919,0.57735026919,-0.57735026919));
#6218 = ORIENTED_EDGE('',*,*,#6219,.F.);
#6219 = EDGE_CURVE('',#6203,#6212,#6220,.T.);
#6220 = LINE('',#6221,#6222);
#6221 = CARTESIAN_POINT('',(-0.32,-0.16,-3.));
#6222 = VECTOR('',#6223,1.);
#6223 = DIRECTION('',(1.,0.,0.));
#6224 = PLANE('',#6225);
#6225 = AXIS2_PLACEMENT_3D('',#6226,#6227,#6228);
#6226 = CARTESIAN_POINT('',(-0.32,-0.24,-2.92));
#6227 = DIRECTION('',(1.735167508357E-18,-0.707106781187,-0.707106781187
    ));
#6228 = DIRECTION('',(-1.,-1.226948711654E-18,-1.226948711654E-18));
#6229 = ADVANCED_FACE('',(#6230),#6248,.F.);
#6230 = FACE_BOUND('',#6231,.F.);
#6231 = EDGE_LOOP('',(#6232,#6233,#6234,#6242));
#6232 = ORIENTED_EDGE('',*,*,#6211,.F.);
#6233 = ORIENTED_EDGE('',*,*,#5850,.T.);
#6234 = ORIENTED_EDGE('',*,*,#6235,.T.);
#6235 = EDGE_CURVE('',#5851,#6236,#6238,.T.);
#6236 = VERTEX_POINT('',#6237);
#6237 = CARTESIAN_POINT('',(0.16,0.16,-3.));
#6238 = LINE('',#6239,#6240);
#6239 = CARTESIAN_POINT('',(5.333333333333E-02,5.333333333333E-02,
    -3.106666666667));
#6240 = VECTOR('',#6241,1.);
#6241 = DIRECTION('',(-0.57735026919,-0.57735026919,-0.57735026919));
#6242 = ORIENTED_EDGE('',*,*,#6243,.F.);
#6243 = EDGE_CURVE('',#6212,#6236,#6244,.T.);
#6244 = LINE('',#6245,#6246);
#6245 = CARTESIAN_POINT('',(0.16,-0.32,-3.));
#6246 = VECTOR('',#6247,1.);
#6247 = DIRECTION('',(0.,1.,0.));
#6248 = PLANE('',#6249);
#6249 = AXIS2_PLACEMENT_3D('',#6250,#6251,#6252);
#6250 = CARTESIAN_POINT('',(0.24,-0.32,-2.92));
#6251 = DIRECTION('',(-0.707106781187,1.735167508357E-18,0.707106781187)
  );
#6252 = DIRECTION('',(1.226948711654E-18,1.,-1.226948711654E-18));
#6253 = ADVANCED_FACE('',(#6254),#6272,.F.);
#6254 = FACE_BOUND('',#6255,.T.);
#6255 = EDGE_LOOP('',(#6256,#6264,#6265,#6266));
#6256 = ORIENTED_EDGE('',*,*,#6257,.F.);
#6257 = EDGE_CURVE('',#5875,#6258,#6260,.T.);
#6258 = VERTEX_POINT('',#6259);
#6259 = CARTESIAN_POINT('',(-0.16,0.16,-3.));
#6260 = LINE('',#6261,#6262);
#6261 = CARTESIAN_POINT('',(-0.16,0.16,-3.));
#6262 = VECTOR('',#6263,1.);
#6263 = DIRECTION('',(0.57735026919,-0.57735026919,-0.57735026919));
#6264 = ORIENTED_EDGE('',*,*,#5874,.T.);
#6265 = ORIENTED_EDGE('',*,*,#6235,.T.);
#6266 = ORIENTED_EDGE('',*,*,#6267,.F.);
#6267 = EDGE_CURVE('',#6258,#6236,#6268,.T.);
#6268 = LINE('',#6269,#6270);
#6269 = CARTESIAN_POINT('',(-0.32,0.16,-3.));
#6270 = VECTOR('',#6271,1.);
#6271 = DIRECTION('',(1.,0.,0.));
#6272 = PLANE('',#6273);
#6273 = AXIS2_PLACEMENT_3D('',#6274,#6275,#6276);
#6274 = CARTESIAN_POINT('',(-0.32,0.24,-2.92));
#6275 = DIRECTION('',(-1.735167508357E-18,-0.707106781187,0.707106781187
    ));
#6276 = DIRECTION('',(-1.,1.226948711654E-18,-1.226948711654E-18));
#6277 = ADVANCED_FACE('',(#6278),#6289,.T.);
#6278 = FACE_BOUND('',#6279,.T.);
#6279 = EDGE_LOOP('',(#6280,#6281,#6282,#6283));
#6280 = ORIENTED_EDGE('',*,*,#6202,.F.);
#6281 = ORIENTED_EDGE('',*,*,#5898,.T.);
#6282 = ORIENTED_EDGE('',*,*,#6257,.T.);
#6283 = ORIENTED_EDGE('',*,*,#6284,.F.);
#6284 = EDGE_CURVE('',#6203,#6258,#6285,.T.);
#6285 = LINE('',#6286,#6287);
#6286 = CARTESIAN_POINT('',(-0.16,-0.32,-3.));
#6287 = VECTOR('',#6288,1.);
#6288 = DIRECTION('',(0.,1.,0.));
#6289 = PLANE('',#6290);
#6290 = AXIS2_PLACEMENT_3D('',#6291,#6292,#6293);
#6291 = CARTESIAN_POINT('',(-0.24,-0.32,-2.92));
#6292 = DIRECTION('',(-0.707106781187,-1.735167508357E-18,
    -0.707106781187));
#6293 = DIRECTION('',(-1.226948711654E-18,1.,-1.226948711654E-18));
#6294 = ADVANCED_FACE('',(#6295),#6320,.T.);
#6295 = FACE_BOUND('',#6296,.F.);
#6296 = EDGE_LOOP('',(#6297,#6305,#6306,#6314));
#6297 = ORIENTED_EDGE('',*,*,#6298,.F.);
#6298 = EDGE_CURVE('',#5923,#6299,#6301,.T.);
#6299 = VERTEX_POINT('',#6300);
#6300 = CARTESIAN_POINT('',(-0.16,-2.7,-3.));
#6301 = LINE('',#6302,#6303);
#6302 = CARTESIAN_POINT('',(-0.266666666667,-2.806666666667,
    -2.893333333333));
#6303 = VECTOR('',#6304,1.);
#6304 = DIRECTION('',(0.57735026919,0.57735026919,-0.57735026919));
#6305 = ORIENTED_EDGE('',*,*,#5922,.T.);
#6306 = ORIENTED_EDGE('',*,*,#6307,.T.);
#6307 = EDGE_CURVE('',#5915,#6308,#6310,.T.);
#6308 = VERTEX_POINT('',#6309);
#6309 = CARTESIAN_POINT('',(0.16,-2.7,-3.));
#6310 = LINE('',#6311,#6312);
#6311 = CARTESIAN_POINT('',(0.16,-2.7,-3.));
#6312 = VECTOR('',#6313,1.);
#6313 = DIRECTION('',(-0.57735026919,0.57735026919,-0.57735026919));
#6314 = ORIENTED_EDGE('',*,*,#6315,.F.);
#6315 = EDGE_CURVE('',#6299,#6308,#6316,.T.);
#6316 = LINE('',#6317,#6318);
#6317 = CARTESIAN_POINT('',(-0.32,-2.7,-3.));
#6318 = VECTOR('',#6319,1.);
#6319 = DIRECTION('',(1.,0.,0.));
#6320 = PLANE('',#6321);
#6321 = AXIS2_PLACEMENT_3D('',#6322,#6323,#6324);
#6322 = CARTESIAN_POINT('',(-0.32,-2.78,-2.92));
#6323 = DIRECTION('',(1.735167508357E-18,-0.707106781187,-0.707106781187
    ));
#6324 = DIRECTION('',(-1.,-1.226948711654E-18,-1.226948711654E-18));
#6325 = ADVANCED_FACE('',(#6326),#6344,.F.);
#6326 = FACE_BOUND('',#6327,.F.);
#6327 = EDGE_LOOP('',(#6328,#6329,#6330,#6338));
#6328 = ORIENTED_EDGE('',*,*,#6307,.F.);
#6329 = ORIENTED_EDGE('',*,*,#5946,.T.);
#6330 = ORIENTED_EDGE('',*,*,#6331,.T.);
#6331 = EDGE_CURVE('',#5947,#6332,#6334,.T.);
#6332 = VERTEX_POINT('',#6333);
#6333 = CARTESIAN_POINT('',(0.16,-2.38,-3.));
#6334 = LINE('',#6335,#6336);
#6335 = CARTESIAN_POINT('',(5.333333333333E-02,-2.486666666667,
    -3.106666666667));
#6336 = VECTOR('',#6337,1.);
#6337 = DIRECTION('',(-0.57735026919,-0.57735026919,-0.57735026919));
#6338 = ORIENTED_EDGE('',*,*,#6339,.F.);
#6339 = EDGE_CURVE('',#6308,#6332,#6340,.T.);
#6340 = LINE('',#6341,#6342);
#6341 = CARTESIAN_POINT('',(0.16,-2.86,-3.));
#6342 = VECTOR('',#6343,1.);
#6343 = DIRECTION('',(0.,1.,0.));
#6344 = PLANE('',#6345);
#6345 = AXIS2_PLACEMENT_3D('',#6346,#6347,#6348);
#6346 = CARTESIAN_POINT('',(0.24,-2.86,-2.92));
#6347 = DIRECTION('',(-0.707106781187,1.735167508357E-18,0.707106781187)
  );
#6348 = DIRECTION('',(1.226948711654E-18,1.,-1.226948711654E-18));
#6349 = ADVANCED_FACE('',(#6350),#6368,.F.);
#6350 = FACE_BOUND('',#6351,.T.);
#6351 = EDGE_LOOP('',(#6352,#6360,#6361,#6362));
#6352 = ORIENTED_EDGE('',*,*,#6353,.F.);
#6353 = EDGE_CURVE('',#5971,#6354,#6356,.T.);
#6354 = VERTEX_POINT('',#6355);
#6355 = CARTESIAN_POINT('',(-0.16,-2.38,-3.));
#6356 = LINE('',#6357,#6358);
#6357 = CARTESIAN_POINT('',(-0.16,-2.38,-3.));
#6358 = VECTOR('',#6359,1.);
#6359 = DIRECTION('',(0.57735026919,-0.57735026919,-0.57735026919));
#6360 = ORIENTED_EDGE('',*,*,#5970,.T.);
#6361 = ORIENTED_EDGE('',*,*,#6331,.T.);
#6362 = ORIENTED_EDGE('',*,*,#6363,.F.);
#6363 = EDGE_CURVE('',#6354,#6332,#6364,.T.);
#6364 = LINE('',#6365,#6366);
#6365 = CARTESIAN_POINT('',(-0.32,-2.38,-3.));
#6366 = VECTOR('',#6367,1.);
#6367 = DIRECTION('',(1.,0.,0.));
#6368 = PLANE('',#6369);
#6369 = AXIS2_PLACEMENT_3D('',#6370,#6371,#6372);
#6370 = CARTESIAN_POINT('',(-0.32,-2.3,-2.92));
#6371 = DIRECTION('',(-1.735167508357E-18,-0.707106781187,0.707106781187
    ));
#6372 = DIRECTION('',(-1.,1.226948711654E-18,-1.226948711654E-18));
#6373 = ADVANCED_FACE('',(#6374),#6385,.T.);
#6374 = FACE_BOUND('',#6375,.T.);
#6375 = EDGE_LOOP('',(#6376,#6377,#6378,#6379));
#6376 = ORIENTED_EDGE('',*,*,#6298,.F.);
#6377 = ORIENTED_EDGE('',*,*,#5994,.T.);
#6378 = ORIENTED_EDGE('',*,*,#6353,.T.);
#6379 = ORIENTED_EDGE('',*,*,#6380,.F.);
#6380 = EDGE_CURVE('',#6299,#6354,#6381,.T.);
#6381 = LINE('',#6382,#6383);
#6382 = CARTESIAN_POINT('',(-0.16,-2.86,-3.));
#6383 = VECTOR('',#6384,1.);
#6384 = DIRECTION('',(0.,1.,0.));
#6385 = PLANE('',#6386);
#6386 = AXIS2_PLACEMENT_3D('',#6387,#6388,#6389);
#6387 = CARTESIAN_POINT('',(-0.24,-2.86,-2.92));
#6388 = DIRECTION('',(-0.707106781187,-1.735167508357E-18,
    -0.707106781187));
#6389 = DIRECTION('',(-1.226948711654E-18,1.,-1.226948711654E-18));
#6390 = ADVANCED_FACE('',(#6391),#6416,.F.);
#6391 = FACE_BOUND('',#6392,.T.);
#6392 = EDGE_LOOP('',(#6393,#6401,#6402,#6410));
#6393 = ORIENTED_EDGE('',*,*,#6394,.F.);
#6394 = EDGE_CURVE('',#6020,#6395,#6397,.T.);
#6395 = VERTEX_POINT('',#6396);
#6396 = CARTESIAN_POINT('',(-0.16,-0.16,8.54));
#6397 = LINE('',#6398,#6399);
#6398 = CARTESIAN_POINT('',(-0.266666666667,-0.266666666667,
    8.433333333333));
#6399 = VECTOR('',#6400,1.);
#6400 = DIRECTION('',(0.57735026919,0.57735026919,0.57735026919));
#6401 = ORIENTED_EDGE('',*,*,#6027,.T.);
#6402 = ORIENTED_EDGE('',*,*,#6403,.T.);
#6403 = EDGE_CURVE('',#6011,#6404,#6406,.T.);
#6404 = VERTEX_POINT('',#6405);
#6405 = CARTESIAN_POINT('',(0.16,-0.16,8.54));
#6406 = LINE('',#6407,#6408);
#6407 = CARTESIAN_POINT('',(0.16,-0.16,8.54));
#6408 = VECTOR('',#6409,1.);
#6409 = DIRECTION('',(-0.57735026919,0.57735026919,0.57735026919));
#6410 = ORIENTED_EDGE('',*,*,#6411,.F.);
#6411 = EDGE_CURVE('',#6395,#6404,#6412,.T.);
#6412 = LINE('',#6413,#6414);
#6413 = CARTESIAN_POINT('',(-0.32,-0.16,8.54));
#6414 = VECTOR('',#6415,1.);
#6415 = DIRECTION('',(1.,0.,0.));
#6416 = PLANE('',#6417);
#6417 = AXIS2_PLACEMENT_3D('',#6418,#6419,#6420);
#6418 = CARTESIAN_POINT('',(-0.32,-0.24,8.46));
#6419 = DIRECTION('',(-1.735167508357E-18,0.707106781187,-0.707106781187
    ));
#6420 = DIRECTION('',(-1.,-1.226948711654E-18,1.226948711654E-18));
#6421 = ADVANCED_FACE('',(#6422),#6440,.T.);
#6422 = FACE_BOUND('',#6423,.T.);
#6423 = EDGE_LOOP('',(#6424,#6425,#6426,#6434));
#6424 = ORIENTED_EDGE('',*,*,#6403,.F.);
#6425 = ORIENTED_EDGE('',*,*,#6051,.T.);
#6426 = ORIENTED_EDGE('',*,*,#6427,.T.);
#6427 = EDGE_CURVE('',#6044,#6428,#6430,.T.);
#6428 = VERTEX_POINT('',#6429);
#6429 = CARTESIAN_POINT('',(0.16,0.16,8.54));
#6430 = LINE('',#6431,#6432);
#6431 = CARTESIAN_POINT('',(5.333333333333E-02,5.333333333333E-02,
    8.646666666667));
#6432 = VECTOR('',#6433,1.);
#6433 = DIRECTION('',(-0.57735026919,-0.57735026919,0.57735026919));
#6434 = ORIENTED_EDGE('',*,*,#6435,.F.);
#6435 = EDGE_CURVE('',#6404,#6428,#6436,.T.);
#6436 = LINE('',#6437,#6438);
#6437 = CARTESIAN_POINT('',(0.16,-0.32,8.54));
#6438 = VECTOR('',#6439,1.);
#6439 = DIRECTION('',(0.,1.,0.));
#6440 = PLANE('',#6441);
#6441 = AXIS2_PLACEMENT_3D('',#6442,#6443,#6444);
#6442 = CARTESIAN_POINT('',(0.24,-0.32,8.46));
#6443 = DIRECTION('',(0.707106781187,-1.735167508357E-18,0.707106781187)
  );
#6444 = DIRECTION('',(1.226948711654E-18,1.,1.226948711654E-18));
#6445 = ADVANCED_FACE('',(#6446),#6464,.T.);
#6446 = FACE_BOUND('',#6447,.F.);
#6447 = EDGE_LOOP('',(#6448,#6456,#6457,#6458));
#6448 = ORIENTED_EDGE('',*,*,#6449,.F.);
#6449 = EDGE_CURVE('',#6068,#6450,#6452,.T.);
#6450 = VERTEX_POINT('',#6451);
#6451 = CARTESIAN_POINT('',(-0.16,0.16,8.54));
#6452 = LINE('',#6453,#6454);
#6453 = CARTESIAN_POINT('',(-0.16,0.16,8.54));
#6454 = VECTOR('',#6455,1.);
#6455 = DIRECTION('',(0.57735026919,-0.57735026919,0.57735026919));
#6456 = ORIENTED_EDGE('',*,*,#6075,.T.);
#6457 = ORIENTED_EDGE('',*,*,#6427,.T.);
#6458 = ORIENTED_EDGE('',*,*,#6459,.F.);
#6459 = EDGE_CURVE('',#6450,#6428,#6460,.T.);
#6460 = LINE('',#6461,#6462);
#6461 = CARTESIAN_POINT('',(-0.32,0.16,8.54));
#6462 = VECTOR('',#6463,1.);
#6463 = DIRECTION('',(1.,0.,0.));
#6464 = PLANE('',#6465);
#6465 = AXIS2_PLACEMENT_3D('',#6466,#6467,#6468);
#6466 = CARTESIAN_POINT('',(-0.32,0.24,8.46));
#6467 = DIRECTION('',(1.735167508357E-18,0.707106781187,0.707106781187)
  );
#6468 = DIRECTION('',(-1.,1.226948711654E-18,1.226948711654E-18));
#6469 = ADVANCED_FACE('',(#6470),#6481,.F.);
#6470 = FACE_BOUND('',#6471,.F.);
#6471 = EDGE_LOOP('',(#6472,#6473,#6474,#6475));
#6472 = ORIENTED_EDGE('',*,*,#6394,.F.);
#6473 = ORIENTED_EDGE('',*,*,#6092,.T.);
#6474 = ORIENTED_EDGE('',*,*,#6449,.T.);
#6475 = ORIENTED_EDGE('',*,*,#6476,.F.);
#6476 = EDGE_CURVE('',#6395,#6450,#6477,.T.);
#6477 = LINE('',#6478,#6479);
#6478 = CARTESIAN_POINT('',(-0.16,-0.32,8.54));
#6479 = VECTOR('',#6480,1.);
#6480 = DIRECTION('',(0.,1.,0.));
#6481 = PLANE('',#6482);
#6482 = AXIS2_PLACEMENT_3D('',#6483,#6484,#6485);
#6483 = CARTESIAN_POINT('',(-0.24,-0.32,8.46));
#6484 = DIRECTION('',(0.707106781187,1.735167508357E-18,-0.707106781187)
  );
#6485 = DIRECTION('',(-1.226948711654E-18,1.,1.226948711654E-18));
#6486 = ADVANCED_FACE('',(#6487),#6512,.F.);
#6487 = FACE_BOUND('',#6488,.T.);
#6488 = EDGE_LOOP('',(#6489,#6497,#6498,#6506));
#6489 = ORIENTED_EDGE('',*,*,#6490,.F.);
#6490 = EDGE_CURVE('',#6116,#6491,#6493,.T.);
#6491 = VERTEX_POINT('',#6492);
#6492 = CARTESIAN_POINT('',(-0.16,-2.7,8.54));
#6493 = LINE('',#6494,#6495);
#6494 = CARTESIAN_POINT('',(-0.266666666667,-2.806666666667,
    8.433333333333));
#6495 = VECTOR('',#6496,1.);
#6496 = DIRECTION('',(0.57735026919,0.57735026919,0.57735026919));
#6497 = ORIENTED_EDGE('',*,*,#6123,.T.);
#6498 = ORIENTED_EDGE('',*,*,#6499,.T.);
#6499 = EDGE_CURVE('',#6107,#6500,#6502,.T.);
#6500 = VERTEX_POINT('',#6501);
#6501 = CARTESIAN_POINT('',(0.16,-2.7,8.54));
#6502 = LINE('',#6503,#6504);
#6503 = CARTESIAN_POINT('',(0.16,-2.7,8.54));
#6504 = VECTOR('',#6505,1.);
#6505 = DIRECTION('',(-0.57735026919,0.57735026919,0.57735026919));
#6506 = ORIENTED_EDGE('',*,*,#6507,.F.);
#6507 = EDGE_CURVE('',#6491,#6500,#6508,.T.);
#6508 = LINE('',#6509,#6510);
#6509 = CARTESIAN_POINT('',(-0.32,-2.7,8.54));
#6510 = VECTOR('',#6511,1.);
#6511 = DIRECTION('',(1.,0.,0.));
#6512 = PLANE('',#6513);
#6513 = AXIS2_PLACEMENT_3D('',#6514,#6515,#6516);
#6514 = CARTESIAN_POINT('',(-0.32,-2.78,8.46));
#6515 = DIRECTION('',(-1.735167508357E-18,0.707106781187,-0.707106781187
    ));
#6516 = DIRECTION('',(-1.,-1.226948711654E-18,1.226948711654E-18));
#6517 = ADVANCED_FACE('',(#6518),#6536,.T.);
#6518 = FACE_BOUND('',#6519,.T.);
#6519 = EDGE_LOOP('',(#6520,#6521,#6522,#6530));
#6520 = ORIENTED_EDGE('',*,*,#6499,.F.);
#6521 = ORIENTED_EDGE('',*,*,#6147,.T.);
#6522 = ORIENTED_EDGE('',*,*,#6523,.T.);
#6523 = EDGE_CURVE('',#6140,#6524,#6526,.T.);
#6524 = VERTEX_POINT('',#6525);
#6525 = CARTESIAN_POINT('',(0.16,-2.38,8.54));
#6526 = LINE('',#6527,#6528);
#6527 = CARTESIAN_POINT('',(5.333333333333E-02,-2.486666666667,
    8.646666666667));
#6528 = VECTOR('',#6529,1.);
#6529 = DIRECTION('',(-0.57735026919,-0.57735026919,0.57735026919));
#6530 = ORIENTED_EDGE('',*,*,#6531,.F.);
#6531 = EDGE_CURVE('',#6500,#6524,#6532,.T.);
#6532 = LINE('',#6533,#6534);
#6533 = CARTESIAN_POINT('',(0.16,-2.86,8.54));
#6534 = VECTOR('',#6535,1.);
#6535 = DIRECTION('',(0.,1.,0.));
#6536 = PLANE('',#6537);
#6537 = AXIS2_PLACEMENT_3D('',#6538,#6539,#6540);
#6538 = CARTESIAN_POINT('',(0.24,-2.86,8.46));
#6539 = DIRECTION('',(0.707106781187,-1.735167508357E-18,0.707106781187)
  );
#6540 = DIRECTION('',(1.226948711654E-18,1.,1.226948711654E-18));
#6541 = ADVANCED_FACE('',(#6542),#6560,.T.);
#6542 = FACE_BOUND('',#6543,.F.);
#6543 = EDGE_LOOP('',(#6544,#6552,#6553,#6554));
#6544 = ORIENTED_EDGE('',*,*,#6545,.F.);
#6545 = EDGE_CURVE('',#6164,#6546,#6548,.T.);
#6546 = VERTEX_POINT('',#6547);
#6547 = CARTESIAN_POINT('',(-0.16,-2.38,8.54));
#6548 = LINE('',#6549,#6550);
#6549 = CARTESIAN_POINT('',(-0.16,-2.38,8.54));
#6550 = VECTOR('',#6551,1.);
#6551 = DIRECTION('',(0.57735026919,-0.57735026919,0.57735026919));
#6552 = ORIENTED_EDGE('',*,*,#6171,.T.);
#6553 = ORIENTED_EDGE('',*,*,#6523,.T.);
#6554 = ORIENTED_EDGE('',*,*,#6555,.F.);
#6555 = EDGE_CURVE('',#6546,#6524,#6556,.T.);
#6556 = LINE('',#6557,#6558);
#6557 = CARTESIAN_POINT('',(-0.32,-2.38,8.54));
#6558 = VECTOR('',#6559,1.);
#6559 = DIRECTION('',(1.,0.,0.));
#6560 = PLANE('',#6561);
#6561 = AXIS2_PLACEMENT_3D('',#6562,#6563,#6564);
#6562 = CARTESIAN_POINT('',(-0.32,-2.3,8.46));
#6563 = DIRECTION('',(1.735167508357E-18,0.707106781187,0.707106781187)
  );
#6564 = DIRECTION('',(-1.,1.226948711654E-18,1.226948711654E-18));
#6565 = ADVANCED_FACE('',(#6566),#6577,.F.);
#6566 = FACE_BOUND('',#6567,.F.);
#6567 = EDGE_LOOP('',(#6568,#6569,#6570,#6571));
#6568 = ORIENTED_EDGE('',*,*,#6490,.F.);
#6569 = ORIENTED_EDGE('',*,*,#6188,.T.);
#6570 = ORIENTED_EDGE('',*,*,#6545,.T.);
#6571 = ORIENTED_EDGE('',*,*,#6572,.F.);
#6572 = EDGE_CURVE('',#6491,#6546,#6573,.T.);
#6573 = LINE('',#6574,#6575);
#6574 = CARTESIAN_POINT('',(-0.16,-2.86,8.54));
#6575 = VECTOR('',#6576,1.);
#6576 = DIRECTION('',(0.,1.,0.));
#6577 = PLANE('',#6578);
#6578 = AXIS2_PLACEMENT_3D('',#6579,#6580,#6581);
#6579 = CARTESIAN_POINT('',(-0.24,-2.86,8.46));
#6580 = DIRECTION('',(0.707106781187,1.735167508357E-18,-0.707106781187)
  );
#6581 = DIRECTION('',(-1.226948711654E-18,1.,1.226948711654E-18));
#6582 = ADVANCED_FACE('',(#6583),#6589,.F.);
#6583 = FACE_BOUND('',#6584,.F.);
#6584 = EDGE_LOOP('',(#6585,#6586,#6587,#6588));
#6585 = ORIENTED_EDGE('',*,*,#6284,.F.);
#6586 = ORIENTED_EDGE('',*,*,#6219,.T.);
#6587 = ORIENTED_EDGE('',*,*,#6243,.T.);
#6588 = ORIENTED_EDGE('',*,*,#6267,.F.);
#6589 = PLANE('',#6590);
#6590 = AXIS2_PLACEMENT_3D('',#6591,#6592,#6593);
#6591 = CARTESIAN_POINT('',(-0.32,-0.32,-3.));
#6592 = DIRECTION('',(0.,0.,1.));
#6593 = DIRECTION('',(1.,0.,-0.));
#6594 = ADVANCED_FACE('',(#6595),#6601,.F.);
#6595 = FACE_BOUND('',#6596,.F.);
#6596 = EDGE_LOOP('',(#6597,#6598,#6599,#6600));
#6597 = ORIENTED_EDGE('',*,*,#6380,.F.);
#6598 = ORIENTED_EDGE('',*,*,#6315,.T.);
#6599 = ORIENTED_EDGE('',*,*,#6339,.T.);
#6600 = ORIENTED_EDGE('',*,*,#6363,.F.);
#6601 = PLANE('',#6602);
#6602 = AXIS2_PLACEMENT_3D('',#6603,#6604,#6605);
#6603 = CARTESIAN_POINT('',(-0.32,-2.86,-3.));
#6604 = DIRECTION('',(0.,0.,1.));
#6605 = DIRECTION('',(1.,0.,-0.));
#6606 = ADVANCED_FACE('',(#6607),#6613,.T.);
#6607 = FACE_BOUND('',#6608,.T.);
#6608 = EDGE_LOOP('',(#6609,#6610,#6611,#6612));
#6609 = ORIENTED_EDGE('',*,*,#6459,.F.);
#6610 = ORIENTED_EDGE('',*,*,#6476,.F.);
#6611 = ORIENTED_EDGE('',*,*,#6411,.T.);
#6612 = ORIENTED_EDGE('',*,*,#6435,.T.);
#6613 = PLANE('',#6614);
#6614 = AXIS2_PLACEMENT_3D('',#6615,#6616,#6617);
#6615 = CARTESIAN_POINT('',(-0.32,-0.32,8.54));
#6616 = DIRECTION('',(0.,0.,1.));
#6617 = DIRECTION('',(1.,0.,-0.));
#6618 = ADVANCED_FACE('',(#6619),#6625,.T.);
#6619 = FACE_BOUND('',#6620,.T.);
#6620 = EDGE_LOOP('',(#6621,#6622,#6623,#6624));
#6621 = ORIENTED_EDGE('',*,*,#6555,.F.);
#6622 = ORIENTED_EDGE('',*,*,#6572,.F.);
#6623 = ORIENTED_EDGE('',*,*,#6507,.T.);
#6624 = ORIENTED_EDGE('',*,*,#6531,.T.);
#6625 = PLANE('',#6626);
#6626 = AXIS2_PLACEMENT_3D('',#6627,#6628,#6629);
#6627 = CARTESIAN_POINT('',(-0.32,-2.86,8.54));
#6628 = DIRECTION('',(0.,0.,1.));
#6629 = DIRECTION('',(1.,0.,-0.));
#6630 = ( GEOMETRIC_REPRESENTATION_CONTEXT(3) 
GLOBAL_UNCERTAINTY_ASSIGNED_CONTEXT((#6634)) 
GLOBAL_UNIT_ASSIGNED_CONTEXT((#6631,#6632,#6633)) REPRESENTATION_CONTEXT
('Context #1','3D Context with UNIT and UNCERTAINTY') );
#6631 = ( LENGTH_UNIT() NAMED_UNIT(*) SI_UNIT(.MILLI.,.METRE.) );
#6632 = ( NAMED_UNIT(*) PLANE_ANGLE_UNIT() SI_UNIT($,.RADIAN.) );
#6633 = ( NAMED_UNIT(*) SI_UNIT($,.STERADIAN.) SOLID_ANGLE_UNIT() );
#6634 = UNCERTAINTY_MEASURE_WITH_UNIT(LENGTH_MEASURE(1.E-07),#6631,
  'distance_accuracy_value','confusion accuracy');
#6635 = CONTEXT_DEPENDENT_SHAPE_REPRESENTATION(#6636,#6638);
#6636 = ( REPRESENTATION_RELATIONSHIP('','',#5197,#10) 
REPRESENTATION_RELATIONSHIP_WITH_TRANSFORMATION(#6637) 
SHAPE_REPRESENTATION_RELATIONSHIP() );
#6637 = ITEM_DEFINED_TRANSFORMATION('','',#11,#31);
#6638 = PRODUCT_DEFINITION_SHAPE('Placement','Placement of an item',
  #6639);
#6639 = NEXT_ASSEMBLY_USAGE_OCCURRENCE('5','J3','',#5,#5192,$);
#6640 = PRODUCT_RELATED_PRODUCT_CATEGORY('part',$,(#5194));
#6641 = CONTEXT_DEPENDENT_SHAPE_REPRESENTATION(#6642,#6644);
#6642 = ( REPRESENTATION_RELATIONSHIP('','',#5197,#10) 
REPRESENTATION_RELATIONSHIP_WITH_TRANSFORMATION(#6643) 
SHAPE_REPRESENTATION_RELATIONSHIP() );
#6643 = ITEM_DEFINED_TRANSFORMATION('','',#11,#35);
#6644 = PRODUCT_DEFINITION_SHAPE('Placement','Placement of an item',
  #6645);
#6645 = NEXT_ASSEMBLY_USAGE_OCCURRENCE('6','J2','',#5,#5192,$);
#6646 = CONTEXT_DEPENDENT_SHAPE_REPRESENTATION(#6647,#6649);
#6647 = ( REPRESENTATION_RELATIONSHIP('','',#80,#10) 
REPRESENTATION_RELATIONSHIP_WITH_TRANSFORMATION(#6648) 
SHAPE_REPRESENTATION_RELATIONSHIP() );
#6648 = ITEM_DEFINED_TRANSFORMATION('','',#11,#39);
#6649 = PRODUCT_DEFINITION_SHAPE('Placement','Placement of an item',
  #6650);
#6650 = NEXT_ASSEMBLY_USAGE_OCCURRENCE('7','D4','',#5,#75,$);
#6651 = SHAPE_DEFINITION_REPRESENTATION(#6652,#6658);
#6652 = PRODUCT_DEFINITION_SHAPE('','',#6653);
#6653 = PRODUCT_DEFINITION('design','',#6654,#6657);
#6654 = PRODUCT_DEFINITION_FORMATION('','',#6655);
#6655 = PRODUCT('PinHeader_1x02_P2.54mm_Horizontal',
  'PinHeader_1x02_P2.54mm_Horizontal','',(#6656));
#6656 = PRODUCT_CONTEXT('',#2,'mechanical');
#6657 = PRODUCT_DEFINITION_CONTEXT('part definition',#2,'design');
#6658 = ADVANCED_BREP_SHAPE_REPRESENTATION('',(#11,#6659),#8293);
#6659 = MANIFOLD_SOLID_BREP('',#6660);
#6660 = CLOSED_SHELL('',(#6661,#6701,#6732,#6763,#6928,#7093,#7110,#7127
    ,#7144,#7161,#7178,#7195,#7212,#7229,#7246,#7263,#7275,#7306,#7355,
    #7379,#7421,#7452,#7501,#7525,#7567,#7598,#7622,#7646,#7663,#7694,
    #7718,#7742,#7759,#7776,#7793,#7810,#7841,#7872,#7889,#7906,#7923,
    #7954,#7985,#8016,#8040,#8064,#8081,#8112,#8136,#8160,#8177,#8194,
    #8211,#8223,#8240,#8257,#8269,#8281));
#6661 = ADVANCED_FACE('',(#6662),#6696,.T.);
#6662 = FACE_BOUND('',#6663,.T.);
#6663 = EDGE_LOOP('',(#6664,#6674,#6682,#6690));
#6664 = ORIENTED_EDGE('',*,*,#6665,.T.);
#6665 = EDGE_CURVE('',#6666,#6668,#6670,.T.);
#6666 = VERTEX_POINT('',#6667);
#6667 = CARTESIAN_POINT('',(1.5,1.27,0.254));
#6668 = VERTEX_POINT('',#6669);
#6669 = CARTESIAN_POINT('',(4.04,1.27,0.254));
#6670 = LINE('',#6671,#6672);
#6671 = CARTESIAN_POINT('',(1.5,1.27,0.254));
#6672 = VECTOR('',#6673,1.);
#6673 = DIRECTION('',(1.,0.,0.));
#6674 = ORIENTED_EDGE('',*,*,#6675,.T.);
#6675 = EDGE_CURVE('',#6668,#6676,#6678,.T.);
#6676 = VERTEX_POINT('',#6677);
#6677 = CARTESIAN_POINT('',(4.04,1.016,0.));
#6678 = LINE('',#6679,#6680);
#6679 = CARTESIAN_POINT('',(4.04,1.27,0.254));
#6680 = VECTOR('',#6681,1.);
#6681 = DIRECTION('',(0.,-0.707106781187,-0.707106781187));
#6682 = ORIENTED_EDGE('',*,*,#6683,.F.);
#6683 = EDGE_CURVE('',#6684,#6676,#6686,.T.);
#6684 = VERTEX_POINT('',#6685);
#6685 = CARTESIAN_POINT('',(1.5,1.016,0.));
#6686 = LINE('',#6687,#6688);
#6687 = CARTESIAN_POINT('',(1.5,1.016,0.));
#6688 = VECTOR('',#6689,1.);
#6689 = DIRECTION('',(1.,0.,0.));
#6690 = ORIENTED_EDGE('',*,*,#6691,.F.);
#6691 = EDGE_CURVE('',#6666,#6684,#6692,.T.);
#6692 = LINE('',#6693,#6694);
#6693 = CARTESIAN_POINT('',(1.5,1.27,0.254));
#6694 = VECTOR('',#6695,1.);
#6695 = DIRECTION('',(0.,-0.707106781187,-0.707106781187));
#6696 = PLANE('',#6697);
#6697 = AXIS2_PLACEMENT_3D('',#6698,#6699,#6700);
#6698 = CARTESIAN_POINT('',(1.5,1.27,0.254));
#6699 = DIRECTION('',(0.,0.707106781187,-0.707106781187));
#6700 = DIRECTION('',(0.,-0.707106781187,-0.707106781187));
#6701 = ADVANCED_FACE('',(#6702),#6727,.T.);
#6702 = FACE_BOUND('',#6703,.T.);
#6703 = EDGE_LOOP('',(#6704,#6714,#6720,#6721));
#6704 = ORIENTED_EDGE('',*,*,#6705,.T.);
#6705 = EDGE_CURVE('',#6706,#6708,#6710,.T.);
#6706 = VERTEX_POINT('',#6707);
#6707 = CARTESIAN_POINT('',(1.5,1.27,2.286));
#6708 = VERTEX_POINT('',#6709);
#6709 = CARTESIAN_POINT('',(4.04,1.27,2.286));
#6710 = LINE('',#6711,#6712);
#6711 = CARTESIAN_POINT('',(1.5,1.27,2.286));
#6712 = VECTOR('',#6713,1.);
#6713 = DIRECTION('',(1.,0.,0.));
#6714 = ORIENTED_EDGE('',*,*,#6715,.T.);
#6715 = EDGE_CURVE('',#6708,#6668,#6716,.T.);
#6716 = LINE('',#6717,#6718);
#6717 = CARTESIAN_POINT('',(4.04,1.27,2.286));
#6718 = VECTOR('',#6719,1.);
#6719 = DIRECTION('',(0.,0.,-1.));
#6720 = ORIENTED_EDGE('',*,*,#6665,.F.);
#6721 = ORIENTED_EDGE('',*,*,#6722,.F.);
#6722 = EDGE_CURVE('',#6706,#6666,#6723,.T.);
#6723 = LINE('',#6724,#6725);
#6724 = CARTESIAN_POINT('',(1.5,1.27,2.286));
#6725 = VECTOR('',#6726,1.);
#6726 = DIRECTION('',(0.,0.,-1.));
#6727 = PLANE('',#6728);
#6728 = AXIS2_PLACEMENT_3D('',#6729,#6730,#6731);
#6729 = CARTESIAN_POINT('',(1.5,1.27,2.286));
#6730 = DIRECTION('',(0.,1.,0.));
#6731 = DIRECTION('',(0.,0.,-1.));
#6732 = ADVANCED_FACE('',(#6733),#6758,.T.);
#6733 = FACE_BOUND('',#6734,.T.);
#6734 = EDGE_LOOP('',(#6735,#6736,#6744,#6752));
#6735 = ORIENTED_EDGE('',*,*,#6683,.T.);
#6736 = ORIENTED_EDGE('',*,*,#6737,.T.);
#6737 = EDGE_CURVE('',#6676,#6738,#6740,.T.);
#6738 = VERTEX_POINT('',#6739);
#6739 = CARTESIAN_POINT('',(4.04,-1.016,0.));
#6740 = LINE('',#6741,#6742);
#6741 = CARTESIAN_POINT('',(4.04,1.016,0.));
#6742 = VECTOR('',#6743,1.);
#6743 = DIRECTION('',(0.,-1.,0.));
#6744 = ORIENTED_EDGE('',*,*,#6745,.F.);
#6745 = EDGE_CURVE('',#6746,#6738,#6748,.T.);
#6746 = VERTEX_POINT('',#6747);
#6747 = CARTESIAN_POINT('',(1.5,-1.016,0.));
#6748 = LINE('',#6749,#6750);
#6749 = CARTESIAN_POINT('',(1.5,-1.016,0.));
#6750 = VECTOR('',#6751,1.);
#6751 = DIRECTION('',(1.,0.,0.));
#6752 = ORIENTED_EDGE('',*,*,#6753,.F.);
#6753 = EDGE_CURVE('',#6684,#6746,#6754,.T.);
#6754 = LINE('',#6755,#6756);
#6755 = CARTESIAN_POINT('',(1.5,1.016,0.));
#6756 = VECTOR('',#6757,1.);
#6757 = DIRECTION('',(0.,-1.,0.));
#6758 = PLANE('',#6759);
#6759 = AXIS2_PLACEMENT_3D('',#6760,#6761,#6762);
#6760 = CARTESIAN_POINT('',(1.5,1.016,0.));
#6761 = DIRECTION('',(-0.,-0.,-1.));
#6762 = DIRECTION('',(0.,-1.,0.));
#6763 = ADVANCED_FACE('',(#6764,#6855,#6889),#6923,.T.);
#6764 = FACE_BOUND('',#6765,.T.);
#6765 = EDGE_LOOP('',(#6766,#6767,#6768,#6776,#6784,#6792,#6800,#6808,
    #6816,#6824,#6832,#6840,#6848,#6854));
#6766 = ORIENTED_EDGE('',*,*,#6691,.T.);
#6767 = ORIENTED_EDGE('',*,*,#6753,.T.);
#6768 = ORIENTED_EDGE('',*,*,#6769,.T.);
#6769 = EDGE_CURVE('',#6746,#6770,#6772,.T.);
#6770 = VERTEX_POINT('',#6771);
#6771 = CARTESIAN_POINT('',(1.5,-1.27,0.254));
#6772 = LINE('',#6773,#6774);
#6773 = CARTESIAN_POINT('',(1.5,-1.016,0.));
#6774 = VECTOR('',#6775,1.);
#6775 = DIRECTION('',(0.,-0.707106781187,0.707106781187));
#6776 = ORIENTED_EDGE('',*,*,#6777,.T.);
#6777 = EDGE_CURVE('',#6770,#6778,#6780,.T.);
#6778 = VERTEX_POINT('',#6779);
#6779 = CARTESIAN_POINT('',(1.5,-1.524,0.));
#6780 = LINE('',#6781,#6782);
#6781 = CARTESIAN_POINT('',(1.5,-1.27,0.254));
#6782 = VECTOR('',#6783,1.);
#6783 = DIRECTION('',(0.,-0.707106781187,-0.707106781187));
#6784 = ORIENTED_EDGE('',*,*,#6785,.T.);
#6785 = EDGE_CURVE('',#6778,#6786,#6788,.T.);
#6786 = VERTEX_POINT('',#6787);
#6787 = CARTESIAN_POINT('',(1.5,-3.556,0.));
#6788 = LINE('',#6789,#6790);
#6789 = CARTESIAN_POINT('',(1.5,-1.524,0.));
#6790 = VECTOR('',#6791,1.);
#6791 = DIRECTION('',(0.,-1.,0.));
#6792 = ORIENTED_EDGE('',*,*,#6793,.T.);
#6793 = EDGE_CURVE('',#6786,#6794,#6796,.T.);
#6794 = VERTEX_POINT('',#6795);
#6795 = CARTESIAN_POINT('',(1.5,-3.81,0.254));
#6796 = LINE('',#6797,#6798);
#6797 = CARTESIAN_POINT('',(1.5,-3.556,0.));
#6798 = VECTOR('',#6799,1.);
#6799 = DIRECTION('',(0.,-0.707106781187,0.707106781187));
#6800 = ORIENTED_EDGE('',*,*,#6801,.T.);
#6801 = EDGE_CURVE('',#6794,#6802,#6804,.T.);
#6802 = VERTEX_POINT('',#6803);
#6803 = CARTESIAN_POINT('',(1.5,-3.81,2.286));
#6804 = LINE('',#6805,#6806);
#6805 = CARTESIAN_POINT('',(1.5,-3.81,0.254));
#6806 = VECTOR('',#6807,1.);
#6807 = DIRECTION('',(0.,0.,1.));
#6808 = ORIENTED_EDGE('',*,*,#6809,.T.);
#6809 = EDGE_CURVE('',#6802,#6810,#6812,.T.);
#6810 = VERTEX_POINT('',#6811);
#6811 = CARTESIAN_POINT('',(1.5,-3.556,2.54));
#6812 = LINE('',#6813,#6814);
#6813 = CARTESIAN_POINT('',(1.5,-3.81,2.286));
#6814 = VECTOR('',#6815,1.);
#6815 = DIRECTION('',(0.,0.707106781187,0.707106781187));
#6816 = ORIENTED_EDGE('',*,*,#6817,.T.);
#6817 = EDGE_CURVE('',#6810,#6818,#6820,.T.);
#6818 = VERTEX_POINT('',#6819);
#6819 = CARTESIAN_POINT('',(1.5,-1.524,2.54));
#6820 = LINE('',#6821,#6822);
#6821 = CARTESIAN_POINT('',(1.5,-3.556,2.54));
#6822 = VECTOR('',#6823,1.);
#6823 = DIRECTION('',(0.,1.,0.));
#6824 = ORIENTED_EDGE('',*,*,#6825,.T.);
#6825 = EDGE_CURVE('',#6818,#6826,#6828,.T.);
#6826 = VERTEX_POINT('',#6827);
#6827 = CARTESIAN_POINT('',(1.5,-1.27,2.286));
#6828 = LINE('',#6829,#6830);
#6829 = CARTESIAN_POINT('',(1.5,-1.524,2.54));
#6830 = VECTOR('',#6831,1.);
#6831 = DIRECTION('',(0.,0.707106781187,-0.707106781187));
#6832 = ORIENTED_EDGE('',*,*,#6833,.T.);
#6833 = EDGE_CURVE('',#6826,#6834,#6836,.T.);
#6834 = VERTEX_POINT('',#6835);
#6835 = CARTESIAN_POINT('',(1.5,-1.016,2.54));
#6836 = LINE('',#6837,#6838);
#6837 = CARTESIAN_POINT('',(1.5,-1.27,2.286));
#6838 = VECTOR('',#6839,1.);
#6839 = DIRECTION('',(0.,0.707106781187,0.707106781187));
#6840 = ORIENTED_EDGE('',*,*,#6841,.T.);
#6841 = EDGE_CURVE('',#6834,#6842,#6844,.T.);
#6842 = VERTEX_POINT('',#6843);
#6843 = CARTESIAN_POINT('',(1.5,1.016,2.54));
#6844 = LINE('',#6845,#6846);
#6845 = CARTESIAN_POINT('',(1.5,-1.016,2.54));
#6846 = VECTOR('',#6847,1.);
#6847 = DIRECTION('',(0.,1.,0.));
#6848 = ORIENTED_EDGE('',*,*,#6849,.T.);
#6849 = EDGE_CURVE('',#6842,#6706,#6850,.T.);
#6850 = LINE('',#6851,#6852);
#6851 = CARTESIAN_POINT('',(1.5,1.016,2.54));
#6852 = VECTOR('',#6853,1.);
#6853 = DIRECTION('',(0.,0.707106781187,-0.707106781187));
#6854 = ORIENTED_EDGE('',*,*,#6722,.T.);
#6855 = FACE_BOUND('',#6856,.T.);
#6856 = EDGE_LOOP('',(#6857,#6867,#6875,#6883));
#6857 = ORIENTED_EDGE('',*,*,#6858,.F.);
#6858 = EDGE_CURVE('',#6859,#6861,#6863,.T.);
#6859 = VERTEX_POINT('',#6860);
#6860 = CARTESIAN_POINT('',(1.5,0.32,0.95));
#6861 = VERTEX_POINT('',#6862);
#6862 = CARTESIAN_POINT('',(1.5,-0.32,0.95));
#6863 = LINE('',#6864,#6865);
#6864 = CARTESIAN_POINT('',(1.5,-0.475,0.95));
#6865 = VECTOR('',#6866,1.);
#6866 = DIRECTION('',(-3.925005374637E-32,-1.,0.));
#6867 = ORIENTED_EDGE('',*,*,#6868,.F.);
#6868 = EDGE_CURVE('',#6869,#6859,#6871,.T.);
#6869 = VERTEX_POINT('',#6870);
#6870 = CARTESIAN_POINT('',(1.5,0.32,1.59));
#6871 = LINE('',#6872,#6873);
#6872 = CARTESIAN_POINT('',(1.5,0.32,0.924540133779));
#6873 = VECTOR('',#6874,1.);
#6874 = DIRECTION('',(3.797522772768E-32,6.630961875715E-34,-1.));
#6875 = ORIENTED_EDGE('',*,*,#6876,.F.);
#6876 = EDGE_CURVE('',#6877,#6869,#6879,.T.);
#6877 = VERTEX_POINT('',#6878);
#6878 = CARTESIAN_POINT('',(1.5,-0.32,1.59));
#6879 = LINE('',#6880,#6881);
#6880 = CARTESIAN_POINT('',(1.5,-0.475,1.59));
#6881 = VECTOR('',#6882,1.);
#6882 = DIRECTION('',(3.925005374637E-32,1.,8.412415711776E-49));
#6883 = ORIENTED_EDGE('',*,*,#6884,.T.);
#6884 = EDGE_CURVE('',#6877,#6861,#6885,.T.);
#6885 = LINE('',#6886,#6887);
#6886 = CARTESIAN_POINT('',(1.5,-0.32,0.924540133779));
#6887 = VECTOR('',#6888,1.);
#6888 = DIRECTION('',(3.797522772768E-32,6.630961875715E-34,-1.));
#6889 = FACE_BOUND('',#6890,.T.);
#6890 = EDGE_LOOP('',(#6891,#6901,#6909,#6917));
#6891 = ORIENTED_EDGE('',*,*,#6892,.F.);
#6892 = EDGE_CURVE('',#6893,#6895,#6897,.T.);
#6893 = VERTEX_POINT('',#6894);
#6894 = CARTESIAN_POINT('',(1.5,-2.22,0.95));
#6895 = VERTEX_POINT('',#6896);
#6896 = CARTESIAN_POINT('',(1.5,-2.86,0.95));
#6897 = LINE('',#6898,#6899);
#6898 = CARTESIAN_POINT('',(1.5,-1.745,0.95));
#6899 = VECTOR('',#6900,1.);
#6900 = DIRECTION('',(-3.925005374637E-32,-1.,0.));
#6901 = ORIENTED_EDGE('',*,*,#6902,.F.);
#6902 = EDGE_CURVE('',#6903,#6893,#6905,.T.);
#6903 = VERTEX_POINT('',#6904);
#6904 = CARTESIAN_POINT('',(1.5,-2.22,1.59));
#6905 = LINE('',#6906,#6907);
#6906 = CARTESIAN_POINT('',(1.5,-2.22,0.924540133779));
#6907 = VECTOR('',#6908,1.);
#6908 = DIRECTION('',(3.797522772768E-32,6.630961875715E-34,-1.));
#6909 = ORIENTED_EDGE('',*,*,#6910,.F.);
#6910 = EDGE_CURVE('',#6911,#6903,#6913,.T.);
#6911 = VERTEX_POINT('',#6912);
#6912 = CARTESIAN_POINT('',(1.5,-2.86,1.59));
#6913 = LINE('',#6914,#6915);
#6914 = CARTESIAN_POINT('',(1.5,-1.745,1.59));
#6915 = VECTOR('',#6916,1.);
#6916 = DIRECTION('',(3.925005374637E-32,1.,8.412415711776E-49));
#6917 = ORIENTED_EDGE('',*,*,#6918,.T.);
#6918 = EDGE_CURVE('',#6911,#6895,#6919,.T.);
#6919 = LINE('',#6920,#6921);
#6920 = CARTESIAN_POINT('',(1.5,-2.86,0.924540133779));
#6921 = VECTOR('',#6922,1.);
#6922 = DIRECTION('',(3.797522772768E-32,6.630961875715E-34,-1.));
#6923 = PLANE('',#6924);
#6924 = AXIS2_PLACEMENT_3D('',#6925,#6926,#6927);
#6925 = CARTESIAN_POINT('',(1.5,-1.27,1.27));
#6926 = DIRECTION('',(-1.,3.925005374637E-32,-3.797522772768E-32));
#6927 = DIRECTION('',(-3.925005374637E-32,-1.,0.));
#6928 = ADVANCED_FACE('',(#6929,#7020,#7054),#7088,.F.);
#6929 = FACE_BOUND('',#6930,.F.);
#6930 = EDGE_LOOP('',(#6931,#6932,#6933,#6941,#6949,#6957,#6965,#6973,
    #6981,#6989,#6997,#7005,#7013,#7019));
#6931 = ORIENTED_EDGE('',*,*,#6675,.T.);
#6932 = ORIENTED_EDGE('',*,*,#6737,.T.);
#6933 = ORIENTED_EDGE('',*,*,#6934,.T.);
#6934 = EDGE_CURVE('',#6738,#6935,#6937,.T.);
#6935 = VERTEX_POINT('',#6936);
#6936 = CARTESIAN_POINT('',(4.04,-1.27,0.254));
#6937 = LINE('',#6938,#6939);
#6938 = CARTESIAN_POINT('',(4.04,-1.016,0.));
#6939 = VECTOR('',#6940,1.);
#6940 = DIRECTION('',(0.,-0.707106781187,0.707106781187));
#6941 = ORIENTED_EDGE('',*,*,#6942,.T.);
#6942 = EDGE_CURVE('',#6935,#6943,#6945,.T.);
#6943 = VERTEX_POINT('',#6944);
#6944 = CARTESIAN_POINT('',(4.04,-1.524,0.));
#6945 = LINE('',#6946,#6947);
#6946 = CARTESIAN_POINT('',(4.04,-1.27,0.254));
#6947 = VECTOR('',#6948,1.);
#6948 = DIRECTION('',(0.,-0.707106781187,-0.707106781187));
#6949 = ORIENTED_EDGE('',*,*,#6950,.T.);
#6950 = EDGE_CURVE('',#6943,#6951,#6953,.T.);
#6951 = VERTEX_POINT('',#6952);
#6952 = CARTESIAN_POINT('',(4.04,-3.556,0.));
#6953 = LINE('',#6954,#6955);
#6954 = CARTESIAN_POINT('',(4.04,-1.524,0.));
#6955 = VECTOR('',#6956,1.);
#6956 = DIRECTION('',(0.,-1.,0.));
#6957 = ORIENTED_EDGE('',*,*,#6958,.T.);
#6958 = EDGE_CURVE('',#6951,#6959,#6961,.T.);
#6959 = VERTEX_POINT('',#6960);
#6960 = CARTESIAN_POINT('',(4.04,-3.81,0.254));
#6961 = LINE('',#6962,#6963);
#6962 = CARTESIAN_POINT('',(4.04,-3.556,0.));
#6963 = VECTOR('',#6964,1.);
#6964 = DIRECTION('',(0.,-0.707106781187,0.707106781187));
#6965 = ORIENTED_EDGE('',*,*,#6966,.T.);
#6966 = EDGE_CURVE('',#6959,#6967,#6969,.T.);
#6967 = VERTEX_POINT('',#6968);
#6968 = CARTESIAN_POINT('',(4.04,-3.81,2.286));
#6969 = LINE('',#6970,#6971);
#6970 = CARTESIAN_POINT('',(4.04,-3.81,0.254));
#6971 = VECTOR('',#6972,1.);
#6972 = DIRECTION('',(0.,0.,1.));
#6973 = ORIENTED_EDGE('',*,*,#6974,.T.);
#6974 = EDGE_CURVE('',#6967,#6975,#6977,.T.);
#6975 = VERTEX_POINT('',#6976);
#6976 = CARTESIAN_POINT('',(4.04,-3.556,2.54));
#6977 = LINE('',#6978,#6979);
#6978 = CARTESIAN_POINT('',(4.04,-3.81,2.286));
#6979 = VECTOR('',#6980,1.);
#6980 = DIRECTION('',(0.,0.707106781187,0.707106781187));
#6981 = ORIENTED_EDGE('',*,*,#6982,.T.);
#6982 = EDGE_CURVE('',#6975,#6983,#6985,.T.);
#6983 = VERTEX_POINT('',#6984);
#6984 = CARTESIAN_POINT('',(4.04,-1.524,2.54));
#6985 = LINE('',#6986,#6987);
#6986 = CARTESIAN_POINT('',(4.04,-3.556,2.54));
#6987 = VECTOR('',#6988,1.);
#6988 = DIRECTION('',(0.,1.,0.));
#6989 = ORIENTED_EDGE('',*,*,#6990,.T.);
#6990 = EDGE_CURVE('',#6983,#6991,#6993,.T.);
#6991 = VERTEX_POINT('',#6992);
#6992 = CARTESIAN_POINT('',(4.04,-1.27,2.286));
#6993 = LINE('',#6994,#6995);
#6994 = CARTESIAN_POINT('',(4.04,-1.524,2.54));
#6995 = VECTOR('',#6996,1.);
#6996 = DIRECTION('',(0.,0.707106781187,-0.707106781187));
#6997 = ORIENTED_EDGE('',*,*,#6998,.T.);
#6998 = EDGE_CURVE('',#6991,#6999,#7001,.T.);
#6999 = VERTEX_POINT('',#7000);
#7000 = CARTESIAN_POINT('',(4.04,-1.016,2.54));
#7001 = LINE('',#7002,#7003);
#7002 = CARTESIAN_POINT('',(4.04,-1.27,2.286));
#7003 = VECTOR('',#7004,1.);
#7004 = DIRECTION('',(0.,0.707106781187,0.707106781187));
#7005 = ORIENTED_EDGE('',*,*,#7006,.T.);
#7006 = EDGE_CURVE('',#6999,#7007,#7009,.T.);
#7007 = VERTEX_POINT('',#7008);
#7008 = CARTESIAN_POINT('',(4.04,1.016,2.54));
#7009 = LINE('',#7010,#7011);
#7010 = CARTESIAN_POINT('',(4.04,-1.016,2.54));
#7011 = VECTOR('',#7012,1.);
#7012 = DIRECTION('',(0.,1.,0.));
#7013 = ORIENTED_EDGE('',*,*,#7014,.T.);
#7014 = EDGE_CURVE('',#7007,#6708,#7015,.T.);
#7015 = LINE('',#7016,#7017);
#7016 = CARTESIAN_POINT('',(4.04,1.016,2.54));
#7017 = VECTOR('',#7018,1.);
#7018 = DIRECTION('',(0.,0.707106781187,-0.707106781187));
#7019 = ORIENTED_EDGE('',*,*,#6715,.T.);
#7020 = FACE_BOUND('',#7021,.F.);
#7021 = EDGE_LOOP('',(#7022,#7032,#7040,#7048));
#7022 = ORIENTED_EDGE('',*,*,#7023,.F.);
#7023 = EDGE_CURVE('',#7024,#7026,#7028,.T.);
#7024 = VERTEX_POINT('',#7025);
#7025 = CARTESIAN_POINT('',(4.04,0.32,0.95));
#7026 = VERTEX_POINT('',#7027);
#7027 = CARTESIAN_POINT('',(4.04,-0.32,0.95));
#7028 = LINE('',#7029,#7030);
#7029 = CARTESIAN_POINT('',(4.04,-0.475,0.95));
#7030 = VECTOR('',#7031,1.);
#7031 = DIRECTION('',(-3.925005374637E-32,-1.,0.));
#7032 = ORIENTED_EDGE('',*,*,#7033,.F.);
#7033 = EDGE_CURVE('',#7034,#7024,#7036,.T.);
#7034 = VERTEX_POINT('',#7035);
#7035 = CARTESIAN_POINT('',(4.04,0.32,1.59));
#7036 = LINE('',#7037,#7038);
#7037 = CARTESIAN_POINT('',(4.04,0.32,0.924540133779));
#7038 = VECTOR('',#7039,1.);
#7039 = DIRECTION('',(3.797522772768E-32,6.630961875715E-34,-1.));
#7040 = ORIENTED_EDGE('',*,*,#7041,.F.);
#7041 = EDGE_CURVE('',#7042,#7034,#7044,.T.);
#7042 = VERTEX_POINT('',#7043);
#7043 = CARTESIAN_POINT('',(4.04,-0.32,1.59));
#7044 = LINE('',#7045,#7046);
#7045 = CARTESIAN_POINT('',(4.04,-0.475,1.59));
#7046 = VECTOR('',#7047,1.);
#7047 = DIRECTION('',(3.925005374637E-32,1.,8.412415711776E-49));
#7048 = ORIENTED_EDGE('',*,*,#7049,.T.);
#7049 = EDGE_CURVE('',#7042,#7026,#7050,.T.);
#7050 = LINE('',#7051,#7052);
#7051 = CARTESIAN_POINT('',(4.04,-0.32,0.924540133779));
#7052 = VECTOR('',#7053,1.);
#7053 = DIRECTION('',(3.797522772768E-32,6.630961875715E-34,-1.));
#7054 = FACE_BOUND('',#7055,.F.);
#7055 = EDGE_LOOP('',(#7056,#7066,#7074,#7082));
#7056 = ORIENTED_EDGE('',*,*,#7057,.F.);
#7057 = EDGE_CURVE('',#7058,#7060,#7062,.T.);
#7058 = VERTEX_POINT('',#7059);
#7059 = CARTESIAN_POINT('',(4.04,-2.22,0.95));
#7060 = VERTEX_POINT('',#7061);
#7061 = CARTESIAN_POINT('',(4.04,-2.86,0.95));
#7062 = LINE('',#7063,#7064);
#7063 = CARTESIAN_POINT('',(4.04,-1.745,0.95));
#7064 = VECTOR('',#7065,1.);
#7065 = DIRECTION('',(-3.925005374637E-32,-1.,0.));
#7066 = ORIENTED_EDGE('',*,*,#7067,.F.);
#7067 = EDGE_CURVE('',#7068,#7058,#7070,.T.);
#7068 = VERTEX_POINT('',#7069);
#7069 = CARTESIAN_POINT('',(4.04,-2.22,1.59));
#7070 = LINE('',#7071,#7072);
#7071 = CARTESIAN_POINT('',(4.04,-2.22,0.924540133779));
#7072 = VECTOR('',#7073,1.);
#7073 = DIRECTION('',(3.797522772768E-32,6.630961875715E-34,-1.));
#7074 = ORIENTED_EDGE('',*,*,#7075,.F.);
#7075 = EDGE_CURVE('',#7076,#7068,#7078,.T.);
#7076 = VERTEX_POINT('',#7077);
#7077 = CARTESIAN_POINT('',(4.04,-2.86,1.59));
#7078 = LINE('',#7079,#7080);
#7079 = CARTESIAN_POINT('',(4.04,-1.745,1.59));
#7080 = VECTOR('',#7081,1.);
#7081 = DIRECTION('',(3.925005374637E-32,1.,8.412415711776E-49));
#7082 = ORIENTED_EDGE('',*,*,#7083,.T.);
#7083 = EDGE_CURVE('',#7076,#7060,#7084,.T.);
#7084 = LINE('',#7085,#7086);
#7085 = CARTESIAN_POINT('',(4.04,-2.86,0.924540133779));
#7086 = VECTOR('',#7087,1.);
#7087 = DIRECTION('',(3.797522772768E-32,6.630961875715E-34,-1.));
#7088 = PLANE('',#7089);
#7089 = AXIS2_PLACEMENT_3D('',#7090,#7091,#7092);
#7090 = CARTESIAN_POINT('',(4.04,-1.27,1.27));
#7091 = DIRECTION('',(-1.,3.925005374637E-32,-3.797522772768E-32));
#7092 = DIRECTION('',(-3.925005374637E-32,-1.,0.));
#7093 = ADVANCED_FACE('',(#7094),#7105,.T.);
#7094 = FACE_BOUND('',#7095,.T.);
#7095 = EDGE_LOOP('',(#7096,#7102,#7103,#7104));
#7096 = ORIENTED_EDGE('',*,*,#7097,.T.);
#7097 = EDGE_CURVE('',#6842,#7007,#7098,.T.);
#7098 = LINE('',#7099,#7100);
#7099 = CARTESIAN_POINT('',(1.5,1.016,2.54));
#7100 = VECTOR('',#7101,1.);
#7101 = DIRECTION('',(1.,0.,0.));
#7102 = ORIENTED_EDGE('',*,*,#7014,.T.);
#7103 = ORIENTED_EDGE('',*,*,#6705,.F.);
#7104 = ORIENTED_EDGE('',*,*,#6849,.F.);
#7105 = PLANE('',#7106);
#7106 = AXIS2_PLACEMENT_3D('',#7107,#7108,#7109);
#7107 = CARTESIAN_POINT('',(1.5,1.016,2.54));
#7108 = DIRECTION('',(0.,0.707106781187,0.707106781187));
#7109 = DIRECTION('',(0.,0.707106781187,-0.707106781187));
#7110 = ADVANCED_FACE('',(#7111),#7122,.T.);
#7111 = FACE_BOUND('',#7112,.T.);
#7112 = EDGE_LOOP('',(#7113,#7114,#7115,#7121));
#7113 = ORIENTED_EDGE('',*,*,#6745,.T.);
#7114 = ORIENTED_EDGE('',*,*,#6934,.T.);
#7115 = ORIENTED_EDGE('',*,*,#7116,.F.);
#7116 = EDGE_CURVE('',#6770,#6935,#7117,.T.);
#7117 = LINE('',#7118,#7119);
#7118 = CARTESIAN_POINT('',(1.5,-1.27,0.254));
#7119 = VECTOR('',#7120,1.);
#7120 = DIRECTION('',(1.,0.,0.));
#7121 = ORIENTED_EDGE('',*,*,#6769,.F.);
#7122 = PLANE('',#7123);
#7123 = AXIS2_PLACEMENT_3D('',#7124,#7125,#7126);
#7124 = CARTESIAN_POINT('',(1.5,-1.016,0.));
#7125 = DIRECTION('',(-0.,-0.707106781187,-0.707106781187));
#7126 = DIRECTION('',(0.,-0.707106781187,0.707106781187));
#7127 = ADVANCED_FACE('',(#7128),#7139,.T.);
#7128 = FACE_BOUND('',#7129,.T.);
#7129 = EDGE_LOOP('',(#7130,#7136,#7137,#7138));
#7130 = ORIENTED_EDGE('',*,*,#7131,.T.);
#7131 = EDGE_CURVE('',#6834,#6999,#7132,.T.);
#7132 = LINE('',#7133,#7134);
#7133 = CARTESIAN_POINT('',(1.5,-1.016,2.54));
#7134 = VECTOR('',#7135,1.);
#7135 = DIRECTION('',(1.,0.,0.));
#7136 = ORIENTED_EDGE('',*,*,#7006,.T.);
#7137 = ORIENTED_EDGE('',*,*,#7097,.F.);
#7138 = ORIENTED_EDGE('',*,*,#6841,.F.);
#7139 = PLANE('',#7140);
#7140 = AXIS2_PLACEMENT_3D('',#7141,#7142,#7143);
#7141 = CARTESIAN_POINT('',(1.5,-1.016,2.54));
#7142 = DIRECTION('',(0.,0.,1.));
#7143 = DIRECTION('',(0.,1.,0.));
#7144 = ADVANCED_FACE('',(#7145),#7156,.T.);
#7145 = FACE_BOUND('',#7146,.T.);
#7146 = EDGE_LOOP('',(#7147,#7148,#7149,#7155));
#7147 = ORIENTED_EDGE('',*,*,#7116,.T.);
#7148 = ORIENTED_EDGE('',*,*,#6942,.T.);
#7149 = ORIENTED_EDGE('',*,*,#7150,.F.);
#7150 = EDGE_CURVE('',#6778,#6943,#7151,.T.);
#7151 = LINE('',#7152,#7153);
#7152 = CARTESIAN_POINT('',(1.5,-1.524,0.));
#7153 = VECTOR('',#7154,1.);
#7154 = DIRECTION('',(1.,0.,0.));
#7155 = ORIENTED_EDGE('',*,*,#6777,.F.);
#7156 = PLANE('',#7157);
#7157 = AXIS2_PLACEMENT_3D('',#7158,#7159,#7160);
#7158 = CARTESIAN_POINT('',(1.5,-1.27,0.254));
#7159 = DIRECTION('',(0.,0.707106781187,-0.707106781187));
#7160 = DIRECTION('',(0.,-0.707106781187,-0.707106781187));
#7161 = ADVANCED_FACE('',(#7162),#7173,.T.);
#7162 = FACE_BOUND('',#7163,.T.);
#7163 = EDGE_LOOP('',(#7164,#7170,#7171,#7172));
#7164 = ORIENTED_EDGE('',*,*,#7165,.T.);
#7165 = EDGE_CURVE('',#6826,#6991,#7166,.T.);
#7166 = LINE('',#7167,#7168);
#7167 = CARTESIAN_POINT('',(1.5,-1.27,2.286));
#7168 = VECTOR('',#7169,1.);
#7169 = DIRECTION('',(1.,0.,0.));
#7170 = ORIENTED_EDGE('',*,*,#6998,.T.);
#7171 = ORIENTED_EDGE('',*,*,#7131,.F.);
#7172 = ORIENTED_EDGE('',*,*,#6833,.F.);
#7173 = PLANE('',#7174);
#7174 = AXIS2_PLACEMENT_3D('',#7175,#7176,#7177);
#7175 = CARTESIAN_POINT('',(1.5,-1.27,2.286));
#7176 = DIRECTION('',(0.,-0.707106781187,0.707106781187));
#7177 = DIRECTION('',(0.,0.707106781187,0.707106781187));
#7178 = ADVANCED_FACE('',(#7179),#7190,.T.);
#7179 = FACE_BOUND('',#7180,.T.);
#7180 = EDGE_LOOP('',(#7181,#7182,#7183,#7189));
#7181 = ORIENTED_EDGE('',*,*,#7150,.T.);
#7182 = ORIENTED_EDGE('',*,*,#6950,.T.);
#7183 = ORIENTED_EDGE('',*,*,#7184,.F.);
#7184 = EDGE_CURVE('',#6786,#6951,#7185,.T.);
#7185 = LINE('',#7186,#7187);
#7186 = CARTESIAN_POINT('',(1.5,-3.556,0.));
#7187 = VECTOR('',#7188,1.);
#7188 = DIRECTION('',(1.,0.,0.));
#7189 = ORIENTED_EDGE('',*,*,#6785,.F.);
#7190 = PLANE('',#7191);
#7191 = AXIS2_PLACEMENT_3D('',#7192,#7193,#7194);
#7192 = CARTESIAN_POINT('',(1.5,-1.524,0.));
#7193 = DIRECTION('',(-0.,-0.,-1.));
#7194 = DIRECTION('',(0.,-1.,0.));
#7195 = ADVANCED_FACE('',(#7196),#7207,.T.);
#7196 = FACE_BOUND('',#7197,.T.);
#7197 = EDGE_LOOP('',(#7198,#7204,#7205,#7206));
#7198 = ORIENTED_EDGE('',*,*,#7199,.T.);
#7199 = EDGE_CURVE('',#6818,#6983,#7200,.T.);
#7200 = LINE('',#7201,#7202);
#7201 = CARTESIAN_POINT('',(1.5,-1.524,2.54));
#7202 = VECTOR('',#7203,1.);
#7203 = DIRECTION('',(1.,0.,0.));
#7204 = ORIENTED_EDGE('',*,*,#6990,.T.);
#7205 = ORIENTED_EDGE('',*,*,#7165,.F.);
#7206 = ORIENTED_EDGE('',*,*,#6825,.F.);
#7207 = PLANE('',#7208);
#7208 = AXIS2_PLACEMENT_3D('',#7209,#7210,#7211);
#7209 = CARTESIAN_POINT('',(1.5,-1.524,2.54));
#7210 = DIRECTION('',(0.,0.707106781187,0.707106781187));
#7211 = DIRECTION('',(0.,0.707106781187,-0.707106781187));
#7212 = ADVANCED_FACE('',(#7213),#7224,.T.);
#7213 = FACE_BOUND('',#7214,.T.);
#7214 = EDGE_LOOP('',(#7215,#7216,#7217,#7223));
#7215 = ORIENTED_EDGE('',*,*,#7184,.T.);
#7216 = ORIENTED_EDGE('',*,*,#6958,.T.);
#7217 = ORIENTED_EDGE('',*,*,#7218,.F.);
#7218 = EDGE_CURVE('',#6794,#6959,#7219,.T.);
#7219 = LINE('',#7220,#7221);
#7220 = CARTESIAN_POINT('',(1.5,-3.81,0.254));
#7221 = VECTOR('',#7222,1.);
#7222 = DIRECTION('',(1.,0.,0.));
#7223 = ORIENTED_EDGE('',*,*,#6793,.F.);
#7224 = PLANE('',#7225);
#7225 = AXIS2_PLACEMENT_3D('',#7226,#7227,#7228);
#7226 = CARTESIAN_POINT('',(1.5,-3.556,0.));
#7227 = DIRECTION('',(-0.,-0.707106781187,-0.707106781187));
#7228 = DIRECTION('',(0.,-0.707106781187,0.707106781187));
#7229 = ADVANCED_FACE('',(#7230),#7241,.T.);
#7230 = FACE_BOUND('',#7231,.T.);
#7231 = EDGE_LOOP('',(#7232,#7238,#7239,#7240));
#7232 = ORIENTED_EDGE('',*,*,#7233,.T.);
#7233 = EDGE_CURVE('',#6810,#6975,#7234,.T.);
#7234 = LINE('',#7235,#7236);
#7235 = CARTESIAN_POINT('',(1.5,-3.556,2.54));
#7236 = VECTOR('',#7237,1.);
#7237 = DIRECTION('',(1.,0.,0.));
#7238 = ORIENTED_EDGE('',*,*,#6982,.T.);
#7239 = ORIENTED_EDGE('',*,*,#7199,.F.);
#7240 = ORIENTED_EDGE('',*,*,#6817,.F.);
#7241 = PLANE('',#7242);
#7242 = AXIS2_PLACEMENT_3D('',#7243,#7244,#7245);
#7243 = CARTESIAN_POINT('',(1.5,-3.556,2.54));
#7244 = DIRECTION('',(0.,0.,1.));
#7245 = DIRECTION('',(0.,1.,0.));
#7246 = ADVANCED_FACE('',(#7247),#7258,.T.);
#7247 = FACE_BOUND('',#7248,.T.);
#7248 = EDGE_LOOP('',(#7249,#7250,#7251,#7257));
#7249 = ORIENTED_EDGE('',*,*,#7218,.T.);
#7250 = ORIENTED_EDGE('',*,*,#6966,.T.);
#7251 = ORIENTED_EDGE('',*,*,#7252,.F.);
#7252 = EDGE_CURVE('',#6802,#6967,#7253,.T.);
#7253 = LINE('',#7254,#7255);
#7254 = CARTESIAN_POINT('',(1.5,-3.81,2.286));
#7255 = VECTOR('',#7256,1.);
#7256 = DIRECTION('',(1.,0.,0.));
#7257 = ORIENTED_EDGE('',*,*,#6801,.F.);
#7258 = PLANE('',#7259);
#7259 = AXIS2_PLACEMENT_3D('',#7260,#7261,#7262);
#7260 = CARTESIAN_POINT('',(1.5,-3.81,0.254));
#7261 = DIRECTION('',(0.,-1.,0.));
#7262 = DIRECTION('',(0.,0.,1.));
#7263 = ADVANCED_FACE('',(#7264),#7270,.T.);
#7264 = FACE_BOUND('',#7265,.T.);
#7265 = EDGE_LOOP('',(#7266,#7267,#7268,#7269));
#7266 = ORIENTED_EDGE('',*,*,#7252,.T.);
#7267 = ORIENTED_EDGE('',*,*,#6974,.T.);
#7268 = ORIENTED_EDGE('',*,*,#7233,.F.);
#7269 = ORIENTED_EDGE('',*,*,#6809,.F.);
#7270 = PLANE('',#7271);
#7271 = AXIS2_PLACEMENT_3D('',#7272,#7273,#7274);
#7272 = CARTESIAN_POINT('',(1.5,-3.81,2.286));
#7273 = DIRECTION('',(0.,-0.707106781187,0.707106781187));
#7274 = DIRECTION('',(0.,0.707106781187,0.707106781187));
#7275 = ADVANCED_FACE('',(#7276),#7301,.T.);
#7276 = FACE_BOUND('',#7277,.T.);
#7277 = EDGE_LOOP('',(#7278,#7286,#7287,#7295));
#7278 = ORIENTED_EDGE('',*,*,#7279,.F.);
#7279 = EDGE_CURVE('',#6859,#7280,#7282,.T.);
#7280 = VERTEX_POINT('',#7281);
#7281 = CARTESIAN_POINT('',(0.32,0.32,0.95));
#7282 = LINE('',#7283,#7284);
#7283 = CARTESIAN_POINT('',(10.04,0.32,0.95));
#7284 = VECTOR('',#7285,1.);
#7285 = DIRECTION('',(-1.,0.,0.));
#7286 = ORIENTED_EDGE('',*,*,#6858,.T.);
#7287 = ORIENTED_EDGE('',*,*,#7288,.T.);
#7288 = EDGE_CURVE('',#6861,#7289,#7291,.T.);
#7289 = VERTEX_POINT('',#7290);
#7290 = CARTESIAN_POINT('',(0.32,-0.32,0.95));
#7291 = LINE('',#7292,#7293);
#7292 = CARTESIAN_POINT('',(10.04,-0.32,0.95));
#7293 = VECTOR('',#7294,1.);
#7294 = DIRECTION('',(-1.,0.,0.));
#7295 = ORIENTED_EDGE('',*,*,#7296,.F.);
#7296 = EDGE_CURVE('',#7280,#7289,#7297,.T.);
#7297 = LINE('',#7298,#7299);
#7298 = CARTESIAN_POINT('',(0.32,0.32,0.95));
#7299 = VECTOR('',#7300,1.);
#7300 = DIRECTION('',(0.,-1.,0.));
#7301 = PLANE('',#7302);
#7302 = AXIS2_PLACEMENT_3D('',#7303,#7304,#7305);
#7303 = CARTESIAN_POINT('',(10.04,0.32,0.95));
#7304 = DIRECTION('',(-0.,-0.,-1.));
#7305 = DIRECTION('',(-1.,0.,0.));
#7306 = ADVANCED_FACE('',(#7307),#7350,.F.);
#7307 = FACE_BOUND('',#7308,.F.);
#7308 = EDGE_LOOP('',(#7309,#7320,#7326,#7327,#7328,#7336,#7344));
#7309 = ORIENTED_EDGE('',*,*,#7310,.T.);
#7310 = EDGE_CURVE('',#7311,#7313,#7315,.T.);
#7311 = VERTEX_POINT('',#7312);
#7312 = CARTESIAN_POINT('',(-0.32,-0.32,0.95));
#7313 = VERTEX_POINT('',#7314);
#7314 = CARTESIAN_POINT('',(0.32,-0.32,1.59));
#7315 = CIRCLE('',#7316,0.64);
#7316 = AXIS2_PLACEMENT_3D('',#7317,#7318,#7319);
#7317 = CARTESIAN_POINT('',(0.32,-0.32,0.95));
#7318 = DIRECTION('',(0.,1.,0.));
#7319 = DIRECTION('',(0.,0.,-1.));
#7320 = ORIENTED_EDGE('',*,*,#7321,.T.);
#7321 = EDGE_CURVE('',#7313,#6877,#7322,.T.);
#7322 = LINE('',#7323,#7324);
#7323 = CARTESIAN_POINT('',(-0.32,-0.32,1.59));
#7324 = VECTOR('',#7325,1.);
#7325 = DIRECTION('',(1.,0.,2.143287692327E-17));
#7326 = ORIENTED_EDGE('',*,*,#6884,.T.);
#7327 = ORIENTED_EDGE('',*,*,#7288,.T.);
#7328 = ORIENTED_EDGE('',*,*,#7329,.T.);
#7329 = EDGE_CURVE('',#7289,#7330,#7332,.T.);
#7330 = VERTEX_POINT('',#7331);
#7331 = CARTESIAN_POINT('',(0.32,-0.32,-2.84));
#7332 = LINE('',#7333,#7334);
#7333 = CARTESIAN_POINT('',(0.32,-0.32,0.95));
#7334 = VECTOR('',#7335,1.);
#7335 = DIRECTION('',(0.,0.,-1.));
#7336 = ORIENTED_EDGE('',*,*,#7337,.T.);
#7337 = EDGE_CURVE('',#7330,#7338,#7340,.T.);
#7338 = VERTEX_POINT('',#7339);
#7339 = CARTESIAN_POINT('',(-0.32,-0.32,-2.84));
#7340 = LINE('',#7341,#7342);
#7341 = CARTESIAN_POINT('',(0.32,-0.32,-2.84));
#7342 = VECTOR('',#7343,1.);
#7343 = DIRECTION('',(-1.,0.,0.));
#7344 = ORIENTED_EDGE('',*,*,#7345,.T.);
#7345 = EDGE_CURVE('',#7338,#7311,#7346,.T.);
#7346 = LINE('',#7347,#7348);
#7347 = CARTESIAN_POINT('',(-0.32,-0.32,-3.));
#7348 = VECTOR('',#7349,1.);
#7349 = DIRECTION('',(0.,0.,1.));
#7350 = PLANE('',#7351);
#7351 = AXIS2_PLACEMENT_3D('',#7352,#7353,#7354);
#7352 = CARTESIAN_POINT('',(3.575919732441,-0.32,0.579080267559));
#7353 = DIRECTION('',(1.030170245606E-33,1.,6.630961875715E-34));
#7354 = DIRECTION('',(1.,-1.030170245606E-33,-3.284969231842E-83));
#7355 = ADVANCED_FACE('',(#7356),#7374,.T.);
#7356 = FACE_BOUND('',#7357,.T.);
#7357 = EDGE_LOOP('',(#7358,#7366,#7372,#7373));
#7358 = ORIENTED_EDGE('',*,*,#7359,.F.);
#7359 = EDGE_CURVE('',#7360,#6869,#7362,.T.);
#7360 = VERTEX_POINT('',#7361);
#7361 = CARTESIAN_POINT('',(0.32,0.32,1.59));
#7362 = LINE('',#7363,#7364);
#7363 = CARTESIAN_POINT('',(-0.32,0.32,1.59));
#7364 = VECTOR('',#7365,1.);
#7365 = DIRECTION('',(1.,0.,2.143287692327E-17));
#7366 = ORIENTED_EDGE('',*,*,#7367,.T.);
#7367 = EDGE_CURVE('',#7360,#7313,#7368,.T.);
#7368 = LINE('',#7369,#7370);
#7369 = CARTESIAN_POINT('',(0.32,0.32,1.59));
#7370 = VECTOR('',#7371,1.);
#7371 = DIRECTION('',(0.,-1.,0.));
#7372 = ORIENTED_EDGE('',*,*,#7321,.T.);
#7373 = ORIENTED_EDGE('',*,*,#6876,.T.);
#7374 = PLANE('',#7375);
#7375 = AXIS2_PLACEMENT_3D('',#7376,#7377,#7378);
#7376 = CARTESIAN_POINT('',(-0.32,0.32,1.59));
#7377 = DIRECTION('',(-2.143287692327E-17,0.,1.));
#7378 = DIRECTION('',(1.,0.,2.143287692327E-17));
#7379 = ADVANCED_FACE('',(#7380),#7416,.T.);
#7380 = FACE_BOUND('',#7381,.T.);
#7381 = EDGE_LOOP('',(#7382,#7391,#7392,#7393,#7394,#7402,#7410));
#7382 = ORIENTED_EDGE('',*,*,#7383,.T.);
#7383 = EDGE_CURVE('',#7384,#7360,#7386,.T.);
#7384 = VERTEX_POINT('',#7385);
#7385 = CARTESIAN_POINT('',(-0.32,0.32,0.95));
#7386 = CIRCLE('',#7387,0.64);
#7387 = AXIS2_PLACEMENT_3D('',#7388,#7389,#7390);
#7388 = CARTESIAN_POINT('',(0.32,0.32,0.95));
#7389 = DIRECTION('',(0.,1.,0.));
#7390 = DIRECTION('',(0.,0.,-1.));
#7391 = ORIENTED_EDGE('',*,*,#7359,.T.);
#7392 = ORIENTED_EDGE('',*,*,#6868,.T.);
#7393 = ORIENTED_EDGE('',*,*,#7279,.T.);
#7394 = ORIENTED_EDGE('',*,*,#7395,.T.);
#7395 = EDGE_CURVE('',#7280,#7396,#7398,.T.);
#7396 = VERTEX_POINT('',#7397);
#7397 = CARTESIAN_POINT('',(0.32,0.32,-2.84));
#7398 = LINE('',#7399,#7400);
#7399 = CARTESIAN_POINT('',(0.32,0.32,0.95));
#7400 = VECTOR('',#7401,1.);
#7401 = DIRECTION('',(0.,0.,-1.));
#7402 = ORIENTED_EDGE('',*,*,#7403,.T.);
#7403 = EDGE_CURVE('',#7396,#7404,#7406,.T.);
#7404 = VERTEX_POINT('',#7405);
#7405 = CARTESIAN_POINT('',(-0.32,0.32,-2.84));
#7406 = LINE('',#7407,#7408);
#7407 = CARTESIAN_POINT('',(0.32,0.32,-2.84));
#7408 = VECTOR('',#7409,1.);
#7409 = DIRECTION('',(-1.,0.,0.));
#7410 = ORIENTED_EDGE('',*,*,#7411,.T.);
#7411 = EDGE_CURVE('',#7404,#7384,#7412,.T.);
#7412 = LINE('',#7413,#7414);
#7413 = CARTESIAN_POINT('',(-0.32,0.32,-3.));
#7414 = VECTOR('',#7415,1.);
#7415 = DIRECTION('',(0.,0.,1.));
#7416 = PLANE('',#7417);
#7417 = AXIS2_PLACEMENT_3D('',#7418,#7419,#7420);
#7418 = CARTESIAN_POINT('',(3.575919732441,0.32,0.579080267559));
#7419 = DIRECTION('',(1.030170245606E-33,1.,6.630961875715E-34));
#7420 = DIRECTION('',(1.,-1.030170245606E-33,-3.284969231842E-83));
#7421 = ADVANCED_FACE('',(#7422),#7447,.T.);
#7422 = FACE_BOUND('',#7423,.T.);
#7423 = EDGE_LOOP('',(#7424,#7432,#7433,#7441));
#7424 = ORIENTED_EDGE('',*,*,#7425,.F.);
#7425 = EDGE_CURVE('',#6893,#7426,#7428,.T.);
#7426 = VERTEX_POINT('',#7427);
#7427 = CARTESIAN_POINT('',(0.32,-2.22,0.95));
#7428 = LINE('',#7429,#7430);
#7429 = CARTESIAN_POINT('',(10.04,-2.22,0.95));
#7430 = VECTOR('',#7431,1.);
#7431 = DIRECTION('',(-1.,0.,0.));
#7432 = ORIENTED_EDGE('',*,*,#6892,.T.);
#7433 = ORIENTED_EDGE('',*,*,#7434,.T.);
#7434 = EDGE_CURVE('',#6895,#7435,#7437,.T.);
#7435 = VERTEX_POINT('',#7436);
#7436 = CARTESIAN_POINT('',(0.32,-2.86,0.95));
#7437 = LINE('',#7438,#7439);
#7438 = CARTESIAN_POINT('',(10.04,-2.86,0.95));
#7439 = VECTOR('',#7440,1.);
#7440 = DIRECTION('',(-1.,0.,0.));
#7441 = ORIENTED_EDGE('',*,*,#7442,.F.);
#7442 = EDGE_CURVE('',#7426,#7435,#7443,.T.);
#7443 = LINE('',#7444,#7445);
#7444 = CARTESIAN_POINT('',(0.32,-2.22,0.95));
#7445 = VECTOR('',#7446,1.);
#7446 = DIRECTION('',(0.,-1.,0.));
#7447 = PLANE('',#7448);
#7448 = AXIS2_PLACEMENT_3D('',#7449,#7450,#7451);
#7449 = CARTESIAN_POINT('',(10.04,-2.22,0.95));
#7450 = DIRECTION('',(-0.,-0.,-1.));
#7451 = DIRECTION('',(-1.,0.,0.));
#7452 = ADVANCED_FACE('',(#7453),#7496,.F.);
#7453 = FACE_BOUND('',#7454,.F.);
#7454 = EDGE_LOOP('',(#7455,#7466,#7472,#7473,#7474,#7482,#7490));
#7455 = ORIENTED_EDGE('',*,*,#7456,.T.);
#7456 = EDGE_CURVE('',#7457,#7459,#7461,.T.);
#7457 = VERTEX_POINT('',#7458);
#7458 = CARTESIAN_POINT('',(-0.32,-2.86,0.95));
#7459 = VERTEX_POINT('',#7460);
#7460 = CARTESIAN_POINT('',(0.32,-2.86,1.59));
#7461 = CIRCLE('',#7462,0.64);
#7462 = AXIS2_PLACEMENT_3D('',#7463,#7464,#7465);
#7463 = CARTESIAN_POINT('',(0.32,-2.86,0.95));
#7464 = DIRECTION('',(0.,1.,0.));
#7465 = DIRECTION('',(0.,0.,-1.));
#7466 = ORIENTED_EDGE('',*,*,#7467,.T.);
#7467 = EDGE_CURVE('',#7459,#6911,#7468,.T.);
#7468 = LINE('',#7469,#7470);
#7469 = CARTESIAN_POINT('',(-0.32,-2.86,1.59));
#7470 = VECTOR('',#7471,1.);
#7471 = DIRECTION('',(1.,0.,2.143287692327E-17));
#7472 = ORIENTED_EDGE('',*,*,#6918,.T.);
#7473 = ORIENTED_EDGE('',*,*,#7434,.T.);
#7474 = ORIENTED_EDGE('',*,*,#7475,.T.);
#7475 = EDGE_CURVE('',#7435,#7476,#7478,.T.);
#7476 = VERTEX_POINT('',#7477);
#7477 = CARTESIAN_POINT('',(0.32,-2.86,-2.84));
#7478 = LINE('',#7479,#7480);
#7479 = CARTESIAN_POINT('',(0.32,-2.86,0.95));
#7480 = VECTOR('',#7481,1.);
#7481 = DIRECTION('',(0.,0.,-1.));
#7482 = ORIENTED_EDGE('',*,*,#7483,.T.);
#7483 = EDGE_CURVE('',#7476,#7484,#7486,.T.);
#7484 = VERTEX_POINT('',#7485);
#7485 = CARTESIAN_POINT('',(-0.32,-2.86,-2.84));
#7486 = LINE('',#7487,#7488);
#7487 = CARTESIAN_POINT('',(0.32,-2.86,-2.84));
#7488 = VECTOR('',#7489,1.);
#7489 = DIRECTION('',(-1.,0.,0.));
#7490 = ORIENTED_EDGE('',*,*,#7491,.T.);
#7491 = EDGE_CURVE('',#7484,#7457,#7492,.T.);
#7492 = LINE('',#7493,#7494);
#7493 = CARTESIAN_POINT('',(-0.32,-2.86,-3.));
#7494 = VECTOR('',#7495,1.);
#7495 = DIRECTION('',(0.,0.,1.));
#7496 = PLANE('',#7497);
#7497 = AXIS2_PLACEMENT_3D('',#7498,#7499,#7500);
#7498 = CARTESIAN_POINT('',(3.575919732441,-2.86,0.579080267559));
#7499 = DIRECTION('',(1.030170245606E-33,1.,6.630961875715E-34));
#7500 = DIRECTION('',(1.,-1.030170245606E-33,-3.284969231842E-83));
#7501 = ADVANCED_FACE('',(#7502),#7520,.T.);
#7502 = FACE_BOUND('',#7503,.T.);
#7503 = EDGE_LOOP('',(#7504,#7512,#7518,#7519));
#7504 = ORIENTED_EDGE('',*,*,#7505,.F.);
#7505 = EDGE_CURVE('',#7506,#6903,#7508,.T.);
#7506 = VERTEX_POINT('',#7507);
#7507 = CARTESIAN_POINT('',(0.32,-2.22,1.59));
#7508 = LINE('',#7509,#7510);
#7509 = CARTESIAN_POINT('',(-0.32,-2.22,1.59));
#7510 = VECTOR('',#7511,1.);
#7511 = DIRECTION('',(1.,0.,2.143287692327E-17));
#7512 = ORIENTED_EDGE('',*,*,#7513,.T.);
#7513 = EDGE_CURVE('',#7506,#7459,#7514,.T.);
#7514 = LINE('',#7515,#7516);
#7515 = CARTESIAN_POINT('',(0.32,-2.22,1.59));
#7516 = VECTOR('',#7517,1.);
#7517 = DIRECTION('',(0.,-1.,0.));
#7518 = ORIENTED_EDGE('',*,*,#7467,.T.);
#7519 = ORIENTED_EDGE('',*,*,#6910,.T.);
#7520 = PLANE('',#7521);
#7521 = AXIS2_PLACEMENT_3D('',#7522,#7523,#7524);
#7522 = CARTESIAN_POINT('',(-0.32,-2.22,1.59));
#7523 = DIRECTION('',(-2.143287692327E-17,0.,1.));
#7524 = DIRECTION('',(1.,0.,2.143287692327E-17));
#7525 = ADVANCED_FACE('',(#7526),#7562,.T.);
#7526 = FACE_BOUND('',#7527,.T.);
#7527 = EDGE_LOOP('',(#7528,#7537,#7538,#7539,#7540,#7548,#7556));
#7528 = ORIENTED_EDGE('',*,*,#7529,.T.);
#7529 = EDGE_CURVE('',#7530,#7506,#7532,.T.);
#7530 = VERTEX_POINT('',#7531);
#7531 = CARTESIAN_POINT('',(-0.32,-2.22,0.95));
#7532 = CIRCLE('',#7533,0.64);
#7533 = AXIS2_PLACEMENT_3D('',#7534,#7535,#7536);
#7534 = CARTESIAN_POINT('',(0.32,-2.22,0.95));
#7535 = DIRECTION('',(0.,1.,0.));
#7536 = DIRECTION('',(0.,0.,-1.));
#7537 = ORIENTED_EDGE('',*,*,#7505,.T.);
#7538 = ORIENTED_EDGE('',*,*,#6902,.T.);
#7539 = ORIENTED_EDGE('',*,*,#7425,.T.);
#7540 = ORIENTED_EDGE('',*,*,#7541,.T.);
#7541 = EDGE_CURVE('',#7426,#7542,#7544,.T.);
#7542 = VERTEX_POINT('',#7543);
#7543 = CARTESIAN_POINT('',(0.32,-2.22,-2.84));
#7544 = LINE('',#7545,#7546);
#7545 = CARTESIAN_POINT('',(0.32,-2.22,0.95));
#7546 = VECTOR('',#7547,1.);
#7547 = DIRECTION('',(0.,0.,-1.));
#7548 = ORIENTED_EDGE('',*,*,#7549,.T.);
#7549 = EDGE_CURVE('',#7542,#7550,#7552,.T.);
#7550 = VERTEX_POINT('',#7551);
#7551 = CARTESIAN_POINT('',(-0.32,-2.22,-2.84));
#7552 = LINE('',#7553,#7554);
#7553 = CARTESIAN_POINT('',(0.32,-2.22,-2.84));
#7554 = VECTOR('',#7555,1.);
#7555 = DIRECTION('',(-1.,0.,0.));
#7556 = ORIENTED_EDGE('',*,*,#7557,.T.);
#7557 = EDGE_CURVE('',#7550,#7530,#7558,.T.);
#7558 = LINE('',#7559,#7560);
#7559 = CARTESIAN_POINT('',(-0.32,-2.22,-3.));
#7560 = VECTOR('',#7561,1.);
#7561 = DIRECTION('',(0.,0.,1.));
#7562 = PLANE('',#7563);
#7563 = AXIS2_PLACEMENT_3D('',#7564,#7565,#7566);
#7564 = CARTESIAN_POINT('',(3.575919732441,-2.22,0.579080267559));
#7565 = DIRECTION('',(1.030170245606E-33,1.,6.630961875715E-34));
#7566 = DIRECTION('',(1.,-1.030170245606E-33,-3.284969231842E-83));
#7567 = ADVANCED_FACE('',(#7568),#7593,.T.);
#7568 = FACE_BOUND('',#7569,.T.);
#7569 = EDGE_LOOP('',(#7570,#7578,#7586,#7592));
#7570 = ORIENTED_EDGE('',*,*,#7571,.F.);
#7571 = EDGE_CURVE('',#7572,#7024,#7574,.T.);
#7572 = VERTEX_POINT('',#7573);
#7573 = CARTESIAN_POINT('',(9.88,0.32,0.95));
#7574 = LINE('',#7575,#7576);
#7575 = CARTESIAN_POINT('',(10.04,0.32,0.95));
#7576 = VECTOR('',#7577,1.);
#7577 = DIRECTION('',(-1.,0.,0.));
#7578 = ORIENTED_EDGE('',*,*,#7579,.T.);
#7579 = EDGE_CURVE('',#7572,#7580,#7582,.T.);
#7580 = VERTEX_POINT('',#7581);
#7581 = CARTESIAN_POINT('',(9.88,-0.32,0.95));
#7582 = LINE('',#7583,#7584);
#7583 = CARTESIAN_POINT('',(9.88,0.32,0.95));
#7584 = VECTOR('',#7585,1.);
#7585 = DIRECTION('',(0.,-1.,0.));
#7586 = ORIENTED_EDGE('',*,*,#7587,.T.);
#7587 = EDGE_CURVE('',#7580,#7026,#7588,.T.);
#7588 = LINE('',#7589,#7590);
#7589 = CARTESIAN_POINT('',(10.04,-0.32,0.95));
#7590 = VECTOR('',#7591,1.);
#7591 = DIRECTION('',(-1.,0.,0.));
#7592 = ORIENTED_EDGE('',*,*,#7023,.F.);
#7593 = PLANE('',#7594);
#7594 = AXIS2_PLACEMENT_3D('',#7595,#7596,#7597);
#7595 = CARTESIAN_POINT('',(10.04,0.32,0.95));
#7596 = DIRECTION('',(-0.,-0.,-1.));
#7597 = DIRECTION('',(-1.,0.,0.));
#7598 = ADVANCED_FACE('',(#7599),#7617,.F.);
#7599 = FACE_BOUND('',#7600,.F.);
#7600 = EDGE_LOOP('',(#7601,#7602,#7610,#7616));
#7601 = ORIENTED_EDGE('',*,*,#7049,.F.);
#7602 = ORIENTED_EDGE('',*,*,#7603,.T.);
#7603 = EDGE_CURVE('',#7042,#7604,#7606,.T.);
#7604 = VERTEX_POINT('',#7605);
#7605 = CARTESIAN_POINT('',(9.88,-0.32,1.59));
#7606 = LINE('',#7607,#7608);
#7607 = CARTESIAN_POINT('',(-0.32,-0.32,1.59));
#7608 = VECTOR('',#7609,1.);
#7609 = DIRECTION('',(1.,0.,2.143287692327E-17));
#7610 = ORIENTED_EDGE('',*,*,#7611,.T.);
#7611 = EDGE_CURVE('',#7604,#7580,#7612,.T.);
#7612 = LINE('',#7613,#7614);
#7613 = CARTESIAN_POINT('',(9.88,-0.32,1.59));
#7614 = VECTOR('',#7615,1.);
#7615 = DIRECTION('',(0.,0.,-1.));
#7616 = ORIENTED_EDGE('',*,*,#7587,.T.);
#7617 = PLANE('',#7618);
#7618 = AXIS2_PLACEMENT_3D('',#7619,#7620,#7621);
#7619 = CARTESIAN_POINT('',(3.575919732441,-0.32,0.579080267559));
#7620 = DIRECTION('',(1.030170245606E-33,1.,6.630961875715E-34));
#7621 = DIRECTION('',(1.,-1.030170245606E-33,-3.284969231842E-83));
#7622 = ADVANCED_FACE('',(#7623),#7641,.T.);
#7623 = FACE_BOUND('',#7624,.T.);
#7624 = EDGE_LOOP('',(#7625,#7633,#7634,#7635));
#7625 = ORIENTED_EDGE('',*,*,#7626,.F.);
#7626 = EDGE_CURVE('',#7034,#7627,#7629,.T.);
#7627 = VERTEX_POINT('',#7628);
#7628 = CARTESIAN_POINT('',(9.88,0.32,1.59));
#7629 = LINE('',#7630,#7631);
#7630 = CARTESIAN_POINT('',(-0.32,0.32,1.59));
#7631 = VECTOR('',#7632,1.);
#7632 = DIRECTION('',(1.,0.,2.143287692327E-17));
#7633 = ORIENTED_EDGE('',*,*,#7041,.F.);
#7634 = ORIENTED_EDGE('',*,*,#7603,.T.);
#7635 = ORIENTED_EDGE('',*,*,#7636,.F.);
#7636 = EDGE_CURVE('',#7627,#7604,#7637,.T.);
#7637 = LINE('',#7638,#7639);
#7638 = CARTESIAN_POINT('',(9.88,0.32,1.59));
#7639 = VECTOR('',#7640,1.);
#7640 = DIRECTION('',(0.,-1.,0.));
#7641 = PLANE('',#7642);
#7642 = AXIS2_PLACEMENT_3D('',#7643,#7644,#7645);
#7643 = CARTESIAN_POINT('',(-0.32,0.32,1.59));
#7644 = DIRECTION('',(-2.143287692327E-17,0.,1.));
#7645 = DIRECTION('',(1.,0.,2.143287692327E-17));
#7646 = ADVANCED_FACE('',(#7647),#7658,.T.);
#7647 = FACE_BOUND('',#7648,.T.);
#7648 = EDGE_LOOP('',(#7649,#7650,#7651,#7657));
#7649 = ORIENTED_EDGE('',*,*,#7033,.F.);
#7650 = ORIENTED_EDGE('',*,*,#7626,.T.);
#7651 = ORIENTED_EDGE('',*,*,#7652,.T.);
#7652 = EDGE_CURVE('',#7627,#7572,#7653,.T.);
#7653 = LINE('',#7654,#7655);
#7654 = CARTESIAN_POINT('',(9.88,0.32,1.59));
#7655 = VECTOR('',#7656,1.);
#7656 = DIRECTION('',(0.,0.,-1.));
#7657 = ORIENTED_EDGE('',*,*,#7571,.T.);
#7658 = PLANE('',#7659);
#7659 = AXIS2_PLACEMENT_3D('',#7660,#7661,#7662);
#7660 = CARTESIAN_POINT('',(3.575919732441,0.32,0.579080267559));
#7661 = DIRECTION('',(1.030170245606E-33,1.,6.630961875715E-34));
#7662 = DIRECTION('',(1.,-1.030170245606E-33,-3.284969231842E-83));
#7663 = ADVANCED_FACE('',(#7664),#7689,.T.);
#7664 = FACE_BOUND('',#7665,.T.);
#7665 = EDGE_LOOP('',(#7666,#7674,#7682,#7688));
#7666 = ORIENTED_EDGE('',*,*,#7667,.F.);
#7667 = EDGE_CURVE('',#7668,#7058,#7670,.T.);
#7668 = VERTEX_POINT('',#7669);
#7669 = CARTESIAN_POINT('',(9.88,-2.22,0.95));
#7670 = LINE('',#7671,#7672);
#7671 = CARTESIAN_POINT('',(10.04,-2.22,0.95));
#7672 = VECTOR('',#7673,1.);
#7673 = DIRECTION('',(-1.,0.,0.));
#7674 = ORIENTED_EDGE('',*,*,#7675,.T.);
#7675 = EDGE_CURVE('',#7668,#7676,#7678,.T.);
#7676 = VERTEX_POINT('',#7677);
#7677 = CARTESIAN_POINT('',(9.88,-2.86,0.95));
#7678 = LINE('',#7679,#7680);
#7679 = CARTESIAN_POINT('',(9.88,-2.22,0.95));
#7680 = VECTOR('',#7681,1.);
#7681 = DIRECTION('',(0.,-1.,0.));
#7682 = ORIENTED_EDGE('',*,*,#7683,.T.);
#7683 = EDGE_CURVE('',#7676,#7060,#7684,.T.);
#7684 = LINE('',#7685,#7686);
#7685 = CARTESIAN_POINT('',(10.04,-2.86,0.95));
#7686 = VECTOR('',#7687,1.);
#7687 = DIRECTION('',(-1.,0.,0.));
#7688 = ORIENTED_EDGE('',*,*,#7057,.F.);
#7689 = PLANE('',#7690);
#7690 = AXIS2_PLACEMENT_3D('',#7691,#7692,#7693);
#7691 = CARTESIAN_POINT('',(10.04,-2.22,0.95));
#7692 = DIRECTION('',(-0.,-0.,-1.));
#7693 = DIRECTION('',(-1.,0.,0.));
#7694 = ADVANCED_FACE('',(#7695),#7713,.F.);
#7695 = FACE_BOUND('',#7696,.F.);
#7696 = EDGE_LOOP('',(#7697,#7698,#7706,#7712));
#7697 = ORIENTED_EDGE('',*,*,#7083,.F.);
#7698 = ORIENTED_EDGE('',*,*,#7699,.T.);
#7699 = EDGE_CURVE('',#7076,#7700,#7702,.T.);
#7700 = VERTEX_POINT('',#7701);
#7701 = CARTESIAN_POINT('',(9.88,-2.86,1.59));
#7702 = LINE('',#7703,#7704);
#7703 = CARTESIAN_POINT('',(-0.32,-2.86,1.59));
#7704 = VECTOR('',#7705,1.);
#7705 = DIRECTION('',(1.,0.,2.143287692327E-17));
#7706 = ORIENTED_EDGE('',*,*,#7707,.T.);
#7707 = EDGE_CURVE('',#7700,#7676,#7708,.T.);
#7708 = LINE('',#7709,#7710);
#7709 = CARTESIAN_POINT('',(9.88,-2.86,1.59));
#7710 = VECTOR('',#7711,1.);
#7711 = DIRECTION('',(0.,0.,-1.));
#7712 = ORIENTED_EDGE('',*,*,#7683,.T.);
#7713 = PLANE('',#7714);
#7714 = AXIS2_PLACEMENT_3D('',#7715,#7716,#7717);
#7715 = CARTESIAN_POINT('',(3.575919732441,-2.86,0.579080267559));
#7716 = DIRECTION('',(1.030170245606E-33,1.,6.630961875715E-34));
#7717 = DIRECTION('',(1.,-1.030170245606E-33,-3.284969231842E-83));
#7718 = ADVANCED_FACE('',(#7719),#7737,.T.);
#7719 = FACE_BOUND('',#7720,.T.);
#7720 = EDGE_LOOP('',(#7721,#7729,#7730,#7731));
#7721 = ORIENTED_EDGE('',*,*,#7722,.F.);
#7722 = EDGE_CURVE('',#7068,#7723,#7725,.T.);
#7723 = VERTEX_POINT('',#7724);
#7724 = CARTESIAN_POINT('',(9.88,-2.22,1.59));
#7725 = LINE('',#7726,#7727);
#7726 = CARTESIAN_POINT('',(-0.32,-2.22,1.59));
#7727 = VECTOR('',#7728,1.);
#7728 = DIRECTION('',(1.,0.,2.143287692327E-17));
#7729 = ORIENTED_EDGE('',*,*,#7075,.F.);
#7730 = ORIENTED_EDGE('',*,*,#7699,.T.);
#7731 = ORIENTED_EDGE('',*,*,#7732,.F.);
#7732 = EDGE_CURVE('',#7723,#7700,#7733,.T.);
#7733 = LINE('',#7734,#7735);
#7734 = CARTESIAN_POINT('',(9.88,-2.22,1.59));
#7735 = VECTOR('',#7736,1.);
#7736 = DIRECTION('',(0.,-1.,0.));
#7737 = PLANE('',#7738);
#7738 = AXIS2_PLACEMENT_3D('',#7739,#7740,#7741);
#7739 = CARTESIAN_POINT('',(-0.32,-2.22,1.59));
#7740 = DIRECTION('',(-2.143287692327E-17,0.,1.));
#7741 = DIRECTION('',(1.,0.,2.143287692327E-17));
#7742 = ADVANCED_FACE('',(#7743),#7754,.T.);
#7743 = FACE_BOUND('',#7744,.T.);
#7744 = EDGE_LOOP('',(#7745,#7746,#7747,#7753));
#7745 = ORIENTED_EDGE('',*,*,#7067,.F.);
#7746 = ORIENTED_EDGE('',*,*,#7722,.T.);
#7747 = ORIENTED_EDGE('',*,*,#7748,.T.);
#7748 = EDGE_CURVE('',#7723,#7668,#7749,.T.);
#7749 = LINE('',#7750,#7751);
#7750 = CARTESIAN_POINT('',(9.88,-2.22,1.59));
#7751 = VECTOR('',#7752,1.);
#7752 = DIRECTION('',(0.,0.,-1.));
#7753 = ORIENTED_EDGE('',*,*,#7667,.T.);
#7754 = PLANE('',#7755);
#7755 = AXIS2_PLACEMENT_3D('',#7756,#7757,#7758);
#7756 = CARTESIAN_POINT('',(3.575919732441,-2.22,0.579080267559));
#7757 = DIRECTION('',(1.030170245606E-33,1.,6.630961875715E-34));
#7758 = DIRECTION('',(1.,-1.030170245606E-33,-3.284969231842E-83));
#7759 = ADVANCED_FACE('',(#7760),#7771,.T.);
#7760 = FACE_BOUND('',#7761,.T.);
#7761 = EDGE_LOOP('',(#7762,#7763,#7764,#7765));
#7762 = ORIENTED_EDGE('',*,*,#7395,.F.);
#7763 = ORIENTED_EDGE('',*,*,#7296,.T.);
#7764 = ORIENTED_EDGE('',*,*,#7329,.T.);
#7765 = ORIENTED_EDGE('',*,*,#7766,.F.);
#7766 = EDGE_CURVE('',#7396,#7330,#7767,.T.);
#7767 = LINE('',#7768,#7769);
#7768 = CARTESIAN_POINT('',(0.32,0.32,-2.84));
#7769 = VECTOR('',#7770,1.);
#7770 = DIRECTION('',(0.,-1.,0.));
#7771 = PLANE('',#7772);
#7772 = AXIS2_PLACEMENT_3D('',#7773,#7774,#7775);
#7773 = CARTESIAN_POINT('',(0.32,0.32,0.95));
#7774 = DIRECTION('',(1.,0.,0.));
#7775 = DIRECTION('',(0.,0.,-1.));
#7776 = ADVANCED_FACE('',(#7777),#7788,.T.);
#7777 = FACE_BOUND('',#7778,.T.);
#7778 = EDGE_LOOP('',(#7779,#7785,#7786,#7787));
#7779 = ORIENTED_EDGE('',*,*,#7780,.T.);
#7780 = EDGE_CURVE('',#7384,#7311,#7781,.T.);
#7781 = LINE('',#7782,#7783);
#7782 = CARTESIAN_POINT('',(-0.32,0.32,0.95));
#7783 = VECTOR('',#7784,1.);
#7784 = DIRECTION('',(0.,-1.,0.));
#7785 = ORIENTED_EDGE('',*,*,#7310,.T.);
#7786 = ORIENTED_EDGE('',*,*,#7367,.F.);
#7787 = ORIENTED_EDGE('',*,*,#7383,.F.);
#7788 = CYLINDRICAL_SURFACE('',#7789,0.64);
#7789 = AXIS2_PLACEMENT_3D('',#7790,#7791,#7792);
#7790 = CARTESIAN_POINT('',(0.32,0.32,0.95));
#7791 = DIRECTION('',(0.,-1.,0.));
#7792 = DIRECTION('',(-1.,0.,0.));
#7793 = ADVANCED_FACE('',(#7794),#7805,.T.);
#7794 = FACE_BOUND('',#7795,.T.);
#7795 = EDGE_LOOP('',(#7796,#7797,#7803,#7804));
#7796 = ORIENTED_EDGE('',*,*,#7411,.F.);
#7797 = ORIENTED_EDGE('',*,*,#7798,.T.);
#7798 = EDGE_CURVE('',#7404,#7338,#7799,.T.);
#7799 = LINE('',#7800,#7801);
#7800 = CARTESIAN_POINT('',(-0.32,0.32,-2.84));
#7801 = VECTOR('',#7802,1.);
#7802 = DIRECTION('',(0.,-1.,0.));
#7803 = ORIENTED_EDGE('',*,*,#7345,.T.);
#7804 = ORIENTED_EDGE('',*,*,#7780,.F.);
#7805 = PLANE('',#7806);
#7806 = AXIS2_PLACEMENT_3D('',#7807,#7808,#7809);
#7807 = CARTESIAN_POINT('',(-0.32,0.32,-3.));
#7808 = DIRECTION('',(-1.,0.,0.));
#7809 = DIRECTION('',(0.,0.,1.));
#7810 = ADVANCED_FACE('',(#7811),#7836,.F.);
#7811 = FACE_BOUND('',#7812,.F.);
#7812 = EDGE_LOOP('',(#7813,#7821,#7829,#7835));
#7813 = ORIENTED_EDGE('',*,*,#7814,.F.);
#7814 = EDGE_CURVE('',#7815,#7330,#7817,.T.);
#7815 = VERTEX_POINT('',#7816);
#7816 = CARTESIAN_POINT('',(0.16,-0.16,-3.));
#7817 = LINE('',#7818,#7819);
#7818 = CARTESIAN_POINT('',(0.16,-0.16,-3.));
#7819 = VECTOR('',#7820,1.);
#7820 = DIRECTION('',(0.57735026919,-0.57735026919,0.57735026919));
#7821 = ORIENTED_EDGE('',*,*,#7822,.T.);
#7822 = EDGE_CURVE('',#7815,#7823,#7825,.T.);
#7823 = VERTEX_POINT('',#7824);
#7824 = CARTESIAN_POINT('',(-0.16,-0.16,-3.));
#7825 = LINE('',#7826,#7827);
#7826 = CARTESIAN_POINT('',(0.32,-0.16,-3.));
#7827 = VECTOR('',#7828,1.);
#7828 = DIRECTION('',(-1.,0.,0.));
#7829 = ORIENTED_EDGE('',*,*,#7830,.T.);
#7830 = EDGE_CURVE('',#7823,#7338,#7831,.T.);
#7831 = LINE('',#7832,#7833);
#7832 = CARTESIAN_POINT('',(-5.333333333333E-02,-5.333333333333E-02,
    -3.106666666667));
#7833 = VECTOR('',#7834,1.);
#7834 = DIRECTION('',(-0.57735026919,-0.57735026919,0.57735026919));
#7835 = ORIENTED_EDGE('',*,*,#7337,.F.);
#7836 = PLANE('',#7837);
#7837 = AXIS2_PLACEMENT_3D('',#7838,#7839,#7840);
#7838 = CARTESIAN_POINT('',(0.32,-0.24,-2.92));
#7839 = DIRECTION('',(1.735167508357E-18,0.707106781187,0.707106781187)
  );
#7840 = DIRECTION('',(-1.,1.226948711654E-18,1.226948711654E-18));
#7841 = ADVANCED_FACE('',(#7842),#7867,.T.);
#7842 = FACE_BOUND('',#7843,.F.);
#7843 = EDGE_LOOP('',(#7844,#7852,#7853,#7861));
#7844 = ORIENTED_EDGE('',*,*,#7845,.T.);
#7845 = EDGE_CURVE('',#7846,#7396,#7848,.T.);
#7846 = VERTEX_POINT('',#7847);
#7847 = CARTESIAN_POINT('',(0.16,0.16,-3.));
#7848 = LINE('',#7849,#7850);
#7849 = CARTESIAN_POINT('',(0.266666666667,0.266666666667,
    -2.893333333333));
#7850 = VECTOR('',#7851,1.);
#7851 = DIRECTION('',(0.57735026919,0.57735026919,0.57735026919));
#7852 = ORIENTED_EDGE('',*,*,#7403,.T.);
#7853 = ORIENTED_EDGE('',*,*,#7854,.T.);
#7854 = EDGE_CURVE('',#7404,#7855,#7857,.T.);
#7855 = VERTEX_POINT('',#7856);
#7856 = CARTESIAN_POINT('',(-0.16,0.16,-3.));
#7857 = LINE('',#7858,#7859);
#7858 = CARTESIAN_POINT('',(-0.16,0.16,-3.));
#7859 = VECTOR('',#7860,1.);
#7860 = DIRECTION('',(0.57735026919,-0.57735026919,-0.57735026919));
#7861 = ORIENTED_EDGE('',*,*,#7862,.F.);
#7862 = EDGE_CURVE('',#7846,#7855,#7863,.T.);
#7863 = LINE('',#7864,#7865);
#7864 = CARTESIAN_POINT('',(0.32,0.16,-3.));
#7865 = VECTOR('',#7866,1.);
#7866 = DIRECTION('',(-1.,0.,0.));
#7867 = PLANE('',#7868);
#7868 = AXIS2_PLACEMENT_3D('',#7869,#7870,#7871);
#7869 = CARTESIAN_POINT('',(0.32,0.24,-2.92));
#7870 = DIRECTION('',(-1.735167508357E-18,0.707106781187,-0.707106781187
    ));
#7871 = DIRECTION('',(1.,1.226948711654E-18,-1.226948711654E-18));
#7872 = ADVANCED_FACE('',(#7873),#7884,.T.);
#7873 = FACE_BOUND('',#7874,.T.);
#7874 = EDGE_LOOP('',(#7875,#7876,#7877,#7878));
#7875 = ORIENTED_EDGE('',*,*,#7541,.F.);
#7876 = ORIENTED_EDGE('',*,*,#7442,.T.);
#7877 = ORIENTED_EDGE('',*,*,#7475,.T.);
#7878 = ORIENTED_EDGE('',*,*,#7879,.F.);
#7879 = EDGE_CURVE('',#7542,#7476,#7880,.T.);
#7880 = LINE('',#7881,#7882);
#7881 = CARTESIAN_POINT('',(0.32,-2.22,-2.84));
#7882 = VECTOR('',#7883,1.);
#7883 = DIRECTION('',(0.,-1.,0.));
#7884 = PLANE('',#7885);
#7885 = AXIS2_PLACEMENT_3D('',#7886,#7887,#7888);
#7886 = CARTESIAN_POINT('',(0.32,-2.22,0.95));
#7887 = DIRECTION('',(1.,0.,0.));
#7888 = DIRECTION('',(0.,0.,-1.));
#7889 = ADVANCED_FACE('',(#7890),#7901,.T.);
#7890 = FACE_BOUND('',#7891,.T.);
#7891 = EDGE_LOOP('',(#7892,#7898,#7899,#7900));
#7892 = ORIENTED_EDGE('',*,*,#7893,.T.);
#7893 = EDGE_CURVE('',#7530,#7457,#7894,.T.);
#7894 = LINE('',#7895,#7896);
#7895 = CARTESIAN_POINT('',(-0.32,-2.22,0.95));
#7896 = VECTOR('',#7897,1.);
#7897 = DIRECTION('',(0.,-1.,0.));
#7898 = ORIENTED_EDGE('',*,*,#7456,.T.);
#7899 = ORIENTED_EDGE('',*,*,#7513,.F.);
#7900 = ORIENTED_EDGE('',*,*,#7529,.F.);
#7901 = CYLINDRICAL_SURFACE('',#7902,0.64);
#7902 = AXIS2_PLACEMENT_3D('',#7903,#7904,#7905);
#7903 = CARTESIAN_POINT('',(0.32,-2.22,0.95));
#7904 = DIRECTION('',(0.,-1.,0.));
#7905 = DIRECTION('',(-1.,0.,0.));
#7906 = ADVANCED_FACE('',(#7907),#7918,.T.);
#7907 = FACE_BOUND('',#7908,.T.);
#7908 = EDGE_LOOP('',(#7909,#7910,#7916,#7917));
#7909 = ORIENTED_EDGE('',*,*,#7557,.F.);
#7910 = ORIENTED_EDGE('',*,*,#7911,.T.);
#7911 = EDGE_CURVE('',#7550,#7484,#7912,.T.);
#7912 = LINE('',#7913,#7914);
#7913 = CARTESIAN_POINT('',(-0.32,-2.22,-2.84));
#7914 = VECTOR('',#7915,1.);
#7915 = DIRECTION('',(0.,-1.,0.));
#7916 = ORIENTED_EDGE('',*,*,#7491,.T.);
#7917 = ORIENTED_EDGE('',*,*,#7893,.F.);
#7918 = PLANE('',#7919);
#7919 = AXIS2_PLACEMENT_3D('',#7920,#7921,#7922);
#7920 = CARTESIAN_POINT('',(-0.32,-2.22,-3.));
#7921 = DIRECTION('',(-1.,0.,0.));
#7922 = DIRECTION('',(0.,0.,1.));
#7923 = ADVANCED_FACE('',(#7924),#7949,.F.);
#7924 = FACE_BOUND('',#7925,.F.);
#7925 = EDGE_LOOP('',(#7926,#7934,#7942,#7948));
#7926 = ORIENTED_EDGE('',*,*,#7927,.F.);
#7927 = EDGE_CURVE('',#7928,#7476,#7930,.T.);
#7928 = VERTEX_POINT('',#7929);
#7929 = CARTESIAN_POINT('',(0.16,-2.7,-3.));
#7930 = LINE('',#7931,#7932);
#7931 = CARTESIAN_POINT('',(0.16,-2.7,-3.));
#7932 = VECTOR('',#7933,1.);
#7933 = DIRECTION('',(0.57735026919,-0.57735026919,0.57735026919));
#7934 = ORIENTED_EDGE('',*,*,#7935,.T.);
#7935 = EDGE_CURVE('',#7928,#7936,#7938,.T.);
#7936 = VERTEX_POINT('',#7937);
#7937 = CARTESIAN_POINT('',(-0.16,-2.7,-3.));
#7938 = LINE('',#7939,#7940);
#7939 = CARTESIAN_POINT('',(0.32,-2.7,-3.));
#7940 = VECTOR('',#7941,1.);
#7941 = DIRECTION('',(-1.,0.,0.));
#7942 = ORIENTED_EDGE('',*,*,#7943,.T.);
#7943 = EDGE_CURVE('',#7936,#7484,#7944,.T.);
#7944 = LINE('',#7945,#7946);
#7945 = CARTESIAN_POINT('',(-5.333333333333E-02,-2.593333333333,
    -3.106666666667));
#7946 = VECTOR('',#7947,1.);
#7947 = DIRECTION('',(-0.57735026919,-0.57735026919,0.57735026919));
#7948 = ORIENTED_EDGE('',*,*,#7483,.F.);
#7949 = PLANE('',#7950);
#7950 = AXIS2_PLACEMENT_3D('',#7951,#7952,#7953);
#7951 = CARTESIAN_POINT('',(0.32,-2.78,-2.92));
#7952 = DIRECTION('',(1.735167508357E-18,0.707106781187,0.707106781187)
  );
#7953 = DIRECTION('',(-1.,1.226948711654E-18,1.226948711654E-18));
#7954 = ADVANCED_FACE('',(#7955),#7980,.T.);
#7955 = FACE_BOUND('',#7956,.F.);
#7956 = EDGE_LOOP('',(#7957,#7965,#7966,#7974));
#7957 = ORIENTED_EDGE('',*,*,#7958,.T.);
#7958 = EDGE_CURVE('',#7959,#7542,#7961,.T.);
#7959 = VERTEX_POINT('',#7960);
#7960 = CARTESIAN_POINT('',(0.16,-2.38,-3.));
#7961 = LINE('',#7962,#7963);
#7962 = CARTESIAN_POINT('',(0.266666666667,-2.273333333333,
    -2.893333333333));
#7963 = VECTOR('',#7964,1.);
#7964 = DIRECTION('',(0.57735026919,0.57735026919,0.57735026919));
#7965 = ORIENTED_EDGE('',*,*,#7549,.T.);
#7966 = ORIENTED_EDGE('',*,*,#7967,.T.);
#7967 = EDGE_CURVE('',#7550,#7968,#7970,.T.);
#7968 = VERTEX_POINT('',#7969);
#7969 = CARTESIAN_POINT('',(-0.16,-2.38,-3.));
#7970 = LINE('',#7971,#7972);
#7971 = CARTESIAN_POINT('',(-0.16,-2.38,-3.));
#7972 = VECTOR('',#7973,1.);
#7973 = DIRECTION('',(0.57735026919,-0.57735026919,-0.57735026919));
#7974 = ORIENTED_EDGE('',*,*,#7975,.F.);
#7975 = EDGE_CURVE('',#7959,#7968,#7976,.T.);
#7976 = LINE('',#7977,#7978);
#7977 = CARTESIAN_POINT('',(0.32,-2.38,-3.));
#7978 = VECTOR('',#7979,1.);
#7979 = DIRECTION('',(-1.,0.,0.));
#7980 = PLANE('',#7981);
#7981 = AXIS2_PLACEMENT_3D('',#7982,#7983,#7984);
#7982 = CARTESIAN_POINT('',(0.32,-2.3,-2.92));
#7983 = DIRECTION('',(-1.735167508357E-18,0.707106781187,-0.707106781187
    ));
#7984 = DIRECTION('',(1.,1.226948711654E-18,-1.226948711654E-18));
#7985 = ADVANCED_FACE('',(#7986),#8011,.T.);
#7986 = FACE_BOUND('',#7987,.F.);
#7987 = EDGE_LOOP('',(#7988,#7996,#7997,#8005));
#7988 = ORIENTED_EDGE('',*,*,#7989,.F.);
#7989 = EDGE_CURVE('',#7572,#7990,#7992,.T.);
#7990 = VERTEX_POINT('',#7991);
#7991 = CARTESIAN_POINT('',(10.04,0.16,1.11));
#7992 = LINE('',#7993,#7994);
#7993 = CARTESIAN_POINT('',(10.04,0.16,1.11));
#7994 = VECTOR('',#7995,1.);
#7995 = DIRECTION('',(0.57735026919,-0.57735026919,0.57735026919));
#7996 = ORIENTED_EDGE('',*,*,#7579,.T.);
#7997 = ORIENTED_EDGE('',*,*,#7998,.T.);
#7998 = EDGE_CURVE('',#7580,#7999,#8001,.T.);
#7999 = VERTEX_POINT('',#8000);
#8000 = CARTESIAN_POINT('',(10.04,-0.16,1.11));
#8001 = LINE('',#8002,#8003);
#8002 = CARTESIAN_POINT('',(10.146666666667,-5.333333333333E-02,
    1.216666666667));
#8003 = VECTOR('',#8004,1.);
#8004 = DIRECTION('',(0.57735026919,0.57735026919,0.57735026919));
#8005 = ORIENTED_EDGE('',*,*,#8006,.F.);
#8006 = EDGE_CURVE('',#7990,#7999,#8007,.T.);
#8007 = LINE('',#8008,#8009);
#8008 = CARTESIAN_POINT('',(10.04,0.32,1.11));
#8009 = VECTOR('',#8010,1.);
#8010 = DIRECTION('',(0.,-1.,0.));
#8011 = PLANE('',#8012);
#8012 = AXIS2_PLACEMENT_3D('',#8013,#8014,#8015);
#8013 = CARTESIAN_POINT('',(9.96,0.32,1.03));
#8014 = DIRECTION('',(0.707106781187,0.,-0.707106781187));
#8015 = DIRECTION('',(0.,1.,0.));
#8016 = ADVANCED_FACE('',(#8017),#8035,.F.);
#8017 = FACE_BOUND('',#8018,.T.);
#8018 = EDGE_LOOP('',(#8019,#8027,#8028,#8029));
#8019 = ORIENTED_EDGE('',*,*,#8020,.F.);
#8020 = EDGE_CURVE('',#7604,#8021,#8023,.T.);
#8021 = VERTEX_POINT('',#8022);
#8022 = CARTESIAN_POINT('',(10.04,-0.16,1.43));
#8023 = LINE('',#8024,#8025);
#8024 = CARTESIAN_POINT('',(10.04,-0.16,1.43));
#8025 = VECTOR('',#8026,1.);
#8026 = DIRECTION('',(0.57735026919,0.57735026919,-0.57735026919));
#8027 = ORIENTED_EDGE('',*,*,#7611,.T.);
#8028 = ORIENTED_EDGE('',*,*,#7998,.T.);
#8029 = ORIENTED_EDGE('',*,*,#8030,.F.);
#8030 = EDGE_CURVE('',#8021,#7999,#8031,.T.);
#8031 = LINE('',#8032,#8033);
#8032 = CARTESIAN_POINT('',(10.04,-0.16,1.59));
#8033 = VECTOR('',#8034,1.);
#8034 = DIRECTION('',(0.,0.,-1.));
#8035 = PLANE('',#8036);
#8036 = AXIS2_PLACEMENT_3D('',#8037,#8038,#8039);
#8037 = CARTESIAN_POINT('',(9.96,-0.24,1.59));
#8038 = DIRECTION('',(-0.707106781187,0.707106781187,1.735167508357E-18)
  );
#8039 = DIRECTION('',(1.226948711654E-18,-1.226948711654E-18,1.));
#8040 = ADVANCED_FACE('',(#8041),#8059,.T.);
#8041 = FACE_BOUND('',#8042,.T.);
#8042 = EDGE_LOOP('',(#8043,#8051,#8052,#8053));
#8043 = ORIENTED_EDGE('',*,*,#8044,.F.);
#8044 = EDGE_CURVE('',#7627,#8045,#8047,.T.);
#8045 = VERTEX_POINT('',#8046);
#8046 = CARTESIAN_POINT('',(10.04,0.16,1.43));
#8047 = LINE('',#8048,#8049);
#8048 = CARTESIAN_POINT('',(9.933333333333,0.266666666667,1.536666666667
    ));
#8049 = VECTOR('',#8050,1.);
#8050 = DIRECTION('',(0.57735026919,-0.57735026919,-0.57735026919));
#8051 = ORIENTED_EDGE('',*,*,#7636,.T.);
#8052 = ORIENTED_EDGE('',*,*,#8020,.T.);
#8053 = ORIENTED_EDGE('',*,*,#8054,.F.);
#8054 = EDGE_CURVE('',#8045,#8021,#8055,.T.);
#8055 = LINE('',#8056,#8057);
#8056 = CARTESIAN_POINT('',(10.04,0.32,1.43));
#8057 = VECTOR('',#8058,1.);
#8058 = DIRECTION('',(0.,-1.,0.));
#8059 = PLANE('',#8060);
#8060 = AXIS2_PLACEMENT_3D('',#8061,#8062,#8063);
#8061 = CARTESIAN_POINT('',(9.96,0.32,1.51));
#8062 = DIRECTION('',(0.707106781187,-1.735167508357E-18,0.707106781187)
  );
#8063 = DIRECTION('',(-1.226948711654E-18,-1.,-1.226948711654E-18));
#8064 = ADVANCED_FACE('',(#8065),#8076,.T.);
#8065 = FACE_BOUND('',#8066,.F.);
#8066 = EDGE_LOOP('',(#8067,#8068,#8069,#8070));
#8067 = ORIENTED_EDGE('',*,*,#8044,.F.);
#8068 = ORIENTED_EDGE('',*,*,#7652,.T.);
#8069 = ORIENTED_EDGE('',*,*,#7989,.T.);
#8070 = ORIENTED_EDGE('',*,*,#8071,.F.);
#8071 = EDGE_CURVE('',#8045,#7990,#8072,.T.);
#8072 = LINE('',#8073,#8074);
#8073 = CARTESIAN_POINT('',(10.04,0.16,1.59));
#8074 = VECTOR('',#8075,1.);
#8075 = DIRECTION('',(0.,0.,-1.));
#8076 = PLANE('',#8077);
#8077 = AXIS2_PLACEMENT_3D('',#8078,#8079,#8080);
#8078 = CARTESIAN_POINT('',(9.96,0.24,1.59));
#8079 = DIRECTION('',(0.707106781187,0.707106781187,-1.735167508357E-18)
  );
#8080 = DIRECTION('',(1.226948711654E-18,1.226948711654E-18,1.));
#8081 = ADVANCED_FACE('',(#8082),#8107,.T.);
#8082 = FACE_BOUND('',#8083,.F.);
#8083 = EDGE_LOOP('',(#8084,#8092,#8093,#8101));
#8084 = ORIENTED_EDGE('',*,*,#8085,.F.);
#8085 = EDGE_CURVE('',#7668,#8086,#8088,.T.);
#8086 = VERTEX_POINT('',#8087);
#8087 = CARTESIAN_POINT('',(10.04,-2.38,1.11));
#8088 = LINE('',#8089,#8090);
#8089 = CARTESIAN_POINT('',(10.04,-2.38,1.11));
#8090 = VECTOR('',#8091,1.);
#8091 = DIRECTION('',(0.57735026919,-0.57735026919,0.57735026919));
#8092 = ORIENTED_EDGE('',*,*,#7675,.T.);
#8093 = ORIENTED_EDGE('',*,*,#8094,.T.);
#8094 = EDGE_CURVE('',#7676,#8095,#8097,.T.);
#8095 = VERTEX_POINT('',#8096);
#8096 = CARTESIAN_POINT('',(10.04,-2.7,1.11));
#8097 = LINE('',#8098,#8099);
#8098 = CARTESIAN_POINT('',(10.146666666667,-2.593333333333,
    1.216666666667));
#8099 = VECTOR('',#8100,1.);
#8100 = DIRECTION('',(0.57735026919,0.57735026919,0.57735026919));
#8101 = ORIENTED_EDGE('',*,*,#8102,.F.);
#8102 = EDGE_CURVE('',#8086,#8095,#8103,.T.);
#8103 = LINE('',#8104,#8105);
#8104 = CARTESIAN_POINT('',(10.04,-2.22,1.11));
#8105 = VECTOR('',#8106,1.);
#8106 = DIRECTION('',(0.,-1.,0.));
#8107 = PLANE('',#8108);
#8108 = AXIS2_PLACEMENT_3D('',#8109,#8110,#8111);
#8109 = CARTESIAN_POINT('',(9.96,-2.22,1.03));
#8110 = DIRECTION('',(0.707106781187,0.,-0.707106781187));
#8111 = DIRECTION('',(0.,1.,0.));
#8112 = ADVANCED_FACE('',(#8113),#8131,.F.);
#8113 = FACE_BOUND('',#8114,.T.);
#8114 = EDGE_LOOP('',(#8115,#8123,#8124,#8125));
#8115 = ORIENTED_EDGE('',*,*,#8116,.F.);
#8116 = EDGE_CURVE('',#7700,#8117,#8119,.T.);
#8117 = VERTEX_POINT('',#8118);
#8118 = CARTESIAN_POINT('',(10.04,-2.7,1.43));
#8119 = LINE('',#8120,#8121);
#8120 = CARTESIAN_POINT('',(10.04,-2.7,1.43));
#8121 = VECTOR('',#8122,1.);
#8122 = DIRECTION('',(0.57735026919,0.57735026919,-0.57735026919));
#8123 = ORIENTED_EDGE('',*,*,#7707,.T.);
#8124 = ORIENTED_EDGE('',*,*,#8094,.T.);
#8125 = ORIENTED_EDGE('',*,*,#8126,.F.);
#8126 = EDGE_CURVE('',#8117,#8095,#8127,.T.);
#8127 = LINE('',#8128,#8129);
#8128 = CARTESIAN_POINT('',(10.04,-2.7,1.59));
#8129 = VECTOR('',#8130,1.);
#8130 = DIRECTION('',(0.,0.,-1.));
#8131 = PLANE('',#8132);
#8132 = AXIS2_PLACEMENT_3D('',#8133,#8134,#8135);
#8133 = CARTESIAN_POINT('',(9.96,-2.78,1.59));
#8134 = DIRECTION('',(-0.707106781187,0.707106781187,1.735167508357E-18)
  );
#8135 = DIRECTION('',(1.226948711654E-18,-1.226948711654E-18,1.));
#8136 = ADVANCED_FACE('',(#8137),#8155,.T.);
#8137 = FACE_BOUND('',#8138,.T.);
#8138 = EDGE_LOOP('',(#8139,#8147,#8148,#8149));
#8139 = ORIENTED_EDGE('',*,*,#8140,.F.);
#8140 = EDGE_CURVE('',#7723,#8141,#8143,.T.);
#8141 = VERTEX_POINT('',#8142);
#8142 = CARTESIAN_POINT('',(10.04,-2.38,1.43));
#8143 = LINE('',#8144,#8145);
#8144 = CARTESIAN_POINT('',(9.933333333333,-2.273333333333,
    1.536666666667));
#8145 = VECTOR('',#8146,1.);
#8146 = DIRECTION('',(0.57735026919,-0.57735026919,-0.57735026919));
#8147 = ORIENTED_EDGE('',*,*,#7732,.T.);
#8148 = ORIENTED_EDGE('',*,*,#8116,.T.);
#8149 = ORIENTED_EDGE('',*,*,#8150,.F.);
#8150 = EDGE_CURVE('',#8141,#8117,#8151,.T.);
#8151 = LINE('',#8152,#8153);
#8152 = CARTESIAN_POINT('',(10.04,-2.22,1.43));
#8153 = VECTOR('',#8154,1.);
#8154 = DIRECTION('',(0.,-1.,0.));
#8155 = PLANE('',#8156);
#8156 = AXIS2_PLACEMENT_3D('',#8157,#8158,#8159);
#8157 = CARTESIAN_POINT('',(9.96,-2.22,1.51));
#8158 = DIRECTION('',(0.707106781187,-1.735167508357E-18,0.707106781187)
  );
#8159 = DIRECTION('',(-1.226948711654E-18,-1.,-1.226948711654E-18));
#8160 = ADVANCED_FACE('',(#8161),#8172,.T.);
#8161 = FACE_BOUND('',#8162,.F.);
#8162 = EDGE_LOOP('',(#8163,#8164,#8165,#8166));
#8163 = ORIENTED_EDGE('',*,*,#8140,.F.);
#8164 = ORIENTED_EDGE('',*,*,#7748,.T.);
#8165 = ORIENTED_EDGE('',*,*,#8085,.T.);
#8166 = ORIENTED_EDGE('',*,*,#8167,.F.);
#8167 = EDGE_CURVE('',#8141,#8086,#8168,.T.);
#8168 = LINE('',#8169,#8170);
#8169 = CARTESIAN_POINT('',(10.04,-2.38,1.59));
#8170 = VECTOR('',#8171,1.);
#8171 = DIRECTION('',(0.,0.,-1.));
#8172 = PLANE('',#8173);
#8173 = AXIS2_PLACEMENT_3D('',#8174,#8175,#8176);
#8174 = CARTESIAN_POINT('',(9.96,-2.3,1.59));
#8175 = DIRECTION('',(0.707106781187,0.707106781187,-1.735167508357E-18)
  );
#8176 = DIRECTION('',(1.226948711654E-18,1.226948711654E-18,1.));
#8177 = ADVANCED_FACE('',(#8178),#8189,.T.);
#8178 = FACE_BOUND('',#8179,.F.);
#8179 = EDGE_LOOP('',(#8180,#8181,#8187,#8188));
#8180 = ORIENTED_EDGE('',*,*,#7845,.F.);
#8181 = ORIENTED_EDGE('',*,*,#8182,.T.);
#8182 = EDGE_CURVE('',#7846,#7815,#8183,.T.);
#8183 = LINE('',#8184,#8185);
#8184 = CARTESIAN_POINT('',(0.16,0.32,-3.));
#8185 = VECTOR('',#8186,1.);
#8186 = DIRECTION('',(0.,-1.,0.));
#8187 = ORIENTED_EDGE('',*,*,#7814,.T.);
#8188 = ORIENTED_EDGE('',*,*,#7766,.F.);
#8189 = PLANE('',#8190);
#8190 = AXIS2_PLACEMENT_3D('',#8191,#8192,#8193);
#8191 = CARTESIAN_POINT('',(0.24,0.32,-2.92));
#8192 = DIRECTION('',(0.707106781187,1.735167508357E-18,-0.707106781187)
  );
#8193 = DIRECTION('',(-1.226948711654E-18,1.,1.226948711654E-18));
#8194 = ADVANCED_FACE('',(#8195),#8206,.T.);
#8195 = FACE_BOUND('',#8196,.F.);
#8196 = EDGE_LOOP('',(#8197,#8198,#8199,#8200));
#8197 = ORIENTED_EDGE('',*,*,#7854,.F.);
#8198 = ORIENTED_EDGE('',*,*,#7798,.T.);
#8199 = ORIENTED_EDGE('',*,*,#7830,.F.);
#8200 = ORIENTED_EDGE('',*,*,#8201,.F.);
#8201 = EDGE_CURVE('',#7855,#7823,#8202,.T.);
#8202 = LINE('',#8203,#8204);
#8203 = CARTESIAN_POINT('',(-0.16,0.32,-3.));
#8204 = VECTOR('',#8205,1.);
#8205 = DIRECTION('',(0.,-1.,0.));
#8206 = PLANE('',#8207);
#8207 = AXIS2_PLACEMENT_3D('',#8208,#8209,#8210);
#8208 = CARTESIAN_POINT('',(-0.24,0.32,-2.92));
#8209 = DIRECTION('',(-0.707106781187,-1.735167508357E-18,
    -0.707106781187));
#8210 = DIRECTION('',(-1.226948711654E-18,1.,-1.226948711654E-18));
#8211 = ADVANCED_FACE('',(#8212),#8218,.T.);
#8212 = FACE_BOUND('',#8213,.T.);
#8213 = EDGE_LOOP('',(#8214,#8215,#8216,#8217));
#8214 = ORIENTED_EDGE('',*,*,#7822,.T.);
#8215 = ORIENTED_EDGE('',*,*,#8201,.F.);
#8216 = ORIENTED_EDGE('',*,*,#7862,.F.);
#8217 = ORIENTED_EDGE('',*,*,#8182,.T.);
#8218 = PLANE('',#8219);
#8219 = AXIS2_PLACEMENT_3D('',#8220,#8221,#8222);
#8220 = CARTESIAN_POINT('',(0.32,0.32,-3.));
#8221 = DIRECTION('',(-0.,-0.,-1.));
#8222 = DIRECTION('',(-1.,0.,0.));
#8223 = ADVANCED_FACE('',(#8224),#8235,.T.);
#8224 = FACE_BOUND('',#8225,.F.);
#8225 = EDGE_LOOP('',(#8226,#8227,#8233,#8234));
#8226 = ORIENTED_EDGE('',*,*,#7958,.F.);
#8227 = ORIENTED_EDGE('',*,*,#8228,.T.);
#8228 = EDGE_CURVE('',#7959,#7928,#8229,.T.);
#8229 = LINE('',#8230,#8231);
#8230 = CARTESIAN_POINT('',(0.16,-2.22,-3.));
#8231 = VECTOR('',#8232,1.);
#8232 = DIRECTION('',(0.,-1.,0.));
#8233 = ORIENTED_EDGE('',*,*,#7927,.T.);
#8234 = ORIENTED_EDGE('',*,*,#7879,.F.);
#8235 = PLANE('',#8236);
#8236 = AXIS2_PLACEMENT_3D('',#8237,#8238,#8239);
#8237 = CARTESIAN_POINT('',(0.24,-2.22,-2.92));
#8238 = DIRECTION('',(0.707106781187,1.735167508357E-18,-0.707106781187)
  );
#8239 = DIRECTION('',(-1.226948711654E-18,1.,1.226948711654E-18));
#8240 = ADVANCED_FACE('',(#8241),#8252,.T.);
#8241 = FACE_BOUND('',#8242,.F.);
#8242 = EDGE_LOOP('',(#8243,#8244,#8245,#8246));
#8243 = ORIENTED_EDGE('',*,*,#7967,.F.);
#8244 = ORIENTED_EDGE('',*,*,#7911,.T.);
#8245 = ORIENTED_EDGE('',*,*,#7943,.F.);
#8246 = ORIENTED_EDGE('',*,*,#8247,.F.);
#8247 = EDGE_CURVE('',#7968,#7936,#8248,.T.);
#8248 = LINE('',#8249,#8250);
#8249 = CARTESIAN_POINT('',(-0.16,-2.22,-3.));
#8250 = VECTOR('',#8251,1.);
#8251 = DIRECTION('',(0.,-1.,0.));
#8252 = PLANE('',#8253);
#8253 = AXIS2_PLACEMENT_3D('',#8254,#8255,#8256);
#8254 = CARTESIAN_POINT('',(-0.24,-2.22,-2.92));
#8255 = DIRECTION('',(-0.707106781187,-1.735167508357E-18,
    -0.707106781187));
#8256 = DIRECTION('',(-1.226948711654E-18,1.,-1.226948711654E-18));
#8257 = ADVANCED_FACE('',(#8258),#8264,.T.);
#8258 = FACE_BOUND('',#8259,.T.);
#8259 = EDGE_LOOP('',(#8260,#8261,#8262,#8263));
#8260 = ORIENTED_EDGE('',*,*,#7935,.T.);
#8261 = ORIENTED_EDGE('',*,*,#8247,.F.);
#8262 = ORIENTED_EDGE('',*,*,#7975,.F.);
#8263 = ORIENTED_EDGE('',*,*,#8228,.T.);
#8264 = PLANE('',#8265);
#8265 = AXIS2_PLACEMENT_3D('',#8266,#8267,#8268);
#8266 = CARTESIAN_POINT('',(0.32,-2.22,-3.));
#8267 = DIRECTION('',(-0.,-0.,-1.));
#8268 = DIRECTION('',(-1.,0.,0.));
#8269 = ADVANCED_FACE('',(#8270),#8276,.T.);
#8270 = FACE_BOUND('',#8271,.T.);
#8271 = EDGE_LOOP('',(#8272,#8273,#8274,#8275));
#8272 = ORIENTED_EDGE('',*,*,#8030,.T.);
#8273 = ORIENTED_EDGE('',*,*,#8006,.F.);
#8274 = ORIENTED_EDGE('',*,*,#8071,.F.);
#8275 = ORIENTED_EDGE('',*,*,#8054,.T.);
#8276 = PLANE('',#8277);
#8277 = AXIS2_PLACEMENT_3D('',#8278,#8279,#8280);
#8278 = CARTESIAN_POINT('',(10.04,0.32,1.59));
#8279 = DIRECTION('',(1.,0.,0.));
#8280 = DIRECTION('',(0.,0.,-1.));
#8281 = ADVANCED_FACE('',(#8282),#8288,.T.);
#8282 = FACE_BOUND('',#8283,.T.);
#8283 = EDGE_LOOP('',(#8284,#8285,#8286,#8287));
#8284 = ORIENTED_EDGE('',*,*,#8126,.T.);
#8285 = ORIENTED_EDGE('',*,*,#8102,.F.);
#8286 = ORIENTED_EDGE('',*,*,#8167,.F.);
#8287 = ORIENTED_EDGE('',*,*,#8150,.T.);
#8288 = PLANE('',#8289);
#8289 = AXIS2_PLACEMENT_3D('',#8290,#8291,#8292);
#8290 = CARTESIAN_POINT('',(10.04,-2.22,1.59));
#8291 = DIRECTION('',(1.,0.,0.));
#8292 = DIRECTION('',(0.,0.,-1.));
#8293 = ( GEOMETRIC_REPRESENTATION_CONTEXT(3) 
GLOBAL_UNCERTAINTY_ASSIGNED_CONTEXT((#8297)) 
GLOBAL_UNIT_ASSIGNED_CONTEXT((#8294,#8295,#8296)) REPRESENTATION_CONTEXT
('Context #1','3D Context with UNIT and UNCERTAINTY') );
#8294 = ( LENGTH_UNIT() NAMED_UNIT(*) SI_UNIT(.MILLI.,.METRE.) );
#8295 = ( NAMED_UNIT(*) PLANE_ANGLE_UNIT() SI_UNIT($,.RADIAN.) );
#8296 = ( NAMED_UNIT(*) SI_UNIT($,.STERADIAN.) SOLID_ANGLE_UNIT() );
#8297 = UNCERTAINTY_MEASURE_WITH_UNIT(LENGTH_MEASURE(1.E-07),#8294,
  'distance_accuracy_value','confusion accuracy');
#8298 = CONTEXT_DEPENDENT_SHAPE_REPRESENTATION(#8299,#8301);
#8299 = ( REPRESENTATION_RELATIONSHIP('','',#6658,#10) 
REPRESENTATION_RELATIONSHIP_WITH_TRANSFORMATION(#8300) 
SHAPE_REPRESENTATION_RELATIONSHIP() );
#8300 = ITEM_DEFINED_TRANSFORMATION('','',#11,#43);
#8301 = PRODUCT_DEFINITION_SHAPE('Placement','Placement of an item',
  #8302);
#8302 = NEXT_ASSEMBLY_USAGE_OCCURRENCE('8','J1','',#5,#6653,$);
#8303 = PRODUCT_RELATED_PRODUCT_CATEGORY('part',$,(#6655));
#8304 = CONTEXT_DEPENDENT_SHAPE_REPRESENTATION(#8305,#8307);
#8305 = ( REPRESENTATION_RELATIONSHIP('','',#80,#10) 
REPRESENTATION_RELATIONSHIP_WITH_TRANSFORMATION(#8306) 
SHAPE_REPRESENTATION_RELATIONSHIP() );
#8306 = ITEM_DEFINED_TRANSFORMATION('','',#11,#47);
#8307 = PRODUCT_DEFINITION_SHAPE('Placement','Placement of an item',
  #8308);
#8308 = NEXT_ASSEMBLY_USAGE_OCCURRENCE('9','D6','',#5,#75,$);
#8309 = CONTEXT_DEPENDENT_SHAPE_REPRESENTATION(#8310,#8312);
#8310 = ( REPRESENTATION_RELATIONSHIP('','',#80,#10) 
REPRESENTATION_RELATIONSHIP_WITH_TRANSFORMATION(#8311) 
SHAPE_REPRESENTATION_RELATIONSHIP() );
#8311 = ITEM_DEFINED_TRANSFORMATION('','',#11,#51);
#8312 = PRODUCT_DEFINITION_SHAPE('Placement','Placement of an item',
  #8313);
#8313 = NEXT_ASSEMBLY_USAGE_OCCURRENCE('10','D3','',#5,#75,$);
#8314 = CONTEXT_DEPENDENT_SHAPE_REPRESENTATION(#8315,#8317);
#8315 = ( REPRESENTATION_RELATIONSHIP('','',#80,#10) 
REPRESENTATION_RELATIONSHIP_WITH_TRANSFORMATION(#8316) 
SHAPE_REPRESENTATION_RELATIONSHIP() );
#8316 = ITEM_DEFINED_TRANSFORMATION('','',#11,#55);
#8317 = PRODUCT_DEFINITION_SHAPE('Placement','Placement of an item',
  #8318);
#8318 = NEXT_ASSEMBLY_USAGE_OCCURRENCE('11','D7','',#5,#75,$);
#8319 = CONTEXT_DEPENDENT_SHAPE_REPRESENTATION(#8320,#8322);
#8320 = ( REPRESENTATION_RELATIONSHIP('','',#80,#10) 
REPRESENTATION_RELATIONSHIP_WITH_TRANSFORMATION(#8321) 
SHAPE_REPRESENTATION_RELATIONSHIP() );
#8321 = ITEM_DEFINED_TRANSFORMATION('','',#11,#59);
#8322 = PRODUCT_DEFINITION_SHAPE('Placement','Placement of an item',
  #8323);
#8323 = NEXT_ASSEMBLY_USAGE_OCCURRENCE('12','D2','',#5,#75,$);
#8324 = SHAPE_DEFINITION_REPRESENTATION(#8325,#8331);
#8325 = PRODUCT_DEFINITION_SHAPE('','',#8326);
#8326 = PRODUCT_DEFINITION('design','',#8327,#8330);
#8327 = PRODUCT_DEFINITION_FORMATION('','',#8328);
#8328 = PRODUCT('line-follower-h-bridge-v1_PCB',
  'line-follower-h-bridge-v1_PCB','',(#8329));
#8329 = PRODUCT_CONTEXT('',#2,'mechanical');
#8330 = PRODUCT_DEFINITION_CONTEXT('part definition',#2,'design');
#8331 = ADVANCED_BREP_SHAPE_REPRESENTATION('',(#11,#8332),#9730);
#8332 = MANIFOLD_SOLID_BREP('',#8333);
#8333 = CLOSED_SHELL('',(#8334,#8374,#8405,#8436,#8805,#9174,#9186,#9203
    ,#9220,#9237,#9254,#9271,#9288,#9305,#9322,#9339,#9356,#9373,#9390,
    #9407,#9424,#9441,#9458,#9475,#9492,#9509,#9526,#9543,#9560,#9577,
    #9594,#9611,#9628,#9645,#9662,#9679,#9696,#9713));
#8334 = ADVANCED_FACE('',(#8335),#8369,.T.);
#8335 = FACE_BOUND('',#8336,.T.);
#8336 = EDGE_LOOP('',(#8337,#8347,#8355,#8363));
#8337 = ORIENTED_EDGE('',*,*,#8338,.T.);
#8338 = EDGE_CURVE('',#8339,#8341,#8343,.T.);
#8339 = VERTEX_POINT('',#8340);
#8340 = CARTESIAN_POINT('',(145.,-123.,0.));
#8341 = VERTEX_POINT('',#8342);
#8342 = CARTESIAN_POINT('',(145.,-123.,1.51));
#8343 = LINE('',#8344,#8345);
#8344 = CARTESIAN_POINT('',(145.,-123.,0.));
#8345 = VECTOR('',#8346,1.);
#8346 = DIRECTION('',(0.,0.,1.));
#8347 = ORIENTED_EDGE('',*,*,#8348,.T.);
#8348 = EDGE_CURVE('',#8341,#8349,#8351,.T.);
#8349 = VERTEX_POINT('',#8350);
#8350 = CARTESIAN_POINT('',(89.,-123.,1.51));
#8351 = LINE('',#8352,#8353);
#8352 = CARTESIAN_POINT('',(145.,-123.,1.51));
#8353 = VECTOR('',#8354,1.);
#8354 = DIRECTION('',(-1.,0.,0.));
#8355 = ORIENTED_EDGE('',*,*,#8356,.F.);
#8356 = EDGE_CURVE('',#8357,#8349,#8359,.T.);
#8357 = VERTEX_POINT('',#8358);
#8358 = CARTESIAN_POINT('',(89.,-123.,0.));
#8359 = LINE('',#8360,#8361);
#8360 = CARTESIAN_POINT('',(89.,-123.,0.));
#8361 = VECTOR('',#8362,1.);
#8362 = DIRECTION('',(0.,0.,1.));
#8363 = ORIENTED_EDGE('',*,*,#8364,.F.);
#8364 = EDGE_CURVE('',#8339,#8357,#8365,.T.);
#8365 = LINE('',#8366,#8367);
#8366 = CARTESIAN_POINT('',(145.,-123.,0.));
#8367 = VECTOR('',#8368,1.);
#8368 = DIRECTION('',(-1.,0.,0.));
#8369 = PLANE('',#8370);
#8370 = AXIS2_PLACEMENT_3D('',#8371,#8372,#8373);
#8371 = CARTESIAN_POINT('',(145.,-123.,0.));
#8372 = DIRECTION('',(0.,-1.,0.));
#8373 = DIRECTION('',(-1.,0.,0.));
#8374 = ADVANCED_FACE('',(#8375),#8400,.T.);
#8375 = FACE_BOUND('',#8376,.T.);
#8376 = EDGE_LOOP('',(#8377,#8387,#8393,#8394));
#8377 = ORIENTED_EDGE('',*,*,#8378,.T.);
#8378 = EDGE_CURVE('',#8379,#8381,#8383,.T.);
#8379 = VERTEX_POINT('',#8380);
#8380 = CARTESIAN_POINT('',(145.,-71.,0.));
#8381 = VERTEX_POINT('',#8382);
#8382 = CARTESIAN_POINT('',(145.,-71.,1.51));
#8383 = LINE('',#8384,#8385);
#8384 = CARTESIAN_POINT('',(145.,-71.,0.));
#8385 = VECTOR('',#8386,1.);
#8386 = DIRECTION('',(0.,0.,1.));
#8387 = ORIENTED_EDGE('',*,*,#8388,.T.);
#8388 = EDGE_CURVE('',#8381,#8341,#8389,.T.);
#8389 = LINE('',#8390,#8391);
#8390 = CARTESIAN_POINT('',(145.,-71.,1.51));
#8391 = VECTOR('',#8392,1.);
#8392 = DIRECTION('',(0.,-1.,0.));
#8393 = ORIENTED_EDGE('',*,*,#8338,.F.);
#8394 = ORIENTED_EDGE('',*,*,#8395,.F.);
#8395 = EDGE_CURVE('',#8379,#8339,#8396,.T.);
#8396 = LINE('',#8397,#8398);
#8397 = CARTESIAN_POINT('',(145.,-71.,0.));
#8398 = VECTOR('',#8399,1.);
#8399 = DIRECTION('',(0.,-1.,0.));
#8400 = PLANE('',#8401);
#8401 = AXIS2_PLACEMENT_3D('',#8402,#8403,#8404);
#8402 = CARTESIAN_POINT('',(145.,-71.,0.));
#8403 = DIRECTION('',(1.,0.,-0.));
#8404 = DIRECTION('',(0.,-1.,0.));
#8405 = ADVANCED_FACE('',(#8406),#8431,.T.);
#8406 = FACE_BOUND('',#8407,.T.);
#8407 = EDGE_LOOP('',(#8408,#8409,#8417,#8425));
#8408 = ORIENTED_EDGE('',*,*,#8356,.T.);
#8409 = ORIENTED_EDGE('',*,*,#8410,.T.);
#8410 = EDGE_CURVE('',#8349,#8411,#8413,.T.);
#8411 = VERTEX_POINT('',#8412);
#8412 = CARTESIAN_POINT('',(89.,-71.,1.51));
#8413 = LINE('',#8414,#8415);
#8414 = CARTESIAN_POINT('',(89.,-123.,1.51));
#8415 = VECTOR('',#8416,1.);
#8416 = DIRECTION('',(0.,1.,0.));
#8417 = ORIENTED_EDGE('',*,*,#8418,.F.);
#8418 = EDGE_CURVE('',#8419,#8411,#8421,.T.);
#8419 = VERTEX_POINT('',#8420);
#8420 = CARTESIAN_POINT('',(89.,-71.,0.));
#8421 = LINE('',#8422,#8423);
#8422 = CARTESIAN_POINT('',(89.,-71.,0.));
#8423 = VECTOR('',#8424,1.);
#8424 = DIRECTION('',(0.,0.,1.));
#8425 = ORIENTED_EDGE('',*,*,#8426,.F.);
#8426 = EDGE_CURVE('',#8357,#8419,#8427,.T.);
#8427 = LINE('',#8428,#8429);
#8428 = CARTESIAN_POINT('',(89.,-123.,0.));
#8429 = VECTOR('',#8430,1.);
#8430 = DIRECTION('',(0.,1.,0.));
#8431 = PLANE('',#8432);
#8432 = AXIS2_PLACEMENT_3D('',#8433,#8434,#8435);
#8433 = CARTESIAN_POINT('',(89.,-123.,0.));
#8434 = DIRECTION('',(-1.,0.,0.));
#8435 = DIRECTION('',(0.,1.,0.));
#8436 = ADVANCED_FACE('',(#8437,#8448,#8459,#8470,#8481,#8492,#8503,
    #8514,#8525,#8536,#8547,#8558,#8569,#8580,#8591,#8602,#8613,#8624,
    #8635,#8646,#8657,#8668,#8679,#8690,#8701,#8712,#8723,#8734,#8745,
    #8756,#8767,#8778,#8789),#8800,.F.);
#8437 = FACE_BOUND('',#8438,.F.);
#8438 = EDGE_LOOP('',(#8439,#8440,#8441,#8447));
#8439 = ORIENTED_EDGE('',*,*,#8364,.F.);
#8440 = ORIENTED_EDGE('',*,*,#8395,.F.);
#8441 = ORIENTED_EDGE('',*,*,#8442,.F.);
#8442 = EDGE_CURVE('',#8419,#8379,#8443,.T.);
#8443 = LINE('',#8444,#8445);
#8444 = CARTESIAN_POINT('',(89.,-71.,0.));
#8445 = VECTOR('',#8446,1.);
#8446 = DIRECTION('',(1.,0.,0.));
#8447 = ORIENTED_EDGE('',*,*,#8426,.F.);
#8448 = FACE_BOUND('',#8449,.F.);
#8449 = EDGE_LOOP('',(#8450));
#8450 = ORIENTED_EDGE('',*,*,#8451,.T.);
#8451 = EDGE_CURVE('',#8452,#8452,#8454,.T.);
#8452 = VERTEX_POINT('',#8453);
#8453 = CARTESIAN_POINT('',(97.,-116.25,0.));
#8454 = CIRCLE('',#8455,1.25);
#8455 = AXIS2_PLACEMENT_3D('',#8456,#8457,#8458);
#8456 = CARTESIAN_POINT('',(97.,-115.,0.));
#8457 = DIRECTION('',(-0.,0.,-1.));
#8458 = DIRECTION('',(-0.,-1.,0.));
#8459 = FACE_BOUND('',#8460,.F.);
#8460 = EDGE_LOOP('',(#8461));
#8461 = ORIENTED_EDGE('',*,*,#8462,.T.);
#8462 = EDGE_CURVE('',#8463,#8463,#8465,.T.);
#8463 = VERTEX_POINT('',#8464);
#8464 = CARTESIAN_POINT('',(92.95175,-104.5588,0.));
#8465 = CIRCLE('',#8466,0.5588);
#8466 = AXIS2_PLACEMENT_3D('',#8467,#8468,#8469);
#8467 = CARTESIAN_POINT('',(92.95175,-104.,0.));
#8468 = DIRECTION('',(-0.,0.,-1.));
#8469 = DIRECTION('',(-0.,-1.,0.));
#8470 = FACE_BOUND('',#8471,.F.);
#8471 = EDGE_LOOP('',(#8472));
#8472 = ORIENTED_EDGE('',*,*,#8473,.T.);
#8473 = EDGE_CURVE('',#8474,#8474,#8476,.T.);
#8474 = VERTEX_POINT('',#8475);
#8475 = CARTESIAN_POINT('',(100.45175,-104.5588,0.));
#8476 = CIRCLE('',#8477,0.5588);
#8477 = AXIS2_PLACEMENT_3D('',#8478,#8479,#8480);
#8478 = CARTESIAN_POINT('',(100.45175,-104.,0.));
#8479 = DIRECTION('',(-0.,0.,-1.));
#8480 = DIRECTION('',(-0.,-1.,0.));
#8481 = FACE_BOUND('',#8482,.F.);
#8482 = EDGE_LOOP('',(#8483));
#8483 = ORIENTED_EDGE('',*,*,#8484,.T.);
#8484 = EDGE_CURVE('',#8485,#8485,#8487,.T.);
#8485 = VERTEX_POINT('',#8486);
#8486 = CARTESIAN_POINT('',(105.04825,-104.5588,0.));
#8487 = CIRCLE('',#8488,0.5588);
#8488 = AXIS2_PLACEMENT_3D('',#8489,#8490,#8491);
#8489 = CARTESIAN_POINT('',(105.04825,-104.,0.));
#8490 = DIRECTION('',(-0.,0.,-1.));
#8491 = DIRECTION('',(-0.,-1.,0.));
#8492 = FACE_BOUND('',#8493,.F.);
#8493 = EDGE_LOOP('',(#8494));
#8494 = ORIENTED_EDGE('',*,*,#8495,.T.);
#8495 = EDGE_CURVE('',#8496,#8496,#8498,.T.);
#8496 = VERTEX_POINT('',#8497);
#8497 = CARTESIAN_POINT('',(112.54825,-104.5588,0.));
#8498 = CIRCLE('',#8499,0.5588);
#8499 = AXIS2_PLACEMENT_3D('',#8500,#8501,#8502);
#8500 = CARTESIAN_POINT('',(112.54825,-104.,0.));
#8501 = DIRECTION('',(-0.,0.,-1.));
#8502 = DIRECTION('',(-0.,-1.,0.));
#8503 = FACE_BOUND('',#8504,.F.);
#8504 = EDGE_LOOP('',(#8505));
#8505 = ORIENTED_EDGE('',*,*,#8506,.T.);
#8506 = EDGE_CURVE('',#8507,#8507,#8509,.T.);
#8507 = VERTEX_POINT('',#8508);
#8508 = CARTESIAN_POINT('',(115.,-98.5,0.));
#8509 = CIRCLE('',#8510,0.5);
#8510 = AXIS2_PLACEMENT_3D('',#8511,#8512,#8513);
#8511 = CARTESIAN_POINT('',(115.,-98.,0.));
#8512 = DIRECTION('',(-0.,0.,-1.));
#8513 = DIRECTION('',(-0.,-1.,0.));
#8514 = FACE_BOUND('',#8515,.F.);
#8515 = EDGE_LOOP('',(#8516));
#8516 = ORIENTED_EDGE('',*,*,#8517,.T.);
#8517 = EDGE_CURVE('',#8518,#8518,#8520,.T.);
#8518 = VERTEX_POINT('',#8519);
#8519 = CARTESIAN_POINT('',(137.,-116.25,0.));
#8520 = CIRCLE('',#8521,1.25);
#8521 = AXIS2_PLACEMENT_3D('',#8522,#8523,#8524);
#8522 = CARTESIAN_POINT('',(137.,-115.,0.));
#8523 = DIRECTION('',(-0.,0.,-1.));
#8524 = DIRECTION('',(-0.,-1.,0.));
#8525 = FACE_BOUND('',#8526,.F.);
#8526 = EDGE_LOOP('',(#8527));
#8527 = ORIENTED_EDGE('',*,*,#8528,.T.);
#8528 = EDGE_CURVE('',#8529,#8529,#8531,.T.);
#8529 = VERTEX_POINT('',#8530);
#8530 = CARTESIAN_POINT('',(123.45175,-104.5588,0.));
#8531 = CIRCLE('',#8532,0.5588);
#8532 = AXIS2_PLACEMENT_3D('',#8533,#8534,#8535);
#8533 = CARTESIAN_POINT('',(123.45175,-104.,0.));
#8534 = DIRECTION('',(-0.,0.,-1.));
#8535 = DIRECTION('',(-0.,-1.,0.));
#8536 = FACE_BOUND('',#8537,.F.);
#8537 = EDGE_LOOP('',(#8538));
#8538 = ORIENTED_EDGE('',*,*,#8539,.T.);
#8539 = EDGE_CURVE('',#8540,#8540,#8542,.T.);
#8540 = VERTEX_POINT('',#8541);
#8541 = CARTESIAN_POINT('',(121.021708,-98.560337,0.));
#8542 = CIRCLE('',#8543,0.5);
#8543 = AXIS2_PLACEMENT_3D('',#8544,#8545,#8546);
#8544 = CARTESIAN_POINT('',(121.021708,-98.060337,0.));
#8545 = DIRECTION('',(-0.,0.,-1.));
#8546 = DIRECTION('',(-0.,-1.,0.));
#8547 = FACE_BOUND('',#8548,.F.);
#8548 = EDGE_LOOP('',(#8549));
#8549 = ORIENTED_EDGE('',*,*,#8550,.T.);
#8550 = EDGE_CURVE('',#8551,#8551,#8553,.T.);
#8551 = VERTEX_POINT('',#8552);
#8552 = CARTESIAN_POINT('',(130.95175,-104.5588,0.));
#8553 = CIRCLE('',#8554,0.5588);
#8554 = AXIS2_PLACEMENT_3D('',#8555,#8556,#8557);
#8555 = CARTESIAN_POINT('',(130.95175,-104.,0.));
#8556 = DIRECTION('',(-0.,0.,-1.));
#8557 = DIRECTION('',(-0.,-1.,0.));
#8558 = FACE_BOUND('',#8559,.F.);
#8559 = EDGE_LOOP('',(#8560));
#8560 = ORIENTED_EDGE('',*,*,#8561,.T.);
#8561 = EDGE_CURVE('',#8562,#8562,#8564,.T.);
#8562 = VERTEX_POINT('',#8563);
#8563 = CARTESIAN_POINT('',(135.,-104.5588,0.));
#8564 = CIRCLE('',#8565,0.5588);
#8565 = AXIS2_PLACEMENT_3D('',#8566,#8567,#8568);
#8566 = CARTESIAN_POINT('',(135.,-104.,0.));
#8567 = DIRECTION('',(-0.,0.,-1.));
#8568 = DIRECTION('',(-0.,-1.,0.));
#8569 = FACE_BOUND('',#8570,.F.);
#8570 = EDGE_LOOP('',(#8571));
#8571 = ORIENTED_EDGE('',*,*,#8572,.T.);
#8572 = EDGE_CURVE('',#8573,#8573,#8575,.T.);
#8573 = VERTEX_POINT('',#8574);
#8574 = CARTESIAN_POINT('',(142.5,-104.5588,0.));
#8575 = CIRCLE('',#8576,0.5588);
#8576 = AXIS2_PLACEMENT_3D('',#8577,#8578,#8579);
#8577 = CARTESIAN_POINT('',(142.5,-104.,0.));
#8578 = DIRECTION('',(-0.,0.,-1.));
#8579 = DIRECTION('',(-0.,-1.,0.));
#8580 = FACE_BOUND('',#8581,.F.);
#8581 = EDGE_LOOP('',(#8582));
#8582 = ORIENTED_EDGE('',*,*,#8583,.T.);
#8583 = EDGE_CURVE('',#8584,#8584,#8586,.T.);
#8584 = VERTEX_POINT('',#8585);
#8585 = CARTESIAN_POINT('',(92.45175,-90.0588,0.));
#8586 = CIRCLE('',#8587,0.5588);
#8587 = AXIS2_PLACEMENT_3D('',#8588,#8589,#8590);
#8588 = CARTESIAN_POINT('',(92.45175,-89.5,0.));
#8589 = DIRECTION('',(-0.,0.,-1.));
#8590 = DIRECTION('',(-0.,-1.,0.));
#8591 = FACE_BOUND('',#8592,.F.);
#8592 = EDGE_LOOP('',(#8593));
#8593 = ORIENTED_EDGE('',*,*,#8594,.T.);
#8594 = EDGE_CURVE('',#8595,#8595,#8597,.T.);
#8595 = VERTEX_POINT('',#8596);
#8596 = CARTESIAN_POINT('',(99.95175,-90.0588,0.));
#8597 = CIRCLE('',#8598,0.5588);
#8598 = AXIS2_PLACEMENT_3D('',#8599,#8600,#8601);
#8599 = CARTESIAN_POINT('',(99.95175,-89.5,0.));
#8600 = DIRECTION('',(-0.,0.,-1.));
#8601 = DIRECTION('',(-0.,-1.,0.));
#8602 = FACE_BOUND('',#8603,.F.);
#8603 = EDGE_LOOP('',(#8604));
#8604 = ORIENTED_EDGE('',*,*,#8605,.T.);
#8605 = EDGE_CURVE('',#8606,#8606,#8608,.T.);
#8606 = VERTEX_POINT('',#8607);
#8607 = CARTESIAN_POINT('',(103.95175,-90.0588,0.));
#8608 = CIRCLE('',#8609,0.5588);
#8609 = AXIS2_PLACEMENT_3D('',#8610,#8611,#8612);
#8610 = CARTESIAN_POINT('',(103.95175,-89.5,0.));
#8611 = DIRECTION('',(-0.,0.,-1.));
#8612 = DIRECTION('',(-0.,-1.,0.));
#8613 = FACE_BOUND('',#8614,.F.);
#8614 = EDGE_LOOP('',(#8615));
#8615 = ORIENTED_EDGE('',*,*,#8616,.T.);
#8616 = EDGE_CURVE('',#8617,#8617,#8619,.T.);
#8617 = VERTEX_POINT('',#8618);
#8618 = CARTESIAN_POINT('',(115.,-95.96,0.));
#8619 = CIRCLE('',#8620,0.5);
#8620 = AXIS2_PLACEMENT_3D('',#8621,#8622,#8623);
#8621 = CARTESIAN_POINT('',(115.,-95.46,0.));
#8622 = DIRECTION('',(-0.,0.,-1.));
#8623 = DIRECTION('',(-0.,-1.,0.));
#8624 = FACE_BOUND('',#8625,.F.);
#8625 = EDGE_LOOP('',(#8626));
#8626 = ORIENTED_EDGE('',*,*,#8627,.T.);
#8627 = EDGE_CURVE('',#8628,#8628,#8630,.T.);
#8628 = VERTEX_POINT('',#8629);
#8629 = CARTESIAN_POINT('',(111.45175,-90.0588,0.));
#8630 = CIRCLE('',#8631,0.5588);
#8631 = AXIS2_PLACEMENT_3D('',#8632,#8633,#8634);
#8632 = CARTESIAN_POINT('',(111.45175,-89.5,0.));
#8633 = DIRECTION('',(-0.,0.,-1.));
#8634 = DIRECTION('',(-0.,-1.,0.));
#8635 = FACE_BOUND('',#8636,.F.);
#8636 = EDGE_LOOP('',(#8637));
#8637 = ORIENTED_EDGE('',*,*,#8638,.T.);
#8638 = EDGE_CURVE('',#8639,#8639,#8641,.T.);
#8639 = VERTEX_POINT('',#8640);
#8640 = CARTESIAN_POINT('',(97.,-79.25,0.));
#8641 = CIRCLE('',#8642,1.25);
#8642 = AXIS2_PLACEMENT_3D('',#8643,#8644,#8645);
#8643 = CARTESIAN_POINT('',(97.,-78.,0.));
#8644 = DIRECTION('',(-0.,0.,-1.));
#8645 = DIRECTION('',(-0.,-1.,0.));
#8646 = FACE_BOUND('',#8647,.F.);
#8647 = EDGE_LOOP('',(#8648));
#8648 = ORIENTED_EDGE('',*,*,#8649,.T.);
#8649 = EDGE_CURVE('',#8650,#8650,#8652,.T.);
#8650 = VERTEX_POINT('',#8651);
#8651 = CARTESIAN_POINT('',(103.65,-75.885,0.));
#8652 = CIRCLE('',#8653,0.5);
#8653 = AXIS2_PLACEMENT_3D('',#8654,#8655,#8656);
#8654 = CARTESIAN_POINT('',(103.65,-75.385,0.));
#8655 = DIRECTION('',(-0.,0.,-1.));
#8656 = DIRECTION('',(-0.,-1.,0.));
#8657 = FACE_BOUND('',#8658,.F.);
#8658 = EDGE_LOOP('',(#8659));
#8659 = ORIENTED_EDGE('',*,*,#8660,.T.);
#8660 = EDGE_CURVE('',#8661,#8661,#8663,.T.);
#8661 = VERTEX_POINT('',#8662);
#8662 = CARTESIAN_POINT('',(106.19,-75.885,0.));
#8663 = CIRCLE('',#8664,0.5);
#8664 = AXIS2_PLACEMENT_3D('',#8665,#8666,#8667);
#8665 = CARTESIAN_POINT('',(106.19,-75.385,0.));
#8666 = DIRECTION('',(-0.,0.,-1.));
#8667 = DIRECTION('',(-0.,-1.,0.));
#8668 = FACE_BOUND('',#8669,.F.);
#8669 = EDGE_LOOP('',(#8670));
#8670 = ORIENTED_EDGE('',*,*,#8671,.T.);
#8671 = EDGE_CURVE('',#8672,#8672,#8674,.T.);
#8672 = VERTEX_POINT('',#8673);
#8673 = CARTESIAN_POINT('',(108.73,-75.885,0.));
#8674 = CIRCLE('',#8675,0.5);
#8675 = AXIS2_PLACEMENT_3D('',#8676,#8677,#8678);
#8676 = CARTESIAN_POINT('',(108.73,-75.385,0.));
#8677 = DIRECTION('',(-0.,0.,-1.));
#8678 = DIRECTION('',(-0.,-1.,0.));
#8679 = FACE_BOUND('',#8680,.F.);
#8680 = EDGE_LOOP('',(#8681));
#8681 = ORIENTED_EDGE('',*,*,#8682,.T.);
#8682 = EDGE_CURVE('',#8683,#8683,#8685,.T.);
#8683 = VERTEX_POINT('',#8684);
#8684 = CARTESIAN_POINT('',(111.27,-75.885,0.));
#8685 = CIRCLE('',#8686,0.5);
#8686 = AXIS2_PLACEMENT_3D('',#8687,#8688,#8689);
#8687 = CARTESIAN_POINT('',(111.27,-75.385,0.));
#8688 = DIRECTION('',(-0.,0.,-1.));
#8689 = DIRECTION('',(-0.,-1.,0.));
#8690 = FACE_BOUND('',#8691,.F.);
#8691 = EDGE_LOOP('',(#8692));
#8692 = ORIENTED_EDGE('',*,*,#8693,.T.);
#8693 = EDGE_CURVE('',#8694,#8694,#8696,.T.);
#8694 = VERTEX_POINT('',#8695);
#8695 = CARTESIAN_POINT('',(113.81,-75.885,0.));
#8696 = CIRCLE('',#8697,0.5);
#8697 = AXIS2_PLACEMENT_3D('',#8698,#8699,#8700);
#8698 = CARTESIAN_POINT('',(113.81,-75.385,0.));
#8699 = DIRECTION('',(-0.,0.,-1.));
#8700 = DIRECTION('',(-0.,-1.,0.));
#8701 = FACE_BOUND('',#8702,.F.);
#8702 = EDGE_LOOP('',(#8703));
#8703 = ORIENTED_EDGE('',*,*,#8704,.T.);
#8704 = EDGE_CURVE('',#8705,#8705,#8707,.T.);
#8705 = VERTEX_POINT('',#8706);
#8706 = CARTESIAN_POINT('',(116.35,-75.885,0.));
#8707 = CIRCLE('',#8708,0.5);
#8708 = AXIS2_PLACEMENT_3D('',#8709,#8710,#8711);
#8709 = CARTESIAN_POINT('',(116.35,-75.385,0.));
#8710 = DIRECTION('',(-0.,0.,-1.));
#8711 = DIRECTION('',(-0.,-1.,0.));
#8712 = FACE_BOUND('',#8713,.F.);
#8713 = EDGE_LOOP('',(#8714));
#8714 = ORIENTED_EDGE('',*,*,#8715,.T.);
#8715 = EDGE_CURVE('',#8716,#8716,#8718,.T.);
#8716 = VERTEX_POINT('',#8717);
#8717 = CARTESIAN_POINT('',(121.021708,-96.020337,0.));
#8718 = CIRCLE('',#8719,0.5);
#8719 = AXIS2_PLACEMENT_3D('',#8720,#8721,#8722);
#8720 = CARTESIAN_POINT('',(121.021708,-95.520337,0.));
#8721 = DIRECTION('',(-0.,0.,-1.));
#8722 = DIRECTION('',(-0.,-1.,0.));
#8723 = FACE_BOUND('',#8724,.F.);
#8724 = EDGE_LOOP('',(#8725));
#8725 = ORIENTED_EDGE('',*,*,#8726,.T.);
#8726 = EDGE_CURVE('',#8727,#8727,#8729,.T.);
#8727 = VERTEX_POINT('',#8728);
#8728 = CARTESIAN_POINT('',(121.95175,-90.0588,0.));
#8729 = CIRCLE('',#8730,0.5588);
#8730 = AXIS2_PLACEMENT_3D('',#8731,#8732,#8733);
#8731 = CARTESIAN_POINT('',(121.95175,-89.5,0.));
#8732 = DIRECTION('',(-0.,0.,-1.));
#8733 = DIRECTION('',(-0.,-1.,0.));
#8734 = FACE_BOUND('',#8735,.F.);
#8735 = EDGE_LOOP('',(#8736));
#8736 = ORIENTED_EDGE('',*,*,#8737,.T.);
#8737 = EDGE_CURVE('',#8738,#8738,#8740,.T.);
#8738 = VERTEX_POINT('',#8739);
#8739 = CARTESIAN_POINT('',(129.45175,-90.0588,0.));
#8740 = CIRCLE('',#8741,0.5588);
#8741 = AXIS2_PLACEMENT_3D('',#8742,#8743,#8744);
#8742 = CARTESIAN_POINT('',(129.45175,-89.5,0.));
#8743 = DIRECTION('',(-0.,0.,-1.));
#8744 = DIRECTION('',(-0.,-1.,0.));
#8745 = FACE_BOUND('',#8746,.F.);
#8746 = EDGE_LOOP('',(#8747));
#8747 = ORIENTED_EDGE('',*,*,#8748,.T.);
#8748 = EDGE_CURVE('',#8749,#8749,#8751,.T.);
#8749 = VERTEX_POINT('',#8750);
#8750 = CARTESIAN_POINT('',(133.54825,-90.0588,0.));
#8751 = CIRCLE('',#8752,0.5588);
#8752 = AXIS2_PLACEMENT_3D('',#8753,#8754,#8755);
#8753 = CARTESIAN_POINT('',(133.54825,-89.5,0.));
#8754 = DIRECTION('',(-0.,0.,-1.));
#8755 = DIRECTION('',(-0.,-1.,0.));
#8756 = FACE_BOUND('',#8757,.F.);
#8757 = EDGE_LOOP('',(#8758));
#8758 = ORIENTED_EDGE('',*,*,#8759,.T.);
#8759 = EDGE_CURVE('',#8760,#8760,#8762,.T.);
#8760 = VERTEX_POINT('',#8761);
#8761 = CARTESIAN_POINT('',(141.04825,-90.0588,0.));
#8762 = CIRCLE('',#8763,0.5588);
#8763 = AXIS2_PLACEMENT_3D('',#8764,#8765,#8766);
#8764 = CARTESIAN_POINT('',(141.04825,-89.5,0.));
#8765 = DIRECTION('',(-0.,0.,-1.));
#8766 = DIRECTION('',(-0.,-1.,0.));
#8767 = FACE_BOUND('',#8768,.F.);
#8768 = EDGE_LOOP('',(#8769));
#8769 = ORIENTED_EDGE('',*,*,#8770,.T.);
#8770 = EDGE_CURVE('',#8771,#8771,#8773,.T.);
#8771 = VERTEX_POINT('',#8772);
#8772 = CARTESIAN_POINT('',(120.725,-75.885,0.));
#8773 = CIRCLE('',#8774,0.5);
#8774 = AXIS2_PLACEMENT_3D('',#8775,#8776,#8777);
#8775 = CARTESIAN_POINT('',(120.725,-75.385,0.));
#8776 = DIRECTION('',(-0.,0.,-1.));
#8777 = DIRECTION('',(-0.,-1.,0.));
#8778 = FACE_BOUND('',#8779,.F.);
#8779 = EDGE_LOOP('',(#8780));
#8780 = ORIENTED_EDGE('',*,*,#8781,.T.);
#8781 = EDGE_CURVE('',#8782,#8782,#8784,.T.);
#8782 = VERTEX_POINT('',#8783);
#8783 = CARTESIAN_POINT('',(123.265,-75.885,0.));
#8784 = CIRCLE('',#8785,0.5);
#8785 = AXIS2_PLACEMENT_3D('',#8786,#8787,#8788);
#8786 = CARTESIAN_POINT('',(123.265,-75.385,0.));
#8787 = DIRECTION('',(-0.,0.,-1.));
#8788 = DIRECTION('',(-0.,-1.,0.));
#8789 = FACE_BOUND('',#8790,.F.);
#8790 = EDGE_LOOP('',(#8791));
#8791 = ORIENTED_EDGE('',*,*,#8792,.T.);
#8792 = EDGE_CURVE('',#8793,#8793,#8795,.T.);
#8793 = VERTEX_POINT('',#8794);
#8794 = CARTESIAN_POINT('',(137.,-79.25,0.));
#8795 = CIRCLE('',#8796,1.25);
#8796 = AXIS2_PLACEMENT_3D('',#8797,#8798,#8799);
#8797 = CARTESIAN_POINT('',(137.,-78.,0.));
#8798 = DIRECTION('',(-0.,0.,-1.));
#8799 = DIRECTION('',(-0.,-1.,0.));
#8800 = PLANE('',#8801);
#8801 = AXIS2_PLACEMENT_3D('',#8802,#8803,#8804);
#8802 = CARTESIAN_POINT('',(0.,0.,0.));
#8803 = DIRECTION('',(0.,0.,1.));
#8804 = DIRECTION('',(1.,0.,-0.));
#8805 = ADVANCED_FACE('',(#8806,#8817,#8828,#8839,#8850,#8861,#8872,
    #8883,#8894,#8905,#8916,#8927,#8938,#8949,#8960,#8971,#8982,#8993,
    #9004,#9015,#9026,#9037,#9048,#9059,#9070,#9081,#9092,#9103,#9114,
    #9125,#9136,#9147,#9158),#9169,.T.);
#8806 = FACE_BOUND('',#8807,.T.);
#8807 = EDGE_LOOP('',(#8808,#8809,#8810,#8816));
#8808 = ORIENTED_EDGE('',*,*,#8348,.F.);
#8809 = ORIENTED_EDGE('',*,*,#8388,.F.);
#8810 = ORIENTED_EDGE('',*,*,#8811,.F.);
#8811 = EDGE_CURVE('',#8411,#8381,#8812,.T.);
#8812 = LINE('',#8813,#8814);
#8813 = CARTESIAN_POINT('',(89.,-71.,1.51));
#8814 = VECTOR('',#8815,1.);
#8815 = DIRECTION('',(1.,0.,0.));
#8816 = ORIENTED_EDGE('',*,*,#8410,.F.);
#8817 = FACE_BOUND('',#8818,.T.);
#8818 = EDGE_LOOP('',(#8819));
#8819 = ORIENTED_EDGE('',*,*,#8820,.T.);
#8820 = EDGE_CURVE('',#8821,#8821,#8823,.T.);
#8821 = VERTEX_POINT('',#8822);
#8822 = CARTESIAN_POINT('',(97.,-116.25,1.51));
#8823 = CIRCLE('',#8824,1.25);
#8824 = AXIS2_PLACEMENT_3D('',#8825,#8826,#8827);
#8825 = CARTESIAN_POINT('',(97.,-115.,1.51));
#8826 = DIRECTION('',(-0.,0.,-1.));
#8827 = DIRECTION('',(-0.,-1.,0.));
#8828 = FACE_BOUND('',#8829,.T.);
#8829 = EDGE_LOOP('',(#8830));
#8830 = ORIENTED_EDGE('',*,*,#8831,.T.);
#8831 = EDGE_CURVE('',#8832,#8832,#8834,.T.);
#8832 = VERTEX_POINT('',#8833);
#8833 = CARTESIAN_POINT('',(92.95175,-104.5588,1.51));
#8834 = CIRCLE('',#8835,0.5588);
#8835 = AXIS2_PLACEMENT_3D('',#8836,#8837,#8838);
#8836 = CARTESIAN_POINT('',(92.95175,-104.,1.51));
#8837 = DIRECTION('',(-0.,0.,-1.));
#8838 = DIRECTION('',(-0.,-1.,0.));
#8839 = FACE_BOUND('',#8840,.T.);
#8840 = EDGE_LOOP('',(#8841));
#8841 = ORIENTED_EDGE('',*,*,#8842,.T.);
#8842 = EDGE_CURVE('',#8843,#8843,#8845,.T.);
#8843 = VERTEX_POINT('',#8844);
#8844 = CARTESIAN_POINT('',(100.45175,-104.5588,1.51));
#8845 = CIRCLE('',#8846,0.5588);
#8846 = AXIS2_PLACEMENT_3D('',#8847,#8848,#8849);
#8847 = CARTESIAN_POINT('',(100.45175,-104.,1.51));
#8848 = DIRECTION('',(-0.,0.,-1.));
#8849 = DIRECTION('',(-0.,-1.,0.));
#8850 = FACE_BOUND('',#8851,.T.);
#8851 = EDGE_LOOP('',(#8852));
#8852 = ORIENTED_EDGE('',*,*,#8853,.T.);
#8853 = EDGE_CURVE('',#8854,#8854,#8856,.T.);
#8854 = VERTEX_POINT('',#8855);
#8855 = CARTESIAN_POINT('',(105.04825,-104.5588,1.51));
#8856 = CIRCLE('',#8857,0.5588);
#8857 = AXIS2_PLACEMENT_3D('',#8858,#8859,#8860);
#8858 = CARTESIAN_POINT('',(105.04825,-104.,1.51));
#8859 = DIRECTION('',(-0.,0.,-1.));
#8860 = DIRECTION('',(-0.,-1.,0.));
#8861 = FACE_BOUND('',#8862,.T.);
#8862 = EDGE_LOOP('',(#8863));
#8863 = ORIENTED_EDGE('',*,*,#8864,.T.);
#8864 = EDGE_CURVE('',#8865,#8865,#8867,.T.);
#8865 = VERTEX_POINT('',#8866);
#8866 = CARTESIAN_POINT('',(112.54825,-104.5588,1.51));
#8867 = CIRCLE('',#8868,0.5588);
#8868 = AXIS2_PLACEMENT_3D('',#8869,#8870,#8871);
#8869 = CARTESIAN_POINT('',(112.54825,-104.,1.51));
#8870 = DIRECTION('',(-0.,0.,-1.));
#8871 = DIRECTION('',(-0.,-1.,0.));
#8872 = FACE_BOUND('',#8873,.T.);
#8873 = EDGE_LOOP('',(#8874));
#8874 = ORIENTED_EDGE('',*,*,#8875,.T.);
#8875 = EDGE_CURVE('',#8876,#8876,#8878,.T.);
#8876 = VERTEX_POINT('',#8877);
#8877 = CARTESIAN_POINT('',(115.,-98.5,1.51));
#8878 = CIRCLE('',#8879,0.5);
#8879 = AXIS2_PLACEMENT_3D('',#8880,#8881,#8882);
#8880 = CARTESIAN_POINT('',(115.,-98.,1.51));
#8881 = DIRECTION('',(-0.,0.,-1.));
#8882 = DIRECTION('',(-0.,-1.,0.));
#8883 = FACE_BOUND('',#8884,.T.);
#8884 = EDGE_LOOP('',(#8885));
#8885 = ORIENTED_EDGE('',*,*,#8886,.T.);
#8886 = EDGE_CURVE('',#8887,#8887,#8889,.T.);
#8887 = VERTEX_POINT('',#8888);
#8888 = CARTESIAN_POINT('',(137.,-116.25,1.51));
#8889 = CIRCLE('',#8890,1.25);
#8890 = AXIS2_PLACEMENT_3D('',#8891,#8892,#8893);
#8891 = CARTESIAN_POINT('',(137.,-115.,1.51));
#8892 = DIRECTION('',(-0.,0.,-1.));
#8893 = DIRECTION('',(-0.,-1.,0.));
#8894 = FACE_BOUND('',#8895,.T.);
#8895 = EDGE_LOOP('',(#8896));
#8896 = ORIENTED_EDGE('',*,*,#8897,.T.);
#8897 = EDGE_CURVE('',#8898,#8898,#8900,.T.);
#8898 = VERTEX_POINT('',#8899);
#8899 = CARTESIAN_POINT('',(123.45175,-104.5588,1.51));
#8900 = CIRCLE('',#8901,0.5588);
#8901 = AXIS2_PLACEMENT_3D('',#8902,#8903,#8904);
#8902 = CARTESIAN_POINT('',(123.45175,-104.,1.51));
#8903 = DIRECTION('',(-0.,0.,-1.));
#8904 = DIRECTION('',(-0.,-1.,0.));
#8905 = FACE_BOUND('',#8906,.T.);
#8906 = EDGE_LOOP('',(#8907));
#8907 = ORIENTED_EDGE('',*,*,#8908,.T.);
#8908 = EDGE_CURVE('',#8909,#8909,#8911,.T.);
#8909 = VERTEX_POINT('',#8910);
#8910 = CARTESIAN_POINT('',(121.021708,-98.560337,1.51));
#8911 = CIRCLE('',#8912,0.5);
#8912 = AXIS2_PLACEMENT_3D('',#8913,#8914,#8915);
#8913 = CARTESIAN_POINT('',(121.021708,-98.060337,1.51));
#8914 = DIRECTION('',(-0.,0.,-1.));
#8915 = DIRECTION('',(-0.,-1.,0.));
#8916 = FACE_BOUND('',#8917,.T.);
#8917 = EDGE_LOOP('',(#8918));
#8918 = ORIENTED_EDGE('',*,*,#8919,.T.);
#8919 = EDGE_CURVE('',#8920,#8920,#8922,.T.);
#8920 = VERTEX_POINT('',#8921);
#8921 = CARTESIAN_POINT('',(130.95175,-104.5588,1.51));
#8922 = CIRCLE('',#8923,0.5588);
#8923 = AXIS2_PLACEMENT_3D('',#8924,#8925,#8926);
#8924 = CARTESIAN_POINT('',(130.95175,-104.,1.51));
#8925 = DIRECTION('',(-0.,0.,-1.));
#8926 = DIRECTION('',(-0.,-1.,0.));
#8927 = FACE_BOUND('',#8928,.T.);
#8928 = EDGE_LOOP('',(#8929));
#8929 = ORIENTED_EDGE('',*,*,#8930,.T.);
#8930 = EDGE_CURVE('',#8931,#8931,#8933,.T.);
#8931 = VERTEX_POINT('',#8932);
#8932 = CARTESIAN_POINT('',(135.,-104.5588,1.51));
#8933 = CIRCLE('',#8934,0.5588);
#8934 = AXIS2_PLACEMENT_3D('',#8935,#8936,#8937);
#8935 = CARTESIAN_POINT('',(135.,-104.,1.51));
#8936 = DIRECTION('',(-0.,0.,-1.));
#8937 = DIRECTION('',(-0.,-1.,0.));
#8938 = FACE_BOUND('',#8939,.T.);
#8939 = EDGE_LOOP('',(#8940));
#8940 = ORIENTED_EDGE('',*,*,#8941,.T.);
#8941 = EDGE_CURVE('',#8942,#8942,#8944,.T.);
#8942 = VERTEX_POINT('',#8943);
#8943 = CARTESIAN_POINT('',(142.5,-104.5588,1.51));
#8944 = CIRCLE('',#8945,0.5588);
#8945 = AXIS2_PLACEMENT_3D('',#8946,#8947,#8948);
#8946 = CARTESIAN_POINT('',(142.5,-104.,1.51));
#8947 = DIRECTION('',(-0.,0.,-1.));
#8948 = DIRECTION('',(-0.,-1.,0.));
#8949 = FACE_BOUND('',#8950,.T.);
#8950 = EDGE_LOOP('',(#8951));
#8951 = ORIENTED_EDGE('',*,*,#8952,.T.);
#8952 = EDGE_CURVE('',#8953,#8953,#8955,.T.);
#8953 = VERTEX_POINT('',#8954);
#8954 = CARTESIAN_POINT('',(92.45175,-90.0588,1.51));
#8955 = CIRCLE('',#8956,0.5588);
#8956 = AXIS2_PLACEMENT_3D('',#8957,#8958,#8959);
#8957 = CARTESIAN_POINT('',(92.45175,-89.5,1.51));
#8958 = DIRECTION('',(-0.,0.,-1.));
#8959 = DIRECTION('',(-0.,-1.,0.));
#8960 = FACE_BOUND('',#8961,.T.);
#8961 = EDGE_LOOP('',(#8962));
#8962 = ORIENTED_EDGE('',*,*,#8963,.T.);
#8963 = EDGE_CURVE('',#8964,#8964,#8966,.T.);
#8964 = VERTEX_POINT('',#8965);
#8965 = CARTESIAN_POINT('',(99.95175,-90.0588,1.51));
#8966 = CIRCLE('',#8967,0.5588);
#8967 = AXIS2_PLACEMENT_3D('',#8968,#8969,#8970);
#8968 = CARTESIAN_POINT('',(99.95175,-89.5,1.51));
#8969 = DIRECTION('',(-0.,0.,-1.));
#8970 = DIRECTION('',(-0.,-1.,0.));
#8971 = FACE_BOUND('',#8972,.T.);
#8972 = EDGE_LOOP('',(#8973));
#8973 = ORIENTED_EDGE('',*,*,#8974,.T.);
#8974 = EDGE_CURVE('',#8975,#8975,#8977,.T.);
#8975 = VERTEX_POINT('',#8976);
#8976 = CARTESIAN_POINT('',(103.95175,-90.0588,1.51));
#8977 = CIRCLE('',#8978,0.5588);
#8978 = AXIS2_PLACEMENT_3D('',#8979,#8980,#8981);
#8979 = CARTESIAN_POINT('',(103.95175,-89.5,1.51));
#8980 = DIRECTION('',(-0.,0.,-1.));
#8981 = DIRECTION('',(-0.,-1.,0.));
#8982 = FACE_BOUND('',#8983,.T.);
#8983 = EDGE_LOOP('',(#8984));
#8984 = ORIENTED_EDGE('',*,*,#8985,.T.);
#8985 = EDGE_CURVE('',#8986,#8986,#8988,.T.);
#8986 = VERTEX_POINT('',#8987);
#8987 = CARTESIAN_POINT('',(115.,-95.96,1.51));
#8988 = CIRCLE('',#8989,0.5);
#8989 = AXIS2_PLACEMENT_3D('',#8990,#8991,#8992);
#8990 = CARTESIAN_POINT('',(115.,-95.46,1.51));
#8991 = DIRECTION('',(-0.,0.,-1.));
#8992 = DIRECTION('',(-0.,-1.,0.));
#8993 = FACE_BOUND('',#8994,.T.);
#8994 = EDGE_LOOP('',(#8995));
#8995 = ORIENTED_EDGE('',*,*,#8996,.T.);
#8996 = EDGE_CURVE('',#8997,#8997,#8999,.T.);
#8997 = VERTEX_POINT('',#8998);
#8998 = CARTESIAN_POINT('',(111.45175,-90.0588,1.51));
#8999 = CIRCLE('',#9000,0.5588);
#9000 = AXIS2_PLACEMENT_3D('',#9001,#9002,#9003);
#9001 = CARTESIAN_POINT('',(111.45175,-89.5,1.51));
#9002 = DIRECTION('',(-0.,0.,-1.));
#9003 = DIRECTION('',(-0.,-1.,0.));
#9004 = FACE_BOUND('',#9005,.T.);
#9005 = EDGE_LOOP('',(#9006));
#9006 = ORIENTED_EDGE('',*,*,#9007,.T.);
#9007 = EDGE_CURVE('',#9008,#9008,#9010,.T.);
#9008 = VERTEX_POINT('',#9009);
#9009 = CARTESIAN_POINT('',(97.,-79.25,1.51));
#9010 = CIRCLE('',#9011,1.25);
#9011 = AXIS2_PLACEMENT_3D('',#9012,#9013,#9014);
#9012 = CARTESIAN_POINT('',(97.,-78.,1.51));
#9013 = DIRECTION('',(-0.,0.,-1.));
#9014 = DIRECTION('',(-0.,-1.,0.));
#9015 = FACE_BOUND('',#9016,.T.);
#9016 = EDGE_LOOP('',(#9017));
#9017 = ORIENTED_EDGE('',*,*,#9018,.T.);
#9018 = EDGE_CURVE('',#9019,#9019,#9021,.T.);
#9019 = VERTEX_POINT('',#9020);
#9020 = CARTESIAN_POINT('',(103.65,-75.885,1.51));
#9021 = CIRCLE('',#9022,0.5);
#9022 = AXIS2_PLACEMENT_3D('',#9023,#9024,#9025);
#9023 = CARTESIAN_POINT('',(103.65,-75.385,1.51));
#9024 = DIRECTION('',(-0.,0.,-1.));
#9025 = DIRECTION('',(-0.,-1.,0.));
#9026 = FACE_BOUND('',#9027,.T.);
#9027 = EDGE_LOOP('',(#9028));
#9028 = ORIENTED_EDGE('',*,*,#9029,.T.);
#9029 = EDGE_CURVE('',#9030,#9030,#9032,.T.);
#9030 = VERTEX_POINT('',#9031);
#9031 = CARTESIAN_POINT('',(106.19,-75.885,1.51));
#9032 = CIRCLE('',#9033,0.5);
#9033 = AXIS2_PLACEMENT_3D('',#9034,#9035,#9036);
#9034 = CARTESIAN_POINT('',(106.19,-75.385,1.51));
#9035 = DIRECTION('',(-0.,0.,-1.));
#9036 = DIRECTION('',(-0.,-1.,0.));
#9037 = FACE_BOUND('',#9038,.T.);
#9038 = EDGE_LOOP('',(#9039));
#9039 = ORIENTED_EDGE('',*,*,#9040,.T.);
#9040 = EDGE_CURVE('',#9041,#9041,#9043,.T.);
#9041 = VERTEX_POINT('',#9042);
#9042 = CARTESIAN_POINT('',(108.73,-75.885,1.51));
#9043 = CIRCLE('',#9044,0.5);
#9044 = AXIS2_PLACEMENT_3D('',#9045,#9046,#9047);
#9045 = CARTESIAN_POINT('',(108.73,-75.385,1.51));
#9046 = DIRECTION('',(-0.,0.,-1.));
#9047 = DIRECTION('',(-0.,-1.,0.));
#9048 = FACE_BOUND('',#9049,.T.);
#9049 = EDGE_LOOP('',(#9050));
#9050 = ORIENTED_EDGE('',*,*,#9051,.T.);
#9051 = EDGE_CURVE('',#9052,#9052,#9054,.T.);
#9052 = VERTEX_POINT('',#9053);
#9053 = CARTESIAN_POINT('',(111.27,-75.885,1.51));
#9054 = CIRCLE('',#9055,0.5);
#9055 = AXIS2_PLACEMENT_3D('',#9056,#9057,#9058);
#9056 = CARTESIAN_POINT('',(111.27,-75.385,1.51));
#9057 = DIRECTION('',(-0.,0.,-1.));
#9058 = DIRECTION('',(-0.,-1.,0.));
#9059 = FACE_BOUND('',#9060,.T.);
#9060 = EDGE_LOOP('',(#9061));
#9061 = ORIENTED_EDGE('',*,*,#9062,.T.);
#9062 = EDGE_CURVE('',#9063,#9063,#9065,.T.);
#9063 = VERTEX_POINT('',#9064);
#9064 = CARTESIAN_POINT('',(113.81,-75.885,1.51));
#9065 = CIRCLE('',#9066,0.5);
#9066 = AXIS2_PLACEMENT_3D('',#9067,#9068,#9069);
#9067 = CARTESIAN_POINT('',(113.81,-75.385,1.51));
#9068 = DIRECTION('',(-0.,0.,-1.));
#9069 = DIRECTION('',(-0.,-1.,0.));
#9070 = FACE_BOUND('',#9071,.T.);
#9071 = EDGE_LOOP('',(#9072));
#9072 = ORIENTED_EDGE('',*,*,#9073,.T.);
#9073 = EDGE_CURVE('',#9074,#9074,#9076,.T.);
#9074 = VERTEX_POINT('',#9075);
#9075 = CARTESIAN_POINT('',(116.35,-75.885,1.51));
#9076 = CIRCLE('',#9077,0.5);
#9077 = AXIS2_PLACEMENT_3D('',#9078,#9079,#9080);
#9078 = CARTESIAN_POINT('',(116.35,-75.385,1.51));
#9079 = DIRECTION('',(-0.,0.,-1.));
#9080 = DIRECTION('',(-0.,-1.,0.));
#9081 = FACE_BOUND('',#9082,.T.);
#9082 = EDGE_LOOP('',(#9083));
#9083 = ORIENTED_EDGE('',*,*,#9084,.T.);
#9084 = EDGE_CURVE('',#9085,#9085,#9087,.T.);
#9085 = VERTEX_POINT('',#9086);
#9086 = CARTESIAN_POINT('',(121.021708,-96.020337,1.51));
#9087 = CIRCLE('',#9088,0.5);
#9088 = AXIS2_PLACEMENT_3D('',#9089,#9090,#9091);
#9089 = CARTESIAN_POINT('',(121.021708,-95.520337,1.51));
#9090 = DIRECTION('',(-0.,0.,-1.));
#9091 = DIRECTION('',(-0.,-1.,0.));
#9092 = FACE_BOUND('',#9093,.T.);
#9093 = EDGE_LOOP('',(#9094));
#9094 = ORIENTED_EDGE('',*,*,#9095,.T.);
#9095 = EDGE_CURVE('',#9096,#9096,#9098,.T.);
#9096 = VERTEX_POINT('',#9097);
#9097 = CARTESIAN_POINT('',(121.95175,-90.0588,1.51));
#9098 = CIRCLE('',#9099,0.5588);
#9099 = AXIS2_PLACEMENT_3D('',#9100,#9101,#9102);
#9100 = CARTESIAN_POINT('',(121.95175,-89.5,1.51));
#9101 = DIRECTION('',(-0.,0.,-1.));
#9102 = DIRECTION('',(-0.,-1.,0.));
#9103 = FACE_BOUND('',#9104,.T.);
#9104 = EDGE_LOOP('',(#9105));
#9105 = ORIENTED_EDGE('',*,*,#9106,.T.);
#9106 = EDGE_CURVE('',#9107,#9107,#9109,.T.);
#9107 = VERTEX_POINT('',#9108);
#9108 = CARTESIAN_POINT('',(129.45175,-90.0588,1.51));
#9109 = CIRCLE('',#9110,0.5588);
#9110 = AXIS2_PLACEMENT_3D('',#9111,#9112,#9113);
#9111 = CARTESIAN_POINT('',(129.45175,-89.5,1.51));
#9112 = DIRECTION('',(-0.,0.,-1.));
#9113 = DIRECTION('',(-0.,-1.,0.));
#9114 = FACE_BOUND('',#9115,.T.);
#9115 = EDGE_LOOP('',(#9116));
#9116 = ORIENTED_EDGE('',*,*,#9117,.T.);
#9117 = EDGE_CURVE('',#9118,#9118,#9120,.T.);
#9118 = VERTEX_POINT('',#9119);
#9119 = CARTESIAN_POINT('',(133.54825,-90.0588,1.51));
#9120 = CIRCLE('',#9121,0.5588);
#9121 = AXIS2_PLACEMENT_3D('',#9122,#9123,#9124);
#9122 = CARTESIAN_POINT('',(133.54825,-89.5,1.51));
#9123 = DIRECTION('',(-0.,0.,-1.));
#9124 = DIRECTION('',(-0.,-1.,0.));
#9125 = FACE_BOUND('',#9126,.T.);
#9126 = EDGE_LOOP('',(#9127));
#9127 = ORIENTED_EDGE('',*,*,#9128,.T.);
#9128 = EDGE_CURVE('',#9129,#9129,#9131,.T.);
#9129 = VERTEX_POINT('',#9130);
#9130 = CARTESIAN_POINT('',(141.04825,-90.0588,1.51));
#9131 = CIRCLE('',#9132,0.5588);
#9132 = AXIS2_PLACEMENT_3D('',#9133,#9134,#9135);
#9133 = CARTESIAN_POINT('',(141.04825,-89.5,1.51));
#9134 = DIRECTION('',(-0.,0.,-1.));
#9135 = DIRECTION('',(-0.,-1.,0.));
#9136 = FACE_BOUND('',#9137,.T.);
#9137 = EDGE_LOOP('',(#9138));
#9138 = ORIENTED_EDGE('',*,*,#9139,.T.);
#9139 = EDGE_CURVE('',#9140,#9140,#9142,.T.);
#9140 = VERTEX_POINT('',#9141);
#9141 = CARTESIAN_POINT('',(120.725,-75.885,1.51));
#9142 = CIRCLE('',#9143,0.5);
#9143 = AXIS2_PLACEMENT_3D('',#9144,#9145,#9146);
#9144 = CARTESIAN_POINT('',(120.725,-75.385,1.51));
#9145 = DIRECTION('',(-0.,0.,-1.));
#9146 = DIRECTION('',(-0.,-1.,0.));
#9147 = FACE_BOUND('',#9148,.T.);
#9148 = EDGE_LOOP('',(#9149));
#9149 = ORIENTED_EDGE('',*,*,#9150,.T.);
#9150 = EDGE_CURVE('',#9151,#9151,#9153,.T.);
#9151 = VERTEX_POINT('',#9152);
#9152 = CARTESIAN_POINT('',(123.265,-75.885,1.51));
#9153 = CIRCLE('',#9154,0.5);
#9154 = AXIS2_PLACEMENT_3D('',#9155,#9156,#9157);
#9155 = CARTESIAN_POINT('',(123.265,-75.385,1.51));
#9156 = DIRECTION('',(-0.,0.,-1.));
#9157 = DIRECTION('',(-0.,-1.,0.));
#9158 = FACE_BOUND('',#9159,.T.);
#9159 = EDGE_LOOP('',(#9160));
#9160 = ORIENTED_EDGE('',*,*,#9161,.T.);
#9161 = EDGE_CURVE('',#9162,#9162,#9164,.T.);
#9162 = VERTEX_POINT('',#9163);
#9163 = CARTESIAN_POINT('',(137.,-79.25,1.51));
#9164 = CIRCLE('',#9165,1.25);
#9165 = AXIS2_PLACEMENT_3D('',#9166,#9167,#9168);
#9166 = CARTESIAN_POINT('',(137.,-78.,1.51));
#9167 = DIRECTION('',(-0.,0.,-1.));
#9168 = DIRECTION('',(-0.,-1.,0.));
#9169 = PLANE('',#9170);
#9170 = AXIS2_PLACEMENT_3D('',#9171,#9172,#9173);
#9171 = CARTESIAN_POINT('',(0.,0.,1.51));
#9172 = DIRECTION('',(0.,0.,1.));
#9173 = DIRECTION('',(1.,0.,-0.));
#9174 = ADVANCED_FACE('',(#9175),#9181,.T.);
#9175 = FACE_BOUND('',#9176,.T.);
#9176 = EDGE_LOOP('',(#9177,#9178,#9179,#9180));
#9177 = ORIENTED_EDGE('',*,*,#8418,.T.);
#9178 = ORIENTED_EDGE('',*,*,#8811,.T.);
#9179 = ORIENTED_EDGE('',*,*,#8378,.F.);
#9180 = ORIENTED_EDGE('',*,*,#8442,.F.);
#9181 = PLANE('',#9182);
#9182 = AXIS2_PLACEMENT_3D('',#9183,#9184,#9185);
#9183 = CARTESIAN_POINT('',(89.,-71.,0.));
#9184 = DIRECTION('',(0.,1.,0.));
#9185 = DIRECTION('',(1.,0.,0.));
#9186 = ADVANCED_FACE('',(#9187),#9198,.F.);
#9187 = FACE_BOUND('',#9188,.T.);
#9188 = EDGE_LOOP('',(#9189,#9190,#9196,#9197));
#9189 = ORIENTED_EDGE('',*,*,#8451,.T.);
#9190 = ORIENTED_EDGE('',*,*,#9191,.T.);
#9191 = EDGE_CURVE('',#8452,#8821,#9192,.T.);
#9192 = LINE('',#9193,#9194);
#9193 = CARTESIAN_POINT('',(97.,-116.25,-4.6E-02));
#9194 = VECTOR('',#9195,1.);
#9195 = DIRECTION('',(0.,0.,1.));
#9196 = ORIENTED_EDGE('',*,*,#8820,.F.);
#9197 = ORIENTED_EDGE('',*,*,#9191,.F.);
#9198 = CYLINDRICAL_SURFACE('',#9199,1.25);
#9199 = AXIS2_PLACEMENT_3D('',#9200,#9201,#9202);
#9200 = CARTESIAN_POINT('',(97.,-115.,-4.6E-02));
#9201 = DIRECTION('',(-0.,-0.,-1.));
#9202 = DIRECTION('',(-0.,-1.,0.));
#9203 = ADVANCED_FACE('',(#9204),#9215,.F.);
#9204 = FACE_BOUND('',#9205,.T.);
#9205 = EDGE_LOOP('',(#9206,#9207,#9213,#9214));
#9206 = ORIENTED_EDGE('',*,*,#8462,.T.);
#9207 = ORIENTED_EDGE('',*,*,#9208,.T.);
#9208 = EDGE_CURVE('',#8463,#8832,#9209,.T.);
#9209 = LINE('',#9210,#9211);
#9210 = CARTESIAN_POINT('',(92.95175,-104.5588,-4.6E-02));
#9211 = VECTOR('',#9212,1.);
#9212 = DIRECTION('',(0.,0.,1.));
#9213 = ORIENTED_EDGE('',*,*,#8831,.F.);
#9214 = ORIENTED_EDGE('',*,*,#9208,.F.);
#9215 = CYLINDRICAL_SURFACE('',#9216,0.5588);
#9216 = AXIS2_PLACEMENT_3D('',#9217,#9218,#9219);
#9217 = CARTESIAN_POINT('',(92.95175,-104.,-4.6E-02));
#9218 = DIRECTION('',(-0.,-0.,-1.));
#9219 = DIRECTION('',(-0.,-1.,0.));
#9220 = ADVANCED_FACE('',(#9221),#9232,.F.);
#9221 = FACE_BOUND('',#9222,.T.);
#9222 = EDGE_LOOP('',(#9223,#9224,#9230,#9231));
#9223 = ORIENTED_EDGE('',*,*,#8473,.T.);
#9224 = ORIENTED_EDGE('',*,*,#9225,.T.);
#9225 = EDGE_CURVE('',#8474,#8843,#9226,.T.);
#9226 = LINE('',#9227,#9228);
#9227 = CARTESIAN_POINT('',(100.45175,-104.5588,-4.6E-02));
#9228 = VECTOR('',#9229,1.);
#9229 = DIRECTION('',(0.,0.,1.));
#9230 = ORIENTED_EDGE('',*,*,#8842,.F.);
#9231 = ORIENTED_EDGE('',*,*,#9225,.F.);
#9232 = CYLINDRICAL_SURFACE('',#9233,0.5588);
#9233 = AXIS2_PLACEMENT_3D('',#9234,#9235,#9236);
#9234 = CARTESIAN_POINT('',(100.45175,-104.,-4.6E-02));
#9235 = DIRECTION('',(-0.,-0.,-1.));
#9236 = DIRECTION('',(-0.,-1.,0.));
#9237 = ADVANCED_FACE('',(#9238),#9249,.F.);
#9238 = FACE_BOUND('',#9239,.T.);
#9239 = EDGE_LOOP('',(#9240,#9241,#9247,#9248));
#9240 = ORIENTED_EDGE('',*,*,#8484,.T.);
#9241 = ORIENTED_EDGE('',*,*,#9242,.T.);
#9242 = EDGE_CURVE('',#8485,#8854,#9243,.T.);
#9243 = LINE('',#9244,#9245);
#9244 = CARTESIAN_POINT('',(105.04825,-104.5588,-4.6E-02));
#9245 = VECTOR('',#9246,1.);
#9246 = DIRECTION('',(0.,0.,1.));
#9247 = ORIENTED_EDGE('',*,*,#8853,.F.);
#9248 = ORIENTED_EDGE('',*,*,#9242,.F.);
#9249 = CYLINDRICAL_SURFACE('',#9250,0.5588);
#9250 = AXIS2_PLACEMENT_3D('',#9251,#9252,#9253);
#9251 = CARTESIAN_POINT('',(105.04825,-104.,-4.6E-02));
#9252 = DIRECTION('',(-0.,-0.,-1.));
#9253 = DIRECTION('',(-0.,-1.,0.));
#9254 = ADVANCED_FACE('',(#9255),#9266,.F.);
#9255 = FACE_BOUND('',#9256,.T.);
#9256 = EDGE_LOOP('',(#9257,#9258,#9264,#9265));
#9257 = ORIENTED_EDGE('',*,*,#8495,.T.);
#9258 = ORIENTED_EDGE('',*,*,#9259,.T.);
#9259 = EDGE_CURVE('',#8496,#8865,#9260,.T.);
#9260 = LINE('',#9261,#9262);
#9261 = CARTESIAN_POINT('',(112.54825,-104.5588,-4.6E-02));
#9262 = VECTOR('',#9263,1.);
#9263 = DIRECTION('',(0.,0.,1.));
#9264 = ORIENTED_EDGE('',*,*,#8864,.F.);
#9265 = ORIENTED_EDGE('',*,*,#9259,.F.);
#9266 = CYLINDRICAL_SURFACE('',#9267,0.5588);
#9267 = AXIS2_PLACEMENT_3D('',#9268,#9269,#9270);
#9268 = CARTESIAN_POINT('',(112.54825,-104.,-4.6E-02));
#9269 = DIRECTION('',(-0.,-0.,-1.));
#9270 = DIRECTION('',(-0.,-1.,0.));
#9271 = ADVANCED_FACE('',(#9272),#9283,.F.);
#9272 = FACE_BOUND('',#9273,.T.);
#9273 = EDGE_LOOP('',(#9274,#9275,#9281,#9282));
#9274 = ORIENTED_EDGE('',*,*,#8506,.T.);
#9275 = ORIENTED_EDGE('',*,*,#9276,.T.);
#9276 = EDGE_CURVE('',#8507,#8876,#9277,.T.);
#9277 = LINE('',#9278,#9279);
#9278 = CARTESIAN_POINT('',(115.,-98.5,-4.6E-02));
#9279 = VECTOR('',#9280,1.);
#9280 = DIRECTION('',(0.,0.,1.));
#9281 = ORIENTED_EDGE('',*,*,#8875,.F.);
#9282 = ORIENTED_EDGE('',*,*,#9276,.F.);
#9283 = CYLINDRICAL_SURFACE('',#9284,0.5);
#9284 = AXIS2_PLACEMENT_3D('',#9285,#9286,#9287);
#9285 = CARTESIAN_POINT('',(115.,-98.,-4.6E-02));
#9286 = DIRECTION('',(-0.,-0.,-1.));
#9287 = DIRECTION('',(-0.,-1.,0.));
#9288 = ADVANCED_FACE('',(#9289),#9300,.F.);
#9289 = FACE_BOUND('',#9290,.T.);
#9290 = EDGE_LOOP('',(#9291,#9292,#9298,#9299));
#9291 = ORIENTED_EDGE('',*,*,#8517,.T.);
#9292 = ORIENTED_EDGE('',*,*,#9293,.T.);
#9293 = EDGE_CURVE('',#8518,#8887,#9294,.T.);
#9294 = LINE('',#9295,#9296);
#9295 = CARTESIAN_POINT('',(137.,-116.25,-4.6E-02));
#9296 = VECTOR('',#9297,1.);
#9297 = DIRECTION('',(0.,0.,1.));
#9298 = ORIENTED_EDGE('',*,*,#8886,.F.);
#9299 = ORIENTED_EDGE('',*,*,#9293,.F.);
#9300 = CYLINDRICAL_SURFACE('',#9301,1.25);
#9301 = AXIS2_PLACEMENT_3D('',#9302,#9303,#9304);
#9302 = CARTESIAN_POINT('',(137.,-115.,-4.6E-02));
#9303 = DIRECTION('',(-0.,-0.,-1.));
#9304 = DIRECTION('',(-0.,-1.,0.));
#9305 = ADVANCED_FACE('',(#9306),#9317,.F.);
#9306 = FACE_BOUND('',#9307,.T.);
#9307 = EDGE_LOOP('',(#9308,#9309,#9315,#9316));
#9308 = ORIENTED_EDGE('',*,*,#8528,.T.);
#9309 = ORIENTED_EDGE('',*,*,#9310,.T.);
#9310 = EDGE_CURVE('',#8529,#8898,#9311,.T.);
#9311 = LINE('',#9312,#9313);
#9312 = CARTESIAN_POINT('',(123.45175,-104.5588,-4.6E-02));
#9313 = VECTOR('',#9314,1.);
#9314 = DIRECTION('',(0.,0.,1.));
#9315 = ORIENTED_EDGE('',*,*,#8897,.F.);
#9316 = ORIENTED_EDGE('',*,*,#9310,.F.);
#9317 = CYLINDRICAL_SURFACE('',#9318,0.5588);
#9318 = AXIS2_PLACEMENT_3D('',#9319,#9320,#9321);
#9319 = CARTESIAN_POINT('',(123.45175,-104.,-4.6E-02));
#9320 = DIRECTION('',(-0.,-0.,-1.));
#9321 = DIRECTION('',(-0.,-1.,0.));
#9322 = ADVANCED_FACE('',(#9323),#9334,.F.);
#9323 = FACE_BOUND('',#9324,.T.);
#9324 = EDGE_LOOP('',(#9325,#9326,#9332,#9333));
#9325 = ORIENTED_EDGE('',*,*,#8539,.T.);
#9326 = ORIENTED_EDGE('',*,*,#9327,.T.);
#9327 = EDGE_CURVE('',#8540,#8909,#9328,.T.);
#9328 = LINE('',#9329,#9330);
#9329 = CARTESIAN_POINT('',(121.021708,-98.560337,-4.6E-02));
#9330 = VECTOR('',#9331,1.);
#9331 = DIRECTION('',(0.,0.,1.));
#9332 = ORIENTED_EDGE('',*,*,#8908,.F.);
#9333 = ORIENTED_EDGE('',*,*,#9327,.F.);
#9334 = CYLINDRICAL_SURFACE('',#9335,0.5);
#9335 = AXIS2_PLACEMENT_3D('',#9336,#9337,#9338);
#9336 = CARTESIAN_POINT('',(121.021708,-98.060337,-4.6E-02));
#9337 = DIRECTION('',(-0.,-0.,-1.));
#9338 = DIRECTION('',(-0.,-1.,0.));
#9339 = ADVANCED_FACE('',(#9340),#9351,.F.);
#9340 = FACE_BOUND('',#9341,.T.);
#9341 = EDGE_LOOP('',(#9342,#9343,#9349,#9350));
#9342 = ORIENTED_EDGE('',*,*,#8550,.T.);
#9343 = ORIENTED_EDGE('',*,*,#9344,.T.);
#9344 = EDGE_CURVE('',#8551,#8920,#9345,.T.);
#9345 = LINE('',#9346,#9347);
#9346 = CARTESIAN_POINT('',(130.95175,-104.5588,-4.6E-02));
#9347 = VECTOR('',#9348,1.);
#9348 = DIRECTION('',(0.,0.,1.));
#9349 = ORIENTED_EDGE('',*,*,#8919,.F.);
#9350 = ORIENTED_EDGE('',*,*,#9344,.F.);
#9351 = CYLINDRICAL_SURFACE('',#9352,0.5588);
#9352 = AXIS2_PLACEMENT_3D('',#9353,#9354,#9355);
#9353 = CARTESIAN_POINT('',(130.95175,-104.,-4.6E-02));
#9354 = DIRECTION('',(-0.,-0.,-1.));
#9355 = DIRECTION('',(-0.,-1.,0.));
#9356 = ADVANCED_FACE('',(#9357),#9368,.F.);
#9357 = FACE_BOUND('',#9358,.T.);
#9358 = EDGE_LOOP('',(#9359,#9360,#9366,#9367));
#9359 = ORIENTED_EDGE('',*,*,#8561,.T.);
#9360 = ORIENTED_EDGE('',*,*,#9361,.T.);
#9361 = EDGE_CURVE('',#8562,#8931,#9362,.T.);
#9362 = LINE('',#9363,#9364);
#9363 = CARTESIAN_POINT('',(135.,-104.5588,-4.6E-02));
#9364 = VECTOR('',#9365,1.);
#9365 = DIRECTION('',(0.,0.,1.));
#9366 = ORIENTED_EDGE('',*,*,#8930,.F.);
#9367 = ORIENTED_EDGE('',*,*,#9361,.F.);
#9368 = CYLINDRICAL_SURFACE('',#9369,0.5588);
#9369 = AXIS2_PLACEMENT_3D('',#9370,#9371,#9372);
#9370 = CARTESIAN_POINT('',(135.,-104.,-4.6E-02));
#9371 = DIRECTION('',(-0.,-0.,-1.));
#9372 = DIRECTION('',(-0.,-1.,0.));
#9373 = ADVANCED_FACE('',(#9374),#9385,.F.);
#9374 = FACE_BOUND('',#9375,.T.);
#9375 = EDGE_LOOP('',(#9376,#9377,#9383,#9384));
#9376 = ORIENTED_EDGE('',*,*,#8572,.T.);
#9377 = ORIENTED_EDGE('',*,*,#9378,.T.);
#9378 = EDGE_CURVE('',#8573,#8942,#9379,.T.);
#9379 = LINE('',#9380,#9381);
#9380 = CARTESIAN_POINT('',(142.5,-104.5588,-4.6E-02));
#9381 = VECTOR('',#9382,1.);
#9382 = DIRECTION('',(0.,0.,1.));
#9383 = ORIENTED_EDGE('',*,*,#8941,.F.);
#9384 = ORIENTED_EDGE('',*,*,#9378,.F.);
#9385 = CYLINDRICAL_SURFACE('',#9386,0.5588);
#9386 = AXIS2_PLACEMENT_3D('',#9387,#9388,#9389);
#9387 = CARTESIAN_POINT('',(142.5,-104.,-4.6E-02));
#9388 = DIRECTION('',(-0.,-0.,-1.));
#9389 = DIRECTION('',(-0.,-1.,0.));
#9390 = ADVANCED_FACE('',(#9391),#9402,.F.);
#9391 = FACE_BOUND('',#9392,.T.);
#9392 = EDGE_LOOP('',(#9393,#9394,#9400,#9401));
#9393 = ORIENTED_EDGE('',*,*,#8583,.T.);
#9394 = ORIENTED_EDGE('',*,*,#9395,.T.);
#9395 = EDGE_CURVE('',#8584,#8953,#9396,.T.);
#9396 = LINE('',#9397,#9398);
#9397 = CARTESIAN_POINT('',(92.45175,-90.0588,-4.6E-02));
#9398 = VECTOR('',#9399,1.);
#9399 = DIRECTION('',(0.,0.,1.));
#9400 = ORIENTED_EDGE('',*,*,#8952,.F.);
#9401 = ORIENTED_EDGE('',*,*,#9395,.F.);
#9402 = CYLINDRICAL_SURFACE('',#9403,0.5588);
#9403 = AXIS2_PLACEMENT_3D('',#9404,#9405,#9406);
#9404 = CARTESIAN_POINT('',(92.45175,-89.5,-4.6E-02));
#9405 = DIRECTION('',(-0.,-0.,-1.));
#9406 = DIRECTION('',(-0.,-1.,0.));
#9407 = ADVANCED_FACE('',(#9408),#9419,.F.);
#9408 = FACE_BOUND('',#9409,.T.);
#9409 = EDGE_LOOP('',(#9410,#9411,#9417,#9418));
#9410 = ORIENTED_EDGE('',*,*,#8594,.T.);
#9411 = ORIENTED_EDGE('',*,*,#9412,.T.);
#9412 = EDGE_CURVE('',#8595,#8964,#9413,.T.);
#9413 = LINE('',#9414,#9415);
#9414 = CARTESIAN_POINT('',(99.95175,-90.0588,-4.6E-02));
#9415 = VECTOR('',#9416,1.);
#9416 = DIRECTION('',(0.,0.,1.));
#9417 = ORIENTED_EDGE('',*,*,#8963,.F.);
#9418 = ORIENTED_EDGE('',*,*,#9412,.F.);
#9419 = CYLINDRICAL_SURFACE('',#9420,0.5588);
#9420 = AXIS2_PLACEMENT_3D('',#9421,#9422,#9423);
#9421 = CARTESIAN_POINT('',(99.95175,-89.5,-4.6E-02));
#9422 = DIRECTION('',(-0.,-0.,-1.));
#9423 = DIRECTION('',(-0.,-1.,0.));
#9424 = ADVANCED_FACE('',(#9425),#9436,.F.);
#9425 = FACE_BOUND('',#9426,.T.);
#9426 = EDGE_LOOP('',(#9427,#9428,#9434,#9435));
#9427 = ORIENTED_EDGE('',*,*,#8605,.T.);
#9428 = ORIENTED_EDGE('',*,*,#9429,.T.);
#9429 = EDGE_CURVE('',#8606,#8975,#9430,.T.);
#9430 = LINE('',#9431,#9432);
#9431 = CARTESIAN_POINT('',(103.95175,-90.0588,-4.6E-02));
#9432 = VECTOR('',#9433,1.);
#9433 = DIRECTION('',(0.,0.,1.));
#9434 = ORIENTED_EDGE('',*,*,#8974,.F.);
#9435 = ORIENTED_EDGE('',*,*,#9429,.F.);
#9436 = CYLINDRICAL_SURFACE('',#9437,0.5588);
#9437 = AXIS2_PLACEMENT_3D('',#9438,#9439,#9440);
#9438 = CARTESIAN_POINT('',(103.95175,-89.5,-4.6E-02));
#9439 = DIRECTION('',(-0.,-0.,-1.));
#9440 = DIRECTION('',(-0.,-1.,0.));
#9441 = ADVANCED_FACE('',(#9442),#9453,.F.);
#9442 = FACE_BOUND('',#9443,.T.);
#9443 = EDGE_LOOP('',(#9444,#9445,#9451,#9452));
#9444 = ORIENTED_EDGE('',*,*,#8616,.T.);
#9445 = ORIENTED_EDGE('',*,*,#9446,.T.);
#9446 = EDGE_CURVE('',#8617,#8986,#9447,.T.);
#9447 = LINE('',#9448,#9449);
#9448 = CARTESIAN_POINT('',(115.,-95.96,-4.6E-02));
#9449 = VECTOR('',#9450,1.);
#9450 = DIRECTION('',(0.,0.,1.));
#9451 = ORIENTED_EDGE('',*,*,#8985,.F.);
#9452 = ORIENTED_EDGE('',*,*,#9446,.F.);
#9453 = CYLINDRICAL_SURFACE('',#9454,0.5);
#9454 = AXIS2_PLACEMENT_3D('',#9455,#9456,#9457);
#9455 = CARTESIAN_POINT('',(115.,-95.46,-4.6E-02));
#9456 = DIRECTION('',(-0.,-0.,-1.));
#9457 = DIRECTION('',(-0.,-1.,0.));
#9458 = ADVANCED_FACE('',(#9459),#9470,.F.);
#9459 = FACE_BOUND('',#9460,.T.);
#9460 = EDGE_LOOP('',(#9461,#9462,#9468,#9469));
#9461 = ORIENTED_EDGE('',*,*,#8627,.T.);
#9462 = ORIENTED_EDGE('',*,*,#9463,.T.);
#9463 = EDGE_CURVE('',#8628,#8997,#9464,.T.);
#9464 = LINE('',#9465,#9466);
#9465 = CARTESIAN_POINT('',(111.45175,-90.0588,-4.6E-02));
#9466 = VECTOR('',#9467,1.);
#9467 = DIRECTION('',(0.,0.,1.));
#9468 = ORIENTED_EDGE('',*,*,#8996,.F.);
#9469 = ORIENTED_EDGE('',*,*,#9463,.F.);
#9470 = CYLINDRICAL_SURFACE('',#9471,0.5588);
#9471 = AXIS2_PLACEMENT_3D('',#9472,#9473,#9474);
#9472 = CARTESIAN_POINT('',(111.45175,-89.5,-4.6E-02));
#9473 = DIRECTION('',(-0.,-0.,-1.));
#9474 = DIRECTION('',(-0.,-1.,0.));
#9475 = ADVANCED_FACE('',(#9476),#9487,.F.);
#9476 = FACE_BOUND('',#9477,.T.);
#9477 = EDGE_LOOP('',(#9478,#9479,#9485,#9486));
#9478 = ORIENTED_EDGE('',*,*,#8638,.T.);
#9479 = ORIENTED_EDGE('',*,*,#9480,.T.);
#9480 = EDGE_CURVE('',#8639,#9008,#9481,.T.);
#9481 = LINE('',#9482,#9483);
#9482 = CARTESIAN_POINT('',(97.,-79.25,-4.6E-02));
#9483 = VECTOR('',#9484,1.);
#9484 = DIRECTION('',(0.,0.,1.));
#9485 = ORIENTED_EDGE('',*,*,#9007,.F.);
#9486 = ORIENTED_EDGE('',*,*,#9480,.F.);
#9487 = CYLINDRICAL_SURFACE('',#9488,1.25);
#9488 = AXIS2_PLACEMENT_3D('',#9489,#9490,#9491);
#9489 = CARTESIAN_POINT('',(97.,-78.,-4.6E-02));
#9490 = DIRECTION('',(-0.,-0.,-1.));
#9491 = DIRECTION('',(-0.,-1.,0.));
#9492 = ADVANCED_FACE('',(#9493),#9504,.F.);
#9493 = FACE_BOUND('',#9494,.T.);
#9494 = EDGE_LOOP('',(#9495,#9496,#9502,#9503));
#9495 = ORIENTED_EDGE('',*,*,#8649,.T.);
#9496 = ORIENTED_EDGE('',*,*,#9497,.T.);
#9497 = EDGE_CURVE('',#8650,#9019,#9498,.T.);
#9498 = LINE('',#9499,#9500);
#9499 = CARTESIAN_POINT('',(103.65,-75.885,-4.6E-02));
#9500 = VECTOR('',#9501,1.);
#9501 = DIRECTION('',(0.,0.,1.));
#9502 = ORIENTED_EDGE('',*,*,#9018,.F.);
#9503 = ORIENTED_EDGE('',*,*,#9497,.F.);
#9504 = CYLINDRICAL_SURFACE('',#9505,0.5);
#9505 = AXIS2_PLACEMENT_3D('',#9506,#9507,#9508);
#9506 = CARTESIAN_POINT('',(103.65,-75.385,-4.6E-02));
#9507 = DIRECTION('',(-0.,-0.,-1.));
#9508 = DIRECTION('',(-0.,-1.,0.));
#9509 = ADVANCED_FACE('',(#9510),#9521,.F.);
#9510 = FACE_BOUND('',#9511,.T.);
#9511 = EDGE_LOOP('',(#9512,#9513,#9519,#9520));
#9512 = ORIENTED_EDGE('',*,*,#8660,.T.);
#9513 = ORIENTED_EDGE('',*,*,#9514,.T.);
#9514 = EDGE_CURVE('',#8661,#9030,#9515,.T.);
#9515 = LINE('',#9516,#9517);
#9516 = CARTESIAN_POINT('',(106.19,-75.885,-4.6E-02));
#9517 = VECTOR('',#9518,1.);
#9518 = DIRECTION('',(0.,0.,1.));
#9519 = ORIENTED_EDGE('',*,*,#9029,.F.);
#9520 = ORIENTED_EDGE('',*,*,#9514,.F.);
#9521 = CYLINDRICAL_SURFACE('',#9522,0.5);
#9522 = AXIS2_PLACEMENT_3D('',#9523,#9524,#9525);
#9523 = CARTESIAN_POINT('',(106.19,-75.385,-4.6E-02));
#9524 = DIRECTION('',(-0.,-0.,-1.));
#9525 = DIRECTION('',(-0.,-1.,0.));
#9526 = ADVANCED_FACE('',(#9527),#9538,.F.);
#9527 = FACE_BOUND('',#9528,.T.);
#9528 = EDGE_LOOP('',(#9529,#9530,#9536,#9537));
#9529 = ORIENTED_EDGE('',*,*,#8671,.T.);
#9530 = ORIENTED_EDGE('',*,*,#9531,.T.);
#9531 = EDGE_CURVE('',#8672,#9041,#9532,.T.);
#9532 = LINE('',#9533,#9534);
#9533 = CARTESIAN_POINT('',(108.73,-75.885,-4.6E-02));
#9534 = VECTOR('',#9535,1.);
#9535 = DIRECTION('',(0.,0.,1.));
#9536 = ORIENTED_EDGE('',*,*,#9040,.F.);
#9537 = ORIENTED_EDGE('',*,*,#9531,.F.);
#9538 = CYLINDRICAL_SURFACE('',#9539,0.5);
#9539 = AXIS2_PLACEMENT_3D('',#9540,#9541,#9542);
#9540 = CARTESIAN_POINT('',(108.73,-75.385,-4.6E-02));
#9541 = DIRECTION('',(-0.,-0.,-1.));
#9542 = DIRECTION('',(-0.,-1.,0.));
#9543 = ADVANCED_FACE('',(#9544),#9555,.F.);
#9544 = FACE_BOUND('',#9545,.T.);
#9545 = EDGE_LOOP('',(#9546,#9547,#9553,#9554));
#9546 = ORIENTED_EDGE('',*,*,#8682,.T.);
#9547 = ORIENTED_EDGE('',*,*,#9548,.T.);
#9548 = EDGE_CURVE('',#8683,#9052,#9549,.T.);
#9549 = LINE('',#9550,#9551);
#9550 = CARTESIAN_POINT('',(111.27,-75.885,-4.6E-02));
#9551 = VECTOR('',#9552,1.);
#9552 = DIRECTION('',(0.,0.,1.));
#9553 = ORIENTED_EDGE('',*,*,#9051,.F.);
#9554 = ORIENTED_EDGE('',*,*,#9548,.F.);
#9555 = CYLINDRICAL_SURFACE('',#9556,0.5);
#9556 = AXIS2_PLACEMENT_3D('',#9557,#9558,#9559);
#9557 = CARTESIAN_POINT('',(111.27,-75.385,-4.6E-02));
#9558 = DIRECTION('',(-0.,-0.,-1.));
#9559 = DIRECTION('',(-0.,-1.,0.));
#9560 = ADVANCED_FACE('',(#9561),#9572,.F.);
#9561 = FACE_BOUND('',#9562,.T.);
#9562 = EDGE_LOOP('',(#9563,#9564,#9570,#9571));
#9563 = ORIENTED_EDGE('',*,*,#8693,.T.);
#9564 = ORIENTED_EDGE('',*,*,#9565,.T.);
#9565 = EDGE_CURVE('',#8694,#9063,#9566,.T.);
#9566 = LINE('',#9567,#9568);
#9567 = CARTESIAN_POINT('',(113.81,-75.885,-4.6E-02));
#9568 = VECTOR('',#9569,1.);
#9569 = DIRECTION('',(0.,0.,1.));
#9570 = ORIENTED_EDGE('',*,*,#9062,.F.);
#9571 = ORIENTED_EDGE('',*,*,#9565,.F.);
#9572 = CYLINDRICAL_SURFACE('',#9573,0.5);
#9573 = AXIS2_PLACEMENT_3D('',#9574,#9575,#9576);
#9574 = CARTESIAN_POINT('',(113.81,-75.385,-4.6E-02));
#9575 = DIRECTION('',(-0.,-0.,-1.));
#9576 = DIRECTION('',(-0.,-1.,0.));
#9577 = ADVANCED_FACE('',(#9578),#9589,.F.);
#9578 = FACE_BOUND('',#9579,.T.);
#9579 = EDGE_LOOP('',(#9580,#9581,#9587,#9588));
#9580 = ORIENTED_EDGE('',*,*,#8704,.T.);
#9581 = ORIENTED_EDGE('',*,*,#9582,.T.);
#9582 = EDGE_CURVE('',#8705,#9074,#9583,.T.);
#9583 = LINE('',#9584,#9585);
#9584 = CARTESIAN_POINT('',(116.35,-75.885,-4.6E-02));
#9585 = VECTOR('',#9586,1.);
#9586 = DIRECTION('',(0.,0.,1.));
#9587 = ORIENTED_EDGE('',*,*,#9073,.F.);
#9588 = ORIENTED_EDGE('',*,*,#9582,.F.);
#9589 = CYLINDRICAL_SURFACE('',#9590,0.5);
#9590 = AXIS2_PLACEMENT_3D('',#9591,#9592,#9593);
#9591 = CARTESIAN_POINT('',(116.35,-75.385,-4.6E-02));
#9592 = DIRECTION('',(-0.,-0.,-1.));
#9593 = DIRECTION('',(-0.,-1.,0.));
#9594 = ADVANCED_FACE('',(#9595),#9606,.F.);
#9595 = FACE_BOUND('',#9596,.T.);
#9596 = EDGE_LOOP('',(#9597,#9598,#9604,#9605));
#9597 = ORIENTED_EDGE('',*,*,#8715,.T.);
#9598 = ORIENTED_EDGE('',*,*,#9599,.T.);
#9599 = EDGE_CURVE('',#8716,#9085,#9600,.T.);
#9600 = LINE('',#9601,#9602);
#9601 = CARTESIAN_POINT('',(121.021708,-96.020337,-4.6E-02));
#9602 = VECTOR('',#9603,1.);
#9603 = DIRECTION('',(0.,0.,1.));
#9604 = ORIENTED_EDGE('',*,*,#9084,.F.);
#9605 = ORIENTED_EDGE('',*,*,#9599,.F.);
#9606 = CYLINDRICAL_SURFACE('',#9607,0.5);
#9607 = AXIS2_PLACEMENT_3D('',#9608,#9609,#9610);
#9608 = CARTESIAN_POINT('',(121.021708,-95.520337,-4.6E-02));
#9609 = DIRECTION('',(-0.,-0.,-1.));
#9610 = DIRECTION('',(-0.,-1.,0.));
#9611 = ADVANCED_FACE('',(#9612),#9623,.F.);
#9612 = FACE_BOUND('',#9613,.T.);
#9613 = EDGE_LOOP('',(#9614,#9615,#9621,#9622));
#9614 = ORIENTED_EDGE('',*,*,#8726,.T.);
#9615 = ORIENTED_EDGE('',*,*,#9616,.T.);
#9616 = EDGE_CURVE('',#8727,#9096,#9617,.T.);
#9617 = LINE('',#9618,#9619);
#9618 = CARTESIAN_POINT('',(121.95175,-90.0588,-4.6E-02));
#9619 = VECTOR('',#9620,1.);
#9620 = DIRECTION('',(0.,0.,1.));
#9621 = ORIENTED_EDGE('',*,*,#9095,.F.);
#9622 = ORIENTED_EDGE('',*,*,#9616,.F.);
#9623 = CYLINDRICAL_SURFACE('',#9624,0.5588);
#9624 = AXIS2_PLACEMENT_3D('',#9625,#9626,#9627);
#9625 = CARTESIAN_POINT('',(121.95175,-89.5,-4.6E-02));
#9626 = DIRECTION('',(-0.,-0.,-1.));
#9627 = DIRECTION('',(-0.,-1.,0.));
#9628 = ADVANCED_FACE('',(#9629),#9640,.F.);
#9629 = FACE_BOUND('',#9630,.T.);
#9630 = EDGE_LOOP('',(#9631,#9632,#9638,#9639));
#9631 = ORIENTED_EDGE('',*,*,#8737,.T.);
#9632 = ORIENTED_EDGE('',*,*,#9633,.T.);
#9633 = EDGE_CURVE('',#8738,#9107,#9634,.T.);
#9634 = LINE('',#9635,#9636);
#9635 = CARTESIAN_POINT('',(129.45175,-90.0588,-4.6E-02));
#9636 = VECTOR('',#9637,1.);
#9637 = DIRECTION('',(0.,0.,1.));
#9638 = ORIENTED_EDGE('',*,*,#9106,.F.);
#9639 = ORIENTED_EDGE('',*,*,#9633,.F.);
#9640 = CYLINDRICAL_SURFACE('',#9641,0.5588);
#9641 = AXIS2_PLACEMENT_3D('',#9642,#9643,#9644);
#9642 = CARTESIAN_POINT('',(129.45175,-89.5,-4.6E-02));
#9643 = DIRECTION('',(-0.,-0.,-1.));
#9644 = DIRECTION('',(-0.,-1.,0.));
#9645 = ADVANCED_FACE('',(#9646),#9657,.F.);
#9646 = FACE_BOUND('',#9647,.T.);
#9647 = EDGE_LOOP('',(#9648,#9649,#9655,#9656));
#9648 = ORIENTED_EDGE('',*,*,#8748,.T.);
#9649 = ORIENTED_EDGE('',*,*,#9650,.T.);
#9650 = EDGE_CURVE('',#8749,#9118,#9651,.T.);
#9651 = LINE('',#9652,#9653);
#9652 = CARTESIAN_POINT('',(133.54825,-90.0588,-4.6E-02));
#9653 = VECTOR('',#9654,1.);
#9654 = DIRECTION('',(0.,0.,1.));
#9655 = ORIENTED_EDGE('',*,*,#9117,.F.);
#9656 = ORIENTED_EDGE('',*,*,#9650,.F.);
#9657 = CYLINDRICAL_SURFACE('',#9658,0.5588);
#9658 = AXIS2_PLACEMENT_3D('',#9659,#9660,#9661);
#9659 = CARTESIAN_POINT('',(133.54825,-89.5,-4.6E-02));
#9660 = DIRECTION('',(-0.,-0.,-1.));
#9661 = DIRECTION('',(-0.,-1.,0.));
#9662 = ADVANCED_FACE('',(#9663),#9674,.F.);
#9663 = FACE_BOUND('',#9664,.T.);
#9664 = EDGE_LOOP('',(#9665,#9666,#9672,#9673));
#9665 = ORIENTED_EDGE('',*,*,#8759,.T.);
#9666 = ORIENTED_EDGE('',*,*,#9667,.T.);
#9667 = EDGE_CURVE('',#8760,#9129,#9668,.T.);
#9668 = LINE('',#9669,#9670);
#9669 = CARTESIAN_POINT('',(141.04825,-90.0588,-4.6E-02));
#9670 = VECTOR('',#9671,1.);
#9671 = DIRECTION('',(0.,0.,1.));
#9672 = ORIENTED_EDGE('',*,*,#9128,.F.);
#9673 = ORIENTED_EDGE('',*,*,#9667,.F.);
#9674 = CYLINDRICAL_SURFACE('',#9675,0.5588);
#9675 = AXIS2_PLACEMENT_3D('',#9676,#9677,#9678);
#9676 = CARTESIAN_POINT('',(141.04825,-89.5,-4.6E-02));
#9677 = DIRECTION('',(-0.,-0.,-1.));
#9678 = DIRECTION('',(-0.,-1.,0.));
#9679 = ADVANCED_FACE('',(#9680),#9691,.F.);
#9680 = FACE_BOUND('',#9681,.T.);
#9681 = EDGE_LOOP('',(#9682,#9683,#9689,#9690));
#9682 = ORIENTED_EDGE('',*,*,#8770,.T.);
#9683 = ORIENTED_EDGE('',*,*,#9684,.T.);
#9684 = EDGE_CURVE('',#8771,#9140,#9685,.T.);
#9685 = LINE('',#9686,#9687);
#9686 = CARTESIAN_POINT('',(120.725,-75.885,-4.6E-02));
#9687 = VECTOR('',#9688,1.);
#9688 = DIRECTION('',(0.,0.,1.));
#9689 = ORIENTED_EDGE('',*,*,#9139,.F.);
#9690 = ORIENTED_EDGE('',*,*,#9684,.F.);
#9691 = CYLINDRICAL_SURFACE('',#9692,0.5);
#9692 = AXIS2_PLACEMENT_3D('',#9693,#9694,#9695);
#9693 = CARTESIAN_POINT('',(120.725,-75.385,-4.6E-02));
#9694 = DIRECTION('',(-0.,-0.,-1.));
#9695 = DIRECTION('',(-0.,-1.,0.));
#9696 = ADVANCED_FACE('',(#9697),#9708,.F.);
#9697 = FACE_BOUND('',#9698,.T.);
#9698 = EDGE_LOOP('',(#9699,#9700,#9706,#9707));
#9699 = ORIENTED_EDGE('',*,*,#8781,.T.);
#9700 = ORIENTED_EDGE('',*,*,#9701,.T.);
#9701 = EDGE_CURVE('',#8782,#9151,#9702,.T.);
#9702 = LINE('',#9703,#9704);
#9703 = CARTESIAN_POINT('',(123.265,-75.885,-4.6E-02));
#9704 = VECTOR('',#9705,1.);
#9705 = DIRECTION('',(0.,0.,1.));
#9706 = ORIENTED_EDGE('',*,*,#9150,.F.);
#9707 = ORIENTED_EDGE('',*,*,#9701,.F.);
#9708 = CYLINDRICAL_SURFACE('',#9709,0.5);
#9709 = AXIS2_PLACEMENT_3D('',#9710,#9711,#9712);
#9710 = CARTESIAN_POINT('',(123.265,-75.385,-4.6E-02));
#9711 = DIRECTION('',(-0.,-0.,-1.));
#9712 = DIRECTION('',(-0.,-1.,0.));
#9713 = ADVANCED_FACE('',(#9714),#9725,.F.);
#9714 = FACE_BOUND('',#9715,.T.);
#9715 = EDGE_LOOP('',(#9716,#9717,#9723,#9724));
#9716 = ORIENTED_EDGE('',*,*,#8792,.T.);
#9717 = ORIENTED_EDGE('',*,*,#9718,.T.);
#9718 = EDGE_CURVE('',#8793,#9162,#9719,.T.);
#9719 = LINE('',#9720,#9721);
#9720 = CARTESIAN_POINT('',(137.,-79.25,-4.6E-02));
#9721 = VECTOR('',#9722,1.);
#9722 = DIRECTION('',(0.,0.,1.));
#9723 = ORIENTED_EDGE('',*,*,#9161,.F.);
#9724 = ORIENTED_EDGE('',*,*,#9718,.F.);
#9725 = CYLINDRICAL_SURFACE('',#9726,1.25);
#9726 = AXIS2_PLACEMENT_3D('',#9727,#9728,#9729);
#9727 = CARTESIAN_POINT('',(137.,-78.,-4.6E-02));
#9728 = DIRECTION('',(-0.,-0.,-1.));
#9729 = DIRECTION('',(-0.,-1.,0.));
#9730 = ( GEOMETRIC_REPRESENTATION_CONTEXT(3) 
GLOBAL_UNCERTAINTY_ASSIGNED_CONTEXT((#9734)) 
GLOBAL_UNIT_ASSIGNED_CONTEXT((#9731,#9732,#9733)) REPRESENTATION_CONTEXT
('Context #1','3D Context with UNIT and UNCERTAINTY') );
#9731 = ( LENGTH_UNIT() NAMED_UNIT(*) SI_UNIT(.MILLI.,.METRE.) );
#9732 = ( NAMED_UNIT(*) PLANE_ANGLE_UNIT() SI_UNIT($,.RADIAN.) );
#9733 = ( NAMED_UNIT(*) SI_UNIT($,.STERADIAN.) SOLID_ANGLE_UNIT() );
#9734 = UNCERTAINTY_MEASURE_WITH_UNIT(LENGTH_MEASURE(1.E-07),#9731,
  'distance_accuracy_value','confusion accuracy');
#9735 = CONTEXT_DEPENDENT_SHAPE_REPRESENTATION(#9736,#9738);
#9736 = ( REPRESENTATION_RELATIONSHIP('','',#8331,#10) 
REPRESENTATION_RELATIONSHIP_WITH_TRANSFORMATION(#9737) 
SHAPE_REPRESENTATION_RELATIONSHIP() );
#9737 = ITEM_DEFINED_TRANSFORMATION('','',#11,#63);
#9738 = PRODUCT_DEFINITION_SHAPE('Placement','Placement of an item',
  #9739);
#9739 = NEXT_ASSEMBLY_USAGE_OCCURRENCE('13','=>[0:1:1:6]','',#5,#8326,$
  );
#9740 = PRODUCT_RELATED_PRODUCT_CATEGORY('part',$,(#8328));
#9741 = MECHANICAL_DESIGN_GEOMETRIC_PRESENTATION_REPRESENTATION('',(
    #9742,#9750,#9757,#9764,#9771,#9778,#9785,#9792,#9799,#9806,#9813,
    #9820,#9827,#9834,#9841,#9848,#9855,#9863,#9870,#9877,#9884,#9891,
    #9898,#9905,#9912,#9919,#9926,#9933,#9940,#9947,#9954,#9961,#9968,
    #9975,#9982,#9989,#9996,#10003,#10010,#10017,#10024,#10031,#10038,
    #10045,#10052,#10059,#10066,#10073,#10080,#10087,#10094,#10101,
    #10108,#10115,#10122,#10129,#10136,#10143),#8293);
#9742 = STYLED_ITEM('color',(#9743),#6661);
#9743 = PRESENTATION_STYLE_ASSIGNMENT((#9744));
#9744 = SURFACE_STYLE_USAGE(.BOTH.,#9745);
#9745 = SURFACE_SIDE_STYLE('',(#9746));
#9746 = SURFACE_STYLE_FILL_AREA(#9747);
#9747 = FILL_AREA_STYLE('',(#9748));
#9748 = FILL_AREA_STYLE_COLOUR('',#9749);
#9749 = COLOUR_RGB('',0.147999998088,0.144999993226,0.144999993226);
#9750 = STYLED_ITEM('color',(#9751),#6701);
#9751 = PRESENTATION_STYLE_ASSIGNMENT((#9752));
#9752 = SURFACE_STYLE_USAGE(.BOTH.,#9753);
#9753 = SURFACE_SIDE_STYLE('',(#9754));
#9754 = SURFACE_STYLE_FILL_AREA(#9755);
#9755 = FILL_AREA_STYLE('',(#9756));
#9756 = FILL_AREA_STYLE_COLOUR('',#9749);
#9757 = STYLED_ITEM('color',(#9758),#6732);
#9758 = PRESENTATION_STYLE_ASSIGNMENT((#9759));
#9759 = SURFACE_STYLE_USAGE(.BOTH.,#9760);
#9760 = SURFACE_SIDE_STYLE('',(#9761));
#9761 = SURFACE_STYLE_FILL_AREA(#9762);
#9762 = FILL_AREA_STYLE('',(#9763));
#9763 = FILL_AREA_STYLE_COLOUR('',#9749);
#9764 = STYLED_ITEM('color',(#9765),#6763);
#9765 = PRESENTATION_STYLE_ASSIGNMENT((#9766));
#9766 = SURFACE_STYLE_USAGE(.BOTH.,#9767);
#9767 = SURFACE_SIDE_STYLE('',(#9768));
#9768 = SURFACE_STYLE_FILL_AREA(#9769);
#9769 = FILL_AREA_STYLE('',(#9770));
#9770 = FILL_AREA_STYLE_COLOUR('',#9749);
#9771 = STYLED_ITEM('color',(#9772),#6928);
#9772 = PRESENTATION_STYLE_ASSIGNMENT((#9773));
#9773 = SURFACE_STYLE_USAGE(.BOTH.,#9774);
#9774 = SURFACE_SIDE_STYLE('',(#9775));
#9775 = SURFACE_STYLE_FILL_AREA(#9776);
#9776 = FILL_AREA_STYLE('',(#9777));
#9777 = FILL_AREA_STYLE_COLOUR('',#9749);
#9778 = STYLED_ITEM('color',(#9779),#7093);
#9779 = PRESENTATION_STYLE_ASSIGNMENT((#9780));
#9780 = SURFACE_STYLE_USAGE(.BOTH.,#9781);
#9781 = SURFACE_SIDE_STYLE('',(#9782));
#9782 = SURFACE_STYLE_FILL_AREA(#9783);
#9783 = FILL_AREA_STYLE('',(#9784));
#9784 = FILL_AREA_STYLE_COLOUR('',#9749);
#9785 = STYLED_ITEM('color',(#9786),#7110);
#9786 = PRESENTATION_STYLE_ASSIGNMENT((#9787));
#9787 = SURFACE_STYLE_USAGE(.BOTH.,#9788);
#9788 = SURFACE_SIDE_STYLE('',(#9789));
#9789 = SURFACE_STYLE_FILL_AREA(#9790);
#9790 = FILL_AREA_STYLE('',(#9791));
#9791 = FILL_AREA_STYLE_COLOUR('',#9749);
#9792 = STYLED_ITEM('color',(#9793),#7127);
#9793 = PRESENTATION_STYLE_ASSIGNMENT((#9794));
#9794 = SURFACE_STYLE_USAGE(.BOTH.,#9795);
#9795 = SURFACE_SIDE_STYLE('',(#9796));
#9796 = SURFACE_STYLE_FILL_AREA(#9797);
#9797 = FILL_AREA_STYLE('',(#9798));
#9798 = FILL_AREA_STYLE_COLOUR('',#9749);
#9799 = STYLED_ITEM('color',(#9800),#7144);
#9800 = PRESENTATION_STYLE_ASSIGNMENT((#9801));
#9801 = SURFACE_STYLE_USAGE(.BOTH.,#9802);
#9802 = SURFACE_SIDE_STYLE('',(#9803));
#9803 = SURFACE_STYLE_FILL_AREA(#9804);
#9804 = FILL_AREA_STYLE('',(#9805));
#9805 = FILL_AREA_STYLE_COLOUR('',#9749);
#9806 = STYLED_ITEM('color',(#9807),#7161);
#9807 = PRESENTATION_STYLE_ASSIGNMENT((#9808));
#9808 = SURFACE_STYLE_USAGE(.BOTH.,#9809);
#9809 = SURFACE_SIDE_STYLE('',(#9810));
#9810 = SURFACE_STYLE_FILL_AREA(#9811);
#9811 = FILL_AREA_STYLE('',(#9812));
#9812 = FILL_AREA_STYLE_COLOUR('',#9749);
#9813 = STYLED_ITEM('color',(#9814),#7178);
#9814 = PRESENTATION_STYLE_ASSIGNMENT((#9815));
#9815 = SURFACE_STYLE_USAGE(.BOTH.,#9816);
#9816 = SURFACE_SIDE_STYLE('',(#9817));
#9817 = SURFACE_STYLE_FILL_AREA(#9818);
#9818 = FILL_AREA_STYLE('',(#9819));
#9819 = FILL_AREA_STYLE_COLOUR('',#9749);
#9820 = STYLED_ITEM('color',(#9821),#7195);
#9821 = PRESENTATION_STYLE_ASSIGNMENT((#9822));
#9822 = SURFACE_STYLE_USAGE(.BOTH.,#9823);
#9823 = SURFACE_SIDE_STYLE('',(#9824));
#9824 = SURFACE_STYLE_FILL_AREA(#9825);
#9825 = FILL_AREA_STYLE('',(#9826));
#9826 = FILL_AREA_STYLE_COLOUR('',#9749);
#9827 = STYLED_ITEM('color',(#9828),#7212);
#9828 = PRESENTATION_STYLE_ASSIGNMENT((#9829));
#9829 = SURFACE_STYLE_USAGE(.BOTH.,#9830);
#9830 = SURFACE_SIDE_STYLE('',(#9831));
#9831 = SURFACE_STYLE_FILL_AREA(#9832);
#9832 = FILL_AREA_STYLE('',(#9833));
#9833 = FILL_AREA_STYLE_COLOUR('',#9749);
#9834 = STYLED_ITEM('color',(#9835),#7229);
#9835 = PRESENTATION_STYLE_ASSIGNMENT((#9836));
#9836 = SURFACE_STYLE_USAGE(.BOTH.,#9837);
#9837 = SURFACE_SIDE_STYLE('',(#9838));
#9838 = SURFACE_STYLE_FILL_AREA(#9839);
#9839 = FILL_AREA_STYLE('',(#9840));
#9840 = FILL_AREA_STYLE_COLOUR('',#9749);
#9841 = STYLED_ITEM('color',(#9842),#7246);
#9842 = PRESENTATION_STYLE_ASSIGNMENT((#9843));
#9843 = SURFACE_STYLE_USAGE(.BOTH.,#9844);
#9844 = SURFACE_SIDE_STYLE('',(#9845));
#9845 = SURFACE_STYLE_FILL_AREA(#9846);
#9846 = FILL_AREA_STYLE('',(#9847));
#9847 = FILL_AREA_STYLE_COLOUR('',#9749);
#9848 = STYLED_ITEM('color',(#9849),#7263);
#9849 = PRESENTATION_STYLE_ASSIGNMENT((#9850));
#9850 = SURFACE_STYLE_USAGE(.BOTH.,#9851);
#9851 = SURFACE_SIDE_STYLE('',(#9852));
#9852 = SURFACE_STYLE_FILL_AREA(#9853);
#9853 = FILL_AREA_STYLE('',(#9854));
#9854 = FILL_AREA_STYLE_COLOUR('',#9749);
#9855 = STYLED_ITEM('color',(#9856),#7275);
#9856 = PRESENTATION_STYLE_ASSIGNMENT((#9857));
#9857 = SURFACE_STYLE_USAGE(.BOTH.,#9858);
#9858 = SURFACE_SIDE_STYLE('',(#9859));
#9859 = SURFACE_STYLE_FILL_AREA(#9860);
#9860 = FILL_AREA_STYLE('',(#9861));
#9861 = FILL_AREA_STYLE_COLOUR('',#9862);
#9862 = COLOUR_RGB('',0.859000020776,0.737999965183,0.495999988746);
#9863 = STYLED_ITEM('color',(#9864),#7306);
#9864 = PRESENTATION_STYLE_ASSIGNMENT((#9865));
#9865 = SURFACE_STYLE_USAGE(.BOTH.,#9866);
#9866 = SURFACE_SIDE_STYLE('',(#9867));
#9867 = SURFACE_STYLE_FILL_AREA(#9868);
#9868 = FILL_AREA_STYLE('',(#9869));
#9869 = FILL_AREA_STYLE_COLOUR('',#9862);
#9870 = STYLED_ITEM('color',(#9871),#7355);
#9871 = PRESENTATION_STYLE_ASSIGNMENT((#9872));
#9872 = SURFACE_STYLE_USAGE(.BOTH.,#9873);
#9873 = SURFACE_SIDE_STYLE('',(#9874));
#9874 = SURFACE_STYLE_FILL_AREA(#9875);
#9875 = FILL_AREA_STYLE('',(#9876));
#9876 = FILL_AREA_STYLE_COLOUR('',#9862);
#9877 = STYLED_ITEM('color',(#9878),#7379);
#9878 = PRESENTATION_STYLE_ASSIGNMENT((#9879));
#9879 = SURFACE_STYLE_USAGE(.BOTH.,#9880);
#9880 = SURFACE_SIDE_STYLE('',(#9881));
#9881 = SURFACE_STYLE_FILL_AREA(#9882);
#9882 = FILL_AREA_STYLE('',(#9883));
#9883 = FILL_AREA_STYLE_COLOUR('',#9862);
#9884 = STYLED_ITEM('color',(#9885),#7421);
#9885 = PRESENTATION_STYLE_ASSIGNMENT((#9886));
#9886 = SURFACE_STYLE_USAGE(.BOTH.,#9887);
#9887 = SURFACE_SIDE_STYLE('',(#9888));
#9888 = SURFACE_STYLE_FILL_AREA(#9889);
#9889 = FILL_AREA_STYLE('',(#9890));
#9890 = FILL_AREA_STYLE_COLOUR('',#9862);
#9891 = STYLED_ITEM('color',(#9892),#7452);
#9892 = PRESENTATION_STYLE_ASSIGNMENT((#9893));
#9893 = SURFACE_STYLE_USAGE(.BOTH.,#9894);
#9894 = SURFACE_SIDE_STYLE('',(#9895));
#9895 = SURFACE_STYLE_FILL_AREA(#9896);
#9896 = FILL_AREA_STYLE('',(#9897));
#9897 = FILL_AREA_STYLE_COLOUR('',#9862);
#9898 = STYLED_ITEM('color',(#9899),#7501);
#9899 = PRESENTATION_STYLE_ASSIGNMENT((#9900));
#9900 = SURFACE_STYLE_USAGE(.BOTH.,#9901);
#9901 = SURFACE_SIDE_STYLE('',(#9902));
#9902 = SURFACE_STYLE_FILL_AREA(#9903);
#9903 = FILL_AREA_STYLE('',(#9904));
#9904 = FILL_AREA_STYLE_COLOUR('',#9862);
#9905 = STYLED_ITEM('color',(#9906),#7525);
#9906 = PRESENTATION_STYLE_ASSIGNMENT((#9907));
#9907 = SURFACE_STYLE_USAGE(.BOTH.,#9908);
#9908 = SURFACE_SIDE_STYLE('',(#9909));
#9909 = SURFACE_STYLE_FILL_AREA(#9910);
#9910 = FILL_AREA_STYLE('',(#9911));
#9911 = FILL_AREA_STYLE_COLOUR('',#9862);
#9912 = STYLED_ITEM('color',(#9913),#7567);
#9913 = PRESENTATION_STYLE_ASSIGNMENT((#9914));
#9914 = SURFACE_STYLE_USAGE(.BOTH.,#9915);
#9915 = SURFACE_SIDE_STYLE('',(#9916));
#9916 = SURFACE_STYLE_FILL_AREA(#9917);
#9917 = FILL_AREA_STYLE('',(#9918));
#9918 = FILL_AREA_STYLE_COLOUR('',#9862);
#9919 = STYLED_ITEM('color',(#9920),#7598);
#9920 = PRESENTATION_STYLE_ASSIGNMENT((#9921));
#9921 = SURFACE_STYLE_USAGE(.BOTH.,#9922);
#9922 = SURFACE_SIDE_STYLE('',(#9923));
#9923 = SURFACE_STYLE_FILL_AREA(#9924);
#9924 = FILL_AREA_STYLE('',(#9925));
#9925 = FILL_AREA_STYLE_COLOUR('',#9862);
#9926 = STYLED_ITEM('color',(#9927),#7622);
#9927 = PRESENTATION_STYLE_ASSIGNMENT((#9928));
#9928 = SURFACE_STYLE_USAGE(.BOTH.,#9929);
#9929 = SURFACE_SIDE_STYLE('',(#9930));
#9930 = SURFACE_STYLE_FILL_AREA(#9931);
#9931 = FILL_AREA_STYLE('',(#9932));
#9932 = FILL_AREA_STYLE_COLOUR('',#9862);
#9933 = STYLED_ITEM('color',(#9934),#7646);
#9934 = PRESENTATION_STYLE_ASSIGNMENT((#9935));
#9935 = SURFACE_STYLE_USAGE(.BOTH.,#9936);
#9936 = SURFACE_SIDE_STYLE('',(#9937));
#9937 = SURFACE_STYLE_FILL_AREA(#9938);
#9938 = FILL_AREA_STYLE('',(#9939));
#9939 = FILL_AREA_STYLE_COLOUR('',#9862);
#9940 = STYLED_ITEM('color',(#9941),#7663);
#9941 = PRESENTATION_STYLE_ASSIGNMENT((#9942));
#9942 = SURFACE_STYLE_USAGE(.BOTH.,#9943);
#9943 = SURFACE_SIDE_STYLE('',(#9944));
#9944 = SURFACE_STYLE_FILL_AREA(#9945);
#9945 = FILL_AREA_STYLE('',(#9946));
#9946 = FILL_AREA_STYLE_COLOUR('',#9862);
#9947 = STYLED_ITEM('color',(#9948),#7694);
#9948 = PRESENTATION_STYLE_ASSIGNMENT((#9949));
#9949 = SURFACE_STYLE_USAGE(.BOTH.,#9950);
#9950 = SURFACE_SIDE_STYLE('',(#9951));
#9951 = SURFACE_STYLE_FILL_AREA(#9952);
#9952 = FILL_AREA_STYLE('',(#9953));
#9953 = FILL_AREA_STYLE_COLOUR('',#9862);
#9954 = STYLED_ITEM('color',(#9955),#7718);
#9955 = PRESENTATION_STYLE_ASSIGNMENT((#9956));
#9956 = SURFACE_STYLE_USAGE(.BOTH.,#9957);
#9957 = SURFACE_SIDE_STYLE('',(#9958));
#9958 = SURFACE_STYLE_FILL_AREA(#9959);
#9959 = FILL_AREA_STYLE('',(#9960));
#9960 = FILL_AREA_STYLE_COLOUR('',#9862);
#9961 = STYLED_ITEM('color',(#9962),#7742);
#9962 = PRESENTATION_STYLE_ASSIGNMENT((#9963));
#9963 = SURFACE_STYLE_USAGE(.BOTH.,#9964);
#9964 = SURFACE_SIDE_STYLE('',(#9965));
#9965 = SURFACE_STYLE_FILL_AREA(#9966);
#9966 = FILL_AREA_STYLE('',(#9967));
#9967 = FILL_AREA_STYLE_COLOUR('',#9862);
#9968 = STYLED_ITEM('color',(#9969),#7759);
#9969 = PRESENTATION_STYLE_ASSIGNMENT((#9970));
#9970 = SURFACE_STYLE_USAGE(.BOTH.,#9971);
#9971 = SURFACE_SIDE_STYLE('',(#9972));
#9972 = SURFACE_STYLE_FILL_AREA(#9973);
#9973 = FILL_AREA_STYLE('',(#9974));
#9974 = FILL_AREA_STYLE_COLOUR('',#9862);
#9975 = STYLED_ITEM('color',(#9976),#7776);
#9976 = PRESENTATION_STYLE_ASSIGNMENT((#9977));
#9977 = SURFACE_STYLE_USAGE(.BOTH.,#9978);
#9978 = SURFACE_SIDE_STYLE('',(#9979));
#9979 = SURFACE_STYLE_FILL_AREA(#9980);
#9980 = FILL_AREA_STYLE('',(#9981));
#9981 = FILL_AREA_STYLE_COLOUR('',#9862);
#9982 = STYLED_ITEM('color',(#9983),#7793);
#9983 = PRESENTATION_STYLE_ASSIGNMENT((#9984));
#9984 = SURFACE_STYLE_USAGE(.BOTH.,#9985);
#9985 = SURFACE_SIDE_STYLE('',(#9986));
#9986 = SURFACE_STYLE_FILL_AREA(#9987);
#9987 = FILL_AREA_STYLE('',(#9988));
#9988 = FILL_AREA_STYLE_COLOUR('',#9862);
#9989 = STYLED_ITEM('color',(#9990),#7810);
#9990 = PRESENTATION_STYLE_ASSIGNMENT((#9991));
#9991 = SURFACE_STYLE_USAGE(.BOTH.,#9992);
#9992 = SURFACE_SIDE_STYLE('',(#9993));
#9993 = SURFACE_STYLE_FILL_AREA(#9994);
#9994 = FILL_AREA_STYLE('',(#9995));
#9995 = FILL_AREA_STYLE_COLOUR('',#9862);
#9996 = STYLED_ITEM('color',(#9997),#7841);
#9997 = PRESENTATION_STYLE_ASSIGNMENT((#9998));
#9998 = SURFACE_STYLE_USAGE(.BOTH.,#9999);
#9999 = SURFACE_SIDE_STYLE('',(#10000));
#10000 = SURFACE_STYLE_FILL_AREA(#10001);
#10001 = FILL_AREA_STYLE('',(#10002));
#10002 = FILL_AREA_STYLE_COLOUR('',#9862);
#10003 = STYLED_ITEM('color',(#10004),#7872);
#10004 = PRESENTATION_STYLE_ASSIGNMENT((#10005));
#10005 = SURFACE_STYLE_USAGE(.BOTH.,#10006);
#10006 = SURFACE_SIDE_STYLE('',(#10007));
#10007 = SURFACE_STYLE_FILL_AREA(#10008);
#10008 = FILL_AREA_STYLE('',(#10009));
#10009 = FILL_AREA_STYLE_COLOUR('',#9862);
#10010 = STYLED_ITEM('color',(#10011),#7889);
#10011 = PRESENTATION_STYLE_ASSIGNMENT((#10012));
#10012 = SURFACE_STYLE_USAGE(.BOTH.,#10013);
#10013 = SURFACE_SIDE_STYLE('',(#10014));
#10014 = SURFACE_STYLE_FILL_AREA(#10015);
#10015 = FILL_AREA_STYLE('',(#10016));
#10016 = FILL_AREA_STYLE_COLOUR('',#9862);
#10017 = STYLED_ITEM('color',(#10018),#7906);
#10018 = PRESENTATION_STYLE_ASSIGNMENT((#10019));
#10019 = SURFACE_STYLE_USAGE(.BOTH.,#10020);
#10020 = SURFACE_SIDE_STYLE('',(#10021));
#10021 = SURFACE_STYLE_FILL_AREA(#10022);
#10022 = FILL_AREA_STYLE('',(#10023));
#10023 = FILL_AREA_STYLE_COLOUR('',#9862);
#10024 = STYLED_ITEM('color',(#10025),#7923);
#10025 = PRESENTATION_STYLE_ASSIGNMENT((#10026));
#10026 = SURFACE_STYLE_USAGE(.BOTH.,#10027);
#10027 = SURFACE_SIDE_STYLE('',(#10028));
#10028 = SURFACE_STYLE_FILL_AREA(#10029);
#10029 = FILL_AREA_STYLE('',(#10030));
#10030 = FILL_AREA_STYLE_COLOUR('',#9862);
#10031 = STYLED_ITEM('color',(#10032),#7954);
#10032 = PRESENTATION_STYLE_ASSIGNMENT((#10033));
#10033 = SURFACE_STYLE_USAGE(.BOTH.,#10034);
#10034 = SURFACE_SIDE_STYLE('',(#10035));
#10035 = SURFACE_STYLE_FILL_AREA(#10036);
#10036 = FILL_AREA_STYLE('',(#10037));
#10037 = FILL_AREA_STYLE_COLOUR('',#9862);
#10038 = STYLED_ITEM('color',(#10039),#7985);
#10039 = PRESENTATION_STYLE_ASSIGNMENT((#10040));
#10040 = SURFACE_STYLE_USAGE(.BOTH.,#10041);
#10041 = SURFACE_SIDE_STYLE('',(#10042));
#10042 = SURFACE_STYLE_FILL_AREA(#10043);
#10043 = FILL_AREA_STYLE('',(#10044));
#10044 = FILL_AREA_STYLE_COLOUR('',#9862);
#10045 = STYLED_ITEM('color',(#10046),#8016);
#10046 = PRESENTATION_STYLE_ASSIGNMENT((#10047));
#10047 = SURFACE_STYLE_USAGE(.BOTH.,#10048);
#10048 = SURFACE_SIDE_STYLE('',(#10049));
#10049 = SURFACE_STYLE_FILL_AREA(#10050);
#10050 = FILL_AREA_STYLE('',(#10051));
#10051 = FILL_AREA_STYLE_COLOUR('',#9862);
#10052 = STYLED_ITEM('color',(#10053),#8040);
#10053 = PRESENTATION_STYLE_ASSIGNMENT((#10054));
#10054 = SURFACE_STYLE_USAGE(.BOTH.,#10055);
#10055 = SURFACE_SIDE_STYLE('',(#10056));
#10056 = SURFACE_STYLE_FILL_AREA(#10057);
#10057 = FILL_AREA_STYLE('',(#10058));
#10058 = FILL_AREA_STYLE_COLOUR('',#9862);
#10059 = STYLED_ITEM('color',(#10060),#8064);
#10060 = PRESENTATION_STYLE_ASSIGNMENT((#10061));
#10061 = SURFACE_STYLE_USAGE(.BOTH.,#10062);
#10062 = SURFACE_SIDE_STYLE('',(#10063));
#10063 = SURFACE_STYLE_FILL_AREA(#10064);
#10064 = FILL_AREA_STYLE('',(#10065));
#10065 = FILL_AREA_STYLE_COLOUR('',#9862);
#10066 = STYLED_ITEM('color',(#10067),#8081);
#10067 = PRESENTATION_STYLE_ASSIGNMENT((#10068));
#10068 = SURFACE_STYLE_USAGE(.BOTH.,#10069);
#10069 = SURFACE_SIDE_STYLE('',(#10070));
#10070 = SURFACE_STYLE_FILL_AREA(#10071);
#10071 = FILL_AREA_STYLE('',(#10072));
#10072 = FILL_AREA_STYLE_COLOUR('',#9862);
#10073 = STYLED_ITEM('color',(#10074),#8112);
#10074 = PRESENTATION_STYLE_ASSIGNMENT((#10075));
#10075 = SURFACE_STYLE_USAGE(.BOTH.,#10076);
#10076 = SURFACE_SIDE_STYLE('',(#10077));
#10077 = SURFACE_STYLE_FILL_AREA(#10078);
#10078 = FILL_AREA_STYLE('',(#10079));
#10079 = FILL_AREA_STYLE_COLOUR('',#9862);
#10080 = STYLED_ITEM('color',(#10081),#8136);
#10081 = PRESENTATION_STYLE_ASSIGNMENT((#10082));
#10082 = SURFACE_STYLE_USAGE(.BOTH.,#10083);
#10083 = SURFACE_SIDE_STYLE('',(#10084));
#10084 = SURFACE_STYLE_FILL_AREA(#10085);
#10085 = FILL_AREA_STYLE('',(#10086));
#10086 = FILL_AREA_STYLE_COLOUR('',#9862);
#10087 = STYLED_ITEM('color',(#10088),#8160);
#10088 = PRESENTATION_STYLE_ASSIGNMENT((#10089));
#10089 = SURFACE_STYLE_USAGE(.BOTH.,#10090);
#10090 = SURFACE_SIDE_STYLE('',(#10091));
#10091 = SURFACE_STYLE_FILL_AREA(#10092);
#10092 = FILL_AREA_STYLE('',(#10093));
#10093 = FILL_AREA_STYLE_COLOUR('',#9862);
#10094 = STYLED_ITEM('color',(#10095),#8177);
#10095 = PRESENTATION_STYLE_ASSIGNMENT((#10096));
#10096 = SURFACE_STYLE_USAGE(.BOTH.,#10097);
#10097 = SURFACE_SIDE_STYLE('',(#10098));
#10098 = SURFACE_STYLE_FILL_AREA(#10099);
#10099 = FILL_AREA_STYLE('',(#10100));
#10100 = FILL_AREA_STYLE_COLOUR('',#9862);
#10101 = STYLED_ITEM('color',(#10102),#8194);
#10102 = PRESENTATION_STYLE_ASSIGNMENT((#10103));
#10103 = SURFACE_STYLE_USAGE(.BOTH.,#10104);
#10104 = SURFACE_SIDE_STYLE('',(#10105));
#10105 = SURFACE_STYLE_FILL_AREA(#10106);
#10106 = FILL_AREA_STYLE('',(#10107));
#10107 = FILL_AREA_STYLE_COLOUR('',#9862);
#10108 = STYLED_ITEM('color',(#10109),#8211);
#10109 = PRESENTATION_STYLE_ASSIGNMENT((#10110));
#10110 = SURFACE_STYLE_USAGE(.BOTH.,#10111);
#10111 = SURFACE_SIDE_STYLE('',(#10112));
#10112 = SURFACE_STYLE_FILL_AREA(#10113);
#10113 = FILL_AREA_STYLE('',(#10114));
#10114 = FILL_AREA_STYLE_COLOUR('',#9862);
#10115 = STYLED_ITEM('color',(#10116),#8223);
#10116 = PRESENTATION_STYLE_ASSIGNMENT((#10117));
#10117 = SURFACE_STYLE_USAGE(.BOTH.,#10118);
#10118 = SURFACE_SIDE_STYLE('',(#10119));
#10119 = SURFACE_STYLE_FILL_AREA(#10120);
#10120 = FILL_AREA_STYLE('',(#10121));
#10121 = FILL_AREA_STYLE_COLOUR('',#9862);
#10122 = STYLED_ITEM('color',(#10123),#8240);
#10123 = PRESENTATION_STYLE_ASSIGNMENT((#10124));
#10124 = SURFACE_STYLE_USAGE(.BOTH.,#10125);
#10125 = SURFACE_SIDE_STYLE('',(#10126));
#10126 = SURFACE_STYLE_FILL_AREA(#10127);
#10127 = FILL_AREA_STYLE('',(#10128));
#10128 = FILL_AREA_STYLE_COLOUR('',#9862);
#10129 = STYLED_ITEM('color',(#10130),#8257);
#10130 = PRESENTATION_STYLE_ASSIGNMENT((#10131));
#10131 = SURFACE_STYLE_USAGE(.BOTH.,#10132);
#10132 = SURFACE_SIDE_STYLE('',(#10133));
#10133 = SURFACE_STYLE_FILL_AREA(#10134);
#10134 = FILL_AREA_STYLE('',(#10135));
#10135 = FILL_AREA_STYLE_COLOUR('',#9862);
#10136 = STYLED_ITEM('color',(#10137),#8269);
#10137 = PRESENTATION_STYLE_ASSIGNMENT((#10138));
#10138 = SURFACE_STYLE_USAGE(.BOTH.,#10139);
#10139 = SURFACE_SIDE_STYLE('',(#10140));
#10140 = SURFACE_STYLE_FILL_AREA(#10141);
#10141 = FILL_AREA_STYLE('',(#10142));
#10142 = FILL_AREA_STYLE_COLOUR('',#9862);
#10143 = STYLED_ITEM('color',(#10144),#8281);
#10144 = PRESENTATION_STYLE_ASSIGNMENT((#10145));
#10145 = SURFACE_STYLE_USAGE(.BOTH.,#10146);
#10146 = SURFACE_SIDE_STYLE('',(#10147));
#10147 = SURFACE_STYLE_FILL_AREA(#10148);
#10148 = FILL_AREA_STYLE('',(#10149));
#10149 = FILL_AREA_STYLE_COLOUR('',#9862);
#10150 = MECHANICAL_DESIGN_GEOMETRIC_PRESENTATION_REPRESENTATION('',(
    #10151,#10158,#10165,#10172,#10179,#10186,#10193,#10200,#10207,
    #10214,#10221,#10228,#10235,#10242,#10249,#10256,#10263,#10270,
    #10277,#10284,#10291,#10298,#10305,#10312,#10319,#10326,#10333,
    #10340,#10347,#10354,#10361,#10368,#10375,#10382,#10389,#10396,
    #10403,#10410,#10417,#10424,#10431,#10438,#10445,#10452,#10459,
    #10466,#10473,#10480,#10487,#10494,#10501,#10508),#6630);
#10151 = STYLED_ITEM('color',(#10152),#5200);
#10152 = PRESENTATION_STYLE_ASSIGNMENT((#10153));
#10153 = SURFACE_STYLE_USAGE(.BOTH.,#10154);
#10154 = SURFACE_SIDE_STYLE('',(#10155));
#10155 = SURFACE_STYLE_FILL_AREA(#10156);
#10156 = FILL_AREA_STYLE('',(#10157));
#10157 = FILL_AREA_STYLE_COLOUR('',#9749);
#10158 = STYLED_ITEM('color',(#10159),#5240);
#10159 = PRESENTATION_STYLE_ASSIGNMENT((#10160));
#10160 = SURFACE_STYLE_USAGE(.BOTH.,#10161);
#10161 = SURFACE_SIDE_STYLE('',(#10162));
#10162 = SURFACE_STYLE_FILL_AREA(#10163);
#10163 = FILL_AREA_STYLE('',(#10164));
#10164 = FILL_AREA_STYLE_COLOUR('',#9749);
#10165 = STYLED_ITEM('color',(#10166),#5271);
#10166 = PRESENTATION_STYLE_ASSIGNMENT((#10167));
#10167 = SURFACE_STYLE_USAGE(.BOTH.,#10168);
#10168 = SURFACE_SIDE_STYLE('',(#10169));
#10169 = SURFACE_STYLE_FILL_AREA(#10170);
#10170 = FILL_AREA_STYLE('',(#10171));
#10171 = FILL_AREA_STYLE_COLOUR('',#9749);
#10172 = STYLED_ITEM('color',(#10173),#5302);
#10173 = PRESENTATION_STYLE_ASSIGNMENT((#10174));
#10174 = SURFACE_STYLE_USAGE(.BOTH.,#10175);
#10175 = SURFACE_SIDE_STYLE('',(#10176));
#10176 = SURFACE_STYLE_FILL_AREA(#10177);
#10177 = FILL_AREA_STYLE('',(#10178));
#10178 = FILL_AREA_STYLE_COLOUR('',#9749);
#10179 = STYLED_ITEM('color',(#10180),#5467);
#10180 = PRESENTATION_STYLE_ASSIGNMENT((#10181));
#10181 = SURFACE_STYLE_USAGE(.BOTH.,#10182);
#10182 = SURFACE_SIDE_STYLE('',(#10183));
#10183 = SURFACE_STYLE_FILL_AREA(#10184);
#10184 = FILL_AREA_STYLE('',(#10185));
#10185 = FILL_AREA_STYLE_COLOUR('',#9749);
#10186 = STYLED_ITEM('color',(#10187),#5632);
#10187 = PRESENTATION_STYLE_ASSIGNMENT((#10188));
#10188 = SURFACE_STYLE_USAGE(.BOTH.,#10189);
#10189 = SURFACE_SIDE_STYLE('',(#10190));
#10190 = SURFACE_STYLE_FILL_AREA(#10191);
#10191 = FILL_AREA_STYLE('',(#10192));
#10192 = FILL_AREA_STYLE_COLOUR('',#9749);
#10193 = STYLED_ITEM('color',(#10194),#5649);
#10194 = PRESENTATION_STYLE_ASSIGNMENT((#10195));
#10195 = SURFACE_STYLE_USAGE(.BOTH.,#10196);
#10196 = SURFACE_SIDE_STYLE('',(#10197));
#10197 = SURFACE_STYLE_FILL_AREA(#10198);
#10198 = FILL_AREA_STYLE('',(#10199));
#10199 = FILL_AREA_STYLE_COLOUR('',#9749);
#10200 = STYLED_ITEM('color',(#10201),#5666);
#10201 = PRESENTATION_STYLE_ASSIGNMENT((#10202));
#10202 = SURFACE_STYLE_USAGE(.BOTH.,#10203);
#10203 = SURFACE_SIDE_STYLE('',(#10204));
#10204 = SURFACE_STYLE_FILL_AREA(#10205);
#10205 = FILL_AREA_STYLE('',(#10206));
#10206 = FILL_AREA_STYLE_COLOUR('',#9749);
#10207 = STYLED_ITEM('color',(#10208),#5683);
#10208 = PRESENTATION_STYLE_ASSIGNMENT((#10209));
#10209 = SURFACE_STYLE_USAGE(.BOTH.,#10210);
#10210 = SURFACE_SIDE_STYLE('',(#10211));
#10211 = SURFACE_STYLE_FILL_AREA(#10212);
#10212 = FILL_AREA_STYLE('',(#10213));
#10213 = FILL_AREA_STYLE_COLOUR('',#9749);
#10214 = STYLED_ITEM('color',(#10215),#5700);
#10215 = PRESENTATION_STYLE_ASSIGNMENT((#10216));
#10216 = SURFACE_STYLE_USAGE(.BOTH.,#10217);
#10217 = SURFACE_SIDE_STYLE('',(#10218));
#10218 = SURFACE_STYLE_FILL_AREA(#10219);
#10219 = FILL_AREA_STYLE('',(#10220));
#10220 = FILL_AREA_STYLE_COLOUR('',#9749);
#10221 = STYLED_ITEM('color',(#10222),#5717);
#10222 = PRESENTATION_STYLE_ASSIGNMENT((#10223));
#10223 = SURFACE_STYLE_USAGE(.BOTH.,#10224);
#10224 = SURFACE_SIDE_STYLE('',(#10225));
#10225 = SURFACE_STYLE_FILL_AREA(#10226);
#10226 = FILL_AREA_STYLE('',(#10227));
#10227 = FILL_AREA_STYLE_COLOUR('',#9749);
#10228 = STYLED_ITEM('color',(#10229),#5734);
#10229 = PRESENTATION_STYLE_ASSIGNMENT((#10230));
#10230 = SURFACE_STYLE_USAGE(.BOTH.,#10231);
#10231 = SURFACE_SIDE_STYLE('',(#10232));
#10232 = SURFACE_STYLE_FILL_AREA(#10233);
#10233 = FILL_AREA_STYLE('',(#10234));
#10234 = FILL_AREA_STYLE_COLOUR('',#9749);
#10235 = STYLED_ITEM('color',(#10236),#5751);
#10236 = PRESENTATION_STYLE_ASSIGNMENT((#10237));
#10237 = SURFACE_STYLE_USAGE(.BOTH.,#10238);
#10238 = SURFACE_SIDE_STYLE('',(#10239));
#10239 = SURFACE_STYLE_FILL_AREA(#10240);
#10240 = FILL_AREA_STYLE('',(#10241));
#10241 = FILL_AREA_STYLE_COLOUR('',#9749);
#10242 = STYLED_ITEM('color',(#10243),#5768);
#10243 = PRESENTATION_STYLE_ASSIGNMENT((#10244));
#10244 = SURFACE_STYLE_USAGE(.BOTH.,#10245);
#10245 = SURFACE_SIDE_STYLE('',(#10246));
#10246 = SURFACE_STYLE_FILL_AREA(#10247);
#10247 = FILL_AREA_STYLE('',(#10248));
#10248 = FILL_AREA_STYLE_COLOUR('',#9749);
#10249 = STYLED_ITEM('color',(#10250),#5785);
#10250 = PRESENTATION_STYLE_ASSIGNMENT((#10251));
#10251 = SURFACE_STYLE_USAGE(.BOTH.,#10252);
#10252 = SURFACE_SIDE_STYLE('',(#10253));
#10253 = SURFACE_STYLE_FILL_AREA(#10254);
#10254 = FILL_AREA_STYLE('',(#10255));
#10255 = FILL_AREA_STYLE_COLOUR('',#9749);
#10256 = STYLED_ITEM('color',(#10257),#5802);
#10257 = PRESENTATION_STYLE_ASSIGNMENT((#10258));
#10258 = SURFACE_STYLE_USAGE(.BOTH.,#10259);
#10259 = SURFACE_SIDE_STYLE('',(#10260));
#10260 = SURFACE_STYLE_FILL_AREA(#10261);
#10261 = FILL_AREA_STYLE('',(#10262));
#10262 = FILL_AREA_STYLE_COLOUR('',#9749);
#10263 = STYLED_ITEM('color',(#10264),#5814);
#10264 = PRESENTATION_STYLE_ASSIGNMENT((#10265));
#10265 = SURFACE_STYLE_USAGE(.BOTH.,#10266);
#10266 = SURFACE_SIDE_STYLE('',(#10267));
#10267 = SURFACE_STYLE_FILL_AREA(#10268);
#10268 = FILL_AREA_STYLE('',(#10269));
#10269 = FILL_AREA_STYLE_COLOUR('',#9862);
#10270 = STYLED_ITEM('color',(#10271),#5845);
#10271 = PRESENTATION_STYLE_ASSIGNMENT((#10272));
#10272 = SURFACE_STYLE_USAGE(.BOTH.,#10273);
#10273 = SURFACE_SIDE_STYLE('',(#10274));
#10274 = SURFACE_STYLE_FILL_AREA(#10275);
#10275 = FILL_AREA_STYLE('',(#10276));
#10276 = FILL_AREA_STYLE_COLOUR('',#9862);
#10277 = STYLED_ITEM('color',(#10278),#5869);
#10278 = PRESENTATION_STYLE_ASSIGNMENT((#10279));
#10279 = SURFACE_STYLE_USAGE(.BOTH.,#10280);
#10280 = SURFACE_SIDE_STYLE('',(#10281));
#10281 = SURFACE_STYLE_FILL_AREA(#10282);
#10282 = FILL_AREA_STYLE('',(#10283));
#10283 = FILL_AREA_STYLE_COLOUR('',#9862);
#10284 = STYLED_ITEM('color',(#10285),#5893);
#10285 = PRESENTATION_STYLE_ASSIGNMENT((#10286));
#10286 = SURFACE_STYLE_USAGE(.BOTH.,#10287);
#10287 = SURFACE_SIDE_STYLE('',(#10288));
#10288 = SURFACE_STYLE_FILL_AREA(#10289);
#10289 = FILL_AREA_STYLE('',(#10290));
#10290 = FILL_AREA_STYLE_COLOUR('',#9862);
#10291 = STYLED_ITEM('color',(#10292),#5910);
#10292 = PRESENTATION_STYLE_ASSIGNMENT((#10293));
#10293 = SURFACE_STYLE_USAGE(.BOTH.,#10294);
#10294 = SURFACE_SIDE_STYLE('',(#10295));
#10295 = SURFACE_STYLE_FILL_AREA(#10296);
#10296 = FILL_AREA_STYLE('',(#10297));
#10297 = FILL_AREA_STYLE_COLOUR('',#9862);
#10298 = STYLED_ITEM('color',(#10299),#5941);
#10299 = PRESENTATION_STYLE_ASSIGNMENT((#10300));
#10300 = SURFACE_STYLE_USAGE(.BOTH.,#10301);
#10301 = SURFACE_SIDE_STYLE('',(#10302));
#10302 = SURFACE_STYLE_FILL_AREA(#10303);
#10303 = FILL_AREA_STYLE('',(#10304));
#10304 = FILL_AREA_STYLE_COLOUR('',#9862);
#10305 = STYLED_ITEM('color',(#10306),#5965);
#10306 = PRESENTATION_STYLE_ASSIGNMENT((#10307));
#10307 = SURFACE_STYLE_USAGE(.BOTH.,#10308);
#10308 = SURFACE_SIDE_STYLE('',(#10309));
#10309 = SURFACE_STYLE_FILL_AREA(#10310);
#10310 = FILL_AREA_STYLE('',(#10311));
#10311 = FILL_AREA_STYLE_COLOUR('',#9862);
#10312 = STYLED_ITEM('color',(#10313),#5989);
#10313 = PRESENTATION_STYLE_ASSIGNMENT((#10314));
#10314 = SURFACE_STYLE_USAGE(.BOTH.,#10315);
#10315 = SURFACE_SIDE_STYLE('',(#10316));
#10316 = SURFACE_STYLE_FILL_AREA(#10317);
#10317 = FILL_AREA_STYLE('',(#10318));
#10318 = FILL_AREA_STYLE_COLOUR('',#9862);
#10319 = STYLED_ITEM('color',(#10320),#6006);
#10320 = PRESENTATION_STYLE_ASSIGNMENT((#10321));
#10321 = SURFACE_STYLE_USAGE(.BOTH.,#10322);
#10322 = SURFACE_SIDE_STYLE('',(#10323));
#10323 = SURFACE_STYLE_FILL_AREA(#10324);
#10324 = FILL_AREA_STYLE('',(#10325));
#10325 = FILL_AREA_STYLE_COLOUR('',#9862);
#10326 = STYLED_ITEM('color',(#10327),#6037);
#10327 = PRESENTATION_STYLE_ASSIGNMENT((#10328));
#10328 = SURFACE_STYLE_USAGE(.BOTH.,#10329);
#10329 = SURFACE_SIDE_STYLE('',(#10330));
#10330 = SURFACE_STYLE_FILL_AREA(#10331);
#10331 = FILL_AREA_STYLE('',(#10332));
#10332 = FILL_AREA_STYLE_COLOUR('',#9862);
#10333 = STYLED_ITEM('color',(#10334),#6061);
#10334 = PRESENTATION_STYLE_ASSIGNMENT((#10335));
#10335 = SURFACE_STYLE_USAGE(.BOTH.,#10336);
#10336 = SURFACE_SIDE_STYLE('',(#10337));
#10337 = SURFACE_STYLE_FILL_AREA(#10338);
#10338 = FILL_AREA_STYLE('',(#10339));
#10339 = FILL_AREA_STYLE_COLOUR('',#9862);
#10340 = STYLED_ITEM('color',(#10341),#6085);
#10341 = PRESENTATION_STYLE_ASSIGNMENT((#10342));
#10342 = SURFACE_STYLE_USAGE(.BOTH.,#10343);
#10343 = SURFACE_SIDE_STYLE('',(#10344));
#10344 = SURFACE_STYLE_FILL_AREA(#10345);
#10345 = FILL_AREA_STYLE('',(#10346));
#10346 = FILL_AREA_STYLE_COLOUR('',#9862);
#10347 = STYLED_ITEM('color',(#10348),#6102);
#10348 = PRESENTATION_STYLE_ASSIGNMENT((#10349));
#10349 = SURFACE_STYLE_USAGE(.BOTH.,#10350);
#10350 = SURFACE_SIDE_STYLE('',(#10351));
#10351 = SURFACE_STYLE_FILL_AREA(#10352);
#10352 = FILL_AREA_STYLE('',(#10353));
#10353 = FILL_AREA_STYLE_COLOUR('',#9862);
#10354 = STYLED_ITEM('color',(#10355),#6133);
#10355 = PRESENTATION_STYLE_ASSIGNMENT((#10356));
#10356 = SURFACE_STYLE_USAGE(.BOTH.,#10357);
#10357 = SURFACE_SIDE_STYLE('',(#10358));
#10358 = SURFACE_STYLE_FILL_AREA(#10359);
#10359 = FILL_AREA_STYLE('',(#10360));
#10360 = FILL_AREA_STYLE_COLOUR('',#9862);
#10361 = STYLED_ITEM('color',(#10362),#6157);
#10362 = PRESENTATION_STYLE_ASSIGNMENT((#10363));
#10363 = SURFACE_STYLE_USAGE(.BOTH.,#10364);
#10364 = SURFACE_SIDE_STYLE('',(#10365));
#10365 = SURFACE_STYLE_FILL_AREA(#10366);
#10366 = FILL_AREA_STYLE('',(#10367));
#10367 = FILL_AREA_STYLE_COLOUR('',#9862);
#10368 = STYLED_ITEM('color',(#10369),#6181);
#10369 = PRESENTATION_STYLE_ASSIGNMENT((#10370));
#10370 = SURFACE_STYLE_USAGE(.BOTH.,#10371);
#10371 = SURFACE_SIDE_STYLE('',(#10372));
#10372 = SURFACE_STYLE_FILL_AREA(#10373);
#10373 = FILL_AREA_STYLE('',(#10374));
#10374 = FILL_AREA_STYLE_COLOUR('',#9862);
#10375 = STYLED_ITEM('color',(#10376),#6198);
#10376 = PRESENTATION_STYLE_ASSIGNMENT((#10377));
#10377 = SURFACE_STYLE_USAGE(.BOTH.,#10378);
#10378 = SURFACE_SIDE_STYLE('',(#10379));
#10379 = SURFACE_STYLE_FILL_AREA(#10380);
#10380 = FILL_AREA_STYLE('',(#10381));
#10381 = FILL_AREA_STYLE_COLOUR('',#9862);
#10382 = STYLED_ITEM('color',(#10383),#6229);
#10383 = PRESENTATION_STYLE_ASSIGNMENT((#10384));
#10384 = SURFACE_STYLE_USAGE(.BOTH.,#10385);
#10385 = SURFACE_SIDE_STYLE('',(#10386));
#10386 = SURFACE_STYLE_FILL_AREA(#10387);
#10387 = FILL_AREA_STYLE('',(#10388));
#10388 = FILL_AREA_STYLE_COLOUR('',#9862);
#10389 = STYLED_ITEM('color',(#10390),#6253);
#10390 = PRESENTATION_STYLE_ASSIGNMENT((#10391));
#10391 = SURFACE_STYLE_USAGE(.BOTH.,#10392);
#10392 = SURFACE_SIDE_STYLE('',(#10393));
#10393 = SURFACE_STYLE_FILL_AREA(#10394);
#10394 = FILL_AREA_STYLE('',(#10395));
#10395 = FILL_AREA_STYLE_COLOUR('',#9862);
#10396 = STYLED_ITEM('color',(#10397),#6277);
#10397 = PRESENTATION_STYLE_ASSIGNMENT((#10398));
#10398 = SURFACE_STYLE_USAGE(.BOTH.,#10399);
#10399 = SURFACE_SIDE_STYLE('',(#10400));
#10400 = SURFACE_STYLE_FILL_AREA(#10401);
#10401 = FILL_AREA_STYLE('',(#10402));
#10402 = FILL_AREA_STYLE_COLOUR('',#9862);
#10403 = STYLED_ITEM('color',(#10404),#6294);
#10404 = PRESENTATION_STYLE_ASSIGNMENT((#10405));
#10405 = SURFACE_STYLE_USAGE(.BOTH.,#10406);
#10406 = SURFACE_SIDE_STYLE('',(#10407));
#10407 = SURFACE_STYLE_FILL_AREA(#10408);
#10408 = FILL_AREA_STYLE('',(#10409));
#10409 = FILL_AREA_STYLE_COLOUR('',#9862);
#10410 = STYLED_ITEM('color',(#10411),#6325);
#10411 = PRESENTATION_STYLE_ASSIGNMENT((#10412));
#10412 = SURFACE_STYLE_USAGE(.BOTH.,#10413);
#10413 = SURFACE_SIDE_STYLE('',(#10414));
#10414 = SURFACE_STYLE_FILL_AREA(#10415);
#10415 = FILL_AREA_STYLE('',(#10416));
#10416 = FILL_AREA_STYLE_COLOUR('',#9862);
#10417 = STYLED_ITEM('color',(#10418),#6349);
#10418 = PRESENTATION_STYLE_ASSIGNMENT((#10419));
#10419 = SURFACE_STYLE_USAGE(.BOTH.,#10420);
#10420 = SURFACE_SIDE_STYLE('',(#10421));
#10421 = SURFACE_STYLE_FILL_AREA(#10422);
#10422 = FILL_AREA_STYLE('',(#10423));
#10423 = FILL_AREA_STYLE_COLOUR('',#9862);
#10424 = STYLED_ITEM('color',(#10425),#6373);
#10425 = PRESENTATION_STYLE_ASSIGNMENT((#10426));
#10426 = SURFACE_STYLE_USAGE(.BOTH.,#10427);
#10427 = SURFACE_SIDE_STYLE('',(#10428));
#10428 = SURFACE_STYLE_FILL_AREA(#10429);
#10429 = FILL_AREA_STYLE('',(#10430));
#10430 = FILL_AREA_STYLE_COLOUR('',#9862);
#10431 = STYLED_ITEM('color',(#10432),#6390);
#10432 = PRESENTATION_STYLE_ASSIGNMENT((#10433));
#10433 = SURFACE_STYLE_USAGE(.BOTH.,#10434);
#10434 = SURFACE_SIDE_STYLE('',(#10435));
#10435 = SURFACE_STYLE_FILL_AREA(#10436);
#10436 = FILL_AREA_STYLE('',(#10437));
#10437 = FILL_AREA_STYLE_COLOUR('',#9862);
#10438 = STYLED_ITEM('color',(#10439),#6421);
#10439 = PRESENTATION_STYLE_ASSIGNMENT((#10440));
#10440 = SURFACE_STYLE_USAGE(.BOTH.,#10441);
#10441 = SURFACE_SIDE_STYLE('',(#10442));
#10442 = SURFACE_STYLE_FILL_AREA(#10443);
#10443 = FILL_AREA_STYLE('',(#10444));
#10444 = FILL_AREA_STYLE_COLOUR('',#9862);
#10445 = STYLED_ITEM('color',(#10446),#6445);
#10446 = PRESENTATION_STYLE_ASSIGNMENT((#10447));
#10447 = SURFACE_STYLE_USAGE(.BOTH.,#10448);
#10448 = SURFACE_SIDE_STYLE('',(#10449));
#10449 = SURFACE_STYLE_FILL_AREA(#10450);
#10450 = FILL_AREA_STYLE('',(#10451));
#10451 = FILL_AREA_STYLE_COLOUR('',#9862);
#10452 = STYLED_ITEM('color',(#10453),#6469);
#10453 = PRESENTATION_STYLE_ASSIGNMENT((#10454));
#10454 = SURFACE_STYLE_USAGE(.BOTH.,#10455);
#10455 = SURFACE_SIDE_STYLE('',(#10456));
#10456 = SURFACE_STYLE_FILL_AREA(#10457);
#10457 = FILL_AREA_STYLE('',(#10458));
#10458 = FILL_AREA_STYLE_COLOUR('',#9862);
#10459 = STYLED_ITEM('color',(#10460),#6486);
#10460 = PRESENTATION_STYLE_ASSIGNMENT((#10461));
#10461 = SURFACE_STYLE_USAGE(.BOTH.,#10462);
#10462 = SURFACE_SIDE_STYLE('',(#10463));
#10463 = SURFACE_STYLE_FILL_AREA(#10464);
#10464 = FILL_AREA_STYLE('',(#10465));
#10465 = FILL_AREA_STYLE_COLOUR('',#9862);
#10466 = STYLED_ITEM('color',(#10467),#6517);
#10467 = PRESENTATION_STYLE_ASSIGNMENT((#10468));
#10468 = SURFACE_STYLE_USAGE(.BOTH.,#10469);
#10469 = SURFACE_SIDE_STYLE('',(#10470));
#10470 = SURFACE_STYLE_FILL_AREA(#10471);
#10471 = FILL_AREA_STYLE('',(#10472));
#10472 = FILL_AREA_STYLE_COLOUR('',#9862);
#10473 = STYLED_ITEM('color',(#10474),#6541);
#10474 = PRESENTATION_STYLE_ASSIGNMENT((#10475));
#10475 = SURFACE_STYLE_USAGE(.BOTH.,#10476);
#10476 = SURFACE_SIDE_STYLE('',(#10477));
#10477 = SURFACE_STYLE_FILL_AREA(#10478);
#10478 = FILL_AREA_STYLE('',(#10479));
#10479 = FILL_AREA_STYLE_COLOUR('',#9862);
#10480 = STYLED_ITEM('color',(#10481),#6565);
#10481 = PRESENTATION_STYLE_ASSIGNMENT((#10482));
#10482 = SURFACE_STYLE_USAGE(.BOTH.,#10483);
#10483 = SURFACE_SIDE_STYLE('',(#10484));
#10484 = SURFACE_STYLE_FILL_AREA(#10485);
#10485 = FILL_AREA_STYLE('',(#10486));
#10486 = FILL_AREA_STYLE_COLOUR('',#9862);
#10487 = STYLED_ITEM('color',(#10488),#6582);
#10488 = PRESENTATION_STYLE_ASSIGNMENT((#10489));
#10489 = SURFACE_STYLE_USAGE(.BOTH.,#10490);
#10490 = SURFACE_SIDE_STYLE('',(#10491));
#10491 = SURFACE_STYLE_FILL_AREA(#10492);
#10492 = FILL_AREA_STYLE('',(#10493));
#10493 = FILL_AREA_STYLE_COLOUR('',#9862);
#10494 = STYLED_ITEM('color',(#10495),#6594);
#10495 = PRESENTATION_STYLE_ASSIGNMENT((#10496));
#10496 = SURFACE_STYLE_USAGE(.BOTH.,#10497);
#10497 = SURFACE_SIDE_STYLE('',(#10498));
#10498 = SURFACE_STYLE_FILL_AREA(#10499);
#10499 = FILL_AREA_STYLE('',(#10500));
#10500 = FILL_AREA_STYLE_COLOUR('',#9862);
#10501 = STYLED_ITEM('color',(#10502),#6606);
#10502 = PRESENTATION_STYLE_ASSIGNMENT((#10503));
#10503 = SURFACE_STYLE_USAGE(.BOTH.,#10504);
#10504 = SURFACE_SIDE_STYLE('',(#10505));
#10505 = SURFACE_STYLE_FILL_AREA(#10506);
#10506 = FILL_AREA_STYLE('',(#10507));
#10507 = FILL_AREA_STYLE_COLOUR('',#9862);
#10508 = STYLED_ITEM('color',(#10509),#6618);
#10509 = PRESENTATION_STYLE_ASSIGNMENT((#10510));
#10510 = SURFACE_STYLE_USAGE(.BOTH.,#10511);
#10511 = SURFACE_SIDE_STYLE('',(#10512));
#10512 = SURFACE_STYLE_FILL_AREA(#10513);
#10513 = FILL_AREA_STYLE('',(#10514));
#10514 = FILL_AREA_STYLE_COLOUR('',#9862);
#10515 = MECHANICAL_DESIGN_GEOMETRIC_PRESENTATION_REPRESENTATION('',(
    #10516,#10524,#10531,#10538,#10545,#10552,#10559,#10567,#10574,
    #10581,#10588,#10595,#10602,#10609,#10616),#416);
#10516 = STYLED_ITEM('color',(#10517),#83);
#10517 = PRESENTATION_STYLE_ASSIGNMENT((#10518));
#10518 = SURFACE_STYLE_USAGE(.BOTH.,#10519);
#10519 = SURFACE_SIDE_STYLE('',(#10520));
#10520 = SURFACE_STYLE_FILL_AREA(#10521);
#10521 = FILL_AREA_STYLE('',(#10522));
#10522 = FILL_AREA_STYLE_COLOUR('',#10523);
#10523 = COLOUR_RGB('',0.823999987314,0.819999987296,0.781000009244);
#10524 = STYLED_ITEM('color',(#10525),#116);
#10525 = PRESENTATION_STYLE_ASSIGNMENT((#10526));
#10526 = SURFACE_STYLE_USAGE(.BOTH.,#10527);
#10527 = SURFACE_SIDE_STYLE('',(#10528));
#10528 = SURFACE_STYLE_FILL_AREA(#10529);
#10529 = FILL_AREA_STYLE('',(#10530));
#10530 = FILL_AREA_STYLE_COLOUR('',#10523);
#10531 = STYLED_ITEM('color',(#10532),#125);
#10532 = PRESENTATION_STYLE_ASSIGNMENT((#10533));
#10533 = SURFACE_STYLE_USAGE(.BOTH.,#10534);
#10534 = SURFACE_SIDE_STYLE('',(#10535));
#10535 = SURFACE_STYLE_FILL_AREA(#10536);
#10536 = FILL_AREA_STYLE('',(#10537));
#10537 = FILL_AREA_STYLE_COLOUR('',#10523);
#10538 = STYLED_ITEM('color',(#10539),#151);
#10539 = PRESENTATION_STYLE_ASSIGNMENT((#10540));
#10540 = SURFACE_STYLE_USAGE(.BOTH.,#10541);
#10541 = SURFACE_SIDE_STYLE('',(#10542));
#10542 = SURFACE_STYLE_FILL_AREA(#10543);
#10543 = FILL_AREA_STYLE('',(#10544));
#10544 = FILL_AREA_STYLE_COLOUR('',#10523);
#10545 = STYLED_ITEM('color',(#10546),#176);
#10546 = PRESENTATION_STYLE_ASSIGNMENT((#10547));
#10547 = SURFACE_STYLE_USAGE(.BOTH.,#10548);
#10548 = SURFACE_SIDE_STYLE('',(#10549));
#10549 = SURFACE_STYLE_FILL_AREA(#10550);
#10550 = FILL_AREA_STYLE('',(#10551));
#10551 = FILL_AREA_STYLE_COLOUR('',#9749);
#10552 = STYLED_ITEM('color',(#10553),#196);
#10553 = PRESENTATION_STYLE_ASSIGNMENT((#10554));
#10554 = SURFACE_STYLE_USAGE(.BOTH.,#10555);
#10555 = SURFACE_SIDE_STYLE('',(#10556));
#10556 = SURFACE_STYLE_FILL_AREA(#10557);
#10557 = FILL_AREA_STYLE('',(#10558));
#10558 = FILL_AREA_STYLE_COLOUR('',#9749);
#10559 = STYLED_ITEM('color',(#10560),#221);
#10560 = PRESENTATION_STYLE_ASSIGNMENT((#10561));
#10561 = SURFACE_STYLE_USAGE(.BOTH.,#10562);
#10562 = SURFACE_SIDE_STYLE('',(#10563));
#10563 = SURFACE_STYLE_FILL_AREA(#10564);
#10564 = FILL_AREA_STYLE('',(#10565));
#10565 = FILL_AREA_STYLE_COLOUR('',#10566);
#10566 = COLOUR_RGB('',0.894999966383,0.890999961016,0.813000030345);
#10567 = STYLED_ITEM('color',(#10568),#241);
#10568 = PRESENTATION_STYLE_ASSIGNMENT((#10569));
#10569 = SURFACE_STYLE_USAGE(.BOTH.,#10570);
#10570 = SURFACE_SIDE_STYLE('',(#10571));
#10571 = SURFACE_STYLE_FILL_AREA(#10572);
#10572 = FILL_AREA_STYLE('',(#10573));
#10573 = FILL_AREA_STYLE_COLOUR('',#10566);
#10574 = STYLED_ITEM('color',(#10575),#266);
#10575 = PRESENTATION_STYLE_ASSIGNMENT((#10576));
#10576 = SURFACE_STYLE_USAGE(.BOTH.,#10577);
#10577 = SURFACE_SIDE_STYLE('',(#10578));
#10578 = SURFACE_STYLE_FILL_AREA(#10579);
#10579 = FILL_AREA_STYLE('',(#10580));
#10580 = FILL_AREA_STYLE_COLOUR('',#10566);
#10581 = STYLED_ITEM('color',(#10582),#286);
#10582 = PRESENTATION_STYLE_ASSIGNMENT((#10583));
#10583 = SURFACE_STYLE_USAGE(.BOTH.,#10584);
#10584 = SURFACE_SIDE_STYLE('',(#10585));
#10585 = SURFACE_STYLE_FILL_AREA(#10586);
#10586 = FILL_AREA_STYLE('',(#10587));
#10587 = FILL_AREA_STYLE_COLOUR('',#9749);
#10588 = STYLED_ITEM('color',(#10589),#311);
#10589 = PRESENTATION_STYLE_ASSIGNMENT((#10590));
#10590 = SURFACE_STYLE_USAGE(.BOTH.,#10591);
#10591 = SURFACE_SIDE_STYLE('',(#10592));
#10592 = SURFACE_STYLE_FILL_AREA(#10593);
#10593 = FILL_AREA_STYLE('',(#10594));
#10594 = FILL_AREA_STYLE_COLOUR('',#9749);
#10595 = STYLED_ITEM('color',(#10596),#331);
#10596 = PRESENTATION_STYLE_ASSIGNMENT((#10597));
#10597 = SURFACE_STYLE_USAGE(.BOTH.,#10598);
#10598 = SURFACE_SIDE_STYLE('',(#10599));
#10599 = SURFACE_STYLE_FILL_AREA(#10600);
#10600 = FILL_AREA_STYLE('',(#10601));
#10601 = FILL_AREA_STYLE_COLOUR('',#10523);
#10602 = STYLED_ITEM('color',(#10603),#356);
#10603 = PRESENTATION_STYLE_ASSIGNMENT((#10604));
#10604 = SURFACE_STYLE_USAGE(.BOTH.,#10605);
#10605 = SURFACE_SIDE_STYLE('',(#10606));
#10606 = SURFACE_STYLE_FILL_AREA(#10607);
#10607 = FILL_AREA_STYLE('',(#10608));
#10608 = FILL_AREA_STYLE_COLOUR('',#10523);
#10609 = STYLED_ITEM('color',(#10610),#382);
#10610 = PRESENTATION_STYLE_ASSIGNMENT((#10611));
#10611 = SURFACE_STYLE_USAGE(.BOTH.,#10612);
#10612 = SURFACE_SIDE_STYLE('',(#10613));
#10613 = SURFACE_STYLE_FILL_AREA(#10614);
#10614 = FILL_AREA_STYLE('',(#10615));
#10615 = FILL_AREA_STYLE_COLOUR('',#10523);
#10616 = STYLED_ITEM('color',(#10617),#407);
#10617 = PRESENTATION_STYLE_ASSIGNMENT((#10618));
#10618 = SURFACE_STYLE_USAGE(.BOTH.,#10619);
#10619 = SURFACE_SIDE_STYLE('',(#10620));
#10620 = SURFACE_STYLE_FILL_AREA(#10621);
#10621 = FILL_AREA_STYLE('',(#10622));
#10622 = FILL_AREA_STYLE_COLOUR('',#10523);
#10623 = MECHANICAL_DESIGN_GEOMETRIC_PRESENTATION_REPRESENTATION('',(
    #10624),#9730);
#10624 = STYLED_ITEM('color',(#10625),#8332);
#10625 = PRESENTATION_STYLE_ASSIGNMENT((#10626));
#10626 = SURFACE_STYLE_USAGE(.BOTH.,#10627);
#10627 = SURFACE_SIDE_STYLE('',(#10628));
#10628 = SURFACE_STYLE_FILL_AREA(#10629);
#10629 = FILL_AREA_STYLE('',(#10630));
#10630 = FILL_AREA_STYLE_COLOUR('',#10631);
#10631 = COLOUR_RGB('',0.313304153717,0.484529207832,0.410020903123);
#10632 = MECHANICAL_DESIGN_GEOMETRIC_PRESENTATION_REPRESENTATION('',(
    #10633,#10640,#10647,#10654,#10661,#10668,#10675,#10682,#10689,
    #10696,#10703,#10710,#10717,#10724,#10731,#10738,#10745,#10752,
    #10759,#10766,#10773,#10780,#10787,#10794,#10801,#10808,#10815,
    #10822,#10829,#10836,#10843,#10850,#10857,#10864,#10871,#10878,
    #10885,#10892,#10899,#10906,#10913,#10920,#10927,#10934,#10941,
    #10948,#10955,#10962,#10969,#10976,#10983,#10990,#10997,#11004,
    #11011,#11018,#11025,#11032,#11039,#11046,#11053,#11060,#11067,
    #11074,#11081,#11088,#11095,#11102,#11109,#11116,#11123,#11130,
    #11137,#11144,#11151,#11158,#11165,#11172,#11179,#11186,#11193,
    #11200,#11207,#11214,#11221,#11228,#11235,#11242,#11249,#11256,
    #11263,#11270,#11277,#11284,#11291,#11298,#11305,#11312,#11319,
    #11326,#11333,#11340,#11347,#11354,#11361,#11368,#11375,#11382,
    #11389,#11396,#11403,#11410,#11417,#11424,#11431,#11438,#11445,
    #11452,#11459,#11466,#11473,#11480,#11487,#11494,#11501,#11508,
    #11515,#11522,#11529,#11536,#11543,#11550,#11557,#11564,#11571,
    #11578,#11585,#11592,#11599,#11606,#11613,#11620,#11627,#11634,
    #11641,#11648,#11655,#11662,#11669,#11676,#11683,#11690,#11697,
    #11704,#11711,#11718,#11725,#11732,#11739,#11746,#11753,#11760,
    #11767,#11774,#11781,#11788),#5169);
#10633 = STYLED_ITEM('color',(#10634),#437);
#10634 = PRESENTATION_STYLE_ASSIGNMENT((#10635));
#10635 = SURFACE_STYLE_USAGE(.BOTH.,#10636);
#10636 = SURFACE_SIDE_STYLE('',(#10637));
#10637 = SURFACE_STYLE_FILL_AREA(#10638);
#10638 = FILL_AREA_STYLE('',(#10639));
#10639 = FILL_AREA_STYLE_COLOUR('',#9749);
#10640 = STYLED_ITEM('color',(#10641),#477);
#10641 = PRESENTATION_STYLE_ASSIGNMENT((#10642));
#10642 = SURFACE_STYLE_USAGE(.BOTH.,#10643);
#10643 = SURFACE_SIDE_STYLE('',(#10644));
#10644 = SURFACE_STYLE_FILL_AREA(#10645);
#10645 = FILL_AREA_STYLE('',(#10646));
#10646 = FILL_AREA_STYLE_COLOUR('',#9749);
#10647 = STYLED_ITEM('color',(#10648),#508);
#10648 = PRESENTATION_STYLE_ASSIGNMENT((#10649));
#10649 = SURFACE_STYLE_USAGE(.BOTH.,#10650);
#10650 = SURFACE_SIDE_STYLE('',(#10651));
#10651 = SURFACE_STYLE_FILL_AREA(#10652);
#10652 = FILL_AREA_STYLE('',(#10653));
#10653 = FILL_AREA_STYLE_COLOUR('',#9749);
#10654 = STYLED_ITEM('color',(#10655),#539);
#10655 = PRESENTATION_STYLE_ASSIGNMENT((#10656));
#10656 = SURFACE_STYLE_USAGE(.BOTH.,#10657);
#10657 = SURFACE_SIDE_STYLE('',(#10658));
#10658 = SURFACE_STYLE_FILL_AREA(#10659);
#10659 = FILL_AREA_STYLE('',(#10660));
#10660 = FILL_AREA_STYLE_COLOUR('',#9749);
#10661 = STYLED_ITEM('color',(#10662),#1032);
#10662 = PRESENTATION_STYLE_ASSIGNMENT((#10663));
#10663 = SURFACE_STYLE_USAGE(.BOTH.,#10664);
#10664 = SURFACE_SIDE_STYLE('',(#10665));
#10665 = SURFACE_STYLE_FILL_AREA(#10666);
#10666 = FILL_AREA_STYLE('',(#10667));
#10667 = FILL_AREA_STYLE_COLOUR('',#9749);
#10668 = STYLED_ITEM('color',(#10669),#1525);
#10669 = PRESENTATION_STYLE_ASSIGNMENT((#10670));
#10670 = SURFACE_STYLE_USAGE(.BOTH.,#10671);
#10671 = SURFACE_SIDE_STYLE('',(#10672));
#10672 = SURFACE_STYLE_FILL_AREA(#10673);
#10673 = FILL_AREA_STYLE('',(#10674));
#10674 = FILL_AREA_STYLE_COLOUR('',#9749);
#10675 = STYLED_ITEM('color',(#10676),#1542);
#10676 = PRESENTATION_STYLE_ASSIGNMENT((#10677));
#10677 = SURFACE_STYLE_USAGE(.BOTH.,#10678);
#10678 = SURFACE_SIDE_STYLE('',(#10679));
#10679 = SURFACE_STYLE_FILL_AREA(#10680);
#10680 = FILL_AREA_STYLE('',(#10681));
#10681 = FILL_AREA_STYLE_COLOUR('',#9749);
#10682 = STYLED_ITEM('color',(#10683),#1559);
#10683 = PRESENTATION_STYLE_ASSIGNMENT((#10684));
#10684 = SURFACE_STYLE_USAGE(.BOTH.,#10685);
#10685 = SURFACE_SIDE_STYLE('',(#10686));
#10686 = SURFACE_STYLE_FILL_AREA(#10687);
#10687 = FILL_AREA_STYLE('',(#10688));
#10688 = FILL_AREA_STYLE_COLOUR('',#9749);
#10689 = STYLED_ITEM('color',(#10690),#1576);
#10690 = PRESENTATION_STYLE_ASSIGNMENT((#10691));
#10691 = SURFACE_STYLE_USAGE(.BOTH.,#10692);
#10692 = SURFACE_SIDE_STYLE('',(#10693));
#10693 = SURFACE_STYLE_FILL_AREA(#10694);
#10694 = FILL_AREA_STYLE('',(#10695));
#10695 = FILL_AREA_STYLE_COLOUR('',#9749);
#10696 = STYLED_ITEM('color',(#10697),#1593);
#10697 = PRESENTATION_STYLE_ASSIGNMENT((#10698));
#10698 = SURFACE_STYLE_USAGE(.BOTH.,#10699);
#10699 = SURFACE_SIDE_STYLE('',(#10700));
#10700 = SURFACE_STYLE_FILL_AREA(#10701);
#10701 = FILL_AREA_STYLE('',(#10702));
#10702 = FILL_AREA_STYLE_COLOUR('',#9749);
#10703 = STYLED_ITEM('color',(#10704),#1610);
#10704 = PRESENTATION_STYLE_ASSIGNMENT((#10705));
#10705 = SURFACE_STYLE_USAGE(.BOTH.,#10706);
#10706 = SURFACE_SIDE_STYLE('',(#10707));
#10707 = SURFACE_STYLE_FILL_AREA(#10708);
#10708 = FILL_AREA_STYLE('',(#10709));
#10709 = FILL_AREA_STYLE_COLOUR('',#9749);
#10710 = STYLED_ITEM('color',(#10711),#1627);
#10711 = PRESENTATION_STYLE_ASSIGNMENT((#10712));
#10712 = SURFACE_STYLE_USAGE(.BOTH.,#10713);
#10713 = SURFACE_SIDE_STYLE('',(#10714));
#10714 = SURFACE_STYLE_FILL_AREA(#10715);
#10715 = FILL_AREA_STYLE('',(#10716));
#10716 = FILL_AREA_STYLE_COLOUR('',#9749);
#10717 = STYLED_ITEM('color',(#10718),#1644);
#10718 = PRESENTATION_STYLE_ASSIGNMENT((#10719));
#10719 = SURFACE_STYLE_USAGE(.BOTH.,#10720);
#10720 = SURFACE_SIDE_STYLE('',(#10721));
#10721 = SURFACE_STYLE_FILL_AREA(#10722);
#10722 = FILL_AREA_STYLE('',(#10723));
#10723 = FILL_AREA_STYLE_COLOUR('',#9749);
#10724 = STYLED_ITEM('color',(#10725),#1661);
#10725 = PRESENTATION_STYLE_ASSIGNMENT((#10726));
#10726 = SURFACE_STYLE_USAGE(.BOTH.,#10727);
#10727 = SURFACE_SIDE_STYLE('',(#10728));
#10728 = SURFACE_STYLE_FILL_AREA(#10729);
#10729 = FILL_AREA_STYLE('',(#10730));
#10730 = FILL_AREA_STYLE_COLOUR('',#9749);
#10731 = STYLED_ITEM('color',(#10732),#1678);
#10732 = PRESENTATION_STYLE_ASSIGNMENT((#10733));
#10733 = SURFACE_STYLE_USAGE(.BOTH.,#10734);
#10734 = SURFACE_SIDE_STYLE('',(#10735));
#10735 = SURFACE_STYLE_FILL_AREA(#10736);
#10736 = FILL_AREA_STYLE('',(#10737));
#10737 = FILL_AREA_STYLE_COLOUR('',#9749);
#10738 = STYLED_ITEM('color',(#10739),#1695);
#10739 = PRESENTATION_STYLE_ASSIGNMENT((#10740));
#10740 = SURFACE_STYLE_USAGE(.BOTH.,#10741);
#10741 = SURFACE_SIDE_STYLE('',(#10742));
#10742 = SURFACE_STYLE_FILL_AREA(#10743);
#10743 = FILL_AREA_STYLE('',(#10744));
#10744 = FILL_AREA_STYLE_COLOUR('',#9749);
#10745 = STYLED_ITEM('color',(#10746),#1712);
#10746 = PRESENTATION_STYLE_ASSIGNMENT((#10747));
#10747 = SURFACE_STYLE_USAGE(.BOTH.,#10748);
#10748 = SURFACE_SIDE_STYLE('',(#10749));
#10749 = SURFACE_STYLE_FILL_AREA(#10750);
#10750 = FILL_AREA_STYLE('',(#10751));
#10751 = FILL_AREA_STYLE_COLOUR('',#9749);
#10752 = STYLED_ITEM('color',(#10753),#1729);
#10753 = PRESENTATION_STYLE_ASSIGNMENT((#10754));
#10754 = SURFACE_STYLE_USAGE(.BOTH.,#10755);
#10755 = SURFACE_SIDE_STYLE('',(#10756));
#10756 = SURFACE_STYLE_FILL_AREA(#10757);
#10757 = FILL_AREA_STYLE('',(#10758));
#10758 = FILL_AREA_STYLE_COLOUR('',#9749);
#10759 = STYLED_ITEM('color',(#10760),#1746);
#10760 = PRESENTATION_STYLE_ASSIGNMENT((#10761));
#10761 = SURFACE_STYLE_USAGE(.BOTH.,#10762);
#10762 = SURFACE_SIDE_STYLE('',(#10763));
#10763 = SURFACE_STYLE_FILL_AREA(#10764);
#10764 = FILL_AREA_STYLE('',(#10765));
#10765 = FILL_AREA_STYLE_COLOUR('',#9749);
#10766 = STYLED_ITEM('color',(#10767),#1763);
#10767 = PRESENTATION_STYLE_ASSIGNMENT((#10768));
#10768 = SURFACE_STYLE_USAGE(.BOTH.,#10769);
#10769 = SURFACE_SIDE_STYLE('',(#10770));
#10770 = SURFACE_STYLE_FILL_AREA(#10771);
#10771 = FILL_AREA_STYLE('',(#10772));
#10772 = FILL_AREA_STYLE_COLOUR('',#9749);
#10773 = STYLED_ITEM('color',(#10774),#1780);
#10774 = PRESENTATION_STYLE_ASSIGNMENT((#10775));
#10775 = SURFACE_STYLE_USAGE(.BOTH.,#10776);
#10776 = SURFACE_SIDE_STYLE('',(#10777));
#10777 = SURFACE_STYLE_FILL_AREA(#10778);
#10778 = FILL_AREA_STYLE('',(#10779));
#10779 = FILL_AREA_STYLE_COLOUR('',#9749);
#10780 = STYLED_ITEM('color',(#10781),#1797);
#10781 = PRESENTATION_STYLE_ASSIGNMENT((#10782));
#10782 = SURFACE_STYLE_USAGE(.BOTH.,#10783);
#10783 = SURFACE_SIDE_STYLE('',(#10784));
#10784 = SURFACE_STYLE_FILL_AREA(#10785);
#10785 = FILL_AREA_STYLE('',(#10786));
#10786 = FILL_AREA_STYLE_COLOUR('',#9749);
#10787 = STYLED_ITEM('color',(#10788),#1814);
#10788 = PRESENTATION_STYLE_ASSIGNMENT((#10789));
#10789 = SURFACE_STYLE_USAGE(.BOTH.,#10790);
#10790 = SURFACE_SIDE_STYLE('',(#10791));
#10791 = SURFACE_STYLE_FILL_AREA(#10792);
#10792 = FILL_AREA_STYLE('',(#10793));
#10793 = FILL_AREA_STYLE_COLOUR('',#9749);
#10794 = STYLED_ITEM('color',(#10795),#1831);
#10795 = PRESENTATION_STYLE_ASSIGNMENT((#10796));
#10796 = SURFACE_STYLE_USAGE(.BOTH.,#10797);
#10797 = SURFACE_SIDE_STYLE('',(#10798));
#10798 = SURFACE_STYLE_FILL_AREA(#10799);
#10799 = FILL_AREA_STYLE('',(#10800));
#10800 = FILL_AREA_STYLE_COLOUR('',#9749);
#10801 = STYLED_ITEM('color',(#10802),#1848);
#10802 = PRESENTATION_STYLE_ASSIGNMENT((#10803));
#10803 = SURFACE_STYLE_USAGE(.BOTH.,#10804);
#10804 = SURFACE_SIDE_STYLE('',(#10805));
#10805 = SURFACE_STYLE_FILL_AREA(#10806);
#10806 = FILL_AREA_STYLE('',(#10807));
#10807 = FILL_AREA_STYLE_COLOUR('',#9749);
#10808 = STYLED_ITEM('color',(#10809),#1865);
#10809 = PRESENTATION_STYLE_ASSIGNMENT((#10810));
#10810 = SURFACE_STYLE_USAGE(.BOTH.,#10811);
#10811 = SURFACE_SIDE_STYLE('',(#10812));
#10812 = SURFACE_STYLE_FILL_AREA(#10813);
#10813 = FILL_AREA_STYLE('',(#10814));
#10814 = FILL_AREA_STYLE_COLOUR('',#9749);
#10815 = STYLED_ITEM('color',(#10816),#1882);
#10816 = PRESENTATION_STYLE_ASSIGNMENT((#10817));
#10817 = SURFACE_STYLE_USAGE(.BOTH.,#10818);
#10818 = SURFACE_SIDE_STYLE('',(#10819));
#10819 = SURFACE_STYLE_FILL_AREA(#10820);
#10820 = FILL_AREA_STYLE('',(#10821));
#10821 = FILL_AREA_STYLE_COLOUR('',#9749);
#10822 = STYLED_ITEM('color',(#10823),#1899);
#10823 = PRESENTATION_STYLE_ASSIGNMENT((#10824));
#10824 = SURFACE_STYLE_USAGE(.BOTH.,#10825);
#10825 = SURFACE_SIDE_STYLE('',(#10826));
#10826 = SURFACE_STYLE_FILL_AREA(#10827);
#10827 = FILL_AREA_STYLE('',(#10828));
#10828 = FILL_AREA_STYLE_COLOUR('',#9749);
#10829 = STYLED_ITEM('color',(#10830),#1916);
#10830 = PRESENTATION_STYLE_ASSIGNMENT((#10831));
#10831 = SURFACE_STYLE_USAGE(.BOTH.,#10832);
#10832 = SURFACE_SIDE_STYLE('',(#10833));
#10833 = SURFACE_STYLE_FILL_AREA(#10834);
#10834 = FILL_AREA_STYLE('',(#10835));
#10835 = FILL_AREA_STYLE_COLOUR('',#9749);
#10836 = STYLED_ITEM('color',(#10837),#1933);
#10837 = PRESENTATION_STYLE_ASSIGNMENT((#10838));
#10838 = SURFACE_STYLE_USAGE(.BOTH.,#10839);
#10839 = SURFACE_SIDE_STYLE('',(#10840));
#10840 = SURFACE_STYLE_FILL_AREA(#10841);
#10841 = FILL_AREA_STYLE('',(#10842));
#10842 = FILL_AREA_STYLE_COLOUR('',#9749);
#10843 = STYLED_ITEM('color',(#10844),#1950);
#10844 = PRESENTATION_STYLE_ASSIGNMENT((#10845));
#10845 = SURFACE_STYLE_USAGE(.BOTH.,#10846);
#10846 = SURFACE_SIDE_STYLE('',(#10847));
#10847 = SURFACE_STYLE_FILL_AREA(#10848);
#10848 = FILL_AREA_STYLE('',(#10849));
#10849 = FILL_AREA_STYLE_COLOUR('',#9749);
#10850 = STYLED_ITEM('color',(#10851),#1967);
#10851 = PRESENTATION_STYLE_ASSIGNMENT((#10852));
#10852 = SURFACE_STYLE_USAGE(.BOTH.,#10853);
#10853 = SURFACE_SIDE_STYLE('',(#10854));
#10854 = SURFACE_STYLE_FILL_AREA(#10855);
#10855 = FILL_AREA_STYLE('',(#10856));
#10856 = FILL_AREA_STYLE_COLOUR('',#9749);
#10857 = STYLED_ITEM('color',(#10858),#1984);
#10858 = PRESENTATION_STYLE_ASSIGNMENT((#10859));
#10859 = SURFACE_STYLE_USAGE(.BOTH.,#10860);
#10860 = SURFACE_SIDE_STYLE('',(#10861));
#10861 = SURFACE_STYLE_FILL_AREA(#10862);
#10862 = FILL_AREA_STYLE('',(#10863));
#10863 = FILL_AREA_STYLE_COLOUR('',#9749);
#10864 = STYLED_ITEM('color',(#10865),#2001);
#10865 = PRESENTATION_STYLE_ASSIGNMENT((#10866));
#10866 = SURFACE_STYLE_USAGE(.BOTH.,#10867);
#10867 = SURFACE_SIDE_STYLE('',(#10868));
#10868 = SURFACE_STYLE_FILL_AREA(#10869);
#10869 = FILL_AREA_STYLE('',(#10870));
#10870 = FILL_AREA_STYLE_COLOUR('',#9749);
#10871 = STYLED_ITEM('color',(#10872),#2018);
#10872 = PRESENTATION_STYLE_ASSIGNMENT((#10873));
#10873 = SURFACE_STYLE_USAGE(.BOTH.,#10874);
#10874 = SURFACE_SIDE_STYLE('',(#10875));
#10875 = SURFACE_STYLE_FILL_AREA(#10876);
#10876 = FILL_AREA_STYLE('',(#10877));
#10877 = FILL_AREA_STYLE_COLOUR('',#9749);
#10878 = STYLED_ITEM('color',(#10879),#2035);
#10879 = PRESENTATION_STYLE_ASSIGNMENT((#10880));
#10880 = SURFACE_STYLE_USAGE(.BOTH.,#10881);
#10881 = SURFACE_SIDE_STYLE('',(#10882));
#10882 = SURFACE_STYLE_FILL_AREA(#10883);
#10883 = FILL_AREA_STYLE('',(#10884));
#10884 = FILL_AREA_STYLE_COLOUR('',#9749);
#10885 = STYLED_ITEM('color',(#10886),#2052);
#10886 = PRESENTATION_STYLE_ASSIGNMENT((#10887));
#10887 = SURFACE_STYLE_USAGE(.BOTH.,#10888);
#10888 = SURFACE_SIDE_STYLE('',(#10889));
#10889 = SURFACE_STYLE_FILL_AREA(#10890);
#10890 = FILL_AREA_STYLE('',(#10891));
#10891 = FILL_AREA_STYLE_COLOUR('',#9749);
#10892 = STYLED_ITEM('color',(#10893),#2069);
#10893 = PRESENTATION_STYLE_ASSIGNMENT((#10894));
#10894 = SURFACE_STYLE_USAGE(.BOTH.,#10895);
#10895 = SURFACE_SIDE_STYLE('',(#10896));
#10896 = SURFACE_STYLE_FILL_AREA(#10897);
#10897 = FILL_AREA_STYLE('',(#10898));
#10898 = FILL_AREA_STYLE_COLOUR('',#9749);
#10899 = STYLED_ITEM('color',(#10900),#2086);
#10900 = PRESENTATION_STYLE_ASSIGNMENT((#10901));
#10901 = SURFACE_STYLE_USAGE(.BOTH.,#10902);
#10902 = SURFACE_SIDE_STYLE('',(#10903));
#10903 = SURFACE_STYLE_FILL_AREA(#10904);
#10904 = FILL_AREA_STYLE('',(#10905));
#10905 = FILL_AREA_STYLE_COLOUR('',#9749);
#10906 = STYLED_ITEM('color',(#10907),#2103);
#10907 = PRESENTATION_STYLE_ASSIGNMENT((#10908));
#10908 = SURFACE_STYLE_USAGE(.BOTH.,#10909);
#10909 = SURFACE_SIDE_STYLE('',(#10910));
#10910 = SURFACE_STYLE_FILL_AREA(#10911);
#10911 = FILL_AREA_STYLE('',(#10912));
#10912 = FILL_AREA_STYLE_COLOUR('',#9749);
#10913 = STYLED_ITEM('color',(#10914),#2115);
#10914 = PRESENTATION_STYLE_ASSIGNMENT((#10915));
#10915 = SURFACE_STYLE_USAGE(.BOTH.,#10916);
#10916 = SURFACE_SIDE_STYLE('',(#10917));
#10917 = SURFACE_STYLE_FILL_AREA(#10918);
#10918 = FILL_AREA_STYLE('',(#10919));
#10919 = FILL_AREA_STYLE_COLOUR('',#9862);
#10920 = STYLED_ITEM('color',(#10921),#2146);
#10921 = PRESENTATION_STYLE_ASSIGNMENT((#10922));
#10922 = SURFACE_STYLE_USAGE(.BOTH.,#10923);
#10923 = SURFACE_SIDE_STYLE('',(#10924));
#10924 = SURFACE_STYLE_FILL_AREA(#10925);
#10925 = FILL_AREA_STYLE('',(#10926));
#10926 = FILL_AREA_STYLE_COLOUR('',#9862);
#10927 = STYLED_ITEM('color',(#10928),#2195);
#10928 = PRESENTATION_STYLE_ASSIGNMENT((#10929));
#10929 = SURFACE_STYLE_USAGE(.BOTH.,#10930);
#10930 = SURFACE_SIDE_STYLE('',(#10931));
#10931 = SURFACE_STYLE_FILL_AREA(#10932);
#10932 = FILL_AREA_STYLE('',(#10933));
#10933 = FILL_AREA_STYLE_COLOUR('',#9862);
#10934 = STYLED_ITEM('color',(#10935),#2219);
#10935 = PRESENTATION_STYLE_ASSIGNMENT((#10936));
#10936 = SURFACE_STYLE_USAGE(.BOTH.,#10937);
#10937 = SURFACE_SIDE_STYLE('',(#10938));
#10938 = SURFACE_STYLE_FILL_AREA(#10939);
#10939 = FILL_AREA_STYLE('',(#10940));
#10940 = FILL_AREA_STYLE_COLOUR('',#9862);
#10941 = STYLED_ITEM('color',(#10942),#2261);
#10942 = PRESENTATION_STYLE_ASSIGNMENT((#10943));
#10943 = SURFACE_STYLE_USAGE(.BOTH.,#10944);
#10944 = SURFACE_SIDE_STYLE('',(#10945));
#10945 = SURFACE_STYLE_FILL_AREA(#10946);
#10946 = FILL_AREA_STYLE('',(#10947));
#10947 = FILL_AREA_STYLE_COLOUR('',#9862);
#10948 = STYLED_ITEM('color',(#10949),#2292);
#10949 = PRESENTATION_STYLE_ASSIGNMENT((#10950));
#10950 = SURFACE_STYLE_USAGE(.BOTH.,#10951);
#10951 = SURFACE_SIDE_STYLE('',(#10952));
#10952 = SURFACE_STYLE_FILL_AREA(#10953);
#10953 = FILL_AREA_STYLE('',(#10954));
#10954 = FILL_AREA_STYLE_COLOUR('',#9862);
#10955 = STYLED_ITEM('color',(#10956),#2341);
#10956 = PRESENTATION_STYLE_ASSIGNMENT((#10957));
#10957 = SURFACE_STYLE_USAGE(.BOTH.,#10958);
#10958 = SURFACE_SIDE_STYLE('',(#10959));
#10959 = SURFACE_STYLE_FILL_AREA(#10960);
#10960 = FILL_AREA_STYLE('',(#10961));
#10961 = FILL_AREA_STYLE_COLOUR('',#9862);
#10962 = STYLED_ITEM('color',(#10963),#2365);
#10963 = PRESENTATION_STYLE_ASSIGNMENT((#10964));
#10964 = SURFACE_STYLE_USAGE(.BOTH.,#10965);
#10965 = SURFACE_SIDE_STYLE('',(#10966));
#10966 = SURFACE_STYLE_FILL_AREA(#10967);
#10967 = FILL_AREA_STYLE('',(#10968));
#10968 = FILL_AREA_STYLE_COLOUR('',#9862);
#10969 = STYLED_ITEM('color',(#10970),#2407);
#10970 = PRESENTATION_STYLE_ASSIGNMENT((#10971));
#10971 = SURFACE_STYLE_USAGE(.BOTH.,#10972);
#10972 = SURFACE_SIDE_STYLE('',(#10973));
#10973 = SURFACE_STYLE_FILL_AREA(#10974);
#10974 = FILL_AREA_STYLE('',(#10975));
#10975 = FILL_AREA_STYLE_COLOUR('',#9862);
#10976 = STYLED_ITEM('color',(#10977),#2463);
#10977 = PRESENTATION_STYLE_ASSIGNMENT((#10978));
#10978 = SURFACE_STYLE_USAGE(.BOTH.,#10979);
#10979 = SURFACE_SIDE_STYLE('',(#10980));
#10980 = SURFACE_STYLE_FILL_AREA(#10981);
#10981 = FILL_AREA_STYLE('',(#10982));
#10982 = FILL_AREA_STYLE_COLOUR('',#9862);
#10983 = STYLED_ITEM('color',(#10984),#2487);
#10984 = PRESENTATION_STYLE_ASSIGNMENT((#10985));
#10985 = SURFACE_STYLE_USAGE(.BOTH.,#10986);
#10986 = SURFACE_SIDE_STYLE('',(#10987));
#10987 = SURFACE_STYLE_FILL_AREA(#10988);
#10988 = FILL_AREA_STYLE('',(#10989));
#10989 = FILL_AREA_STYLE_COLOUR('',#9862);
#10990 = STYLED_ITEM('color',(#10991),#2536);
#10991 = PRESENTATION_STYLE_ASSIGNMENT((#10992));
#10992 = SURFACE_STYLE_USAGE(.BOTH.,#10993);
#10993 = SURFACE_SIDE_STYLE('',(#10994));
#10994 = SURFACE_STYLE_FILL_AREA(#10995);
#10995 = FILL_AREA_STYLE('',(#10996));
#10996 = FILL_AREA_STYLE_COLOUR('',#9862);
#10997 = STYLED_ITEM('color',(#10998),#2553);
#10998 = PRESENTATION_STYLE_ASSIGNMENT((#10999));
#10999 = SURFACE_STYLE_USAGE(.BOTH.,#11000);
#11000 = SURFACE_SIDE_STYLE('',(#11001));
#11001 = SURFACE_STYLE_FILL_AREA(#11002);
#11002 = FILL_AREA_STYLE('',(#11003));
#11003 = FILL_AREA_STYLE_COLOUR('',#9862);
#11004 = STYLED_ITEM('color',(#11005),#2584);
#11005 = PRESENTATION_STYLE_ASSIGNMENT((#11006));
#11006 = SURFACE_STYLE_USAGE(.BOTH.,#11007);
#11007 = SURFACE_SIDE_STYLE('',(#11008));
#11008 = SURFACE_STYLE_FILL_AREA(#11009);
#11009 = FILL_AREA_STYLE('',(#11010));
#11010 = FILL_AREA_STYLE_COLOUR('',#9862);
#11011 = STYLED_ITEM('color',(#11012),#2633);
#11012 = PRESENTATION_STYLE_ASSIGNMENT((#11013));
#11013 = SURFACE_STYLE_USAGE(.BOTH.,#11014);
#11014 = SURFACE_SIDE_STYLE('',(#11015));
#11015 = SURFACE_STYLE_FILL_AREA(#11016);
#11016 = FILL_AREA_STYLE('',(#11017));
#11017 = FILL_AREA_STYLE_COLOUR('',#9862);
#11018 = STYLED_ITEM('color',(#11019),#2657);
#11019 = PRESENTATION_STYLE_ASSIGNMENT((#11020));
#11020 = SURFACE_STYLE_USAGE(.BOTH.,#11021);
#11021 = SURFACE_SIDE_STYLE('',(#11022));
#11022 = SURFACE_STYLE_FILL_AREA(#11023);
#11023 = FILL_AREA_STYLE('',(#11024));
#11024 = FILL_AREA_STYLE_COLOUR('',#9862);
#11025 = STYLED_ITEM('color',(#11026),#2699);
#11026 = PRESENTATION_STYLE_ASSIGNMENT((#11027));
#11027 = SURFACE_STYLE_USAGE(.BOTH.,#11028);
#11028 = SURFACE_SIDE_STYLE('',(#11029));
#11029 = SURFACE_STYLE_FILL_AREA(#11030);
#11030 = FILL_AREA_STYLE('',(#11031));
#11031 = FILL_AREA_STYLE_COLOUR('',#9862);
#11032 = STYLED_ITEM('color',(#11033),#2730);
#11033 = PRESENTATION_STYLE_ASSIGNMENT((#11034));
#11034 = SURFACE_STYLE_USAGE(.BOTH.,#11035);
#11035 = SURFACE_SIDE_STYLE('',(#11036));
#11036 = SURFACE_STYLE_FILL_AREA(#11037);
#11037 = FILL_AREA_STYLE('',(#11038));
#11038 = FILL_AREA_STYLE_COLOUR('',#9862);
#11039 = STYLED_ITEM('color',(#11040),#2779);
#11040 = PRESENTATION_STYLE_ASSIGNMENT((#11041));
#11041 = SURFACE_STYLE_USAGE(.BOTH.,#11042);
#11042 = SURFACE_SIDE_STYLE('',(#11043));
#11043 = SURFACE_STYLE_FILL_AREA(#11044);
#11044 = FILL_AREA_STYLE('',(#11045));
#11045 = FILL_AREA_STYLE_COLOUR('',#9862);
#11046 = STYLED_ITEM('color',(#11047),#2803);
#11047 = PRESENTATION_STYLE_ASSIGNMENT((#11048));
#11048 = SURFACE_STYLE_USAGE(.BOTH.,#11049);
#11049 = SURFACE_SIDE_STYLE('',(#11050));
#11050 = SURFACE_STYLE_FILL_AREA(#11051);
#11051 = FILL_AREA_STYLE('',(#11052));
#11052 = FILL_AREA_STYLE_COLOUR('',#9862);
#11053 = STYLED_ITEM('color',(#11054),#2845);
#11054 = PRESENTATION_STYLE_ASSIGNMENT((#11055));
#11055 = SURFACE_STYLE_USAGE(.BOTH.,#11056);
#11056 = SURFACE_SIDE_STYLE('',(#11057));
#11057 = SURFACE_STYLE_FILL_AREA(#11058);
#11058 = FILL_AREA_STYLE('',(#11059));
#11059 = FILL_AREA_STYLE_COLOUR('',#9862);
#11060 = STYLED_ITEM('color',(#11061),#2876);
#11061 = PRESENTATION_STYLE_ASSIGNMENT((#11062));
#11062 = SURFACE_STYLE_USAGE(.BOTH.,#11063);
#11063 = SURFACE_SIDE_STYLE('',(#11064));
#11064 = SURFACE_STYLE_FILL_AREA(#11065);
#11065 = FILL_AREA_STYLE('',(#11066));
#11066 = FILL_AREA_STYLE_COLOUR('',#9862);
#11067 = STYLED_ITEM('color',(#11068),#2925);
#11068 = PRESENTATION_STYLE_ASSIGNMENT((#11069));
#11069 = SURFACE_STYLE_USAGE(.BOTH.,#11070);
#11070 = SURFACE_SIDE_STYLE('',(#11071));
#11071 = SURFACE_STYLE_FILL_AREA(#11072);
#11072 = FILL_AREA_STYLE('',(#11073));
#11073 = FILL_AREA_STYLE_COLOUR('',#9862);
#11074 = STYLED_ITEM('color',(#11075),#2949);
#11075 = PRESENTATION_STYLE_ASSIGNMENT((#11076));
#11076 = SURFACE_STYLE_USAGE(.BOTH.,#11077);
#11077 = SURFACE_SIDE_STYLE('',(#11078));
#11078 = SURFACE_STYLE_FILL_AREA(#11079);
#11079 = FILL_AREA_STYLE('',(#11080));
#11080 = FILL_AREA_STYLE_COLOUR('',#9862);
#11081 = STYLED_ITEM('color',(#11082),#2991);
#11082 = PRESENTATION_STYLE_ASSIGNMENT((#11083));
#11083 = SURFACE_STYLE_USAGE(.BOTH.,#11084);
#11084 = SURFACE_SIDE_STYLE('',(#11085));
#11085 = SURFACE_STYLE_FILL_AREA(#11086);
#11086 = FILL_AREA_STYLE('',(#11087));
#11087 = FILL_AREA_STYLE_COLOUR('',#9862);
#11088 = STYLED_ITEM('color',(#11089),#3022);
#11089 = PRESENTATION_STYLE_ASSIGNMENT((#11090));
#11090 = SURFACE_STYLE_USAGE(.BOTH.,#11091);
#11091 = SURFACE_SIDE_STYLE('',(#11092));
#11092 = SURFACE_STYLE_FILL_AREA(#11093);
#11093 = FILL_AREA_STYLE('',(#11094));
#11094 = FILL_AREA_STYLE_COLOUR('',#9862);
#11095 = STYLED_ITEM('color',(#11096),#3046);
#11096 = PRESENTATION_STYLE_ASSIGNMENT((#11097));
#11097 = SURFACE_STYLE_USAGE(.BOTH.,#11098);
#11098 = SURFACE_SIDE_STYLE('',(#11099));
#11099 = SURFACE_STYLE_FILL_AREA(#11100);
#11100 = FILL_AREA_STYLE('',(#11101));
#11101 = FILL_AREA_STYLE_COLOUR('',#9862);
#11102 = STYLED_ITEM('color',(#11103),#3070);
#11103 = PRESENTATION_STYLE_ASSIGNMENT((#11104));
#11104 = SURFACE_STYLE_USAGE(.BOTH.,#11105);
#11105 = SURFACE_SIDE_STYLE('',(#11106));
#11106 = SURFACE_STYLE_FILL_AREA(#11107);
#11107 = FILL_AREA_STYLE('',(#11108));
#11108 = FILL_AREA_STYLE_COLOUR('',#9862);
#11109 = STYLED_ITEM('color',(#11110),#3087);
#11110 = PRESENTATION_STYLE_ASSIGNMENT((#11111));
#11111 = SURFACE_STYLE_USAGE(.BOTH.,#11112);
#11112 = SURFACE_SIDE_STYLE('',(#11113));
#11113 = SURFACE_STYLE_FILL_AREA(#11114);
#11114 = FILL_AREA_STYLE('',(#11115));
#11115 = FILL_AREA_STYLE_COLOUR('',#9862);
#11116 = STYLED_ITEM('color',(#11117),#3118);
#11117 = PRESENTATION_STYLE_ASSIGNMENT((#11118));
#11118 = SURFACE_STYLE_USAGE(.BOTH.,#11119);
#11119 = SURFACE_SIDE_STYLE('',(#11120));
#11120 = SURFACE_STYLE_FILL_AREA(#11121);
#11121 = FILL_AREA_STYLE('',(#11122));
#11122 = FILL_AREA_STYLE_COLOUR('',#9862);
#11123 = STYLED_ITEM('color',(#11124),#3142);
#11124 = PRESENTATION_STYLE_ASSIGNMENT((#11125));
#11125 = SURFACE_STYLE_USAGE(.BOTH.,#11126);
#11126 = SURFACE_SIDE_STYLE('',(#11127));
#11127 = SURFACE_STYLE_FILL_AREA(#11128);
#11128 = FILL_AREA_STYLE('',(#11129));
#11129 = FILL_AREA_STYLE_COLOUR('',#9862);
#11130 = STYLED_ITEM('color',(#11131),#3166);
#11131 = PRESENTATION_STYLE_ASSIGNMENT((#11132));
#11132 = SURFACE_STYLE_USAGE(.BOTH.,#11133);
#11133 = SURFACE_SIDE_STYLE('',(#11134));
#11134 = SURFACE_STYLE_FILL_AREA(#11135);
#11135 = FILL_AREA_STYLE('',(#11136));
#11136 = FILL_AREA_STYLE_COLOUR('',#9862);
#11137 = STYLED_ITEM('color',(#11138),#3183);
#11138 = PRESENTATION_STYLE_ASSIGNMENT((#11139));
#11139 = SURFACE_STYLE_USAGE(.BOTH.,#11140);
#11140 = SURFACE_SIDE_STYLE('',(#11141));
#11141 = SURFACE_STYLE_FILL_AREA(#11142);
#11142 = FILL_AREA_STYLE('',(#11143));
#11143 = FILL_AREA_STYLE_COLOUR('',#9862);
#11144 = STYLED_ITEM('color',(#11145),#3214);
#11145 = PRESENTATION_STYLE_ASSIGNMENT((#11146));
#11146 = SURFACE_STYLE_USAGE(.BOTH.,#11147);
#11147 = SURFACE_SIDE_STYLE('',(#11148));
#11148 = SURFACE_STYLE_FILL_AREA(#11149);
#11149 = FILL_AREA_STYLE('',(#11150));
#11150 = FILL_AREA_STYLE_COLOUR('',#9862);
#11151 = STYLED_ITEM('color',(#11152),#3238);
#11152 = PRESENTATION_STYLE_ASSIGNMENT((#11153));
#11153 = SURFACE_STYLE_USAGE(.BOTH.,#11154);
#11154 = SURFACE_SIDE_STYLE('',(#11155));
#11155 = SURFACE_STYLE_FILL_AREA(#11156);
#11156 = FILL_AREA_STYLE('',(#11157));
#11157 = FILL_AREA_STYLE_COLOUR('',#9862);
#11158 = STYLED_ITEM('color',(#11159),#3262);
#11159 = PRESENTATION_STYLE_ASSIGNMENT((#11160));
#11160 = SURFACE_STYLE_USAGE(.BOTH.,#11161);
#11161 = SURFACE_SIDE_STYLE('',(#11162));
#11162 = SURFACE_STYLE_FILL_AREA(#11163);
#11163 = FILL_AREA_STYLE('',(#11164));
#11164 = FILL_AREA_STYLE_COLOUR('',#9862);
#11165 = STYLED_ITEM('color',(#11166),#3279);
#11166 = PRESENTATION_STYLE_ASSIGNMENT((#11167));
#11167 = SURFACE_STYLE_USAGE(.BOTH.,#11168);
#11168 = SURFACE_SIDE_STYLE('',(#11169));
#11169 = SURFACE_STYLE_FILL_AREA(#11170);
#11170 = FILL_AREA_STYLE('',(#11171));
#11171 = FILL_AREA_STYLE_COLOUR('',#9862);
#11172 = STYLED_ITEM('color',(#11173),#3310);
#11173 = PRESENTATION_STYLE_ASSIGNMENT((#11174));
#11174 = SURFACE_STYLE_USAGE(.BOTH.,#11175);
#11175 = SURFACE_SIDE_STYLE('',(#11176));
#11176 = SURFACE_STYLE_FILL_AREA(#11177);
#11177 = FILL_AREA_STYLE('',(#11178));
#11178 = FILL_AREA_STYLE_COLOUR('',#9862);
#11179 = STYLED_ITEM('color',(#11180),#3334);
#11180 = PRESENTATION_STYLE_ASSIGNMENT((#11181));
#11181 = SURFACE_STYLE_USAGE(.BOTH.,#11182);
#11182 = SURFACE_SIDE_STYLE('',(#11183));
#11183 = SURFACE_STYLE_FILL_AREA(#11184);
#11184 = FILL_AREA_STYLE('',(#11185));
#11185 = FILL_AREA_STYLE_COLOUR('',#9862);
#11186 = STYLED_ITEM('color',(#11187),#3358);
#11187 = PRESENTATION_STYLE_ASSIGNMENT((#11188));
#11188 = SURFACE_STYLE_USAGE(.BOTH.,#11189);
#11189 = SURFACE_SIDE_STYLE('',(#11190));
#11190 = SURFACE_STYLE_FILL_AREA(#11191);
#11191 = FILL_AREA_STYLE('',(#11192));
#11192 = FILL_AREA_STYLE_COLOUR('',#9862);
#11193 = STYLED_ITEM('color',(#11194),#3375);
#11194 = PRESENTATION_STYLE_ASSIGNMENT((#11195));
#11195 = SURFACE_STYLE_USAGE(.BOTH.,#11196);
#11196 = SURFACE_SIDE_STYLE('',(#11197));
#11197 = SURFACE_STYLE_FILL_AREA(#11198);
#11198 = FILL_AREA_STYLE('',(#11199));
#11199 = FILL_AREA_STYLE_COLOUR('',#9862);
#11200 = STYLED_ITEM('color',(#11201),#3406);
#11201 = PRESENTATION_STYLE_ASSIGNMENT((#11202));
#11202 = SURFACE_STYLE_USAGE(.BOTH.,#11203);
#11203 = SURFACE_SIDE_STYLE('',(#11204));
#11204 = SURFACE_STYLE_FILL_AREA(#11205);
#11205 = FILL_AREA_STYLE('',(#11206));
#11206 = FILL_AREA_STYLE_COLOUR('',#9862);
#11207 = STYLED_ITEM('color',(#11208),#3430);
#11208 = PRESENTATION_STYLE_ASSIGNMENT((#11209));
#11209 = SURFACE_STYLE_USAGE(.BOTH.,#11210);
#11210 = SURFACE_SIDE_STYLE('',(#11211));
#11211 = SURFACE_STYLE_FILL_AREA(#11212);
#11212 = FILL_AREA_STYLE('',(#11213));
#11213 = FILL_AREA_STYLE_COLOUR('',#9862);
#11214 = STYLED_ITEM('color',(#11215),#3454);
#11215 = PRESENTATION_STYLE_ASSIGNMENT((#11216));
#11216 = SURFACE_STYLE_USAGE(.BOTH.,#11217);
#11217 = SURFACE_SIDE_STYLE('',(#11218));
#11218 = SURFACE_STYLE_FILL_AREA(#11219);
#11219 = FILL_AREA_STYLE('',(#11220));
#11220 = FILL_AREA_STYLE_COLOUR('',#9862);
#11221 = STYLED_ITEM('color',(#11222),#3471);
#11222 = PRESENTATION_STYLE_ASSIGNMENT((#11223));
#11223 = SURFACE_STYLE_USAGE(.BOTH.,#11224);
#11224 = SURFACE_SIDE_STYLE('',(#11225));
#11225 = SURFACE_STYLE_FILL_AREA(#11226);
#11226 = FILL_AREA_STYLE('',(#11227));
#11227 = FILL_AREA_STYLE_COLOUR('',#9862);
#11228 = STYLED_ITEM('color',(#11229),#3502);
#11229 = PRESENTATION_STYLE_ASSIGNMENT((#11230));
#11230 = SURFACE_STYLE_USAGE(.BOTH.,#11231);
#11231 = SURFACE_SIDE_STYLE('',(#11232));
#11232 = SURFACE_STYLE_FILL_AREA(#11233);
#11233 = FILL_AREA_STYLE('',(#11234));
#11234 = FILL_AREA_STYLE_COLOUR('',#9862);
#11235 = STYLED_ITEM('color',(#11236),#3526);
#11236 = PRESENTATION_STYLE_ASSIGNMENT((#11237));
#11237 = SURFACE_STYLE_USAGE(.BOTH.,#11238);
#11238 = SURFACE_SIDE_STYLE('',(#11239));
#11239 = SURFACE_STYLE_FILL_AREA(#11240);
#11240 = FILL_AREA_STYLE('',(#11241));
#11241 = FILL_AREA_STYLE_COLOUR('',#9862);
#11242 = STYLED_ITEM('color',(#11243),#3550);
#11243 = PRESENTATION_STYLE_ASSIGNMENT((#11244));
#11244 = SURFACE_STYLE_USAGE(.BOTH.,#11245);
#11245 = SURFACE_SIDE_STYLE('',(#11246));
#11246 = SURFACE_STYLE_FILL_AREA(#11247);
#11247 = FILL_AREA_STYLE('',(#11248));
#11248 = FILL_AREA_STYLE_COLOUR('',#9862);
#11249 = STYLED_ITEM('color',(#11250),#3567);
#11250 = PRESENTATION_STYLE_ASSIGNMENT((#11251));
#11251 = SURFACE_STYLE_USAGE(.BOTH.,#11252);
#11252 = SURFACE_SIDE_STYLE('',(#11253));
#11253 = SURFACE_STYLE_FILL_AREA(#11254);
#11254 = FILL_AREA_STYLE('',(#11255));
#11255 = FILL_AREA_STYLE_COLOUR('',#9862);
#11256 = STYLED_ITEM('color',(#11257),#3584);
#11257 = PRESENTATION_STYLE_ASSIGNMENT((#11258));
#11258 = SURFACE_STYLE_USAGE(.BOTH.,#11259);
#11259 = SURFACE_SIDE_STYLE('',(#11260));
#11260 = SURFACE_STYLE_FILL_AREA(#11261);
#11261 = FILL_AREA_STYLE('',(#11262));
#11262 = FILL_AREA_STYLE_COLOUR('',#9862);
#11263 = STYLED_ITEM('color',(#11264),#3601);
#11264 = PRESENTATION_STYLE_ASSIGNMENT((#11265));
#11265 = SURFACE_STYLE_USAGE(.BOTH.,#11266);
#11266 = SURFACE_SIDE_STYLE('',(#11267));
#11267 = SURFACE_STYLE_FILL_AREA(#11268);
#11268 = FILL_AREA_STYLE('',(#11269));
#11269 = FILL_AREA_STYLE_COLOUR('',#9862);
#11270 = STYLED_ITEM('color',(#11271),#3632);
#11271 = PRESENTATION_STYLE_ASSIGNMENT((#11272));
#11272 = SURFACE_STYLE_USAGE(.BOTH.,#11273);
#11273 = SURFACE_SIDE_STYLE('',(#11274));
#11274 = SURFACE_STYLE_FILL_AREA(#11275);
#11275 = FILL_AREA_STYLE('',(#11276));
#11276 = FILL_AREA_STYLE_COLOUR('',#9862);
#11277 = STYLED_ITEM('color',(#11278),#3649);
#11278 = PRESENTATION_STYLE_ASSIGNMENT((#11279));
#11279 = SURFACE_STYLE_USAGE(.BOTH.,#11280);
#11280 = SURFACE_SIDE_STYLE('',(#11281));
#11281 = SURFACE_STYLE_FILL_AREA(#11282);
#11282 = FILL_AREA_STYLE('',(#11283));
#11283 = FILL_AREA_STYLE_COLOUR('',#9862);
#11284 = STYLED_ITEM('color',(#11285),#3680);
#11285 = PRESENTATION_STYLE_ASSIGNMENT((#11286));
#11286 = SURFACE_STYLE_USAGE(.BOTH.,#11287);
#11287 = SURFACE_SIDE_STYLE('',(#11288));
#11288 = SURFACE_STYLE_FILL_AREA(#11289);
#11289 = FILL_AREA_STYLE('',(#11290));
#11290 = FILL_AREA_STYLE_COLOUR('',#9862);
#11291 = STYLED_ITEM('color',(#11292),#3697);
#11292 = PRESENTATION_STYLE_ASSIGNMENT((#11293));
#11293 = SURFACE_STYLE_USAGE(.BOTH.,#11294);
#11294 = SURFACE_SIDE_STYLE('',(#11295));
#11295 = SURFACE_STYLE_FILL_AREA(#11296);
#11296 = FILL_AREA_STYLE('',(#11297));
#11297 = FILL_AREA_STYLE_COLOUR('',#9862);
#11298 = STYLED_ITEM('color',(#11299),#3714);
#11299 = PRESENTATION_STYLE_ASSIGNMENT((#11300));
#11300 = SURFACE_STYLE_USAGE(.BOTH.,#11301);
#11301 = SURFACE_SIDE_STYLE('',(#11302));
#11302 = SURFACE_STYLE_FILL_AREA(#11303);
#11303 = FILL_AREA_STYLE('',(#11304));
#11304 = FILL_AREA_STYLE_COLOUR('',#9862);
#11305 = STYLED_ITEM('color',(#11306),#3745);
#11306 = PRESENTATION_STYLE_ASSIGNMENT((#11307));
#11307 = SURFACE_STYLE_USAGE(.BOTH.,#11308);
#11308 = SURFACE_SIDE_STYLE('',(#11309));
#11309 = SURFACE_STYLE_FILL_AREA(#11310);
#11310 = FILL_AREA_STYLE('',(#11311));
#11311 = FILL_AREA_STYLE_COLOUR('',#9862);
#11312 = STYLED_ITEM('color',(#11313),#3762);
#11313 = PRESENTATION_STYLE_ASSIGNMENT((#11314));
#11314 = SURFACE_STYLE_USAGE(.BOTH.,#11315);
#11315 = SURFACE_SIDE_STYLE('',(#11316));
#11316 = SURFACE_STYLE_FILL_AREA(#11317);
#11317 = FILL_AREA_STYLE('',(#11318));
#11318 = FILL_AREA_STYLE_COLOUR('',#9862);
#11319 = STYLED_ITEM('color',(#11320),#3793);
#11320 = PRESENTATION_STYLE_ASSIGNMENT((#11321));
#11321 = SURFACE_STYLE_USAGE(.BOTH.,#11322);
#11322 = SURFACE_SIDE_STYLE('',(#11323));
#11323 = SURFACE_STYLE_FILL_AREA(#11324);
#11324 = FILL_AREA_STYLE('',(#11325));
#11325 = FILL_AREA_STYLE_COLOUR('',#9862);
#11326 = STYLED_ITEM('color',(#11327),#3810);
#11327 = PRESENTATION_STYLE_ASSIGNMENT((#11328));
#11328 = SURFACE_STYLE_USAGE(.BOTH.,#11329);
#11329 = SURFACE_SIDE_STYLE('',(#11330));
#11330 = SURFACE_STYLE_FILL_AREA(#11331);
#11331 = FILL_AREA_STYLE('',(#11332));
#11332 = FILL_AREA_STYLE_COLOUR('',#9862);
#11333 = STYLED_ITEM('color',(#11334),#3827);
#11334 = PRESENTATION_STYLE_ASSIGNMENT((#11335));
#11335 = SURFACE_STYLE_USAGE(.BOTH.,#11336);
#11336 = SURFACE_SIDE_STYLE('',(#11337));
#11337 = SURFACE_STYLE_FILL_AREA(#11338);
#11338 = FILL_AREA_STYLE('',(#11339));
#11339 = FILL_AREA_STYLE_COLOUR('',#9862);
#11340 = STYLED_ITEM('color',(#11341),#3858);
#11341 = PRESENTATION_STYLE_ASSIGNMENT((#11342));
#11342 = SURFACE_STYLE_USAGE(.BOTH.,#11343);
#11343 = SURFACE_SIDE_STYLE('',(#11344));
#11344 = SURFACE_STYLE_FILL_AREA(#11345);
#11345 = FILL_AREA_STYLE('',(#11346));
#11346 = FILL_AREA_STYLE_COLOUR('',#9862);
#11347 = STYLED_ITEM('color',(#11348),#3875);
#11348 = PRESENTATION_STYLE_ASSIGNMENT((#11349));
#11349 = SURFACE_STYLE_USAGE(.BOTH.,#11350);
#11350 = SURFACE_SIDE_STYLE('',(#11351));
#11351 = SURFACE_STYLE_FILL_AREA(#11352);
#11352 = FILL_AREA_STYLE('',(#11353));
#11353 = FILL_AREA_STYLE_COLOUR('',#9862);
#11354 = STYLED_ITEM('color',(#11355),#3906);
#11355 = PRESENTATION_STYLE_ASSIGNMENT((#11356));
#11356 = SURFACE_STYLE_USAGE(.BOTH.,#11357);
#11357 = SURFACE_SIDE_STYLE('',(#11358));
#11358 = SURFACE_STYLE_FILL_AREA(#11359);
#11359 = FILL_AREA_STYLE('',(#11360));
#11360 = FILL_AREA_STYLE_COLOUR('',#9862);
#11361 = STYLED_ITEM('color',(#11362),#3923);
#11362 = PRESENTATION_STYLE_ASSIGNMENT((#11363));
#11363 = SURFACE_STYLE_USAGE(.BOTH.,#11364);
#11364 = SURFACE_SIDE_STYLE('',(#11365));
#11365 = SURFACE_STYLE_FILL_AREA(#11366);
#11366 = FILL_AREA_STYLE('',(#11367));
#11367 = FILL_AREA_STYLE_COLOUR('',#9862);
#11368 = STYLED_ITEM('color',(#11369),#3940);
#11369 = PRESENTATION_STYLE_ASSIGNMENT((#11370));
#11370 = SURFACE_STYLE_USAGE(.BOTH.,#11371);
#11371 = SURFACE_SIDE_STYLE('',(#11372));
#11372 = SURFACE_STYLE_FILL_AREA(#11373);
#11373 = FILL_AREA_STYLE('',(#11374));
#11374 = FILL_AREA_STYLE_COLOUR('',#9862);
#11375 = STYLED_ITEM('color',(#11376),#3971);
#11376 = PRESENTATION_STYLE_ASSIGNMENT((#11377));
#11377 = SURFACE_STYLE_USAGE(.BOTH.,#11378);
#11378 = SURFACE_SIDE_STYLE('',(#11379));
#11379 = SURFACE_STYLE_FILL_AREA(#11380);
#11380 = FILL_AREA_STYLE('',(#11381));
#11381 = FILL_AREA_STYLE_COLOUR('',#9862);
#11382 = STYLED_ITEM('color',(#11383),#3988);
#11383 = PRESENTATION_STYLE_ASSIGNMENT((#11384));
#11384 = SURFACE_STYLE_USAGE(.BOTH.,#11385);
#11385 = SURFACE_SIDE_STYLE('',(#11386));
#11386 = SURFACE_STYLE_FILL_AREA(#11387);
#11387 = FILL_AREA_STYLE('',(#11388));
#11388 = FILL_AREA_STYLE_COLOUR('',#9862);
#11389 = STYLED_ITEM('color',(#11390),#4019);
#11390 = PRESENTATION_STYLE_ASSIGNMENT((#11391));
#11391 = SURFACE_STYLE_USAGE(.BOTH.,#11392);
#11392 = SURFACE_SIDE_STYLE('',(#11393));
#11393 = SURFACE_STYLE_FILL_AREA(#11394);
#11394 = FILL_AREA_STYLE('',(#11395));
#11395 = FILL_AREA_STYLE_COLOUR('',#9862);
#11396 = STYLED_ITEM('color',(#11397),#4036);
#11397 = PRESENTATION_STYLE_ASSIGNMENT((#11398));
#11398 = SURFACE_STYLE_USAGE(.BOTH.,#11399);
#11399 = SURFACE_SIDE_STYLE('',(#11400));
#11400 = SURFACE_STYLE_FILL_AREA(#11401);
#11401 = FILL_AREA_STYLE('',(#11402));
#11402 = FILL_AREA_STYLE_COLOUR('',#9862);
#11403 = STYLED_ITEM('color',(#11404),#4053);
#11404 = PRESENTATION_STYLE_ASSIGNMENT((#11405));
#11405 = SURFACE_STYLE_USAGE(.BOTH.,#11406);
#11406 = SURFACE_SIDE_STYLE('',(#11407));
#11407 = SURFACE_STYLE_FILL_AREA(#11408);
#11408 = FILL_AREA_STYLE('',(#11409));
#11409 = FILL_AREA_STYLE_COLOUR('',#9862);
#11410 = STYLED_ITEM('color',(#11411),#4084);
#11411 = PRESENTATION_STYLE_ASSIGNMENT((#11412));
#11412 = SURFACE_STYLE_USAGE(.BOTH.,#11413);
#11413 = SURFACE_SIDE_STYLE('',(#11414));
#11414 = SURFACE_STYLE_FILL_AREA(#11415);
#11415 = FILL_AREA_STYLE('',(#11416));
#11416 = FILL_AREA_STYLE_COLOUR('',#9862);
#11417 = STYLED_ITEM('color',(#11418),#4101);
#11418 = PRESENTATION_STYLE_ASSIGNMENT((#11419));
#11419 = SURFACE_STYLE_USAGE(.BOTH.,#11420);
#11420 = SURFACE_SIDE_STYLE('',(#11421));
#11421 = SURFACE_STYLE_FILL_AREA(#11422);
#11422 = FILL_AREA_STYLE('',(#11423));
#11423 = FILL_AREA_STYLE_COLOUR('',#9862);
#11424 = STYLED_ITEM('color',(#11425),#4132);
#11425 = PRESENTATION_STYLE_ASSIGNMENT((#11426));
#11426 = SURFACE_STYLE_USAGE(.BOTH.,#11427);
#11427 = SURFACE_SIDE_STYLE('',(#11428));
#11428 = SURFACE_STYLE_FILL_AREA(#11429);
#11429 = FILL_AREA_STYLE('',(#11430));
#11430 = FILL_AREA_STYLE_COLOUR('',#9862);
#11431 = STYLED_ITEM('color',(#11432),#4149);
#11432 = PRESENTATION_STYLE_ASSIGNMENT((#11433));
#11433 = SURFACE_STYLE_USAGE(.BOTH.,#11434);
#11434 = SURFACE_SIDE_STYLE('',(#11435));
#11435 = SURFACE_STYLE_FILL_AREA(#11436);
#11436 = FILL_AREA_STYLE('',(#11437));
#11437 = FILL_AREA_STYLE_COLOUR('',#9862);
#11438 = STYLED_ITEM('color',(#11439),#4166);
#11439 = PRESENTATION_STYLE_ASSIGNMENT((#11440));
#11440 = SURFACE_STYLE_USAGE(.BOTH.,#11441);
#11441 = SURFACE_SIDE_STYLE('',(#11442));
#11442 = SURFACE_STYLE_FILL_AREA(#11443);
#11443 = FILL_AREA_STYLE('',(#11444));
#11444 = FILL_AREA_STYLE_COLOUR('',#9862);
#11445 = STYLED_ITEM('color',(#11446),#4197);
#11446 = PRESENTATION_STYLE_ASSIGNMENT((#11447));
#11447 = SURFACE_STYLE_USAGE(.BOTH.,#11448);
#11448 = SURFACE_SIDE_STYLE('',(#11449));
#11449 = SURFACE_STYLE_FILL_AREA(#11450);
#11450 = FILL_AREA_STYLE('',(#11451));
#11451 = FILL_AREA_STYLE_COLOUR('',#9862);
#11452 = STYLED_ITEM('color',(#11453),#4214);
#11453 = PRESENTATION_STYLE_ASSIGNMENT((#11454));
#11454 = SURFACE_STYLE_USAGE(.BOTH.,#11455);
#11455 = SURFACE_SIDE_STYLE('',(#11456));
#11456 = SURFACE_STYLE_FILL_AREA(#11457);
#11457 = FILL_AREA_STYLE('',(#11458));
#11458 = FILL_AREA_STYLE_COLOUR('',#9862);
#11459 = STYLED_ITEM('color',(#11460),#4245);
#11460 = PRESENTATION_STYLE_ASSIGNMENT((#11461));
#11461 = SURFACE_STYLE_USAGE(.BOTH.,#11462);
#11462 = SURFACE_SIDE_STYLE('',(#11463));
#11463 = SURFACE_STYLE_FILL_AREA(#11464);
#11464 = FILL_AREA_STYLE('',(#11465));
#11465 = FILL_AREA_STYLE_COLOUR('',#9862);
#11466 = STYLED_ITEM('color',(#11467),#4276);
#11467 = PRESENTATION_STYLE_ASSIGNMENT((#11468));
#11468 = SURFACE_STYLE_USAGE(.BOTH.,#11469);
#11469 = SURFACE_SIDE_STYLE('',(#11470));
#11470 = SURFACE_STYLE_FILL_AREA(#11471);
#11471 = FILL_AREA_STYLE('',(#11472));
#11472 = FILL_AREA_STYLE_COLOUR('',#9862);
#11473 = STYLED_ITEM('color',(#11474),#4300);
#11474 = PRESENTATION_STYLE_ASSIGNMENT((#11475));
#11475 = SURFACE_STYLE_USAGE(.BOTH.,#11476);
#11476 = SURFACE_SIDE_STYLE('',(#11477));
#11477 = SURFACE_STYLE_FILL_AREA(#11478);
#11478 = FILL_AREA_STYLE('',(#11479));
#11479 = FILL_AREA_STYLE_COLOUR('',#9862);
#11480 = STYLED_ITEM('color',(#11481),#4324);
#11481 = PRESENTATION_STYLE_ASSIGNMENT((#11482));
#11482 = SURFACE_STYLE_USAGE(.BOTH.,#11483);
#11483 = SURFACE_SIDE_STYLE('',(#11484));
#11484 = SURFACE_STYLE_FILL_AREA(#11485);
#11485 = FILL_AREA_STYLE('',(#11486));
#11486 = FILL_AREA_STYLE_COLOUR('',#9862);
#11487 = STYLED_ITEM('color',(#11488),#4341);
#11488 = PRESENTATION_STYLE_ASSIGNMENT((#11489));
#11489 = SURFACE_STYLE_USAGE(.BOTH.,#11490);
#11490 = SURFACE_SIDE_STYLE('',(#11491));
#11491 = SURFACE_STYLE_FILL_AREA(#11492);
#11492 = FILL_AREA_STYLE('',(#11493));
#11493 = FILL_AREA_STYLE_COLOUR('',#9862);
#11494 = STYLED_ITEM('color',(#11495),#4372);
#11495 = PRESENTATION_STYLE_ASSIGNMENT((#11496));
#11496 = SURFACE_STYLE_USAGE(.BOTH.,#11497);
#11497 = SURFACE_SIDE_STYLE('',(#11498));
#11498 = SURFACE_STYLE_FILL_AREA(#11499);
#11499 = FILL_AREA_STYLE('',(#11500));
#11500 = FILL_AREA_STYLE_COLOUR('',#9862);
#11501 = STYLED_ITEM('color',(#11502),#4396);
#11502 = PRESENTATION_STYLE_ASSIGNMENT((#11503));
#11503 = SURFACE_STYLE_USAGE(.BOTH.,#11504);
#11504 = SURFACE_SIDE_STYLE('',(#11505));
#11505 = SURFACE_STYLE_FILL_AREA(#11506);
#11506 = FILL_AREA_STYLE('',(#11507));
#11507 = FILL_AREA_STYLE_COLOUR('',#9862);
#11508 = STYLED_ITEM('color',(#11509),#4420);
#11509 = PRESENTATION_STYLE_ASSIGNMENT((#11510));
#11510 = SURFACE_STYLE_USAGE(.BOTH.,#11511);
#11511 = SURFACE_SIDE_STYLE('',(#11512));
#11512 = SURFACE_STYLE_FILL_AREA(#11513);
#11513 = FILL_AREA_STYLE('',(#11514));
#11514 = FILL_AREA_STYLE_COLOUR('',#9862);
#11515 = STYLED_ITEM('color',(#11516),#4437);
#11516 = PRESENTATION_STYLE_ASSIGNMENT((#11517));
#11517 = SURFACE_STYLE_USAGE(.BOTH.,#11518);
#11518 = SURFACE_SIDE_STYLE('',(#11519));
#11519 = SURFACE_STYLE_FILL_AREA(#11520);
#11520 = FILL_AREA_STYLE('',(#11521));
#11521 = FILL_AREA_STYLE_COLOUR('',#9862);
#11522 = STYLED_ITEM('color',(#11523),#4468);
#11523 = PRESENTATION_STYLE_ASSIGNMENT((#11524));
#11524 = SURFACE_STYLE_USAGE(.BOTH.,#11525);
#11525 = SURFACE_SIDE_STYLE('',(#11526));
#11526 = SURFACE_STYLE_FILL_AREA(#11527);
#11527 = FILL_AREA_STYLE('',(#11528));
#11528 = FILL_AREA_STYLE_COLOUR('',#9862);
#11529 = STYLED_ITEM('color',(#11530),#4492);
#11530 = PRESENTATION_STYLE_ASSIGNMENT((#11531));
#11531 = SURFACE_STYLE_USAGE(.BOTH.,#11532);
#11532 = SURFACE_SIDE_STYLE('',(#11533));
#11533 = SURFACE_STYLE_FILL_AREA(#11534);
#11534 = FILL_AREA_STYLE('',(#11535));
#11535 = FILL_AREA_STYLE_COLOUR('',#9862);
#11536 = STYLED_ITEM('color',(#11537),#4516);
#11537 = PRESENTATION_STYLE_ASSIGNMENT((#11538));
#11538 = SURFACE_STYLE_USAGE(.BOTH.,#11539);
#11539 = SURFACE_SIDE_STYLE('',(#11540));
#11540 = SURFACE_STYLE_FILL_AREA(#11541);
#11541 = FILL_AREA_STYLE('',(#11542));
#11542 = FILL_AREA_STYLE_COLOUR('',#9862);
#11543 = STYLED_ITEM('color',(#11544),#4533);
#11544 = PRESENTATION_STYLE_ASSIGNMENT((#11545));
#11545 = SURFACE_STYLE_USAGE(.BOTH.,#11546);
#11546 = SURFACE_SIDE_STYLE('',(#11547));
#11547 = SURFACE_STYLE_FILL_AREA(#11548);
#11548 = FILL_AREA_STYLE('',(#11549));
#11549 = FILL_AREA_STYLE_COLOUR('',#9862);
#11550 = STYLED_ITEM('color',(#11551),#4564);
#11551 = PRESENTATION_STYLE_ASSIGNMENT((#11552));
#11552 = SURFACE_STYLE_USAGE(.BOTH.,#11553);
#11553 = SURFACE_SIDE_STYLE('',(#11554));
#11554 = SURFACE_STYLE_FILL_AREA(#11555);
#11555 = FILL_AREA_STYLE('',(#11556));
#11556 = FILL_AREA_STYLE_COLOUR('',#9862);
#11557 = STYLED_ITEM('color',(#11558),#4588);
#11558 = PRESENTATION_STYLE_ASSIGNMENT((#11559));
#11559 = SURFACE_STYLE_USAGE(.BOTH.,#11560);
#11560 = SURFACE_SIDE_STYLE('',(#11561));
#11561 = SURFACE_STYLE_FILL_AREA(#11562);
#11562 = FILL_AREA_STYLE('',(#11563));
#11563 = FILL_AREA_STYLE_COLOUR('',#9862);
#11564 = STYLED_ITEM('color',(#11565),#4612);
#11565 = PRESENTATION_STYLE_ASSIGNMENT((#11566));
#11566 = SURFACE_STYLE_USAGE(.BOTH.,#11567);
#11567 = SURFACE_SIDE_STYLE('',(#11568));
#11568 = SURFACE_STYLE_FILL_AREA(#11569);
#11569 = FILL_AREA_STYLE('',(#11570));
#11570 = FILL_AREA_STYLE_COLOUR('',#9862);
#11571 = STYLED_ITEM('color',(#11572),#4629);
#11572 = PRESENTATION_STYLE_ASSIGNMENT((#11573));
#11573 = SURFACE_STYLE_USAGE(.BOTH.,#11574);
#11574 = SURFACE_SIDE_STYLE('',(#11575));
#11575 = SURFACE_STYLE_FILL_AREA(#11576);
#11576 = FILL_AREA_STYLE('',(#11577));
#11577 = FILL_AREA_STYLE_COLOUR('',#9862);
#11578 = STYLED_ITEM('color',(#11579),#4660);
#11579 = PRESENTATION_STYLE_ASSIGNMENT((#11580));
#11580 = SURFACE_STYLE_USAGE(.BOTH.,#11581);
#11581 = SURFACE_SIDE_STYLE('',(#11582));
#11582 = SURFACE_STYLE_FILL_AREA(#11583);
#11583 = FILL_AREA_STYLE('',(#11584));
#11584 = FILL_AREA_STYLE_COLOUR('',#9862);
#11585 = STYLED_ITEM('color',(#11586),#4684);
#11586 = PRESENTATION_STYLE_ASSIGNMENT((#11587));
#11587 = SURFACE_STYLE_USAGE(.BOTH.,#11588);
#11588 = SURFACE_SIDE_STYLE('',(#11589));
#11589 = SURFACE_STYLE_FILL_AREA(#11590);
#11590 = FILL_AREA_STYLE('',(#11591));
#11591 = FILL_AREA_STYLE_COLOUR('',#9862);
#11592 = STYLED_ITEM('color',(#11593),#4708);
#11593 = PRESENTATION_STYLE_ASSIGNMENT((#11594));
#11594 = SURFACE_STYLE_USAGE(.BOTH.,#11595);
#11595 = SURFACE_SIDE_STYLE('',(#11596));
#11596 = SURFACE_STYLE_FILL_AREA(#11597);
#11597 = FILL_AREA_STYLE('',(#11598));
#11598 = FILL_AREA_STYLE_COLOUR('',#9862);
#11599 = STYLED_ITEM('color',(#11600),#4725);
#11600 = PRESENTATION_STYLE_ASSIGNMENT((#11601));
#11601 = SURFACE_STYLE_USAGE(.BOTH.,#11602);
#11602 = SURFACE_SIDE_STYLE('',(#11603));
#11603 = SURFACE_STYLE_FILL_AREA(#11604);
#11604 = FILL_AREA_STYLE('',(#11605));
#11605 = FILL_AREA_STYLE_COLOUR('',#9862);
#11606 = STYLED_ITEM('color',(#11607),#4756);
#11607 = PRESENTATION_STYLE_ASSIGNMENT((#11608));
#11608 = SURFACE_STYLE_USAGE(.BOTH.,#11609);
#11609 = SURFACE_SIDE_STYLE('',(#11610));
#11610 = SURFACE_STYLE_FILL_AREA(#11611);
#11611 = FILL_AREA_STYLE('',(#11612));
#11612 = FILL_AREA_STYLE_COLOUR('',#9862);
#11613 = STYLED_ITEM('color',(#11614),#4780);
#11614 = PRESENTATION_STYLE_ASSIGNMENT((#11615));
#11615 = SURFACE_STYLE_USAGE(.BOTH.,#11616);
#11616 = SURFACE_SIDE_STYLE('',(#11617));
#11617 = SURFACE_STYLE_FILL_AREA(#11618);
#11618 = FILL_AREA_STYLE('',(#11619));
#11619 = FILL_AREA_STYLE_COLOUR('',#9862);
#11620 = STYLED_ITEM('color',(#11621),#4804);
#11621 = PRESENTATION_STYLE_ASSIGNMENT((#11622));
#11622 = SURFACE_STYLE_USAGE(.BOTH.,#11623);
#11623 = SURFACE_SIDE_STYLE('',(#11624));
#11624 = SURFACE_STYLE_FILL_AREA(#11625);
#11625 = FILL_AREA_STYLE('',(#11626));
#11626 = FILL_AREA_STYLE_COLOUR('',#9862);
#11627 = STYLED_ITEM('color',(#11628),#4821);
#11628 = PRESENTATION_STYLE_ASSIGNMENT((#11629));
#11629 = SURFACE_STYLE_USAGE(.BOTH.,#11630);
#11630 = SURFACE_SIDE_STYLE('',(#11631));
#11631 = SURFACE_STYLE_FILL_AREA(#11632);
#11632 = FILL_AREA_STYLE('',(#11633));
#11633 = FILL_AREA_STYLE_COLOUR('',#9862);
#11634 = STYLED_ITEM('color',(#11635),#4838);
#11635 = PRESENTATION_STYLE_ASSIGNMENT((#11636));
#11636 = SURFACE_STYLE_USAGE(.BOTH.,#11637);
#11637 = SURFACE_SIDE_STYLE('',(#11638));
#11638 = SURFACE_STYLE_FILL_AREA(#11639);
#11639 = FILL_AREA_STYLE('',(#11640));
#11640 = FILL_AREA_STYLE_COLOUR('',#9862);
#11641 = STYLED_ITEM('color',(#11642),#4855);
#11642 = PRESENTATION_STYLE_ASSIGNMENT((#11643));
#11643 = SURFACE_STYLE_USAGE(.BOTH.,#11644);
#11644 = SURFACE_SIDE_STYLE('',(#11645));
#11645 = SURFACE_STYLE_FILL_AREA(#11646);
#11646 = FILL_AREA_STYLE('',(#11647));
#11647 = FILL_AREA_STYLE_COLOUR('',#9862);
#11648 = STYLED_ITEM('color',(#11649),#4867);
#11649 = PRESENTATION_STYLE_ASSIGNMENT((#11650));
#11650 = SURFACE_STYLE_USAGE(.BOTH.,#11651);
#11651 = SURFACE_SIDE_STYLE('',(#11652));
#11652 = SURFACE_STYLE_FILL_AREA(#11653);
#11653 = FILL_AREA_STYLE('',(#11654));
#11654 = FILL_AREA_STYLE_COLOUR('',#9862);
#11655 = STYLED_ITEM('color',(#11656),#4884);
#11656 = PRESENTATION_STYLE_ASSIGNMENT((#11657));
#11657 = SURFACE_STYLE_USAGE(.BOTH.,#11658);
#11658 = SURFACE_SIDE_STYLE('',(#11659));
#11659 = SURFACE_STYLE_FILL_AREA(#11660);
#11660 = FILL_AREA_STYLE('',(#11661));
#11661 = FILL_AREA_STYLE_COLOUR('',#9862);
#11662 = STYLED_ITEM('color',(#11663),#4901);
#11663 = PRESENTATION_STYLE_ASSIGNMENT((#11664));
#11664 = SURFACE_STYLE_USAGE(.BOTH.,#11665);
#11665 = SURFACE_SIDE_STYLE('',(#11666));
#11666 = SURFACE_STYLE_FILL_AREA(#11667);
#11667 = FILL_AREA_STYLE('',(#11668));
#11668 = FILL_AREA_STYLE_COLOUR('',#9862);
#11669 = STYLED_ITEM('color',(#11670),#4913);
#11670 = PRESENTATION_STYLE_ASSIGNMENT((#11671));
#11671 = SURFACE_STYLE_USAGE(.BOTH.,#11672);
#11672 = SURFACE_SIDE_STYLE('',(#11673));
#11673 = SURFACE_STYLE_FILL_AREA(#11674);
#11674 = FILL_AREA_STYLE('',(#11675));
#11675 = FILL_AREA_STYLE_COLOUR('',#9862);
#11676 = STYLED_ITEM('color',(#11677),#4930);
#11677 = PRESENTATION_STYLE_ASSIGNMENT((#11678));
#11678 = SURFACE_STYLE_USAGE(.BOTH.,#11679);
#11679 = SURFACE_SIDE_STYLE('',(#11680));
#11680 = SURFACE_STYLE_FILL_AREA(#11681);
#11681 = FILL_AREA_STYLE('',(#11682));
#11682 = FILL_AREA_STYLE_COLOUR('',#9862);
#11683 = STYLED_ITEM('color',(#11684),#4947);
#11684 = PRESENTATION_STYLE_ASSIGNMENT((#11685));
#11685 = SURFACE_STYLE_USAGE(.BOTH.,#11686);
#11686 = SURFACE_SIDE_STYLE('',(#11687));
#11687 = SURFACE_STYLE_FILL_AREA(#11688);
#11688 = FILL_AREA_STYLE('',(#11689));
#11689 = FILL_AREA_STYLE_COLOUR('',#9862);
#11690 = STYLED_ITEM('color',(#11691),#4959);
#11691 = PRESENTATION_STYLE_ASSIGNMENT((#11692));
#11692 = SURFACE_STYLE_USAGE(.BOTH.,#11693);
#11693 = SURFACE_SIDE_STYLE('',(#11694));
#11694 = SURFACE_STYLE_FILL_AREA(#11695);
#11695 = FILL_AREA_STYLE('',(#11696));
#11696 = FILL_AREA_STYLE_COLOUR('',#9862);
#11697 = STYLED_ITEM('color',(#11698),#4976);
#11698 = PRESENTATION_STYLE_ASSIGNMENT((#11699));
#11699 = SURFACE_STYLE_USAGE(.BOTH.,#11700);
#11700 = SURFACE_SIDE_STYLE('',(#11701));
#11701 = SURFACE_STYLE_FILL_AREA(#11702);
#11702 = FILL_AREA_STYLE('',(#11703));
#11703 = FILL_AREA_STYLE_COLOUR('',#9862);
#11704 = STYLED_ITEM('color',(#11705),#4993);
#11705 = PRESENTATION_STYLE_ASSIGNMENT((#11706));
#11706 = SURFACE_STYLE_USAGE(.BOTH.,#11707);
#11707 = SURFACE_SIDE_STYLE('',(#11708));
#11708 = SURFACE_STYLE_FILL_AREA(#11709);
#11709 = FILL_AREA_STYLE('',(#11710));
#11710 = FILL_AREA_STYLE_COLOUR('',#9862);
#11711 = STYLED_ITEM('color',(#11712),#5005);
#11712 = PRESENTATION_STYLE_ASSIGNMENT((#11713));
#11713 = SURFACE_STYLE_USAGE(.BOTH.,#11714);
#11714 = SURFACE_SIDE_STYLE('',(#11715));
#11715 = SURFACE_STYLE_FILL_AREA(#11716);
#11716 = FILL_AREA_STYLE('',(#11717));
#11717 = FILL_AREA_STYLE_COLOUR('',#9862);
#11718 = STYLED_ITEM('color',(#11719),#5022);
#11719 = PRESENTATION_STYLE_ASSIGNMENT((#11720));
#11720 = SURFACE_STYLE_USAGE(.BOTH.,#11721);
#11721 = SURFACE_SIDE_STYLE('',(#11722));
#11722 = SURFACE_STYLE_FILL_AREA(#11723);
#11723 = FILL_AREA_STYLE('',(#11724));
#11724 = FILL_AREA_STYLE_COLOUR('',#9862);
#11725 = STYLED_ITEM('color',(#11726),#5039);
#11726 = PRESENTATION_STYLE_ASSIGNMENT((#11727));
#11727 = SURFACE_STYLE_USAGE(.BOTH.,#11728);
#11728 = SURFACE_SIDE_STYLE('',(#11729));
#11729 = SURFACE_STYLE_FILL_AREA(#11730);
#11730 = FILL_AREA_STYLE('',(#11731));
#11731 = FILL_AREA_STYLE_COLOUR('',#9862);
#11732 = STYLED_ITEM('color',(#11733),#5051);
#11733 = PRESENTATION_STYLE_ASSIGNMENT((#11734));
#11734 = SURFACE_STYLE_USAGE(.BOTH.,#11735);
#11735 = SURFACE_SIDE_STYLE('',(#11736));
#11736 = SURFACE_STYLE_FILL_AREA(#11737);
#11737 = FILL_AREA_STYLE('',(#11738));
#11738 = FILL_AREA_STYLE_COLOUR('',#9862);
#11739 = STYLED_ITEM('color',(#11740),#5068);
#11740 = PRESENTATION_STYLE_ASSIGNMENT((#11741));
#11741 = SURFACE_STYLE_USAGE(.BOTH.,#11742);
#11742 = SURFACE_SIDE_STYLE('',(#11743));
#11743 = SURFACE_STYLE_FILL_AREA(#11744);
#11744 = FILL_AREA_STYLE('',(#11745));
#11745 = FILL_AREA_STYLE_COLOUR('',#9862);
#11746 = STYLED_ITEM('color',(#11747),#5085);
#11747 = PRESENTATION_STYLE_ASSIGNMENT((#11748));
#11748 = SURFACE_STYLE_USAGE(.BOTH.,#11749);
#11749 = SURFACE_SIDE_STYLE('',(#11750));
#11750 = SURFACE_STYLE_FILL_AREA(#11751);
#11751 = FILL_AREA_STYLE('',(#11752));
#11752 = FILL_AREA_STYLE_COLOUR('',#9862);
#11753 = STYLED_ITEM('color',(#11754),#5097);
#11754 = PRESENTATION_STYLE_ASSIGNMENT((#11755));
#11755 = SURFACE_STYLE_USAGE(.BOTH.,#11756);
#11756 = SURFACE_SIDE_STYLE('',(#11757));
#11757 = SURFACE_STYLE_FILL_AREA(#11758);
#11758 = FILL_AREA_STYLE('',(#11759));
#11759 = FILL_AREA_STYLE_COLOUR('',#9862);
#11760 = STYLED_ITEM('color',(#11761),#5109);
#11761 = PRESENTATION_STYLE_ASSIGNMENT((#11762));
#11762 = SURFACE_STYLE_USAGE(.BOTH.,#11763);
#11763 = SURFACE_SIDE_STYLE('',(#11764));
#11764 = SURFACE_STYLE_FILL_AREA(#11765);
#11765 = FILL_AREA_STYLE('',(#11766));
#11766 = FILL_AREA_STYLE_COLOUR('',#9862);
#11767 = STYLED_ITEM('color',(#11768),#5121);
#11768 = PRESENTATION_STYLE_ASSIGNMENT((#11769));
#11769 = SURFACE_STYLE_USAGE(.BOTH.,#11770);
#11770 = SURFACE_SIDE_STYLE('',(#11771));
#11771 = SURFACE_STYLE_FILL_AREA(#11772);
#11772 = FILL_AREA_STYLE('',(#11773));
#11773 = FILL_AREA_STYLE_COLOUR('',#9862);
#11774 = STYLED_ITEM('color',(#11775),#5133);
#11775 = PRESENTATION_STYLE_ASSIGNMENT((#11776));
#11776 = SURFACE_STYLE_USAGE(.BOTH.,#11777);
#11777 = SURFACE_SIDE_STYLE('',(#11778));
#11778 = SURFACE_STYLE_FILL_AREA(#11779);
#11779 = FILL_AREA_STYLE('',(#11780));
#11780 = FILL_AREA_STYLE_COLOUR('',#9862);
#11781 = STYLED_ITEM('color',(#11782),#5145);
#11782 = PRESENTATION_STYLE_ASSIGNMENT((#11783));
#11783 = SURFACE_STYLE_USAGE(.BOTH.,#11784);
#11784 = SURFACE_SIDE_STYLE('',(#11785));
#11785 = SURFACE_STYLE_FILL_AREA(#11786);
#11786 = FILL_AREA_STYLE('',(#11787));
#11787 = FILL_AREA_STYLE_COLOUR('',#9862);
#11788 = STYLED_ITEM('color',(#11789),#5157);
#11789 = PRESENTATION_STYLE_ASSIGNMENT((#11790));
#11790 = SURFACE_STYLE_USAGE(.BOTH.,#11791);
#11791 = SURFACE_SIDE_STYLE('',(#11792));
#11792 = SURFACE_STYLE_FILL_AREA(#11793);
#11793 = FILL_AREA_STYLE('',(#11794));
#11794 = FILL_AREA_STYLE_COLOUR('',#9862);
ENDSEC;
END-ISO-10303-21;
