ISO-10303-21;
HEADER;
FILE_DESCRIPTION(('KiCad electronic assembly'),'2;1');
FILE_NAME('line-follower-h-bridge-v3.step','2026-10-07T13:31:56',(
    'Pcbnew'),('Kicad'),'Open CASCADE STEP processor 7.8',
  'KiCad to STEP converter','Unknown');
FILE_SCHEMA(('AUTOMOTIVE_DESIGN { 1 0 10303 214 1 1 1 1 }'));
ENDSEC;
DATA;
#1 = APPLICATION_PROTOCOL_DEFINITION('international standard',
  'automotive_design',2000,#2);
#2 = APPLICATION_CONTEXT(
  'core data for automotive mechanical design processes');
#3 = SHAPE_DEFINITION_REPRESENTATION(#4,#10);
#4 = PRODUCT_DEFINITION_SHAPE('','',#5);
#5 = PRODUCT_DEFINITION('design','',#6,#9);
#6 = PRODUCT_DEFINITION_FORMATION('','',#7);
#7 = PRODUCT('line-follower-h-bridge-v3 1','line-follower-h-bridge-v3 1'
  ,'',(#8));
#8 = PRODUCT_CONTEXT('',#2,'mechanical');
#9 = PRODUCT_DEFINITION_CONTEXT('part definition',#2,'design');
#10 = SHAPE_REPRESENTATION('',(#11,#15,#19,#23,#27,#31,#35,#39,#43,#47,
    #51,#55,#59,#63,#67,#71,#75,#79,#83,#87,#91,#95,#99,#103,#107,#111,
    #115,#119,#123,#127,#131,#135),#139);
#11 = AXIS2_PLACEMENT_3D('',#12,#13,#14);
#12 = CARTESIAN_POINT('',(0.,0.,0.));
#13 = DIRECTION('',(0.,0.,1.));
#14 = DIRECTION('',(1.,0.,-0.));
#15 = AXIS2_PLACEMENT_3D('',#16,#17,#18);
#16 = CARTESIAN_POINT('',(197.725,-80.385,1.595));
#17 = DIRECTION('',(0.,-0.,1.));
#18 = DIRECTION('',(1.110223024625E-16,1.,0.));
#19 = AXIS2_PLACEMENT_3D('',#20,#21,#22);
#20 = CARTESIAN_POINT('',(164.65,-80.385,1.595));
#21 = DIRECTION('',(0.,-0.,1.));
#22 = DIRECTION('',(1.110223024625E-16,1.,0.));
#23 = AXIS2_PLACEMENT_3D('',#24,#25,#26);
#24 = CARTESIAN_POINT('',(178.,-99.,1.595));
#25 = DIRECTION('',(0.,0.,1.));
#26 = DIRECTION('',(-1.,2.22044604925E-16,0.));
#27 = AXIS2_PLACEMENT_3D('',#28,#29,#30);
#28 = CARTESIAN_POINT('',(193.45,-101.5,1.595));
#29 = DIRECTION('',(0.,-1.,1.110223024625E-16));
#30 = DIRECTION('',(1.,0.,0.));
#31 = AXIS2_PLACEMENT_3D('',#32,#33,#34);
#32 = CARTESIAN_POINT('',(181.5,-103.95175,1.595));
#33 = DIRECTION('',(-0.,0.,1.));
#34 = DIRECTION('',(1.110223024625E-16,-1.,0.));
#35 = AXIS2_PLACEMENT_3D('',#36,#37,#38);
#36 = CARTESIAN_POINT('',(182.,-85.1,1.595));
#37 = DIRECTION('',(0.,0.,1.));
#38 = DIRECTION('',(-2.334869823773E-16,-1.,0.));
#39 = AXIS2_PLACEMENT_3D('',#40,#41,#42);
#40 = CARTESIAN_POINT('',(177.,-87.95175,1.595));
#41 = DIRECTION('',(-0.,0.,1.));
#42 = DIRECTION('',(1.110223024625E-16,-1.,0.));
#43 = AXIS2_PLACEMENT_3D('',#44,#45,#46);
#44 = CARTESIAN_POINT('',(169.,-89.1,1.595));
#45 = DIRECTION('',(0.,0.,1.));
#46 = DIRECTION('',(-2.334869823773E-16,-1.,0.));
#47 = AXIS2_PLACEMENT_3D('',#48,#49,#50);
#48 = CARTESIAN_POINT('',(140.,-101.,1.595));
#49 = DIRECTION('',(0.,0.,1.));
#50 = DIRECTION('',(1.,0.,0.));
#51 = AXIS2_PLACEMENT_3D('',#52,#53,#54);
#52 = CARTESIAN_POINT('',(192.,-97.,1.595));
#53 = DIRECTION('',(0.,0.,1.));
#54 = DIRECTION('',(-2.334869823773E-16,-1.,0.));
#55 = AXIS2_PLACEMENT_3D('',#56,#57,#58);
#56 = CARTESIAN_POINT('',(139.,-88.95175,1.595));
#57 = DIRECTION('',(-0.,0.,1.));
#58 = DIRECTION('',(1.110223024625E-16,-1.,0.));
#59 = AXIS2_PLACEMENT_3D('',#60,#61,#62);
#60 = CARTESIAN_POINT('',(140.725,-80.385,1.595));
#61 = DIRECTION('',(0.,-0.,1.));
#62 = DIRECTION('',(1.110223024625E-16,1.,0.));
#63 = AXIS2_PLACEMENT_3D('',#64,#65,#66);
#64 = CARTESIAN_POINT('',(158.,-106.55,1.595));
#65 = DIRECTION('',(1.224646799147E-16,1.,1.110223024625E-16));
#66 = DIRECTION('',(-1.,1.224646799147E-16,0.));
#67 = AXIS2_PLACEMENT_3D('',#68,#69,#70);
#68 = CARTESIAN_POINT('',(164.,-104.1,1.595));
#69 = DIRECTION('',(0.,0.,1.));
#70 = DIRECTION('',(-1.,2.22044604925E-16,0.));
#71 = AXIS2_PLACEMENT_3D('',#72,#73,#74);
#72 = CARTESIAN_POINT('',(162.5,-98.5,1.595));
#73 = DIRECTION('',(0.,0.,1.));
#74 = DIRECTION('',(1.,0.,0.));
#75 = AXIS2_PLACEMENT_3D('',#76,#77,#78);
#76 = CARTESIAN_POINT('',(152.,-95.,1.595));
#77 = DIRECTION('',(0.,0.,1.));
#78 = DIRECTION('',(-2.334869823773E-16,-1.,0.));
#79 = AXIS2_PLACEMENT_3D('',#80,#81,#82);
#80 = CARTESIAN_POINT('',(139.,-105.95175,1.595));
#81 = DIRECTION('',(-0.,0.,1.));
#82 = DIRECTION('',(1.110223024625E-16,-1.,0.));
#83 = AXIS2_PLACEMENT_3D('',#84,#85,#86);
#84 = CARTESIAN_POINT('',(187.5,-87.95175,1.595));
#85 = DIRECTION('',(-0.,0.,1.));
#86 = DIRECTION('',(1.110223024625E-16,-1.,0.));
#87 = AXIS2_PLACEMENT_3D('',#88,#89,#90);
#88 = CARTESIAN_POINT('',(177.,-84.5,1.595));
#89 = DIRECTION('',(0.,-0.,1.));
#90 = DIRECTION('',(1.110223024625E-16,1.,0.));
#91 = AXIS2_PLACEMENT_3D('',#92,#93,#94);
#92 = CARTESIAN_POINT('',(204.96,-80.385,1.595));
#93 = DIRECTION('',(0.,-0.,1.));
#94 = DIRECTION('',(1.110223024625E-16,1.,0.));
#95 = AXIS2_PLACEMENT_3D('',#96,#97,#98);
#96 = CARTESIAN_POINT('',(187.5,-103.912,1.595));
#97 = DIRECTION('',(-0.,0.,1.));
#98 = DIRECTION('',(1.110223024625E-16,-1.,0.));
#99 = AXIS2_PLACEMENT_3D('',#100,#101,#102);
#100 = CARTESIAN_POINT('',(205.,-102.5,1.595));
#101 = DIRECTION('',(0.,0.,1.));
#102 = DIRECTION('',(-2.334869823773E-16,-1.,0.));
#103 = AXIS2_PLACEMENT_3D('',#104,#105,#106);
#104 = CARTESIAN_POINT('',(197.45,-107.5,1.595));
#105 = DIRECTION('',(1.224646799147E-16,1.,1.110223024625E-16));
#106 = DIRECTION('',(-1.,1.224646799147E-16,0.));
#107 = AXIS2_PLACEMENT_3D('',#108,#109,#110);
#108 = CARTESIAN_POINT('',(199.5,-98.,1.595));
#109 = DIRECTION('',(0.,0.,1.));
#110 = DIRECTION('',(1.,0.,0.));
#111 = AXIS2_PLACEMENT_3D('',#112,#113,#114);
#112 = CARTESIAN_POINT('',(149.,-105.45175,1.595));
#113 = DIRECTION('',(-0.,0.,1.));
#114 = DIRECTION('',(1.110223024625E-16,-1.,0.));
#115 = AXIS2_PLACEMENT_3D('',#116,#117,#118);
#116 = CARTESIAN_POINT('',(147.,-89.45175,1.595));
#117 = DIRECTION('',(-0.,0.,1.));
#118 = DIRECTION('',(1.110223024625E-16,-1.,0.));
#119 = AXIS2_PLACEMENT_3D('',#120,#121,#122);
#120 = CARTESIAN_POINT('',(164.5,-84.5,1.595));
#121 = DIRECTION('',(-0.,0.,1.));
#122 = DIRECTION('',(1.110223024625E-16,-1.,0.));
#123 = AXIS2_PLACEMENT_3D('',#124,#125,#126);
#124 = CARTESIAN_POINT('',(158.05,-95.05,1.595));
#125 = DIRECTION('',(-1.,-1.110223024625E-16,1.110223024625E-16));
#126 = DIRECTION('',(1.110223024625E-16,-1.,0.));
#127 = AXIS2_PLACEMENT_3D('',#128,#129,#130);
#128 = CARTESIAN_POINT('',(177.725,-117.,-8.5E-02));
#129 = DIRECTION('',(-1.224646799147E-16,-1.359631073447E-32,-1.));
#130 = DIRECTION('',(1.110223024625E-16,-1.,0.));
#131 = AXIS2_PLACEMENT_3D('',#132,#133,#134);
#132 = CARTESIAN_POINT('',(166.275,-117.,-8.5E-02));
#133 = DIRECTION('',(1.224646799147E-16,-1.359631073447E-32,-1.));
#134 = DIRECTION('',(1.110223024625E-16,1.,0.));
#135 = AXIS2_PLACEMENT_3D('',#136,#137,#138);
#136 = CARTESIAN_POINT('',(0.,0.,0.));
#137 = DIRECTION('',(0.,0.,1.));
#138 = DIRECTION('',(1.,0.,-0.));
#139 = ( GEOMETRIC_REPRESENTATION_CONTEXT(3) 
GLOBAL_UNCERTAINTY_ASSIGNED_CONTEXT((#143)) GLOBAL_UNIT_ASSIGNED_CONTEXT
((#140,#141,#142)) REPRESENTATION_CONTEXT('Context #1',
  '3D Context with UNIT and UNCERTAINTY') );
#140 = ( LENGTH_UNIT() NAMED_UNIT(*) SI_UNIT(.MILLI.,.METRE.) );
#141 = ( NAMED_UNIT(*) PLANE_ANGLE_UNIT() SI_UNIT($,.RADIAN.) );
#142 = ( NAMED_UNIT(*) SI_UNIT($,.STERADIAN.) SOLID_ANGLE_UNIT() );
#143 = UNCERTAINTY_MEASURE_WITH_UNIT(LENGTH_MEASURE(1.E-07),#140,
  'distance_accuracy_value','confusion accuracy');
#144 = PRODUCT_RELATED_PRODUCT_CATEGORY('part',$,(#7));
#145 = SHAPE_DEFINITION_REPRESENTATION(#146,#152);
#146 = PRODUCT_DEFINITION_SHAPE('','',#147);
#147 = PRODUCT_DEFINITION('design','',#148,#151);
#148 = PRODUCT_DEFINITION_FORMATION('','',#149);
#149 = PRODUCT('PinHeader_1x02_P2.54mm_Horizontal',
  'PinHeader_1x02_P2.54mm_Horizontal','',(#150));
#150 = PRODUCT_CONTEXT('',#2,'mechanical');
#151 = PRODUCT_DEFINITION_CONTEXT('part definition',#2,'design');
#152 = ADVANCED_BREP_SHAPE_REPRESENTATION('',(#11,#153),#1787);
#153 = MANIFOLD_SOLID_BREP('',#154);
#154 = CLOSED_SHELL('',(#155,#195,#226,#257,#422,#587,#604,#621,#638,
    #655,#672,#689,#706,#723,#740,#757,#769,#800,#849,#873,#915,#946,
    #995,#1019,#1061,#1092,#1116,#1140,#1157,#1188,#1212,#1236,#1253,
    #1270,#1287,#1304,#1335,#1366,#1383,#1400,#1417,#1448,#1479,#1510,
    #1534,#1558,#1575,#1606,#1630,#1654,#1671,#1688,#1705,#1717,#1734,
    #1751,#1763,#1775));
#155 = ADVANCED_FACE('',(#156),#190,.T.);
#156 = FACE_BOUND('',#157,.T.);
#157 = EDGE_LOOP('',(#158,#168,#176,#184));
#158 = ORIENTED_EDGE('',*,*,#159,.T.);
#159 = EDGE_CURVE('',#160,#162,#164,.T.);
#160 = VERTEX_POINT('',#161);
#161 = CARTESIAN_POINT('',(1.5,1.27,0.254));
#162 = VERTEX_POINT('',#163);
#163 = CARTESIAN_POINT('',(4.04,1.27,0.254));
#164 = LINE('',#165,#166);
#165 = CARTESIAN_POINT('',(1.5,1.27,0.254));
#166 = VECTOR('',#167,1.);
#167 = DIRECTION('',(1.,0.,0.));
#168 = ORIENTED_EDGE('',*,*,#169,.T.);
#169 = EDGE_CURVE('',#162,#170,#172,.T.);
#170 = VERTEX_POINT('',#171);
#171 = CARTESIAN_POINT('',(4.04,1.016,0.));
#172 = LINE('',#173,#174);
#173 = CARTESIAN_POINT('',(4.04,1.27,0.254));
#174 = VECTOR('',#175,1.);
#175 = DIRECTION('',(0.,-0.707106781187,-0.707106781187));
#176 = ORIENTED_EDGE('',*,*,#177,.F.);
#177 = EDGE_CURVE('',#178,#170,#180,.T.);
#178 = VERTEX_POINT('',#179);
#179 = CARTESIAN_POINT('',(1.5,1.016,0.));
#180 = LINE('',#181,#182);
#181 = CARTESIAN_POINT('',(1.5,1.016,0.));
#182 = VECTOR('',#183,1.);
#183 = DIRECTION('',(1.,0.,0.));
#184 = ORIENTED_EDGE('',*,*,#185,.F.);
#185 = EDGE_CURVE('',#160,#178,#186,.T.);
#186 = LINE('',#187,#188);
#187 = CARTESIAN_POINT('',(1.5,1.27,0.254));
#188 = VECTOR('',#189,1.);
#189 = DIRECTION('',(0.,-0.707106781187,-0.707106781187));
#190 = PLANE('',#191);
#191 = AXIS2_PLACEMENT_3D('',#192,#193,#194);
#192 = CARTESIAN_POINT('',(1.5,1.27,0.254));
#193 = DIRECTION('',(0.,0.707106781187,-0.707106781187));
#194 = DIRECTION('',(0.,-0.707106781187,-0.707106781187));
#195 = ADVANCED_FACE('',(#196),#221,.T.);
#196 = FACE_BOUND('',#197,.T.);
#197 = EDGE_LOOP('',(#198,#208,#214,#215));
#198 = ORIENTED_EDGE('',*,*,#199,.T.);
#199 = EDGE_CURVE('',#200,#202,#204,.T.);
#200 = VERTEX_POINT('',#201);
#201 = CARTESIAN_POINT('',(1.5,1.27,2.286));
#202 = VERTEX_POINT('',#203);
#203 = CARTESIAN_POINT('',(4.04,1.27,2.286));
#204 = LINE('',#205,#206);
#205 = CARTESIAN_POINT('',(1.5,1.27,2.286));
#206 = VECTOR('',#207,1.);
#207 = DIRECTION('',(1.,0.,0.));
#208 = ORIENTED_EDGE('',*,*,#209,.T.);
#209 = EDGE_CURVE('',#202,#162,#210,.T.);
#210 = LINE('',#211,#212);
#211 = CARTESIAN_POINT('',(4.04,1.27,2.286));
#212 = VECTOR('',#213,1.);
#213 = DIRECTION('',(0.,0.,-1.));
#214 = ORIENTED_EDGE('',*,*,#159,.F.);
#215 = ORIENTED_EDGE('',*,*,#216,.F.);
#216 = EDGE_CURVE('',#200,#160,#217,.T.);
#217 = LINE('',#218,#219);
#218 = CARTESIAN_POINT('',(1.5,1.27,2.286));
#219 = VECTOR('',#220,1.);
#220 = DIRECTION('',(0.,0.,-1.));
#221 = PLANE('',#222);
#222 = AXIS2_PLACEMENT_3D('',#223,#224,#225);
#223 = CARTESIAN_POINT('',(1.5,1.27,2.286));
#224 = DIRECTION('',(0.,1.,0.));
#225 = DIRECTION('',(0.,0.,-1.));
#226 = ADVANCED_FACE('',(#227),#252,.T.);
#227 = FACE_BOUND('',#228,.T.);
#228 = EDGE_LOOP('',(#229,#230,#238,#246));
#229 = ORIENTED_EDGE('',*,*,#177,.T.);
#230 = ORIENTED_EDGE('',*,*,#231,.T.);
#231 = EDGE_CURVE('',#170,#232,#234,.T.);
#232 = VERTEX_POINT('',#233);
#233 = CARTESIAN_POINT('',(4.04,-1.016,0.));
#234 = LINE('',#235,#236);
#235 = CARTESIAN_POINT('',(4.04,1.016,0.));
#236 = VECTOR('',#237,1.);
#237 = DIRECTION('',(0.,-1.,0.));
#238 = ORIENTED_EDGE('',*,*,#239,.F.);
#239 = EDGE_CURVE('',#240,#232,#242,.T.);
#240 = VERTEX_POINT('',#241);
#241 = CARTESIAN_POINT('',(1.5,-1.016,0.));
#242 = LINE('',#243,#244);
#243 = CARTESIAN_POINT('',(1.5,-1.016,0.));
#244 = VECTOR('',#245,1.);
#245 = DIRECTION('',(1.,0.,0.));
#246 = ORIENTED_EDGE('',*,*,#247,.F.);
#247 = EDGE_CURVE('',#178,#240,#248,.T.);
#248 = LINE('',#249,#250);
#249 = CARTESIAN_POINT('',(1.5,1.016,0.));
#250 = VECTOR('',#251,1.);
#251 = DIRECTION('',(0.,-1.,0.));
#252 = PLANE('',#253);
#253 = AXIS2_PLACEMENT_3D('',#254,#255,#256);
#254 = CARTESIAN_POINT('',(1.5,1.016,0.));
#255 = DIRECTION('',(-0.,-0.,-1.));
#256 = DIRECTION('',(0.,-1.,0.));
#257 = ADVANCED_FACE('',(#258,#349,#383),#417,.T.);
#258 = FACE_BOUND('',#259,.T.);
#259 = EDGE_LOOP('',(#260,#261,#262,#270,#278,#286,#294,#302,#310,#318,
    #326,#334,#342,#348));
#260 = ORIENTED_EDGE('',*,*,#185,.T.);
#261 = ORIENTED_EDGE('',*,*,#247,.T.);
#262 = ORIENTED_EDGE('',*,*,#263,.T.);
#263 = EDGE_CURVE('',#240,#264,#266,.T.);
#264 = VERTEX_POINT('',#265);
#265 = CARTESIAN_POINT('',(1.5,-1.27,0.254));
#266 = LINE('',#267,#268);
#267 = CARTESIAN_POINT('',(1.5,-1.016,0.));
#268 = VECTOR('',#269,1.);
#269 = DIRECTION('',(0.,-0.707106781187,0.707106781187));
#270 = ORIENTED_EDGE('',*,*,#271,.T.);
#271 = EDGE_CURVE('',#264,#272,#274,.T.);
#272 = VERTEX_POINT('',#273);
#273 = CARTESIAN_POINT('',(1.5,-1.524,0.));
#274 = LINE('',#275,#276);
#275 = CARTESIAN_POINT('',(1.5,-1.27,0.254));
#276 = VECTOR('',#277,1.);
#277 = DIRECTION('',(0.,-0.707106781187,-0.707106781187));
#278 = ORIENTED_EDGE('',*,*,#279,.T.);
#279 = EDGE_CURVE('',#272,#280,#282,.T.);
#280 = VERTEX_POINT('',#281);
#281 = CARTESIAN_POINT('',(1.5,-3.556,0.));
#282 = LINE('',#283,#284);
#283 = CARTESIAN_POINT('',(1.5,-1.524,0.));
#284 = VECTOR('',#285,1.);
#285 = DIRECTION('',(0.,-1.,0.));
#286 = ORIENTED_EDGE('',*,*,#287,.T.);
#287 = EDGE_CURVE('',#280,#288,#290,.T.);
#288 = VERTEX_POINT('',#289);
#289 = CARTESIAN_POINT('',(1.5,-3.81,0.254));
#290 = LINE('',#291,#292);
#291 = CARTESIAN_POINT('',(1.5,-3.556,0.));
#292 = VECTOR('',#293,1.);
#293 = DIRECTION('',(0.,-0.707106781187,0.707106781187));
#294 = ORIENTED_EDGE('',*,*,#295,.T.);
#295 = EDGE_CURVE('',#288,#296,#298,.T.);
#296 = VERTEX_POINT('',#297);
#297 = CARTESIAN_POINT('',(1.5,-3.81,2.286));
#298 = LINE('',#299,#300);
#299 = CARTESIAN_POINT('',(1.5,-3.81,0.254));
#300 = VECTOR('',#301,1.);
#301 = DIRECTION('',(0.,0.,1.));
#302 = ORIENTED_EDGE('',*,*,#303,.T.);
#303 = EDGE_CURVE('',#296,#304,#306,.T.);
#304 = VERTEX_POINT('',#305);
#305 = CARTESIAN_POINT('',(1.5,-3.556,2.54));
#306 = LINE('',#307,#308);
#307 = CARTESIAN_POINT('',(1.5,-3.81,2.286));
#308 = VECTOR('',#309,1.);
#309 = DIRECTION('',(0.,0.707106781187,0.707106781187));
#310 = ORIENTED_EDGE('',*,*,#311,.T.);
#311 = EDGE_CURVE('',#304,#312,#314,.T.);
#312 = VERTEX_POINT('',#313);
#313 = CARTESIAN_POINT('',(1.5,-1.524,2.54));
#314 = LINE('',#315,#316);
#315 = CARTESIAN_POINT('',(1.5,-3.556,2.54));
#316 = VECTOR('',#317,1.);
#317 = DIRECTION('',(0.,1.,0.));
#318 = ORIENTED_EDGE('',*,*,#319,.T.);
#319 = EDGE_CURVE('',#312,#320,#322,.T.);
#320 = VERTEX_POINT('',#321);
#321 = CARTESIAN_POINT('',(1.5,-1.27,2.286));
#322 = LINE('',#323,#324);
#323 = CARTESIAN_POINT('',(1.5,-1.524,2.54));
#324 = VECTOR('',#325,1.);
#325 = DIRECTION('',(0.,0.707106781187,-0.707106781187));
#326 = ORIENTED_EDGE('',*,*,#327,.T.);
#327 = EDGE_CURVE('',#320,#328,#330,.T.);
#328 = VERTEX_POINT('',#329);
#329 = CARTESIAN_POINT('',(1.5,-1.016,2.54));
#330 = LINE('',#331,#332);
#331 = CARTESIAN_POINT('',(1.5,-1.27,2.286));
#332 = VECTOR('',#333,1.);
#333 = DIRECTION('',(0.,0.707106781187,0.707106781187));
#334 = ORIENTED_EDGE('',*,*,#335,.T.);
#335 = EDGE_CURVE('',#328,#336,#338,.T.);
#336 = VERTEX_POINT('',#337);
#337 = CARTESIAN_POINT('',(1.5,1.016,2.54));
#338 = LINE('',#339,#340);
#339 = CARTESIAN_POINT('',(1.5,-1.016,2.54));
#340 = VECTOR('',#341,1.);
#341 = DIRECTION('',(0.,1.,0.));
#342 = ORIENTED_EDGE('',*,*,#343,.T.);
#343 = EDGE_CURVE('',#336,#200,#344,.T.);
#344 = LINE('',#345,#346);
#345 = CARTESIAN_POINT('',(1.5,1.016,2.54));
#346 = VECTOR('',#347,1.);
#347 = DIRECTION('',(0.,0.707106781187,-0.707106781187));
#348 = ORIENTED_EDGE('',*,*,#216,.T.);
#349 = FACE_BOUND('',#350,.T.);
#350 = EDGE_LOOP('',(#351,#361,#369,#377));
#351 = ORIENTED_EDGE('',*,*,#352,.F.);
#352 = EDGE_CURVE('',#353,#355,#357,.T.);
#353 = VERTEX_POINT('',#354);
#354 = CARTESIAN_POINT('',(1.5,0.32,0.95));
#355 = VERTEX_POINT('',#356);
#356 = CARTESIAN_POINT('',(1.5,-0.32,0.95));
#357 = LINE('',#358,#359);
#358 = CARTESIAN_POINT('',(1.5,-0.475,0.95));
#359 = VECTOR('',#360,1.);
#360 = DIRECTION('',(-3.925005374637E-32,-1.,0.));
#361 = ORIENTED_EDGE('',*,*,#362,.F.);
#362 = EDGE_CURVE('',#363,#353,#365,.T.);
#363 = VERTEX_POINT('',#364);
#364 = CARTESIAN_POINT('',(1.5,0.32,1.59));
#365 = LINE('',#366,#367);
#366 = CARTESIAN_POINT('',(1.5,0.32,0.924540133779));
#367 = VECTOR('',#368,1.);
#368 = DIRECTION('',(3.797522772768E-32,6.630961875715E-34,-1.));
#369 = ORIENTED_EDGE('',*,*,#370,.F.);
#370 = EDGE_CURVE('',#371,#363,#373,.T.);
#371 = VERTEX_POINT('',#372);
#372 = CARTESIAN_POINT('',(1.5,-0.32,1.59));
#373 = LINE('',#374,#375);
#374 = CARTESIAN_POINT('',(1.5,-0.475,1.59));
#375 = VECTOR('',#376,1.);
#376 = DIRECTION('',(3.925005374637E-32,1.,8.412415711776E-49));
#377 = ORIENTED_EDGE('',*,*,#378,.T.);
#378 = EDGE_CURVE('',#371,#355,#379,.T.);
#379 = LINE('',#380,#381);
#380 = CARTESIAN_POINT('',(1.5,-0.32,0.924540133779));
#381 = VECTOR('',#382,1.);
#382 = DIRECTION('',(3.797522772768E-32,6.630961875715E-34,-1.));
#383 = FACE_BOUND('',#384,.T.);
#384 = EDGE_LOOP('',(#385,#395,#403,#411));
#385 = ORIENTED_EDGE('',*,*,#386,.F.);
#386 = EDGE_CURVE('',#387,#389,#391,.T.);
#387 = VERTEX_POINT('',#388);
#388 = CARTESIAN_POINT('',(1.5,-2.22,0.95));
#389 = VERTEX_POINT('',#390);
#390 = CARTESIAN_POINT('',(1.5,-2.86,0.95));
#391 = LINE('',#392,#393);
#392 = CARTESIAN_POINT('',(1.5,-1.745,0.95));
#393 = VECTOR('',#394,1.);
#394 = DIRECTION('',(-3.925005374637E-32,-1.,0.));
#395 = ORIENTED_EDGE('',*,*,#396,.F.);
#396 = EDGE_CURVE('',#397,#387,#399,.T.);
#397 = VERTEX_POINT('',#398);
#398 = CARTESIAN_POINT('',(1.5,-2.22,1.59));
#399 = LINE('',#400,#401);
#400 = CARTESIAN_POINT('',(1.5,-2.22,0.924540133779));
#401 = VECTOR('',#402,1.);
#402 = DIRECTION('',(3.797522772768E-32,6.630961875715E-34,-1.));
#403 = ORIENTED_EDGE('',*,*,#404,.F.);
#404 = EDGE_CURVE('',#405,#397,#407,.T.);
#405 = VERTEX_POINT('',#406);
#406 = CARTESIAN_POINT('',(1.5,-2.86,1.59));
#407 = LINE('',#408,#409);
#408 = CARTESIAN_POINT('',(1.5,-1.745,1.59));
#409 = VECTOR('',#410,1.);
#410 = DIRECTION('',(3.925005374637E-32,1.,8.412415711776E-49));
#411 = ORIENTED_EDGE('',*,*,#412,.T.);
#412 = EDGE_CURVE('',#405,#389,#413,.T.);
#413 = LINE('',#414,#415);
#414 = CARTESIAN_POINT('',(1.5,-2.86,0.924540133779));
#415 = VECTOR('',#416,1.);
#416 = DIRECTION('',(3.797522772768E-32,6.630961875715E-34,-1.));
#417 = PLANE('',#418);
#418 = AXIS2_PLACEMENT_3D('',#419,#420,#421);
#419 = CARTESIAN_POINT('',(1.5,-1.27,1.27));
#420 = DIRECTION('',(-1.,3.925005374637E-32,-3.797522772768E-32));
#421 = DIRECTION('',(-3.925005374637E-32,-1.,0.));
#422 = ADVANCED_FACE('',(#423,#514,#548),#582,.F.);
#423 = FACE_BOUND('',#424,.F.);
#424 = EDGE_LOOP('',(#425,#426,#427,#435,#443,#451,#459,#467,#475,#483,
    #491,#499,#507,#513));
#425 = ORIENTED_EDGE('',*,*,#169,.T.);
#426 = ORIENTED_EDGE('',*,*,#231,.T.);
#427 = ORIENTED_EDGE('',*,*,#428,.T.);
#428 = EDGE_CURVE('',#232,#429,#431,.T.);
#429 = VERTEX_POINT('',#430);
#430 = CARTESIAN_POINT('',(4.04,-1.27,0.254));
#431 = LINE('',#432,#433);
#432 = CARTESIAN_POINT('',(4.04,-1.016,0.));
#433 = VECTOR('',#434,1.);
#434 = DIRECTION('',(0.,-0.707106781187,0.707106781187));
#435 = ORIENTED_EDGE('',*,*,#436,.T.);
#436 = EDGE_CURVE('',#429,#437,#439,.T.);
#437 = VERTEX_POINT('',#438);
#438 = CARTESIAN_POINT('',(4.04,-1.524,0.));
#439 = LINE('',#440,#441);
#440 = CARTESIAN_POINT('',(4.04,-1.27,0.254));
#441 = VECTOR('',#442,1.);
#442 = DIRECTION('',(0.,-0.707106781187,-0.707106781187));
#443 = ORIENTED_EDGE('',*,*,#444,.T.);
#444 = EDGE_CURVE('',#437,#445,#447,.T.);
#445 = VERTEX_POINT('',#446);
#446 = CARTESIAN_POINT('',(4.04,-3.556,0.));
#447 = LINE('',#448,#449);
#448 = CARTESIAN_POINT('',(4.04,-1.524,0.));
#449 = VECTOR('',#450,1.);
#450 = DIRECTION('',(0.,-1.,0.));
#451 = ORIENTED_EDGE('',*,*,#452,.T.);
#452 = EDGE_CURVE('',#445,#453,#455,.T.);
#453 = VERTEX_POINT('',#454);
#454 = CARTESIAN_POINT('',(4.04,-3.81,0.254));
#455 = LINE('',#456,#457);
#456 = CARTESIAN_POINT('',(4.04,-3.556,0.));
#457 = VECTOR('',#458,1.);
#458 = DIRECTION('',(0.,-0.707106781187,0.707106781187));
#459 = ORIENTED_EDGE('',*,*,#460,.T.);
#460 = EDGE_CURVE('',#453,#461,#463,.T.);
#461 = VERTEX_POINT('',#462);
#462 = CARTESIAN_POINT('',(4.04,-3.81,2.286));
#463 = LINE('',#464,#465);
#464 = CARTESIAN_POINT('',(4.04,-3.81,0.254));
#465 = VECTOR('',#466,1.);
#466 = DIRECTION('',(0.,0.,1.));
#467 = ORIENTED_EDGE('',*,*,#468,.T.);
#468 = EDGE_CURVE('',#461,#469,#471,.T.);
#469 = VERTEX_POINT('',#470);
#470 = CARTESIAN_POINT('',(4.04,-3.556,2.54));
#471 = LINE('',#472,#473);
#472 = CARTESIAN_POINT('',(4.04,-3.81,2.286));
#473 = VECTOR('',#474,1.);
#474 = DIRECTION('',(0.,0.707106781187,0.707106781187));
#475 = ORIENTED_EDGE('',*,*,#476,.T.);
#476 = EDGE_CURVE('',#469,#477,#479,.T.);
#477 = VERTEX_POINT('',#478);
#478 = CARTESIAN_POINT('',(4.04,-1.524,2.54));
#479 = LINE('',#480,#481);
#480 = CARTESIAN_POINT('',(4.04,-3.556,2.54));
#481 = VECTOR('',#482,1.);
#482 = DIRECTION('',(0.,1.,0.));
#483 = ORIENTED_EDGE('',*,*,#484,.T.);
#484 = EDGE_CURVE('',#477,#485,#487,.T.);
#485 = VERTEX_POINT('',#486);
#486 = CARTESIAN_POINT('',(4.04,-1.27,2.286));
#487 = LINE('',#488,#489);
#488 = CARTESIAN_POINT('',(4.04,-1.524,2.54));
#489 = VECTOR('',#490,1.);
#490 = DIRECTION('',(0.,0.707106781187,-0.707106781187));
#491 = ORIENTED_EDGE('',*,*,#492,.T.);
#492 = EDGE_CURVE('',#485,#493,#495,.T.);
#493 = VERTEX_POINT('',#494);
#494 = CARTESIAN_POINT('',(4.04,-1.016,2.54));
#495 = LINE('',#496,#497);
#496 = CARTESIAN_POINT('',(4.04,-1.27,2.286));
#497 = VECTOR('',#498,1.);
#498 = DIRECTION('',(0.,0.707106781187,0.707106781187));
#499 = ORIENTED_EDGE('',*,*,#500,.T.);
#500 = EDGE_CURVE('',#493,#501,#503,.T.);
#501 = VERTEX_POINT('',#502);
#502 = CARTESIAN_POINT('',(4.04,1.016,2.54));
#503 = LINE('',#504,#505);
#504 = CARTESIAN_POINT('',(4.04,-1.016,2.54));
#505 = VECTOR('',#506,1.);
#506 = DIRECTION('',(0.,1.,0.));
#507 = ORIENTED_EDGE('',*,*,#508,.T.);
#508 = EDGE_CURVE('',#501,#202,#509,.T.);
#509 = LINE('',#510,#511);
#510 = CARTESIAN_POINT('',(4.04,1.016,2.54));
#511 = VECTOR('',#512,1.);
#512 = DIRECTION('',(0.,0.707106781187,-0.707106781187));
#513 = ORIENTED_EDGE('',*,*,#209,.T.);
#514 = FACE_BOUND('',#515,.F.);
#515 = EDGE_LOOP('',(#516,#526,#534,#542));
#516 = ORIENTED_EDGE('',*,*,#517,.F.);
#517 = EDGE_CURVE('',#518,#520,#522,.T.);
#518 = VERTEX_POINT('',#519);
#519 = CARTESIAN_POINT('',(4.04,0.32,0.95));
#520 = VERTEX_POINT('',#521);
#521 = CARTESIAN_POINT('',(4.04,-0.32,0.95));
#522 = LINE('',#523,#524);
#523 = CARTESIAN_POINT('',(4.04,-0.475,0.95));
#524 = VECTOR('',#525,1.);
#525 = DIRECTION('',(-3.925005374637E-32,-1.,0.));
#526 = ORIENTED_EDGE('',*,*,#527,.F.);
#527 = EDGE_CURVE('',#528,#518,#530,.T.);
#528 = VERTEX_POINT('',#529);
#529 = CARTESIAN_POINT('',(4.04,0.32,1.59));
#530 = LINE('',#531,#532);
#531 = CARTESIAN_POINT('',(4.04,0.32,0.924540133779));
#532 = VECTOR('',#533,1.);
#533 = DIRECTION('',(3.797522772768E-32,6.630961875715E-34,-1.));
#534 = ORIENTED_EDGE('',*,*,#535,.F.);
#535 = EDGE_CURVE('',#536,#528,#538,.T.);
#536 = VERTEX_POINT('',#537);
#537 = CARTESIAN_POINT('',(4.04,-0.32,1.59));
#538 = LINE('',#539,#540);
#539 = CARTESIAN_POINT('',(4.04,-0.475,1.59));
#540 = VECTOR('',#541,1.);
#541 = DIRECTION('',(3.925005374637E-32,1.,8.412415711776E-49));
#542 = ORIENTED_EDGE('',*,*,#543,.T.);
#543 = EDGE_CURVE('',#536,#520,#544,.T.);
#544 = LINE('',#545,#546);
#545 = CARTESIAN_POINT('',(4.04,-0.32,0.924540133779));
#546 = VECTOR('',#547,1.);
#547 = DIRECTION('',(3.797522772768E-32,6.630961875715E-34,-1.));
#548 = FACE_BOUND('',#549,.F.);
#549 = EDGE_LOOP('',(#550,#560,#568,#576));
#550 = ORIENTED_EDGE('',*,*,#551,.F.);
#551 = EDGE_CURVE('',#552,#554,#556,.T.);
#552 = VERTEX_POINT('',#553);
#553 = CARTESIAN_POINT('',(4.04,-2.22,0.95));
#554 = VERTEX_POINT('',#555);
#555 = CARTESIAN_POINT('',(4.04,-2.86,0.95));
#556 = LINE('',#557,#558);
#557 = CARTESIAN_POINT('',(4.04,-1.745,0.95));
#558 = VECTOR('',#559,1.);
#559 = DIRECTION('',(-3.925005374637E-32,-1.,0.));
#560 = ORIENTED_EDGE('',*,*,#561,.F.);
#561 = EDGE_CURVE('',#562,#552,#564,.T.);
#562 = VERTEX_POINT('',#563);
#563 = CARTESIAN_POINT('',(4.04,-2.22,1.59));
#564 = LINE('',#565,#566);
#565 = CARTESIAN_POINT('',(4.04,-2.22,0.924540133779));
#566 = VECTOR('',#567,1.);
#567 = DIRECTION('',(3.797522772768E-32,6.630961875715E-34,-1.));
#568 = ORIENTED_EDGE('',*,*,#569,.F.);
#569 = EDGE_CURVE('',#570,#562,#572,.T.);
#570 = VERTEX_POINT('',#571);
#571 = CARTESIAN_POINT('',(4.04,-2.86,1.59));
#572 = LINE('',#573,#574);
#573 = CARTESIAN_POINT('',(4.04,-1.745,1.59));
#574 = VECTOR('',#575,1.);
#575 = DIRECTION('',(3.925005374637E-32,1.,8.412415711776E-49));
#576 = ORIENTED_EDGE('',*,*,#577,.T.);
#577 = EDGE_CURVE('',#570,#554,#578,.T.);
#578 = LINE('',#579,#580);
#579 = CARTESIAN_POINT('',(4.04,-2.86,0.924540133779));
#580 = VECTOR('',#581,1.);
#581 = DIRECTION('',(3.797522772768E-32,6.630961875715E-34,-1.));
#582 = PLANE('',#583);
#583 = AXIS2_PLACEMENT_3D('',#584,#585,#586);
#584 = CARTESIAN_POINT('',(4.04,-1.27,1.27));
#585 = DIRECTION('',(-1.,3.925005374637E-32,-3.797522772768E-32));
#586 = DIRECTION('',(-3.925005374637E-32,-1.,0.));
#587 = ADVANCED_FACE('',(#588),#599,.T.);
#588 = FACE_BOUND('',#589,.T.);
#589 = EDGE_LOOP('',(#590,#596,#597,#598));
#590 = ORIENTED_EDGE('',*,*,#591,.T.);
#591 = EDGE_CURVE('',#336,#501,#592,.T.);
#592 = LINE('',#593,#594);
#593 = CARTESIAN_POINT('',(1.5,1.016,2.54));
#594 = VECTOR('',#595,1.);
#595 = DIRECTION('',(1.,0.,0.));
#596 = ORIENTED_EDGE('',*,*,#508,.T.);
#597 = ORIENTED_EDGE('',*,*,#199,.F.);
#598 = ORIENTED_EDGE('',*,*,#343,.F.);
#599 = PLANE('',#600);
#600 = AXIS2_PLACEMENT_3D('',#601,#602,#603);
#601 = CARTESIAN_POINT('',(1.5,1.016,2.54));
#602 = DIRECTION('',(0.,0.707106781187,0.707106781187));
#603 = DIRECTION('',(0.,0.707106781187,-0.707106781187));
#604 = ADVANCED_FACE('',(#605),#616,.T.);
#605 = FACE_BOUND('',#606,.T.);
#606 = EDGE_LOOP('',(#607,#608,#609,#615));
#607 = ORIENTED_EDGE('',*,*,#239,.T.);
#608 = ORIENTED_EDGE('',*,*,#428,.T.);
#609 = ORIENTED_EDGE('',*,*,#610,.F.);
#610 = EDGE_CURVE('',#264,#429,#611,.T.);
#611 = LINE('',#612,#613);
#612 = CARTESIAN_POINT('',(1.5,-1.27,0.254));
#613 = VECTOR('',#614,1.);
#614 = DIRECTION('',(1.,0.,0.));
#615 = ORIENTED_EDGE('',*,*,#263,.F.);
#616 = PLANE('',#617);
#617 = AXIS2_PLACEMENT_3D('',#618,#619,#620);
#618 = CARTESIAN_POINT('',(1.5,-1.016,0.));
#619 = DIRECTION('',(-0.,-0.707106781187,-0.707106781187));
#620 = DIRECTION('',(0.,-0.707106781187,0.707106781187));
#621 = ADVANCED_FACE('',(#622),#633,.T.);
#622 = FACE_BOUND('',#623,.T.);
#623 = EDGE_LOOP('',(#624,#630,#631,#632));
#624 = ORIENTED_EDGE('',*,*,#625,.T.);
#625 = EDGE_CURVE('',#328,#493,#626,.T.);
#626 = LINE('',#627,#628);
#627 = CARTESIAN_POINT('',(1.5,-1.016,2.54));
#628 = VECTOR('',#629,1.);
#629 = DIRECTION('',(1.,0.,0.));
#630 = ORIENTED_EDGE('',*,*,#500,.T.);
#631 = ORIENTED_EDGE('',*,*,#591,.F.);
#632 = ORIENTED_EDGE('',*,*,#335,.F.);
#633 = PLANE('',#634);
#634 = AXIS2_PLACEMENT_3D('',#635,#636,#637);
#635 = CARTESIAN_POINT('',(1.5,-1.016,2.54));
#636 = DIRECTION('',(0.,0.,1.));
#637 = DIRECTION('',(0.,1.,0.));
#638 = ADVANCED_FACE('',(#639),#650,.T.);
#639 = FACE_BOUND('',#640,.T.);
#640 = EDGE_LOOP('',(#641,#642,#643,#649));
#641 = ORIENTED_EDGE('',*,*,#610,.T.);
#642 = ORIENTED_EDGE('',*,*,#436,.T.);
#643 = ORIENTED_EDGE('',*,*,#644,.F.);
#644 = EDGE_CURVE('',#272,#437,#645,.T.);
#645 = LINE('',#646,#647);
#646 = CARTESIAN_POINT('',(1.5,-1.524,0.));
#647 = VECTOR('',#648,1.);
#648 = DIRECTION('',(1.,0.,0.));
#649 = ORIENTED_EDGE('',*,*,#271,.F.);
#650 = PLANE('',#651);
#651 = AXIS2_PLACEMENT_3D('',#652,#653,#654);
#652 = CARTESIAN_POINT('',(1.5,-1.27,0.254));
#653 = DIRECTION('',(0.,0.707106781187,-0.707106781187));
#654 = DIRECTION('',(0.,-0.707106781187,-0.707106781187));
#655 = ADVANCED_FACE('',(#656),#667,.T.);
#656 = FACE_BOUND('',#657,.T.);
#657 = EDGE_LOOP('',(#658,#664,#665,#666));
#658 = ORIENTED_EDGE('',*,*,#659,.T.);
#659 = EDGE_CURVE('',#320,#485,#660,.T.);
#660 = LINE('',#661,#662);
#661 = CARTESIAN_POINT('',(1.5,-1.27,2.286));
#662 = VECTOR('',#663,1.);
#663 = DIRECTION('',(1.,0.,0.));
#664 = ORIENTED_EDGE('',*,*,#492,.T.);
#665 = ORIENTED_EDGE('',*,*,#625,.F.);
#666 = ORIENTED_EDGE('',*,*,#327,.F.);
#667 = PLANE('',#668);
#668 = AXIS2_PLACEMENT_3D('',#669,#670,#671);
#669 = CARTESIAN_POINT('',(1.5,-1.27,2.286));
#670 = DIRECTION('',(0.,-0.707106781187,0.707106781187));
#671 = DIRECTION('',(0.,0.707106781187,0.707106781187));
#672 = ADVANCED_FACE('',(#673),#684,.T.);
#673 = FACE_BOUND('',#674,.T.);
#674 = EDGE_LOOP('',(#675,#676,#677,#683));
#675 = ORIENTED_EDGE('',*,*,#644,.T.);
#676 = ORIENTED_EDGE('',*,*,#444,.T.);
#677 = ORIENTED_EDGE('',*,*,#678,.F.);
#678 = EDGE_CURVE('',#280,#445,#679,.T.);
#679 = LINE('',#680,#681);
#680 = CARTESIAN_POINT('',(1.5,-3.556,0.));
#681 = VECTOR('',#682,1.);
#682 = DIRECTION('',(1.,0.,0.));
#683 = ORIENTED_EDGE('',*,*,#279,.F.);
#684 = PLANE('',#685);
#685 = AXIS2_PLACEMENT_3D('',#686,#687,#688);
#686 = CARTESIAN_POINT('',(1.5,-1.524,0.));
#687 = DIRECTION('',(-0.,-0.,-1.));
#688 = DIRECTION('',(0.,-1.,0.));
#689 = ADVANCED_FACE('',(#690),#701,.T.);
#690 = FACE_BOUND('',#691,.T.);
#691 = EDGE_LOOP('',(#692,#698,#699,#700));
#692 = ORIENTED_EDGE('',*,*,#693,.T.);
#693 = EDGE_CURVE('',#312,#477,#694,.T.);
#694 = LINE('',#695,#696);
#695 = CARTESIAN_POINT('',(1.5,-1.524,2.54));
#696 = VECTOR('',#697,1.);
#697 = DIRECTION('',(1.,0.,0.));
#698 = ORIENTED_EDGE('',*,*,#484,.T.);
#699 = ORIENTED_EDGE('',*,*,#659,.F.);
#700 = ORIENTED_EDGE('',*,*,#319,.F.);
#701 = PLANE('',#702);
#702 = AXIS2_PLACEMENT_3D('',#703,#704,#705);
#703 = CARTESIAN_POINT('',(1.5,-1.524,2.54));
#704 = DIRECTION('',(0.,0.707106781187,0.707106781187));
#705 = DIRECTION('',(0.,0.707106781187,-0.707106781187));
#706 = ADVANCED_FACE('',(#707),#718,.T.);
#707 = FACE_BOUND('',#708,.T.);
#708 = EDGE_LOOP('',(#709,#710,#711,#717));
#709 = ORIENTED_EDGE('',*,*,#678,.T.);
#710 = ORIENTED_EDGE('',*,*,#452,.T.);
#711 = ORIENTED_EDGE('',*,*,#712,.F.);
#712 = EDGE_CURVE('',#288,#453,#713,.T.);
#713 = LINE('',#714,#715);
#714 = CARTESIAN_POINT('',(1.5,-3.81,0.254));
#715 = VECTOR('',#716,1.);
#716 = DIRECTION('',(1.,0.,0.));
#717 = ORIENTED_EDGE('',*,*,#287,.F.);
#718 = PLANE('',#719);
#719 = AXIS2_PLACEMENT_3D('',#720,#721,#722);
#720 = CARTESIAN_POINT('',(1.5,-3.556,0.));
#721 = DIRECTION('',(-0.,-0.707106781187,-0.707106781187));
#722 = DIRECTION('',(0.,-0.707106781187,0.707106781187));
#723 = ADVANCED_FACE('',(#724),#735,.T.);
#724 = FACE_BOUND('',#725,.T.);
#725 = EDGE_LOOP('',(#726,#732,#733,#734));
#726 = ORIENTED_EDGE('',*,*,#727,.T.);
#727 = EDGE_CURVE('',#304,#469,#728,.T.);
#728 = LINE('',#729,#730);
#729 = CARTESIAN_POINT('',(1.5,-3.556,2.54));
#730 = VECTOR('',#731,1.);
#731 = DIRECTION('',(1.,0.,0.));
#732 = ORIENTED_EDGE('',*,*,#476,.T.);
#733 = ORIENTED_EDGE('',*,*,#693,.F.);
#734 = ORIENTED_EDGE('',*,*,#311,.F.);
#735 = PLANE('',#736);
#736 = AXIS2_PLACEMENT_3D('',#737,#738,#739);
#737 = CARTESIAN_POINT('',(1.5,-3.556,2.54));
#738 = DIRECTION('',(0.,0.,1.));
#739 = DIRECTION('',(0.,1.,0.));
#740 = ADVANCED_FACE('',(#741),#752,.T.);
#741 = FACE_BOUND('',#742,.T.);
#742 = EDGE_LOOP('',(#743,#744,#745,#751));
#743 = ORIENTED_EDGE('',*,*,#712,.T.);
#744 = ORIENTED_EDGE('',*,*,#460,.T.);
#745 = ORIENTED_EDGE('',*,*,#746,.F.);
#746 = EDGE_CURVE('',#296,#461,#747,.T.);
#747 = LINE('',#748,#749);
#748 = CARTESIAN_POINT('',(1.5,-3.81,2.286));
#749 = VECTOR('',#750,1.);
#750 = DIRECTION('',(1.,0.,0.));
#751 = ORIENTED_EDGE('',*,*,#295,.F.);
#752 = PLANE('',#753);
#753 = AXIS2_PLACEMENT_3D('',#754,#755,#756);
#754 = CARTESIAN_POINT('',(1.5,-3.81,0.254));
#755 = DIRECTION('',(0.,-1.,0.));
#756 = DIRECTION('',(0.,0.,1.));
#757 = ADVANCED_FACE('',(#758),#764,.T.);
#758 = FACE_BOUND('',#759,.T.);
#759 = EDGE_LOOP('',(#760,#761,#762,#763));
#760 = ORIENTED_EDGE('',*,*,#746,.T.);
#761 = ORIENTED_EDGE('',*,*,#468,.T.);
#762 = ORIENTED_EDGE('',*,*,#727,.F.);
#763 = ORIENTED_EDGE('',*,*,#303,.F.);
#764 = PLANE('',#765);
#765 = AXIS2_PLACEMENT_3D('',#766,#767,#768);
#766 = CARTESIAN_POINT('',(1.5,-3.81,2.286));
#767 = DIRECTION('',(0.,-0.707106781187,0.707106781187));
#768 = DIRECTION('',(0.,0.707106781187,0.707106781187));
#769 = ADVANCED_FACE('',(#770),#795,.T.);
#770 = FACE_BOUND('',#771,.T.);
#771 = EDGE_LOOP('',(#772,#780,#781,#789));
#772 = ORIENTED_EDGE('',*,*,#773,.F.);
#773 = EDGE_CURVE('',#353,#774,#776,.T.);
#774 = VERTEX_POINT('',#775);
#775 = CARTESIAN_POINT('',(0.32,0.32,0.95));
#776 = LINE('',#777,#778);
#777 = CARTESIAN_POINT('',(10.04,0.32,0.95));
#778 = VECTOR('',#779,1.);
#779 = DIRECTION('',(-1.,0.,0.));
#780 = ORIENTED_EDGE('',*,*,#352,.T.);
#781 = ORIENTED_EDGE('',*,*,#782,.T.);
#782 = EDGE_CURVE('',#355,#783,#785,.T.);
#783 = VERTEX_POINT('',#784);
#784 = CARTESIAN_POINT('',(0.32,-0.32,0.95));
#785 = LINE('',#786,#787);
#786 = CARTESIAN_POINT('',(10.04,-0.32,0.95));
#787 = VECTOR('',#788,1.);
#788 = DIRECTION('',(-1.,0.,0.));
#789 = ORIENTED_EDGE('',*,*,#790,.F.);
#790 = EDGE_CURVE('',#774,#783,#791,.T.);
#791 = LINE('',#792,#793);
#792 = CARTESIAN_POINT('',(0.32,0.32,0.95));
#793 = VECTOR('',#794,1.);
#794 = DIRECTION('',(0.,-1.,0.));
#795 = PLANE('',#796);
#796 = AXIS2_PLACEMENT_3D('',#797,#798,#799);
#797 = CARTESIAN_POINT('',(10.04,0.32,0.95));
#798 = DIRECTION('',(-0.,-0.,-1.));
#799 = DIRECTION('',(-1.,0.,0.));
#800 = ADVANCED_FACE('',(#801),#844,.F.);
#801 = FACE_BOUND('',#802,.F.);
#802 = EDGE_LOOP('',(#803,#814,#820,#821,#822,#830,#838));
#803 = ORIENTED_EDGE('',*,*,#804,.T.);
#804 = EDGE_CURVE('',#805,#807,#809,.T.);
#805 = VERTEX_POINT('',#806);
#806 = CARTESIAN_POINT('',(-0.32,-0.32,0.95));
#807 = VERTEX_POINT('',#808);
#808 = CARTESIAN_POINT('',(0.32,-0.32,1.59));
#809 = CIRCLE('',#810,0.64);
#810 = AXIS2_PLACEMENT_3D('',#811,#812,#813);
#811 = CARTESIAN_POINT('',(0.32,-0.32,0.95));
#812 = DIRECTION('',(0.,1.,0.));
#813 = DIRECTION('',(0.,0.,-1.));
#814 = ORIENTED_EDGE('',*,*,#815,.T.);
#815 = EDGE_CURVE('',#807,#371,#816,.T.);
#816 = LINE('',#817,#818);
#817 = CARTESIAN_POINT('',(-0.32,-0.32,1.59));
#818 = VECTOR('',#819,1.);
#819 = DIRECTION('',(1.,0.,2.143287692327E-17));
#820 = ORIENTED_EDGE('',*,*,#378,.T.);
#821 = ORIENTED_EDGE('',*,*,#782,.T.);
#822 = ORIENTED_EDGE('',*,*,#823,.T.);
#823 = EDGE_CURVE('',#783,#824,#826,.T.);
#824 = VERTEX_POINT('',#825);
#825 = CARTESIAN_POINT('',(0.32,-0.32,-2.84));
#826 = LINE('',#827,#828);
#827 = CARTESIAN_POINT('',(0.32,-0.32,0.95));
#828 = VECTOR('',#829,1.);
#829 = DIRECTION('',(0.,0.,-1.));
#830 = ORIENTED_EDGE('',*,*,#831,.T.);
#831 = EDGE_CURVE('',#824,#832,#834,.T.);
#832 = VERTEX_POINT('',#833);
#833 = CARTESIAN_POINT('',(-0.32,-0.32,-2.84));
#834 = LINE('',#835,#836);
#835 = CARTESIAN_POINT('',(0.32,-0.32,-2.84));
#836 = VECTOR('',#837,1.);
#837 = DIRECTION('',(-1.,0.,0.));
#838 = ORIENTED_EDGE('',*,*,#839,.T.);
#839 = EDGE_CURVE('',#832,#805,#840,.T.);
#840 = LINE('',#841,#842);
#841 = CARTESIAN_POINT('',(-0.32,-0.32,-3.));
#842 = VECTOR('',#843,1.);
#843 = DIRECTION('',(0.,0.,1.));
#844 = PLANE('',#845);
#845 = AXIS2_PLACEMENT_3D('',#846,#847,#848);
#846 = CARTESIAN_POINT('',(3.575919732441,-0.32,0.579080267559));
#847 = DIRECTION('',(1.030170245606E-33,1.,6.630961875715E-34));
#848 = DIRECTION('',(1.,-1.030170245606E-33,-3.284969231842E-83));
#849 = ADVANCED_FACE('',(#850),#868,.T.);
#850 = FACE_BOUND('',#851,.T.);
#851 = EDGE_LOOP('',(#852,#860,#866,#867));
#852 = ORIENTED_EDGE('',*,*,#853,.F.);
#853 = EDGE_CURVE('',#854,#363,#856,.T.);
#854 = VERTEX_POINT('',#855);
#855 = CARTESIAN_POINT('',(0.32,0.32,1.59));
#856 = LINE('',#857,#858);
#857 = CARTESIAN_POINT('',(-0.32,0.32,1.59));
#858 = VECTOR('',#859,1.);
#859 = DIRECTION('',(1.,0.,2.143287692327E-17));
#860 = ORIENTED_EDGE('',*,*,#861,.T.);
#861 = EDGE_CURVE('',#854,#807,#862,.T.);
#862 = LINE('',#863,#864);
#863 = CARTESIAN_POINT('',(0.32,0.32,1.59));
#864 = VECTOR('',#865,1.);
#865 = DIRECTION('',(0.,-1.,0.));
#866 = ORIENTED_EDGE('',*,*,#815,.T.);
#867 = ORIENTED_EDGE('',*,*,#370,.T.);
#868 = PLANE('',#869);
#869 = AXIS2_PLACEMENT_3D('',#870,#871,#872);
#870 = CARTESIAN_POINT('',(-0.32,0.32,1.59));
#871 = DIRECTION('',(-2.143287692327E-17,0.,1.));
#872 = DIRECTION('',(1.,0.,2.143287692327E-17));
#873 = ADVANCED_FACE('',(#874),#910,.T.);
#874 = FACE_BOUND('',#875,.T.);
#875 = EDGE_LOOP('',(#876,#885,#886,#887,#888,#896,#904));
#876 = ORIENTED_EDGE('',*,*,#877,.T.);
#877 = EDGE_CURVE('',#878,#854,#880,.T.);
#878 = VERTEX_POINT('',#879);
#879 = CARTESIAN_POINT('',(-0.32,0.32,0.95));
#880 = CIRCLE('',#881,0.64);
#881 = AXIS2_PLACEMENT_3D('',#882,#883,#884);
#882 = CARTESIAN_POINT('',(0.32,0.32,0.95));
#883 = DIRECTION('',(0.,1.,0.));
#884 = DIRECTION('',(0.,0.,-1.));
#885 = ORIENTED_EDGE('',*,*,#853,.T.);
#886 = ORIENTED_EDGE('',*,*,#362,.T.);
#887 = ORIENTED_EDGE('',*,*,#773,.T.);
#888 = ORIENTED_EDGE('',*,*,#889,.T.);
#889 = EDGE_CURVE('',#774,#890,#892,.T.);
#890 = VERTEX_POINT('',#891);
#891 = CARTESIAN_POINT('',(0.32,0.32,-2.84));
#892 = LINE('',#893,#894);
#893 = CARTESIAN_POINT('',(0.32,0.32,0.95));
#894 = VECTOR('',#895,1.);
#895 = DIRECTION('',(0.,0.,-1.));
#896 = ORIENTED_EDGE('',*,*,#897,.T.);
#897 = EDGE_CURVE('',#890,#898,#900,.T.);
#898 = VERTEX_POINT('',#899);
#899 = CARTESIAN_POINT('',(-0.32,0.32,-2.84));
#900 = LINE('',#901,#902);
#901 = CARTESIAN_POINT('',(0.32,0.32,-2.84));
#902 = VECTOR('',#903,1.);
#903 = DIRECTION('',(-1.,0.,0.));
#904 = ORIENTED_EDGE('',*,*,#905,.T.);
#905 = EDGE_CURVE('',#898,#878,#906,.T.);
#906 = LINE('',#907,#908);
#907 = CARTESIAN_POINT('',(-0.32,0.32,-3.));
#908 = VECTOR('',#909,1.);
#909 = DIRECTION('',(0.,0.,1.));
#910 = PLANE('',#911);
#911 = AXIS2_PLACEMENT_3D('',#912,#913,#914);
#912 = CARTESIAN_POINT('',(3.575919732441,0.32,0.579080267559));
#913 = DIRECTION('',(1.030170245606E-33,1.,6.630961875715E-34));
#914 = DIRECTION('',(1.,-1.030170245606E-33,-3.284969231842E-83));
#915 = ADVANCED_FACE('',(#916),#941,.T.);
#916 = FACE_BOUND('',#917,.T.);
#917 = EDGE_LOOP('',(#918,#926,#927,#935));
#918 = ORIENTED_EDGE('',*,*,#919,.F.);
#919 = EDGE_CURVE('',#387,#920,#922,.T.);
#920 = VERTEX_POINT('',#921);
#921 = CARTESIAN_POINT('',(0.32,-2.22,0.95));
#922 = LINE('',#923,#924);
#923 = CARTESIAN_POINT('',(10.04,-2.22,0.95));
#924 = VECTOR('',#925,1.);
#925 = DIRECTION('',(-1.,0.,0.));
#926 = ORIENTED_EDGE('',*,*,#386,.T.);
#927 = ORIENTED_EDGE('',*,*,#928,.T.);
#928 = EDGE_CURVE('',#389,#929,#931,.T.);
#929 = VERTEX_POINT('',#930);
#930 = CARTESIAN_POINT('',(0.32,-2.86,0.95));
#931 = LINE('',#932,#933);
#932 = CARTESIAN_POINT('',(10.04,-2.86,0.95));
#933 = VECTOR('',#934,1.);
#934 = DIRECTION('',(-1.,0.,0.));
#935 = ORIENTED_EDGE('',*,*,#936,.F.);
#936 = EDGE_CURVE('',#920,#929,#937,.T.);
#937 = LINE('',#938,#939);
#938 = CARTESIAN_POINT('',(0.32,-2.22,0.95));
#939 = VECTOR('',#940,1.);
#940 = DIRECTION('',(0.,-1.,0.));
#941 = PLANE('',#942);
#942 = AXIS2_PLACEMENT_3D('',#943,#944,#945);
#943 = CARTESIAN_POINT('',(10.04,-2.22,0.95));
#944 = DIRECTION('',(-0.,-0.,-1.));
#945 = DIRECTION('',(-1.,0.,0.));
#946 = ADVANCED_FACE('',(#947),#990,.F.);
#947 = FACE_BOUND('',#948,.F.);
#948 = EDGE_LOOP('',(#949,#960,#966,#967,#968,#976,#984));
#949 = ORIENTED_EDGE('',*,*,#950,.T.);
#950 = EDGE_CURVE('',#951,#953,#955,.T.);
#951 = VERTEX_POINT('',#952);
#952 = CARTESIAN_POINT('',(-0.32,-2.86,0.95));
#953 = VERTEX_POINT('',#954);
#954 = CARTESIAN_POINT('',(0.32,-2.86,1.59));
#955 = CIRCLE('',#956,0.64);
#956 = AXIS2_PLACEMENT_3D('',#957,#958,#959);
#957 = CARTESIAN_POINT('',(0.32,-2.86,0.95));
#958 = DIRECTION('',(0.,1.,0.));
#959 = DIRECTION('',(0.,0.,-1.));
#960 = ORIENTED_EDGE('',*,*,#961,.T.);
#961 = EDGE_CURVE('',#953,#405,#962,.T.);
#962 = LINE('',#963,#964);
#963 = CARTESIAN_POINT('',(-0.32,-2.86,1.59));
#964 = VECTOR('',#965,1.);
#965 = DIRECTION('',(1.,0.,2.143287692327E-17));
#966 = ORIENTED_EDGE('',*,*,#412,.T.);
#967 = ORIENTED_EDGE('',*,*,#928,.T.);
#968 = ORIENTED_EDGE('',*,*,#969,.T.);
#969 = EDGE_CURVE('',#929,#970,#972,.T.);
#970 = VERTEX_POINT('',#971);
#971 = CARTESIAN_POINT('',(0.32,-2.86,-2.84));
#972 = LINE('',#973,#974);
#973 = CARTESIAN_POINT('',(0.32,-2.86,0.95));
#974 = VECTOR('',#975,1.);
#975 = DIRECTION('',(0.,0.,-1.));
#976 = ORIENTED_EDGE('',*,*,#977,.T.);
#977 = EDGE_CURVE('',#970,#978,#980,.T.);
#978 = VERTEX_POINT('',#979);
#979 = CARTESIAN_POINT('',(-0.32,-2.86,-2.84));
#980 = LINE('',#981,#982);
#981 = CARTESIAN_POINT('',(0.32,-2.86,-2.84));
#982 = VECTOR('',#983,1.);
#983 = DIRECTION('',(-1.,0.,0.));
#984 = ORIENTED_EDGE('',*,*,#985,.T.);
#985 = EDGE_CURVE('',#978,#951,#986,.T.);
#986 = LINE('',#987,#988);
#987 = CARTESIAN_POINT('',(-0.32,-2.86,-3.));
#988 = VECTOR('',#989,1.);
#989 = DIRECTION('',(0.,0.,1.));
#990 = PLANE('',#991);
#991 = AXIS2_PLACEMENT_3D('',#992,#993,#994);
#992 = CARTESIAN_POINT('',(3.575919732441,-2.86,0.579080267559));
#993 = DIRECTION('',(1.030170245606E-33,1.,6.630961875715E-34));
#994 = DIRECTION('',(1.,-1.030170245606E-33,-3.284969231842E-83));
#995 = ADVANCED_FACE('',(#996),#1014,.T.);
#996 = FACE_BOUND('',#997,.T.);
#997 = EDGE_LOOP('',(#998,#1006,#1012,#1013));
#998 = ORIENTED_EDGE('',*,*,#999,.F.);
#999 = EDGE_CURVE('',#1000,#397,#1002,.T.);
#1000 = VERTEX_POINT('',#1001);
#1001 = CARTESIAN_POINT('',(0.32,-2.22,1.59));
#1002 = LINE('',#1003,#1004);
#1003 = CARTESIAN_POINT('',(-0.32,-2.22,1.59));
#1004 = VECTOR('',#1005,1.);
#1005 = DIRECTION('',(1.,0.,2.143287692327E-17));
#1006 = ORIENTED_EDGE('',*,*,#1007,.T.);
#1007 = EDGE_CURVE('',#1000,#953,#1008,.T.);
#1008 = LINE('',#1009,#1010);
#1009 = CARTESIAN_POINT('',(0.32,-2.22,1.59));
#1010 = VECTOR('',#1011,1.);
#1011 = DIRECTION('',(0.,-1.,0.));
#1012 = ORIENTED_EDGE('',*,*,#961,.T.);
#1013 = ORIENTED_EDGE('',*,*,#404,.T.);
#1014 = PLANE('',#1015);
#1015 = AXIS2_PLACEMENT_3D('',#1016,#1017,#1018);
#1016 = CARTESIAN_POINT('',(-0.32,-2.22,1.59));
#1017 = DIRECTION('',(-2.143287692327E-17,0.,1.));
#1018 = DIRECTION('',(1.,0.,2.143287692327E-17));
#1019 = ADVANCED_FACE('',(#1020),#1056,.T.);
#1020 = FACE_BOUND('',#1021,.T.);
#1021 = EDGE_LOOP('',(#1022,#1031,#1032,#1033,#1034,#1042,#1050));
#1022 = ORIENTED_EDGE('',*,*,#1023,.T.);
#1023 = EDGE_CURVE('',#1024,#1000,#1026,.T.);
#1024 = VERTEX_POINT('',#1025);
#1025 = CARTESIAN_POINT('',(-0.32,-2.22,0.95));
#1026 = CIRCLE('',#1027,0.64);
#1027 = AXIS2_PLACEMENT_3D('',#1028,#1029,#1030);
#1028 = CARTESIAN_POINT('',(0.32,-2.22,0.95));
#1029 = DIRECTION('',(0.,1.,0.));
#1030 = DIRECTION('',(0.,0.,-1.));
#1031 = ORIENTED_EDGE('',*,*,#999,.T.);
#1032 = ORIENTED_EDGE('',*,*,#396,.T.);
#1033 = ORIENTED_EDGE('',*,*,#919,.T.);
#1034 = ORIENTED_EDGE('',*,*,#1035,.T.);
#1035 = EDGE_CURVE('',#920,#1036,#1038,.T.);
#1036 = VERTEX_POINT('',#1037);
#1037 = CARTESIAN_POINT('',(0.32,-2.22,-2.84));
#1038 = LINE('',#1039,#1040);
#1039 = CARTESIAN_POINT('',(0.32,-2.22,0.95));
#1040 = VECTOR('',#1041,1.);
#1041 = DIRECTION('',(0.,0.,-1.));
#1042 = ORIENTED_EDGE('',*,*,#1043,.T.);
#1043 = EDGE_CURVE('',#1036,#1044,#1046,.T.);
#1044 = VERTEX_POINT('',#1045);
#1045 = CARTESIAN_POINT('',(-0.32,-2.22,-2.84));
#1046 = LINE('',#1047,#1048);
#1047 = CARTESIAN_POINT('',(0.32,-2.22,-2.84));
#1048 = VECTOR('',#1049,1.);
#1049 = DIRECTION('',(-1.,0.,0.));
#1050 = ORIENTED_EDGE('',*,*,#1051,.T.);
#1051 = EDGE_CURVE('',#1044,#1024,#1052,.T.);
#1052 = LINE('',#1053,#1054);
#1053 = CARTESIAN_POINT('',(-0.32,-2.22,-3.));
#1054 = VECTOR('',#1055,1.);
#1055 = DIRECTION('',(0.,0.,1.));
#1056 = PLANE('',#1057);
#1057 = AXIS2_PLACEMENT_3D('',#1058,#1059,#1060);
#1058 = CARTESIAN_POINT('',(3.575919732441,-2.22,0.579080267559));
#1059 = DIRECTION('',(1.030170245606E-33,1.,6.630961875715E-34));
#1060 = DIRECTION('',(1.,-1.030170245606E-33,-3.284969231842E-83));
#1061 = ADVANCED_FACE('',(#1062),#1087,.T.);
#1062 = FACE_BOUND('',#1063,.T.);
#1063 = EDGE_LOOP('',(#1064,#1072,#1080,#1086));
#1064 = ORIENTED_EDGE('',*,*,#1065,.F.);
#1065 = EDGE_CURVE('',#1066,#518,#1068,.T.);
#1066 = VERTEX_POINT('',#1067);
#1067 = CARTESIAN_POINT('',(9.88,0.32,0.95));
#1068 = LINE('',#1069,#1070);
#1069 = CARTESIAN_POINT('',(10.04,0.32,0.95));
#1070 = VECTOR('',#1071,1.);
#1071 = DIRECTION('',(-1.,0.,0.));
#1072 = ORIENTED_EDGE('',*,*,#1073,.T.);
#1073 = EDGE_CURVE('',#1066,#1074,#1076,.T.);
#1074 = VERTEX_POINT('',#1075);
#1075 = CARTESIAN_POINT('',(9.88,-0.32,0.95));
#1076 = LINE('',#1077,#1078);
#1077 = CARTESIAN_POINT('',(9.88,0.32,0.95));
#1078 = VECTOR('',#1079,1.);
#1079 = DIRECTION('',(0.,-1.,0.));
#1080 = ORIENTED_EDGE('',*,*,#1081,.T.);
#1081 = EDGE_CURVE('',#1074,#520,#1082,.T.);
#1082 = LINE('',#1083,#1084);
#1083 = CARTESIAN_POINT('',(10.04,-0.32,0.95));
#1084 = VECTOR('',#1085,1.);
#1085 = DIRECTION('',(-1.,0.,0.));
#1086 = ORIENTED_EDGE('',*,*,#517,.F.);
#1087 = PLANE('',#1088);
#1088 = AXIS2_PLACEMENT_3D('',#1089,#1090,#1091);
#1089 = CARTESIAN_POINT('',(10.04,0.32,0.95));
#1090 = DIRECTION('',(-0.,-0.,-1.));
#1091 = DIRECTION('',(-1.,0.,0.));
#1092 = ADVANCED_FACE('',(#1093),#1111,.F.);
#1093 = FACE_BOUND('',#1094,.F.);
#1094 = EDGE_LOOP('',(#1095,#1096,#1104,#1110));
#1095 = ORIENTED_EDGE('',*,*,#543,.F.);
#1096 = ORIENTED_EDGE('',*,*,#1097,.T.);
#1097 = EDGE_CURVE('',#536,#1098,#1100,.T.);
#1098 = VERTEX_POINT('',#1099);
#1099 = CARTESIAN_POINT('',(9.88,-0.32,1.59));
#1100 = LINE('',#1101,#1102);
#1101 = CARTESIAN_POINT('',(-0.32,-0.32,1.59));
#1102 = VECTOR('',#1103,1.);
#1103 = DIRECTION('',(1.,0.,2.143287692327E-17));
#1104 = ORIENTED_EDGE('',*,*,#1105,.T.);
#1105 = EDGE_CURVE('',#1098,#1074,#1106,.T.);
#1106 = LINE('',#1107,#1108);
#1107 = CARTESIAN_POINT('',(9.88,-0.32,1.59));
#1108 = VECTOR('',#1109,1.);
#1109 = DIRECTION('',(0.,0.,-1.));
#1110 = ORIENTED_EDGE('',*,*,#1081,.T.);
#1111 = PLANE('',#1112);
#1112 = AXIS2_PLACEMENT_3D('',#1113,#1114,#1115);
#1113 = CARTESIAN_POINT('',(3.575919732441,-0.32,0.579080267559));
#1114 = DIRECTION('',(1.030170245606E-33,1.,6.630961875715E-34));
#1115 = DIRECTION('',(1.,-1.030170245606E-33,-3.284969231842E-83));
#1116 = ADVANCED_FACE('',(#1117),#1135,.T.);
#1117 = FACE_BOUND('',#1118,.T.);
#1118 = EDGE_LOOP('',(#1119,#1127,#1128,#1129));
#1119 = ORIENTED_EDGE('',*,*,#1120,.F.);
#1120 = EDGE_CURVE('',#528,#1121,#1123,.T.);
#1121 = VERTEX_POINT('',#1122);
#1122 = CARTESIAN_POINT('',(9.88,0.32,1.59));
#1123 = LINE('',#1124,#1125);
#1124 = CARTESIAN_POINT('',(-0.32,0.32,1.59));
#1125 = VECTOR('',#1126,1.);
#1126 = DIRECTION('',(1.,0.,2.143287692327E-17));
#1127 = ORIENTED_EDGE('',*,*,#535,.F.);
#1128 = ORIENTED_EDGE('',*,*,#1097,.T.);
#1129 = ORIENTED_EDGE('',*,*,#1130,.F.);
#1130 = EDGE_CURVE('',#1121,#1098,#1131,.T.);
#1131 = LINE('',#1132,#1133);
#1132 = CARTESIAN_POINT('',(9.88,0.32,1.59));
#1133 = VECTOR('',#1134,1.);
#1134 = DIRECTION('',(0.,-1.,0.));
#1135 = PLANE('',#1136);
#1136 = AXIS2_PLACEMENT_3D('',#1137,#1138,#1139);
#1137 = CARTESIAN_POINT('',(-0.32,0.32,1.59));
#1138 = DIRECTION('',(-2.143287692327E-17,0.,1.));
#1139 = DIRECTION('',(1.,0.,2.143287692327E-17));
#1140 = ADVANCED_FACE('',(#1141),#1152,.T.);
#1141 = FACE_BOUND('',#1142,.T.);
#1142 = EDGE_LOOP('',(#1143,#1144,#1145,#1151));
#1143 = ORIENTED_EDGE('',*,*,#527,.F.);
#1144 = ORIENTED_EDGE('',*,*,#1120,.T.);
#1145 = ORIENTED_EDGE('',*,*,#1146,.T.);
#1146 = EDGE_CURVE('',#1121,#1066,#1147,.T.);
#1147 = LINE('',#1148,#1149);
#1148 = CARTESIAN_POINT('',(9.88,0.32,1.59));
#1149 = VECTOR('',#1150,1.);
#1150 = DIRECTION('',(0.,0.,-1.));
#1151 = ORIENTED_EDGE('',*,*,#1065,.T.);
#1152 = PLANE('',#1153);
#1153 = AXIS2_PLACEMENT_3D('',#1154,#1155,#1156);
#1154 = CARTESIAN_POINT('',(3.575919732441,0.32,0.579080267559));
#1155 = DIRECTION('',(1.030170245606E-33,1.,6.630961875715E-34));
#1156 = DIRECTION('',(1.,-1.030170245606E-33,-3.284969231842E-83));
#1157 = ADVANCED_FACE('',(#1158),#1183,.T.);
#1158 = FACE_BOUND('',#1159,.T.);
#1159 = EDGE_LOOP('',(#1160,#1168,#1176,#1182));
#1160 = ORIENTED_EDGE('',*,*,#1161,.F.);
#1161 = EDGE_CURVE('',#1162,#552,#1164,.T.);
#1162 = VERTEX_POINT('',#1163);
#1163 = CARTESIAN_POINT('',(9.88,-2.22,0.95));
#1164 = LINE('',#1165,#1166);
#1165 = CARTESIAN_POINT('',(10.04,-2.22,0.95));
#1166 = VECTOR('',#1167,1.);
#1167 = DIRECTION('',(-1.,0.,0.));
#1168 = ORIENTED_EDGE('',*,*,#1169,.T.);
#1169 = EDGE_CURVE('',#1162,#1170,#1172,.T.);
#1170 = VERTEX_POINT('',#1171);
#1171 = CARTESIAN_POINT('',(9.88,-2.86,0.95));
#1172 = LINE('',#1173,#1174);
#1173 = CARTESIAN_POINT('',(9.88,-2.22,0.95));
#1174 = VECTOR('',#1175,1.);
#1175 = DIRECTION('',(0.,-1.,0.));
#1176 = ORIENTED_EDGE('',*,*,#1177,.T.);
#1177 = EDGE_CURVE('',#1170,#554,#1178,.T.);
#1178 = LINE('',#1179,#1180);
#1179 = CARTESIAN_POINT('',(10.04,-2.86,0.95));
#1180 = VECTOR('',#1181,1.);
#1181 = DIRECTION('',(-1.,0.,0.));
#1182 = ORIENTED_EDGE('',*,*,#551,.F.);
#1183 = PLANE('',#1184);
#1184 = AXIS2_PLACEMENT_3D('',#1185,#1186,#1187);
#1185 = CARTESIAN_POINT('',(10.04,-2.22,0.95));
#1186 = DIRECTION('',(-0.,-0.,-1.));
#1187 = DIRECTION('',(-1.,0.,0.));
#1188 = ADVANCED_FACE('',(#1189),#1207,.F.);
#1189 = FACE_BOUND('',#1190,.F.);
#1190 = EDGE_LOOP('',(#1191,#1192,#1200,#1206));
#1191 = ORIENTED_EDGE('',*,*,#577,.F.);
#1192 = ORIENTED_EDGE('',*,*,#1193,.T.);
#1193 = EDGE_CURVE('',#570,#1194,#1196,.T.);
#1194 = VERTEX_POINT('',#1195);
#1195 = CARTESIAN_POINT('',(9.88,-2.86,1.59));
#1196 = LINE('',#1197,#1198);
#1197 = CARTESIAN_POINT('',(-0.32,-2.86,1.59));
#1198 = VECTOR('',#1199,1.);
#1199 = DIRECTION('',(1.,0.,2.143287692327E-17));
#1200 = ORIENTED_EDGE('',*,*,#1201,.T.);
#1201 = EDGE_CURVE('',#1194,#1170,#1202,.T.);
#1202 = LINE('',#1203,#1204);
#1203 = CARTESIAN_POINT('',(9.88,-2.86,1.59));
#1204 = VECTOR('',#1205,1.);
#1205 = DIRECTION('',(0.,0.,-1.));
#1206 = ORIENTED_EDGE('',*,*,#1177,.T.);
#1207 = PLANE('',#1208);
#1208 = AXIS2_PLACEMENT_3D('',#1209,#1210,#1211);
#1209 = CARTESIAN_POINT('',(3.575919732441,-2.86,0.579080267559));
#1210 = DIRECTION('',(1.030170245606E-33,1.,6.630961875715E-34));
#1211 = DIRECTION('',(1.,-1.030170245606E-33,-3.284969231842E-83));
#1212 = ADVANCED_FACE('',(#1213),#1231,.T.);
#1213 = FACE_BOUND('',#1214,.T.);
#1214 = EDGE_LOOP('',(#1215,#1223,#1224,#1225));
#1215 = ORIENTED_EDGE('',*,*,#1216,.F.);
#1216 = EDGE_CURVE('',#562,#1217,#1219,.T.);
#1217 = VERTEX_POINT('',#1218);
#1218 = CARTESIAN_POINT('',(9.88,-2.22,1.59));
#1219 = LINE('',#1220,#1221);
#1220 = CARTESIAN_POINT('',(-0.32,-2.22,1.59));
#1221 = VECTOR('',#1222,1.);
#1222 = DIRECTION('',(1.,0.,2.143287692327E-17));
#1223 = ORIENTED_EDGE('',*,*,#569,.F.);
#1224 = ORIENTED_EDGE('',*,*,#1193,.T.);
#1225 = ORIENTED_EDGE('',*,*,#1226,.F.);
#1226 = EDGE_CURVE('',#1217,#1194,#1227,.T.);
#1227 = LINE('',#1228,#1229);
#1228 = CARTESIAN_POINT('',(9.88,-2.22,1.59));
#1229 = VECTOR('',#1230,1.);
#1230 = DIRECTION('',(0.,-1.,0.));
#1231 = PLANE('',#1232);
#1232 = AXIS2_PLACEMENT_3D('',#1233,#1234,#1235);
#1233 = CARTESIAN_POINT('',(-0.32,-2.22,1.59));
#1234 = DIRECTION('',(-2.143287692327E-17,0.,1.));
#1235 = DIRECTION('',(1.,0.,2.143287692327E-17));
#1236 = ADVANCED_FACE('',(#1237),#1248,.T.);
#1237 = FACE_BOUND('',#1238,.T.);
#1238 = EDGE_LOOP('',(#1239,#1240,#1241,#1247));
#1239 = ORIENTED_EDGE('',*,*,#561,.F.);
#1240 = ORIENTED_EDGE('',*,*,#1216,.T.);
#1241 = ORIENTED_EDGE('',*,*,#1242,.T.);
#1242 = EDGE_CURVE('',#1217,#1162,#1243,.T.);
#1243 = LINE('',#1244,#1245);
#1244 = CARTESIAN_POINT('',(9.88,-2.22,1.59));
#1245 = VECTOR('',#1246,1.);
#1246 = DIRECTION('',(0.,0.,-1.));
#1247 = ORIENTED_EDGE('',*,*,#1161,.T.);
#1248 = PLANE('',#1249);
#1249 = AXIS2_PLACEMENT_3D('',#1250,#1251,#1252);
#1250 = CARTESIAN_POINT('',(3.575919732441,-2.22,0.579080267559));
#1251 = DIRECTION('',(1.030170245606E-33,1.,6.630961875715E-34));
#1252 = DIRECTION('',(1.,-1.030170245606E-33,-3.284969231842E-83));
#1253 = ADVANCED_FACE('',(#1254),#1265,.T.);
#1254 = FACE_BOUND('',#1255,.T.);
#1255 = EDGE_LOOP('',(#1256,#1257,#1258,#1259));
#1256 = ORIENTED_EDGE('',*,*,#889,.F.);
#1257 = ORIENTED_EDGE('',*,*,#790,.T.);
#1258 = ORIENTED_EDGE('',*,*,#823,.T.);
#1259 = ORIENTED_EDGE('',*,*,#1260,.F.);
#1260 = EDGE_CURVE('',#890,#824,#1261,.T.);
#1261 = LINE('',#1262,#1263);
#1262 = CARTESIAN_POINT('',(0.32,0.32,-2.84));
#1263 = VECTOR('',#1264,1.);
#1264 = DIRECTION('',(0.,-1.,0.));
#1265 = PLANE('',#1266);
#1266 = AXIS2_PLACEMENT_3D('',#1267,#1268,#1269);
#1267 = CARTESIAN_POINT('',(0.32,0.32,0.95));
#1268 = DIRECTION('',(1.,0.,0.));
#1269 = DIRECTION('',(0.,0.,-1.));
#1270 = ADVANCED_FACE('',(#1271),#1282,.T.);
#1271 = FACE_BOUND('',#1272,.T.);
#1272 = EDGE_LOOP('',(#1273,#1279,#1280,#1281));
#1273 = ORIENTED_EDGE('',*,*,#1274,.T.);
#1274 = EDGE_CURVE('',#878,#805,#1275,.T.);
#1275 = LINE('',#1276,#1277);
#1276 = CARTESIAN_POINT('',(-0.32,0.32,0.95));
#1277 = VECTOR('',#1278,1.);
#1278 = DIRECTION('',(0.,-1.,0.));
#1279 = ORIENTED_EDGE('',*,*,#804,.T.);
#1280 = ORIENTED_EDGE('',*,*,#861,.F.);
#1281 = ORIENTED_EDGE('',*,*,#877,.F.);
#1282 = CYLINDRICAL_SURFACE('',#1283,0.64);
#1283 = AXIS2_PLACEMENT_3D('',#1284,#1285,#1286);
#1284 = CARTESIAN_POINT('',(0.32,0.32,0.95));
#1285 = DIRECTION('',(0.,-1.,0.));
#1286 = DIRECTION('',(-1.,0.,0.));
#1287 = ADVANCED_FACE('',(#1288),#1299,.T.);
#1288 = FACE_BOUND('',#1289,.T.);
#1289 = EDGE_LOOP('',(#1290,#1291,#1297,#1298));
#1290 = ORIENTED_EDGE('',*,*,#905,.F.);
#1291 = ORIENTED_EDGE('',*,*,#1292,.T.);
#1292 = EDGE_CURVE('',#898,#832,#1293,.T.);
#1293 = LINE('',#1294,#1295);
#1294 = CARTESIAN_POINT('',(-0.32,0.32,-2.84));
#1295 = VECTOR('',#1296,1.);
#1296 = DIRECTION('',(0.,-1.,0.));
#1297 = ORIENTED_EDGE('',*,*,#839,.T.);
#1298 = ORIENTED_EDGE('',*,*,#1274,.F.);
#1299 = PLANE('',#1300);
#1300 = AXIS2_PLACEMENT_3D('',#1301,#1302,#1303);
#1301 = CARTESIAN_POINT('',(-0.32,0.32,-3.));
#1302 = DIRECTION('',(-1.,0.,0.));
#1303 = DIRECTION('',(0.,0.,1.));
#1304 = ADVANCED_FACE('',(#1305),#1330,.F.);
#1305 = FACE_BOUND('',#1306,.F.);
#1306 = EDGE_LOOP('',(#1307,#1315,#1323,#1329));
#1307 = ORIENTED_EDGE('',*,*,#1308,.F.);
#1308 = EDGE_CURVE('',#1309,#824,#1311,.T.);
#1309 = VERTEX_POINT('',#1310);
#1310 = CARTESIAN_POINT('',(0.16,-0.16,-3.));
#1311 = LINE('',#1312,#1313);
#1312 = CARTESIAN_POINT('',(0.16,-0.16,-3.));
#1313 = VECTOR('',#1314,1.);
#1314 = DIRECTION('',(0.57735026919,-0.57735026919,0.57735026919));
#1315 = ORIENTED_EDGE('',*,*,#1316,.T.);
#1316 = EDGE_CURVE('',#1309,#1317,#1319,.T.);
#1317 = VERTEX_POINT('',#1318);
#1318 = CARTESIAN_POINT('',(-0.16,-0.16,-3.));
#1319 = LINE('',#1320,#1321);
#1320 = CARTESIAN_POINT('',(0.32,-0.16,-3.));
#1321 = VECTOR('',#1322,1.);
#1322 = DIRECTION('',(-1.,0.,0.));
#1323 = ORIENTED_EDGE('',*,*,#1324,.T.);
#1324 = EDGE_CURVE('',#1317,#832,#1325,.T.);
#1325 = LINE('',#1326,#1327);
#1326 = CARTESIAN_POINT('',(-5.333333333333E-02,-5.333333333333E-02,
    -3.106666666667));
#1327 = VECTOR('',#1328,1.);
#1328 = DIRECTION('',(-0.57735026919,-0.57735026919,0.57735026919));
#1329 = ORIENTED_EDGE('',*,*,#831,.F.);
#1330 = PLANE('',#1331);
#1331 = AXIS2_PLACEMENT_3D('',#1332,#1333,#1334);
#1332 = CARTESIAN_POINT('',(0.32,-0.24,-2.92));
#1333 = DIRECTION('',(1.735167508357E-18,0.707106781187,0.707106781187)
  );
#1334 = DIRECTION('',(-1.,1.226948711654E-18,1.226948711654E-18));
#1335 = ADVANCED_FACE('',(#1336),#1361,.T.);
#1336 = FACE_BOUND('',#1337,.F.);
#1337 = EDGE_LOOP('',(#1338,#1346,#1347,#1355));
#1338 = ORIENTED_EDGE('',*,*,#1339,.T.);
#1339 = EDGE_CURVE('',#1340,#890,#1342,.T.);
#1340 = VERTEX_POINT('',#1341);
#1341 = CARTESIAN_POINT('',(0.16,0.16,-3.));
#1342 = LINE('',#1343,#1344);
#1343 = CARTESIAN_POINT('',(0.266666666667,0.266666666667,
    -2.893333333333));
#1344 = VECTOR('',#1345,1.);
#1345 = DIRECTION('',(0.57735026919,0.57735026919,0.57735026919));
#1346 = ORIENTED_EDGE('',*,*,#897,.T.);
#1347 = ORIENTED_EDGE('',*,*,#1348,.T.);
#1348 = EDGE_CURVE('',#898,#1349,#1351,.T.);
#1349 = VERTEX_POINT('',#1350);
#1350 = CARTESIAN_POINT('',(-0.16,0.16,-3.));
#1351 = LINE('',#1352,#1353);
#1352 = CARTESIAN_POINT('',(-0.16,0.16,-3.));
#1353 = VECTOR('',#1354,1.);
#1354 = DIRECTION('',(0.57735026919,-0.57735026919,-0.57735026919));
#1355 = ORIENTED_EDGE('',*,*,#1356,.F.);
#1356 = EDGE_CURVE('',#1340,#1349,#1357,.T.);
#1357 = LINE('',#1358,#1359);
#1358 = CARTESIAN_POINT('',(0.32,0.16,-3.));
#1359 = VECTOR('',#1360,1.);
#1360 = DIRECTION('',(-1.,0.,0.));
#1361 = PLANE('',#1362);
#1362 = AXIS2_PLACEMENT_3D('',#1363,#1364,#1365);
#1363 = CARTESIAN_POINT('',(0.32,0.24,-2.92));
#1364 = DIRECTION('',(-1.735167508357E-18,0.707106781187,-0.707106781187
    ));
#1365 = DIRECTION('',(1.,1.226948711654E-18,-1.226948711654E-18));
#1366 = ADVANCED_FACE('',(#1367),#1378,.T.);
#1367 = FACE_BOUND('',#1368,.T.);
#1368 = EDGE_LOOP('',(#1369,#1370,#1371,#1372));
#1369 = ORIENTED_EDGE('',*,*,#1035,.F.);
#1370 = ORIENTED_EDGE('',*,*,#936,.T.);
#1371 = ORIENTED_EDGE('',*,*,#969,.T.);
#1372 = ORIENTED_EDGE('',*,*,#1373,.F.);
#1373 = EDGE_CURVE('',#1036,#970,#1374,.T.);
#1374 = LINE('',#1375,#1376);
#1375 = CARTESIAN_POINT('',(0.32,-2.22,-2.84));
#1376 = VECTOR('',#1377,1.);
#1377 = DIRECTION('',(0.,-1.,0.));
#1378 = PLANE('',#1379);
#1379 = AXIS2_PLACEMENT_3D('',#1380,#1381,#1382);
#1380 = CARTESIAN_POINT('',(0.32,-2.22,0.95));
#1381 = DIRECTION('',(1.,0.,0.));
#1382 = DIRECTION('',(0.,0.,-1.));
#1383 = ADVANCED_FACE('',(#1384),#1395,.T.);
#1384 = FACE_BOUND('',#1385,.T.);
#1385 = EDGE_LOOP('',(#1386,#1392,#1393,#1394));
#1386 = ORIENTED_EDGE('',*,*,#1387,.T.);
#1387 = EDGE_CURVE('',#1024,#951,#1388,.T.);
#1388 = LINE('',#1389,#1390);
#1389 = CARTESIAN_POINT('',(-0.32,-2.22,0.95));
#1390 = VECTOR('',#1391,1.);
#1391 = DIRECTION('',(0.,-1.,0.));
#1392 = ORIENTED_EDGE('',*,*,#950,.T.);
#1393 = ORIENTED_EDGE('',*,*,#1007,.F.);
#1394 = ORIENTED_EDGE('',*,*,#1023,.F.);
#1395 = CYLINDRICAL_SURFACE('',#1396,0.64);
#1396 = AXIS2_PLACEMENT_3D('',#1397,#1398,#1399);
#1397 = CARTESIAN_POINT('',(0.32,-2.22,0.95));
#1398 = DIRECTION('',(0.,-1.,0.));
#1399 = DIRECTION('',(-1.,0.,0.));
#1400 = ADVANCED_FACE('',(#1401),#1412,.T.);
#1401 = FACE_BOUND('',#1402,.T.);
#1402 = EDGE_LOOP('',(#1403,#1404,#1410,#1411));
#1403 = ORIENTED_EDGE('',*,*,#1051,.F.);
#1404 = ORIENTED_EDGE('',*,*,#1405,.T.);
#1405 = EDGE_CURVE('',#1044,#978,#1406,.T.);
#1406 = LINE('',#1407,#1408);
#1407 = CARTESIAN_POINT('',(-0.32,-2.22,-2.84));
#1408 = VECTOR('',#1409,1.);
#1409 = DIRECTION('',(0.,-1.,0.));
#1410 = ORIENTED_EDGE('',*,*,#985,.T.);
#1411 = ORIENTED_EDGE('',*,*,#1387,.F.);
#1412 = PLANE('',#1413);
#1413 = AXIS2_PLACEMENT_3D('',#1414,#1415,#1416);
#1414 = CARTESIAN_POINT('',(-0.32,-2.22,-3.));
#1415 = DIRECTION('',(-1.,0.,0.));
#1416 = DIRECTION('',(0.,0.,1.));
#1417 = ADVANCED_FACE('',(#1418),#1443,.F.);
#1418 = FACE_BOUND('',#1419,.F.);
#1419 = EDGE_LOOP('',(#1420,#1428,#1436,#1442));
#1420 = ORIENTED_EDGE('',*,*,#1421,.F.);
#1421 = EDGE_CURVE('',#1422,#970,#1424,.T.);
#1422 = VERTEX_POINT('',#1423);
#1423 = CARTESIAN_POINT('',(0.16,-2.7,-3.));
#1424 = LINE('',#1425,#1426);
#1425 = CARTESIAN_POINT('',(0.16,-2.7,-3.));
#1426 = VECTOR('',#1427,1.);
#1427 = DIRECTION('',(0.57735026919,-0.57735026919,0.57735026919));
#1428 = ORIENTED_EDGE('',*,*,#1429,.T.);
#1429 = EDGE_CURVE('',#1422,#1430,#1432,.T.);
#1430 = VERTEX_POINT('',#1431);
#1431 = CARTESIAN_POINT('',(-0.16,-2.7,-3.));
#1432 = LINE('',#1433,#1434);
#1433 = CARTESIAN_POINT('',(0.32,-2.7,-3.));
#1434 = VECTOR('',#1435,1.);
#1435 = DIRECTION('',(-1.,0.,0.));
#1436 = ORIENTED_EDGE('',*,*,#1437,.T.);
#1437 = EDGE_CURVE('',#1430,#978,#1438,.T.);
#1438 = LINE('',#1439,#1440);
#1439 = CARTESIAN_POINT('',(-5.333333333333E-02,-2.593333333333,
    -3.106666666667));
#1440 = VECTOR('',#1441,1.);
#1441 = DIRECTION('',(-0.57735026919,-0.57735026919,0.57735026919));
#1442 = ORIENTED_EDGE('',*,*,#977,.F.);
#1443 = PLANE('',#1444);
#1444 = AXIS2_PLACEMENT_3D('',#1445,#1446,#1447);
#1445 = CARTESIAN_POINT('',(0.32,-2.78,-2.92));
#1446 = DIRECTION('',(1.735167508357E-18,0.707106781187,0.707106781187)
  );
#1447 = DIRECTION('',(-1.,1.226948711654E-18,1.226948711654E-18));
#1448 = ADVANCED_FACE('',(#1449),#1474,.T.);
#1449 = FACE_BOUND('',#1450,.F.);
#1450 = EDGE_LOOP('',(#1451,#1459,#1460,#1468));
#1451 = ORIENTED_EDGE('',*,*,#1452,.T.);
#1452 = EDGE_CURVE('',#1453,#1036,#1455,.T.);
#1453 = VERTEX_POINT('',#1454);
#1454 = CARTESIAN_POINT('',(0.16,-2.38,-3.));
#1455 = LINE('',#1456,#1457);
#1456 = CARTESIAN_POINT('',(0.266666666667,-2.273333333333,
    -2.893333333333));
#1457 = VECTOR('',#1458,1.);
#1458 = DIRECTION('',(0.57735026919,0.57735026919,0.57735026919));
#1459 = ORIENTED_EDGE('',*,*,#1043,.T.);
#1460 = ORIENTED_EDGE('',*,*,#1461,.T.);
#1461 = EDGE_CURVE('',#1044,#1462,#1464,.T.);
#1462 = VERTEX_POINT('',#1463);
#1463 = CARTESIAN_POINT('',(-0.16,-2.38,-3.));
#1464 = LINE('',#1465,#1466);
#1465 = CARTESIAN_POINT('',(-0.16,-2.38,-3.));
#1466 = VECTOR('',#1467,1.);
#1467 = DIRECTION('',(0.57735026919,-0.57735026919,-0.57735026919));
#1468 = ORIENTED_EDGE('',*,*,#1469,.F.);
#1469 = EDGE_CURVE('',#1453,#1462,#1470,.T.);
#1470 = LINE('',#1471,#1472);
#1471 = CARTESIAN_POINT('',(0.32,-2.38,-3.));
#1472 = VECTOR('',#1473,1.);
#1473 = DIRECTION('',(-1.,0.,0.));
#1474 = PLANE('',#1475);
#1475 = AXIS2_PLACEMENT_3D('',#1476,#1477,#1478);
#1476 = CARTESIAN_POINT('',(0.32,-2.3,-2.92));
#1477 = DIRECTION('',(-1.735167508357E-18,0.707106781187,-0.707106781187
    ));
#1478 = DIRECTION('',(1.,1.226948711654E-18,-1.226948711654E-18));
#1479 = ADVANCED_FACE('',(#1480),#1505,.T.);
#1480 = FACE_BOUND('',#1481,.F.);
#1481 = EDGE_LOOP('',(#1482,#1490,#1491,#1499));
#1482 = ORIENTED_EDGE('',*,*,#1483,.F.);
#1483 = EDGE_CURVE('',#1066,#1484,#1486,.T.);
#1484 = VERTEX_POINT('',#1485);
#1485 = CARTESIAN_POINT('',(10.04,0.16,1.11));
#1486 = LINE('',#1487,#1488);
#1487 = CARTESIAN_POINT('',(10.04,0.16,1.11));
#1488 = VECTOR('',#1489,1.);
#1489 = DIRECTION('',(0.57735026919,-0.57735026919,0.57735026919));
#1490 = ORIENTED_EDGE('',*,*,#1073,.T.);
#1491 = ORIENTED_EDGE('',*,*,#1492,.T.);
#1492 = EDGE_CURVE('',#1074,#1493,#1495,.T.);
#1493 = VERTEX_POINT('',#1494);
#1494 = CARTESIAN_POINT('',(10.04,-0.16,1.11));
#1495 = LINE('',#1496,#1497);
#1496 = CARTESIAN_POINT('',(10.146666666667,-5.333333333333E-02,
    1.216666666667));
#1497 = VECTOR('',#1498,1.);
#1498 = DIRECTION('',(0.57735026919,0.57735026919,0.57735026919));
#1499 = ORIENTED_EDGE('',*,*,#1500,.F.);
#1500 = EDGE_CURVE('',#1484,#1493,#1501,.T.);
#1501 = LINE('',#1502,#1503);
#1502 = CARTESIAN_POINT('',(10.04,0.32,1.11));
#1503 = VECTOR('',#1504,1.);
#1504 = DIRECTION('',(0.,-1.,0.));
#1505 = PLANE('',#1506);
#1506 = AXIS2_PLACEMENT_3D('',#1507,#1508,#1509);
#1507 = CARTESIAN_POINT('',(9.96,0.32,1.03));
#1508 = DIRECTION('',(0.707106781187,0.,-0.707106781187));
#1509 = DIRECTION('',(0.,1.,0.));
#1510 = ADVANCED_FACE('',(#1511),#1529,.F.);
#1511 = FACE_BOUND('',#1512,.T.);
#1512 = EDGE_LOOP('',(#1513,#1521,#1522,#1523));
#1513 = ORIENTED_EDGE('',*,*,#1514,.F.);
#1514 = EDGE_CURVE('',#1098,#1515,#1517,.T.);
#1515 = VERTEX_POINT('',#1516);
#1516 = CARTESIAN_POINT('',(10.04,-0.16,1.43));
#1517 = LINE('',#1518,#1519);
#1518 = CARTESIAN_POINT('',(10.04,-0.16,1.43));
#1519 = VECTOR('',#1520,1.);
#1520 = DIRECTION('',(0.57735026919,0.57735026919,-0.57735026919));
#1521 = ORIENTED_EDGE('',*,*,#1105,.T.);
#1522 = ORIENTED_EDGE('',*,*,#1492,.T.);
#1523 = ORIENTED_EDGE('',*,*,#1524,.F.);
#1524 = EDGE_CURVE('',#1515,#1493,#1525,.T.);
#1525 = LINE('',#1526,#1527);
#1526 = CARTESIAN_POINT('',(10.04,-0.16,1.59));
#1527 = VECTOR('',#1528,1.);
#1528 = DIRECTION('',(0.,0.,-1.));
#1529 = PLANE('',#1530);
#1530 = AXIS2_PLACEMENT_3D('',#1531,#1532,#1533);
#1531 = CARTESIAN_POINT('',(9.96,-0.24,1.59));
#1532 = DIRECTION('',(-0.707106781187,0.707106781187,1.735167508357E-18)
  );
#1533 = DIRECTION('',(1.226948711654E-18,-1.226948711654E-18,1.));
#1534 = ADVANCED_FACE('',(#1535),#1553,.T.);
#1535 = FACE_BOUND('',#1536,.T.);
#1536 = EDGE_LOOP('',(#1537,#1545,#1546,#1547));
#1537 = ORIENTED_EDGE('',*,*,#1538,.F.);
#1538 = EDGE_CURVE('',#1121,#1539,#1541,.T.);
#1539 = VERTEX_POINT('',#1540);
#1540 = CARTESIAN_POINT('',(10.04,0.16,1.43));
#1541 = LINE('',#1542,#1543);
#1542 = CARTESIAN_POINT('',(9.933333333333,0.266666666667,1.536666666667
    ));
#1543 = VECTOR('',#1544,1.);
#1544 = DIRECTION('',(0.57735026919,-0.57735026919,-0.57735026919));
#1545 = ORIENTED_EDGE('',*,*,#1130,.T.);
#1546 = ORIENTED_EDGE('',*,*,#1514,.T.);
#1547 = ORIENTED_EDGE('',*,*,#1548,.F.);
#1548 = EDGE_CURVE('',#1539,#1515,#1549,.T.);
#1549 = LINE('',#1550,#1551);
#1550 = CARTESIAN_POINT('',(10.04,0.32,1.43));
#1551 = VECTOR('',#1552,1.);
#1552 = DIRECTION('',(0.,-1.,0.));
#1553 = PLANE('',#1554);
#1554 = AXIS2_PLACEMENT_3D('',#1555,#1556,#1557);
#1555 = CARTESIAN_POINT('',(9.96,0.32,1.51));
#1556 = DIRECTION('',(0.707106781187,-1.735167508357E-18,0.707106781187)
  );
#1557 = DIRECTION('',(-1.226948711654E-18,-1.,-1.226948711654E-18));
#1558 = ADVANCED_FACE('',(#1559),#1570,.T.);
#1559 = FACE_BOUND('',#1560,.F.);
#1560 = EDGE_LOOP('',(#1561,#1562,#1563,#1564));
#1561 = ORIENTED_EDGE('',*,*,#1538,.F.);
#1562 = ORIENTED_EDGE('',*,*,#1146,.T.);
#1563 = ORIENTED_EDGE('',*,*,#1483,.T.);
#1564 = ORIENTED_EDGE('',*,*,#1565,.F.);
#1565 = EDGE_CURVE('',#1539,#1484,#1566,.T.);
#1566 = LINE('',#1567,#1568);
#1567 = CARTESIAN_POINT('',(10.04,0.16,1.59));
#1568 = VECTOR('',#1569,1.);
#1569 = DIRECTION('',(0.,0.,-1.));
#1570 = PLANE('',#1571);
#1571 = AXIS2_PLACEMENT_3D('',#1572,#1573,#1574);
#1572 = CARTESIAN_POINT('',(9.96,0.24,1.59));
#1573 = DIRECTION('',(0.707106781187,0.707106781187,-1.735167508357E-18)
  );
#1574 = DIRECTION('',(1.226948711654E-18,1.226948711654E-18,1.));
#1575 = ADVANCED_FACE('',(#1576),#1601,.T.);
#1576 = FACE_BOUND('',#1577,.F.);
#1577 = EDGE_LOOP('',(#1578,#1586,#1587,#1595));
#1578 = ORIENTED_EDGE('',*,*,#1579,.F.);
#1579 = EDGE_CURVE('',#1162,#1580,#1582,.T.);
#1580 = VERTEX_POINT('',#1581);
#1581 = CARTESIAN_POINT('',(10.04,-2.38,1.11));
#1582 = LINE('',#1583,#1584);
#1583 = CARTESIAN_POINT('',(10.04,-2.38,1.11));
#1584 = VECTOR('',#1585,1.);
#1585 = DIRECTION('',(0.57735026919,-0.57735026919,0.57735026919));
#1586 = ORIENTED_EDGE('',*,*,#1169,.T.);
#1587 = ORIENTED_EDGE('',*,*,#1588,.T.);
#1588 = EDGE_CURVE('',#1170,#1589,#1591,.T.);
#1589 = VERTEX_POINT('',#1590);
#1590 = CARTESIAN_POINT('',(10.04,-2.7,1.11));
#1591 = LINE('',#1592,#1593);
#1592 = CARTESIAN_POINT('',(10.146666666667,-2.593333333333,
    1.216666666667));
#1593 = VECTOR('',#1594,1.);
#1594 = DIRECTION('',(0.57735026919,0.57735026919,0.57735026919));
#1595 = ORIENTED_EDGE('',*,*,#1596,.F.);
#1596 = EDGE_CURVE('',#1580,#1589,#1597,.T.);
#1597 = LINE('',#1598,#1599);
#1598 = CARTESIAN_POINT('',(10.04,-2.22,1.11));
#1599 = VECTOR('',#1600,1.);
#1600 = DIRECTION('',(0.,-1.,0.));
#1601 = PLANE('',#1602);
#1602 = AXIS2_PLACEMENT_3D('',#1603,#1604,#1605);
#1603 = CARTESIAN_POINT('',(9.96,-2.22,1.03));
#1604 = DIRECTION('',(0.707106781187,0.,-0.707106781187));
#1605 = DIRECTION('',(0.,1.,0.));
#1606 = ADVANCED_FACE('',(#1607),#1625,.F.);
#1607 = FACE_BOUND('',#1608,.T.);
#1608 = EDGE_LOOP('',(#1609,#1617,#1618,#1619));
#1609 = ORIENTED_EDGE('',*,*,#1610,.F.);
#1610 = EDGE_CURVE('',#1194,#1611,#1613,.T.);
#1611 = VERTEX_POINT('',#1612);
#1612 = CARTESIAN_POINT('',(10.04,-2.7,1.43));
#1613 = LINE('',#1614,#1615);
#1614 = CARTESIAN_POINT('',(10.04,-2.7,1.43));
#1615 = VECTOR('',#1616,1.);
#1616 = DIRECTION('',(0.57735026919,0.57735026919,-0.57735026919));
#1617 = ORIENTED_EDGE('',*,*,#1201,.T.);
#1618 = ORIENTED_EDGE('',*,*,#1588,.T.);
#1619 = ORIENTED_EDGE('',*,*,#1620,.F.);
#1620 = EDGE_CURVE('',#1611,#1589,#1621,.T.);
#1621 = LINE('',#1622,#1623);
#1622 = CARTESIAN_POINT('',(10.04,-2.7,1.59));
#1623 = VECTOR('',#1624,1.);
#1624 = DIRECTION('',(0.,0.,-1.));
#1625 = PLANE('',#1626);
#1626 = AXIS2_PLACEMENT_3D('',#1627,#1628,#1629);
#1627 = CARTESIAN_POINT('',(9.96,-2.78,1.59));
#1628 = DIRECTION('',(-0.707106781187,0.707106781187,1.735167508357E-18)
  );
#1629 = DIRECTION('',(1.226948711654E-18,-1.226948711654E-18,1.));
#1630 = ADVANCED_FACE('',(#1631),#1649,.T.);
#1631 = FACE_BOUND('',#1632,.T.);
#1632 = EDGE_LOOP('',(#1633,#1641,#1642,#1643));
#1633 = ORIENTED_EDGE('',*,*,#1634,.F.);
#1634 = EDGE_CURVE('',#1217,#1635,#1637,.T.);
#1635 = VERTEX_POINT('',#1636);
#1636 = CARTESIAN_POINT('',(10.04,-2.38,1.43));
#1637 = LINE('',#1638,#1639);
#1638 = CARTESIAN_POINT('',(9.933333333333,-2.273333333333,
    1.536666666667));
#1639 = VECTOR('',#1640,1.);
#1640 = DIRECTION('',(0.57735026919,-0.57735026919,-0.57735026919));
#1641 = ORIENTED_EDGE('',*,*,#1226,.T.);
#1642 = ORIENTED_EDGE('',*,*,#1610,.T.);
#1643 = ORIENTED_EDGE('',*,*,#1644,.F.);
#1644 = EDGE_CURVE('',#1635,#1611,#1645,.T.);
#1645 = LINE('',#1646,#1647);
#1646 = CARTESIAN_POINT('',(10.04,-2.22,1.43));
#1647 = VECTOR('',#1648,1.);
#1648 = DIRECTION('',(0.,-1.,0.));
#1649 = PLANE('',#1650);
#1650 = AXIS2_PLACEMENT_3D('',#1651,#1652,#1653);
#1651 = CARTESIAN_POINT('',(9.96,-2.22,1.51));
#1652 = DIRECTION('',(0.707106781187,-1.735167508357E-18,0.707106781187)
  );
#1653 = DIRECTION('',(-1.226948711654E-18,-1.,-1.226948711654E-18));
#1654 = ADVANCED_FACE('',(#1655),#1666,.T.);
#1655 = FACE_BOUND('',#1656,.F.);
#1656 = EDGE_LOOP('',(#1657,#1658,#1659,#1660));
#1657 = ORIENTED_EDGE('',*,*,#1634,.F.);
#1658 = ORIENTED_EDGE('',*,*,#1242,.T.);
#1659 = ORIENTED_EDGE('',*,*,#1579,.T.);
#1660 = ORIENTED_EDGE('',*,*,#1661,.F.);
#1661 = EDGE_CURVE('',#1635,#1580,#1662,.T.);
#1662 = LINE('',#1663,#1664);
#1663 = CARTESIAN_POINT('',(10.04,-2.38,1.59));
#1664 = VECTOR('',#1665,1.);
#1665 = DIRECTION('',(0.,0.,-1.));
#1666 = PLANE('',#1667);
#1667 = AXIS2_PLACEMENT_3D('',#1668,#1669,#1670);
#1668 = CARTESIAN_POINT('',(9.96,-2.3,1.59));
#1669 = DIRECTION('',(0.707106781187,0.707106781187,-1.735167508357E-18)
  );
#1670 = DIRECTION('',(1.226948711654E-18,1.226948711654E-18,1.));
#1671 = ADVANCED_FACE('',(#1672),#1683,.T.);
#1672 = FACE_BOUND('',#1673,.F.);
#1673 = EDGE_LOOP('',(#1674,#1675,#1681,#1682));
#1674 = ORIENTED_EDGE('',*,*,#1339,.F.);
#1675 = ORIENTED_EDGE('',*,*,#1676,.T.);
#1676 = EDGE_CURVE('',#1340,#1309,#1677,.T.);
#1677 = LINE('',#1678,#1679);
#1678 = CARTESIAN_POINT('',(0.16,0.32,-3.));
#1679 = VECTOR('',#1680,1.);
#1680 = DIRECTION('',(0.,-1.,0.));
#1681 = ORIENTED_EDGE('',*,*,#1308,.T.);
#1682 = ORIENTED_EDGE('',*,*,#1260,.F.);
#1683 = PLANE('',#1684);
#1684 = AXIS2_PLACEMENT_3D('',#1685,#1686,#1687);
#1685 = CARTESIAN_POINT('',(0.24,0.32,-2.92));
#1686 = DIRECTION('',(0.707106781187,1.735167508357E-18,-0.707106781187)
  );
#1687 = DIRECTION('',(-1.226948711654E-18,1.,1.226948711654E-18));
#1688 = ADVANCED_FACE('',(#1689),#1700,.T.);
#1689 = FACE_BOUND('',#1690,.F.);
#1690 = EDGE_LOOP('',(#1691,#1692,#1693,#1694));
#1691 = ORIENTED_EDGE('',*,*,#1348,.F.);
#1692 = ORIENTED_EDGE('',*,*,#1292,.T.);
#1693 = ORIENTED_EDGE('',*,*,#1324,.F.);
#1694 = ORIENTED_EDGE('',*,*,#1695,.F.);
#1695 = EDGE_CURVE('',#1349,#1317,#1696,.T.);
#1696 = LINE('',#1697,#1698);
#1697 = CARTESIAN_POINT('',(-0.16,0.32,-3.));
#1698 = VECTOR('',#1699,1.);
#1699 = DIRECTION('',(0.,-1.,0.));
#1700 = PLANE('',#1701);
#1701 = AXIS2_PLACEMENT_3D('',#1702,#1703,#1704);
#1702 = CARTESIAN_POINT('',(-0.24,0.32,-2.92));
#1703 = DIRECTION('',(-0.707106781187,-1.735167508357E-18,
    -0.707106781187));
#1704 = DIRECTION('',(-1.226948711654E-18,1.,-1.226948711654E-18));
#1705 = ADVANCED_FACE('',(#1706),#1712,.T.);
#1706 = FACE_BOUND('',#1707,.T.);
#1707 = EDGE_LOOP('',(#1708,#1709,#1710,#1711));
#1708 = ORIENTED_EDGE('',*,*,#1316,.T.);
#1709 = ORIENTED_EDGE('',*,*,#1695,.F.);
#1710 = ORIENTED_EDGE('',*,*,#1356,.F.);
#1711 = ORIENTED_EDGE('',*,*,#1676,.T.);
#1712 = PLANE('',#1713);
#1713 = AXIS2_PLACEMENT_3D('',#1714,#1715,#1716);
#1714 = CARTESIAN_POINT('',(0.32,0.32,-3.));
#1715 = DIRECTION('',(-0.,-0.,-1.));
#1716 = DIRECTION('',(-1.,0.,0.));
#1717 = ADVANCED_FACE('',(#1718),#1729,.T.);
#1718 = FACE_BOUND('',#1719,.F.);
#1719 = EDGE_LOOP('',(#1720,#1721,#1727,#1728));
#1720 = ORIENTED_EDGE('',*,*,#1452,.F.);
#1721 = ORIENTED_EDGE('',*,*,#1722,.T.);
#1722 = EDGE_CURVE('',#1453,#1422,#1723,.T.);
#1723 = LINE('',#1724,#1725);
#1724 = CARTESIAN_POINT('',(0.16,-2.22,-3.));
#1725 = VECTOR('',#1726,1.);
#1726 = DIRECTION('',(0.,-1.,0.));
#1727 = ORIENTED_EDGE('',*,*,#1421,.T.);
#1728 = ORIENTED_EDGE('',*,*,#1373,.F.);
#1729 = PLANE('',#1730);
#1730 = AXIS2_PLACEMENT_3D('',#1731,#1732,#1733);
#1731 = CARTESIAN_POINT('',(0.24,-2.22,-2.92));
#1732 = DIRECTION('',(0.707106781187,1.735167508357E-18,-0.707106781187)
  );
#1733 = DIRECTION('',(-1.226948711654E-18,1.,1.226948711654E-18));
#1734 = ADVANCED_FACE('',(#1735),#1746,.T.);
#1735 = FACE_BOUND('',#1736,.F.);
#1736 = EDGE_LOOP('',(#1737,#1738,#1739,#1740));
#1737 = ORIENTED_EDGE('',*,*,#1461,.F.);
#1738 = ORIENTED_EDGE('',*,*,#1405,.T.);
#1739 = ORIENTED_EDGE('',*,*,#1437,.F.);
#1740 = ORIENTED_EDGE('',*,*,#1741,.F.);
#1741 = EDGE_CURVE('',#1462,#1430,#1742,.T.);
#1742 = LINE('',#1743,#1744);
#1743 = CARTESIAN_POINT('',(-0.16,-2.22,-3.));
#1744 = VECTOR('',#1745,1.);
#1745 = DIRECTION('',(0.,-1.,0.));
#1746 = PLANE('',#1747);
#1747 = AXIS2_PLACEMENT_3D('',#1748,#1749,#1750);
#1748 = CARTESIAN_POINT('',(-0.24,-2.22,-2.92));
#1749 = DIRECTION('',(-0.707106781187,-1.735167508357E-18,
    -0.707106781187));
#1750 = DIRECTION('',(-1.226948711654E-18,1.,-1.226948711654E-18));
#1751 = ADVANCED_FACE('',(#1752),#1758,.T.);
#1752 = FACE_BOUND('',#1753,.T.);
#1753 = EDGE_LOOP('',(#1754,#1755,#1756,#1757));
#1754 = ORIENTED_EDGE('',*,*,#1429,.T.);
#1755 = ORIENTED_EDGE('',*,*,#1741,.F.);
#1756 = ORIENTED_EDGE('',*,*,#1469,.F.);
#1757 = ORIENTED_EDGE('',*,*,#1722,.T.);
#1758 = PLANE('',#1759);
#1759 = AXIS2_PLACEMENT_3D('',#1760,#1761,#1762);
#1760 = CARTESIAN_POINT('',(0.32,-2.22,-3.));
#1761 = DIRECTION('',(-0.,-0.,-1.));
#1762 = DIRECTION('',(-1.,0.,0.));
#1763 = ADVANCED_FACE('',(#1764),#1770,.T.);
#1764 = FACE_BOUND('',#1765,.T.);
#1765 = EDGE_LOOP('',(#1766,#1767,#1768,#1769));
#1766 = ORIENTED_EDGE('',*,*,#1524,.T.);
#1767 = ORIENTED_EDGE('',*,*,#1500,.F.);
#1768 = ORIENTED_EDGE('',*,*,#1565,.F.);
#1769 = ORIENTED_EDGE('',*,*,#1548,.T.);
#1770 = PLANE('',#1771);
#1771 = AXIS2_PLACEMENT_3D('',#1772,#1773,#1774);
#1772 = CARTESIAN_POINT('',(10.04,0.32,1.59));
#1773 = DIRECTION('',(1.,0.,0.));
#1774 = DIRECTION('',(0.,0.,-1.));
#1775 = ADVANCED_FACE('',(#1776),#1782,.T.);
#1776 = FACE_BOUND('',#1777,.T.);
#1777 = EDGE_LOOP('',(#1778,#1779,#1780,#1781));
#1778 = ORIENTED_EDGE('',*,*,#1620,.T.);
#1779 = ORIENTED_EDGE('',*,*,#1596,.F.);
#1780 = ORIENTED_EDGE('',*,*,#1661,.F.);
#1781 = ORIENTED_EDGE('',*,*,#1644,.T.);
#1782 = PLANE('',#1783);
#1783 = AXIS2_PLACEMENT_3D('',#1784,#1785,#1786);
#1784 = CARTESIAN_POINT('',(10.04,-2.22,1.59));
#1785 = DIRECTION('',(1.,0.,0.));
#1786 = DIRECTION('',(0.,0.,-1.));
#1787 = ( GEOMETRIC_REPRESENTATION_CONTEXT(3) 
GLOBAL_UNCERTAINTY_ASSIGNED_CONTEXT((#1791)) 
GLOBAL_UNIT_ASSIGNED_CONTEXT((#1788,#1789,#1790)) REPRESENTATION_CONTEXT
('Context #1','3D Context with UNIT and UNCERTAINTY') );
#1788 = ( LENGTH_UNIT() NAMED_UNIT(*) SI_UNIT(.MILLI.,.METRE.) );
#1789 = ( NAMED_UNIT(*) PLANE_ANGLE_UNIT() SI_UNIT($,.RADIAN.) );
#1790 = ( NAMED_UNIT(*) SI_UNIT($,.STERADIAN.) SOLID_ANGLE_UNIT() );
#1791 = UNCERTAINTY_MEASURE_WITH_UNIT(LENGTH_MEASURE(1.E-07),#1788,
  'distance_accuracy_value','confusion accuracy');
#1792 = CONTEXT_DEPENDENT_SHAPE_REPRESENTATION(#1793,#1795);
#1793 = ( REPRESENTATION_RELATIONSHIP('','',#152,#10) 
REPRESENTATION_RELATIONSHIP_WITH_TRANSFORMATION(#1794) 
SHAPE_REPRESENTATION_RELATIONSHIP() );
#1794 = ITEM_DEFINED_TRANSFORMATION('','',#11,#15);
#1795 = PRODUCT_DEFINITION_SHAPE('Placement','Placement of an item',
  #1796);
#1796 = NEXT_ASSEMBLY_USAGE_OCCURRENCE('1','J1','',#5,#147,$);
#1797 = PRODUCT_RELATED_PRODUCT_CATEGORY('part',$,(#149));
#1798 = SHAPE_DEFINITION_REPRESENTATION(#1799,#1805);
#1799 = PRODUCT_DEFINITION_SHAPE('','',#1800);
#1800 = PRODUCT_DEFINITION('design','',#1801,#1804);
#1801 = PRODUCT_DEFINITION_FORMATION('','',#1802);
#1802 = PRODUCT('PinHeader_1x06_P2.54mm_Horizontal',
  'PinHeader_1x06_P2.54mm_Horizontal','',(#1803));
#1803 = PRODUCT_CONTEXT('',#2,'mechanical');
#1804 = PRODUCT_DEFINITION_CONTEXT('part definition',#2,'design');
#1805 = ADVANCED_BREP_SHAPE_REPRESENTATION('',(#11,#1806),#6540);
#1806 = MANIFOLD_SOLID_BREP('',#1807);
#1807 = CLOSED_SHELL('',(#1808,#1848,#1879,#1910,#2403,#2896,#2913,#2930
    ,#2947,#2964,#2981,#2998,#3015,#3032,#3049,#3066,#3083,#3100,#3117,
    #3134,#3151,#3168,#3185,#3202,#3219,#3236,#3253,#3270,#3287,#3304,
    #3321,#3338,#3355,#3372,#3389,#3406,#3423,#3440,#3457,#3474,#3486,
    #3517,#3566,#3590,#3632,#3663,#3712,#3736,#3778,#3834,#3858,#3907,
    #3924,#3955,#4004,#4028,#4070,#4101,#4150,#4174,#4216,#4247,#4296,
    #4320,#4362,#4393,#4417,#4441,#4458,#4489,#4513,#4537,#4554,#4585,
    #4609,#4633,#4650,#4681,#4705,#4729,#4746,#4777,#4801,#4825,#4842,
    #4873,#4897,#4921,#4938,#4955,#4972,#5003,#5020,#5051,#5068,#5085,
    #5116,#5133,#5164,#5181,#5198,#5229,#5246,#5277,#5294,#5311,#5342,
    #5359,#5390,#5407,#5424,#5455,#5472,#5503,#5520,#5537,#5568,#5585,
    #5616,#5647,#5671,#5695,#5712,#5743,#5767,#5791,#5808,#5839,#5863,
    #5887,#5904,#5935,#5959,#5983,#6000,#6031,#6055,#6079,#6096,#6127,
    #6151,#6175,#6192,#6209,#6226,#6238,#6255,#6272,#6284,#6301,#6318,
    #6330,#6347,#6364,#6376,#6393,#6410,#6422,#6439,#6456,#6468,#6480,
    #6492,#6504,#6516,#6528));
#1808 = ADVANCED_FACE('',(#1809),#1843,.T.);
#1809 = FACE_BOUND('',#1810,.T.);
#1810 = EDGE_LOOP('',(#1811,#1821,#1829,#1837));
#1811 = ORIENTED_EDGE('',*,*,#1812,.T.);
#1812 = EDGE_CURVE('',#1813,#1815,#1817,.T.);
#1813 = VERTEX_POINT('',#1814);
#1814 = CARTESIAN_POINT('',(1.5,1.27,0.254));
#1815 = VERTEX_POINT('',#1816);
#1816 = CARTESIAN_POINT('',(4.04,1.27,0.254));
#1817 = LINE('',#1818,#1819);
#1818 = CARTESIAN_POINT('',(1.5,1.27,0.254));
#1819 = VECTOR('',#1820,1.);
#1820 = DIRECTION('',(1.,0.,0.));
#1821 = ORIENTED_EDGE('',*,*,#1822,.T.);
#1822 = EDGE_CURVE('',#1815,#1823,#1825,.T.);
#1823 = VERTEX_POINT('',#1824);
#1824 = CARTESIAN_POINT('',(4.04,1.016,0.));
#1825 = LINE('',#1826,#1827);
#1826 = CARTESIAN_POINT('',(4.04,1.27,0.254));
#1827 = VECTOR('',#1828,1.);
#1828 = DIRECTION('',(0.,-0.707106781187,-0.707106781187));
#1829 = ORIENTED_EDGE('',*,*,#1830,.F.);
#1830 = EDGE_CURVE('',#1831,#1823,#1833,.T.);
#1831 = VERTEX_POINT('',#1832);
#1832 = CARTESIAN_POINT('',(1.5,1.016,0.));
#1833 = LINE('',#1834,#1835);
#1834 = CARTESIAN_POINT('',(1.5,1.016,0.));
#1835 = VECTOR('',#1836,1.);
#1836 = DIRECTION('',(1.,0.,0.));
#1837 = ORIENTED_EDGE('',*,*,#1838,.F.);
#1838 = EDGE_CURVE('',#1813,#1831,#1839,.T.);
#1839 = LINE('',#1840,#1841);
#1840 = CARTESIAN_POINT('',(1.5,1.27,0.254));
#1841 = VECTOR('',#1842,1.);
#1842 = DIRECTION('',(0.,-0.707106781187,-0.707106781187));
#1843 = PLANE('',#1844);
#1844 = AXIS2_PLACEMENT_3D('',#1845,#1846,#1847);
#1845 = CARTESIAN_POINT('',(1.5,1.27,0.254));
#1846 = DIRECTION('',(0.,0.707106781187,-0.707106781187));
#1847 = DIRECTION('',(0.,-0.707106781187,-0.707106781187));
#1848 = ADVANCED_FACE('',(#1849),#1874,.T.);
#1849 = FACE_BOUND('',#1850,.T.);
#1850 = EDGE_LOOP('',(#1851,#1861,#1867,#1868));
#1851 = ORIENTED_EDGE('',*,*,#1852,.T.);
#1852 = EDGE_CURVE('',#1853,#1855,#1857,.T.);
#1853 = VERTEX_POINT('',#1854);
#1854 = CARTESIAN_POINT('',(1.5,1.27,2.286));
#1855 = VERTEX_POINT('',#1856);
#1856 = CARTESIAN_POINT('',(4.04,1.27,2.286));
#1857 = LINE('',#1858,#1859);
#1858 = CARTESIAN_POINT('',(1.5,1.27,2.286));
#1859 = VECTOR('',#1860,1.);
#1860 = DIRECTION('',(1.,0.,0.));
#1861 = ORIENTED_EDGE('',*,*,#1862,.T.);
#1862 = EDGE_CURVE('',#1855,#1815,#1863,.T.);
#1863 = LINE('',#1864,#1865);
#1864 = CARTESIAN_POINT('',(4.04,1.27,2.286));
#1865 = VECTOR('',#1866,1.);
#1866 = DIRECTION('',(0.,0.,-1.));
#1867 = ORIENTED_EDGE('',*,*,#1812,.F.);
#1868 = ORIENTED_EDGE('',*,*,#1869,.F.);
#1869 = EDGE_CURVE('',#1853,#1813,#1870,.T.);
#1870 = LINE('',#1871,#1872);
#1871 = CARTESIAN_POINT('',(1.5,1.27,2.286));
#1872 = VECTOR('',#1873,1.);
#1873 = DIRECTION('',(0.,0.,-1.));
#1874 = PLANE('',#1875);
#1875 = AXIS2_PLACEMENT_3D('',#1876,#1877,#1878);
#1876 = CARTESIAN_POINT('',(1.5,1.27,2.286));
#1877 = DIRECTION('',(0.,1.,0.));
#1878 = DIRECTION('',(0.,0.,-1.));
#1879 = ADVANCED_FACE('',(#1880),#1905,.T.);
#1880 = FACE_BOUND('',#1881,.T.);
#1881 = EDGE_LOOP('',(#1882,#1883,#1891,#1899));
#1882 = ORIENTED_EDGE('',*,*,#1830,.T.);
#1883 = ORIENTED_EDGE('',*,*,#1884,.T.);
#1884 = EDGE_CURVE('',#1823,#1885,#1887,.T.);
#1885 = VERTEX_POINT('',#1886);
#1886 = CARTESIAN_POINT('',(4.04,-1.016,0.));
#1887 = LINE('',#1888,#1889);
#1888 = CARTESIAN_POINT('',(4.04,1.016,0.));
#1889 = VECTOR('',#1890,1.);
#1890 = DIRECTION('',(0.,-1.,0.));
#1891 = ORIENTED_EDGE('',*,*,#1892,.F.);
#1892 = EDGE_CURVE('',#1893,#1885,#1895,.T.);
#1893 = VERTEX_POINT('',#1894);
#1894 = CARTESIAN_POINT('',(1.5,-1.016,0.));
#1895 = LINE('',#1896,#1897);
#1896 = CARTESIAN_POINT('',(1.5,-1.016,0.));
#1897 = VECTOR('',#1898,1.);
#1898 = DIRECTION('',(1.,0.,0.));
#1899 = ORIENTED_EDGE('',*,*,#1900,.F.);
#1900 = EDGE_CURVE('',#1831,#1893,#1901,.T.);
#1901 = LINE('',#1902,#1903);
#1902 = CARTESIAN_POINT('',(1.5,1.016,0.));
#1903 = VECTOR('',#1904,1.);
#1904 = DIRECTION('',(0.,-1.,0.));
#1905 = PLANE('',#1906);
#1906 = AXIS2_PLACEMENT_3D('',#1907,#1908,#1909);
#1907 = CARTESIAN_POINT('',(1.5,1.016,0.));
#1908 = DIRECTION('',(-0.,-0.,-1.));
#1909 = DIRECTION('',(0.,-1.,0.));
#1910 = ADVANCED_FACE('',(#1911,#2194,#2228,#2262,#2296,#2330,#2364),
  #2398,.T.);
#1911 = FACE_BOUND('',#1912,.T.);
#1912 = EDGE_LOOP('',(#1913,#1914,#1915,#1923,#1931,#1939,#1947,#1955,
    #1963,#1971,#1979,#1987,#1995,#2003,#2011,#2019,#2027,#2035,#2043,
    #2051,#2059,#2067,#2075,#2083,#2091,#2099,#2107,#2115,#2123,#2131,
    #2139,#2147,#2155,#2163,#2171,#2179,#2187,#2193));
#1913 = ORIENTED_EDGE('',*,*,#1838,.T.);
#1914 = ORIENTED_EDGE('',*,*,#1900,.T.);
#1915 = ORIENTED_EDGE('',*,*,#1916,.T.);
#1916 = EDGE_CURVE('',#1893,#1917,#1919,.T.);
#1917 = VERTEX_POINT('',#1918);
#1918 = CARTESIAN_POINT('',(1.5,-1.27,0.254));
#1919 = LINE('',#1920,#1921);
#1920 = CARTESIAN_POINT('',(1.5,-1.016,0.));
#1921 = VECTOR('',#1922,1.);
#1922 = DIRECTION('',(0.,-0.707106781187,0.707106781187));
#1923 = ORIENTED_EDGE('',*,*,#1924,.T.);
#1924 = EDGE_CURVE('',#1917,#1925,#1927,.T.);
#1925 = VERTEX_POINT('',#1926);
#1926 = CARTESIAN_POINT('',(1.5,-1.524,0.));
#1927 = LINE('',#1928,#1929);
#1928 = CARTESIAN_POINT('',(1.5,-1.27,0.254));
#1929 = VECTOR('',#1930,1.);
#1930 = DIRECTION('',(0.,-0.707106781187,-0.707106781187));
#1931 = ORIENTED_EDGE('',*,*,#1932,.T.);
#1932 = EDGE_CURVE('',#1925,#1933,#1935,.T.);
#1933 = VERTEX_POINT('',#1934);
#1934 = CARTESIAN_POINT('',(1.5,-3.556,0.));
#1935 = LINE('',#1936,#1937);
#1936 = CARTESIAN_POINT('',(1.5,-1.524,0.));
#1937 = VECTOR('',#1938,1.);
#1938 = DIRECTION('',(0.,-1.,0.));
#1939 = ORIENTED_EDGE('',*,*,#1940,.T.);
#1940 = EDGE_CURVE('',#1933,#1941,#1943,.T.);
#1941 = VERTEX_POINT('',#1942);
#1942 = CARTESIAN_POINT('',(1.5,-3.81,0.254));
#1943 = LINE('',#1944,#1945);
#1944 = CARTESIAN_POINT('',(1.5,-3.556,0.));
#1945 = VECTOR('',#1946,1.);
#1946 = DIRECTION('',(0.,-0.707106781187,0.707106781187));
#1947 = ORIENTED_EDGE('',*,*,#1948,.T.);
#1948 = EDGE_CURVE('',#1941,#1949,#1951,.T.);
#1949 = VERTEX_POINT('',#1950);
#1950 = CARTESIAN_POINT('',(1.5,-4.064,0.));
#1951 = LINE('',#1952,#1953);
#1952 = CARTESIAN_POINT('',(1.5,-3.81,0.254));
#1953 = VECTOR('',#1954,1.);
#1954 = DIRECTION('',(0.,-0.707106781187,-0.707106781187));
#1955 = ORIENTED_EDGE('',*,*,#1956,.T.);
#1956 = EDGE_CURVE('',#1949,#1957,#1959,.T.);
#1957 = VERTEX_POINT('',#1958);
#1958 = CARTESIAN_POINT('',(1.5,-6.096,0.));
#1959 = LINE('',#1960,#1961);
#1960 = CARTESIAN_POINT('',(1.5,-4.064,0.));
#1961 = VECTOR('',#1962,1.);
#1962 = DIRECTION('',(0.,-1.,0.));
#1963 = ORIENTED_EDGE('',*,*,#1964,.T.);
#1964 = EDGE_CURVE('',#1957,#1965,#1967,.T.);
#1965 = VERTEX_POINT('',#1966);
#1966 = CARTESIAN_POINT('',(1.5,-6.35,0.254));
#1967 = LINE('',#1968,#1969);
#1968 = CARTESIAN_POINT('',(1.5,-6.096,0.));
#1969 = VECTOR('',#1970,1.);
#1970 = DIRECTION('',(0.,-0.707106781187,0.707106781187));
#1971 = ORIENTED_EDGE('',*,*,#1972,.T.);
#1972 = EDGE_CURVE('',#1965,#1973,#1975,.T.);
#1973 = VERTEX_POINT('',#1974);
#1974 = CARTESIAN_POINT('',(1.5,-6.604,0.));
#1975 = LINE('',#1976,#1977);
#1976 = CARTESIAN_POINT('',(1.5,-6.35,0.254));
#1977 = VECTOR('',#1978,1.);
#1978 = DIRECTION('',(0.,-0.707106781187,-0.707106781187));
#1979 = ORIENTED_EDGE('',*,*,#1980,.T.);
#1980 = EDGE_CURVE('',#1973,#1981,#1983,.T.);
#1981 = VERTEX_POINT('',#1982);
#1982 = CARTESIAN_POINT('',(1.5,-8.636,0.));
#1983 = LINE('',#1984,#1985);
#1984 = CARTESIAN_POINT('',(1.5,-6.604,0.));
#1985 = VECTOR('',#1986,1.);
#1986 = DIRECTION('',(0.,-1.,0.));
#1987 = ORIENTED_EDGE('',*,*,#1988,.T.);
#1988 = EDGE_CURVE('',#1981,#1989,#1991,.T.);
#1989 = VERTEX_POINT('',#1990);
#1990 = CARTESIAN_POINT('',(1.5,-8.89,0.254));
#1991 = LINE('',#1992,#1993);
#1992 = CARTESIAN_POINT('',(1.5,-8.636,0.));
#1993 = VECTOR('',#1994,1.);
#1994 = DIRECTION('',(0.,-0.707106781187,0.707106781187));
#1995 = ORIENTED_EDGE('',*,*,#1996,.T.);
#1996 = EDGE_CURVE('',#1989,#1997,#1999,.T.);
#1997 = VERTEX_POINT('',#1998);
#1998 = CARTESIAN_POINT('',(1.5,-9.144,0.));
#1999 = LINE('',#2000,#2001);
#2000 = CARTESIAN_POINT('',(1.5,-8.89,0.254));
#2001 = VECTOR('',#2002,1.);
#2002 = DIRECTION('',(0.,-0.707106781187,-0.707106781187));
#2003 = ORIENTED_EDGE('',*,*,#2004,.T.);
#2004 = EDGE_CURVE('',#1997,#2005,#2007,.T.);
#2005 = VERTEX_POINT('',#2006);
#2006 = CARTESIAN_POINT('',(1.5,-11.176,0.));
#2007 = LINE('',#2008,#2009);
#2008 = CARTESIAN_POINT('',(1.5,-9.144,0.));
#2009 = VECTOR('',#2010,1.);
#2010 = DIRECTION('',(0.,-1.,0.));
#2011 = ORIENTED_EDGE('',*,*,#2012,.T.);
#2012 = EDGE_CURVE('',#2005,#2013,#2015,.T.);
#2013 = VERTEX_POINT('',#2014);
#2014 = CARTESIAN_POINT('',(1.5,-11.43,0.254));
#2015 = LINE('',#2016,#2017);
#2016 = CARTESIAN_POINT('',(1.5,-11.176,0.));
#2017 = VECTOR('',#2018,1.);
#2018 = DIRECTION('',(0.,-0.707106781187,0.707106781187));
#2019 = ORIENTED_EDGE('',*,*,#2020,.T.);
#2020 = EDGE_CURVE('',#2013,#2021,#2023,.T.);
#2021 = VERTEX_POINT('',#2022);
#2022 = CARTESIAN_POINT('',(1.5,-11.684,0.));
#2023 = LINE('',#2024,#2025);
#2024 = CARTESIAN_POINT('',(1.5,-11.43,0.254));
#2025 = VECTOR('',#2026,1.);
#2026 = DIRECTION('',(0.,-0.707106781187,-0.707106781187));
#2027 = ORIENTED_EDGE('',*,*,#2028,.T.);
#2028 = EDGE_CURVE('',#2021,#2029,#2031,.T.);
#2029 = VERTEX_POINT('',#2030);
#2030 = CARTESIAN_POINT('',(1.5,-13.716,0.));
#2031 = LINE('',#2032,#2033);
#2032 = CARTESIAN_POINT('',(1.5,-11.684,0.));
#2033 = VECTOR('',#2034,1.);
#2034 = DIRECTION('',(0.,-1.,0.));
#2035 = ORIENTED_EDGE('',*,*,#2036,.T.);
#2036 = EDGE_CURVE('',#2029,#2037,#2039,.T.);
#2037 = VERTEX_POINT('',#2038);
#2038 = CARTESIAN_POINT('',(1.5,-13.97,0.254));
#2039 = LINE('',#2040,#2041);
#2040 = CARTESIAN_POINT('',(1.5,-13.716,0.));
#2041 = VECTOR('',#2042,1.);
#2042 = DIRECTION('',(0.,-0.707106781187,0.707106781187));
#2043 = ORIENTED_EDGE('',*,*,#2044,.T.);
#2044 = EDGE_CURVE('',#2037,#2045,#2047,.T.);
#2045 = VERTEX_POINT('',#2046);
#2046 = CARTESIAN_POINT('',(1.5,-13.97,2.286));
#2047 = LINE('',#2048,#2049);
#2048 = CARTESIAN_POINT('',(1.5,-13.97,0.254));
#2049 = VECTOR('',#2050,1.);
#2050 = DIRECTION('',(0.,0.,1.));
#2051 = ORIENTED_EDGE('',*,*,#2052,.T.);
#2052 = EDGE_CURVE('',#2045,#2053,#2055,.T.);
#2053 = VERTEX_POINT('',#2054);
#2054 = CARTESIAN_POINT('',(1.5,-13.716,2.54));
#2055 = LINE('',#2056,#2057);
#2056 = CARTESIAN_POINT('',(1.5,-13.97,2.286));
#2057 = VECTOR('',#2058,1.);
#2058 = DIRECTION('',(0.,0.707106781187,0.707106781187));
#2059 = ORIENTED_EDGE('',*,*,#2060,.T.);
#2060 = EDGE_CURVE('',#2053,#2061,#2063,.T.);
#2061 = VERTEX_POINT('',#2062);
#2062 = CARTESIAN_POINT('',(1.5,-11.684,2.54));
#2063 = LINE('',#2064,#2065);
#2064 = CARTESIAN_POINT('',(1.5,-13.716,2.54));
#2065 = VECTOR('',#2066,1.);
#2066 = DIRECTION('',(0.,1.,0.));
#2067 = ORIENTED_EDGE('',*,*,#2068,.T.);
#2068 = EDGE_CURVE('',#2061,#2069,#2071,.T.);
#2069 = VERTEX_POINT('',#2070);
#2070 = CARTESIAN_POINT('',(1.5,-11.43,2.286));
#2071 = LINE('',#2072,#2073);
#2072 = CARTESIAN_POINT('',(1.5,-11.684,2.54));
#2073 = VECTOR('',#2074,1.);
#2074 = DIRECTION('',(0.,0.707106781187,-0.707106781187));
#2075 = ORIENTED_EDGE('',*,*,#2076,.T.);
#2076 = EDGE_CURVE('',#2069,#2077,#2079,.T.);
#2077 = VERTEX_POINT('',#2078);
#2078 = CARTESIAN_POINT('',(1.5,-11.176,2.54));
#2079 = LINE('',#2080,#2081);
#2080 = CARTESIAN_POINT('',(1.5,-11.43,2.286));
#2081 = VECTOR('',#2082,1.);
#2082 = DIRECTION('',(0.,0.707106781187,0.707106781187));
#2083 = ORIENTED_EDGE('',*,*,#2084,.T.);
#2084 = EDGE_CURVE('',#2077,#2085,#2087,.T.);
#2085 = VERTEX_POINT('',#2086);
#2086 = CARTESIAN_POINT('',(1.5,-9.144,2.54));
#2087 = LINE('',#2088,#2089);
#2088 = CARTESIAN_POINT('',(1.5,-11.176,2.54));
#2089 = VECTOR('',#2090,1.);
#2090 = DIRECTION('',(0.,1.,0.));
#2091 = ORIENTED_EDGE('',*,*,#2092,.T.);
#2092 = EDGE_CURVE('',#2085,#2093,#2095,.T.);
#2093 = VERTEX_POINT('',#2094);
#2094 = CARTESIAN_POINT('',(1.5,-8.89,2.286));
#2095 = LINE('',#2096,#2097);
#2096 = CARTESIAN_POINT('',(1.5,-9.144,2.54));
#2097 = VECTOR('',#2098,1.);
#2098 = DIRECTION('',(0.,0.707106781187,-0.707106781187));
#2099 = ORIENTED_EDGE('',*,*,#2100,.T.);
#2100 = EDGE_CURVE('',#2093,#2101,#2103,.T.);
#2101 = VERTEX_POINT('',#2102);
#2102 = CARTESIAN_POINT('',(1.5,-8.636,2.54));
#2103 = LINE('',#2104,#2105);
#2104 = CARTESIAN_POINT('',(1.5,-8.89,2.286));
#2105 = VECTOR('',#2106,1.);
#2106 = DIRECTION('',(0.,0.707106781187,0.707106781187));
#2107 = ORIENTED_EDGE('',*,*,#2108,.T.);
#2108 = EDGE_CURVE('',#2101,#2109,#2111,.T.);
#2109 = VERTEX_POINT('',#2110);
#2110 = CARTESIAN_POINT('',(1.5,-6.604,2.54));
#2111 = LINE('',#2112,#2113);
#2112 = CARTESIAN_POINT('',(1.5,-8.636,2.54));
#2113 = VECTOR('',#2114,1.);
#2114 = DIRECTION('',(0.,1.,0.));
#2115 = ORIENTED_EDGE('',*,*,#2116,.T.);
#2116 = EDGE_CURVE('',#2109,#2117,#2119,.T.);
#2117 = VERTEX_POINT('',#2118);
#2118 = CARTESIAN_POINT('',(1.5,-6.35,2.286));
#2119 = LINE('',#2120,#2121);
#2120 = CARTESIAN_POINT('',(1.5,-6.604,2.54));
#2121 = VECTOR('',#2122,1.);
#2122 = DIRECTION('',(0.,0.707106781187,-0.707106781187));
#2123 = ORIENTED_EDGE('',*,*,#2124,.T.);
#2124 = EDGE_CURVE('',#2117,#2125,#2127,.T.);
#2125 = VERTEX_POINT('',#2126);
#2126 = CARTESIAN_POINT('',(1.5,-6.096,2.54));
#2127 = LINE('',#2128,#2129);
#2128 = CARTESIAN_POINT('',(1.5,-6.35,2.286));
#2129 = VECTOR('',#2130,1.);
#2130 = DIRECTION('',(0.,0.707106781187,0.707106781187));
#2131 = ORIENTED_EDGE('',*,*,#2132,.T.);
#2132 = EDGE_CURVE('',#2125,#2133,#2135,.T.);
#2133 = VERTEX_POINT('',#2134);
#2134 = CARTESIAN_POINT('',(1.5,-4.064,2.54));
#2135 = LINE('',#2136,#2137);
#2136 = CARTESIAN_POINT('',(1.5,-6.096,2.54));
#2137 = VECTOR('',#2138,1.);
#2138 = DIRECTION('',(0.,1.,0.));
#2139 = ORIENTED_EDGE('',*,*,#2140,.T.);
#2140 = EDGE_CURVE('',#2133,#2141,#2143,.T.);
#2141 = VERTEX_POINT('',#2142);
#2142 = CARTESIAN_POINT('',(1.5,-3.81,2.286));
#2143 = LINE('',#2144,#2145);
#2144 = CARTESIAN_POINT('',(1.5,-4.064,2.54));
#2145 = VECTOR('',#2146,1.);
#2146 = DIRECTION('',(0.,0.707106781187,-0.707106781187));
#2147 = ORIENTED_EDGE('',*,*,#2148,.T.);
#2148 = EDGE_CURVE('',#2141,#2149,#2151,.T.);
#2149 = VERTEX_POINT('',#2150);
#2150 = CARTESIAN_POINT('',(1.5,-3.556,2.54));
#2151 = LINE('',#2152,#2153);
#2152 = CARTESIAN_POINT('',(1.5,-3.81,2.286));
#2153 = VECTOR('',#2154,1.);
#2154 = DIRECTION('',(0.,0.707106781187,0.707106781187));
#2155 = ORIENTED_EDGE('',*,*,#2156,.T.);
#2156 = EDGE_CURVE('',#2149,#2157,#2159,.T.);
#2157 = VERTEX_POINT('',#2158);
#2158 = CARTESIAN_POINT('',(1.5,-1.524,2.54));
#2159 = LINE('',#2160,#2161);
#2160 = CARTESIAN_POINT('',(1.5,-3.556,2.54));
#2161 = VECTOR('',#2162,1.);
#2162 = DIRECTION('',(0.,1.,0.));
#2163 = ORIENTED_EDGE('',*,*,#2164,.T.);
#2164 = EDGE_CURVE('',#2157,#2165,#2167,.T.);
#2165 = VERTEX_POINT('',#2166);
#2166 = CARTESIAN_POINT('',(1.5,-1.27,2.286));
#2167 = LINE('',#2168,#2169);
#2168 = CARTESIAN_POINT('',(1.5,-1.524,2.54));
#2169 = VECTOR('',#2170,1.);
#2170 = DIRECTION('',(0.,0.707106781187,-0.707106781187));
#2171 = ORIENTED_EDGE('',*,*,#2172,.T.);
#2172 = EDGE_CURVE('',#2165,#2173,#2175,.T.);
#2173 = VERTEX_POINT('',#2174);
#2174 = CARTESIAN_POINT('',(1.5,-1.016,2.54));
#2175 = LINE('',#2176,#2177);
#2176 = CARTESIAN_POINT('',(1.5,-1.27,2.286));
#2177 = VECTOR('',#2178,1.);
#2178 = DIRECTION('',(0.,0.707106781187,0.707106781187));
#2179 = ORIENTED_EDGE('',*,*,#2180,.T.);
#2180 = EDGE_CURVE('',#2173,#2181,#2183,.T.);
#2181 = VERTEX_POINT('',#2182);
#2182 = CARTESIAN_POINT('',(1.5,1.016,2.54));
#2183 = LINE('',#2184,#2185);
#2184 = CARTESIAN_POINT('',(1.5,-1.016,2.54));
#2185 = VECTOR('',#2186,1.);
#2186 = DIRECTION('',(0.,1.,0.));
#2187 = ORIENTED_EDGE('',*,*,#2188,.T.);
#2188 = EDGE_CURVE('',#2181,#1853,#2189,.T.);
#2189 = LINE('',#2190,#2191);
#2190 = CARTESIAN_POINT('',(1.5,1.016,2.54));
#2191 = VECTOR('',#2192,1.);
#2192 = DIRECTION('',(0.,0.707106781187,-0.707106781187));
#2193 = ORIENTED_EDGE('',*,*,#1869,.T.);
#2194 = FACE_BOUND('',#2195,.T.);
#2195 = EDGE_LOOP('',(#2196,#2206,#2214,#2222));
#2196 = ORIENTED_EDGE('',*,*,#2197,.F.);
#2197 = EDGE_CURVE('',#2198,#2200,#2202,.T.);
#2198 = VERTEX_POINT('',#2199);
#2199 = CARTESIAN_POINT('',(1.5,-5.4,1.59));
#2200 = VERTEX_POINT('',#2201);
#2201 = CARTESIAN_POINT('',(1.5,-4.76,1.59));
#2202 = LINE('',#2203,#2204);
#2203 = CARTESIAN_POINT('',(1.5,-5.555,1.59));
#2204 = VECTOR('',#2205,1.);
#2205 = DIRECTION('',(-1.757937001438E-31,1.,-3.767764739067E-48));
#2206 = ORIENTED_EDGE('',*,*,#2207,.T.);
#2207 = EDGE_CURVE('',#2198,#2208,#2210,.T.);
#2208 = VERTEX_POINT('',#2209);
#2209 = CARTESIAN_POINT('',(1.5,-5.4,0.95));
#2210 = LINE('',#2211,#2212);
#2211 = CARTESIAN_POINT('',(1.5,-5.4,0.924540133779));
#2212 = VECTOR('',#2213,1.);
#2213 = DIRECTION('',(-4.851850855128E-31,6.630961875715E-34,-1.));
#2214 = ORIENTED_EDGE('',*,*,#2215,.F.);
#2215 = EDGE_CURVE('',#2216,#2208,#2218,.T.);
#2216 = VERTEX_POINT('',#2217);
#2217 = CARTESIAN_POINT('',(1.5,-4.76,0.95));
#2218 = LINE('',#2219,#2220);
#2219 = CARTESIAN_POINT('',(1.5,-5.555,0.95));
#2220 = VECTOR('',#2221,1.);
#2221 = DIRECTION('',(1.757937001438E-31,-1.,0.));
#2222 = ORIENTED_EDGE('',*,*,#2223,.F.);
#2223 = EDGE_CURVE('',#2200,#2216,#2224,.T.);
#2224 = LINE('',#2225,#2226);
#2225 = CARTESIAN_POINT('',(1.5,-4.76,0.924540133779));
#2226 = VECTOR('',#2227,1.);
#2227 = DIRECTION('',(-4.851850855128E-31,6.630961875715E-34,-1.));
#2228 = FACE_BOUND('',#2229,.T.);
#2229 = EDGE_LOOP('',(#2230,#2240,#2248,#2256));
#2230 = ORIENTED_EDGE('',*,*,#2231,.F.);
#2231 = EDGE_CURVE('',#2232,#2234,#2236,.T.);
#2232 = VERTEX_POINT('',#2233);
#2233 = CARTESIAN_POINT('',(1.5,-7.94,1.59));
#2234 = VERTEX_POINT('',#2235);
#2235 = CARTESIAN_POINT('',(1.5,-7.3,1.59));
#2236 = LINE('',#2237,#2238);
#2237 = CARTESIAN_POINT('',(1.5,-6.825,1.59));
#2238 = VECTOR('',#2239,1.);
#2239 = DIRECTION('',(-1.757937001438E-31,1.,-3.767764739067E-48));
#2240 = ORIENTED_EDGE('',*,*,#2241,.T.);
#2241 = EDGE_CURVE('',#2232,#2242,#2244,.T.);
#2242 = VERTEX_POINT('',#2243);
#2243 = CARTESIAN_POINT('',(1.5,-7.94,0.95));
#2244 = LINE('',#2245,#2246);
#2245 = CARTESIAN_POINT('',(1.5,-7.94,0.924540133779));
#2246 = VECTOR('',#2247,1.);
#2247 = DIRECTION('',(-4.851850855128E-31,6.630961875715E-34,-1.));
#2248 = ORIENTED_EDGE('',*,*,#2249,.F.);
#2249 = EDGE_CURVE('',#2250,#2242,#2252,.T.);
#2250 = VERTEX_POINT('',#2251);
#2251 = CARTESIAN_POINT('',(1.5,-7.3,0.95));
#2252 = LINE('',#2253,#2254);
#2253 = CARTESIAN_POINT('',(1.5,-6.825,0.95));
#2254 = VECTOR('',#2255,1.);
#2255 = DIRECTION('',(1.757937001438E-31,-1.,0.));
#2256 = ORIENTED_EDGE('',*,*,#2257,.F.);
#2257 = EDGE_CURVE('',#2234,#2250,#2258,.T.);
#2258 = LINE('',#2259,#2260);
#2259 = CARTESIAN_POINT('',(1.5,-7.3,0.924540133779));
#2260 = VECTOR('',#2261,1.);
#2261 = DIRECTION('',(-4.851850855128E-31,6.630961875715E-34,-1.));
#2262 = FACE_BOUND('',#2263,.T.);
#2263 = EDGE_LOOP('',(#2264,#2274,#2282,#2290));
#2264 = ORIENTED_EDGE('',*,*,#2265,.F.);
#2265 = EDGE_CURVE('',#2266,#2268,#2270,.T.);
#2266 = VERTEX_POINT('',#2267);
#2267 = CARTESIAN_POINT('',(1.5,-12.38,1.59));
#2268 = VERTEX_POINT('',#2269);
#2269 = CARTESIAN_POINT('',(1.5,-12.38,0.95));
#2270 = LINE('',#2271,#2272);
#2271 = CARTESIAN_POINT('',(1.5,-12.38,0.924540133779));
#2272 = VECTOR('',#2273,1.);
#2273 = DIRECTION('',(-4.851850855128E-31,6.630961875715E-34,-1.));
#2274 = ORIENTED_EDGE('',*,*,#2275,.F.);
#2275 = EDGE_CURVE('',#2276,#2266,#2278,.T.);
#2276 = VERTEX_POINT('',#2277);
#2277 = CARTESIAN_POINT('',(1.5,-13.02,1.59));
#2278 = LINE('',#2279,#2280);
#2279 = CARTESIAN_POINT('',(1.5,-9.365,1.59));
#2280 = VECTOR('',#2281,1.);
#2281 = DIRECTION('',(-1.757937001438E-31,1.,-3.767764739067E-48));
#2282 = ORIENTED_EDGE('',*,*,#2283,.T.);
#2283 = EDGE_CURVE('',#2276,#2284,#2286,.T.);
#2284 = VERTEX_POINT('',#2285);
#2285 = CARTESIAN_POINT('',(1.5,-13.02,0.95));
#2286 = LINE('',#2287,#2288);
#2287 = CARTESIAN_POINT('',(1.5,-13.02,0.924540133779));
#2288 = VECTOR('',#2289,1.);
#2289 = DIRECTION('',(-4.851850855128E-31,6.630961875715E-34,-1.));
#2290 = ORIENTED_EDGE('',*,*,#2291,.F.);
#2291 = EDGE_CURVE('',#2268,#2284,#2292,.T.);
#2292 = LINE('',#2293,#2294);
#2293 = CARTESIAN_POINT('',(1.5,-9.365,0.95));
#2294 = VECTOR('',#2295,1.);
#2295 = DIRECTION('',(1.757937001438E-31,-1.,0.));
#2296 = FACE_BOUND('',#2297,.T.);
#2297 = EDGE_LOOP('',(#2298,#2308,#2316,#2324));
#2298 = ORIENTED_EDGE('',*,*,#2299,.F.);
#2299 = EDGE_CURVE('',#2300,#2302,#2304,.T.);
#2300 = VERTEX_POINT('',#2301);
#2301 = CARTESIAN_POINT('',(1.5,-10.48,1.59));
#2302 = VERTEX_POINT('',#2303);
#2303 = CARTESIAN_POINT('',(1.5,-9.84,1.59));
#2304 = LINE('',#2305,#2306);
#2305 = CARTESIAN_POINT('',(1.5,-8.095,1.59));
#2306 = VECTOR('',#2307,1.);
#2307 = DIRECTION('',(-1.757937001438E-31,1.,-3.767764739067E-48));
#2308 = ORIENTED_EDGE('',*,*,#2309,.T.);
#2309 = EDGE_CURVE('',#2300,#2310,#2312,.T.);
#2310 = VERTEX_POINT('',#2311);
#2311 = CARTESIAN_POINT('',(1.5,-10.48,0.95));
#2312 = LINE('',#2313,#2314);
#2313 = CARTESIAN_POINT('',(1.5,-10.48,0.924540133779));
#2314 = VECTOR('',#2315,1.);
#2315 = DIRECTION('',(-4.851850855128E-31,6.630961875715E-34,-1.));
#2316 = ORIENTED_EDGE('',*,*,#2317,.F.);
#2317 = EDGE_CURVE('',#2318,#2310,#2320,.T.);
#2318 = VERTEX_POINT('',#2319);
#2319 = CARTESIAN_POINT('',(1.5,-9.84,0.95));
#2320 = LINE('',#2321,#2322);
#2321 = CARTESIAN_POINT('',(1.5,-8.095,0.95));
#2322 = VECTOR('',#2323,1.);
#2323 = DIRECTION('',(1.757937001438E-31,-1.,0.));
#2324 = ORIENTED_EDGE('',*,*,#2325,.F.);
#2325 = EDGE_CURVE('',#2302,#2318,#2326,.T.);
#2326 = LINE('',#2327,#2328);
#2327 = CARTESIAN_POINT('',(1.5,-9.84,0.924540133779));
#2328 = VECTOR('',#2329,1.);
#2329 = DIRECTION('',(-4.851850855128E-31,6.630961875715E-34,-1.));
#2330 = FACE_BOUND('',#2331,.T.);
#2331 = EDGE_LOOP('',(#2332,#2342,#2350,#2358));
#2332 = ORIENTED_EDGE('',*,*,#2333,.F.);
#2333 = EDGE_CURVE('',#2334,#2336,#2338,.T.);
#2334 = VERTEX_POINT('',#2335);
#2335 = CARTESIAN_POINT('',(1.5,-2.86,1.59));
#2336 = VERTEX_POINT('',#2337);
#2337 = CARTESIAN_POINT('',(1.5,-2.22,1.59));
#2338 = LINE('',#2339,#2340);
#2339 = CARTESIAN_POINT('',(1.5,-4.285,1.59));
#2340 = VECTOR('',#2341,1.);
#2341 = DIRECTION('',(-1.757937001438E-31,1.,-3.767764739067E-48));
#2342 = ORIENTED_EDGE('',*,*,#2343,.T.);
#2343 = EDGE_CURVE('',#2334,#2344,#2346,.T.);
#2344 = VERTEX_POINT('',#2345);
#2345 = CARTESIAN_POINT('',(1.5,-2.86,0.95));
#2346 = LINE('',#2347,#2348);
#2347 = CARTESIAN_POINT('',(1.5,-2.86,0.924540133779));
#2348 = VECTOR('',#2349,1.);
#2349 = DIRECTION('',(-4.851850855128E-31,6.630961875715E-34,-1.));
#2350 = ORIENTED_EDGE('',*,*,#2351,.F.);
#2351 = EDGE_CURVE('',#2352,#2344,#2354,.T.);
#2352 = VERTEX_POINT('',#2353);
#2353 = CARTESIAN_POINT('',(1.5,-2.22,0.95));
#2354 = LINE('',#2355,#2356);
#2355 = CARTESIAN_POINT('',(1.5,-4.285,0.95));
#2356 = VECTOR('',#2357,1.);
#2357 = DIRECTION('',(1.757937001438E-31,-1.,0.));
#2358 = ORIENTED_EDGE('',*,*,#2359,.F.);
#2359 = EDGE_CURVE('',#2336,#2352,#2360,.T.);
#2360 = LINE('',#2361,#2362);
#2361 = CARTESIAN_POINT('',(1.5,-2.22,0.924540133779));
#2362 = VECTOR('',#2363,1.);
#2363 = DIRECTION('',(-4.851850855128E-31,6.630961875715E-34,-1.));
#2364 = FACE_BOUND('',#2365,.T.);
#2365 = EDGE_LOOP('',(#2366,#2376,#2384,#2392));
#2366 = ORIENTED_EDGE('',*,*,#2367,.F.);
#2367 = EDGE_CURVE('',#2368,#2370,#2372,.T.);
#2368 = VERTEX_POINT('',#2369);
#2369 = CARTESIAN_POINT('',(1.5,-0.32,1.59));
#2370 = VERTEX_POINT('',#2371);
#2371 = CARTESIAN_POINT('',(1.5,0.32,1.59));
#2372 = LINE('',#2373,#2374);
#2373 = CARTESIAN_POINT('',(1.5,-3.015,1.59));
#2374 = VECTOR('',#2375,1.);
#2375 = DIRECTION('',(-1.757937001438E-31,1.,-3.767764739067E-48));
#2376 = ORIENTED_EDGE('',*,*,#2377,.T.);
#2377 = EDGE_CURVE('',#2368,#2378,#2380,.T.);
#2378 = VERTEX_POINT('',#2379);
#2379 = CARTESIAN_POINT('',(1.5,-0.32,0.95));
#2380 = LINE('',#2381,#2382);
#2381 = CARTESIAN_POINT('',(1.5,-0.32,0.924540133779));
#2382 = VECTOR('',#2383,1.);
#2383 = DIRECTION('',(-4.851850855128E-31,6.630961875715E-34,-1.));
#2384 = ORIENTED_EDGE('',*,*,#2385,.F.);
#2385 = EDGE_CURVE('',#2386,#2378,#2388,.T.);
#2386 = VERTEX_POINT('',#2387);
#2387 = CARTESIAN_POINT('',(1.5,0.32,0.95));
#2388 = LINE('',#2389,#2390);
#2389 = CARTESIAN_POINT('',(1.5,-3.015,0.95));
#2390 = VECTOR('',#2391,1.);
#2391 = DIRECTION('',(1.757937001438E-31,-1.,0.));
#2392 = ORIENTED_EDGE('',*,*,#2393,.F.);
#2393 = EDGE_CURVE('',#2370,#2386,#2394,.T.);
#2394 = LINE('',#2395,#2396);
#2395 = CARTESIAN_POINT('',(1.5,0.32,0.924540133779));
#2396 = VECTOR('',#2397,1.);
#2397 = DIRECTION('',(-4.851850855128E-31,6.630961875715E-34,-1.));
#2398 = PLANE('',#2399);
#2399 = AXIS2_PLACEMENT_3D('',#2400,#2401,#2402);
#2400 = CARTESIAN_POINT('',(1.5,-6.35,1.27));
#2401 = DIRECTION('',(-1.,-1.757937001438E-31,4.851850855128E-31));
#2402 = DIRECTION('',(-4.851850855128E-31,3.711337935421E-78,-1.));
#2403 = ADVANCED_FACE('',(#2404,#2687,#2721,#2755,#2789,#2823,#2857),
  #2891,.F.);
#2404 = FACE_BOUND('',#2405,.F.);
#2405 = EDGE_LOOP('',(#2406,#2407,#2408,#2416,#2424,#2432,#2440,#2448,
    #2456,#2464,#2472,#2480,#2488,#2496,#2504,#2512,#2520,#2528,#2536,
    #2544,#2552,#2560,#2568,#2576,#2584,#2592,#2600,#2608,#2616,#2624,
    #2632,#2640,#2648,#2656,#2664,#2672,#2680,#2686));
#2406 = ORIENTED_EDGE('',*,*,#1822,.T.);
#2407 = ORIENTED_EDGE('',*,*,#1884,.T.);
#2408 = ORIENTED_EDGE('',*,*,#2409,.T.);
#2409 = EDGE_CURVE('',#1885,#2410,#2412,.T.);
#2410 = VERTEX_POINT('',#2411);
#2411 = CARTESIAN_POINT('',(4.04,-1.27,0.254));
#2412 = LINE('',#2413,#2414);
#2413 = CARTESIAN_POINT('',(4.04,-1.016,0.));
#2414 = VECTOR('',#2415,1.);
#2415 = DIRECTION('',(0.,-0.707106781187,0.707106781187));
#2416 = ORIENTED_EDGE('',*,*,#2417,.T.);
#2417 = EDGE_CURVE('',#2410,#2418,#2420,.T.);
#2418 = VERTEX_POINT('',#2419);
#2419 = CARTESIAN_POINT('',(4.04,-1.524,0.));
#2420 = LINE('',#2421,#2422);
#2421 = CARTESIAN_POINT('',(4.04,-1.27,0.254));
#2422 = VECTOR('',#2423,1.);
#2423 = DIRECTION('',(0.,-0.707106781187,-0.707106781187));
#2424 = ORIENTED_EDGE('',*,*,#2425,.T.);
#2425 = EDGE_CURVE('',#2418,#2426,#2428,.T.);
#2426 = VERTEX_POINT('',#2427);
#2427 = CARTESIAN_POINT('',(4.04,-3.556,0.));
#2428 = LINE('',#2429,#2430);
#2429 = CARTESIAN_POINT('',(4.04,-1.524,0.));
#2430 = VECTOR('',#2431,1.);
#2431 = DIRECTION('',(0.,-1.,0.));
#2432 = ORIENTED_EDGE('',*,*,#2433,.T.);
#2433 = EDGE_CURVE('',#2426,#2434,#2436,.T.);
#2434 = VERTEX_POINT('',#2435);
#2435 = CARTESIAN_POINT('',(4.04,-3.81,0.254));
#2436 = LINE('',#2437,#2438);
#2437 = CARTESIAN_POINT('',(4.04,-3.556,0.));
#2438 = VECTOR('',#2439,1.);
#2439 = DIRECTION('',(0.,-0.707106781187,0.707106781187));
#2440 = ORIENTED_EDGE('',*,*,#2441,.T.);
#2441 = EDGE_CURVE('',#2434,#2442,#2444,.T.);
#2442 = VERTEX_POINT('',#2443);
#2443 = CARTESIAN_POINT('',(4.04,-4.064,0.));
#2444 = LINE('',#2445,#2446);
#2445 = CARTESIAN_POINT('',(4.04,-3.81,0.254));
#2446 = VECTOR('',#2447,1.);
#2447 = DIRECTION('',(0.,-0.707106781187,-0.707106781187));
#2448 = ORIENTED_EDGE('',*,*,#2449,.T.);
#2449 = EDGE_CURVE('',#2442,#2450,#2452,.T.);
#2450 = VERTEX_POINT('',#2451);
#2451 = CARTESIAN_POINT('',(4.04,-6.096,0.));
#2452 = LINE('',#2453,#2454);
#2453 = CARTESIAN_POINT('',(4.04,-4.064,0.));
#2454 = VECTOR('',#2455,1.);
#2455 = DIRECTION('',(0.,-1.,0.));
#2456 = ORIENTED_EDGE('',*,*,#2457,.T.);
#2457 = EDGE_CURVE('',#2450,#2458,#2460,.T.);
#2458 = VERTEX_POINT('',#2459);
#2459 = CARTESIAN_POINT('',(4.04,-6.35,0.254));
#2460 = LINE('',#2461,#2462);
#2461 = CARTESIAN_POINT('',(4.04,-6.096,0.));
#2462 = VECTOR('',#2463,1.);
#2463 = DIRECTION('',(0.,-0.707106781187,0.707106781187));
#2464 = ORIENTED_EDGE('',*,*,#2465,.T.);
#2465 = EDGE_CURVE('',#2458,#2466,#2468,.T.);
#2466 = VERTEX_POINT('',#2467);
#2467 = CARTESIAN_POINT('',(4.04,-6.604,0.));
#2468 = LINE('',#2469,#2470);
#2469 = CARTESIAN_POINT('',(4.04,-6.35,0.254));
#2470 = VECTOR('',#2471,1.);
#2471 = DIRECTION('',(0.,-0.707106781187,-0.707106781187));
#2472 = ORIENTED_EDGE('',*,*,#2473,.T.);
#2473 = EDGE_CURVE('',#2466,#2474,#2476,.T.);
#2474 = VERTEX_POINT('',#2475);
#2475 = CARTESIAN_POINT('',(4.04,-8.636,0.));
#2476 = LINE('',#2477,#2478);
#2477 = CARTESIAN_POINT('',(4.04,-6.604,0.));
#2478 = VECTOR('',#2479,1.);
#2479 = DIRECTION('',(0.,-1.,0.));
#2480 = ORIENTED_EDGE('',*,*,#2481,.T.);
#2481 = EDGE_CURVE('',#2474,#2482,#2484,.T.);
#2482 = VERTEX_POINT('',#2483);
#2483 = CARTESIAN_POINT('',(4.04,-8.89,0.254));
#2484 = LINE('',#2485,#2486);
#2485 = CARTESIAN_POINT('',(4.04,-8.636,0.));
#2486 = VECTOR('',#2487,1.);
#2487 = DIRECTION('',(0.,-0.707106781187,0.707106781187));
#2488 = ORIENTED_EDGE('',*,*,#2489,.T.);
#2489 = EDGE_CURVE('',#2482,#2490,#2492,.T.);
#2490 = VERTEX_POINT('',#2491);
#2491 = CARTESIAN_POINT('',(4.04,-9.144,0.));
#2492 = LINE('',#2493,#2494);
#2493 = CARTESIAN_POINT('',(4.04,-8.89,0.254));
#2494 = VECTOR('',#2495,1.);
#2495 = DIRECTION('',(0.,-0.707106781187,-0.707106781187));
#2496 = ORIENTED_EDGE('',*,*,#2497,.T.);
#2497 = EDGE_CURVE('',#2490,#2498,#2500,.T.);
#2498 = VERTEX_POINT('',#2499);
#2499 = CARTESIAN_POINT('',(4.04,-11.176,0.));
#2500 = LINE('',#2501,#2502);
#2501 = CARTESIAN_POINT('',(4.04,-9.144,0.));
#2502 = VECTOR('',#2503,1.);
#2503 = DIRECTION('',(0.,-1.,0.));
#2504 = ORIENTED_EDGE('',*,*,#2505,.T.);
#2505 = EDGE_CURVE('',#2498,#2506,#2508,.T.);
#2506 = VERTEX_POINT('',#2507);
#2507 = CARTESIAN_POINT('',(4.04,-11.43,0.254));
#2508 = LINE('',#2509,#2510);
#2509 = CARTESIAN_POINT('',(4.04,-11.176,0.));
#2510 = VECTOR('',#2511,1.);
#2511 = DIRECTION('',(0.,-0.707106781187,0.707106781187));
#2512 = ORIENTED_EDGE('',*,*,#2513,.T.);
#2513 = EDGE_CURVE('',#2506,#2514,#2516,.T.);
#2514 = VERTEX_POINT('',#2515);
#2515 = CARTESIAN_POINT('',(4.04,-11.684,0.));
#2516 = LINE('',#2517,#2518);
#2517 = CARTESIAN_POINT('',(4.04,-11.43,0.254));
#2518 = VECTOR('',#2519,1.);
#2519 = DIRECTION('',(0.,-0.707106781187,-0.707106781187));
#2520 = ORIENTED_EDGE('',*,*,#2521,.T.);
#2521 = EDGE_CURVE('',#2514,#2522,#2524,.T.);
#2522 = VERTEX_POINT('',#2523);
#2523 = CARTESIAN_POINT('',(4.04,-13.716,0.));
#2524 = LINE('',#2525,#2526);
#2525 = CARTESIAN_POINT('',(4.04,-11.684,0.));
#2526 = VECTOR('',#2527,1.);
#2527 = DIRECTION('',(0.,-1.,0.));
#2528 = ORIENTED_EDGE('',*,*,#2529,.T.);
#2529 = EDGE_CURVE('',#2522,#2530,#2532,.T.);
#2530 = VERTEX_POINT('',#2531);
#2531 = CARTESIAN_POINT('',(4.04,-13.97,0.254));
#2532 = LINE('',#2533,#2534);
#2533 = CARTESIAN_POINT('',(4.04,-13.716,0.));
#2534 = VECTOR('',#2535,1.);
#2535 = DIRECTION('',(0.,-0.707106781187,0.707106781187));
#2536 = ORIENTED_EDGE('',*,*,#2537,.T.);
#2537 = EDGE_CURVE('',#2530,#2538,#2540,.T.);
#2538 = VERTEX_POINT('',#2539);
#2539 = CARTESIAN_POINT('',(4.04,-13.97,2.286));
#2540 = LINE('',#2541,#2542);
#2541 = CARTESIAN_POINT('',(4.04,-13.97,0.254));
#2542 = VECTOR('',#2543,1.);
#2543 = DIRECTION('',(0.,0.,1.));
#2544 = ORIENTED_EDGE('',*,*,#2545,.T.);
#2545 = EDGE_CURVE('',#2538,#2546,#2548,.T.);
#2546 = VERTEX_POINT('',#2547);
#2547 = CARTESIAN_POINT('',(4.04,-13.716,2.54));
#2548 = LINE('',#2549,#2550);
#2549 = CARTESIAN_POINT('',(4.04,-13.97,2.286));
#2550 = VECTOR('',#2551,1.);
#2551 = DIRECTION('',(0.,0.707106781187,0.707106781187));
#2552 = ORIENTED_EDGE('',*,*,#2553,.T.);
#2553 = EDGE_CURVE('',#2546,#2554,#2556,.T.);
#2554 = VERTEX_POINT('',#2555);
#2555 = CARTESIAN_POINT('',(4.04,-11.684,2.54));
#2556 = LINE('',#2557,#2558);
#2557 = CARTESIAN_POINT('',(4.04,-13.716,2.54));
#2558 = VECTOR('',#2559,1.);
#2559 = DIRECTION('',(0.,1.,0.));
#2560 = ORIENTED_EDGE('',*,*,#2561,.T.);
#2561 = EDGE_CURVE('',#2554,#2562,#2564,.T.);
#2562 = VERTEX_POINT('',#2563);
#2563 = CARTESIAN_POINT('',(4.04,-11.43,2.286));
#2564 = LINE('',#2565,#2566);
#2565 = CARTESIAN_POINT('',(4.04,-11.684,2.54));
#2566 = VECTOR('',#2567,1.);
#2567 = DIRECTION('',(0.,0.707106781187,-0.707106781187));
#2568 = ORIENTED_EDGE('',*,*,#2569,.T.);
#2569 = EDGE_CURVE('',#2562,#2570,#2572,.T.);
#2570 = VERTEX_POINT('',#2571);
#2571 = CARTESIAN_POINT('',(4.04,-11.176,2.54));
#2572 = LINE('',#2573,#2574);
#2573 = CARTESIAN_POINT('',(4.04,-11.43,2.286));
#2574 = VECTOR('',#2575,1.);
#2575 = DIRECTION('',(0.,0.707106781187,0.707106781187));
#2576 = ORIENTED_EDGE('',*,*,#2577,.T.);
#2577 = EDGE_CURVE('',#2570,#2578,#2580,.T.);
#2578 = VERTEX_POINT('',#2579);
#2579 = CARTESIAN_POINT('',(4.04,-9.144,2.54));
#2580 = LINE('',#2581,#2582);
#2581 = CARTESIAN_POINT('',(4.04,-11.176,2.54));
#2582 = VECTOR('',#2583,1.);
#2583 = DIRECTION('',(0.,1.,0.));
#2584 = ORIENTED_EDGE('',*,*,#2585,.T.);
#2585 = EDGE_CURVE('',#2578,#2586,#2588,.T.);
#2586 = VERTEX_POINT('',#2587);
#2587 = CARTESIAN_POINT('',(4.04,-8.89,2.286));
#2588 = LINE('',#2589,#2590);
#2589 = CARTESIAN_POINT('',(4.04,-9.144,2.54));
#2590 = VECTOR('',#2591,1.);
#2591 = DIRECTION('',(0.,0.707106781187,-0.707106781187));
#2592 = ORIENTED_EDGE('',*,*,#2593,.T.);
#2593 = EDGE_CURVE('',#2586,#2594,#2596,.T.);
#2594 = VERTEX_POINT('',#2595);
#2595 = CARTESIAN_POINT('',(4.04,-8.636,2.54));
#2596 = LINE('',#2597,#2598);
#2597 = CARTESIAN_POINT('',(4.04,-8.89,2.286));
#2598 = VECTOR('',#2599,1.);
#2599 = DIRECTION('',(0.,0.707106781187,0.707106781187));
#2600 = ORIENTED_EDGE('',*,*,#2601,.T.);
#2601 = EDGE_CURVE('',#2594,#2602,#2604,.T.);
#2602 = VERTEX_POINT('',#2603);
#2603 = CARTESIAN_POINT('',(4.04,-6.604,2.54));
#2604 = LINE('',#2605,#2606);
#2605 = CARTESIAN_POINT('',(4.04,-8.636,2.54));
#2606 = VECTOR('',#2607,1.);
#2607 = DIRECTION('',(0.,1.,0.));
#2608 = ORIENTED_EDGE('',*,*,#2609,.T.);
#2609 = EDGE_CURVE('',#2602,#2610,#2612,.T.);
#2610 = VERTEX_POINT('',#2611);
#2611 = CARTESIAN_POINT('',(4.04,-6.35,2.286));
#2612 = LINE('',#2613,#2614);
#2613 = CARTESIAN_POINT('',(4.04,-6.604,2.54));
#2614 = VECTOR('',#2615,1.);
#2615 = DIRECTION('',(0.,0.707106781187,-0.707106781187));
#2616 = ORIENTED_EDGE('',*,*,#2617,.T.);
#2617 = EDGE_CURVE('',#2610,#2618,#2620,.T.);
#2618 = VERTEX_POINT('',#2619);
#2619 = CARTESIAN_POINT('',(4.04,-6.096,2.54));
#2620 = LINE('',#2621,#2622);
#2621 = CARTESIAN_POINT('',(4.04,-6.35,2.286));
#2622 = VECTOR('',#2623,1.);
#2623 = DIRECTION('',(0.,0.707106781187,0.707106781187));
#2624 = ORIENTED_EDGE('',*,*,#2625,.T.);
#2625 = EDGE_CURVE('',#2618,#2626,#2628,.T.);
#2626 = VERTEX_POINT('',#2627);
#2627 = CARTESIAN_POINT('',(4.04,-4.064,2.54));
#2628 = LINE('',#2629,#2630);
#2629 = CARTESIAN_POINT('',(4.04,-6.096,2.54));
#2630 = VECTOR('',#2631,1.);
#2631 = DIRECTION('',(0.,1.,0.));
#2632 = ORIENTED_EDGE('',*,*,#2633,.T.);
#2633 = EDGE_CURVE('',#2626,#2634,#2636,.T.);
#2634 = VERTEX_POINT('',#2635);
#2635 = CARTESIAN_POINT('',(4.04,-3.81,2.286));
#2636 = LINE('',#2637,#2638);
#2637 = CARTESIAN_POINT('',(4.04,-4.064,2.54));
#2638 = VECTOR('',#2639,1.);
#2639 = DIRECTION('',(0.,0.707106781187,-0.707106781187));
#2640 = ORIENTED_EDGE('',*,*,#2641,.T.);
#2641 = EDGE_CURVE('',#2634,#2642,#2644,.T.);
#2642 = VERTEX_POINT('',#2643);
#2643 = CARTESIAN_POINT('',(4.04,-3.556,2.54));
#2644 = LINE('',#2645,#2646);
#2645 = CARTESIAN_POINT('',(4.04,-3.81,2.286));
#2646 = VECTOR('',#2647,1.);
#2647 = DIRECTION('',(0.,0.707106781187,0.707106781187));
#2648 = ORIENTED_EDGE('',*,*,#2649,.T.);
#2649 = EDGE_CURVE('',#2642,#2650,#2652,.T.);
#2650 = VERTEX_POINT('',#2651);
#2651 = CARTESIAN_POINT('',(4.04,-1.524,2.54));
#2652 = LINE('',#2653,#2654);
#2653 = CARTESIAN_POINT('',(4.04,-3.556,2.54));
#2654 = VECTOR('',#2655,1.);
#2655 = DIRECTION('',(0.,1.,0.));
#2656 = ORIENTED_EDGE('',*,*,#2657,.T.);
#2657 = EDGE_CURVE('',#2650,#2658,#2660,.T.);
#2658 = VERTEX_POINT('',#2659);
#2659 = CARTESIAN_POINT('',(4.04,-1.27,2.286));
#2660 = LINE('',#2661,#2662);
#2661 = CARTESIAN_POINT('',(4.04,-1.524,2.54));
#2662 = VECTOR('',#2663,1.);
#2663 = DIRECTION('',(0.,0.707106781187,-0.707106781187));
#2664 = ORIENTED_EDGE('',*,*,#2665,.T.);
#2665 = EDGE_CURVE('',#2658,#2666,#2668,.T.);
#2666 = VERTEX_POINT('',#2667);
#2667 = CARTESIAN_POINT('',(4.04,-1.016,2.54));
#2668 = LINE('',#2669,#2670);
#2669 = CARTESIAN_POINT('',(4.04,-1.27,2.286));
#2670 = VECTOR('',#2671,1.);
#2671 = DIRECTION('',(0.,0.707106781187,0.707106781187));
#2672 = ORIENTED_EDGE('',*,*,#2673,.T.);
#2673 = EDGE_CURVE('',#2666,#2674,#2676,.T.);
#2674 = VERTEX_POINT('',#2675);
#2675 = CARTESIAN_POINT('',(4.04,1.016,2.54));
#2676 = LINE('',#2677,#2678);
#2677 = CARTESIAN_POINT('',(4.04,-1.016,2.54));
#2678 = VECTOR('',#2679,1.);
#2679 = DIRECTION('',(0.,1.,0.));
#2680 = ORIENTED_EDGE('',*,*,#2681,.T.);
#2681 = EDGE_CURVE('',#2674,#1855,#2682,.T.);
#2682 = LINE('',#2683,#2684);
#2683 = CARTESIAN_POINT('',(4.04,1.016,2.54));
#2684 = VECTOR('',#2685,1.);
#2685 = DIRECTION('',(0.,0.707106781187,-0.707106781187));
#2686 = ORIENTED_EDGE('',*,*,#1862,.T.);
#2687 = FACE_BOUND('',#2688,.F.);
#2688 = EDGE_LOOP('',(#2689,#2699,#2707,#2715));
#2689 = ORIENTED_EDGE('',*,*,#2690,.F.);
#2690 = EDGE_CURVE('',#2691,#2693,#2695,.T.);
#2691 = VERTEX_POINT('',#2692);
#2692 = CARTESIAN_POINT('',(4.04,-5.4,1.59));
#2693 = VERTEX_POINT('',#2694);
#2694 = CARTESIAN_POINT('',(4.04,-4.76,1.59));
#2695 = LINE('',#2696,#2697);
#2696 = CARTESIAN_POINT('',(4.04,-5.555,1.59));
#2697 = VECTOR('',#2698,1.);
#2698 = DIRECTION('',(-1.757937001438E-31,1.,-3.767764739067E-48));
#2699 = ORIENTED_EDGE('',*,*,#2700,.T.);
#2700 = EDGE_CURVE('',#2691,#2701,#2703,.T.);
#2701 = VERTEX_POINT('',#2702);
#2702 = CARTESIAN_POINT('',(4.04,-5.4,0.95));
#2703 = LINE('',#2704,#2705);
#2704 = CARTESIAN_POINT('',(4.04,-5.4,0.924540133779));
#2705 = VECTOR('',#2706,1.);
#2706 = DIRECTION('',(-4.851850855128E-31,6.630961875715E-34,-1.));
#2707 = ORIENTED_EDGE('',*,*,#2708,.F.);
#2708 = EDGE_CURVE('',#2709,#2701,#2711,.T.);
#2709 = VERTEX_POINT('',#2710);
#2710 = CARTESIAN_POINT('',(4.04,-4.76,0.95));
#2711 = LINE('',#2712,#2713);
#2712 = CARTESIAN_POINT('',(4.04,-5.555,0.95));
#2713 = VECTOR('',#2714,1.);
#2714 = DIRECTION('',(1.757937001438E-31,-1.,0.));
#2715 = ORIENTED_EDGE('',*,*,#2716,.F.);
#2716 = EDGE_CURVE('',#2693,#2709,#2717,.T.);
#2717 = LINE('',#2718,#2719);
#2718 = CARTESIAN_POINT('',(4.04,-4.76,0.924540133779));
#2719 = VECTOR('',#2720,1.);
#2720 = DIRECTION('',(-4.851850855128E-31,6.630961875715E-34,-1.));
#2721 = FACE_BOUND('',#2722,.F.);
#2722 = EDGE_LOOP('',(#2723,#2733,#2741,#2749));
#2723 = ORIENTED_EDGE('',*,*,#2724,.F.);
#2724 = EDGE_CURVE('',#2725,#2727,#2729,.T.);
#2725 = VERTEX_POINT('',#2726);
#2726 = CARTESIAN_POINT('',(4.04,-7.94,1.59));
#2727 = VERTEX_POINT('',#2728);
#2728 = CARTESIAN_POINT('',(4.04,-7.3,1.59));
#2729 = LINE('',#2730,#2731);
#2730 = CARTESIAN_POINT('',(4.04,-6.825,1.59));
#2731 = VECTOR('',#2732,1.);
#2732 = DIRECTION('',(-1.757937001438E-31,1.,-3.767764739067E-48));
#2733 = ORIENTED_EDGE('',*,*,#2734,.T.);
#2734 = EDGE_CURVE('',#2725,#2735,#2737,.T.);
#2735 = VERTEX_POINT('',#2736);
#2736 = CARTESIAN_POINT('',(4.04,-7.94,0.95));
#2737 = LINE('',#2738,#2739);
#2738 = CARTESIAN_POINT('',(4.04,-7.94,0.924540133779));
#2739 = VECTOR('',#2740,1.);
#2740 = DIRECTION('',(-4.851850855128E-31,6.630961875715E-34,-1.));
#2741 = ORIENTED_EDGE('',*,*,#2742,.F.);
#2742 = EDGE_CURVE('',#2743,#2735,#2745,.T.);
#2743 = VERTEX_POINT('',#2744);
#2744 = CARTESIAN_POINT('',(4.04,-7.3,0.95));
#2745 = LINE('',#2746,#2747);
#2746 = CARTESIAN_POINT('',(4.04,-6.825,0.95));
#2747 = VECTOR('',#2748,1.);
#2748 = DIRECTION('',(1.757937001438E-31,-1.,0.));
#2749 = ORIENTED_EDGE('',*,*,#2750,.F.);
#2750 = EDGE_CURVE('',#2727,#2743,#2751,.T.);
#2751 = LINE('',#2752,#2753);
#2752 = CARTESIAN_POINT('',(4.04,-7.3,0.924540133779));
#2753 = VECTOR('',#2754,1.);
#2754 = DIRECTION('',(-4.851850855128E-31,6.630961875715E-34,-1.));
#2755 = FACE_BOUND('',#2756,.F.);
#2756 = EDGE_LOOP('',(#2757,#2767,#2775,#2783));
#2757 = ORIENTED_EDGE('',*,*,#2758,.F.);
#2758 = EDGE_CURVE('',#2759,#2761,#2763,.T.);
#2759 = VERTEX_POINT('',#2760);
#2760 = CARTESIAN_POINT('',(4.04,-12.38,1.59));
#2761 = VERTEX_POINT('',#2762);
#2762 = CARTESIAN_POINT('',(4.04,-12.38,0.95));
#2763 = LINE('',#2764,#2765);
#2764 = CARTESIAN_POINT('',(4.04,-12.38,0.924540133779));
#2765 = VECTOR('',#2766,1.);
#2766 = DIRECTION('',(-4.851850855128E-31,6.630961875715E-34,-1.));
#2767 = ORIENTED_EDGE('',*,*,#2768,.F.);
#2768 = EDGE_CURVE('',#2769,#2759,#2771,.T.);
#2769 = VERTEX_POINT('',#2770);
#2770 = CARTESIAN_POINT('',(4.04,-13.02,1.59));
#2771 = LINE('',#2772,#2773);
#2772 = CARTESIAN_POINT('',(4.04,-9.365,1.59));
#2773 = VECTOR('',#2774,1.);
#2774 = DIRECTION('',(-1.757937001438E-31,1.,-3.767764739067E-48));
#2775 = ORIENTED_EDGE('',*,*,#2776,.T.);
#2776 = EDGE_CURVE('',#2769,#2777,#2779,.T.);
#2777 = VERTEX_POINT('',#2778);
#2778 = CARTESIAN_POINT('',(4.04,-13.02,0.95));
#2779 = LINE('',#2780,#2781);
#2780 = CARTESIAN_POINT('',(4.04,-13.02,0.924540133779));
#2781 = VECTOR('',#2782,1.);
#2782 = DIRECTION('',(-4.851850855128E-31,6.630961875715E-34,-1.));
#2783 = ORIENTED_EDGE('',*,*,#2784,.F.);
#2784 = EDGE_CURVE('',#2761,#2777,#2785,.T.);
#2785 = LINE('',#2786,#2787);
#2786 = CARTESIAN_POINT('',(4.04,-9.365,0.95));
#2787 = VECTOR('',#2788,1.);
#2788 = DIRECTION('',(1.757937001438E-31,-1.,0.));
#2789 = FACE_BOUND('',#2790,.F.);
#2790 = EDGE_LOOP('',(#2791,#2801,#2809,#2817));
#2791 = ORIENTED_EDGE('',*,*,#2792,.F.);
#2792 = EDGE_CURVE('',#2793,#2795,#2797,.T.);
#2793 = VERTEX_POINT('',#2794);
#2794 = CARTESIAN_POINT('',(4.04,-10.48,1.59));
#2795 = VERTEX_POINT('',#2796);
#2796 = CARTESIAN_POINT('',(4.04,-9.84,1.59));
#2797 = LINE('',#2798,#2799);
#2798 = CARTESIAN_POINT('',(4.04,-8.095,1.59));
#2799 = VECTOR('',#2800,1.);
#2800 = DIRECTION('',(-1.757937001438E-31,1.,-3.767764739067E-48));
#2801 = ORIENTED_EDGE('',*,*,#2802,.T.);
#2802 = EDGE_CURVE('',#2793,#2803,#2805,.T.);
#2803 = VERTEX_POINT('',#2804);
#2804 = CARTESIAN_POINT('',(4.04,-10.48,0.95));
#2805 = LINE('',#2806,#2807);
#2806 = CARTESIAN_POINT('',(4.04,-10.48,0.924540133779));
#2807 = VECTOR('',#2808,1.);
#2808 = DIRECTION('',(-4.851850855128E-31,6.630961875715E-34,-1.));
#2809 = ORIENTED_EDGE('',*,*,#2810,.F.);
#2810 = EDGE_CURVE('',#2811,#2803,#2813,.T.);
#2811 = VERTEX_POINT('',#2812);
#2812 = CARTESIAN_POINT('',(4.04,-9.84,0.95));
#2813 = LINE('',#2814,#2815);
#2814 = CARTESIAN_POINT('',(4.04,-8.095,0.95));
#2815 = VECTOR('',#2816,1.);
#2816 = DIRECTION('',(1.757937001438E-31,-1.,0.));
#2817 = ORIENTED_EDGE('',*,*,#2818,.F.);
#2818 = EDGE_CURVE('',#2795,#2811,#2819,.T.);
#2819 = LINE('',#2820,#2821);
#2820 = CARTESIAN_POINT('',(4.04,-9.84,0.924540133779));
#2821 = VECTOR('',#2822,1.);
#2822 = DIRECTION('',(-4.851850855128E-31,6.630961875715E-34,-1.));
#2823 = FACE_BOUND('',#2824,.F.);
#2824 = EDGE_LOOP('',(#2825,#2835,#2843,#2851));
#2825 = ORIENTED_EDGE('',*,*,#2826,.F.);
#2826 = EDGE_CURVE('',#2827,#2829,#2831,.T.);
#2827 = VERTEX_POINT('',#2828);
#2828 = CARTESIAN_POINT('',(4.04,-2.86,1.59));
#2829 = VERTEX_POINT('',#2830);
#2830 = CARTESIAN_POINT('',(4.04,-2.22,1.59));
#2831 = LINE('',#2832,#2833);
#2832 = CARTESIAN_POINT('',(4.04,-4.285,1.59));
#2833 = VECTOR('',#2834,1.);
#2834 = DIRECTION('',(-1.757937001438E-31,1.,-3.767764739067E-48));
#2835 = ORIENTED_EDGE('',*,*,#2836,.T.);
#2836 = EDGE_CURVE('',#2827,#2837,#2839,.T.);
#2837 = VERTEX_POINT('',#2838);
#2838 = CARTESIAN_POINT('',(4.04,-2.86,0.95));
#2839 = LINE('',#2840,#2841);
#2840 = CARTESIAN_POINT('',(4.04,-2.86,0.924540133779));
#2841 = VECTOR('',#2842,1.);
#2842 = DIRECTION('',(-4.851850855128E-31,6.630961875715E-34,-1.));
#2843 = ORIENTED_EDGE('',*,*,#2844,.F.);
#2844 = EDGE_CURVE('',#2845,#2837,#2847,.T.);
#2845 = VERTEX_POINT('',#2846);
#2846 = CARTESIAN_POINT('',(4.04,-2.22,0.95));
#2847 = LINE('',#2848,#2849);
#2848 = CARTESIAN_POINT('',(4.04,-4.285,0.95));
#2849 = VECTOR('',#2850,1.);
#2850 = DIRECTION('',(1.757937001438E-31,-1.,0.));
#2851 = ORIENTED_EDGE('',*,*,#2852,.F.);
#2852 = EDGE_CURVE('',#2829,#2845,#2853,.T.);
#2853 = LINE('',#2854,#2855);
#2854 = CARTESIAN_POINT('',(4.04,-2.22,0.924540133779));
#2855 = VECTOR('',#2856,1.);
#2856 = DIRECTION('',(-4.851850855128E-31,6.630961875715E-34,-1.));
#2857 = FACE_BOUND('',#2858,.F.);
#2858 = EDGE_LOOP('',(#2859,#2869,#2877,#2885));
#2859 = ORIENTED_EDGE('',*,*,#2860,.F.);
#2860 = EDGE_CURVE('',#2861,#2863,#2865,.T.);
#2861 = VERTEX_POINT('',#2862);
#2862 = CARTESIAN_POINT('',(4.04,-0.32,1.59));
#2863 = VERTEX_POINT('',#2864);
#2864 = CARTESIAN_POINT('',(4.04,0.32,1.59));
#2865 = LINE('',#2866,#2867);
#2866 = CARTESIAN_POINT('',(4.04,-3.015,1.59));
#2867 = VECTOR('',#2868,1.);
#2868 = DIRECTION('',(-1.757937001438E-31,1.,-3.767764739067E-48));
#2869 = ORIENTED_EDGE('',*,*,#2870,.T.);
#2870 = EDGE_CURVE('',#2861,#2871,#2873,.T.);
#2871 = VERTEX_POINT('',#2872);
#2872 = CARTESIAN_POINT('',(4.04,-0.32,0.95));
#2873 = LINE('',#2874,#2875);
#2874 = CARTESIAN_POINT('',(4.04,-0.32,0.924540133779));
#2875 = VECTOR('',#2876,1.);
#2876 = DIRECTION('',(-4.851850855128E-31,6.630961875715E-34,-1.));
#2877 = ORIENTED_EDGE('',*,*,#2878,.F.);
#2878 = EDGE_CURVE('',#2879,#2871,#2881,.T.);
#2879 = VERTEX_POINT('',#2880);
#2880 = CARTESIAN_POINT('',(4.04,0.32,0.95));
#2881 = LINE('',#2882,#2883);
#2882 = CARTESIAN_POINT('',(4.04,-3.015,0.95));
#2883 = VECTOR('',#2884,1.);
#2884 = DIRECTION('',(1.757937001438E-31,-1.,0.));
#2885 = ORIENTED_EDGE('',*,*,#2886,.F.);
#2886 = EDGE_CURVE('',#2863,#2879,#2887,.T.);
#2887 = LINE('',#2888,#2889);
#2888 = CARTESIAN_POINT('',(4.04,0.32,0.924540133779));
#2889 = VECTOR('',#2890,1.);
#2890 = DIRECTION('',(-4.851850855128E-31,6.630961875715E-34,-1.));
#2891 = PLANE('',#2892);
#2892 = AXIS2_PLACEMENT_3D('',#2893,#2894,#2895);
#2893 = CARTESIAN_POINT('',(4.04,-6.35,1.27));
#2894 = DIRECTION('',(-1.,-1.757937001438E-31,4.851850855128E-31));
#2895 = DIRECTION('',(-4.851850855128E-31,3.711337935421E-78,-1.));
#2896 = ADVANCED_FACE('',(#2897),#2908,.T.);
#2897 = FACE_BOUND('',#2898,.T.);
#2898 = EDGE_LOOP('',(#2899,#2905,#2906,#2907));
#2899 = ORIENTED_EDGE('',*,*,#2900,.T.);
#2900 = EDGE_CURVE('',#2181,#2674,#2901,.T.);
#2901 = LINE('',#2902,#2903);
#2902 = CARTESIAN_POINT('',(1.5,1.016,2.54));
#2903 = VECTOR('',#2904,1.);
#2904 = DIRECTION('',(1.,0.,0.));
#2905 = ORIENTED_EDGE('',*,*,#2681,.T.);
#2906 = ORIENTED_EDGE('',*,*,#1852,.F.);
#2907 = ORIENTED_EDGE('',*,*,#2188,.F.);
#2908 = PLANE('',#2909);
#2909 = AXIS2_PLACEMENT_3D('',#2910,#2911,#2912);
#2910 = CARTESIAN_POINT('',(1.5,1.016,2.54));
#2911 = DIRECTION('',(0.,0.707106781187,0.707106781187));
#2912 = DIRECTION('',(0.,0.707106781187,-0.707106781187));
#2913 = ADVANCED_FACE('',(#2914),#2925,.T.);
#2914 = FACE_BOUND('',#2915,.T.);
#2915 = EDGE_LOOP('',(#2916,#2917,#2918,#2924));
#2916 = ORIENTED_EDGE('',*,*,#1892,.T.);
#2917 = ORIENTED_EDGE('',*,*,#2409,.T.);
#2918 = ORIENTED_EDGE('',*,*,#2919,.F.);
#2919 = EDGE_CURVE('',#1917,#2410,#2920,.T.);
#2920 = LINE('',#2921,#2922);
#2921 = CARTESIAN_POINT('',(1.5,-1.27,0.254));
#2922 = VECTOR('',#2923,1.);
#2923 = DIRECTION('',(1.,0.,0.));
#2924 = ORIENTED_EDGE('',*,*,#1916,.F.);
#2925 = PLANE('',#2926);
#2926 = AXIS2_PLACEMENT_3D('',#2927,#2928,#2929);
#2927 = CARTESIAN_POINT('',(1.5,-1.016,0.));
#2928 = DIRECTION('',(-0.,-0.707106781187,-0.707106781187));
#2929 = DIRECTION('',(0.,-0.707106781187,0.707106781187));
#2930 = ADVANCED_FACE('',(#2931),#2942,.T.);
#2931 = FACE_BOUND('',#2932,.T.);
#2932 = EDGE_LOOP('',(#2933,#2939,#2940,#2941));
#2933 = ORIENTED_EDGE('',*,*,#2934,.T.);
#2934 = EDGE_CURVE('',#2173,#2666,#2935,.T.);
#2935 = LINE('',#2936,#2937);
#2936 = CARTESIAN_POINT('',(1.5,-1.016,2.54));
#2937 = VECTOR('',#2938,1.);
#2938 = DIRECTION('',(1.,0.,0.));
#2939 = ORIENTED_EDGE('',*,*,#2673,.T.);
#2940 = ORIENTED_EDGE('',*,*,#2900,.F.);
#2941 = ORIENTED_EDGE('',*,*,#2180,.F.);
#2942 = PLANE('',#2943);
#2943 = AXIS2_PLACEMENT_3D('',#2944,#2945,#2946);
#2944 = CARTESIAN_POINT('',(1.5,-1.016,2.54));
#2945 = DIRECTION('',(0.,0.,1.));
#2946 = DIRECTION('',(0.,1.,0.));
#2947 = ADVANCED_FACE('',(#2948),#2959,.T.);
#2948 = FACE_BOUND('',#2949,.T.);
#2949 = EDGE_LOOP('',(#2950,#2951,#2952,#2958));
#2950 = ORIENTED_EDGE('',*,*,#2919,.T.);
#2951 = ORIENTED_EDGE('',*,*,#2417,.T.);
#2952 = ORIENTED_EDGE('',*,*,#2953,.F.);
#2953 = EDGE_CURVE('',#1925,#2418,#2954,.T.);
#2954 = LINE('',#2955,#2956);
#2955 = CARTESIAN_POINT('',(1.5,-1.524,0.));
#2956 = VECTOR('',#2957,1.);
#2957 = DIRECTION('',(1.,0.,0.));
#2958 = ORIENTED_EDGE('',*,*,#1924,.F.);
#2959 = PLANE('',#2960);
#2960 = AXIS2_PLACEMENT_3D('',#2961,#2962,#2963);
#2961 = CARTESIAN_POINT('',(1.5,-1.27,0.254));
#2962 = DIRECTION('',(0.,0.707106781187,-0.707106781187));
#2963 = DIRECTION('',(0.,-0.707106781187,-0.707106781187));
#2964 = ADVANCED_FACE('',(#2965),#2976,.T.);
#2965 = FACE_BOUND('',#2966,.T.);
#2966 = EDGE_LOOP('',(#2967,#2973,#2974,#2975));
#2967 = ORIENTED_EDGE('',*,*,#2968,.T.);
#2968 = EDGE_CURVE('',#2165,#2658,#2969,.T.);
#2969 = LINE('',#2970,#2971);
#2970 = CARTESIAN_POINT('',(1.5,-1.27,2.286));
#2971 = VECTOR('',#2972,1.);
#2972 = DIRECTION('',(1.,0.,0.));
#2973 = ORIENTED_EDGE('',*,*,#2665,.T.);
#2974 = ORIENTED_EDGE('',*,*,#2934,.F.);
#2975 = ORIENTED_EDGE('',*,*,#2172,.F.);
#2976 = PLANE('',#2977);
#2977 = AXIS2_PLACEMENT_3D('',#2978,#2979,#2980);
#2978 = CARTESIAN_POINT('',(1.5,-1.27,2.286));
#2979 = DIRECTION('',(0.,-0.707106781187,0.707106781187));
#2980 = DIRECTION('',(0.,0.707106781187,0.707106781187));
#2981 = ADVANCED_FACE('',(#2982),#2993,.T.);
#2982 = FACE_BOUND('',#2983,.T.);
#2983 = EDGE_LOOP('',(#2984,#2985,#2986,#2992));
#2984 = ORIENTED_EDGE('',*,*,#2953,.T.);
#2985 = ORIENTED_EDGE('',*,*,#2425,.T.);
#2986 = ORIENTED_EDGE('',*,*,#2987,.F.);
#2987 = EDGE_CURVE('',#1933,#2426,#2988,.T.);
#2988 = LINE('',#2989,#2990);
#2989 = CARTESIAN_POINT('',(1.5,-3.556,0.));
#2990 = VECTOR('',#2991,1.);
#2991 = DIRECTION('',(1.,0.,0.));
#2992 = ORIENTED_EDGE('',*,*,#1932,.F.);
#2993 = PLANE('',#2994);
#2994 = AXIS2_PLACEMENT_3D('',#2995,#2996,#2997);
#2995 = CARTESIAN_POINT('',(1.5,-1.524,0.));
#2996 = DIRECTION('',(-0.,-0.,-1.));
#2997 = DIRECTION('',(0.,-1.,0.));
#2998 = ADVANCED_FACE('',(#2999),#3010,.T.);
#2999 = FACE_BOUND('',#3000,.T.);
#3000 = EDGE_LOOP('',(#3001,#3007,#3008,#3009));
#3001 = ORIENTED_EDGE('',*,*,#3002,.T.);
#3002 = EDGE_CURVE('',#2157,#2650,#3003,.T.);
#3003 = LINE('',#3004,#3005);
#3004 = CARTESIAN_POINT('',(1.5,-1.524,2.54));
#3005 = VECTOR('',#3006,1.);
#3006 = DIRECTION('',(1.,0.,0.));
#3007 = ORIENTED_EDGE('',*,*,#2657,.T.);
#3008 = ORIENTED_EDGE('',*,*,#2968,.F.);
#3009 = ORIENTED_EDGE('',*,*,#2164,.F.);
#3010 = PLANE('',#3011);
#3011 = AXIS2_PLACEMENT_3D('',#3012,#3013,#3014);
#3012 = CARTESIAN_POINT('',(1.5,-1.524,2.54));
#3013 = DIRECTION('',(0.,0.707106781187,0.707106781187));
#3014 = DIRECTION('',(0.,0.707106781187,-0.707106781187));
#3015 = ADVANCED_FACE('',(#3016),#3027,.T.);
#3016 = FACE_BOUND('',#3017,.T.);
#3017 = EDGE_LOOP('',(#3018,#3019,#3020,#3026));
#3018 = ORIENTED_EDGE('',*,*,#2987,.T.);
#3019 = ORIENTED_EDGE('',*,*,#2433,.T.);
#3020 = ORIENTED_EDGE('',*,*,#3021,.F.);
#3021 = EDGE_CURVE('',#1941,#2434,#3022,.T.);
#3022 = LINE('',#3023,#3024);
#3023 = CARTESIAN_POINT('',(1.5,-3.81,0.254));
#3024 = VECTOR('',#3025,1.);
#3025 = DIRECTION('',(1.,0.,0.));
#3026 = ORIENTED_EDGE('',*,*,#1940,.F.);
#3027 = PLANE('',#3028);
#3028 = AXIS2_PLACEMENT_3D('',#3029,#3030,#3031);
#3029 = CARTESIAN_POINT('',(1.5,-3.556,0.));
#3030 = DIRECTION('',(-0.,-0.707106781187,-0.707106781187));
#3031 = DIRECTION('',(0.,-0.707106781187,0.707106781187));
#3032 = ADVANCED_FACE('',(#3033),#3044,.T.);
#3033 = FACE_BOUND('',#3034,.T.);
#3034 = EDGE_LOOP('',(#3035,#3041,#3042,#3043));
#3035 = ORIENTED_EDGE('',*,*,#3036,.T.);
#3036 = EDGE_CURVE('',#2149,#2642,#3037,.T.);
#3037 = LINE('',#3038,#3039);
#3038 = CARTESIAN_POINT('',(1.5,-3.556,2.54));
#3039 = VECTOR('',#3040,1.);
#3040 = DIRECTION('',(1.,0.,0.));
#3041 = ORIENTED_EDGE('',*,*,#2649,.T.);
#3042 = ORIENTED_EDGE('',*,*,#3002,.F.);
#3043 = ORIENTED_EDGE('',*,*,#2156,.F.);
#3044 = PLANE('',#3045);
#3045 = AXIS2_PLACEMENT_3D('',#3046,#3047,#3048);
#3046 = CARTESIAN_POINT('',(1.5,-3.556,2.54));
#3047 = DIRECTION('',(0.,0.,1.));
#3048 = DIRECTION('',(0.,1.,0.));
#3049 = ADVANCED_FACE('',(#3050),#3061,.T.);
#3050 = FACE_BOUND('',#3051,.T.);
#3051 = EDGE_LOOP('',(#3052,#3053,#3054,#3060));
#3052 = ORIENTED_EDGE('',*,*,#3021,.T.);
#3053 = ORIENTED_EDGE('',*,*,#2441,.T.);
#3054 = ORIENTED_EDGE('',*,*,#3055,.F.);
#3055 = EDGE_CURVE('',#1949,#2442,#3056,.T.);
#3056 = LINE('',#3057,#3058);
#3057 = CARTESIAN_POINT('',(1.5,-4.064,0.));
#3058 = VECTOR('',#3059,1.);
#3059 = DIRECTION('',(1.,0.,0.));
#3060 = ORIENTED_EDGE('',*,*,#1948,.F.);
#3061 = PLANE('',#3062);
#3062 = AXIS2_PLACEMENT_3D('',#3063,#3064,#3065);
#3063 = CARTESIAN_POINT('',(1.5,-3.81,0.254));
#3064 = DIRECTION('',(0.,0.707106781187,-0.707106781187));
#3065 = DIRECTION('',(0.,-0.707106781187,-0.707106781187));
#3066 = ADVANCED_FACE('',(#3067),#3078,.T.);
#3067 = FACE_BOUND('',#3068,.T.);
#3068 = EDGE_LOOP('',(#3069,#3075,#3076,#3077));
#3069 = ORIENTED_EDGE('',*,*,#3070,.T.);
#3070 = EDGE_CURVE('',#2141,#2634,#3071,.T.);
#3071 = LINE('',#3072,#3073);
#3072 = CARTESIAN_POINT('',(1.5,-3.81,2.286));
#3073 = VECTOR('',#3074,1.);
#3074 = DIRECTION('',(1.,0.,0.));
#3075 = ORIENTED_EDGE('',*,*,#2641,.T.);
#3076 = ORIENTED_EDGE('',*,*,#3036,.F.);
#3077 = ORIENTED_EDGE('',*,*,#2148,.F.);
#3078 = PLANE('',#3079);
#3079 = AXIS2_PLACEMENT_3D('',#3080,#3081,#3082);
#3080 = CARTESIAN_POINT('',(1.5,-3.81,2.286));
#3081 = DIRECTION('',(0.,-0.707106781187,0.707106781187));
#3082 = DIRECTION('',(0.,0.707106781187,0.707106781187));
#3083 = ADVANCED_FACE('',(#3084),#3095,.T.);
#3084 = FACE_BOUND('',#3085,.T.);
#3085 = EDGE_LOOP('',(#3086,#3087,#3088,#3094));
#3086 = ORIENTED_EDGE('',*,*,#3055,.T.);
#3087 = ORIENTED_EDGE('',*,*,#2449,.T.);
#3088 = ORIENTED_EDGE('',*,*,#3089,.F.);
#3089 = EDGE_CURVE('',#1957,#2450,#3090,.T.);
#3090 = LINE('',#3091,#3092);
#3091 = CARTESIAN_POINT('',(1.5,-6.096,0.));
#3092 = VECTOR('',#3093,1.);
#3093 = DIRECTION('',(1.,0.,0.));
#3094 = ORIENTED_EDGE('',*,*,#1956,.F.);
#3095 = PLANE('',#3096);
#3096 = AXIS2_PLACEMENT_3D('',#3097,#3098,#3099);
#3097 = CARTESIAN_POINT('',(1.5,-4.064,0.));
#3098 = DIRECTION('',(-0.,-0.,-1.));
#3099 = DIRECTION('',(0.,-1.,0.));
#3100 = ADVANCED_FACE('',(#3101),#3112,.T.);
#3101 = FACE_BOUND('',#3102,.T.);
#3102 = EDGE_LOOP('',(#3103,#3109,#3110,#3111));
#3103 = ORIENTED_EDGE('',*,*,#3104,.T.);
#3104 = EDGE_CURVE('',#2133,#2626,#3105,.T.);
#3105 = LINE('',#3106,#3107);
#3106 = CARTESIAN_POINT('',(1.5,-4.064,2.54));
#3107 = VECTOR('',#3108,1.);
#3108 = DIRECTION('',(1.,0.,0.));
#3109 = ORIENTED_EDGE('',*,*,#2633,.T.);
#3110 = ORIENTED_EDGE('',*,*,#3070,.F.);
#3111 = ORIENTED_EDGE('',*,*,#2140,.F.);
#3112 = PLANE('',#3113);
#3113 = AXIS2_PLACEMENT_3D('',#3114,#3115,#3116);
#3114 = CARTESIAN_POINT('',(1.5,-4.064,2.54));
#3115 = DIRECTION('',(0.,0.707106781187,0.707106781187));
#3116 = DIRECTION('',(0.,0.707106781187,-0.707106781187));
#3117 = ADVANCED_FACE('',(#3118),#3129,.T.);
#3118 = FACE_BOUND('',#3119,.T.);
#3119 = EDGE_LOOP('',(#3120,#3121,#3122,#3128));
#3120 = ORIENTED_EDGE('',*,*,#3089,.T.);
#3121 = ORIENTED_EDGE('',*,*,#2457,.T.);
#3122 = ORIENTED_EDGE('',*,*,#3123,.F.);
#3123 = EDGE_CURVE('',#1965,#2458,#3124,.T.);
#3124 = LINE('',#3125,#3126);
#3125 = CARTESIAN_POINT('',(1.5,-6.35,0.254));
#3126 = VECTOR('',#3127,1.);
#3127 = DIRECTION('',(1.,0.,0.));
#3128 = ORIENTED_EDGE('',*,*,#1964,.F.);
#3129 = PLANE('',#3130);
#3130 = AXIS2_PLACEMENT_3D('',#3131,#3132,#3133);
#3131 = CARTESIAN_POINT('',(1.5,-6.096,0.));
#3132 = DIRECTION('',(-0.,-0.707106781187,-0.707106781187));
#3133 = DIRECTION('',(0.,-0.707106781187,0.707106781187));
#3134 = ADVANCED_FACE('',(#3135),#3146,.T.);
#3135 = FACE_BOUND('',#3136,.T.);
#3136 = EDGE_LOOP('',(#3137,#3143,#3144,#3145));
#3137 = ORIENTED_EDGE('',*,*,#3138,.T.);
#3138 = EDGE_CURVE('',#2125,#2618,#3139,.T.);
#3139 = LINE('',#3140,#3141);
#3140 = CARTESIAN_POINT('',(1.5,-6.096,2.54));
#3141 = VECTOR('',#3142,1.);
#3142 = DIRECTION('',(1.,0.,0.));
#3143 = ORIENTED_EDGE('',*,*,#2625,.T.);
#3144 = ORIENTED_EDGE('',*,*,#3104,.F.);
#3145 = ORIENTED_EDGE('',*,*,#2132,.F.);
#3146 = PLANE('',#3147);
#3147 = AXIS2_PLACEMENT_3D('',#3148,#3149,#3150);
#3148 = CARTESIAN_POINT('',(1.5,-6.096,2.54));
#3149 = DIRECTION('',(0.,0.,1.));
#3150 = DIRECTION('',(0.,1.,0.));
#3151 = ADVANCED_FACE('',(#3152),#3163,.T.);
#3152 = FACE_BOUND('',#3153,.T.);
#3153 = EDGE_LOOP('',(#3154,#3155,#3156,#3162));
#3154 = ORIENTED_EDGE('',*,*,#3123,.T.);
#3155 = ORIENTED_EDGE('',*,*,#2465,.T.);
#3156 = ORIENTED_EDGE('',*,*,#3157,.F.);
#3157 = EDGE_CURVE('',#1973,#2466,#3158,.T.);
#3158 = LINE('',#3159,#3160);
#3159 = CARTESIAN_POINT('',(1.5,-6.604,0.));
#3160 = VECTOR('',#3161,1.);
#3161 = DIRECTION('',(1.,0.,0.));
#3162 = ORIENTED_EDGE('',*,*,#1972,.F.);
#3163 = PLANE('',#3164);
#3164 = AXIS2_PLACEMENT_3D('',#3165,#3166,#3167);
#3165 = CARTESIAN_POINT('',(1.5,-6.35,0.254));
#3166 = DIRECTION('',(0.,0.707106781187,-0.707106781187));
#3167 = DIRECTION('',(0.,-0.707106781187,-0.707106781187));
#3168 = ADVANCED_FACE('',(#3169),#3180,.T.);
#3169 = FACE_BOUND('',#3170,.T.);
#3170 = EDGE_LOOP('',(#3171,#3177,#3178,#3179));
#3171 = ORIENTED_EDGE('',*,*,#3172,.T.);
#3172 = EDGE_CURVE('',#2117,#2610,#3173,.T.);
#3173 = LINE('',#3174,#3175);
#3174 = CARTESIAN_POINT('',(1.5,-6.35,2.286));
#3175 = VECTOR('',#3176,1.);
#3176 = DIRECTION('',(1.,0.,0.));
#3177 = ORIENTED_EDGE('',*,*,#2617,.T.);
#3178 = ORIENTED_EDGE('',*,*,#3138,.F.);
#3179 = ORIENTED_EDGE('',*,*,#2124,.F.);
#3180 = PLANE('',#3181);
#3181 = AXIS2_PLACEMENT_3D('',#3182,#3183,#3184);
#3182 = CARTESIAN_POINT('',(1.5,-6.35,2.286));
#3183 = DIRECTION('',(0.,-0.707106781187,0.707106781187));
#3184 = DIRECTION('',(0.,0.707106781187,0.707106781187));
#3185 = ADVANCED_FACE('',(#3186),#3197,.T.);
#3186 = FACE_BOUND('',#3187,.T.);
#3187 = EDGE_LOOP('',(#3188,#3189,#3190,#3196));
#3188 = ORIENTED_EDGE('',*,*,#3157,.T.);
#3189 = ORIENTED_EDGE('',*,*,#2473,.T.);
#3190 = ORIENTED_EDGE('',*,*,#3191,.F.);
#3191 = EDGE_CURVE('',#1981,#2474,#3192,.T.);
#3192 = LINE('',#3193,#3194);
#3193 = CARTESIAN_POINT('',(1.5,-8.636,0.));
#3194 = VECTOR('',#3195,1.);
#3195 = DIRECTION('',(1.,0.,0.));
#3196 = ORIENTED_EDGE('',*,*,#1980,.F.);
#3197 = PLANE('',#3198);
#3198 = AXIS2_PLACEMENT_3D('',#3199,#3200,#3201);
#3199 = CARTESIAN_POINT('',(1.5,-6.604,0.));
#3200 = DIRECTION('',(-0.,-0.,-1.));
#3201 = DIRECTION('',(0.,-1.,0.));
#3202 = ADVANCED_FACE('',(#3203),#3214,.T.);
#3203 = FACE_BOUND('',#3204,.T.);
#3204 = EDGE_LOOP('',(#3205,#3211,#3212,#3213));
#3205 = ORIENTED_EDGE('',*,*,#3206,.T.);
#3206 = EDGE_CURVE('',#2109,#2602,#3207,.T.);
#3207 = LINE('',#3208,#3209);
#3208 = CARTESIAN_POINT('',(1.5,-6.604,2.54));
#3209 = VECTOR('',#3210,1.);
#3210 = DIRECTION('',(1.,0.,0.));
#3211 = ORIENTED_EDGE('',*,*,#2609,.T.);
#3212 = ORIENTED_EDGE('',*,*,#3172,.F.);
#3213 = ORIENTED_EDGE('',*,*,#2116,.F.);
#3214 = PLANE('',#3215);
#3215 = AXIS2_PLACEMENT_3D('',#3216,#3217,#3218);
#3216 = CARTESIAN_POINT('',(1.5,-6.604,2.54));
#3217 = DIRECTION('',(0.,0.707106781187,0.707106781187));
#3218 = DIRECTION('',(0.,0.707106781187,-0.707106781187));
#3219 = ADVANCED_FACE('',(#3220),#3231,.T.);
#3220 = FACE_BOUND('',#3221,.T.);
#3221 = EDGE_LOOP('',(#3222,#3223,#3224,#3230));
#3222 = ORIENTED_EDGE('',*,*,#3191,.T.);
#3223 = ORIENTED_EDGE('',*,*,#2481,.T.);
#3224 = ORIENTED_EDGE('',*,*,#3225,.F.);
#3225 = EDGE_CURVE('',#1989,#2482,#3226,.T.);
#3226 = LINE('',#3227,#3228);
#3227 = CARTESIAN_POINT('',(1.5,-8.89,0.254));
#3228 = VECTOR('',#3229,1.);
#3229 = DIRECTION('',(1.,0.,0.));
#3230 = ORIENTED_EDGE('',*,*,#1988,.F.);
#3231 = PLANE('',#3232);
#3232 = AXIS2_PLACEMENT_3D('',#3233,#3234,#3235);
#3233 = CARTESIAN_POINT('',(1.5,-8.636,0.));
#3234 = DIRECTION('',(-0.,-0.707106781187,-0.707106781187));
#3235 = DIRECTION('',(0.,-0.707106781187,0.707106781187));
#3236 = ADVANCED_FACE('',(#3237),#3248,.T.);
#3237 = FACE_BOUND('',#3238,.T.);
#3238 = EDGE_LOOP('',(#3239,#3245,#3246,#3247));
#3239 = ORIENTED_EDGE('',*,*,#3240,.T.);
#3240 = EDGE_CURVE('',#2101,#2594,#3241,.T.);
#3241 = LINE('',#3242,#3243);
#3242 = CARTESIAN_POINT('',(1.5,-8.636,2.54));
#3243 = VECTOR('',#3244,1.);
#3244 = DIRECTION('',(1.,0.,0.));
#3245 = ORIENTED_EDGE('',*,*,#2601,.T.);
#3246 = ORIENTED_EDGE('',*,*,#3206,.F.);
#3247 = ORIENTED_EDGE('',*,*,#2108,.F.);
#3248 = PLANE('',#3249);
#3249 = AXIS2_PLACEMENT_3D('',#3250,#3251,#3252);
#3250 = CARTESIAN_POINT('',(1.5,-8.636,2.54));
#3251 = DIRECTION('',(0.,0.,1.));
#3252 = DIRECTION('',(0.,1.,0.));
#3253 = ADVANCED_FACE('',(#3254),#3265,.T.);
#3254 = FACE_BOUND('',#3255,.T.);
#3255 = EDGE_LOOP('',(#3256,#3257,#3258,#3264));
#3256 = ORIENTED_EDGE('',*,*,#3225,.T.);
#3257 = ORIENTED_EDGE('',*,*,#2489,.T.);
#3258 = ORIENTED_EDGE('',*,*,#3259,.F.);
#3259 = EDGE_CURVE('',#1997,#2490,#3260,.T.);
#3260 = LINE('',#3261,#3262);
#3261 = CARTESIAN_POINT('',(1.5,-9.144,0.));
#3262 = VECTOR('',#3263,1.);
#3263 = DIRECTION('',(1.,0.,0.));
#3264 = ORIENTED_EDGE('',*,*,#1996,.F.);
#3265 = PLANE('',#3266);
#3266 = AXIS2_PLACEMENT_3D('',#3267,#3268,#3269);
#3267 = CARTESIAN_POINT('',(1.5,-8.89,0.254));
#3268 = DIRECTION('',(0.,0.707106781187,-0.707106781187));
#3269 = DIRECTION('',(0.,-0.707106781187,-0.707106781187));
#3270 = ADVANCED_FACE('',(#3271),#3282,.T.);
#3271 = FACE_BOUND('',#3272,.T.);
#3272 = EDGE_LOOP('',(#3273,#3279,#3280,#3281));
#3273 = ORIENTED_EDGE('',*,*,#3274,.T.);
#3274 = EDGE_CURVE('',#2093,#2586,#3275,.T.);
#3275 = LINE('',#3276,#3277);
#3276 = CARTESIAN_POINT('',(1.5,-8.89,2.286));
#3277 = VECTOR('',#3278,1.);
#3278 = DIRECTION('',(1.,0.,0.));
#3279 = ORIENTED_EDGE('',*,*,#2593,.T.);
#3280 = ORIENTED_EDGE('',*,*,#3240,.F.);
#3281 = ORIENTED_EDGE('',*,*,#2100,.F.);
#3282 = PLANE('',#3283);
#3283 = AXIS2_PLACEMENT_3D('',#3284,#3285,#3286);
#3284 = CARTESIAN_POINT('',(1.5,-8.89,2.286));
#3285 = DIRECTION('',(0.,-0.707106781187,0.707106781187));
#3286 = DIRECTION('',(0.,0.707106781187,0.707106781187));
#3287 = ADVANCED_FACE('',(#3288),#3299,.T.);
#3288 = FACE_BOUND('',#3289,.T.);
#3289 = EDGE_LOOP('',(#3290,#3291,#3292,#3298));
#3290 = ORIENTED_EDGE('',*,*,#3259,.T.);
#3291 = ORIENTED_EDGE('',*,*,#2497,.T.);
#3292 = ORIENTED_EDGE('',*,*,#3293,.F.);
#3293 = EDGE_CURVE('',#2005,#2498,#3294,.T.);
#3294 = LINE('',#3295,#3296);
#3295 = CARTESIAN_POINT('',(1.5,-11.176,0.));
#3296 = VECTOR('',#3297,1.);
#3297 = DIRECTION('',(1.,0.,0.));
#3298 = ORIENTED_EDGE('',*,*,#2004,.F.);
#3299 = PLANE('',#3300);
#3300 = AXIS2_PLACEMENT_3D('',#3301,#3302,#3303);
#3301 = CARTESIAN_POINT('',(1.5,-9.144,0.));
#3302 = DIRECTION('',(-0.,-0.,-1.));
#3303 = DIRECTION('',(0.,-1.,0.));
#3304 = ADVANCED_FACE('',(#3305),#3316,.T.);
#3305 = FACE_BOUND('',#3306,.T.);
#3306 = EDGE_LOOP('',(#3307,#3313,#3314,#3315));
#3307 = ORIENTED_EDGE('',*,*,#3308,.T.);
#3308 = EDGE_CURVE('',#2085,#2578,#3309,.T.);
#3309 = LINE('',#3310,#3311);
#3310 = CARTESIAN_POINT('',(1.5,-9.144,2.54));
#3311 = VECTOR('',#3312,1.);
#3312 = DIRECTION('',(1.,0.,0.));
#3313 = ORIENTED_EDGE('',*,*,#2585,.T.);
#3314 = ORIENTED_EDGE('',*,*,#3274,.F.);
#3315 = ORIENTED_EDGE('',*,*,#2092,.F.);
#3316 = PLANE('',#3317);
#3317 = AXIS2_PLACEMENT_3D('',#3318,#3319,#3320);
#3318 = CARTESIAN_POINT('',(1.5,-9.144,2.54));
#3319 = DIRECTION('',(0.,0.707106781187,0.707106781187));
#3320 = DIRECTION('',(0.,0.707106781187,-0.707106781187));
#3321 = ADVANCED_FACE('',(#3322),#3333,.T.);
#3322 = FACE_BOUND('',#3323,.T.);
#3323 = EDGE_LOOP('',(#3324,#3325,#3326,#3332));
#3324 = ORIENTED_EDGE('',*,*,#3293,.T.);
#3325 = ORIENTED_EDGE('',*,*,#2505,.T.);
#3326 = ORIENTED_EDGE('',*,*,#3327,.F.);
#3327 = EDGE_CURVE('',#2013,#2506,#3328,.T.);
#3328 = LINE('',#3329,#3330);
#3329 = CARTESIAN_POINT('',(1.5,-11.43,0.254));
#3330 = VECTOR('',#3331,1.);
#3331 = DIRECTION('',(1.,0.,0.));
#3332 = ORIENTED_EDGE('',*,*,#2012,.F.);
#3333 = PLANE('',#3334);
#3334 = AXIS2_PLACEMENT_3D('',#3335,#3336,#3337);
#3335 = CARTESIAN_POINT('',(1.5,-11.176,0.));
#3336 = DIRECTION('',(-0.,-0.707106781187,-0.707106781187));
#3337 = DIRECTION('',(0.,-0.707106781187,0.707106781187));
#3338 = ADVANCED_FACE('',(#3339),#3350,.T.);
#3339 = FACE_BOUND('',#3340,.T.);
#3340 = EDGE_LOOP('',(#3341,#3347,#3348,#3349));
#3341 = ORIENTED_EDGE('',*,*,#3342,.T.);
#3342 = EDGE_CURVE('',#2077,#2570,#3343,.T.);
#3343 = LINE('',#3344,#3345);
#3344 = CARTESIAN_POINT('',(1.5,-11.176,2.54));
#3345 = VECTOR('',#3346,1.);
#3346 = DIRECTION('',(1.,0.,0.));
#3347 = ORIENTED_EDGE('',*,*,#2577,.T.);
#3348 = ORIENTED_EDGE('',*,*,#3308,.F.);
#3349 = ORIENTED_EDGE('',*,*,#2084,.F.);
#3350 = PLANE('',#3351);
#3351 = AXIS2_PLACEMENT_3D('',#3352,#3353,#3354);
#3352 = CARTESIAN_POINT('',(1.5,-11.176,2.54));
#3353 = DIRECTION('',(0.,0.,1.));
#3354 = DIRECTION('',(0.,1.,0.));
#3355 = ADVANCED_FACE('',(#3356),#3367,.T.);
#3356 = FACE_BOUND('',#3357,.T.);
#3357 = EDGE_LOOP('',(#3358,#3359,#3360,#3366));
#3358 = ORIENTED_EDGE('',*,*,#3327,.T.);
#3359 = ORIENTED_EDGE('',*,*,#2513,.T.);
#3360 = ORIENTED_EDGE('',*,*,#3361,.F.);
#3361 = EDGE_CURVE('',#2021,#2514,#3362,.T.);
#3362 = LINE('',#3363,#3364);
#3363 = CARTESIAN_POINT('',(1.5,-11.684,0.));
#3364 = VECTOR('',#3365,1.);
#3365 = DIRECTION('',(1.,0.,0.));
#3366 = ORIENTED_EDGE('',*,*,#2020,.F.);
#3367 = PLANE('',#3368);
#3368 = AXIS2_PLACEMENT_3D('',#3369,#3370,#3371);
#3369 = CARTESIAN_POINT('',(1.5,-11.43,0.254));
#3370 = DIRECTION('',(0.,0.707106781187,-0.707106781187));
#3371 = DIRECTION('',(0.,-0.707106781187,-0.707106781187));
#3372 = ADVANCED_FACE('',(#3373),#3384,.T.);
#3373 = FACE_BOUND('',#3374,.T.);
#3374 = EDGE_LOOP('',(#3375,#3381,#3382,#3383));
#3375 = ORIENTED_EDGE('',*,*,#3376,.T.);
#3376 = EDGE_CURVE('',#2069,#2562,#3377,.T.);
#3377 = LINE('',#3378,#3379);
#3378 = CARTESIAN_POINT('',(1.5,-11.43,2.286));
#3379 = VECTOR('',#3380,1.);
#3380 = DIRECTION('',(1.,0.,0.));
#3381 = ORIENTED_EDGE('',*,*,#2569,.T.);
#3382 = ORIENTED_EDGE('',*,*,#3342,.F.);
#3383 = ORIENTED_EDGE('',*,*,#2076,.F.);
#3384 = PLANE('',#3385);
#3385 = AXIS2_PLACEMENT_3D('',#3386,#3387,#3388);
#3386 = CARTESIAN_POINT('',(1.5,-11.43,2.286));
#3387 = DIRECTION('',(0.,-0.707106781187,0.707106781187));
#3388 = DIRECTION('',(0.,0.707106781187,0.707106781187));
#3389 = ADVANCED_FACE('',(#3390),#3401,.T.);
#3390 = FACE_BOUND('',#3391,.T.);
#3391 = EDGE_LOOP('',(#3392,#3393,#3394,#3400));
#3392 = ORIENTED_EDGE('',*,*,#3361,.T.);
#3393 = ORIENTED_EDGE('',*,*,#2521,.T.);
#3394 = ORIENTED_EDGE('',*,*,#3395,.F.);
#3395 = EDGE_CURVE('',#2029,#2522,#3396,.T.);
#3396 = LINE('',#3397,#3398);
#3397 = CARTESIAN_POINT('',(1.5,-13.716,0.));
#3398 = VECTOR('',#3399,1.);
#3399 = DIRECTION('',(1.,0.,0.));
#3400 = ORIENTED_EDGE('',*,*,#2028,.F.);
#3401 = PLANE('',#3402);
#3402 = AXIS2_PLACEMENT_3D('',#3403,#3404,#3405);
#3403 = CARTESIAN_POINT('',(1.5,-11.684,0.));
#3404 = DIRECTION('',(-0.,-0.,-1.));
#3405 = DIRECTION('',(0.,-1.,0.));
#3406 = ADVANCED_FACE('',(#3407),#3418,.T.);
#3407 = FACE_BOUND('',#3408,.T.);
#3408 = EDGE_LOOP('',(#3409,#3415,#3416,#3417));
#3409 = ORIENTED_EDGE('',*,*,#3410,.T.);
#3410 = EDGE_CURVE('',#2061,#2554,#3411,.T.);
#3411 = LINE('',#3412,#3413);
#3412 = CARTESIAN_POINT('',(1.5,-11.684,2.54));
#3413 = VECTOR('',#3414,1.);
#3414 = DIRECTION('',(1.,0.,0.));
#3415 = ORIENTED_EDGE('',*,*,#2561,.T.);
#3416 = ORIENTED_EDGE('',*,*,#3376,.F.);
#3417 = ORIENTED_EDGE('',*,*,#2068,.F.);
#3418 = PLANE('',#3419);
#3419 = AXIS2_PLACEMENT_3D('',#3420,#3421,#3422);
#3420 = CARTESIAN_POINT('',(1.5,-11.684,2.54));
#3421 = DIRECTION('',(0.,0.707106781187,0.707106781187));
#3422 = DIRECTION('',(0.,0.707106781187,-0.707106781187));
#3423 = ADVANCED_FACE('',(#3424),#3435,.T.);
#3424 = FACE_BOUND('',#3425,.T.);
#3425 = EDGE_LOOP('',(#3426,#3427,#3428,#3434));
#3426 = ORIENTED_EDGE('',*,*,#3395,.T.);
#3427 = ORIENTED_EDGE('',*,*,#2529,.T.);
#3428 = ORIENTED_EDGE('',*,*,#3429,.F.);
#3429 = EDGE_CURVE('',#2037,#2530,#3430,.T.);
#3430 = LINE('',#3431,#3432);
#3431 = CARTESIAN_POINT('',(1.5,-13.97,0.254));
#3432 = VECTOR('',#3433,1.);
#3433 = DIRECTION('',(1.,0.,0.));
#3434 = ORIENTED_EDGE('',*,*,#2036,.F.);
#3435 = PLANE('',#3436);
#3436 = AXIS2_PLACEMENT_3D('',#3437,#3438,#3439);
#3437 = CARTESIAN_POINT('',(1.5,-13.716,0.));
#3438 = DIRECTION('',(-0.,-0.707106781187,-0.707106781187));
#3439 = DIRECTION('',(0.,-0.707106781187,0.707106781187));
#3440 = ADVANCED_FACE('',(#3441),#3452,.T.);
#3441 = FACE_BOUND('',#3442,.T.);
#3442 = EDGE_LOOP('',(#3443,#3449,#3450,#3451));
#3443 = ORIENTED_EDGE('',*,*,#3444,.T.);
#3444 = EDGE_CURVE('',#2053,#2546,#3445,.T.);
#3445 = LINE('',#3446,#3447);
#3446 = CARTESIAN_POINT('',(1.5,-13.716,2.54));
#3447 = VECTOR('',#3448,1.);
#3448 = DIRECTION('',(1.,0.,0.));
#3449 = ORIENTED_EDGE('',*,*,#2553,.T.);
#3450 = ORIENTED_EDGE('',*,*,#3410,.F.);
#3451 = ORIENTED_EDGE('',*,*,#2060,.F.);
#3452 = PLANE('',#3453);
#3453 = AXIS2_PLACEMENT_3D('',#3454,#3455,#3456);
#3454 = CARTESIAN_POINT('',(1.5,-13.716,2.54));
#3455 = DIRECTION('',(0.,0.,1.));
#3456 = DIRECTION('',(0.,1.,0.));
#3457 = ADVANCED_FACE('',(#3458),#3469,.T.);
#3458 = FACE_BOUND('',#3459,.T.);
#3459 = EDGE_LOOP('',(#3460,#3461,#3462,#3468));
#3460 = ORIENTED_EDGE('',*,*,#3429,.T.);
#3461 = ORIENTED_EDGE('',*,*,#2537,.T.);
#3462 = ORIENTED_EDGE('',*,*,#3463,.F.);
#3463 = EDGE_CURVE('',#2045,#2538,#3464,.T.);
#3464 = LINE('',#3465,#3466);
#3465 = CARTESIAN_POINT('',(1.5,-13.97,2.286));
#3466 = VECTOR('',#3467,1.);
#3467 = DIRECTION('',(1.,0.,0.));
#3468 = ORIENTED_EDGE('',*,*,#2044,.F.);
#3469 = PLANE('',#3470);
#3470 = AXIS2_PLACEMENT_3D('',#3471,#3472,#3473);
#3471 = CARTESIAN_POINT('',(1.5,-13.97,0.254));
#3472 = DIRECTION('',(0.,-1.,0.));
#3473 = DIRECTION('',(0.,0.,1.));
#3474 = ADVANCED_FACE('',(#3475),#3481,.T.);
#3475 = FACE_BOUND('',#3476,.T.);
#3476 = EDGE_LOOP('',(#3477,#3478,#3479,#3480));
#3477 = ORIENTED_EDGE('',*,*,#3463,.T.);
#3478 = ORIENTED_EDGE('',*,*,#2545,.T.);
#3479 = ORIENTED_EDGE('',*,*,#3444,.F.);
#3480 = ORIENTED_EDGE('',*,*,#2052,.F.);
#3481 = PLANE('',#3482);
#3482 = AXIS2_PLACEMENT_3D('',#3483,#3484,#3485);
#3483 = CARTESIAN_POINT('',(1.5,-13.97,2.286));
#3484 = DIRECTION('',(0.,-0.707106781187,0.707106781187));
#3485 = DIRECTION('',(0.,0.707106781187,0.707106781187));
#3486 = ADVANCED_FACE('',(#3487),#3512,.T.);
#3487 = FACE_BOUND('',#3488,.T.);
#3488 = EDGE_LOOP('',(#3489,#3497,#3505,#3511));
#3489 = ORIENTED_EDGE('',*,*,#3490,.F.);
#3490 = EDGE_CURVE('',#3491,#2200,#3493,.T.);
#3491 = VERTEX_POINT('',#3492);
#3492 = CARTESIAN_POINT('',(0.32,-4.76,1.59));
#3493 = LINE('',#3494,#3495);
#3494 = CARTESIAN_POINT('',(-0.32,-4.76,1.59));
#3495 = VECTOR('',#3496,1.);
#3496 = DIRECTION('',(1.,0.,2.143287692327E-17));
#3497 = ORIENTED_EDGE('',*,*,#3498,.T.);
#3498 = EDGE_CURVE('',#3491,#3499,#3501,.T.);
#3499 = VERTEX_POINT('',#3500);
#3500 = CARTESIAN_POINT('',(0.32,-5.4,1.59));
#3501 = LINE('',#3502,#3503);
#3502 = CARTESIAN_POINT('',(0.32,-4.76,1.59));
#3503 = VECTOR('',#3504,1.);
#3504 = DIRECTION('',(0.,-1.,0.));
#3505 = ORIENTED_EDGE('',*,*,#3506,.T.);
#3506 = EDGE_CURVE('',#3499,#2198,#3507,.T.);
#3507 = LINE('',#3508,#3509);
#3508 = CARTESIAN_POINT('',(-0.32,-5.4,1.59));
#3509 = VECTOR('',#3510,1.);
#3510 = DIRECTION('',(1.,0.,2.143287692327E-17));
#3511 = ORIENTED_EDGE('',*,*,#2197,.T.);
#3512 = PLANE('',#3513);
#3513 = AXIS2_PLACEMENT_3D('',#3514,#3515,#3516);
#3514 = CARTESIAN_POINT('',(-0.32,-4.76,1.59));
#3515 = DIRECTION('',(-2.143287692327E-17,0.,1.));
#3516 = DIRECTION('',(1.,0.,2.143287692327E-17));
#3517 = ADVANCED_FACE('',(#3518),#3561,.T.);
#3518 = FACE_BOUND('',#3519,.T.);
#3519 = EDGE_LOOP('',(#3520,#3529,#3530,#3531,#3539,#3547,#3555));
#3520 = ORIENTED_EDGE('',*,*,#3521,.T.);
#3521 = EDGE_CURVE('',#3522,#3491,#3524,.T.);
#3522 = VERTEX_POINT('',#3523);
#3523 = CARTESIAN_POINT('',(-0.32,-4.76,0.95));
#3524 = CIRCLE('',#3525,0.64);
#3525 = AXIS2_PLACEMENT_3D('',#3526,#3527,#3528);
#3526 = CARTESIAN_POINT('',(0.32,-4.76,0.95));
#3527 = DIRECTION('',(0.,1.,0.));
#3528 = DIRECTION('',(0.,0.,-1.));
#3529 = ORIENTED_EDGE('',*,*,#3490,.T.);
#3530 = ORIENTED_EDGE('',*,*,#2223,.T.);
#3531 = ORIENTED_EDGE('',*,*,#3532,.T.);
#3532 = EDGE_CURVE('',#2216,#3533,#3535,.T.);
#3533 = VERTEX_POINT('',#3534);
#3534 = CARTESIAN_POINT('',(0.32,-4.76,0.95));
#3535 = LINE('',#3536,#3537);
#3536 = CARTESIAN_POINT('',(10.04,-4.76,0.95));
#3537 = VECTOR('',#3538,1.);
#3538 = DIRECTION('',(-1.,0.,0.));
#3539 = ORIENTED_EDGE('',*,*,#3540,.T.);
#3540 = EDGE_CURVE('',#3533,#3541,#3543,.T.);
#3541 = VERTEX_POINT('',#3542);
#3542 = CARTESIAN_POINT('',(0.32,-4.76,-2.84));
#3543 = LINE('',#3544,#3545);
#3544 = CARTESIAN_POINT('',(0.32,-4.76,0.95));
#3545 = VECTOR('',#3546,1.);
#3546 = DIRECTION('',(0.,0.,-1.));
#3547 = ORIENTED_EDGE('',*,*,#3548,.T.);
#3548 = EDGE_CURVE('',#3541,#3549,#3551,.T.);
#3549 = VERTEX_POINT('',#3550);
#3550 = CARTESIAN_POINT('',(-0.32,-4.76,-2.84));
#3551 = LINE('',#3552,#3553);
#3552 = CARTESIAN_POINT('',(0.32,-4.76,-2.84));
#3553 = VECTOR('',#3554,1.);
#3554 = DIRECTION('',(-1.,0.,0.));
#3555 = ORIENTED_EDGE('',*,*,#3556,.T.);
#3556 = EDGE_CURVE('',#3549,#3522,#3557,.T.);
#3557 = LINE('',#3558,#3559);
#3558 = CARTESIAN_POINT('',(-0.32,-4.76,-3.));
#3559 = VECTOR('',#3560,1.);
#3560 = DIRECTION('',(0.,0.,1.));
#3561 = PLANE('',#3562);
#3562 = AXIS2_PLACEMENT_3D('',#3563,#3564,#3565);
#3563 = CARTESIAN_POINT('',(3.575919732441,-4.76,0.579080267559));
#3564 = DIRECTION('',(1.030170245606E-33,1.,6.630961875715E-34));
#3565 = DIRECTION('',(1.,-1.030170245606E-33,-3.284969231842E-83));
#3566 = ADVANCED_FACE('',(#3567),#3585,.T.);
#3567 = FACE_BOUND('',#3568,.T.);
#3568 = EDGE_LOOP('',(#3569,#3570,#3571,#3579));
#3569 = ORIENTED_EDGE('',*,*,#3532,.F.);
#3570 = ORIENTED_EDGE('',*,*,#2215,.T.);
#3571 = ORIENTED_EDGE('',*,*,#3572,.T.);
#3572 = EDGE_CURVE('',#2208,#3573,#3575,.T.);
#3573 = VERTEX_POINT('',#3574);
#3574 = CARTESIAN_POINT('',(0.32,-5.4,0.95));
#3575 = LINE('',#3576,#3577);
#3576 = CARTESIAN_POINT('',(10.04,-5.4,0.95));
#3577 = VECTOR('',#3578,1.);
#3578 = DIRECTION('',(-1.,0.,0.));
#3579 = ORIENTED_EDGE('',*,*,#3580,.F.);
#3580 = EDGE_CURVE('',#3533,#3573,#3581,.T.);
#3581 = LINE('',#3582,#3583);
#3582 = CARTESIAN_POINT('',(0.32,-4.76,0.95));
#3583 = VECTOR('',#3584,1.);
#3584 = DIRECTION('',(0.,-1.,0.));
#3585 = PLANE('',#3586);
#3586 = AXIS2_PLACEMENT_3D('',#3587,#3588,#3589);
#3587 = CARTESIAN_POINT('',(10.04,-4.76,0.95));
#3588 = DIRECTION('',(-0.,-0.,-1.));
#3589 = DIRECTION('',(-1.,0.,0.));
#3590 = ADVANCED_FACE('',(#3591),#3627,.F.);
#3591 = FACE_BOUND('',#3592,.F.);
#3592 = EDGE_LOOP('',(#3593,#3602,#3603,#3604,#3605,#3613,#3621));
#3593 = ORIENTED_EDGE('',*,*,#3594,.T.);
#3594 = EDGE_CURVE('',#3595,#3499,#3597,.T.);
#3595 = VERTEX_POINT('',#3596);
#3596 = CARTESIAN_POINT('',(-0.32,-5.4,0.95));
#3597 = CIRCLE('',#3598,0.64);
#3598 = AXIS2_PLACEMENT_3D('',#3599,#3600,#3601);
#3599 = CARTESIAN_POINT('',(0.32,-5.4,0.95));
#3600 = DIRECTION('',(0.,1.,0.));
#3601 = DIRECTION('',(0.,0.,-1.));
#3602 = ORIENTED_EDGE('',*,*,#3506,.T.);
#3603 = ORIENTED_EDGE('',*,*,#2207,.T.);
#3604 = ORIENTED_EDGE('',*,*,#3572,.T.);
#3605 = ORIENTED_EDGE('',*,*,#3606,.T.);
#3606 = EDGE_CURVE('',#3573,#3607,#3609,.T.);
#3607 = VERTEX_POINT('',#3608);
#3608 = CARTESIAN_POINT('',(0.32,-5.4,-2.84));
#3609 = LINE('',#3610,#3611);
#3610 = CARTESIAN_POINT('',(0.32,-5.4,0.95));
#3611 = VECTOR('',#3612,1.);
#3612 = DIRECTION('',(0.,0.,-1.));
#3613 = ORIENTED_EDGE('',*,*,#3614,.T.);
#3614 = EDGE_CURVE('',#3607,#3615,#3617,.T.);
#3615 = VERTEX_POINT('',#3616);
#3616 = CARTESIAN_POINT('',(-0.32,-5.4,-2.84));
#3617 = LINE('',#3618,#3619);
#3618 = CARTESIAN_POINT('',(0.32,-5.4,-2.84));
#3619 = VECTOR('',#3620,1.);
#3620 = DIRECTION('',(-1.,0.,0.));
#3621 = ORIENTED_EDGE('',*,*,#3622,.T.);
#3622 = EDGE_CURVE('',#3615,#3595,#3623,.T.);
#3623 = LINE('',#3624,#3625);
#3624 = CARTESIAN_POINT('',(-0.32,-5.4,-3.));
#3625 = VECTOR('',#3626,1.);
#3626 = DIRECTION('',(0.,0.,1.));
#3627 = PLANE('',#3628);
#3628 = AXIS2_PLACEMENT_3D('',#3629,#3630,#3631);
#3629 = CARTESIAN_POINT('',(3.575919732441,-5.4,0.579080267559));
#3630 = DIRECTION('',(1.030170245606E-33,1.,6.630961875715E-34));
#3631 = DIRECTION('',(1.,-1.030170245606E-33,-3.284969231842E-83));
#3632 = ADVANCED_FACE('',(#3633),#3658,.T.);
#3633 = FACE_BOUND('',#3634,.T.);
#3634 = EDGE_LOOP('',(#3635,#3643,#3651,#3657));
#3635 = ORIENTED_EDGE('',*,*,#3636,.F.);
#3636 = EDGE_CURVE('',#3637,#2234,#3639,.T.);
#3637 = VERTEX_POINT('',#3638);
#3638 = CARTESIAN_POINT('',(0.32,-7.3,1.59));
#3639 = LINE('',#3640,#3641);
#3640 = CARTESIAN_POINT('',(-0.32,-7.3,1.59));
#3641 = VECTOR('',#3642,1.);
#3642 = DIRECTION('',(1.,0.,2.143287692327E-17));
#3643 = ORIENTED_EDGE('',*,*,#3644,.T.);
#3644 = EDGE_CURVE('',#3637,#3645,#3647,.T.);
#3645 = VERTEX_POINT('',#3646);
#3646 = CARTESIAN_POINT('',(0.32,-7.94,1.59));
#3647 = LINE('',#3648,#3649);
#3648 = CARTESIAN_POINT('',(0.32,-7.3,1.59));
#3649 = VECTOR('',#3650,1.);
#3650 = DIRECTION('',(0.,-1.,0.));
#3651 = ORIENTED_EDGE('',*,*,#3652,.T.);
#3652 = EDGE_CURVE('',#3645,#2232,#3653,.T.);
#3653 = LINE('',#3654,#3655);
#3654 = CARTESIAN_POINT('',(-0.32,-7.94,1.59));
#3655 = VECTOR('',#3656,1.);
#3656 = DIRECTION('',(1.,0.,2.143287692327E-17));
#3657 = ORIENTED_EDGE('',*,*,#2231,.T.);
#3658 = PLANE('',#3659);
#3659 = AXIS2_PLACEMENT_3D('',#3660,#3661,#3662);
#3660 = CARTESIAN_POINT('',(-0.32,-7.3,1.59));
#3661 = DIRECTION('',(-2.143287692327E-17,0.,1.));
#3662 = DIRECTION('',(1.,0.,2.143287692327E-17));
#3663 = ADVANCED_FACE('',(#3664),#3707,.T.);
#3664 = FACE_BOUND('',#3665,.T.);
#3665 = EDGE_LOOP('',(#3666,#3675,#3676,#3677,#3685,#3693,#3701));
#3666 = ORIENTED_EDGE('',*,*,#3667,.T.);
#3667 = EDGE_CURVE('',#3668,#3637,#3670,.T.);
#3668 = VERTEX_POINT('',#3669);
#3669 = CARTESIAN_POINT('',(-0.32,-7.3,0.95));
#3670 = CIRCLE('',#3671,0.64);
#3671 = AXIS2_PLACEMENT_3D('',#3672,#3673,#3674);
#3672 = CARTESIAN_POINT('',(0.32,-7.3,0.95));
#3673 = DIRECTION('',(0.,1.,0.));
#3674 = DIRECTION('',(0.,0.,-1.));
#3675 = ORIENTED_EDGE('',*,*,#3636,.T.);
#3676 = ORIENTED_EDGE('',*,*,#2257,.T.);
#3677 = ORIENTED_EDGE('',*,*,#3678,.T.);
#3678 = EDGE_CURVE('',#2250,#3679,#3681,.T.);
#3679 = VERTEX_POINT('',#3680);
#3680 = CARTESIAN_POINT('',(0.32,-7.3,0.95));
#3681 = LINE('',#3682,#3683);
#3682 = CARTESIAN_POINT('',(10.04,-7.3,0.95));
#3683 = VECTOR('',#3684,1.);
#3684 = DIRECTION('',(-1.,0.,0.));
#3685 = ORIENTED_EDGE('',*,*,#3686,.T.);
#3686 = EDGE_CURVE('',#3679,#3687,#3689,.T.);
#3687 = VERTEX_POINT('',#3688);
#3688 = CARTESIAN_POINT('',(0.32,-7.3,-2.84));
#3689 = LINE('',#3690,#3691);
#3690 = CARTESIAN_POINT('',(0.32,-7.3,0.95));
#3691 = VECTOR('',#3692,1.);
#3692 = DIRECTION('',(0.,0.,-1.));
#3693 = ORIENTED_EDGE('',*,*,#3694,.T.);
#3694 = EDGE_CURVE('',#3687,#3695,#3697,.T.);
#3695 = VERTEX_POINT('',#3696);
#3696 = CARTESIAN_POINT('',(-0.32,-7.3,-2.84));
#3697 = LINE('',#3698,#3699);
#3698 = CARTESIAN_POINT('',(0.32,-7.3,-2.84));
#3699 = VECTOR('',#3700,1.);
#3700 = DIRECTION('',(-1.,0.,0.));
#3701 = ORIENTED_EDGE('',*,*,#3702,.T.);
#3702 = EDGE_CURVE('',#3695,#3668,#3703,.T.);
#3703 = LINE('',#3704,#3705);
#3704 = CARTESIAN_POINT('',(-0.32,-7.3,-3.));
#3705 = VECTOR('',#3706,1.);
#3706 = DIRECTION('',(0.,0.,1.));
#3707 = PLANE('',#3708);
#3708 = AXIS2_PLACEMENT_3D('',#3709,#3710,#3711);
#3709 = CARTESIAN_POINT('',(3.575919732441,-7.3,0.579080267559));
#3710 = DIRECTION('',(1.030170245606E-33,1.,6.630961875715E-34));
#3711 = DIRECTION('',(1.,-1.030170245606E-33,-3.284969231842E-83));
#3712 = ADVANCED_FACE('',(#3713),#3731,.T.);
#3713 = FACE_BOUND('',#3714,.T.);
#3714 = EDGE_LOOP('',(#3715,#3716,#3717,#3725));
#3715 = ORIENTED_EDGE('',*,*,#3678,.F.);
#3716 = ORIENTED_EDGE('',*,*,#2249,.T.);
#3717 = ORIENTED_EDGE('',*,*,#3718,.T.);
#3718 = EDGE_CURVE('',#2242,#3719,#3721,.T.);
#3719 = VERTEX_POINT('',#3720);
#3720 = CARTESIAN_POINT('',(0.32,-7.94,0.95));
#3721 = LINE('',#3722,#3723);
#3722 = CARTESIAN_POINT('',(10.04,-7.94,0.95));
#3723 = VECTOR('',#3724,1.);
#3724 = DIRECTION('',(-1.,0.,0.));
#3725 = ORIENTED_EDGE('',*,*,#3726,.F.);
#3726 = EDGE_CURVE('',#3679,#3719,#3727,.T.);
#3727 = LINE('',#3728,#3729);
#3728 = CARTESIAN_POINT('',(0.32,-7.3,0.95));
#3729 = VECTOR('',#3730,1.);
#3730 = DIRECTION('',(0.,-1.,0.));
#3731 = PLANE('',#3732);
#3732 = AXIS2_PLACEMENT_3D('',#3733,#3734,#3735);
#3733 = CARTESIAN_POINT('',(10.04,-7.3,0.95));
#3734 = DIRECTION('',(-0.,-0.,-1.));
#3735 = DIRECTION('',(-1.,0.,0.));
#3736 = ADVANCED_FACE('',(#3737),#3773,.F.);
#3737 = FACE_BOUND('',#3738,.F.);
#3738 = EDGE_LOOP('',(#3739,#3748,#3749,#3750,#3751,#3759,#3767));
#3739 = ORIENTED_EDGE('',*,*,#3740,.T.);
#3740 = EDGE_CURVE('',#3741,#3645,#3743,.T.);
#3741 = VERTEX_POINT('',#3742);
#3742 = CARTESIAN_POINT('',(-0.32,-7.94,0.95));
#3743 = CIRCLE('',#3744,0.64);
#3744 = AXIS2_PLACEMENT_3D('',#3745,#3746,#3747);
#3745 = CARTESIAN_POINT('',(0.32,-7.94,0.95));
#3746 = DIRECTION('',(0.,1.,0.));
#3747 = DIRECTION('',(0.,0.,-1.));
#3748 = ORIENTED_EDGE('',*,*,#3652,.T.);
#3749 = ORIENTED_EDGE('',*,*,#2241,.T.);
#3750 = ORIENTED_EDGE('',*,*,#3718,.T.);
#3751 = ORIENTED_EDGE('',*,*,#3752,.T.);
#3752 = EDGE_CURVE('',#3719,#3753,#3755,.T.);
#3753 = VERTEX_POINT('',#3754);
#3754 = CARTESIAN_POINT('',(0.32,-7.94,-2.84));
#3755 = LINE('',#3756,#3757);
#3756 = CARTESIAN_POINT('',(0.32,-7.94,0.95));
#3757 = VECTOR('',#3758,1.);
#3758 = DIRECTION('',(0.,0.,-1.));
#3759 = ORIENTED_EDGE('',*,*,#3760,.T.);
#3760 = EDGE_CURVE('',#3753,#3761,#3763,.T.);
#3761 = VERTEX_POINT('',#3762);
#3762 = CARTESIAN_POINT('',(-0.32,-7.94,-2.84));
#3763 = LINE('',#3764,#3765);
#3764 = CARTESIAN_POINT('',(0.32,-7.94,-2.84));
#3765 = VECTOR('',#3766,1.);
#3766 = DIRECTION('',(-1.,0.,0.));
#3767 = ORIENTED_EDGE('',*,*,#3768,.T.);
#3768 = EDGE_CURVE('',#3761,#3741,#3769,.T.);
#3769 = LINE('',#3770,#3771);
#3770 = CARTESIAN_POINT('',(-0.32,-7.94,-3.));
#3771 = VECTOR('',#3772,1.);
#3772 = DIRECTION('',(0.,0.,1.));
#3773 = PLANE('',#3774);
#3774 = AXIS2_PLACEMENT_3D('',#3775,#3776,#3777);
#3775 = CARTESIAN_POINT('',(3.575919732441,-7.94,0.579080267559));
#3776 = DIRECTION('',(1.030170245606E-33,1.,6.630961875715E-34));
#3777 = DIRECTION('',(1.,-1.030170245606E-33,-3.284969231842E-83));
#3778 = ADVANCED_FACE('',(#3779),#3829,.T.);
#3779 = FACE_BOUND('',#3780,.T.);
#3780 = EDGE_LOOP('',(#3781,#3792,#3798,#3799,#3807,#3815,#3823));
#3781 = ORIENTED_EDGE('',*,*,#3782,.T.);
#3782 = EDGE_CURVE('',#3783,#3785,#3787,.T.);
#3783 = VERTEX_POINT('',#3784);
#3784 = CARTESIAN_POINT('',(-0.32,-12.38,0.95));
#3785 = VERTEX_POINT('',#3786);
#3786 = CARTESIAN_POINT('',(0.32,-12.38,1.59));
#3787 = CIRCLE('',#3788,0.64);
#3788 = AXIS2_PLACEMENT_3D('',#3789,#3790,#3791);
#3789 = CARTESIAN_POINT('',(0.32,-12.38,0.95));
#3790 = DIRECTION('',(0.,1.,0.));
#3791 = DIRECTION('',(0.,0.,-1.));
#3792 = ORIENTED_EDGE('',*,*,#3793,.T.);
#3793 = EDGE_CURVE('',#3785,#2266,#3794,.T.);
#3794 = LINE('',#3795,#3796);
#3795 = CARTESIAN_POINT('',(-0.32,-12.38,1.59));
#3796 = VECTOR('',#3797,1.);
#3797 = DIRECTION('',(1.,0.,2.143287692327E-17));
#3798 = ORIENTED_EDGE('',*,*,#2265,.T.);
#3799 = ORIENTED_EDGE('',*,*,#3800,.T.);
#3800 = EDGE_CURVE('',#2268,#3801,#3803,.T.);
#3801 = VERTEX_POINT('',#3802);
#3802 = CARTESIAN_POINT('',(0.32,-12.38,0.95));
#3803 = LINE('',#3804,#3805);
#3804 = CARTESIAN_POINT('',(10.04,-12.38,0.95));
#3805 = VECTOR('',#3806,1.);
#3806 = DIRECTION('',(-1.,0.,0.));
#3807 = ORIENTED_EDGE('',*,*,#3808,.T.);
#3808 = EDGE_CURVE('',#3801,#3809,#3811,.T.);
#3809 = VERTEX_POINT('',#3810);
#3810 = CARTESIAN_POINT('',(0.32,-12.38,-2.84));
#3811 = LINE('',#3812,#3813);
#3812 = CARTESIAN_POINT('',(0.32,-12.38,0.95));
#3813 = VECTOR('',#3814,1.);
#3814 = DIRECTION('',(0.,0.,-1.));
#3815 = ORIENTED_EDGE('',*,*,#3816,.T.);
#3816 = EDGE_CURVE('',#3809,#3817,#3819,.T.);
#3817 = VERTEX_POINT('',#3818);
#3818 = CARTESIAN_POINT('',(-0.32,-12.38,-2.84));
#3819 = LINE('',#3820,#3821);
#3820 = CARTESIAN_POINT('',(0.32,-12.38,-2.84));
#3821 = VECTOR('',#3822,1.);
#3822 = DIRECTION('',(-1.,0.,0.));
#3823 = ORIENTED_EDGE('',*,*,#3824,.T.);
#3824 = EDGE_CURVE('',#3817,#3783,#3825,.T.);
#3825 = LINE('',#3826,#3827);
#3826 = CARTESIAN_POINT('',(-0.32,-12.38,-3.));
#3827 = VECTOR('',#3828,1.);
#3828 = DIRECTION('',(0.,0.,1.));
#3829 = PLANE('',#3830);
#3830 = AXIS2_PLACEMENT_3D('',#3831,#3832,#3833);
#3831 = CARTESIAN_POINT('',(3.575919732441,-12.38,0.579080267559));
#3832 = DIRECTION('',(1.030170245606E-33,1.,6.630961875715E-34));
#3833 = DIRECTION('',(1.,-1.030170245606E-33,-3.284969231842E-83));
#3834 = ADVANCED_FACE('',(#3835),#3853,.T.);
#3835 = FACE_BOUND('',#3836,.T.);
#3836 = EDGE_LOOP('',(#3837,#3838,#3839,#3847));
#3837 = ORIENTED_EDGE('',*,*,#3800,.F.);
#3838 = ORIENTED_EDGE('',*,*,#2291,.T.);
#3839 = ORIENTED_EDGE('',*,*,#3840,.T.);
#3840 = EDGE_CURVE('',#2284,#3841,#3843,.T.);
#3841 = VERTEX_POINT('',#3842);
#3842 = CARTESIAN_POINT('',(0.32,-13.02,0.95));
#3843 = LINE('',#3844,#3845);
#3844 = CARTESIAN_POINT('',(10.04,-13.02,0.95));
#3845 = VECTOR('',#3846,1.);
#3846 = DIRECTION('',(-1.,0.,0.));
#3847 = ORIENTED_EDGE('',*,*,#3848,.F.);
#3848 = EDGE_CURVE('',#3801,#3841,#3849,.T.);
#3849 = LINE('',#3850,#3851);
#3850 = CARTESIAN_POINT('',(0.32,-12.38,0.95));
#3851 = VECTOR('',#3852,1.);
#3852 = DIRECTION('',(0.,-1.,0.));
#3853 = PLANE('',#3854);
#3854 = AXIS2_PLACEMENT_3D('',#3855,#3856,#3857);
#3855 = CARTESIAN_POINT('',(10.04,-12.38,0.95));
#3856 = DIRECTION('',(-0.,-0.,-1.));
#3857 = DIRECTION('',(-1.,0.,0.));
#3858 = ADVANCED_FACE('',(#3859),#3902,.F.);
#3859 = FACE_BOUND('',#3860,.F.);
#3860 = EDGE_LOOP('',(#3861,#3872,#3878,#3879,#3880,#3888,#3896));
#3861 = ORIENTED_EDGE('',*,*,#3862,.T.);
#3862 = EDGE_CURVE('',#3863,#3865,#3867,.T.);
#3863 = VERTEX_POINT('',#3864);
#3864 = CARTESIAN_POINT('',(-0.32,-13.02,0.95));
#3865 = VERTEX_POINT('',#3866);
#3866 = CARTESIAN_POINT('',(0.32,-13.02,1.59));
#3867 = CIRCLE('',#3868,0.64);
#3868 = AXIS2_PLACEMENT_3D('',#3869,#3870,#3871);
#3869 = CARTESIAN_POINT('',(0.32,-13.02,0.95));
#3870 = DIRECTION('',(0.,1.,0.));
#3871 = DIRECTION('',(0.,0.,-1.));
#3872 = ORIENTED_EDGE('',*,*,#3873,.T.);
#3873 = EDGE_CURVE('',#3865,#2276,#3874,.T.);
#3874 = LINE('',#3875,#3876);
#3875 = CARTESIAN_POINT('',(-0.32,-13.02,1.59));
#3876 = VECTOR('',#3877,1.);
#3877 = DIRECTION('',(1.,0.,2.143287692327E-17));
#3878 = ORIENTED_EDGE('',*,*,#2283,.T.);
#3879 = ORIENTED_EDGE('',*,*,#3840,.T.);
#3880 = ORIENTED_EDGE('',*,*,#3881,.T.);
#3881 = EDGE_CURVE('',#3841,#3882,#3884,.T.);
#3882 = VERTEX_POINT('',#3883);
#3883 = CARTESIAN_POINT('',(0.32,-13.02,-2.84));
#3884 = LINE('',#3885,#3886);
#3885 = CARTESIAN_POINT('',(0.32,-13.02,0.95));
#3886 = VECTOR('',#3887,1.);
#3887 = DIRECTION('',(0.,0.,-1.));
#3888 = ORIENTED_EDGE('',*,*,#3889,.T.);
#3889 = EDGE_CURVE('',#3882,#3890,#3892,.T.);
#3890 = VERTEX_POINT('',#3891);
#3891 = CARTESIAN_POINT('',(-0.32,-13.02,-2.84));
#3892 = LINE('',#3893,#3894);
#3893 = CARTESIAN_POINT('',(0.32,-13.02,-2.84));
#3894 = VECTOR('',#3895,1.);
#3895 = DIRECTION('',(-1.,0.,0.));
#3896 = ORIENTED_EDGE('',*,*,#3897,.T.);
#3897 = EDGE_CURVE('',#3890,#3863,#3898,.T.);
#3898 = LINE('',#3899,#3900);
#3899 = CARTESIAN_POINT('',(-0.32,-13.02,-3.));
#3900 = VECTOR('',#3901,1.);
#3901 = DIRECTION('',(0.,0.,1.));
#3902 = PLANE('',#3903);
#3903 = AXIS2_PLACEMENT_3D('',#3904,#3905,#3906);
#3904 = CARTESIAN_POINT('',(3.575919732441,-13.02,0.579080267559));
#3905 = DIRECTION('',(1.030170245606E-33,1.,6.630961875715E-34));
#3906 = DIRECTION('',(1.,-1.030170245606E-33,-3.284969231842E-83));
#3907 = ADVANCED_FACE('',(#3908),#3919,.T.);
#3908 = FACE_BOUND('',#3909,.T.);
#3909 = EDGE_LOOP('',(#3910,#3911,#3917,#3918));
#3910 = ORIENTED_EDGE('',*,*,#3793,.F.);
#3911 = ORIENTED_EDGE('',*,*,#3912,.T.);
#3912 = EDGE_CURVE('',#3785,#3865,#3913,.T.);
#3913 = LINE('',#3914,#3915);
#3914 = CARTESIAN_POINT('',(0.32,-12.38,1.59));
#3915 = VECTOR('',#3916,1.);
#3916 = DIRECTION('',(0.,-1.,0.));
#3917 = ORIENTED_EDGE('',*,*,#3873,.T.);
#3918 = ORIENTED_EDGE('',*,*,#2275,.T.);
#3919 = PLANE('',#3920);
#3920 = AXIS2_PLACEMENT_3D('',#3921,#3922,#3923);
#3921 = CARTESIAN_POINT('',(-0.32,-12.38,1.59));
#3922 = DIRECTION('',(-2.143287692327E-17,0.,1.));
#3923 = DIRECTION('',(1.,0.,2.143287692327E-17));
#3924 = ADVANCED_FACE('',(#3925),#3950,.T.);
#3925 = FACE_BOUND('',#3926,.T.);
#3926 = EDGE_LOOP('',(#3927,#3935,#3943,#3949));
#3927 = ORIENTED_EDGE('',*,*,#3928,.F.);
#3928 = EDGE_CURVE('',#3929,#2302,#3931,.T.);
#3929 = VERTEX_POINT('',#3930);
#3930 = CARTESIAN_POINT('',(0.32,-9.84,1.59));
#3931 = LINE('',#3932,#3933);
#3932 = CARTESIAN_POINT('',(-0.32,-9.84,1.59));
#3933 = VECTOR('',#3934,1.);
#3934 = DIRECTION('',(1.,0.,2.143287692327E-17));
#3935 = ORIENTED_EDGE('',*,*,#3936,.T.);
#3936 = EDGE_CURVE('',#3929,#3937,#3939,.T.);
#3937 = VERTEX_POINT('',#3938);
#3938 = CARTESIAN_POINT('',(0.32,-10.48,1.59));
#3939 = LINE('',#3940,#3941);
#3940 = CARTESIAN_POINT('',(0.32,-9.84,1.59));
#3941 = VECTOR('',#3942,1.);
#3942 = DIRECTION('',(0.,-1.,0.));
#3943 = ORIENTED_EDGE('',*,*,#3944,.T.);
#3944 = EDGE_CURVE('',#3937,#2300,#3945,.T.);
#3945 = LINE('',#3946,#3947);
#3946 = CARTESIAN_POINT('',(-0.32,-10.48,1.59));
#3947 = VECTOR('',#3948,1.);
#3948 = DIRECTION('',(1.,0.,2.143287692327E-17));
#3949 = ORIENTED_EDGE('',*,*,#2299,.T.);
#3950 = PLANE('',#3951);
#3951 = AXIS2_PLACEMENT_3D('',#3952,#3953,#3954);
#3952 = CARTESIAN_POINT('',(-0.32,-9.84,1.59));
#3953 = DIRECTION('',(-2.143287692327E-17,0.,1.));
#3954 = DIRECTION('',(1.,0.,2.143287692327E-17));
#3955 = ADVANCED_FACE('',(#3956),#3999,.T.);
#3956 = FACE_BOUND('',#3957,.T.);
#3957 = EDGE_LOOP('',(#3958,#3967,#3968,#3969,#3977,#3985,#3993));
#3958 = ORIENTED_EDGE('',*,*,#3959,.T.);
#3959 = EDGE_CURVE('',#3960,#3929,#3962,.T.);
#3960 = VERTEX_POINT('',#3961);
#3961 = CARTESIAN_POINT('',(-0.32,-9.84,0.95));
#3962 = CIRCLE('',#3963,0.64);
#3963 = AXIS2_PLACEMENT_3D('',#3964,#3965,#3966);
#3964 = CARTESIAN_POINT('',(0.32,-9.84,0.95));
#3965 = DIRECTION('',(0.,1.,0.));
#3966 = DIRECTION('',(0.,0.,-1.));
#3967 = ORIENTED_EDGE('',*,*,#3928,.T.);
#3968 = ORIENTED_EDGE('',*,*,#2325,.T.);
#3969 = ORIENTED_EDGE('',*,*,#3970,.T.);
#3970 = EDGE_CURVE('',#2318,#3971,#3973,.T.);
#3971 = VERTEX_POINT('',#3972);
#3972 = CARTESIAN_POINT('',(0.32,-9.84,0.95));
#3973 = LINE('',#3974,#3975);
#3974 = CARTESIAN_POINT('',(10.04,-9.84,0.95));
#3975 = VECTOR('',#3976,1.);
#3976 = DIRECTION('',(-1.,0.,0.));
#3977 = ORIENTED_EDGE('',*,*,#3978,.T.);
#3978 = EDGE_CURVE('',#3971,#3979,#3981,.T.);
#3979 = VERTEX_POINT('',#3980);
#3980 = CARTESIAN_POINT('',(0.32,-9.84,-2.84));
#3981 = LINE('',#3982,#3983);
#3982 = CARTESIAN_POINT('',(0.32,-9.84,0.95));
#3983 = VECTOR('',#3984,1.);
#3984 = DIRECTION('',(0.,0.,-1.));
#3985 = ORIENTED_EDGE('',*,*,#3986,.T.);
#3986 = EDGE_CURVE('',#3979,#3987,#3989,.T.);
#3987 = VERTEX_POINT('',#3988);
#3988 = CARTESIAN_POINT('',(-0.32,-9.84,-2.84));
#3989 = LINE('',#3990,#3991);
#3990 = CARTESIAN_POINT('',(0.32,-9.84,-2.84));
#3991 = VECTOR('',#3992,1.);
#3992 = DIRECTION('',(-1.,0.,0.));
#3993 = ORIENTED_EDGE('',*,*,#3994,.T.);
#3994 = EDGE_CURVE('',#3987,#3960,#3995,.T.);
#3995 = LINE('',#3996,#3997);
#3996 = CARTESIAN_POINT('',(-0.32,-9.84,-3.));
#3997 = VECTOR('',#3998,1.);
#3998 = DIRECTION('',(0.,0.,1.));
#3999 = PLANE('',#4000);
#4000 = AXIS2_PLACEMENT_3D('',#4001,#4002,#4003);
#4001 = CARTESIAN_POINT('',(3.575919732441,-9.84,0.579080267559));
#4002 = DIRECTION('',(1.030170245606E-33,1.,6.630961875715E-34));
#4003 = DIRECTION('',(1.,-1.030170245606E-33,-3.284969231842E-83));
#4004 = ADVANCED_FACE('',(#4005),#4023,.T.);
#4005 = FACE_BOUND('',#4006,.T.);
#4006 = EDGE_LOOP('',(#4007,#4008,#4009,#4017));
#4007 = ORIENTED_EDGE('',*,*,#3970,.F.);
#4008 = ORIENTED_EDGE('',*,*,#2317,.T.);
#4009 = ORIENTED_EDGE('',*,*,#4010,.T.);
#4010 = EDGE_CURVE('',#2310,#4011,#4013,.T.);
#4011 = VERTEX_POINT('',#4012);
#4012 = CARTESIAN_POINT('',(0.32,-10.48,0.95));
#4013 = LINE('',#4014,#4015);
#4014 = CARTESIAN_POINT('',(10.04,-10.48,0.95));
#4015 = VECTOR('',#4016,1.);
#4016 = DIRECTION('',(-1.,0.,0.));
#4017 = ORIENTED_EDGE('',*,*,#4018,.F.);
#4018 = EDGE_CURVE('',#3971,#4011,#4019,.T.);
#4019 = LINE('',#4020,#4021);
#4020 = CARTESIAN_POINT('',(0.32,-9.84,0.95));
#4021 = VECTOR('',#4022,1.);
#4022 = DIRECTION('',(0.,-1.,0.));
#4023 = PLANE('',#4024);
#4024 = AXIS2_PLACEMENT_3D('',#4025,#4026,#4027);
#4025 = CARTESIAN_POINT('',(10.04,-9.84,0.95));
#4026 = DIRECTION('',(-0.,-0.,-1.));
#4027 = DIRECTION('',(-1.,0.,0.));
#4028 = ADVANCED_FACE('',(#4029),#4065,.F.);
#4029 = FACE_BOUND('',#4030,.F.);
#4030 = EDGE_LOOP('',(#4031,#4040,#4041,#4042,#4043,#4051,#4059));
#4031 = ORIENTED_EDGE('',*,*,#4032,.T.);
#4032 = EDGE_CURVE('',#4033,#3937,#4035,.T.);
#4033 = VERTEX_POINT('',#4034);
#4034 = CARTESIAN_POINT('',(-0.32,-10.48,0.95));
#4035 = CIRCLE('',#4036,0.64);
#4036 = AXIS2_PLACEMENT_3D('',#4037,#4038,#4039);
#4037 = CARTESIAN_POINT('',(0.32,-10.48,0.95));
#4038 = DIRECTION('',(0.,1.,0.));
#4039 = DIRECTION('',(0.,0.,-1.));
#4040 = ORIENTED_EDGE('',*,*,#3944,.T.);
#4041 = ORIENTED_EDGE('',*,*,#2309,.T.);
#4042 = ORIENTED_EDGE('',*,*,#4010,.T.);
#4043 = ORIENTED_EDGE('',*,*,#4044,.T.);
#4044 = EDGE_CURVE('',#4011,#4045,#4047,.T.);
#4045 = VERTEX_POINT('',#4046);
#4046 = CARTESIAN_POINT('',(0.32,-10.48,-2.84));
#4047 = LINE('',#4048,#4049);
#4048 = CARTESIAN_POINT('',(0.32,-10.48,0.95));
#4049 = VECTOR('',#4050,1.);
#4050 = DIRECTION('',(0.,0.,-1.));
#4051 = ORIENTED_EDGE('',*,*,#4052,.T.);
#4052 = EDGE_CURVE('',#4045,#4053,#4055,.T.);
#4053 = VERTEX_POINT('',#4054);
#4054 = CARTESIAN_POINT('',(-0.32,-10.48,-2.84));
#4055 = LINE('',#4056,#4057);
#4056 = CARTESIAN_POINT('',(0.32,-10.48,-2.84));
#4057 = VECTOR('',#4058,1.);
#4058 = DIRECTION('',(-1.,0.,0.));
#4059 = ORIENTED_EDGE('',*,*,#4060,.T.);
#4060 = EDGE_CURVE('',#4053,#4033,#4061,.T.);
#4061 = LINE('',#4062,#4063);
#4062 = CARTESIAN_POINT('',(-0.32,-10.48,-3.));
#4063 = VECTOR('',#4064,1.);
#4064 = DIRECTION('',(0.,0.,1.));
#4065 = PLANE('',#4066);
#4066 = AXIS2_PLACEMENT_3D('',#4067,#4068,#4069);
#4067 = CARTESIAN_POINT('',(3.575919732441,-10.48,0.579080267559));
#4068 = DIRECTION('',(1.030170245606E-33,1.,6.630961875715E-34));
#4069 = DIRECTION('',(1.,-1.030170245606E-33,-3.284969231842E-83));
#4070 = ADVANCED_FACE('',(#4071),#4096,.T.);
#4071 = FACE_BOUND('',#4072,.T.);
#4072 = EDGE_LOOP('',(#4073,#4081,#4089,#4095));
#4073 = ORIENTED_EDGE('',*,*,#4074,.F.);
#4074 = EDGE_CURVE('',#4075,#2336,#4077,.T.);
#4075 = VERTEX_POINT('',#4076);
#4076 = CARTESIAN_POINT('',(0.32,-2.22,1.59));
#4077 = LINE('',#4078,#4079);
#4078 = CARTESIAN_POINT('',(-0.32,-2.22,1.59));
#4079 = VECTOR('',#4080,1.);
#4080 = DIRECTION('',(1.,0.,2.143287692327E-17));
#4081 = ORIENTED_EDGE('',*,*,#4082,.T.);
#4082 = EDGE_CURVE('',#4075,#4083,#4085,.T.);
#4083 = VERTEX_POINT('',#4084);
#4084 = CARTESIAN_POINT('',(0.32,-2.86,1.59));
#4085 = LINE('',#4086,#4087);
#4086 = CARTESIAN_POINT('',(0.32,-2.22,1.59));
#4087 = VECTOR('',#4088,1.);
#4088 = DIRECTION('',(0.,-1.,0.));
#4089 = ORIENTED_EDGE('',*,*,#4090,.T.);
#4090 = EDGE_CURVE('',#4083,#2334,#4091,.T.);
#4091 = LINE('',#4092,#4093);
#4092 = CARTESIAN_POINT('',(-0.32,-2.86,1.59));
#4093 = VECTOR('',#4094,1.);
#4094 = DIRECTION('',(1.,0.,2.143287692327E-17));
#4095 = ORIENTED_EDGE('',*,*,#2333,.T.);
#4096 = PLANE('',#4097);
#4097 = AXIS2_PLACEMENT_3D('',#4098,#4099,#4100);
#4098 = CARTESIAN_POINT('',(-0.32,-2.22,1.59));
#4099 = DIRECTION('',(-2.143287692327E-17,0.,1.));
#4100 = DIRECTION('',(1.,0.,2.143287692327E-17));
#4101 = ADVANCED_FACE('',(#4102),#4145,.T.);
#4102 = FACE_BOUND('',#4103,.T.);
#4103 = EDGE_LOOP('',(#4104,#4113,#4114,#4115,#4123,#4131,#4139));
#4104 = ORIENTED_EDGE('',*,*,#4105,.T.);
#4105 = EDGE_CURVE('',#4106,#4075,#4108,.T.);
#4106 = VERTEX_POINT('',#4107);
#4107 = CARTESIAN_POINT('',(-0.32,-2.22,0.95));
#4108 = CIRCLE('',#4109,0.64);
#4109 = AXIS2_PLACEMENT_3D('',#4110,#4111,#4112);
#4110 = CARTESIAN_POINT('',(0.32,-2.22,0.95));
#4111 = DIRECTION('',(0.,1.,0.));
#4112 = DIRECTION('',(0.,0.,-1.));
#4113 = ORIENTED_EDGE('',*,*,#4074,.T.);
#4114 = ORIENTED_EDGE('',*,*,#2359,.T.);
#4115 = ORIENTED_EDGE('',*,*,#4116,.T.);
#4116 = EDGE_CURVE('',#2352,#4117,#4119,.T.);
#4117 = VERTEX_POINT('',#4118);
#4118 = CARTESIAN_POINT('',(0.32,-2.22,0.95));
#4119 = LINE('',#4120,#4121);
#4120 = CARTESIAN_POINT('',(10.04,-2.22,0.95));
#4121 = VECTOR('',#4122,1.);
#4122 = DIRECTION('',(-1.,0.,0.));
#4123 = ORIENTED_EDGE('',*,*,#4124,.T.);
#4124 = EDGE_CURVE('',#4117,#4125,#4127,.T.);
#4125 = VERTEX_POINT('',#4126);
#4126 = CARTESIAN_POINT('',(0.32,-2.22,-2.84));
#4127 = LINE('',#4128,#4129);
#4128 = CARTESIAN_POINT('',(0.32,-2.22,0.95));
#4129 = VECTOR('',#4130,1.);
#4130 = DIRECTION('',(0.,0.,-1.));
#4131 = ORIENTED_EDGE('',*,*,#4132,.T.);
#4132 = EDGE_CURVE('',#4125,#4133,#4135,.T.);
#4133 = VERTEX_POINT('',#4134);
#4134 = CARTESIAN_POINT('',(-0.32,-2.22,-2.84));
#4135 = LINE('',#4136,#4137);
#4136 = CARTESIAN_POINT('',(0.32,-2.22,-2.84));
#4137 = VECTOR('',#4138,1.);
#4138 = DIRECTION('',(-1.,0.,0.));
#4139 = ORIENTED_EDGE('',*,*,#4140,.T.);
#4140 = EDGE_CURVE('',#4133,#4106,#4141,.T.);
#4141 = LINE('',#4142,#4143);
#4142 = CARTESIAN_POINT('',(-0.32,-2.22,-3.));
#4143 = VECTOR('',#4144,1.);
#4144 = DIRECTION('',(0.,0.,1.));
#4145 = PLANE('',#4146);
#4146 = AXIS2_PLACEMENT_3D('',#4147,#4148,#4149);
#4147 = CARTESIAN_POINT('',(3.575919732441,-2.22,0.579080267559));
#4148 = DIRECTION('',(1.030170245606E-33,1.,6.630961875715E-34));
#4149 = DIRECTION('',(1.,-1.030170245606E-33,-3.284969231842E-83));
#4150 = ADVANCED_FACE('',(#4151),#4169,.T.);
#4151 = FACE_BOUND('',#4152,.T.);
#4152 = EDGE_LOOP('',(#4153,#4154,#4155,#4163));
#4153 = ORIENTED_EDGE('',*,*,#4116,.F.);
#4154 = ORIENTED_EDGE('',*,*,#2351,.T.);
#4155 = ORIENTED_EDGE('',*,*,#4156,.T.);
#4156 = EDGE_CURVE('',#2344,#4157,#4159,.T.);
#4157 = VERTEX_POINT('',#4158);
#4158 = CARTESIAN_POINT('',(0.32,-2.86,0.95));
#4159 = LINE('',#4160,#4161);
#4160 = CARTESIAN_POINT('',(10.04,-2.86,0.95));
#4161 = VECTOR('',#4162,1.);
#4162 = DIRECTION('',(-1.,0.,0.));
#4163 = ORIENTED_EDGE('',*,*,#4164,.F.);
#4164 = EDGE_CURVE('',#4117,#4157,#4165,.T.);
#4165 = LINE('',#4166,#4167);
#4166 = CARTESIAN_POINT('',(0.32,-2.22,0.95));
#4167 = VECTOR('',#4168,1.);
#4168 = DIRECTION('',(0.,-1.,0.));
#4169 = PLANE('',#4170);
#4170 = AXIS2_PLACEMENT_3D('',#4171,#4172,#4173);
#4171 = CARTESIAN_POINT('',(10.04,-2.22,0.95));
#4172 = DIRECTION('',(-0.,-0.,-1.));
#4173 = DIRECTION('',(-1.,0.,0.));
#4174 = ADVANCED_FACE('',(#4175),#4211,.F.);
#4175 = FACE_BOUND('',#4176,.F.);
#4176 = EDGE_LOOP('',(#4177,#4186,#4187,#4188,#4189,#4197,#4205));
#4177 = ORIENTED_EDGE('',*,*,#4178,.T.);
#4178 = EDGE_CURVE('',#4179,#4083,#4181,.T.);
#4179 = VERTEX_POINT('',#4180);
#4180 = CARTESIAN_POINT('',(-0.32,-2.86,0.95));
#4181 = CIRCLE('',#4182,0.64);
#4182 = AXIS2_PLACEMENT_3D('',#4183,#4184,#4185);
#4183 = CARTESIAN_POINT('',(0.32,-2.86,0.95));
#4184 = DIRECTION('',(0.,1.,0.));
#4185 = DIRECTION('',(0.,0.,-1.));
#4186 = ORIENTED_EDGE('',*,*,#4090,.T.);
#4187 = ORIENTED_EDGE('',*,*,#2343,.T.);
#4188 = ORIENTED_EDGE('',*,*,#4156,.T.);
#4189 = ORIENTED_EDGE('',*,*,#4190,.T.);
#4190 = EDGE_CURVE('',#4157,#4191,#4193,.T.);
#4191 = VERTEX_POINT('',#4192);
#4192 = CARTESIAN_POINT('',(0.32,-2.86,-2.84));
#4193 = LINE('',#4194,#4195);
#4194 = CARTESIAN_POINT('',(0.32,-2.86,0.95));
#4195 = VECTOR('',#4196,1.);
#4196 = DIRECTION('',(0.,0.,-1.));
#4197 = ORIENTED_EDGE('',*,*,#4198,.T.);
#4198 = EDGE_CURVE('',#4191,#4199,#4201,.T.);
#4199 = VERTEX_POINT('',#4200);
#4200 = CARTESIAN_POINT('',(-0.32,-2.86,-2.84));
#4201 = LINE('',#4202,#4203);
#4202 = CARTESIAN_POINT('',(0.32,-2.86,-2.84));
#4203 = VECTOR('',#4204,1.);
#4204 = DIRECTION('',(-1.,0.,0.));
#4205 = ORIENTED_EDGE('',*,*,#4206,.T.);
#4206 = EDGE_CURVE('',#4199,#4179,#4207,.T.);
#4207 = LINE('',#4208,#4209);
#4208 = CARTESIAN_POINT('',(-0.32,-2.86,-3.));
#4209 = VECTOR('',#4210,1.);
#4210 = DIRECTION('',(0.,0.,1.));
#4211 = PLANE('',#4212);
#4212 = AXIS2_PLACEMENT_3D('',#4213,#4214,#4215);
#4213 = CARTESIAN_POINT('',(3.575919732441,-2.86,0.579080267559));
#4214 = DIRECTION('',(1.030170245606E-33,1.,6.630961875715E-34));
#4215 = DIRECTION('',(1.,-1.030170245606E-33,-3.284969231842E-83));
#4216 = ADVANCED_FACE('',(#4217),#4242,.T.);
#4217 = FACE_BOUND('',#4218,.T.);
#4218 = EDGE_LOOP('',(#4219,#4227,#4235,#4241));
#4219 = ORIENTED_EDGE('',*,*,#4220,.F.);
#4220 = EDGE_CURVE('',#4221,#2370,#4223,.T.);
#4221 = VERTEX_POINT('',#4222);
#4222 = CARTESIAN_POINT('',(0.32,0.32,1.59));
#4223 = LINE('',#4224,#4225);
#4224 = CARTESIAN_POINT('',(-0.32,0.32,1.59));
#4225 = VECTOR('',#4226,1.);
#4226 = DIRECTION('',(1.,0.,2.143287692327E-17));
#4227 = ORIENTED_EDGE('',*,*,#4228,.T.);
#4228 = EDGE_CURVE('',#4221,#4229,#4231,.T.);
#4229 = VERTEX_POINT('',#4230);
#4230 = CARTESIAN_POINT('',(0.32,-0.32,1.59));
#4231 = LINE('',#4232,#4233);
#4232 = CARTESIAN_POINT('',(0.32,0.32,1.59));
#4233 = VECTOR('',#4234,1.);
#4234 = DIRECTION('',(0.,-1.,0.));
#4235 = ORIENTED_EDGE('',*,*,#4236,.T.);
#4236 = EDGE_CURVE('',#4229,#2368,#4237,.T.);
#4237 = LINE('',#4238,#4239);
#4238 = CARTESIAN_POINT('',(-0.32,-0.32,1.59));
#4239 = VECTOR('',#4240,1.);
#4240 = DIRECTION('',(1.,0.,2.143287692327E-17));
#4241 = ORIENTED_EDGE('',*,*,#2367,.T.);
#4242 = PLANE('',#4243);
#4243 = AXIS2_PLACEMENT_3D('',#4244,#4245,#4246);
#4244 = CARTESIAN_POINT('',(-0.32,0.32,1.59));
#4245 = DIRECTION('',(-2.143287692327E-17,0.,1.));
#4246 = DIRECTION('',(1.,0.,2.143287692327E-17));
#4247 = ADVANCED_FACE('',(#4248),#4291,.T.);
#4248 = FACE_BOUND('',#4249,.T.);
#4249 = EDGE_LOOP('',(#4250,#4259,#4260,#4261,#4269,#4277,#4285));
#4250 = ORIENTED_EDGE('',*,*,#4251,.T.);
#4251 = EDGE_CURVE('',#4252,#4221,#4254,.T.);
#4252 = VERTEX_POINT('',#4253);
#4253 = CARTESIAN_POINT('',(-0.32,0.32,0.95));
#4254 = CIRCLE('',#4255,0.64);
#4255 = AXIS2_PLACEMENT_3D('',#4256,#4257,#4258);
#4256 = CARTESIAN_POINT('',(0.32,0.32,0.95));
#4257 = DIRECTION('',(0.,1.,0.));
#4258 = DIRECTION('',(0.,0.,-1.));
#4259 = ORIENTED_EDGE('',*,*,#4220,.T.);
#4260 = ORIENTED_EDGE('',*,*,#2393,.T.);
#4261 = ORIENTED_EDGE('',*,*,#4262,.T.);
#4262 = EDGE_CURVE('',#2386,#4263,#4265,.T.);
#4263 = VERTEX_POINT('',#4264);
#4264 = CARTESIAN_POINT('',(0.32,0.32,0.95));
#4265 = LINE('',#4266,#4267);
#4266 = CARTESIAN_POINT('',(10.04,0.32,0.95));
#4267 = VECTOR('',#4268,1.);
#4268 = DIRECTION('',(-1.,0.,0.));
#4269 = ORIENTED_EDGE('',*,*,#4270,.T.);
#4270 = EDGE_CURVE('',#4263,#4271,#4273,.T.);
#4271 = VERTEX_POINT('',#4272);
#4272 = CARTESIAN_POINT('',(0.32,0.32,-2.84));
#4273 = LINE('',#4274,#4275);
#4274 = CARTESIAN_POINT('',(0.32,0.32,0.95));
#4275 = VECTOR('',#4276,1.);
#4276 = DIRECTION('',(0.,0.,-1.));
#4277 = ORIENTED_EDGE('',*,*,#4278,.T.);
#4278 = EDGE_CURVE('',#4271,#4279,#4281,.T.);
#4279 = VERTEX_POINT('',#4280);
#4280 = CARTESIAN_POINT('',(-0.32,0.32,-2.84));
#4281 = LINE('',#4282,#4283);
#4282 = CARTESIAN_POINT('',(0.32,0.32,-2.84));
#4283 = VECTOR('',#4284,1.);
#4284 = DIRECTION('',(-1.,0.,0.));
#4285 = ORIENTED_EDGE('',*,*,#4286,.T.);
#4286 = EDGE_CURVE('',#4279,#4252,#4287,.T.);
#4287 = LINE('',#4288,#4289);
#4288 = CARTESIAN_POINT('',(-0.32,0.32,-3.));
#4289 = VECTOR('',#4290,1.);
#4290 = DIRECTION('',(0.,0.,1.));
#4291 = PLANE('',#4292);
#4292 = AXIS2_PLACEMENT_3D('',#4293,#4294,#4295);
#4293 = CARTESIAN_POINT('',(3.575919732441,0.32,0.579080267559));
#4294 = DIRECTION('',(1.030170245606E-33,1.,6.630961875715E-34));
#4295 = DIRECTION('',(1.,-1.030170245606E-33,-3.284969231842E-83));
#4296 = ADVANCED_FACE('',(#4297),#4315,.T.);
#4297 = FACE_BOUND('',#4298,.T.);
#4298 = EDGE_LOOP('',(#4299,#4300,#4301,#4309));
#4299 = ORIENTED_EDGE('',*,*,#4262,.F.);
#4300 = ORIENTED_EDGE('',*,*,#2385,.T.);
#4301 = ORIENTED_EDGE('',*,*,#4302,.T.);
#4302 = EDGE_CURVE('',#2378,#4303,#4305,.T.);
#4303 = VERTEX_POINT('',#4304);
#4304 = CARTESIAN_POINT('',(0.32,-0.32,0.95));
#4305 = LINE('',#4306,#4307);
#4306 = CARTESIAN_POINT('',(10.04,-0.32,0.95));
#4307 = VECTOR('',#4308,1.);
#4308 = DIRECTION('',(-1.,0.,0.));
#4309 = ORIENTED_EDGE('',*,*,#4310,.F.);
#4310 = EDGE_CURVE('',#4263,#4303,#4311,.T.);
#4311 = LINE('',#4312,#4313);
#4312 = CARTESIAN_POINT('',(0.32,0.32,0.95));
#4313 = VECTOR('',#4314,1.);
#4314 = DIRECTION('',(0.,-1.,0.));
#4315 = PLANE('',#4316);
#4316 = AXIS2_PLACEMENT_3D('',#4317,#4318,#4319);
#4317 = CARTESIAN_POINT('',(10.04,0.32,0.95));
#4318 = DIRECTION('',(-0.,-0.,-1.));
#4319 = DIRECTION('',(-1.,0.,0.));
#4320 = ADVANCED_FACE('',(#4321),#4357,.F.);
#4321 = FACE_BOUND('',#4322,.F.);
#4322 = EDGE_LOOP('',(#4323,#4332,#4333,#4334,#4335,#4343,#4351));
#4323 = ORIENTED_EDGE('',*,*,#4324,.T.);
#4324 = EDGE_CURVE('',#4325,#4229,#4327,.T.);
#4325 = VERTEX_POINT('',#4326);
#4326 = CARTESIAN_POINT('',(-0.32,-0.32,0.95));
#4327 = CIRCLE('',#4328,0.64);
#4328 = AXIS2_PLACEMENT_3D('',#4329,#4330,#4331);
#4329 = CARTESIAN_POINT('',(0.32,-0.32,0.95));
#4330 = DIRECTION('',(0.,1.,0.));
#4331 = DIRECTION('',(0.,0.,-1.));
#4332 = ORIENTED_EDGE('',*,*,#4236,.T.);
#4333 = ORIENTED_EDGE('',*,*,#2377,.T.);
#4334 = ORIENTED_EDGE('',*,*,#4302,.T.);
#4335 = ORIENTED_EDGE('',*,*,#4336,.T.);
#4336 = EDGE_CURVE('',#4303,#4337,#4339,.T.);
#4337 = VERTEX_POINT('',#4338);
#4338 = CARTESIAN_POINT('',(0.32,-0.32,-2.84));
#4339 = LINE('',#4340,#4341);
#4340 = CARTESIAN_POINT('',(0.32,-0.32,0.95));
#4341 = VECTOR('',#4342,1.);
#4342 = DIRECTION('',(0.,0.,-1.));
#4343 = ORIENTED_EDGE('',*,*,#4344,.T.);
#4344 = EDGE_CURVE('',#4337,#4345,#4347,.T.);
#4345 = VERTEX_POINT('',#4346);
#4346 = CARTESIAN_POINT('',(-0.32,-0.32,-2.84));
#4347 = LINE('',#4348,#4349);
#4348 = CARTESIAN_POINT('',(0.32,-0.32,-2.84));
#4349 = VECTOR('',#4350,1.);
#4350 = DIRECTION('',(-1.,0.,0.));
#4351 = ORIENTED_EDGE('',*,*,#4352,.T.);
#4352 = EDGE_CURVE('',#4345,#4325,#4353,.T.);
#4353 = LINE('',#4354,#4355);
#4354 = CARTESIAN_POINT('',(-0.32,-0.32,-3.));
#4355 = VECTOR('',#4356,1.);
#4356 = DIRECTION('',(0.,0.,1.));
#4357 = PLANE('',#4358);
#4358 = AXIS2_PLACEMENT_3D('',#4359,#4360,#4361);
#4359 = CARTESIAN_POINT('',(3.575919732441,-0.32,0.579080267559));
#4360 = DIRECTION('',(1.030170245606E-33,1.,6.630961875715E-34));
#4361 = DIRECTION('',(1.,-1.030170245606E-33,-3.284969231842E-83));
#4362 = ADVANCED_FACE('',(#4363),#4388,.T.);
#4363 = FACE_BOUND('',#4364,.T.);
#4364 = EDGE_LOOP('',(#4365,#4373,#4374,#4382));
#4365 = ORIENTED_EDGE('',*,*,#4366,.F.);
#4366 = EDGE_CURVE('',#2693,#4367,#4369,.T.);
#4367 = VERTEX_POINT('',#4368);
#4368 = CARTESIAN_POINT('',(9.88,-4.76,1.59));
#4369 = LINE('',#4370,#4371);
#4370 = CARTESIAN_POINT('',(-0.32,-4.76,1.59));
#4371 = VECTOR('',#4372,1.);
#4372 = DIRECTION('',(1.,0.,2.143287692327E-17));
#4373 = ORIENTED_EDGE('',*,*,#2690,.F.);
#4374 = ORIENTED_EDGE('',*,*,#4375,.T.);
#4375 = EDGE_CURVE('',#2691,#4376,#4378,.T.);
#4376 = VERTEX_POINT('',#4377);
#4377 = CARTESIAN_POINT('',(9.88,-5.4,1.59));
#4378 = LINE('',#4379,#4380);
#4379 = CARTESIAN_POINT('',(-0.32,-5.4,1.59));
#4380 = VECTOR('',#4381,1.);
#4381 = DIRECTION('',(1.,0.,2.143287692327E-17));
#4382 = ORIENTED_EDGE('',*,*,#4383,.F.);
#4383 = EDGE_CURVE('',#4367,#4376,#4384,.T.);
#4384 = LINE('',#4385,#4386);
#4385 = CARTESIAN_POINT('',(9.88,-4.76,1.59));
#4386 = VECTOR('',#4387,1.);
#4387 = DIRECTION('',(0.,-1.,0.));
#4388 = PLANE('',#4389);
#4389 = AXIS2_PLACEMENT_3D('',#4390,#4391,#4392);
#4390 = CARTESIAN_POINT('',(-0.32,-4.76,1.59));
#4391 = DIRECTION('',(-2.143287692327E-17,0.,1.));
#4392 = DIRECTION('',(1.,0.,2.143287692327E-17));
#4393 = ADVANCED_FACE('',(#4394),#4412,.T.);
#4394 = FACE_BOUND('',#4395,.T.);
#4395 = EDGE_LOOP('',(#4396,#4397,#4398,#4406));
#4396 = ORIENTED_EDGE('',*,*,#2716,.F.);
#4397 = ORIENTED_EDGE('',*,*,#4366,.T.);
#4398 = ORIENTED_EDGE('',*,*,#4399,.T.);
#4399 = EDGE_CURVE('',#4367,#4400,#4402,.T.);
#4400 = VERTEX_POINT('',#4401);
#4401 = CARTESIAN_POINT('',(9.88,-4.76,0.95));
#4402 = LINE('',#4403,#4404);
#4403 = CARTESIAN_POINT('',(9.88,-4.76,1.59));
#4404 = VECTOR('',#4405,1.);
#4405 = DIRECTION('',(0.,0.,-1.));
#4406 = ORIENTED_EDGE('',*,*,#4407,.T.);
#4407 = EDGE_CURVE('',#4400,#2709,#4408,.T.);
#4408 = LINE('',#4409,#4410);
#4409 = CARTESIAN_POINT('',(10.04,-4.76,0.95));
#4410 = VECTOR('',#4411,1.);
#4411 = DIRECTION('',(-1.,0.,0.));
#4412 = PLANE('',#4413);
#4413 = AXIS2_PLACEMENT_3D('',#4414,#4415,#4416);
#4414 = CARTESIAN_POINT('',(3.575919732441,-4.76,0.579080267559));
#4415 = DIRECTION('',(1.030170245606E-33,1.,6.630961875715E-34));
#4416 = DIRECTION('',(1.,-1.030170245606E-33,-3.284969231842E-83));
#4417 = ADVANCED_FACE('',(#4418),#4436,.T.);
#4418 = FACE_BOUND('',#4419,.T.);
#4419 = EDGE_LOOP('',(#4420,#4421,#4429,#4435));
#4420 = ORIENTED_EDGE('',*,*,#4407,.F.);
#4421 = ORIENTED_EDGE('',*,*,#4422,.T.);
#4422 = EDGE_CURVE('',#4400,#4423,#4425,.T.);
#4423 = VERTEX_POINT('',#4424);
#4424 = CARTESIAN_POINT('',(9.88,-5.4,0.95));
#4425 = LINE('',#4426,#4427);
#4426 = CARTESIAN_POINT('',(9.88,-4.76,0.95));
#4427 = VECTOR('',#4428,1.);
#4428 = DIRECTION('',(0.,-1.,0.));
#4429 = ORIENTED_EDGE('',*,*,#4430,.T.);
#4430 = EDGE_CURVE('',#4423,#2701,#4431,.T.);
#4431 = LINE('',#4432,#4433);
#4432 = CARTESIAN_POINT('',(10.04,-5.4,0.95));
#4433 = VECTOR('',#4434,1.);
#4434 = DIRECTION('',(-1.,0.,0.));
#4435 = ORIENTED_EDGE('',*,*,#2708,.F.);
#4436 = PLANE('',#4437);
#4437 = AXIS2_PLACEMENT_3D('',#4438,#4439,#4440);
#4438 = CARTESIAN_POINT('',(10.04,-4.76,0.95));
#4439 = DIRECTION('',(-0.,-0.,-1.));
#4440 = DIRECTION('',(-1.,0.,0.));
#4441 = ADVANCED_FACE('',(#4442),#4453,.F.);
#4442 = FACE_BOUND('',#4443,.F.);
#4443 = EDGE_LOOP('',(#4444,#4445,#4446,#4452));
#4444 = ORIENTED_EDGE('',*,*,#2700,.F.);
#4445 = ORIENTED_EDGE('',*,*,#4375,.T.);
#4446 = ORIENTED_EDGE('',*,*,#4447,.T.);
#4447 = EDGE_CURVE('',#4376,#4423,#4448,.T.);
#4448 = LINE('',#4449,#4450);
#4449 = CARTESIAN_POINT('',(9.88,-5.4,1.59));
#4450 = VECTOR('',#4451,1.);
#4451 = DIRECTION('',(0.,0.,-1.));
#4452 = ORIENTED_EDGE('',*,*,#4430,.T.);
#4453 = PLANE('',#4454);
#4454 = AXIS2_PLACEMENT_3D('',#4455,#4456,#4457);
#4455 = CARTESIAN_POINT('',(3.575919732441,-5.4,0.579080267559));
#4456 = DIRECTION('',(1.030170245606E-33,1.,6.630961875715E-34));
#4457 = DIRECTION('',(1.,-1.030170245606E-33,-3.284969231842E-83));
#4458 = ADVANCED_FACE('',(#4459),#4484,.T.);
#4459 = FACE_BOUND('',#4460,.T.);
#4460 = EDGE_LOOP('',(#4461,#4469,#4470,#4478));
#4461 = ORIENTED_EDGE('',*,*,#4462,.F.);
#4462 = EDGE_CURVE('',#2727,#4463,#4465,.T.);
#4463 = VERTEX_POINT('',#4464);
#4464 = CARTESIAN_POINT('',(9.88,-7.3,1.59));
#4465 = LINE('',#4466,#4467);
#4466 = CARTESIAN_POINT('',(-0.32,-7.3,1.59));
#4467 = VECTOR('',#4468,1.);
#4468 = DIRECTION('',(1.,0.,2.143287692327E-17));
#4469 = ORIENTED_EDGE('',*,*,#2724,.F.);
#4470 = ORIENTED_EDGE('',*,*,#4471,.T.);
#4471 = EDGE_CURVE('',#2725,#4472,#4474,.T.);
#4472 = VERTEX_POINT('',#4473);
#4473 = CARTESIAN_POINT('',(9.88,-7.94,1.59));
#4474 = LINE('',#4475,#4476);
#4475 = CARTESIAN_POINT('',(-0.32,-7.94,1.59));
#4476 = VECTOR('',#4477,1.);
#4477 = DIRECTION('',(1.,0.,2.143287692327E-17));
#4478 = ORIENTED_EDGE('',*,*,#4479,.F.);
#4479 = EDGE_CURVE('',#4463,#4472,#4480,.T.);
#4480 = LINE('',#4481,#4482);
#4481 = CARTESIAN_POINT('',(9.88,-7.3,1.59));
#4482 = VECTOR('',#4483,1.);
#4483 = DIRECTION('',(0.,-1.,0.));
#4484 = PLANE('',#4485);
#4485 = AXIS2_PLACEMENT_3D('',#4486,#4487,#4488);
#4486 = CARTESIAN_POINT('',(-0.32,-7.3,1.59));
#4487 = DIRECTION('',(-2.143287692327E-17,0.,1.));
#4488 = DIRECTION('',(1.,0.,2.143287692327E-17));
#4489 = ADVANCED_FACE('',(#4490),#4508,.T.);
#4490 = FACE_BOUND('',#4491,.T.);
#4491 = EDGE_LOOP('',(#4492,#4493,#4494,#4502));
#4492 = ORIENTED_EDGE('',*,*,#2750,.F.);
#4493 = ORIENTED_EDGE('',*,*,#4462,.T.);
#4494 = ORIENTED_EDGE('',*,*,#4495,.T.);
#4495 = EDGE_CURVE('',#4463,#4496,#4498,.T.);
#4496 = VERTEX_POINT('',#4497);
#4497 = CARTESIAN_POINT('',(9.88,-7.3,0.95));
#4498 = LINE('',#4499,#4500);
#4499 = CARTESIAN_POINT('',(9.88,-7.3,1.59));
#4500 = VECTOR('',#4501,1.);
#4501 = DIRECTION('',(0.,0.,-1.));
#4502 = ORIENTED_EDGE('',*,*,#4503,.T.);
#4503 = EDGE_CURVE('',#4496,#2743,#4504,.T.);
#4504 = LINE('',#4505,#4506);
#4505 = CARTESIAN_POINT('',(10.04,-7.3,0.95));
#4506 = VECTOR('',#4507,1.);
#4507 = DIRECTION('',(-1.,0.,0.));
#4508 = PLANE('',#4509);
#4509 = AXIS2_PLACEMENT_3D('',#4510,#4511,#4512);
#4510 = CARTESIAN_POINT('',(3.575919732441,-7.3,0.579080267559));
#4511 = DIRECTION('',(1.030170245606E-33,1.,6.630961875715E-34));
#4512 = DIRECTION('',(1.,-1.030170245606E-33,-3.284969231842E-83));
#4513 = ADVANCED_FACE('',(#4514),#4532,.T.);
#4514 = FACE_BOUND('',#4515,.T.);
#4515 = EDGE_LOOP('',(#4516,#4517,#4525,#4531));
#4516 = ORIENTED_EDGE('',*,*,#4503,.F.);
#4517 = ORIENTED_EDGE('',*,*,#4518,.T.);
#4518 = EDGE_CURVE('',#4496,#4519,#4521,.T.);
#4519 = VERTEX_POINT('',#4520);
#4520 = CARTESIAN_POINT('',(9.88,-7.94,0.95));
#4521 = LINE('',#4522,#4523);
#4522 = CARTESIAN_POINT('',(9.88,-7.3,0.95));
#4523 = VECTOR('',#4524,1.);
#4524 = DIRECTION('',(0.,-1.,0.));
#4525 = ORIENTED_EDGE('',*,*,#4526,.T.);
#4526 = EDGE_CURVE('',#4519,#2735,#4527,.T.);
#4527 = LINE('',#4528,#4529);
#4528 = CARTESIAN_POINT('',(10.04,-7.94,0.95));
#4529 = VECTOR('',#4530,1.);
#4530 = DIRECTION('',(-1.,0.,0.));
#4531 = ORIENTED_EDGE('',*,*,#2742,.F.);
#4532 = PLANE('',#4533);
#4533 = AXIS2_PLACEMENT_3D('',#4534,#4535,#4536);
#4534 = CARTESIAN_POINT('',(10.04,-7.3,0.95));
#4535 = DIRECTION('',(-0.,-0.,-1.));
#4536 = DIRECTION('',(-1.,0.,0.));
#4537 = ADVANCED_FACE('',(#4538),#4549,.F.);
#4538 = FACE_BOUND('',#4539,.F.);
#4539 = EDGE_LOOP('',(#4540,#4541,#4542,#4548));
#4540 = ORIENTED_EDGE('',*,*,#2734,.F.);
#4541 = ORIENTED_EDGE('',*,*,#4471,.T.);
#4542 = ORIENTED_EDGE('',*,*,#4543,.T.);
#4543 = EDGE_CURVE('',#4472,#4519,#4544,.T.);
#4544 = LINE('',#4545,#4546);
#4545 = CARTESIAN_POINT('',(9.88,-7.94,1.59));
#4546 = VECTOR('',#4547,1.);
#4547 = DIRECTION('',(0.,0.,-1.));
#4548 = ORIENTED_EDGE('',*,*,#4526,.T.);
#4549 = PLANE('',#4550);
#4550 = AXIS2_PLACEMENT_3D('',#4551,#4552,#4553);
#4551 = CARTESIAN_POINT('',(3.575919732441,-7.94,0.579080267559));
#4552 = DIRECTION('',(1.030170245606E-33,1.,6.630961875715E-34));
#4553 = DIRECTION('',(1.,-1.030170245606E-33,-3.284969231842E-83));
#4554 = ADVANCED_FACE('',(#4555),#4580,.T.);
#4555 = FACE_BOUND('',#4556,.T.);
#4556 = EDGE_LOOP('',(#4557,#4558,#4566,#4574));
#4557 = ORIENTED_EDGE('',*,*,#2758,.F.);
#4558 = ORIENTED_EDGE('',*,*,#4559,.T.);
#4559 = EDGE_CURVE('',#2759,#4560,#4562,.T.);
#4560 = VERTEX_POINT('',#4561);
#4561 = CARTESIAN_POINT('',(9.88,-12.38,1.59));
#4562 = LINE('',#4563,#4564);
#4563 = CARTESIAN_POINT('',(-0.32,-12.38,1.59));
#4564 = VECTOR('',#4565,1.);
#4565 = DIRECTION('',(1.,0.,2.143287692327E-17));
#4566 = ORIENTED_EDGE('',*,*,#4567,.T.);
#4567 = EDGE_CURVE('',#4560,#4568,#4570,.T.);
#4568 = VERTEX_POINT('',#4569);
#4569 = CARTESIAN_POINT('',(9.88,-12.38,0.95));
#4570 = LINE('',#4571,#4572);
#4571 = CARTESIAN_POINT('',(9.88,-12.38,1.59));
#4572 = VECTOR('',#4573,1.);
#4573 = DIRECTION('',(0.,0.,-1.));
#4574 = ORIENTED_EDGE('',*,*,#4575,.T.);
#4575 = EDGE_CURVE('',#4568,#2761,#4576,.T.);
#4576 = LINE('',#4577,#4578);
#4577 = CARTESIAN_POINT('',(10.04,-12.38,0.95));
#4578 = VECTOR('',#4579,1.);
#4579 = DIRECTION('',(-1.,0.,0.));
#4580 = PLANE('',#4581);
#4581 = AXIS2_PLACEMENT_3D('',#4582,#4583,#4584);
#4582 = CARTESIAN_POINT('',(3.575919732441,-12.38,0.579080267559));
#4583 = DIRECTION('',(1.030170245606E-33,1.,6.630961875715E-34));
#4584 = DIRECTION('',(1.,-1.030170245606E-33,-3.284969231842E-83));
#4585 = ADVANCED_FACE('',(#4586),#4604,.T.);
#4586 = FACE_BOUND('',#4587,.T.);
#4587 = EDGE_LOOP('',(#4588,#4589,#4597,#4603));
#4588 = ORIENTED_EDGE('',*,*,#4575,.F.);
#4589 = ORIENTED_EDGE('',*,*,#4590,.T.);
#4590 = EDGE_CURVE('',#4568,#4591,#4593,.T.);
#4591 = VERTEX_POINT('',#4592);
#4592 = CARTESIAN_POINT('',(9.88,-13.02,0.95));
#4593 = LINE('',#4594,#4595);
#4594 = CARTESIAN_POINT('',(9.88,-12.38,0.95));
#4595 = VECTOR('',#4596,1.);
#4596 = DIRECTION('',(0.,-1.,0.));
#4597 = ORIENTED_EDGE('',*,*,#4598,.T.);
#4598 = EDGE_CURVE('',#4591,#2777,#4599,.T.);
#4599 = LINE('',#4600,#4601);
#4600 = CARTESIAN_POINT('',(10.04,-13.02,0.95));
#4601 = VECTOR('',#4602,1.);
#4602 = DIRECTION('',(-1.,0.,0.));
#4603 = ORIENTED_EDGE('',*,*,#2784,.F.);
#4604 = PLANE('',#4605);
#4605 = AXIS2_PLACEMENT_3D('',#4606,#4607,#4608);
#4606 = CARTESIAN_POINT('',(10.04,-12.38,0.95));
#4607 = DIRECTION('',(-0.,-0.,-1.));
#4608 = DIRECTION('',(-1.,0.,0.));
#4609 = ADVANCED_FACE('',(#4610),#4628,.F.);
#4610 = FACE_BOUND('',#4611,.F.);
#4611 = EDGE_LOOP('',(#4612,#4613,#4621,#4627));
#4612 = ORIENTED_EDGE('',*,*,#2776,.F.);
#4613 = ORIENTED_EDGE('',*,*,#4614,.T.);
#4614 = EDGE_CURVE('',#2769,#4615,#4617,.T.);
#4615 = VERTEX_POINT('',#4616);
#4616 = CARTESIAN_POINT('',(9.88,-13.02,1.59));
#4617 = LINE('',#4618,#4619);
#4618 = CARTESIAN_POINT('',(-0.32,-13.02,1.59));
#4619 = VECTOR('',#4620,1.);
#4620 = DIRECTION('',(1.,0.,2.143287692327E-17));
#4621 = ORIENTED_EDGE('',*,*,#4622,.T.);
#4622 = EDGE_CURVE('',#4615,#4591,#4623,.T.);
#4623 = LINE('',#4624,#4625);
#4624 = CARTESIAN_POINT('',(9.88,-13.02,1.59));
#4625 = VECTOR('',#4626,1.);
#4626 = DIRECTION('',(0.,0.,-1.));
#4627 = ORIENTED_EDGE('',*,*,#4598,.T.);
#4628 = PLANE('',#4629);
#4629 = AXIS2_PLACEMENT_3D('',#4630,#4631,#4632);
#4630 = CARTESIAN_POINT('',(3.575919732441,-13.02,0.579080267559));
#4631 = DIRECTION('',(1.030170245606E-33,1.,6.630961875715E-34));
#4632 = DIRECTION('',(1.,-1.030170245606E-33,-3.284969231842E-83));
#4633 = ADVANCED_FACE('',(#4634),#4645,.T.);
#4634 = FACE_BOUND('',#4635,.T.);
#4635 = EDGE_LOOP('',(#4636,#4637,#4638,#4639));
#4636 = ORIENTED_EDGE('',*,*,#4559,.F.);
#4637 = ORIENTED_EDGE('',*,*,#2768,.F.);
#4638 = ORIENTED_EDGE('',*,*,#4614,.T.);
#4639 = ORIENTED_EDGE('',*,*,#4640,.F.);
#4640 = EDGE_CURVE('',#4560,#4615,#4641,.T.);
#4641 = LINE('',#4642,#4643);
#4642 = CARTESIAN_POINT('',(9.88,-12.38,1.59));
#4643 = VECTOR('',#4644,1.);
#4644 = DIRECTION('',(0.,-1.,0.));
#4645 = PLANE('',#4646);
#4646 = AXIS2_PLACEMENT_3D('',#4647,#4648,#4649);
#4647 = CARTESIAN_POINT('',(-0.32,-12.38,1.59));
#4648 = DIRECTION('',(-2.143287692327E-17,0.,1.));
#4649 = DIRECTION('',(1.,0.,2.143287692327E-17));
#4650 = ADVANCED_FACE('',(#4651),#4676,.T.);
#4651 = FACE_BOUND('',#4652,.T.);
#4652 = EDGE_LOOP('',(#4653,#4661,#4662,#4670));
#4653 = ORIENTED_EDGE('',*,*,#4654,.F.);
#4654 = EDGE_CURVE('',#2795,#4655,#4657,.T.);
#4655 = VERTEX_POINT('',#4656);
#4656 = CARTESIAN_POINT('',(9.88,-9.84,1.59));
#4657 = LINE('',#4658,#4659);
#4658 = CARTESIAN_POINT('',(-0.32,-9.84,1.59));
#4659 = VECTOR('',#4660,1.);
#4660 = DIRECTION('',(1.,0.,2.143287692327E-17));
#4661 = ORIENTED_EDGE('',*,*,#2792,.F.);
#4662 = ORIENTED_EDGE('',*,*,#4663,.T.);
#4663 = EDGE_CURVE('',#2793,#4664,#4666,.T.);
#4664 = VERTEX_POINT('',#4665);
#4665 = CARTESIAN_POINT('',(9.88,-10.48,1.59));
#4666 = LINE('',#4667,#4668);
#4667 = CARTESIAN_POINT('',(-0.32,-10.48,1.59));
#4668 = VECTOR('',#4669,1.);
#4669 = DIRECTION('',(1.,0.,2.143287692327E-17));
#4670 = ORIENTED_EDGE('',*,*,#4671,.F.);
#4671 = EDGE_CURVE('',#4655,#4664,#4672,.T.);
#4672 = LINE('',#4673,#4674);
#4673 = CARTESIAN_POINT('',(9.88,-9.84,1.59));
#4674 = VECTOR('',#4675,1.);
#4675 = DIRECTION('',(0.,-1.,0.));
#4676 = PLANE('',#4677);
#4677 = AXIS2_PLACEMENT_3D('',#4678,#4679,#4680);
#4678 = CARTESIAN_POINT('',(-0.32,-9.84,1.59));
#4679 = DIRECTION('',(-2.143287692327E-17,0.,1.));
#4680 = DIRECTION('',(1.,0.,2.143287692327E-17));
#4681 = ADVANCED_FACE('',(#4682),#4700,.T.);
#4682 = FACE_BOUND('',#4683,.T.);
#4683 = EDGE_LOOP('',(#4684,#4685,#4686,#4694));
#4684 = ORIENTED_EDGE('',*,*,#2818,.F.);
#4685 = ORIENTED_EDGE('',*,*,#4654,.T.);
#4686 = ORIENTED_EDGE('',*,*,#4687,.T.);
#4687 = EDGE_CURVE('',#4655,#4688,#4690,.T.);
#4688 = VERTEX_POINT('',#4689);
#4689 = CARTESIAN_POINT('',(9.88,-9.84,0.95));
#4690 = LINE('',#4691,#4692);
#4691 = CARTESIAN_POINT('',(9.88,-9.84,1.59));
#4692 = VECTOR('',#4693,1.);
#4693 = DIRECTION('',(0.,0.,-1.));
#4694 = ORIENTED_EDGE('',*,*,#4695,.T.);
#4695 = EDGE_CURVE('',#4688,#2811,#4696,.T.);
#4696 = LINE('',#4697,#4698);
#4697 = CARTESIAN_POINT('',(10.04,-9.84,0.95));
#4698 = VECTOR('',#4699,1.);
#4699 = DIRECTION('',(-1.,0.,0.));
#4700 = PLANE('',#4701);
#4701 = AXIS2_PLACEMENT_3D('',#4702,#4703,#4704);
#4702 = CARTESIAN_POINT('',(3.575919732441,-9.84,0.579080267559));
#4703 = DIRECTION('',(1.030170245606E-33,1.,6.630961875715E-34));
#4704 = DIRECTION('',(1.,-1.030170245606E-33,-3.284969231842E-83));
#4705 = ADVANCED_FACE('',(#4706),#4724,.T.);
#4706 = FACE_BOUND('',#4707,.T.);
#4707 = EDGE_LOOP('',(#4708,#4709,#4717,#4723));
#4708 = ORIENTED_EDGE('',*,*,#4695,.F.);
#4709 = ORIENTED_EDGE('',*,*,#4710,.T.);
#4710 = EDGE_CURVE('',#4688,#4711,#4713,.T.);
#4711 = VERTEX_POINT('',#4712);
#4712 = CARTESIAN_POINT('',(9.88,-10.48,0.95));
#4713 = LINE('',#4714,#4715);
#4714 = CARTESIAN_POINT('',(9.88,-9.84,0.95));
#4715 = VECTOR('',#4716,1.);
#4716 = DIRECTION('',(0.,-1.,0.));
#4717 = ORIENTED_EDGE('',*,*,#4718,.T.);
#4718 = EDGE_CURVE('',#4711,#2803,#4719,.T.);
#4719 = LINE('',#4720,#4721);
#4720 = CARTESIAN_POINT('',(10.04,-10.48,0.95));
#4721 = VECTOR('',#4722,1.);
#4722 = DIRECTION('',(-1.,0.,0.));
#4723 = ORIENTED_EDGE('',*,*,#2810,.F.);
#4724 = PLANE('',#4725);
#4725 = AXIS2_PLACEMENT_3D('',#4726,#4727,#4728);
#4726 = CARTESIAN_POINT('',(10.04,-9.84,0.95));
#4727 = DIRECTION('',(-0.,-0.,-1.));
#4728 = DIRECTION('',(-1.,0.,0.));
#4729 = ADVANCED_FACE('',(#4730),#4741,.F.);
#4730 = FACE_BOUND('',#4731,.F.);
#4731 = EDGE_LOOP('',(#4732,#4733,#4734,#4740));
#4732 = ORIENTED_EDGE('',*,*,#2802,.F.);
#4733 = ORIENTED_EDGE('',*,*,#4663,.T.);
#4734 = ORIENTED_EDGE('',*,*,#4735,.T.);
#4735 = EDGE_CURVE('',#4664,#4711,#4736,.T.);
#4736 = LINE('',#4737,#4738);
#4737 = CARTESIAN_POINT('',(9.88,-10.48,1.59));
#4738 = VECTOR('',#4739,1.);
#4739 = DIRECTION('',(0.,0.,-1.));
#4740 = ORIENTED_EDGE('',*,*,#4718,.T.);
#4741 = PLANE('',#4742);
#4742 = AXIS2_PLACEMENT_3D('',#4743,#4744,#4745);
#4743 = CARTESIAN_POINT('',(3.575919732441,-10.48,0.579080267559));
#4744 = DIRECTION('',(1.030170245606E-33,1.,6.630961875715E-34));
#4745 = DIRECTION('',(1.,-1.030170245606E-33,-3.284969231842E-83));
#4746 = ADVANCED_FACE('',(#4747),#4772,.T.);
#4747 = FACE_BOUND('',#4748,.T.);
#4748 = EDGE_LOOP('',(#4749,#4757,#4758,#4766));
#4749 = ORIENTED_EDGE('',*,*,#4750,.F.);
#4750 = EDGE_CURVE('',#2829,#4751,#4753,.T.);
#4751 = VERTEX_POINT('',#4752);
#4752 = CARTESIAN_POINT('',(9.88,-2.22,1.59));
#4753 = LINE('',#4754,#4755);
#4754 = CARTESIAN_POINT('',(-0.32,-2.22,1.59));
#4755 = VECTOR('',#4756,1.);
#4756 = DIRECTION('',(1.,0.,2.143287692327E-17));
#4757 = ORIENTED_EDGE('',*,*,#2826,.F.);
#4758 = ORIENTED_EDGE('',*,*,#4759,.T.);
#4759 = EDGE_CURVE('',#2827,#4760,#4762,.T.);
#4760 = VERTEX_POINT('',#4761);
#4761 = CARTESIAN_POINT('',(9.88,-2.86,1.59));
#4762 = LINE('',#4763,#4764);
#4763 = CARTESIAN_POINT('',(-0.32,-2.86,1.59));
#4764 = VECTOR('',#4765,1.);
#4765 = DIRECTION('',(1.,0.,2.143287692327E-17));
#4766 = ORIENTED_EDGE('',*,*,#4767,.F.);
#4767 = EDGE_CURVE('',#4751,#4760,#4768,.T.);
#4768 = LINE('',#4769,#4770);
#4769 = CARTESIAN_POINT('',(9.88,-2.22,1.59));
#4770 = VECTOR('',#4771,1.);
#4771 = DIRECTION('',(0.,-1.,0.));
#4772 = PLANE('',#4773);
#4773 = AXIS2_PLACEMENT_3D('',#4774,#4775,#4776);
#4774 = CARTESIAN_POINT('',(-0.32,-2.22,1.59));
#4775 = DIRECTION('',(-2.143287692327E-17,0.,1.));
#4776 = DIRECTION('',(1.,0.,2.143287692327E-17));
#4777 = ADVANCED_FACE('',(#4778),#4796,.T.);
#4778 = FACE_BOUND('',#4779,.T.);
#4779 = EDGE_LOOP('',(#4780,#4781,#4782,#4790));
#4780 = ORIENTED_EDGE('',*,*,#2852,.F.);
#4781 = ORIENTED_EDGE('',*,*,#4750,.T.);
#4782 = ORIENTED_EDGE('',*,*,#4783,.T.);
#4783 = EDGE_CURVE('',#4751,#4784,#4786,.T.);
#4784 = VERTEX_POINT('',#4785);
#4785 = CARTESIAN_POINT('',(9.88,-2.22,0.95));
#4786 = LINE('',#4787,#4788);
#4787 = CARTESIAN_POINT('',(9.88,-2.22,1.59));
#4788 = VECTOR('',#4789,1.);
#4789 = DIRECTION('',(0.,0.,-1.));
#4790 = ORIENTED_EDGE('',*,*,#4791,.T.);
#4791 = EDGE_CURVE('',#4784,#2845,#4792,.T.);
#4792 = LINE('',#4793,#4794);
#4793 = CARTESIAN_POINT('',(10.04,-2.22,0.95));
#4794 = VECTOR('',#4795,1.);
#4795 = DIRECTION('',(-1.,0.,0.));
#4796 = PLANE('',#4797);
#4797 = AXIS2_PLACEMENT_3D('',#4798,#4799,#4800);
#4798 = CARTESIAN_POINT('',(3.575919732441,-2.22,0.579080267559));
#4799 = DIRECTION('',(1.030170245606E-33,1.,6.630961875715E-34));
#4800 = DIRECTION('',(1.,-1.030170245606E-33,-3.284969231842E-83));
#4801 = ADVANCED_FACE('',(#4802),#4820,.T.);
#4802 = FACE_BOUND('',#4803,.T.);
#4803 = EDGE_LOOP('',(#4804,#4805,#4813,#4819));
#4804 = ORIENTED_EDGE('',*,*,#4791,.F.);
#4805 = ORIENTED_EDGE('',*,*,#4806,.T.);
#4806 = EDGE_CURVE('',#4784,#4807,#4809,.T.);
#4807 = VERTEX_POINT('',#4808);
#4808 = CARTESIAN_POINT('',(9.88,-2.86,0.95));
#4809 = LINE('',#4810,#4811);
#4810 = CARTESIAN_POINT('',(9.88,-2.22,0.95));
#4811 = VECTOR('',#4812,1.);
#4812 = DIRECTION('',(0.,-1.,0.));
#4813 = ORIENTED_EDGE('',*,*,#4814,.T.);
#4814 = EDGE_CURVE('',#4807,#2837,#4815,.T.);
#4815 = LINE('',#4816,#4817);
#4816 = CARTESIAN_POINT('',(10.04,-2.86,0.95));
#4817 = VECTOR('',#4818,1.);
#4818 = DIRECTION('',(-1.,0.,0.));
#4819 = ORIENTED_EDGE('',*,*,#2844,.F.);
#4820 = PLANE('',#4821);
#4821 = AXIS2_PLACEMENT_3D('',#4822,#4823,#4824);
#4822 = CARTESIAN_POINT('',(10.04,-2.22,0.95));
#4823 = DIRECTION('',(-0.,-0.,-1.));
#4824 = DIRECTION('',(-1.,0.,0.));
#4825 = ADVANCED_FACE('',(#4826),#4837,.F.);
#4826 = FACE_BOUND('',#4827,.F.);
#4827 = EDGE_LOOP('',(#4828,#4829,#4830,#4836));
#4828 = ORIENTED_EDGE('',*,*,#2836,.F.);
#4829 = ORIENTED_EDGE('',*,*,#4759,.T.);
#4830 = ORIENTED_EDGE('',*,*,#4831,.T.);
#4831 = EDGE_CURVE('',#4760,#4807,#4832,.T.);
#4832 = LINE('',#4833,#4834);
#4833 = CARTESIAN_POINT('',(9.88,-2.86,1.59));
#4834 = VECTOR('',#4835,1.);
#4835 = DIRECTION('',(0.,0.,-1.));
#4836 = ORIENTED_EDGE('',*,*,#4814,.T.);
#4837 = PLANE('',#4838);
#4838 = AXIS2_PLACEMENT_3D('',#4839,#4840,#4841);
#4839 = CARTESIAN_POINT('',(3.575919732441,-2.86,0.579080267559));
#4840 = DIRECTION('',(1.030170245606E-33,1.,6.630961875715E-34));
#4841 = DIRECTION('',(1.,-1.030170245606E-33,-3.284969231842E-83));
#4842 = ADVANCED_FACE('',(#4843),#4868,.T.);
#4843 = FACE_BOUND('',#4844,.T.);
#4844 = EDGE_LOOP('',(#4845,#4853,#4854,#4862));
#4845 = ORIENTED_EDGE('',*,*,#4846,.F.);
#4846 = EDGE_CURVE('',#2863,#4847,#4849,.T.);
#4847 = VERTEX_POINT('',#4848);
#4848 = CARTESIAN_POINT('',(9.88,0.32,1.59));
#4849 = LINE('',#4850,#4851);
#4850 = CARTESIAN_POINT('',(-0.32,0.32,1.59));
#4851 = VECTOR('',#4852,1.);
#4852 = DIRECTION('',(1.,0.,2.143287692327E-17));
#4853 = ORIENTED_EDGE('',*,*,#2860,.F.);
#4854 = ORIENTED_EDGE('',*,*,#4855,.T.);
#4855 = EDGE_CURVE('',#2861,#4856,#4858,.T.);
#4856 = VERTEX_POINT('',#4857);
#4857 = CARTESIAN_POINT('',(9.88,-0.32,1.59));
#4858 = LINE('',#4859,#4860);
#4859 = CARTESIAN_POINT('',(-0.32,-0.32,1.59));
#4860 = VECTOR('',#4861,1.);
#4861 = DIRECTION('',(1.,0.,2.143287692327E-17));
#4862 = ORIENTED_EDGE('',*,*,#4863,.F.);
#4863 = EDGE_CURVE('',#4847,#4856,#4864,.T.);
#4864 = LINE('',#4865,#4866);
#4865 = CARTESIAN_POINT('',(9.88,0.32,1.59));
#4866 = VECTOR('',#4867,1.);
#4867 = DIRECTION('',(0.,-1.,0.));
#4868 = PLANE('',#4869);
#4869 = AXIS2_PLACEMENT_3D('',#4870,#4871,#4872);
#4870 = CARTESIAN_POINT('',(-0.32,0.32,1.59));
#4871 = DIRECTION('',(-2.143287692327E-17,0.,1.));
#4872 = DIRECTION('',(1.,0.,2.143287692327E-17));
#4873 = ADVANCED_FACE('',(#4874),#4892,.T.);
#4874 = FACE_BOUND('',#4875,.T.);
#4875 = EDGE_LOOP('',(#4876,#4877,#4878,#4886));
#4876 = ORIENTED_EDGE('',*,*,#2886,.F.);
#4877 = ORIENTED_EDGE('',*,*,#4846,.T.);
#4878 = ORIENTED_EDGE('',*,*,#4879,.T.);
#4879 = EDGE_CURVE('',#4847,#4880,#4882,.T.);
#4880 = VERTEX_POINT('',#4881);
#4881 = CARTESIAN_POINT('',(9.88,0.32,0.95));
#4882 = LINE('',#4883,#4884);
#4883 = CARTESIAN_POINT('',(9.88,0.32,1.59));
#4884 = VECTOR('',#4885,1.);
#4885 = DIRECTION('',(0.,0.,-1.));
#4886 = ORIENTED_EDGE('',*,*,#4887,.T.);
#4887 = EDGE_CURVE('',#4880,#2879,#4888,.T.);
#4888 = LINE('',#4889,#4890);
#4889 = CARTESIAN_POINT('',(10.04,0.32,0.95));
#4890 = VECTOR('',#4891,1.);
#4891 = DIRECTION('',(-1.,0.,0.));
#4892 = PLANE('',#4893);
#4893 = AXIS2_PLACEMENT_3D('',#4894,#4895,#4896);
#4894 = CARTESIAN_POINT('',(3.575919732441,0.32,0.579080267559));
#4895 = DIRECTION('',(1.030170245606E-33,1.,6.630961875715E-34));
#4896 = DIRECTION('',(1.,-1.030170245606E-33,-3.284969231842E-83));
#4897 = ADVANCED_FACE('',(#4898),#4916,.T.);
#4898 = FACE_BOUND('',#4899,.T.);
#4899 = EDGE_LOOP('',(#4900,#4901,#4909,#4915));
#4900 = ORIENTED_EDGE('',*,*,#4887,.F.);
#4901 = ORIENTED_EDGE('',*,*,#4902,.T.);
#4902 = EDGE_CURVE('',#4880,#4903,#4905,.T.);
#4903 = VERTEX_POINT('',#4904);
#4904 = CARTESIAN_POINT('',(9.88,-0.32,0.95));
#4905 = LINE('',#4906,#4907);
#4906 = CARTESIAN_POINT('',(9.88,0.32,0.95));
#4907 = VECTOR('',#4908,1.);
#4908 = DIRECTION('',(0.,-1.,0.));
#4909 = ORIENTED_EDGE('',*,*,#4910,.T.);
#4910 = EDGE_CURVE('',#4903,#2871,#4911,.T.);
#4911 = LINE('',#4912,#4913);
#4912 = CARTESIAN_POINT('',(10.04,-0.32,0.95));
#4913 = VECTOR('',#4914,1.);
#4914 = DIRECTION('',(-1.,0.,0.));
#4915 = ORIENTED_EDGE('',*,*,#2878,.F.);
#4916 = PLANE('',#4917);
#4917 = AXIS2_PLACEMENT_3D('',#4918,#4919,#4920);
#4918 = CARTESIAN_POINT('',(10.04,0.32,0.95));
#4919 = DIRECTION('',(-0.,-0.,-1.));
#4920 = DIRECTION('',(-1.,0.,0.));
#4921 = ADVANCED_FACE('',(#4922),#4933,.F.);
#4922 = FACE_BOUND('',#4923,.F.);
#4923 = EDGE_LOOP('',(#4924,#4925,#4926,#4932));
#4924 = ORIENTED_EDGE('',*,*,#2870,.F.);
#4925 = ORIENTED_EDGE('',*,*,#4855,.T.);
#4926 = ORIENTED_EDGE('',*,*,#4927,.T.);
#4927 = EDGE_CURVE('',#4856,#4903,#4928,.T.);
#4928 = LINE('',#4929,#4930);
#4929 = CARTESIAN_POINT('',(9.88,-0.32,1.59));
#4930 = VECTOR('',#4931,1.);
#4931 = DIRECTION('',(0.,0.,-1.));
#4932 = ORIENTED_EDGE('',*,*,#4910,.T.);
#4933 = PLANE('',#4934);
#4934 = AXIS2_PLACEMENT_3D('',#4935,#4936,#4937);
#4935 = CARTESIAN_POINT('',(3.575919732441,-0.32,0.579080267559));
#4936 = DIRECTION('',(1.030170245606E-33,1.,6.630961875715E-34));
#4937 = DIRECTION('',(1.,-1.030170245606E-33,-3.284969231842E-83));
#4938 = ADVANCED_FACE('',(#4939),#4950,.T.);
#4939 = FACE_BOUND('',#4940,.T.);
#4940 = EDGE_LOOP('',(#4941,#4947,#4948,#4949));
#4941 = ORIENTED_EDGE('',*,*,#4942,.T.);
#4942 = EDGE_CURVE('',#3522,#3595,#4943,.T.);
#4943 = LINE('',#4944,#4945);
#4944 = CARTESIAN_POINT('',(-0.32,-4.76,0.95));
#4945 = VECTOR('',#4946,1.);
#4946 = DIRECTION('',(0.,-1.,0.));
#4947 = ORIENTED_EDGE('',*,*,#3594,.T.);
#4948 = ORIENTED_EDGE('',*,*,#3498,.F.);
#4949 = ORIENTED_EDGE('',*,*,#3521,.F.);
#4950 = CYLINDRICAL_SURFACE('',#4951,0.64);
#4951 = AXIS2_PLACEMENT_3D('',#4952,#4953,#4954);
#4952 = CARTESIAN_POINT('',(0.32,-4.76,0.95));
#4953 = DIRECTION('',(0.,-1.,0.));
#4954 = DIRECTION('',(-1.,0.,0.));
#4955 = ADVANCED_FACE('',(#4956),#4967,.T.);
#4956 = FACE_BOUND('',#4957,.T.);
#4957 = EDGE_LOOP('',(#4958,#4959,#4965,#4966));
#4958 = ORIENTED_EDGE('',*,*,#3556,.F.);
#4959 = ORIENTED_EDGE('',*,*,#4960,.T.);
#4960 = EDGE_CURVE('',#3549,#3615,#4961,.T.);
#4961 = LINE('',#4962,#4963);
#4962 = CARTESIAN_POINT('',(-0.32,-4.76,-2.84));
#4963 = VECTOR('',#4964,1.);
#4964 = DIRECTION('',(0.,-1.,0.));
#4965 = ORIENTED_EDGE('',*,*,#3622,.T.);
#4966 = ORIENTED_EDGE('',*,*,#4942,.F.);
#4967 = PLANE('',#4968);
#4968 = AXIS2_PLACEMENT_3D('',#4969,#4970,#4971);
#4969 = CARTESIAN_POINT('',(-0.32,-4.76,-3.));
#4970 = DIRECTION('',(-1.,0.,0.));
#4971 = DIRECTION('',(0.,0.,1.));
#4972 = ADVANCED_FACE('',(#4973),#4998,.T.);
#4973 = FACE_BOUND('',#4974,.F.);
#4974 = EDGE_LOOP('',(#4975,#4983,#4984,#4992));
#4975 = ORIENTED_EDGE('',*,*,#4976,.F.);
#4976 = EDGE_CURVE('',#3541,#4977,#4979,.T.);
#4977 = VERTEX_POINT('',#4978);
#4978 = CARTESIAN_POINT('',(0.16,-4.92,-3.));
#4979 = LINE('',#4980,#4981);
#4980 = CARTESIAN_POINT('',(0.266666666667,-4.813333333333,
    -2.893333333333));
#4981 = VECTOR('',#4982,1.);
#4982 = DIRECTION('',(-0.57735026919,-0.57735026919,-0.57735026919));
#4983 = ORIENTED_EDGE('',*,*,#3548,.T.);
#4984 = ORIENTED_EDGE('',*,*,#4985,.T.);
#4985 = EDGE_CURVE('',#3549,#4986,#4988,.T.);
#4986 = VERTEX_POINT('',#4987);
#4987 = CARTESIAN_POINT('',(-0.16,-4.92,-3.));
#4988 = LINE('',#4989,#4990);
#4989 = CARTESIAN_POINT('',(-0.16,-4.92,-3.));
#4990 = VECTOR('',#4991,1.);
#4991 = DIRECTION('',(0.57735026919,-0.57735026919,-0.57735026919));
#4992 = ORIENTED_EDGE('',*,*,#4993,.F.);
#4993 = EDGE_CURVE('',#4977,#4986,#4994,.T.);
#4994 = LINE('',#4995,#4996);
#4995 = CARTESIAN_POINT('',(0.32,-4.92,-3.));
#4996 = VECTOR('',#4997,1.);
#4997 = DIRECTION('',(-1.,0.,0.));
#4998 = PLANE('',#4999);
#4999 = AXIS2_PLACEMENT_3D('',#5000,#5001,#5002);
#5000 = CARTESIAN_POINT('',(0.32,-4.84,-2.92));
#5001 = DIRECTION('',(-1.735167508357E-18,0.707106781187,-0.707106781187
    ));
#5002 = DIRECTION('',(1.,1.226948711654E-18,-1.226948711654E-18));
#5003 = ADVANCED_FACE('',(#5004),#5015,.T.);
#5004 = FACE_BOUND('',#5005,.T.);
#5005 = EDGE_LOOP('',(#5006,#5007,#5008,#5009));
#5006 = ORIENTED_EDGE('',*,*,#3540,.F.);
#5007 = ORIENTED_EDGE('',*,*,#3580,.T.);
#5008 = ORIENTED_EDGE('',*,*,#3606,.T.);
#5009 = ORIENTED_EDGE('',*,*,#5010,.F.);
#5010 = EDGE_CURVE('',#3541,#3607,#5011,.T.);
#5011 = LINE('',#5012,#5013);
#5012 = CARTESIAN_POINT('',(0.32,-4.76,-2.84));
#5013 = VECTOR('',#5014,1.);
#5014 = DIRECTION('',(0.,-1.,0.));
#5015 = PLANE('',#5016);
#5016 = AXIS2_PLACEMENT_3D('',#5017,#5018,#5019);
#5017 = CARTESIAN_POINT('',(0.32,-4.76,0.95));
#5018 = DIRECTION('',(1.,0.,0.));
#5019 = DIRECTION('',(0.,0.,-1.));
#5020 = ADVANCED_FACE('',(#5021),#5046,.F.);
#5021 = FACE_BOUND('',#5022,.F.);
#5022 = EDGE_LOOP('',(#5023,#5031,#5039,#5045));
#5023 = ORIENTED_EDGE('',*,*,#5024,.F.);
#5024 = EDGE_CURVE('',#5025,#3607,#5027,.T.);
#5025 = VERTEX_POINT('',#5026);
#5026 = CARTESIAN_POINT('',(0.16,-5.24,-3.));
#5027 = LINE('',#5028,#5029);
#5028 = CARTESIAN_POINT('',(0.16,-5.24,-3.));
#5029 = VECTOR('',#5030,1.);
#5030 = DIRECTION('',(0.57735026919,-0.57735026919,0.57735026919));
#5031 = ORIENTED_EDGE('',*,*,#5032,.T.);
#5032 = EDGE_CURVE('',#5025,#5033,#5035,.T.);
#5033 = VERTEX_POINT('',#5034);
#5034 = CARTESIAN_POINT('',(-0.16,-5.24,-3.));
#5035 = LINE('',#5036,#5037);
#5036 = CARTESIAN_POINT('',(0.32,-5.24,-3.));
#5037 = VECTOR('',#5038,1.);
#5038 = DIRECTION('',(-1.,0.,0.));
#5039 = ORIENTED_EDGE('',*,*,#5040,.T.);
#5040 = EDGE_CURVE('',#5033,#3615,#5041,.T.);
#5041 = LINE('',#5042,#5043);
#5042 = CARTESIAN_POINT('',(-5.333333333333E-02,-5.133333333333,
    -3.106666666667));
#5043 = VECTOR('',#5044,1.);
#5044 = DIRECTION('',(-0.57735026919,-0.57735026919,0.57735026919));
#5045 = ORIENTED_EDGE('',*,*,#3614,.F.);
#5046 = PLANE('',#5047);
#5047 = AXIS2_PLACEMENT_3D('',#5048,#5049,#5050);
#5048 = CARTESIAN_POINT('',(0.32,-5.32,-2.92));
#5049 = DIRECTION('',(1.735167508357E-18,0.707106781187,0.707106781187)
  );
#5050 = DIRECTION('',(-1.,1.226948711654E-18,1.226948711654E-18));
#5051 = ADVANCED_FACE('',(#5052),#5063,.T.);
#5052 = FACE_BOUND('',#5053,.T.);
#5053 = EDGE_LOOP('',(#5054,#5060,#5061,#5062));
#5054 = ORIENTED_EDGE('',*,*,#5055,.T.);
#5055 = EDGE_CURVE('',#3668,#3741,#5056,.T.);
#5056 = LINE('',#5057,#5058);
#5057 = CARTESIAN_POINT('',(-0.32,-7.3,0.95));
#5058 = VECTOR('',#5059,1.);
#5059 = DIRECTION('',(0.,-1.,0.));
#5060 = ORIENTED_EDGE('',*,*,#3740,.T.);
#5061 = ORIENTED_EDGE('',*,*,#3644,.F.);
#5062 = ORIENTED_EDGE('',*,*,#3667,.F.);
#5063 = CYLINDRICAL_SURFACE('',#5064,0.64);
#5064 = AXIS2_PLACEMENT_3D('',#5065,#5066,#5067);
#5065 = CARTESIAN_POINT('',(0.32,-7.3,0.95));
#5066 = DIRECTION('',(0.,-1.,0.));
#5067 = DIRECTION('',(-1.,0.,0.));
#5068 = ADVANCED_FACE('',(#5069),#5080,.T.);
#5069 = FACE_BOUND('',#5070,.T.);
#5070 = EDGE_LOOP('',(#5071,#5072,#5078,#5079));
#5071 = ORIENTED_EDGE('',*,*,#3702,.F.);
#5072 = ORIENTED_EDGE('',*,*,#5073,.T.);
#5073 = EDGE_CURVE('',#3695,#3761,#5074,.T.);
#5074 = LINE('',#5075,#5076);
#5075 = CARTESIAN_POINT('',(-0.32,-7.3,-2.84));
#5076 = VECTOR('',#5077,1.);
#5077 = DIRECTION('',(0.,-1.,0.));
#5078 = ORIENTED_EDGE('',*,*,#3768,.T.);
#5079 = ORIENTED_EDGE('',*,*,#5055,.F.);
#5080 = PLANE('',#5081);
#5081 = AXIS2_PLACEMENT_3D('',#5082,#5083,#5084);
#5082 = CARTESIAN_POINT('',(-0.32,-7.3,-3.));
#5083 = DIRECTION('',(-1.,0.,0.));
#5084 = DIRECTION('',(0.,0.,1.));
#5085 = ADVANCED_FACE('',(#5086),#5111,.T.);
#5086 = FACE_BOUND('',#5087,.F.);
#5087 = EDGE_LOOP('',(#5088,#5096,#5097,#5105));
#5088 = ORIENTED_EDGE('',*,*,#5089,.F.);
#5089 = EDGE_CURVE('',#3687,#5090,#5092,.T.);
#5090 = VERTEX_POINT('',#5091);
#5091 = CARTESIAN_POINT('',(0.16,-7.46,-3.));
#5092 = LINE('',#5093,#5094);
#5093 = CARTESIAN_POINT('',(0.266666666667,-7.353333333333,
    -2.893333333333));
#5094 = VECTOR('',#5095,1.);
#5095 = DIRECTION('',(-0.57735026919,-0.57735026919,-0.57735026919));
#5096 = ORIENTED_EDGE('',*,*,#3694,.T.);
#5097 = ORIENTED_EDGE('',*,*,#5098,.T.);
#5098 = EDGE_CURVE('',#3695,#5099,#5101,.T.);
#5099 = VERTEX_POINT('',#5100);
#5100 = CARTESIAN_POINT('',(-0.16,-7.46,-3.));
#5101 = LINE('',#5102,#5103);
#5102 = CARTESIAN_POINT('',(-0.16,-7.46,-3.));
#5103 = VECTOR('',#5104,1.);
#5104 = DIRECTION('',(0.57735026919,-0.57735026919,-0.57735026919));
#5105 = ORIENTED_EDGE('',*,*,#5106,.F.);
#5106 = EDGE_CURVE('',#5090,#5099,#5107,.T.);
#5107 = LINE('',#5108,#5109);
#5108 = CARTESIAN_POINT('',(0.32,-7.46,-3.));
#5109 = VECTOR('',#5110,1.);
#5110 = DIRECTION('',(-1.,0.,0.));
#5111 = PLANE('',#5112);
#5112 = AXIS2_PLACEMENT_3D('',#5113,#5114,#5115);
#5113 = CARTESIAN_POINT('',(0.32,-7.38,-2.92));
#5114 = DIRECTION('',(-1.735167508357E-18,0.707106781187,-0.707106781187
    ));
#5115 = DIRECTION('',(1.,1.226948711654E-18,-1.226948711654E-18));
#5116 = ADVANCED_FACE('',(#5117),#5128,.T.);
#5117 = FACE_BOUND('',#5118,.T.);
#5118 = EDGE_LOOP('',(#5119,#5120,#5121,#5122));
#5119 = ORIENTED_EDGE('',*,*,#3686,.F.);
#5120 = ORIENTED_EDGE('',*,*,#3726,.T.);
#5121 = ORIENTED_EDGE('',*,*,#3752,.T.);
#5122 = ORIENTED_EDGE('',*,*,#5123,.F.);
#5123 = EDGE_CURVE('',#3687,#3753,#5124,.T.);
#5124 = LINE('',#5125,#5126);
#5125 = CARTESIAN_POINT('',(0.32,-7.3,-2.84));
#5126 = VECTOR('',#5127,1.);
#5127 = DIRECTION('',(0.,-1.,0.));
#5128 = PLANE('',#5129);
#5129 = AXIS2_PLACEMENT_3D('',#5130,#5131,#5132);
#5130 = CARTESIAN_POINT('',(0.32,-7.3,0.95));
#5131 = DIRECTION('',(1.,0.,0.));
#5132 = DIRECTION('',(0.,0.,-1.));
#5133 = ADVANCED_FACE('',(#5134),#5159,.F.);
#5134 = FACE_BOUND('',#5135,.F.);
#5135 = EDGE_LOOP('',(#5136,#5144,#5152,#5158));
#5136 = ORIENTED_EDGE('',*,*,#5137,.F.);
#5137 = EDGE_CURVE('',#5138,#3753,#5140,.T.);
#5138 = VERTEX_POINT('',#5139);
#5139 = CARTESIAN_POINT('',(0.16,-7.78,-3.));
#5140 = LINE('',#5141,#5142);
#5141 = CARTESIAN_POINT('',(0.16,-7.78,-3.));
#5142 = VECTOR('',#5143,1.);
#5143 = DIRECTION('',(0.57735026919,-0.57735026919,0.57735026919));
#5144 = ORIENTED_EDGE('',*,*,#5145,.T.);
#5145 = EDGE_CURVE('',#5138,#5146,#5148,.T.);
#5146 = VERTEX_POINT('',#5147);
#5147 = CARTESIAN_POINT('',(-0.16,-7.78,-3.));
#5148 = LINE('',#5149,#5150);
#5149 = CARTESIAN_POINT('',(0.32,-7.78,-3.));
#5150 = VECTOR('',#5151,1.);
#5151 = DIRECTION('',(-1.,0.,0.));
#5152 = ORIENTED_EDGE('',*,*,#5153,.T.);
#5153 = EDGE_CURVE('',#5146,#3761,#5154,.T.);
#5154 = LINE('',#5155,#5156);
#5155 = CARTESIAN_POINT('',(-5.333333333333E-02,-7.673333333333,
    -3.106666666667));
#5156 = VECTOR('',#5157,1.);
#5157 = DIRECTION('',(-0.57735026919,-0.57735026919,0.57735026919));
#5158 = ORIENTED_EDGE('',*,*,#3760,.F.);
#5159 = PLANE('',#5160);
#5160 = AXIS2_PLACEMENT_3D('',#5161,#5162,#5163);
#5161 = CARTESIAN_POINT('',(0.32,-7.86,-2.92));
#5162 = DIRECTION('',(1.735167508357E-18,0.707106781187,0.707106781187)
  );
#5163 = DIRECTION('',(-1.,1.226948711654E-18,1.226948711654E-18));
#5164 = ADVANCED_FACE('',(#5165),#5176,.T.);
#5165 = FACE_BOUND('',#5166,.T.);
#5166 = EDGE_LOOP('',(#5167,#5173,#5174,#5175));
#5167 = ORIENTED_EDGE('',*,*,#5168,.T.);
#5168 = EDGE_CURVE('',#3783,#3863,#5169,.T.);
#5169 = LINE('',#5170,#5171);
#5170 = CARTESIAN_POINT('',(-0.32,-12.38,0.95));
#5171 = VECTOR('',#5172,1.);
#5172 = DIRECTION('',(0.,-1.,0.));
#5173 = ORIENTED_EDGE('',*,*,#3862,.T.);
#5174 = ORIENTED_EDGE('',*,*,#3912,.F.);
#5175 = ORIENTED_EDGE('',*,*,#3782,.F.);
#5176 = CYLINDRICAL_SURFACE('',#5177,0.64);
#5177 = AXIS2_PLACEMENT_3D('',#5178,#5179,#5180);
#5178 = CARTESIAN_POINT('',(0.32,-12.38,0.95));
#5179 = DIRECTION('',(0.,-1.,0.));
#5180 = DIRECTION('',(-1.,0.,0.));
#5181 = ADVANCED_FACE('',(#5182),#5193,.T.);
#5182 = FACE_BOUND('',#5183,.T.);
#5183 = EDGE_LOOP('',(#5184,#5185,#5191,#5192));
#5184 = ORIENTED_EDGE('',*,*,#3824,.F.);
#5185 = ORIENTED_EDGE('',*,*,#5186,.T.);
#5186 = EDGE_CURVE('',#3817,#3890,#5187,.T.);
#5187 = LINE('',#5188,#5189);
#5188 = CARTESIAN_POINT('',(-0.32,-12.38,-2.84));
#5189 = VECTOR('',#5190,1.);
#5190 = DIRECTION('',(0.,-1.,0.));
#5191 = ORIENTED_EDGE('',*,*,#3897,.T.);
#5192 = ORIENTED_EDGE('',*,*,#5168,.F.);
#5193 = PLANE('',#5194);
#5194 = AXIS2_PLACEMENT_3D('',#5195,#5196,#5197);
#5195 = CARTESIAN_POINT('',(-0.32,-12.38,-3.));
#5196 = DIRECTION('',(-1.,0.,0.));
#5197 = DIRECTION('',(0.,0.,1.));
#5198 = ADVANCED_FACE('',(#5199),#5224,.T.);
#5199 = FACE_BOUND('',#5200,.F.);
#5200 = EDGE_LOOP('',(#5201,#5209,#5210,#5218));
#5201 = ORIENTED_EDGE('',*,*,#5202,.F.);
#5202 = EDGE_CURVE('',#3809,#5203,#5205,.T.);
#5203 = VERTEX_POINT('',#5204);
#5204 = CARTESIAN_POINT('',(0.16,-12.54,-3.));
#5205 = LINE('',#5206,#5207);
#5206 = CARTESIAN_POINT('',(0.266666666667,-12.43333333333,
    -2.893333333333));
#5207 = VECTOR('',#5208,1.);
#5208 = DIRECTION('',(-0.57735026919,-0.57735026919,-0.57735026919));
#5209 = ORIENTED_EDGE('',*,*,#3816,.T.);
#5210 = ORIENTED_EDGE('',*,*,#5211,.T.);
#5211 = EDGE_CURVE('',#3817,#5212,#5214,.T.);
#5212 = VERTEX_POINT('',#5213);
#5213 = CARTESIAN_POINT('',(-0.16,-12.54,-3.));
#5214 = LINE('',#5215,#5216);
#5215 = CARTESIAN_POINT('',(-0.16,-12.54,-3.));
#5216 = VECTOR('',#5217,1.);
#5217 = DIRECTION('',(0.57735026919,-0.57735026919,-0.57735026919));
#5218 = ORIENTED_EDGE('',*,*,#5219,.F.);
#5219 = EDGE_CURVE('',#5203,#5212,#5220,.T.);
#5220 = LINE('',#5221,#5222);
#5221 = CARTESIAN_POINT('',(0.32,-12.54,-3.));
#5222 = VECTOR('',#5223,1.);
#5223 = DIRECTION('',(-1.,0.,0.));
#5224 = PLANE('',#5225);
#5225 = AXIS2_PLACEMENT_3D('',#5226,#5227,#5228);
#5226 = CARTESIAN_POINT('',(0.32,-12.46,-2.92));
#5227 = DIRECTION('',(-1.735167508357E-18,0.707106781187,-0.707106781187
    ));
#5228 = DIRECTION('',(1.,1.226948711654E-18,-1.226948711654E-18));
#5229 = ADVANCED_FACE('',(#5230),#5241,.T.);
#5230 = FACE_BOUND('',#5231,.T.);
#5231 = EDGE_LOOP('',(#5232,#5233,#5234,#5235));
#5232 = ORIENTED_EDGE('',*,*,#3808,.F.);
#5233 = ORIENTED_EDGE('',*,*,#3848,.T.);
#5234 = ORIENTED_EDGE('',*,*,#3881,.T.);
#5235 = ORIENTED_EDGE('',*,*,#5236,.F.);
#5236 = EDGE_CURVE('',#3809,#3882,#5237,.T.);
#5237 = LINE('',#5238,#5239);
#5238 = CARTESIAN_POINT('',(0.32,-12.38,-2.84));
#5239 = VECTOR('',#5240,1.);
#5240 = DIRECTION('',(0.,-1.,0.));
#5241 = PLANE('',#5242);
#5242 = AXIS2_PLACEMENT_3D('',#5243,#5244,#5245);
#5243 = CARTESIAN_POINT('',(0.32,-12.38,0.95));
#5244 = DIRECTION('',(1.,0.,0.));
#5245 = DIRECTION('',(0.,0.,-1.));
#5246 = ADVANCED_FACE('',(#5247),#5272,.F.);
#5247 = FACE_BOUND('',#5248,.F.);
#5248 = EDGE_LOOP('',(#5249,#5257,#5265,#5271));
#5249 = ORIENTED_EDGE('',*,*,#5250,.F.);
#5250 = EDGE_CURVE('',#5251,#3882,#5253,.T.);
#5251 = VERTEX_POINT('',#5252);
#5252 = CARTESIAN_POINT('',(0.16,-12.86,-3.));
#5253 = LINE('',#5254,#5255);
#5254 = CARTESIAN_POINT('',(0.16,-12.86,-3.));
#5255 = VECTOR('',#5256,1.);
#5256 = DIRECTION('',(0.57735026919,-0.57735026919,0.57735026919));
#5257 = ORIENTED_EDGE('',*,*,#5258,.T.);
#5258 = EDGE_CURVE('',#5251,#5259,#5261,.T.);
#5259 = VERTEX_POINT('',#5260);
#5260 = CARTESIAN_POINT('',(-0.16,-12.86,-3.));
#5261 = LINE('',#5262,#5263);
#5262 = CARTESIAN_POINT('',(0.32,-12.86,-3.));
#5263 = VECTOR('',#5264,1.);
#5264 = DIRECTION('',(-1.,0.,0.));
#5265 = ORIENTED_EDGE('',*,*,#5266,.T.);
#5266 = EDGE_CURVE('',#5259,#3890,#5267,.T.);
#5267 = LINE('',#5268,#5269);
#5268 = CARTESIAN_POINT('',(-5.333333333333E-02,-12.75333333333,
    -3.106666666667));
#5269 = VECTOR('',#5270,1.);
#5270 = DIRECTION('',(-0.57735026919,-0.57735026919,0.57735026919));
#5271 = ORIENTED_EDGE('',*,*,#3889,.F.);
#5272 = PLANE('',#5273);
#5273 = AXIS2_PLACEMENT_3D('',#5274,#5275,#5276);
#5274 = CARTESIAN_POINT('',(0.32,-12.94,-2.92));
#5275 = DIRECTION('',(1.735167508357E-18,0.707106781187,0.707106781187)
  );
#5276 = DIRECTION('',(-1.,1.226948711654E-18,1.226948711654E-18));
#5277 = ADVANCED_FACE('',(#5278),#5289,.T.);
#5278 = FACE_BOUND('',#5279,.T.);
#5279 = EDGE_LOOP('',(#5280,#5286,#5287,#5288));
#5280 = ORIENTED_EDGE('',*,*,#5281,.T.);
#5281 = EDGE_CURVE('',#3960,#4033,#5282,.T.);
#5282 = LINE('',#5283,#5284);
#5283 = CARTESIAN_POINT('',(-0.32,-9.84,0.95));
#5284 = VECTOR('',#5285,1.);
#5285 = DIRECTION('',(0.,-1.,0.));
#5286 = ORIENTED_EDGE('',*,*,#4032,.T.);
#5287 = ORIENTED_EDGE('',*,*,#3936,.F.);
#5288 = ORIENTED_EDGE('',*,*,#3959,.F.);
#5289 = CYLINDRICAL_SURFACE('',#5290,0.64);
#5290 = AXIS2_PLACEMENT_3D('',#5291,#5292,#5293);
#5291 = CARTESIAN_POINT('',(0.32,-9.84,0.95));
#5292 = DIRECTION('',(0.,-1.,0.));
#5293 = DIRECTION('',(-1.,0.,0.));
#5294 = ADVANCED_FACE('',(#5295),#5306,.T.);
#5295 = FACE_BOUND('',#5296,.T.);
#5296 = EDGE_LOOP('',(#5297,#5298,#5304,#5305));
#5297 = ORIENTED_EDGE('',*,*,#3994,.F.);
#5298 = ORIENTED_EDGE('',*,*,#5299,.T.);
#5299 = EDGE_CURVE('',#3987,#4053,#5300,.T.);
#5300 = LINE('',#5301,#5302);
#5301 = CARTESIAN_POINT('',(-0.32,-9.84,-2.84));
#5302 = VECTOR('',#5303,1.);
#5303 = DIRECTION('',(0.,-1.,0.));
#5304 = ORIENTED_EDGE('',*,*,#4060,.T.);
#5305 = ORIENTED_EDGE('',*,*,#5281,.F.);
#5306 = PLANE('',#5307);
#5307 = AXIS2_PLACEMENT_3D('',#5308,#5309,#5310);
#5308 = CARTESIAN_POINT('',(-0.32,-9.84,-3.));
#5309 = DIRECTION('',(-1.,0.,0.));
#5310 = DIRECTION('',(0.,0.,1.));
#5311 = ADVANCED_FACE('',(#5312),#5337,.T.);
#5312 = FACE_BOUND('',#5313,.F.);
#5313 = EDGE_LOOP('',(#5314,#5322,#5323,#5331));
#5314 = ORIENTED_EDGE('',*,*,#5315,.F.);
#5315 = EDGE_CURVE('',#3979,#5316,#5318,.T.);
#5316 = VERTEX_POINT('',#5317);
#5317 = CARTESIAN_POINT('',(0.16,-10.,-3.));
#5318 = LINE('',#5319,#5320);
#5319 = CARTESIAN_POINT('',(0.266666666667,-9.893333333333,
    -2.893333333333));
#5320 = VECTOR('',#5321,1.);
#5321 = DIRECTION('',(-0.57735026919,-0.57735026919,-0.57735026919));
#5322 = ORIENTED_EDGE('',*,*,#3986,.T.);
#5323 = ORIENTED_EDGE('',*,*,#5324,.T.);
#5324 = EDGE_CURVE('',#3987,#5325,#5327,.T.);
#5325 = VERTEX_POINT('',#5326);
#5326 = CARTESIAN_POINT('',(-0.16,-10.,-3.));
#5327 = LINE('',#5328,#5329);
#5328 = CARTESIAN_POINT('',(-0.16,-10.,-3.));
#5329 = VECTOR('',#5330,1.);
#5330 = DIRECTION('',(0.57735026919,-0.57735026919,-0.57735026919));
#5331 = ORIENTED_EDGE('',*,*,#5332,.F.);
#5332 = EDGE_CURVE('',#5316,#5325,#5333,.T.);
#5333 = LINE('',#5334,#5335);
#5334 = CARTESIAN_POINT('',(0.32,-10.,-3.));
#5335 = VECTOR('',#5336,1.);
#5336 = DIRECTION('',(-1.,0.,0.));
#5337 = PLANE('',#5338);
#5338 = AXIS2_PLACEMENT_3D('',#5339,#5340,#5341);
#5339 = CARTESIAN_POINT('',(0.32,-9.92,-2.92));
#5340 = DIRECTION('',(-1.735167508357E-18,0.707106781187,-0.707106781187
    ));
#5341 = DIRECTION('',(1.,1.226948711654E-18,-1.226948711654E-18));
#5342 = ADVANCED_FACE('',(#5343),#5354,.T.);
#5343 = FACE_BOUND('',#5344,.T.);
#5344 = EDGE_LOOP('',(#5345,#5346,#5347,#5348));
#5345 = ORIENTED_EDGE('',*,*,#3978,.F.);
#5346 = ORIENTED_EDGE('',*,*,#4018,.T.);
#5347 = ORIENTED_EDGE('',*,*,#4044,.T.);
#5348 = ORIENTED_EDGE('',*,*,#5349,.F.);
#5349 = EDGE_CURVE('',#3979,#4045,#5350,.T.);
#5350 = LINE('',#5351,#5352);
#5351 = CARTESIAN_POINT('',(0.32,-9.84,-2.84));
#5352 = VECTOR('',#5353,1.);
#5353 = DIRECTION('',(0.,-1.,0.));
#5354 = PLANE('',#5355);
#5355 = AXIS2_PLACEMENT_3D('',#5356,#5357,#5358);
#5356 = CARTESIAN_POINT('',(0.32,-9.84,0.95));
#5357 = DIRECTION('',(1.,0.,0.));
#5358 = DIRECTION('',(0.,0.,-1.));
#5359 = ADVANCED_FACE('',(#5360),#5385,.F.);
#5360 = FACE_BOUND('',#5361,.F.);
#5361 = EDGE_LOOP('',(#5362,#5370,#5378,#5384));
#5362 = ORIENTED_EDGE('',*,*,#5363,.F.);
#5363 = EDGE_CURVE('',#5364,#4045,#5366,.T.);
#5364 = VERTEX_POINT('',#5365);
#5365 = CARTESIAN_POINT('',(0.16,-10.32,-3.));
#5366 = LINE('',#5367,#5368);
#5367 = CARTESIAN_POINT('',(0.16,-10.32,-3.));
#5368 = VECTOR('',#5369,1.);
#5369 = DIRECTION('',(0.57735026919,-0.57735026919,0.57735026919));
#5370 = ORIENTED_EDGE('',*,*,#5371,.T.);
#5371 = EDGE_CURVE('',#5364,#5372,#5374,.T.);
#5372 = VERTEX_POINT('',#5373);
#5373 = CARTESIAN_POINT('',(-0.16,-10.32,-3.));
#5374 = LINE('',#5375,#5376);
#5375 = CARTESIAN_POINT('',(0.32,-10.32,-3.));
#5376 = VECTOR('',#5377,1.);
#5377 = DIRECTION('',(-1.,0.,0.));
#5378 = ORIENTED_EDGE('',*,*,#5379,.T.);
#5379 = EDGE_CURVE('',#5372,#4053,#5380,.T.);
#5380 = LINE('',#5381,#5382);
#5381 = CARTESIAN_POINT('',(-5.333333333333E-02,-10.21333333333,
    -3.106666666667));
#5382 = VECTOR('',#5383,1.);
#5383 = DIRECTION('',(-0.57735026919,-0.57735026919,0.57735026919));
#5384 = ORIENTED_EDGE('',*,*,#4052,.F.);
#5385 = PLANE('',#5386);
#5386 = AXIS2_PLACEMENT_3D('',#5387,#5388,#5389);
#5387 = CARTESIAN_POINT('',(0.32,-10.4,-2.92));
#5388 = DIRECTION('',(1.735167508357E-18,0.707106781187,0.707106781187)
  );
#5389 = DIRECTION('',(-1.,1.226948711654E-18,1.226948711654E-18));
#5390 = ADVANCED_FACE('',(#5391),#5402,.T.);
#5391 = FACE_BOUND('',#5392,.T.);
#5392 = EDGE_LOOP('',(#5393,#5399,#5400,#5401));
#5393 = ORIENTED_EDGE('',*,*,#5394,.T.);
#5394 = EDGE_CURVE('',#4106,#4179,#5395,.T.);
#5395 = LINE('',#5396,#5397);
#5396 = CARTESIAN_POINT('',(-0.32,-2.22,0.95));
#5397 = VECTOR('',#5398,1.);
#5398 = DIRECTION('',(0.,-1.,0.));
#5399 = ORIENTED_EDGE('',*,*,#4178,.T.);
#5400 = ORIENTED_EDGE('',*,*,#4082,.F.);
#5401 = ORIENTED_EDGE('',*,*,#4105,.F.);
#5402 = CYLINDRICAL_SURFACE('',#5403,0.64);
#5403 = AXIS2_PLACEMENT_3D('',#5404,#5405,#5406);
#5404 = CARTESIAN_POINT('',(0.32,-2.22,0.95));
#5405 = DIRECTION('',(0.,-1.,0.));
#5406 = DIRECTION('',(-1.,0.,0.));
#5407 = ADVANCED_FACE('',(#5408),#5419,.T.);
#5408 = FACE_BOUND('',#5409,.T.);
#5409 = EDGE_LOOP('',(#5410,#5411,#5417,#5418));
#5410 = ORIENTED_EDGE('',*,*,#4140,.F.);
#5411 = ORIENTED_EDGE('',*,*,#5412,.T.);
#5412 = EDGE_CURVE('',#4133,#4199,#5413,.T.);
#5413 = LINE('',#5414,#5415);
#5414 = CARTESIAN_POINT('',(-0.32,-2.22,-2.84));
#5415 = VECTOR('',#5416,1.);
#5416 = DIRECTION('',(0.,-1.,0.));
#5417 = ORIENTED_EDGE('',*,*,#4206,.T.);
#5418 = ORIENTED_EDGE('',*,*,#5394,.F.);
#5419 = PLANE('',#5420);
#5420 = AXIS2_PLACEMENT_3D('',#5421,#5422,#5423);
#5421 = CARTESIAN_POINT('',(-0.32,-2.22,-3.));
#5422 = DIRECTION('',(-1.,0.,0.));
#5423 = DIRECTION('',(0.,0.,1.));
#5424 = ADVANCED_FACE('',(#5425),#5450,.T.);
#5425 = FACE_BOUND('',#5426,.F.);
#5426 = EDGE_LOOP('',(#5427,#5435,#5436,#5444));
#5427 = ORIENTED_EDGE('',*,*,#5428,.F.);
#5428 = EDGE_CURVE('',#4125,#5429,#5431,.T.);
#5429 = VERTEX_POINT('',#5430);
#5430 = CARTESIAN_POINT('',(0.16,-2.38,-3.));
#5431 = LINE('',#5432,#5433);
#5432 = CARTESIAN_POINT('',(0.266666666667,-2.273333333333,
    -2.893333333333));
#5433 = VECTOR('',#5434,1.);
#5434 = DIRECTION('',(-0.57735026919,-0.57735026919,-0.57735026919));
#5435 = ORIENTED_EDGE('',*,*,#4132,.T.);
#5436 = ORIENTED_EDGE('',*,*,#5437,.T.);
#5437 = EDGE_CURVE('',#4133,#5438,#5440,.T.);
#5438 = VERTEX_POINT('',#5439);
#5439 = CARTESIAN_POINT('',(-0.16,-2.38,-3.));
#5440 = LINE('',#5441,#5442);
#5441 = CARTESIAN_POINT('',(-0.16,-2.38,-3.));
#5442 = VECTOR('',#5443,1.);
#5443 = DIRECTION('',(0.57735026919,-0.57735026919,-0.57735026919));
#5444 = ORIENTED_EDGE('',*,*,#5445,.F.);
#5445 = EDGE_CURVE('',#5429,#5438,#5446,.T.);
#5446 = LINE('',#5447,#5448);
#5447 = CARTESIAN_POINT('',(0.32,-2.38,-3.));
#5448 = VECTOR('',#5449,1.);
#5449 = DIRECTION('',(-1.,0.,0.));
#5450 = PLANE('',#5451);
#5451 = AXIS2_PLACEMENT_3D('',#5452,#5453,#5454);
#5452 = CARTESIAN_POINT('',(0.32,-2.3,-2.92));
#5453 = DIRECTION('',(-1.735167508357E-18,0.707106781187,-0.707106781187
    ));
#5454 = DIRECTION('',(1.,1.226948711654E-18,-1.226948711654E-18));
#5455 = ADVANCED_FACE('',(#5456),#5467,.T.);
#5456 = FACE_BOUND('',#5457,.T.);
#5457 = EDGE_LOOP('',(#5458,#5459,#5460,#5461));
#5458 = ORIENTED_EDGE('',*,*,#4124,.F.);
#5459 = ORIENTED_EDGE('',*,*,#4164,.T.);
#5460 = ORIENTED_EDGE('',*,*,#4190,.T.);
#5461 = ORIENTED_EDGE('',*,*,#5462,.F.);
#5462 = EDGE_CURVE('',#4125,#4191,#5463,.T.);
#5463 = LINE('',#5464,#5465);
#5464 = CARTESIAN_POINT('',(0.32,-2.22,-2.84));
#5465 = VECTOR('',#5466,1.);
#5466 = DIRECTION('',(0.,-1.,0.));
#5467 = PLANE('',#5468);
#5468 = AXIS2_PLACEMENT_3D('',#5469,#5470,#5471);
#5469 = CARTESIAN_POINT('',(0.32,-2.22,0.95));
#5470 = DIRECTION('',(1.,0.,0.));
#5471 = DIRECTION('',(0.,0.,-1.));
#5472 = ADVANCED_FACE('',(#5473),#5498,.F.);
#5473 = FACE_BOUND('',#5474,.F.);
#5474 = EDGE_LOOP('',(#5475,#5483,#5491,#5497));
#5475 = ORIENTED_EDGE('',*,*,#5476,.F.);
#5476 = EDGE_CURVE('',#5477,#4191,#5479,.T.);
#5477 = VERTEX_POINT('',#5478);
#5478 = CARTESIAN_POINT('',(0.16,-2.7,-3.));
#5479 = LINE('',#5480,#5481);
#5480 = CARTESIAN_POINT('',(0.16,-2.7,-3.));
#5481 = VECTOR('',#5482,1.);
#5482 = DIRECTION('',(0.57735026919,-0.57735026919,0.57735026919));
#5483 = ORIENTED_EDGE('',*,*,#5484,.T.);
#5484 = EDGE_CURVE('',#5477,#5485,#5487,.T.);
#5485 = VERTEX_POINT('',#5486);
#5486 = CARTESIAN_POINT('',(-0.16,-2.7,-3.));
#5487 = LINE('',#5488,#5489);
#5488 = CARTESIAN_POINT('',(0.32,-2.7,-3.));
#5489 = VECTOR('',#5490,1.);
#5490 = DIRECTION('',(-1.,0.,0.));
#5491 = ORIENTED_EDGE('',*,*,#5492,.T.);
#5492 = EDGE_CURVE('',#5485,#4199,#5493,.T.);
#5493 = LINE('',#5494,#5495);
#5494 = CARTESIAN_POINT('',(-5.333333333333E-02,-2.593333333333,
    -3.106666666667));
#5495 = VECTOR('',#5496,1.);
#5496 = DIRECTION('',(-0.57735026919,-0.57735026919,0.57735026919));
#5497 = ORIENTED_EDGE('',*,*,#4198,.F.);
#5498 = PLANE('',#5499);
#5499 = AXIS2_PLACEMENT_3D('',#5500,#5501,#5502);
#5500 = CARTESIAN_POINT('',(0.32,-2.78,-2.92));
#5501 = DIRECTION('',(1.735167508357E-18,0.707106781187,0.707106781187)
  );
#5502 = DIRECTION('',(-1.,1.226948711654E-18,1.226948711654E-18));
#5503 = ADVANCED_FACE('',(#5504),#5515,.T.);
#5504 = FACE_BOUND('',#5505,.T.);
#5505 = EDGE_LOOP('',(#5506,#5512,#5513,#5514));
#5506 = ORIENTED_EDGE('',*,*,#5507,.T.);
#5507 = EDGE_CURVE('',#4252,#4325,#5508,.T.);
#5508 = LINE('',#5509,#5510);
#5509 = CARTESIAN_POINT('',(-0.32,0.32,0.95));
#5510 = VECTOR('',#5511,1.);
#5511 = DIRECTION('',(0.,-1.,0.));
#5512 = ORIENTED_EDGE('',*,*,#4324,.T.);
#5513 = ORIENTED_EDGE('',*,*,#4228,.F.);
#5514 = ORIENTED_EDGE('',*,*,#4251,.F.);
#5515 = CYLINDRICAL_SURFACE('',#5516,0.64);
#5516 = AXIS2_PLACEMENT_3D('',#5517,#5518,#5519);
#5517 = CARTESIAN_POINT('',(0.32,0.32,0.95));
#5518 = DIRECTION('',(0.,-1.,0.));
#5519 = DIRECTION('',(-1.,0.,0.));
#5520 = ADVANCED_FACE('',(#5521),#5532,.T.);
#5521 = FACE_BOUND('',#5522,.T.);
#5522 = EDGE_LOOP('',(#5523,#5524,#5530,#5531));
#5523 = ORIENTED_EDGE('',*,*,#4286,.F.);
#5524 = ORIENTED_EDGE('',*,*,#5525,.T.);
#5525 = EDGE_CURVE('',#4279,#4345,#5526,.T.);
#5526 = LINE('',#5527,#5528);
#5527 = CARTESIAN_POINT('',(-0.32,0.32,-2.84));
#5528 = VECTOR('',#5529,1.);
#5529 = DIRECTION('',(0.,-1.,0.));
#5530 = ORIENTED_EDGE('',*,*,#4352,.T.);
#5531 = ORIENTED_EDGE('',*,*,#5507,.F.);
#5532 = PLANE('',#5533);
#5533 = AXIS2_PLACEMENT_3D('',#5534,#5535,#5536);
#5534 = CARTESIAN_POINT('',(-0.32,0.32,-3.));
#5535 = DIRECTION('',(-1.,0.,0.));
#5536 = DIRECTION('',(0.,0.,1.));
#5537 = ADVANCED_FACE('',(#5538),#5563,.T.);
#5538 = FACE_BOUND('',#5539,.F.);
#5539 = EDGE_LOOP('',(#5540,#5548,#5549,#5557));
#5540 = ORIENTED_EDGE('',*,*,#5541,.F.);
#5541 = EDGE_CURVE('',#4271,#5542,#5544,.T.);
#5542 = VERTEX_POINT('',#5543);
#5543 = CARTESIAN_POINT('',(0.16,0.16,-3.));
#5544 = LINE('',#5545,#5546);
#5545 = CARTESIAN_POINT('',(0.266666666667,0.266666666667,
    -2.893333333333));
#5546 = VECTOR('',#5547,1.);
#5547 = DIRECTION('',(-0.57735026919,-0.57735026919,-0.57735026919));
#5548 = ORIENTED_EDGE('',*,*,#4278,.T.);
#5549 = ORIENTED_EDGE('',*,*,#5550,.T.);
#5550 = EDGE_CURVE('',#4279,#5551,#5553,.T.);
#5551 = VERTEX_POINT('',#5552);
#5552 = CARTESIAN_POINT('',(-0.16,0.16,-3.));
#5553 = LINE('',#5554,#5555);
#5554 = CARTESIAN_POINT('',(-0.16,0.16,-3.));
#5555 = VECTOR('',#5556,1.);
#5556 = DIRECTION('',(0.57735026919,-0.57735026919,-0.57735026919));
#5557 = ORIENTED_EDGE('',*,*,#5558,.F.);
#5558 = EDGE_CURVE('',#5542,#5551,#5559,.T.);
#5559 = LINE('',#5560,#5561);
#5560 = CARTESIAN_POINT('',(0.32,0.16,-3.));
#5561 = VECTOR('',#5562,1.);
#5562 = DIRECTION('',(-1.,0.,0.));
#5563 = PLANE('',#5564);
#5564 = AXIS2_PLACEMENT_3D('',#5565,#5566,#5567);
#5565 = CARTESIAN_POINT('',(0.32,0.24,-2.92));
#5566 = DIRECTION('',(-1.735167508357E-18,0.707106781187,-0.707106781187
    ));
#5567 = DIRECTION('',(1.,1.226948711654E-18,-1.226948711654E-18));
#5568 = ADVANCED_FACE('',(#5569),#5580,.T.);
#5569 = FACE_BOUND('',#5570,.T.);
#5570 = EDGE_LOOP('',(#5571,#5572,#5573,#5574));
#5571 = ORIENTED_EDGE('',*,*,#4270,.F.);
#5572 = ORIENTED_EDGE('',*,*,#4310,.T.);
#5573 = ORIENTED_EDGE('',*,*,#4336,.T.);
#5574 = ORIENTED_EDGE('',*,*,#5575,.F.);
#5575 = EDGE_CURVE('',#4271,#4337,#5576,.T.);
#5576 = LINE('',#5577,#5578);
#5577 = CARTESIAN_POINT('',(0.32,0.32,-2.84));
#5578 = VECTOR('',#5579,1.);
#5579 = DIRECTION('',(0.,-1.,0.));
#5580 = PLANE('',#5581);
#5581 = AXIS2_PLACEMENT_3D('',#5582,#5583,#5584);
#5582 = CARTESIAN_POINT('',(0.32,0.32,0.95));
#5583 = DIRECTION('',(1.,0.,0.));
#5584 = DIRECTION('',(0.,0.,-1.));
#5585 = ADVANCED_FACE('',(#5586),#5611,.F.);
#5586 = FACE_BOUND('',#5587,.F.);
#5587 = EDGE_LOOP('',(#5588,#5596,#5604,#5610));
#5588 = ORIENTED_EDGE('',*,*,#5589,.F.);
#5589 = EDGE_CURVE('',#5590,#4337,#5592,.T.);
#5590 = VERTEX_POINT('',#5591);
#5591 = CARTESIAN_POINT('',(0.16,-0.16,-3.));
#5592 = LINE('',#5593,#5594);
#5593 = CARTESIAN_POINT('',(0.16,-0.16,-3.));
#5594 = VECTOR('',#5595,1.);
#5595 = DIRECTION('',(0.57735026919,-0.57735026919,0.57735026919));
#5596 = ORIENTED_EDGE('',*,*,#5597,.T.);
#5597 = EDGE_CURVE('',#5590,#5598,#5600,.T.);
#5598 = VERTEX_POINT('',#5599);
#5599 = CARTESIAN_POINT('',(-0.16,-0.16,-3.));
#5600 = LINE('',#5601,#5602);
#5601 = CARTESIAN_POINT('',(0.32,-0.16,-3.));
#5602 = VECTOR('',#5603,1.);
#5603 = DIRECTION('',(-1.,0.,0.));
#5604 = ORIENTED_EDGE('',*,*,#5605,.T.);
#5605 = EDGE_CURVE('',#5598,#4345,#5606,.T.);
#5606 = LINE('',#5607,#5608);
#5607 = CARTESIAN_POINT('',(-5.333333333333E-02,-5.333333333333E-02,
    -3.106666666667));
#5608 = VECTOR('',#5609,1.);
#5609 = DIRECTION('',(-0.57735026919,-0.57735026919,0.57735026919));
#5610 = ORIENTED_EDGE('',*,*,#4344,.F.);
#5611 = PLANE('',#5612);
#5612 = AXIS2_PLACEMENT_3D('',#5613,#5614,#5615);
#5613 = CARTESIAN_POINT('',(0.32,-0.24,-2.92));
#5614 = DIRECTION('',(1.735167508357E-18,0.707106781187,0.707106781187)
  );
#5615 = DIRECTION('',(-1.,1.226948711654E-18,1.226948711654E-18));
#5616 = ADVANCED_FACE('',(#5617),#5642,.T.);
#5617 = FACE_BOUND('',#5618,.T.);
#5618 = EDGE_LOOP('',(#5619,#5627,#5628,#5636));
#5619 = ORIENTED_EDGE('',*,*,#5620,.F.);
#5620 = EDGE_CURVE('',#4367,#5621,#5623,.T.);
#5621 = VERTEX_POINT('',#5622);
#5622 = CARTESIAN_POINT('',(10.04,-4.92,1.43));
#5623 = LINE('',#5624,#5625);
#5624 = CARTESIAN_POINT('',(9.933333333333,-4.813333333333,
    1.536666666667));
#5625 = VECTOR('',#5626,1.);
#5626 = DIRECTION('',(0.57735026919,-0.57735026919,-0.57735026919));
#5627 = ORIENTED_EDGE('',*,*,#4383,.T.);
#5628 = ORIENTED_EDGE('',*,*,#5629,.T.);
#5629 = EDGE_CURVE('',#4376,#5630,#5632,.T.);
#5630 = VERTEX_POINT('',#5631);
#5631 = CARTESIAN_POINT('',(10.04,-5.24,1.43));
#5632 = LINE('',#5633,#5634);
#5633 = CARTESIAN_POINT('',(10.04,-5.24,1.43));
#5634 = VECTOR('',#5635,1.);
#5635 = DIRECTION('',(0.57735026919,0.57735026919,-0.57735026919));
#5636 = ORIENTED_EDGE('',*,*,#5637,.F.);
#5637 = EDGE_CURVE('',#5621,#5630,#5638,.T.);
#5638 = LINE('',#5639,#5640);
#5639 = CARTESIAN_POINT('',(10.04,-4.76,1.43));
#5640 = VECTOR('',#5641,1.);
#5641 = DIRECTION('',(0.,-1.,0.));
#5642 = PLANE('',#5643);
#5643 = AXIS2_PLACEMENT_3D('',#5644,#5645,#5646);
#5644 = CARTESIAN_POINT('',(9.96,-4.76,1.51));
#5645 = DIRECTION('',(0.707106781187,-1.735167508357E-18,0.707106781187)
  );
#5646 = DIRECTION('',(-1.226948711654E-18,-1.,-1.226948711654E-18));
#5647 = ADVANCED_FACE('',(#5648),#5666,.T.);
#5648 = FACE_BOUND('',#5649,.F.);
#5649 = EDGE_LOOP('',(#5650,#5651,#5652,#5660));
#5650 = ORIENTED_EDGE('',*,*,#5620,.F.);
#5651 = ORIENTED_EDGE('',*,*,#4399,.T.);
#5652 = ORIENTED_EDGE('',*,*,#5653,.T.);
#5653 = EDGE_CURVE('',#4400,#5654,#5656,.T.);
#5654 = VERTEX_POINT('',#5655);
#5655 = CARTESIAN_POINT('',(10.04,-4.92,1.11));
#5656 = LINE('',#5657,#5658);
#5657 = CARTESIAN_POINT('',(10.04,-4.92,1.11));
#5658 = VECTOR('',#5659,1.);
#5659 = DIRECTION('',(0.57735026919,-0.57735026919,0.57735026919));
#5660 = ORIENTED_EDGE('',*,*,#5661,.F.);
#5661 = EDGE_CURVE('',#5621,#5654,#5662,.T.);
#5662 = LINE('',#5663,#5664);
#5663 = CARTESIAN_POINT('',(10.04,-4.92,1.59));
#5664 = VECTOR('',#5665,1.);
#5665 = DIRECTION('',(0.,0.,-1.));
#5666 = PLANE('',#5667);
#5667 = AXIS2_PLACEMENT_3D('',#5668,#5669,#5670);
#5668 = CARTESIAN_POINT('',(9.96,-4.84,1.59));
#5669 = DIRECTION('',(0.707106781187,0.707106781187,-1.735167508357E-18)
  );
#5670 = DIRECTION('',(1.226948711654E-18,1.226948711654E-18,1.));
#5671 = ADVANCED_FACE('',(#5672),#5690,.T.);
#5672 = FACE_BOUND('',#5673,.F.);
#5673 = EDGE_LOOP('',(#5674,#5675,#5676,#5684));
#5674 = ORIENTED_EDGE('',*,*,#5653,.F.);
#5675 = ORIENTED_EDGE('',*,*,#4422,.T.);
#5676 = ORIENTED_EDGE('',*,*,#5677,.T.);
#5677 = EDGE_CURVE('',#4423,#5678,#5680,.T.);
#5678 = VERTEX_POINT('',#5679);
#5679 = CARTESIAN_POINT('',(10.04,-5.24,1.11));
#5680 = LINE('',#5681,#5682);
#5681 = CARTESIAN_POINT('',(10.146666666667,-5.133333333333,
    1.216666666667));
#5682 = VECTOR('',#5683,1.);
#5683 = DIRECTION('',(0.57735026919,0.57735026919,0.57735026919));
#5684 = ORIENTED_EDGE('',*,*,#5685,.F.);
#5685 = EDGE_CURVE('',#5654,#5678,#5686,.T.);
#5686 = LINE('',#5687,#5688);
#5687 = CARTESIAN_POINT('',(10.04,-4.76,1.11));
#5688 = VECTOR('',#5689,1.);
#5689 = DIRECTION('',(0.,-1.,0.));
#5690 = PLANE('',#5691);
#5691 = AXIS2_PLACEMENT_3D('',#5692,#5693,#5694);
#5692 = CARTESIAN_POINT('',(9.96,-4.76,1.03));
#5693 = DIRECTION('',(0.707106781187,0.,-0.707106781187));
#5694 = DIRECTION('',(0.,1.,0.));
#5695 = ADVANCED_FACE('',(#5696),#5707,.F.);
#5696 = FACE_BOUND('',#5697,.T.);
#5697 = EDGE_LOOP('',(#5698,#5699,#5700,#5701));
#5698 = ORIENTED_EDGE('',*,*,#5629,.F.);
#5699 = ORIENTED_EDGE('',*,*,#4447,.T.);
#5700 = ORIENTED_EDGE('',*,*,#5677,.T.);
#5701 = ORIENTED_EDGE('',*,*,#5702,.F.);
#5702 = EDGE_CURVE('',#5630,#5678,#5703,.T.);
#5703 = LINE('',#5704,#5705);
#5704 = CARTESIAN_POINT('',(10.04,-5.24,1.59));
#5705 = VECTOR('',#5706,1.);
#5706 = DIRECTION('',(0.,0.,-1.));
#5707 = PLANE('',#5708);
#5708 = AXIS2_PLACEMENT_3D('',#5709,#5710,#5711);
#5709 = CARTESIAN_POINT('',(9.96,-5.32,1.59));
#5710 = DIRECTION('',(-0.707106781187,0.707106781187,1.735167508357E-18)
  );
#5711 = DIRECTION('',(1.226948711654E-18,-1.226948711654E-18,1.));
#5712 = ADVANCED_FACE('',(#5713),#5738,.T.);
#5713 = FACE_BOUND('',#5714,.T.);
#5714 = EDGE_LOOP('',(#5715,#5723,#5724,#5732));
#5715 = ORIENTED_EDGE('',*,*,#5716,.F.);
#5716 = EDGE_CURVE('',#4463,#5717,#5719,.T.);
#5717 = VERTEX_POINT('',#5718);
#5718 = CARTESIAN_POINT('',(10.04,-7.46,1.43));
#5719 = LINE('',#5720,#5721);
#5720 = CARTESIAN_POINT('',(9.933333333333,-7.353333333333,
    1.536666666667));
#5721 = VECTOR('',#5722,1.);
#5722 = DIRECTION('',(0.57735026919,-0.57735026919,-0.57735026919));
#5723 = ORIENTED_EDGE('',*,*,#4479,.T.);
#5724 = ORIENTED_EDGE('',*,*,#5725,.T.);
#5725 = EDGE_CURVE('',#4472,#5726,#5728,.T.);
#5726 = VERTEX_POINT('',#5727);
#5727 = CARTESIAN_POINT('',(10.04,-7.78,1.43));
#5728 = LINE('',#5729,#5730);
#5729 = CARTESIAN_POINT('',(10.04,-7.78,1.43));
#5730 = VECTOR('',#5731,1.);
#5731 = DIRECTION('',(0.57735026919,0.57735026919,-0.57735026919));
#5732 = ORIENTED_EDGE('',*,*,#5733,.F.);
#5733 = EDGE_CURVE('',#5717,#5726,#5734,.T.);
#5734 = LINE('',#5735,#5736);
#5735 = CARTESIAN_POINT('',(10.04,-7.3,1.43));
#5736 = VECTOR('',#5737,1.);
#5737 = DIRECTION('',(0.,-1.,0.));
#5738 = PLANE('',#5739);
#5739 = AXIS2_PLACEMENT_3D('',#5740,#5741,#5742);
#5740 = CARTESIAN_POINT('',(9.96,-7.3,1.51));
#5741 = DIRECTION('',(0.707106781187,-1.735167508357E-18,0.707106781187)
  );
#5742 = DIRECTION('',(-1.226948711654E-18,-1.,-1.226948711654E-18));
#5743 = ADVANCED_FACE('',(#5744),#5762,.T.);
#5744 = FACE_BOUND('',#5745,.F.);
#5745 = EDGE_LOOP('',(#5746,#5747,#5748,#5756));
#5746 = ORIENTED_EDGE('',*,*,#5716,.F.);
#5747 = ORIENTED_EDGE('',*,*,#4495,.T.);
#5748 = ORIENTED_EDGE('',*,*,#5749,.T.);
#5749 = EDGE_CURVE('',#4496,#5750,#5752,.T.);
#5750 = VERTEX_POINT('',#5751);
#5751 = CARTESIAN_POINT('',(10.04,-7.46,1.11));
#5752 = LINE('',#5753,#5754);
#5753 = CARTESIAN_POINT('',(10.04,-7.46,1.11));
#5754 = VECTOR('',#5755,1.);
#5755 = DIRECTION('',(0.57735026919,-0.57735026919,0.57735026919));
#5756 = ORIENTED_EDGE('',*,*,#5757,.F.);
#5757 = EDGE_CURVE('',#5717,#5750,#5758,.T.);
#5758 = LINE('',#5759,#5760);
#5759 = CARTESIAN_POINT('',(10.04,-7.46,1.59));
#5760 = VECTOR('',#5761,1.);
#5761 = DIRECTION('',(0.,0.,-1.));
#5762 = PLANE('',#5763);
#5763 = AXIS2_PLACEMENT_3D('',#5764,#5765,#5766);
#5764 = CARTESIAN_POINT('',(9.96,-7.38,1.59));
#5765 = DIRECTION('',(0.707106781187,0.707106781187,-1.735167508357E-18)
  );
#5766 = DIRECTION('',(1.226948711654E-18,1.226948711654E-18,1.));
#5767 = ADVANCED_FACE('',(#5768),#5786,.T.);
#5768 = FACE_BOUND('',#5769,.F.);
#5769 = EDGE_LOOP('',(#5770,#5771,#5772,#5780));
#5770 = ORIENTED_EDGE('',*,*,#5749,.F.);
#5771 = ORIENTED_EDGE('',*,*,#4518,.T.);
#5772 = ORIENTED_EDGE('',*,*,#5773,.T.);
#5773 = EDGE_CURVE('',#4519,#5774,#5776,.T.);
#5774 = VERTEX_POINT('',#5775);
#5775 = CARTESIAN_POINT('',(10.04,-7.78,1.11));
#5776 = LINE('',#5777,#5778);
#5777 = CARTESIAN_POINT('',(10.146666666667,-7.673333333333,
    1.216666666667));
#5778 = VECTOR('',#5779,1.);
#5779 = DIRECTION('',(0.57735026919,0.57735026919,0.57735026919));
#5780 = ORIENTED_EDGE('',*,*,#5781,.F.);
#5781 = EDGE_CURVE('',#5750,#5774,#5782,.T.);
#5782 = LINE('',#5783,#5784);
#5783 = CARTESIAN_POINT('',(10.04,-7.3,1.11));
#5784 = VECTOR('',#5785,1.);
#5785 = DIRECTION('',(0.,-1.,0.));
#5786 = PLANE('',#5787);
#5787 = AXIS2_PLACEMENT_3D('',#5788,#5789,#5790);
#5788 = CARTESIAN_POINT('',(9.96,-7.3,1.03));
#5789 = DIRECTION('',(0.707106781187,0.,-0.707106781187));
#5790 = DIRECTION('',(0.,1.,0.));
#5791 = ADVANCED_FACE('',(#5792),#5803,.F.);
#5792 = FACE_BOUND('',#5793,.T.);
#5793 = EDGE_LOOP('',(#5794,#5795,#5796,#5797));
#5794 = ORIENTED_EDGE('',*,*,#5725,.F.);
#5795 = ORIENTED_EDGE('',*,*,#4543,.T.);
#5796 = ORIENTED_EDGE('',*,*,#5773,.T.);
#5797 = ORIENTED_EDGE('',*,*,#5798,.F.);
#5798 = EDGE_CURVE('',#5726,#5774,#5799,.T.);
#5799 = LINE('',#5800,#5801);
#5800 = CARTESIAN_POINT('',(10.04,-7.78,1.59));
#5801 = VECTOR('',#5802,1.);
#5802 = DIRECTION('',(0.,0.,-1.));
#5803 = PLANE('',#5804);
#5804 = AXIS2_PLACEMENT_3D('',#5805,#5806,#5807);
#5805 = CARTESIAN_POINT('',(9.96,-7.86,1.59));
#5806 = DIRECTION('',(-0.707106781187,0.707106781187,1.735167508357E-18)
  );
#5807 = DIRECTION('',(1.226948711654E-18,-1.226948711654E-18,1.));
#5808 = ADVANCED_FACE('',(#5809),#5834,.T.);
#5809 = FACE_BOUND('',#5810,.F.);
#5810 = EDGE_LOOP('',(#5811,#5819,#5820,#5828));
#5811 = ORIENTED_EDGE('',*,*,#5812,.F.);
#5812 = EDGE_CURVE('',#4560,#5813,#5815,.T.);
#5813 = VERTEX_POINT('',#5814);
#5814 = CARTESIAN_POINT('',(10.04,-12.54,1.43));
#5815 = LINE('',#5816,#5817);
#5816 = CARTESIAN_POINT('',(9.933333333333,-12.43333333333,
    1.536666666667));
#5817 = VECTOR('',#5818,1.);
#5818 = DIRECTION('',(0.57735026919,-0.57735026919,-0.57735026919));
#5819 = ORIENTED_EDGE('',*,*,#4567,.T.);
#5820 = ORIENTED_EDGE('',*,*,#5821,.T.);
#5821 = EDGE_CURVE('',#4568,#5822,#5824,.T.);
#5822 = VERTEX_POINT('',#5823);
#5823 = CARTESIAN_POINT('',(10.04,-12.54,1.11));
#5824 = LINE('',#5825,#5826);
#5825 = CARTESIAN_POINT('',(10.04,-12.54,1.11));
#5826 = VECTOR('',#5827,1.);
#5827 = DIRECTION('',(0.57735026919,-0.57735026919,0.57735026919));
#5828 = ORIENTED_EDGE('',*,*,#5829,.F.);
#5829 = EDGE_CURVE('',#5813,#5822,#5830,.T.);
#5830 = LINE('',#5831,#5832);
#5831 = CARTESIAN_POINT('',(10.04,-12.54,1.59));
#5832 = VECTOR('',#5833,1.);
#5833 = DIRECTION('',(0.,0.,-1.));
#5834 = PLANE('',#5835);
#5835 = AXIS2_PLACEMENT_3D('',#5836,#5837,#5838);
#5836 = CARTESIAN_POINT('',(9.96,-12.46,1.59));
#5837 = DIRECTION('',(0.707106781187,0.707106781187,-1.735167508357E-18)
  );
#5838 = DIRECTION('',(1.226948711654E-18,1.226948711654E-18,1.));
#5839 = ADVANCED_FACE('',(#5840),#5858,.T.);
#5840 = FACE_BOUND('',#5841,.F.);
#5841 = EDGE_LOOP('',(#5842,#5843,#5844,#5852));
#5842 = ORIENTED_EDGE('',*,*,#5821,.F.);
#5843 = ORIENTED_EDGE('',*,*,#4590,.T.);
#5844 = ORIENTED_EDGE('',*,*,#5845,.T.);
#5845 = EDGE_CURVE('',#4591,#5846,#5848,.T.);
#5846 = VERTEX_POINT('',#5847);
#5847 = CARTESIAN_POINT('',(10.04,-12.86,1.11));
#5848 = LINE('',#5849,#5850);
#5849 = CARTESIAN_POINT('',(10.146666666667,-12.75333333333,
    1.216666666667));
#5850 = VECTOR('',#5851,1.);
#5851 = DIRECTION('',(0.57735026919,0.57735026919,0.57735026919));
#5852 = ORIENTED_EDGE('',*,*,#5853,.F.);
#5853 = EDGE_CURVE('',#5822,#5846,#5854,.T.);
#5854 = LINE('',#5855,#5856);
#5855 = CARTESIAN_POINT('',(10.04,-12.38,1.11));
#5856 = VECTOR('',#5857,1.);
#5857 = DIRECTION('',(0.,-1.,0.));
#5858 = PLANE('',#5859);
#5859 = AXIS2_PLACEMENT_3D('',#5860,#5861,#5862);
#5860 = CARTESIAN_POINT('',(9.96,-12.38,1.03));
#5861 = DIRECTION('',(0.707106781187,0.,-0.707106781187));
#5862 = DIRECTION('',(0.,1.,0.));
#5863 = ADVANCED_FACE('',(#5864),#5882,.F.);
#5864 = FACE_BOUND('',#5865,.T.);
#5865 = EDGE_LOOP('',(#5866,#5874,#5875,#5876));
#5866 = ORIENTED_EDGE('',*,*,#5867,.F.);
#5867 = EDGE_CURVE('',#4615,#5868,#5870,.T.);
#5868 = VERTEX_POINT('',#5869);
#5869 = CARTESIAN_POINT('',(10.04,-12.86,1.43));
#5870 = LINE('',#5871,#5872);
#5871 = CARTESIAN_POINT('',(10.04,-12.86,1.43));
#5872 = VECTOR('',#5873,1.);
#5873 = DIRECTION('',(0.57735026919,0.57735026919,-0.57735026919));
#5874 = ORIENTED_EDGE('',*,*,#4622,.T.);
#5875 = ORIENTED_EDGE('',*,*,#5845,.T.);
#5876 = ORIENTED_EDGE('',*,*,#5877,.F.);
#5877 = EDGE_CURVE('',#5868,#5846,#5878,.T.);
#5878 = LINE('',#5879,#5880);
#5879 = CARTESIAN_POINT('',(10.04,-12.86,1.59));
#5880 = VECTOR('',#5881,1.);
#5881 = DIRECTION('',(0.,0.,-1.));
#5882 = PLANE('',#5883);
#5883 = AXIS2_PLACEMENT_3D('',#5884,#5885,#5886);
#5884 = CARTESIAN_POINT('',(9.96,-12.94,1.59));
#5885 = DIRECTION('',(-0.707106781187,0.707106781187,1.735167508357E-18)
  );
#5886 = DIRECTION('',(1.226948711654E-18,-1.226948711654E-18,1.));
#5887 = ADVANCED_FACE('',(#5888),#5899,.T.);
#5888 = FACE_BOUND('',#5889,.T.);
#5889 = EDGE_LOOP('',(#5890,#5891,#5892,#5893));
#5890 = ORIENTED_EDGE('',*,*,#5812,.F.);
#5891 = ORIENTED_EDGE('',*,*,#4640,.T.);
#5892 = ORIENTED_EDGE('',*,*,#5867,.T.);
#5893 = ORIENTED_EDGE('',*,*,#5894,.F.);
#5894 = EDGE_CURVE('',#5813,#5868,#5895,.T.);
#5895 = LINE('',#5896,#5897);
#5896 = CARTESIAN_POINT('',(10.04,-12.38,1.43));
#5897 = VECTOR('',#5898,1.);
#5898 = DIRECTION('',(0.,-1.,0.));
#5899 = PLANE('',#5900);
#5900 = AXIS2_PLACEMENT_3D('',#5901,#5902,#5903);
#5901 = CARTESIAN_POINT('',(9.96,-12.38,1.51));
#5902 = DIRECTION('',(0.707106781187,-1.735167508357E-18,0.707106781187)
  );
#5903 = DIRECTION('',(-1.226948711654E-18,-1.,-1.226948711654E-18));
#5904 = ADVANCED_FACE('',(#5905),#5930,.T.);
#5905 = FACE_BOUND('',#5906,.T.);
#5906 = EDGE_LOOP('',(#5907,#5915,#5916,#5924));
#5907 = ORIENTED_EDGE('',*,*,#5908,.F.);
#5908 = EDGE_CURVE('',#4655,#5909,#5911,.T.);
#5909 = VERTEX_POINT('',#5910);
#5910 = CARTESIAN_POINT('',(10.04,-10.,1.43));
#5911 = LINE('',#5912,#5913);
#5912 = CARTESIAN_POINT('',(9.933333333333,-9.893333333333,
    1.536666666667));
#5913 = VECTOR('',#5914,1.);
#5914 = DIRECTION('',(0.57735026919,-0.57735026919,-0.57735026919));
#5915 = ORIENTED_EDGE('',*,*,#4671,.T.);
#5916 = ORIENTED_EDGE('',*,*,#5917,.T.);
#5917 = EDGE_CURVE('',#4664,#5918,#5920,.T.);
#5918 = VERTEX_POINT('',#5919);
#5919 = CARTESIAN_POINT('',(10.04,-10.32,1.43));
#5920 = LINE('',#5921,#5922);
#5921 = CARTESIAN_POINT('',(10.04,-10.32,1.43));
#5922 = VECTOR('',#5923,1.);
#5923 = DIRECTION('',(0.57735026919,0.57735026919,-0.57735026919));
#5924 = ORIENTED_EDGE('',*,*,#5925,.F.);
#5925 = EDGE_CURVE('',#5909,#5918,#5926,.T.);
#5926 = LINE('',#5927,#5928);
#5927 = CARTESIAN_POINT('',(10.04,-9.84,1.43));
#5928 = VECTOR('',#5929,1.);
#5929 = DIRECTION('',(0.,-1.,0.));
#5930 = PLANE('',#5931);
#5931 = AXIS2_PLACEMENT_3D('',#5932,#5933,#5934);
#5932 = CARTESIAN_POINT('',(9.96,-9.84,1.51));
#5933 = DIRECTION('',(0.707106781187,-1.735167508357E-18,0.707106781187)
  );
#5934 = DIRECTION('',(-1.226948711654E-18,-1.,-1.226948711654E-18));
#5935 = ADVANCED_FACE('',(#5936),#5954,.T.);
#5936 = FACE_BOUND('',#5937,.F.);
#5937 = EDGE_LOOP('',(#5938,#5939,#5940,#5948));
#5938 = ORIENTED_EDGE('',*,*,#5908,.F.);
#5939 = ORIENTED_EDGE('',*,*,#4687,.T.);
#5940 = ORIENTED_EDGE('',*,*,#5941,.T.);
#5941 = EDGE_CURVE('',#4688,#5942,#5944,.T.);
#5942 = VERTEX_POINT('',#5943);
#5943 = CARTESIAN_POINT('',(10.04,-10.,1.11));
#5944 = LINE('',#5945,#5946);
#5945 = CARTESIAN_POINT('',(10.04,-10.,1.11));
#5946 = VECTOR('',#5947,1.);
#5947 = DIRECTION('',(0.57735026919,-0.57735026919,0.57735026919));
#5948 = ORIENTED_EDGE('',*,*,#5949,.F.);
#5949 = EDGE_CURVE('',#5909,#5942,#5950,.T.);
#5950 = LINE('',#5951,#5952);
#5951 = CARTESIAN_POINT('',(10.04,-10.,1.59));
#5952 = VECTOR('',#5953,1.);
#5953 = DIRECTION('',(0.,0.,-1.));
#5954 = PLANE('',#5955);
#5955 = AXIS2_PLACEMENT_3D('',#5956,#5957,#5958);
#5956 = CARTESIAN_POINT('',(9.96,-9.92,1.59));
#5957 = DIRECTION('',(0.707106781187,0.707106781187,-1.735167508357E-18)
  );
#5958 = DIRECTION('',(1.226948711654E-18,1.226948711654E-18,1.));
#5959 = ADVANCED_FACE('',(#5960),#5978,.T.);
#5960 = FACE_BOUND('',#5961,.F.);
#5961 = EDGE_LOOP('',(#5962,#5963,#5964,#5972));
#5962 = ORIENTED_EDGE('',*,*,#5941,.F.);
#5963 = ORIENTED_EDGE('',*,*,#4710,.T.);
#5964 = ORIENTED_EDGE('',*,*,#5965,.T.);
#5965 = EDGE_CURVE('',#4711,#5966,#5968,.T.);
#5966 = VERTEX_POINT('',#5967);
#5967 = CARTESIAN_POINT('',(10.04,-10.32,1.11));
#5968 = LINE('',#5969,#5970);
#5969 = CARTESIAN_POINT('',(10.146666666667,-10.21333333333,
    1.216666666667));
#5970 = VECTOR('',#5971,1.);
#5971 = DIRECTION('',(0.57735026919,0.57735026919,0.57735026919));
#5972 = ORIENTED_EDGE('',*,*,#5973,.F.);
#5973 = EDGE_CURVE('',#5942,#5966,#5974,.T.);
#5974 = LINE('',#5975,#5976);
#5975 = CARTESIAN_POINT('',(10.04,-9.84,1.11));
#5976 = VECTOR('',#5977,1.);
#5977 = DIRECTION('',(0.,-1.,0.));
#5978 = PLANE('',#5979);
#5979 = AXIS2_PLACEMENT_3D('',#5980,#5981,#5982);
#5980 = CARTESIAN_POINT('',(9.96,-9.84,1.03));
#5981 = DIRECTION('',(0.707106781187,0.,-0.707106781187));
#5982 = DIRECTION('',(0.,1.,0.));
#5983 = ADVANCED_FACE('',(#5984),#5995,.F.);
#5984 = FACE_BOUND('',#5985,.T.);
#5985 = EDGE_LOOP('',(#5986,#5987,#5988,#5989));
#5986 = ORIENTED_EDGE('',*,*,#5917,.F.);
#5987 = ORIENTED_EDGE('',*,*,#4735,.T.);
#5988 = ORIENTED_EDGE('',*,*,#5965,.T.);
#5989 = ORIENTED_EDGE('',*,*,#5990,.F.);
#5990 = EDGE_CURVE('',#5918,#5966,#5991,.T.);
#5991 = LINE('',#5992,#5993);
#5992 = CARTESIAN_POINT('',(10.04,-10.32,1.59));
#5993 = VECTOR('',#5994,1.);
#5994 = DIRECTION('',(0.,0.,-1.));
#5995 = PLANE('',#5996);
#5996 = AXIS2_PLACEMENT_3D('',#5997,#5998,#5999);
#5997 = CARTESIAN_POINT('',(9.96,-10.4,1.59));
#5998 = DIRECTION('',(-0.707106781187,0.707106781187,1.735167508357E-18)
  );
#5999 = DIRECTION('',(1.226948711654E-18,-1.226948711654E-18,1.));
#6000 = ADVANCED_FACE('',(#6001),#6026,.T.);
#6001 = FACE_BOUND('',#6002,.T.);
#6002 = EDGE_LOOP('',(#6003,#6011,#6012,#6020));
#6003 = ORIENTED_EDGE('',*,*,#6004,.F.);
#6004 = EDGE_CURVE('',#4751,#6005,#6007,.T.);
#6005 = VERTEX_POINT('',#6006);
#6006 = CARTESIAN_POINT('',(10.04,-2.38,1.43));
#6007 = LINE('',#6008,#6009);
#6008 = CARTESIAN_POINT('',(9.933333333333,-2.273333333333,
    1.536666666667));
#6009 = VECTOR('',#6010,1.);
#6010 = DIRECTION('',(0.57735026919,-0.57735026919,-0.57735026919));
#6011 = ORIENTED_EDGE('',*,*,#4767,.T.);
#6012 = ORIENTED_EDGE('',*,*,#6013,.T.);
#6013 = EDGE_CURVE('',#4760,#6014,#6016,.T.);
#6014 = VERTEX_POINT('',#6015);
#6015 = CARTESIAN_POINT('',(10.04,-2.7,1.43));
#6016 = LINE('',#6017,#6018);
#6017 = CARTESIAN_POINT('',(10.04,-2.7,1.43));
#6018 = VECTOR('',#6019,1.);
#6019 = DIRECTION('',(0.57735026919,0.57735026919,-0.57735026919));
#6020 = ORIENTED_EDGE('',*,*,#6021,.F.);
#6021 = EDGE_CURVE('',#6005,#6014,#6022,.T.);
#6022 = LINE('',#6023,#6024);
#6023 = CARTESIAN_POINT('',(10.04,-2.22,1.43));
#6024 = VECTOR('',#6025,1.);
#6025 = DIRECTION('',(0.,-1.,0.));
#6026 = PLANE('',#6027);
#6027 = AXIS2_PLACEMENT_3D('',#6028,#6029,#6030);
#6028 = CARTESIAN_POINT('',(9.96,-2.22,1.51));
#6029 = DIRECTION('',(0.707106781187,-1.735167508357E-18,0.707106781187)
  );
#6030 = DIRECTION('',(-1.226948711654E-18,-1.,-1.226948711654E-18));
#6031 = ADVANCED_FACE('',(#6032),#6050,.T.);
#6032 = FACE_BOUND('',#6033,.F.);
#6033 = EDGE_LOOP('',(#6034,#6035,#6036,#6044));
#6034 = ORIENTED_EDGE('',*,*,#6004,.F.);
#6035 = ORIENTED_EDGE('',*,*,#4783,.T.);
#6036 = ORIENTED_EDGE('',*,*,#6037,.T.);
#6037 = EDGE_CURVE('',#4784,#6038,#6040,.T.);
#6038 = VERTEX_POINT('',#6039);
#6039 = CARTESIAN_POINT('',(10.04,-2.38,1.11));
#6040 = LINE('',#6041,#6042);
#6041 = CARTESIAN_POINT('',(10.04,-2.38,1.11));
#6042 = VECTOR('',#6043,1.);
#6043 = DIRECTION('',(0.57735026919,-0.57735026919,0.57735026919));
#6044 = ORIENTED_EDGE('',*,*,#6045,.F.);
#6045 = EDGE_CURVE('',#6005,#6038,#6046,.T.);
#6046 = LINE('',#6047,#6048);
#6047 = CARTESIAN_POINT('',(10.04,-2.38,1.59));
#6048 = VECTOR('',#6049,1.);
#6049 = DIRECTION('',(0.,0.,-1.));
#6050 = PLANE('',#6051);
#6051 = AXIS2_PLACEMENT_3D('',#6052,#6053,#6054);
#6052 = CARTESIAN_POINT('',(9.96,-2.3,1.59));
#6053 = DIRECTION('',(0.707106781187,0.707106781187,-1.735167508357E-18)
  );
#6054 = DIRECTION('',(1.226948711654E-18,1.226948711654E-18,1.));
#6055 = ADVANCED_FACE('',(#6056),#6074,.T.);
#6056 = FACE_BOUND('',#6057,.F.);
#6057 = EDGE_LOOP('',(#6058,#6059,#6060,#6068));
#6058 = ORIENTED_EDGE('',*,*,#6037,.F.);
#6059 = ORIENTED_EDGE('',*,*,#4806,.T.);
#6060 = ORIENTED_EDGE('',*,*,#6061,.T.);
#6061 = EDGE_CURVE('',#4807,#6062,#6064,.T.);
#6062 = VERTEX_POINT('',#6063);
#6063 = CARTESIAN_POINT('',(10.04,-2.7,1.11));
#6064 = LINE('',#6065,#6066);
#6065 = CARTESIAN_POINT('',(10.146666666667,-2.593333333333,
    1.216666666667));
#6066 = VECTOR('',#6067,1.);
#6067 = DIRECTION('',(0.57735026919,0.57735026919,0.57735026919));
#6068 = ORIENTED_EDGE('',*,*,#6069,.F.);
#6069 = EDGE_CURVE('',#6038,#6062,#6070,.T.);
#6070 = LINE('',#6071,#6072);
#6071 = CARTESIAN_POINT('',(10.04,-2.22,1.11));
#6072 = VECTOR('',#6073,1.);
#6073 = DIRECTION('',(0.,-1.,0.));
#6074 = PLANE('',#6075);
#6075 = AXIS2_PLACEMENT_3D('',#6076,#6077,#6078);
#6076 = CARTESIAN_POINT('',(9.96,-2.22,1.03));
#6077 = DIRECTION('',(0.707106781187,0.,-0.707106781187));
#6078 = DIRECTION('',(0.,1.,0.));
#6079 = ADVANCED_FACE('',(#6080),#6091,.F.);
#6080 = FACE_BOUND('',#6081,.T.);
#6081 = EDGE_LOOP('',(#6082,#6083,#6084,#6085));
#6082 = ORIENTED_EDGE('',*,*,#6013,.F.);
#6083 = ORIENTED_EDGE('',*,*,#4831,.T.);
#6084 = ORIENTED_EDGE('',*,*,#6061,.T.);
#6085 = ORIENTED_EDGE('',*,*,#6086,.F.);
#6086 = EDGE_CURVE('',#6014,#6062,#6087,.T.);
#6087 = LINE('',#6088,#6089);
#6088 = CARTESIAN_POINT('',(10.04,-2.7,1.59));
#6089 = VECTOR('',#6090,1.);
#6090 = DIRECTION('',(0.,0.,-1.));
#6091 = PLANE('',#6092);
#6092 = AXIS2_PLACEMENT_3D('',#6093,#6094,#6095);
#6093 = CARTESIAN_POINT('',(9.96,-2.78,1.59));
#6094 = DIRECTION('',(-0.707106781187,0.707106781187,1.735167508357E-18)
  );
#6095 = DIRECTION('',(1.226948711654E-18,-1.226948711654E-18,1.));
#6096 = ADVANCED_FACE('',(#6097),#6122,.T.);
#6097 = FACE_BOUND('',#6098,.T.);
#6098 = EDGE_LOOP('',(#6099,#6107,#6108,#6116));
#6099 = ORIENTED_EDGE('',*,*,#6100,.F.);
#6100 = EDGE_CURVE('',#4847,#6101,#6103,.T.);
#6101 = VERTEX_POINT('',#6102);
#6102 = CARTESIAN_POINT('',(10.04,0.16,1.43));
#6103 = LINE('',#6104,#6105);
#6104 = CARTESIAN_POINT('',(9.933333333333,0.266666666667,1.536666666667
    ));
#6105 = VECTOR('',#6106,1.);
#6106 = DIRECTION('',(0.57735026919,-0.57735026919,-0.57735026919));
#6107 = ORIENTED_EDGE('',*,*,#4863,.T.);
#6108 = ORIENTED_EDGE('',*,*,#6109,.T.);
#6109 = EDGE_CURVE('',#4856,#6110,#6112,.T.);
#6110 = VERTEX_POINT('',#6111);
#6111 = CARTESIAN_POINT('',(10.04,-0.16,1.43));
#6112 = LINE('',#6113,#6114);
#6113 = CARTESIAN_POINT('',(10.04,-0.16,1.43));
#6114 = VECTOR('',#6115,1.);
#6115 = DIRECTION('',(0.57735026919,0.57735026919,-0.57735026919));
#6116 = ORIENTED_EDGE('',*,*,#6117,.F.);
#6117 = EDGE_CURVE('',#6101,#6110,#6118,.T.);
#6118 = LINE('',#6119,#6120);
#6119 = CARTESIAN_POINT('',(10.04,0.32,1.43));
#6120 = VECTOR('',#6121,1.);
#6121 = DIRECTION('',(0.,-1.,0.));
#6122 = PLANE('',#6123);
#6123 = AXIS2_PLACEMENT_3D('',#6124,#6125,#6126);
#6124 = CARTESIAN_POINT('',(9.96,0.32,1.51));
#6125 = DIRECTION('',(0.707106781187,-1.735167508357E-18,0.707106781187)
  );
#6126 = DIRECTION('',(-1.226948711654E-18,-1.,-1.226948711654E-18));
#6127 = ADVANCED_FACE('',(#6128),#6146,.T.);
#6128 = FACE_BOUND('',#6129,.F.);
#6129 = EDGE_LOOP('',(#6130,#6131,#6132,#6140));
#6130 = ORIENTED_EDGE('',*,*,#6100,.F.);
#6131 = ORIENTED_EDGE('',*,*,#4879,.T.);
#6132 = ORIENTED_EDGE('',*,*,#6133,.T.);
#6133 = EDGE_CURVE('',#4880,#6134,#6136,.T.);
#6134 = VERTEX_POINT('',#6135);
#6135 = CARTESIAN_POINT('',(10.04,0.16,1.11));
#6136 = LINE('',#6137,#6138);
#6137 = CARTESIAN_POINT('',(10.04,0.16,1.11));
#6138 = VECTOR('',#6139,1.);
#6139 = DIRECTION('',(0.57735026919,-0.57735026919,0.57735026919));
#6140 = ORIENTED_EDGE('',*,*,#6141,.F.);
#6141 = EDGE_CURVE('',#6101,#6134,#6142,.T.);
#6142 = LINE('',#6143,#6144);
#6143 = CARTESIAN_POINT('',(10.04,0.16,1.59));
#6144 = VECTOR('',#6145,1.);
#6145 = DIRECTION('',(0.,0.,-1.));
#6146 = PLANE('',#6147);
#6147 = AXIS2_PLACEMENT_3D('',#6148,#6149,#6150);
#6148 = CARTESIAN_POINT('',(9.96,0.24,1.59));
#6149 = DIRECTION('',(0.707106781187,0.707106781187,-1.735167508357E-18)
  );
#6150 = DIRECTION('',(1.226948711654E-18,1.226948711654E-18,1.));
#6151 = ADVANCED_FACE('',(#6152),#6170,.T.);
#6152 = FACE_BOUND('',#6153,.F.);
#6153 = EDGE_LOOP('',(#6154,#6155,#6156,#6164));
#6154 = ORIENTED_EDGE('',*,*,#6133,.F.);
#6155 = ORIENTED_EDGE('',*,*,#4902,.T.);
#6156 = ORIENTED_EDGE('',*,*,#6157,.T.);
#6157 = EDGE_CURVE('',#4903,#6158,#6160,.T.);
#6158 = VERTEX_POINT('',#6159);
#6159 = CARTESIAN_POINT('',(10.04,-0.16,1.11));
#6160 = LINE('',#6161,#6162);
#6161 = CARTESIAN_POINT('',(10.146666666667,-5.333333333333E-02,
    1.216666666667));
#6162 = VECTOR('',#6163,1.);
#6163 = DIRECTION('',(0.57735026919,0.57735026919,0.57735026919));
#6164 = ORIENTED_EDGE('',*,*,#6165,.F.);
#6165 = EDGE_CURVE('',#6134,#6158,#6166,.T.);
#6166 = LINE('',#6167,#6168);
#6167 = CARTESIAN_POINT('',(10.04,0.32,1.11));
#6168 = VECTOR('',#6169,1.);
#6169 = DIRECTION('',(0.,-1.,0.));
#6170 = PLANE('',#6171);
#6171 = AXIS2_PLACEMENT_3D('',#6172,#6173,#6174);
#6172 = CARTESIAN_POINT('',(9.96,0.32,1.03));
#6173 = DIRECTION('',(0.707106781187,0.,-0.707106781187));
#6174 = DIRECTION('',(0.,1.,0.));
#6175 = ADVANCED_FACE('',(#6176),#6187,.F.);
#6176 = FACE_BOUND('',#6177,.T.);
#6177 = EDGE_LOOP('',(#6178,#6179,#6180,#6181));
#6178 = ORIENTED_EDGE('',*,*,#6109,.F.);
#6179 = ORIENTED_EDGE('',*,*,#4927,.T.);
#6180 = ORIENTED_EDGE('',*,*,#6157,.T.);
#6181 = ORIENTED_EDGE('',*,*,#6182,.F.);
#6182 = EDGE_CURVE('',#6110,#6158,#6183,.T.);
#6183 = LINE('',#6184,#6185);
#6184 = CARTESIAN_POINT('',(10.04,-0.16,1.59));
#6185 = VECTOR('',#6186,1.);
#6186 = DIRECTION('',(0.,0.,-1.));
#6187 = PLANE('',#6188);
#6188 = AXIS2_PLACEMENT_3D('',#6189,#6190,#6191);
#6189 = CARTESIAN_POINT('',(9.96,-0.24,1.59));
#6190 = DIRECTION('',(-0.707106781187,0.707106781187,1.735167508357E-18)
  );
#6191 = DIRECTION('',(1.226948711654E-18,-1.226948711654E-18,1.));
#6192 = ADVANCED_FACE('',(#6193),#6204,.T.);
#6193 = FACE_BOUND('',#6194,.F.);
#6194 = EDGE_LOOP('',(#6195,#6196,#6197,#6198));
#6195 = ORIENTED_EDGE('',*,*,#4985,.F.);
#6196 = ORIENTED_EDGE('',*,*,#4960,.T.);
#6197 = ORIENTED_EDGE('',*,*,#5040,.F.);
#6198 = ORIENTED_EDGE('',*,*,#6199,.F.);
#6199 = EDGE_CURVE('',#4986,#5033,#6200,.T.);
#6200 = LINE('',#6201,#6202);
#6201 = CARTESIAN_POINT('',(-0.16,-4.76,-3.));
#6202 = VECTOR('',#6203,1.);
#6203 = DIRECTION('',(0.,-1.,0.));
#6204 = PLANE('',#6205);
#6205 = AXIS2_PLACEMENT_3D('',#6206,#6207,#6208);
#6206 = CARTESIAN_POINT('',(-0.24,-4.76,-2.92));
#6207 = DIRECTION('',(-0.707106781187,-1.735167508357E-18,
    -0.707106781187));
#6208 = DIRECTION('',(-1.226948711654E-18,1.,-1.226948711654E-18));
#6209 = ADVANCED_FACE('',(#6210),#6221,.T.);
#6210 = FACE_BOUND('',#6211,.F.);
#6211 = EDGE_LOOP('',(#6212,#6213,#6219,#6220));
#6212 = ORIENTED_EDGE('',*,*,#4976,.T.);
#6213 = ORIENTED_EDGE('',*,*,#6214,.T.);
#6214 = EDGE_CURVE('',#4977,#5025,#6215,.T.);
#6215 = LINE('',#6216,#6217);
#6216 = CARTESIAN_POINT('',(0.16,-4.76,-3.));
#6217 = VECTOR('',#6218,1.);
#6218 = DIRECTION('',(0.,-1.,0.));
#6219 = ORIENTED_EDGE('',*,*,#5024,.T.);
#6220 = ORIENTED_EDGE('',*,*,#5010,.F.);
#6221 = PLANE('',#6222);
#6222 = AXIS2_PLACEMENT_3D('',#6223,#6224,#6225);
#6223 = CARTESIAN_POINT('',(0.24,-4.76,-2.92));
#6224 = DIRECTION('',(0.707106781187,1.735167508357E-18,-0.707106781187)
  );
#6225 = DIRECTION('',(-1.226948711654E-18,1.,1.226948711654E-18));
#6226 = ADVANCED_FACE('',(#6227),#6233,.T.);
#6227 = FACE_BOUND('',#6228,.T.);
#6228 = EDGE_LOOP('',(#6229,#6230,#6231,#6232));
#6229 = ORIENTED_EDGE('',*,*,#4993,.F.);
#6230 = ORIENTED_EDGE('',*,*,#6214,.T.);
#6231 = ORIENTED_EDGE('',*,*,#5032,.T.);
#6232 = ORIENTED_EDGE('',*,*,#6199,.F.);
#6233 = PLANE('',#6234);
#6234 = AXIS2_PLACEMENT_3D('',#6235,#6236,#6237);
#6235 = CARTESIAN_POINT('',(0.32,-4.76,-3.));
#6236 = DIRECTION('',(-0.,-0.,-1.));
#6237 = DIRECTION('',(-1.,0.,0.));
#6238 = ADVANCED_FACE('',(#6239),#6250,.T.);
#6239 = FACE_BOUND('',#6240,.F.);
#6240 = EDGE_LOOP('',(#6241,#6242,#6243,#6244));
#6241 = ORIENTED_EDGE('',*,*,#5098,.F.);
#6242 = ORIENTED_EDGE('',*,*,#5073,.T.);
#6243 = ORIENTED_EDGE('',*,*,#5153,.F.);
#6244 = ORIENTED_EDGE('',*,*,#6245,.F.);
#6245 = EDGE_CURVE('',#5099,#5146,#6246,.T.);
#6246 = LINE('',#6247,#6248);
#6247 = CARTESIAN_POINT('',(-0.16,-7.3,-3.));
#6248 = VECTOR('',#6249,1.);
#6249 = DIRECTION('',(0.,-1.,0.));
#6250 = PLANE('',#6251);
#6251 = AXIS2_PLACEMENT_3D('',#6252,#6253,#6254);
#6252 = CARTESIAN_POINT('',(-0.24,-7.3,-2.92));
#6253 = DIRECTION('',(-0.707106781187,-1.735167508357E-18,
    -0.707106781187));
#6254 = DIRECTION('',(-1.226948711654E-18,1.,-1.226948711654E-18));
#6255 = ADVANCED_FACE('',(#6256),#6267,.T.);
#6256 = FACE_BOUND('',#6257,.F.);
#6257 = EDGE_LOOP('',(#6258,#6259,#6265,#6266));
#6258 = ORIENTED_EDGE('',*,*,#5089,.T.);
#6259 = ORIENTED_EDGE('',*,*,#6260,.T.);
#6260 = EDGE_CURVE('',#5090,#5138,#6261,.T.);
#6261 = LINE('',#6262,#6263);
#6262 = CARTESIAN_POINT('',(0.16,-7.3,-3.));
#6263 = VECTOR('',#6264,1.);
#6264 = DIRECTION('',(0.,-1.,0.));
#6265 = ORIENTED_EDGE('',*,*,#5137,.T.);
#6266 = ORIENTED_EDGE('',*,*,#5123,.F.);
#6267 = PLANE('',#6268);
#6268 = AXIS2_PLACEMENT_3D('',#6269,#6270,#6271);
#6269 = CARTESIAN_POINT('',(0.24,-7.3,-2.92));
#6270 = DIRECTION('',(0.707106781187,1.735167508357E-18,-0.707106781187)
  );
#6271 = DIRECTION('',(-1.226948711654E-18,1.,1.226948711654E-18));
#6272 = ADVANCED_FACE('',(#6273),#6279,.T.);
#6273 = FACE_BOUND('',#6274,.T.);
#6274 = EDGE_LOOP('',(#6275,#6276,#6277,#6278));
#6275 = ORIENTED_EDGE('',*,*,#5106,.F.);
#6276 = ORIENTED_EDGE('',*,*,#6260,.T.);
#6277 = ORIENTED_EDGE('',*,*,#5145,.T.);
#6278 = ORIENTED_EDGE('',*,*,#6245,.F.);
#6279 = PLANE('',#6280);
#6280 = AXIS2_PLACEMENT_3D('',#6281,#6282,#6283);
#6281 = CARTESIAN_POINT('',(0.32,-7.3,-3.));
#6282 = DIRECTION('',(-0.,-0.,-1.));
#6283 = DIRECTION('',(-1.,0.,0.));
#6284 = ADVANCED_FACE('',(#6285),#6296,.T.);
#6285 = FACE_BOUND('',#6286,.F.);
#6286 = EDGE_LOOP('',(#6287,#6288,#6289,#6290));
#6287 = ORIENTED_EDGE('',*,*,#5211,.F.);
#6288 = ORIENTED_EDGE('',*,*,#5186,.T.);
#6289 = ORIENTED_EDGE('',*,*,#5266,.F.);
#6290 = ORIENTED_EDGE('',*,*,#6291,.F.);
#6291 = EDGE_CURVE('',#5212,#5259,#6292,.T.);
#6292 = LINE('',#6293,#6294);
#6293 = CARTESIAN_POINT('',(-0.16,-12.38,-3.));
#6294 = VECTOR('',#6295,1.);
#6295 = DIRECTION('',(0.,-1.,0.));
#6296 = PLANE('',#6297);
#6297 = AXIS2_PLACEMENT_3D('',#6298,#6299,#6300);
#6298 = CARTESIAN_POINT('',(-0.24,-12.38,-2.92));
#6299 = DIRECTION('',(-0.707106781187,-1.735167508357E-18,
    -0.707106781187));
#6300 = DIRECTION('',(-1.226948711654E-18,1.,-1.226948711654E-18));
#6301 = ADVANCED_FACE('',(#6302),#6313,.T.);
#6302 = FACE_BOUND('',#6303,.F.);
#6303 = EDGE_LOOP('',(#6304,#6305,#6311,#6312));
#6304 = ORIENTED_EDGE('',*,*,#5202,.T.);
#6305 = ORIENTED_EDGE('',*,*,#6306,.T.);
#6306 = EDGE_CURVE('',#5203,#5251,#6307,.T.);
#6307 = LINE('',#6308,#6309);
#6308 = CARTESIAN_POINT('',(0.16,-12.38,-3.));
#6309 = VECTOR('',#6310,1.);
#6310 = DIRECTION('',(0.,-1.,0.));
#6311 = ORIENTED_EDGE('',*,*,#5250,.T.);
#6312 = ORIENTED_EDGE('',*,*,#5236,.F.);
#6313 = PLANE('',#6314);
#6314 = AXIS2_PLACEMENT_3D('',#6315,#6316,#6317);
#6315 = CARTESIAN_POINT('',(0.24,-12.38,-2.92));
#6316 = DIRECTION('',(0.707106781187,1.735167508357E-18,-0.707106781187)
  );
#6317 = DIRECTION('',(-1.226948711654E-18,1.,1.226948711654E-18));
#6318 = ADVANCED_FACE('',(#6319),#6325,.T.);
#6319 = FACE_BOUND('',#6320,.T.);
#6320 = EDGE_LOOP('',(#6321,#6322,#6323,#6324));
#6321 = ORIENTED_EDGE('',*,*,#5219,.F.);
#6322 = ORIENTED_EDGE('',*,*,#6306,.T.);
#6323 = ORIENTED_EDGE('',*,*,#5258,.T.);
#6324 = ORIENTED_EDGE('',*,*,#6291,.F.);
#6325 = PLANE('',#6326);
#6326 = AXIS2_PLACEMENT_3D('',#6327,#6328,#6329);
#6327 = CARTESIAN_POINT('',(0.32,-12.38,-3.));
#6328 = DIRECTION('',(-0.,-0.,-1.));
#6329 = DIRECTION('',(-1.,0.,0.));
#6330 = ADVANCED_FACE('',(#6331),#6342,.T.);
#6331 = FACE_BOUND('',#6332,.F.);
#6332 = EDGE_LOOP('',(#6333,#6334,#6335,#6336));
#6333 = ORIENTED_EDGE('',*,*,#5324,.F.);
#6334 = ORIENTED_EDGE('',*,*,#5299,.T.);
#6335 = ORIENTED_EDGE('',*,*,#5379,.F.);
#6336 = ORIENTED_EDGE('',*,*,#6337,.F.);
#6337 = EDGE_CURVE('',#5325,#5372,#6338,.T.);
#6338 = LINE('',#6339,#6340);
#6339 = CARTESIAN_POINT('',(-0.16,-9.84,-3.));
#6340 = VECTOR('',#6341,1.);
#6341 = DIRECTION('',(0.,-1.,0.));
#6342 = PLANE('',#6343);
#6343 = AXIS2_PLACEMENT_3D('',#6344,#6345,#6346);
#6344 = CARTESIAN_POINT('',(-0.24,-9.84,-2.92));
#6345 = DIRECTION('',(-0.707106781187,-1.735167508357E-18,
    -0.707106781187));
#6346 = DIRECTION('',(-1.226948711654E-18,1.,-1.226948711654E-18));
#6347 = ADVANCED_FACE('',(#6348),#6359,.T.);
#6348 = FACE_BOUND('',#6349,.F.);
#6349 = EDGE_LOOP('',(#6350,#6351,#6357,#6358));
#6350 = ORIENTED_EDGE('',*,*,#5315,.T.);
#6351 = ORIENTED_EDGE('',*,*,#6352,.T.);
#6352 = EDGE_CURVE('',#5316,#5364,#6353,.T.);
#6353 = LINE('',#6354,#6355);
#6354 = CARTESIAN_POINT('',(0.16,-9.84,-3.));
#6355 = VECTOR('',#6356,1.);
#6356 = DIRECTION('',(0.,-1.,0.));
#6357 = ORIENTED_EDGE('',*,*,#5363,.T.);
#6358 = ORIENTED_EDGE('',*,*,#5349,.F.);
#6359 = PLANE('',#6360);
#6360 = AXIS2_PLACEMENT_3D('',#6361,#6362,#6363);
#6361 = CARTESIAN_POINT('',(0.24,-9.84,-2.92));
#6362 = DIRECTION('',(0.707106781187,1.735167508357E-18,-0.707106781187)
  );
#6363 = DIRECTION('',(-1.226948711654E-18,1.,1.226948711654E-18));
#6364 = ADVANCED_FACE('',(#6365),#6371,.T.);
#6365 = FACE_BOUND('',#6366,.T.);
#6366 = EDGE_LOOP('',(#6367,#6368,#6369,#6370));
#6367 = ORIENTED_EDGE('',*,*,#5332,.F.);
#6368 = ORIENTED_EDGE('',*,*,#6352,.T.);
#6369 = ORIENTED_EDGE('',*,*,#5371,.T.);
#6370 = ORIENTED_EDGE('',*,*,#6337,.F.);
#6371 = PLANE('',#6372);
#6372 = AXIS2_PLACEMENT_3D('',#6373,#6374,#6375);
#6373 = CARTESIAN_POINT('',(0.32,-9.84,-3.));
#6374 = DIRECTION('',(-0.,-0.,-1.));
#6375 = DIRECTION('',(-1.,0.,0.));
#6376 = ADVANCED_FACE('',(#6377),#6388,.T.);
#6377 = FACE_BOUND('',#6378,.F.);
#6378 = EDGE_LOOP('',(#6379,#6380,#6381,#6382));
#6379 = ORIENTED_EDGE('',*,*,#5437,.F.);
#6380 = ORIENTED_EDGE('',*,*,#5412,.T.);
#6381 = ORIENTED_EDGE('',*,*,#5492,.F.);
#6382 = ORIENTED_EDGE('',*,*,#6383,.F.);
#6383 = EDGE_CURVE('',#5438,#5485,#6384,.T.);
#6384 = LINE('',#6385,#6386);
#6385 = CARTESIAN_POINT('',(-0.16,-2.22,-3.));
#6386 = VECTOR('',#6387,1.);
#6387 = DIRECTION('',(0.,-1.,0.));
#6388 = PLANE('',#6389);
#6389 = AXIS2_PLACEMENT_3D('',#6390,#6391,#6392);
#6390 = CARTESIAN_POINT('',(-0.24,-2.22,-2.92));
#6391 = DIRECTION('',(-0.707106781187,-1.735167508357E-18,
    -0.707106781187));
#6392 = DIRECTION('',(-1.226948711654E-18,1.,-1.226948711654E-18));
#6393 = ADVANCED_FACE('',(#6394),#6405,.T.);
#6394 = FACE_BOUND('',#6395,.F.);
#6395 = EDGE_LOOP('',(#6396,#6397,#6403,#6404));
#6396 = ORIENTED_EDGE('',*,*,#5428,.T.);
#6397 = ORIENTED_EDGE('',*,*,#6398,.T.);
#6398 = EDGE_CURVE('',#5429,#5477,#6399,.T.);
#6399 = LINE('',#6400,#6401);
#6400 = CARTESIAN_POINT('',(0.16,-2.22,-3.));
#6401 = VECTOR('',#6402,1.);
#6402 = DIRECTION('',(0.,-1.,0.));
#6403 = ORIENTED_EDGE('',*,*,#5476,.T.);
#6404 = ORIENTED_EDGE('',*,*,#5462,.F.);
#6405 = PLANE('',#6406);
#6406 = AXIS2_PLACEMENT_3D('',#6407,#6408,#6409);
#6407 = CARTESIAN_POINT('',(0.24,-2.22,-2.92));
#6408 = DIRECTION('',(0.707106781187,1.735167508357E-18,-0.707106781187)
  );
#6409 = DIRECTION('',(-1.226948711654E-18,1.,1.226948711654E-18));
#6410 = ADVANCED_FACE('',(#6411),#6417,.T.);
#6411 = FACE_BOUND('',#6412,.T.);
#6412 = EDGE_LOOP('',(#6413,#6414,#6415,#6416));
#6413 = ORIENTED_EDGE('',*,*,#5445,.F.);
#6414 = ORIENTED_EDGE('',*,*,#6398,.T.);
#6415 = ORIENTED_EDGE('',*,*,#5484,.T.);
#6416 = ORIENTED_EDGE('',*,*,#6383,.F.);
#6417 = PLANE('',#6418);
#6418 = AXIS2_PLACEMENT_3D('',#6419,#6420,#6421);
#6419 = CARTESIAN_POINT('',(0.32,-2.22,-3.));
#6420 = DIRECTION('',(-0.,-0.,-1.));
#6421 = DIRECTION('',(-1.,0.,0.));
#6422 = ADVANCED_FACE('',(#6423),#6434,.T.);
#6423 = FACE_BOUND('',#6424,.F.);
#6424 = EDGE_LOOP('',(#6425,#6426,#6427,#6428));
#6425 = ORIENTED_EDGE('',*,*,#5550,.F.);
#6426 = ORIENTED_EDGE('',*,*,#5525,.T.);
#6427 = ORIENTED_EDGE('',*,*,#5605,.F.);
#6428 = ORIENTED_EDGE('',*,*,#6429,.F.);
#6429 = EDGE_CURVE('',#5551,#5598,#6430,.T.);
#6430 = LINE('',#6431,#6432);
#6431 = CARTESIAN_POINT('',(-0.16,0.32,-3.));
#6432 = VECTOR('',#6433,1.);
#6433 = DIRECTION('',(0.,-1.,0.));
#6434 = PLANE('',#6435);
#6435 = AXIS2_PLACEMENT_3D('',#6436,#6437,#6438);
#6436 = CARTESIAN_POINT('',(-0.24,0.32,-2.92));
#6437 = DIRECTION('',(-0.707106781187,-1.735167508357E-18,
    -0.707106781187));
#6438 = DIRECTION('',(-1.226948711654E-18,1.,-1.226948711654E-18));
#6439 = ADVANCED_FACE('',(#6440),#6451,.T.);
#6440 = FACE_BOUND('',#6441,.F.);
#6441 = EDGE_LOOP('',(#6442,#6443,#6449,#6450));
#6442 = ORIENTED_EDGE('',*,*,#5541,.T.);
#6443 = ORIENTED_EDGE('',*,*,#6444,.T.);
#6444 = EDGE_CURVE('',#5542,#5590,#6445,.T.);
#6445 = LINE('',#6446,#6447);
#6446 = CARTESIAN_POINT('',(0.16,0.32,-3.));
#6447 = VECTOR('',#6448,1.);
#6448 = DIRECTION('',(0.,-1.,0.));
#6449 = ORIENTED_EDGE('',*,*,#5589,.T.);
#6450 = ORIENTED_EDGE('',*,*,#5575,.F.);
#6451 = PLANE('',#6452);
#6452 = AXIS2_PLACEMENT_3D('',#6453,#6454,#6455);
#6453 = CARTESIAN_POINT('',(0.24,0.32,-2.92));
#6454 = DIRECTION('',(0.707106781187,1.735167508357E-18,-0.707106781187)
  );
#6455 = DIRECTION('',(-1.226948711654E-18,1.,1.226948711654E-18));
#6456 = ADVANCED_FACE('',(#6457),#6463,.T.);
#6457 = FACE_BOUND('',#6458,.T.);
#6458 = EDGE_LOOP('',(#6459,#6460,#6461,#6462));
#6459 = ORIENTED_EDGE('',*,*,#5558,.F.);
#6460 = ORIENTED_EDGE('',*,*,#6444,.T.);
#6461 = ORIENTED_EDGE('',*,*,#5597,.T.);
#6462 = ORIENTED_EDGE('',*,*,#6429,.F.);
#6463 = PLANE('',#6464);
#6464 = AXIS2_PLACEMENT_3D('',#6465,#6466,#6467);
#6465 = CARTESIAN_POINT('',(0.32,0.32,-3.));
#6466 = DIRECTION('',(-0.,-0.,-1.));
#6467 = DIRECTION('',(-1.,0.,0.));
#6468 = ADVANCED_FACE('',(#6469),#6475,.T.);
#6469 = FACE_BOUND('',#6470,.T.);
#6470 = EDGE_LOOP('',(#6471,#6472,#6473,#6474));
#6471 = ORIENTED_EDGE('',*,*,#5661,.F.);
#6472 = ORIENTED_EDGE('',*,*,#5637,.T.);
#6473 = ORIENTED_EDGE('',*,*,#5702,.T.);
#6474 = ORIENTED_EDGE('',*,*,#5685,.F.);
#6475 = PLANE('',#6476);
#6476 = AXIS2_PLACEMENT_3D('',#6477,#6478,#6479);
#6477 = CARTESIAN_POINT('',(10.04,-4.76,1.59));
#6478 = DIRECTION('',(1.,0.,0.));
#6479 = DIRECTION('',(0.,0.,-1.));
#6480 = ADVANCED_FACE('',(#6481),#6487,.T.);
#6481 = FACE_BOUND('',#6482,.T.);
#6482 = EDGE_LOOP('',(#6483,#6484,#6485,#6486));
#6483 = ORIENTED_EDGE('',*,*,#5757,.F.);
#6484 = ORIENTED_EDGE('',*,*,#5733,.T.);
#6485 = ORIENTED_EDGE('',*,*,#5798,.T.);
#6486 = ORIENTED_EDGE('',*,*,#5781,.F.);
#6487 = PLANE('',#6488);
#6488 = AXIS2_PLACEMENT_3D('',#6489,#6490,#6491);
#6489 = CARTESIAN_POINT('',(10.04,-7.3,1.59));
#6490 = DIRECTION('',(1.,0.,0.));
#6491 = DIRECTION('',(0.,0.,-1.));
#6492 = ADVANCED_FACE('',(#6493),#6499,.T.);
#6493 = FACE_BOUND('',#6494,.T.);
#6494 = EDGE_LOOP('',(#6495,#6496,#6497,#6498));
#6495 = ORIENTED_EDGE('',*,*,#5829,.F.);
#6496 = ORIENTED_EDGE('',*,*,#5894,.T.);
#6497 = ORIENTED_EDGE('',*,*,#5877,.T.);
#6498 = ORIENTED_EDGE('',*,*,#5853,.F.);
#6499 = PLANE('',#6500);
#6500 = AXIS2_PLACEMENT_3D('',#6501,#6502,#6503);
#6501 = CARTESIAN_POINT('',(10.04,-12.38,1.59));
#6502 = DIRECTION('',(1.,0.,0.));
#6503 = DIRECTION('',(0.,0.,-1.));
#6504 = ADVANCED_FACE('',(#6505),#6511,.T.);
#6505 = FACE_BOUND('',#6506,.T.);
#6506 = EDGE_LOOP('',(#6507,#6508,#6509,#6510));
#6507 = ORIENTED_EDGE('',*,*,#5949,.F.);
#6508 = ORIENTED_EDGE('',*,*,#5925,.T.);
#6509 = ORIENTED_EDGE('',*,*,#5990,.T.);
#6510 = ORIENTED_EDGE('',*,*,#5973,.F.);
#6511 = PLANE('',#6512);
#6512 = AXIS2_PLACEMENT_3D('',#6513,#6514,#6515);
#6513 = CARTESIAN_POINT('',(10.04,-9.84,1.59));
#6514 = DIRECTION('',(1.,0.,0.));
#6515 = DIRECTION('',(0.,0.,-1.));
#6516 = ADVANCED_FACE('',(#6517),#6523,.T.);
#6517 = FACE_BOUND('',#6518,.T.);
#6518 = EDGE_LOOP('',(#6519,#6520,#6521,#6522));
#6519 = ORIENTED_EDGE('',*,*,#6045,.F.);
#6520 = ORIENTED_EDGE('',*,*,#6021,.T.);
#6521 = ORIENTED_EDGE('',*,*,#6086,.T.);
#6522 = ORIENTED_EDGE('',*,*,#6069,.F.);
#6523 = PLANE('',#6524);
#6524 = AXIS2_PLACEMENT_3D('',#6525,#6526,#6527);
#6525 = CARTESIAN_POINT('',(10.04,-2.22,1.59));
#6526 = DIRECTION('',(1.,0.,0.));
#6527 = DIRECTION('',(0.,0.,-1.));
#6528 = ADVANCED_FACE('',(#6529),#6535,.T.);
#6529 = FACE_BOUND('',#6530,.T.);
#6530 = EDGE_LOOP('',(#6531,#6532,#6533,#6534));
#6531 = ORIENTED_EDGE('',*,*,#6141,.F.);
#6532 = ORIENTED_EDGE('',*,*,#6117,.T.);
#6533 = ORIENTED_EDGE('',*,*,#6182,.T.);
#6534 = ORIENTED_EDGE('',*,*,#6165,.F.);
#6535 = PLANE('',#6536);
#6536 = AXIS2_PLACEMENT_3D('',#6537,#6538,#6539);
#6537 = CARTESIAN_POINT('',(10.04,0.32,1.59));
#6538 = DIRECTION('',(1.,0.,0.));
#6539 = DIRECTION('',(0.,0.,-1.));
#6540 = ( GEOMETRIC_REPRESENTATION_CONTEXT(3) 
GLOBAL_UNCERTAINTY_ASSIGNED_CONTEXT((#6544)) 
GLOBAL_UNIT_ASSIGNED_CONTEXT((#6541,#6542,#6543)) REPRESENTATION_CONTEXT
('Context #1','3D Context with UNIT and UNCERTAINTY') );
#6541 = ( LENGTH_UNIT() NAMED_UNIT(*) SI_UNIT(.MILLI.,.METRE.) );
#6542 = ( NAMED_UNIT(*) PLANE_ANGLE_UNIT() SI_UNIT($,.RADIAN.) );
#6543 = ( NAMED_UNIT(*) SI_UNIT($,.STERADIAN.) SOLID_ANGLE_UNIT() );
#6544 = UNCERTAINTY_MEASURE_WITH_UNIT(LENGTH_MEASURE(1.E-07),#6541,
  'distance_accuracy_value','confusion accuracy');
#6545 = CONTEXT_DEPENDENT_SHAPE_REPRESENTATION(#6546,#6548);
#6546 = ( REPRESENTATION_RELATIONSHIP('','',#1805,#10) 
REPRESENTATION_RELATIONSHIP_WITH_TRANSFORMATION(#6547) 
SHAPE_REPRESENTATION_RELATIONSHIP() );
#6547 = ITEM_DEFINED_TRANSFORMATION('','',#11,#19);
#6548 = PRODUCT_DEFINITION_SHAPE('Placement','Placement of an item',
  #6549);
#6549 = NEXT_ASSEMBLY_USAGE_OCCURRENCE('2','J4','',#5,#1800,$);
#6550 = PRODUCT_RELATED_PRODUCT_CATEGORY('part',$,(#1802));
#6551 = SHAPE_DEFINITION_REPRESENTATION(#6552,#6558);
#6552 = PRODUCT_DEFINITION_SHAPE('','',#6553);
#6553 = PRODUCT_DEFINITION('design','',#6554,#6557);
#6554 = PRODUCT_DEFINITION_FORMATION('','',#6555);
#6555 = PRODUCT('BSR802NL6327HTSA1','BSR802NL6327HTSA1','',(#6556));
#6556 = PRODUCT_CONTEXT('',#2,'mechanical');
#6557 = PRODUCT_DEFINITION_CONTEXT('part definition',#2,'design');
#6558 = SHAPE_REPRESENTATION('',(#11,#6559,#6563,#6567),#6571);
#6559 = AXIS2_PLACEMENT_3D('',#6560,#6561,#6562);
#6560 = CARTESIAN_POINT('',(0.,0.,0.));
#6561 = DIRECTION('',(0.,0.,1.));
#6562 = DIRECTION('',(1.,0.,0.));
#6563 = AXIS2_PLACEMENT_3D('',#6564,#6565,#6566);
#6564 = CARTESIAN_POINT('',(0.,0.,0.));
#6565 = DIRECTION('',(0.,0.,1.));
#6566 = DIRECTION('',(1.,0.,0.));
#6567 = AXIS2_PLACEMENT_3D('',#6568,#6569,#6570);
#6568 = CARTESIAN_POINT('',(0.,0.,0.));
#6569 = DIRECTION('',(0.,0.,1.));
#6570 = DIRECTION('',(1.,0.,0.));
#6571 = ( GEOMETRIC_REPRESENTATION_CONTEXT(3) 
GLOBAL_UNCERTAINTY_ASSIGNED_CONTEXT((#6575)) 
GLOBAL_UNIT_ASSIGNED_CONTEXT((#6572,#6573,#6574)) REPRESENTATION_CONTEXT
('Context #1','3D Context with UNIT and UNCERTAINTY') );
#6572 = ( LENGTH_UNIT() NAMED_UNIT(*) SI_UNIT(.MILLI.,.METRE.) );
#6573 = ( NAMED_UNIT(*) PLANE_ANGLE_UNIT() SI_UNIT($,.RADIAN.) );
#6574 = ( NAMED_UNIT(*) SI_UNIT($,.STERADIAN.) SOLID_ANGLE_UNIT() );
#6575 = UNCERTAINTY_MEASURE_WITH_UNIT(LENGTH_MEASURE(1.E-07),#6572,
  'distance_accuracy_value','confusion accuracy');
#6576 = CONTEXT_DEPENDENT_SHAPE_REPRESENTATION(#6577,#6579);
#6577 = ( REPRESENTATION_RELATIONSHIP('','',#6558,#10) 
REPRESENTATION_RELATIONSHIP_WITH_TRANSFORMATION(#6578) 
SHAPE_REPRESENTATION_RELATIONSHIP() );
#6578 = ITEM_DEFINED_TRANSFORMATION('','',#11,#23);
#6579 = PRODUCT_DEFINITION_SHAPE('Placement','Placement of an item',
  #6580);
#6580 = NEXT_ASSEMBLY_USAGE_OCCURRENCE('6','Q6','',#5,#6553,$);
#6581 = PRODUCT_RELATED_PRODUCT_CATEGORY('part',$,(#6555));
#6582 = SHAPE_DEFINITION_REPRESENTATION(#6583,#6589);
#6583 = PRODUCT_DEFINITION_SHAPE('','',#6584);
#6584 = PRODUCT_DEFINITION('design','',#6585,#6588);
#6585 = PRODUCT_DEFINITION_FORMATION('','',#6586);
#6586 = PRODUCT('Body','Body','',(#6587));
#6587 = PRODUCT_CONTEXT('',#2,'mechanical');
#6588 = PRODUCT_DEFINITION_CONTEXT('part definition',#2,'design');
#6589 = ADVANCED_BREP_SHAPE_REPRESENTATION('',(#11,#6590),#7177);
#6590 = MANIFOLD_SOLID_BREP('',#6591);
#6591 = CLOSED_SHELL('',(#6592,#6632,#6663,#6696,#6727,#6758,#6783,#6807
    ,#6829,#6853,#6871,#6902,#6926,#6938,#6955,#6979,#7012,#7036,#7053,
    #7078,#7113,#7131,#7143,#7168));
#6592 = ADVANCED_FACE('',(#6593),#6627,.T.);
#6593 = FACE_BOUND('',#6594,.T.);
#6594 = EDGE_LOOP('',(#6595,#6605,#6613,#6621));
#6595 = ORIENTED_EDGE('',*,*,#6596,.F.);
#6596 = EDGE_CURVE('',#6597,#6599,#6601,.T.);
#6597 = VERTEX_POINT('',#6598);
#6598 = CARTESIAN_POINT('',(-0.7625,-1.5,0.543803601606));
#6599 = VERTEX_POINT('',#6600);
#6600 = CARTESIAN_POINT('',(-0.691455465435,-1.428955465435,
    0.107004471398));
#6601 = LINE('',#6602,#6603);
#6602 = CARTESIAN_POINT('',(-0.725332892822,-1.462832892822,
    0.315291159556));
#6603 = VECTOR('',#6604,1.);
#6604 = DIRECTION('',(0.158508856622,0.158508856622,-0.974551119616));
#6605 = ORIENTED_EDGE('',*,*,#6606,.T.);
#6606 = EDGE_CURVE('',#6597,#6607,#6609,.T.);
#6607 = VERTEX_POINT('',#6608);
#6608 = CARTESIAN_POINT('',(-0.7625,1.5,0.543803601606));
#6609 = LINE('',#6610,#6611);
#6610 = CARTESIAN_POINT('',(-0.7625,-1.5,0.543803601606));
#6611 = VECTOR('',#6612,1.);
#6612 = DIRECTION('',(0.,1.,0.));
#6613 = ORIENTED_EDGE('',*,*,#6614,.T.);
#6614 = EDGE_CURVE('',#6607,#6615,#6617,.T.);
#6615 = VERTEX_POINT('',#6616);
#6616 = CARTESIAN_POINT('',(-0.691455465435,1.428955465435,
    0.107004471398));
#6617 = LINE('',#6618,#6619);
#6618 = CARTESIAN_POINT('',(-0.687645306381,1.425145306381,
    8.357868402161E-02));
#6619 = VECTOR('',#6620,1.);
#6620 = DIRECTION('',(0.158508856622,-0.158508856622,-0.974551119616));
#6621 = ORIENTED_EDGE('',*,*,#6622,.F.);
#6622 = EDGE_CURVE('',#6599,#6615,#6623,.T.);
#6623 = LINE('',#6624,#6625);
#6624 = CARTESIAN_POINT('',(-0.691455465435,-1.42375,0.107004471398));
#6625 = VECTOR('',#6626,1.);
#6626 = DIRECTION('',(0.,1.,0.));
#6627 = PLANE('',#6628);
#6628 = AXIS2_PLACEMENT_3D('',#6629,#6630,#6631);
#6629 = CARTESIAN_POINT('',(-0.724375,-1.5,0.309401800803));
#6630 = DIRECTION('',(-0.987029586397,8.683395313322E-19,-0.160538455133
    ));
#6631 = DIRECTION('',(8.570768084632E-19,1.,1.394018868912E-19));
#6632 = ADVANCED_FACE('',(#6633),#6658,.T.);
#6633 = FACE_BOUND('',#6634,.F.);
#6634 = EDGE_LOOP('',(#6635,#6636,#6644,#6652));
#6635 = ORIENTED_EDGE('',*,*,#6596,.F.);
#6636 = ORIENTED_EDGE('',*,*,#6637,.T.);
#6637 = EDGE_CURVE('',#6597,#6638,#6640,.T.);
#6638 = VERTEX_POINT('',#6639);
#6639 = CARTESIAN_POINT('',(0.7625,-1.5,0.543803601606));
#6640 = LINE('',#6641,#6642);
#6641 = CARTESIAN_POINT('',(-0.7625,-1.5,0.543803601606));
#6642 = VECTOR('',#6643,1.);
#6643 = DIRECTION('',(1.,0.,0.));
#6644 = ORIENTED_EDGE('',*,*,#6645,.T.);
#6645 = EDGE_CURVE('',#6638,#6646,#6648,.T.);
#6646 = VERTEX_POINT('',#6647);
#6647 = CARTESIAN_POINT('',(0.691455465435,-1.428955465435,
    0.107004471398));
#6648 = LINE('',#6649,#6650);
#6649 = CARTESIAN_POINT('',(0.706175036381,-1.443675036381,
    0.197503984493));
#6650 = VECTOR('',#6651,1.);
#6651 = DIRECTION('',(-0.158508856622,0.158508856622,-0.974551119616));
#6652 = ORIENTED_EDGE('',*,*,#6653,.F.);
#6653 = EDGE_CURVE('',#6599,#6646,#6654,.T.);
#6654 = LINE('',#6655,#6656);
#6655 = CARTESIAN_POINT('',(-0.68625,-1.428955465435,0.107004471398));
#6656 = VECTOR('',#6657,1.);
#6657 = DIRECTION('',(1.,0.,0.));
#6658 = PLANE('',#6659);
#6659 = AXIS2_PLACEMENT_3D('',#6660,#6661,#6662);
#6660 = CARTESIAN_POINT('',(-0.7625,-1.461875,0.309401800803));
#6661 = DIRECTION('',(0.,-0.987029586397,-0.160538455133));
#6662 = DIRECTION('',(-1.,-0.,0.));
#6663 = ADVANCED_FACE('',(#6664),#6691,.T.);
#6664 = FACE_BOUND('',#6665,.T.);
#6665 = EDGE_LOOP('',(#6666,#6667,#6676,#6684));
#6666 = ORIENTED_EDGE('',*,*,#6622,.T.);
#6667 = ORIENTED_EDGE('',*,*,#6668,.T.);
#6668 = EDGE_CURVE('',#6615,#6669,#6671,.T.);
#6669 = VERTEX_POINT('',#6670);
#6670 = CARTESIAN_POINT('',(-0.653824962454,1.391324962454,7.5E-02));
#6671 = ELLIPSE('',#6672,5.391689206547E-02,3.8125E-02);
#6672 = AXIS2_PLACEMENT_3D('',#6673,#6674,#6675);
#6673 = CARTESIAN_POINT('',(-0.653824962454,1.391324962454,0.113125));
#6674 = DIRECTION('',(-0.707106781187,-0.707106781187,-0.));
#6675 = DIRECTION('',(-0.707106781187,0.707106781187,0.));
#6676 = ORIENTED_EDGE('',*,*,#6677,.F.);
#6677 = EDGE_CURVE('',#6678,#6669,#6680,.T.);
#6678 = VERTEX_POINT('',#6679);
#6679 = CARTESIAN_POINT('',(-0.653824962454,-1.391324962454,7.5E-02));
#6680 = LINE('',#6681,#6682);
#6681 = CARTESIAN_POINT('',(-0.653824962454,-1.42375,7.5E-02));
#6682 = VECTOR('',#6683,1.);
#6683 = DIRECTION('',(0.,1.,0.));
#6684 = ORIENTED_EDGE('',*,*,#6685,.F.);
#6685 = EDGE_CURVE('',#6599,#6678,#6686,.T.);
#6686 = ELLIPSE('',#6687,5.391689206547E-02,3.8125E-02);
#6687 = AXIS2_PLACEMENT_3D('',#6688,#6689,#6690);
#6688 = CARTESIAN_POINT('',(-0.653824962454,-1.391324962454,0.113125));
#6689 = DIRECTION('',(0.707106781187,-0.707106781187,0.));
#6690 = DIRECTION('',(0.707106781187,0.707106781187,0.));
#6691 = CYLINDRICAL_SURFACE('',#6692,3.8125E-02);
#6692 = AXIS2_PLACEMENT_3D('',#6693,#6694,#6695);
#6693 = CARTESIAN_POINT('',(-0.653824962454,-1.42375,0.113125));
#6694 = DIRECTION('',(0.,1.,0.));
#6695 = DIRECTION('',(-0.987029586397,0.,-0.160538455133));
#6696 = ADVANCED_FACE('',(#6697),#6722,.F.);
#6697 = FACE_BOUND('',#6698,.F.);
#6698 = EDGE_LOOP('',(#6699,#6707,#6708,#6716));
#6699 = ORIENTED_EDGE('',*,*,#6700,.F.);
#6700 = EDGE_CURVE('',#6597,#6701,#6703,.T.);
#6701 = VERTEX_POINT('',#6702);
#6702 = CARTESIAN_POINT('',(-0.7625,-1.5,0.731303601606));
#6703 = LINE('',#6704,#6705);
#6704 = CARTESIAN_POINT('',(-0.7625,-1.5,7.5E-02));
#6705 = VECTOR('',#6706,1.);
#6706 = DIRECTION('',(0.,0.,1.));
#6707 = ORIENTED_EDGE('',*,*,#6606,.T.);
#6708 = ORIENTED_EDGE('',*,*,#6709,.T.);
#6709 = EDGE_CURVE('',#6607,#6710,#6712,.T.);
#6710 = VERTEX_POINT('',#6711);
#6711 = CARTESIAN_POINT('',(-0.7625,1.5,0.731303601606));
#6712 = LINE('',#6713,#6714);
#6713 = CARTESIAN_POINT('',(-0.7625,1.5,7.5E-02));
#6714 = VECTOR('',#6715,1.);
#6715 = DIRECTION('',(0.,0.,1.));
#6716 = ORIENTED_EDGE('',*,*,#6717,.F.);
#6717 = EDGE_CURVE('',#6701,#6710,#6718,.T.);
#6718 = LINE('',#6719,#6720);
#6719 = CARTESIAN_POINT('',(-0.7625,-1.5,0.731303601606));
#6720 = VECTOR('',#6721,1.);
#6721 = DIRECTION('',(0.,1.,0.));
#6722 = PLANE('',#6723);
#6723 = AXIS2_PLACEMENT_3D('',#6724,#6725,#6726);
#6724 = CARTESIAN_POINT('',(-0.7625,-1.5,7.5E-02));
#6725 = DIRECTION('',(1.,0.,0.));
#6726 = DIRECTION('',(0.,0.,1.));
#6727 = ADVANCED_FACE('',(#6728),#6753,.F.);
#6728 = FACE_BOUND('',#6729,.T.);
#6729 = EDGE_LOOP('',(#6730,#6731,#6739,#6747));
#6730 = ORIENTED_EDGE('',*,*,#6614,.F.);
#6731 = ORIENTED_EDGE('',*,*,#6732,.T.);
#6732 = EDGE_CURVE('',#6607,#6733,#6735,.T.);
#6733 = VERTEX_POINT('',#6734);
#6734 = CARTESIAN_POINT('',(0.7625,1.5,0.543803601606));
#6735 = LINE('',#6736,#6737);
#6736 = CARTESIAN_POINT('',(-0.7625,1.5,0.543803601606));
#6737 = VECTOR('',#6738,1.);
#6738 = DIRECTION('',(1.,0.,0.));
#6739 = ORIENTED_EDGE('',*,*,#6740,.T.);
#6740 = EDGE_CURVE('',#6733,#6741,#6743,.T.);
#6741 = VERTEX_POINT('',#6742);
#6742 = CARTESIAN_POINT('',(0.691455465435,1.428955465435,0.107004471398
    ));
#6743 = LINE('',#6744,#6745);
#6744 = CARTESIAN_POINT('',(0.66848744994,1.40598744994,
    -3.420849104182E-02));
#6745 = VECTOR('',#6746,1.);
#6746 = DIRECTION('',(-0.158508856622,-0.158508856622,-0.974551119616));
#6747 = ORIENTED_EDGE('',*,*,#6748,.F.);
#6748 = EDGE_CURVE('',#6615,#6741,#6749,.T.);
#6749 = LINE('',#6750,#6751);
#6750 = CARTESIAN_POINT('',(-0.68625,1.428955465435,0.107004471398));
#6751 = VECTOR('',#6752,1.);
#6752 = DIRECTION('',(1.,0.,0.));
#6753 = PLANE('',#6754);
#6754 = AXIS2_PLACEMENT_3D('',#6755,#6756,#6757);
#6755 = CARTESIAN_POINT('',(-0.7625,1.461875,0.309401800803));
#6756 = DIRECTION('',(0.,-0.987029586397,0.160538455133));
#6757 = DIRECTION('',(-1.,0.,0.));
#6758 = ADVANCED_FACE('',(#6759),#6778,.T.);
#6759 = FACE_BOUND('',#6760,.T.);
#6760 = EDGE_LOOP('',(#6761,#6762,#6770,#6777));
#6761 = ORIENTED_EDGE('',*,*,#6685,.T.);
#6762 = ORIENTED_EDGE('',*,*,#6763,.T.);
#6763 = EDGE_CURVE('',#6678,#6764,#6766,.T.);
#6764 = VERTEX_POINT('',#6765);
#6765 = CARTESIAN_POINT('',(0.653824962454,-1.391324962454,7.5E-02));
#6766 = LINE('',#6767,#6768);
#6767 = CARTESIAN_POINT('',(-0.68625,-1.391324962454,7.5E-02));
#6768 = VECTOR('',#6769,1.);
#6769 = DIRECTION('',(1.,0.,0.));
#6770 = ORIENTED_EDGE('',*,*,#6771,.F.);
#6771 = EDGE_CURVE('',#6646,#6764,#6772,.T.);
#6772 = ELLIPSE('',#6773,5.391689206547E-02,3.8125E-02);
#6773 = AXIS2_PLACEMENT_3D('',#6774,#6775,#6776);
#6774 = CARTESIAN_POINT('',(0.653824962454,-1.391324962454,0.113125));
#6775 = DIRECTION('',(0.707106781187,0.707106781187,0.));
#6776 = DIRECTION('',(0.707106781187,-0.707106781187,0.));
#6777 = ORIENTED_EDGE('',*,*,#6653,.F.);
#6778 = CYLINDRICAL_SURFACE('',#6779,3.8125E-02);
#6779 = AXIS2_PLACEMENT_3D('',#6780,#6781,#6782);
#6780 = CARTESIAN_POINT('',(-0.68625,-1.391324962454,0.113125));
#6781 = DIRECTION('',(1.,0.,0.));
#6782 = DIRECTION('',(0.,-0.987029586397,-0.160538455133));
#6783 = ADVANCED_FACE('',(#6784),#6802,.F.);
#6784 = FACE_BOUND('',#6785,.F.);
#6785 = EDGE_LOOP('',(#6786,#6794,#6795,#6796));
#6786 = ORIENTED_EDGE('',*,*,#6787,.F.);
#6787 = EDGE_CURVE('',#6638,#6788,#6790,.T.);
#6788 = VERTEX_POINT('',#6789);
#6789 = CARTESIAN_POINT('',(0.7625,-1.5,0.731303601606));
#6790 = LINE('',#6791,#6792);
#6791 = CARTESIAN_POINT('',(0.7625,-1.5,7.5E-02));
#6792 = VECTOR('',#6793,1.);
#6793 = DIRECTION('',(0.,0.,1.));
#6794 = ORIENTED_EDGE('',*,*,#6637,.F.);
#6795 = ORIENTED_EDGE('',*,*,#6700,.T.);
#6796 = ORIENTED_EDGE('',*,*,#6797,.T.);
#6797 = EDGE_CURVE('',#6701,#6788,#6798,.T.);
#6798 = LINE('',#6799,#6800);
#6799 = CARTESIAN_POINT('',(-0.7625,-1.5,0.731303601606));
#6800 = VECTOR('',#6801,1.);
#6801 = DIRECTION('',(1.,0.,0.));
#6802 = PLANE('',#6803);
#6803 = AXIS2_PLACEMENT_3D('',#6804,#6805,#6806);
#6804 = CARTESIAN_POINT('',(-0.7625,-1.5,7.5E-02));
#6805 = DIRECTION('',(0.,1.,0.));
#6806 = DIRECTION('',(0.,-0.,1.));
#6807 = ADVANCED_FACE('',(#6808),#6824,.F.);
#6808 = FACE_BOUND('',#6809,.F.);
#6809 = EDGE_LOOP('',(#6810,#6811,#6817,#6818));
#6810 = ORIENTED_EDGE('',*,*,#6645,.F.);
#6811 = ORIENTED_EDGE('',*,*,#6812,.T.);
#6812 = EDGE_CURVE('',#6638,#6733,#6813,.T.);
#6813 = LINE('',#6814,#6815);
#6814 = CARTESIAN_POINT('',(0.7625,-1.5,0.543803601606));
#6815 = VECTOR('',#6816,1.);
#6816 = DIRECTION('',(0.,1.,0.));
#6817 = ORIENTED_EDGE('',*,*,#6740,.T.);
#6818 = ORIENTED_EDGE('',*,*,#6819,.F.);
#6819 = EDGE_CURVE('',#6646,#6741,#6820,.T.);
#6820 = LINE('',#6821,#6822);
#6821 = CARTESIAN_POINT('',(0.691455465435,-1.42375,0.107004471398));
#6822 = VECTOR('',#6823,1.);
#6823 = DIRECTION('',(0.,1.,0.));
#6824 = PLANE('',#6825);
#6825 = AXIS2_PLACEMENT_3D('',#6826,#6827,#6828);
#6826 = CARTESIAN_POINT('',(0.724375,-1.5,0.309401800803));
#6827 = DIRECTION('',(-0.987029586397,-8.683395313322E-19,0.160538455133
    ));
#6828 = DIRECTION('',(-8.570768084632E-19,1.,1.394018868912E-19));
#6829 = ADVANCED_FACE('',(#6830),#6848,.F.);
#6830 = FACE_BOUND('',#6831,.F.);
#6831 = EDGE_LOOP('',(#6832,#6833,#6834,#6842));
#6832 = ORIENTED_EDGE('',*,*,#6677,.F.);
#6833 = ORIENTED_EDGE('',*,*,#6763,.T.);
#6834 = ORIENTED_EDGE('',*,*,#6835,.T.);
#6835 = EDGE_CURVE('',#6764,#6836,#6838,.T.);
#6836 = VERTEX_POINT('',#6837);
#6837 = CARTESIAN_POINT('',(0.653824962454,1.391324962454,7.5E-02));
#6838 = LINE('',#6839,#6840);
#6839 = CARTESIAN_POINT('',(0.653824962454,-1.42375,7.5E-02));
#6840 = VECTOR('',#6841,1.);
#6841 = DIRECTION('',(0.,1.,0.));
#6842 = ORIENTED_EDGE('',*,*,#6843,.F.);
#6843 = EDGE_CURVE('',#6669,#6836,#6844,.T.);
#6844 = LINE('',#6845,#6846);
#6845 = CARTESIAN_POINT('',(-0.68625,1.391324962454,7.5E-02));
#6846 = VECTOR('',#6847,1.);
#6847 = DIRECTION('',(1.,0.,0.));
#6848 = PLANE('',#6849);
#6849 = AXIS2_PLACEMENT_3D('',#6850,#6851,#6852);
#6850 = CARTESIAN_POINT('',(-0.7625,-1.5,7.5E-02));
#6851 = DIRECTION('',(0.,0.,1.));
#6852 = DIRECTION('',(1.,0.,-0.));
#6853 = ADVANCED_FACE('',(#6854),#6866,.T.);
#6854 = FACE_BOUND('',#6855,.T.);
#6855 = EDGE_LOOP('',(#6856,#6857,#6858,#6865));
#6856 = ORIENTED_EDGE('',*,*,#6668,.F.);
#6857 = ORIENTED_EDGE('',*,*,#6748,.T.);
#6858 = ORIENTED_EDGE('',*,*,#6859,.F.);
#6859 = EDGE_CURVE('',#6836,#6741,#6860,.T.);
#6860 = ELLIPSE('',#6861,5.391689206547E-02,3.8125E-02);
#6861 = AXIS2_PLACEMENT_3D('',#6862,#6863,#6864);
#6862 = CARTESIAN_POINT('',(0.653824962454,1.391324962454,0.113125));
#6863 = DIRECTION('',(0.707106781187,-0.707106781187,0.));
#6864 = DIRECTION('',(0.707106781187,0.707106781187,0.));
#6865 = ORIENTED_EDGE('',*,*,#6843,.F.);
#6866 = CYLINDRICAL_SURFACE('',#6867,3.8125E-02);
#6867 = AXIS2_PLACEMENT_3D('',#6868,#6869,#6870);
#6868 = CARTESIAN_POINT('',(-0.68625,1.391324962454,0.113125));
#6869 = DIRECTION('',(1.,0.,0.));
#6870 = DIRECTION('',(0.,0.,-1.));
#6871 = ADVANCED_FACE('',(#6872),#6897,.F.);
#6872 = FACE_BOUND('',#6873,.F.);
#6873 = EDGE_LOOP('',(#6874,#6882,#6883,#6891));
#6874 = ORIENTED_EDGE('',*,*,#6875,.F.);
#6875 = EDGE_CURVE('',#6701,#6876,#6878,.T.);
#6876 = VERTEX_POINT('',#6877);
#6877 = CARTESIAN_POINT('',(-0.690373913214,-1.427873913214,
    1.316538357342));
#6878 = LINE('',#6879,#6880);
#6879 = CARTESIAN_POINT('',(-0.724937002093,-1.462437002093,
    1.036091687089));
#6880 = VECTOR('',#6881,1.);
#6881 = DIRECTION('',(0.121412678489,0.121412678489,0.985148680659));
#6882 = ORIENTED_EDGE('',*,*,#6717,.T.);
#6883 = ORIENTED_EDGE('',*,*,#6884,.T.);
#6884 = EDGE_CURVE('',#6710,#6885,#6887,.T.);
#6885 = VERTEX_POINT('',#6886);
#6886 = CARTESIAN_POINT('',(-0.690373913214,1.427873913214,
    1.316538357342));
#6887 = LINE('',#6888,#6889);
#6888 = CARTESIAN_POINT('',(-0.702825444346,1.440325444346,
    1.215505997132));
#6889 = VECTOR('',#6890,1.);
#6890 = DIRECTION('',(0.121412678489,-0.121412678489,0.985148680659));
#6891 = ORIENTED_EDGE('',*,*,#6892,.F.);
#6892 = EDGE_CURVE('',#6876,#6885,#6893,.T.);
#6893 = LINE('',#6894,#6895);
#6894 = CARTESIAN_POINT('',(-0.690373913214,-1.42375,1.316538357342));
#6895 = VECTOR('',#6896,1.);
#6896 = DIRECTION('',(0.,1.,0.));
#6897 = PLANE('',#6898);
#6898 = AXIS2_PLACEMENT_3D('',#6899,#6900,#6901);
#6899 = CARTESIAN_POINT('',(-0.724375,-1.5,1.040651800803));
#6900 = DIRECTION('',(0.992491013642,0.,-0.12231756963));
#6901 = DIRECTION('',(0.,1.,0.));
#6902 = ADVANCED_FACE('',(#6903),#6921,.T.);
#6903 = FACE_BOUND('',#6904,.T.);
#6904 = EDGE_LOOP('',(#6905,#6913,#6914,#6915));
#6905 = ORIENTED_EDGE('',*,*,#6906,.F.);
#6906 = EDGE_CURVE('',#6733,#6907,#6909,.T.);
#6907 = VERTEX_POINT('',#6908);
#6908 = CARTESIAN_POINT('',(0.7625,1.5,0.731303601606));
#6909 = LINE('',#6910,#6911);
#6910 = CARTESIAN_POINT('',(0.7625,1.5,7.5E-02));
#6911 = VECTOR('',#6912,1.);
#6912 = DIRECTION('',(0.,0.,1.));
#6913 = ORIENTED_EDGE('',*,*,#6732,.F.);
#6914 = ORIENTED_EDGE('',*,*,#6709,.T.);
#6915 = ORIENTED_EDGE('',*,*,#6916,.T.);
#6916 = EDGE_CURVE('',#6710,#6907,#6917,.T.);
#6917 = LINE('',#6918,#6919);
#6918 = CARTESIAN_POINT('',(-0.7625,1.5,0.731303601606));
#6919 = VECTOR('',#6920,1.);
#6920 = DIRECTION('',(1.,0.,0.));
#6921 = PLANE('',#6922);
#6922 = AXIS2_PLACEMENT_3D('',#6923,#6924,#6925);
#6923 = CARTESIAN_POINT('',(-0.7625,1.5,7.5E-02));
#6924 = DIRECTION('',(0.,1.,0.));
#6925 = DIRECTION('',(0.,-0.,1.));
#6926 = ADVANCED_FACE('',(#6927),#6933,.T.);
#6927 = FACE_BOUND('',#6928,.T.);
#6928 = EDGE_LOOP('',(#6929,#6930,#6931,#6932));
#6929 = ORIENTED_EDGE('',*,*,#6835,.T.);
#6930 = ORIENTED_EDGE('',*,*,#6859,.T.);
#6931 = ORIENTED_EDGE('',*,*,#6819,.F.);
#6932 = ORIENTED_EDGE('',*,*,#6771,.T.);
#6933 = CYLINDRICAL_SURFACE('',#6934,3.8125E-02);
#6934 = AXIS2_PLACEMENT_3D('',#6935,#6936,#6937);
#6935 = CARTESIAN_POINT('',(0.653824962454,-1.42375,0.113125));
#6936 = DIRECTION('',(0.,1.,0.));
#6937 = DIRECTION('',(0.,0.,-1.));
#6938 = ADVANCED_FACE('',(#6939),#6950,.T.);
#6939 = FACE_BOUND('',#6940,.T.);
#6940 = EDGE_LOOP('',(#6941,#6942,#6943,#6944));
#6941 = ORIENTED_EDGE('',*,*,#6787,.F.);
#6942 = ORIENTED_EDGE('',*,*,#6812,.T.);
#6943 = ORIENTED_EDGE('',*,*,#6906,.T.);
#6944 = ORIENTED_EDGE('',*,*,#6945,.F.);
#6945 = EDGE_CURVE('',#6788,#6907,#6946,.T.);
#6946 = LINE('',#6947,#6948);
#6947 = CARTESIAN_POINT('',(0.7625,-1.5,0.731303601606));
#6948 = VECTOR('',#6949,1.);
#6949 = DIRECTION('',(0.,1.,0.));
#6950 = PLANE('',#6951);
#6951 = AXIS2_PLACEMENT_3D('',#6952,#6953,#6954);
#6952 = CARTESIAN_POINT('',(0.7625,-1.5,7.5E-02));
#6953 = DIRECTION('',(1.,0.,0.));
#6954 = DIRECTION('',(0.,0.,1.));
#6955 = ADVANCED_FACE('',(#6956),#6974,.F.);
#6956 = FACE_BOUND('',#6957,.T.);
#6957 = EDGE_LOOP('',(#6958,#6959,#6960,#6968));
#6958 = ORIENTED_EDGE('',*,*,#6875,.F.);
#6959 = ORIENTED_EDGE('',*,*,#6797,.T.);
#6960 = ORIENTED_EDGE('',*,*,#6961,.T.);
#6961 = EDGE_CURVE('',#6788,#6962,#6964,.T.);
#6962 = VERTEX_POINT('',#6963);
#6963 = CARTESIAN_POINT('',(0.690373913214,-1.427873913214,
    1.316538357342));
#6964 = LINE('',#6965,#6966);
#6965 = CARTESIAN_POINT('',(0.713696960238,-1.451196960238,
    1.127293961361));
#6966 = VECTOR('',#6967,1.);
#6967 = DIRECTION('',(-0.121412678489,0.121412678489,0.985148680659));
#6968 = ORIENTED_EDGE('',*,*,#6969,.F.);
#6969 = EDGE_CURVE('',#6876,#6962,#6970,.T.);
#6970 = LINE('',#6971,#6972);
#6971 = CARTESIAN_POINT('',(-0.68625,-1.427873913214,1.316538357342));
#6972 = VECTOR('',#6973,1.);
#6973 = DIRECTION('',(1.,0.,0.));
#6974 = PLANE('',#6975);
#6975 = AXIS2_PLACEMENT_3D('',#6976,#6977,#6978);
#6976 = CARTESIAN_POINT('',(-0.7625,-1.461875,1.040651800803));
#6977 = DIRECTION('',(-8.690453847177E-19,0.992491013642,-0.12231756963)
  );
#6978 = DIRECTION('',(-1.,-8.625197347792E-19,1.062995193566E-19));
#6979 = ADVANCED_FACE('',(#6980),#7007,.T.);
#6980 = FACE_BOUND('',#6981,.T.);
#6981 = EDGE_LOOP('',(#6982,#6991,#6999,#7006));
#6982 = ORIENTED_EDGE('',*,*,#6983,.T.);
#6983 = EDGE_CURVE('',#6876,#6984,#6986,.T.);
#6984 = VERTEX_POINT('',#6985);
#6985 = CARTESIAN_POINT('',(-0.652535193319,-1.390035193319,1.35));
#6986 = ELLIPSE('',#6987,5.391689206547E-02,3.8125E-02);
#6987 = AXIS2_PLACEMENT_3D('',#6988,#6989,#6990);
#6988 = CARTESIAN_POINT('',(-0.652535193319,-1.390035193319,1.311875));
#6989 = DIRECTION('',(-0.707106781187,0.707106781187,0.));
#6990 = DIRECTION('',(0.707106781187,0.707106781187,0.));
#6991 = ORIENTED_EDGE('',*,*,#6992,.T.);
#6992 = EDGE_CURVE('',#6984,#6993,#6995,.T.);
#6993 = VERTEX_POINT('',#6994);
#6994 = CARTESIAN_POINT('',(-0.652535193319,1.390035193319,1.35));
#6995 = LINE('',#6996,#6997);
#6996 = CARTESIAN_POINT('',(-0.652535193319,-1.42375,1.35));
#6997 = VECTOR('',#6998,1.);
#6998 = DIRECTION('',(0.,1.,0.));
#6999 = ORIENTED_EDGE('',*,*,#7000,.F.);
#7000 = EDGE_CURVE('',#6885,#6993,#7001,.T.);
#7001 = ELLIPSE('',#7002,5.391689206547E-02,3.8125E-02);
#7002 = AXIS2_PLACEMENT_3D('',#7003,#7004,#7005);
#7003 = CARTESIAN_POINT('',(-0.652535193319,1.390035193319,1.311875));
#7004 = DIRECTION('',(0.707106781187,0.707106781187,-0.));
#7005 = DIRECTION('',(-0.707106781187,0.707106781187,0.));
#7006 = ORIENTED_EDGE('',*,*,#6892,.F.);
#7007 = CYLINDRICAL_SURFACE('',#7008,3.8125E-02);
#7008 = AXIS2_PLACEMENT_3D('',#7009,#7010,#7011);
#7009 = CARTESIAN_POINT('',(-0.652535193319,-1.42375,1.311875));
#7010 = DIRECTION('',(0.,1.,0.));
#7011 = DIRECTION('',(-0.992491013642,0.,0.12231756963));
#7012 = ADVANCED_FACE('',(#7013),#7031,.T.);
#7013 = FACE_BOUND('',#7014,.F.);
#7014 = EDGE_LOOP('',(#7015,#7016,#7017,#7025));
#7015 = ORIENTED_EDGE('',*,*,#6884,.F.);
#7016 = ORIENTED_EDGE('',*,*,#6916,.T.);
#7017 = ORIENTED_EDGE('',*,*,#7018,.T.);
#7018 = EDGE_CURVE('',#6907,#7019,#7021,.T.);
#7019 = VERTEX_POINT('',#7020);
#7020 = CARTESIAN_POINT('',(0.690373913214,1.427873913214,1.316538357342
    ));
#7021 = LINE('',#7022,#7023);
#7022 = CARTESIAN_POINT('',(0.691585402492,1.429085402492,1.306708271404
    ));
#7023 = VECTOR('',#7024,1.);
#7024 = DIRECTION('',(-0.121412678489,-0.121412678489,0.985148680659));
#7025 = ORIENTED_EDGE('',*,*,#7026,.F.);
#7026 = EDGE_CURVE('',#6885,#7019,#7027,.T.);
#7027 = LINE('',#7028,#7029);
#7028 = CARTESIAN_POINT('',(-0.68625,1.427873913214,1.316538357342));
#7029 = VECTOR('',#7030,1.);
#7030 = DIRECTION('',(1.,0.,0.));
#7031 = PLANE('',#7032);
#7032 = AXIS2_PLACEMENT_3D('',#7033,#7034,#7035);
#7033 = CARTESIAN_POINT('',(-0.7625,1.461875,1.040651800803));
#7034 = DIRECTION('',(8.690453847177E-19,0.992491013642,0.12231756963));
#7035 = DIRECTION('',(-1.,8.625197347792E-19,1.062995193566E-19));
#7036 = ADVANCED_FACE('',(#7037),#7048,.T.);
#7037 = FACE_BOUND('',#7038,.T.);
#7038 = EDGE_LOOP('',(#7039,#7040,#7041,#7042));
#7039 = ORIENTED_EDGE('',*,*,#6961,.F.);
#7040 = ORIENTED_EDGE('',*,*,#6945,.T.);
#7041 = ORIENTED_EDGE('',*,*,#7018,.T.);
#7042 = ORIENTED_EDGE('',*,*,#7043,.F.);
#7043 = EDGE_CURVE('',#6962,#7019,#7044,.T.);
#7044 = LINE('',#7045,#7046);
#7045 = CARTESIAN_POINT('',(0.690373913214,-1.42375,1.316538357342));
#7046 = VECTOR('',#7047,1.);
#7047 = DIRECTION('',(0.,1.,0.));
#7048 = PLANE('',#7049);
#7049 = AXIS2_PLACEMENT_3D('',#7050,#7051,#7052);
#7050 = CARTESIAN_POINT('',(0.724375,-1.5,1.040651800803));
#7051 = DIRECTION('',(0.992491013642,0.,0.12231756963));
#7052 = DIRECTION('',(-0.,1.,0.));
#7053 = ADVANCED_FACE('',(#7054),#7073,.T.);
#7054 = FACE_BOUND('',#7055,.T.);
#7055 = EDGE_LOOP('',(#7056,#7057,#7066,#7072));
#7056 = ORIENTED_EDGE('',*,*,#6969,.T.);
#7057 = ORIENTED_EDGE('',*,*,#7058,.T.);
#7058 = EDGE_CURVE('',#6962,#7059,#7061,.T.);
#7059 = VERTEX_POINT('',#7060);
#7060 = CARTESIAN_POINT('',(0.652535193319,-1.390035193319,1.35));
#7061 = ELLIPSE('',#7062,5.391689206547E-02,3.8125E-02);
#7062 = AXIS2_PLACEMENT_3D('',#7063,#7064,#7065);
#7063 = CARTESIAN_POINT('',(0.652535193319,-1.390035193319,1.311875));
#7064 = DIRECTION('',(-0.707106781187,-0.707106781187,0.));
#7065 = DIRECTION('',(0.707106781187,-0.707106781187,0.));
#7066 = ORIENTED_EDGE('',*,*,#7067,.F.);
#7067 = EDGE_CURVE('',#6984,#7059,#7068,.T.);
#7068 = LINE('',#7069,#7070);
#7069 = CARTESIAN_POINT('',(-0.68625,-1.390035193319,1.35));
#7070 = VECTOR('',#7071,1.);
#7071 = DIRECTION('',(1.,0.,0.));
#7072 = ORIENTED_EDGE('',*,*,#6983,.F.);
#7073 = CYLINDRICAL_SURFACE('',#7074,3.8125E-02);
#7074 = AXIS2_PLACEMENT_3D('',#7075,#7076,#7077);
#7075 = CARTESIAN_POINT('',(-0.68625,-1.390035193319,1.311875));
#7076 = DIRECTION('',(1.,0.,0.));
#7077 = DIRECTION('',(0.,-0.992491013642,0.12231756963));
#7078 = ADVANCED_FACE('',(#7079,#7097),#7108,.T.);
#7079 = FACE_BOUND('',#7080,.T.);
#7080 = EDGE_LOOP('',(#7081,#7082,#7083,#7091));
#7081 = ORIENTED_EDGE('',*,*,#6992,.F.);
#7082 = ORIENTED_EDGE('',*,*,#7067,.T.);
#7083 = ORIENTED_EDGE('',*,*,#7084,.T.);
#7084 = EDGE_CURVE('',#7059,#7085,#7087,.T.);
#7085 = VERTEX_POINT('',#7086);
#7086 = CARTESIAN_POINT('',(0.652535193319,1.390035193319,1.35));
#7087 = LINE('',#7088,#7089);
#7088 = CARTESIAN_POINT('',(0.652535193319,-1.42375,1.35));
#7089 = VECTOR('',#7090,1.);
#7090 = DIRECTION('',(0.,1.,0.));
#7091 = ORIENTED_EDGE('',*,*,#7092,.F.);
#7092 = EDGE_CURVE('',#6993,#7085,#7093,.T.);
#7093 = LINE('',#7094,#7095);
#7094 = CARTESIAN_POINT('',(-0.68625,1.390035193319,1.35));
#7095 = VECTOR('',#7096,1.);
#7096 = DIRECTION('',(1.,0.,0.));
#7097 = FACE_BOUND('',#7098,.T.);
#7098 = EDGE_LOOP('',(#7099));
#7099 = ORIENTED_EDGE('',*,*,#7100,.F.);
#7100 = EDGE_CURVE('',#7101,#7101,#7103,.T.);
#7101 = VERTEX_POINT('',#7102);
#7102 = CARTESIAN_POINT('',(-0.3621875,0.95,1.35));
#7103 = CIRCLE('',#7104,9.53125E-02);
#7104 = AXIS2_PLACEMENT_3D('',#7105,#7106,#7107);
#7105 = CARTESIAN_POINT('',(-0.4575,0.95,1.35));
#7106 = DIRECTION('',(0.,0.,1.));
#7107 = DIRECTION('',(1.,0.,-0.));
#7108 = PLANE('',#7109);
#7109 = AXIS2_PLACEMENT_3D('',#7110,#7111,#7112);
#7110 = CARTESIAN_POINT('',(-0.7625,-1.5,1.35));
#7111 = DIRECTION('',(0.,0.,1.));
#7112 = DIRECTION('',(1.,0.,-0.));
#7113 = ADVANCED_FACE('',(#7114),#7126,.T.);
#7114 = FACE_BOUND('',#7115,.T.);
#7115 = EDGE_LOOP('',(#7116,#7117,#7124,#7125));
#7116 = ORIENTED_EDGE('',*,*,#7092,.T.);
#7117 = ORIENTED_EDGE('',*,*,#7118,.T.);
#7118 = EDGE_CURVE('',#7085,#7019,#7119,.T.);
#7119 = ELLIPSE('',#7120,5.391689206547E-02,3.8125E-02);
#7120 = AXIS2_PLACEMENT_3D('',#7121,#7122,#7123);
#7121 = CARTESIAN_POINT('',(0.652535193319,1.390035193319,1.311875));
#7122 = DIRECTION('',(-0.707106781187,0.707106781187,0.));
#7123 = DIRECTION('',(0.707106781187,0.707106781187,0.));
#7124 = ORIENTED_EDGE('',*,*,#7026,.F.);
#7125 = ORIENTED_EDGE('',*,*,#7000,.T.);
#7126 = CYLINDRICAL_SURFACE('',#7127,3.8125E-02);
#7127 = AXIS2_PLACEMENT_3D('',#7128,#7129,#7130);
#7128 = CARTESIAN_POINT('',(-0.68625,1.390035193319,1.311875));
#7129 = DIRECTION('',(1.,0.,0.));
#7130 = DIRECTION('',(0.,0.,1.));
#7131 = ADVANCED_FACE('',(#7132),#7138,.T.);
#7132 = FACE_BOUND('',#7133,.T.);
#7133 = EDGE_LOOP('',(#7134,#7135,#7136,#7137));
#7134 = ORIENTED_EDGE('',*,*,#7058,.F.);
#7135 = ORIENTED_EDGE('',*,*,#7043,.T.);
#7136 = ORIENTED_EDGE('',*,*,#7118,.F.);
#7137 = ORIENTED_EDGE('',*,*,#7084,.F.);
#7138 = CYLINDRICAL_SURFACE('',#7139,3.8125E-02);
#7139 = AXIS2_PLACEMENT_3D('',#7140,#7141,#7142);
#7140 = CARTESIAN_POINT('',(0.652535193319,-1.42375,1.311875));
#7141 = DIRECTION('',(0.,1.,0.));
#7142 = DIRECTION('',(0.,-0.,1.));
#7143 = ADVANCED_FACE('',(#7144),#7163,.F.);
#7144 = FACE_BOUND('',#7145,.F.);
#7145 = EDGE_LOOP('',(#7146,#7154,#7155,#7156));
#7146 = ORIENTED_EDGE('',*,*,#7147,.T.);
#7147 = EDGE_CURVE('',#7148,#7101,#7150,.T.);
#7148 = VERTEX_POINT('',#7149);
#7149 = CARTESIAN_POINT('',(-0.3621875,0.95,1.215));
#7150 = LINE('',#7151,#7152);
#7151 = CARTESIAN_POINT('',(-0.3621875,0.95,1.215));
#7152 = VECTOR('',#7153,1.);
#7153 = DIRECTION('',(0.,0.,1.));
#7154 = ORIENTED_EDGE('',*,*,#7100,.F.);
#7155 = ORIENTED_EDGE('',*,*,#7147,.F.);
#7156 = ORIENTED_EDGE('',*,*,#7157,.T.);
#7157 = EDGE_CURVE('',#7148,#7148,#7158,.T.);
#7158 = CIRCLE('',#7159,9.53125E-02);
#7159 = AXIS2_PLACEMENT_3D('',#7160,#7161,#7162);
#7160 = CARTESIAN_POINT('',(-0.4575,0.95,1.215));
#7161 = DIRECTION('',(0.,0.,1.));
#7162 = DIRECTION('',(1.,0.,-0.));
#7163 = CYLINDRICAL_SURFACE('',#7164,9.53125E-02);
#7164 = AXIS2_PLACEMENT_3D('',#7165,#7166,#7167);
#7165 = CARTESIAN_POINT('',(-0.4575,0.95,1.215));
#7166 = DIRECTION('',(0.,0.,1.));
#7167 = DIRECTION('',(1.,0.,-0.));
#7168 = ADVANCED_FACE('',(#7169),#7172,.T.);
#7169 = FACE_BOUND('',#7170,.F.);
#7170 = EDGE_LOOP('',(#7171));
#7171 = ORIENTED_EDGE('',*,*,#7157,.F.);
#7172 = PLANE('',#7173);
#7173 = AXIS2_PLACEMENT_3D('',#7174,#7175,#7176);
#7174 = CARTESIAN_POINT('',(-0.4575,0.95,1.215));
#7175 = DIRECTION('',(0.,0.,1.));
#7176 = DIRECTION('',(1.,0.,-0.));
#7177 = ( GEOMETRIC_REPRESENTATION_CONTEXT(3) 
GLOBAL_UNCERTAINTY_ASSIGNED_CONTEXT((#7181)) 
GLOBAL_UNIT_ASSIGNED_CONTEXT((#7178,#7179,#7180)) REPRESENTATION_CONTEXT
('Context #1','3D Context with UNIT and UNCERTAINTY') );
#7178 = ( LENGTH_UNIT() NAMED_UNIT(*) SI_UNIT(.MILLI.,.METRE.) );
#7179 = ( NAMED_UNIT(*) PLANE_ANGLE_UNIT() SI_UNIT($,.RADIAN.) );
#7180 = ( NAMED_UNIT(*) SI_UNIT($,.STERADIAN.) SOLID_ANGLE_UNIT() );
#7181 = UNCERTAINTY_MEASURE_WITH_UNIT(LENGTH_MEASURE(1.E-07),#7178,
  'distance_accuracy_value','confusion accuracy');
#7182 = CONTEXT_DEPENDENT_SHAPE_REPRESENTATION(#7183,#7185);
#7183 = ( REPRESENTATION_RELATIONSHIP('','',#6589,#6558) 
REPRESENTATION_RELATIONSHIP_WITH_TRANSFORMATION(#7184) 
SHAPE_REPRESENTATION_RELATIONSHIP() );
#7184 = ITEM_DEFINED_TRANSFORMATION('','',#11,#6559);
#7185 = PRODUCT_DEFINITION_SHAPE('Placement','Placement of an item',
  #7186);
#7186 = NEXT_ASSEMBLY_USAGE_OCCURRENCE('3','=>[0:1:1:2]','',#6553,#6584,
  $);
#7187 = PRODUCT_RELATED_PRODUCT_CATEGORY('part',$,(#6586));
#7188 = SHAPE_DEFINITION_REPRESENTATION(#7189,#7195);
#7189 = PRODUCT_DEFINITION_SHAPE('','',#7190);
#7190 = PRODUCT_DEFINITION('design','',#7191,#7194);
#7191 = PRODUCT_DEFINITION_FORMATION('','',#7192);
#7192 = PRODUCT('PinsArrayL','PinsArrayL','',(#7193));
#7193 = PRODUCT_CONTEXT('',#2,'mechanical');
#7194 = PRODUCT_DEFINITION_CONTEXT('part definition',#2,'design');
#7195 = SHAPE_REPRESENTATION('',(#11,#7196,#7583),#7970);
#7196 = MANIFOLD_SOLID_BREP('',#7197);
#7197 = CLOSED_SHELL('',(#7198,#7238,#7328,#7353,#7377,#7452,#7469,#7486
    ,#7503,#7520,#7537,#7554,#7571));
#7198 = ADVANCED_FACE('',(#7199),#7233,.T.);
#7199 = FACE_BOUND('',#7200,.T.);
#7200 = EDGE_LOOP('',(#7201,#7211,#7219,#7227));
#7201 = ORIENTED_EDGE('',*,*,#7202,.F.);
#7202 = EDGE_CURVE('',#7203,#7205,#7207,.T.);
#7203 = VERTEX_POINT('',#7204);
#7204 = CARTESIAN_POINT('',(-1.425,1.1375,0.1875));
#7205 = VERTEX_POINT('',#7206);
#7206 = CARTESIAN_POINT('',(-1.181316246973,1.1375,0.1875));
#7207 = LINE('',#7208,#7209);
#7208 = CARTESIAN_POINT('',(-1.425,1.1375,0.1875));
#7209 = VECTOR('',#7210,1.);
#7210 = DIRECTION('',(1.,0.,0.));
#7211 = ORIENTED_EDGE('',*,*,#7212,.F.);
#7212 = EDGE_CURVE('',#7213,#7203,#7215,.T.);
#7213 = VERTEX_POINT('',#7214);
#7214 = CARTESIAN_POINT('',(-1.425,0.7625,0.1875));
#7215 = LINE('',#7216,#7217);
#7216 = CARTESIAN_POINT('',(-1.425,0.7625,0.1875));
#7217 = VECTOR('',#7218,1.);
#7218 = DIRECTION('',(0.,1.,0.));
#7219 = ORIENTED_EDGE('',*,*,#7220,.T.);
#7220 = EDGE_CURVE('',#7213,#7221,#7223,.T.);
#7221 = VERTEX_POINT('',#7222);
#7222 = CARTESIAN_POINT('',(-1.181316246973,0.7625,0.1875));
#7223 = LINE('',#7224,#7225);
#7224 = CARTESIAN_POINT('',(-1.425,0.7625,0.1875));
#7225 = VECTOR('',#7226,1.);
#7226 = DIRECTION('',(1.,0.,0.));
#7227 = ORIENTED_EDGE('',*,*,#7228,.T.);
#7228 = EDGE_CURVE('',#7221,#7205,#7229,.T.);
#7229 = LINE('',#7230,#7231);
#7230 = CARTESIAN_POINT('',(-1.181316246973,0.7625,0.1875));
#7231 = VECTOR('',#7232,1.);
#7232 = DIRECTION('',(0.,1.,0.));
#7233 = PLANE('',#7234);
#7234 = AXIS2_PLACEMENT_3D('',#7235,#7236,#7237);
#7235 = CARTESIAN_POINT('',(-1.425,0.7625,0.1875));
#7236 = DIRECTION('',(0.,0.,1.));
#7237 = DIRECTION('',(1.,0.,-0.));
#7238 = ADVANCED_FACE('',(#7239),#7323,.T.);
#7239 = FACE_BOUND('',#7240,.T.);
#7240 = EDGE_LOOP('',(#7241,#7251,#7257,#7258,#7267,#7275,#7284,#7292,
    #7300,#7308,#7316));
#7241 = ORIENTED_EDGE('',*,*,#7242,.F.);
#7242 = EDGE_CURVE('',#7243,#7245,#7247,.T.);
#7243 = VERTEX_POINT('',#7244);
#7244 = CARTESIAN_POINT('',(-1.425,1.1375,0.));
#7245 = VERTEX_POINT('',#7246);
#7246 = CARTESIAN_POINT('',(-1.112544164649,1.1375,2.775557561563E-17));
#7247 = LINE('',#7248,#7249);
#7248 = CARTESIAN_POINT('',(-1.425,1.1375,0.));
#7249 = VECTOR('',#7250,1.);
#7250 = DIRECTION('',(1.,0.,0.));
#7251 = ORIENTED_EDGE('',*,*,#7252,.T.);
#7252 = EDGE_CURVE('',#7243,#7203,#7253,.T.);
#7253 = LINE('',#7254,#7255);
#7254 = CARTESIAN_POINT('',(-1.425,1.1375,0.));
#7255 = VECTOR('',#7256,1.);
#7256 = DIRECTION('',(0.,0.,1.));
#7257 = ORIENTED_EDGE('',*,*,#7202,.T.);
#7258 = ORIENTED_EDGE('',*,*,#7259,.T.);
#7259 = EDGE_CURVE('',#7205,#7260,#7262,.T.);
#7260 = VERTEX_POINT('',#7261);
#7261 = CARTESIAN_POINT('',(-1.091892879716,1.1375,0.253098199197));
#7262 = CIRCLE('',#7263,9.375E-02);
#7263 = AXIS2_PLACEMENT_3D('',#7264,#7265,#7266);
#7264 = CARTESIAN_POINT('',(-1.181316246973,1.1375,0.28125));
#7265 = DIRECTION('',(0.,-1.,0.));
#7266 = DIRECTION('',(0.,0.,1.));
#7267 = ORIENTED_EDGE('',*,*,#7268,.T.);
#7268 = EDGE_CURVE('',#7260,#7269,#7271,.T.);
#7269 = VERTEX_POINT('',#7270);
#7270 = CARTESIAN_POINT('',(-0.961998019446,1.1375,0.665705402409));
#7271 = LINE('',#7272,#7273);
#7272 = CARTESIAN_POINT('',(-1.153846734514,1.1375,5.630360160613E-02));
#7273 = VECTOR('',#7274,1.);
#7274 = DIRECTION('',(0.300285875233,0.,0.953849250739));
#7275 = ORIENTED_EDGE('',*,*,#7276,.T.);
#7276 = EDGE_CURVE('',#7269,#7277,#7279,.T.);
#7277 = VERTEX_POINT('',#7278);
#7278 = CARTESIAN_POINT('',(-0.872574652189,1.1375,0.731303601606));
#7279 = CIRCLE('',#7280,9.375E-02);
#7280 = AXIS2_PLACEMENT_3D('',#7281,#7282,#7283);
#7281 = CARTESIAN_POINT('',(-0.872574652189,1.1375,0.637553601606));
#7282 = DIRECTION('',(0.,1.,0.));
#7283 = DIRECTION('',(0.,-0.,1.));
#7284 = ORIENTED_EDGE('',*,*,#7285,.T.);
#7285 = EDGE_CURVE('',#7277,#7286,#7288,.T.);
#7286 = VERTEX_POINT('',#7287);
#7287 = CARTESIAN_POINT('',(-0.7625,1.1375,0.731303601606));
#7288 = LINE('',#7289,#7290);
#7289 = CARTESIAN_POINT('',(-0.941346734514,1.1375,0.731303601606));
#7290 = VECTOR('',#7291,1.);
#7291 = DIRECTION('',(1.,0.,0.));
#7292 = ORIENTED_EDGE('',*,*,#7293,.F.);
#7293 = EDGE_CURVE('',#7294,#7286,#7296,.T.);
#7294 = VERTEX_POINT('',#7295);
#7295 = CARTESIAN_POINT('',(-0.7625,1.1375,0.543803601606));
#7296 = LINE('',#7297,#7298);
#7297 = CARTESIAN_POINT('',(-0.7625,1.1375,0.543803601606));
#7298 = VECTOR('',#7299,1.);
#7299 = DIRECTION('',(0.,0.,1.));
#7300 = ORIENTED_EDGE('',*,*,#7301,.F.);
#7301 = EDGE_CURVE('',#7302,#7294,#7304,.T.);
#7302 = VERTEX_POINT('',#7303);
#7303 = CARTESIAN_POINT('',(-0.803802569865,1.1375,0.543803601606));
#7304 = LINE('',#7305,#7306);
#7305 = CARTESIAN_POINT('',(-0.941346734514,1.1375,0.543803601606));
#7306 = VECTOR('',#7307,1.);
#7307 = DIRECTION('',(1.,0.,0.));
#7308 = ORIENTED_EDGE('',*,*,#7309,.F.);
#7309 = EDGE_CURVE('',#7310,#7302,#7312,.T.);
#7310 = VERTEX_POINT('',#7311);
#7311 = CARTESIAN_POINT('',(-0.933697430135,1.1375,0.131196398394));
#7312 = LINE('',#7313,#7314);
#7313 = CARTESIAN_POINT('',(-0.975,1.1375,-1.387778780781E-17));
#7314 = VECTOR('',#7315,1.);
#7315 = DIRECTION('',(0.300285875233,0.,0.953849250739));
#7316 = ORIENTED_EDGE('',*,*,#7317,.F.);
#7317 = EDGE_CURVE('',#7245,#7310,#7318,.T.);
#7318 = CIRCLE('',#7319,0.1875);
#7319 = AXIS2_PLACEMENT_3D('',#7320,#7321,#7322);
#7320 = CARTESIAN_POINT('',(-1.112544164649,1.1375,0.1875));
#7321 = DIRECTION('',(0.,-1.,0.));
#7322 = DIRECTION('',(0.,0.,1.));
#7323 = PLANE('',#7324);
#7324 = AXIS2_PLACEMENT_3D('',#7325,#7326,#7327);
#7325 = CARTESIAN_POINT('',(-1.050445392629,1.1375,0.306619024656));
#7326 = DIRECTION('',(2.07663048389E-30,1.,-1.278455289869E-30));
#7327 = DIRECTION('',(1.,-2.07663048389E-30,-2.346654637078E-76));
#7328 = ADVANCED_FACE('',(#7329),#7348,.F.);
#7329 = FACE_BOUND('',#7330,.F.);
#7330 = EDGE_LOOP('',(#7331,#7332,#7333,#7341));
#7331 = ORIENTED_EDGE('',*,*,#7228,.T.);
#7332 = ORIENTED_EDGE('',*,*,#7259,.T.);
#7333 = ORIENTED_EDGE('',*,*,#7334,.F.);
#7334 = EDGE_CURVE('',#7335,#7260,#7337,.T.);
#7335 = VERTEX_POINT('',#7336);
#7336 = CARTESIAN_POINT('',(-1.091892879716,0.7625,0.253098199197));
#7337 = LINE('',#7338,#7339);
#7338 = CARTESIAN_POINT('',(-1.091892879716,0.7625,0.253098199197));
#7339 = VECTOR('',#7340,1.);
#7340 = DIRECTION('',(0.,1.,0.));
#7341 = ORIENTED_EDGE('',*,*,#7342,.F.);
#7342 = EDGE_CURVE('',#7221,#7335,#7343,.T.);
#7343 = CIRCLE('',#7344,9.375E-02);
#7344 = AXIS2_PLACEMENT_3D('',#7345,#7346,#7347);
#7345 = CARTESIAN_POINT('',(-1.181316246973,0.7625,0.28125));
#7346 = DIRECTION('',(0.,-1.,0.));
#7347 = DIRECTION('',(0.,0.,1.));
#7348 = CYLINDRICAL_SURFACE('',#7349,9.375E-02);
#7349 = AXIS2_PLACEMENT_3D('',#7350,#7351,#7352);
#7350 = CARTESIAN_POINT('',(-1.181316246973,0.7625,0.28125));
#7351 = DIRECTION('',(0.,1.,0.));
#7352 = DIRECTION('',(0.,0.,-1.));
#7353 = ADVANCED_FACE('',(#7354),#7372,.F.);
#7354 = FACE_BOUND('',#7355,.F.);
#7355 = EDGE_LOOP('',(#7356,#7364,#7370,#7371));
#7356 = ORIENTED_EDGE('',*,*,#7357,.F.);
#7357 = EDGE_CURVE('',#7358,#7213,#7360,.T.);
#7358 = VERTEX_POINT('',#7359);
#7359 = CARTESIAN_POINT('',(-1.425,0.7625,0.));
#7360 = LINE('',#7361,#7362);
#7361 = CARTESIAN_POINT('',(-1.425,0.7625,0.));
#7362 = VECTOR('',#7363,1.);
#7363 = DIRECTION('',(0.,0.,1.));
#7364 = ORIENTED_EDGE('',*,*,#7365,.T.);
#7365 = EDGE_CURVE('',#7358,#7243,#7366,.T.);
#7366 = LINE('',#7367,#7368);
#7367 = CARTESIAN_POINT('',(-1.425,0.7625,0.));
#7368 = VECTOR('',#7369,1.);
#7369 = DIRECTION('',(0.,1.,0.));
#7370 = ORIENTED_EDGE('',*,*,#7252,.T.);
#7371 = ORIENTED_EDGE('',*,*,#7212,.F.);
#7372 = PLANE('',#7373);
#7373 = AXIS2_PLACEMENT_3D('',#7374,#7375,#7376);
#7374 = CARTESIAN_POINT('',(-1.425,0.7625,0.));
#7375 = DIRECTION('',(1.,0.,0.));
#7376 = DIRECTION('',(0.,0.,1.));
#7377 = ADVANCED_FACE('',(#7378),#7447,.T.);
#7378 = FACE_BOUND('',#7379,.T.);
#7379 = EDGE_LOOP('',(#7380,#7388,#7397,#7405,#7413,#7421,#7429,#7438,
    #7444,#7445,#7446));
#7380 = ORIENTED_EDGE('',*,*,#7381,.T.);
#7381 = EDGE_CURVE('',#7358,#7382,#7384,.T.);
#7382 = VERTEX_POINT('',#7383);
#7383 = CARTESIAN_POINT('',(-1.112544164649,0.7625,2.775557561563E-17));
#7384 = LINE('',#7385,#7386);
#7385 = CARTESIAN_POINT('',(-1.425,0.7625,0.));
#7386 = VECTOR('',#7387,1.);
#7387 = DIRECTION('',(1.,0.,0.));
#7388 = ORIENTED_EDGE('',*,*,#7389,.T.);
#7389 = EDGE_CURVE('',#7382,#7390,#7392,.T.);
#7390 = VERTEX_POINT('',#7391);
#7391 = CARTESIAN_POINT('',(-0.933697430135,0.7625,0.131196398394));
#7392 = CIRCLE('',#7393,0.1875);
#7393 = AXIS2_PLACEMENT_3D('',#7394,#7395,#7396);
#7394 = CARTESIAN_POINT('',(-1.112544164649,0.7625,0.1875));
#7395 = DIRECTION('',(0.,-1.,0.));
#7396 = DIRECTION('',(0.,0.,1.));
#7397 = ORIENTED_EDGE('',*,*,#7398,.T.);
#7398 = EDGE_CURVE('',#7390,#7399,#7401,.T.);
#7399 = VERTEX_POINT('',#7400);
#7400 = CARTESIAN_POINT('',(-0.803802569865,0.7625,0.543803601606));
#7401 = LINE('',#7402,#7403);
#7402 = CARTESIAN_POINT('',(-0.975,0.7625,-1.387778780781E-17));
#7403 = VECTOR('',#7404,1.);
#7404 = DIRECTION('',(0.300285875233,0.,0.953849250739));
#7405 = ORIENTED_EDGE('',*,*,#7406,.T.);
#7406 = EDGE_CURVE('',#7399,#7407,#7409,.T.);
#7407 = VERTEX_POINT('',#7408);
#7408 = CARTESIAN_POINT('',(-0.7625,0.7625,0.543803601606));
#7409 = LINE('',#7410,#7411);
#7410 = CARTESIAN_POINT('',(-0.941346734514,0.7625,0.543803601606));
#7411 = VECTOR('',#7412,1.);
#7412 = DIRECTION('',(1.,0.,0.));
#7413 = ORIENTED_EDGE('',*,*,#7414,.T.);
#7414 = EDGE_CURVE('',#7407,#7415,#7417,.T.);
#7415 = VERTEX_POINT('',#7416);
#7416 = CARTESIAN_POINT('',(-0.7625,0.7625,0.731303601606));
#7417 = LINE('',#7418,#7419);
#7418 = CARTESIAN_POINT('',(-0.7625,0.7625,0.543803601606));
#7419 = VECTOR('',#7420,1.);
#7420 = DIRECTION('',(0.,0.,1.));
#7421 = ORIENTED_EDGE('',*,*,#7422,.F.);
#7422 = EDGE_CURVE('',#7423,#7415,#7425,.T.);
#7423 = VERTEX_POINT('',#7424);
#7424 = CARTESIAN_POINT('',(-0.872574652189,0.7625,0.731303601606));
#7425 = LINE('',#7426,#7427);
#7426 = CARTESIAN_POINT('',(-0.941346734514,0.7625,0.731303601606));
#7427 = VECTOR('',#7428,1.);
#7428 = DIRECTION('',(1.,0.,0.));
#7429 = ORIENTED_EDGE('',*,*,#7430,.F.);
#7430 = EDGE_CURVE('',#7431,#7423,#7433,.T.);
#7431 = VERTEX_POINT('',#7432);
#7432 = CARTESIAN_POINT('',(-0.961998019446,0.7625,0.665705402409));
#7433 = CIRCLE('',#7434,9.375E-02);
#7434 = AXIS2_PLACEMENT_3D('',#7435,#7436,#7437);
#7435 = CARTESIAN_POINT('',(-0.872574652189,0.7625,0.637553601606));
#7436 = DIRECTION('',(0.,1.,0.));
#7437 = DIRECTION('',(0.,-0.,1.));
#7438 = ORIENTED_EDGE('',*,*,#7439,.F.);
#7439 = EDGE_CURVE('',#7335,#7431,#7440,.T.);
#7440 = LINE('',#7441,#7442);
#7441 = CARTESIAN_POINT('',(-1.153846734514,0.7625,5.630360160613E-02));
#7442 = VECTOR('',#7443,1.);
#7443 = DIRECTION('',(0.300285875233,0.,0.953849250739));
#7444 = ORIENTED_EDGE('',*,*,#7342,.F.);
#7445 = ORIENTED_EDGE('',*,*,#7220,.F.);
#7446 = ORIENTED_EDGE('',*,*,#7357,.F.);
#7447 = PLANE('',#7448);
#7448 = AXIS2_PLACEMENT_3D('',#7449,#7450,#7451);
#7449 = CARTESIAN_POINT('',(-1.050445392629,0.7625,0.306619024656));
#7450 = DIRECTION('',(-8.020812120979E-31,-1.,4.837112302362E-31));
#7451 = DIRECTION('',(-1.,8.020812120979E-31,2.328184145661E-77));
#7452 = ADVANCED_FACE('',(#7453),#7464,.F.);
#7453 = FACE_BOUND('',#7454,.F.);
#7454 = EDGE_LOOP('',(#7455,#7456,#7457,#7458));
#7455 = ORIENTED_EDGE('',*,*,#7242,.F.);
#7456 = ORIENTED_EDGE('',*,*,#7365,.F.);
#7457 = ORIENTED_EDGE('',*,*,#7381,.T.);
#7458 = ORIENTED_EDGE('',*,*,#7459,.T.);
#7459 = EDGE_CURVE('',#7382,#7245,#7460,.T.);
#7460 = LINE('',#7461,#7462);
#7461 = CARTESIAN_POINT('',(-1.112544164649,0.7625,2.775557561563E-17));
#7462 = VECTOR('',#7463,1.);
#7463 = DIRECTION('',(0.,1.,0.));
#7464 = PLANE('',#7465);
#7465 = AXIS2_PLACEMENT_3D('',#7466,#7467,#7468);
#7466 = CARTESIAN_POINT('',(-1.425,0.7625,0.));
#7467 = DIRECTION('',(0.,0.,1.));
#7468 = DIRECTION('',(1.,0.,-0.));
#7469 = ADVANCED_FACE('',(#7470),#7481,.T.);
#7470 = FACE_BOUND('',#7471,.T.);
#7471 = EDGE_LOOP('',(#7472,#7473,#7474,#7480));
#7472 = ORIENTED_EDGE('',*,*,#7459,.T.);
#7473 = ORIENTED_EDGE('',*,*,#7317,.T.);
#7474 = ORIENTED_EDGE('',*,*,#7475,.F.);
#7475 = EDGE_CURVE('',#7390,#7310,#7476,.T.);
#7476 = LINE('',#7477,#7478);
#7477 = CARTESIAN_POINT('',(-0.933697430135,0.7625,0.131196398394));
#7478 = VECTOR('',#7479,1.);
#7479 = DIRECTION('',(0.,1.,0.));
#7480 = ORIENTED_EDGE('',*,*,#7389,.F.);
#7481 = CYLINDRICAL_SURFACE('',#7482,0.1875);
#7482 = AXIS2_PLACEMENT_3D('',#7483,#7484,#7485);
#7483 = CARTESIAN_POINT('',(-1.112544164649,0.7625,0.1875));
#7484 = DIRECTION('',(0.,1.,0.));
#7485 = DIRECTION('',(0.,0.,-1.));
#7486 = ADVANCED_FACE('',(#7487),#7498,.T.);
#7487 = FACE_BOUND('',#7488,.T.);
#7488 = EDGE_LOOP('',(#7489,#7490,#7491,#7492));
#7489 = ORIENTED_EDGE('',*,*,#7398,.F.);
#7490 = ORIENTED_EDGE('',*,*,#7475,.T.);
#7491 = ORIENTED_EDGE('',*,*,#7309,.T.);
#7492 = ORIENTED_EDGE('',*,*,#7493,.F.);
#7493 = EDGE_CURVE('',#7399,#7302,#7494,.T.);
#7494 = LINE('',#7495,#7496);
#7495 = CARTESIAN_POINT('',(-0.803802569865,0.7625,0.543803601606));
#7496 = VECTOR('',#7497,1.);
#7497 = DIRECTION('',(0.,1.,0.));
#7498 = PLANE('',#7499);
#7499 = AXIS2_PLACEMENT_3D('',#7500,#7501,#7502);
#7500 = CARTESIAN_POINT('',(-0.975,0.7625,-1.387778780781E-17));
#7501 = DIRECTION('',(0.953849250739,0.,-0.300285875233));
#7502 = DIRECTION('',(0.300285875233,0.,0.953849250739));
#7503 = ADVANCED_FACE('',(#7504),#7515,.F.);
#7504 = FACE_BOUND('',#7505,.F.);
#7505 = EDGE_LOOP('',(#7506,#7507,#7508,#7509));
#7506 = ORIENTED_EDGE('',*,*,#7301,.F.);
#7507 = ORIENTED_EDGE('',*,*,#7493,.F.);
#7508 = ORIENTED_EDGE('',*,*,#7406,.T.);
#7509 = ORIENTED_EDGE('',*,*,#7510,.T.);
#7510 = EDGE_CURVE('',#7407,#7294,#7511,.T.);
#7511 = LINE('',#7512,#7513);
#7512 = CARTESIAN_POINT('',(-0.7625,0.7625,0.543803601606));
#7513 = VECTOR('',#7514,1.);
#7514 = DIRECTION('',(0.,1.,0.));
#7515 = PLANE('',#7516);
#7516 = AXIS2_PLACEMENT_3D('',#7517,#7518,#7519);
#7517 = CARTESIAN_POINT('',(-0.941346734514,0.7625,0.543803601606));
#7518 = DIRECTION('',(0.,0.,1.));
#7519 = DIRECTION('',(1.,0.,-0.));
#7520 = ADVANCED_FACE('',(#7521),#7532,.T.);
#7521 = FACE_BOUND('',#7522,.T.);
#7522 = EDGE_LOOP('',(#7523,#7524,#7525,#7526));
#7523 = ORIENTED_EDGE('',*,*,#7414,.F.);
#7524 = ORIENTED_EDGE('',*,*,#7510,.T.);
#7525 = ORIENTED_EDGE('',*,*,#7293,.T.);
#7526 = ORIENTED_EDGE('',*,*,#7527,.F.);
#7527 = EDGE_CURVE('',#7415,#7286,#7528,.T.);
#7528 = LINE('',#7529,#7530);
#7529 = CARTESIAN_POINT('',(-0.7625,0.7625,0.731303601606));
#7530 = VECTOR('',#7531,1.);
#7531 = DIRECTION('',(0.,1.,0.));
#7532 = PLANE('',#7533);
#7533 = AXIS2_PLACEMENT_3D('',#7534,#7535,#7536);
#7534 = CARTESIAN_POINT('',(-0.7625,0.7625,0.543803601606));
#7535 = DIRECTION('',(1.,0.,0.));
#7536 = DIRECTION('',(0.,0.,1.));
#7537 = ADVANCED_FACE('',(#7538),#7549,.F.);
#7538 = FACE_BOUND('',#7539,.F.);
#7539 = EDGE_LOOP('',(#7540,#7541,#7542,#7543));
#7540 = ORIENTED_EDGE('',*,*,#7439,.F.);
#7541 = ORIENTED_EDGE('',*,*,#7334,.T.);
#7542 = ORIENTED_EDGE('',*,*,#7268,.T.);
#7543 = ORIENTED_EDGE('',*,*,#7544,.F.);
#7544 = EDGE_CURVE('',#7431,#7269,#7545,.T.);
#7545 = LINE('',#7546,#7547);
#7546 = CARTESIAN_POINT('',(-0.961998019446,0.7625,0.665705402409));
#7547 = VECTOR('',#7548,1.);
#7548 = DIRECTION('',(0.,1.,0.));
#7549 = PLANE('',#7550);
#7550 = AXIS2_PLACEMENT_3D('',#7551,#7552,#7553);
#7551 = CARTESIAN_POINT('',(-1.153846734514,0.7625,5.630360160613E-02));
#7552 = DIRECTION('',(0.953849250739,0.,-0.300285875233));
#7553 = DIRECTION('',(0.300285875233,0.,0.953849250739));
#7554 = ADVANCED_FACE('',(#7555),#7566,.T.);
#7555 = FACE_BOUND('',#7556,.T.);
#7556 = EDGE_LOOP('',(#7557,#7558,#7559,#7560));
#7557 = ORIENTED_EDGE('',*,*,#7422,.T.);
#7558 = ORIENTED_EDGE('',*,*,#7527,.T.);
#7559 = ORIENTED_EDGE('',*,*,#7285,.F.);
#7560 = ORIENTED_EDGE('',*,*,#7561,.F.);
#7561 = EDGE_CURVE('',#7423,#7277,#7562,.T.);
#7562 = LINE('',#7563,#7564);
#7563 = CARTESIAN_POINT('',(-0.872574652189,0.7625,0.731303601606));
#7564 = VECTOR('',#7565,1.);
#7565 = DIRECTION('',(0.,1.,0.));
#7566 = PLANE('',#7567);
#7567 = AXIS2_PLACEMENT_3D('',#7568,#7569,#7570);
#7568 = CARTESIAN_POINT('',(-0.941346734514,0.7625,0.731303601606));
#7569 = DIRECTION('',(0.,0.,1.));
#7570 = DIRECTION('',(1.,0.,-0.));
#7571 = ADVANCED_FACE('',(#7572),#7578,.T.);
#7572 = FACE_BOUND('',#7573,.T.);
#7573 = EDGE_LOOP('',(#7574,#7575,#7576,#7577));
#7574 = ORIENTED_EDGE('',*,*,#7430,.T.);
#7575 = ORIENTED_EDGE('',*,*,#7561,.T.);
#7576 = ORIENTED_EDGE('',*,*,#7276,.F.);
#7577 = ORIENTED_EDGE('',*,*,#7544,.F.);
#7578 = CYLINDRICAL_SURFACE('',#7579,9.375E-02);
#7579 = AXIS2_PLACEMENT_3D('',#7580,#7581,#7582);
#7580 = CARTESIAN_POINT('',(-0.872574652189,0.7625,0.637553601606));
#7581 = DIRECTION('',(0.,1.,0.));
#7582 = DIRECTION('',(-0.953849250739,0.,0.300285875233));
#7583 = MANIFOLD_SOLID_BREP('',#7584);
#7584 = CLOSED_SHELL('',(#7585,#7625,#7715,#7740,#7764,#7839,#7856,#7873
    ,#7890,#7907,#7924,#7941,#7958));
#7585 = ADVANCED_FACE('',(#7586),#7620,.T.);
#7586 = FACE_BOUND('',#7587,.T.);
#7587 = EDGE_LOOP('',(#7588,#7598,#7606,#7614));
#7588 = ORIENTED_EDGE('',*,*,#7589,.F.);
#7589 = EDGE_CURVE('',#7590,#7592,#7594,.T.);
#7590 = VERTEX_POINT('',#7591);
#7591 = CARTESIAN_POINT('',(-1.425,-0.7625,0.1875));
#7592 = VERTEX_POINT('',#7593);
#7593 = CARTESIAN_POINT('',(-1.181316246973,-0.7625,0.1875));
#7594 = LINE('',#7595,#7596);
#7595 = CARTESIAN_POINT('',(-1.425,-0.7625,0.1875));
#7596 = VECTOR('',#7597,1.);
#7597 = DIRECTION('',(1.,0.,0.));
#7598 = ORIENTED_EDGE('',*,*,#7599,.F.);
#7599 = EDGE_CURVE('',#7600,#7590,#7602,.T.);
#7600 = VERTEX_POINT('',#7601);
#7601 = CARTESIAN_POINT('',(-1.425,-1.1375,0.1875));
#7602 = LINE('',#7603,#7604);
#7603 = CARTESIAN_POINT('',(-1.425,-1.1375,0.1875));
#7604 = VECTOR('',#7605,1.);
#7605 = DIRECTION('',(0.,1.,0.));
#7606 = ORIENTED_EDGE('',*,*,#7607,.T.);
#7607 = EDGE_CURVE('',#7600,#7608,#7610,.T.);
#7608 = VERTEX_POINT('',#7609);
#7609 = CARTESIAN_POINT('',(-1.181316246973,-1.1375,0.1875));
#7610 = LINE('',#7611,#7612);
#7611 = CARTESIAN_POINT('',(-1.425,-1.1375,0.1875));
#7612 = VECTOR('',#7613,1.);
#7613 = DIRECTION('',(1.,0.,0.));
#7614 = ORIENTED_EDGE('',*,*,#7615,.T.);
#7615 = EDGE_CURVE('',#7608,#7592,#7616,.T.);
#7616 = LINE('',#7617,#7618);
#7617 = CARTESIAN_POINT('',(-1.181316246973,-1.1375,0.1875));
#7618 = VECTOR('',#7619,1.);
#7619 = DIRECTION('',(0.,1.,0.));
#7620 = PLANE('',#7621);
#7621 = AXIS2_PLACEMENT_3D('',#7622,#7623,#7624);
#7622 = CARTESIAN_POINT('',(-1.425,-1.1375,0.1875));
#7623 = DIRECTION('',(0.,0.,1.));
#7624 = DIRECTION('',(1.,0.,-0.));
#7625 = ADVANCED_FACE('',(#7626),#7710,.T.);
#7626 = FACE_BOUND('',#7627,.T.);
#7627 = EDGE_LOOP('',(#7628,#7638,#7644,#7645,#7654,#7662,#7671,#7679,
    #7687,#7695,#7703));
#7628 = ORIENTED_EDGE('',*,*,#7629,.F.);
#7629 = EDGE_CURVE('',#7630,#7632,#7634,.T.);
#7630 = VERTEX_POINT('',#7631);
#7631 = CARTESIAN_POINT('',(-1.425,-0.7625,0.));
#7632 = VERTEX_POINT('',#7633);
#7633 = CARTESIAN_POINT('',(-1.112544164649,-0.7625,2.775557561563E-17)
  );
#7634 = LINE('',#7635,#7636);
#7635 = CARTESIAN_POINT('',(-1.425,-0.7625,0.));
#7636 = VECTOR('',#7637,1.);
#7637 = DIRECTION('',(1.,0.,0.));
#7638 = ORIENTED_EDGE('',*,*,#7639,.T.);
#7639 = EDGE_CURVE('',#7630,#7590,#7640,.T.);
#7640 = LINE('',#7641,#7642);
#7641 = CARTESIAN_POINT('',(-1.425,-0.7625,0.));
#7642 = VECTOR('',#7643,1.);
#7643 = DIRECTION('',(0.,0.,1.));
#7644 = ORIENTED_EDGE('',*,*,#7589,.T.);
#7645 = ORIENTED_EDGE('',*,*,#7646,.T.);
#7646 = EDGE_CURVE('',#7592,#7647,#7649,.T.);
#7647 = VERTEX_POINT('',#7648);
#7648 = CARTESIAN_POINT('',(-1.091892879716,-0.7625,0.253098199197));
#7649 = CIRCLE('',#7650,9.375E-02);
#7650 = AXIS2_PLACEMENT_3D('',#7651,#7652,#7653);
#7651 = CARTESIAN_POINT('',(-1.181316246973,-0.7625,0.28125));
#7652 = DIRECTION('',(0.,-1.,0.));
#7653 = DIRECTION('',(0.,0.,1.));
#7654 = ORIENTED_EDGE('',*,*,#7655,.T.);
#7655 = EDGE_CURVE('',#7647,#7656,#7658,.T.);
#7656 = VERTEX_POINT('',#7657);
#7657 = CARTESIAN_POINT('',(-0.961998019446,-0.7625,0.665705402409));
#7658 = LINE('',#7659,#7660);
#7659 = CARTESIAN_POINT('',(-1.153846734514,-0.7625,5.630360160613E-02)
  );
#7660 = VECTOR('',#7661,1.);
#7661 = DIRECTION('',(0.300285875233,0.,0.953849250739));
#7662 = ORIENTED_EDGE('',*,*,#7663,.T.);
#7663 = EDGE_CURVE('',#7656,#7664,#7666,.T.);
#7664 = VERTEX_POINT('',#7665);
#7665 = CARTESIAN_POINT('',(-0.872574652189,-0.7625,0.731303601606));
#7666 = CIRCLE('',#7667,9.375E-02);
#7667 = AXIS2_PLACEMENT_3D('',#7668,#7669,#7670);
#7668 = CARTESIAN_POINT('',(-0.872574652189,-0.7625,0.637553601606));
#7669 = DIRECTION('',(0.,1.,0.));
#7670 = DIRECTION('',(0.,-0.,1.));
#7671 = ORIENTED_EDGE('',*,*,#7672,.T.);
#7672 = EDGE_CURVE('',#7664,#7673,#7675,.T.);
#7673 = VERTEX_POINT('',#7674);
#7674 = CARTESIAN_POINT('',(-0.7625,-0.7625,0.731303601606));
#7675 = LINE('',#7676,#7677);
#7676 = CARTESIAN_POINT('',(-0.941346734514,-0.7625,0.731303601606));
#7677 = VECTOR('',#7678,1.);
#7678 = DIRECTION('',(1.,0.,0.));
#7679 = ORIENTED_EDGE('',*,*,#7680,.F.);
#7680 = EDGE_CURVE('',#7681,#7673,#7683,.T.);
#7681 = VERTEX_POINT('',#7682);
#7682 = CARTESIAN_POINT('',(-0.7625,-0.7625,0.543803601606));
#7683 = LINE('',#7684,#7685);
#7684 = CARTESIAN_POINT('',(-0.7625,-0.7625,0.543803601606));
#7685 = VECTOR('',#7686,1.);
#7686 = DIRECTION('',(0.,0.,1.));
#7687 = ORIENTED_EDGE('',*,*,#7688,.F.);
#7688 = EDGE_CURVE('',#7689,#7681,#7691,.T.);
#7689 = VERTEX_POINT('',#7690);
#7690 = CARTESIAN_POINT('',(-0.803802569865,-0.7625,0.543803601606));
#7691 = LINE('',#7692,#7693);
#7692 = CARTESIAN_POINT('',(-0.941346734514,-0.7625,0.543803601606));
#7693 = VECTOR('',#7694,1.);
#7694 = DIRECTION('',(1.,0.,0.));
#7695 = ORIENTED_EDGE('',*,*,#7696,.F.);
#7696 = EDGE_CURVE('',#7697,#7689,#7699,.T.);
#7697 = VERTEX_POINT('',#7698);
#7698 = CARTESIAN_POINT('',(-0.933697430135,-0.7625,0.131196398394));
#7699 = LINE('',#7700,#7701);
#7700 = CARTESIAN_POINT('',(-0.975,-0.7625,-1.387778780781E-17));
#7701 = VECTOR('',#7702,1.);
#7702 = DIRECTION('',(0.300285875233,0.,0.953849250739));
#7703 = ORIENTED_EDGE('',*,*,#7704,.F.);
#7704 = EDGE_CURVE('',#7632,#7697,#7705,.T.);
#7705 = CIRCLE('',#7706,0.1875);
#7706 = AXIS2_PLACEMENT_3D('',#7707,#7708,#7709);
#7707 = CARTESIAN_POINT('',(-1.112544164649,-0.7625,0.1875));
#7708 = DIRECTION('',(0.,-1.,0.));
#7709 = DIRECTION('',(0.,0.,1.));
#7710 = PLANE('',#7711);
#7711 = AXIS2_PLACEMENT_3D('',#7712,#7713,#7714);
#7712 = CARTESIAN_POINT('',(-1.050445392629,-0.7625,0.306619024656));
#7713 = DIRECTION('',(2.07663048389E-30,1.,-1.278455289869E-30));
#7714 = DIRECTION('',(1.,-2.07663048389E-30,-2.346654637078E-76));
#7715 = ADVANCED_FACE('',(#7716),#7735,.F.);
#7716 = FACE_BOUND('',#7717,.F.);
#7717 = EDGE_LOOP('',(#7718,#7719,#7720,#7728));
#7718 = ORIENTED_EDGE('',*,*,#7615,.T.);
#7719 = ORIENTED_EDGE('',*,*,#7646,.T.);
#7720 = ORIENTED_EDGE('',*,*,#7721,.F.);
#7721 = EDGE_CURVE('',#7722,#7647,#7724,.T.);
#7722 = VERTEX_POINT('',#7723);
#7723 = CARTESIAN_POINT('',(-1.091892879716,-1.1375,0.253098199197));
#7724 = LINE('',#7725,#7726);
#7725 = CARTESIAN_POINT('',(-1.091892879716,-1.1375,0.253098199197));
#7726 = VECTOR('',#7727,1.);
#7727 = DIRECTION('',(0.,1.,0.));
#7728 = ORIENTED_EDGE('',*,*,#7729,.F.);
#7729 = EDGE_CURVE('',#7608,#7722,#7730,.T.);
#7730 = CIRCLE('',#7731,9.375E-02);
#7731 = AXIS2_PLACEMENT_3D('',#7732,#7733,#7734);
#7732 = CARTESIAN_POINT('',(-1.181316246973,-1.1375,0.28125));
#7733 = DIRECTION('',(0.,-1.,0.));
#7734 = DIRECTION('',(0.,0.,1.));
#7735 = CYLINDRICAL_SURFACE('',#7736,9.375E-02);
#7736 = AXIS2_PLACEMENT_3D('',#7737,#7738,#7739);
#7737 = CARTESIAN_POINT('',(-1.181316246973,-1.1375,0.28125));
#7738 = DIRECTION('',(0.,1.,0.));
#7739 = DIRECTION('',(0.,0.,-1.));
#7740 = ADVANCED_FACE('',(#7741),#7759,.F.);
#7741 = FACE_BOUND('',#7742,.F.);
#7742 = EDGE_LOOP('',(#7743,#7751,#7757,#7758));
#7743 = ORIENTED_EDGE('',*,*,#7744,.F.);
#7744 = EDGE_CURVE('',#7745,#7600,#7747,.T.);
#7745 = VERTEX_POINT('',#7746);
#7746 = CARTESIAN_POINT('',(-1.425,-1.1375,0.));
#7747 = LINE('',#7748,#7749);
#7748 = CARTESIAN_POINT('',(-1.425,-1.1375,0.));
#7749 = VECTOR('',#7750,1.);
#7750 = DIRECTION('',(0.,0.,1.));
#7751 = ORIENTED_EDGE('',*,*,#7752,.T.);
#7752 = EDGE_CURVE('',#7745,#7630,#7753,.T.);
#7753 = LINE('',#7754,#7755);
#7754 = CARTESIAN_POINT('',(-1.425,-1.1375,0.));
#7755 = VECTOR('',#7756,1.);
#7756 = DIRECTION('',(0.,1.,0.));
#7757 = ORIENTED_EDGE('',*,*,#7639,.T.);
#7758 = ORIENTED_EDGE('',*,*,#7599,.F.);
#7759 = PLANE('',#7760);
#7760 = AXIS2_PLACEMENT_3D('',#7761,#7762,#7763);
#7761 = CARTESIAN_POINT('',(-1.425,-1.1375,0.));
#7762 = DIRECTION('',(1.,0.,0.));
#7763 = DIRECTION('',(0.,0.,1.));
#7764 = ADVANCED_FACE('',(#7765),#7834,.T.);
#7765 = FACE_BOUND('',#7766,.T.);
#7766 = EDGE_LOOP('',(#7767,#7775,#7784,#7792,#7800,#7808,#7816,#7825,
    #7831,#7832,#7833));
#7767 = ORIENTED_EDGE('',*,*,#7768,.T.);
#7768 = EDGE_CURVE('',#7745,#7769,#7771,.T.);
#7769 = VERTEX_POINT('',#7770);
#7770 = CARTESIAN_POINT('',(-1.112544164649,-1.1375,2.775557561563E-17)
  );
#7771 = LINE('',#7772,#7773);
#7772 = CARTESIAN_POINT('',(-1.425,-1.1375,0.));
#7773 = VECTOR('',#7774,1.);
#7774 = DIRECTION('',(1.,0.,0.));
#7775 = ORIENTED_EDGE('',*,*,#7776,.T.);
#7776 = EDGE_CURVE('',#7769,#7777,#7779,.T.);
#7777 = VERTEX_POINT('',#7778);
#7778 = CARTESIAN_POINT('',(-0.933697430135,-1.1375,0.131196398394));
#7779 = CIRCLE('',#7780,0.1875);
#7780 = AXIS2_PLACEMENT_3D('',#7781,#7782,#7783);
#7781 = CARTESIAN_POINT('',(-1.112544164649,-1.1375,0.1875));
#7782 = DIRECTION('',(0.,-1.,0.));
#7783 = DIRECTION('',(0.,0.,1.));
#7784 = ORIENTED_EDGE('',*,*,#7785,.T.);
#7785 = EDGE_CURVE('',#7777,#7786,#7788,.T.);
#7786 = VERTEX_POINT('',#7787);
#7787 = CARTESIAN_POINT('',(-0.803802569865,-1.1375,0.543803601606));
#7788 = LINE('',#7789,#7790);
#7789 = CARTESIAN_POINT('',(-0.975,-1.1375,-1.387778780781E-17));
#7790 = VECTOR('',#7791,1.);
#7791 = DIRECTION('',(0.300285875233,0.,0.953849250739));
#7792 = ORIENTED_EDGE('',*,*,#7793,.T.);
#7793 = EDGE_CURVE('',#7786,#7794,#7796,.T.);
#7794 = VERTEX_POINT('',#7795);
#7795 = CARTESIAN_POINT('',(-0.7625,-1.1375,0.543803601606));
#7796 = LINE('',#7797,#7798);
#7797 = CARTESIAN_POINT('',(-0.941346734514,-1.1375,0.543803601606));
#7798 = VECTOR('',#7799,1.);
#7799 = DIRECTION('',(1.,0.,0.));
#7800 = ORIENTED_EDGE('',*,*,#7801,.T.);
#7801 = EDGE_CURVE('',#7794,#7802,#7804,.T.);
#7802 = VERTEX_POINT('',#7803);
#7803 = CARTESIAN_POINT('',(-0.7625,-1.1375,0.731303601606));
#7804 = LINE('',#7805,#7806);
#7805 = CARTESIAN_POINT('',(-0.7625,-1.1375,0.543803601606));
#7806 = VECTOR('',#7807,1.);
#7807 = DIRECTION('',(0.,0.,1.));
#7808 = ORIENTED_EDGE('',*,*,#7809,.F.);
#7809 = EDGE_CURVE('',#7810,#7802,#7812,.T.);
#7810 = VERTEX_POINT('',#7811);
#7811 = CARTESIAN_POINT('',(-0.872574652189,-1.1375,0.731303601606));
#7812 = LINE('',#7813,#7814);
#7813 = CARTESIAN_POINT('',(-0.941346734514,-1.1375,0.731303601606));
#7814 = VECTOR('',#7815,1.);
#7815 = DIRECTION('',(1.,0.,0.));
#7816 = ORIENTED_EDGE('',*,*,#7817,.F.);
#7817 = EDGE_CURVE('',#7818,#7810,#7820,.T.);
#7818 = VERTEX_POINT('',#7819);
#7819 = CARTESIAN_POINT('',(-0.961998019446,-1.1375,0.665705402409));
#7820 = CIRCLE('',#7821,9.375E-02);
#7821 = AXIS2_PLACEMENT_3D('',#7822,#7823,#7824);
#7822 = CARTESIAN_POINT('',(-0.872574652189,-1.1375,0.637553601606));
#7823 = DIRECTION('',(0.,1.,0.));
#7824 = DIRECTION('',(0.,-0.,1.));
#7825 = ORIENTED_EDGE('',*,*,#7826,.F.);
#7826 = EDGE_CURVE('',#7722,#7818,#7827,.T.);
#7827 = LINE('',#7828,#7829);
#7828 = CARTESIAN_POINT('',(-1.153846734514,-1.1375,5.630360160613E-02)
  );
#7829 = VECTOR('',#7830,1.);
#7830 = DIRECTION('',(0.300285875233,0.,0.953849250739));
#7831 = ORIENTED_EDGE('',*,*,#7729,.F.);
#7832 = ORIENTED_EDGE('',*,*,#7607,.F.);
#7833 = ORIENTED_EDGE('',*,*,#7744,.F.);
#7834 = PLANE('',#7835);
#7835 = AXIS2_PLACEMENT_3D('',#7836,#7837,#7838);
#7836 = CARTESIAN_POINT('',(-1.050445392629,-1.1375,0.306619024656));
#7837 = DIRECTION('',(-8.020812120979E-31,-1.,4.837112302362E-31));
#7838 = DIRECTION('',(-1.,8.020812120979E-31,2.328184145661E-77));
#7839 = ADVANCED_FACE('',(#7840),#7851,.F.);
#7840 = FACE_BOUND('',#7841,.F.);
#7841 = EDGE_LOOP('',(#7842,#7843,#7844,#7845));
#7842 = ORIENTED_EDGE('',*,*,#7629,.F.);
#7843 = ORIENTED_EDGE('',*,*,#7752,.F.);
#7844 = ORIENTED_EDGE('',*,*,#7768,.T.);
#7845 = ORIENTED_EDGE('',*,*,#7846,.T.);
#7846 = EDGE_CURVE('',#7769,#7632,#7847,.T.);
#7847 = LINE('',#7848,#7849);
#7848 = CARTESIAN_POINT('',(-1.112544164649,-1.1375,2.775557561563E-17)
  );
#7849 = VECTOR('',#7850,1.);
#7850 = DIRECTION('',(0.,1.,0.));
#7851 = PLANE('',#7852);
#7852 = AXIS2_PLACEMENT_3D('',#7853,#7854,#7855);
#7853 = CARTESIAN_POINT('',(-1.425,-1.1375,0.));
#7854 = DIRECTION('',(0.,0.,1.));
#7855 = DIRECTION('',(1.,0.,-0.));
#7856 = ADVANCED_FACE('',(#7857),#7868,.T.);
#7857 = FACE_BOUND('',#7858,.T.);
#7858 = EDGE_LOOP('',(#7859,#7860,#7861,#7867));
#7859 = ORIENTED_EDGE('',*,*,#7846,.T.);
#7860 = ORIENTED_EDGE('',*,*,#7704,.T.);
#7861 = ORIENTED_EDGE('',*,*,#7862,.F.);
#7862 = EDGE_CURVE('',#7777,#7697,#7863,.T.);
#7863 = LINE('',#7864,#7865);
#7864 = CARTESIAN_POINT('',(-0.933697430135,-1.1375,0.131196398394));
#7865 = VECTOR('',#7866,1.);
#7866 = DIRECTION('',(0.,1.,0.));
#7867 = ORIENTED_EDGE('',*,*,#7776,.F.);
#7868 = CYLINDRICAL_SURFACE('',#7869,0.1875);
#7869 = AXIS2_PLACEMENT_3D('',#7870,#7871,#7872);
#7870 = CARTESIAN_POINT('',(-1.112544164649,-1.1375,0.1875));
#7871 = DIRECTION('',(0.,1.,0.));
#7872 = DIRECTION('',(0.,0.,-1.));
#7873 = ADVANCED_FACE('',(#7874),#7885,.T.);
#7874 = FACE_BOUND('',#7875,.T.);
#7875 = EDGE_LOOP('',(#7876,#7877,#7878,#7879));
#7876 = ORIENTED_EDGE('',*,*,#7785,.F.);
#7877 = ORIENTED_EDGE('',*,*,#7862,.T.);
#7878 = ORIENTED_EDGE('',*,*,#7696,.T.);
#7879 = ORIENTED_EDGE('',*,*,#7880,.F.);
#7880 = EDGE_CURVE('',#7786,#7689,#7881,.T.);
#7881 = LINE('',#7882,#7883);
#7882 = CARTESIAN_POINT('',(-0.803802569865,-1.1375,0.543803601606));
#7883 = VECTOR('',#7884,1.);
#7884 = DIRECTION('',(0.,1.,0.));
#7885 = PLANE('',#7886);
#7886 = AXIS2_PLACEMENT_3D('',#7887,#7888,#7889);
#7887 = CARTESIAN_POINT('',(-0.975,-1.1375,-1.387778780781E-17));
#7888 = DIRECTION('',(0.953849250739,0.,-0.300285875233));
#7889 = DIRECTION('',(0.300285875233,0.,0.953849250739));
#7890 = ADVANCED_FACE('',(#7891),#7902,.F.);
#7891 = FACE_BOUND('',#7892,.F.);
#7892 = EDGE_LOOP('',(#7893,#7894,#7895,#7896));
#7893 = ORIENTED_EDGE('',*,*,#7688,.F.);
#7894 = ORIENTED_EDGE('',*,*,#7880,.F.);
#7895 = ORIENTED_EDGE('',*,*,#7793,.T.);
#7896 = ORIENTED_EDGE('',*,*,#7897,.T.);
#7897 = EDGE_CURVE('',#7794,#7681,#7898,.T.);
#7898 = LINE('',#7899,#7900);
#7899 = CARTESIAN_POINT('',(-0.7625,-1.1375,0.543803601606));
#7900 = VECTOR('',#7901,1.);
#7901 = DIRECTION('',(0.,1.,0.));
#7902 = PLANE('',#7903);
#7903 = AXIS2_PLACEMENT_3D('',#7904,#7905,#7906);
#7904 = CARTESIAN_POINT('',(-0.941346734514,-1.1375,0.543803601606));
#7905 = DIRECTION('',(0.,0.,1.));
#7906 = DIRECTION('',(1.,0.,-0.));
#7907 = ADVANCED_FACE('',(#7908),#7919,.T.);
#7908 = FACE_BOUND('',#7909,.T.);
#7909 = EDGE_LOOP('',(#7910,#7911,#7912,#7913));
#7910 = ORIENTED_EDGE('',*,*,#7801,.F.);
#7911 = ORIENTED_EDGE('',*,*,#7897,.T.);
#7912 = ORIENTED_EDGE('',*,*,#7680,.T.);
#7913 = ORIENTED_EDGE('',*,*,#7914,.F.);
#7914 = EDGE_CURVE('',#7802,#7673,#7915,.T.);
#7915 = LINE('',#7916,#7917);
#7916 = CARTESIAN_POINT('',(-0.7625,-1.1375,0.731303601606));
#7917 = VECTOR('',#7918,1.);
#7918 = DIRECTION('',(0.,1.,0.));
#7919 = PLANE('',#7920);
#7920 = AXIS2_PLACEMENT_3D('',#7921,#7922,#7923);
#7921 = CARTESIAN_POINT('',(-0.7625,-1.1375,0.543803601606));
#7922 = DIRECTION('',(1.,0.,0.));
#7923 = DIRECTION('',(0.,0.,1.));
#7924 = ADVANCED_FACE('',(#7925),#7936,.F.);
#7925 = FACE_BOUND('',#7926,.F.);
#7926 = EDGE_LOOP('',(#7927,#7928,#7929,#7930));
#7927 = ORIENTED_EDGE('',*,*,#7826,.F.);
#7928 = ORIENTED_EDGE('',*,*,#7721,.T.);
#7929 = ORIENTED_EDGE('',*,*,#7655,.T.);
#7930 = ORIENTED_EDGE('',*,*,#7931,.F.);
#7931 = EDGE_CURVE('',#7818,#7656,#7932,.T.);
#7932 = LINE('',#7933,#7934);
#7933 = CARTESIAN_POINT('',(-0.961998019446,-1.1375,0.665705402409));
#7934 = VECTOR('',#7935,1.);
#7935 = DIRECTION('',(0.,1.,0.));
#7936 = PLANE('',#7937);
#7937 = AXIS2_PLACEMENT_3D('',#7938,#7939,#7940);
#7938 = CARTESIAN_POINT('',(-1.153846734514,-1.1375,5.630360160613E-02)
  );
#7939 = DIRECTION('',(0.953849250739,0.,-0.300285875233));
#7940 = DIRECTION('',(0.300285875233,0.,0.953849250739));
#7941 = ADVANCED_FACE('',(#7942),#7953,.T.);
#7942 = FACE_BOUND('',#7943,.T.);
#7943 = EDGE_LOOP('',(#7944,#7945,#7946,#7947));
#7944 = ORIENTED_EDGE('',*,*,#7809,.T.);
#7945 = ORIENTED_EDGE('',*,*,#7914,.T.);
#7946 = ORIENTED_EDGE('',*,*,#7672,.F.);
#7947 = ORIENTED_EDGE('',*,*,#7948,.F.);
#7948 = EDGE_CURVE('',#7810,#7664,#7949,.T.);
#7949 = LINE('',#7950,#7951);
#7950 = CARTESIAN_POINT('',(-0.872574652189,-1.1375,0.731303601606));
#7951 = VECTOR('',#7952,1.);
#7952 = DIRECTION('',(0.,1.,0.));
#7953 = PLANE('',#7954);
#7954 = AXIS2_PLACEMENT_3D('',#7955,#7956,#7957);
#7955 = CARTESIAN_POINT('',(-0.941346734514,-1.1375,0.731303601606));
#7956 = DIRECTION('',(0.,0.,1.));
#7957 = DIRECTION('',(1.,0.,-0.));
#7958 = ADVANCED_FACE('',(#7959),#7965,.T.);
#7959 = FACE_BOUND('',#7960,.T.);
#7960 = EDGE_LOOP('',(#7961,#7962,#7963,#7964));
#7961 = ORIENTED_EDGE('',*,*,#7817,.T.);
#7962 = ORIENTED_EDGE('',*,*,#7948,.T.);
#7963 = ORIENTED_EDGE('',*,*,#7663,.F.);
#7964 = ORIENTED_EDGE('',*,*,#7931,.F.);
#7965 = CYLINDRICAL_SURFACE('',#7966,9.375E-02);
#7966 = AXIS2_PLACEMENT_3D('',#7967,#7968,#7969);
#7967 = CARTESIAN_POINT('',(-0.872574652189,-1.1375,0.637553601606));
#7968 = DIRECTION('',(0.,1.,0.));
#7969 = DIRECTION('',(-0.953849250739,0.,0.300285875233));
#7970 = ( GEOMETRIC_REPRESENTATION_CONTEXT(3) 
GLOBAL_UNCERTAINTY_ASSIGNED_CONTEXT((#7974)) 
GLOBAL_UNIT_ASSIGNED_CONTEXT((#7971,#7972,#7973)) REPRESENTATION_CONTEXT
('Context #1','3D Context with UNIT and UNCERTAINTY') );
#7971 = ( LENGTH_UNIT() NAMED_UNIT(*) SI_UNIT(.MILLI.,.METRE.) );
#7972 = ( NAMED_UNIT(*) PLANE_ANGLE_UNIT() SI_UNIT($,.RADIAN.) );
#7973 = ( NAMED_UNIT(*) SI_UNIT($,.STERADIAN.) SOLID_ANGLE_UNIT() );
#7974 = UNCERTAINTY_MEASURE_WITH_UNIT(LENGTH_MEASURE(1.E-07),#7971,
  'distance_accuracy_value','confusion accuracy');
#7975 = CONTEXT_DEPENDENT_SHAPE_REPRESENTATION(#7976,#7978);
#7976 = ( REPRESENTATION_RELATIONSHIP('','',#7195,#6558) 
REPRESENTATION_RELATIONSHIP_WITH_TRANSFORMATION(#7977) 
SHAPE_REPRESENTATION_RELATIONSHIP() );
#7977 = ITEM_DEFINED_TRANSFORMATION('','',#11,#6563);
#7978 = PRODUCT_DEFINITION_SHAPE('Placement','Placement of an item',
  #7979);
#7979 = NEXT_ASSEMBLY_USAGE_OCCURRENCE('4','=>[0:1:1:3]','',#6553,#7190,
  $);
#7980 = PRODUCT_RELATED_PRODUCT_CATEGORY('part',$,(#7192));
#7981 = SHAPE_DEFINITION_REPRESENTATION(#7982,#7988);
#7982 = PRODUCT_DEFINITION_SHAPE('','',#7983);
#7983 = PRODUCT_DEFINITION('design','',#7984,#7987);
#7984 = PRODUCT_DEFINITION_FORMATION('','',#7985);
#7985 = PRODUCT('FilletPinR','FilletPinR','',(#7986));
#7986 = PRODUCT_CONTEXT('',#2,'mechanical');
#7987 = PRODUCT_DEFINITION_CONTEXT('part definition',#2,'design');
#7988 = ADVANCED_BREP_SHAPE_REPRESENTATION('',(#11,#7989),#8376);
#7989 = MANIFOLD_SOLID_BREP('',#7990);
#7990 = CLOSED_SHELL('',(#7991,#8031,#8121,#8146,#8170,#8245,#8262,#8279
    ,#8296,#8313,#8330,#8347,#8364));
#7991 = ADVANCED_FACE('',(#7992),#8026,.T.);
#7992 = FACE_BOUND('',#7993,.T.);
#7993 = EDGE_LOOP('',(#7994,#8004,#8012,#8020));
#7994 = ORIENTED_EDGE('',*,*,#7995,.F.);
#7995 = EDGE_CURVE('',#7996,#7998,#8000,.T.);
#7996 = VERTEX_POINT('',#7997);
#7997 = CARTESIAN_POINT('',(1.181316246973,0.1875,0.1875));
#7998 = VERTEX_POINT('',#7999);
#7999 = CARTESIAN_POINT('',(1.425,0.1875,0.1875));
#8000 = LINE('',#8001,#8002);
#8001 = CARTESIAN_POINT('',(0.975,0.1875,0.1875));
#8002 = VECTOR('',#8003,1.);
#8003 = DIRECTION('',(1.,0.,0.));
#8004 = ORIENTED_EDGE('',*,*,#8005,.F.);
#8005 = EDGE_CURVE('',#8006,#7996,#8008,.T.);
#8006 = VERTEX_POINT('',#8007);
#8007 = CARTESIAN_POINT('',(1.181316246973,-0.1875,0.1875));
#8008 = LINE('',#8009,#8010);
#8009 = CARTESIAN_POINT('',(1.181316246973,-0.1875,0.1875));
#8010 = VECTOR('',#8011,1.);
#8011 = DIRECTION('',(0.,1.,0.));
#8012 = ORIENTED_EDGE('',*,*,#8013,.T.);
#8013 = EDGE_CURVE('',#8006,#8014,#8016,.T.);
#8014 = VERTEX_POINT('',#8015);
#8015 = CARTESIAN_POINT('',(1.425,-0.1875,0.1875));
#8016 = LINE('',#8017,#8018);
#8017 = CARTESIAN_POINT('',(0.975,-0.1875,0.1875));
#8018 = VECTOR('',#8019,1.);
#8019 = DIRECTION('',(1.,0.,0.));
#8020 = ORIENTED_EDGE('',*,*,#8021,.T.);
#8021 = EDGE_CURVE('',#8014,#7998,#8022,.T.);
#8022 = LINE('',#8023,#8024);
#8023 = CARTESIAN_POINT('',(1.425,-0.1875,0.1875));
#8024 = VECTOR('',#8025,1.);
#8025 = DIRECTION('',(0.,1.,0.));
#8026 = PLANE('',#8027);
#8027 = AXIS2_PLACEMENT_3D('',#8028,#8029,#8030);
#8028 = CARTESIAN_POINT('',(0.975,-0.1875,0.1875));
#8029 = DIRECTION('',(0.,0.,1.));
#8030 = DIRECTION('',(1.,0.,-0.));
#8031 = ADVANCED_FACE('',(#8032),#8116,.T.);
#8032 = FACE_BOUND('',#8033,.T.);
#8033 = EDGE_LOOP('',(#8034,#8044,#8053,#8061,#8069,#8077,#8085,#8094,
    #8102,#8109,#8110));
#8034 = ORIENTED_EDGE('',*,*,#8035,.F.);
#8035 = EDGE_CURVE('',#8036,#8038,#8040,.T.);
#8036 = VERTEX_POINT('',#8037);
#8037 = CARTESIAN_POINT('',(1.112544164649,0.1875,2.775557561563E-17));
#8038 = VERTEX_POINT('',#8039);
#8039 = CARTESIAN_POINT('',(1.425,0.1875,0.));
#8040 = LINE('',#8041,#8042);
#8041 = CARTESIAN_POINT('',(0.975,0.1875,0.));
#8042 = VECTOR('',#8043,1.);
#8043 = DIRECTION('',(1.,0.,0.));
#8044 = ORIENTED_EDGE('',*,*,#8045,.T.);
#8045 = EDGE_CURVE('',#8036,#8046,#8048,.T.);
#8046 = VERTEX_POINT('',#8047);
#8047 = CARTESIAN_POINT('',(0.933697430135,0.1875,0.131196398394));
#8048 = CIRCLE('',#8049,0.1875);
#8049 = AXIS2_PLACEMENT_3D('',#8050,#8051,#8052);
#8050 = CARTESIAN_POINT('',(1.112544164649,0.1875,0.1875));
#8051 = DIRECTION('',(0.,1.,0.));
#8052 = DIRECTION('',(0.,-0.,1.));
#8053 = ORIENTED_EDGE('',*,*,#8054,.T.);
#8054 = EDGE_CURVE('',#8046,#8055,#8057,.T.);
#8055 = VERTEX_POINT('',#8056);
#8056 = CARTESIAN_POINT('',(0.803802569865,0.1875,0.543803601606));
#8057 = LINE('',#8058,#8059);
#8058 = CARTESIAN_POINT('',(0.975,0.1875,0.));
#8059 = VECTOR('',#8060,1.);
#8060 = DIRECTION('',(-0.300285875233,0.,0.953849250739));
#8061 = ORIENTED_EDGE('',*,*,#8062,.F.);
#8062 = EDGE_CURVE('',#8063,#8055,#8065,.T.);
#8063 = VERTEX_POINT('',#8064);
#8064 = CARTESIAN_POINT('',(0.7625,0.1875,0.543803601606));
#8065 = LINE('',#8066,#8067);
#8066 = CARTESIAN_POINT('',(0.7625,0.1875,0.543803601606));
#8067 = VECTOR('',#8068,1.);
#8068 = DIRECTION('',(1.,0.,0.));
#8069 = ORIENTED_EDGE('',*,*,#8070,.T.);
#8070 = EDGE_CURVE('',#8063,#8071,#8073,.T.);
#8071 = VERTEX_POINT('',#8072);
#8072 = CARTESIAN_POINT('',(0.7625,0.1875,0.731303601606));
#8073 = LINE('',#8074,#8075);
#8074 = CARTESIAN_POINT('',(0.7625,0.1875,0.543803601606));
#8075 = VECTOR('',#8076,1.);
#8076 = DIRECTION('',(0.,0.,1.));
#8077 = ORIENTED_EDGE('',*,*,#8078,.T.);
#8078 = EDGE_CURVE('',#8071,#8079,#8081,.T.);
#8079 = VERTEX_POINT('',#8080);
#8080 = CARTESIAN_POINT('',(0.872574652189,0.1875,0.731303601606));
#8081 = LINE('',#8082,#8083);
#8082 = CARTESIAN_POINT('',(0.7625,0.1875,0.731303601606));
#8083 = VECTOR('',#8084,1.);
#8084 = DIRECTION('',(1.,0.,0.));
#8085 = ORIENTED_EDGE('',*,*,#8086,.F.);
#8086 = EDGE_CURVE('',#8087,#8079,#8089,.T.);
#8087 = VERTEX_POINT('',#8088);
#8088 = CARTESIAN_POINT('',(0.961998019446,0.1875,0.665705402409));
#8089 = CIRCLE('',#8090,9.375E-02);
#8090 = AXIS2_PLACEMENT_3D('',#8091,#8092,#8093);
#8091 = CARTESIAN_POINT('',(0.872574652189,0.1875,0.637553601606));
#8092 = DIRECTION('',(0.,-1.,0.));
#8093 = DIRECTION('',(0.,0.,1.));
#8094 = ORIENTED_EDGE('',*,*,#8095,.F.);
#8095 = EDGE_CURVE('',#8096,#8087,#8098,.T.);
#8096 = VERTEX_POINT('',#8097);
#8097 = CARTESIAN_POINT('',(1.091892879716,0.1875,0.253098199197));
#8098 = LINE('',#8099,#8100);
#8099 = CARTESIAN_POINT('',(1.153846734514,0.1875,5.630360160613E-02));
#8100 = VECTOR('',#8101,1.);
#8101 = DIRECTION('',(-0.300285875233,0.,0.953849250739));
#8102 = ORIENTED_EDGE('',*,*,#8103,.F.);
#8103 = EDGE_CURVE('',#7996,#8096,#8104,.T.);
#8104 = CIRCLE('',#8105,9.375E-02);
#8105 = AXIS2_PLACEMENT_3D('',#8106,#8107,#8108);
#8106 = CARTESIAN_POINT('',(1.181316246973,0.1875,0.28125));
#8107 = DIRECTION('',(0.,1.,0.));
#8108 = DIRECTION('',(0.,-0.,1.));
#8109 = ORIENTED_EDGE('',*,*,#7995,.T.);
#8110 = ORIENTED_EDGE('',*,*,#8111,.F.);
#8111 = EDGE_CURVE('',#8038,#7998,#8112,.T.);
#8112 = LINE('',#8113,#8114);
#8113 = CARTESIAN_POINT('',(1.425,0.1875,0.));
#8114 = VECTOR('',#8115,1.);
#8115 = DIRECTION('',(0.,0.,1.));
#8116 = PLANE('',#8117);
#8117 = AXIS2_PLACEMENT_3D('',#8118,#8119,#8120);
#8118 = CARTESIAN_POINT('',(1.050445392629,0.1875,0.306619024656));
#8119 = DIRECTION('',(-3.659062351662E-31,1.,-2.163901755909E-31));
#8120 = DIRECTION('',(1.,3.659062351662E-31,8.221495802667E-78));
#8121 = ADVANCED_FACE('',(#8122),#8141,.F.);
#8122 = FACE_BOUND('',#8123,.F.);
#8123 = EDGE_LOOP('',(#8124,#8133,#8139,#8140));
#8124 = ORIENTED_EDGE('',*,*,#8125,.T.);
#8125 = EDGE_CURVE('',#8006,#8126,#8128,.T.);
#8126 = VERTEX_POINT('',#8127);
#8127 = CARTESIAN_POINT('',(1.091892879716,-0.1875,0.253098199197));
#8128 = CIRCLE('',#8129,9.375E-02);
#8129 = AXIS2_PLACEMENT_3D('',#8130,#8131,#8132);
#8130 = CARTESIAN_POINT('',(1.181316246973,-0.1875,0.28125));
#8131 = DIRECTION('',(0.,1.,0.));
#8132 = DIRECTION('',(0.,-0.,1.));
#8133 = ORIENTED_EDGE('',*,*,#8134,.T.);
#8134 = EDGE_CURVE('',#8126,#8096,#8135,.T.);
#8135 = LINE('',#8136,#8137);
#8136 = CARTESIAN_POINT('',(1.091892879716,-0.1875,0.253098199197));
#8137 = VECTOR('',#8138,1.);
#8138 = DIRECTION('',(0.,1.,0.));
#8139 = ORIENTED_EDGE('',*,*,#8103,.F.);
#8140 = ORIENTED_EDGE('',*,*,#8005,.F.);
#8141 = CYLINDRICAL_SURFACE('',#8142,9.375E-02);
#8142 = AXIS2_PLACEMENT_3D('',#8143,#8144,#8145);
#8143 = CARTESIAN_POINT('',(1.181316246973,-0.1875,0.28125));
#8144 = DIRECTION('',(0.,1.,0.));
#8145 = DIRECTION('',(0.,0.,-1.));
#8146 = ADVANCED_FACE('',(#8147),#8165,.T.);
#8147 = FACE_BOUND('',#8148,.T.);
#8148 = EDGE_LOOP('',(#8149,#8157,#8163,#8164));
#8149 = ORIENTED_EDGE('',*,*,#8150,.F.);
#8150 = EDGE_CURVE('',#8151,#8014,#8153,.T.);
#8151 = VERTEX_POINT('',#8152);
#8152 = CARTESIAN_POINT('',(1.425,-0.1875,0.));
#8153 = LINE('',#8154,#8155);
#8154 = CARTESIAN_POINT('',(1.425,-0.1875,0.));
#8155 = VECTOR('',#8156,1.);
#8156 = DIRECTION('',(0.,0.,1.));
#8157 = ORIENTED_EDGE('',*,*,#8158,.T.);
#8158 = EDGE_CURVE('',#8151,#8038,#8159,.T.);
#8159 = LINE('',#8160,#8161);
#8160 = CARTESIAN_POINT('',(1.425,-0.1875,0.));
#8161 = VECTOR('',#8162,1.);
#8162 = DIRECTION('',(0.,1.,0.));
#8163 = ORIENTED_EDGE('',*,*,#8111,.T.);
#8164 = ORIENTED_EDGE('',*,*,#8021,.F.);
#8165 = PLANE('',#8166);
#8166 = AXIS2_PLACEMENT_3D('',#8167,#8168,#8169);
#8167 = CARTESIAN_POINT('',(1.425,-0.1875,0.));
#8168 = DIRECTION('',(1.,0.,0.));
#8169 = DIRECTION('',(0.,0.,1.));
#8170 = ADVANCED_FACE('',(#8171),#8240,.T.);
#8171 = FACE_BOUND('',#8172,.T.);
#8172 = EDGE_LOOP('',(#8173,#8181,#8182,#8183,#8184,#8192,#8201,#8209,
    #8217,#8225,#8233));
#8173 = ORIENTED_EDGE('',*,*,#8174,.T.);
#8174 = EDGE_CURVE('',#8175,#8151,#8177,.T.);
#8175 = VERTEX_POINT('',#8176);
#8176 = CARTESIAN_POINT('',(1.112544164649,-0.1875,2.775557561563E-17));
#8177 = LINE('',#8178,#8179);
#8178 = CARTESIAN_POINT('',(0.975,-0.1875,0.));
#8179 = VECTOR('',#8180,1.);
#8180 = DIRECTION('',(1.,0.,0.));
#8181 = ORIENTED_EDGE('',*,*,#8150,.T.);
#8182 = ORIENTED_EDGE('',*,*,#8013,.F.);
#8183 = ORIENTED_EDGE('',*,*,#8125,.T.);
#8184 = ORIENTED_EDGE('',*,*,#8185,.T.);
#8185 = EDGE_CURVE('',#8126,#8186,#8188,.T.);
#8186 = VERTEX_POINT('',#8187);
#8187 = CARTESIAN_POINT('',(0.961998019446,-0.1875,0.665705402409));
#8188 = LINE('',#8189,#8190);
#8189 = CARTESIAN_POINT('',(1.153846734514,-0.1875,5.630360160613E-02));
#8190 = VECTOR('',#8191,1.);
#8191 = DIRECTION('',(-0.300285875233,0.,0.953849250739));
#8192 = ORIENTED_EDGE('',*,*,#8193,.T.);
#8193 = EDGE_CURVE('',#8186,#8194,#8196,.T.);
#8194 = VERTEX_POINT('',#8195);
#8195 = CARTESIAN_POINT('',(0.872574652189,-0.1875,0.731303601606));
#8196 = CIRCLE('',#8197,9.375E-02);
#8197 = AXIS2_PLACEMENT_3D('',#8198,#8199,#8200);
#8198 = CARTESIAN_POINT('',(0.872574652189,-0.1875,0.637553601606));
#8199 = DIRECTION('',(0.,-1.,0.));
#8200 = DIRECTION('',(0.,0.,1.));
#8201 = ORIENTED_EDGE('',*,*,#8202,.F.);
#8202 = EDGE_CURVE('',#8203,#8194,#8205,.T.);
#8203 = VERTEX_POINT('',#8204);
#8204 = CARTESIAN_POINT('',(0.7625,-0.1875,0.731303601606));
#8205 = LINE('',#8206,#8207);
#8206 = CARTESIAN_POINT('',(0.7625,-0.1875,0.731303601606));
#8207 = VECTOR('',#8208,1.);
#8208 = DIRECTION('',(1.,0.,0.));
#8209 = ORIENTED_EDGE('',*,*,#8210,.F.);
#8210 = EDGE_CURVE('',#8211,#8203,#8213,.T.);
#8211 = VERTEX_POINT('',#8212);
#8212 = CARTESIAN_POINT('',(0.7625,-0.1875,0.543803601606));
#8213 = LINE('',#8214,#8215);
#8214 = CARTESIAN_POINT('',(0.7625,-0.1875,0.543803601606));
#8215 = VECTOR('',#8216,1.);
#8216 = DIRECTION('',(0.,0.,1.));
#8217 = ORIENTED_EDGE('',*,*,#8218,.T.);
#8218 = EDGE_CURVE('',#8211,#8219,#8221,.T.);
#8219 = VERTEX_POINT('',#8220);
#8220 = CARTESIAN_POINT('',(0.803802569865,-0.1875,0.543803601606));
#8221 = LINE('',#8222,#8223);
#8222 = CARTESIAN_POINT('',(0.7625,-0.1875,0.543803601606));
#8223 = VECTOR('',#8224,1.);
#8224 = DIRECTION('',(1.,0.,0.));
#8225 = ORIENTED_EDGE('',*,*,#8226,.F.);
#8226 = EDGE_CURVE('',#8227,#8219,#8229,.T.);
#8227 = VERTEX_POINT('',#8228);
#8228 = CARTESIAN_POINT('',(0.933697430135,-0.1875,0.131196398394));
#8229 = LINE('',#8230,#8231);
#8230 = CARTESIAN_POINT('',(0.975,-0.1875,0.));
#8231 = VECTOR('',#8232,1.);
#8232 = DIRECTION('',(-0.300285875233,0.,0.953849250739));
#8233 = ORIENTED_EDGE('',*,*,#8234,.F.);
#8234 = EDGE_CURVE('',#8175,#8227,#8235,.T.);
#8235 = CIRCLE('',#8236,0.1875);
#8236 = AXIS2_PLACEMENT_3D('',#8237,#8238,#8239);
#8237 = CARTESIAN_POINT('',(1.112544164649,-0.1875,0.1875));
#8238 = DIRECTION('',(0.,1.,0.));
#8239 = DIRECTION('',(0.,-0.,1.));
#8240 = PLANE('',#8241);
#8241 = AXIS2_PLACEMENT_3D('',#8242,#8243,#8244);
#8242 = CARTESIAN_POINT('',(1.050445392629,-0.1875,0.306619024656));
#8243 = DIRECTION('',(1.704882893567E-31,-1.,1.378775647545E-32));
#8244 = DIRECTION('',(-1.,-1.704882893567E-31,1.196257131669E-79));
#8245 = ADVANCED_FACE('',(#8246),#8257,.F.);
#8246 = FACE_BOUND('',#8247,.F.);
#8247 = EDGE_LOOP('',(#8248,#8249,#8250,#8251));
#8248 = ORIENTED_EDGE('',*,*,#8174,.T.);
#8249 = ORIENTED_EDGE('',*,*,#8158,.T.);
#8250 = ORIENTED_EDGE('',*,*,#8035,.F.);
#8251 = ORIENTED_EDGE('',*,*,#8252,.F.);
#8252 = EDGE_CURVE('',#8175,#8036,#8253,.T.);
#8253 = LINE('',#8254,#8255);
#8254 = CARTESIAN_POINT('',(1.112544164649,-0.1875,2.775557561563E-17));
#8255 = VECTOR('',#8256,1.);
#8256 = DIRECTION('',(0.,1.,0.));
#8257 = PLANE('',#8258);
#8258 = AXIS2_PLACEMENT_3D('',#8259,#8260,#8261);
#8259 = CARTESIAN_POINT('',(0.975,-0.1875,0.));
#8260 = DIRECTION('',(0.,0.,1.));
#8261 = DIRECTION('',(1.,0.,-0.));
#8262 = ADVANCED_FACE('',(#8263),#8274,.T.);
#8263 = FACE_BOUND('',#8264,.T.);
#8264 = EDGE_LOOP('',(#8265,#8266,#8272,#8273));
#8265 = ORIENTED_EDGE('',*,*,#8234,.T.);
#8266 = ORIENTED_EDGE('',*,*,#8267,.T.);
#8267 = EDGE_CURVE('',#8227,#8046,#8268,.T.);
#8268 = LINE('',#8269,#8270);
#8269 = CARTESIAN_POINT('',(0.933697430135,-0.1875,0.131196398394));
#8270 = VECTOR('',#8271,1.);
#8271 = DIRECTION('',(0.,1.,0.));
#8272 = ORIENTED_EDGE('',*,*,#8045,.F.);
#8273 = ORIENTED_EDGE('',*,*,#8252,.F.);
#8274 = CYLINDRICAL_SURFACE('',#8275,0.1875);
#8275 = AXIS2_PLACEMENT_3D('',#8276,#8277,#8278);
#8276 = CARTESIAN_POINT('',(1.112544164649,-0.1875,0.1875));
#8277 = DIRECTION('',(0.,1.,0.));
#8278 = DIRECTION('',(0.,0.,-1.));
#8279 = ADVANCED_FACE('',(#8280),#8291,.F.);
#8280 = FACE_BOUND('',#8281,.F.);
#8281 = EDGE_LOOP('',(#8282,#8283,#8284,#8285));
#8282 = ORIENTED_EDGE('',*,*,#8226,.F.);
#8283 = ORIENTED_EDGE('',*,*,#8267,.T.);
#8284 = ORIENTED_EDGE('',*,*,#8054,.T.);
#8285 = ORIENTED_EDGE('',*,*,#8286,.F.);
#8286 = EDGE_CURVE('',#8219,#8055,#8287,.T.);
#8287 = LINE('',#8288,#8289);
#8288 = CARTESIAN_POINT('',(0.803802569865,-0.1875,0.543803601606));
#8289 = VECTOR('',#8290,1.);
#8290 = DIRECTION('',(0.,1.,0.));
#8291 = PLANE('',#8292);
#8292 = AXIS2_PLACEMENT_3D('',#8293,#8294,#8295);
#8293 = CARTESIAN_POINT('',(0.975,-0.1875,0.));
#8294 = DIRECTION('',(0.953849250739,0.,0.300285875233));
#8295 = DIRECTION('',(-0.300285875233,0.,0.953849250739));
#8296 = ADVANCED_FACE('',(#8297),#8308,.F.);
#8297 = FACE_BOUND('',#8298,.F.);
#8298 = EDGE_LOOP('',(#8299,#8300,#8306,#8307));
#8299 = ORIENTED_EDGE('',*,*,#8062,.F.);
#8300 = ORIENTED_EDGE('',*,*,#8301,.F.);
#8301 = EDGE_CURVE('',#8211,#8063,#8302,.T.);
#8302 = LINE('',#8303,#8304);
#8303 = CARTESIAN_POINT('',(0.7625,-0.1875,0.543803601606));
#8304 = VECTOR('',#8305,1.);
#8305 = DIRECTION('',(0.,1.,0.));
#8306 = ORIENTED_EDGE('',*,*,#8218,.T.);
#8307 = ORIENTED_EDGE('',*,*,#8286,.T.);
#8308 = PLANE('',#8309);
#8309 = AXIS2_PLACEMENT_3D('',#8310,#8311,#8312);
#8310 = CARTESIAN_POINT('',(0.7625,-0.1875,0.543803601606));
#8311 = DIRECTION('',(0.,0.,1.));
#8312 = DIRECTION('',(1.,0.,-0.));
#8313 = ADVANCED_FACE('',(#8314),#8325,.F.);
#8314 = FACE_BOUND('',#8315,.T.);
#8315 = EDGE_LOOP('',(#8316,#8317,#8323,#8324));
#8316 = ORIENTED_EDGE('',*,*,#8210,.T.);
#8317 = ORIENTED_EDGE('',*,*,#8318,.T.);
#8318 = EDGE_CURVE('',#8203,#8071,#8319,.T.);
#8319 = LINE('',#8320,#8321);
#8320 = CARTESIAN_POINT('',(0.7625,-0.1875,0.731303601606));
#8321 = VECTOR('',#8322,1.);
#8322 = DIRECTION('',(0.,1.,0.));
#8323 = ORIENTED_EDGE('',*,*,#8070,.F.);
#8324 = ORIENTED_EDGE('',*,*,#8301,.F.);
#8325 = PLANE('',#8326);
#8326 = AXIS2_PLACEMENT_3D('',#8327,#8328,#8329);
#8327 = CARTESIAN_POINT('',(0.7625,-0.1875,0.543803601606));
#8328 = DIRECTION('',(1.,0.,0.));
#8329 = DIRECTION('',(0.,0.,1.));
#8330 = ADVANCED_FACE('',(#8331),#8342,.T.);
#8331 = FACE_BOUND('',#8332,.T.);
#8332 = EDGE_LOOP('',(#8333,#8334,#8335,#8336));
#8333 = ORIENTED_EDGE('',*,*,#8185,.F.);
#8334 = ORIENTED_EDGE('',*,*,#8134,.T.);
#8335 = ORIENTED_EDGE('',*,*,#8095,.T.);
#8336 = ORIENTED_EDGE('',*,*,#8337,.F.);
#8337 = EDGE_CURVE('',#8186,#8087,#8338,.T.);
#8338 = LINE('',#8339,#8340);
#8339 = CARTESIAN_POINT('',(0.961998019446,-0.1875,0.665705402409));
#8340 = VECTOR('',#8341,1.);
#8341 = DIRECTION('',(0.,1.,0.));
#8342 = PLANE('',#8343);
#8343 = AXIS2_PLACEMENT_3D('',#8344,#8345,#8346);
#8344 = CARTESIAN_POINT('',(1.153846734514,-0.1875,5.630360160613E-02));
#8345 = DIRECTION('',(0.953849250739,0.,0.300285875233));
#8346 = DIRECTION('',(-0.300285875233,0.,0.953849250739));
#8347 = ADVANCED_FACE('',(#8348),#8359,.T.);
#8348 = FACE_BOUND('',#8349,.T.);
#8349 = EDGE_LOOP('',(#8350,#8351,#8352,#8353));
#8350 = ORIENTED_EDGE('',*,*,#8078,.F.);
#8351 = ORIENTED_EDGE('',*,*,#8318,.F.);
#8352 = ORIENTED_EDGE('',*,*,#8202,.T.);
#8353 = ORIENTED_EDGE('',*,*,#8354,.T.);
#8354 = EDGE_CURVE('',#8194,#8079,#8355,.T.);
#8355 = LINE('',#8356,#8357);
#8356 = CARTESIAN_POINT('',(0.872574652189,-0.1875,0.731303601606));
#8357 = VECTOR('',#8358,1.);
#8358 = DIRECTION('',(0.,1.,0.));
#8359 = PLANE('',#8360);
#8360 = AXIS2_PLACEMENT_3D('',#8361,#8362,#8363);
#8361 = CARTESIAN_POINT('',(0.7625,-0.1875,0.731303601606));
#8362 = DIRECTION('',(0.,0.,1.));
#8363 = DIRECTION('',(1.,0.,-0.));
#8364 = ADVANCED_FACE('',(#8365),#8371,.T.);
#8365 = FACE_BOUND('',#8366,.T.);
#8366 = EDGE_LOOP('',(#8367,#8368,#8369,#8370));
#8367 = ORIENTED_EDGE('',*,*,#8337,.T.);
#8368 = ORIENTED_EDGE('',*,*,#8086,.T.);
#8369 = ORIENTED_EDGE('',*,*,#8354,.F.);
#8370 = ORIENTED_EDGE('',*,*,#8193,.F.);
#8371 = CYLINDRICAL_SURFACE('',#8372,9.375E-02);
#8372 = AXIS2_PLACEMENT_3D('',#8373,#8374,#8375);
#8373 = CARTESIAN_POINT('',(0.872574652189,-0.1875,0.637553601606));
#8374 = DIRECTION('',(0.,1.,0.));
#8375 = DIRECTION('',(0.953849250739,-0.,0.300285875233));
#8376 = ( GEOMETRIC_REPRESENTATION_CONTEXT(3) 
GLOBAL_UNCERTAINTY_ASSIGNED_CONTEXT((#8380)) 
GLOBAL_UNIT_ASSIGNED_CONTEXT((#8377,#8378,#8379)) REPRESENTATION_CONTEXT
('Context #1','3D Context with UNIT and UNCERTAINTY') );
#8377 = ( LENGTH_UNIT() NAMED_UNIT(*) SI_UNIT(.MILLI.,.METRE.) );
#8378 = ( NAMED_UNIT(*) PLANE_ANGLE_UNIT() SI_UNIT($,.RADIAN.) );
#8379 = ( NAMED_UNIT(*) SI_UNIT($,.STERADIAN.) SOLID_ANGLE_UNIT() );
#8380 = UNCERTAINTY_MEASURE_WITH_UNIT(LENGTH_MEASURE(1.E-07),#8377,
  'distance_accuracy_value','confusion accuracy');
#8381 = CONTEXT_DEPENDENT_SHAPE_REPRESENTATION(#8382,#8384);
#8382 = ( REPRESENTATION_RELATIONSHIP('','',#7988,#6558) 
REPRESENTATION_RELATIONSHIP_WITH_TRANSFORMATION(#8383) 
SHAPE_REPRESENTATION_RELATIONSHIP() );
#8383 = ITEM_DEFINED_TRANSFORMATION('','',#11,#6567);
#8384 = PRODUCT_DEFINITION_SHAPE('Placement','Placement of an item',
  #8385);
#8385 = NEXT_ASSEMBLY_USAGE_OCCURRENCE('5','=>[0:1:1:4]','',#6553,#7983,
  $);
#8386 = PRODUCT_RELATED_PRODUCT_CATEGORY('part',$,(#7985));
#8387 = SHAPE_DEFINITION_REPRESENTATION(#8388,#8394);
#8388 = PRODUCT_DEFINITION_SHAPE('','',#8389);
#8389 = PRODUCT_DEFINITION('design','',#8390,#8393);
#8390 = PRODUCT_DEFINITION_FORMATION('','',#8391);
#8391 = PRODUCT('SI2333DDS-T1-GE3','SI2333DDS-T1-GE3','',(#8392));
#8392 = PRODUCT_CONTEXT('',#2,'mechanical');
#8393 = PRODUCT_DEFINITION_CONTEXT('part definition',#2,'design');
#8394 = SHAPE_REPRESENTATION('',(#11,#8395,#8641,#9063,#9485),#9907);
#8395 = MANIFOLD_SOLID_BREP('',#8396);
#8396 = CLOSED_SHELL('',(#8397,#8437,#8468,#8499,#8521,#8533,#8564,#8588
    ,#8612,#8629));
#8397 = ADVANCED_FACE('',(#8398),#8432,.T.);
#8398 = FACE_BOUND('',#8399,.T.);
#8399 = EDGE_LOOP('',(#8400,#8410,#8418,#8426));
#8400 = ORIENTED_EDGE('',*,*,#8401,.F.);
#8401 = EDGE_CURVE('',#8402,#8404,#8406,.T.);
#8402 = VERTEX_POINT('',#8403);
#8403 = CARTESIAN_POINT('',(0.571297132567,1.12,1.381297132567));
#8404 = VERTEX_POINT('',#8405);
#8405 = CARTESIAN_POINT('',(0.571297132567,1.12,-1.381297132567));
#8406 = LINE('',#8407,#8408);
#8407 = CARTESIAN_POINT('',(0.571297132567,1.12,1.46));
#8408 = VECTOR('',#8409,1.);
#8409 = DIRECTION('',(-0.,-0.,-1.));
#8410 = ORIENTED_EDGE('',*,*,#8411,.T.);
#8411 = EDGE_CURVE('',#8402,#8412,#8414,.T.);
#8412 = VERTEX_POINT('',#8413);
#8413 = CARTESIAN_POINT('',(0.65,0.56,1.46));
#8414 = LINE('',#8415,#8416);
#8415 = CARTESIAN_POINT('',(0.65,0.56,1.46));
#8416 = VECTOR('',#8417,1.);
#8417 = DIRECTION('',(0.137844537492,-0.980814848464,0.137844537492));
#8418 = ORIENTED_EDGE('',*,*,#8419,.T.);
#8419 = EDGE_CURVE('',#8412,#8420,#8422,.T.);
#8420 = VERTEX_POINT('',#8421);
#8421 = CARTESIAN_POINT('',(0.65,0.56,-1.46));
#8422 = LINE('',#8423,#8424);
#8423 = CARTESIAN_POINT('',(0.65,0.56,1.46));
#8424 = VECTOR('',#8425,1.);
#8425 = DIRECTION('',(0.,0.,-1.));
#8426 = ORIENTED_EDGE('',*,*,#8427,.F.);
#8427 = EDGE_CURVE('',#8404,#8420,#8428,.T.);
#8428 = LINE('',#8429,#8430);
#8429 = CARTESIAN_POINT('',(0.625298548529,0.735759959897,
    -1.435298548529));
#8430 = VECTOR('',#8431,1.);
#8431 = DIRECTION('',(0.137844537492,-0.980814848464,-0.137844537492));
#8432 = PLANE('',#8433);
#8433 = AXIS2_PLACEMENT_3D('',#8434,#8435,#8436);
#8434 = CARTESIAN_POINT('',(0.65,0.56,1.46));
#8435 = DIRECTION('',(0.990268068742,0.13917310096,0.));
#8436 = DIRECTION('',(-0.13917310096,0.990268068742,0.));
#8437 = ADVANCED_FACE('',(#8438),#8463,.T.);
#8438 = FACE_BOUND('',#8439,.T.);
#8439 = EDGE_LOOP('',(#8440,#8448,#8449,#8457));
#8440 = ORIENTED_EDGE('',*,*,#8441,.F.);
#8441 = EDGE_CURVE('',#8404,#8442,#8444,.T.);
#8442 = VERTEX_POINT('',#8443);
#8443 = CARTESIAN_POINT('',(-0.571297132567,1.12,-1.381297132567));
#8444 = LINE('',#8445,#8446);
#8445 = CARTESIAN_POINT('',(-0.65,1.12,-1.381297132567));
#8446 = VECTOR('',#8447,1.);
#8447 = DIRECTION('',(-1.,0.,-0.));
#8448 = ORIENTED_EDGE('',*,*,#8427,.T.);
#8449 = ORIENTED_EDGE('',*,*,#8450,.T.);
#8450 = EDGE_CURVE('',#8420,#8451,#8453,.T.);
#8451 = VERTEX_POINT('',#8452);
#8452 = CARTESIAN_POINT('',(-0.65,0.56,-1.46));
#8453 = LINE('',#8454,#8455);
#8454 = CARTESIAN_POINT('',(-0.65,0.56,-1.46));
#8455 = VECTOR('',#8456,1.);
#8456 = DIRECTION('',(-1.,-0.,-0.));
#8457 = ORIENTED_EDGE('',*,*,#8458,.F.);
#8458 = EDGE_CURVE('',#8442,#8451,#8459,.T.);
#8459 = LINE('',#8460,#8461);
#8460 = CARTESIAN_POINT('',(-0.594516739772,0.954783909922,
    -1.404516739772));
#8461 = VECTOR('',#8462,1.);
#8462 = DIRECTION('',(-0.137844537492,-0.980814848464,-0.137844537492));
#8463 = PLANE('',#8464);
#8464 = AXIS2_PLACEMENT_3D('',#8465,#8466,#8467);
#8465 = CARTESIAN_POINT('',(-0.65,0.56,-1.46));
#8466 = DIRECTION('',(0.,0.13917310096,-0.990268068742));
#8467 = DIRECTION('',(0.,0.990268068742,0.13917310096));
#8468 = ADVANCED_FACE('',(#8469),#8494,.T.);
#8469 = FACE_BOUND('',#8470,.T.);
#8470 = EDGE_LOOP('',(#8471,#8479,#8480,#8488));
#8471 = ORIENTED_EDGE('',*,*,#8472,.F.);
#8472 = EDGE_CURVE('',#8442,#8473,#8475,.T.);
#8473 = VERTEX_POINT('',#8474);
#8474 = CARTESIAN_POINT('',(-0.571297132567,1.12,1.381297132567));
#8475 = LINE('',#8476,#8477);
#8476 = CARTESIAN_POINT('',(-0.571297132567,1.12,1.46));
#8477 = VECTOR('',#8478,1.);
#8478 = DIRECTION('',(-0.,-0.,1.));
#8479 = ORIENTED_EDGE('',*,*,#8458,.T.);
#8480 = ORIENTED_EDGE('',*,*,#8481,.T.);
#8481 = EDGE_CURVE('',#8451,#8482,#8484,.T.);
#8482 = VERTEX_POINT('',#8483);
#8483 = CARTESIAN_POINT('',(-0.65,0.56,1.46));
#8484 = LINE('',#8485,#8486);
#8485 = CARTESIAN_POINT('',(-0.65,0.56,1.46));
#8486 = VECTOR('',#8487,1.);
#8487 = DIRECTION('',(-0.,-0.,1.));
#8488 = ORIENTED_EDGE('',*,*,#8489,.F.);
#8489 = EDGE_CURVE('',#8473,#8482,#8490,.T.);
#8490 = LINE('',#8491,#8492);
#8491 = CARTESIAN_POINT('',(-0.65,0.56,1.46));
#8492 = VECTOR('',#8493,1.);
#8493 = DIRECTION('',(-0.137844537492,-0.980814848464,0.137844537492));
#8494 = PLANE('',#8495);
#8495 = AXIS2_PLACEMENT_3D('',#8496,#8497,#8498);
#8496 = CARTESIAN_POINT('',(-0.65,0.56,1.46));
#8497 = DIRECTION('',(-0.990268068742,0.13917310096,0.));
#8498 = DIRECTION('',(-0.13917310096,-0.990268068742,0.));
#8499 = ADVANCED_FACE('',(#8500),#8516,.T.);
#8500 = FACE_BOUND('',#8501,.T.);
#8501 = EDGE_LOOP('',(#8502,#8508,#8509,#8515));
#8502 = ORIENTED_EDGE('',*,*,#8503,.F.);
#8503 = EDGE_CURVE('',#8473,#8402,#8504,.T.);
#8504 = LINE('',#8505,#8506);
#8505 = CARTESIAN_POINT('',(-0.65,1.12,1.381297132567));
#8506 = VECTOR('',#8507,1.);
#8507 = DIRECTION('',(1.,-0.,-0.));
#8508 = ORIENTED_EDGE('',*,*,#8489,.T.);
#8509 = ORIENTED_EDGE('',*,*,#8510,.T.);
#8510 = EDGE_CURVE('',#8482,#8412,#8511,.T.);
#8511 = LINE('',#8512,#8513);
#8512 = CARTESIAN_POINT('',(-0.65,0.56,1.46));
#8513 = VECTOR('',#8514,1.);
#8514 = DIRECTION('',(1.,0.,0.));
#8515 = ORIENTED_EDGE('',*,*,#8411,.F.);
#8516 = PLANE('',#8517);
#8517 = AXIS2_PLACEMENT_3D('',#8518,#8519,#8520);
#8518 = CARTESIAN_POINT('',(-0.65,0.56,1.46));
#8519 = DIRECTION('',(0.,0.13917310096,0.990268068742));
#8520 = DIRECTION('',(0.,-0.990268068742,0.13917310096));
#8521 = ADVANCED_FACE('',(#8522),#8528,.T.);
#8522 = FACE_BOUND('',#8523,.T.);
#8523 = EDGE_LOOP('',(#8524,#8525,#8526,#8527));
#8524 = ORIENTED_EDGE('',*,*,#8503,.T.);
#8525 = ORIENTED_EDGE('',*,*,#8401,.T.);
#8526 = ORIENTED_EDGE('',*,*,#8441,.T.);
#8527 = ORIENTED_EDGE('',*,*,#8472,.T.);
#8528 = PLANE('',#8529);
#8529 = AXIS2_PLACEMENT_3D('',#8530,#8531,#8532);
#8530 = CARTESIAN_POINT('',(0.,1.12,0.));
#8531 = DIRECTION('',(0.,1.,0.));
#8532 = DIRECTION('',(0.,-0.,1.));
#8533 = ADVANCED_FACE('',(#8534),#8559,.T.);
#8534 = FACE_BOUND('',#8535,.T.);
#8535 = EDGE_LOOP('',(#8536,#8546,#8552,#8553));
#8536 = ORIENTED_EDGE('',*,*,#8537,.F.);
#8537 = EDGE_CURVE('',#8538,#8540,#8542,.T.);
#8538 = VERTEX_POINT('',#8539);
#8539 = CARTESIAN_POINT('',(0.509363886529,1.E-01,-1.319363886529));
#8540 = VERTEX_POINT('',#8541);
#8541 = CARTESIAN_POINT('',(0.509363886529,1.E-01,1.319363886529));
#8542 = LINE('',#8543,#8544);
#8543 = CARTESIAN_POINT('',(0.509363886529,1.E-01,1.46));
#8544 = VECTOR('',#8545,1.);
#8545 = DIRECTION('',(-0.,0.,1.));
#8546 = ORIENTED_EDGE('',*,*,#8547,.T.);
#8547 = EDGE_CURVE('',#8538,#8420,#8548,.T.);
#8548 = LINE('',#8549,#8550);
#8549 = CARTESIAN_POINT('',(0.420051161721,-0.192128759804,
    -1.230051161721));
#8550 = VECTOR('',#8551,1.);
#8551 = DIRECTION('',(0.280623595142,0.917878420979,-0.280623595142));
#8552 = ORIENTED_EDGE('',*,*,#8419,.F.);
#8553 = ORIENTED_EDGE('',*,*,#8554,.F.);
#8554 = EDGE_CURVE('',#8540,#8412,#8555,.T.);
#8555 = LINE('',#8556,#8557);
#8556 = CARTESIAN_POINT('',(0.547625517204,0.225148154882,1.357625517204
    ));
#8557 = VECTOR('',#8558,1.);
#8558 = DIRECTION('',(0.280623595142,0.917878420979,0.280623595142));
#8559 = PLANE('',#8560);
#8560 = AXIS2_PLACEMENT_3D('',#8561,#8562,#8563);
#8561 = CARTESIAN_POINT('',(0.65,0.56,1.46));
#8562 = DIRECTION('',(0.956304755963,-0.292371704723,0.));
#8563 = DIRECTION('',(0.292371704723,0.956304755963,0.));
#8564 = ADVANCED_FACE('',(#8565),#8583,.T.);
#8565 = FACE_BOUND('',#8566,.T.);
#8566 = EDGE_LOOP('',(#8567,#8575,#8576,#8577));
#8567 = ORIENTED_EDGE('',*,*,#8568,.F.);
#8568 = EDGE_CURVE('',#8540,#8569,#8571,.T.);
#8569 = VERTEX_POINT('',#8570);
#8570 = CARTESIAN_POINT('',(-0.509363886529,0.1,1.319363886529));
#8571 = LINE('',#8572,#8573);
#8572 = CARTESIAN_POINT('',(-0.65,1.E-01,1.319363886529));
#8573 = VECTOR('',#8574,1.);
#8574 = DIRECTION('',(-1.,0.,0.));
#8575 = ORIENTED_EDGE('',*,*,#8554,.T.);
#8576 = ORIENTED_EDGE('',*,*,#8510,.F.);
#8577 = ORIENTED_EDGE('',*,*,#8578,.F.);
#8578 = EDGE_CURVE('',#8569,#8482,#8579,.T.);
#8579 = LINE('',#8580,#8581);
#8580 = CARTESIAN_POINT('',(-0.65,0.56,1.46));
#8581 = VECTOR('',#8582,1.);
#8582 = DIRECTION('',(-0.280623595142,0.917878420979,0.280623595142));
#8583 = PLANE('',#8584);
#8584 = AXIS2_PLACEMENT_3D('',#8585,#8586,#8587);
#8585 = CARTESIAN_POINT('',(-0.65,0.56,1.46));
#8586 = DIRECTION('',(0.,-0.292371704723,0.956304755963));
#8587 = DIRECTION('',(0.,-0.956304755963,-0.292371704723));
#8588 = ADVANCED_FACE('',(#8589),#8607,.T.);
#8589 = FACE_BOUND('',#8590,.T.);
#8590 = EDGE_LOOP('',(#8591,#8599,#8600,#8601));
#8591 = ORIENTED_EDGE('',*,*,#8592,.F.);
#8592 = EDGE_CURVE('',#8569,#8593,#8595,.T.);
#8593 = VERTEX_POINT('',#8594);
#8594 = CARTESIAN_POINT('',(-0.509363886529,0.1,-1.319363886529));
#8595 = LINE('',#8596,#8597);
#8596 = CARTESIAN_POINT('',(-0.509363886529,1.E-01,1.46));
#8597 = VECTOR('',#8598,1.);
#8598 = DIRECTION('',(0.,0.,-1.));
#8599 = ORIENTED_EDGE('',*,*,#8578,.T.);
#8600 = ORIENTED_EDGE('',*,*,#8481,.F.);
#8601 = ORIENTED_EDGE('',*,*,#8602,.F.);
#8602 = EDGE_CURVE('',#8593,#8451,#8603,.T.);
#8603 = LINE('',#8604,#8605);
#8604 = CARTESIAN_POINT('',(-0.65,0.56,-1.46));
#8605 = VECTOR('',#8606,1.);
#8606 = DIRECTION('',(-0.280623595142,0.917878420979,-0.280623595142));
#8607 = PLANE('',#8608);
#8608 = AXIS2_PLACEMENT_3D('',#8609,#8610,#8611);
#8609 = CARTESIAN_POINT('',(-0.65,0.56,1.46));
#8610 = DIRECTION('',(-0.956304755963,-0.292371704723,0.));
#8611 = DIRECTION('',(0.292371704723,-0.956304755963,0.));
#8612 = ADVANCED_FACE('',(#8613),#8624,.T.);
#8613 = FACE_BOUND('',#8614,.T.);
#8614 = EDGE_LOOP('',(#8615,#8621,#8622,#8623));
#8615 = ORIENTED_EDGE('',*,*,#8616,.F.);
#8616 = EDGE_CURVE('',#8593,#8538,#8617,.T.);
#8617 = LINE('',#8618,#8619);
#8618 = CARTESIAN_POINT('',(-0.65,1.E-01,-1.319363886529));
#8619 = VECTOR('',#8620,1.);
#8620 = DIRECTION('',(1.,0.,0.));
#8621 = ORIENTED_EDGE('',*,*,#8602,.T.);
#8622 = ORIENTED_EDGE('',*,*,#8450,.F.);
#8623 = ORIENTED_EDGE('',*,*,#8547,.F.);
#8624 = PLANE('',#8625);
#8625 = AXIS2_PLACEMENT_3D('',#8626,#8627,#8628);
#8626 = CARTESIAN_POINT('',(-0.65,0.56,-1.46));
#8627 = DIRECTION('',(0.,-0.292371704723,-0.956304755963));
#8628 = DIRECTION('',(0.,0.956304755963,-0.292371704723));
#8629 = ADVANCED_FACE('',(#8630),#8636,.F.);
#8630 = FACE_BOUND('',#8631,.T.);
#8631 = EDGE_LOOP('',(#8632,#8633,#8634,#8635));
#8632 = ORIENTED_EDGE('',*,*,#8537,.T.);
#8633 = ORIENTED_EDGE('',*,*,#8568,.T.);
#8634 = ORIENTED_EDGE('',*,*,#8592,.T.);
#8635 = ORIENTED_EDGE('',*,*,#8616,.T.);
#8636 = PLANE('',#8637);
#8637 = AXIS2_PLACEMENT_3D('',#8638,#8639,#8640);
#8638 = CARTESIAN_POINT('',(0.,0.1,0.));
#8639 = DIRECTION('',(0.,1.,0.));
#8640 = DIRECTION('',(0.,-0.,1.));
#8641 = MANIFOLD_SOLID_BREP('',#8642);
#8642 = CLOSED_SHELL('',(#8643,#8683,#8714,#8747,#8778,#8811,#8842,#8873
    ,#8904,#8937,#8968,#9001,#9023,#9043));
#8643 = ADVANCED_FACE('',(#8644),#8678,.F.);
#8644 = FACE_BOUND('',#8645,.T.);
#8645 = EDGE_LOOP('',(#8646,#8656,#8664,#8672));
#8646 = ORIENTED_EDGE('',*,*,#8647,.T.);
#8647 = EDGE_CURVE('',#8648,#8650,#8652,.T.);
#8648 = VERTEX_POINT('',#8649);
#8649 = CARTESIAN_POINT('',(-0.65,0.56,-1.1625));
#8650 = VERTEX_POINT('',#8651);
#8651 = CARTESIAN_POINT('',(-0.631378339402,0.6925,-1.1625));
#8652 = LINE('',#8653,#8654);
#8653 = CARTESIAN_POINT('',(-0.631378339402,0.6925,-1.1625));
#8654 = VECTOR('',#8655,1.);
#8655 = DIRECTION('',(0.13917310096,0.990268068742,-0.));
#8656 = ORIENTED_EDGE('',*,*,#8657,.F.);
#8657 = EDGE_CURVE('',#8658,#8650,#8660,.T.);
#8658 = VERTEX_POINT('',#8659);
#8659 = CARTESIAN_POINT('',(-0.631378339402,0.6925,-0.7375));
#8660 = LINE('',#8661,#8662);
#8661 = CARTESIAN_POINT('',(-0.631378339402,0.6925,-0.7375));
#8662 = VECTOR('',#8663,1.);
#8663 = DIRECTION('',(-0.,-0.,-1.));
#8664 = ORIENTED_EDGE('',*,*,#8665,.F.);
#8665 = EDGE_CURVE('',#8666,#8658,#8668,.T.);
#8666 = VERTEX_POINT('',#8667);
#8667 = CARTESIAN_POINT('',(-0.65,0.56,-0.7375));
#8668 = LINE('',#8669,#8670);
#8669 = CARTESIAN_POINT('',(-0.631378339402,0.6925,-0.7375));
#8670 = VECTOR('',#8671,1.);
#8671 = DIRECTION('',(0.13917310096,0.990268068742,-0.));
#8672 = ORIENTED_EDGE('',*,*,#8673,.T.);
#8673 = EDGE_CURVE('',#8666,#8648,#8674,.T.);
#8674 = LINE('',#8675,#8676);
#8675 = CARTESIAN_POINT('',(-0.65,0.56,-0.7375));
#8676 = VECTOR('',#8677,1.);
#8677 = DIRECTION('',(-0.,-0.,-1.));
#8678 = PLANE('',#8679);
#8679 = AXIS2_PLACEMENT_3D('',#8680,#8681,#8682);
#8680 = CARTESIAN_POINT('',(-0.631378339402,0.6925,-0.7375));
#8681 = DIRECTION('',(-0.990268068742,0.13917310096,0.));
#8682 = DIRECTION('',(-0.13917310096,-0.990268068742,0.));
#8683 = ADVANCED_FACE('',(#8684),#8709,.F.);
#8684 = FACE_BOUND('',#8685,.T.);
#8685 = EDGE_LOOP('',(#8686,#8694,#8702,#8708));
#8686 = ORIENTED_EDGE('',*,*,#8687,.T.);
#8687 = EDGE_CURVE('',#8650,#8688,#8690,.T.);
#8688 = VERTEX_POINT('',#8689);
#8689 = CARTESIAN_POINT('',(-0.664517673709,0.6925,-1.1625));
#8690 = LINE('',#8691,#8692);
#8691 = CARTESIAN_POINT('',(-0.631378339402,0.6925,-1.1625));
#8692 = VECTOR('',#8693,1.);
#8693 = DIRECTION('',(-1.,0.,0.));
#8694 = ORIENTED_EDGE('',*,*,#8695,.F.);
#8695 = EDGE_CURVE('',#8696,#8688,#8698,.T.);
#8696 = VERTEX_POINT('',#8697);
#8697 = CARTESIAN_POINT('',(-0.664517673709,0.6925,-0.7375));
#8698 = LINE('',#8699,#8700);
#8699 = CARTESIAN_POINT('',(-0.664517673709,0.6925,-0.7375));
#8700 = VECTOR('',#8701,1.);
#8701 = DIRECTION('',(-0.,-0.,-1.));
#8702 = ORIENTED_EDGE('',*,*,#8703,.F.);
#8703 = EDGE_CURVE('',#8658,#8696,#8704,.T.);
#8704 = LINE('',#8705,#8706);
#8705 = CARTESIAN_POINT('',(-0.631378339402,0.6925,-0.7375));
#8706 = VECTOR('',#8707,1.);
#8707 = DIRECTION('',(-1.,0.,0.));
#8708 = ORIENTED_EDGE('',*,*,#8657,.T.);
#8709 = PLANE('',#8710);
#8710 = AXIS2_PLACEMENT_3D('',#8711,#8712,#8713);
#8711 = CARTESIAN_POINT('',(-0.631378339402,0.6925,-0.7375));
#8712 = DIRECTION('',(0.,-1.,0.));
#8713 = DIRECTION('',(0.,-0.,-1.));
#8714 = ADVANCED_FACE('',(#8715),#8742,.T.);
#8715 = FACE_BOUND('',#8716,.T.);
#8716 = EDGE_LOOP('',(#8717,#8726,#8734,#8741));
#8717 = ORIENTED_EDGE('',*,*,#8718,.T.);
#8718 = EDGE_CURVE('',#8688,#8719,#8721,.T.);
#8719 = VERTEX_POINT('',#8720);
#8720 = CARTESIAN_POINT('',(-0.80693086656,0.55497317828,-1.1625));
#8721 = CIRCLE('',#8722,0.1425);
#8722 = AXIS2_PLACEMENT_3D('',#8723,#8724,#8725);
#8723 = CARTESIAN_POINT('',(-0.664517673709,0.55,-1.1625));
#8724 = DIRECTION('',(0.,0.,1.));
#8725 = DIRECTION('',(1.,0.,-0.));
#8726 = ORIENTED_EDGE('',*,*,#8727,.F.);
#8727 = EDGE_CURVE('',#8728,#8719,#8730,.T.);
#8728 = VERTEX_POINT('',#8729);
#8729 = CARTESIAN_POINT('',(-0.80693086656,0.55497317828,-0.7375));
#8730 = LINE('',#8731,#8732);
#8731 = CARTESIAN_POINT('',(-0.80693086656,0.55497317828,-0.7375));
#8732 = VECTOR('',#8733,1.);
#8733 = DIRECTION('',(-0.,-0.,-1.));
#8734 = ORIENTED_EDGE('',*,*,#8735,.F.);
#8735 = EDGE_CURVE('',#8696,#8728,#8736,.T.);
#8736 = CIRCLE('',#8737,0.1425);
#8737 = AXIS2_PLACEMENT_3D('',#8738,#8739,#8740);
#8738 = CARTESIAN_POINT('',(-0.664517673709,0.55,-0.7375));
#8739 = DIRECTION('',(0.,0.,1.));
#8740 = DIRECTION('',(1.,0.,-0.));
#8741 = ORIENTED_EDGE('',*,*,#8695,.T.);
#8742 = CYLINDRICAL_SURFACE('',#8743,0.1425);
#8743 = AXIS2_PLACEMENT_3D('',#8744,#8745,#8746);
#8744 = CARTESIAN_POINT('',(-0.664517673709,0.55,-0.7375));
#8745 = DIRECTION('',(-0.,-0.,-1.));
#8746 = DIRECTION('',(-1.,0.,0.));
#8747 = ADVANCED_FACE('',(#8748),#8773,.F.);
#8748 = FACE_BOUND('',#8749,.T.);
#8749 = EDGE_LOOP('',(#8750,#8758,#8766,#8772));
#8750 = ORIENTED_EDGE('',*,*,#8751,.T.);
#8751 = EDGE_CURVE('',#8719,#8752,#8754,.T.);
#8752 = VERTEX_POINT('',#8753);
#8753 = CARTESIAN_POINT('',(-0.81741928458,0.254624183313,-1.1625));
#8754 = LINE('',#8755,#8756);
#8755 = CARTESIAN_POINT('',(-0.80693086656,0.55497317828,-1.1625));
#8756 = VECTOR('',#8757,1.);
#8757 = DIRECTION('',(-3.48994967025E-02,-0.999390827019,0.));
#8758 = ORIENTED_EDGE('',*,*,#8759,.F.);
#8759 = EDGE_CURVE('',#8760,#8752,#8762,.T.);
#8760 = VERTEX_POINT('',#8761);
#8761 = CARTESIAN_POINT('',(-0.81741928458,0.254624183313,-0.7375));
#8762 = LINE('',#8763,#8764);
#8763 = CARTESIAN_POINT('',(-0.81741928458,0.254624183313,-0.7375));
#8764 = VECTOR('',#8765,1.);
#8765 = DIRECTION('',(-0.,-0.,-1.));
#8766 = ORIENTED_EDGE('',*,*,#8767,.F.);
#8767 = EDGE_CURVE('',#8728,#8760,#8768,.T.);
#8768 = LINE('',#8769,#8770);
#8769 = CARTESIAN_POINT('',(-0.80693086656,0.55497317828,-0.7375));
#8770 = VECTOR('',#8771,1.);
#8771 = DIRECTION('',(-3.48994967025E-02,-0.999390827019,0.));
#8772 = ORIENTED_EDGE('',*,*,#8727,.T.);
#8773 = PLANE('',#8774);
#8774 = AXIS2_PLACEMENT_3D('',#8775,#8776,#8777);
#8775 = CARTESIAN_POINT('',(-0.80693086656,0.55497317828,-0.7375));
#8776 = DIRECTION('',(0.999390827019,-3.48994967025E-02,0.));
#8777 = DIRECTION('',(3.48994967025E-02,0.999390827019,0.));
#8778 = ADVANCED_FACE('',(#8779),#8806,.F.);
#8779 = FACE_BOUND('',#8780,.F.);
#8780 = EDGE_LOOP('',(#8781,#8782,#8791,#8799));
#8781 = ORIENTED_EDGE('',*,*,#8759,.F.);
#8782 = ORIENTED_EDGE('',*,*,#8783,.T.);
#8783 = EDGE_CURVE('',#8760,#8784,#8786,.T.);
#8784 = VERTEX_POINT('',#8785);
#8785 = CARTESIAN_POINT('',(-0.907764140194,0.158584773351,-0.7375));
#8786 = CIRCLE('',#8787,9.998931781443E-02);
#8787 = AXIS2_PLACEMENT_3D('',#8788,#8789,#8790);
#8788 = CARTESIAN_POINT('',(-0.917347691604,0.25811376018,-0.7375));
#8789 = DIRECTION('',(-0.,0.,-1.));
#8790 = DIRECTION('',(-1.,0.,0.));
#8791 = ORIENTED_EDGE('',*,*,#8792,.T.);
#8792 = EDGE_CURVE('',#8784,#8793,#8795,.T.);
#8793 = VERTEX_POINT('',#8794);
#8794 = CARTESIAN_POINT('',(-0.907764140194,0.158584773351,-1.1625));
#8795 = LINE('',#8796,#8797);
#8796 = CARTESIAN_POINT('',(-0.907764140194,0.158584773351,-0.7375));
#8797 = VECTOR('',#8798,1.);
#8798 = DIRECTION('',(-0.,-0.,-1.));
#8799 = ORIENTED_EDGE('',*,*,#8800,.F.);
#8800 = EDGE_CURVE('',#8752,#8793,#8801,.T.);
#8801 = CIRCLE('',#8802,9.998931781443E-02);
#8802 = AXIS2_PLACEMENT_3D('',#8803,#8804,#8805);
#8803 = CARTESIAN_POINT('',(-0.917347691604,0.25811376018,-1.1625));
#8804 = DIRECTION('',(-0.,0.,-1.));
#8805 = DIRECTION('',(-1.,0.,0.));
#8806 = CYLINDRICAL_SURFACE('',#8807,9.998931781443E-02);
#8807 = AXIS2_PLACEMENT_3D('',#8808,#8809,#8810);
#8808 = CARTESIAN_POINT('',(-0.917347691604,0.25811376018,-0.7375));
#8809 = DIRECTION('',(-0.,-0.,-1.));
#8810 = DIRECTION('',(-1.,0.,0.));
#8811 = ADVANCED_FACE('',(#8812),#8837,.F.);
#8812 = FACE_BOUND('',#8813,.T.);
#8813 = EDGE_LOOP('',(#8814,#8822,#8830,#8836));
#8814 = ORIENTED_EDGE('',*,*,#8815,.T.);
#8815 = EDGE_CURVE('',#8793,#8816,#8818,.T.);
#8816 = VERTEX_POINT('',#8817);
#8817 = CARTESIAN_POINT('',(-1.185,0.131889996284,-1.1625));
#8818 = LINE('',#8819,#8820);
#8819 = CARTESIAN_POINT('',(-0.907764140194,0.158584773351,-1.1625));
#8820 = VECTOR('',#8821,1.);
#8821 = DIRECTION('',(-0.995396198367,-9.584575252022E-02,0.));
#8822 = ORIENTED_EDGE('',*,*,#8823,.F.);
#8823 = EDGE_CURVE('',#8824,#8816,#8826,.T.);
#8824 = VERTEX_POINT('',#8825);
#8825 = CARTESIAN_POINT('',(-1.185,0.131889996284,-0.7375));
#8826 = LINE('',#8827,#8828);
#8827 = CARTESIAN_POINT('',(-1.185,0.131889996284,-0.7375));
#8828 = VECTOR('',#8829,1.);
#8829 = DIRECTION('',(-0.,-0.,-1.));
#8830 = ORIENTED_EDGE('',*,*,#8831,.F.);
#8831 = EDGE_CURVE('',#8784,#8824,#8832,.T.);
#8832 = LINE('',#8833,#8834);
#8833 = CARTESIAN_POINT('',(-0.907764140194,0.158584773351,-0.7375));
#8834 = VECTOR('',#8835,1.);
#8835 = DIRECTION('',(-0.995396198367,-9.584575252022E-02,0.));
#8836 = ORIENTED_EDGE('',*,*,#8792,.T.);
#8837 = PLANE('',#8838);
#8838 = AXIS2_PLACEMENT_3D('',#8839,#8840,#8841);
#8839 = CARTESIAN_POINT('',(-0.907764140194,0.158584773351,-0.7375));
#8840 = DIRECTION('',(9.584575252022E-02,-0.995396198367,0.));
#8841 = DIRECTION('',(0.995396198367,9.584575252022E-02,0.));
#8842 = ADVANCED_FACE('',(#8843),#8868,.F.);
#8843 = FACE_BOUND('',#8844,.T.);
#8844 = EDGE_LOOP('',(#8845,#8853,#8861,#8867));
#8845 = ORIENTED_EDGE('',*,*,#8846,.T.);
#8846 = EDGE_CURVE('',#8816,#8847,#8849,.T.);
#8847 = VERTEX_POINT('',#8848);
#8848 = CARTESIAN_POINT('',(-1.172300437791,0.,-1.1625));
#8849 = LINE('',#8850,#8851);
#8850 = CARTESIAN_POINT('',(-1.185,0.131889996284,-1.1625));
#8851 = VECTOR('',#8852,1.);
#8852 = DIRECTION('',(9.584575252022E-02,-0.995396198367,0.));
#8853 = ORIENTED_EDGE('',*,*,#8854,.F.);
#8854 = EDGE_CURVE('',#8855,#8847,#8857,.T.);
#8855 = VERTEX_POINT('',#8856);
#8856 = CARTESIAN_POINT('',(-1.172300437791,0.,-0.7375));
#8857 = LINE('',#8858,#8859);
#8858 = CARTESIAN_POINT('',(-1.172300437791,0.,-0.7375));
#8859 = VECTOR('',#8860,1.);
#8860 = DIRECTION('',(-0.,-0.,-1.));
#8861 = ORIENTED_EDGE('',*,*,#8862,.F.);
#8862 = EDGE_CURVE('',#8824,#8855,#8863,.T.);
#8863 = LINE('',#8864,#8865);
#8864 = CARTESIAN_POINT('',(-1.185,0.131889996284,-0.7375));
#8865 = VECTOR('',#8866,1.);
#8866 = DIRECTION('',(9.584575252022E-02,-0.995396198367,0.));
#8867 = ORIENTED_EDGE('',*,*,#8823,.T.);
#8868 = PLANE('',#8869);
#8869 = AXIS2_PLACEMENT_3D('',#8870,#8871,#8872);
#8870 = CARTESIAN_POINT('',(-1.185,0.131889996284,-0.7375));
#8871 = DIRECTION('',(0.995396198367,9.584575252022E-02,-0.));
#8872 = DIRECTION('',(-9.584575252022E-02,0.995396198367,0.));
#8873 = ADVANCED_FACE('',(#8874),#8899,.F.);
#8874 = FACE_BOUND('',#8875,.T.);
#8875 = EDGE_LOOP('',(#8876,#8884,#8892,#8898));
#8876 = ORIENTED_EDGE('',*,*,#8877,.T.);
#8877 = EDGE_CURVE('',#8847,#8878,#8880,.T.);
#8878 = VERTEX_POINT('',#8879);
#8879 = CARTESIAN_POINT('',(-0.895064577985,2.669477706697E-02,-1.1625)
  );
#8880 = LINE('',#8881,#8882);
#8881 = CARTESIAN_POINT('',(-0.895064577985,2.669477706697E-02,-1.1625)
  );
#8882 = VECTOR('',#8883,1.);
#8883 = DIRECTION('',(0.995396198367,9.584575252022E-02,-0.));
#8884 = ORIENTED_EDGE('',*,*,#8885,.F.);
#8885 = EDGE_CURVE('',#8886,#8878,#8888,.T.);
#8886 = VERTEX_POINT('',#8887);
#8887 = CARTESIAN_POINT('',(-0.895064577985,2.669477706697E-02,-0.7375)
  );
#8888 = LINE('',#8889,#8890);
#8889 = CARTESIAN_POINT('',(-0.895064577985,2.669477706697E-02,-0.7375)
  );
#8890 = VECTOR('',#8891,1.);
#8891 = DIRECTION('',(-0.,-0.,-1.));
#8892 = ORIENTED_EDGE('',*,*,#8893,.F.);
#8893 = EDGE_CURVE('',#8855,#8886,#8894,.T.);
#8894 = LINE('',#8895,#8896);
#8895 = CARTESIAN_POINT('',(-0.895064577985,2.669477706697E-02,-0.7375)
  );
#8896 = VECTOR('',#8897,1.);
#8897 = DIRECTION('',(0.995396198367,9.584575252022E-02,-0.));
#8898 = ORIENTED_EDGE('',*,*,#8854,.T.);
#8899 = PLANE('',#8900);
#8900 = AXIS2_PLACEMENT_3D('',#8901,#8902,#8903);
#8901 = CARTESIAN_POINT('',(-0.895064577985,2.669477706697E-02,-0.7375)
  );
#8902 = DIRECTION('',(-9.584575252022E-02,0.995396198367,0.));
#8903 = DIRECTION('',(-0.995396198367,-9.584575252022E-02,0.));
#8904 = ADVANCED_FACE('',(#8905),#8932,.T.);
#8905 = FACE_BOUND('',#8906,.T.);
#8906 = EDGE_LOOP('',(#8907,#8916,#8924,#8931));
#8907 = ORIENTED_EDGE('',*,*,#8908,.T.);
#8908 = EDGE_CURVE('',#8878,#8909,#8911,.T.);
#8909 = VERTEX_POINT('',#8910);
#8910 = CARTESIAN_POINT('',(-0.685,0.25,-1.1625));
#8911 = CIRCLE('',#8912,0.232489317814);
#8912 = AXIS2_PLACEMENT_3D('',#8913,#8914,#8915);
#8913 = CARTESIAN_POINT('',(-0.917347691604,0.25811376018,-1.1625));
#8914 = DIRECTION('',(0.,0.,1.));
#8915 = DIRECTION('',(-1.,0.,0.));
#8916 = ORIENTED_EDGE('',*,*,#8917,.F.);
#8917 = EDGE_CURVE('',#8918,#8909,#8920,.T.);
#8918 = VERTEX_POINT('',#8919);
#8919 = CARTESIAN_POINT('',(-0.685,0.25,-0.7375));
#8920 = LINE('',#8921,#8922);
#8921 = CARTESIAN_POINT('',(-0.685,0.25,-0.7375));
#8922 = VECTOR('',#8923,1.);
#8923 = DIRECTION('',(-0.,-0.,-1.));
#8924 = ORIENTED_EDGE('',*,*,#8925,.F.);
#8925 = EDGE_CURVE('',#8886,#8918,#8926,.T.);
#8926 = CIRCLE('',#8927,0.232489317814);
#8927 = AXIS2_PLACEMENT_3D('',#8928,#8929,#8930);
#8928 = CARTESIAN_POINT('',(-0.917347691604,0.25811376018,-0.7375));
#8929 = DIRECTION('',(0.,0.,1.));
#8930 = DIRECTION('',(-1.,0.,0.));
#8931 = ORIENTED_EDGE('',*,*,#8885,.T.);
#8932 = CYLINDRICAL_SURFACE('',#8933,0.232489317814);
#8933 = AXIS2_PLACEMENT_3D('',#8934,#8935,#8936);
#8934 = CARTESIAN_POINT('',(-0.917347691604,0.25811376018,-0.7375));
#8935 = DIRECTION('',(-0.,-0.,-1.));
#8936 = DIRECTION('',(-1.,0.,0.));
#8937 = ADVANCED_FACE('',(#8938),#8963,.F.);
#8938 = FACE_BOUND('',#8939,.T.);
#8939 = EDGE_LOOP('',(#8940,#8948,#8956,#8962));
#8940 = ORIENTED_EDGE('',*,*,#8941,.T.);
#8941 = EDGE_CURVE('',#8909,#8942,#8944,.T.);
#8942 = VERTEX_POINT('',#8943);
#8943 = CARTESIAN_POINT('',(-0.67451158198,0.550348994967,-1.1625));
#8944 = LINE('',#8945,#8946);
#8945 = CARTESIAN_POINT('',(-0.67451158198,0.550348994967,-1.1625));
#8946 = VECTOR('',#8947,1.);
#8947 = DIRECTION('',(3.48994967025E-02,0.999390827019,-0.));
#8948 = ORIENTED_EDGE('',*,*,#8949,.F.);
#8949 = EDGE_CURVE('',#8950,#8942,#8952,.T.);
#8950 = VERTEX_POINT('',#8951);
#8951 = CARTESIAN_POINT('',(-0.67451158198,0.550348994967,-0.7375));
#8952 = LINE('',#8953,#8954);
#8953 = CARTESIAN_POINT('',(-0.67451158198,0.550348994967,-0.7375));
#8954 = VECTOR('',#8955,1.);
#8955 = DIRECTION('',(-0.,-0.,-1.));
#8956 = ORIENTED_EDGE('',*,*,#8957,.F.);
#8957 = EDGE_CURVE('',#8918,#8950,#8958,.T.);
#8958 = LINE('',#8959,#8960);
#8959 = CARTESIAN_POINT('',(-0.67451158198,0.550348994967,-0.7375));
#8960 = VECTOR('',#8961,1.);
#8961 = DIRECTION('',(3.48994967025E-02,0.999390827019,-0.));
#8962 = ORIENTED_EDGE('',*,*,#8917,.T.);
#8963 = PLANE('',#8964);
#8964 = AXIS2_PLACEMENT_3D('',#8965,#8966,#8967);
#8965 = CARTESIAN_POINT('',(-0.67451158198,0.550348994967,-0.7375));
#8966 = DIRECTION('',(-0.999390827019,3.48994967025E-02,0.));
#8967 = DIRECTION('',(-3.48994967025E-02,-0.999390827019,0.));
#8968 = ADVANCED_FACE('',(#8969),#8996,.F.);
#8969 = FACE_BOUND('',#8970,.F.);
#8970 = EDGE_LOOP('',(#8971,#8972,#8981,#8989));
#8971 = ORIENTED_EDGE('',*,*,#8949,.F.);
#8972 = ORIENTED_EDGE('',*,*,#8973,.T.);
#8973 = EDGE_CURVE('',#8950,#8974,#8976,.T.);
#8974 = VERTEX_POINT('',#8975);
#8975 = CARTESIAN_POINT('',(-0.664517673709,0.56,-0.7375));
#8976 = CIRCLE('',#8977,1.E-02);
#8977 = AXIS2_PLACEMENT_3D('',#8978,#8979,#8980);
#8978 = CARTESIAN_POINT('',(-0.664517673709,0.55,-0.7375));
#8979 = DIRECTION('',(0.,0.,-1.));
#8980 = DIRECTION('',(1.,0.,0.));
#8981 = ORIENTED_EDGE('',*,*,#8982,.T.);
#8982 = EDGE_CURVE('',#8974,#8983,#8985,.T.);
#8983 = VERTEX_POINT('',#8984);
#8984 = CARTESIAN_POINT('',(-0.664517673709,0.56,-1.1625));
#8985 = LINE('',#8986,#8987);
#8986 = CARTESIAN_POINT('',(-0.664517673709,0.56,-0.7375));
#8987 = VECTOR('',#8988,1.);
#8988 = DIRECTION('',(-0.,-0.,-1.));
#8989 = ORIENTED_EDGE('',*,*,#8990,.F.);
#8990 = EDGE_CURVE('',#8942,#8983,#8991,.T.);
#8991 = CIRCLE('',#8992,1.E-02);
#8992 = AXIS2_PLACEMENT_3D('',#8993,#8994,#8995);
#8993 = CARTESIAN_POINT('',(-0.664517673709,0.55,-1.1625));
#8994 = DIRECTION('',(0.,0.,-1.));
#8995 = DIRECTION('',(1.,0.,0.));
#8996 = CYLINDRICAL_SURFACE('',#8997,1.E-02);
#8997 = AXIS2_PLACEMENT_3D('',#8998,#8999,#9000);
#8998 = CARTESIAN_POINT('',(-0.664517673709,0.55,-0.7375));
#8999 = DIRECTION('',(-0.,-0.,-1.));
#9000 = DIRECTION('',(-1.,0.,0.));
#9001 = ADVANCED_FACE('',(#9002),#9018,.F.);
#9002 = FACE_BOUND('',#9003,.T.);
#9003 = EDGE_LOOP('',(#9004,#9010,#9011,#9017));
#9004 = ORIENTED_EDGE('',*,*,#9005,.T.);
#9005 = EDGE_CURVE('',#8983,#8648,#9006,.T.);
#9006 = LINE('',#9007,#9008);
#9007 = CARTESIAN_POINT('',(-0.65,0.56,-1.1625));
#9008 = VECTOR('',#9009,1.);
#9009 = DIRECTION('',(1.,7.468153604919E-15,-0.));
#9010 = ORIENTED_EDGE('',*,*,#8673,.F.);
#9011 = ORIENTED_EDGE('',*,*,#9012,.F.);
#9012 = EDGE_CURVE('',#8974,#8666,#9013,.T.);
#9013 = LINE('',#9014,#9015);
#9014 = CARTESIAN_POINT('',(-0.65,0.56,-0.7375));
#9015 = VECTOR('',#9016,1.);
#9016 = DIRECTION('',(1.,7.468153604919E-15,-0.));
#9017 = ORIENTED_EDGE('',*,*,#8982,.T.);
#9018 = PLANE('',#9019);
#9019 = AXIS2_PLACEMENT_3D('',#9020,#9021,#9022);
#9020 = CARTESIAN_POINT('',(-0.65,0.56,-0.7375));
#9021 = DIRECTION('',(-7.468153604919E-15,1.,0.));
#9022 = DIRECTION('',(-1.,-7.468153604919E-15,0.));
#9023 = ADVANCED_FACE('',(#9024),#9038,.T.);
#9024 = FACE_BOUND('',#9025,.T.);
#9025 = EDGE_LOOP('',(#9026,#9027,#9028,#9029,#9030,#9031,#9032,#9033,
    #9034,#9035,#9036,#9037));
#9026 = ORIENTED_EDGE('',*,*,#8665,.T.);
#9027 = ORIENTED_EDGE('',*,*,#8703,.T.);
#9028 = ORIENTED_EDGE('',*,*,#8735,.T.);
#9029 = ORIENTED_EDGE('',*,*,#8767,.T.);
#9030 = ORIENTED_EDGE('',*,*,#8783,.T.);
#9031 = ORIENTED_EDGE('',*,*,#8831,.T.);
#9032 = ORIENTED_EDGE('',*,*,#8862,.T.);
#9033 = ORIENTED_EDGE('',*,*,#8893,.T.);
#9034 = ORIENTED_EDGE('',*,*,#8925,.T.);
#9035 = ORIENTED_EDGE('',*,*,#8957,.T.);
#9036 = ORIENTED_EDGE('',*,*,#8973,.T.);
#9037 = ORIENTED_EDGE('',*,*,#9012,.T.);
#9038 = PLANE('',#9039);
#9039 = AXIS2_PLACEMENT_3D('',#9040,#9041,#9042);
#9040 = CARTESIAN_POINT('',(-0.664517673709,0.55,-0.7375));
#9041 = DIRECTION('',(0.,0.,1.));
#9042 = DIRECTION('',(1.,0.,-0.));
#9043 = ADVANCED_FACE('',(#9044),#9058,.F.);
#9044 = FACE_BOUND('',#9045,.T.);
#9045 = EDGE_LOOP('',(#9046,#9047,#9048,#9049,#9050,#9051,#9052,#9053,
    #9054,#9055,#9056,#9057));
#9046 = ORIENTED_EDGE('',*,*,#8647,.F.);
#9047 = ORIENTED_EDGE('',*,*,#9005,.F.);
#9048 = ORIENTED_EDGE('',*,*,#8990,.F.);
#9049 = ORIENTED_EDGE('',*,*,#8941,.F.);
#9050 = ORIENTED_EDGE('',*,*,#8908,.F.);
#9051 = ORIENTED_EDGE('',*,*,#8877,.F.);
#9052 = ORIENTED_EDGE('',*,*,#8846,.F.);
#9053 = ORIENTED_EDGE('',*,*,#8815,.F.);
#9054 = ORIENTED_EDGE('',*,*,#8800,.F.);
#9055 = ORIENTED_EDGE('',*,*,#8751,.F.);
#9056 = ORIENTED_EDGE('',*,*,#8718,.F.);
#9057 = ORIENTED_EDGE('',*,*,#8687,.F.);
#9058 = PLANE('',#9059);
#9059 = AXIS2_PLACEMENT_3D('',#9060,#9061,#9062);
#9060 = CARTESIAN_POINT('',(-0.664517673709,0.55,-1.1625));
#9061 = DIRECTION('',(0.,0.,1.));
#9062 = DIRECTION('',(1.,0.,-0.));
#9063 = MANIFOLD_SOLID_BREP('',#9064);
#9064 = CLOSED_SHELL('',(#9065,#9105,#9136,#9169,#9200,#9233,#9264,#9295
    ,#9326,#9359,#9390,#9423,#9445,#9465));
#9065 = ADVANCED_FACE('',(#9066),#9100,.F.);
#9066 = FACE_BOUND('',#9067,.T.);
#9067 = EDGE_LOOP('',(#9068,#9078,#9086,#9094));
#9068 = ORIENTED_EDGE('',*,*,#9069,.T.);
#9069 = EDGE_CURVE('',#9070,#9072,#9074,.T.);
#9070 = VERTEX_POINT('',#9071);
#9071 = CARTESIAN_POINT('',(-0.65,0.56,0.7375));
#9072 = VERTEX_POINT('',#9073);
#9073 = CARTESIAN_POINT('',(-0.631378339402,0.6925,0.7375));
#9074 = LINE('',#9075,#9076);
#9075 = CARTESIAN_POINT('',(-0.631378339402,0.6925,0.7375));
#9076 = VECTOR('',#9077,1.);
#9077 = DIRECTION('',(0.13917310096,0.990268068742,-0.));
#9078 = ORIENTED_EDGE('',*,*,#9079,.F.);
#9079 = EDGE_CURVE('',#9080,#9072,#9082,.T.);
#9080 = VERTEX_POINT('',#9081);
#9081 = CARTESIAN_POINT('',(-0.631378339402,0.6925,1.1625));
#9082 = LINE('',#9083,#9084);
#9083 = CARTESIAN_POINT('',(-0.631378339402,0.6925,1.1625));
#9084 = VECTOR('',#9085,1.);
#9085 = DIRECTION('',(-0.,-0.,-1.));
#9086 = ORIENTED_EDGE('',*,*,#9087,.F.);
#9087 = EDGE_CURVE('',#9088,#9080,#9090,.T.);
#9088 = VERTEX_POINT('',#9089);
#9089 = CARTESIAN_POINT('',(-0.65,0.56,1.1625));
#9090 = LINE('',#9091,#9092);
#9091 = CARTESIAN_POINT('',(-0.631378339402,0.6925,1.1625));
#9092 = VECTOR('',#9093,1.);
#9093 = DIRECTION('',(0.13917310096,0.990268068742,-0.));
#9094 = ORIENTED_EDGE('',*,*,#9095,.T.);
#9095 = EDGE_CURVE('',#9088,#9070,#9096,.T.);
#9096 = LINE('',#9097,#9098);
#9097 = CARTESIAN_POINT('',(-0.65,0.56,1.1625));
#9098 = VECTOR('',#9099,1.);
#9099 = DIRECTION('',(-0.,-0.,-1.));
#9100 = PLANE('',#9101);
#9101 = AXIS2_PLACEMENT_3D('',#9102,#9103,#9104);
#9102 = CARTESIAN_POINT('',(-0.631378339402,0.6925,1.1625));
#9103 = DIRECTION('',(-0.990268068742,0.13917310096,0.));
#9104 = DIRECTION('',(-0.13917310096,-0.990268068742,0.));
#9105 = ADVANCED_FACE('',(#9106),#9131,.F.);
#9106 = FACE_BOUND('',#9107,.T.);
#9107 = EDGE_LOOP('',(#9108,#9116,#9124,#9130));
#9108 = ORIENTED_EDGE('',*,*,#9109,.T.);
#9109 = EDGE_CURVE('',#9072,#9110,#9112,.T.);
#9110 = VERTEX_POINT('',#9111);
#9111 = CARTESIAN_POINT('',(-0.664517673709,0.6925,0.7375));
#9112 = LINE('',#9113,#9114);
#9113 = CARTESIAN_POINT('',(-0.631378339402,0.6925,0.7375));
#9114 = VECTOR('',#9115,1.);
#9115 = DIRECTION('',(-1.,0.,0.));
#9116 = ORIENTED_EDGE('',*,*,#9117,.F.);
#9117 = EDGE_CURVE('',#9118,#9110,#9120,.T.);
#9118 = VERTEX_POINT('',#9119);
#9119 = CARTESIAN_POINT('',(-0.664517673709,0.6925,1.1625));
#9120 = LINE('',#9121,#9122);
#9121 = CARTESIAN_POINT('',(-0.664517673709,0.6925,1.1625));
#9122 = VECTOR('',#9123,1.);
#9123 = DIRECTION('',(-0.,-0.,-1.));
#9124 = ORIENTED_EDGE('',*,*,#9125,.F.);
#9125 = EDGE_CURVE('',#9080,#9118,#9126,.T.);
#9126 = LINE('',#9127,#9128);
#9127 = CARTESIAN_POINT('',(-0.631378339402,0.6925,1.1625));
#9128 = VECTOR('',#9129,1.);
#9129 = DIRECTION('',(-1.,0.,0.));
#9130 = ORIENTED_EDGE('',*,*,#9079,.T.);
#9131 = PLANE('',#9132);
#9132 = AXIS2_PLACEMENT_3D('',#9133,#9134,#9135);
#9133 = CARTESIAN_POINT('',(-0.631378339402,0.6925,1.1625));
#9134 = DIRECTION('',(0.,-1.,0.));
#9135 = DIRECTION('',(0.,-0.,-1.));
#9136 = ADVANCED_FACE('',(#9137),#9164,.T.);
#9137 = FACE_BOUND('',#9138,.T.);
#9138 = EDGE_LOOP('',(#9139,#9148,#9156,#9163));
#9139 = ORIENTED_EDGE('',*,*,#9140,.T.);
#9140 = EDGE_CURVE('',#9110,#9141,#9143,.T.);
#9141 = VERTEX_POINT('',#9142);
#9142 = CARTESIAN_POINT('',(-0.80693086656,0.55497317828,0.7375));
#9143 = CIRCLE('',#9144,0.1425);
#9144 = AXIS2_PLACEMENT_3D('',#9145,#9146,#9147);
#9145 = CARTESIAN_POINT('',(-0.664517673709,0.55,0.7375));
#9146 = DIRECTION('',(0.,0.,1.));
#9147 = DIRECTION('',(1.,0.,-0.));
#9148 = ORIENTED_EDGE('',*,*,#9149,.F.);
#9149 = EDGE_CURVE('',#9150,#9141,#9152,.T.);
#9150 = VERTEX_POINT('',#9151);
#9151 = CARTESIAN_POINT('',(-0.80693086656,0.55497317828,1.1625));
#9152 = LINE('',#9153,#9154);
#9153 = CARTESIAN_POINT('',(-0.80693086656,0.55497317828,1.1625));
#9154 = VECTOR('',#9155,1.);
#9155 = DIRECTION('',(-0.,-0.,-1.));
#9156 = ORIENTED_EDGE('',*,*,#9157,.F.);
#9157 = EDGE_CURVE('',#9118,#9150,#9158,.T.);
#9158 = CIRCLE('',#9159,0.1425);
#9159 = AXIS2_PLACEMENT_3D('',#9160,#9161,#9162);
#9160 = CARTESIAN_POINT('',(-0.664517673709,0.55,1.1625));
#9161 = DIRECTION('',(0.,0.,1.));
#9162 = DIRECTION('',(1.,0.,-0.));
#9163 = ORIENTED_EDGE('',*,*,#9117,.T.);
#9164 = CYLINDRICAL_SURFACE('',#9165,0.1425);
#9165 = AXIS2_PLACEMENT_3D('',#9166,#9167,#9168);
#9166 = CARTESIAN_POINT('',(-0.664517673709,0.55,1.1625));
#9167 = DIRECTION('',(-0.,-0.,-1.));
#9168 = DIRECTION('',(-1.,0.,0.));
#9169 = ADVANCED_FACE('',(#9170),#9195,.F.);
#9170 = FACE_BOUND('',#9171,.T.);
#9171 = EDGE_LOOP('',(#9172,#9180,#9188,#9194));
#9172 = ORIENTED_EDGE('',*,*,#9173,.T.);
#9173 = EDGE_CURVE('',#9141,#9174,#9176,.T.);
#9174 = VERTEX_POINT('',#9175);
#9175 = CARTESIAN_POINT('',(-0.81741928458,0.254624183313,0.7375));
#9176 = LINE('',#9177,#9178);
#9177 = CARTESIAN_POINT('',(-0.80693086656,0.55497317828,0.7375));
#9178 = VECTOR('',#9179,1.);
#9179 = DIRECTION('',(-3.48994967025E-02,-0.999390827019,0.));
#9180 = ORIENTED_EDGE('',*,*,#9181,.F.);
#9181 = EDGE_CURVE('',#9182,#9174,#9184,.T.);
#9182 = VERTEX_POINT('',#9183);
#9183 = CARTESIAN_POINT('',(-0.81741928458,0.254624183313,1.1625));
#9184 = LINE('',#9185,#9186);
#9185 = CARTESIAN_POINT('',(-0.81741928458,0.254624183313,1.1625));
#9186 = VECTOR('',#9187,1.);
#9187 = DIRECTION('',(-0.,-0.,-1.));
#9188 = ORIENTED_EDGE('',*,*,#9189,.F.);
#9189 = EDGE_CURVE('',#9150,#9182,#9190,.T.);
#9190 = LINE('',#9191,#9192);
#9191 = CARTESIAN_POINT('',(-0.80693086656,0.55497317828,1.1625));
#9192 = VECTOR('',#9193,1.);
#9193 = DIRECTION('',(-3.48994967025E-02,-0.999390827019,0.));
#9194 = ORIENTED_EDGE('',*,*,#9149,.T.);
#9195 = PLANE('',#9196);
#9196 = AXIS2_PLACEMENT_3D('',#9197,#9198,#9199);
#9197 = CARTESIAN_POINT('',(-0.80693086656,0.55497317828,1.1625));
#9198 = DIRECTION('',(0.999390827019,-3.48994967025E-02,0.));
#9199 = DIRECTION('',(3.48994967025E-02,0.999390827019,0.));
#9200 = ADVANCED_FACE('',(#9201),#9228,.F.);
#9201 = FACE_BOUND('',#9202,.F.);
#9202 = EDGE_LOOP('',(#9203,#9204,#9213,#9221));
#9203 = ORIENTED_EDGE('',*,*,#9181,.F.);
#9204 = ORIENTED_EDGE('',*,*,#9205,.T.);
#9205 = EDGE_CURVE('',#9182,#9206,#9208,.T.);
#9206 = VERTEX_POINT('',#9207);
#9207 = CARTESIAN_POINT('',(-0.907764140194,0.158584773351,1.1625));
#9208 = CIRCLE('',#9209,9.998931781443E-02);
#9209 = AXIS2_PLACEMENT_3D('',#9210,#9211,#9212);
#9210 = CARTESIAN_POINT('',(-0.917347691604,0.25811376018,1.1625));
#9211 = DIRECTION('',(-0.,0.,-1.));
#9212 = DIRECTION('',(-1.,0.,0.));
#9213 = ORIENTED_EDGE('',*,*,#9214,.T.);
#9214 = EDGE_CURVE('',#9206,#9215,#9217,.T.);
#9215 = VERTEX_POINT('',#9216);
#9216 = CARTESIAN_POINT('',(-0.907764140194,0.158584773351,0.7375));
#9217 = LINE('',#9218,#9219);
#9218 = CARTESIAN_POINT('',(-0.907764140194,0.158584773351,1.1625));
#9219 = VECTOR('',#9220,1.);
#9220 = DIRECTION('',(-0.,-0.,-1.));
#9221 = ORIENTED_EDGE('',*,*,#9222,.F.);
#9222 = EDGE_CURVE('',#9174,#9215,#9223,.T.);
#9223 = CIRCLE('',#9224,9.998931781443E-02);
#9224 = AXIS2_PLACEMENT_3D('',#9225,#9226,#9227);
#9225 = CARTESIAN_POINT('',(-0.917347691604,0.25811376018,0.7375));
#9226 = DIRECTION('',(-0.,0.,-1.));
#9227 = DIRECTION('',(-1.,0.,0.));
#9228 = CYLINDRICAL_SURFACE('',#9229,9.998931781443E-02);
#9229 = AXIS2_PLACEMENT_3D('',#9230,#9231,#9232);
#9230 = CARTESIAN_POINT('',(-0.917347691604,0.25811376018,1.1625));
#9231 = DIRECTION('',(-0.,-0.,-1.));
#9232 = DIRECTION('',(-1.,0.,0.));
#9233 = ADVANCED_FACE('',(#9234),#9259,.F.);
#9234 = FACE_BOUND('',#9235,.T.);
#9235 = EDGE_LOOP('',(#9236,#9244,#9252,#9258));
#9236 = ORIENTED_EDGE('',*,*,#9237,.T.);
#9237 = EDGE_CURVE('',#9215,#9238,#9240,.T.);
#9238 = VERTEX_POINT('',#9239);
#9239 = CARTESIAN_POINT('',(-1.185,0.131889996284,0.7375));
#9240 = LINE('',#9241,#9242);
#9241 = CARTESIAN_POINT('',(-0.907764140194,0.158584773351,0.7375));
#9242 = VECTOR('',#9243,1.);
#9243 = DIRECTION('',(-0.995396198367,-9.584575252022E-02,0.));
#9244 = ORIENTED_EDGE('',*,*,#9245,.F.);
#9245 = EDGE_CURVE('',#9246,#9238,#9248,.T.);
#9246 = VERTEX_POINT('',#9247);
#9247 = CARTESIAN_POINT('',(-1.185,0.131889996284,1.1625));
#9248 = LINE('',#9249,#9250);
#9249 = CARTESIAN_POINT('',(-1.185,0.131889996284,1.1625));
#9250 = VECTOR('',#9251,1.);
#9251 = DIRECTION('',(-0.,-0.,-1.));
#9252 = ORIENTED_EDGE('',*,*,#9253,.F.);
#9253 = EDGE_CURVE('',#9206,#9246,#9254,.T.);
#9254 = LINE('',#9255,#9256);
#9255 = CARTESIAN_POINT('',(-0.907764140194,0.158584773351,1.1625));
#9256 = VECTOR('',#9257,1.);
#9257 = DIRECTION('',(-0.995396198367,-9.584575252022E-02,0.));
#9258 = ORIENTED_EDGE('',*,*,#9214,.T.);
#9259 = PLANE('',#9260);
#9260 = AXIS2_PLACEMENT_3D('',#9261,#9262,#9263);
#9261 = CARTESIAN_POINT('',(-0.907764140194,0.158584773351,1.1625));
#9262 = DIRECTION('',(9.584575252022E-02,-0.995396198367,0.));
#9263 = DIRECTION('',(0.995396198367,9.584575252022E-02,0.));
#9264 = ADVANCED_FACE('',(#9265),#9290,.F.);
#9265 = FACE_BOUND('',#9266,.T.);
#9266 = EDGE_LOOP('',(#9267,#9275,#9283,#9289));
#9267 = ORIENTED_EDGE('',*,*,#9268,.T.);
#9268 = EDGE_CURVE('',#9238,#9269,#9271,.T.);
#9269 = VERTEX_POINT('',#9270);
#9270 = CARTESIAN_POINT('',(-1.172300437791,0.,0.7375));
#9271 = LINE('',#9272,#9273);
#9272 = CARTESIAN_POINT('',(-1.185,0.131889996284,0.7375));
#9273 = VECTOR('',#9274,1.);
#9274 = DIRECTION('',(9.584575252022E-02,-0.995396198367,0.));
#9275 = ORIENTED_EDGE('',*,*,#9276,.F.);
#9276 = EDGE_CURVE('',#9277,#9269,#9279,.T.);
#9277 = VERTEX_POINT('',#9278);
#9278 = CARTESIAN_POINT('',(-1.172300437791,0.,1.1625));
#9279 = LINE('',#9280,#9281);
#9280 = CARTESIAN_POINT('',(-1.172300437791,0.,1.1625));
#9281 = VECTOR('',#9282,1.);
#9282 = DIRECTION('',(-0.,-0.,-1.));
#9283 = ORIENTED_EDGE('',*,*,#9284,.F.);
#9284 = EDGE_CURVE('',#9246,#9277,#9285,.T.);
#9285 = LINE('',#9286,#9287);
#9286 = CARTESIAN_POINT('',(-1.185,0.131889996284,1.1625));
#9287 = VECTOR('',#9288,1.);
#9288 = DIRECTION('',(9.584575252022E-02,-0.995396198367,0.));
#9289 = ORIENTED_EDGE('',*,*,#9245,.T.);
#9290 = PLANE('',#9291);
#9291 = AXIS2_PLACEMENT_3D('',#9292,#9293,#9294);
#9292 = CARTESIAN_POINT('',(-1.185,0.131889996284,1.1625));
#9293 = DIRECTION('',(0.995396198367,9.584575252022E-02,-0.));
#9294 = DIRECTION('',(-9.584575252022E-02,0.995396198367,0.));
#9295 = ADVANCED_FACE('',(#9296),#9321,.F.);
#9296 = FACE_BOUND('',#9297,.T.);
#9297 = EDGE_LOOP('',(#9298,#9306,#9314,#9320));
#9298 = ORIENTED_EDGE('',*,*,#9299,.T.);
#9299 = EDGE_CURVE('',#9269,#9300,#9302,.T.);
#9300 = VERTEX_POINT('',#9301);
#9301 = CARTESIAN_POINT('',(-0.895064577985,2.669477706697E-02,0.7375));
#9302 = LINE('',#9303,#9304);
#9303 = CARTESIAN_POINT('',(-0.895064577985,2.669477706697E-02,0.7375));
#9304 = VECTOR('',#9305,1.);
#9305 = DIRECTION('',(0.995396198367,9.584575252022E-02,-0.));
#9306 = ORIENTED_EDGE('',*,*,#9307,.F.);
#9307 = EDGE_CURVE('',#9308,#9300,#9310,.T.);
#9308 = VERTEX_POINT('',#9309);
#9309 = CARTESIAN_POINT('',(-0.895064577985,2.669477706697E-02,1.1625));
#9310 = LINE('',#9311,#9312);
#9311 = CARTESIAN_POINT('',(-0.895064577985,2.669477706697E-02,1.1625));
#9312 = VECTOR('',#9313,1.);
#9313 = DIRECTION('',(-0.,-0.,-1.));
#9314 = ORIENTED_EDGE('',*,*,#9315,.F.);
#9315 = EDGE_CURVE('',#9277,#9308,#9316,.T.);
#9316 = LINE('',#9317,#9318);
#9317 = CARTESIAN_POINT('',(-0.895064577985,2.669477706697E-02,1.1625));
#9318 = VECTOR('',#9319,1.);
#9319 = DIRECTION('',(0.995396198367,9.584575252022E-02,-0.));
#9320 = ORIENTED_EDGE('',*,*,#9276,.T.);
#9321 = PLANE('',#9322);
#9322 = AXIS2_PLACEMENT_3D('',#9323,#9324,#9325);
#9323 = CARTESIAN_POINT('',(-0.895064577985,2.669477706697E-02,1.1625));
#9324 = DIRECTION('',(-9.584575252022E-02,0.995396198367,0.));
#9325 = DIRECTION('',(-0.995396198367,-9.584575252022E-02,0.));
#9326 = ADVANCED_FACE('',(#9327),#9354,.T.);
#9327 = FACE_BOUND('',#9328,.T.);
#9328 = EDGE_LOOP('',(#9329,#9338,#9346,#9353));
#9329 = ORIENTED_EDGE('',*,*,#9330,.T.);
#9330 = EDGE_CURVE('',#9300,#9331,#9333,.T.);
#9331 = VERTEX_POINT('',#9332);
#9332 = CARTESIAN_POINT('',(-0.685,0.25,0.7375));
#9333 = CIRCLE('',#9334,0.232489317814);
#9334 = AXIS2_PLACEMENT_3D('',#9335,#9336,#9337);
#9335 = CARTESIAN_POINT('',(-0.917347691604,0.25811376018,0.7375));
#9336 = DIRECTION('',(0.,0.,1.));
#9337 = DIRECTION('',(-1.,0.,0.));
#9338 = ORIENTED_EDGE('',*,*,#9339,.F.);
#9339 = EDGE_CURVE('',#9340,#9331,#9342,.T.);
#9340 = VERTEX_POINT('',#9341);
#9341 = CARTESIAN_POINT('',(-0.685,0.25,1.1625));
#9342 = LINE('',#9343,#9344);
#9343 = CARTESIAN_POINT('',(-0.685,0.25,1.1625));
#9344 = VECTOR('',#9345,1.);
#9345 = DIRECTION('',(-0.,-0.,-1.));
#9346 = ORIENTED_EDGE('',*,*,#9347,.F.);
#9347 = EDGE_CURVE('',#9308,#9340,#9348,.T.);
#9348 = CIRCLE('',#9349,0.232489317814);
#9349 = AXIS2_PLACEMENT_3D('',#9350,#9351,#9352);
#9350 = CARTESIAN_POINT('',(-0.917347691604,0.25811376018,1.1625));
#9351 = DIRECTION('',(0.,0.,1.));
#9352 = DIRECTION('',(-1.,0.,0.));
#9353 = ORIENTED_EDGE('',*,*,#9307,.T.);
#9354 = CYLINDRICAL_SURFACE('',#9355,0.232489317814);
#9355 = AXIS2_PLACEMENT_3D('',#9356,#9357,#9358);
#9356 = CARTESIAN_POINT('',(-0.917347691604,0.25811376018,1.1625));
#9357 = DIRECTION('',(-0.,-0.,-1.));
#9358 = DIRECTION('',(-1.,0.,0.));
#9359 = ADVANCED_FACE('',(#9360),#9385,.F.);
#9360 = FACE_BOUND('',#9361,.T.);
#9361 = EDGE_LOOP('',(#9362,#9370,#9378,#9384));
#9362 = ORIENTED_EDGE('',*,*,#9363,.T.);
#9363 = EDGE_CURVE('',#9331,#9364,#9366,.T.);
#9364 = VERTEX_POINT('',#9365);
#9365 = CARTESIAN_POINT('',(-0.67451158198,0.550348994967,0.7375));
#9366 = LINE('',#9367,#9368);
#9367 = CARTESIAN_POINT('',(-0.67451158198,0.550348994967,0.7375));
#9368 = VECTOR('',#9369,1.);
#9369 = DIRECTION('',(3.48994967025E-02,0.999390827019,-0.));
#9370 = ORIENTED_EDGE('',*,*,#9371,.F.);
#9371 = EDGE_CURVE('',#9372,#9364,#9374,.T.);
#9372 = VERTEX_POINT('',#9373);
#9373 = CARTESIAN_POINT('',(-0.67451158198,0.550348994967,1.1625));
#9374 = LINE('',#9375,#9376);
#9375 = CARTESIAN_POINT('',(-0.67451158198,0.550348994967,1.1625));
#9376 = VECTOR('',#9377,1.);
#9377 = DIRECTION('',(-0.,-0.,-1.));
#9378 = ORIENTED_EDGE('',*,*,#9379,.F.);
#9379 = EDGE_CURVE('',#9340,#9372,#9380,.T.);
#9380 = LINE('',#9381,#9382);
#9381 = CARTESIAN_POINT('',(-0.67451158198,0.550348994967,1.1625));
#9382 = VECTOR('',#9383,1.);
#9383 = DIRECTION('',(3.48994967025E-02,0.999390827019,-0.));
#9384 = ORIENTED_EDGE('',*,*,#9339,.T.);
#9385 = PLANE('',#9386);
#9386 = AXIS2_PLACEMENT_3D('',#9387,#9388,#9389);
#9387 = CARTESIAN_POINT('',(-0.67451158198,0.550348994967,1.1625));
#9388 = DIRECTION('',(-0.999390827019,3.48994967025E-02,0.));
#9389 = DIRECTION('',(-3.48994967025E-02,-0.999390827019,0.));
#9390 = ADVANCED_FACE('',(#9391),#9418,.F.);
#9391 = FACE_BOUND('',#9392,.F.);
#9392 = EDGE_LOOP('',(#9393,#9394,#9403,#9411));
#9393 = ORIENTED_EDGE('',*,*,#9371,.F.);
#9394 = ORIENTED_EDGE('',*,*,#9395,.T.);
#9395 = EDGE_CURVE('',#9372,#9396,#9398,.T.);
#9396 = VERTEX_POINT('',#9397);
#9397 = CARTESIAN_POINT('',(-0.664517673709,0.56,1.1625));
#9398 = CIRCLE('',#9399,1.E-02);
#9399 = AXIS2_PLACEMENT_3D('',#9400,#9401,#9402);
#9400 = CARTESIAN_POINT('',(-0.664517673709,0.55,1.1625));
#9401 = DIRECTION('',(0.,0.,-1.));
#9402 = DIRECTION('',(1.,0.,0.));
#9403 = ORIENTED_EDGE('',*,*,#9404,.T.);
#9404 = EDGE_CURVE('',#9396,#9405,#9407,.T.);
#9405 = VERTEX_POINT('',#9406);
#9406 = CARTESIAN_POINT('',(-0.664517673709,0.56,0.7375));
#9407 = LINE('',#9408,#9409);
#9408 = CARTESIAN_POINT('',(-0.664517673709,0.56,1.1625));
#9409 = VECTOR('',#9410,1.);
#9410 = DIRECTION('',(-0.,-0.,-1.));
#9411 = ORIENTED_EDGE('',*,*,#9412,.F.);
#9412 = EDGE_CURVE('',#9364,#9405,#9413,.T.);
#9413 = CIRCLE('',#9414,1.E-02);
#9414 = AXIS2_PLACEMENT_3D('',#9415,#9416,#9417);
#9415 = CARTESIAN_POINT('',(-0.664517673709,0.55,0.7375));
#9416 = DIRECTION('',(0.,0.,-1.));
#9417 = DIRECTION('',(1.,0.,0.));
#9418 = CYLINDRICAL_SURFACE('',#9419,1.E-02);
#9419 = AXIS2_PLACEMENT_3D('',#9420,#9421,#9422);
#9420 = CARTESIAN_POINT('',(-0.664517673709,0.55,1.1625));
#9421 = DIRECTION('',(-0.,-0.,-1.));
#9422 = DIRECTION('',(-1.,0.,0.));
#9423 = ADVANCED_FACE('',(#9424),#9440,.F.);
#9424 = FACE_BOUND('',#9425,.T.);
#9425 = EDGE_LOOP('',(#9426,#9432,#9433,#9439));
#9426 = ORIENTED_EDGE('',*,*,#9427,.T.);
#9427 = EDGE_CURVE('',#9405,#9070,#9428,.T.);
#9428 = LINE('',#9429,#9430);
#9429 = CARTESIAN_POINT('',(-0.65,0.56,0.7375));
#9430 = VECTOR('',#9431,1.);
#9431 = DIRECTION('',(1.,7.468153604919E-15,-0.));
#9432 = ORIENTED_EDGE('',*,*,#9095,.F.);
#9433 = ORIENTED_EDGE('',*,*,#9434,.F.);
#9434 = EDGE_CURVE('',#9396,#9088,#9435,.T.);
#9435 = LINE('',#9436,#9437);
#9436 = CARTESIAN_POINT('',(-0.65,0.56,1.1625));
#9437 = VECTOR('',#9438,1.);
#9438 = DIRECTION('',(1.,7.468153604919E-15,-0.));
#9439 = ORIENTED_EDGE('',*,*,#9404,.T.);
#9440 = PLANE('',#9441);
#9441 = AXIS2_PLACEMENT_3D('',#9442,#9443,#9444);
#9442 = CARTESIAN_POINT('',(-0.65,0.56,1.1625));
#9443 = DIRECTION('',(-7.468153604919E-15,1.,0.));
#9444 = DIRECTION('',(-1.,-7.468153604919E-15,0.));
#9445 = ADVANCED_FACE('',(#9446),#9460,.T.);
#9446 = FACE_BOUND('',#9447,.T.);
#9447 = EDGE_LOOP('',(#9448,#9449,#9450,#9451,#9452,#9453,#9454,#9455,
    #9456,#9457,#9458,#9459));
#9448 = ORIENTED_EDGE('',*,*,#9087,.T.);
#9449 = ORIENTED_EDGE('',*,*,#9125,.T.);
#9450 = ORIENTED_EDGE('',*,*,#9157,.T.);
#9451 = ORIENTED_EDGE('',*,*,#9189,.T.);
#9452 = ORIENTED_EDGE('',*,*,#9205,.T.);
#9453 = ORIENTED_EDGE('',*,*,#9253,.T.);
#9454 = ORIENTED_EDGE('',*,*,#9284,.T.);
#9455 = ORIENTED_EDGE('',*,*,#9315,.T.);
#9456 = ORIENTED_EDGE('',*,*,#9347,.T.);
#9457 = ORIENTED_EDGE('',*,*,#9379,.T.);
#9458 = ORIENTED_EDGE('',*,*,#9395,.T.);
#9459 = ORIENTED_EDGE('',*,*,#9434,.T.);
#9460 = PLANE('',#9461);
#9461 = AXIS2_PLACEMENT_3D('',#9462,#9463,#9464);
#9462 = CARTESIAN_POINT('',(-0.664517673709,0.55,1.1625));
#9463 = DIRECTION('',(0.,0.,1.));
#9464 = DIRECTION('',(1.,0.,-0.));
#9465 = ADVANCED_FACE('',(#9466),#9480,.F.);
#9466 = FACE_BOUND('',#9467,.T.);
#9467 = EDGE_LOOP('',(#9468,#9469,#9470,#9471,#9472,#9473,#9474,#9475,
    #9476,#9477,#9478,#9479));
#9468 = ORIENTED_EDGE('',*,*,#9069,.F.);
#9469 = ORIENTED_EDGE('',*,*,#9427,.F.);
#9470 = ORIENTED_EDGE('',*,*,#9412,.F.);
#9471 = ORIENTED_EDGE('',*,*,#9363,.F.);
#9472 = ORIENTED_EDGE('',*,*,#9330,.F.);
#9473 = ORIENTED_EDGE('',*,*,#9299,.F.);
#9474 = ORIENTED_EDGE('',*,*,#9268,.F.);
#9475 = ORIENTED_EDGE('',*,*,#9237,.F.);
#9476 = ORIENTED_EDGE('',*,*,#9222,.F.);
#9477 = ORIENTED_EDGE('',*,*,#9173,.F.);
#9478 = ORIENTED_EDGE('',*,*,#9140,.F.);
#9479 = ORIENTED_EDGE('',*,*,#9109,.F.);
#9480 = PLANE('',#9481);
#9481 = AXIS2_PLACEMENT_3D('',#9482,#9483,#9484);
#9482 = CARTESIAN_POINT('',(-0.664517673709,0.55,0.7375));
#9483 = DIRECTION('',(0.,0.,1.));
#9484 = DIRECTION('',(1.,0.,-0.));
#9485 = MANIFOLD_SOLID_BREP('',#9486);
#9486 = CLOSED_SHELL('',(#9487,#9527,#9558,#9591,#9622,#9655,#9686,#9717
    ,#9748,#9781,#9812,#9845,#9867,#9887));
#9487 = ADVANCED_FACE('',(#9488),#9522,.F.);
#9488 = FACE_BOUND('',#9489,.T.);
#9489 = EDGE_LOOP('',(#9490,#9500,#9508,#9516));
#9490 = ORIENTED_EDGE('',*,*,#9491,.F.);
#9491 = EDGE_CURVE('',#9492,#9494,#9496,.T.);
#9492 = VERTEX_POINT('',#9493);
#9493 = CARTESIAN_POINT('',(0.65,0.56,-0.2125));
#9494 = VERTEX_POINT('',#9495);
#9495 = CARTESIAN_POINT('',(0.631378339402,0.6925,-0.2125));
#9496 = LINE('',#9497,#9498);
#9497 = CARTESIAN_POINT('',(0.631378339402,0.6925,-0.2125));
#9498 = VECTOR('',#9499,1.);
#9499 = DIRECTION('',(-0.13917310096,0.990268068742,0.));
#9500 = ORIENTED_EDGE('',*,*,#9501,.F.);
#9501 = EDGE_CURVE('',#9502,#9492,#9504,.T.);
#9502 = VERTEX_POINT('',#9503);
#9503 = CARTESIAN_POINT('',(0.65,0.56,0.2125));
#9504 = LINE('',#9505,#9506);
#9505 = CARTESIAN_POINT('',(0.65,0.56,0.2125));
#9506 = VECTOR('',#9507,1.);
#9507 = DIRECTION('',(0.,-0.,-1.));
#9508 = ORIENTED_EDGE('',*,*,#9509,.T.);
#9509 = EDGE_CURVE('',#9502,#9510,#9512,.T.);
#9510 = VERTEX_POINT('',#9511);
#9511 = CARTESIAN_POINT('',(0.631378339402,0.6925,0.2125));
#9512 = LINE('',#9513,#9514);
#9513 = CARTESIAN_POINT('',(0.631378339402,0.6925,0.2125));
#9514 = VECTOR('',#9515,1.);
#9515 = DIRECTION('',(-0.13917310096,0.990268068742,0.));
#9516 = ORIENTED_EDGE('',*,*,#9517,.T.);
#9517 = EDGE_CURVE('',#9510,#9494,#9518,.T.);
#9518 = LINE('',#9519,#9520);
#9519 = CARTESIAN_POINT('',(0.631378339402,0.6925,0.2125));
#9520 = VECTOR('',#9521,1.);
#9521 = DIRECTION('',(0.,-0.,-1.));
#9522 = PLANE('',#9523);
#9523 = AXIS2_PLACEMENT_3D('',#9524,#9525,#9526);
#9524 = CARTESIAN_POINT('',(0.631378339402,0.6925,0.2125));
#9525 = DIRECTION('',(0.990268068742,0.13917310096,0.));
#9526 = DIRECTION('',(0.13917310096,-0.990268068742,0.));
#9527 = ADVANCED_FACE('',(#9528),#9553,.F.);
#9528 = FACE_BOUND('',#9529,.T.);
#9529 = EDGE_LOOP('',(#9530,#9538,#9539,#9547));
#9530 = ORIENTED_EDGE('',*,*,#9531,.F.);
#9531 = EDGE_CURVE('',#9494,#9532,#9534,.T.);
#9532 = VERTEX_POINT('',#9533);
#9533 = CARTESIAN_POINT('',(0.664517673709,0.6925,-0.2125));
#9534 = LINE('',#9535,#9536);
#9535 = CARTESIAN_POINT('',(0.631378339402,0.6925,-0.2125));
#9536 = VECTOR('',#9537,1.);
#9537 = DIRECTION('',(1.,0.,0.));
#9538 = ORIENTED_EDGE('',*,*,#9517,.F.);
#9539 = ORIENTED_EDGE('',*,*,#9540,.T.);
#9540 = EDGE_CURVE('',#9510,#9541,#9543,.T.);
#9541 = VERTEX_POINT('',#9542);
#9542 = CARTESIAN_POINT('',(0.664517673709,0.6925,0.2125));
#9543 = LINE('',#9544,#9545);
#9544 = CARTESIAN_POINT('',(0.631378339402,0.6925,0.2125));
#9545 = VECTOR('',#9546,1.);
#9546 = DIRECTION('',(1.,0.,0.));
#9547 = ORIENTED_EDGE('',*,*,#9548,.T.);
#9548 = EDGE_CURVE('',#9541,#9532,#9549,.T.);
#9549 = LINE('',#9550,#9551);
#9550 = CARTESIAN_POINT('',(0.664517673709,0.6925,0.2125));
#9551 = VECTOR('',#9552,1.);
#9552 = DIRECTION('',(0.,-0.,-1.));
#9553 = PLANE('',#9554);
#9554 = AXIS2_PLACEMENT_3D('',#9555,#9556,#9557);
#9555 = CARTESIAN_POINT('',(0.631378339402,0.6925,0.2125));
#9556 = DIRECTION('',(0.,-1.,-0.));
#9557 = DIRECTION('',(-0.,0.,-1.));
#9558 = ADVANCED_FACE('',(#9559),#9586,.T.);
#9559 = FACE_BOUND('',#9560,.T.);
#9560 = EDGE_LOOP('',(#9561,#9570,#9571,#9580));
#9561 = ORIENTED_EDGE('',*,*,#9562,.F.);
#9562 = EDGE_CURVE('',#9532,#9563,#9565,.T.);
#9563 = VERTEX_POINT('',#9564);
#9564 = CARTESIAN_POINT('',(0.80693086656,0.55497317828,-0.2125));
#9565 = CIRCLE('',#9566,0.1425);
#9566 = AXIS2_PLACEMENT_3D('',#9567,#9568,#9569);
#9567 = CARTESIAN_POINT('',(0.664517673709,0.55,-0.2125));
#9568 = DIRECTION('',(-0.,0.,-1.));
#9569 = DIRECTION('',(-1.,0.,0.));
#9570 = ORIENTED_EDGE('',*,*,#9548,.F.);
#9571 = ORIENTED_EDGE('',*,*,#9572,.T.);
#9572 = EDGE_CURVE('',#9541,#9573,#9575,.T.);
#9573 = VERTEX_POINT('',#9574);
#9574 = CARTESIAN_POINT('',(0.80693086656,0.55497317828,0.2125));
#9575 = CIRCLE('',#9576,0.1425);
#9576 = AXIS2_PLACEMENT_3D('',#9577,#9578,#9579);
#9577 = CARTESIAN_POINT('',(0.664517673709,0.55,0.2125));
#9578 = DIRECTION('',(-0.,0.,-1.));
#9579 = DIRECTION('',(-1.,0.,0.));
#9580 = ORIENTED_EDGE('',*,*,#9581,.T.);
#9581 = EDGE_CURVE('',#9573,#9563,#9582,.T.);
#9582 = LINE('',#9583,#9584);
#9583 = CARTESIAN_POINT('',(0.80693086656,0.55497317828,0.2125));
#9584 = VECTOR('',#9585,1.);
#9585 = DIRECTION('',(0.,-0.,-1.));
#9586 = CYLINDRICAL_SURFACE('',#9587,0.1425);
#9587 = AXIS2_PLACEMENT_3D('',#9588,#9589,#9590);
#9588 = CARTESIAN_POINT('',(0.664517673709,0.55,0.2125));
#9589 = DIRECTION('',(0.,-0.,-1.));
#9590 = DIRECTION('',(1.,0.,0.));
#9591 = ADVANCED_FACE('',(#9592),#9617,.F.);
#9592 = FACE_BOUND('',#9593,.T.);
#9593 = EDGE_LOOP('',(#9594,#9602,#9603,#9611));
#9594 = ORIENTED_EDGE('',*,*,#9595,.F.);
#9595 = EDGE_CURVE('',#9563,#9596,#9598,.T.);
#9596 = VERTEX_POINT('',#9597);
#9597 = CARTESIAN_POINT('',(0.81741928458,0.254624183313,-0.2125));
#9598 = LINE('',#9599,#9600);
#9599 = CARTESIAN_POINT('',(0.80693086656,0.55497317828,-0.2125));
#9600 = VECTOR('',#9601,1.);
#9601 = DIRECTION('',(3.48994967025E-02,-0.999390827019,0.));
#9602 = ORIENTED_EDGE('',*,*,#9581,.F.);
#9603 = ORIENTED_EDGE('',*,*,#9604,.T.);
#9604 = EDGE_CURVE('',#9573,#9605,#9607,.T.);
#9605 = VERTEX_POINT('',#9606);
#9606 = CARTESIAN_POINT('',(0.81741928458,0.254624183313,0.2125));
#9607 = LINE('',#9608,#9609);
#9608 = CARTESIAN_POINT('',(0.80693086656,0.55497317828,0.2125));
#9609 = VECTOR('',#9610,1.);
#9610 = DIRECTION('',(3.48994967025E-02,-0.999390827019,0.));
#9611 = ORIENTED_EDGE('',*,*,#9612,.T.);
#9612 = EDGE_CURVE('',#9605,#9596,#9613,.T.);
#9613 = LINE('',#9614,#9615);
#9614 = CARTESIAN_POINT('',(0.81741928458,0.254624183313,0.2125));
#9615 = VECTOR('',#9616,1.);
#9616 = DIRECTION('',(0.,-0.,-1.));
#9617 = PLANE('',#9618);
#9618 = AXIS2_PLACEMENT_3D('',#9619,#9620,#9621);
#9619 = CARTESIAN_POINT('',(0.80693086656,0.55497317828,0.2125));
#9620 = DIRECTION('',(-0.999390827019,-3.48994967025E-02,0.));
#9621 = DIRECTION('',(-3.48994967025E-02,0.999390827019,0.));
#9622 = ADVANCED_FACE('',(#9623),#9650,.F.);
#9623 = FACE_BOUND('',#9624,.F.);
#9624 = EDGE_LOOP('',(#9625,#9635,#9642,#9643));
#9625 = ORIENTED_EDGE('',*,*,#9626,.F.);
#9626 = EDGE_CURVE('',#9627,#9629,#9631,.T.);
#9627 = VERTEX_POINT('',#9628);
#9628 = CARTESIAN_POINT('',(0.907764140194,0.158584773351,0.2125));
#9629 = VERTEX_POINT('',#9630);
#9630 = CARTESIAN_POINT('',(0.907764140194,0.158584773351,-0.2125));
#9631 = LINE('',#9632,#9633);
#9632 = CARTESIAN_POINT('',(0.907764140194,0.158584773351,0.2125));
#9633 = VECTOR('',#9634,1.);
#9634 = DIRECTION('',(0.,-0.,-1.));
#9635 = ORIENTED_EDGE('',*,*,#9636,.F.);
#9636 = EDGE_CURVE('',#9605,#9627,#9637,.T.);
#9637 = CIRCLE('',#9638,9.998931781443E-02);
#9638 = AXIS2_PLACEMENT_3D('',#9639,#9640,#9641);
#9639 = CARTESIAN_POINT('',(0.917347691604,0.25811376018,0.2125));
#9640 = DIRECTION('',(-0.,0.,1.));
#9641 = DIRECTION('',(1.,0.,0.));
#9642 = ORIENTED_EDGE('',*,*,#9612,.T.);
#9643 = ORIENTED_EDGE('',*,*,#9644,.T.);
#9644 = EDGE_CURVE('',#9596,#9629,#9645,.T.);
#9645 = CIRCLE('',#9646,9.998931781443E-02);
#9646 = AXIS2_PLACEMENT_3D('',#9647,#9648,#9649);
#9647 = CARTESIAN_POINT('',(0.917347691604,0.25811376018,-0.2125));
#9648 = DIRECTION('',(-0.,0.,1.));
#9649 = DIRECTION('',(1.,0.,0.));
#9650 = CYLINDRICAL_SURFACE('',#9651,9.998931781443E-02);
#9651 = AXIS2_PLACEMENT_3D('',#9652,#9653,#9654);
#9652 = CARTESIAN_POINT('',(0.917347691604,0.25811376018,0.2125));
#9653 = DIRECTION('',(0.,-0.,-1.));
#9654 = DIRECTION('',(1.,0.,0.));
#9655 = ADVANCED_FACE('',(#9656),#9681,.F.);
#9656 = FACE_BOUND('',#9657,.T.);
#9657 = EDGE_LOOP('',(#9658,#9666,#9667,#9675));
#9658 = ORIENTED_EDGE('',*,*,#9659,.F.);
#9659 = EDGE_CURVE('',#9629,#9660,#9662,.T.);
#9660 = VERTEX_POINT('',#9661);
#9661 = CARTESIAN_POINT('',(1.185,0.131889996284,-0.2125));
#9662 = LINE('',#9663,#9664);
#9663 = CARTESIAN_POINT('',(0.907764140194,0.158584773351,-0.2125));
#9664 = VECTOR('',#9665,1.);
#9665 = DIRECTION('',(0.995396198367,-9.584575252022E-02,0.));
#9666 = ORIENTED_EDGE('',*,*,#9626,.F.);
#9667 = ORIENTED_EDGE('',*,*,#9668,.T.);
#9668 = EDGE_CURVE('',#9627,#9669,#9671,.T.);
#9669 = VERTEX_POINT('',#9670);
#9670 = CARTESIAN_POINT('',(1.185,0.131889996284,0.2125));
#9671 = LINE('',#9672,#9673);
#9672 = CARTESIAN_POINT('',(0.907764140194,0.158584773351,0.2125));
#9673 = VECTOR('',#9674,1.);
#9674 = DIRECTION('',(0.995396198367,-9.584575252022E-02,0.));
#9675 = ORIENTED_EDGE('',*,*,#9676,.T.);
#9676 = EDGE_CURVE('',#9669,#9660,#9677,.T.);
#9677 = LINE('',#9678,#9679);
#9678 = CARTESIAN_POINT('',(1.185,0.131889996284,0.2125));
#9679 = VECTOR('',#9680,1.);
#9680 = DIRECTION('',(0.,-0.,-1.));
#9681 = PLANE('',#9682);
#9682 = AXIS2_PLACEMENT_3D('',#9683,#9684,#9685);
#9683 = CARTESIAN_POINT('',(0.907764140194,0.158584773351,0.2125));
#9684 = DIRECTION('',(-9.584575252022E-02,-0.995396198367,0.));
#9685 = DIRECTION('',(-0.995396198367,9.584575252022E-02,0.));
#9686 = ADVANCED_FACE('',(#9687),#9712,.F.);
#9687 = FACE_BOUND('',#9688,.T.);
#9688 = EDGE_LOOP('',(#9689,#9697,#9698,#9706));
#9689 = ORIENTED_EDGE('',*,*,#9690,.F.);
#9690 = EDGE_CURVE('',#9660,#9691,#9693,.T.);
#9691 = VERTEX_POINT('',#9692);
#9692 = CARTESIAN_POINT('',(1.172300437791,0.,-0.2125));
#9693 = LINE('',#9694,#9695);
#9694 = CARTESIAN_POINT('',(1.185,0.131889996284,-0.2125));
#9695 = VECTOR('',#9696,1.);
#9696 = DIRECTION('',(-9.584575252022E-02,-0.995396198367,0.));
#9697 = ORIENTED_EDGE('',*,*,#9676,.F.);
#9698 = ORIENTED_EDGE('',*,*,#9699,.T.);
#9699 = EDGE_CURVE('',#9669,#9700,#9702,.T.);
#9700 = VERTEX_POINT('',#9701);
#9701 = CARTESIAN_POINT('',(1.172300437791,0.,0.2125));
#9702 = LINE('',#9703,#9704);
#9703 = CARTESIAN_POINT('',(1.185,0.131889996284,0.2125));
#9704 = VECTOR('',#9705,1.);
#9705 = DIRECTION('',(-9.584575252022E-02,-0.995396198367,0.));
#9706 = ORIENTED_EDGE('',*,*,#9707,.T.);
#9707 = EDGE_CURVE('',#9700,#9691,#9708,.T.);
#9708 = LINE('',#9709,#9710);
#9709 = CARTESIAN_POINT('',(1.172300437791,0.,0.2125));
#9710 = VECTOR('',#9711,1.);
#9711 = DIRECTION('',(0.,-0.,-1.));
#9712 = PLANE('',#9713);
#9713 = AXIS2_PLACEMENT_3D('',#9714,#9715,#9716);
#9714 = CARTESIAN_POINT('',(1.185,0.131889996284,0.2125));
#9715 = DIRECTION('',(-0.995396198367,9.584575252022E-02,0.));
#9716 = DIRECTION('',(9.584575252022E-02,0.995396198367,0.));
#9717 = ADVANCED_FACE('',(#9718),#9743,.F.);
#9718 = FACE_BOUND('',#9719,.T.);
#9719 = EDGE_LOOP('',(#9720,#9728,#9729,#9737));
#9720 = ORIENTED_EDGE('',*,*,#9721,.F.);
#9721 = EDGE_CURVE('',#9691,#9722,#9724,.T.);
#9722 = VERTEX_POINT('',#9723);
#9723 = CARTESIAN_POINT('',(0.895064577985,2.669477706697E-02,-0.2125));
#9724 = LINE('',#9725,#9726);
#9725 = CARTESIAN_POINT('',(0.895064577985,2.669477706697E-02,-0.2125));
#9726 = VECTOR('',#9727,1.);
#9727 = DIRECTION('',(-0.995396198367,9.584575252022E-02,0.));
#9728 = ORIENTED_EDGE('',*,*,#9707,.F.);
#9729 = ORIENTED_EDGE('',*,*,#9730,.T.);
#9730 = EDGE_CURVE('',#9700,#9731,#9733,.T.);
#9731 = VERTEX_POINT('',#9732);
#9732 = CARTESIAN_POINT('',(0.895064577985,2.669477706697E-02,0.2125));
#9733 = LINE('',#9734,#9735);
#9734 = CARTESIAN_POINT('',(0.895064577985,2.669477706697E-02,0.2125));
#9735 = VECTOR('',#9736,1.);
#9736 = DIRECTION('',(-0.995396198367,9.584575252022E-02,0.));
#9737 = ORIENTED_EDGE('',*,*,#9738,.T.);
#9738 = EDGE_CURVE('',#9731,#9722,#9739,.T.);
#9739 = LINE('',#9740,#9741);
#9740 = CARTESIAN_POINT('',(0.895064577985,2.669477706697E-02,0.2125));
#9741 = VECTOR('',#9742,1.);
#9742 = DIRECTION('',(0.,-0.,-1.));
#9743 = PLANE('',#9744);
#9744 = AXIS2_PLACEMENT_3D('',#9745,#9746,#9747);
#9745 = CARTESIAN_POINT('',(0.895064577985,2.669477706697E-02,0.2125));
#9746 = DIRECTION('',(9.584575252022E-02,0.995396198367,0.));
#9747 = DIRECTION('',(0.995396198367,-9.584575252022E-02,0.));
#9748 = ADVANCED_FACE('',(#9749),#9776,.T.);
#9749 = FACE_BOUND('',#9750,.T.);
#9750 = EDGE_LOOP('',(#9751,#9760,#9761,#9770));
#9751 = ORIENTED_EDGE('',*,*,#9752,.F.);
#9752 = EDGE_CURVE('',#9722,#9753,#9755,.T.);
#9753 = VERTEX_POINT('',#9754);
#9754 = CARTESIAN_POINT('',(0.685,0.25,-0.2125));
#9755 = CIRCLE('',#9756,0.232489317814);
#9756 = AXIS2_PLACEMENT_3D('',#9757,#9758,#9759);
#9757 = CARTESIAN_POINT('',(0.917347691604,0.25811376018,-0.2125));
#9758 = DIRECTION('',(0.,0.,-1.));
#9759 = DIRECTION('',(1.,0.,0.));
#9760 = ORIENTED_EDGE('',*,*,#9738,.F.);
#9761 = ORIENTED_EDGE('',*,*,#9762,.T.);
#9762 = EDGE_CURVE('',#9731,#9763,#9765,.T.);
#9763 = VERTEX_POINT('',#9764);
#9764 = CARTESIAN_POINT('',(0.685,0.25,0.2125));
#9765 = CIRCLE('',#9766,0.232489317814);
#9766 = AXIS2_PLACEMENT_3D('',#9767,#9768,#9769);
#9767 = CARTESIAN_POINT('',(0.917347691604,0.25811376018,0.2125));
#9768 = DIRECTION('',(0.,0.,-1.));
#9769 = DIRECTION('',(1.,0.,0.));
#9770 = ORIENTED_EDGE('',*,*,#9771,.T.);
#9771 = EDGE_CURVE('',#9763,#9753,#9772,.T.);
#9772 = LINE('',#9773,#9774);
#9773 = CARTESIAN_POINT('',(0.685,0.25,0.2125));
#9774 = VECTOR('',#9775,1.);
#9775 = DIRECTION('',(0.,-0.,-1.));
#9776 = CYLINDRICAL_SURFACE('',#9777,0.232489317814);
#9777 = AXIS2_PLACEMENT_3D('',#9778,#9779,#9780);
#9778 = CARTESIAN_POINT('',(0.917347691604,0.25811376018,0.2125));
#9779 = DIRECTION('',(0.,-0.,-1.));
#9780 = DIRECTION('',(1.,0.,0.));
#9781 = ADVANCED_FACE('',(#9782),#9807,.F.);
#9782 = FACE_BOUND('',#9783,.T.);
#9783 = EDGE_LOOP('',(#9784,#9792,#9793,#9801));
#9784 = ORIENTED_EDGE('',*,*,#9785,.F.);
#9785 = EDGE_CURVE('',#9753,#9786,#9788,.T.);
#9786 = VERTEX_POINT('',#9787);
#9787 = CARTESIAN_POINT('',(0.67451158198,0.550348994967,-0.2125));
#9788 = LINE('',#9789,#9790);
#9789 = CARTESIAN_POINT('',(0.67451158198,0.550348994967,-0.2125));
#9790 = VECTOR('',#9791,1.);
#9791 = DIRECTION('',(-3.48994967025E-02,0.999390827019,0.));
#9792 = ORIENTED_EDGE('',*,*,#9771,.F.);
#9793 = ORIENTED_EDGE('',*,*,#9794,.T.);
#9794 = EDGE_CURVE('',#9763,#9795,#9797,.T.);
#9795 = VERTEX_POINT('',#9796);
#9796 = CARTESIAN_POINT('',(0.67451158198,0.550348994967,0.2125));
#9797 = LINE('',#9798,#9799);
#9798 = CARTESIAN_POINT('',(0.67451158198,0.550348994967,0.2125));
#9799 = VECTOR('',#9800,1.);
#9800 = DIRECTION('',(-3.48994967025E-02,0.999390827019,0.));
#9801 = ORIENTED_EDGE('',*,*,#9802,.T.);
#9802 = EDGE_CURVE('',#9795,#9786,#9803,.T.);
#9803 = LINE('',#9804,#9805);
#9804 = CARTESIAN_POINT('',(0.67451158198,0.550348994967,0.2125));
#9805 = VECTOR('',#9806,1.);
#9806 = DIRECTION('',(0.,-0.,-1.));
#9807 = PLANE('',#9808);
#9808 = AXIS2_PLACEMENT_3D('',#9809,#9810,#9811);
#9809 = CARTESIAN_POINT('',(0.67451158198,0.550348994967,0.2125));
#9810 = DIRECTION('',(0.999390827019,3.48994967025E-02,0.));
#9811 = DIRECTION('',(3.48994967025E-02,-0.999390827019,0.));
#9812 = ADVANCED_FACE('',(#9813),#9840,.F.);
#9813 = FACE_BOUND('',#9814,.F.);
#9814 = EDGE_LOOP('',(#9815,#9825,#9832,#9833));
#9815 = ORIENTED_EDGE('',*,*,#9816,.F.);
#9816 = EDGE_CURVE('',#9817,#9819,#9821,.T.);
#9817 = VERTEX_POINT('',#9818);
#9818 = CARTESIAN_POINT('',(0.664517673709,0.56,0.2125));
#9819 = VERTEX_POINT('',#9820);
#9820 = CARTESIAN_POINT('',(0.664517673709,0.56,-0.2125));
#9821 = LINE('',#9822,#9823);
#9822 = CARTESIAN_POINT('',(0.664517673709,0.56,0.2125));
#9823 = VECTOR('',#9824,1.);
#9824 = DIRECTION('',(0.,-0.,-1.));
#9825 = ORIENTED_EDGE('',*,*,#9826,.F.);
#9826 = EDGE_CURVE('',#9795,#9817,#9827,.T.);
#9827 = CIRCLE('',#9828,1.E-02);
#9828 = AXIS2_PLACEMENT_3D('',#9829,#9830,#9831);
#9829 = CARTESIAN_POINT('',(0.664517673709,0.55,0.2125));
#9830 = DIRECTION('',(0.,0.,1.));
#9831 = DIRECTION('',(-1.,0.,-0.));
#9832 = ORIENTED_EDGE('',*,*,#9802,.T.);
#9833 = ORIENTED_EDGE('',*,*,#9834,.T.);
#9834 = EDGE_CURVE('',#9786,#9819,#9835,.T.);
#9835 = CIRCLE('',#9836,1.E-02);
#9836 = AXIS2_PLACEMENT_3D('',#9837,#9838,#9839);
#9837 = CARTESIAN_POINT('',(0.664517673709,0.55,-0.2125));
#9838 = DIRECTION('',(0.,0.,1.));
#9839 = DIRECTION('',(-1.,0.,-0.));
#9840 = CYLINDRICAL_SURFACE('',#9841,1.E-02);
#9841 = AXIS2_PLACEMENT_3D('',#9842,#9843,#9844);
#9842 = CARTESIAN_POINT('',(0.664517673709,0.55,0.2125));
#9843 = DIRECTION('',(0.,-0.,-1.));
#9844 = DIRECTION('',(1.,0.,0.));
#9845 = ADVANCED_FACE('',(#9846),#9862,.F.);
#9846 = FACE_BOUND('',#9847,.T.);
#9847 = EDGE_LOOP('',(#9848,#9854,#9855,#9861));
#9848 = ORIENTED_EDGE('',*,*,#9849,.F.);
#9849 = EDGE_CURVE('',#9819,#9492,#9850,.T.);
#9850 = LINE('',#9851,#9852);
#9851 = CARTESIAN_POINT('',(0.65,0.56,-0.2125));
#9852 = VECTOR('',#9853,1.);
#9853 = DIRECTION('',(-1.,7.468153604919E-15,0.));
#9854 = ORIENTED_EDGE('',*,*,#9816,.F.);
#9855 = ORIENTED_EDGE('',*,*,#9856,.T.);
#9856 = EDGE_CURVE('',#9817,#9502,#9857,.T.);
#9857 = LINE('',#9858,#9859);
#9858 = CARTESIAN_POINT('',(0.65,0.56,0.2125));
#9859 = VECTOR('',#9860,1.);
#9860 = DIRECTION('',(-1.,7.468153604919E-15,0.));
#9861 = ORIENTED_EDGE('',*,*,#9501,.T.);
#9862 = PLANE('',#9863);
#9863 = AXIS2_PLACEMENT_3D('',#9864,#9865,#9866);
#9864 = CARTESIAN_POINT('',(0.65,0.56,0.2125));
#9865 = DIRECTION('',(7.468153604919E-15,1.,0.));
#9866 = DIRECTION('',(1.,-7.468153604919E-15,0.));
#9867 = ADVANCED_FACE('',(#9868),#9882,.T.);
#9868 = FACE_BOUND('',#9869,.T.);
#9869 = EDGE_LOOP('',(#9870,#9871,#9872,#9873,#9874,#9875,#9876,#9877,
    #9878,#9879,#9880,#9881));
#9870 = ORIENTED_EDGE('',*,*,#9509,.F.);
#9871 = ORIENTED_EDGE('',*,*,#9856,.F.);
#9872 = ORIENTED_EDGE('',*,*,#9826,.F.);
#9873 = ORIENTED_EDGE('',*,*,#9794,.F.);
#9874 = ORIENTED_EDGE('',*,*,#9762,.F.);
#9875 = ORIENTED_EDGE('',*,*,#9730,.F.);
#9876 = ORIENTED_EDGE('',*,*,#9699,.F.);
#9877 = ORIENTED_EDGE('',*,*,#9668,.F.);
#9878 = ORIENTED_EDGE('',*,*,#9636,.F.);
#9879 = ORIENTED_EDGE('',*,*,#9604,.F.);
#9880 = ORIENTED_EDGE('',*,*,#9572,.F.);
#9881 = ORIENTED_EDGE('',*,*,#9540,.F.);
#9882 = PLANE('',#9883);
#9883 = AXIS2_PLACEMENT_3D('',#9884,#9885,#9886);
#9884 = CARTESIAN_POINT('',(0.664517673709,0.55,0.2125));
#9885 = DIRECTION('',(0.,0.,1.));
#9886 = DIRECTION('',(-1.,0.,0.));
#9887 = ADVANCED_FACE('',(#9888),#9902,.F.);
#9888 = FACE_BOUND('',#9889,.T.);
#9889 = EDGE_LOOP('',(#9890,#9891,#9892,#9893,#9894,#9895,#9896,#9897,
    #9898,#9899,#9900,#9901));
#9890 = ORIENTED_EDGE('',*,*,#9491,.T.);
#9891 = ORIENTED_EDGE('',*,*,#9531,.T.);
#9892 = ORIENTED_EDGE('',*,*,#9562,.T.);
#9893 = ORIENTED_EDGE('',*,*,#9595,.T.);
#9894 = ORIENTED_EDGE('',*,*,#9644,.T.);
#9895 = ORIENTED_EDGE('',*,*,#9659,.T.);
#9896 = ORIENTED_EDGE('',*,*,#9690,.T.);
#9897 = ORIENTED_EDGE('',*,*,#9721,.T.);
#9898 = ORIENTED_EDGE('',*,*,#9752,.T.);
#9899 = ORIENTED_EDGE('',*,*,#9785,.T.);
#9900 = ORIENTED_EDGE('',*,*,#9834,.T.);
#9901 = ORIENTED_EDGE('',*,*,#9849,.T.);
#9902 = PLANE('',#9903);
#9903 = AXIS2_PLACEMENT_3D('',#9904,#9905,#9906);
#9904 = CARTESIAN_POINT('',(0.664517673709,0.55,-0.2125));
#9905 = DIRECTION('',(0.,0.,1.));
#9906 = DIRECTION('',(-1.,0.,0.));
#9907 = ( GEOMETRIC_REPRESENTATION_CONTEXT(3) 
GLOBAL_UNCERTAINTY_ASSIGNED_CONTEXT((#9911)) 
GLOBAL_UNIT_ASSIGNED_CONTEXT((#9908,#9909,#9910)) REPRESENTATION_CONTEXT
('Context #1','3D Context with UNIT and UNCERTAINTY') );
#9908 = ( LENGTH_UNIT() NAMED_UNIT(*) SI_UNIT(.MILLI.,.METRE.) );
#9909 = ( NAMED_UNIT(*) PLANE_ANGLE_UNIT() SI_UNIT($,.RADIAN.) );
#9910 = ( NAMED_UNIT(*) SI_UNIT($,.STERADIAN.) SOLID_ANGLE_UNIT() );
#9911 = UNCERTAINTY_MEASURE_WITH_UNIT(LENGTH_MEASURE(1.E-07),#9908,
  'distance_accuracy_value','confusion accuracy');
#9912 = CONTEXT_DEPENDENT_SHAPE_REPRESENTATION(#9913,#9915);
#9913 = ( REPRESENTATION_RELATIONSHIP('','',#8394,#10) 
REPRESENTATION_RELATIONSHIP_WITH_TRANSFORMATION(#9914) 
SHAPE_REPRESENTATION_RELATIONSHIP() );
#9914 = ITEM_DEFINED_TRANSFORMATION('','',#11,#27);
#9915 = PRODUCT_DEFINITION_SHAPE('Placement','Placement of an item',
  #9916);
#9916 = NEXT_ASSEMBLY_USAGE_OCCURRENCE('7','Q7','',#5,#8389,$);
#9917 = PRODUCT_RELATED_PRODUCT_CATEGORY('part',$,(#8391));
#9918 = SHAPE_DEFINITION_REPRESENTATION(#9919,#9925);
#9919 = PRODUCT_DEFINITION_SHAPE('','',#9920);
#9920 = PRODUCT_DEFINITION('design','',#9921,#9924);
#9921 = PRODUCT_DEFINITION_FORMATION('','',#9922);
#9922 = PRODUCT('D_A-405_P7.62mm_Horizontal',
  'D_A-405_P7.62mm_Horizontal','',(#9923));
#9923 = PRODUCT_CONTEXT('',#2,'mechanical');
#9924 = PRODUCT_DEFINITION_CONTEXT('part definition',#2,'design');
#9925 = ADVANCED_BREP_SHAPE_REPRESENTATION('',(#11,#9926),#10261);
#9926 = MANIFOLD_SOLID_BREP('',#9927);
#9927 = CLOSED_SHELL('',(#9928,#9961,#9970,#9996,#10021,#10041,#10066,
    #10086,#10111,#10131,#10156,#10176,#10201,#10227,#10252));
#9928 = ADVANCED_FACE('',(#9929),#9956,.T.);
#9929 = FACE_BOUND('',#9930,.T.);
#9930 = EDGE_LOOP('',(#9931,#9941,#9948,#9949));
#9931 = ORIENTED_EDGE('',*,*,#9932,.T.);
#9932 = EDGE_CURVE('',#9933,#9935,#9937,.T.);
#9933 = VERTEX_POINT('',#9934);
#9934 = CARTESIAN_POINT('',(0.3,-1.845011104114E-16,-2.5));
#9935 = VERTEX_POINT('',#9936);
#9936 = CARTESIAN_POINT('',(0.3,7.216449660064E-16,1.25));
#9937 = LINE('',#9938,#9939);
#9938 = CARTESIAN_POINT('',(0.3,7.216449660064E-16,1.25));
#9939 = VECTOR('',#9940,1.);
#9940 = DIRECTION('',(0.,2.22044604925E-16,1.));
#9941 = ORIENTED_EDGE('',*,*,#9942,.F.);
#9942 = EDGE_CURVE('',#9935,#9935,#9943,.T.);
#9943 = CIRCLE('',#9944,0.3);
#9944 = AXIS2_PLACEMENT_3D('',#9945,#9946,#9947);
#9945 = CARTESIAN_POINT('',(0.,7.216449660064E-16,1.25));
#9946 = DIRECTION('',(-0.,2.22044604925E-16,1.));
#9947 = DIRECTION('',(1.,0.,0.));
#9948 = ORIENTED_EDGE('',*,*,#9932,.F.);
#9949 = ORIENTED_EDGE('',*,*,#9950,.T.);
#9950 = EDGE_CURVE('',#9933,#9933,#9951,.T.);
#9951 = CIRCLE('',#9952,0.3);
#9952 = AXIS2_PLACEMENT_3D('',#9953,#9954,#9955);
#9953 = CARTESIAN_POINT('',(0.,-1.110223024625E-16,-2.5));
#9954 = DIRECTION('',(-0.,2.22044604925E-16,1.));
#9955 = DIRECTION('',(1.,0.,0.));
#9956 = CYLINDRICAL_SURFACE('',#9957,0.3);
#9957 = AXIS2_PLACEMENT_3D('',#9958,#9959,#9960);
#9958 = CARTESIAN_POINT('',(0.,7.216449660064E-16,1.25));
#9959 = DIRECTION('',(0.,2.22044604925E-16,1.));
#9960 = DIRECTION('',(1.,0.,-0.));
#9961 = ADVANCED_FACE('',(#9962),#9965,.T.);
#9962 = FACE_BOUND('',#9963,.F.);
#9963 = EDGE_LOOP('',(#9964));
#9964 = ORIENTED_EDGE('',*,*,#9950,.T.);
#9965 = PLANE('',#9966);
#9966 = AXIS2_PLACEMENT_3D('',#9967,#9968,#9969);
#9967 = CARTESIAN_POINT('',(0.3,-1.110223024625E-16,-2.5));
#9968 = DIRECTION('',(0.,0.,-1.));
#9969 = DIRECTION('',(-1.,0.,0.));
#9970 = ADVANCED_FACE('',(#9971),#9991,.T.);
#9971 = FACE_BOUND('',#9972,.T.);
#9972 = EDGE_LOOP('',(#9973,#9982,#9989,#9990));
#9973 = ORIENTED_EDGE('',*,*,#9974,.T.);
#9974 = EDGE_CURVE('',#9935,#9975,#9977,.T.);
#9975 = VERTEX_POINT('',#9976);
#9976 = CARTESIAN_POINT('',(0.6,7.882583474839E-16,1.55));
#9977 = CIRCLE('',#9978,0.3);
#9978 = AXIS2_PLACEMENT_3D('',#9979,#9980,#9981);
#9979 = CARTESIAN_POINT('',(0.6,8.318631779296E-16,1.25));
#9980 = DIRECTION('',(0.,1.,-2.22044604925E-16));
#9981 = DIRECTION('',(1.,0.,0.));
#9982 = ORIENTED_EDGE('',*,*,#9983,.T.);
#9983 = EDGE_CURVE('',#9975,#9975,#9984,.T.);
#9984 = CIRCLE('',#9985,0.3);
#9985 = AXIS2_PLACEMENT_3D('',#9986,#9987,#9988);
#9986 = CARTESIAN_POINT('',(0.6,8.548717289614E-16,1.85));
#9987 = DIRECTION('',(-1.,-4.078893220341E-32,-1.836970198721E-16));
#9988 = DIRECTION('',(-1.836970198721E-16,2.22044604925E-16,1.));
#9989 = ORIENTED_EDGE('',*,*,#9974,.F.);
#9990 = ORIENTED_EDGE('',*,*,#9942,.T.);
#9991 = TOROIDAL_SURFACE('',#9992,0.6,0.3);
#9992 = AXIS2_PLACEMENT_3D('',#9993,#9994,#9995);
#9993 = CARTESIAN_POINT('',(0.6,7.216449660064E-16,1.25));
#9994 = DIRECTION('',(0.,1.,-2.22044604925E-16));
#9995 = DIRECTION('',(1.,0.,0.));
#9996 = ADVANCED_FACE('',(#9997),#10016,.T.);
#9997 = FACE_BOUND('',#9998,.T.);
#9998 = EDGE_LOOP('',(#9999,#10000,#10008,#10015));
#9999 = ORIENTED_EDGE('',*,*,#9983,.F.);
#10000 = ORIENTED_EDGE('',*,*,#10001,.T.);
#10001 = EDGE_CURVE('',#9975,#10002,#10004,.T.);
#10002 = VERTEX_POINT('',#10003);
#10003 = CARTESIAN_POINT('',(1.21,7.882583474839E-16,1.55));
#10004 = LINE('',#10005,#10006);
#10005 = CARTESIAN_POINT('',(0.6,7.882583474839E-16,1.55));
#10006 = VECTOR('',#10007,1.);
#10007 = DIRECTION('',(1.,0.,0.));
#10008 = ORIENTED_EDGE('',*,*,#10009,.F.);
#10009 = EDGE_CURVE('',#10002,#10002,#10010,.T.);
#10010 = CIRCLE('',#10011,0.3);
#10011 = AXIS2_PLACEMENT_3D('',#10012,#10013,#10014);
#10012 = CARTESIAN_POINT('',(1.21,8.548717289614E-16,1.85));
#10013 = DIRECTION('',(1.,0.,0.));
#10014 = DIRECTION('',(0.,-2.22044604925E-16,-1.));
#10015 = ORIENTED_EDGE('',*,*,#10001,.F.);
#10016 = CYLINDRICAL_SURFACE('',#10017,0.3);
#10017 = AXIS2_PLACEMENT_3D('',#10018,#10019,#10020);
#10018 = CARTESIAN_POINT('',(0.6,8.548717289614E-16,1.85));
#10019 = DIRECTION('',(1.,0.,0.));
#10020 = DIRECTION('',(0.,-2.22044604925E-16,-1.));
#10021 = ADVANCED_FACE('',(#10022,#10033),#10036,.F.);
#10022 = FACE_BOUND('',#10023,.T.);
#10023 = EDGE_LOOP('',(#10024));
#10024 = ORIENTED_EDGE('',*,*,#10025,.F.);
#10025 = EDGE_CURVE('',#10026,#10026,#10028,.T.);
#10026 = VERTEX_POINT('',#10027);
#10027 = CARTESIAN_POINT('',(1.21,2.13162820728E-15,3.2));
#10028 = CIRCLE('',#10029,1.35);
#10029 = AXIS2_PLACEMENT_3D('',#10030,#10031,#10032);
#10030 = CARTESIAN_POINT('',(1.21,8.215650382226E-16,1.85));
#10031 = DIRECTION('',(1.,0.,-0.));
#10032 = DIRECTION('',(0.,9.70417162265E-16,1.));
#10033 = FACE_BOUND('',#10034,.T.);
#10034 = EDGE_LOOP('',(#10035));
#10035 = ORIENTED_EDGE('',*,*,#10009,.T.);
#10036 = PLANE('',#10037);
#10037 = AXIS2_PLACEMENT_3D('',#10038,#10039,#10040);
#10038 = CARTESIAN_POINT('',(1.21,8.215650382226E-16,1.85));
#10039 = DIRECTION('',(1.,0.,0.));
#10040 = DIRECTION('',(-0.,9.70417162265E-16,1.));
#10041 = ADVANCED_FACE('',(#10042),#10061,.T.);
#10042 = FACE_BOUND('',#10043,.T.);
#10043 = EDGE_LOOP('',(#10044,#10052,#10053,#10054));
#10044 = ORIENTED_EDGE('',*,*,#10045,.F.);
#10045 = EDGE_CURVE('',#10026,#10046,#10048,.T.);
#10046 = VERTEX_POINT('',#10047);
#10047 = CARTESIAN_POINT('',(1.99,2.13162820728E-15,3.2));
#10048 = LINE('',#10049,#10050);
#10049 = CARTESIAN_POINT('',(1.21,2.13162820728E-15,3.2));
#10050 = VECTOR('',#10051,1.);
#10051 = DIRECTION('',(1.,0.,0.));
#10052 = ORIENTED_EDGE('',*,*,#10025,.T.);
#10053 = ORIENTED_EDGE('',*,*,#10045,.T.);
#10054 = ORIENTED_EDGE('',*,*,#10055,.F.);
#10055 = EDGE_CURVE('',#10046,#10046,#10056,.T.);
#10056 = CIRCLE('',#10057,1.35);
#10057 = AXIS2_PLACEMENT_3D('',#10058,#10059,#10060);
#10058 = CARTESIAN_POINT('',(1.99,8.215650382226E-16,1.85));
#10059 = DIRECTION('',(1.,0.,-0.));
#10060 = DIRECTION('',(0.,9.70417162265E-16,1.));
#10061 = CYLINDRICAL_SURFACE('',#10062,1.35);
#10062 = AXIS2_PLACEMENT_3D('',#10063,#10064,#10065);
#10063 = CARTESIAN_POINT('',(1.21,8.215650382226E-16,1.85));
#10064 = DIRECTION('',(1.,0.,0.));
#10065 = DIRECTION('',(-0.,9.70417162265E-16,1.));
#10066 = ADVANCED_FACE('',(#10067,#10078),#10081,.F.);
#10067 = FACE_BOUND('',#10068,.T.);
#10068 = EDGE_LOOP('',(#10069));
#10069 = ORIENTED_EDGE('',*,*,#10070,.F.);
#10070 = EDGE_CURVE('',#10071,#10071,#10073,.T.);
#10071 = VERTEX_POINT('',#10072);
#10072 = CARTESIAN_POINT('',(1.99,2.138289545428E-15,3.21));
#10073 = CIRCLE('',#10074,1.36);
#10074 = AXIS2_PLACEMENT_3D('',#10075,#10076,#10077);
#10075 = CARTESIAN_POINT('',(1.99,8.215650382226E-16,1.85));
#10076 = DIRECTION('',(1.,0.,-0.));
#10077 = DIRECTION('',(0.,9.681797847099E-16,1.));
#10078 = FACE_BOUND('',#10079,.T.);
#10079 = EDGE_LOOP('',(#10080));
#10080 = ORIENTED_EDGE('',*,*,#10055,.T.);
#10081 = PLANE('',#10082);
#10082 = AXIS2_PLACEMENT_3D('',#10083,#10084,#10085);
#10083 = CARTESIAN_POINT('',(1.99,8.215650382226E-16,1.85));
#10084 = DIRECTION('',(1.,0.,0.));
#10085 = DIRECTION('',(-0.,9.726879335149E-16,1.));
#10086 = ADVANCED_FACE('',(#10087),#10106,.T.);
#10087 = FACE_BOUND('',#10088,.T.);
#10088 = EDGE_LOOP('',(#10089,#10090,#10098,#10105));
#10089 = ORIENTED_EDGE('',*,*,#10070,.T.);
#10090 = ORIENTED_EDGE('',*,*,#10091,.T.);
#10091 = EDGE_CURVE('',#10071,#10092,#10094,.T.);
#10092 = VERTEX_POINT('',#10093);
#10093 = CARTESIAN_POINT('',(3.29,2.138289545428E-15,3.21));
#10094 = LINE('',#10095,#10096);
#10095 = CARTESIAN_POINT('',(1.99,2.138289545428E-15,3.21));
#10096 = VECTOR('',#10097,1.);
#10097 = DIRECTION('',(1.,0.,0.));
#10098 = ORIENTED_EDGE('',*,*,#10099,.F.);
#10099 = EDGE_CURVE('',#10092,#10092,#10100,.T.);
#10100 = CIRCLE('',#10101,1.36);
#10101 = AXIS2_PLACEMENT_3D('',#10102,#10103,#10104);
#10102 = CARTESIAN_POINT('',(3.29,8.215650382226E-16,1.85));
#10103 = DIRECTION('',(1.,0.,-0.));
#10104 = DIRECTION('',(0.,9.681797847099E-16,1.));
#10105 = ORIENTED_EDGE('',*,*,#10091,.F.);
#10106 = CYLINDRICAL_SURFACE('',#10107,1.36);
#10107 = AXIS2_PLACEMENT_3D('',#10108,#10109,#10110);
#10108 = CARTESIAN_POINT('',(1.99,8.215650382226E-16,1.85));
#10109 = DIRECTION('',(1.,0.,0.));
#10110 = DIRECTION('',(-0.,9.681797847099E-16,1.));
#10111 = ADVANCED_FACE('',(#10112,#10115),#10126,.T.);
#10112 = FACE_BOUND('',#10113,.T.);
#10113 = EDGE_LOOP('',(#10114));
#10114 = ORIENTED_EDGE('',*,*,#10099,.T.);
#10115 = FACE_BOUND('',#10116,.T.);
#10116 = EDGE_LOOP('',(#10117));
#10117 = ORIENTED_EDGE('',*,*,#10118,.F.);
#10118 = EDGE_CURVE('',#10119,#10119,#10121,.T.);
#10119 = VERTEX_POINT('',#10120);
#10120 = CARTESIAN_POINT('',(3.29,2.13162820728E-15,3.2));
#10121 = CIRCLE('',#10122,1.35);
#10122 = AXIS2_PLACEMENT_3D('',#10123,#10124,#10125);
#10123 = CARTESIAN_POINT('',(3.29,8.215650382226E-16,1.85));
#10124 = DIRECTION('',(1.,0.,-0.));
#10125 = DIRECTION('',(0.,9.70417162265E-16,1.));
#10126 = PLANE('',#10127);
#10127 = AXIS2_PLACEMENT_3D('',#10128,#10129,#10130);
#10128 = CARTESIAN_POINT('',(3.29,8.215650382226E-16,1.85));
#10129 = DIRECTION('',(1.,0.,0.));
#10130 = DIRECTION('',(-0.,9.681797847099E-16,1.));
#10131 = ADVANCED_FACE('',(#10132),#10151,.T.);
#10132 = FACE_BOUND('',#10133,.T.);
#10133 = EDGE_LOOP('',(#10134,#10135,#10143,#10150));
#10134 = ORIENTED_EDGE('',*,*,#10118,.T.);
#10135 = ORIENTED_EDGE('',*,*,#10136,.T.);
#10136 = EDGE_CURVE('',#10119,#10137,#10139,.T.);
#10137 = VERTEX_POINT('',#10138);
#10138 = CARTESIAN_POINT('',(6.41,2.13162820728E-15,3.2));
#10139 = LINE('',#10140,#10141);
#10140 = CARTESIAN_POINT('',(1.21,2.13162820728E-15,3.2));
#10141 = VECTOR('',#10142,1.);
#10142 = DIRECTION('',(1.,0.,0.));
#10143 = ORIENTED_EDGE('',*,*,#10144,.F.);
#10144 = EDGE_CURVE('',#10137,#10137,#10145,.T.);
#10145 = CIRCLE('',#10146,1.35);
#10146 = AXIS2_PLACEMENT_3D('',#10147,#10148,#10149);
#10147 = CARTESIAN_POINT('',(6.41,8.215650382226E-16,1.85));
#10148 = DIRECTION('',(1.,0.,-0.));
#10149 = DIRECTION('',(0.,9.70417162265E-16,1.));
#10150 = ORIENTED_EDGE('',*,*,#10136,.F.);
#10151 = CYLINDRICAL_SURFACE('',#10152,1.35);
#10152 = AXIS2_PLACEMENT_3D('',#10153,#10154,#10155);
#10153 = CARTESIAN_POINT('',(1.21,8.215650382226E-16,1.85));
#10154 = DIRECTION('',(1.,0.,0.));
#10155 = DIRECTION('',(-0.,9.70417162265E-16,1.));
#10156 = ADVANCED_FACE('',(#10157,#10160),#10171,.T.);
#10157 = FACE_BOUND('',#10158,.F.);
#10158 = EDGE_LOOP('',(#10159));
#10159 = ORIENTED_EDGE('',*,*,#10144,.F.);
#10160 = FACE_BOUND('',#10161,.F.);
#10161 = EDGE_LOOP('',(#10162));
#10162 = ORIENTED_EDGE('',*,*,#10163,.T.);
#10163 = EDGE_CURVE('',#10164,#10164,#10166,.T.);
#10164 = VERTEX_POINT('',#10165);
#10165 = CARTESIAN_POINT('',(6.41,7.882583474839E-16,1.55));
#10166 = CIRCLE('',#10167,0.3);
#10167 = AXIS2_PLACEMENT_3D('',#10168,#10169,#10170);
#10168 = CARTESIAN_POINT('',(6.41,8.548717289614E-16,1.85));
#10169 = DIRECTION('',(1.,0.,0.));
#10170 = DIRECTION('',(0.,-2.22044604925E-16,-1.));
#10171 = PLANE('',#10172);
#10172 = AXIS2_PLACEMENT_3D('',#10173,#10174,#10175);
#10173 = CARTESIAN_POINT('',(6.41,8.215650382226E-16,1.85));
#10174 = DIRECTION('',(1.,0.,0.));
#10175 = DIRECTION('',(-0.,9.70417162265E-16,1.));
#10176 = ADVANCED_FACE('',(#10177),#10196,.T.);
#10177 = FACE_BOUND('',#10178,.T.);
#10178 = EDGE_LOOP('',(#10179,#10180,#10188,#10195));
#10179 = ORIENTED_EDGE('',*,*,#10163,.T.);
#10180 = ORIENTED_EDGE('',*,*,#10181,.T.);
#10181 = EDGE_CURVE('',#10164,#10182,#10184,.T.);
#10182 = VERTEX_POINT('',#10183);
#10183 = CARTESIAN_POINT('',(7.02,7.882583474839E-16,1.55));
#10184 = LINE('',#10185,#10186);
#10185 = CARTESIAN_POINT('',(0.6,7.882583474839E-16,1.55));
#10186 = VECTOR('',#10187,1.);
#10187 = DIRECTION('',(1.,0.,0.));
#10188 = ORIENTED_EDGE('',*,*,#10189,.F.);
#10189 = EDGE_CURVE('',#10182,#10182,#10190,.T.);
#10190 = CIRCLE('',#10191,0.3);
#10191 = AXIS2_PLACEMENT_3D('',#10192,#10193,#10194);
#10192 = CARTESIAN_POINT('',(7.02,8.548717289614E-16,1.85));
#10193 = DIRECTION('',(1.,0.,0.));
#10194 = DIRECTION('',(0.,-2.22044604925E-16,-1.));
#10195 = ORIENTED_EDGE('',*,*,#10181,.F.);
#10196 = CYLINDRICAL_SURFACE('',#10197,0.3);
#10197 = AXIS2_PLACEMENT_3D('',#10198,#10199,#10200);
#10198 = CARTESIAN_POINT('',(0.6,8.548717289614E-16,1.85));
#10199 = DIRECTION('',(1.,0.,0.));
#10200 = DIRECTION('',(0.,-2.22044604925E-16,-1.));
#10201 = ADVANCED_FACE('',(#10202),#10222,.T.);
#10202 = FACE_BOUND('',#10203,.T.);
#10203 = EDGE_LOOP('',(#10204,#10213,#10220,#10221));
#10204 = ORIENTED_EDGE('',*,*,#10205,.T.);
#10205 = EDGE_CURVE('',#10182,#10206,#10208,.T.);
#10206 = VERTEX_POINT('',#10207);
#10207 = CARTESIAN_POINT('',(7.32,7.216449660064E-16,1.25));
#10208 = CIRCLE('',#10209,0.3);
#10209 = AXIS2_PLACEMENT_3D('',#10210,#10211,#10212);
#10210 = CARTESIAN_POINT('',(7.02,8.318631779296E-16,1.25));
#10211 = DIRECTION('',(0.,1.,-2.22044604925E-16));
#10212 = DIRECTION('',(1.,0.,0.));
#10213 = ORIENTED_EDGE('',*,*,#10214,.T.);
#10214 = EDGE_CURVE('',#10206,#10206,#10215,.T.);
#10215 = CIRCLE('',#10216,0.3);
#10216 = AXIS2_PLACEMENT_3D('',#10217,#10218,#10219);
#10217 = CARTESIAN_POINT('',(7.62,7.216449660064E-16,1.25));
#10218 = DIRECTION('',(-2.449293598295E-16,2.22044604925E-16,1.));
#10219 = DIRECTION('',(1.,5.438524293788E-32,2.449293598295E-16));
#10220 = ORIENTED_EDGE('',*,*,#10205,.F.);
#10221 = ORIENTED_EDGE('',*,*,#10189,.T.);
#10222 = TOROIDAL_SURFACE('',#10223,0.6,0.3);
#10223 = AXIS2_PLACEMENT_3D('',#10224,#10225,#10226);
#10224 = CARTESIAN_POINT('',(7.02,7.216449660064E-16,1.25));
#10225 = DIRECTION('',(0.,1.,-2.22044604925E-16));
#10226 = DIRECTION('',(1.,0.,0.));
#10227 = ADVANCED_FACE('',(#10228),#10247,.T.);
#10228 = FACE_BOUND('',#10229,.T.);
#10229 = EDGE_LOOP('',(#10230,#10238,#10245,#10246));
#10230 = ORIENTED_EDGE('',*,*,#10231,.T.);
#10231 = EDGE_CURVE('',#10206,#10232,#10234,.T.);
#10232 = VERTEX_POINT('',#10233);
#10233 = CARTESIAN_POINT('',(7.32,-1.845011104114E-16,-2.5));
#10234 = LINE('',#10235,#10236);
#10235 = CARTESIAN_POINT('',(7.32,7.216449660064E-16,1.25));
#10236 = VECTOR('',#10237,1.);
#10237 = DIRECTION('',(0.,-2.22044604925E-16,-1.));
#10238 = ORIENTED_EDGE('',*,*,#10239,.F.);
#10239 = EDGE_CURVE('',#10232,#10232,#10240,.T.);
#10240 = CIRCLE('',#10241,0.3);
#10241 = AXIS2_PLACEMENT_3D('',#10242,#10243,#10244);
#10242 = CARTESIAN_POINT('',(7.62,-1.110223024625E-16,-2.5));
#10243 = DIRECTION('',(-0.,-2.22044604925E-16,-1.));
#10244 = DIRECTION('',(-1.,0.,0.));
#10245 = ORIENTED_EDGE('',*,*,#10231,.F.);
#10246 = ORIENTED_EDGE('',*,*,#10214,.F.);
#10247 = CYLINDRICAL_SURFACE('',#10248,0.3);
#10248 = AXIS2_PLACEMENT_3D('',#10249,#10250,#10251);
#10249 = CARTESIAN_POINT('',(7.62,7.216449660064E-16,1.25));
#10250 = DIRECTION('',(0.,-2.22044604925E-16,-1.));
#10251 = DIRECTION('',(-1.,-0.,0.));
#10252 = ADVANCED_FACE('',(#10253),#10256,.F.);
#10253 = FACE_BOUND('',#10254,.T.);
#10254 = EDGE_LOOP('',(#10255));
#10255 = ORIENTED_EDGE('',*,*,#10239,.T.);
#10256 = PLANE('',#10257);
#10257 = AXIS2_PLACEMENT_3D('',#10258,#10259,#10260);
#10258 = CARTESIAN_POINT('',(7.32,-1.110223024625E-16,-2.5));
#10259 = DIRECTION('',(0.,0.,1.));
#10260 = DIRECTION('',(1.,0.,-0.));
#10261 = ( GEOMETRIC_REPRESENTATION_CONTEXT(3) 
GLOBAL_UNCERTAINTY_ASSIGNED_CONTEXT((#10265)) 
GLOBAL_UNIT_ASSIGNED_CONTEXT((#10262,#10263,#10264)) 
REPRESENTATION_CONTEXT('Context #1',
  '3D Context with UNIT and UNCERTAINTY') );
#10262 = ( LENGTH_UNIT() NAMED_UNIT(*) SI_UNIT(.MILLI.,.METRE.) );
#10263 = ( NAMED_UNIT(*) PLANE_ANGLE_UNIT() SI_UNIT($,.RADIAN.) );
#10264 = ( NAMED_UNIT(*) SI_UNIT($,.STERADIAN.) SOLID_ANGLE_UNIT() );
#10265 = UNCERTAINTY_MEASURE_WITH_UNIT(LENGTH_MEASURE(1.E-07),#10262,
  'distance_accuracy_value','confusion accuracy');
#10266 = CONTEXT_DEPENDENT_SHAPE_REPRESENTATION(#10267,#10269);
#10267 = ( REPRESENTATION_RELATIONSHIP('','',#9925,#10) 
REPRESENTATION_RELATIONSHIP_WITH_TRANSFORMATION(#10268) 
SHAPE_REPRESENTATION_RELATIONSHIP() );
#10268 = ITEM_DEFINED_TRANSFORMATION('','',#11,#31);
#10269 = PRODUCT_DEFINITION_SHAPE('Placement','Placement of an item',
  #10270);
#10270 = NEXT_ASSEMBLY_USAGE_OCCURRENCE('8','D6','',#5,#9920,$);
#10271 = PRODUCT_RELATED_PRODUCT_CATEGORY('part',$,(#9922));
#10272 = CONTEXT_DEPENDENT_SHAPE_REPRESENTATION(#10273,#10275);
#10273 = ( REPRESENTATION_RELATIONSHIP('','',#6558,#10) 
REPRESENTATION_RELATIONSHIP_WITH_TRANSFORMATION(#10274) 
SHAPE_REPRESENTATION_RELATIONSHIP() );
#10274 = ITEM_DEFINED_TRANSFORMATION('','',#11,#35);
#10275 = PRODUCT_DEFINITION_SHAPE('Placement','Placement of an item',
  #10276);
#10276 = NEXT_ASSEMBLY_USAGE_OCCURRENCE('9','Q12','',#5,#6553,$);
#10277 = CONTEXT_DEPENDENT_SHAPE_REPRESENTATION(#10278,#10280);
#10278 = ( REPRESENTATION_RELATIONSHIP('','',#9925,#10) 
REPRESENTATION_RELATIONSHIP_WITH_TRANSFORMATION(#10279) 
SHAPE_REPRESENTATION_RELATIONSHIP() );
#10279 = ITEM_DEFINED_TRANSFORMATION('','',#11,#39);
#10280 = PRODUCT_DEFINITION_SHAPE('Placement','Placement of an item',
  #10281);
#10281 = NEXT_ASSEMBLY_USAGE_OCCURRENCE('10','D5','',#5,#9920,$);
#10282 = CONTEXT_DEPENDENT_SHAPE_REPRESENTATION(#10283,#10285);
#10283 = ( REPRESENTATION_RELATIONSHIP('','',#6558,#10) 
REPRESENTATION_RELATIONSHIP_WITH_TRANSFORMATION(#10284) 
SHAPE_REPRESENTATION_RELATIONSHIP() );
#10284 = ITEM_DEFINED_TRANSFORMATION('','',#11,#43);
#10285 = PRODUCT_DEFINITION_SHAPE('Placement','Placement of an item',
  #10286);
#10286 = NEXT_ASSEMBLY_USAGE_OCCURRENCE('11','Q10','',#5,#6553,$);
#10287 = CONTEXT_DEPENDENT_SHAPE_REPRESENTATION(#10288,#10290);
#10288 = ( REPRESENTATION_RELATIONSHIP('','',#6558,#10) 
REPRESENTATION_RELATIONSHIP_WITH_TRANSFORMATION(#10289) 
SHAPE_REPRESENTATION_RELATIONSHIP() );
#10289 = ITEM_DEFINED_TRANSFORMATION('','',#11,#47);
#10290 = PRODUCT_DEFINITION_SHAPE('Placement','Placement of an item',
  #10291);
#10291 = NEXT_ASSEMBLY_USAGE_OCCURRENCE('12','Q2','',#5,#6553,$);
#10292 = CONTEXT_DEPENDENT_SHAPE_REPRESENTATION(#10293,#10295);
#10293 = ( REPRESENTATION_RELATIONSHIP('','',#6558,#10) 
REPRESENTATION_RELATIONSHIP_WITH_TRANSFORMATION(#10294) 
SHAPE_REPRESENTATION_RELATIONSHIP() );
#10294 = ITEM_DEFINED_TRANSFORMATION('','',#11,#51);
#10295 = PRODUCT_DEFINITION_SHAPE('Placement','Placement of an item',
  #10296);
#10296 = NEXT_ASSEMBLY_USAGE_OCCURRENCE('13','Q8','',#5,#6553,$);
#10297 = CONTEXT_DEPENDENT_SHAPE_REPRESENTATION(#10298,#10300);
#10298 = ( REPRESENTATION_RELATIONSHIP('','',#9925,#10) 
REPRESENTATION_RELATIONSHIP_WITH_TRANSFORMATION(#10299) 
SHAPE_REPRESENTATION_RELATIONSHIP() );
#10299 = ITEM_DEFINED_TRANSFORMATION('','',#11,#55);
#10300 = PRODUCT_DEFINITION_SHAPE('Placement','Placement of an item',
  #10301);
#10301 = NEXT_ASSEMBLY_USAGE_OCCURRENCE('14','D1','',#5,#9920,$);
#10302 = CONTEXT_DEPENDENT_SHAPE_REPRESENTATION(#10303,#10305);
#10303 = ( REPRESENTATION_RELATIONSHIP('','',#152,#10) 
REPRESENTATION_RELATIONSHIP_WITH_TRANSFORMATION(#10304) 
SHAPE_REPRESENTATION_RELATIONSHIP() );
#10304 = ITEM_DEFINED_TRANSFORMATION('','',#11,#59);
#10305 = PRODUCT_DEFINITION_SHAPE('Placement','Placement of an item',
  #10306);
#10306 = NEXT_ASSEMBLY_USAGE_OCCURRENCE('15','J5','',#5,#147,$);
#10307 = CONTEXT_DEPENDENT_SHAPE_REPRESENTATION(#10308,#10310);
#10308 = ( REPRESENTATION_RELATIONSHIP('','',#8394,#10) 
REPRESENTATION_RELATIONSHIP_WITH_TRANSFORMATION(#10309) 
SHAPE_REPRESENTATION_RELATIONSHIP() );
#10309 = ITEM_DEFINED_TRANSFORMATION('','',#11,#63);
#10310 = PRODUCT_DEFINITION_SHAPE('Placement','Placement of an item',
  #10311);
#10311 = NEXT_ASSEMBLY_USAGE_OCCURRENCE('16','Q1','',#5,#8389,$);
#10312 = CONTEXT_DEPENDENT_SHAPE_REPRESENTATION(#10313,#10315);
#10313 = ( REPRESENTATION_RELATIONSHIP('','',#6558,#10) 
REPRESENTATION_RELATIONSHIP_WITH_TRANSFORMATION(#10314) 
SHAPE_REPRESENTATION_RELATIONSHIP() );
#10314 = ITEM_DEFINED_TRANSFORMATION('','',#11,#67);
#10315 = PRODUCT_DEFINITION_SHAPE('Placement','Placement of an item',
  #10316);
#10316 = NEXT_ASSEMBLY_USAGE_OCCURRENCE('17','Q9','',#5,#6553,$);
#10317 = SHAPE_DEFINITION_REPRESENTATION(#10318,#10324);
#10318 = PRODUCT_DEFINITION_SHAPE('','',#10319);
#10319 = PRODUCT_DEFINITION('design','',#10320,#10323);
#10320 = PRODUCT_DEFINITION_FORMATION('','',#10321);
#10321 = PRODUCT('R_0805_2012Metric','R_0805_2012Metric','',(#10322));
#10322 = PRODUCT_CONTEXT('',#2,'mechanical');
#10323 = PRODUCT_DEFINITION_CONTEXT('part definition',#2,'design');
#10324 = ADVANCED_BREP_SHAPE_REPRESENTATION('',(#11,#10325),#11115);
#10325 = MANIFOLD_SOLID_BREP('',#10326);
#10326 = CLOSED_SHELL('',(#10327,#10367,#10450,#10475,#10500,#10567,
    #10584,#10601,#10650,#10667,#10684,#10733,#10750,#10819,#10850,
    #10874,#10943,#10967,#10984,#11001,#11018,#11035,#11052,#11069,
    #11086,#11103));
#10327 = ADVANCED_FACE('',(#10328),#10362,.F.);
#10328 = FACE_BOUND('',#10329,.F.);
#10329 = EDGE_LOOP('',(#10330,#10340,#10348,#10356));
#10330 = ORIENTED_EDGE('',*,*,#10331,.F.);
#10331 = EDGE_CURVE('',#10332,#10334,#10336,.T.);
#10332 = VERTEX_POINT('',#10333);
#10333 = CARTESIAN_POINT('',(-1.,-0.6,4.5E-02));
#10334 = VERTEX_POINT('',#10335);
#10335 = CARTESIAN_POINT('',(-1.,-0.6,0.405));
#10336 = LINE('',#10337,#10338);
#10337 = CARTESIAN_POINT('',(-1.,-0.6,0.));
#10338 = VECTOR('',#10339,1.);
#10339 = DIRECTION('',(0.,0.,1.));
#10340 = ORIENTED_EDGE('',*,*,#10341,.T.);
#10341 = EDGE_CURVE('',#10332,#10342,#10344,.T.);
#10342 = VERTEX_POINT('',#10343);
#10343 = CARTESIAN_POINT('',(-1.,0.6,4.5E-02));
#10344 = LINE('',#10345,#10346);
#10345 = CARTESIAN_POINT('',(-1.,-0.6,4.5E-02));
#10346 = VECTOR('',#10347,1.);
#10347 = DIRECTION('',(0.,1.,0.));
#10348 = ORIENTED_EDGE('',*,*,#10349,.T.);
#10349 = EDGE_CURVE('',#10342,#10350,#10352,.T.);
#10350 = VERTEX_POINT('',#10351);
#10351 = CARTESIAN_POINT('',(-1.,0.6,0.405));
#10352 = LINE('',#10353,#10354);
#10353 = CARTESIAN_POINT('',(-1.,0.6,0.));
#10354 = VECTOR('',#10355,1.);
#10355 = DIRECTION('',(0.,0.,1.));
#10356 = ORIENTED_EDGE('',*,*,#10357,.F.);
#10357 = EDGE_CURVE('',#10334,#10350,#10358,.T.);
#10358 = LINE('',#10359,#10360);
#10359 = CARTESIAN_POINT('',(-1.,-0.6,0.405));
#10360 = VECTOR('',#10361,1.);
#10361 = DIRECTION('',(0.,1.,0.));
#10362 = PLANE('',#10363);
#10363 = AXIS2_PLACEMENT_3D('',#10364,#10365,#10366);
#10364 = CARTESIAN_POINT('',(-1.,-0.6,0.));
#10365 = DIRECTION('',(1.,0.,0.));
#10366 = DIRECTION('',(0.,0.,1.));
#10367 = ADVANCED_FACE('',(#10368),#10445,.F.);
#10368 = FACE_BOUND('',#10369,.F.);
#10369 = EDGE_LOOP('',(#10370,#10380,#10387,#10388,#10397,#10405,#10414,
    #10422,#10430,#10438));
#10370 = ORIENTED_EDGE('',*,*,#10371,.F.);
#10371 = EDGE_CURVE('',#10372,#10374,#10376,.T.);
#10372 = VERTEX_POINT('',#10373);
#10373 = CARTESIAN_POINT('',(-0.955,-0.6,-2.775557561563E-17));
#10374 = VERTEX_POINT('',#10375);
#10375 = CARTESIAN_POINT('',(-0.745,-0.6,-2.775557561563E-17));
#10376 = LINE('',#10377,#10378);
#10377 = CARTESIAN_POINT('',(-1.,-0.6,0.));
#10378 = VECTOR('',#10379,1.);
#10379 = DIRECTION('',(1.,0.,0.));
#10380 = ORIENTED_EDGE('',*,*,#10381,.F.);
#10381 = EDGE_CURVE('',#10332,#10372,#10382,.T.);
#10382 = CIRCLE('',#10383,4.5E-02);
#10383 = AXIS2_PLACEMENT_3D('',#10384,#10385,#10386);
#10384 = CARTESIAN_POINT('',(-0.955,-0.6,4.5E-02));
#10385 = DIRECTION('',(0.,-1.,0.));
#10386 = DIRECTION('',(0.,0.,1.));
#10387 = ORIENTED_EDGE('',*,*,#10331,.T.);
#10388 = ORIENTED_EDGE('',*,*,#10389,.T.);
#10389 = EDGE_CURVE('',#10334,#10390,#10392,.T.);
#10390 = VERTEX_POINT('',#10391);
#10391 = CARTESIAN_POINT('',(-0.955,-0.6,0.45));
#10392 = CIRCLE('',#10393,4.5E-02);
#10393 = AXIS2_PLACEMENT_3D('',#10394,#10395,#10396);
#10394 = CARTESIAN_POINT('',(-0.955,-0.6,0.405));
#10395 = DIRECTION('',(0.,1.,0.));
#10396 = DIRECTION('',(0.,-0.,1.));
#10397 = ORIENTED_EDGE('',*,*,#10398,.T.);
#10398 = EDGE_CURVE('',#10390,#10399,#10401,.T.);
#10399 = VERTEX_POINT('',#10400);
#10400 = CARTESIAN_POINT('',(-0.745,-0.6,0.45));
#10401 = LINE('',#10402,#10403);
#10402 = CARTESIAN_POINT('',(-1.,-0.6,0.45));
#10403 = VECTOR('',#10404,1.);
#10404 = DIRECTION('',(1.,0.,0.));
#10405 = ORIENTED_EDGE('',*,*,#10406,.F.);
#10406 = EDGE_CURVE('',#10407,#10399,#10409,.T.);
#10407 = VERTEX_POINT('',#10408);
#10408 = CARTESIAN_POINT('',(-0.7,-0.6,0.405));
#10409 = CIRCLE('',#10410,4.5E-02);
#10410 = AXIS2_PLACEMENT_3D('',#10411,#10412,#10413);
#10411 = CARTESIAN_POINT('',(-0.745,-0.6,0.405));
#10412 = DIRECTION('',(0.,-1.,0.));
#10413 = DIRECTION('',(0.,0.,1.));
#10414 = ORIENTED_EDGE('',*,*,#10415,.F.);
#10415 = EDGE_CURVE('',#10416,#10407,#10418,.T.);
#10416 = VERTEX_POINT('',#10417);
#10417 = CARTESIAN_POINT('',(-0.955,-0.6,0.405));
#10418 = LINE('',#10419,#10420);
#10419 = CARTESIAN_POINT('',(-0.955,-0.6,0.405));
#10420 = VECTOR('',#10421,1.);
#10421 = DIRECTION('',(1.,0.,0.));
#10422 = ORIENTED_EDGE('',*,*,#10423,.F.);
#10423 = EDGE_CURVE('',#10424,#10416,#10426,.T.);
#10424 = VERTEX_POINT('',#10425);
#10425 = CARTESIAN_POINT('',(-0.955,-0.6,4.5E-02));
#10426 = LINE('',#10427,#10428);
#10427 = CARTESIAN_POINT('',(-0.955,-0.6,4.5E-02));
#10428 = VECTOR('',#10429,1.);
#10429 = DIRECTION('',(0.,0.,1.));
#10430 = ORIENTED_EDGE('',*,*,#10431,.T.);
#10431 = EDGE_CURVE('',#10424,#10432,#10434,.T.);
#10432 = VERTEX_POINT('',#10433);
#10433 = CARTESIAN_POINT('',(-0.7,-0.6,4.5E-02));
#10434 = LINE('',#10435,#10436);
#10435 = CARTESIAN_POINT('',(-0.955,-0.6,4.5E-02));
#10436 = VECTOR('',#10437,1.);
#10437 = DIRECTION('',(1.,0.,0.));
#10438 = ORIENTED_EDGE('',*,*,#10439,.T.);
#10439 = EDGE_CURVE('',#10432,#10374,#10440,.T.);
#10440 = CIRCLE('',#10441,4.5E-02);
#10441 = AXIS2_PLACEMENT_3D('',#10442,#10443,#10444);
#10442 = CARTESIAN_POINT('',(-0.745,-0.6,4.5E-02));
#10443 = DIRECTION('',(0.,1.,0.));
#10444 = DIRECTION('',(0.,-0.,1.));
#10445 = PLANE('',#10446);
#10446 = AXIS2_PLACEMENT_3D('',#10447,#10448,#10449);
#10447 = CARTESIAN_POINT('',(-1.,-0.6,0.));
#10448 = DIRECTION('',(0.,1.,0.));
#10449 = DIRECTION('',(0.,-0.,1.));
#10450 = ADVANCED_FACE('',(#10451),#10470,.T.);
#10451 = FACE_BOUND('',#10452,.T.);
#10452 = EDGE_LOOP('',(#10453,#10454,#10463,#10469));
#10453 = ORIENTED_EDGE('',*,*,#10341,.T.);
#10454 = ORIENTED_EDGE('',*,*,#10455,.T.);
#10455 = EDGE_CURVE('',#10342,#10456,#10458,.T.);
#10456 = VERTEX_POINT('',#10457);
#10457 = CARTESIAN_POINT('',(-0.955,0.6,-2.775557561563E-17));
#10458 = CIRCLE('',#10459,4.5E-02);
#10459 = AXIS2_PLACEMENT_3D('',#10460,#10461,#10462);
#10460 = CARTESIAN_POINT('',(-0.955,0.6,4.5E-02));
#10461 = DIRECTION('',(0.,-1.,0.));
#10462 = DIRECTION('',(0.,0.,1.));
#10463 = ORIENTED_EDGE('',*,*,#10464,.F.);
#10464 = EDGE_CURVE('',#10372,#10456,#10465,.T.);
#10465 = LINE('',#10466,#10467);
#10466 = CARTESIAN_POINT('',(-0.955,-0.6,-2.775557561563E-17));
#10467 = VECTOR('',#10468,1.);
#10468 = DIRECTION('',(0.,1.,0.));
#10469 = ORIENTED_EDGE('',*,*,#10381,.F.);
#10470 = CYLINDRICAL_SURFACE('',#10471,4.5E-02);
#10471 = AXIS2_PLACEMENT_3D('',#10472,#10473,#10474);
#10472 = CARTESIAN_POINT('',(-0.955,-0.6,4.5E-02));
#10473 = DIRECTION('',(0.,1.,0.));
#10474 = DIRECTION('',(-1.,0.,0.));
#10475 = ADVANCED_FACE('',(#10476),#10495,.T.);
#10476 = FACE_BOUND('',#10477,.T.);
#10477 = EDGE_LOOP('',(#10478,#10479,#10487,#10494));
#10478 = ORIENTED_EDGE('',*,*,#10389,.T.);
#10479 = ORIENTED_EDGE('',*,*,#10480,.T.);
#10480 = EDGE_CURVE('',#10390,#10481,#10483,.T.);
#10481 = VERTEX_POINT('',#10482);
#10482 = CARTESIAN_POINT('',(-0.955,0.6,0.45));
#10483 = LINE('',#10484,#10485);
#10484 = CARTESIAN_POINT('',(-0.955,-0.6,0.45));
#10485 = VECTOR('',#10486,1.);
#10486 = DIRECTION('',(0.,1.,0.));
#10487 = ORIENTED_EDGE('',*,*,#10488,.F.);
#10488 = EDGE_CURVE('',#10350,#10481,#10489,.T.);
#10489 = CIRCLE('',#10490,4.5E-02);
#10490 = AXIS2_PLACEMENT_3D('',#10491,#10492,#10493);
#10491 = CARTESIAN_POINT('',(-0.955,0.6,0.405));
#10492 = DIRECTION('',(0.,1.,0.));
#10493 = DIRECTION('',(0.,-0.,1.));
#10494 = ORIENTED_EDGE('',*,*,#10357,.F.);
#10495 = CYLINDRICAL_SURFACE('',#10496,4.5E-02);
#10496 = AXIS2_PLACEMENT_3D('',#10497,#10498,#10499);
#10497 = CARTESIAN_POINT('',(-0.955,-0.6,0.405));
#10498 = DIRECTION('',(0.,1.,0.));
#10499 = DIRECTION('',(-1.,0.,0.));
#10500 = ADVANCED_FACE('',(#10501),#10562,.T.);
#10501 = FACE_BOUND('',#10502,.T.);
#10502 = EDGE_LOOP('',(#10503,#10511,#10512,#10513,#10514,#10522,#10531,
    #10539,#10547,#10555));
#10503 = ORIENTED_EDGE('',*,*,#10504,.F.);
#10504 = EDGE_CURVE('',#10456,#10505,#10507,.T.);
#10505 = VERTEX_POINT('',#10506);
#10506 = CARTESIAN_POINT('',(-0.745,0.6,-2.775557561563E-17));
#10507 = LINE('',#10508,#10509);
#10508 = CARTESIAN_POINT('',(-1.,0.6,0.));
#10509 = VECTOR('',#10510,1.);
#10510 = DIRECTION('',(1.,0.,0.));
#10511 = ORIENTED_EDGE('',*,*,#10455,.F.);
#10512 = ORIENTED_EDGE('',*,*,#10349,.T.);
#10513 = ORIENTED_EDGE('',*,*,#10488,.T.);
#10514 = ORIENTED_EDGE('',*,*,#10515,.T.);
#10515 = EDGE_CURVE('',#10481,#10516,#10518,.T.);
#10516 = VERTEX_POINT('',#10517);
#10517 = CARTESIAN_POINT('',(-0.745,0.6,0.45));
#10518 = LINE('',#10519,#10520);
#10519 = CARTESIAN_POINT('',(-1.,0.6,0.45));
#10520 = VECTOR('',#10521,1.);
#10521 = DIRECTION('',(1.,0.,0.));
#10522 = ORIENTED_EDGE('',*,*,#10523,.F.);
#10523 = EDGE_CURVE('',#10524,#10516,#10526,.T.);
#10524 = VERTEX_POINT('',#10525);
#10525 = CARTESIAN_POINT('',(-0.7,0.6,0.405));
#10526 = CIRCLE('',#10527,4.5E-02);
#10527 = AXIS2_PLACEMENT_3D('',#10528,#10529,#10530);
#10528 = CARTESIAN_POINT('',(-0.745,0.6,0.405));
#10529 = DIRECTION('',(0.,-1.,0.));
#10530 = DIRECTION('',(0.,0.,1.));
#10531 = ORIENTED_EDGE('',*,*,#10532,.F.);
#10532 = EDGE_CURVE('',#10533,#10524,#10535,.T.);
#10533 = VERTEX_POINT('',#10534);
#10534 = CARTESIAN_POINT('',(-0.955,0.6,0.405));
#10535 = LINE('',#10536,#10537);
#10536 = CARTESIAN_POINT('',(-0.955,0.6,0.405));
#10537 = VECTOR('',#10538,1.);
#10538 = DIRECTION('',(1.,0.,0.));
#10539 = ORIENTED_EDGE('',*,*,#10540,.F.);
#10540 = EDGE_CURVE('',#10541,#10533,#10543,.T.);
#10541 = VERTEX_POINT('',#10542);
#10542 = CARTESIAN_POINT('',(-0.955,0.6,4.5E-02));
#10543 = LINE('',#10544,#10545);
#10544 = CARTESIAN_POINT('',(-0.955,0.6,4.5E-02));
#10545 = VECTOR('',#10546,1.);
#10546 = DIRECTION('',(0.,0.,1.));
#10547 = ORIENTED_EDGE('',*,*,#10548,.T.);
#10548 = EDGE_CURVE('',#10541,#10549,#10551,.T.);
#10549 = VERTEX_POINT('',#10550);
#10550 = CARTESIAN_POINT('',(-0.7,0.6,4.5E-02));
#10551 = LINE('',#10552,#10553);
#10552 = CARTESIAN_POINT('',(-0.955,0.6,4.5E-02));
#10553 = VECTOR('',#10554,1.);
#10554 = DIRECTION('',(1.,0.,0.));
#10555 = ORIENTED_EDGE('',*,*,#10556,.T.);
#10556 = EDGE_CURVE('',#10549,#10505,#10557,.T.);
#10557 = CIRCLE('',#10558,4.5E-02);
#10558 = AXIS2_PLACEMENT_3D('',#10559,#10560,#10561);
#10559 = CARTESIAN_POINT('',(-0.745,0.6,4.5E-02));
#10560 = DIRECTION('',(0.,1.,0.));
#10561 = DIRECTION('',(0.,-0.,1.));
#10562 = PLANE('',#10563);
#10563 = AXIS2_PLACEMENT_3D('',#10564,#10565,#10566);
#10564 = CARTESIAN_POINT('',(-1.,0.6,0.));
#10565 = DIRECTION('',(0.,1.,0.));
#10566 = DIRECTION('',(0.,-0.,1.));
#10567 = ADVANCED_FACE('',(#10568),#10579,.F.);
#10568 = FACE_BOUND('',#10569,.F.);
#10569 = EDGE_LOOP('',(#10570,#10571,#10572,#10573));
#10570 = ORIENTED_EDGE('',*,*,#10504,.F.);
#10571 = ORIENTED_EDGE('',*,*,#10464,.F.);
#10572 = ORIENTED_EDGE('',*,*,#10371,.T.);
#10573 = ORIENTED_EDGE('',*,*,#10574,.T.);
#10574 = EDGE_CURVE('',#10374,#10505,#10575,.T.);
#10575 = LINE('',#10576,#10577);
#10576 = CARTESIAN_POINT('',(-0.745,-0.6,-2.775557561563E-17));
#10577 = VECTOR('',#10578,1.);
#10578 = DIRECTION('',(0.,1.,0.));
#10579 = PLANE('',#10580);
#10580 = AXIS2_PLACEMENT_3D('',#10581,#10582,#10583);
#10581 = CARTESIAN_POINT('',(-1.,-0.6,0.));
#10582 = DIRECTION('',(0.,0.,1.));
#10583 = DIRECTION('',(1.,0.,-0.));
#10584 = ADVANCED_FACE('',(#10585),#10596,.T.);
#10585 = FACE_BOUND('',#10586,.T.);
#10586 = EDGE_LOOP('',(#10587,#10588,#10589,#10590));
#10587 = ORIENTED_EDGE('',*,*,#10439,.T.);
#10588 = ORIENTED_EDGE('',*,*,#10574,.T.);
#10589 = ORIENTED_EDGE('',*,*,#10556,.F.);
#10590 = ORIENTED_EDGE('',*,*,#10591,.F.);
#10591 = EDGE_CURVE('',#10432,#10549,#10592,.T.);
#10592 = LINE('',#10593,#10594);
#10593 = CARTESIAN_POINT('',(-0.7,-0.6,4.5E-02));
#10594 = VECTOR('',#10595,1.);
#10595 = DIRECTION('',(0.,1.,0.));
#10596 = CYLINDRICAL_SURFACE('',#10597,4.5E-02);
#10597 = AXIS2_PLACEMENT_3D('',#10598,#10599,#10600);
#10598 = CARTESIAN_POINT('',(-0.745,-0.6,4.5E-02));
#10599 = DIRECTION('',(0.,1.,0.));
#10600 = DIRECTION('',(1.,0.,0.));
#10601 = ADVANCED_FACE('',(#10602),#10645,.F.);
#10602 = FACE_BOUND('',#10603,.F.);
#10603 = EDGE_LOOP('',(#10604,#10605,#10606,#10607,#10615,#10623,#10631,
    #10639));
#10604 = ORIENTED_EDGE('',*,*,#10431,.F.);
#10605 = ORIENTED_EDGE('',*,*,#10423,.T.);
#10606 = ORIENTED_EDGE('',*,*,#10415,.T.);
#10607 = ORIENTED_EDGE('',*,*,#10608,.T.);
#10608 = EDGE_CURVE('',#10407,#10609,#10611,.T.);
#10609 = VERTEX_POINT('',#10610);
#10610 = CARTESIAN_POINT('',(0.7,-0.6,0.405));
#10611 = LINE('',#10612,#10613);
#10612 = CARTESIAN_POINT('',(-0.7,-0.6,0.405));
#10613 = VECTOR('',#10614,1.);
#10614 = DIRECTION('',(1.,0.,0.));
#10615 = ORIENTED_EDGE('',*,*,#10616,.T.);
#10616 = EDGE_CURVE('',#10609,#10617,#10619,.T.);
#10617 = VERTEX_POINT('',#10618);
#10618 = CARTESIAN_POINT('',(0.955,-0.6,0.405));
#10619 = LINE('',#10620,#10621);
#10620 = CARTESIAN_POINT('',(-0.955,-0.6,0.405));
#10621 = VECTOR('',#10622,1.);
#10622 = DIRECTION('',(1.,0.,0.));
#10623 = ORIENTED_EDGE('',*,*,#10624,.F.);
#10624 = EDGE_CURVE('',#10625,#10617,#10627,.T.);
#10625 = VERTEX_POINT('',#10626);
#10626 = CARTESIAN_POINT('',(0.955,-0.6,4.5E-02));
#10627 = LINE('',#10628,#10629);
#10628 = CARTESIAN_POINT('',(0.955,-0.6,4.5E-02));
#10629 = VECTOR('',#10630,1.);
#10630 = DIRECTION('',(0.,0.,1.));
#10631 = ORIENTED_EDGE('',*,*,#10632,.F.);
#10632 = EDGE_CURVE('',#10633,#10625,#10635,.T.);
#10633 = VERTEX_POINT('',#10634);
#10634 = CARTESIAN_POINT('',(0.7,-0.6,4.5E-02));
#10635 = LINE('',#10636,#10637);
#10636 = CARTESIAN_POINT('',(-0.955,-0.6,4.5E-02));
#10637 = VECTOR('',#10638,1.);
#10638 = DIRECTION('',(1.,0.,0.));
#10639 = ORIENTED_EDGE('',*,*,#10640,.F.);
#10640 = EDGE_CURVE('',#10432,#10633,#10641,.T.);
#10641 = LINE('',#10642,#10643);
#10642 = CARTESIAN_POINT('',(-0.955,-0.6,4.5E-02));
#10643 = VECTOR('',#10644,1.);
#10644 = DIRECTION('',(1.,0.,0.));
#10645 = PLANE('',#10646);
#10646 = AXIS2_PLACEMENT_3D('',#10647,#10648,#10649);
#10647 = CARTESIAN_POINT('',(-0.955,-0.6,4.5E-02));
#10648 = DIRECTION('',(0.,1.,0.));
#10649 = DIRECTION('',(0.,-0.,1.));
#10650 = ADVANCED_FACE('',(#10651),#10662,.T.);
#10651 = FACE_BOUND('',#10652,.T.);
#10652 = EDGE_LOOP('',(#10653,#10654,#10655,#10656));
#10653 = ORIENTED_EDGE('',*,*,#10515,.F.);
#10654 = ORIENTED_EDGE('',*,*,#10480,.F.);
#10655 = ORIENTED_EDGE('',*,*,#10398,.T.);
#10656 = ORIENTED_EDGE('',*,*,#10657,.T.);
#10657 = EDGE_CURVE('',#10399,#10516,#10658,.T.);
#10658 = LINE('',#10659,#10660);
#10659 = CARTESIAN_POINT('',(-0.745,-0.6,0.45));
#10660 = VECTOR('',#10661,1.);
#10661 = DIRECTION('',(0.,1.,0.));
#10662 = PLANE('',#10663);
#10663 = AXIS2_PLACEMENT_3D('',#10664,#10665,#10666);
#10664 = CARTESIAN_POINT('',(-1.,-0.6,0.45));
#10665 = DIRECTION('',(0.,0.,1.));
#10666 = DIRECTION('',(1.,0.,-0.));
#10667 = ADVANCED_FACE('',(#10668),#10679,.T.);
#10668 = FACE_BOUND('',#10669,.T.);
#10669 = EDGE_LOOP('',(#10670,#10676,#10677,#10678));
#10670 = ORIENTED_EDGE('',*,*,#10671,.T.);
#10671 = EDGE_CURVE('',#10407,#10524,#10672,.T.);
#10672 = LINE('',#10673,#10674);
#10673 = CARTESIAN_POINT('',(-0.7,-0.6,0.405));
#10674 = VECTOR('',#10675,1.);
#10675 = DIRECTION('',(0.,1.,0.));
#10676 = ORIENTED_EDGE('',*,*,#10523,.T.);
#10677 = ORIENTED_EDGE('',*,*,#10657,.F.);
#10678 = ORIENTED_EDGE('',*,*,#10406,.F.);
#10679 = CYLINDRICAL_SURFACE('',#10680,4.5E-02);
#10680 = AXIS2_PLACEMENT_3D('',#10681,#10682,#10683);
#10681 = CARTESIAN_POINT('',(-0.745,-0.6,0.405));
#10682 = DIRECTION('',(0.,1.,0.));
#10683 = DIRECTION('',(1.,0.,0.));
#10684 = ADVANCED_FACE('',(#10685),#10728,.T.);
#10685 = FACE_BOUND('',#10686,.T.);
#10686 = EDGE_LOOP('',(#10687,#10688,#10689,#10690,#10698,#10706,#10714,
    #10722));
#10687 = ORIENTED_EDGE('',*,*,#10548,.F.);
#10688 = ORIENTED_EDGE('',*,*,#10540,.T.);
#10689 = ORIENTED_EDGE('',*,*,#10532,.T.);
#10690 = ORIENTED_EDGE('',*,*,#10691,.T.);
#10691 = EDGE_CURVE('',#10524,#10692,#10694,.T.);
#10692 = VERTEX_POINT('',#10693);
#10693 = CARTESIAN_POINT('',(0.7,0.6,0.405));
#10694 = LINE('',#10695,#10696);
#10695 = CARTESIAN_POINT('',(-0.7,0.6,0.405));
#10696 = VECTOR('',#10697,1.);
#10697 = DIRECTION('',(1.,0.,0.));
#10698 = ORIENTED_EDGE('',*,*,#10699,.T.);
#10699 = EDGE_CURVE('',#10692,#10700,#10702,.T.);
#10700 = VERTEX_POINT('',#10701);
#10701 = CARTESIAN_POINT('',(0.955,0.6,0.405));
#10702 = LINE('',#10703,#10704);
#10703 = CARTESIAN_POINT('',(-0.955,0.6,0.405));
#10704 = VECTOR('',#10705,1.);
#10705 = DIRECTION('',(1.,0.,0.));
#10706 = ORIENTED_EDGE('',*,*,#10707,.F.);
#10707 = EDGE_CURVE('',#10708,#10700,#10710,.T.);
#10708 = VERTEX_POINT('',#10709);
#10709 = CARTESIAN_POINT('',(0.955,0.6,4.5E-02));
#10710 = LINE('',#10711,#10712);
#10711 = CARTESIAN_POINT('',(0.955,0.6,4.5E-02));
#10712 = VECTOR('',#10713,1.);
#10713 = DIRECTION('',(0.,0.,1.));
#10714 = ORIENTED_EDGE('',*,*,#10715,.F.);
#10715 = EDGE_CURVE('',#10716,#10708,#10718,.T.);
#10716 = VERTEX_POINT('',#10717);
#10717 = CARTESIAN_POINT('',(0.7,0.6,4.5E-02));
#10718 = LINE('',#10719,#10720);
#10719 = CARTESIAN_POINT('',(-0.955,0.6,4.5E-02));
#10720 = VECTOR('',#10721,1.);
#10721 = DIRECTION('',(1.,0.,0.));
#10722 = ORIENTED_EDGE('',*,*,#10723,.F.);
#10723 = EDGE_CURVE('',#10549,#10716,#10724,.T.);
#10724 = LINE('',#10725,#10726);
#10725 = CARTESIAN_POINT('',(-0.955,0.6,4.5E-02));
#10726 = VECTOR('',#10727,1.);
#10727 = DIRECTION('',(1.,0.,0.));
#10728 = PLANE('',#10729);
#10729 = AXIS2_PLACEMENT_3D('',#10730,#10731,#10732);
#10730 = CARTESIAN_POINT('',(-0.955,0.6,4.5E-02));
#10731 = DIRECTION('',(0.,1.,0.));
#10732 = DIRECTION('',(0.,-0.,1.));
#10733 = ADVANCED_FACE('',(#10734),#10745,.F.);
#10734 = FACE_BOUND('',#10735,.F.);
#10735 = EDGE_LOOP('',(#10736,#10737,#10738,#10744));
#10736 = ORIENTED_EDGE('',*,*,#10591,.F.);
#10737 = ORIENTED_EDGE('',*,*,#10640,.T.);
#10738 = ORIENTED_EDGE('',*,*,#10739,.T.);
#10739 = EDGE_CURVE('',#10633,#10716,#10740,.T.);
#10740 = LINE('',#10741,#10742);
#10741 = CARTESIAN_POINT('',(0.7,-0.6,4.5E-02));
#10742 = VECTOR('',#10743,1.);
#10743 = DIRECTION('',(0.,1.,0.));
#10744 = ORIENTED_EDGE('',*,*,#10723,.F.);
#10745 = PLANE('',#10746);
#10746 = AXIS2_PLACEMENT_3D('',#10747,#10748,#10749);
#10747 = CARTESIAN_POINT('',(-0.955,-0.6,4.5E-02));
#10748 = DIRECTION('',(0.,0.,1.));
#10749 = DIRECTION('',(1.,0.,-0.));
#10750 = ADVANCED_FACE('',(#10751),#10814,.F.);
#10751 = FACE_BOUND('',#10752,.F.);
#10752 = EDGE_LOOP('',(#10753,#10763,#10770,#10771,#10772,#10773,#10782,
    #10790,#10799,#10807));
#10753 = ORIENTED_EDGE('',*,*,#10754,.F.);
#10754 = EDGE_CURVE('',#10755,#10757,#10759,.T.);
#10755 = VERTEX_POINT('',#10756);
#10756 = CARTESIAN_POINT('',(0.745,-0.6,-2.775557561563E-17));
#10757 = VERTEX_POINT('',#10758);
#10758 = CARTESIAN_POINT('',(0.955,-0.6,-2.775557561563E-17));
#10759 = LINE('',#10760,#10761);
#10760 = CARTESIAN_POINT('',(0.7,-0.6,0.));
#10761 = VECTOR('',#10762,1.);
#10762 = DIRECTION('',(1.,0.,0.));
#10763 = ORIENTED_EDGE('',*,*,#10764,.F.);
#10764 = EDGE_CURVE('',#10633,#10755,#10765,.T.);
#10765 = CIRCLE('',#10766,4.5E-02);
#10766 = AXIS2_PLACEMENT_3D('',#10767,#10768,#10769);
#10767 = CARTESIAN_POINT('',(0.745,-0.6,4.5E-02));
#10768 = DIRECTION('',(0.,-1.,0.));
#10769 = DIRECTION('',(0.,0.,1.));
#10770 = ORIENTED_EDGE('',*,*,#10632,.T.);
#10771 = ORIENTED_EDGE('',*,*,#10624,.T.);
#10772 = ORIENTED_EDGE('',*,*,#10616,.F.);
#10773 = ORIENTED_EDGE('',*,*,#10774,.T.);
#10774 = EDGE_CURVE('',#10609,#10775,#10777,.T.);
#10775 = VERTEX_POINT('',#10776);
#10776 = CARTESIAN_POINT('',(0.745,-0.6,0.45));
#10777 = CIRCLE('',#10778,4.5E-02);
#10778 = AXIS2_PLACEMENT_3D('',#10779,#10780,#10781);
#10779 = CARTESIAN_POINT('',(0.745,-0.6,0.405));
#10780 = DIRECTION('',(0.,1.,0.));
#10781 = DIRECTION('',(0.,-0.,1.));
#10782 = ORIENTED_EDGE('',*,*,#10783,.T.);
#10783 = EDGE_CURVE('',#10775,#10784,#10786,.T.);
#10784 = VERTEX_POINT('',#10785);
#10785 = CARTESIAN_POINT('',(0.955,-0.6,0.45));
#10786 = LINE('',#10787,#10788);
#10787 = CARTESIAN_POINT('',(0.7,-0.6,0.45));
#10788 = VECTOR('',#10789,1.);
#10789 = DIRECTION('',(1.,0.,0.));
#10790 = ORIENTED_EDGE('',*,*,#10791,.F.);
#10791 = EDGE_CURVE('',#10792,#10784,#10794,.T.);
#10792 = VERTEX_POINT('',#10793);
#10793 = CARTESIAN_POINT('',(1.,-0.6,0.405));
#10794 = CIRCLE('',#10795,4.5E-02);
#10795 = AXIS2_PLACEMENT_3D('',#10796,#10797,#10798);
#10796 = CARTESIAN_POINT('',(0.955,-0.6,0.405));
#10797 = DIRECTION('',(0.,-1.,0.));
#10798 = DIRECTION('',(0.,0.,1.));
#10799 = ORIENTED_EDGE('',*,*,#10800,.F.);
#10800 = EDGE_CURVE('',#10801,#10792,#10803,.T.);
#10801 = VERTEX_POINT('',#10802);
#10802 = CARTESIAN_POINT('',(1.,-0.6,4.5E-02));
#10803 = LINE('',#10804,#10805);
#10804 = CARTESIAN_POINT('',(1.,-0.6,0.));
#10805 = VECTOR('',#10806,1.);
#10806 = DIRECTION('',(0.,0.,1.));
#10807 = ORIENTED_EDGE('',*,*,#10808,.T.);
#10808 = EDGE_CURVE('',#10801,#10757,#10809,.T.);
#10809 = CIRCLE('',#10810,4.5E-02);
#10810 = AXIS2_PLACEMENT_3D('',#10811,#10812,#10813);
#10811 = CARTESIAN_POINT('',(0.955,-0.6,4.5E-02));
#10812 = DIRECTION('',(0.,1.,0.));
#10813 = DIRECTION('',(0.,-0.,1.));
#10814 = PLANE('',#10815);
#10815 = AXIS2_PLACEMENT_3D('',#10816,#10817,#10818);
#10816 = CARTESIAN_POINT('',(0.7,-0.6,0.));
#10817 = DIRECTION('',(0.,1.,0.));
#10818 = DIRECTION('',(0.,-0.,1.));
#10819 = ADVANCED_FACE('',(#10820),#10845,.F.);
#10820 = FACE_BOUND('',#10821,.F.);
#10821 = EDGE_LOOP('',(#10822,#10823,#10831,#10839));
#10822 = ORIENTED_EDGE('',*,*,#10608,.F.);
#10823 = ORIENTED_EDGE('',*,*,#10824,.T.);
#10824 = EDGE_CURVE('',#10407,#10825,#10827,.T.);
#10825 = VERTEX_POINT('',#10826);
#10826 = CARTESIAN_POINT('',(-0.7,-0.6,0.45));
#10827 = LINE('',#10828,#10829);
#10828 = CARTESIAN_POINT('',(-0.7,-0.6,0.405));
#10829 = VECTOR('',#10830,1.);
#10830 = DIRECTION('',(0.,0.,1.));
#10831 = ORIENTED_EDGE('',*,*,#10832,.T.);
#10832 = EDGE_CURVE('',#10825,#10833,#10835,.T.);
#10833 = VERTEX_POINT('',#10834);
#10834 = CARTESIAN_POINT('',(0.7,-0.6,0.45));
#10835 = LINE('',#10836,#10837);
#10836 = CARTESIAN_POINT('',(-0.7,-0.6,0.45));
#10837 = VECTOR('',#10838,1.);
#10838 = DIRECTION('',(1.,0.,0.));
#10839 = ORIENTED_EDGE('',*,*,#10840,.F.);
#10840 = EDGE_CURVE('',#10609,#10833,#10841,.T.);
#10841 = LINE('',#10842,#10843);
#10842 = CARTESIAN_POINT('',(0.7,-0.6,0.405));
#10843 = VECTOR('',#10844,1.);
#10844 = DIRECTION('',(0.,0.,1.));
#10845 = PLANE('',#10846);
#10846 = AXIS2_PLACEMENT_3D('',#10847,#10848,#10849);
#10847 = CARTESIAN_POINT('',(-0.7,-0.6,0.405));
#10848 = DIRECTION('',(0.,1.,0.));
#10849 = DIRECTION('',(0.,-0.,1.));
#10850 = ADVANCED_FACE('',(#10851),#10869,.F.);
#10851 = FACE_BOUND('',#10852,.F.);
#10852 = EDGE_LOOP('',(#10853,#10854,#10855,#10863));
#10853 = ORIENTED_EDGE('',*,*,#10824,.F.);
#10854 = ORIENTED_EDGE('',*,*,#10671,.T.);
#10855 = ORIENTED_EDGE('',*,*,#10856,.T.);
#10856 = EDGE_CURVE('',#10524,#10857,#10859,.T.);
#10857 = VERTEX_POINT('',#10858);
#10858 = CARTESIAN_POINT('',(-0.7,0.6,0.45));
#10859 = LINE('',#10860,#10861);
#10860 = CARTESIAN_POINT('',(-0.7,0.6,0.405));
#10861 = VECTOR('',#10862,1.);
#10862 = DIRECTION('',(0.,0.,1.));
#10863 = ORIENTED_EDGE('',*,*,#10864,.F.);
#10864 = EDGE_CURVE('',#10825,#10857,#10865,.T.);
#10865 = LINE('',#10866,#10867);
#10866 = CARTESIAN_POINT('',(-0.7,-0.6,0.45));
#10867 = VECTOR('',#10868,1.);
#10868 = DIRECTION('',(0.,1.,0.));
#10869 = PLANE('',#10870);
#10870 = AXIS2_PLACEMENT_3D('',#10871,#10872,#10873);
#10871 = CARTESIAN_POINT('',(-0.7,-0.6,0.405));
#10872 = DIRECTION('',(1.,0.,0.));
#10873 = DIRECTION('',(0.,0.,1.));
#10874 = ADVANCED_FACE('',(#10875),#10938,.T.);
#10875 = FACE_BOUND('',#10876,.T.);
#10876 = EDGE_LOOP('',(#10877,#10887,#10894,#10895,#10896,#10897,#10906,
    #10914,#10923,#10931));
#10877 = ORIENTED_EDGE('',*,*,#10878,.F.);
#10878 = EDGE_CURVE('',#10879,#10881,#10883,.T.);
#10879 = VERTEX_POINT('',#10880);
#10880 = CARTESIAN_POINT('',(0.745,0.6,-2.775557561563E-17));
#10881 = VERTEX_POINT('',#10882);
#10882 = CARTESIAN_POINT('',(0.955,0.6,-2.775557561563E-17));
#10883 = LINE('',#10884,#10885);
#10884 = CARTESIAN_POINT('',(0.7,0.6,0.));
#10885 = VECTOR('',#10886,1.);
#10886 = DIRECTION('',(1.,0.,0.));
#10887 = ORIENTED_EDGE('',*,*,#10888,.F.);
#10888 = EDGE_CURVE('',#10716,#10879,#10889,.T.);
#10889 = CIRCLE('',#10890,4.5E-02);
#10890 = AXIS2_PLACEMENT_3D('',#10891,#10892,#10893);
#10891 = CARTESIAN_POINT('',(0.745,0.6,4.5E-02));
#10892 = DIRECTION('',(0.,-1.,0.));
#10893 = DIRECTION('',(0.,0.,1.));
#10894 = ORIENTED_EDGE('',*,*,#10715,.T.);
#10895 = ORIENTED_EDGE('',*,*,#10707,.T.);
#10896 = ORIENTED_EDGE('',*,*,#10699,.F.);
#10897 = ORIENTED_EDGE('',*,*,#10898,.T.);
#10898 = EDGE_CURVE('',#10692,#10899,#10901,.T.);
#10899 = VERTEX_POINT('',#10900);
#10900 = CARTESIAN_POINT('',(0.745,0.6,0.45));
#10901 = CIRCLE('',#10902,4.5E-02);
#10902 = AXIS2_PLACEMENT_3D('',#10903,#10904,#10905);
#10903 = CARTESIAN_POINT('',(0.745,0.6,0.405));
#10904 = DIRECTION('',(0.,1.,0.));
#10905 = DIRECTION('',(0.,-0.,1.));
#10906 = ORIENTED_EDGE('',*,*,#10907,.T.);
#10907 = EDGE_CURVE('',#10899,#10908,#10910,.T.);
#10908 = VERTEX_POINT('',#10909);
#10909 = CARTESIAN_POINT('',(0.955,0.6,0.45));
#10910 = LINE('',#10911,#10912);
#10911 = CARTESIAN_POINT('',(0.7,0.6,0.45));
#10912 = VECTOR('',#10913,1.);
#10913 = DIRECTION('',(1.,0.,0.));
#10914 = ORIENTED_EDGE('',*,*,#10915,.F.);
#10915 = EDGE_CURVE('',#10916,#10908,#10918,.T.);
#10916 = VERTEX_POINT('',#10917);
#10917 = CARTESIAN_POINT('',(1.,0.6,0.405));
#10918 = CIRCLE('',#10919,4.5E-02);
#10919 = AXIS2_PLACEMENT_3D('',#10920,#10921,#10922);
#10920 = CARTESIAN_POINT('',(0.955,0.6,0.405));
#10921 = DIRECTION('',(0.,-1.,0.));
#10922 = DIRECTION('',(0.,0.,1.));
#10923 = ORIENTED_EDGE('',*,*,#10924,.F.);
#10924 = EDGE_CURVE('',#10925,#10916,#10927,.T.);
#10925 = VERTEX_POINT('',#10926);
#10926 = CARTESIAN_POINT('',(1.,0.6,4.5E-02));
#10927 = LINE('',#10928,#10929);
#10928 = CARTESIAN_POINT('',(1.,0.6,0.));
#10929 = VECTOR('',#10930,1.);
#10930 = DIRECTION('',(0.,0.,1.));
#10931 = ORIENTED_EDGE('',*,*,#10932,.T.);
#10932 = EDGE_CURVE('',#10925,#10881,#10933,.T.);
#10933 = CIRCLE('',#10934,4.5E-02);
#10934 = AXIS2_PLACEMENT_3D('',#10935,#10936,#10937);
#10935 = CARTESIAN_POINT('',(0.955,0.6,4.5E-02));
#10936 = DIRECTION('',(0.,1.,0.));
#10937 = DIRECTION('',(0.,-0.,1.));
#10938 = PLANE('',#10939);
#10939 = AXIS2_PLACEMENT_3D('',#10940,#10941,#10942);
#10940 = CARTESIAN_POINT('',(0.7,0.6,0.));
#10941 = DIRECTION('',(0.,1.,0.));
#10942 = DIRECTION('',(0.,-0.,1.));
#10943 = ADVANCED_FACE('',(#10944),#10962,.T.);
#10944 = FACE_BOUND('',#10945,.T.);
#10945 = EDGE_LOOP('',(#10946,#10947,#10948,#10956));
#10946 = ORIENTED_EDGE('',*,*,#10691,.F.);
#10947 = ORIENTED_EDGE('',*,*,#10856,.T.);
#10948 = ORIENTED_EDGE('',*,*,#10949,.T.);
#10949 = EDGE_CURVE('',#10857,#10950,#10952,.T.);
#10950 = VERTEX_POINT('',#10951);
#10951 = CARTESIAN_POINT('',(0.7,0.6,0.45));
#10952 = LINE('',#10953,#10954);
#10953 = CARTESIAN_POINT('',(-0.7,0.6,0.45));
#10954 = VECTOR('',#10955,1.);
#10955 = DIRECTION('',(1.,0.,0.));
#10956 = ORIENTED_EDGE('',*,*,#10957,.F.);
#10957 = EDGE_CURVE('',#10692,#10950,#10958,.T.);
#10958 = LINE('',#10959,#10960);
#10959 = CARTESIAN_POINT('',(0.7,0.6,0.405));
#10960 = VECTOR('',#10961,1.);
#10961 = DIRECTION('',(0.,0.,1.));
#10962 = PLANE('',#10963);
#10963 = AXIS2_PLACEMENT_3D('',#10964,#10965,#10966);
#10964 = CARTESIAN_POINT('',(-0.7,0.6,0.405));
#10965 = DIRECTION('',(0.,1.,0.));
#10966 = DIRECTION('',(0.,-0.,1.));
#10967 = ADVANCED_FACE('',(#10968),#10979,.T.);
#10968 = FACE_BOUND('',#10969,.T.);
#10969 = EDGE_LOOP('',(#10970,#10971,#10972,#10978));
#10970 = ORIENTED_EDGE('',*,*,#10739,.T.);
#10971 = ORIENTED_EDGE('',*,*,#10888,.T.);
#10972 = ORIENTED_EDGE('',*,*,#10973,.F.);
#10973 = EDGE_CURVE('',#10755,#10879,#10974,.T.);
#10974 = LINE('',#10975,#10976);
#10975 = CARTESIAN_POINT('',(0.745,-0.6,-2.775557561563E-17));
#10976 = VECTOR('',#10977,1.);
#10977 = DIRECTION('',(0.,1.,0.));
#10978 = ORIENTED_EDGE('',*,*,#10764,.F.);
#10979 = CYLINDRICAL_SURFACE('',#10980,4.5E-02);
#10980 = AXIS2_PLACEMENT_3D('',#10981,#10982,#10983);
#10981 = CARTESIAN_POINT('',(0.745,-0.6,4.5E-02));
#10982 = DIRECTION('',(0.,1.,0.));
#10983 = DIRECTION('',(-1.,0.,0.));
#10984 = ADVANCED_FACE('',(#10985),#10996,.F.);
#10985 = FACE_BOUND('',#10986,.F.);
#10986 = EDGE_LOOP('',(#10987,#10988,#10989,#10990));
#10987 = ORIENTED_EDGE('',*,*,#10878,.F.);
#10988 = ORIENTED_EDGE('',*,*,#10973,.F.);
#10989 = ORIENTED_EDGE('',*,*,#10754,.T.);
#10990 = ORIENTED_EDGE('',*,*,#10991,.T.);
#10991 = EDGE_CURVE('',#10757,#10881,#10992,.T.);
#10992 = LINE('',#10993,#10994);
#10993 = CARTESIAN_POINT('',(0.955,-0.6,-2.775557561563E-17));
#10994 = VECTOR('',#10995,1.);
#10995 = DIRECTION('',(0.,1.,0.));
#10996 = PLANE('',#10997);
#10997 = AXIS2_PLACEMENT_3D('',#10998,#10999,#11000);
#10998 = CARTESIAN_POINT('',(0.7,-0.6,0.));
#10999 = DIRECTION('',(0.,0.,1.));
#11000 = DIRECTION('',(1.,0.,-0.));
#11001 = ADVANCED_FACE('',(#11002),#11013,.T.);
#11002 = FACE_BOUND('',#11003,.T.);
#11003 = EDGE_LOOP('',(#11004,#11005,#11006,#11007));
#11004 = ORIENTED_EDGE('',*,*,#10808,.T.);
#11005 = ORIENTED_EDGE('',*,*,#10991,.T.);
#11006 = ORIENTED_EDGE('',*,*,#10932,.F.);
#11007 = ORIENTED_EDGE('',*,*,#11008,.F.);
#11008 = EDGE_CURVE('',#10801,#10925,#11009,.T.);
#11009 = LINE('',#11010,#11011);
#11010 = CARTESIAN_POINT('',(1.,-0.6,4.5E-02));
#11011 = VECTOR('',#11012,1.);
#11012 = DIRECTION('',(0.,1.,0.));
#11013 = CYLINDRICAL_SURFACE('',#11014,4.5E-02);
#11014 = AXIS2_PLACEMENT_3D('',#11015,#11016,#11017);
#11015 = CARTESIAN_POINT('',(0.955,-0.6,4.5E-02));
#11016 = DIRECTION('',(0.,1.,0.));
#11017 = DIRECTION('',(1.,0.,0.));
#11018 = ADVANCED_FACE('',(#11019),#11030,.T.);
#11019 = FACE_BOUND('',#11020,.T.);
#11020 = EDGE_LOOP('',(#11021,#11022,#11023,#11024));
#11021 = ORIENTED_EDGE('',*,*,#10800,.F.);
#11022 = ORIENTED_EDGE('',*,*,#11008,.T.);
#11023 = ORIENTED_EDGE('',*,*,#10924,.T.);
#11024 = ORIENTED_EDGE('',*,*,#11025,.F.);
#11025 = EDGE_CURVE('',#10792,#10916,#11026,.T.);
#11026 = LINE('',#11027,#11028);
#11027 = CARTESIAN_POINT('',(1.,-0.6,0.405));
#11028 = VECTOR('',#11029,1.);
#11029 = DIRECTION('',(0.,1.,0.));
#11030 = PLANE('',#11031);
#11031 = AXIS2_PLACEMENT_3D('',#11032,#11033,#11034);
#11032 = CARTESIAN_POINT('',(1.,-0.6,0.));
#11033 = DIRECTION('',(1.,0.,0.));
#11034 = DIRECTION('',(0.,0.,1.));
#11035 = ADVANCED_FACE('',(#11036),#11047,.T.);
#11036 = FACE_BOUND('',#11037,.T.);
#11037 = EDGE_LOOP('',(#11038,#11039,#11040,#11046));
#11038 = ORIENTED_EDGE('',*,*,#11025,.T.);
#11039 = ORIENTED_EDGE('',*,*,#10915,.T.);
#11040 = ORIENTED_EDGE('',*,*,#11041,.F.);
#11041 = EDGE_CURVE('',#10784,#10908,#11042,.T.);
#11042 = LINE('',#11043,#11044);
#11043 = CARTESIAN_POINT('',(0.955,-0.6,0.45));
#11044 = VECTOR('',#11045,1.);
#11045 = DIRECTION('',(0.,1.,0.));
#11046 = ORIENTED_EDGE('',*,*,#10791,.F.);
#11047 = CYLINDRICAL_SURFACE('',#11048,4.5E-02);
#11048 = AXIS2_PLACEMENT_3D('',#11049,#11050,#11051);
#11049 = CARTESIAN_POINT('',(0.955,-0.6,0.405));
#11050 = DIRECTION('',(0.,1.,0.));
#11051 = DIRECTION('',(1.,0.,0.));
#11052 = ADVANCED_FACE('',(#11053),#11064,.T.);
#11053 = FACE_BOUND('',#11054,.T.);
#11054 = EDGE_LOOP('',(#11055,#11056,#11062,#11063));
#11055 = ORIENTED_EDGE('',*,*,#10907,.F.);
#11056 = ORIENTED_EDGE('',*,*,#11057,.F.);
#11057 = EDGE_CURVE('',#10775,#10899,#11058,.T.);
#11058 = LINE('',#11059,#11060);
#11059 = CARTESIAN_POINT('',(0.745,-0.6,0.45));
#11060 = VECTOR('',#11061,1.);
#11061 = DIRECTION('',(0.,1.,0.));
#11062 = ORIENTED_EDGE('',*,*,#10783,.T.);
#11063 = ORIENTED_EDGE('',*,*,#11041,.T.);
#11064 = PLANE('',#11065);
#11065 = AXIS2_PLACEMENT_3D('',#11066,#11067,#11068);
#11066 = CARTESIAN_POINT('',(0.7,-0.6,0.45));
#11067 = DIRECTION('',(0.,0.,1.));
#11068 = DIRECTION('',(1.,0.,-0.));
#11069 = ADVANCED_FACE('',(#11070),#11081,.T.);
#11070 = FACE_BOUND('',#11071,.T.);
#11071 = EDGE_LOOP('',(#11072,#11073,#11074,#11075));
#11072 = ORIENTED_EDGE('',*,*,#10774,.T.);
#11073 = ORIENTED_EDGE('',*,*,#11057,.T.);
#11074 = ORIENTED_EDGE('',*,*,#10898,.F.);
#11075 = ORIENTED_EDGE('',*,*,#11076,.F.);
#11076 = EDGE_CURVE('',#10609,#10692,#11077,.T.);
#11077 = LINE('',#11078,#11079);
#11078 = CARTESIAN_POINT('',(0.7,-0.6,0.405));
#11079 = VECTOR('',#11080,1.);
#11080 = DIRECTION('',(0.,1.,0.));
#11081 = CYLINDRICAL_SURFACE('',#11082,4.5E-02);
#11082 = AXIS2_PLACEMENT_3D('',#11083,#11084,#11085);
#11083 = CARTESIAN_POINT('',(0.745,-0.6,0.405));
#11084 = DIRECTION('',(0.,1.,0.));
#11085 = DIRECTION('',(-1.,0.,0.));
#11086 = ADVANCED_FACE('',(#11087),#11098,.T.);
#11087 = FACE_BOUND('',#11088,.T.);
#11088 = EDGE_LOOP('',(#11089,#11090,#11091,#11092));
#11089 = ORIENTED_EDGE('',*,*,#10840,.F.);
#11090 = ORIENTED_EDGE('',*,*,#11076,.T.);
#11091 = ORIENTED_EDGE('',*,*,#10957,.T.);
#11092 = ORIENTED_EDGE('',*,*,#11093,.F.);
#11093 = EDGE_CURVE('',#10833,#10950,#11094,.T.);
#11094 = LINE('',#11095,#11096);
#11095 = CARTESIAN_POINT('',(0.7,-0.6,0.45));
#11096 = VECTOR('',#11097,1.);
#11097 = DIRECTION('',(0.,1.,0.));
#11098 = PLANE('',#11099);
#11099 = AXIS2_PLACEMENT_3D('',#11100,#11101,#11102);
#11100 = CARTESIAN_POINT('',(0.7,-0.6,0.405));
#11101 = DIRECTION('',(1.,0.,0.));
#11102 = DIRECTION('',(0.,0.,1.));
#11103 = ADVANCED_FACE('',(#11104),#11110,.T.);
#11104 = FACE_BOUND('',#11105,.T.);
#11105 = EDGE_LOOP('',(#11106,#11107,#11108,#11109));
#11106 = ORIENTED_EDGE('',*,*,#10864,.F.);
#11107 = ORIENTED_EDGE('',*,*,#10832,.T.);
#11108 = ORIENTED_EDGE('',*,*,#11093,.T.);
#11109 = ORIENTED_EDGE('',*,*,#10949,.F.);
#11110 = PLANE('',#11111);
#11111 = AXIS2_PLACEMENT_3D('',#11112,#11113,#11114);
#11112 = CARTESIAN_POINT('',(-0.7,-0.6,0.45));
#11113 = DIRECTION('',(0.,0.,1.));
#11114 = DIRECTION('',(1.,0.,-0.));
#11115 = ( GEOMETRIC_REPRESENTATION_CONTEXT(3) 
GLOBAL_UNCERTAINTY_ASSIGNED_CONTEXT((#11119)) 
GLOBAL_UNIT_ASSIGNED_CONTEXT((#11116,#11117,#11118)) 
REPRESENTATION_CONTEXT('Context #1',
  '3D Context with UNIT and UNCERTAINTY') );
#11116 = ( LENGTH_UNIT() NAMED_UNIT(*) SI_UNIT(.MILLI.,.METRE.) );
#11117 = ( NAMED_UNIT(*) PLANE_ANGLE_UNIT() SI_UNIT($,.RADIAN.) );
#11118 = ( NAMED_UNIT(*) SI_UNIT($,.STERADIAN.) SOLID_ANGLE_UNIT() );
#11119 = UNCERTAINTY_MEASURE_WITH_UNIT(LENGTH_MEASURE(1.E-07),#11116,
  'distance_accuracy_value','confusion accuracy');
#11120 = CONTEXT_DEPENDENT_SHAPE_REPRESENTATION(#11121,#11123);
#11121 = ( REPRESENTATION_RELATIONSHIP('','',#10324,#10) 
REPRESENTATION_RELATIONSHIP_WITH_TRANSFORMATION(#11122) 
SHAPE_REPRESENTATION_RELATIONSHIP() );
#11122 = ITEM_DEFINED_TRANSFORMATION('','',#11,#71);
#11123 = PRODUCT_DEFINITION_SHAPE('Placement','Placement of an item',
  #11124);
#11124 = NEXT_ASSEMBLY_USAGE_OCCURRENCE('18','R1','',#5,#10319,$);
#11125 = PRODUCT_RELATED_PRODUCT_CATEGORY('part',$,(#10321));
#11126 = CONTEXT_DEPENDENT_SHAPE_REPRESENTATION(#11127,#11129);
#11127 = ( REPRESENTATION_RELATIONSHIP('','',#6558,#10) 
REPRESENTATION_RELATIONSHIP_WITH_TRANSFORMATION(#11128) 
SHAPE_REPRESENTATION_RELATIONSHIP() );
#11128 = ITEM_DEFINED_TRANSFORMATION('','',#11,#75);
#11129 = PRODUCT_DEFINITION_SHAPE('Placement','Placement of an item',
  #11130);
#11130 = NEXT_ASSEMBLY_USAGE_OCCURRENCE('19','Q3','',#5,#6553,$);
#11131 = CONTEXT_DEPENDENT_SHAPE_REPRESENTATION(#11132,#11134);
#11132 = ( REPRESENTATION_RELATIONSHIP('','',#9925,#10) 
REPRESENTATION_RELATIONSHIP_WITH_TRANSFORMATION(#11133) 
SHAPE_REPRESENTATION_RELATIONSHIP() );
#11133 = ITEM_DEFINED_TRANSFORMATION('','',#11,#79);
#11134 = PRODUCT_DEFINITION_SHAPE('Placement','Placement of an item',
  #11135);
#11135 = NEXT_ASSEMBLY_USAGE_OCCURRENCE('20','D2','',#5,#9920,$);
#11136 = CONTEXT_DEPENDENT_SHAPE_REPRESENTATION(#11137,#11139);
#11137 = ( REPRESENTATION_RELATIONSHIP('','',#9925,#10) 
REPRESENTATION_RELATIONSHIP_WITH_TRANSFORMATION(#11138) 
SHAPE_REPRESENTATION_RELATIONSHIP() );
#11138 = ITEM_DEFINED_TRANSFORMATION('','',#11,#83);
#11139 = PRODUCT_DEFINITION_SHAPE('Placement','Placement of an item',
  #11140);
#11140 = NEXT_ASSEMBLY_USAGE_OCCURRENCE('21','D7','',#5,#9920,$);
#11141 = CONTEXT_DEPENDENT_SHAPE_REPRESENTATION(#11142,#11144);
#11142 = ( REPRESENTATION_RELATIONSHIP('','',#10324,#10) 
REPRESENTATION_RELATIONSHIP_WITH_TRANSFORMATION(#11143) 
SHAPE_REPRESENTATION_RELATIONSHIP() );
#11143 = ITEM_DEFINED_TRANSFORMATION('','',#11,#87);
#11144 = PRODUCT_DEFINITION_SHAPE('Placement','Placement of an item',
  #11145);
#11145 = NEXT_ASSEMBLY_USAGE_OCCURRENCE('22','R4','',#5,#10319,$);
#11146 = CONTEXT_DEPENDENT_SHAPE_REPRESENTATION(#11147,#11149);
#11147 = ( REPRESENTATION_RELATIONSHIP('','',#152,#10) 
REPRESENTATION_RELATIONSHIP_WITH_TRANSFORMATION(#11148) 
SHAPE_REPRESENTATION_RELATIONSHIP() );
#11148 = ITEM_DEFINED_TRANSFORMATION('','',#11,#91);
#11149 = PRODUCT_DEFINITION_SHAPE('Placement','Placement of an item',
  #11150);
#11150 = NEXT_ASSEMBLY_USAGE_OCCURRENCE('23','J6','',#5,#147,$);
#11151 = CONTEXT_DEPENDENT_SHAPE_REPRESENTATION(#11152,#11154);
#11152 = ( REPRESENTATION_RELATIONSHIP('','',#9925,#10) 
REPRESENTATION_RELATIONSHIP_WITH_TRANSFORMATION(#11153) 
SHAPE_REPRESENTATION_RELATIONSHIP() );
#11153 = ITEM_DEFINED_TRANSFORMATION('','',#11,#95);
#11154 = PRODUCT_DEFINITION_SHAPE('Placement','Placement of an item',
  #11155);
#11155 = NEXT_ASSEMBLY_USAGE_OCCURRENCE('24','D8','',#5,#9920,$);
#11156 = CONTEXT_DEPENDENT_SHAPE_REPRESENTATION(#11157,#11159);
#11157 = ( REPRESENTATION_RELATIONSHIP('','',#6558,#10) 
REPRESENTATION_RELATIONSHIP_WITH_TRANSFORMATION(#11158) 
SHAPE_REPRESENTATION_RELATIONSHIP() );
#11158 = ITEM_DEFINED_TRANSFORMATION('','',#11,#99);
#11159 = PRODUCT_DEFINITION_SHAPE('Placement','Placement of an item',
  #11160);
#11160 = NEXT_ASSEMBLY_USAGE_OCCURRENCE('25','Q11','',#5,#6553,$);
#11161 = CONTEXT_DEPENDENT_SHAPE_REPRESENTATION(#11162,#11164);
#11162 = ( REPRESENTATION_RELATIONSHIP('','',#8394,#10) 
REPRESENTATION_RELATIONSHIP_WITH_TRANSFORMATION(#11163) 
SHAPE_REPRESENTATION_RELATIONSHIP() );
#11163 = ITEM_DEFINED_TRANSFORMATION('','',#11,#103);
#11164 = PRODUCT_DEFINITION_SHAPE('Placement','Placement of an item',
  #11165);
#11165 = NEXT_ASSEMBLY_USAGE_OCCURRENCE('26','Q5','',#5,#8389,$);
#11166 = CONTEXT_DEPENDENT_SHAPE_REPRESENTATION(#11167,#11169);
#11167 = ( REPRESENTATION_RELATIONSHIP('','',#10324,#10) 
REPRESENTATION_RELATIONSHIP_WITH_TRANSFORMATION(#11168) 
SHAPE_REPRESENTATION_RELATIONSHIP() );
#11168 = ITEM_DEFINED_TRANSFORMATION('','',#11,#107);
#11169 = PRODUCT_DEFINITION_SHAPE('Placement','Placement of an item',
  #11170);
#11170 = NEXT_ASSEMBLY_USAGE_OCCURRENCE('27','R3','',#5,#10319,$);
#11171 = CONTEXT_DEPENDENT_SHAPE_REPRESENTATION(#11172,#11174);
#11172 = ( REPRESENTATION_RELATIONSHIP('','',#9925,#10) 
REPRESENTATION_RELATIONSHIP_WITH_TRANSFORMATION(#11173) 
SHAPE_REPRESENTATION_RELATIONSHIP() );
#11173 = ITEM_DEFINED_TRANSFORMATION('','',#11,#111);
#11174 = PRODUCT_DEFINITION_SHAPE('Placement','Placement of an item',
  #11175);
#11175 = NEXT_ASSEMBLY_USAGE_OCCURRENCE('28','D4','',#5,#9920,$);
#11176 = CONTEXT_DEPENDENT_SHAPE_REPRESENTATION(#11177,#11179);
#11177 = ( REPRESENTATION_RELATIONSHIP('','',#9925,#10) 
REPRESENTATION_RELATIONSHIP_WITH_TRANSFORMATION(#11178) 
SHAPE_REPRESENTATION_RELATIONSHIP() );
#11178 = ITEM_DEFINED_TRANSFORMATION('','',#11,#115);
#11179 = PRODUCT_DEFINITION_SHAPE('Placement','Placement of an item',
  #11180);
#11180 = NEXT_ASSEMBLY_USAGE_OCCURRENCE('29','D3','',#5,#9920,$);
#11181 = CONTEXT_DEPENDENT_SHAPE_REPRESENTATION(#11182,#11184);
#11182 = ( REPRESENTATION_RELATIONSHIP('','',#10324,#10) 
REPRESENTATION_RELATIONSHIP_WITH_TRANSFORMATION(#11183) 
SHAPE_REPRESENTATION_RELATIONSHIP() );
#11183 = ITEM_DEFINED_TRANSFORMATION('','',#11,#119);
#11184 = PRODUCT_DEFINITION_SHAPE('Placement','Placement of an item',
  #11185);
#11185 = NEXT_ASSEMBLY_USAGE_OCCURRENCE('30','R2','',#5,#10319,$);
#11186 = CONTEXT_DEPENDENT_SHAPE_REPRESENTATION(#11187,#11189);
#11187 = ( REPRESENTATION_RELATIONSHIP('','',#8394,#10) 
REPRESENTATION_RELATIONSHIP_WITH_TRANSFORMATION(#11188) 
SHAPE_REPRESENTATION_RELATIONSHIP() );
#11188 = ITEM_DEFINED_TRANSFORMATION('','',#11,#123);
#11189 = PRODUCT_DEFINITION_SHAPE('Placement','Placement of an item',
  #11190);
#11190 = NEXT_ASSEMBLY_USAGE_OCCURRENCE('31','Q4','',#5,#8389,$);
#11191 = SHAPE_DEFINITION_REPRESENTATION(#11192,#11198);
#11192 = PRODUCT_DEFINITION_SHAPE('','',#11193);
#11193 = PRODUCT_DEFINITION('design','',#11194,#11197);
#11194 = PRODUCT_DEFINITION_FORMATION('','',#11195);
#11195 = PRODUCT('PinHeader_1x02_P2.54mm_Vertical',
  'PinHeader_1x02_P2.54mm_Vertical','',(#11196));
#11196 = PRODUCT_CONTEXT('',#2,'mechanical');
#11197 = PRODUCT_DEFINITION_CONTEXT('part definition',#2,'design');
#11198 = ADVANCED_BREP_SHAPE_REPRESENTATION('',(#11,#11199),#12631);
#11199 = MANIFOLD_SOLID_BREP('',#11200);
#11200 = CLOSED_SHELL('',(#11201,#11241,#11272,#11303,#11468,#11633,
    #11650,#11667,#11684,#11701,#11718,#11735,#11752,#11769,#11786,
    #11803,#11815,#11846,#11870,#11894,#11911,#11942,#11966,#11990,
    #12007,#12038,#12062,#12086,#12103,#12134,#12158,#12182,#12199,
    #12230,#12254,#12278,#12295,#12326,#12350,#12374,#12391,#12422,
    #12446,#12470,#12487,#12518,#12542,#12566,#12583,#12595,#12607,
    #12619));
#11201 = ADVANCED_FACE('',(#11202),#11236,.F.);
#11202 = FACE_BOUND('',#11203,.F.);
#11203 = EDGE_LOOP('',(#11204,#11214,#11222,#11230));
#11204 = ORIENTED_EDGE('',*,*,#11205,.T.);
#11205 = EDGE_CURVE('',#11206,#11208,#11210,.T.);
#11206 = VERTEX_POINT('',#11207);
#11207 = CARTESIAN_POINT('',(-1.016,1.27,0.));
#11208 = VERTEX_POINT('',#11209);
#11209 = CARTESIAN_POINT('',(-1.016,1.27,2.54));
#11210 = LINE('',#11211,#11212);
#11211 = CARTESIAN_POINT('',(-1.016,1.27,0.));
#11212 = VECTOR('',#11213,1.);
#11213 = DIRECTION('',(0.,0.,1.));
#11214 = ORIENTED_EDGE('',*,*,#11215,.T.);
#11215 = EDGE_CURVE('',#11208,#11216,#11218,.T.);
#11216 = VERTEX_POINT('',#11217);
#11217 = CARTESIAN_POINT('',(-1.27,1.016,2.54));
#11218 = LINE('',#11219,#11220);
#11219 = CARTESIAN_POINT('',(-1.016,1.27,2.54));
#11220 = VECTOR('',#11221,1.);
#11221 = DIRECTION('',(-0.707106781187,-0.707106781187,0.));
#11222 = ORIENTED_EDGE('',*,*,#11223,.F.);
#11223 = EDGE_CURVE('',#11224,#11216,#11226,.T.);
#11224 = VERTEX_POINT('',#11225);
#11225 = CARTESIAN_POINT('',(-1.27,1.016,0.));
#11226 = LINE('',#11227,#11228);
#11227 = CARTESIAN_POINT('',(-1.27,1.016,0.));
#11228 = VECTOR('',#11229,1.);
#11229 = DIRECTION('',(0.,0.,1.));
#11230 = ORIENTED_EDGE('',*,*,#11231,.F.);
#11231 = EDGE_CURVE('',#11206,#11224,#11232,.T.);
#11232 = LINE('',#11233,#11234);
#11233 = CARTESIAN_POINT('',(-1.016,1.27,0.));
#11234 = VECTOR('',#11235,1.);
#11235 = DIRECTION('',(-0.707106781187,-0.707106781187,0.));
#11236 = PLANE('',#11237);
#11237 = AXIS2_PLACEMENT_3D('',#11238,#11239,#11240);
#11238 = CARTESIAN_POINT('',(-1.016,1.27,0.));
#11239 = DIRECTION('',(0.707106781187,-0.707106781187,0.));
#11240 = DIRECTION('',(-0.707106781187,-0.707106781187,0.));
#11241 = ADVANCED_FACE('',(#11242),#11267,.F.);
#11242 = FACE_BOUND('',#11243,.F.);
#11243 = EDGE_LOOP('',(#11244,#11254,#11260,#11261));
#11244 = ORIENTED_EDGE('',*,*,#11245,.T.);
#11245 = EDGE_CURVE('',#11246,#11248,#11250,.T.);
#11246 = VERTEX_POINT('',#11247);
#11247 = CARTESIAN_POINT('',(1.016,1.27,0.));
#11248 = VERTEX_POINT('',#11249);
#11249 = CARTESIAN_POINT('',(1.016,1.27,2.54));
#11250 = LINE('',#11251,#11252);
#11251 = CARTESIAN_POINT('',(1.016,1.27,0.));
#11252 = VECTOR('',#11253,1.);
#11253 = DIRECTION('',(0.,0.,1.));
#11254 = ORIENTED_EDGE('',*,*,#11255,.T.);
#11255 = EDGE_CURVE('',#11248,#11208,#11256,.T.);
#11256 = LINE('',#11257,#11258);
#11257 = CARTESIAN_POINT('',(1.016,1.27,2.54));
#11258 = VECTOR('',#11259,1.);
#11259 = DIRECTION('',(-1.,0.,0.));
#11260 = ORIENTED_EDGE('',*,*,#11205,.F.);
#11261 = ORIENTED_EDGE('',*,*,#11262,.F.);
#11262 = EDGE_CURVE('',#11246,#11206,#11263,.T.);
#11263 = LINE('',#11264,#11265);
#11264 = CARTESIAN_POINT('',(1.016,1.27,0.));
#11265 = VECTOR('',#11266,1.);
#11266 = DIRECTION('',(-1.,0.,0.));
#11267 = PLANE('',#11268);
#11268 = AXIS2_PLACEMENT_3D('',#11269,#11270,#11271);
#11269 = CARTESIAN_POINT('',(1.016,1.27,0.));
#11270 = DIRECTION('',(0.,-1.,0.));
#11271 = DIRECTION('',(-1.,0.,0.));
#11272 = ADVANCED_FACE('',(#11273),#11298,.F.);
#11273 = FACE_BOUND('',#11274,.F.);
#11274 = EDGE_LOOP('',(#11275,#11276,#11284,#11292));
#11275 = ORIENTED_EDGE('',*,*,#11223,.T.);
#11276 = ORIENTED_EDGE('',*,*,#11277,.T.);
#11277 = EDGE_CURVE('',#11216,#11278,#11280,.T.);
#11278 = VERTEX_POINT('',#11279);
#11279 = CARTESIAN_POINT('',(-1.27,-1.016,2.54));
#11280 = LINE('',#11281,#11282);
#11281 = CARTESIAN_POINT('',(-1.27,1.016,2.54));
#11282 = VECTOR('',#11283,1.);
#11283 = DIRECTION('',(0.,-1.,0.));
#11284 = ORIENTED_EDGE('',*,*,#11285,.F.);
#11285 = EDGE_CURVE('',#11286,#11278,#11288,.T.);
#11286 = VERTEX_POINT('',#11287);
#11287 = CARTESIAN_POINT('',(-1.27,-1.016,0.));
#11288 = LINE('',#11289,#11290);
#11289 = CARTESIAN_POINT('',(-1.27,-1.016,0.));
#11290 = VECTOR('',#11291,1.);
#11291 = DIRECTION('',(0.,0.,1.));
#11292 = ORIENTED_EDGE('',*,*,#11293,.F.);
#11293 = EDGE_CURVE('',#11224,#11286,#11294,.T.);
#11294 = LINE('',#11295,#11296);
#11295 = CARTESIAN_POINT('',(-1.27,1.016,0.));
#11296 = VECTOR('',#11297,1.);
#11297 = DIRECTION('',(0.,-1.,0.));
#11298 = PLANE('',#11299);
#11299 = AXIS2_PLACEMENT_3D('',#11300,#11301,#11302);
#11300 = CARTESIAN_POINT('',(-1.27,1.016,0.));
#11301 = DIRECTION('',(1.,0.,0.));
#11302 = DIRECTION('',(0.,-1.,0.));
#11303 = ADVANCED_FACE('',(#11304,#11395,#11429),#11463,.F.);
#11304 = FACE_BOUND('',#11305,.F.);
#11305 = EDGE_LOOP('',(#11306,#11307,#11308,#11316,#11324,#11332,#11340,
    #11348,#11356,#11364,#11372,#11380,#11388,#11394));
#11306 = ORIENTED_EDGE('',*,*,#11231,.T.);
#11307 = ORIENTED_EDGE('',*,*,#11293,.T.);
#11308 = ORIENTED_EDGE('',*,*,#11309,.T.);
#11309 = EDGE_CURVE('',#11286,#11310,#11312,.T.);
#11310 = VERTEX_POINT('',#11311);
#11311 = CARTESIAN_POINT('',(-1.016,-1.27,0.));
#11312 = LINE('',#11313,#11314);
#11313 = CARTESIAN_POINT('',(-1.27,-1.016,0.));
#11314 = VECTOR('',#11315,1.);
#11315 = DIRECTION('',(0.707106781187,-0.707106781187,0.));
#11316 = ORIENTED_EDGE('',*,*,#11317,.T.);
#11317 = EDGE_CURVE('',#11310,#11318,#11320,.T.);
#11318 = VERTEX_POINT('',#11319);
#11319 = CARTESIAN_POINT('',(-1.27,-1.524,0.));
#11320 = LINE('',#11321,#11322);
#11321 = CARTESIAN_POINT('',(-1.016,-1.27,0.));
#11322 = VECTOR('',#11323,1.);
#11323 = DIRECTION('',(-0.707106781187,-0.707106781187,0.));
#11324 = ORIENTED_EDGE('',*,*,#11325,.T.);
#11325 = EDGE_CURVE('',#11318,#11326,#11328,.T.);
#11326 = VERTEX_POINT('',#11327);
#11327 = CARTESIAN_POINT('',(-1.27,-3.556,0.));
#11328 = LINE('',#11329,#11330);
#11329 = CARTESIAN_POINT('',(-1.27,-1.524,0.));
#11330 = VECTOR('',#11331,1.);
#11331 = DIRECTION('',(0.,-1.,0.));
#11332 = ORIENTED_EDGE('',*,*,#11333,.T.);
#11333 = EDGE_CURVE('',#11326,#11334,#11336,.T.);
#11334 = VERTEX_POINT('',#11335);
#11335 = CARTESIAN_POINT('',(-1.016,-3.81,0.));
#11336 = LINE('',#11337,#11338);
#11337 = CARTESIAN_POINT('',(-1.27,-3.556,0.));
#11338 = VECTOR('',#11339,1.);
#11339 = DIRECTION('',(0.707106781187,-0.707106781187,0.));
#11340 = ORIENTED_EDGE('',*,*,#11341,.T.);
#11341 = EDGE_CURVE('',#11334,#11342,#11344,.T.);
#11342 = VERTEX_POINT('',#11343);
#11343 = CARTESIAN_POINT('',(1.016,-3.81,0.));
#11344 = LINE('',#11345,#11346);
#11345 = CARTESIAN_POINT('',(-1.016,-3.81,0.));
#11346 = VECTOR('',#11347,1.);
#11347 = DIRECTION('',(1.,0.,0.));
#11348 = ORIENTED_EDGE('',*,*,#11349,.T.);
#11349 = EDGE_CURVE('',#11342,#11350,#11352,.T.);
#11350 = VERTEX_POINT('',#11351);
#11351 = CARTESIAN_POINT('',(1.27,-3.556,0.));
#11352 = LINE('',#11353,#11354);
#11353 = CARTESIAN_POINT('',(1.016,-3.81,0.));
#11354 = VECTOR('',#11355,1.);
#11355 = DIRECTION('',(0.707106781187,0.707106781187,0.));
#11356 = ORIENTED_EDGE('',*,*,#11357,.T.);
#11357 = EDGE_CURVE('',#11350,#11358,#11360,.T.);
#11358 = VERTEX_POINT('',#11359);
#11359 = CARTESIAN_POINT('',(1.27,-1.524,0.));
#11360 = LINE('',#11361,#11362);
#11361 = CARTESIAN_POINT('',(1.27,-3.556,0.));
#11362 = VECTOR('',#11363,1.);
#11363 = DIRECTION('',(0.,1.,0.));
#11364 = ORIENTED_EDGE('',*,*,#11365,.T.);
#11365 = EDGE_CURVE('',#11358,#11366,#11368,.T.);
#11366 = VERTEX_POINT('',#11367);
#11367 = CARTESIAN_POINT('',(1.016,-1.27,0.));
#11368 = LINE('',#11369,#11370);
#11369 = CARTESIAN_POINT('',(1.27,-1.524,0.));
#11370 = VECTOR('',#11371,1.);
#11371 = DIRECTION('',(-0.707106781187,0.707106781187,0.));
#11372 = ORIENTED_EDGE('',*,*,#11373,.T.);
#11373 = EDGE_CURVE('',#11366,#11374,#11376,.T.);
#11374 = VERTEX_POINT('',#11375);
#11375 = CARTESIAN_POINT('',(1.27,-1.016,0.));
#11376 = LINE('',#11377,#11378);
#11377 = CARTESIAN_POINT('',(1.016,-1.27,0.));
#11378 = VECTOR('',#11379,1.);
#11379 = DIRECTION('',(0.707106781187,0.707106781187,0.));
#11380 = ORIENTED_EDGE('',*,*,#11381,.T.);
#11381 = EDGE_CURVE('',#11374,#11382,#11384,.T.);
#11382 = VERTEX_POINT('',#11383);
#11383 = CARTESIAN_POINT('',(1.27,1.016,0.));
#11384 = LINE('',#11385,#11386);
#11385 = CARTESIAN_POINT('',(1.27,-1.016,0.));
#11386 = VECTOR('',#11387,1.);
#11387 = DIRECTION('',(0.,1.,0.));
#11388 = ORIENTED_EDGE('',*,*,#11389,.T.);
#11389 = EDGE_CURVE('',#11382,#11246,#11390,.T.);
#11390 = LINE('',#11391,#11392);
#11391 = CARTESIAN_POINT('',(1.27,1.016,0.));
#11392 = VECTOR('',#11393,1.);
#11393 = DIRECTION('',(-0.707106781187,0.707106781187,0.));
#11394 = ORIENTED_EDGE('',*,*,#11262,.T.);
#11395 = FACE_BOUND('',#11396,.F.);
#11396 = EDGE_LOOP('',(#11397,#11407,#11415,#11423));
#11397 = ORIENTED_EDGE('',*,*,#11398,.T.);
#11398 = EDGE_CURVE('',#11399,#11401,#11403,.T.);
#11399 = VERTEX_POINT('',#11400);
#11400 = CARTESIAN_POINT('',(0.32,-0.32,0.));
#11401 = VERTEX_POINT('',#11402);
#11402 = CARTESIAN_POINT('',(-0.32,-0.32,0.));
#11403 = LINE('',#11404,#11405);
#11404 = CARTESIAN_POINT('',(-0.16,-0.32,0.));
#11405 = VECTOR('',#11406,1.);
#11406 = DIRECTION('',(-1.,0.,0.));
#11407 = ORIENTED_EDGE('',*,*,#11408,.T.);
#11408 = EDGE_CURVE('',#11401,#11409,#11411,.T.);
#11409 = VERTEX_POINT('',#11410);
#11410 = CARTESIAN_POINT('',(-0.32,0.32,0.));
#11411 = LINE('',#11412,#11413);
#11412 = CARTESIAN_POINT('',(-0.32,-0.795,0.));
#11413 = VECTOR('',#11414,1.);
#11414 = DIRECTION('',(0.,1.,0.));
#11415 = ORIENTED_EDGE('',*,*,#11416,.F.);
#11416 = EDGE_CURVE('',#11417,#11409,#11419,.T.);
#11417 = VERTEX_POINT('',#11418);
#11418 = CARTESIAN_POINT('',(0.32,0.32,0.));
#11419 = LINE('',#11420,#11421);
#11420 = CARTESIAN_POINT('',(-0.16,0.32,0.));
#11421 = VECTOR('',#11422,1.);
#11422 = DIRECTION('',(-1.,0.,0.));
#11423 = ORIENTED_EDGE('',*,*,#11424,.F.);
#11424 = EDGE_CURVE('',#11399,#11417,#11425,.T.);
#11425 = LINE('',#11426,#11427);
#11426 = CARTESIAN_POINT('',(0.32,-0.795,0.));
#11427 = VECTOR('',#11428,1.);
#11428 = DIRECTION('',(0.,1.,0.));
#11429 = FACE_BOUND('',#11430,.F.);
#11430 = EDGE_LOOP('',(#11431,#11441,#11449,#11457));
#11431 = ORIENTED_EDGE('',*,*,#11432,.T.);
#11432 = EDGE_CURVE('',#11433,#11435,#11437,.T.);
#11433 = VERTEX_POINT('',#11434);
#11434 = CARTESIAN_POINT('',(0.32,-2.86,0.));
#11435 = VERTEX_POINT('',#11436);
#11436 = CARTESIAN_POINT('',(-0.32,-2.86,0.));
#11437 = LINE('',#11438,#11439);
#11438 = CARTESIAN_POINT('',(-0.16,-2.86,0.));
#11439 = VECTOR('',#11440,1.);
#11440 = DIRECTION('',(-1.,0.,0.));
#11441 = ORIENTED_EDGE('',*,*,#11442,.T.);
#11442 = EDGE_CURVE('',#11435,#11443,#11445,.T.);
#11443 = VERTEX_POINT('',#11444);
#11444 = CARTESIAN_POINT('',(-0.32,-2.22,0.));
#11445 = LINE('',#11446,#11447);
#11446 = CARTESIAN_POINT('',(-0.32,-2.065,0.));
#11447 = VECTOR('',#11448,1.);
#11448 = DIRECTION('',(0.,1.,0.));
#11449 = ORIENTED_EDGE('',*,*,#11450,.F.);
#11450 = EDGE_CURVE('',#11451,#11443,#11453,.T.);
#11451 = VERTEX_POINT('',#11452);
#11452 = CARTESIAN_POINT('',(0.32,-2.22,0.));
#11453 = LINE('',#11454,#11455);
#11454 = CARTESIAN_POINT('',(-0.16,-2.22,0.));
#11455 = VECTOR('',#11456,1.);
#11456 = DIRECTION('',(-1.,0.,0.));
#11457 = ORIENTED_EDGE('',*,*,#11458,.F.);
#11458 = EDGE_CURVE('',#11433,#11451,#11459,.T.);
#11459 = LINE('',#11460,#11461);
#11460 = CARTESIAN_POINT('',(0.32,-2.065,0.));
#11461 = VECTOR('',#11462,1.);
#11462 = DIRECTION('',(0.,1.,0.));
#11463 = PLANE('',#11464);
#11464 = AXIS2_PLACEMENT_3D('',#11465,#11466,#11467);
#11465 = CARTESIAN_POINT('',(1.473843703412E-17,-1.27,0.));
#11466 = DIRECTION('',(0.,0.,1.));
#11467 = DIRECTION('',(1.,0.,-0.));
#11468 = ADVANCED_FACE('',(#11469,#11560,#11594),#11628,.T.);
#11469 = FACE_BOUND('',#11470,.T.);
#11470 = EDGE_LOOP('',(#11471,#11472,#11473,#11481,#11489,#11497,#11505,
    #11513,#11521,#11529,#11537,#11545,#11553,#11559));
#11471 = ORIENTED_EDGE('',*,*,#11215,.T.);
#11472 = ORIENTED_EDGE('',*,*,#11277,.T.);
#11473 = ORIENTED_EDGE('',*,*,#11474,.T.);
#11474 = EDGE_CURVE('',#11278,#11475,#11477,.T.);
#11475 = VERTEX_POINT('',#11476);
#11476 = CARTESIAN_POINT('',(-1.016,-1.27,2.54));
#11477 = LINE('',#11478,#11479);
#11478 = CARTESIAN_POINT('',(-1.27,-1.016,2.54));
#11479 = VECTOR('',#11480,1.);
#11480 = DIRECTION('',(0.707106781187,-0.707106781187,0.));
#11481 = ORIENTED_EDGE('',*,*,#11482,.T.);
#11482 = EDGE_CURVE('',#11475,#11483,#11485,.T.);
#11483 = VERTEX_POINT('',#11484);
#11484 = CARTESIAN_POINT('',(-1.27,-1.524,2.54));
#11485 = LINE('',#11486,#11487);
#11486 = CARTESIAN_POINT('',(-1.016,-1.27,2.54));
#11487 = VECTOR('',#11488,1.);
#11488 = DIRECTION('',(-0.707106781187,-0.707106781187,0.));
#11489 = ORIENTED_EDGE('',*,*,#11490,.T.);
#11490 = EDGE_CURVE('',#11483,#11491,#11493,.T.);
#11491 = VERTEX_POINT('',#11492);
#11492 = CARTESIAN_POINT('',(-1.27,-3.556,2.54));
#11493 = LINE('',#11494,#11495);
#11494 = CARTESIAN_POINT('',(-1.27,-1.524,2.54));
#11495 = VECTOR('',#11496,1.);
#11496 = DIRECTION('',(0.,-1.,0.));
#11497 = ORIENTED_EDGE('',*,*,#11498,.T.);
#11498 = EDGE_CURVE('',#11491,#11499,#11501,.T.);
#11499 = VERTEX_POINT('',#11500);
#11500 = CARTESIAN_POINT('',(-1.016,-3.81,2.54));
#11501 = LINE('',#11502,#11503);
#11502 = CARTESIAN_POINT('',(-1.27,-3.556,2.54));
#11503 = VECTOR('',#11504,1.);
#11504 = DIRECTION('',(0.707106781187,-0.707106781187,0.));
#11505 = ORIENTED_EDGE('',*,*,#11506,.T.);
#11506 = EDGE_CURVE('',#11499,#11507,#11509,.T.);
#11507 = VERTEX_POINT('',#11508);
#11508 = CARTESIAN_POINT('',(1.016,-3.81,2.54));
#11509 = LINE('',#11510,#11511);
#11510 = CARTESIAN_POINT('',(-1.016,-3.81,2.54));
#11511 = VECTOR('',#11512,1.);
#11512 = DIRECTION('',(1.,0.,0.));
#11513 = ORIENTED_EDGE('',*,*,#11514,.T.);
#11514 = EDGE_CURVE('',#11507,#11515,#11517,.T.);
#11515 = VERTEX_POINT('',#11516);
#11516 = CARTESIAN_POINT('',(1.27,-3.556,2.54));
#11517 = LINE('',#11518,#11519);
#11518 = CARTESIAN_POINT('',(1.016,-3.81,2.54));
#11519 = VECTOR('',#11520,1.);
#11520 = DIRECTION('',(0.707106781187,0.707106781187,0.));
#11521 = ORIENTED_EDGE('',*,*,#11522,.T.);
#11522 = EDGE_CURVE('',#11515,#11523,#11525,.T.);
#11523 = VERTEX_POINT('',#11524);
#11524 = CARTESIAN_POINT('',(1.27,-1.524,2.54));
#11525 = LINE('',#11526,#11527);
#11526 = CARTESIAN_POINT('',(1.27,-3.556,2.54));
#11527 = VECTOR('',#11528,1.);
#11528 = DIRECTION('',(0.,1.,0.));
#11529 = ORIENTED_EDGE('',*,*,#11530,.T.);
#11530 = EDGE_CURVE('',#11523,#11531,#11533,.T.);
#11531 = VERTEX_POINT('',#11532);
#11532 = CARTESIAN_POINT('',(1.016,-1.27,2.54));
#11533 = LINE('',#11534,#11535);
#11534 = CARTESIAN_POINT('',(1.27,-1.524,2.54));
#11535 = VECTOR('',#11536,1.);
#11536 = DIRECTION('',(-0.707106781187,0.707106781187,0.));
#11537 = ORIENTED_EDGE('',*,*,#11538,.T.);
#11538 = EDGE_CURVE('',#11531,#11539,#11541,.T.);
#11539 = VERTEX_POINT('',#11540);
#11540 = CARTESIAN_POINT('',(1.27,-1.016,2.54));
#11541 = LINE('',#11542,#11543);
#11542 = CARTESIAN_POINT('',(1.016,-1.27,2.54));
#11543 = VECTOR('',#11544,1.);
#11544 = DIRECTION('',(0.707106781187,0.707106781187,0.));
#11545 = ORIENTED_EDGE('',*,*,#11546,.T.);
#11546 = EDGE_CURVE('',#11539,#11547,#11549,.T.);
#11547 = VERTEX_POINT('',#11548);
#11548 = CARTESIAN_POINT('',(1.27,1.016,2.54));
#11549 = LINE('',#11550,#11551);
#11550 = CARTESIAN_POINT('',(1.27,-1.016,2.54));
#11551 = VECTOR('',#11552,1.);
#11552 = DIRECTION('',(0.,1.,0.));
#11553 = ORIENTED_EDGE('',*,*,#11554,.T.);
#11554 = EDGE_CURVE('',#11547,#11248,#11555,.T.);
#11555 = LINE('',#11556,#11557);
#11556 = CARTESIAN_POINT('',(1.27,1.016,2.54));
#11557 = VECTOR('',#11558,1.);
#11558 = DIRECTION('',(-0.707106781187,0.707106781187,0.));
#11559 = ORIENTED_EDGE('',*,*,#11255,.T.);
#11560 = FACE_BOUND('',#11561,.T.);
#11561 = EDGE_LOOP('',(#11562,#11572,#11580,#11588));
#11562 = ORIENTED_EDGE('',*,*,#11563,.T.);
#11563 = EDGE_CURVE('',#11564,#11566,#11568,.T.);
#11564 = VERTEX_POINT('',#11565);
#11565 = CARTESIAN_POINT('',(0.32,-0.32,2.54));
#11566 = VERTEX_POINT('',#11567);
#11567 = CARTESIAN_POINT('',(-0.32,-0.32,2.54));
#11568 = LINE('',#11569,#11570);
#11569 = CARTESIAN_POINT('',(-0.16,-0.32,2.54));
#11570 = VECTOR('',#11571,1.);
#11571 = DIRECTION('',(-1.,0.,0.));
#11572 = ORIENTED_EDGE('',*,*,#11573,.T.);
#11573 = EDGE_CURVE('',#11566,#11574,#11576,.T.);
#11574 = VERTEX_POINT('',#11575);
#11575 = CARTESIAN_POINT('',(-0.32,0.32,2.54));
#11576 = LINE('',#11577,#11578);
#11577 = CARTESIAN_POINT('',(-0.32,-0.795,2.54));
#11578 = VECTOR('',#11579,1.);
#11579 = DIRECTION('',(0.,1.,0.));
#11580 = ORIENTED_EDGE('',*,*,#11581,.F.);
#11581 = EDGE_CURVE('',#11582,#11574,#11584,.T.);
#11582 = VERTEX_POINT('',#11583);
#11583 = CARTESIAN_POINT('',(0.32,0.32,2.54));
#11584 = LINE('',#11585,#11586);
#11585 = CARTESIAN_POINT('',(-0.16,0.32,2.54));
#11586 = VECTOR('',#11587,1.);
#11587 = DIRECTION('',(-1.,0.,0.));
#11588 = ORIENTED_EDGE('',*,*,#11589,.F.);
#11589 = EDGE_CURVE('',#11564,#11582,#11590,.T.);
#11590 = LINE('',#11591,#11592);
#11591 = CARTESIAN_POINT('',(0.32,-0.795,2.54));
#11592 = VECTOR('',#11593,1.);
#11593 = DIRECTION('',(0.,1.,0.));
#11594 = FACE_BOUND('',#11595,.T.);
#11595 = EDGE_LOOP('',(#11596,#11606,#11614,#11622));
#11596 = ORIENTED_EDGE('',*,*,#11597,.T.);
#11597 = EDGE_CURVE('',#11598,#11600,#11602,.T.);
#11598 = VERTEX_POINT('',#11599);
#11599 = CARTESIAN_POINT('',(0.32,-2.86,2.54));
#11600 = VERTEX_POINT('',#11601);
#11601 = CARTESIAN_POINT('',(-0.32,-2.86,2.54));
#11602 = LINE('',#11603,#11604);
#11603 = CARTESIAN_POINT('',(-0.16,-2.86,2.54));
#11604 = VECTOR('',#11605,1.);
#11605 = DIRECTION('',(-1.,0.,0.));
#11606 = ORIENTED_EDGE('',*,*,#11607,.T.);
#11607 = EDGE_CURVE('',#11600,#11608,#11610,.T.);
#11608 = VERTEX_POINT('',#11609);
#11609 = CARTESIAN_POINT('',(-0.32,-2.22,2.54));
#11610 = LINE('',#11611,#11612);
#11611 = CARTESIAN_POINT('',(-0.32,-2.065,2.54));
#11612 = VECTOR('',#11613,1.);
#11613 = DIRECTION('',(0.,1.,0.));
#11614 = ORIENTED_EDGE('',*,*,#11615,.F.);
#11615 = EDGE_CURVE('',#11616,#11608,#11618,.T.);
#11616 = VERTEX_POINT('',#11617);
#11617 = CARTESIAN_POINT('',(0.32,-2.22,2.54));
#11618 = LINE('',#11619,#11620);
#11619 = CARTESIAN_POINT('',(-0.16,-2.22,2.54));
#11620 = VECTOR('',#11621,1.);
#11621 = DIRECTION('',(-1.,0.,0.));
#11622 = ORIENTED_EDGE('',*,*,#11623,.F.);
#11623 = EDGE_CURVE('',#11598,#11616,#11624,.T.);
#11624 = LINE('',#11625,#11626);
#11625 = CARTESIAN_POINT('',(0.32,-2.065,2.54));
#11626 = VECTOR('',#11627,1.);
#11627 = DIRECTION('',(0.,1.,0.));
#11628 = PLANE('',#11629);
#11629 = AXIS2_PLACEMENT_3D('',#11630,#11631,#11632);
#11630 = CARTESIAN_POINT('',(1.473843703412E-17,-1.27,2.54));
#11631 = DIRECTION('',(0.,0.,1.));
#11632 = DIRECTION('',(1.,0.,-0.));
#11633 = ADVANCED_FACE('',(#11634),#11645,.F.);
#11634 = FACE_BOUND('',#11635,.F.);
#11635 = EDGE_LOOP('',(#11636,#11642,#11643,#11644));
#11636 = ORIENTED_EDGE('',*,*,#11637,.T.);
#11637 = EDGE_CURVE('',#11382,#11547,#11638,.T.);
#11638 = LINE('',#11639,#11640);
#11639 = CARTESIAN_POINT('',(1.27,1.016,0.));
#11640 = VECTOR('',#11641,1.);
#11641 = DIRECTION('',(0.,0.,1.));
#11642 = ORIENTED_EDGE('',*,*,#11554,.T.);
#11643 = ORIENTED_EDGE('',*,*,#11245,.F.);
#11644 = ORIENTED_EDGE('',*,*,#11389,.F.);
#11645 = PLANE('',#11646);
#11646 = AXIS2_PLACEMENT_3D('',#11647,#11648,#11649);
#11647 = CARTESIAN_POINT('',(1.27,1.016,0.));
#11648 = DIRECTION('',(-0.707106781187,-0.707106781187,0.));
#11649 = DIRECTION('',(-0.707106781187,0.707106781187,0.));
#11650 = ADVANCED_FACE('',(#11651),#11662,.F.);
#11651 = FACE_BOUND('',#11652,.F.);
#11652 = EDGE_LOOP('',(#11653,#11654,#11655,#11661));
#11653 = ORIENTED_EDGE('',*,*,#11285,.T.);
#11654 = ORIENTED_EDGE('',*,*,#11474,.T.);
#11655 = ORIENTED_EDGE('',*,*,#11656,.F.);
#11656 = EDGE_CURVE('',#11310,#11475,#11657,.T.);
#11657 = LINE('',#11658,#11659);
#11658 = CARTESIAN_POINT('',(-1.016,-1.27,0.));
#11659 = VECTOR('',#11660,1.);
#11660 = DIRECTION('',(0.,0.,1.));
#11661 = ORIENTED_EDGE('',*,*,#11309,.F.);
#11662 = PLANE('',#11663);
#11663 = AXIS2_PLACEMENT_3D('',#11664,#11665,#11666);
#11664 = CARTESIAN_POINT('',(-1.27,-1.016,0.));
#11665 = DIRECTION('',(0.707106781187,0.707106781187,0.));
#11666 = DIRECTION('',(0.707106781187,-0.707106781187,0.));
#11667 = ADVANCED_FACE('',(#11668),#11679,.F.);
#11668 = FACE_BOUND('',#11669,.F.);
#11669 = EDGE_LOOP('',(#11670,#11676,#11677,#11678));
#11670 = ORIENTED_EDGE('',*,*,#11671,.T.);
#11671 = EDGE_CURVE('',#11374,#11539,#11672,.T.);
#11672 = LINE('',#11673,#11674);
#11673 = CARTESIAN_POINT('',(1.27,-1.016,0.));
#11674 = VECTOR('',#11675,1.);
#11675 = DIRECTION('',(0.,0.,1.));
#11676 = ORIENTED_EDGE('',*,*,#11546,.T.);
#11677 = ORIENTED_EDGE('',*,*,#11637,.F.);
#11678 = ORIENTED_EDGE('',*,*,#11381,.F.);
#11679 = PLANE('',#11680);
#11680 = AXIS2_PLACEMENT_3D('',#11681,#11682,#11683);
#11681 = CARTESIAN_POINT('',(1.27,-1.016,0.));
#11682 = DIRECTION('',(-1.,0.,0.));
#11683 = DIRECTION('',(0.,1.,0.));
#11684 = ADVANCED_FACE('',(#11685),#11696,.F.);
#11685 = FACE_BOUND('',#11686,.F.);
#11686 = EDGE_LOOP('',(#11687,#11688,#11689,#11695));
#11687 = ORIENTED_EDGE('',*,*,#11656,.T.);
#11688 = ORIENTED_EDGE('',*,*,#11482,.T.);
#11689 = ORIENTED_EDGE('',*,*,#11690,.F.);
#11690 = EDGE_CURVE('',#11318,#11483,#11691,.T.);
#11691 = LINE('',#11692,#11693);
#11692 = CARTESIAN_POINT('',(-1.27,-1.524,0.));
#11693 = VECTOR('',#11694,1.);
#11694 = DIRECTION('',(0.,0.,1.));
#11695 = ORIENTED_EDGE('',*,*,#11317,.F.);
#11696 = PLANE('',#11697);
#11697 = AXIS2_PLACEMENT_3D('',#11698,#11699,#11700);
#11698 = CARTESIAN_POINT('',(-1.016,-1.27,0.));
#11699 = DIRECTION('',(0.707106781187,-0.707106781187,0.));
#11700 = DIRECTION('',(-0.707106781187,-0.707106781187,0.));
#11701 = ADVANCED_FACE('',(#11702),#11713,.F.);
#11702 = FACE_BOUND('',#11703,.F.);
#11703 = EDGE_LOOP('',(#11704,#11710,#11711,#11712));
#11704 = ORIENTED_EDGE('',*,*,#11705,.T.);
#11705 = EDGE_CURVE('',#11366,#11531,#11706,.T.);
#11706 = LINE('',#11707,#11708);
#11707 = CARTESIAN_POINT('',(1.016,-1.27,0.));
#11708 = VECTOR('',#11709,1.);
#11709 = DIRECTION('',(0.,0.,1.));
#11710 = ORIENTED_EDGE('',*,*,#11538,.T.);
#11711 = ORIENTED_EDGE('',*,*,#11671,.F.);
#11712 = ORIENTED_EDGE('',*,*,#11373,.F.);
#11713 = PLANE('',#11714);
#11714 = AXIS2_PLACEMENT_3D('',#11715,#11716,#11717);
#11715 = CARTESIAN_POINT('',(1.016,-1.27,0.));
#11716 = DIRECTION('',(-0.707106781187,0.707106781187,0.));
#11717 = DIRECTION('',(0.707106781187,0.707106781187,0.));
#11718 = ADVANCED_FACE('',(#11719),#11730,.F.);
#11719 = FACE_BOUND('',#11720,.F.);
#11720 = EDGE_LOOP('',(#11721,#11722,#11723,#11729));
#11721 = ORIENTED_EDGE('',*,*,#11690,.T.);
#11722 = ORIENTED_EDGE('',*,*,#11490,.T.);
#11723 = ORIENTED_EDGE('',*,*,#11724,.F.);
#11724 = EDGE_CURVE('',#11326,#11491,#11725,.T.);
#11725 = LINE('',#11726,#11727);
#11726 = CARTESIAN_POINT('',(-1.27,-3.556,0.));
#11727 = VECTOR('',#11728,1.);
#11728 = DIRECTION('',(0.,0.,1.));
#11729 = ORIENTED_EDGE('',*,*,#11325,.F.);
#11730 = PLANE('',#11731);
#11731 = AXIS2_PLACEMENT_3D('',#11732,#11733,#11734);
#11732 = CARTESIAN_POINT('',(-1.27,-1.524,0.));
#11733 = DIRECTION('',(1.,0.,0.));
#11734 = DIRECTION('',(0.,-1.,0.));
#11735 = ADVANCED_FACE('',(#11736),#11747,.F.);
#11736 = FACE_BOUND('',#11737,.F.);
#11737 = EDGE_LOOP('',(#11738,#11744,#11745,#11746));
#11738 = ORIENTED_EDGE('',*,*,#11739,.T.);
#11739 = EDGE_CURVE('',#11358,#11523,#11740,.T.);
#11740 = LINE('',#11741,#11742);
#11741 = CARTESIAN_POINT('',(1.27,-1.524,0.));
#11742 = VECTOR('',#11743,1.);
#11743 = DIRECTION('',(0.,0.,1.));
#11744 = ORIENTED_EDGE('',*,*,#11530,.T.);
#11745 = ORIENTED_EDGE('',*,*,#11705,.F.);
#11746 = ORIENTED_EDGE('',*,*,#11365,.F.);
#11747 = PLANE('',#11748);
#11748 = AXIS2_PLACEMENT_3D('',#11749,#11750,#11751);
#11749 = CARTESIAN_POINT('',(1.27,-1.524,0.));
#11750 = DIRECTION('',(-0.707106781187,-0.707106781187,0.));
#11751 = DIRECTION('',(-0.707106781187,0.707106781187,0.));
#11752 = ADVANCED_FACE('',(#11753),#11764,.F.);
#11753 = FACE_BOUND('',#11754,.F.);
#11754 = EDGE_LOOP('',(#11755,#11756,#11757,#11763));
#11755 = ORIENTED_EDGE('',*,*,#11724,.T.);
#11756 = ORIENTED_EDGE('',*,*,#11498,.T.);
#11757 = ORIENTED_EDGE('',*,*,#11758,.F.);
#11758 = EDGE_CURVE('',#11334,#11499,#11759,.T.);
#11759 = LINE('',#11760,#11761);
#11760 = CARTESIAN_POINT('',(-1.016,-3.81,0.));
#11761 = VECTOR('',#11762,1.);
#11762 = DIRECTION('',(0.,0.,1.));
#11763 = ORIENTED_EDGE('',*,*,#11333,.F.);
#11764 = PLANE('',#11765);
#11765 = AXIS2_PLACEMENT_3D('',#11766,#11767,#11768);
#11766 = CARTESIAN_POINT('',(-1.27,-3.556,0.));
#11767 = DIRECTION('',(0.707106781187,0.707106781187,0.));
#11768 = DIRECTION('',(0.707106781187,-0.707106781187,0.));
#11769 = ADVANCED_FACE('',(#11770),#11781,.F.);
#11770 = FACE_BOUND('',#11771,.F.);
#11771 = EDGE_LOOP('',(#11772,#11778,#11779,#11780));
#11772 = ORIENTED_EDGE('',*,*,#11773,.T.);
#11773 = EDGE_CURVE('',#11350,#11515,#11774,.T.);
#11774 = LINE('',#11775,#11776);
#11775 = CARTESIAN_POINT('',(1.27,-3.556,0.));
#11776 = VECTOR('',#11777,1.);
#11777 = DIRECTION('',(0.,0.,1.));
#11778 = ORIENTED_EDGE('',*,*,#11522,.T.);
#11779 = ORIENTED_EDGE('',*,*,#11739,.F.);
#11780 = ORIENTED_EDGE('',*,*,#11357,.F.);
#11781 = PLANE('',#11782);
#11782 = AXIS2_PLACEMENT_3D('',#11783,#11784,#11785);
#11783 = CARTESIAN_POINT('',(1.27,-3.556,0.));
#11784 = DIRECTION('',(-1.,0.,0.));
#11785 = DIRECTION('',(0.,1.,0.));
#11786 = ADVANCED_FACE('',(#11787),#11798,.F.);
#11787 = FACE_BOUND('',#11788,.F.);
#11788 = EDGE_LOOP('',(#11789,#11790,#11791,#11797));
#11789 = ORIENTED_EDGE('',*,*,#11758,.T.);
#11790 = ORIENTED_EDGE('',*,*,#11506,.T.);
#11791 = ORIENTED_EDGE('',*,*,#11792,.F.);
#11792 = EDGE_CURVE('',#11342,#11507,#11793,.T.);
#11793 = LINE('',#11794,#11795);
#11794 = CARTESIAN_POINT('',(1.016,-3.81,0.));
#11795 = VECTOR('',#11796,1.);
#11796 = DIRECTION('',(0.,0.,1.));
#11797 = ORIENTED_EDGE('',*,*,#11341,.F.);
#11798 = PLANE('',#11799);
#11799 = AXIS2_PLACEMENT_3D('',#11800,#11801,#11802);
#11800 = CARTESIAN_POINT('',(-1.016,-3.81,0.));
#11801 = DIRECTION('',(0.,1.,0.));
#11802 = DIRECTION('',(1.,0.,0.));
#11803 = ADVANCED_FACE('',(#11804),#11810,.F.);
#11804 = FACE_BOUND('',#11805,.F.);
#11805 = EDGE_LOOP('',(#11806,#11807,#11808,#11809));
#11806 = ORIENTED_EDGE('',*,*,#11792,.T.);
#11807 = ORIENTED_EDGE('',*,*,#11514,.T.);
#11808 = ORIENTED_EDGE('',*,*,#11773,.F.);
#11809 = ORIENTED_EDGE('',*,*,#11349,.F.);
#11810 = PLANE('',#11811);
#11811 = AXIS2_PLACEMENT_3D('',#11812,#11813,#11814);
#11812 = CARTESIAN_POINT('',(1.016,-3.81,0.));
#11813 = DIRECTION('',(-0.707106781187,0.707106781187,0.));
#11814 = DIRECTION('',(0.707106781187,0.707106781187,0.));
#11815 = ADVANCED_FACE('',(#11816),#11841,.F.);
#11816 = FACE_BOUND('',#11817,.F.);
#11817 = EDGE_LOOP('',(#11818,#11826,#11834,#11840));
#11818 = ORIENTED_EDGE('',*,*,#11819,.F.);
#11819 = EDGE_CURVE('',#11820,#11399,#11822,.T.);
#11820 = VERTEX_POINT('',#11821);
#11821 = CARTESIAN_POINT('',(0.32,-0.32,-2.84));
#11822 = LINE('',#11823,#11824);
#11823 = CARTESIAN_POINT('',(0.32,-0.32,-3.));
#11824 = VECTOR('',#11825,1.);
#11825 = DIRECTION('',(0.,0.,1.));
#11826 = ORIENTED_EDGE('',*,*,#11827,.F.);
#11827 = EDGE_CURVE('',#11828,#11820,#11830,.T.);
#11828 = VERTEX_POINT('',#11829);
#11829 = CARTESIAN_POINT('',(-0.32,-0.32,-2.84));
#11830 = LINE('',#11831,#11832);
#11831 = CARTESIAN_POINT('',(-0.32,-0.32,-2.84));
#11832 = VECTOR('',#11833,1.);
#11833 = DIRECTION('',(1.,0.,0.));
#11834 = ORIENTED_EDGE('',*,*,#11835,.T.);
#11835 = EDGE_CURVE('',#11828,#11401,#11836,.T.);
#11836 = LINE('',#11837,#11838);
#11837 = CARTESIAN_POINT('',(-0.32,-0.32,-3.));
#11838 = VECTOR('',#11839,1.);
#11839 = DIRECTION('',(0.,0.,1.));
#11840 = ORIENTED_EDGE('',*,*,#11398,.F.);
#11841 = PLANE('',#11842);
#11842 = AXIS2_PLACEMENT_3D('',#11843,#11844,#11845);
#11843 = CARTESIAN_POINT('',(-0.32,-0.32,-3.));
#11844 = DIRECTION('',(0.,1.,0.));
#11845 = DIRECTION('',(0.,-0.,1.));
#11846 = ADVANCED_FACE('',(#11847),#11865,.T.);
#11847 = FACE_BOUND('',#11848,.T.);
#11848 = EDGE_LOOP('',(#11849,#11850,#11858,#11864));
#11849 = ORIENTED_EDGE('',*,*,#11819,.F.);
#11850 = ORIENTED_EDGE('',*,*,#11851,.T.);
#11851 = EDGE_CURVE('',#11820,#11852,#11854,.T.);
#11852 = VERTEX_POINT('',#11853);
#11853 = CARTESIAN_POINT('',(0.32,0.32,-2.84));
#11854 = LINE('',#11855,#11856);
#11855 = CARTESIAN_POINT('',(0.32,-0.32,-2.84));
#11856 = VECTOR('',#11857,1.);
#11857 = DIRECTION('',(0.,1.,0.));
#11858 = ORIENTED_EDGE('',*,*,#11859,.T.);
#11859 = EDGE_CURVE('',#11852,#11417,#11860,.T.);
#11860 = LINE('',#11861,#11862);
#11861 = CARTESIAN_POINT('',(0.32,0.32,-3.));
#11862 = VECTOR('',#11863,1.);
#11863 = DIRECTION('',(0.,0.,1.));
#11864 = ORIENTED_EDGE('',*,*,#11424,.F.);
#11865 = PLANE('',#11866);
#11866 = AXIS2_PLACEMENT_3D('',#11867,#11868,#11869);
#11867 = CARTESIAN_POINT('',(0.32,-0.32,-3.));
#11868 = DIRECTION('',(1.,0.,0.));
#11869 = DIRECTION('',(0.,0.,1.));
#11870 = ADVANCED_FACE('',(#11871),#11889,.T.);
#11871 = FACE_BOUND('',#11872,.T.);
#11872 = EDGE_LOOP('',(#11873,#11874,#11882,#11888));
#11873 = ORIENTED_EDGE('',*,*,#11859,.F.);
#11874 = ORIENTED_EDGE('',*,*,#11875,.F.);
#11875 = EDGE_CURVE('',#11876,#11852,#11878,.T.);
#11876 = VERTEX_POINT('',#11877);
#11877 = CARTESIAN_POINT('',(-0.32,0.32,-2.84));
#11878 = LINE('',#11879,#11880);
#11879 = CARTESIAN_POINT('',(-0.32,0.32,-2.84));
#11880 = VECTOR('',#11881,1.);
#11881 = DIRECTION('',(1.,0.,0.));
#11882 = ORIENTED_EDGE('',*,*,#11883,.T.);
#11883 = EDGE_CURVE('',#11876,#11409,#11884,.T.);
#11884 = LINE('',#11885,#11886);
#11885 = CARTESIAN_POINT('',(-0.32,0.32,-3.));
#11886 = VECTOR('',#11887,1.);
#11887 = DIRECTION('',(0.,0.,1.));
#11888 = ORIENTED_EDGE('',*,*,#11416,.F.);
#11889 = PLANE('',#11890);
#11890 = AXIS2_PLACEMENT_3D('',#11891,#11892,#11893);
#11891 = CARTESIAN_POINT('',(-0.32,0.32,-3.));
#11892 = DIRECTION('',(0.,1.,0.));
#11893 = DIRECTION('',(0.,-0.,1.));
#11894 = ADVANCED_FACE('',(#11895),#11906,.F.);
#11895 = FACE_BOUND('',#11896,.F.);
#11896 = EDGE_LOOP('',(#11897,#11898,#11904,#11905));
#11897 = ORIENTED_EDGE('',*,*,#11835,.F.);
#11898 = ORIENTED_EDGE('',*,*,#11899,.T.);
#11899 = EDGE_CURVE('',#11828,#11876,#11900,.T.);
#11900 = LINE('',#11901,#11902);
#11901 = CARTESIAN_POINT('',(-0.32,-0.32,-2.84));
#11902 = VECTOR('',#11903,1.);
#11903 = DIRECTION('',(0.,1.,0.));
#11904 = ORIENTED_EDGE('',*,*,#11883,.T.);
#11905 = ORIENTED_EDGE('',*,*,#11408,.F.);
#11906 = PLANE('',#11907);
#11907 = AXIS2_PLACEMENT_3D('',#11908,#11909,#11910);
#11908 = CARTESIAN_POINT('',(-0.32,-0.32,-3.));
#11909 = DIRECTION('',(1.,0.,0.));
#11910 = DIRECTION('',(0.,0.,1.));
#11911 = ADVANCED_FACE('',(#11912),#11937,.F.);
#11912 = FACE_BOUND('',#11913,.F.);
#11913 = EDGE_LOOP('',(#11914,#11922,#11930,#11936));
#11914 = ORIENTED_EDGE('',*,*,#11915,.F.);
#11915 = EDGE_CURVE('',#11916,#11433,#11918,.T.);
#11916 = VERTEX_POINT('',#11917);
#11917 = CARTESIAN_POINT('',(0.32,-2.86,-2.84));
#11918 = LINE('',#11919,#11920);
#11919 = CARTESIAN_POINT('',(0.32,-2.86,-3.));
#11920 = VECTOR('',#11921,1.);
#11921 = DIRECTION('',(0.,0.,1.));
#11922 = ORIENTED_EDGE('',*,*,#11923,.F.);
#11923 = EDGE_CURVE('',#11924,#11916,#11926,.T.);
#11924 = VERTEX_POINT('',#11925);
#11925 = CARTESIAN_POINT('',(-0.32,-2.86,-2.84));
#11926 = LINE('',#11927,#11928);
#11927 = CARTESIAN_POINT('',(-0.32,-2.86,-2.84));
#11928 = VECTOR('',#11929,1.);
#11929 = DIRECTION('',(1.,0.,0.));
#11930 = ORIENTED_EDGE('',*,*,#11931,.T.);
#11931 = EDGE_CURVE('',#11924,#11435,#11932,.T.);
#11932 = LINE('',#11933,#11934);
#11933 = CARTESIAN_POINT('',(-0.32,-2.86,-3.));
#11934 = VECTOR('',#11935,1.);
#11935 = DIRECTION('',(0.,0.,1.));
#11936 = ORIENTED_EDGE('',*,*,#11432,.F.);
#11937 = PLANE('',#11938);
#11938 = AXIS2_PLACEMENT_3D('',#11939,#11940,#11941);
#11939 = CARTESIAN_POINT('',(-0.32,-2.86,-3.));
#11940 = DIRECTION('',(0.,1.,0.));
#11941 = DIRECTION('',(0.,-0.,1.));
#11942 = ADVANCED_FACE('',(#11943),#11961,.T.);
#11943 = FACE_BOUND('',#11944,.T.);
#11944 = EDGE_LOOP('',(#11945,#11946,#11954,#11960));
#11945 = ORIENTED_EDGE('',*,*,#11915,.F.);
#11946 = ORIENTED_EDGE('',*,*,#11947,.T.);
#11947 = EDGE_CURVE('',#11916,#11948,#11950,.T.);
#11948 = VERTEX_POINT('',#11949);
#11949 = CARTESIAN_POINT('',(0.32,-2.22,-2.84));
#11950 = LINE('',#11951,#11952);
#11951 = CARTESIAN_POINT('',(0.32,-2.86,-2.84));
#11952 = VECTOR('',#11953,1.);
#11953 = DIRECTION('',(0.,1.,0.));
#11954 = ORIENTED_EDGE('',*,*,#11955,.T.);
#11955 = EDGE_CURVE('',#11948,#11451,#11956,.T.);
#11956 = LINE('',#11957,#11958);
#11957 = CARTESIAN_POINT('',(0.32,-2.22,-3.));
#11958 = VECTOR('',#11959,1.);
#11959 = DIRECTION('',(0.,0.,1.));
#11960 = ORIENTED_EDGE('',*,*,#11458,.F.);
#11961 = PLANE('',#11962);
#11962 = AXIS2_PLACEMENT_3D('',#11963,#11964,#11965);
#11963 = CARTESIAN_POINT('',(0.32,-2.86,-3.));
#11964 = DIRECTION('',(1.,0.,0.));
#11965 = DIRECTION('',(0.,0.,1.));
#11966 = ADVANCED_FACE('',(#11967),#11985,.T.);
#11967 = FACE_BOUND('',#11968,.T.);
#11968 = EDGE_LOOP('',(#11969,#11970,#11978,#11984));
#11969 = ORIENTED_EDGE('',*,*,#11955,.F.);
#11970 = ORIENTED_EDGE('',*,*,#11971,.F.);
#11971 = EDGE_CURVE('',#11972,#11948,#11974,.T.);
#11972 = VERTEX_POINT('',#11973);
#11973 = CARTESIAN_POINT('',(-0.32,-2.22,-2.84));
#11974 = LINE('',#11975,#11976);
#11975 = CARTESIAN_POINT('',(-0.32,-2.22,-2.84));
#11976 = VECTOR('',#11977,1.);
#11977 = DIRECTION('',(1.,0.,0.));
#11978 = ORIENTED_EDGE('',*,*,#11979,.T.);
#11979 = EDGE_CURVE('',#11972,#11443,#11980,.T.);
#11980 = LINE('',#11981,#11982);
#11981 = CARTESIAN_POINT('',(-0.32,-2.22,-3.));
#11982 = VECTOR('',#11983,1.);
#11983 = DIRECTION('',(0.,0.,1.));
#11984 = ORIENTED_EDGE('',*,*,#11450,.F.);
#11985 = PLANE('',#11986);
#11986 = AXIS2_PLACEMENT_3D('',#11987,#11988,#11989);
#11987 = CARTESIAN_POINT('',(-0.32,-2.22,-3.));
#11988 = DIRECTION('',(0.,1.,0.));
#11989 = DIRECTION('',(0.,-0.,1.));
#11990 = ADVANCED_FACE('',(#11991),#12002,.F.);
#11991 = FACE_BOUND('',#11992,.F.);
#11992 = EDGE_LOOP('',(#11993,#11994,#12000,#12001));
#11993 = ORIENTED_EDGE('',*,*,#11931,.F.);
#11994 = ORIENTED_EDGE('',*,*,#11995,.T.);
#11995 = EDGE_CURVE('',#11924,#11972,#11996,.T.);
#11996 = LINE('',#11997,#11998);
#11997 = CARTESIAN_POINT('',(-0.32,-2.86,-2.84));
#11998 = VECTOR('',#11999,1.);
#11999 = DIRECTION('',(0.,1.,0.));
#12000 = ORIENTED_EDGE('',*,*,#11979,.T.);
#12001 = ORIENTED_EDGE('',*,*,#11442,.F.);
#12002 = PLANE('',#12003);
#12003 = AXIS2_PLACEMENT_3D('',#12004,#12005,#12006);
#12004 = CARTESIAN_POINT('',(-0.32,-2.86,-3.));
#12005 = DIRECTION('',(1.,0.,0.));
#12006 = DIRECTION('',(0.,0.,1.));
#12007 = ADVANCED_FACE('',(#12008),#12033,.F.);
#12008 = FACE_BOUND('',#12009,.F.);
#12009 = EDGE_LOOP('',(#12010,#12018,#12019,#12027));
#12010 = ORIENTED_EDGE('',*,*,#12011,.F.);
#12011 = EDGE_CURVE('',#11564,#12012,#12014,.T.);
#12012 = VERTEX_POINT('',#12013);
#12013 = CARTESIAN_POINT('',(0.32,-0.32,8.38));
#12014 = LINE('',#12015,#12016);
#12015 = CARTESIAN_POINT('',(0.32,-0.32,-3.));
#12016 = VECTOR('',#12017,1.);
#12017 = DIRECTION('',(0.,0.,1.));
#12018 = ORIENTED_EDGE('',*,*,#11563,.T.);
#12019 = ORIENTED_EDGE('',*,*,#12020,.T.);
#12020 = EDGE_CURVE('',#11566,#12021,#12023,.T.);
#12021 = VERTEX_POINT('',#12022);
#12022 = CARTESIAN_POINT('',(-0.32,-0.32,8.38));
#12023 = LINE('',#12024,#12025);
#12024 = CARTESIAN_POINT('',(-0.32,-0.32,-3.));
#12025 = VECTOR('',#12026,1.);
#12026 = DIRECTION('',(0.,0.,1.));
#12027 = ORIENTED_EDGE('',*,*,#12028,.T.);
#12028 = EDGE_CURVE('',#12021,#12012,#12029,.T.);
#12029 = LINE('',#12030,#12031);
#12030 = CARTESIAN_POINT('',(-0.32,-0.32,8.38));
#12031 = VECTOR('',#12032,1.);
#12032 = DIRECTION('',(1.,0.,0.));
#12033 = PLANE('',#12034);
#12034 = AXIS2_PLACEMENT_3D('',#12035,#12036,#12037);
#12035 = CARTESIAN_POINT('',(-0.32,-0.32,-3.));
#12036 = DIRECTION('',(0.,1.,0.));
#12037 = DIRECTION('',(0.,-0.,1.));
#12038 = ADVANCED_FACE('',(#12039),#12057,.T.);
#12039 = FACE_BOUND('',#12040,.T.);
#12040 = EDGE_LOOP('',(#12041,#12042,#12043,#12051));
#12041 = ORIENTED_EDGE('',*,*,#12011,.F.);
#12042 = ORIENTED_EDGE('',*,*,#11589,.T.);
#12043 = ORIENTED_EDGE('',*,*,#12044,.T.);
#12044 = EDGE_CURVE('',#11582,#12045,#12047,.T.);
#12045 = VERTEX_POINT('',#12046);
#12046 = CARTESIAN_POINT('',(0.32,0.32,8.38));
#12047 = LINE('',#12048,#12049);
#12048 = CARTESIAN_POINT('',(0.32,0.32,-3.));
#12049 = VECTOR('',#12050,1.);
#12050 = DIRECTION('',(0.,0.,1.));
#12051 = ORIENTED_EDGE('',*,*,#12052,.F.);
#12052 = EDGE_CURVE('',#12012,#12045,#12053,.T.);
#12053 = LINE('',#12054,#12055);
#12054 = CARTESIAN_POINT('',(0.32,-0.32,8.38));
#12055 = VECTOR('',#12056,1.);
#12056 = DIRECTION('',(0.,1.,0.));
#12057 = PLANE('',#12058);
#12058 = AXIS2_PLACEMENT_3D('',#12059,#12060,#12061);
#12059 = CARTESIAN_POINT('',(0.32,-0.32,-3.));
#12060 = DIRECTION('',(1.,0.,0.));
#12061 = DIRECTION('',(0.,0.,1.));
#12062 = ADVANCED_FACE('',(#12063),#12081,.T.);
#12063 = FACE_BOUND('',#12064,.T.);
#12064 = EDGE_LOOP('',(#12065,#12066,#12067,#12075));
#12065 = ORIENTED_EDGE('',*,*,#12044,.F.);
#12066 = ORIENTED_EDGE('',*,*,#11581,.T.);
#12067 = ORIENTED_EDGE('',*,*,#12068,.T.);
#12068 = EDGE_CURVE('',#11574,#12069,#12071,.T.);
#12069 = VERTEX_POINT('',#12070);
#12070 = CARTESIAN_POINT('',(-0.32,0.32,8.38));
#12071 = LINE('',#12072,#12073);
#12072 = CARTESIAN_POINT('',(-0.32,0.32,-3.));
#12073 = VECTOR('',#12074,1.);
#12074 = DIRECTION('',(0.,0.,1.));
#12075 = ORIENTED_EDGE('',*,*,#12076,.T.);
#12076 = EDGE_CURVE('',#12069,#12045,#12077,.T.);
#12077 = LINE('',#12078,#12079);
#12078 = CARTESIAN_POINT('',(-0.32,0.32,8.38));
#12079 = VECTOR('',#12080,1.);
#12080 = DIRECTION('',(1.,0.,0.));
#12081 = PLANE('',#12082);
#12082 = AXIS2_PLACEMENT_3D('',#12083,#12084,#12085);
#12083 = CARTESIAN_POINT('',(-0.32,0.32,-3.));
#12084 = DIRECTION('',(0.,1.,0.));
#12085 = DIRECTION('',(0.,-0.,1.));
#12086 = ADVANCED_FACE('',(#12087),#12098,.F.);
#12087 = FACE_BOUND('',#12088,.F.);
#12088 = EDGE_LOOP('',(#12089,#12090,#12091,#12092));
#12089 = ORIENTED_EDGE('',*,*,#12020,.F.);
#12090 = ORIENTED_EDGE('',*,*,#11573,.T.);
#12091 = ORIENTED_EDGE('',*,*,#12068,.T.);
#12092 = ORIENTED_EDGE('',*,*,#12093,.F.);
#12093 = EDGE_CURVE('',#12021,#12069,#12094,.T.);
#12094 = LINE('',#12095,#12096);
#12095 = CARTESIAN_POINT('',(-0.32,-0.32,8.38));
#12096 = VECTOR('',#12097,1.);
#12097 = DIRECTION('',(0.,1.,0.));
#12098 = PLANE('',#12099);
#12099 = AXIS2_PLACEMENT_3D('',#12100,#12101,#12102);
#12100 = CARTESIAN_POINT('',(-0.32,-0.32,-3.));
#12101 = DIRECTION('',(1.,0.,0.));
#12102 = DIRECTION('',(0.,0.,1.));
#12103 = ADVANCED_FACE('',(#12104),#12129,.F.);
#12104 = FACE_BOUND('',#12105,.F.);
#12105 = EDGE_LOOP('',(#12106,#12114,#12115,#12123));
#12106 = ORIENTED_EDGE('',*,*,#12107,.F.);
#12107 = EDGE_CURVE('',#11598,#12108,#12110,.T.);
#12108 = VERTEX_POINT('',#12109);
#12109 = CARTESIAN_POINT('',(0.32,-2.86,8.38));
#12110 = LINE('',#12111,#12112);
#12111 = CARTESIAN_POINT('',(0.32,-2.86,-3.));
#12112 = VECTOR('',#12113,1.);
#12113 = DIRECTION('',(0.,0.,1.));
#12114 = ORIENTED_EDGE('',*,*,#11597,.T.);
#12115 = ORIENTED_EDGE('',*,*,#12116,.T.);
#12116 = EDGE_CURVE('',#11600,#12117,#12119,.T.);
#12117 = VERTEX_POINT('',#12118);
#12118 = CARTESIAN_POINT('',(-0.32,-2.86,8.38));
#12119 = LINE('',#12120,#12121);
#12120 = CARTESIAN_POINT('',(-0.32,-2.86,-3.));
#12121 = VECTOR('',#12122,1.);
#12122 = DIRECTION('',(0.,0.,1.));
#12123 = ORIENTED_EDGE('',*,*,#12124,.T.);
#12124 = EDGE_CURVE('',#12117,#12108,#12125,.T.);
#12125 = LINE('',#12126,#12127);
#12126 = CARTESIAN_POINT('',(-0.32,-2.86,8.38));
#12127 = VECTOR('',#12128,1.);
#12128 = DIRECTION('',(1.,0.,0.));
#12129 = PLANE('',#12130);
#12130 = AXIS2_PLACEMENT_3D('',#12131,#12132,#12133);
#12131 = CARTESIAN_POINT('',(-0.32,-2.86,-3.));
#12132 = DIRECTION('',(0.,1.,0.));
#12133 = DIRECTION('',(0.,-0.,1.));
#12134 = ADVANCED_FACE('',(#12135),#12153,.T.);
#12135 = FACE_BOUND('',#12136,.T.);
#12136 = EDGE_LOOP('',(#12137,#12138,#12139,#12147));
#12137 = ORIENTED_EDGE('',*,*,#12107,.F.);
#12138 = ORIENTED_EDGE('',*,*,#11623,.T.);
#12139 = ORIENTED_EDGE('',*,*,#12140,.T.);
#12140 = EDGE_CURVE('',#11616,#12141,#12143,.T.);
#12141 = VERTEX_POINT('',#12142);
#12142 = CARTESIAN_POINT('',(0.32,-2.22,8.38));
#12143 = LINE('',#12144,#12145);
#12144 = CARTESIAN_POINT('',(0.32,-2.22,-3.));
#12145 = VECTOR('',#12146,1.);
#12146 = DIRECTION('',(0.,0.,1.));
#12147 = ORIENTED_EDGE('',*,*,#12148,.F.);
#12148 = EDGE_CURVE('',#12108,#12141,#12149,.T.);
#12149 = LINE('',#12150,#12151);
#12150 = CARTESIAN_POINT('',(0.32,-2.86,8.38));
#12151 = VECTOR('',#12152,1.);
#12152 = DIRECTION('',(0.,1.,0.));
#12153 = PLANE('',#12154);
#12154 = AXIS2_PLACEMENT_3D('',#12155,#12156,#12157);
#12155 = CARTESIAN_POINT('',(0.32,-2.86,-3.));
#12156 = DIRECTION('',(1.,0.,0.));
#12157 = DIRECTION('',(0.,0.,1.));
#12158 = ADVANCED_FACE('',(#12159),#12177,.T.);
#12159 = FACE_BOUND('',#12160,.T.);
#12160 = EDGE_LOOP('',(#12161,#12162,#12163,#12171));
#12161 = ORIENTED_EDGE('',*,*,#12140,.F.);
#12162 = ORIENTED_EDGE('',*,*,#11615,.T.);
#12163 = ORIENTED_EDGE('',*,*,#12164,.T.);
#12164 = EDGE_CURVE('',#11608,#12165,#12167,.T.);
#12165 = VERTEX_POINT('',#12166);
#12166 = CARTESIAN_POINT('',(-0.32,-2.22,8.38));
#12167 = LINE('',#12168,#12169);
#12168 = CARTESIAN_POINT('',(-0.32,-2.22,-3.));
#12169 = VECTOR('',#12170,1.);
#12170 = DIRECTION('',(0.,0.,1.));
#12171 = ORIENTED_EDGE('',*,*,#12172,.T.);
#12172 = EDGE_CURVE('',#12165,#12141,#12173,.T.);
#12173 = LINE('',#12174,#12175);
#12174 = CARTESIAN_POINT('',(-0.32,-2.22,8.38));
#12175 = VECTOR('',#12176,1.);
#12176 = DIRECTION('',(1.,0.,0.));
#12177 = PLANE('',#12178);
#12178 = AXIS2_PLACEMENT_3D('',#12179,#12180,#12181);
#12179 = CARTESIAN_POINT('',(-0.32,-2.22,-3.));
#12180 = DIRECTION('',(0.,1.,0.));
#12181 = DIRECTION('',(0.,-0.,1.));
#12182 = ADVANCED_FACE('',(#12183),#12194,.F.);
#12183 = FACE_BOUND('',#12184,.F.);
#12184 = EDGE_LOOP('',(#12185,#12186,#12187,#12188));
#12185 = ORIENTED_EDGE('',*,*,#12116,.F.);
#12186 = ORIENTED_EDGE('',*,*,#11607,.T.);
#12187 = ORIENTED_EDGE('',*,*,#12164,.T.);
#12188 = ORIENTED_EDGE('',*,*,#12189,.F.);
#12189 = EDGE_CURVE('',#12117,#12165,#12190,.T.);
#12190 = LINE('',#12191,#12192);
#12191 = CARTESIAN_POINT('',(-0.32,-2.86,8.38));
#12192 = VECTOR('',#12193,1.);
#12193 = DIRECTION('',(0.,1.,0.));
#12194 = PLANE('',#12195);
#12195 = AXIS2_PLACEMENT_3D('',#12196,#12197,#12198);
#12196 = CARTESIAN_POINT('',(-0.32,-2.86,-3.));
#12197 = DIRECTION('',(1.,0.,0.));
#12198 = DIRECTION('',(0.,0.,1.));
#12199 = ADVANCED_FACE('',(#12200),#12225,.T.);
#12200 = FACE_BOUND('',#12201,.F.);
#12201 = EDGE_LOOP('',(#12202,#12210,#12211,#12219));
#12202 = ORIENTED_EDGE('',*,*,#12203,.F.);
#12203 = EDGE_CURVE('',#11828,#12204,#12206,.T.);
#12204 = VERTEX_POINT('',#12205);
#12205 = CARTESIAN_POINT('',(-0.16,-0.16,-3.));
#12206 = LINE('',#12207,#12208);
#12207 = CARTESIAN_POINT('',(-0.266666666667,-0.266666666667,
    -2.893333333333));
#12208 = VECTOR('',#12209,1.);
#12209 = DIRECTION('',(0.57735026919,0.57735026919,-0.57735026919));
#12210 = ORIENTED_EDGE('',*,*,#11827,.T.);
#12211 = ORIENTED_EDGE('',*,*,#12212,.T.);
#12212 = EDGE_CURVE('',#11820,#12213,#12215,.T.);
#12213 = VERTEX_POINT('',#12214);
#12214 = CARTESIAN_POINT('',(0.16,-0.16,-3.));
#12215 = LINE('',#12216,#12217);
#12216 = CARTESIAN_POINT('',(0.16,-0.16,-3.));
#12217 = VECTOR('',#12218,1.);
#12218 = DIRECTION('',(-0.57735026919,0.57735026919,-0.57735026919));
#12219 = ORIENTED_EDGE('',*,*,#12220,.F.);
#12220 = EDGE_CURVE('',#12204,#12213,#12221,.T.);
#12221 = LINE('',#12222,#12223);
#12222 = CARTESIAN_POINT('',(-0.32,-0.16,-3.));
#12223 = VECTOR('',#12224,1.);
#12224 = DIRECTION('',(1.,0.,0.));
#12225 = PLANE('',#12226);
#12226 = AXIS2_PLACEMENT_3D('',#12227,#12228,#12229);
#12227 = CARTESIAN_POINT('',(-0.32,-0.24,-2.92));
#12228 = DIRECTION('',(1.735167508357E-18,-0.707106781187,
    -0.707106781187));
#12229 = DIRECTION('',(-1.,-1.226948711654E-18,-1.226948711654E-18));
#12230 = ADVANCED_FACE('',(#12231),#12249,.F.);
#12231 = FACE_BOUND('',#12232,.F.);
#12232 = EDGE_LOOP('',(#12233,#12234,#12235,#12243));
#12233 = ORIENTED_EDGE('',*,*,#12212,.F.);
#12234 = ORIENTED_EDGE('',*,*,#11851,.T.);
#12235 = ORIENTED_EDGE('',*,*,#12236,.T.);
#12236 = EDGE_CURVE('',#11852,#12237,#12239,.T.);
#12237 = VERTEX_POINT('',#12238);
#12238 = CARTESIAN_POINT('',(0.16,0.16,-3.));
#12239 = LINE('',#12240,#12241);
#12240 = CARTESIAN_POINT('',(5.333333333333E-02,5.333333333333E-02,
    -3.106666666667));
#12241 = VECTOR('',#12242,1.);
#12242 = DIRECTION('',(-0.57735026919,-0.57735026919,-0.57735026919));
#12243 = ORIENTED_EDGE('',*,*,#12244,.F.);
#12244 = EDGE_CURVE('',#12213,#12237,#12245,.T.);
#12245 = LINE('',#12246,#12247);
#12246 = CARTESIAN_POINT('',(0.16,-0.32,-3.));
#12247 = VECTOR('',#12248,1.);
#12248 = DIRECTION('',(0.,1.,0.));
#12249 = PLANE('',#12250);
#12250 = AXIS2_PLACEMENT_3D('',#12251,#12252,#12253);
#12251 = CARTESIAN_POINT('',(0.24,-0.32,-2.92));
#12252 = DIRECTION('',(-0.707106781187,1.735167508357E-18,0.707106781187
    ));
#12253 = DIRECTION('',(1.226948711654E-18,1.,-1.226948711654E-18));
#12254 = ADVANCED_FACE('',(#12255),#12273,.F.);
#12255 = FACE_BOUND('',#12256,.T.);
#12256 = EDGE_LOOP('',(#12257,#12265,#12266,#12267));
#12257 = ORIENTED_EDGE('',*,*,#12258,.F.);
#12258 = EDGE_CURVE('',#11876,#12259,#12261,.T.);
#12259 = VERTEX_POINT('',#12260);
#12260 = CARTESIAN_POINT('',(-0.16,0.16,-3.));
#12261 = LINE('',#12262,#12263);
#12262 = CARTESIAN_POINT('',(-0.16,0.16,-3.));
#12263 = VECTOR('',#12264,1.);
#12264 = DIRECTION('',(0.57735026919,-0.57735026919,-0.57735026919));
#12265 = ORIENTED_EDGE('',*,*,#11875,.T.);
#12266 = ORIENTED_EDGE('',*,*,#12236,.T.);
#12267 = ORIENTED_EDGE('',*,*,#12268,.F.);
#12268 = EDGE_CURVE('',#12259,#12237,#12269,.T.);
#12269 = LINE('',#12270,#12271);
#12270 = CARTESIAN_POINT('',(-0.32,0.16,-3.));
#12271 = VECTOR('',#12272,1.);
#12272 = DIRECTION('',(1.,0.,0.));
#12273 = PLANE('',#12274);
#12274 = AXIS2_PLACEMENT_3D('',#12275,#12276,#12277);
#12275 = CARTESIAN_POINT('',(-0.32,0.24,-2.92));
#12276 = DIRECTION('',(-1.735167508357E-18,-0.707106781187,
    0.707106781187));
#12277 = DIRECTION('',(-1.,1.226948711654E-18,-1.226948711654E-18));
#12278 = ADVANCED_FACE('',(#12279),#12290,.T.);
#12279 = FACE_BOUND('',#12280,.T.);
#12280 = EDGE_LOOP('',(#12281,#12282,#12283,#12284));
#12281 = ORIENTED_EDGE('',*,*,#12203,.F.);
#12282 = ORIENTED_EDGE('',*,*,#11899,.T.);
#12283 = ORIENTED_EDGE('',*,*,#12258,.T.);
#12284 = ORIENTED_EDGE('',*,*,#12285,.F.);
#12285 = EDGE_CURVE('',#12204,#12259,#12286,.T.);
#12286 = LINE('',#12287,#12288);
#12287 = CARTESIAN_POINT('',(-0.16,-0.32,-3.));
#12288 = VECTOR('',#12289,1.);
#12289 = DIRECTION('',(0.,1.,0.));
#12290 = PLANE('',#12291);
#12291 = AXIS2_PLACEMENT_3D('',#12292,#12293,#12294);
#12292 = CARTESIAN_POINT('',(-0.24,-0.32,-2.92));
#12293 = DIRECTION('',(-0.707106781187,-1.735167508357E-18,
    -0.707106781187));
#12294 = DIRECTION('',(-1.226948711654E-18,1.,-1.226948711654E-18));
#12295 = ADVANCED_FACE('',(#12296),#12321,.T.);
#12296 = FACE_BOUND('',#12297,.F.);
#12297 = EDGE_LOOP('',(#12298,#12306,#12307,#12315));
#12298 = ORIENTED_EDGE('',*,*,#12299,.F.);
#12299 = EDGE_CURVE('',#11924,#12300,#12302,.T.);
#12300 = VERTEX_POINT('',#12301);
#12301 = CARTESIAN_POINT('',(-0.16,-2.7,-3.));
#12302 = LINE('',#12303,#12304);
#12303 = CARTESIAN_POINT('',(-0.266666666667,-2.806666666667,
    -2.893333333333));
#12304 = VECTOR('',#12305,1.);
#12305 = DIRECTION('',(0.57735026919,0.57735026919,-0.57735026919));
#12306 = ORIENTED_EDGE('',*,*,#11923,.T.);
#12307 = ORIENTED_EDGE('',*,*,#12308,.T.);
#12308 = EDGE_CURVE('',#11916,#12309,#12311,.T.);
#12309 = VERTEX_POINT('',#12310);
#12310 = CARTESIAN_POINT('',(0.16,-2.7,-3.));
#12311 = LINE('',#12312,#12313);
#12312 = CARTESIAN_POINT('',(0.16,-2.7,-3.));
#12313 = VECTOR('',#12314,1.);
#12314 = DIRECTION('',(-0.57735026919,0.57735026919,-0.57735026919));
#12315 = ORIENTED_EDGE('',*,*,#12316,.F.);
#12316 = EDGE_CURVE('',#12300,#12309,#12317,.T.);
#12317 = LINE('',#12318,#12319);
#12318 = CARTESIAN_POINT('',(-0.32,-2.7,-3.));
#12319 = VECTOR('',#12320,1.);
#12320 = DIRECTION('',(1.,0.,0.));
#12321 = PLANE('',#12322);
#12322 = AXIS2_PLACEMENT_3D('',#12323,#12324,#12325);
#12323 = CARTESIAN_POINT('',(-0.32,-2.78,-2.92));
#12324 = DIRECTION('',(1.735167508357E-18,-0.707106781187,
    -0.707106781187));
#12325 = DIRECTION('',(-1.,-1.226948711654E-18,-1.226948711654E-18));
#12326 = ADVANCED_FACE('',(#12327),#12345,.F.);
#12327 = FACE_BOUND('',#12328,.F.);
#12328 = EDGE_LOOP('',(#12329,#12330,#12331,#12339));
#12329 = ORIENTED_EDGE('',*,*,#12308,.F.);
#12330 = ORIENTED_EDGE('',*,*,#11947,.T.);
#12331 = ORIENTED_EDGE('',*,*,#12332,.T.);
#12332 = EDGE_CURVE('',#11948,#12333,#12335,.T.);
#12333 = VERTEX_POINT('',#12334);
#12334 = CARTESIAN_POINT('',(0.16,-2.38,-3.));
#12335 = LINE('',#12336,#12337);
#12336 = CARTESIAN_POINT('',(5.333333333333E-02,-2.486666666667,
    -3.106666666667));
#12337 = VECTOR('',#12338,1.);
#12338 = DIRECTION('',(-0.57735026919,-0.57735026919,-0.57735026919));
#12339 = ORIENTED_EDGE('',*,*,#12340,.F.);
#12340 = EDGE_CURVE('',#12309,#12333,#12341,.T.);
#12341 = LINE('',#12342,#12343);
#12342 = CARTESIAN_POINT('',(0.16,-2.86,-3.));
#12343 = VECTOR('',#12344,1.);
#12344 = DIRECTION('',(0.,1.,0.));
#12345 = PLANE('',#12346);
#12346 = AXIS2_PLACEMENT_3D('',#12347,#12348,#12349);
#12347 = CARTESIAN_POINT('',(0.24,-2.86,-2.92));
#12348 = DIRECTION('',(-0.707106781187,1.735167508357E-18,0.707106781187
    ));
#12349 = DIRECTION('',(1.226948711654E-18,1.,-1.226948711654E-18));
#12350 = ADVANCED_FACE('',(#12351),#12369,.F.);
#12351 = FACE_BOUND('',#12352,.T.);
#12352 = EDGE_LOOP('',(#12353,#12361,#12362,#12363));
#12353 = ORIENTED_EDGE('',*,*,#12354,.F.);
#12354 = EDGE_CURVE('',#11972,#12355,#12357,.T.);
#12355 = VERTEX_POINT('',#12356);
#12356 = CARTESIAN_POINT('',(-0.16,-2.38,-3.));
#12357 = LINE('',#12358,#12359);
#12358 = CARTESIAN_POINT('',(-0.16,-2.38,-3.));
#12359 = VECTOR('',#12360,1.);
#12360 = DIRECTION('',(0.57735026919,-0.57735026919,-0.57735026919));
#12361 = ORIENTED_EDGE('',*,*,#11971,.T.);
#12362 = ORIENTED_EDGE('',*,*,#12332,.T.);
#12363 = ORIENTED_EDGE('',*,*,#12364,.F.);
#12364 = EDGE_CURVE('',#12355,#12333,#12365,.T.);
#12365 = LINE('',#12366,#12367);
#12366 = CARTESIAN_POINT('',(-0.32,-2.38,-3.));
#12367 = VECTOR('',#12368,1.);
#12368 = DIRECTION('',(1.,0.,0.));
#12369 = PLANE('',#12370);
#12370 = AXIS2_PLACEMENT_3D('',#12371,#12372,#12373);
#12371 = CARTESIAN_POINT('',(-0.32,-2.3,-2.92));
#12372 = DIRECTION('',(-1.735167508357E-18,-0.707106781187,
    0.707106781187));
#12373 = DIRECTION('',(-1.,1.226948711654E-18,-1.226948711654E-18));
#12374 = ADVANCED_FACE('',(#12375),#12386,.T.);
#12375 = FACE_BOUND('',#12376,.T.);
#12376 = EDGE_LOOP('',(#12377,#12378,#12379,#12380));
#12377 = ORIENTED_EDGE('',*,*,#12299,.F.);
#12378 = ORIENTED_EDGE('',*,*,#11995,.T.);
#12379 = ORIENTED_EDGE('',*,*,#12354,.T.);
#12380 = ORIENTED_EDGE('',*,*,#12381,.F.);
#12381 = EDGE_CURVE('',#12300,#12355,#12382,.T.);
#12382 = LINE('',#12383,#12384);
#12383 = CARTESIAN_POINT('',(-0.16,-2.86,-3.));
#12384 = VECTOR('',#12385,1.);
#12385 = DIRECTION('',(0.,1.,0.));
#12386 = PLANE('',#12387);
#12387 = AXIS2_PLACEMENT_3D('',#12388,#12389,#12390);
#12388 = CARTESIAN_POINT('',(-0.24,-2.86,-2.92));
#12389 = DIRECTION('',(-0.707106781187,-1.735167508357E-18,
    -0.707106781187));
#12390 = DIRECTION('',(-1.226948711654E-18,1.,-1.226948711654E-18));
#12391 = ADVANCED_FACE('',(#12392),#12417,.F.);
#12392 = FACE_BOUND('',#12393,.T.);
#12393 = EDGE_LOOP('',(#12394,#12402,#12403,#12411));
#12394 = ORIENTED_EDGE('',*,*,#12395,.F.);
#12395 = EDGE_CURVE('',#12021,#12396,#12398,.T.);
#12396 = VERTEX_POINT('',#12397);
#12397 = CARTESIAN_POINT('',(-0.16,-0.16,8.54));
#12398 = LINE('',#12399,#12400);
#12399 = CARTESIAN_POINT('',(-0.266666666667,-0.266666666667,
    8.433333333333));
#12400 = VECTOR('',#12401,1.);
#12401 = DIRECTION('',(0.57735026919,0.57735026919,0.57735026919));
#12402 = ORIENTED_EDGE('',*,*,#12028,.T.);
#12403 = ORIENTED_EDGE('',*,*,#12404,.T.);
#12404 = EDGE_CURVE('',#12012,#12405,#12407,.T.);
#12405 = VERTEX_POINT('',#12406);
#12406 = CARTESIAN_POINT('',(0.16,-0.16,8.54));
#12407 = LINE('',#12408,#12409);
#12408 = CARTESIAN_POINT('',(0.16,-0.16,8.54));
#12409 = VECTOR('',#12410,1.);
#12410 = DIRECTION('',(-0.57735026919,0.57735026919,0.57735026919));
#12411 = ORIENTED_EDGE('',*,*,#12412,.F.);
#12412 = EDGE_CURVE('',#12396,#12405,#12413,.T.);
#12413 = LINE('',#12414,#12415);
#12414 = CARTESIAN_POINT('',(-0.32,-0.16,8.54));
#12415 = VECTOR('',#12416,1.);
#12416 = DIRECTION('',(1.,0.,0.));
#12417 = PLANE('',#12418);
#12418 = AXIS2_PLACEMENT_3D('',#12419,#12420,#12421);
#12419 = CARTESIAN_POINT('',(-0.32,-0.24,8.46));
#12420 = DIRECTION('',(-1.735167508357E-18,0.707106781187,
    -0.707106781187));
#12421 = DIRECTION('',(-1.,-1.226948711654E-18,1.226948711654E-18));
#12422 = ADVANCED_FACE('',(#12423),#12441,.T.);
#12423 = FACE_BOUND('',#12424,.T.);
#12424 = EDGE_LOOP('',(#12425,#12426,#12427,#12435));
#12425 = ORIENTED_EDGE('',*,*,#12404,.F.);
#12426 = ORIENTED_EDGE('',*,*,#12052,.T.);
#12427 = ORIENTED_EDGE('',*,*,#12428,.T.);
#12428 = EDGE_CURVE('',#12045,#12429,#12431,.T.);
#12429 = VERTEX_POINT('',#12430);
#12430 = CARTESIAN_POINT('',(0.16,0.16,8.54));
#12431 = LINE('',#12432,#12433);
#12432 = CARTESIAN_POINT('',(5.333333333333E-02,5.333333333333E-02,
    8.646666666667));
#12433 = VECTOR('',#12434,1.);
#12434 = DIRECTION('',(-0.57735026919,-0.57735026919,0.57735026919));
#12435 = ORIENTED_EDGE('',*,*,#12436,.F.);
#12436 = EDGE_CURVE('',#12405,#12429,#12437,.T.);
#12437 = LINE('',#12438,#12439);
#12438 = CARTESIAN_POINT('',(0.16,-0.32,8.54));
#12439 = VECTOR('',#12440,1.);
#12440 = DIRECTION('',(0.,1.,0.));
#12441 = PLANE('',#12442);
#12442 = AXIS2_PLACEMENT_3D('',#12443,#12444,#12445);
#12443 = CARTESIAN_POINT('',(0.24,-0.32,8.46));
#12444 = DIRECTION('',(0.707106781187,-1.735167508357E-18,0.707106781187
    ));
#12445 = DIRECTION('',(1.226948711654E-18,1.,1.226948711654E-18));
#12446 = ADVANCED_FACE('',(#12447),#12465,.T.);
#12447 = FACE_BOUND('',#12448,.F.);
#12448 = EDGE_LOOP('',(#12449,#12457,#12458,#12459));
#12449 = ORIENTED_EDGE('',*,*,#12450,.F.);
#12450 = EDGE_CURVE('',#12069,#12451,#12453,.T.);
#12451 = VERTEX_POINT('',#12452);
#12452 = CARTESIAN_POINT('',(-0.16,0.16,8.54));
#12453 = LINE('',#12454,#12455);
#12454 = CARTESIAN_POINT('',(-0.16,0.16,8.54));
#12455 = VECTOR('',#12456,1.);
#12456 = DIRECTION('',(0.57735026919,-0.57735026919,0.57735026919));
#12457 = ORIENTED_EDGE('',*,*,#12076,.T.);
#12458 = ORIENTED_EDGE('',*,*,#12428,.T.);
#12459 = ORIENTED_EDGE('',*,*,#12460,.F.);
#12460 = EDGE_CURVE('',#12451,#12429,#12461,.T.);
#12461 = LINE('',#12462,#12463);
#12462 = CARTESIAN_POINT('',(-0.32,0.16,8.54));
#12463 = VECTOR('',#12464,1.);
#12464 = DIRECTION('',(1.,0.,0.));
#12465 = PLANE('',#12466);
#12466 = AXIS2_PLACEMENT_3D('',#12467,#12468,#12469);
#12467 = CARTESIAN_POINT('',(-0.32,0.24,8.46));
#12468 = DIRECTION('',(1.735167508357E-18,0.707106781187,0.707106781187)
  );
#12469 = DIRECTION('',(-1.,1.226948711654E-18,1.226948711654E-18));
#12470 = ADVANCED_FACE('',(#12471),#12482,.F.);
#12471 = FACE_BOUND('',#12472,.F.);
#12472 = EDGE_LOOP('',(#12473,#12474,#12475,#12476));
#12473 = ORIENTED_EDGE('',*,*,#12395,.F.);
#12474 = ORIENTED_EDGE('',*,*,#12093,.T.);
#12475 = ORIENTED_EDGE('',*,*,#12450,.T.);
#12476 = ORIENTED_EDGE('',*,*,#12477,.F.);
#12477 = EDGE_CURVE('',#12396,#12451,#12478,.T.);
#12478 = LINE('',#12479,#12480);
#12479 = CARTESIAN_POINT('',(-0.16,-0.32,8.54));
#12480 = VECTOR('',#12481,1.);
#12481 = DIRECTION('',(0.,1.,0.));
#12482 = PLANE('',#12483);
#12483 = AXIS2_PLACEMENT_3D('',#12484,#12485,#12486);
#12484 = CARTESIAN_POINT('',(-0.24,-0.32,8.46));
#12485 = DIRECTION('',(0.707106781187,1.735167508357E-18,-0.707106781187
    ));
#12486 = DIRECTION('',(-1.226948711654E-18,1.,1.226948711654E-18));
#12487 = ADVANCED_FACE('',(#12488),#12513,.F.);
#12488 = FACE_BOUND('',#12489,.T.);
#12489 = EDGE_LOOP('',(#12490,#12498,#12499,#12507));
#12490 = ORIENTED_EDGE('',*,*,#12491,.F.);
#12491 = EDGE_CURVE('',#12117,#12492,#12494,.T.);
#12492 = VERTEX_POINT('',#12493);
#12493 = CARTESIAN_POINT('',(-0.16,-2.7,8.54));
#12494 = LINE('',#12495,#12496);
#12495 = CARTESIAN_POINT('',(-0.266666666667,-2.806666666667,
    8.433333333333));
#12496 = VECTOR('',#12497,1.);
#12497 = DIRECTION('',(0.57735026919,0.57735026919,0.57735026919));
#12498 = ORIENTED_EDGE('',*,*,#12124,.T.);
#12499 = ORIENTED_EDGE('',*,*,#12500,.T.);
#12500 = EDGE_CURVE('',#12108,#12501,#12503,.T.);
#12501 = VERTEX_POINT('',#12502);
#12502 = CARTESIAN_POINT('',(0.16,-2.7,8.54));
#12503 = LINE('',#12504,#12505);
#12504 = CARTESIAN_POINT('',(0.16,-2.7,8.54));
#12505 = VECTOR('',#12506,1.);
#12506 = DIRECTION('',(-0.57735026919,0.57735026919,0.57735026919));
#12507 = ORIENTED_EDGE('',*,*,#12508,.F.);
#12508 = EDGE_CURVE('',#12492,#12501,#12509,.T.);
#12509 = LINE('',#12510,#12511);
#12510 = CARTESIAN_POINT('',(-0.32,-2.7,8.54));
#12511 = VECTOR('',#12512,1.);
#12512 = DIRECTION('',(1.,0.,0.));
#12513 = PLANE('',#12514);
#12514 = AXIS2_PLACEMENT_3D('',#12515,#12516,#12517);
#12515 = CARTESIAN_POINT('',(-0.32,-2.78,8.46));
#12516 = DIRECTION('',(-1.735167508357E-18,0.707106781187,
    -0.707106781187));
#12517 = DIRECTION('',(-1.,-1.226948711654E-18,1.226948711654E-18));
#12518 = ADVANCED_FACE('',(#12519),#12537,.T.);
#12519 = FACE_BOUND('',#12520,.T.);
#12520 = EDGE_LOOP('',(#12521,#12522,#12523,#12531));
#12521 = ORIENTED_EDGE('',*,*,#12500,.F.);
#12522 = ORIENTED_EDGE('',*,*,#12148,.T.);
#12523 = ORIENTED_EDGE('',*,*,#12524,.T.);
#12524 = EDGE_CURVE('',#12141,#12525,#12527,.T.);
#12525 = VERTEX_POINT('',#12526);
#12526 = CARTESIAN_POINT('',(0.16,-2.38,8.54));
#12527 = LINE('',#12528,#12529);
#12528 = CARTESIAN_POINT('',(5.333333333333E-02,-2.486666666667,
    8.646666666667));
#12529 = VECTOR('',#12530,1.);
#12530 = DIRECTION('',(-0.57735026919,-0.57735026919,0.57735026919));
#12531 = ORIENTED_EDGE('',*,*,#12532,.F.);
#12532 = EDGE_CURVE('',#12501,#12525,#12533,.T.);
#12533 = LINE('',#12534,#12535);
#12534 = CARTESIAN_POINT('',(0.16,-2.86,8.54));
#12535 = VECTOR('',#12536,1.);
#12536 = DIRECTION('',(0.,1.,0.));
#12537 = PLANE('',#12538);
#12538 = AXIS2_PLACEMENT_3D('',#12539,#12540,#12541);
#12539 = CARTESIAN_POINT('',(0.24,-2.86,8.46));
#12540 = DIRECTION('',(0.707106781187,-1.735167508357E-18,0.707106781187
    ));
#12541 = DIRECTION('',(1.226948711654E-18,1.,1.226948711654E-18));
#12542 = ADVANCED_FACE('',(#12543),#12561,.T.);
#12543 = FACE_BOUND('',#12544,.F.);
#12544 = EDGE_LOOP('',(#12545,#12553,#12554,#12555));
#12545 = ORIENTED_EDGE('',*,*,#12546,.F.);
#12546 = EDGE_CURVE('',#12165,#12547,#12549,.T.);
#12547 = VERTEX_POINT('',#12548);
#12548 = CARTESIAN_POINT('',(-0.16,-2.38,8.54));
#12549 = LINE('',#12550,#12551);
#12550 = CARTESIAN_POINT('',(-0.16,-2.38,8.54));
#12551 = VECTOR('',#12552,1.);
#12552 = DIRECTION('',(0.57735026919,-0.57735026919,0.57735026919));
#12553 = ORIENTED_EDGE('',*,*,#12172,.T.);
#12554 = ORIENTED_EDGE('',*,*,#12524,.T.);
#12555 = ORIENTED_EDGE('',*,*,#12556,.F.);
#12556 = EDGE_CURVE('',#12547,#12525,#12557,.T.);
#12557 = LINE('',#12558,#12559);
#12558 = CARTESIAN_POINT('',(-0.32,-2.38,8.54));
#12559 = VECTOR('',#12560,1.);
#12560 = DIRECTION('',(1.,0.,0.));
#12561 = PLANE('',#12562);
#12562 = AXIS2_PLACEMENT_3D('',#12563,#12564,#12565);
#12563 = CARTESIAN_POINT('',(-0.32,-2.3,8.46));
#12564 = DIRECTION('',(1.735167508357E-18,0.707106781187,0.707106781187)
  );
#12565 = DIRECTION('',(-1.,1.226948711654E-18,1.226948711654E-18));
#12566 = ADVANCED_FACE('',(#12567),#12578,.F.);
#12567 = FACE_BOUND('',#12568,.F.);
#12568 = EDGE_LOOP('',(#12569,#12570,#12571,#12572));
#12569 = ORIENTED_EDGE('',*,*,#12491,.F.);
#12570 = ORIENTED_EDGE('',*,*,#12189,.T.);
#12571 = ORIENTED_EDGE('',*,*,#12546,.T.);
#12572 = ORIENTED_EDGE('',*,*,#12573,.F.);
#12573 = EDGE_CURVE('',#12492,#12547,#12574,.T.);
#12574 = LINE('',#12575,#12576);
#12575 = CARTESIAN_POINT('',(-0.16,-2.86,8.54));
#12576 = VECTOR('',#12577,1.);
#12577 = DIRECTION('',(0.,1.,0.));
#12578 = PLANE('',#12579);
#12579 = AXIS2_PLACEMENT_3D('',#12580,#12581,#12582);
#12580 = CARTESIAN_POINT('',(-0.24,-2.86,8.46));
#12581 = DIRECTION('',(0.707106781187,1.735167508357E-18,-0.707106781187
    ));
#12582 = DIRECTION('',(-1.226948711654E-18,1.,1.226948711654E-18));
#12583 = ADVANCED_FACE('',(#12584),#12590,.F.);
#12584 = FACE_BOUND('',#12585,.F.);
#12585 = EDGE_LOOP('',(#12586,#12587,#12588,#12589));
#12586 = ORIENTED_EDGE('',*,*,#12285,.F.);
#12587 = ORIENTED_EDGE('',*,*,#12220,.T.);
#12588 = ORIENTED_EDGE('',*,*,#12244,.T.);
#12589 = ORIENTED_EDGE('',*,*,#12268,.F.);
#12590 = PLANE('',#12591);
#12591 = AXIS2_PLACEMENT_3D('',#12592,#12593,#12594);
#12592 = CARTESIAN_POINT('',(-0.32,-0.32,-3.));
#12593 = DIRECTION('',(0.,0.,1.));
#12594 = DIRECTION('',(1.,0.,-0.));
#12595 = ADVANCED_FACE('',(#12596),#12602,.F.);
#12596 = FACE_BOUND('',#12597,.F.);
#12597 = EDGE_LOOP('',(#12598,#12599,#12600,#12601));
#12598 = ORIENTED_EDGE('',*,*,#12381,.F.);
#12599 = ORIENTED_EDGE('',*,*,#12316,.T.);
#12600 = ORIENTED_EDGE('',*,*,#12340,.T.);
#12601 = ORIENTED_EDGE('',*,*,#12364,.F.);
#12602 = PLANE('',#12603);
#12603 = AXIS2_PLACEMENT_3D('',#12604,#12605,#12606);
#12604 = CARTESIAN_POINT('',(-0.32,-2.86,-3.));
#12605 = DIRECTION('',(0.,0.,1.));
#12606 = DIRECTION('',(1.,0.,-0.));
#12607 = ADVANCED_FACE('',(#12608),#12614,.T.);
#12608 = FACE_BOUND('',#12609,.T.);
#12609 = EDGE_LOOP('',(#12610,#12611,#12612,#12613));
#12610 = ORIENTED_EDGE('',*,*,#12460,.F.);
#12611 = ORIENTED_EDGE('',*,*,#12477,.F.);
#12612 = ORIENTED_EDGE('',*,*,#12412,.T.);
#12613 = ORIENTED_EDGE('',*,*,#12436,.T.);
#12614 = PLANE('',#12615);
#12615 = AXIS2_PLACEMENT_3D('',#12616,#12617,#12618);
#12616 = CARTESIAN_POINT('',(-0.32,-0.32,8.54));
#12617 = DIRECTION('',(0.,0.,1.));
#12618 = DIRECTION('',(1.,0.,-0.));
#12619 = ADVANCED_FACE('',(#12620),#12626,.T.);
#12620 = FACE_BOUND('',#12621,.T.);
#12621 = EDGE_LOOP('',(#12622,#12623,#12624,#12625));
#12622 = ORIENTED_EDGE('',*,*,#12556,.F.);
#12623 = ORIENTED_EDGE('',*,*,#12573,.F.);
#12624 = ORIENTED_EDGE('',*,*,#12508,.T.);
#12625 = ORIENTED_EDGE('',*,*,#12532,.T.);
#12626 = PLANE('',#12627);
#12627 = AXIS2_PLACEMENT_3D('',#12628,#12629,#12630);
#12628 = CARTESIAN_POINT('',(-0.32,-2.86,8.54));
#12629 = DIRECTION('',(0.,0.,1.));
#12630 = DIRECTION('',(1.,0.,-0.));
#12631 = ( GEOMETRIC_REPRESENTATION_CONTEXT(3) 
GLOBAL_UNCERTAINTY_ASSIGNED_CONTEXT((#12635)) 
GLOBAL_UNIT_ASSIGNED_CONTEXT((#12632,#12633,#12634)) 
REPRESENTATION_CONTEXT('Context #1',
  '3D Context with UNIT and UNCERTAINTY') );
#12632 = ( LENGTH_UNIT() NAMED_UNIT(*) SI_UNIT(.MILLI.,.METRE.) );
#12633 = ( NAMED_UNIT(*) PLANE_ANGLE_UNIT() SI_UNIT($,.RADIAN.) );
#12634 = ( NAMED_UNIT(*) SI_UNIT($,.STERADIAN.) SOLID_ANGLE_UNIT() );
#12635 = UNCERTAINTY_MEASURE_WITH_UNIT(LENGTH_MEASURE(1.E-07),#12632,
  'distance_accuracy_value','confusion accuracy');
#12636 = CONTEXT_DEPENDENT_SHAPE_REPRESENTATION(#12637,#12639);
#12637 = ( REPRESENTATION_RELATIONSHIP('','',#11198,#10) 
REPRESENTATION_RELATIONSHIP_WITH_TRANSFORMATION(#12638) 
SHAPE_REPRESENTATION_RELATIONSHIP() );
#12638 = ITEM_DEFINED_TRANSFORMATION('','',#11,#127);
#12639 = PRODUCT_DEFINITION_SHAPE('Placement','Placement of an item',
  #12640);
#12640 = NEXT_ASSEMBLY_USAGE_OCCURRENCE('32','J3','',#5,#11193,$);
#12641 = PRODUCT_RELATED_PRODUCT_CATEGORY('part',$,(#11195));
#12642 = CONTEXT_DEPENDENT_SHAPE_REPRESENTATION(#12643,#12645);
#12643 = ( REPRESENTATION_RELATIONSHIP('','',#11198,#10) 
REPRESENTATION_RELATIONSHIP_WITH_TRANSFORMATION(#12644) 
SHAPE_REPRESENTATION_RELATIONSHIP() );
#12644 = ITEM_DEFINED_TRANSFORMATION('','',#11,#131);
#12645 = PRODUCT_DEFINITION_SHAPE('Placement','Placement of an item',
  #12646);
#12646 = NEXT_ASSEMBLY_USAGE_OCCURRENCE('33','J2','',#5,#11193,$);
#12647 = SHAPE_DEFINITION_REPRESENTATION(#12648,#12654);
#12648 = PRODUCT_DEFINITION_SHAPE('','',#12649);
#12649 = PRODUCT_DEFINITION('design','',#12650,#12653);
#12650 = PRODUCT_DEFINITION_FORMATION('','',#12651);
#12651 = PRODUCT('line-follower-h-bridge-v3_PCB',
  'line-follower-h-bridge-v3_PCB','',(#12652));
#12652 = PRODUCT_CONTEXT('',#2,'mechanical');
#12653 = PRODUCT_DEFINITION_CONTEXT('part definition',#2,'design');
#12654 = ADVANCED_BREP_SHAPE_REPRESENTATION('',(#11,#12655),#14209);
#12655 = MANIFOLD_SOLID_BREP('',#12656);
#12656 = CLOSED_SHELL('',(#12657,#12697,#12728,#12759,#13172,#13585,
    #13597,#13614,#13631,#13648,#13665,#13682,#13699,#13716,#13733,
    #13750,#13767,#13784,#13801,#13818,#13835,#13852,#13869,#13886,
    #13903,#13920,#13937,#13954,#13971,#13988,#14005,#14022,#14039,
    #14056,#14073,#14090,#14107,#14124,#14141,#14158,#14175,#14192));
#12657 = ADVANCED_FACE('',(#12658),#12692,.T.);
#12658 = FACE_BOUND('',#12659,.T.);
#12659 = EDGE_LOOP('',(#12660,#12670,#12678,#12686));
#12660 = ORIENTED_EDGE('',*,*,#12661,.T.);
#12661 = EDGE_CURVE('',#12662,#12664,#12666,.T.);
#12662 = VERTEX_POINT('',#12663);
#12663 = CARTESIAN_POINT('',(210.,-124.,0.));
#12664 = VERTEX_POINT('',#12665);
#12665 = CARTESIAN_POINT('',(210.,-124.,1.51));
#12666 = LINE('',#12667,#12668);
#12667 = CARTESIAN_POINT('',(210.,-124.,0.));
#12668 = VECTOR('',#12669,1.);
#12669 = DIRECTION('',(0.,0.,1.));
#12670 = ORIENTED_EDGE('',*,*,#12671,.T.);
#12671 = EDGE_CURVE('',#12664,#12672,#12674,.T.);
#12672 = VERTEX_POINT('',#12673);
#12673 = CARTESIAN_POINT('',(134.,-124.,1.51));
#12674 = LINE('',#12675,#12676);
#12675 = CARTESIAN_POINT('',(210.,-124.,1.51));
#12676 = VECTOR('',#12677,1.);
#12677 = DIRECTION('',(-1.,0.,0.));
#12678 = ORIENTED_EDGE('',*,*,#12679,.F.);
#12679 = EDGE_CURVE('',#12680,#12672,#12682,.T.);
#12680 = VERTEX_POINT('',#12681);
#12681 = CARTESIAN_POINT('',(134.,-124.,0.));
#12682 = LINE('',#12683,#12684);
#12683 = CARTESIAN_POINT('',(134.,-124.,0.));
#12684 = VECTOR('',#12685,1.);
#12685 = DIRECTION('',(0.,0.,1.));
#12686 = ORIENTED_EDGE('',*,*,#12687,.F.);
#12687 = EDGE_CURVE('',#12662,#12680,#12688,.T.);
#12688 = LINE('',#12689,#12690);
#12689 = CARTESIAN_POINT('',(210.,-124.,0.));
#12690 = VECTOR('',#12691,1.);
#12691 = DIRECTION('',(-1.,0.,0.));
#12692 = PLANE('',#12693);
#12693 = AXIS2_PLACEMENT_3D('',#12694,#12695,#12696);
#12694 = CARTESIAN_POINT('',(210.,-124.,0.));
#12695 = DIRECTION('',(0.,-1.,0.));
#12696 = DIRECTION('',(-1.,0.,0.));
#12697 = ADVANCED_FACE('',(#12698),#12723,.T.);
#12698 = FACE_BOUND('',#12699,.T.);
#12699 = EDGE_LOOP('',(#12700,#12710,#12716,#12717));
#12700 = ORIENTED_EDGE('',*,*,#12701,.T.);
#12701 = EDGE_CURVE('',#12702,#12704,#12706,.T.);
#12702 = VERTEX_POINT('',#12703);
#12703 = CARTESIAN_POINT('',(210.,-76.,0.));
#12704 = VERTEX_POINT('',#12705);
#12705 = CARTESIAN_POINT('',(210.,-76.,1.51));
#12706 = LINE('',#12707,#12708);
#12707 = CARTESIAN_POINT('',(210.,-76.,0.));
#12708 = VECTOR('',#12709,1.);
#12709 = DIRECTION('',(0.,0.,1.));
#12710 = ORIENTED_EDGE('',*,*,#12711,.T.);
#12711 = EDGE_CURVE('',#12704,#12664,#12712,.T.);
#12712 = LINE('',#12713,#12714);
#12713 = CARTESIAN_POINT('',(210.,-76.,1.51));
#12714 = VECTOR('',#12715,1.);
#12715 = DIRECTION('',(0.,-1.,0.));
#12716 = ORIENTED_EDGE('',*,*,#12661,.F.);
#12717 = ORIENTED_EDGE('',*,*,#12718,.F.);
#12718 = EDGE_CURVE('',#12702,#12662,#12719,.T.);
#12719 = LINE('',#12720,#12721);
#12720 = CARTESIAN_POINT('',(210.,-76.,0.));
#12721 = VECTOR('',#12722,1.);
#12722 = DIRECTION('',(0.,-1.,0.));
#12723 = PLANE('',#12724);
#12724 = AXIS2_PLACEMENT_3D('',#12725,#12726,#12727);
#12725 = CARTESIAN_POINT('',(210.,-76.,0.));
#12726 = DIRECTION('',(1.,0.,-0.));
#12727 = DIRECTION('',(0.,-1.,0.));
#12728 = ADVANCED_FACE('',(#12729),#12754,.T.);
#12729 = FACE_BOUND('',#12730,.T.);
#12730 = EDGE_LOOP('',(#12731,#12732,#12740,#12748));
#12731 = ORIENTED_EDGE('',*,*,#12679,.T.);
#12732 = ORIENTED_EDGE('',*,*,#12733,.T.);
#12733 = EDGE_CURVE('',#12672,#12734,#12736,.T.);
#12734 = VERTEX_POINT('',#12735);
#12735 = CARTESIAN_POINT('',(134.,-76.,1.51));
#12736 = LINE('',#12737,#12738);
#12737 = CARTESIAN_POINT('',(134.,-124.,1.51));
#12738 = VECTOR('',#12739,1.);
#12739 = DIRECTION('',(0.,1.,0.));
#12740 = ORIENTED_EDGE('',*,*,#12741,.F.);
#12741 = EDGE_CURVE('',#12742,#12734,#12744,.T.);
#12742 = VERTEX_POINT('',#12743);
#12743 = CARTESIAN_POINT('',(134.,-76.,0.));
#12744 = LINE('',#12745,#12746);
#12745 = CARTESIAN_POINT('',(134.,-76.,0.));
#12746 = VECTOR('',#12747,1.);
#12747 = DIRECTION('',(0.,0.,1.));
#12748 = ORIENTED_EDGE('',*,*,#12749,.F.);
#12749 = EDGE_CURVE('',#12680,#12742,#12750,.T.);
#12750 = LINE('',#12751,#12752);
#12751 = CARTESIAN_POINT('',(134.,-124.,0.));
#12752 = VECTOR('',#12753,1.);
#12753 = DIRECTION('',(0.,1.,0.));
#12754 = PLANE('',#12755);
#12755 = AXIS2_PLACEMENT_3D('',#12756,#12757,#12758);
#12756 = CARTESIAN_POINT('',(134.,-124.,0.));
#12757 = DIRECTION('',(-1.,0.,0.));
#12758 = DIRECTION('',(0.,1.,0.));
#12759 = ADVANCED_FACE('',(#12760,#12771,#12782,#12793,#12804,#12815,
    #12826,#12837,#12848,#12859,#12870,#12881,#12892,#12903,#12914,
    #12925,#12936,#12947,#12958,#12969,#12980,#12991,#13002,#13013,
    #13024,#13035,#13046,#13057,#13068,#13079,#13090,#13101,#13112,
    #13123,#13134,#13145,#13156),#13167,.F.);
#12760 = FACE_BOUND('',#12761,.F.);
#12761 = EDGE_LOOP('',(#12762,#12763,#12764,#12770));
#12762 = ORIENTED_EDGE('',*,*,#12687,.F.);
#12763 = ORIENTED_EDGE('',*,*,#12718,.F.);
#12764 = ORIENTED_EDGE('',*,*,#12765,.F.);
#12765 = EDGE_CURVE('',#12742,#12702,#12766,.T.);
#12766 = LINE('',#12767,#12768);
#12767 = CARTESIAN_POINT('',(134.,-76.,0.));
#12768 = VECTOR('',#12769,1.);
#12769 = DIRECTION('',(1.,0.,0.));
#12770 = ORIENTED_EDGE('',*,*,#12749,.F.);
#12771 = FACE_BOUND('',#12772,.F.);
#12772 = EDGE_LOOP('',(#12773));
#12773 = ORIENTED_EDGE('',*,*,#12774,.T.);
#12774 = EDGE_CURVE('',#12775,#12775,#12777,.T.);
#12775 = VERTEX_POINT('',#12776);
#12776 = CARTESIAN_POINT('',(152.,-119.6,0.));
#12777 = CIRCLE('',#12778,1.25);
#12778 = AXIS2_PLACEMENT_3D('',#12779,#12780,#12781);
#12779 = CARTESIAN_POINT('',(152.,-118.35,0.));
#12780 = DIRECTION('',(-0.,0.,-1.));
#12781 = DIRECTION('',(-0.,-1.,0.));
#12782 = FACE_BOUND('',#12783,.F.);
#12783 = EDGE_LOOP('',(#12784));
#12784 = ORIENTED_EDGE('',*,*,#12785,.T.);
#12785 = EDGE_CURVE('',#12786,#12786,#12788,.T.);
#12786 = VERTEX_POINT('',#12787);
#12787 = CARTESIAN_POINT('',(139.,-114.01055,0.));
#12788 = CIRCLE('',#12789,0.5588);
#12789 = AXIS2_PLACEMENT_3D('',#12790,#12791,#12792);
#12790 = CARTESIAN_POINT('',(139.,-113.45175,0.));
#12791 = DIRECTION('',(-0.,0.,-1.));
#12792 = DIRECTION('',(-0.,-1.,0.));
#12793 = FACE_BOUND('',#12794,.F.);
#12794 = EDGE_LOOP('',(#12795));
#12795 = ORIENTED_EDGE('',*,*,#12796,.T.);
#12796 = EDGE_CURVE('',#12797,#12797,#12799,.T.);
#12797 = VERTEX_POINT('',#12798);
#12798 = CARTESIAN_POINT('',(149.,-113.51055,0.));
#12799 = CIRCLE('',#12800,0.5588);
#12800 = AXIS2_PLACEMENT_3D('',#12801,#12802,#12803);
#12801 = CARTESIAN_POINT('',(149.,-112.95175,0.));
#12802 = DIRECTION('',(-0.,0.,-1.));
#12803 = DIRECTION('',(-0.,-1.,0.));
#12804 = FACE_BOUND('',#12805,.F.);
#12805 = EDGE_LOOP('',(#12806));
#12806 = ORIENTED_EDGE('',*,*,#12807,.T.);
#12807 = EDGE_CURVE('',#12808,#12808,#12810,.T.);
#12808 = VERTEX_POINT('',#12809);
#12809 = CARTESIAN_POINT('',(163.735,-117.5,0.));
#12810 = CIRCLE('',#12811,0.5);
#12811 = AXIS2_PLACEMENT_3D('',#12812,#12813,#12814);
#12812 = CARTESIAN_POINT('',(163.735,-117.,0.));
#12813 = DIRECTION('',(-0.,0.,-1.));
#12814 = DIRECTION('',(-0.,-1.,0.));
#12815 = FACE_BOUND('',#12816,.F.);
#12816 = EDGE_LOOP('',(#12817));
#12817 = ORIENTED_EDGE('',*,*,#12818,.T.);
#12818 = EDGE_CURVE('',#12819,#12819,#12821,.T.);
#12819 = VERTEX_POINT('',#12820);
#12820 = CARTESIAN_POINT('',(166.275,-117.5,0.));
#12821 = CIRCLE('',#12822,0.5);
#12822 = AXIS2_PLACEMENT_3D('',#12823,#12824,#12825);
#12823 = CARTESIAN_POINT('',(166.275,-117.,0.));
#12824 = DIRECTION('',(-0.,0.,-1.));
#12825 = DIRECTION('',(-0.,-1.,0.));
#12826 = FACE_BOUND('',#12827,.F.);
#12827 = EDGE_LOOP('',(#12828));
#12828 = ORIENTED_EDGE('',*,*,#12829,.T.);
#12829 = EDGE_CURVE('',#12830,#12830,#12832,.T.);
#12830 = VERTEX_POINT('',#12831);
#12831 = CARTESIAN_POINT('',(139.,-106.51055,0.));
#12832 = CIRCLE('',#12833,0.5588);
#12833 = AXIS2_PLACEMENT_3D('',#12834,#12835,#12836);
#12834 = CARTESIAN_POINT('',(139.,-105.95175,0.));
#12835 = DIRECTION('',(-0.,0.,-1.));
#12836 = DIRECTION('',(-0.,-1.,0.));
#12837 = FACE_BOUND('',#12838,.F.);
#12838 = EDGE_LOOP('',(#12839));
#12839 = ORIENTED_EDGE('',*,*,#12840,.T.);
#12840 = EDGE_CURVE('',#12841,#12841,#12843,.T.);
#12841 = VERTEX_POINT('',#12842);
#12842 = CARTESIAN_POINT('',(149.,-106.01055,0.));
#12843 = CIRCLE('',#12844,0.5588);
#12844 = AXIS2_PLACEMENT_3D('',#12845,#12846,#12847);
#12845 = CARTESIAN_POINT('',(149.,-105.45175,0.));
#12846 = DIRECTION('',(-0.,0.,-1.));
#12847 = DIRECTION('',(-0.,-1.,0.));
#12848 = FACE_BOUND('',#12849,.F.);
#12849 = EDGE_LOOP('',(#12850));
#12850 = ORIENTED_EDGE('',*,*,#12851,.T.);
#12851 = EDGE_CURVE('',#12852,#12852,#12854,.T.);
#12852 = VERTEX_POINT('',#12853);
#12853 = CARTESIAN_POINT('',(177.725,-117.5,0.));
#12854 = CIRCLE('',#12855,0.5);
#12855 = AXIS2_PLACEMENT_3D('',#12856,#12857,#12858);
#12856 = CARTESIAN_POINT('',(177.725,-117.,0.));
#12857 = DIRECTION('',(-0.,0.,-1.));
#12858 = DIRECTION('',(-0.,-1.,0.));
#12859 = FACE_BOUND('',#12860,.F.);
#12860 = EDGE_LOOP('',(#12861));
#12861 = ORIENTED_EDGE('',*,*,#12862,.T.);
#12862 = EDGE_CURVE('',#12863,#12863,#12865,.T.);
#12863 = VERTEX_POINT('',#12864);
#12864 = CARTESIAN_POINT('',(180.265,-117.5,0.));
#12865 = CIRCLE('',#12866,0.5);
#12866 = AXIS2_PLACEMENT_3D('',#12867,#12868,#12869);
#12867 = CARTESIAN_POINT('',(180.265,-117.,0.));
#12868 = DIRECTION('',(-0.,0.,-1.));
#12869 = DIRECTION('',(-0.,-1.,0.));
#12870 = FACE_BOUND('',#12871,.F.);
#12871 = EDGE_LOOP('',(#12872));
#12872 = ORIENTED_EDGE('',*,*,#12873,.T.);
#12873 = EDGE_CURVE('',#12874,#12874,#12876,.T.);
#12874 = VERTEX_POINT('',#12875);
#12875 = CARTESIAN_POINT('',(181.5,-112.01055,0.));
#12876 = CIRCLE('',#12877,0.5588);
#12877 = AXIS2_PLACEMENT_3D('',#12878,#12879,#12880);
#12878 = CARTESIAN_POINT('',(181.5,-111.45175,0.));
#12879 = DIRECTION('',(-0.,0.,-1.));
#12880 = DIRECTION('',(-0.,-1.,0.));
#12881 = FACE_BOUND('',#12882,.F.);
#12882 = EDGE_LOOP('',(#12883));
#12883 = ORIENTED_EDGE('',*,*,#12884,.T.);
#12884 = EDGE_CURVE('',#12885,#12885,#12887,.T.);
#12885 = VERTEX_POINT('',#12886);
#12886 = CARTESIAN_POINT('',(187.5,-111.9708,0.));
#12887 = CIRCLE('',#12888,0.5588);
#12888 = AXIS2_PLACEMENT_3D('',#12889,#12890,#12891);
#12889 = CARTESIAN_POINT('',(187.5,-111.412,0.));
#12890 = DIRECTION('',(-0.,0.,-1.));
#12891 = DIRECTION('',(-0.,-1.,0.));
#12892 = FACE_BOUND('',#12893,.F.);
#12893 = EDGE_LOOP('',(#12894));
#12894 = ORIENTED_EDGE('',*,*,#12895,.T.);
#12895 = EDGE_CURVE('',#12896,#12896,#12898,.T.);
#12896 = VERTEX_POINT('',#12897);
#12897 = CARTESIAN_POINT('',(192.,-119.6,0.));
#12898 = CIRCLE('',#12899,1.25);
#12899 = AXIS2_PLACEMENT_3D('',#12900,#12901,#12902);
#12900 = CARTESIAN_POINT('',(192.,-118.35,0.));
#12901 = DIRECTION('',(-0.,0.,-1.));
#12902 = DIRECTION('',(-0.,-1.,0.));
#12903 = FACE_BOUND('',#12904,.F.);
#12904 = EDGE_LOOP('',(#12905));
#12905 = ORIENTED_EDGE('',*,*,#12906,.T.);
#12906 = EDGE_CURVE('',#12907,#12907,#12909,.T.);
#12907 = VERTEX_POINT('',#12908);
#12908 = CARTESIAN_POINT('',(181.5,-104.51055,0.));
#12909 = CIRCLE('',#12910,0.5588);
#12910 = AXIS2_PLACEMENT_3D('',#12911,#12912,#12913);
#12911 = CARTESIAN_POINT('',(181.5,-103.95175,0.));
#12912 = DIRECTION('',(-0.,0.,-1.));
#12913 = DIRECTION('',(-0.,-1.,0.));
#12914 = FACE_BOUND('',#12915,.F.);
#12915 = EDGE_LOOP('',(#12916));
#12916 = ORIENTED_EDGE('',*,*,#12917,.T.);
#12917 = EDGE_CURVE('',#12918,#12918,#12920,.T.);
#12918 = VERTEX_POINT('',#12919);
#12919 = CARTESIAN_POINT('',(187.5,-104.4708,0.));
#12920 = CIRCLE('',#12921,0.5588);
#12921 = AXIS2_PLACEMENT_3D('',#12922,#12923,#12924);
#12922 = CARTESIAN_POINT('',(187.5,-103.912,0.));
#12923 = DIRECTION('',(-0.,0.,-1.));
#12924 = DIRECTION('',(-0.,-1.,0.));
#12925 = FACE_BOUND('',#12926,.F.);
#12926 = EDGE_LOOP('',(#12927));
#12927 = ORIENTED_EDGE('',*,*,#12928,.T.);
#12928 = EDGE_CURVE('',#12929,#12929,#12931,.T.);
#12929 = VERTEX_POINT('',#12930);
#12930 = CARTESIAN_POINT('',(139.,-97.01055,0.));
#12931 = CIRCLE('',#12932,0.5588);
#12932 = AXIS2_PLACEMENT_3D('',#12933,#12934,#12935);
#12933 = CARTESIAN_POINT('',(139.,-96.45175,0.));
#12934 = DIRECTION('',(-0.,0.,-1.));
#12935 = DIRECTION('',(-0.,-1.,0.));
#12936 = FACE_BOUND('',#12937,.F.);
#12937 = EDGE_LOOP('',(#12938));
#12938 = ORIENTED_EDGE('',*,*,#12939,.T.);
#12939 = EDGE_CURVE('',#12940,#12940,#12942,.T.);
#12940 = VERTEX_POINT('',#12941);
#12941 = CARTESIAN_POINT('',(147.,-97.51055,0.));
#12942 = CIRCLE('',#12943,0.5588);
#12943 = AXIS2_PLACEMENT_3D('',#12944,#12945,#12946);
#12944 = CARTESIAN_POINT('',(147.,-96.95175,0.));
#12945 = DIRECTION('',(-0.,0.,-1.));
#12946 = DIRECTION('',(-0.,-1.,0.));
#12947 = FACE_BOUND('',#12948,.F.);
#12948 = EDGE_LOOP('',(#12949));
#12949 = ORIENTED_EDGE('',*,*,#12950,.T.);
#12950 = EDGE_CURVE('',#12951,#12951,#12953,.T.);
#12951 = VERTEX_POINT('',#12952);
#12952 = CARTESIAN_POINT('',(139.,-89.51055,0.));
#12953 = CIRCLE('',#12954,0.5588);
#12954 = AXIS2_PLACEMENT_3D('',#12955,#12956,#12957);
#12955 = CARTESIAN_POINT('',(139.,-88.95175,0.));
#12956 = DIRECTION('',(-0.,0.,-1.));
#12957 = DIRECTION('',(-0.,-1.,0.));
#12958 = FACE_BOUND('',#12959,.F.);
#12959 = EDGE_LOOP('',(#12960));
#12960 = ORIENTED_EDGE('',*,*,#12961,.T.);
#12961 = EDGE_CURVE('',#12962,#12962,#12964,.T.);
#12962 = VERTEX_POINT('',#12963);
#12963 = CARTESIAN_POINT('',(147.,-90.01055,0.));
#12964 = CIRCLE('',#12965,0.5588);
#12965 = AXIS2_PLACEMENT_3D('',#12966,#12967,#12968);
#12966 = CARTESIAN_POINT('',(147.,-89.45175,0.));
#12967 = DIRECTION('',(-0.,0.,-1.));
#12968 = DIRECTION('',(-0.,-1.,0.));
#12969 = FACE_BOUND('',#12970,.F.);
#12970 = EDGE_LOOP('',(#12971));
#12971 = ORIENTED_EDGE('',*,*,#12972,.T.);
#12972 = EDGE_CURVE('',#12973,#12973,#12975,.T.);
#12973 = VERTEX_POINT('',#12974);
#12974 = CARTESIAN_POINT('',(140.725,-80.885,0.));
#12975 = CIRCLE('',#12976,0.5);
#12976 = AXIS2_PLACEMENT_3D('',#12977,#12978,#12979);
#12977 = CARTESIAN_POINT('',(140.725,-80.385,0.));
#12978 = DIRECTION('',(-0.,0.,-1.));
#12979 = DIRECTION('',(-0.,-1.,0.));
#12980 = FACE_BOUND('',#12981,.F.);
#12981 = EDGE_LOOP('',(#12982));
#12982 = ORIENTED_EDGE('',*,*,#12983,.T.);
#12983 = EDGE_CURVE('',#12984,#12984,#12986,.T.);
#12984 = VERTEX_POINT('',#12985);
#12985 = CARTESIAN_POINT('',(143.265,-80.885,0.));
#12986 = CIRCLE('',#12987,0.5);
#12987 = AXIS2_PLACEMENT_3D('',#12988,#12989,#12990);
#12988 = CARTESIAN_POINT('',(143.265,-80.385,0.));
#12989 = DIRECTION('',(-0.,0.,-1.));
#12990 = DIRECTION('',(-0.,-1.,0.));
#12991 = FACE_BOUND('',#12992,.F.);
#12992 = EDGE_LOOP('',(#12993));
#12993 = ORIENTED_EDGE('',*,*,#12994,.T.);
#12994 = EDGE_CURVE('',#12995,#12995,#12997,.T.);
#12995 = VERTEX_POINT('',#12996);
#12996 = CARTESIAN_POINT('',(152.,-82.6,0.));
#12997 = CIRCLE('',#12998,1.25);
#12998 = AXIS2_PLACEMENT_3D('',#12999,#13000,#13001);
#12999 = CARTESIAN_POINT('',(152.,-81.35,0.));
#13000 = DIRECTION('',(-0.,0.,-1.));
#13001 = DIRECTION('',(-0.,-1.,0.));
#13002 = FACE_BOUND('',#13003,.F.);
#13003 = EDGE_LOOP('',(#13004));
#13004 = ORIENTED_EDGE('',*,*,#13005,.T.);
#13005 = EDGE_CURVE('',#13006,#13006,#13008,.T.);
#13006 = VERTEX_POINT('',#13007);
#13007 = CARTESIAN_POINT('',(164.65,-80.885,0.));
#13008 = CIRCLE('',#13009,0.5);
#13009 = AXIS2_PLACEMENT_3D('',#13010,#13011,#13012);
#13010 = CARTESIAN_POINT('',(164.65,-80.385,0.));
#13011 = DIRECTION('',(-0.,0.,-1.));
#13012 = DIRECTION('',(-0.,-1.,0.));
#13013 = FACE_BOUND('',#13014,.F.);
#13014 = EDGE_LOOP('',(#13015));
#13015 = ORIENTED_EDGE('',*,*,#13016,.T.);
#13016 = EDGE_CURVE('',#13017,#13017,#13019,.T.);
#13017 = VERTEX_POINT('',#13018);
#13018 = CARTESIAN_POINT('',(167.19,-80.885,0.));
#13019 = CIRCLE('',#13020,0.5);
#13020 = AXIS2_PLACEMENT_3D('',#13021,#13022,#13023);
#13021 = CARTESIAN_POINT('',(167.19,-80.385,0.));
#13022 = DIRECTION('',(-0.,0.,-1.));
#13023 = DIRECTION('',(-0.,-1.,0.));
#13024 = FACE_BOUND('',#13025,.F.);
#13025 = EDGE_LOOP('',(#13026));
#13026 = ORIENTED_EDGE('',*,*,#13027,.T.);
#13027 = EDGE_CURVE('',#13028,#13028,#13030,.T.);
#13028 = VERTEX_POINT('',#13029);
#13029 = CARTESIAN_POINT('',(169.73,-80.885,0.));
#13030 = CIRCLE('',#13031,0.5);
#13031 = AXIS2_PLACEMENT_3D('',#13032,#13033,#13034);
#13032 = CARTESIAN_POINT('',(169.73,-80.385,0.));
#13033 = DIRECTION('',(-0.,0.,-1.));
#13034 = DIRECTION('',(-0.,-1.,0.));
#13035 = FACE_BOUND('',#13036,.F.);
#13036 = EDGE_LOOP('',(#13037));
#13037 = ORIENTED_EDGE('',*,*,#13038,.T.);
#13038 = EDGE_CURVE('',#13039,#13039,#13041,.T.);
#13039 = VERTEX_POINT('',#13040);
#13040 = CARTESIAN_POINT('',(172.27,-80.885,0.));
#13041 = CIRCLE('',#13042,0.5);
#13042 = AXIS2_PLACEMENT_3D('',#13043,#13044,#13045);
#13043 = CARTESIAN_POINT('',(172.27,-80.385,0.));
#13044 = DIRECTION('',(-0.,0.,-1.));
#13045 = DIRECTION('',(-0.,-1.,0.));
#13046 = FACE_BOUND('',#13047,.F.);
#13047 = EDGE_LOOP('',(#13048));
#13048 = ORIENTED_EDGE('',*,*,#13049,.T.);
#13049 = EDGE_CURVE('',#13050,#13050,#13052,.T.);
#13050 = VERTEX_POINT('',#13051);
#13051 = CARTESIAN_POINT('',(177.,-96.01055,0.));
#13052 = CIRCLE('',#13053,0.5588);
#13053 = AXIS2_PLACEMENT_3D('',#13054,#13055,#13056);
#13054 = CARTESIAN_POINT('',(177.,-95.45175,0.));
#13055 = DIRECTION('',(-0.,0.,-1.));
#13056 = DIRECTION('',(-0.,-1.,0.));
#13057 = FACE_BOUND('',#13058,.F.);
#13058 = EDGE_LOOP('',(#13059));
#13059 = ORIENTED_EDGE('',*,*,#13060,.T.);
#13060 = EDGE_CURVE('',#13061,#13061,#13063,.T.);
#13061 = VERTEX_POINT('',#13062);
#13062 = CARTESIAN_POINT('',(187.5,-96.01055,0.));
#13063 = CIRCLE('',#13064,0.5588);
#13064 = AXIS2_PLACEMENT_3D('',#13065,#13066,#13067);
#13065 = CARTESIAN_POINT('',(187.5,-95.45175,0.));
#13066 = DIRECTION('',(-0.,0.,-1.));
#13067 = DIRECTION('',(-0.,-1.,0.));
#13068 = FACE_BOUND('',#13069,.F.);
#13069 = EDGE_LOOP('',(#13070));
#13070 = ORIENTED_EDGE('',*,*,#13071,.T.);
#13071 = EDGE_CURVE('',#13072,#13072,#13074,.T.);
#13072 = VERTEX_POINT('',#13073);
#13073 = CARTESIAN_POINT('',(177.,-88.51055,0.));
#13074 = CIRCLE('',#13075,0.5588);
#13075 = AXIS2_PLACEMENT_3D('',#13076,#13077,#13078);
#13076 = CARTESIAN_POINT('',(177.,-87.95175,0.));
#13077 = DIRECTION('',(-0.,0.,-1.));
#13078 = DIRECTION('',(-0.,-1.,0.));
#13079 = FACE_BOUND('',#13080,.F.);
#13080 = EDGE_LOOP('',(#13081));
#13081 = ORIENTED_EDGE('',*,*,#13082,.T.);
#13082 = EDGE_CURVE('',#13083,#13083,#13085,.T.);
#13083 = VERTEX_POINT('',#13084);
#13084 = CARTESIAN_POINT('',(187.5,-88.51055,0.));
#13085 = CIRCLE('',#13086,0.5588);
#13086 = AXIS2_PLACEMENT_3D('',#13087,#13088,#13089);
#13087 = CARTESIAN_POINT('',(187.5,-87.95175,0.));
#13088 = DIRECTION('',(-0.,0.,-1.));
#13089 = DIRECTION('',(-0.,-1.,0.));
#13090 = FACE_BOUND('',#13091,.F.);
#13091 = EDGE_LOOP('',(#13092));
#13092 = ORIENTED_EDGE('',*,*,#13093,.T.);
#13093 = EDGE_CURVE('',#13094,#13094,#13096,.T.);
#13094 = VERTEX_POINT('',#13095);
#13095 = CARTESIAN_POINT('',(174.81,-80.885,0.));
#13096 = CIRCLE('',#13097,0.5);
#13097 = AXIS2_PLACEMENT_3D('',#13098,#13099,#13100);
#13098 = CARTESIAN_POINT('',(174.81,-80.385,0.));
#13099 = DIRECTION('',(-0.,0.,-1.));
#13100 = DIRECTION('',(-0.,-1.,0.));
#13101 = FACE_BOUND('',#13102,.F.);
#13102 = EDGE_LOOP('',(#13103));
#13103 = ORIENTED_EDGE('',*,*,#13104,.T.);
#13104 = EDGE_CURVE('',#13105,#13105,#13107,.T.);
#13105 = VERTEX_POINT('',#13106);
#13106 = CARTESIAN_POINT('',(177.35,-80.885,0.));
#13107 = CIRCLE('',#13108,0.5);
#13108 = AXIS2_PLACEMENT_3D('',#13109,#13110,#13111);
#13109 = CARTESIAN_POINT('',(177.35,-80.385,0.));
#13110 = DIRECTION('',(-0.,0.,-1.));
#13111 = DIRECTION('',(-0.,-1.,0.));
#13112 = FACE_BOUND('',#13113,.F.);
#13113 = EDGE_LOOP('',(#13114));
#13114 = ORIENTED_EDGE('',*,*,#13115,.T.);
#13115 = EDGE_CURVE('',#13116,#13116,#13118,.T.);
#13116 = VERTEX_POINT('',#13117);
#13117 = CARTESIAN_POINT('',(192.,-82.6,0.));
#13118 = CIRCLE('',#13119,1.25);
#13119 = AXIS2_PLACEMENT_3D('',#13120,#13121,#13122);
#13120 = CARTESIAN_POINT('',(192.,-81.35,0.));
#13121 = DIRECTION('',(-0.,0.,-1.));
#13122 = DIRECTION('',(-0.,-1.,0.));
#13123 = FACE_BOUND('',#13124,.F.);
#13124 = EDGE_LOOP('',(#13125));
#13125 = ORIENTED_EDGE('',*,*,#13126,.T.);
#13126 = EDGE_CURVE('',#13127,#13127,#13129,.T.);
#13127 = VERTEX_POINT('',#13128);
#13128 = CARTESIAN_POINT('',(197.725,-80.885,0.));
#13129 = CIRCLE('',#13130,0.5);
#13130 = AXIS2_PLACEMENT_3D('',#13131,#13132,#13133);
#13131 = CARTESIAN_POINT('',(197.725,-80.385,0.));
#13132 = DIRECTION('',(-0.,0.,-1.));
#13133 = DIRECTION('',(-0.,-1.,0.));
#13134 = FACE_BOUND('',#13135,.F.);
#13135 = EDGE_LOOP('',(#13136));
#13136 = ORIENTED_EDGE('',*,*,#13137,.T.);
#13137 = EDGE_CURVE('',#13138,#13138,#13140,.T.);
#13138 = VERTEX_POINT('',#13139);
#13139 = CARTESIAN_POINT('',(200.265,-80.885,0.));
#13140 = CIRCLE('',#13141,0.5);
#13141 = AXIS2_PLACEMENT_3D('',#13142,#13143,#13144);
#13142 = CARTESIAN_POINT('',(200.265,-80.385,0.));
#13143 = DIRECTION('',(-0.,0.,-1.));
#13144 = DIRECTION('',(-0.,-1.,0.));
#13145 = FACE_BOUND('',#13146,.F.);
#13146 = EDGE_LOOP('',(#13147));
#13147 = ORIENTED_EDGE('',*,*,#13148,.T.);
#13148 = EDGE_CURVE('',#13149,#13149,#13151,.T.);
#13149 = VERTEX_POINT('',#13150);
#13150 = CARTESIAN_POINT('',(204.96,-80.885,0.));
#13151 = CIRCLE('',#13152,0.5);
#13152 = AXIS2_PLACEMENT_3D('',#13153,#13154,#13155);
#13153 = CARTESIAN_POINT('',(204.96,-80.385,0.));
#13154 = DIRECTION('',(-0.,0.,-1.));
#13155 = DIRECTION('',(-0.,-1.,0.));
#13156 = FACE_BOUND('',#13157,.F.);
#13157 = EDGE_LOOP('',(#13158));
#13158 = ORIENTED_EDGE('',*,*,#13159,.T.);
#13159 = EDGE_CURVE('',#13160,#13160,#13162,.T.);
#13160 = VERTEX_POINT('',#13161);
#13161 = CARTESIAN_POINT('',(207.5,-80.885,0.));
#13162 = CIRCLE('',#13163,0.5);
#13163 = AXIS2_PLACEMENT_3D('',#13164,#13165,#13166);
#13164 = CARTESIAN_POINT('',(207.5,-80.385,0.));
#13165 = DIRECTION('',(-0.,0.,-1.));
#13166 = DIRECTION('',(-0.,-1.,0.));
#13167 = PLANE('',#13168);
#13168 = AXIS2_PLACEMENT_3D('',#13169,#13170,#13171);
#13169 = CARTESIAN_POINT('',(0.,0.,0.));
#13170 = DIRECTION('',(0.,0.,1.));
#13171 = DIRECTION('',(1.,0.,-0.));
#13172 = ADVANCED_FACE('',(#13173,#13184,#13195,#13206,#13217,#13228,
    #13239,#13250,#13261,#13272,#13283,#13294,#13305,#13316,#13327,
    #13338,#13349,#13360,#13371,#13382,#13393,#13404,#13415,#13426,
    #13437,#13448,#13459,#13470,#13481,#13492,#13503,#13514,#13525,
    #13536,#13547,#13558,#13569),#13580,.T.);
#13173 = FACE_BOUND('',#13174,.T.);
#13174 = EDGE_LOOP('',(#13175,#13176,#13177,#13183));
#13175 = ORIENTED_EDGE('',*,*,#12671,.F.);
#13176 = ORIENTED_EDGE('',*,*,#12711,.F.);
#13177 = ORIENTED_EDGE('',*,*,#13178,.F.);
#13178 = EDGE_CURVE('',#12734,#12704,#13179,.T.);
#13179 = LINE('',#13180,#13181);
#13180 = CARTESIAN_POINT('',(134.,-76.,1.51));
#13181 = VECTOR('',#13182,1.);
#13182 = DIRECTION('',(1.,0.,0.));
#13183 = ORIENTED_EDGE('',*,*,#12733,.F.);
#13184 = FACE_BOUND('',#13185,.T.);
#13185 = EDGE_LOOP('',(#13186));
#13186 = ORIENTED_EDGE('',*,*,#13187,.T.);
#13187 = EDGE_CURVE('',#13188,#13188,#13190,.T.);
#13188 = VERTEX_POINT('',#13189);
#13189 = CARTESIAN_POINT('',(152.,-119.6,1.51));
#13190 = CIRCLE('',#13191,1.25);
#13191 = AXIS2_PLACEMENT_3D('',#13192,#13193,#13194);
#13192 = CARTESIAN_POINT('',(152.,-118.35,1.51));
#13193 = DIRECTION('',(-0.,0.,-1.));
#13194 = DIRECTION('',(-0.,-1.,0.));
#13195 = FACE_BOUND('',#13196,.T.);
#13196 = EDGE_LOOP('',(#13197));
#13197 = ORIENTED_EDGE('',*,*,#13198,.T.);
#13198 = EDGE_CURVE('',#13199,#13199,#13201,.T.);
#13199 = VERTEX_POINT('',#13200);
#13200 = CARTESIAN_POINT('',(139.,-114.01055,1.51));
#13201 = CIRCLE('',#13202,0.5588);
#13202 = AXIS2_PLACEMENT_3D('',#13203,#13204,#13205);
#13203 = CARTESIAN_POINT('',(139.,-113.45175,1.51));
#13204 = DIRECTION('',(-0.,0.,-1.));
#13205 = DIRECTION('',(-0.,-1.,0.));
#13206 = FACE_BOUND('',#13207,.T.);
#13207 = EDGE_LOOP('',(#13208));
#13208 = ORIENTED_EDGE('',*,*,#13209,.T.);
#13209 = EDGE_CURVE('',#13210,#13210,#13212,.T.);
#13210 = VERTEX_POINT('',#13211);
#13211 = CARTESIAN_POINT('',(149.,-113.51055,1.51));
#13212 = CIRCLE('',#13213,0.5588);
#13213 = AXIS2_PLACEMENT_3D('',#13214,#13215,#13216);
#13214 = CARTESIAN_POINT('',(149.,-112.95175,1.51));
#13215 = DIRECTION('',(-0.,0.,-1.));
#13216 = DIRECTION('',(-0.,-1.,0.));
#13217 = FACE_BOUND('',#13218,.T.);
#13218 = EDGE_LOOP('',(#13219));
#13219 = ORIENTED_EDGE('',*,*,#13220,.T.);
#13220 = EDGE_CURVE('',#13221,#13221,#13223,.T.);
#13221 = VERTEX_POINT('',#13222);
#13222 = CARTESIAN_POINT('',(163.735,-117.5,1.51));
#13223 = CIRCLE('',#13224,0.5);
#13224 = AXIS2_PLACEMENT_3D('',#13225,#13226,#13227);
#13225 = CARTESIAN_POINT('',(163.735,-117.,1.51));
#13226 = DIRECTION('',(-0.,0.,-1.));
#13227 = DIRECTION('',(-0.,-1.,0.));
#13228 = FACE_BOUND('',#13229,.T.);
#13229 = EDGE_LOOP('',(#13230));
#13230 = ORIENTED_EDGE('',*,*,#13231,.T.);
#13231 = EDGE_CURVE('',#13232,#13232,#13234,.T.);
#13232 = VERTEX_POINT('',#13233);
#13233 = CARTESIAN_POINT('',(166.275,-117.5,1.51));
#13234 = CIRCLE('',#13235,0.5);
#13235 = AXIS2_PLACEMENT_3D('',#13236,#13237,#13238);
#13236 = CARTESIAN_POINT('',(166.275,-117.,1.51));
#13237 = DIRECTION('',(-0.,0.,-1.));
#13238 = DIRECTION('',(-0.,-1.,0.));
#13239 = FACE_BOUND('',#13240,.T.);
#13240 = EDGE_LOOP('',(#13241));
#13241 = ORIENTED_EDGE('',*,*,#13242,.T.);
#13242 = EDGE_CURVE('',#13243,#13243,#13245,.T.);
#13243 = VERTEX_POINT('',#13244);
#13244 = CARTESIAN_POINT('',(139.,-106.51055,1.51));
#13245 = CIRCLE('',#13246,0.5588);
#13246 = AXIS2_PLACEMENT_3D('',#13247,#13248,#13249);
#13247 = CARTESIAN_POINT('',(139.,-105.95175,1.51));
#13248 = DIRECTION('',(-0.,0.,-1.));
#13249 = DIRECTION('',(-0.,-1.,0.));
#13250 = FACE_BOUND('',#13251,.T.);
#13251 = EDGE_LOOP('',(#13252));
#13252 = ORIENTED_EDGE('',*,*,#13253,.T.);
#13253 = EDGE_CURVE('',#13254,#13254,#13256,.T.);
#13254 = VERTEX_POINT('',#13255);
#13255 = CARTESIAN_POINT('',(149.,-106.01055,1.51));
#13256 = CIRCLE('',#13257,0.5588);
#13257 = AXIS2_PLACEMENT_3D('',#13258,#13259,#13260);
#13258 = CARTESIAN_POINT('',(149.,-105.45175,1.51));
#13259 = DIRECTION('',(-0.,0.,-1.));
#13260 = DIRECTION('',(-0.,-1.,0.));
#13261 = FACE_BOUND('',#13262,.T.);
#13262 = EDGE_LOOP('',(#13263));
#13263 = ORIENTED_EDGE('',*,*,#13264,.T.);
#13264 = EDGE_CURVE('',#13265,#13265,#13267,.T.);
#13265 = VERTEX_POINT('',#13266);
#13266 = CARTESIAN_POINT('',(177.725,-117.5,1.51));
#13267 = CIRCLE('',#13268,0.5);
#13268 = AXIS2_PLACEMENT_3D('',#13269,#13270,#13271);
#13269 = CARTESIAN_POINT('',(177.725,-117.,1.51));
#13270 = DIRECTION('',(-0.,0.,-1.));
#13271 = DIRECTION('',(-0.,-1.,0.));
#13272 = FACE_BOUND('',#13273,.T.);
#13273 = EDGE_LOOP('',(#13274));
#13274 = ORIENTED_EDGE('',*,*,#13275,.T.);
#13275 = EDGE_CURVE('',#13276,#13276,#13278,.T.);
#13276 = VERTEX_POINT('',#13277);
#13277 = CARTESIAN_POINT('',(180.265,-117.5,1.51));
#13278 = CIRCLE('',#13279,0.5);
#13279 = AXIS2_PLACEMENT_3D('',#13280,#13281,#13282);
#13280 = CARTESIAN_POINT('',(180.265,-117.,1.51));
#13281 = DIRECTION('',(-0.,0.,-1.));
#13282 = DIRECTION('',(-0.,-1.,0.));
#13283 = FACE_BOUND('',#13284,.T.);
#13284 = EDGE_LOOP('',(#13285));
#13285 = ORIENTED_EDGE('',*,*,#13286,.T.);
#13286 = EDGE_CURVE('',#13287,#13287,#13289,.T.);
#13287 = VERTEX_POINT('',#13288);
#13288 = CARTESIAN_POINT('',(181.5,-112.01055,1.51));
#13289 = CIRCLE('',#13290,0.5588);
#13290 = AXIS2_PLACEMENT_3D('',#13291,#13292,#13293);
#13291 = CARTESIAN_POINT('',(181.5,-111.45175,1.51));
#13292 = DIRECTION('',(-0.,0.,-1.));
#13293 = DIRECTION('',(-0.,-1.,0.));
#13294 = FACE_BOUND('',#13295,.T.);
#13295 = EDGE_LOOP('',(#13296));
#13296 = ORIENTED_EDGE('',*,*,#13297,.T.);
#13297 = EDGE_CURVE('',#13298,#13298,#13300,.T.);
#13298 = VERTEX_POINT('',#13299);
#13299 = CARTESIAN_POINT('',(187.5,-111.9708,1.51));
#13300 = CIRCLE('',#13301,0.5588);
#13301 = AXIS2_PLACEMENT_3D('',#13302,#13303,#13304);
#13302 = CARTESIAN_POINT('',(187.5,-111.412,1.51));
#13303 = DIRECTION('',(-0.,0.,-1.));
#13304 = DIRECTION('',(-0.,-1.,0.));
#13305 = FACE_BOUND('',#13306,.T.);
#13306 = EDGE_LOOP('',(#13307));
#13307 = ORIENTED_EDGE('',*,*,#13308,.T.);
#13308 = EDGE_CURVE('',#13309,#13309,#13311,.T.);
#13309 = VERTEX_POINT('',#13310);
#13310 = CARTESIAN_POINT('',(192.,-119.6,1.51));
#13311 = CIRCLE('',#13312,1.25);
#13312 = AXIS2_PLACEMENT_3D('',#13313,#13314,#13315);
#13313 = CARTESIAN_POINT('',(192.,-118.35,1.51));
#13314 = DIRECTION('',(-0.,0.,-1.));
#13315 = DIRECTION('',(-0.,-1.,0.));
#13316 = FACE_BOUND('',#13317,.T.);
#13317 = EDGE_LOOP('',(#13318));
#13318 = ORIENTED_EDGE('',*,*,#13319,.T.);
#13319 = EDGE_CURVE('',#13320,#13320,#13322,.T.);
#13320 = VERTEX_POINT('',#13321);
#13321 = CARTESIAN_POINT('',(181.5,-104.51055,1.51));
#13322 = CIRCLE('',#13323,0.5588);
#13323 = AXIS2_PLACEMENT_3D('',#13324,#13325,#13326);
#13324 = CARTESIAN_POINT('',(181.5,-103.95175,1.51));
#13325 = DIRECTION('',(-0.,0.,-1.));
#13326 = DIRECTION('',(-0.,-1.,0.));
#13327 = FACE_BOUND('',#13328,.T.);
#13328 = EDGE_LOOP('',(#13329));
#13329 = ORIENTED_EDGE('',*,*,#13330,.T.);
#13330 = EDGE_CURVE('',#13331,#13331,#13333,.T.);
#13331 = VERTEX_POINT('',#13332);
#13332 = CARTESIAN_POINT('',(187.5,-104.4708,1.51));
#13333 = CIRCLE('',#13334,0.5588);
#13334 = AXIS2_PLACEMENT_3D('',#13335,#13336,#13337);
#13335 = CARTESIAN_POINT('',(187.5,-103.912,1.51));
#13336 = DIRECTION('',(-0.,0.,-1.));
#13337 = DIRECTION('',(-0.,-1.,0.));
#13338 = FACE_BOUND('',#13339,.T.);
#13339 = EDGE_LOOP('',(#13340));
#13340 = ORIENTED_EDGE('',*,*,#13341,.T.);
#13341 = EDGE_CURVE('',#13342,#13342,#13344,.T.);
#13342 = VERTEX_POINT('',#13343);
#13343 = CARTESIAN_POINT('',(139.,-97.01055,1.51));
#13344 = CIRCLE('',#13345,0.5588);
#13345 = AXIS2_PLACEMENT_3D('',#13346,#13347,#13348);
#13346 = CARTESIAN_POINT('',(139.,-96.45175,1.51));
#13347 = DIRECTION('',(-0.,0.,-1.));
#13348 = DIRECTION('',(-0.,-1.,0.));
#13349 = FACE_BOUND('',#13350,.T.);
#13350 = EDGE_LOOP('',(#13351));
#13351 = ORIENTED_EDGE('',*,*,#13352,.T.);
#13352 = EDGE_CURVE('',#13353,#13353,#13355,.T.);
#13353 = VERTEX_POINT('',#13354);
#13354 = CARTESIAN_POINT('',(147.,-97.51055,1.51));
#13355 = CIRCLE('',#13356,0.5588);
#13356 = AXIS2_PLACEMENT_3D('',#13357,#13358,#13359);
#13357 = CARTESIAN_POINT('',(147.,-96.95175,1.51));
#13358 = DIRECTION('',(-0.,0.,-1.));
#13359 = DIRECTION('',(-0.,-1.,0.));
#13360 = FACE_BOUND('',#13361,.T.);
#13361 = EDGE_LOOP('',(#13362));
#13362 = ORIENTED_EDGE('',*,*,#13363,.T.);
#13363 = EDGE_CURVE('',#13364,#13364,#13366,.T.);
#13364 = VERTEX_POINT('',#13365);
#13365 = CARTESIAN_POINT('',(139.,-89.51055,1.51));
#13366 = CIRCLE('',#13367,0.5588);
#13367 = AXIS2_PLACEMENT_3D('',#13368,#13369,#13370);
#13368 = CARTESIAN_POINT('',(139.,-88.95175,1.51));
#13369 = DIRECTION('',(-0.,0.,-1.));
#13370 = DIRECTION('',(-0.,-1.,0.));
#13371 = FACE_BOUND('',#13372,.T.);
#13372 = EDGE_LOOP('',(#13373));
#13373 = ORIENTED_EDGE('',*,*,#13374,.T.);
#13374 = EDGE_CURVE('',#13375,#13375,#13377,.T.);
#13375 = VERTEX_POINT('',#13376);
#13376 = CARTESIAN_POINT('',(147.,-90.01055,1.51));
#13377 = CIRCLE('',#13378,0.5588);
#13378 = AXIS2_PLACEMENT_3D('',#13379,#13380,#13381);
#13379 = CARTESIAN_POINT('',(147.,-89.45175,1.51));
#13380 = DIRECTION('',(-0.,0.,-1.));
#13381 = DIRECTION('',(-0.,-1.,0.));
#13382 = FACE_BOUND('',#13383,.T.);
#13383 = EDGE_LOOP('',(#13384));
#13384 = ORIENTED_EDGE('',*,*,#13385,.T.);
#13385 = EDGE_CURVE('',#13386,#13386,#13388,.T.);
#13386 = VERTEX_POINT('',#13387);
#13387 = CARTESIAN_POINT('',(140.725,-80.885,1.51));
#13388 = CIRCLE('',#13389,0.5);
#13389 = AXIS2_PLACEMENT_3D('',#13390,#13391,#13392);
#13390 = CARTESIAN_POINT('',(140.725,-80.385,1.51));
#13391 = DIRECTION('',(-0.,0.,-1.));
#13392 = DIRECTION('',(-0.,-1.,0.));
#13393 = FACE_BOUND('',#13394,.T.);
#13394 = EDGE_LOOP('',(#13395));
#13395 = ORIENTED_EDGE('',*,*,#13396,.T.);
#13396 = EDGE_CURVE('',#13397,#13397,#13399,.T.);
#13397 = VERTEX_POINT('',#13398);
#13398 = CARTESIAN_POINT('',(143.265,-80.885,1.51));
#13399 = CIRCLE('',#13400,0.5);
#13400 = AXIS2_PLACEMENT_3D('',#13401,#13402,#13403);
#13401 = CARTESIAN_POINT('',(143.265,-80.385,1.51));
#13402 = DIRECTION('',(-0.,0.,-1.));
#13403 = DIRECTION('',(-0.,-1.,0.));
#13404 = FACE_BOUND('',#13405,.T.);
#13405 = EDGE_LOOP('',(#13406));
#13406 = ORIENTED_EDGE('',*,*,#13407,.T.);
#13407 = EDGE_CURVE('',#13408,#13408,#13410,.T.);
#13408 = VERTEX_POINT('',#13409);
#13409 = CARTESIAN_POINT('',(152.,-82.6,1.51));
#13410 = CIRCLE('',#13411,1.25);
#13411 = AXIS2_PLACEMENT_3D('',#13412,#13413,#13414);
#13412 = CARTESIAN_POINT('',(152.,-81.35,1.51));
#13413 = DIRECTION('',(-0.,0.,-1.));
#13414 = DIRECTION('',(-0.,-1.,0.));
#13415 = FACE_BOUND('',#13416,.T.);
#13416 = EDGE_LOOP('',(#13417));
#13417 = ORIENTED_EDGE('',*,*,#13418,.T.);
#13418 = EDGE_CURVE('',#13419,#13419,#13421,.T.);
#13419 = VERTEX_POINT('',#13420);
#13420 = CARTESIAN_POINT('',(164.65,-80.885,1.51));
#13421 = CIRCLE('',#13422,0.5);
#13422 = AXIS2_PLACEMENT_3D('',#13423,#13424,#13425);
#13423 = CARTESIAN_POINT('',(164.65,-80.385,1.51));
#13424 = DIRECTION('',(-0.,0.,-1.));
#13425 = DIRECTION('',(-0.,-1.,0.));
#13426 = FACE_BOUND('',#13427,.T.);
#13427 = EDGE_LOOP('',(#13428));
#13428 = ORIENTED_EDGE('',*,*,#13429,.T.);
#13429 = EDGE_CURVE('',#13430,#13430,#13432,.T.);
#13430 = VERTEX_POINT('',#13431);
#13431 = CARTESIAN_POINT('',(167.19,-80.885,1.51));
#13432 = CIRCLE('',#13433,0.5);
#13433 = AXIS2_PLACEMENT_3D('',#13434,#13435,#13436);
#13434 = CARTESIAN_POINT('',(167.19,-80.385,1.51));
#13435 = DIRECTION('',(-0.,0.,-1.));
#13436 = DIRECTION('',(-0.,-1.,0.));
#13437 = FACE_BOUND('',#13438,.T.);
#13438 = EDGE_LOOP('',(#13439));
#13439 = ORIENTED_EDGE('',*,*,#13440,.T.);
#13440 = EDGE_CURVE('',#13441,#13441,#13443,.T.);
#13441 = VERTEX_POINT('',#13442);
#13442 = CARTESIAN_POINT('',(169.73,-80.885,1.51));
#13443 = CIRCLE('',#13444,0.5);
#13444 = AXIS2_PLACEMENT_3D('',#13445,#13446,#13447);
#13445 = CARTESIAN_POINT('',(169.73,-80.385,1.51));
#13446 = DIRECTION('',(-0.,0.,-1.));
#13447 = DIRECTION('',(-0.,-1.,0.));
#13448 = FACE_BOUND('',#13449,.T.);
#13449 = EDGE_LOOP('',(#13450));
#13450 = ORIENTED_EDGE('',*,*,#13451,.T.);
#13451 = EDGE_CURVE('',#13452,#13452,#13454,.T.);
#13452 = VERTEX_POINT('',#13453);
#13453 = CARTESIAN_POINT('',(172.27,-80.885,1.51));
#13454 = CIRCLE('',#13455,0.5);
#13455 = AXIS2_PLACEMENT_3D('',#13456,#13457,#13458);
#13456 = CARTESIAN_POINT('',(172.27,-80.385,1.51));
#13457 = DIRECTION('',(-0.,0.,-1.));
#13458 = DIRECTION('',(-0.,-1.,0.));
#13459 = FACE_BOUND('',#13460,.T.);
#13460 = EDGE_LOOP('',(#13461));
#13461 = ORIENTED_EDGE('',*,*,#13462,.T.);
#13462 = EDGE_CURVE('',#13463,#13463,#13465,.T.);
#13463 = VERTEX_POINT('',#13464);
#13464 = CARTESIAN_POINT('',(177.,-96.01055,1.51));
#13465 = CIRCLE('',#13466,0.5588);
#13466 = AXIS2_PLACEMENT_3D('',#13467,#13468,#13469);
#13467 = CARTESIAN_POINT('',(177.,-95.45175,1.51));
#13468 = DIRECTION('',(-0.,0.,-1.));
#13469 = DIRECTION('',(-0.,-1.,0.));
#13470 = FACE_BOUND('',#13471,.T.);
#13471 = EDGE_LOOP('',(#13472));
#13472 = ORIENTED_EDGE('',*,*,#13473,.T.);
#13473 = EDGE_CURVE('',#13474,#13474,#13476,.T.);
#13474 = VERTEX_POINT('',#13475);
#13475 = CARTESIAN_POINT('',(187.5,-96.01055,1.51));
#13476 = CIRCLE('',#13477,0.5588);
#13477 = AXIS2_PLACEMENT_3D('',#13478,#13479,#13480);
#13478 = CARTESIAN_POINT('',(187.5,-95.45175,1.51));
#13479 = DIRECTION('',(-0.,0.,-1.));
#13480 = DIRECTION('',(-0.,-1.,0.));
#13481 = FACE_BOUND('',#13482,.T.);
#13482 = EDGE_LOOP('',(#13483));
#13483 = ORIENTED_EDGE('',*,*,#13484,.T.);
#13484 = EDGE_CURVE('',#13485,#13485,#13487,.T.);
#13485 = VERTEX_POINT('',#13486);
#13486 = CARTESIAN_POINT('',(177.,-88.51055,1.51));
#13487 = CIRCLE('',#13488,0.5588);
#13488 = AXIS2_PLACEMENT_3D('',#13489,#13490,#13491);
#13489 = CARTESIAN_POINT('',(177.,-87.95175,1.51));
#13490 = DIRECTION('',(-0.,0.,-1.));
#13491 = DIRECTION('',(-0.,-1.,0.));
#13492 = FACE_BOUND('',#13493,.T.);
#13493 = EDGE_LOOP('',(#13494));
#13494 = ORIENTED_EDGE('',*,*,#13495,.T.);
#13495 = EDGE_CURVE('',#13496,#13496,#13498,.T.);
#13496 = VERTEX_POINT('',#13497);
#13497 = CARTESIAN_POINT('',(187.5,-88.51055,1.51));
#13498 = CIRCLE('',#13499,0.5588);
#13499 = AXIS2_PLACEMENT_3D('',#13500,#13501,#13502);
#13500 = CARTESIAN_POINT('',(187.5,-87.95175,1.51));
#13501 = DIRECTION('',(-0.,0.,-1.));
#13502 = DIRECTION('',(-0.,-1.,0.));
#13503 = FACE_BOUND('',#13504,.T.);
#13504 = EDGE_LOOP('',(#13505));
#13505 = ORIENTED_EDGE('',*,*,#13506,.T.);
#13506 = EDGE_CURVE('',#13507,#13507,#13509,.T.);
#13507 = VERTEX_POINT('',#13508);
#13508 = CARTESIAN_POINT('',(174.81,-80.885,1.51));
#13509 = CIRCLE('',#13510,0.5);
#13510 = AXIS2_PLACEMENT_3D('',#13511,#13512,#13513);
#13511 = CARTESIAN_POINT('',(174.81,-80.385,1.51));
#13512 = DIRECTION('',(-0.,0.,-1.));
#13513 = DIRECTION('',(-0.,-1.,0.));
#13514 = FACE_BOUND('',#13515,.T.);
#13515 = EDGE_LOOP('',(#13516));
#13516 = ORIENTED_EDGE('',*,*,#13517,.T.);
#13517 = EDGE_CURVE('',#13518,#13518,#13520,.T.);
#13518 = VERTEX_POINT('',#13519);
#13519 = CARTESIAN_POINT('',(177.35,-80.885,1.51));
#13520 = CIRCLE('',#13521,0.5);
#13521 = AXIS2_PLACEMENT_3D('',#13522,#13523,#13524);
#13522 = CARTESIAN_POINT('',(177.35,-80.385,1.51));
#13523 = DIRECTION('',(-0.,0.,-1.));
#13524 = DIRECTION('',(-0.,-1.,0.));
#13525 = FACE_BOUND('',#13526,.T.);
#13526 = EDGE_LOOP('',(#13527));
#13527 = ORIENTED_EDGE('',*,*,#13528,.T.);
#13528 = EDGE_CURVE('',#13529,#13529,#13531,.T.);
#13529 = VERTEX_POINT('',#13530);
#13530 = CARTESIAN_POINT('',(192.,-82.6,1.51));
#13531 = CIRCLE('',#13532,1.25);
#13532 = AXIS2_PLACEMENT_3D('',#13533,#13534,#13535);
#13533 = CARTESIAN_POINT('',(192.,-81.35,1.51));
#13534 = DIRECTION('',(-0.,0.,-1.));
#13535 = DIRECTION('',(-0.,-1.,0.));
#13536 = FACE_BOUND('',#13537,.T.);
#13537 = EDGE_LOOP('',(#13538));
#13538 = ORIENTED_EDGE('',*,*,#13539,.T.);
#13539 = EDGE_CURVE('',#13540,#13540,#13542,.T.);
#13540 = VERTEX_POINT('',#13541);
#13541 = CARTESIAN_POINT('',(197.725,-80.885,1.51));
#13542 = CIRCLE('',#13543,0.5);
#13543 = AXIS2_PLACEMENT_3D('',#13544,#13545,#13546);
#13544 = CARTESIAN_POINT('',(197.725,-80.385,1.51));
#13545 = DIRECTION('',(-0.,0.,-1.));
#13546 = DIRECTION('',(-0.,-1.,0.));
#13547 = FACE_BOUND('',#13548,.T.);
#13548 = EDGE_LOOP('',(#13549));
#13549 = ORIENTED_EDGE('',*,*,#13550,.T.);
#13550 = EDGE_CURVE('',#13551,#13551,#13553,.T.);
#13551 = VERTEX_POINT('',#13552);
#13552 = CARTESIAN_POINT('',(200.265,-80.885,1.51));
#13553 = CIRCLE('',#13554,0.5);
#13554 = AXIS2_PLACEMENT_3D('',#13555,#13556,#13557);
#13555 = CARTESIAN_POINT('',(200.265,-80.385,1.51));
#13556 = DIRECTION('',(-0.,0.,-1.));
#13557 = DIRECTION('',(-0.,-1.,0.));
#13558 = FACE_BOUND('',#13559,.T.);
#13559 = EDGE_LOOP('',(#13560));
#13560 = ORIENTED_EDGE('',*,*,#13561,.T.);
#13561 = EDGE_CURVE('',#13562,#13562,#13564,.T.);
#13562 = VERTEX_POINT('',#13563);
#13563 = CARTESIAN_POINT('',(204.96,-80.885,1.51));
#13564 = CIRCLE('',#13565,0.5);
#13565 = AXIS2_PLACEMENT_3D('',#13566,#13567,#13568);
#13566 = CARTESIAN_POINT('',(204.96,-80.385,1.51));
#13567 = DIRECTION('',(-0.,0.,-1.));
#13568 = DIRECTION('',(-0.,-1.,0.));
#13569 = FACE_BOUND('',#13570,.T.);
#13570 = EDGE_LOOP('',(#13571));
#13571 = ORIENTED_EDGE('',*,*,#13572,.T.);
#13572 = EDGE_CURVE('',#13573,#13573,#13575,.T.);
#13573 = VERTEX_POINT('',#13574);
#13574 = CARTESIAN_POINT('',(207.5,-80.885,1.51));
#13575 = CIRCLE('',#13576,0.5);
#13576 = AXIS2_PLACEMENT_3D('',#13577,#13578,#13579);
#13577 = CARTESIAN_POINT('',(207.5,-80.385,1.51));
#13578 = DIRECTION('',(-0.,0.,-1.));
#13579 = DIRECTION('',(-0.,-1.,0.));
#13580 = PLANE('',#13581);
#13581 = AXIS2_PLACEMENT_3D('',#13582,#13583,#13584);
#13582 = CARTESIAN_POINT('',(0.,0.,1.51));
#13583 = DIRECTION('',(0.,0.,1.));
#13584 = DIRECTION('',(1.,0.,-0.));
#13585 = ADVANCED_FACE('',(#13586),#13592,.T.);
#13586 = FACE_BOUND('',#13587,.T.);
#13587 = EDGE_LOOP('',(#13588,#13589,#13590,#13591));
#13588 = ORIENTED_EDGE('',*,*,#12741,.T.);
#13589 = ORIENTED_EDGE('',*,*,#13178,.T.);
#13590 = ORIENTED_EDGE('',*,*,#12701,.F.);
#13591 = ORIENTED_EDGE('',*,*,#12765,.F.);
#13592 = PLANE('',#13593);
#13593 = AXIS2_PLACEMENT_3D('',#13594,#13595,#13596);
#13594 = CARTESIAN_POINT('',(134.,-76.,0.));
#13595 = DIRECTION('',(0.,1.,0.));
#13596 = DIRECTION('',(1.,0.,0.));
#13597 = ADVANCED_FACE('',(#13598),#13609,.F.);
#13598 = FACE_BOUND('',#13599,.T.);
#13599 = EDGE_LOOP('',(#13600,#13601,#13607,#13608));
#13600 = ORIENTED_EDGE('',*,*,#12774,.T.);
#13601 = ORIENTED_EDGE('',*,*,#13602,.T.);
#13602 = EDGE_CURVE('',#12775,#13188,#13603,.T.);
#13603 = LINE('',#13604,#13605);
#13604 = CARTESIAN_POINT('',(152.,-119.6,-4.6E-02));
#13605 = VECTOR('',#13606,1.);
#13606 = DIRECTION('',(0.,0.,1.));
#13607 = ORIENTED_EDGE('',*,*,#13187,.F.);
#13608 = ORIENTED_EDGE('',*,*,#13602,.F.);
#13609 = CYLINDRICAL_SURFACE('',#13610,1.25);
#13610 = AXIS2_PLACEMENT_3D('',#13611,#13612,#13613);
#13611 = CARTESIAN_POINT('',(152.,-118.35,-4.6E-02));
#13612 = DIRECTION('',(-0.,-0.,-1.));
#13613 = DIRECTION('',(-0.,-1.,0.));
#13614 = ADVANCED_FACE('',(#13615),#13626,.F.);
#13615 = FACE_BOUND('',#13616,.T.);
#13616 = EDGE_LOOP('',(#13617,#13618,#13624,#13625));
#13617 = ORIENTED_EDGE('',*,*,#12785,.T.);
#13618 = ORIENTED_EDGE('',*,*,#13619,.T.);
#13619 = EDGE_CURVE('',#12786,#13199,#13620,.T.);
#13620 = LINE('',#13621,#13622);
#13621 = CARTESIAN_POINT('',(139.,-114.01055,-4.6E-02));
#13622 = VECTOR('',#13623,1.);
#13623 = DIRECTION('',(0.,0.,1.));
#13624 = ORIENTED_EDGE('',*,*,#13198,.F.);
#13625 = ORIENTED_EDGE('',*,*,#13619,.F.);
#13626 = CYLINDRICAL_SURFACE('',#13627,0.5588);
#13627 = AXIS2_PLACEMENT_3D('',#13628,#13629,#13630);
#13628 = CARTESIAN_POINT('',(139.,-113.45175,-4.6E-02));
#13629 = DIRECTION('',(-0.,-0.,-1.));
#13630 = DIRECTION('',(-0.,-1.,0.));
#13631 = ADVANCED_FACE('',(#13632),#13643,.F.);
#13632 = FACE_BOUND('',#13633,.T.);
#13633 = EDGE_LOOP('',(#13634,#13635,#13641,#13642));
#13634 = ORIENTED_EDGE('',*,*,#12796,.T.);
#13635 = ORIENTED_EDGE('',*,*,#13636,.T.);
#13636 = EDGE_CURVE('',#12797,#13210,#13637,.T.);
#13637 = LINE('',#13638,#13639);
#13638 = CARTESIAN_POINT('',(149.,-113.51055,-4.6E-02));
#13639 = VECTOR('',#13640,1.);
#13640 = DIRECTION('',(0.,0.,1.));
#13641 = ORIENTED_EDGE('',*,*,#13209,.F.);
#13642 = ORIENTED_EDGE('',*,*,#13636,.F.);
#13643 = CYLINDRICAL_SURFACE('',#13644,0.5588);
#13644 = AXIS2_PLACEMENT_3D('',#13645,#13646,#13647);
#13645 = CARTESIAN_POINT('',(149.,-112.95175,-4.6E-02));
#13646 = DIRECTION('',(-0.,-0.,-1.));
#13647 = DIRECTION('',(-0.,-1.,0.));
#13648 = ADVANCED_FACE('',(#13649),#13660,.F.);
#13649 = FACE_BOUND('',#13650,.T.);
#13650 = EDGE_LOOP('',(#13651,#13652,#13658,#13659));
#13651 = ORIENTED_EDGE('',*,*,#12807,.T.);
#13652 = ORIENTED_EDGE('',*,*,#13653,.T.);
#13653 = EDGE_CURVE('',#12808,#13221,#13654,.T.);
#13654 = LINE('',#13655,#13656);
#13655 = CARTESIAN_POINT('',(163.735,-117.5,-4.6E-02));
#13656 = VECTOR('',#13657,1.);
#13657 = DIRECTION('',(0.,0.,1.));
#13658 = ORIENTED_EDGE('',*,*,#13220,.F.);
#13659 = ORIENTED_EDGE('',*,*,#13653,.F.);
#13660 = CYLINDRICAL_SURFACE('',#13661,0.5);
#13661 = AXIS2_PLACEMENT_3D('',#13662,#13663,#13664);
#13662 = CARTESIAN_POINT('',(163.735,-117.,-4.6E-02));
#13663 = DIRECTION('',(-0.,-0.,-1.));
#13664 = DIRECTION('',(-0.,-1.,0.));
#13665 = ADVANCED_FACE('',(#13666),#13677,.F.);
#13666 = FACE_BOUND('',#13667,.T.);
#13667 = EDGE_LOOP('',(#13668,#13669,#13675,#13676));
#13668 = ORIENTED_EDGE('',*,*,#12818,.T.);
#13669 = ORIENTED_EDGE('',*,*,#13670,.T.);
#13670 = EDGE_CURVE('',#12819,#13232,#13671,.T.);
#13671 = LINE('',#13672,#13673);
#13672 = CARTESIAN_POINT('',(166.275,-117.5,-4.6E-02));
#13673 = VECTOR('',#13674,1.);
#13674 = DIRECTION('',(0.,0.,1.));
#13675 = ORIENTED_EDGE('',*,*,#13231,.F.);
#13676 = ORIENTED_EDGE('',*,*,#13670,.F.);
#13677 = CYLINDRICAL_SURFACE('',#13678,0.5);
#13678 = AXIS2_PLACEMENT_3D('',#13679,#13680,#13681);
#13679 = CARTESIAN_POINT('',(166.275,-117.,-4.6E-02));
#13680 = DIRECTION('',(-0.,-0.,-1.));
#13681 = DIRECTION('',(-0.,-1.,0.));
#13682 = ADVANCED_FACE('',(#13683),#13694,.F.);
#13683 = FACE_BOUND('',#13684,.T.);
#13684 = EDGE_LOOP('',(#13685,#13686,#13692,#13693));
#13685 = ORIENTED_EDGE('',*,*,#12829,.T.);
#13686 = ORIENTED_EDGE('',*,*,#13687,.T.);
#13687 = EDGE_CURVE('',#12830,#13243,#13688,.T.);
#13688 = LINE('',#13689,#13690);
#13689 = CARTESIAN_POINT('',(139.,-106.51055,-4.6E-02));
#13690 = VECTOR('',#13691,1.);
#13691 = DIRECTION('',(0.,0.,1.));
#13692 = ORIENTED_EDGE('',*,*,#13242,.F.);
#13693 = ORIENTED_EDGE('',*,*,#13687,.F.);
#13694 = CYLINDRICAL_SURFACE('',#13695,0.5588);
#13695 = AXIS2_PLACEMENT_3D('',#13696,#13697,#13698);
#13696 = CARTESIAN_POINT('',(139.,-105.95175,-4.6E-02));
#13697 = DIRECTION('',(-0.,-0.,-1.));
#13698 = DIRECTION('',(-0.,-1.,0.));
#13699 = ADVANCED_FACE('',(#13700),#13711,.F.);
#13700 = FACE_BOUND('',#13701,.T.);
#13701 = EDGE_LOOP('',(#13702,#13703,#13709,#13710));
#13702 = ORIENTED_EDGE('',*,*,#12840,.T.);
#13703 = ORIENTED_EDGE('',*,*,#13704,.T.);
#13704 = EDGE_CURVE('',#12841,#13254,#13705,.T.);
#13705 = LINE('',#13706,#13707);
#13706 = CARTESIAN_POINT('',(149.,-106.01055,-4.6E-02));
#13707 = VECTOR('',#13708,1.);
#13708 = DIRECTION('',(0.,0.,1.));
#13709 = ORIENTED_EDGE('',*,*,#13253,.F.);
#13710 = ORIENTED_EDGE('',*,*,#13704,.F.);
#13711 = CYLINDRICAL_SURFACE('',#13712,0.5588);
#13712 = AXIS2_PLACEMENT_3D('',#13713,#13714,#13715);
#13713 = CARTESIAN_POINT('',(149.,-105.45175,-4.6E-02));
#13714 = DIRECTION('',(-0.,-0.,-1.));
#13715 = DIRECTION('',(-0.,-1.,0.));
#13716 = ADVANCED_FACE('',(#13717),#13728,.F.);
#13717 = FACE_BOUND('',#13718,.T.);
#13718 = EDGE_LOOP('',(#13719,#13720,#13726,#13727));
#13719 = ORIENTED_EDGE('',*,*,#12851,.T.);
#13720 = ORIENTED_EDGE('',*,*,#13721,.T.);
#13721 = EDGE_CURVE('',#12852,#13265,#13722,.T.);
#13722 = LINE('',#13723,#13724);
#13723 = CARTESIAN_POINT('',(177.725,-117.5,-4.6E-02));
#13724 = VECTOR('',#13725,1.);
#13725 = DIRECTION('',(0.,0.,1.));
#13726 = ORIENTED_EDGE('',*,*,#13264,.F.);
#13727 = ORIENTED_EDGE('',*,*,#13721,.F.);
#13728 = CYLINDRICAL_SURFACE('',#13729,0.5);
#13729 = AXIS2_PLACEMENT_3D('',#13730,#13731,#13732);
#13730 = CARTESIAN_POINT('',(177.725,-117.,-4.6E-02));
#13731 = DIRECTION('',(-0.,-0.,-1.));
#13732 = DIRECTION('',(-0.,-1.,0.));
#13733 = ADVANCED_FACE('',(#13734),#13745,.F.);
#13734 = FACE_BOUND('',#13735,.T.);
#13735 = EDGE_LOOP('',(#13736,#13737,#13743,#13744));
#13736 = ORIENTED_EDGE('',*,*,#12862,.T.);
#13737 = ORIENTED_EDGE('',*,*,#13738,.T.);
#13738 = EDGE_CURVE('',#12863,#13276,#13739,.T.);
#13739 = LINE('',#13740,#13741);
#13740 = CARTESIAN_POINT('',(180.265,-117.5,-4.6E-02));
#13741 = VECTOR('',#13742,1.);
#13742 = DIRECTION('',(0.,0.,1.));
#13743 = ORIENTED_EDGE('',*,*,#13275,.F.);
#13744 = ORIENTED_EDGE('',*,*,#13738,.F.);
#13745 = CYLINDRICAL_SURFACE('',#13746,0.5);
#13746 = AXIS2_PLACEMENT_3D('',#13747,#13748,#13749);
#13747 = CARTESIAN_POINT('',(180.265,-117.,-4.6E-02));
#13748 = DIRECTION('',(-0.,-0.,-1.));
#13749 = DIRECTION('',(-0.,-1.,0.));
#13750 = ADVANCED_FACE('',(#13751),#13762,.F.);
#13751 = FACE_BOUND('',#13752,.T.);
#13752 = EDGE_LOOP('',(#13753,#13754,#13760,#13761));
#13753 = ORIENTED_EDGE('',*,*,#12873,.T.);
#13754 = ORIENTED_EDGE('',*,*,#13755,.T.);
#13755 = EDGE_CURVE('',#12874,#13287,#13756,.T.);
#13756 = LINE('',#13757,#13758);
#13757 = CARTESIAN_POINT('',(181.5,-112.01055,-4.6E-02));
#13758 = VECTOR('',#13759,1.);
#13759 = DIRECTION('',(0.,0.,1.));
#13760 = ORIENTED_EDGE('',*,*,#13286,.F.);
#13761 = ORIENTED_EDGE('',*,*,#13755,.F.);
#13762 = CYLINDRICAL_SURFACE('',#13763,0.5588);
#13763 = AXIS2_PLACEMENT_3D('',#13764,#13765,#13766);
#13764 = CARTESIAN_POINT('',(181.5,-111.45175,-4.6E-02));
#13765 = DIRECTION('',(-0.,-0.,-1.));
#13766 = DIRECTION('',(-0.,-1.,0.));
#13767 = ADVANCED_FACE('',(#13768),#13779,.F.);
#13768 = FACE_BOUND('',#13769,.T.);
#13769 = EDGE_LOOP('',(#13770,#13771,#13777,#13778));
#13770 = ORIENTED_EDGE('',*,*,#12884,.T.);
#13771 = ORIENTED_EDGE('',*,*,#13772,.T.);
#13772 = EDGE_CURVE('',#12885,#13298,#13773,.T.);
#13773 = LINE('',#13774,#13775);
#13774 = CARTESIAN_POINT('',(187.5,-111.9708,-4.6E-02));
#13775 = VECTOR('',#13776,1.);
#13776 = DIRECTION('',(0.,0.,1.));
#13777 = ORIENTED_EDGE('',*,*,#13297,.F.);
#13778 = ORIENTED_EDGE('',*,*,#13772,.F.);
#13779 = CYLINDRICAL_SURFACE('',#13780,0.5588);
#13780 = AXIS2_PLACEMENT_3D('',#13781,#13782,#13783);
#13781 = CARTESIAN_POINT('',(187.5,-111.412,-4.6E-02));
#13782 = DIRECTION('',(-0.,-0.,-1.));
#13783 = DIRECTION('',(-0.,-1.,0.));
#13784 = ADVANCED_FACE('',(#13785),#13796,.F.);
#13785 = FACE_BOUND('',#13786,.T.);
#13786 = EDGE_LOOP('',(#13787,#13788,#13794,#13795));
#13787 = ORIENTED_EDGE('',*,*,#12895,.T.);
#13788 = ORIENTED_EDGE('',*,*,#13789,.T.);
#13789 = EDGE_CURVE('',#12896,#13309,#13790,.T.);
#13790 = LINE('',#13791,#13792);
#13791 = CARTESIAN_POINT('',(192.,-119.6,-4.6E-02));
#13792 = VECTOR('',#13793,1.);
#13793 = DIRECTION('',(0.,0.,1.));
#13794 = ORIENTED_EDGE('',*,*,#13308,.F.);
#13795 = ORIENTED_EDGE('',*,*,#13789,.F.);
#13796 = CYLINDRICAL_SURFACE('',#13797,1.25);
#13797 = AXIS2_PLACEMENT_3D('',#13798,#13799,#13800);
#13798 = CARTESIAN_POINT('',(192.,-118.35,-4.6E-02));
#13799 = DIRECTION('',(-0.,-0.,-1.));
#13800 = DIRECTION('',(-0.,-1.,0.));
#13801 = ADVANCED_FACE('',(#13802),#13813,.F.);
#13802 = FACE_BOUND('',#13803,.T.);
#13803 = EDGE_LOOP('',(#13804,#13805,#13811,#13812));
#13804 = ORIENTED_EDGE('',*,*,#12906,.T.);
#13805 = ORIENTED_EDGE('',*,*,#13806,.T.);
#13806 = EDGE_CURVE('',#12907,#13320,#13807,.T.);
#13807 = LINE('',#13808,#13809);
#13808 = CARTESIAN_POINT('',(181.5,-104.51055,-4.6E-02));
#13809 = VECTOR('',#13810,1.);
#13810 = DIRECTION('',(0.,0.,1.));
#13811 = ORIENTED_EDGE('',*,*,#13319,.F.);
#13812 = ORIENTED_EDGE('',*,*,#13806,.F.);
#13813 = CYLINDRICAL_SURFACE('',#13814,0.5588);
#13814 = AXIS2_PLACEMENT_3D('',#13815,#13816,#13817);
#13815 = CARTESIAN_POINT('',(181.5,-103.95175,-4.6E-02));
#13816 = DIRECTION('',(-0.,-0.,-1.));
#13817 = DIRECTION('',(-0.,-1.,0.));
#13818 = ADVANCED_FACE('',(#13819),#13830,.F.);
#13819 = FACE_BOUND('',#13820,.T.);
#13820 = EDGE_LOOP('',(#13821,#13822,#13828,#13829));
#13821 = ORIENTED_EDGE('',*,*,#12917,.T.);
#13822 = ORIENTED_EDGE('',*,*,#13823,.T.);
#13823 = EDGE_CURVE('',#12918,#13331,#13824,.T.);
#13824 = LINE('',#13825,#13826);
#13825 = CARTESIAN_POINT('',(187.5,-104.4708,-4.6E-02));
#13826 = VECTOR('',#13827,1.);
#13827 = DIRECTION('',(0.,0.,1.));
#13828 = ORIENTED_EDGE('',*,*,#13330,.F.);
#13829 = ORIENTED_EDGE('',*,*,#13823,.F.);
#13830 = CYLINDRICAL_SURFACE('',#13831,0.5588);
#13831 = AXIS2_PLACEMENT_3D('',#13832,#13833,#13834);
#13832 = CARTESIAN_POINT('',(187.5,-103.912,-4.6E-02));
#13833 = DIRECTION('',(-0.,-0.,-1.));
#13834 = DIRECTION('',(-0.,-1.,0.));
#13835 = ADVANCED_FACE('',(#13836),#13847,.F.);
#13836 = FACE_BOUND('',#13837,.T.);
#13837 = EDGE_LOOP('',(#13838,#13839,#13845,#13846));
#13838 = ORIENTED_EDGE('',*,*,#12928,.T.);
#13839 = ORIENTED_EDGE('',*,*,#13840,.T.);
#13840 = EDGE_CURVE('',#12929,#13342,#13841,.T.);
#13841 = LINE('',#13842,#13843);
#13842 = CARTESIAN_POINT('',(139.,-97.01055,-4.6E-02));
#13843 = VECTOR('',#13844,1.);
#13844 = DIRECTION('',(0.,0.,1.));
#13845 = ORIENTED_EDGE('',*,*,#13341,.F.);
#13846 = ORIENTED_EDGE('',*,*,#13840,.F.);
#13847 = CYLINDRICAL_SURFACE('',#13848,0.5588);
#13848 = AXIS2_PLACEMENT_3D('',#13849,#13850,#13851);
#13849 = CARTESIAN_POINT('',(139.,-96.45175,-4.6E-02));
#13850 = DIRECTION('',(-0.,-0.,-1.));
#13851 = DIRECTION('',(-0.,-1.,0.));
#13852 = ADVANCED_FACE('',(#13853),#13864,.F.);
#13853 = FACE_BOUND('',#13854,.T.);
#13854 = EDGE_LOOP('',(#13855,#13856,#13862,#13863));
#13855 = ORIENTED_EDGE('',*,*,#12939,.T.);
#13856 = ORIENTED_EDGE('',*,*,#13857,.T.);
#13857 = EDGE_CURVE('',#12940,#13353,#13858,.T.);
#13858 = LINE('',#13859,#13860);
#13859 = CARTESIAN_POINT('',(147.,-97.51055,-4.6E-02));
#13860 = VECTOR('',#13861,1.);
#13861 = DIRECTION('',(0.,0.,1.));
#13862 = ORIENTED_EDGE('',*,*,#13352,.F.);
#13863 = ORIENTED_EDGE('',*,*,#13857,.F.);
#13864 = CYLINDRICAL_SURFACE('',#13865,0.5588);
#13865 = AXIS2_PLACEMENT_3D('',#13866,#13867,#13868);
#13866 = CARTESIAN_POINT('',(147.,-96.95175,-4.6E-02));
#13867 = DIRECTION('',(-0.,-0.,-1.));
#13868 = DIRECTION('',(-0.,-1.,0.));
#13869 = ADVANCED_FACE('',(#13870),#13881,.F.);
#13870 = FACE_BOUND('',#13871,.T.);
#13871 = EDGE_LOOP('',(#13872,#13873,#13879,#13880));
#13872 = ORIENTED_EDGE('',*,*,#12950,.T.);
#13873 = ORIENTED_EDGE('',*,*,#13874,.T.);
#13874 = EDGE_CURVE('',#12951,#13364,#13875,.T.);
#13875 = LINE('',#13876,#13877);
#13876 = CARTESIAN_POINT('',(139.,-89.51055,-4.6E-02));
#13877 = VECTOR('',#13878,1.);
#13878 = DIRECTION('',(0.,0.,1.));
#13879 = ORIENTED_EDGE('',*,*,#13363,.F.);
#13880 = ORIENTED_EDGE('',*,*,#13874,.F.);
#13881 = CYLINDRICAL_SURFACE('',#13882,0.5588);
#13882 = AXIS2_PLACEMENT_3D('',#13883,#13884,#13885);
#13883 = CARTESIAN_POINT('',(139.,-88.95175,-4.6E-02));
#13884 = DIRECTION('',(-0.,-0.,-1.));
#13885 = DIRECTION('',(-0.,-1.,0.));
#13886 = ADVANCED_FACE('',(#13887),#13898,.F.);
#13887 = FACE_BOUND('',#13888,.T.);
#13888 = EDGE_LOOP('',(#13889,#13890,#13896,#13897));
#13889 = ORIENTED_EDGE('',*,*,#12961,.T.);
#13890 = ORIENTED_EDGE('',*,*,#13891,.T.);
#13891 = EDGE_CURVE('',#12962,#13375,#13892,.T.);
#13892 = LINE('',#13893,#13894);
#13893 = CARTESIAN_POINT('',(147.,-90.01055,-4.6E-02));
#13894 = VECTOR('',#13895,1.);
#13895 = DIRECTION('',(0.,0.,1.));
#13896 = ORIENTED_EDGE('',*,*,#13374,.F.);
#13897 = ORIENTED_EDGE('',*,*,#13891,.F.);
#13898 = CYLINDRICAL_SURFACE('',#13899,0.5588);
#13899 = AXIS2_PLACEMENT_3D('',#13900,#13901,#13902);
#13900 = CARTESIAN_POINT('',(147.,-89.45175,-4.6E-02));
#13901 = DIRECTION('',(-0.,-0.,-1.));
#13902 = DIRECTION('',(-0.,-1.,0.));
#13903 = ADVANCED_FACE('',(#13904),#13915,.F.);
#13904 = FACE_BOUND('',#13905,.T.);
#13905 = EDGE_LOOP('',(#13906,#13907,#13913,#13914));
#13906 = ORIENTED_EDGE('',*,*,#12972,.T.);
#13907 = ORIENTED_EDGE('',*,*,#13908,.T.);
#13908 = EDGE_CURVE('',#12973,#13386,#13909,.T.);
#13909 = LINE('',#13910,#13911);
#13910 = CARTESIAN_POINT('',(140.725,-80.885,-4.6E-02));
#13911 = VECTOR('',#13912,1.);
#13912 = DIRECTION('',(0.,0.,1.));
#13913 = ORIENTED_EDGE('',*,*,#13385,.F.);
#13914 = ORIENTED_EDGE('',*,*,#13908,.F.);
#13915 = CYLINDRICAL_SURFACE('',#13916,0.5);
#13916 = AXIS2_PLACEMENT_3D('',#13917,#13918,#13919);
#13917 = CARTESIAN_POINT('',(140.725,-80.385,-4.6E-02));
#13918 = DIRECTION('',(-0.,-0.,-1.));
#13919 = DIRECTION('',(-0.,-1.,0.));
#13920 = ADVANCED_FACE('',(#13921),#13932,.F.);
#13921 = FACE_BOUND('',#13922,.T.);
#13922 = EDGE_LOOP('',(#13923,#13924,#13930,#13931));
#13923 = ORIENTED_EDGE('',*,*,#12983,.T.);
#13924 = ORIENTED_EDGE('',*,*,#13925,.T.);
#13925 = EDGE_CURVE('',#12984,#13397,#13926,.T.);
#13926 = LINE('',#13927,#13928);
#13927 = CARTESIAN_POINT('',(143.265,-80.885,-4.6E-02));
#13928 = VECTOR('',#13929,1.);
#13929 = DIRECTION('',(0.,0.,1.));
#13930 = ORIENTED_EDGE('',*,*,#13396,.F.);
#13931 = ORIENTED_EDGE('',*,*,#13925,.F.);
#13932 = CYLINDRICAL_SURFACE('',#13933,0.5);
#13933 = AXIS2_PLACEMENT_3D('',#13934,#13935,#13936);
#13934 = CARTESIAN_POINT('',(143.265,-80.385,-4.6E-02));
#13935 = DIRECTION('',(-0.,-0.,-1.));
#13936 = DIRECTION('',(-0.,-1.,0.));
#13937 = ADVANCED_FACE('',(#13938),#13949,.F.);
#13938 = FACE_BOUND('',#13939,.T.);
#13939 = EDGE_LOOP('',(#13940,#13941,#13947,#13948));
#13940 = ORIENTED_EDGE('',*,*,#12994,.T.);
#13941 = ORIENTED_EDGE('',*,*,#13942,.T.);
#13942 = EDGE_CURVE('',#12995,#13408,#13943,.T.);
#13943 = LINE('',#13944,#13945);
#13944 = CARTESIAN_POINT('',(152.,-82.6,-4.6E-02));
#13945 = VECTOR('',#13946,1.);
#13946 = DIRECTION('',(0.,0.,1.));
#13947 = ORIENTED_EDGE('',*,*,#13407,.F.);
#13948 = ORIENTED_EDGE('',*,*,#13942,.F.);
#13949 = CYLINDRICAL_SURFACE('',#13950,1.25);
#13950 = AXIS2_PLACEMENT_3D('',#13951,#13952,#13953);
#13951 = CARTESIAN_POINT('',(152.,-81.35,-4.6E-02));
#13952 = DIRECTION('',(-0.,-0.,-1.));
#13953 = DIRECTION('',(-0.,-1.,0.));
#13954 = ADVANCED_FACE('',(#13955),#13966,.F.);
#13955 = FACE_BOUND('',#13956,.T.);
#13956 = EDGE_LOOP('',(#13957,#13958,#13964,#13965));
#13957 = ORIENTED_EDGE('',*,*,#13005,.T.);
#13958 = ORIENTED_EDGE('',*,*,#13959,.T.);
#13959 = EDGE_CURVE('',#13006,#13419,#13960,.T.);
#13960 = LINE('',#13961,#13962);
#13961 = CARTESIAN_POINT('',(164.65,-80.885,-4.6E-02));
#13962 = VECTOR('',#13963,1.);
#13963 = DIRECTION('',(0.,0.,1.));
#13964 = ORIENTED_EDGE('',*,*,#13418,.F.);
#13965 = ORIENTED_EDGE('',*,*,#13959,.F.);
#13966 = CYLINDRICAL_SURFACE('',#13967,0.5);
#13967 = AXIS2_PLACEMENT_3D('',#13968,#13969,#13970);
#13968 = CARTESIAN_POINT('',(164.65,-80.385,-4.6E-02));
#13969 = DIRECTION('',(-0.,-0.,-1.));
#13970 = DIRECTION('',(-0.,-1.,0.));
#13971 = ADVANCED_FACE('',(#13972),#13983,.F.);
#13972 = FACE_BOUND('',#13973,.T.);
#13973 = EDGE_LOOP('',(#13974,#13975,#13981,#13982));
#13974 = ORIENTED_EDGE('',*,*,#13016,.T.);
#13975 = ORIENTED_EDGE('',*,*,#13976,.T.);
#13976 = EDGE_CURVE('',#13017,#13430,#13977,.T.);
#13977 = LINE('',#13978,#13979);
#13978 = CARTESIAN_POINT('',(167.19,-80.885,-4.6E-02));
#13979 = VECTOR('',#13980,1.);
#13980 = DIRECTION('',(0.,0.,1.));
#13981 = ORIENTED_EDGE('',*,*,#13429,.F.);
#13982 = ORIENTED_EDGE('',*,*,#13976,.F.);
#13983 = CYLINDRICAL_SURFACE('',#13984,0.5);
#13984 = AXIS2_PLACEMENT_3D('',#13985,#13986,#13987);
#13985 = CARTESIAN_POINT('',(167.19,-80.385,-4.6E-02));
#13986 = DIRECTION('',(-0.,-0.,-1.));
#13987 = DIRECTION('',(-0.,-1.,0.));
#13988 = ADVANCED_FACE('',(#13989),#14000,.F.);
#13989 = FACE_BOUND('',#13990,.T.);
#13990 = EDGE_LOOP('',(#13991,#13992,#13998,#13999));
#13991 = ORIENTED_EDGE('',*,*,#13027,.T.);
#13992 = ORIENTED_EDGE('',*,*,#13993,.T.);
#13993 = EDGE_CURVE('',#13028,#13441,#13994,.T.);
#13994 = LINE('',#13995,#13996);
#13995 = CARTESIAN_POINT('',(169.73,-80.885,-4.6E-02));
#13996 = VECTOR('',#13997,1.);
#13997 = DIRECTION('',(0.,0.,1.));
#13998 = ORIENTED_EDGE('',*,*,#13440,.F.);
#13999 = ORIENTED_EDGE('',*,*,#13993,.F.);
#14000 = CYLINDRICAL_SURFACE('',#14001,0.5);
#14001 = AXIS2_PLACEMENT_3D('',#14002,#14003,#14004);
#14002 = CARTESIAN_POINT('',(169.73,-80.385,-4.6E-02));
#14003 = DIRECTION('',(-0.,-0.,-1.));
#14004 = DIRECTION('',(-0.,-1.,0.));
#14005 = ADVANCED_FACE('',(#14006),#14017,.F.);
#14006 = FACE_BOUND('',#14007,.T.);
#14007 = EDGE_LOOP('',(#14008,#14009,#14015,#14016));
#14008 = ORIENTED_EDGE('',*,*,#13038,.T.);
#14009 = ORIENTED_EDGE('',*,*,#14010,.T.);
#14010 = EDGE_CURVE('',#13039,#13452,#14011,.T.);
#14011 = LINE('',#14012,#14013);
#14012 = CARTESIAN_POINT('',(172.27,-80.885,-4.6E-02));
#14013 = VECTOR('',#14014,1.);
#14014 = DIRECTION('',(0.,0.,1.));
#14015 = ORIENTED_EDGE('',*,*,#13451,.F.);
#14016 = ORIENTED_EDGE('',*,*,#14010,.F.);
#14017 = CYLINDRICAL_SURFACE('',#14018,0.5);
#14018 = AXIS2_PLACEMENT_3D('',#14019,#14020,#14021);
#14019 = CARTESIAN_POINT('',(172.27,-80.385,-4.6E-02));
#14020 = DIRECTION('',(-0.,-0.,-1.));
#14021 = DIRECTION('',(-0.,-1.,0.));
#14022 = ADVANCED_FACE('',(#14023),#14034,.F.);
#14023 = FACE_BOUND('',#14024,.T.);
#14024 = EDGE_LOOP('',(#14025,#14026,#14032,#14033));
#14025 = ORIENTED_EDGE('',*,*,#13049,.T.);
#14026 = ORIENTED_EDGE('',*,*,#14027,.T.);
#14027 = EDGE_CURVE('',#13050,#13463,#14028,.T.);
#14028 = LINE('',#14029,#14030);
#14029 = CARTESIAN_POINT('',(177.,-96.01055,-4.6E-02));
#14030 = VECTOR('',#14031,1.);
#14031 = DIRECTION('',(0.,0.,1.));
#14032 = ORIENTED_EDGE('',*,*,#13462,.F.);
#14033 = ORIENTED_EDGE('',*,*,#14027,.F.);
#14034 = CYLINDRICAL_SURFACE('',#14035,0.5588);
#14035 = AXIS2_PLACEMENT_3D('',#14036,#14037,#14038);
#14036 = CARTESIAN_POINT('',(177.,-95.45175,-4.6E-02));
#14037 = DIRECTION('',(-0.,-0.,-1.));
#14038 = DIRECTION('',(-0.,-1.,0.));
#14039 = ADVANCED_FACE('',(#14040),#14051,.F.);
#14040 = FACE_BOUND('',#14041,.T.);
#14041 = EDGE_LOOP('',(#14042,#14043,#14049,#14050));
#14042 = ORIENTED_EDGE('',*,*,#13060,.T.);
#14043 = ORIENTED_EDGE('',*,*,#14044,.T.);
#14044 = EDGE_CURVE('',#13061,#13474,#14045,.T.);
#14045 = LINE('',#14046,#14047);
#14046 = CARTESIAN_POINT('',(187.5,-96.01055,-4.6E-02));
#14047 = VECTOR('',#14048,1.);
#14048 = DIRECTION('',(0.,0.,1.));
#14049 = ORIENTED_EDGE('',*,*,#13473,.F.);
#14050 = ORIENTED_EDGE('',*,*,#14044,.F.);
#14051 = CYLINDRICAL_SURFACE('',#14052,0.5588);
#14052 = AXIS2_PLACEMENT_3D('',#14053,#14054,#14055);
#14053 = CARTESIAN_POINT('',(187.5,-95.45175,-4.6E-02));
#14054 = DIRECTION('',(-0.,-0.,-1.));
#14055 = DIRECTION('',(-0.,-1.,0.));
#14056 = ADVANCED_FACE('',(#14057),#14068,.F.);
#14057 = FACE_BOUND('',#14058,.T.);
#14058 = EDGE_LOOP('',(#14059,#14060,#14066,#14067));
#14059 = ORIENTED_EDGE('',*,*,#13071,.T.);
#14060 = ORIENTED_EDGE('',*,*,#14061,.T.);
#14061 = EDGE_CURVE('',#13072,#13485,#14062,.T.);
#14062 = LINE('',#14063,#14064);
#14063 = CARTESIAN_POINT('',(177.,-88.51055,-4.6E-02));
#14064 = VECTOR('',#14065,1.);
#14065 = DIRECTION('',(0.,0.,1.));
#14066 = ORIENTED_EDGE('',*,*,#13484,.F.);
#14067 = ORIENTED_EDGE('',*,*,#14061,.F.);
#14068 = CYLINDRICAL_SURFACE('',#14069,0.5588);
#14069 = AXIS2_PLACEMENT_3D('',#14070,#14071,#14072);
#14070 = CARTESIAN_POINT('',(177.,-87.95175,-4.6E-02));
#14071 = DIRECTION('',(-0.,-0.,-1.));
#14072 = DIRECTION('',(-0.,-1.,0.));
#14073 = ADVANCED_FACE('',(#14074),#14085,.F.);
#14074 = FACE_BOUND('',#14075,.T.);
#14075 = EDGE_LOOP('',(#14076,#14077,#14083,#14084));
#14076 = ORIENTED_EDGE('',*,*,#13082,.T.);
#14077 = ORIENTED_EDGE('',*,*,#14078,.T.);
#14078 = EDGE_CURVE('',#13083,#13496,#14079,.T.);
#14079 = LINE('',#14080,#14081);
#14080 = CARTESIAN_POINT('',(187.5,-88.51055,-4.6E-02));
#14081 = VECTOR('',#14082,1.);
#14082 = DIRECTION('',(0.,0.,1.));
#14083 = ORIENTED_EDGE('',*,*,#13495,.F.);
#14084 = ORIENTED_EDGE('',*,*,#14078,.F.);
#14085 = CYLINDRICAL_SURFACE('',#14086,0.5588);
#14086 = AXIS2_PLACEMENT_3D('',#14087,#14088,#14089);
#14087 = CARTESIAN_POINT('',(187.5,-87.95175,-4.6E-02));
#14088 = DIRECTION('',(-0.,-0.,-1.));
#14089 = DIRECTION('',(-0.,-1.,0.));
#14090 = ADVANCED_FACE('',(#14091),#14102,.F.);
#14091 = FACE_BOUND('',#14092,.T.);
#14092 = EDGE_LOOP('',(#14093,#14094,#14100,#14101));
#14093 = ORIENTED_EDGE('',*,*,#13093,.T.);
#14094 = ORIENTED_EDGE('',*,*,#14095,.T.);
#14095 = EDGE_CURVE('',#13094,#13507,#14096,.T.);
#14096 = LINE('',#14097,#14098);
#14097 = CARTESIAN_POINT('',(174.81,-80.885,-4.6E-02));
#14098 = VECTOR('',#14099,1.);
#14099 = DIRECTION('',(0.,0.,1.));
#14100 = ORIENTED_EDGE('',*,*,#13506,.F.);
#14101 = ORIENTED_EDGE('',*,*,#14095,.F.);
#14102 = CYLINDRICAL_SURFACE('',#14103,0.5);
#14103 = AXIS2_PLACEMENT_3D('',#14104,#14105,#14106);
#14104 = CARTESIAN_POINT('',(174.81,-80.385,-4.6E-02));
#14105 = DIRECTION('',(-0.,-0.,-1.));
#14106 = DIRECTION('',(-0.,-1.,0.));
#14107 = ADVANCED_FACE('',(#14108),#14119,.F.);
#14108 = FACE_BOUND('',#14109,.T.);
#14109 = EDGE_LOOP('',(#14110,#14111,#14117,#14118));
#14110 = ORIENTED_EDGE('',*,*,#13104,.T.);
#14111 = ORIENTED_EDGE('',*,*,#14112,.T.);
#14112 = EDGE_CURVE('',#13105,#13518,#14113,.T.);
#14113 = LINE('',#14114,#14115);
#14114 = CARTESIAN_POINT('',(177.35,-80.885,-4.6E-02));
#14115 = VECTOR('',#14116,1.);
#14116 = DIRECTION('',(0.,0.,1.));
#14117 = ORIENTED_EDGE('',*,*,#13517,.F.);
#14118 = ORIENTED_EDGE('',*,*,#14112,.F.);
#14119 = CYLINDRICAL_SURFACE('',#14120,0.5);
#14120 = AXIS2_PLACEMENT_3D('',#14121,#14122,#14123);
#14121 = CARTESIAN_POINT('',(177.35,-80.385,-4.6E-02));
#14122 = DIRECTION('',(-0.,-0.,-1.));
#14123 = DIRECTION('',(-0.,-1.,0.));
#14124 = ADVANCED_FACE('',(#14125),#14136,.F.);
#14125 = FACE_BOUND('',#14126,.T.);
#14126 = EDGE_LOOP('',(#14127,#14128,#14134,#14135));
#14127 = ORIENTED_EDGE('',*,*,#13115,.T.);
#14128 = ORIENTED_EDGE('',*,*,#14129,.T.);
#14129 = EDGE_CURVE('',#13116,#13529,#14130,.T.);
#14130 = LINE('',#14131,#14132);
#14131 = CARTESIAN_POINT('',(192.,-82.6,-4.6E-02));
#14132 = VECTOR('',#14133,1.);
#14133 = DIRECTION('',(0.,0.,1.));
#14134 = ORIENTED_EDGE('',*,*,#13528,.F.);
#14135 = ORIENTED_EDGE('',*,*,#14129,.F.);
#14136 = CYLINDRICAL_SURFACE('',#14137,1.25);
#14137 = AXIS2_PLACEMENT_3D('',#14138,#14139,#14140);
#14138 = CARTESIAN_POINT('',(192.,-81.35,-4.6E-02));
#14139 = DIRECTION('',(-0.,-0.,-1.));
#14140 = DIRECTION('',(-0.,-1.,0.));
#14141 = ADVANCED_FACE('',(#14142),#14153,.F.);
#14142 = FACE_BOUND('',#14143,.T.);
#14143 = EDGE_LOOP('',(#14144,#14145,#14151,#14152));
#14144 = ORIENTED_EDGE('',*,*,#13126,.T.);
#14145 = ORIENTED_EDGE('',*,*,#14146,.T.);
#14146 = EDGE_CURVE('',#13127,#13540,#14147,.T.);
#14147 = LINE('',#14148,#14149);
#14148 = CARTESIAN_POINT('',(197.725,-80.885,-4.6E-02));
#14149 = VECTOR('',#14150,1.);
#14150 = DIRECTION('',(0.,0.,1.));
#14151 = ORIENTED_EDGE('',*,*,#13539,.F.);
#14152 = ORIENTED_EDGE('',*,*,#14146,.F.);
#14153 = CYLINDRICAL_SURFACE('',#14154,0.5);
#14154 = AXIS2_PLACEMENT_3D('',#14155,#14156,#14157);
#14155 = CARTESIAN_POINT('',(197.725,-80.385,-4.6E-02));
#14156 = DIRECTION('',(-0.,-0.,-1.));
#14157 = DIRECTION('',(-0.,-1.,0.));
#14158 = ADVANCED_FACE('',(#14159),#14170,.F.);
#14159 = FACE_BOUND('',#14160,.T.);
#14160 = EDGE_LOOP('',(#14161,#14162,#14168,#14169));
#14161 = ORIENTED_EDGE('',*,*,#13137,.T.);
#14162 = ORIENTED_EDGE('',*,*,#14163,.T.);
#14163 = EDGE_CURVE('',#13138,#13551,#14164,.T.);
#14164 = LINE('',#14165,#14166);
#14165 = CARTESIAN_POINT('',(200.265,-80.885,-4.6E-02));
#14166 = VECTOR('',#14167,1.);
#14167 = DIRECTION('',(0.,0.,1.));
#14168 = ORIENTED_EDGE('',*,*,#13550,.F.);
#14169 = ORIENTED_EDGE('',*,*,#14163,.F.);
#14170 = CYLINDRICAL_SURFACE('',#14171,0.5);
#14171 = AXIS2_PLACEMENT_3D('',#14172,#14173,#14174);
#14172 = CARTESIAN_POINT('',(200.265,-80.385,-4.6E-02));
#14173 = DIRECTION('',(-0.,-0.,-1.));
#14174 = DIRECTION('',(-0.,-1.,0.));
#14175 = ADVANCED_FACE('',(#14176),#14187,.F.);
#14176 = FACE_BOUND('',#14177,.T.);
#14177 = EDGE_LOOP('',(#14178,#14179,#14185,#14186));
#14178 = ORIENTED_EDGE('',*,*,#13148,.T.);
#14179 = ORIENTED_EDGE('',*,*,#14180,.T.);
#14180 = EDGE_CURVE('',#13149,#13562,#14181,.T.);
#14181 = LINE('',#14182,#14183);
#14182 = CARTESIAN_POINT('',(204.96,-80.885,-4.6E-02));
#14183 = VECTOR('',#14184,1.);
#14184 = DIRECTION('',(0.,0.,1.));
#14185 = ORIENTED_EDGE('',*,*,#13561,.F.);
#14186 = ORIENTED_EDGE('',*,*,#14180,.F.);
#14187 = CYLINDRICAL_SURFACE('',#14188,0.5);
#14188 = AXIS2_PLACEMENT_3D('',#14189,#14190,#14191);
#14189 = CARTESIAN_POINT('',(204.96,-80.385,-4.6E-02));
#14190 = DIRECTION('',(-0.,-0.,-1.));
#14191 = DIRECTION('',(-0.,-1.,0.));
#14192 = ADVANCED_FACE('',(#14193),#14204,.F.);
#14193 = FACE_BOUND('',#14194,.T.);
#14194 = EDGE_LOOP('',(#14195,#14196,#14202,#14203));
#14195 = ORIENTED_EDGE('',*,*,#13159,.T.);
#14196 = ORIENTED_EDGE('',*,*,#14197,.T.);
#14197 = EDGE_CURVE('',#13160,#13573,#14198,.T.);
#14198 = LINE('',#14199,#14200);
#14199 = CARTESIAN_POINT('',(207.5,-80.885,-4.6E-02));
#14200 = VECTOR('',#14201,1.);
#14201 = DIRECTION('',(0.,0.,1.));
#14202 = ORIENTED_EDGE('',*,*,#13572,.F.);
#14203 = ORIENTED_EDGE('',*,*,#14197,.F.);
#14204 = CYLINDRICAL_SURFACE('',#14205,0.5);
#14205 = AXIS2_PLACEMENT_3D('',#14206,#14207,#14208);
#14206 = CARTESIAN_POINT('',(207.5,-80.385,-4.6E-02));
#14207 = DIRECTION('',(-0.,-0.,-1.));
#14208 = DIRECTION('',(-0.,-1.,0.));
#14209 = ( GEOMETRIC_REPRESENTATION_CONTEXT(3) 
GLOBAL_UNCERTAINTY_ASSIGNED_CONTEXT((#14213)) 
GLOBAL_UNIT_ASSIGNED_CONTEXT((#14210,#14211,#14212)) 
REPRESENTATION_CONTEXT('Context #1',
  '3D Context with UNIT and UNCERTAINTY') );
#14210 = ( LENGTH_UNIT() NAMED_UNIT(*) SI_UNIT(.MILLI.,.METRE.) );
#14211 = ( NAMED_UNIT(*) PLANE_ANGLE_UNIT() SI_UNIT($,.RADIAN.) );
#14212 = ( NAMED_UNIT(*) SI_UNIT($,.STERADIAN.) SOLID_ANGLE_UNIT() );
#14213 = UNCERTAINTY_MEASURE_WITH_UNIT(LENGTH_MEASURE(1.E-07),#14210,
  'distance_accuracy_value','confusion accuracy');
#14214 = CONTEXT_DEPENDENT_SHAPE_REPRESENTATION(#14215,#14217);
#14215 = ( REPRESENTATION_RELATIONSHIP('','',#12654,#10) 
REPRESENTATION_RELATIONSHIP_WITH_TRANSFORMATION(#14216) 
SHAPE_REPRESENTATION_RELATIONSHIP() );
#14216 = ITEM_DEFINED_TRANSFORMATION('','',#11,#135);
#14217 = PRODUCT_DEFINITION_SHAPE('Placement','Placement of an item',
  #14218);
#14218 = NEXT_ASSEMBLY_USAGE_OCCURRENCE('34','=>[0:1:1:9]','',#5,#12649,
  $);
#14219 = PRODUCT_RELATED_PRODUCT_CATEGORY('part',$,(#12651));
#14220 = MECHANICAL_DESIGN_GEOMETRIC_PRESENTATION_REPRESENTATION('',(
    #14221),#14209);
#14221 = STYLED_ITEM('color',(#14222),#12655);
#14222 = PRESENTATION_STYLE_ASSIGNMENT((#14223));
#14223 = SURFACE_STYLE_USAGE(.BOTH.,#14224);
#14224 = SURFACE_SIDE_STYLE('',(#14225));
#14225 = SURFACE_STYLE_FILL_AREA(#14226);
#14226 = FILL_AREA_STYLE('',(#14227));
#14227 = FILL_AREA_STYLE_COLOUR('',#14228);
#14228 = COLOUR_RGB('',0.313304153717,0.484529207832,0.410020903123);
#14229 = MECHANICAL_DESIGN_GEOMETRIC_PRESENTATION_REPRESENTATION('',(
    #14230,#14238,#14245,#14252,#14259,#14266,#14273,#14280,#14287,
    #14294,#14301,#14308,#14315,#14322,#14329,#14336,#14343,#14350,
    #14357,#14364,#14371,#14378,#14385,#14392,#14399,#14406,#14413,
    #14420,#14427,#14434,#14441,#14448,#14455,#14462,#14469,#14476,
    #14483,#14490,#14497,#14504,#14511,#14519,#14526,#14533,#14540,
    #14547,#14554,#14561,#14568,#14575,#14582,#14589,#14596,#14603,
    #14610,#14617,#14624,#14631,#14638,#14645,#14652,#14659,#14666,
    #14673,#14680,#14687,#14694,#14701,#14708,#14715,#14722,#14729,
    #14736,#14743,#14750,#14757,#14764,#14771,#14778,#14785,#14792,
    #14799,#14806,#14813,#14820,#14827,#14834,#14841,#14848,#14855,
    #14862,#14869,#14876,#14883,#14890,#14897,#14904,#14911,#14918,
    #14925,#14932,#14939,#14946,#14953,#14960,#14967,#14974,#14981,
    #14988,#14995,#15002,#15009,#15016,#15023,#15030,#15037,#15044,
    #15051,#15058,#15065,#15072,#15079,#15086,#15093,#15100,#15107,
    #15114,#15121,#15128,#15135,#15142,#15149,#15156,#15163,#15170,
    #15177,#15184,#15191,#15198,#15205,#15212,#15219,#15226,#15233,
    #15240,#15247,#15254,#15261,#15268,#15275,#15282,#15289,#15296,
    #15303,#15310,#15317,#15324,#15331,#15338,#15345,#15352,#15359,
    #15366,#15373,#15380,#15387),#6540);
#14230 = STYLED_ITEM('color',(#14231),#1808);
#14231 = PRESENTATION_STYLE_ASSIGNMENT((#14232));
#14232 = SURFACE_STYLE_USAGE(.BOTH.,#14233);
#14233 = SURFACE_SIDE_STYLE('',(#14234));
#14234 = SURFACE_STYLE_FILL_AREA(#14235);
#14235 = FILL_AREA_STYLE('',(#14236));
#14236 = FILL_AREA_STYLE_COLOUR('',#14237);
#14237 = COLOUR_RGB('',0.147999998088,0.144999993226,0.144999993226);
#14238 = STYLED_ITEM('color',(#14239),#1848);
#14239 = PRESENTATION_STYLE_ASSIGNMENT((#14240));
#14240 = SURFACE_STYLE_USAGE(.BOTH.,#14241);
#14241 = SURFACE_SIDE_STYLE('',(#14242));
#14242 = SURFACE_STYLE_FILL_AREA(#14243);
#14243 = FILL_AREA_STYLE('',(#14244));
#14244 = FILL_AREA_STYLE_COLOUR('',#14237);
#14245 = STYLED_ITEM('color',(#14246),#1879);
#14246 = PRESENTATION_STYLE_ASSIGNMENT((#14247));
#14247 = SURFACE_STYLE_USAGE(.BOTH.,#14248);
#14248 = SURFACE_SIDE_STYLE('',(#14249));
#14249 = SURFACE_STYLE_FILL_AREA(#14250);
#14250 = FILL_AREA_STYLE('',(#14251));
#14251 = FILL_AREA_STYLE_COLOUR('',#14237);
#14252 = STYLED_ITEM('color',(#14253),#1910);
#14253 = PRESENTATION_STYLE_ASSIGNMENT((#14254));
#14254 = SURFACE_STYLE_USAGE(.BOTH.,#14255);
#14255 = SURFACE_SIDE_STYLE('',(#14256));
#14256 = SURFACE_STYLE_FILL_AREA(#14257);
#14257 = FILL_AREA_STYLE('',(#14258));
#14258 = FILL_AREA_STYLE_COLOUR('',#14237);
#14259 = STYLED_ITEM('color',(#14260),#2403);
#14260 = PRESENTATION_STYLE_ASSIGNMENT((#14261));
#14261 = SURFACE_STYLE_USAGE(.BOTH.,#14262);
#14262 = SURFACE_SIDE_STYLE('',(#14263));
#14263 = SURFACE_STYLE_FILL_AREA(#14264);
#14264 = FILL_AREA_STYLE('',(#14265));
#14265 = FILL_AREA_STYLE_COLOUR('',#14237);
#14266 = STYLED_ITEM('color',(#14267),#2896);
#14267 = PRESENTATION_STYLE_ASSIGNMENT((#14268));
#14268 = SURFACE_STYLE_USAGE(.BOTH.,#14269);
#14269 = SURFACE_SIDE_STYLE('',(#14270));
#14270 = SURFACE_STYLE_FILL_AREA(#14271);
#14271 = FILL_AREA_STYLE('',(#14272));
#14272 = FILL_AREA_STYLE_COLOUR('',#14237);
#14273 = STYLED_ITEM('color',(#14274),#2913);
#14274 = PRESENTATION_STYLE_ASSIGNMENT((#14275));
#14275 = SURFACE_STYLE_USAGE(.BOTH.,#14276);
#14276 = SURFACE_SIDE_STYLE('',(#14277));
#14277 = SURFACE_STYLE_FILL_AREA(#14278);
#14278 = FILL_AREA_STYLE('',(#14279));
#14279 = FILL_AREA_STYLE_COLOUR('',#14237);
#14280 = STYLED_ITEM('color',(#14281),#2930);
#14281 = PRESENTATION_STYLE_ASSIGNMENT((#14282));
#14282 = SURFACE_STYLE_USAGE(.BOTH.,#14283);
#14283 = SURFACE_SIDE_STYLE('',(#14284));
#14284 = SURFACE_STYLE_FILL_AREA(#14285);
#14285 = FILL_AREA_STYLE('',(#14286));
#14286 = FILL_AREA_STYLE_COLOUR('',#14237);
#14287 = STYLED_ITEM('color',(#14288),#2947);
#14288 = PRESENTATION_STYLE_ASSIGNMENT((#14289));
#14289 = SURFACE_STYLE_USAGE(.BOTH.,#14290);
#14290 = SURFACE_SIDE_STYLE('',(#14291));
#14291 = SURFACE_STYLE_FILL_AREA(#14292);
#14292 = FILL_AREA_STYLE('',(#14293));
#14293 = FILL_AREA_STYLE_COLOUR('',#14237);
#14294 = STYLED_ITEM('color',(#14295),#2964);
#14295 = PRESENTATION_STYLE_ASSIGNMENT((#14296));
#14296 = SURFACE_STYLE_USAGE(.BOTH.,#14297);
#14297 = SURFACE_SIDE_STYLE('',(#14298));
#14298 = SURFACE_STYLE_FILL_AREA(#14299);
#14299 = FILL_AREA_STYLE('',(#14300));
#14300 = FILL_AREA_STYLE_COLOUR('',#14237);
#14301 = STYLED_ITEM('color',(#14302),#2981);
#14302 = PRESENTATION_STYLE_ASSIGNMENT((#14303));
#14303 = SURFACE_STYLE_USAGE(.BOTH.,#14304);
#14304 = SURFACE_SIDE_STYLE('',(#14305));
#14305 = SURFACE_STYLE_FILL_AREA(#14306);
#14306 = FILL_AREA_STYLE('',(#14307));
#14307 = FILL_AREA_STYLE_COLOUR('',#14237);
#14308 = STYLED_ITEM('color',(#14309),#2998);
#14309 = PRESENTATION_STYLE_ASSIGNMENT((#14310));
#14310 = SURFACE_STYLE_USAGE(.BOTH.,#14311);
#14311 = SURFACE_SIDE_STYLE('',(#14312));
#14312 = SURFACE_STYLE_FILL_AREA(#14313);
#14313 = FILL_AREA_STYLE('',(#14314));
#14314 = FILL_AREA_STYLE_COLOUR('',#14237);
#14315 = STYLED_ITEM('color',(#14316),#3015);
#14316 = PRESENTATION_STYLE_ASSIGNMENT((#14317));
#14317 = SURFACE_STYLE_USAGE(.BOTH.,#14318);
#14318 = SURFACE_SIDE_STYLE('',(#14319));
#14319 = SURFACE_STYLE_FILL_AREA(#14320);
#14320 = FILL_AREA_STYLE('',(#14321));
#14321 = FILL_AREA_STYLE_COLOUR('',#14237);
#14322 = STYLED_ITEM('color',(#14323),#3032);
#14323 = PRESENTATION_STYLE_ASSIGNMENT((#14324));
#14324 = SURFACE_STYLE_USAGE(.BOTH.,#14325);
#14325 = SURFACE_SIDE_STYLE('',(#14326));
#14326 = SURFACE_STYLE_FILL_AREA(#14327);
#14327 = FILL_AREA_STYLE('',(#14328));
#14328 = FILL_AREA_STYLE_COLOUR('',#14237);
#14329 = STYLED_ITEM('color',(#14330),#3049);
#14330 = PRESENTATION_STYLE_ASSIGNMENT((#14331));
#14331 = SURFACE_STYLE_USAGE(.BOTH.,#14332);
#14332 = SURFACE_SIDE_STYLE('',(#14333));
#14333 = SURFACE_STYLE_FILL_AREA(#14334);
#14334 = FILL_AREA_STYLE('',(#14335));
#14335 = FILL_AREA_STYLE_COLOUR('',#14237);
#14336 = STYLED_ITEM('color',(#14337),#3066);
#14337 = PRESENTATION_STYLE_ASSIGNMENT((#14338));
#14338 = SURFACE_STYLE_USAGE(.BOTH.,#14339);
#14339 = SURFACE_SIDE_STYLE('',(#14340));
#14340 = SURFACE_STYLE_FILL_AREA(#14341);
#14341 = FILL_AREA_STYLE('',(#14342));
#14342 = FILL_AREA_STYLE_COLOUR('',#14237);
#14343 = STYLED_ITEM('color',(#14344),#3083);
#14344 = PRESENTATION_STYLE_ASSIGNMENT((#14345));
#14345 = SURFACE_STYLE_USAGE(.BOTH.,#14346);
#14346 = SURFACE_SIDE_STYLE('',(#14347));
#14347 = SURFACE_STYLE_FILL_AREA(#14348);
#14348 = FILL_AREA_STYLE('',(#14349));
#14349 = FILL_AREA_STYLE_COLOUR('',#14237);
#14350 = STYLED_ITEM('color',(#14351),#3100);
#14351 = PRESENTATION_STYLE_ASSIGNMENT((#14352));
#14352 = SURFACE_STYLE_USAGE(.BOTH.,#14353);
#14353 = SURFACE_SIDE_STYLE('',(#14354));
#14354 = SURFACE_STYLE_FILL_AREA(#14355);
#14355 = FILL_AREA_STYLE('',(#14356));
#14356 = FILL_AREA_STYLE_COLOUR('',#14237);
#14357 = STYLED_ITEM('color',(#14358),#3117);
#14358 = PRESENTATION_STYLE_ASSIGNMENT((#14359));
#14359 = SURFACE_STYLE_USAGE(.BOTH.,#14360);
#14360 = SURFACE_SIDE_STYLE('',(#14361));
#14361 = SURFACE_STYLE_FILL_AREA(#14362);
#14362 = FILL_AREA_STYLE('',(#14363));
#14363 = FILL_AREA_STYLE_COLOUR('',#14237);
#14364 = STYLED_ITEM('color',(#14365),#3134);
#14365 = PRESENTATION_STYLE_ASSIGNMENT((#14366));
#14366 = SURFACE_STYLE_USAGE(.BOTH.,#14367);
#14367 = SURFACE_SIDE_STYLE('',(#14368));
#14368 = SURFACE_STYLE_FILL_AREA(#14369);
#14369 = FILL_AREA_STYLE('',(#14370));
#14370 = FILL_AREA_STYLE_COLOUR('',#14237);
#14371 = STYLED_ITEM('color',(#14372),#3151);
#14372 = PRESENTATION_STYLE_ASSIGNMENT((#14373));
#14373 = SURFACE_STYLE_USAGE(.BOTH.,#14374);
#14374 = SURFACE_SIDE_STYLE('',(#14375));
#14375 = SURFACE_STYLE_FILL_AREA(#14376);
#14376 = FILL_AREA_STYLE('',(#14377));
#14377 = FILL_AREA_STYLE_COLOUR('',#14237);
#14378 = STYLED_ITEM('color',(#14379),#3168);
#14379 = PRESENTATION_STYLE_ASSIGNMENT((#14380));
#14380 = SURFACE_STYLE_USAGE(.BOTH.,#14381);
#14381 = SURFACE_SIDE_STYLE('',(#14382));
#14382 = SURFACE_STYLE_FILL_AREA(#14383);
#14383 = FILL_AREA_STYLE('',(#14384));
#14384 = FILL_AREA_STYLE_COLOUR('',#14237);
#14385 = STYLED_ITEM('color',(#14386),#3185);
#14386 = PRESENTATION_STYLE_ASSIGNMENT((#14387));
#14387 = SURFACE_STYLE_USAGE(.BOTH.,#14388);
#14388 = SURFACE_SIDE_STYLE('',(#14389));
#14389 = SURFACE_STYLE_FILL_AREA(#14390);
#14390 = FILL_AREA_STYLE('',(#14391));
#14391 = FILL_AREA_STYLE_COLOUR('',#14237);
#14392 = STYLED_ITEM('color',(#14393),#3202);
#14393 = PRESENTATION_STYLE_ASSIGNMENT((#14394));
#14394 = SURFACE_STYLE_USAGE(.BOTH.,#14395);
#14395 = SURFACE_SIDE_STYLE('',(#14396));
#14396 = SURFACE_STYLE_FILL_AREA(#14397);
#14397 = FILL_AREA_STYLE('',(#14398));
#14398 = FILL_AREA_STYLE_COLOUR('',#14237);
#14399 = STYLED_ITEM('color',(#14400),#3219);
#14400 = PRESENTATION_STYLE_ASSIGNMENT((#14401));
#14401 = SURFACE_STYLE_USAGE(.BOTH.,#14402);
#14402 = SURFACE_SIDE_STYLE('',(#14403));
#14403 = SURFACE_STYLE_FILL_AREA(#14404);
#14404 = FILL_AREA_STYLE('',(#14405));
#14405 = FILL_AREA_STYLE_COLOUR('',#14237);
#14406 = STYLED_ITEM('color',(#14407),#3236);
#14407 = PRESENTATION_STYLE_ASSIGNMENT((#14408));
#14408 = SURFACE_STYLE_USAGE(.BOTH.,#14409);
#14409 = SURFACE_SIDE_STYLE('',(#14410));
#14410 = SURFACE_STYLE_FILL_AREA(#14411);
#14411 = FILL_AREA_STYLE('',(#14412));
#14412 = FILL_AREA_STYLE_COLOUR('',#14237);
#14413 = STYLED_ITEM('color',(#14414),#3253);
#14414 = PRESENTATION_STYLE_ASSIGNMENT((#14415));
#14415 = SURFACE_STYLE_USAGE(.BOTH.,#14416);
#14416 = SURFACE_SIDE_STYLE('',(#14417));
#14417 = SURFACE_STYLE_FILL_AREA(#14418);
#14418 = FILL_AREA_STYLE('',(#14419));
#14419 = FILL_AREA_STYLE_COLOUR('',#14237);
#14420 = STYLED_ITEM('color',(#14421),#3270);
#14421 = PRESENTATION_STYLE_ASSIGNMENT((#14422));
#14422 = SURFACE_STYLE_USAGE(.BOTH.,#14423);
#14423 = SURFACE_SIDE_STYLE('',(#14424));
#14424 = SURFACE_STYLE_FILL_AREA(#14425);
#14425 = FILL_AREA_STYLE('',(#14426));
#14426 = FILL_AREA_STYLE_COLOUR('',#14237);
#14427 = STYLED_ITEM('color',(#14428),#3287);
#14428 = PRESENTATION_STYLE_ASSIGNMENT((#14429));
#14429 = SURFACE_STYLE_USAGE(.BOTH.,#14430);
#14430 = SURFACE_SIDE_STYLE('',(#14431));
#14431 = SURFACE_STYLE_FILL_AREA(#14432);
#14432 = FILL_AREA_STYLE('',(#14433));
#14433 = FILL_AREA_STYLE_COLOUR('',#14237);
#14434 = STYLED_ITEM('color',(#14435),#3304);
#14435 = PRESENTATION_STYLE_ASSIGNMENT((#14436));
#14436 = SURFACE_STYLE_USAGE(.BOTH.,#14437);
#14437 = SURFACE_SIDE_STYLE('',(#14438));
#14438 = SURFACE_STYLE_FILL_AREA(#14439);
#14439 = FILL_AREA_STYLE('',(#14440));
#14440 = FILL_AREA_STYLE_COLOUR('',#14237);
#14441 = STYLED_ITEM('color',(#14442),#3321);
#14442 = PRESENTATION_STYLE_ASSIGNMENT((#14443));
#14443 = SURFACE_STYLE_USAGE(.BOTH.,#14444);
#14444 = SURFACE_SIDE_STYLE('',(#14445));
#14445 = SURFACE_STYLE_FILL_AREA(#14446);
#14446 = FILL_AREA_STYLE('',(#14447));
#14447 = FILL_AREA_STYLE_COLOUR('',#14237);
#14448 = STYLED_ITEM('color',(#14449),#3338);
#14449 = PRESENTATION_STYLE_ASSIGNMENT((#14450));
#14450 = SURFACE_STYLE_USAGE(.BOTH.,#14451);
#14451 = SURFACE_SIDE_STYLE('',(#14452));
#14452 = SURFACE_STYLE_FILL_AREA(#14453);
#14453 = FILL_AREA_STYLE('',(#14454));
#14454 = FILL_AREA_STYLE_COLOUR('',#14237);
#14455 = STYLED_ITEM('color',(#14456),#3355);
#14456 = PRESENTATION_STYLE_ASSIGNMENT((#14457));
#14457 = SURFACE_STYLE_USAGE(.BOTH.,#14458);
#14458 = SURFACE_SIDE_STYLE('',(#14459));
#14459 = SURFACE_STYLE_FILL_AREA(#14460);
#14460 = FILL_AREA_STYLE('',(#14461));
#14461 = FILL_AREA_STYLE_COLOUR('',#14237);
#14462 = STYLED_ITEM('color',(#14463),#3372);
#14463 = PRESENTATION_STYLE_ASSIGNMENT((#14464));
#14464 = SURFACE_STYLE_USAGE(.BOTH.,#14465);
#14465 = SURFACE_SIDE_STYLE('',(#14466));
#14466 = SURFACE_STYLE_FILL_AREA(#14467);
#14467 = FILL_AREA_STYLE('',(#14468));
#14468 = FILL_AREA_STYLE_COLOUR('',#14237);
#14469 = STYLED_ITEM('color',(#14470),#3389);
#14470 = PRESENTATION_STYLE_ASSIGNMENT((#14471));
#14471 = SURFACE_STYLE_USAGE(.BOTH.,#14472);
#14472 = SURFACE_SIDE_STYLE('',(#14473));
#14473 = SURFACE_STYLE_FILL_AREA(#14474);
#14474 = FILL_AREA_STYLE('',(#14475));
#14475 = FILL_AREA_STYLE_COLOUR('',#14237);
#14476 = STYLED_ITEM('color',(#14477),#3406);
#14477 = PRESENTATION_STYLE_ASSIGNMENT((#14478));
#14478 = SURFACE_STYLE_USAGE(.BOTH.,#14479);
#14479 = SURFACE_SIDE_STYLE('',(#14480));
#14480 = SURFACE_STYLE_FILL_AREA(#14481);
#14481 = FILL_AREA_STYLE('',(#14482));
#14482 = FILL_AREA_STYLE_COLOUR('',#14237);
#14483 = STYLED_ITEM('color',(#14484),#3423);
#14484 = PRESENTATION_STYLE_ASSIGNMENT((#14485));
#14485 = SURFACE_STYLE_USAGE(.BOTH.,#14486);
#14486 = SURFACE_SIDE_STYLE('',(#14487));
#14487 = SURFACE_STYLE_FILL_AREA(#14488);
#14488 = FILL_AREA_STYLE('',(#14489));
#14489 = FILL_AREA_STYLE_COLOUR('',#14237);
#14490 = STYLED_ITEM('color',(#14491),#3440);
#14491 = PRESENTATION_STYLE_ASSIGNMENT((#14492));
#14492 = SURFACE_STYLE_USAGE(.BOTH.,#14493);
#14493 = SURFACE_SIDE_STYLE('',(#14494));
#14494 = SURFACE_STYLE_FILL_AREA(#14495);
#14495 = FILL_AREA_STYLE('',(#14496));
#14496 = FILL_AREA_STYLE_COLOUR('',#14237);
#14497 = STYLED_ITEM('color',(#14498),#3457);
#14498 = PRESENTATION_STYLE_ASSIGNMENT((#14499));
#14499 = SURFACE_STYLE_USAGE(.BOTH.,#14500);
#14500 = SURFACE_SIDE_STYLE('',(#14501));
#14501 = SURFACE_STYLE_FILL_AREA(#14502);
#14502 = FILL_AREA_STYLE('',(#14503));
#14503 = FILL_AREA_STYLE_COLOUR('',#14237);
#14504 = STYLED_ITEM('color',(#14505),#3474);
#14505 = PRESENTATION_STYLE_ASSIGNMENT((#14506));
#14506 = SURFACE_STYLE_USAGE(.BOTH.,#14507);
#14507 = SURFACE_SIDE_STYLE('',(#14508));
#14508 = SURFACE_STYLE_FILL_AREA(#14509);
#14509 = FILL_AREA_STYLE('',(#14510));
#14510 = FILL_AREA_STYLE_COLOUR('',#14237);
#14511 = STYLED_ITEM('color',(#14512),#3486);
#14512 = PRESENTATION_STYLE_ASSIGNMENT((#14513));
#14513 = SURFACE_STYLE_USAGE(.BOTH.,#14514);
#14514 = SURFACE_SIDE_STYLE('',(#14515));
#14515 = SURFACE_STYLE_FILL_AREA(#14516);
#14516 = FILL_AREA_STYLE('',(#14517));
#14517 = FILL_AREA_STYLE_COLOUR('',#14518);
#14518 = COLOUR_RGB('',0.859000020776,0.737999965183,0.495999988746);
#14519 = STYLED_ITEM('color',(#14520),#3517);
#14520 = PRESENTATION_STYLE_ASSIGNMENT((#14521));
#14521 = SURFACE_STYLE_USAGE(.BOTH.,#14522);
#14522 = SURFACE_SIDE_STYLE('',(#14523));
#14523 = SURFACE_STYLE_FILL_AREA(#14524);
#14524 = FILL_AREA_STYLE('',(#14525));
#14525 = FILL_AREA_STYLE_COLOUR('',#14518);
#14526 = STYLED_ITEM('color',(#14527),#3566);
#14527 = PRESENTATION_STYLE_ASSIGNMENT((#14528));
#14528 = SURFACE_STYLE_USAGE(.BOTH.,#14529);
#14529 = SURFACE_SIDE_STYLE('',(#14530));
#14530 = SURFACE_STYLE_FILL_AREA(#14531);
#14531 = FILL_AREA_STYLE('',(#14532));
#14532 = FILL_AREA_STYLE_COLOUR('',#14518);
#14533 = STYLED_ITEM('color',(#14534),#3590);
#14534 = PRESENTATION_STYLE_ASSIGNMENT((#14535));
#14535 = SURFACE_STYLE_USAGE(.BOTH.,#14536);
#14536 = SURFACE_SIDE_STYLE('',(#14537));
#14537 = SURFACE_STYLE_FILL_AREA(#14538);
#14538 = FILL_AREA_STYLE('',(#14539));
#14539 = FILL_AREA_STYLE_COLOUR('',#14518);
#14540 = STYLED_ITEM('color',(#14541),#3632);
#14541 = PRESENTATION_STYLE_ASSIGNMENT((#14542));
#14542 = SURFACE_STYLE_USAGE(.BOTH.,#14543);
#14543 = SURFACE_SIDE_STYLE('',(#14544));
#14544 = SURFACE_STYLE_FILL_AREA(#14545);
#14545 = FILL_AREA_STYLE('',(#14546));
#14546 = FILL_AREA_STYLE_COLOUR('',#14518);
#14547 = STYLED_ITEM('color',(#14548),#3663);
#14548 = PRESENTATION_STYLE_ASSIGNMENT((#14549));
#14549 = SURFACE_STYLE_USAGE(.BOTH.,#14550);
#14550 = SURFACE_SIDE_STYLE('',(#14551));
#14551 = SURFACE_STYLE_FILL_AREA(#14552);
#14552 = FILL_AREA_STYLE('',(#14553));
#14553 = FILL_AREA_STYLE_COLOUR('',#14518);
#14554 = STYLED_ITEM('color',(#14555),#3712);
#14555 = PRESENTATION_STYLE_ASSIGNMENT((#14556));
#14556 = SURFACE_STYLE_USAGE(.BOTH.,#14557);
#14557 = SURFACE_SIDE_STYLE('',(#14558));
#14558 = SURFACE_STYLE_FILL_AREA(#14559);
#14559 = FILL_AREA_STYLE('',(#14560));
#14560 = FILL_AREA_STYLE_COLOUR('',#14518);
#14561 = STYLED_ITEM('color',(#14562),#3736);
#14562 = PRESENTATION_STYLE_ASSIGNMENT((#14563));
#14563 = SURFACE_STYLE_USAGE(.BOTH.,#14564);
#14564 = SURFACE_SIDE_STYLE('',(#14565));
#14565 = SURFACE_STYLE_FILL_AREA(#14566);
#14566 = FILL_AREA_STYLE('',(#14567));
#14567 = FILL_AREA_STYLE_COLOUR('',#14518);
#14568 = STYLED_ITEM('color',(#14569),#3778);
#14569 = PRESENTATION_STYLE_ASSIGNMENT((#14570));
#14570 = SURFACE_STYLE_USAGE(.BOTH.,#14571);
#14571 = SURFACE_SIDE_STYLE('',(#14572));
#14572 = SURFACE_STYLE_FILL_AREA(#14573);
#14573 = FILL_AREA_STYLE('',(#14574));
#14574 = FILL_AREA_STYLE_COLOUR('',#14518);
#14575 = STYLED_ITEM('color',(#14576),#3834);
#14576 = PRESENTATION_STYLE_ASSIGNMENT((#14577));
#14577 = SURFACE_STYLE_USAGE(.BOTH.,#14578);
#14578 = SURFACE_SIDE_STYLE('',(#14579));
#14579 = SURFACE_STYLE_FILL_AREA(#14580);
#14580 = FILL_AREA_STYLE('',(#14581));
#14581 = FILL_AREA_STYLE_COLOUR('',#14518);
#14582 = STYLED_ITEM('color',(#14583),#3858);
#14583 = PRESENTATION_STYLE_ASSIGNMENT((#14584));
#14584 = SURFACE_STYLE_USAGE(.BOTH.,#14585);
#14585 = SURFACE_SIDE_STYLE('',(#14586));
#14586 = SURFACE_STYLE_FILL_AREA(#14587);
#14587 = FILL_AREA_STYLE('',(#14588));
#14588 = FILL_AREA_STYLE_COLOUR('',#14518);
#14589 = STYLED_ITEM('color',(#14590),#3907);
#14590 = PRESENTATION_STYLE_ASSIGNMENT((#14591));
#14591 = SURFACE_STYLE_USAGE(.BOTH.,#14592);
#14592 = SURFACE_SIDE_STYLE('',(#14593));
#14593 = SURFACE_STYLE_FILL_AREA(#14594);
#14594 = FILL_AREA_STYLE('',(#14595));
#14595 = FILL_AREA_STYLE_COLOUR('',#14518);
#14596 = STYLED_ITEM('color',(#14597),#3924);
#14597 = PRESENTATION_STYLE_ASSIGNMENT((#14598));
#14598 = SURFACE_STYLE_USAGE(.BOTH.,#14599);
#14599 = SURFACE_SIDE_STYLE('',(#14600));
#14600 = SURFACE_STYLE_FILL_AREA(#14601);
#14601 = FILL_AREA_STYLE('',(#14602));
#14602 = FILL_AREA_STYLE_COLOUR('',#14518);
#14603 = STYLED_ITEM('color',(#14604),#3955);
#14604 = PRESENTATION_STYLE_ASSIGNMENT((#14605));
#14605 = SURFACE_STYLE_USAGE(.BOTH.,#14606);
#14606 = SURFACE_SIDE_STYLE('',(#14607));
#14607 = SURFACE_STYLE_FILL_AREA(#14608);
#14608 = FILL_AREA_STYLE('',(#14609));
#14609 = FILL_AREA_STYLE_COLOUR('',#14518);
#14610 = STYLED_ITEM('color',(#14611),#4004);
#14611 = PRESENTATION_STYLE_ASSIGNMENT((#14612));
#14612 = SURFACE_STYLE_USAGE(.BOTH.,#14613);
#14613 = SURFACE_SIDE_STYLE('',(#14614));
#14614 = SURFACE_STYLE_FILL_AREA(#14615);
#14615 = FILL_AREA_STYLE('',(#14616));
#14616 = FILL_AREA_STYLE_COLOUR('',#14518);
#14617 = STYLED_ITEM('color',(#14618),#4028);
#14618 = PRESENTATION_STYLE_ASSIGNMENT((#14619));
#14619 = SURFACE_STYLE_USAGE(.BOTH.,#14620);
#14620 = SURFACE_SIDE_STYLE('',(#14621));
#14621 = SURFACE_STYLE_FILL_AREA(#14622);
#14622 = FILL_AREA_STYLE('',(#14623));
#14623 = FILL_AREA_STYLE_COLOUR('',#14518);
#14624 = STYLED_ITEM('color',(#14625),#4070);
#14625 = PRESENTATION_STYLE_ASSIGNMENT((#14626));
#14626 = SURFACE_STYLE_USAGE(.BOTH.,#14627);
#14627 = SURFACE_SIDE_STYLE('',(#14628));
#14628 = SURFACE_STYLE_FILL_AREA(#14629);
#14629 = FILL_AREA_STYLE('',(#14630));
#14630 = FILL_AREA_STYLE_COLOUR('',#14518);
#14631 = STYLED_ITEM('color',(#14632),#4101);
#14632 = PRESENTATION_STYLE_ASSIGNMENT((#14633));
#14633 = SURFACE_STYLE_USAGE(.BOTH.,#14634);
#14634 = SURFACE_SIDE_STYLE('',(#14635));
#14635 = SURFACE_STYLE_FILL_AREA(#14636);
#14636 = FILL_AREA_STYLE('',(#14637));
#14637 = FILL_AREA_STYLE_COLOUR('',#14518);
#14638 = STYLED_ITEM('color',(#14639),#4150);
#14639 = PRESENTATION_STYLE_ASSIGNMENT((#14640));
#14640 = SURFACE_STYLE_USAGE(.BOTH.,#14641);
#14641 = SURFACE_SIDE_STYLE('',(#14642));
#14642 = SURFACE_STYLE_FILL_AREA(#14643);
#14643 = FILL_AREA_STYLE('',(#14644));
#14644 = FILL_AREA_STYLE_COLOUR('',#14518);
#14645 = STYLED_ITEM('color',(#14646),#4174);
#14646 = PRESENTATION_STYLE_ASSIGNMENT((#14647));
#14647 = SURFACE_STYLE_USAGE(.BOTH.,#14648);
#14648 = SURFACE_SIDE_STYLE('',(#14649));
#14649 = SURFACE_STYLE_FILL_AREA(#14650);
#14650 = FILL_AREA_STYLE('',(#14651));
#14651 = FILL_AREA_STYLE_COLOUR('',#14518);
#14652 = STYLED_ITEM('color',(#14653),#4216);
#14653 = PRESENTATION_STYLE_ASSIGNMENT((#14654));
#14654 = SURFACE_STYLE_USAGE(.BOTH.,#14655);
#14655 = SURFACE_SIDE_STYLE('',(#14656));
#14656 = SURFACE_STYLE_FILL_AREA(#14657);
#14657 = FILL_AREA_STYLE('',(#14658));
#14658 = FILL_AREA_STYLE_COLOUR('',#14518);
#14659 = STYLED_ITEM('color',(#14660),#4247);
#14660 = PRESENTATION_STYLE_ASSIGNMENT((#14661));
#14661 = SURFACE_STYLE_USAGE(.BOTH.,#14662);
#14662 = SURFACE_SIDE_STYLE('',(#14663));
#14663 = SURFACE_STYLE_FILL_AREA(#14664);
#14664 = FILL_AREA_STYLE('',(#14665));
#14665 = FILL_AREA_STYLE_COLOUR('',#14518);
#14666 = STYLED_ITEM('color',(#14667),#4296);
#14667 = PRESENTATION_STYLE_ASSIGNMENT((#14668));
#14668 = SURFACE_STYLE_USAGE(.BOTH.,#14669);
#14669 = SURFACE_SIDE_STYLE('',(#14670));
#14670 = SURFACE_STYLE_FILL_AREA(#14671);
#14671 = FILL_AREA_STYLE('',(#14672));
#14672 = FILL_AREA_STYLE_COLOUR('',#14518);
#14673 = STYLED_ITEM('color',(#14674),#4320);
#14674 = PRESENTATION_STYLE_ASSIGNMENT((#14675));
#14675 = SURFACE_STYLE_USAGE(.BOTH.,#14676);
#14676 = SURFACE_SIDE_STYLE('',(#14677));
#14677 = SURFACE_STYLE_FILL_AREA(#14678);
#14678 = FILL_AREA_STYLE('',(#14679));
#14679 = FILL_AREA_STYLE_COLOUR('',#14518);
#14680 = STYLED_ITEM('color',(#14681),#4362);
#14681 = PRESENTATION_STYLE_ASSIGNMENT((#14682));
#14682 = SURFACE_STYLE_USAGE(.BOTH.,#14683);
#14683 = SURFACE_SIDE_STYLE('',(#14684));
#14684 = SURFACE_STYLE_FILL_AREA(#14685);
#14685 = FILL_AREA_STYLE('',(#14686));
#14686 = FILL_AREA_STYLE_COLOUR('',#14518);
#14687 = STYLED_ITEM('color',(#14688),#4393);
#14688 = PRESENTATION_STYLE_ASSIGNMENT((#14689));
#14689 = SURFACE_STYLE_USAGE(.BOTH.,#14690);
#14690 = SURFACE_SIDE_STYLE('',(#14691));
#14691 = SURFACE_STYLE_FILL_AREA(#14692);
#14692 = FILL_AREA_STYLE('',(#14693));
#14693 = FILL_AREA_STYLE_COLOUR('',#14518);
#14694 = STYLED_ITEM('color',(#14695),#4417);
#14695 = PRESENTATION_STYLE_ASSIGNMENT((#14696));
#14696 = SURFACE_STYLE_USAGE(.BOTH.,#14697);
#14697 = SURFACE_SIDE_STYLE('',(#14698));
#14698 = SURFACE_STYLE_FILL_AREA(#14699);
#14699 = FILL_AREA_STYLE('',(#14700));
#14700 = FILL_AREA_STYLE_COLOUR('',#14518);
#14701 = STYLED_ITEM('color',(#14702),#4441);
#14702 = PRESENTATION_STYLE_ASSIGNMENT((#14703));
#14703 = SURFACE_STYLE_USAGE(.BOTH.,#14704);
#14704 = SURFACE_SIDE_STYLE('',(#14705));
#14705 = SURFACE_STYLE_FILL_AREA(#14706);
#14706 = FILL_AREA_STYLE('',(#14707));
#14707 = FILL_AREA_STYLE_COLOUR('',#14518);
#14708 = STYLED_ITEM('color',(#14709),#4458);
#14709 = PRESENTATION_STYLE_ASSIGNMENT((#14710));
#14710 = SURFACE_STYLE_USAGE(.BOTH.,#14711);
#14711 = SURFACE_SIDE_STYLE('',(#14712));
#14712 = SURFACE_STYLE_FILL_AREA(#14713);
#14713 = FILL_AREA_STYLE('',(#14714));
#14714 = FILL_AREA_STYLE_COLOUR('',#14518);
#14715 = STYLED_ITEM('color',(#14716),#4489);
#14716 = PRESENTATION_STYLE_ASSIGNMENT((#14717));
#14717 = SURFACE_STYLE_USAGE(.BOTH.,#14718);
#14718 = SURFACE_SIDE_STYLE('',(#14719));
#14719 = SURFACE_STYLE_FILL_AREA(#14720);
#14720 = FILL_AREA_STYLE('',(#14721));
#14721 = FILL_AREA_STYLE_COLOUR('',#14518);
#14722 = STYLED_ITEM('color',(#14723),#4513);
#14723 = PRESENTATION_STYLE_ASSIGNMENT((#14724));
#14724 = SURFACE_STYLE_USAGE(.BOTH.,#14725);
#14725 = SURFACE_SIDE_STYLE('',(#14726));
#14726 = SURFACE_STYLE_FILL_AREA(#14727);
#14727 = FILL_AREA_STYLE('',(#14728));
#14728 = FILL_AREA_STYLE_COLOUR('',#14518);
#14729 = STYLED_ITEM('color',(#14730),#4537);
#14730 = PRESENTATION_STYLE_ASSIGNMENT((#14731));
#14731 = SURFACE_STYLE_USAGE(.BOTH.,#14732);
#14732 = SURFACE_SIDE_STYLE('',(#14733));
#14733 = SURFACE_STYLE_FILL_AREA(#14734);
#14734 = FILL_AREA_STYLE('',(#14735));
#14735 = FILL_AREA_STYLE_COLOUR('',#14518);
#14736 = STYLED_ITEM('color',(#14737),#4554);
#14737 = PRESENTATION_STYLE_ASSIGNMENT((#14738));
#14738 = SURFACE_STYLE_USAGE(.BOTH.,#14739);
#14739 = SURFACE_SIDE_STYLE('',(#14740));
#14740 = SURFACE_STYLE_FILL_AREA(#14741);
#14741 = FILL_AREA_STYLE('',(#14742));
#14742 = FILL_AREA_STYLE_COLOUR('',#14518);
#14743 = STYLED_ITEM('color',(#14744),#4585);
#14744 = PRESENTATION_STYLE_ASSIGNMENT((#14745));
#14745 = SURFACE_STYLE_USAGE(.BOTH.,#14746);
#14746 = SURFACE_SIDE_STYLE('',(#14747));
#14747 = SURFACE_STYLE_FILL_AREA(#14748);
#14748 = FILL_AREA_STYLE('',(#14749));
#14749 = FILL_AREA_STYLE_COLOUR('',#14518);
#14750 = STYLED_ITEM('color',(#14751),#4609);
#14751 = PRESENTATION_STYLE_ASSIGNMENT((#14752));
#14752 = SURFACE_STYLE_USAGE(.BOTH.,#14753);
#14753 = SURFACE_SIDE_STYLE('',(#14754));
#14754 = SURFACE_STYLE_FILL_AREA(#14755);
#14755 = FILL_AREA_STYLE('',(#14756));
#14756 = FILL_AREA_STYLE_COLOUR('',#14518);
#14757 = STYLED_ITEM('color',(#14758),#4633);
#14758 = PRESENTATION_STYLE_ASSIGNMENT((#14759));
#14759 = SURFACE_STYLE_USAGE(.BOTH.,#14760);
#14760 = SURFACE_SIDE_STYLE('',(#14761));
#14761 = SURFACE_STYLE_FILL_AREA(#14762);
#14762 = FILL_AREA_STYLE('',(#14763));
#14763 = FILL_AREA_STYLE_COLOUR('',#14518);
#14764 = STYLED_ITEM('color',(#14765),#4650);
#14765 = PRESENTATION_STYLE_ASSIGNMENT((#14766));
#14766 = SURFACE_STYLE_USAGE(.BOTH.,#14767);
#14767 = SURFACE_SIDE_STYLE('',(#14768));
#14768 = SURFACE_STYLE_FILL_AREA(#14769);
#14769 = FILL_AREA_STYLE('',(#14770));
#14770 = FILL_AREA_STYLE_COLOUR('',#14518);
#14771 = STYLED_ITEM('color',(#14772),#4681);
#14772 = PRESENTATION_STYLE_ASSIGNMENT((#14773));
#14773 = SURFACE_STYLE_USAGE(.BOTH.,#14774);
#14774 = SURFACE_SIDE_STYLE('',(#14775));
#14775 = SURFACE_STYLE_FILL_AREA(#14776);
#14776 = FILL_AREA_STYLE('',(#14777));
#14777 = FILL_AREA_STYLE_COLOUR('',#14518);
#14778 = STYLED_ITEM('color',(#14779),#4705);
#14779 = PRESENTATION_STYLE_ASSIGNMENT((#14780));
#14780 = SURFACE_STYLE_USAGE(.BOTH.,#14781);
#14781 = SURFACE_SIDE_STYLE('',(#14782));
#14782 = SURFACE_STYLE_FILL_AREA(#14783);
#14783 = FILL_AREA_STYLE('',(#14784));
#14784 = FILL_AREA_STYLE_COLOUR('',#14518);
#14785 = STYLED_ITEM('color',(#14786),#4729);
#14786 = PRESENTATION_STYLE_ASSIGNMENT((#14787));
#14787 = SURFACE_STYLE_USAGE(.BOTH.,#14788);
#14788 = SURFACE_SIDE_STYLE('',(#14789));
#14789 = SURFACE_STYLE_FILL_AREA(#14790);
#14790 = FILL_AREA_STYLE('',(#14791));
#14791 = FILL_AREA_STYLE_COLOUR('',#14518);
#14792 = STYLED_ITEM('color',(#14793),#4746);
#14793 = PRESENTATION_STYLE_ASSIGNMENT((#14794));
#14794 = SURFACE_STYLE_USAGE(.BOTH.,#14795);
#14795 = SURFACE_SIDE_STYLE('',(#14796));
#14796 = SURFACE_STYLE_FILL_AREA(#14797);
#14797 = FILL_AREA_STYLE('',(#14798));
#14798 = FILL_AREA_STYLE_COLOUR('',#14518);
#14799 = STYLED_ITEM('color',(#14800),#4777);
#14800 = PRESENTATION_STYLE_ASSIGNMENT((#14801));
#14801 = SURFACE_STYLE_USAGE(.BOTH.,#14802);
#14802 = SURFACE_SIDE_STYLE('',(#14803));
#14803 = SURFACE_STYLE_FILL_AREA(#14804);
#14804 = FILL_AREA_STYLE('',(#14805));
#14805 = FILL_AREA_STYLE_COLOUR('',#14518);
#14806 = STYLED_ITEM('color',(#14807),#4801);
#14807 = PRESENTATION_STYLE_ASSIGNMENT((#14808));
#14808 = SURFACE_STYLE_USAGE(.BOTH.,#14809);
#14809 = SURFACE_SIDE_STYLE('',(#14810));
#14810 = SURFACE_STYLE_FILL_AREA(#14811);
#14811 = FILL_AREA_STYLE('',(#14812));
#14812 = FILL_AREA_STYLE_COLOUR('',#14518);
#14813 = STYLED_ITEM('color',(#14814),#4825);
#14814 = PRESENTATION_STYLE_ASSIGNMENT((#14815));
#14815 = SURFACE_STYLE_USAGE(.BOTH.,#14816);
#14816 = SURFACE_SIDE_STYLE('',(#14817));
#14817 = SURFACE_STYLE_FILL_AREA(#14818);
#14818 = FILL_AREA_STYLE('',(#14819));
#14819 = FILL_AREA_STYLE_COLOUR('',#14518);
#14820 = STYLED_ITEM('color',(#14821),#4842);
#14821 = PRESENTATION_STYLE_ASSIGNMENT((#14822));
#14822 = SURFACE_STYLE_USAGE(.BOTH.,#14823);
#14823 = SURFACE_SIDE_STYLE('',(#14824));
#14824 = SURFACE_STYLE_FILL_AREA(#14825);
#14825 = FILL_AREA_STYLE('',(#14826));
#14826 = FILL_AREA_STYLE_COLOUR('',#14518);
#14827 = STYLED_ITEM('color',(#14828),#4873);
#14828 = PRESENTATION_STYLE_ASSIGNMENT((#14829));
#14829 = SURFACE_STYLE_USAGE(.BOTH.,#14830);
#14830 = SURFACE_SIDE_STYLE('',(#14831));
#14831 = SURFACE_STYLE_FILL_AREA(#14832);
#14832 = FILL_AREA_STYLE('',(#14833));
#14833 = FILL_AREA_STYLE_COLOUR('',#14518);
#14834 = STYLED_ITEM('color',(#14835),#4897);
#14835 = PRESENTATION_STYLE_ASSIGNMENT((#14836));
#14836 = SURFACE_STYLE_USAGE(.BOTH.,#14837);
#14837 = SURFACE_SIDE_STYLE('',(#14838));
#14838 = SURFACE_STYLE_FILL_AREA(#14839);
#14839 = FILL_AREA_STYLE('',(#14840));
#14840 = FILL_AREA_STYLE_COLOUR('',#14518);
#14841 = STYLED_ITEM('color',(#14842),#4921);
#14842 = PRESENTATION_STYLE_ASSIGNMENT((#14843));
#14843 = SURFACE_STYLE_USAGE(.BOTH.,#14844);
#14844 = SURFACE_SIDE_STYLE('',(#14845));
#14845 = SURFACE_STYLE_FILL_AREA(#14846);
#14846 = FILL_AREA_STYLE('',(#14847));
#14847 = FILL_AREA_STYLE_COLOUR('',#14518);
#14848 = STYLED_ITEM('color',(#14849),#4938);
#14849 = PRESENTATION_STYLE_ASSIGNMENT((#14850));
#14850 = SURFACE_STYLE_USAGE(.BOTH.,#14851);
#14851 = SURFACE_SIDE_STYLE('',(#14852));
#14852 = SURFACE_STYLE_FILL_AREA(#14853);
#14853 = FILL_AREA_STYLE('',(#14854));
#14854 = FILL_AREA_STYLE_COLOUR('',#14518);
#14855 = STYLED_ITEM('color',(#14856),#4955);
#14856 = PRESENTATION_STYLE_ASSIGNMENT((#14857));
#14857 = SURFACE_STYLE_USAGE(.BOTH.,#14858);
#14858 = SURFACE_SIDE_STYLE('',(#14859));
#14859 = SURFACE_STYLE_FILL_AREA(#14860);
#14860 = FILL_AREA_STYLE('',(#14861));
#14861 = FILL_AREA_STYLE_COLOUR('',#14518);
#14862 = STYLED_ITEM('color',(#14863),#4972);
#14863 = PRESENTATION_STYLE_ASSIGNMENT((#14864));
#14864 = SURFACE_STYLE_USAGE(.BOTH.,#14865);
#14865 = SURFACE_SIDE_STYLE('',(#14866));
#14866 = SURFACE_STYLE_FILL_AREA(#14867);
#14867 = FILL_AREA_STYLE('',(#14868));
#14868 = FILL_AREA_STYLE_COLOUR('',#14518);
#14869 = STYLED_ITEM('color',(#14870),#5003);
#14870 = PRESENTATION_STYLE_ASSIGNMENT((#14871));
#14871 = SURFACE_STYLE_USAGE(.BOTH.,#14872);
#14872 = SURFACE_SIDE_STYLE('',(#14873));
#14873 = SURFACE_STYLE_FILL_AREA(#14874);
#14874 = FILL_AREA_STYLE('',(#14875));
#14875 = FILL_AREA_STYLE_COLOUR('',#14518);
#14876 = STYLED_ITEM('color',(#14877),#5020);
#14877 = PRESENTATION_STYLE_ASSIGNMENT((#14878));
#14878 = SURFACE_STYLE_USAGE(.BOTH.,#14879);
#14879 = SURFACE_SIDE_STYLE('',(#14880));
#14880 = SURFACE_STYLE_FILL_AREA(#14881);
#14881 = FILL_AREA_STYLE('',(#14882));
#14882 = FILL_AREA_STYLE_COLOUR('',#14518);
#14883 = STYLED_ITEM('color',(#14884),#5051);
#14884 = PRESENTATION_STYLE_ASSIGNMENT((#14885));
#14885 = SURFACE_STYLE_USAGE(.BOTH.,#14886);
#14886 = SURFACE_SIDE_STYLE('',(#14887));
#14887 = SURFACE_STYLE_FILL_AREA(#14888);
#14888 = FILL_AREA_STYLE('',(#14889));
#14889 = FILL_AREA_STYLE_COLOUR('',#14518);
#14890 = STYLED_ITEM('color',(#14891),#5068);
#14891 = PRESENTATION_STYLE_ASSIGNMENT((#14892));
#14892 = SURFACE_STYLE_USAGE(.BOTH.,#14893);
#14893 = SURFACE_SIDE_STYLE('',(#14894));
#14894 = SURFACE_STYLE_FILL_AREA(#14895);
#14895 = FILL_AREA_STYLE('',(#14896));
#14896 = FILL_AREA_STYLE_COLOUR('',#14518);
#14897 = STYLED_ITEM('color',(#14898),#5085);
#14898 = PRESENTATION_STYLE_ASSIGNMENT((#14899));
#14899 = SURFACE_STYLE_USAGE(.BOTH.,#14900);
#14900 = SURFACE_SIDE_STYLE('',(#14901));
#14901 = SURFACE_STYLE_FILL_AREA(#14902);
#14902 = FILL_AREA_STYLE('',(#14903));
#14903 = FILL_AREA_STYLE_COLOUR('',#14518);
#14904 = STYLED_ITEM('color',(#14905),#5116);
#14905 = PRESENTATION_STYLE_ASSIGNMENT((#14906));
#14906 = SURFACE_STYLE_USAGE(.BOTH.,#14907);
#14907 = SURFACE_SIDE_STYLE('',(#14908));
#14908 = SURFACE_STYLE_FILL_AREA(#14909);
#14909 = FILL_AREA_STYLE('',(#14910));
#14910 = FILL_AREA_STYLE_COLOUR('',#14518);
#14911 = STYLED_ITEM('color',(#14912),#5133);
#14912 = PRESENTATION_STYLE_ASSIGNMENT((#14913));
#14913 = SURFACE_STYLE_USAGE(.BOTH.,#14914);
#14914 = SURFACE_SIDE_STYLE('',(#14915));
#14915 = SURFACE_STYLE_FILL_AREA(#14916);
#14916 = FILL_AREA_STYLE('',(#14917));
#14917 = FILL_AREA_STYLE_COLOUR('',#14518);
#14918 = STYLED_ITEM('color',(#14919),#5164);
#14919 = PRESENTATION_STYLE_ASSIGNMENT((#14920));
#14920 = SURFACE_STYLE_USAGE(.BOTH.,#14921);
#14921 = SURFACE_SIDE_STYLE('',(#14922));
#14922 = SURFACE_STYLE_FILL_AREA(#14923);
#14923 = FILL_AREA_STYLE('',(#14924));
#14924 = FILL_AREA_STYLE_COLOUR('',#14518);
#14925 = STYLED_ITEM('color',(#14926),#5181);
#14926 = PRESENTATION_STYLE_ASSIGNMENT((#14927));
#14927 = SURFACE_STYLE_USAGE(.BOTH.,#14928);
#14928 = SURFACE_SIDE_STYLE('',(#14929));
#14929 = SURFACE_STYLE_FILL_AREA(#14930);
#14930 = FILL_AREA_STYLE('',(#14931));
#14931 = FILL_AREA_STYLE_COLOUR('',#14518);
#14932 = STYLED_ITEM('color',(#14933),#5198);
#14933 = PRESENTATION_STYLE_ASSIGNMENT((#14934));
#14934 = SURFACE_STYLE_USAGE(.BOTH.,#14935);
#14935 = SURFACE_SIDE_STYLE('',(#14936));
#14936 = SURFACE_STYLE_FILL_AREA(#14937);
#14937 = FILL_AREA_STYLE('',(#14938));
#14938 = FILL_AREA_STYLE_COLOUR('',#14518);
#14939 = STYLED_ITEM('color',(#14940),#5229);
#14940 = PRESENTATION_STYLE_ASSIGNMENT((#14941));
#14941 = SURFACE_STYLE_USAGE(.BOTH.,#14942);
#14942 = SURFACE_SIDE_STYLE('',(#14943));
#14943 = SURFACE_STYLE_FILL_AREA(#14944);
#14944 = FILL_AREA_STYLE('',(#14945));
#14945 = FILL_AREA_STYLE_COLOUR('',#14518);
#14946 = STYLED_ITEM('color',(#14947),#5246);
#14947 = PRESENTATION_STYLE_ASSIGNMENT((#14948));
#14948 = SURFACE_STYLE_USAGE(.BOTH.,#14949);
#14949 = SURFACE_SIDE_STYLE('',(#14950));
#14950 = SURFACE_STYLE_FILL_AREA(#14951);
#14951 = FILL_AREA_STYLE('',(#14952));
#14952 = FILL_AREA_STYLE_COLOUR('',#14518);
#14953 = STYLED_ITEM('color',(#14954),#5277);
#14954 = PRESENTATION_STYLE_ASSIGNMENT((#14955));
#14955 = SURFACE_STYLE_USAGE(.BOTH.,#14956);
#14956 = SURFACE_SIDE_STYLE('',(#14957));
#14957 = SURFACE_STYLE_FILL_AREA(#14958);
#14958 = FILL_AREA_STYLE('',(#14959));
#14959 = FILL_AREA_STYLE_COLOUR('',#14518);
#14960 = STYLED_ITEM('color',(#14961),#5294);
#14961 = PRESENTATION_STYLE_ASSIGNMENT((#14962));
#14962 = SURFACE_STYLE_USAGE(.BOTH.,#14963);
#14963 = SURFACE_SIDE_STYLE('',(#14964));
#14964 = SURFACE_STYLE_FILL_AREA(#14965);
#14965 = FILL_AREA_STYLE('',(#14966));
#14966 = FILL_AREA_STYLE_COLOUR('',#14518);
#14967 = STYLED_ITEM('color',(#14968),#5311);
#14968 = PRESENTATION_STYLE_ASSIGNMENT((#14969));
#14969 = SURFACE_STYLE_USAGE(.BOTH.,#14970);
#14970 = SURFACE_SIDE_STYLE('',(#14971));
#14971 = SURFACE_STYLE_FILL_AREA(#14972);
#14972 = FILL_AREA_STYLE('',(#14973));
#14973 = FILL_AREA_STYLE_COLOUR('',#14518);
#14974 = STYLED_ITEM('color',(#14975),#5342);
#14975 = PRESENTATION_STYLE_ASSIGNMENT((#14976));
#14976 = SURFACE_STYLE_USAGE(.BOTH.,#14977);
#14977 = SURFACE_SIDE_STYLE('',(#14978));
#14978 = SURFACE_STYLE_FILL_AREA(#14979);
#14979 = FILL_AREA_STYLE('',(#14980));
#14980 = FILL_AREA_STYLE_COLOUR('',#14518);
#14981 = STYLED_ITEM('color',(#14982),#5359);
#14982 = PRESENTATION_STYLE_ASSIGNMENT((#14983));
#14983 = SURFACE_STYLE_USAGE(.BOTH.,#14984);
#14984 = SURFACE_SIDE_STYLE('',(#14985));
#14985 = SURFACE_STYLE_FILL_AREA(#14986);
#14986 = FILL_AREA_STYLE('',(#14987));
#14987 = FILL_AREA_STYLE_COLOUR('',#14518);
#14988 = STYLED_ITEM('color',(#14989),#5390);
#14989 = PRESENTATION_STYLE_ASSIGNMENT((#14990));
#14990 = SURFACE_STYLE_USAGE(.BOTH.,#14991);
#14991 = SURFACE_SIDE_STYLE('',(#14992));
#14992 = SURFACE_STYLE_FILL_AREA(#14993);
#14993 = FILL_AREA_STYLE('',(#14994));
#14994 = FILL_AREA_STYLE_COLOUR('',#14518);
#14995 = STYLED_ITEM('color',(#14996),#5407);
#14996 = PRESENTATION_STYLE_ASSIGNMENT((#14997));
#14997 = SURFACE_STYLE_USAGE(.BOTH.,#14998);
#14998 = SURFACE_SIDE_STYLE('',(#14999));
#14999 = SURFACE_STYLE_FILL_AREA(#15000);
#15000 = FILL_AREA_STYLE('',(#15001));
#15001 = FILL_AREA_STYLE_COLOUR('',#14518);
#15002 = STYLED_ITEM('color',(#15003),#5424);
#15003 = PRESENTATION_STYLE_ASSIGNMENT((#15004));
#15004 = SURFACE_STYLE_USAGE(.BOTH.,#15005);
#15005 = SURFACE_SIDE_STYLE('',(#15006));
#15006 = SURFACE_STYLE_FILL_AREA(#15007);
#15007 = FILL_AREA_STYLE('',(#15008));
#15008 = FILL_AREA_STYLE_COLOUR('',#14518);
#15009 = STYLED_ITEM('color',(#15010),#5455);
#15010 = PRESENTATION_STYLE_ASSIGNMENT((#15011));
#15011 = SURFACE_STYLE_USAGE(.BOTH.,#15012);
#15012 = SURFACE_SIDE_STYLE('',(#15013));
#15013 = SURFACE_STYLE_FILL_AREA(#15014);
#15014 = FILL_AREA_STYLE('',(#15015));
#15015 = FILL_AREA_STYLE_COLOUR('',#14518);
#15016 = STYLED_ITEM('color',(#15017),#5472);
#15017 = PRESENTATION_STYLE_ASSIGNMENT((#15018));
#15018 = SURFACE_STYLE_USAGE(.BOTH.,#15019);
#15019 = SURFACE_SIDE_STYLE('',(#15020));
#15020 = SURFACE_STYLE_FILL_AREA(#15021);
#15021 = FILL_AREA_STYLE('',(#15022));
#15022 = FILL_AREA_STYLE_COLOUR('',#14518);
#15023 = STYLED_ITEM('color',(#15024),#5503);
#15024 = PRESENTATION_STYLE_ASSIGNMENT((#15025));
#15025 = SURFACE_STYLE_USAGE(.BOTH.,#15026);
#15026 = SURFACE_SIDE_STYLE('',(#15027));
#15027 = SURFACE_STYLE_FILL_AREA(#15028);
#15028 = FILL_AREA_STYLE('',(#15029));
#15029 = FILL_AREA_STYLE_COLOUR('',#14518);
#15030 = STYLED_ITEM('color',(#15031),#5520);
#15031 = PRESENTATION_STYLE_ASSIGNMENT((#15032));
#15032 = SURFACE_STYLE_USAGE(.BOTH.,#15033);
#15033 = SURFACE_SIDE_STYLE('',(#15034));
#15034 = SURFACE_STYLE_FILL_AREA(#15035);
#15035 = FILL_AREA_STYLE('',(#15036));
#15036 = FILL_AREA_STYLE_COLOUR('',#14518);
#15037 = STYLED_ITEM('color',(#15038),#5537);
#15038 = PRESENTATION_STYLE_ASSIGNMENT((#15039));
#15039 = SURFACE_STYLE_USAGE(.BOTH.,#15040);
#15040 = SURFACE_SIDE_STYLE('',(#15041));
#15041 = SURFACE_STYLE_FILL_AREA(#15042);
#15042 = FILL_AREA_STYLE('',(#15043));
#15043 = FILL_AREA_STYLE_COLOUR('',#14518);
#15044 = STYLED_ITEM('color',(#15045),#5568);
#15045 = PRESENTATION_STYLE_ASSIGNMENT((#15046));
#15046 = SURFACE_STYLE_USAGE(.BOTH.,#15047);
#15047 = SURFACE_SIDE_STYLE('',(#15048));
#15048 = SURFACE_STYLE_FILL_AREA(#15049);
#15049 = FILL_AREA_STYLE('',(#15050));
#15050 = FILL_AREA_STYLE_COLOUR('',#14518);
#15051 = STYLED_ITEM('color',(#15052),#5585);
#15052 = PRESENTATION_STYLE_ASSIGNMENT((#15053));
#15053 = SURFACE_STYLE_USAGE(.BOTH.,#15054);
#15054 = SURFACE_SIDE_STYLE('',(#15055));
#15055 = SURFACE_STYLE_FILL_AREA(#15056);
#15056 = FILL_AREA_STYLE('',(#15057));
#15057 = FILL_AREA_STYLE_COLOUR('',#14518);
#15058 = STYLED_ITEM('color',(#15059),#5616);
#15059 = PRESENTATION_STYLE_ASSIGNMENT((#15060));
#15060 = SURFACE_STYLE_USAGE(.BOTH.,#15061);
#15061 = SURFACE_SIDE_STYLE('',(#15062));
#15062 = SURFACE_STYLE_FILL_AREA(#15063);
#15063 = FILL_AREA_STYLE('',(#15064));
#15064 = FILL_AREA_STYLE_COLOUR('',#14518);
#15065 = STYLED_ITEM('color',(#15066),#5647);
#15066 = PRESENTATION_STYLE_ASSIGNMENT((#15067));
#15067 = SURFACE_STYLE_USAGE(.BOTH.,#15068);
#15068 = SURFACE_SIDE_STYLE('',(#15069));
#15069 = SURFACE_STYLE_FILL_AREA(#15070);
#15070 = FILL_AREA_STYLE('',(#15071));
#15071 = FILL_AREA_STYLE_COLOUR('',#14518);
#15072 = STYLED_ITEM('color',(#15073),#5671);
#15073 = PRESENTATION_STYLE_ASSIGNMENT((#15074));
#15074 = SURFACE_STYLE_USAGE(.BOTH.,#15075);
#15075 = SURFACE_SIDE_STYLE('',(#15076));
#15076 = SURFACE_STYLE_FILL_AREA(#15077);
#15077 = FILL_AREA_STYLE('',(#15078));
#15078 = FILL_AREA_STYLE_COLOUR('',#14518);
#15079 = STYLED_ITEM('color',(#15080),#5695);
#15080 = PRESENTATION_STYLE_ASSIGNMENT((#15081));
#15081 = SURFACE_STYLE_USAGE(.BOTH.,#15082);
#15082 = SURFACE_SIDE_STYLE('',(#15083));
#15083 = SURFACE_STYLE_FILL_AREA(#15084);
#15084 = FILL_AREA_STYLE('',(#15085));
#15085 = FILL_AREA_STYLE_COLOUR('',#14518);
#15086 = STYLED_ITEM('color',(#15087),#5712);
#15087 = PRESENTATION_STYLE_ASSIGNMENT((#15088));
#15088 = SURFACE_STYLE_USAGE(.BOTH.,#15089);
#15089 = SURFACE_SIDE_STYLE('',(#15090));
#15090 = SURFACE_STYLE_FILL_AREA(#15091);
#15091 = FILL_AREA_STYLE('',(#15092));
#15092 = FILL_AREA_STYLE_COLOUR('',#14518);
#15093 = STYLED_ITEM('color',(#15094),#5743);
#15094 = PRESENTATION_STYLE_ASSIGNMENT((#15095));
#15095 = SURFACE_STYLE_USAGE(.BOTH.,#15096);
#15096 = SURFACE_SIDE_STYLE('',(#15097));
#15097 = SURFACE_STYLE_FILL_AREA(#15098);
#15098 = FILL_AREA_STYLE('',(#15099));
#15099 = FILL_AREA_STYLE_COLOUR('',#14518);
#15100 = STYLED_ITEM('color',(#15101),#5767);
#15101 = PRESENTATION_STYLE_ASSIGNMENT((#15102));
#15102 = SURFACE_STYLE_USAGE(.BOTH.,#15103);
#15103 = SURFACE_SIDE_STYLE('',(#15104));
#15104 = SURFACE_STYLE_FILL_AREA(#15105);
#15105 = FILL_AREA_STYLE('',(#15106));
#15106 = FILL_AREA_STYLE_COLOUR('',#14518);
#15107 = STYLED_ITEM('color',(#15108),#5791);
#15108 = PRESENTATION_STYLE_ASSIGNMENT((#15109));
#15109 = SURFACE_STYLE_USAGE(.BOTH.,#15110);
#15110 = SURFACE_SIDE_STYLE('',(#15111));
#15111 = SURFACE_STYLE_FILL_AREA(#15112);
#15112 = FILL_AREA_STYLE('',(#15113));
#15113 = FILL_AREA_STYLE_COLOUR('',#14518);
#15114 = STYLED_ITEM('color',(#15115),#5808);
#15115 = PRESENTATION_STYLE_ASSIGNMENT((#15116));
#15116 = SURFACE_STYLE_USAGE(.BOTH.,#15117);
#15117 = SURFACE_SIDE_STYLE('',(#15118));
#15118 = SURFACE_STYLE_FILL_AREA(#15119);
#15119 = FILL_AREA_STYLE('',(#15120));
#15120 = FILL_AREA_STYLE_COLOUR('',#14518);
#15121 = STYLED_ITEM('color',(#15122),#5839);
#15122 = PRESENTATION_STYLE_ASSIGNMENT((#15123));
#15123 = SURFACE_STYLE_USAGE(.BOTH.,#15124);
#15124 = SURFACE_SIDE_STYLE('',(#15125));
#15125 = SURFACE_STYLE_FILL_AREA(#15126);
#15126 = FILL_AREA_STYLE('',(#15127));
#15127 = FILL_AREA_STYLE_COLOUR('',#14518);
#15128 = STYLED_ITEM('color',(#15129),#5863);
#15129 = PRESENTATION_STYLE_ASSIGNMENT((#15130));
#15130 = SURFACE_STYLE_USAGE(.BOTH.,#15131);
#15131 = SURFACE_SIDE_STYLE('',(#15132));
#15132 = SURFACE_STYLE_FILL_AREA(#15133);
#15133 = FILL_AREA_STYLE('',(#15134));
#15134 = FILL_AREA_STYLE_COLOUR('',#14518);
#15135 = STYLED_ITEM('color',(#15136),#5887);
#15136 = PRESENTATION_STYLE_ASSIGNMENT((#15137));
#15137 = SURFACE_STYLE_USAGE(.BOTH.,#15138);
#15138 = SURFACE_SIDE_STYLE('',(#15139));
#15139 = SURFACE_STYLE_FILL_AREA(#15140);
#15140 = FILL_AREA_STYLE('',(#15141));
#15141 = FILL_AREA_STYLE_COLOUR('',#14518);
#15142 = STYLED_ITEM('color',(#15143),#5904);
#15143 = PRESENTATION_STYLE_ASSIGNMENT((#15144));
#15144 = SURFACE_STYLE_USAGE(.BOTH.,#15145);
#15145 = SURFACE_SIDE_STYLE('',(#15146));
#15146 = SURFACE_STYLE_FILL_AREA(#15147);
#15147 = FILL_AREA_STYLE('',(#15148));
#15148 = FILL_AREA_STYLE_COLOUR('',#14518);
#15149 = STYLED_ITEM('color',(#15150),#5935);
#15150 = PRESENTATION_STYLE_ASSIGNMENT((#15151));
#15151 = SURFACE_STYLE_USAGE(.BOTH.,#15152);
#15152 = SURFACE_SIDE_STYLE('',(#15153));
#15153 = SURFACE_STYLE_FILL_AREA(#15154);
#15154 = FILL_AREA_STYLE('',(#15155));
#15155 = FILL_AREA_STYLE_COLOUR('',#14518);
#15156 = STYLED_ITEM('color',(#15157),#5959);
#15157 = PRESENTATION_STYLE_ASSIGNMENT((#15158));
#15158 = SURFACE_STYLE_USAGE(.BOTH.,#15159);
#15159 = SURFACE_SIDE_STYLE('',(#15160));
#15160 = SURFACE_STYLE_FILL_AREA(#15161);
#15161 = FILL_AREA_STYLE('',(#15162));
#15162 = FILL_AREA_STYLE_COLOUR('',#14518);
#15163 = STYLED_ITEM('color',(#15164),#5983);
#15164 = PRESENTATION_STYLE_ASSIGNMENT((#15165));
#15165 = SURFACE_STYLE_USAGE(.BOTH.,#15166);
#15166 = SURFACE_SIDE_STYLE('',(#15167));
#15167 = SURFACE_STYLE_FILL_AREA(#15168);
#15168 = FILL_AREA_STYLE('',(#15169));
#15169 = FILL_AREA_STYLE_COLOUR('',#14518);
#15170 = STYLED_ITEM('color',(#15171),#6000);
#15171 = PRESENTATION_STYLE_ASSIGNMENT((#15172));
#15172 = SURFACE_STYLE_USAGE(.BOTH.,#15173);
#15173 = SURFACE_SIDE_STYLE('',(#15174));
#15174 = SURFACE_STYLE_FILL_AREA(#15175);
#15175 = FILL_AREA_STYLE('',(#15176));
#15176 = FILL_AREA_STYLE_COLOUR('',#14518);
#15177 = STYLED_ITEM('color',(#15178),#6031);
#15178 = PRESENTATION_STYLE_ASSIGNMENT((#15179));
#15179 = SURFACE_STYLE_USAGE(.BOTH.,#15180);
#15180 = SURFACE_SIDE_STYLE('',(#15181));
#15181 = SURFACE_STYLE_FILL_AREA(#15182);
#15182 = FILL_AREA_STYLE('',(#15183));
#15183 = FILL_AREA_STYLE_COLOUR('',#14518);
#15184 = STYLED_ITEM('color',(#15185),#6055);
#15185 = PRESENTATION_STYLE_ASSIGNMENT((#15186));
#15186 = SURFACE_STYLE_USAGE(.BOTH.,#15187);
#15187 = SURFACE_SIDE_STYLE('',(#15188));
#15188 = SURFACE_STYLE_FILL_AREA(#15189);
#15189 = FILL_AREA_STYLE('',(#15190));
#15190 = FILL_AREA_STYLE_COLOUR('',#14518);
#15191 = STYLED_ITEM('color',(#15192),#6079);
#15192 = PRESENTATION_STYLE_ASSIGNMENT((#15193));
#15193 = SURFACE_STYLE_USAGE(.BOTH.,#15194);
#15194 = SURFACE_SIDE_STYLE('',(#15195));
#15195 = SURFACE_STYLE_FILL_AREA(#15196);
#15196 = FILL_AREA_STYLE('',(#15197));
#15197 = FILL_AREA_STYLE_COLOUR('',#14518);
#15198 = STYLED_ITEM('color',(#15199),#6096);
#15199 = PRESENTATION_STYLE_ASSIGNMENT((#15200));
#15200 = SURFACE_STYLE_USAGE(.BOTH.,#15201);
#15201 = SURFACE_SIDE_STYLE('',(#15202));
#15202 = SURFACE_STYLE_FILL_AREA(#15203);
#15203 = FILL_AREA_STYLE('',(#15204));
#15204 = FILL_AREA_STYLE_COLOUR('',#14518);
#15205 = STYLED_ITEM('color',(#15206),#6127);
#15206 = PRESENTATION_STYLE_ASSIGNMENT((#15207));
#15207 = SURFACE_STYLE_USAGE(.BOTH.,#15208);
#15208 = SURFACE_SIDE_STYLE('',(#15209));
#15209 = SURFACE_STYLE_FILL_AREA(#15210);
#15210 = FILL_AREA_STYLE('',(#15211));
#15211 = FILL_AREA_STYLE_COLOUR('',#14518);
#15212 = STYLED_ITEM('color',(#15213),#6151);
#15213 = PRESENTATION_STYLE_ASSIGNMENT((#15214));
#15214 = SURFACE_STYLE_USAGE(.BOTH.,#15215);
#15215 = SURFACE_SIDE_STYLE('',(#15216));
#15216 = SURFACE_STYLE_FILL_AREA(#15217);
#15217 = FILL_AREA_STYLE('',(#15218));
#15218 = FILL_AREA_STYLE_COLOUR('',#14518);
#15219 = STYLED_ITEM('color',(#15220),#6175);
#15220 = PRESENTATION_STYLE_ASSIGNMENT((#15221));
#15221 = SURFACE_STYLE_USAGE(.BOTH.,#15222);
#15222 = SURFACE_SIDE_STYLE('',(#15223));
#15223 = SURFACE_STYLE_FILL_AREA(#15224);
#15224 = FILL_AREA_STYLE('',(#15225));
#15225 = FILL_AREA_STYLE_COLOUR('',#14518);
#15226 = STYLED_ITEM('color',(#15227),#6192);
#15227 = PRESENTATION_STYLE_ASSIGNMENT((#15228));
#15228 = SURFACE_STYLE_USAGE(.BOTH.,#15229);
#15229 = SURFACE_SIDE_STYLE('',(#15230));
#15230 = SURFACE_STYLE_FILL_AREA(#15231);
#15231 = FILL_AREA_STYLE('',(#15232));
#15232 = FILL_AREA_STYLE_COLOUR('',#14518);
#15233 = STYLED_ITEM('color',(#15234),#6209);
#15234 = PRESENTATION_STYLE_ASSIGNMENT((#15235));
#15235 = SURFACE_STYLE_USAGE(.BOTH.,#15236);
#15236 = SURFACE_SIDE_STYLE('',(#15237));
#15237 = SURFACE_STYLE_FILL_AREA(#15238);
#15238 = FILL_AREA_STYLE('',(#15239));
#15239 = FILL_AREA_STYLE_COLOUR('',#14518);
#15240 = STYLED_ITEM('color',(#15241),#6226);
#15241 = PRESENTATION_STYLE_ASSIGNMENT((#15242));
#15242 = SURFACE_STYLE_USAGE(.BOTH.,#15243);
#15243 = SURFACE_SIDE_STYLE('',(#15244));
#15244 = SURFACE_STYLE_FILL_AREA(#15245);
#15245 = FILL_AREA_STYLE('',(#15246));
#15246 = FILL_AREA_STYLE_COLOUR('',#14518);
#15247 = STYLED_ITEM('color',(#15248),#6238);
#15248 = PRESENTATION_STYLE_ASSIGNMENT((#15249));
#15249 = SURFACE_STYLE_USAGE(.BOTH.,#15250);
#15250 = SURFACE_SIDE_STYLE('',(#15251));
#15251 = SURFACE_STYLE_FILL_AREA(#15252);
#15252 = FILL_AREA_STYLE('',(#15253));
#15253 = FILL_AREA_STYLE_COLOUR('',#14518);
#15254 = STYLED_ITEM('color',(#15255),#6255);
#15255 = PRESENTATION_STYLE_ASSIGNMENT((#15256));
#15256 = SURFACE_STYLE_USAGE(.BOTH.,#15257);
#15257 = SURFACE_SIDE_STYLE('',(#15258));
#15258 = SURFACE_STYLE_FILL_AREA(#15259);
#15259 = FILL_AREA_STYLE('',(#15260));
#15260 = FILL_AREA_STYLE_COLOUR('',#14518);
#15261 = STYLED_ITEM('color',(#15262),#6272);
#15262 = PRESENTATION_STYLE_ASSIGNMENT((#15263));
#15263 = SURFACE_STYLE_USAGE(.BOTH.,#15264);
#15264 = SURFACE_SIDE_STYLE('',(#15265));
#15265 = SURFACE_STYLE_FILL_AREA(#15266);
#15266 = FILL_AREA_STYLE('',(#15267));
#15267 = FILL_AREA_STYLE_COLOUR('',#14518);
#15268 = STYLED_ITEM('color',(#15269),#6284);
#15269 = PRESENTATION_STYLE_ASSIGNMENT((#15270));
#15270 = SURFACE_STYLE_USAGE(.BOTH.,#15271);
#15271 = SURFACE_SIDE_STYLE('',(#15272));
#15272 = SURFACE_STYLE_FILL_AREA(#15273);
#15273 = FILL_AREA_STYLE('',(#15274));
#15274 = FILL_AREA_STYLE_COLOUR('',#14518);
#15275 = STYLED_ITEM('color',(#15276),#6301);
#15276 = PRESENTATION_STYLE_ASSIGNMENT((#15277));
#15277 = SURFACE_STYLE_USAGE(.BOTH.,#15278);
#15278 = SURFACE_SIDE_STYLE('',(#15279));
#15279 = SURFACE_STYLE_FILL_AREA(#15280);
#15280 = FILL_AREA_STYLE('',(#15281));
#15281 = FILL_AREA_STYLE_COLOUR('',#14518);
#15282 = STYLED_ITEM('color',(#15283),#6318);
#15283 = PRESENTATION_STYLE_ASSIGNMENT((#15284));
#15284 = SURFACE_STYLE_USAGE(.BOTH.,#15285);
#15285 = SURFACE_SIDE_STYLE('',(#15286));
#15286 = SURFACE_STYLE_FILL_AREA(#15287);
#15287 = FILL_AREA_STYLE('',(#15288));
#15288 = FILL_AREA_STYLE_COLOUR('',#14518);
#15289 = STYLED_ITEM('color',(#15290),#6330);
#15290 = PRESENTATION_STYLE_ASSIGNMENT((#15291));
#15291 = SURFACE_STYLE_USAGE(.BOTH.,#15292);
#15292 = SURFACE_SIDE_STYLE('',(#15293));
#15293 = SURFACE_STYLE_FILL_AREA(#15294);
#15294 = FILL_AREA_STYLE('',(#15295));
#15295 = FILL_AREA_STYLE_COLOUR('',#14518);
#15296 = STYLED_ITEM('color',(#15297),#6347);
#15297 = PRESENTATION_STYLE_ASSIGNMENT((#15298));
#15298 = SURFACE_STYLE_USAGE(.BOTH.,#15299);
#15299 = SURFACE_SIDE_STYLE('',(#15300));
#15300 = SURFACE_STYLE_FILL_AREA(#15301);
#15301 = FILL_AREA_STYLE('',(#15302));
#15302 = FILL_AREA_STYLE_COLOUR('',#14518);
#15303 = STYLED_ITEM('color',(#15304),#6364);
#15304 = PRESENTATION_STYLE_ASSIGNMENT((#15305));
#15305 = SURFACE_STYLE_USAGE(.BOTH.,#15306);
#15306 = SURFACE_SIDE_STYLE('',(#15307));
#15307 = SURFACE_STYLE_FILL_AREA(#15308);
#15308 = FILL_AREA_STYLE('',(#15309));
#15309 = FILL_AREA_STYLE_COLOUR('',#14518);
#15310 = STYLED_ITEM('color',(#15311),#6376);
#15311 = PRESENTATION_STYLE_ASSIGNMENT((#15312));
#15312 = SURFACE_STYLE_USAGE(.BOTH.,#15313);
#15313 = SURFACE_SIDE_STYLE('',(#15314));
#15314 = SURFACE_STYLE_FILL_AREA(#15315);
#15315 = FILL_AREA_STYLE('',(#15316));
#15316 = FILL_AREA_STYLE_COLOUR('',#14518);
#15317 = STYLED_ITEM('color',(#15318),#6393);
#15318 = PRESENTATION_STYLE_ASSIGNMENT((#15319));
#15319 = SURFACE_STYLE_USAGE(.BOTH.,#15320);
#15320 = SURFACE_SIDE_STYLE('',(#15321));
#15321 = SURFACE_STYLE_FILL_AREA(#15322);
#15322 = FILL_AREA_STYLE('',(#15323));
#15323 = FILL_AREA_STYLE_COLOUR('',#14518);
#15324 = STYLED_ITEM('color',(#15325),#6410);
#15325 = PRESENTATION_STYLE_ASSIGNMENT((#15326));
#15326 = SURFACE_STYLE_USAGE(.BOTH.,#15327);
#15327 = SURFACE_SIDE_STYLE('',(#15328));
#15328 = SURFACE_STYLE_FILL_AREA(#15329);
#15329 = FILL_AREA_STYLE('',(#15330));
#15330 = FILL_AREA_STYLE_COLOUR('',#14518);
#15331 = STYLED_ITEM('color',(#15332),#6422);
#15332 = PRESENTATION_STYLE_ASSIGNMENT((#15333));
#15333 = SURFACE_STYLE_USAGE(.BOTH.,#15334);
#15334 = SURFACE_SIDE_STYLE('',(#15335));
#15335 = SURFACE_STYLE_FILL_AREA(#15336);
#15336 = FILL_AREA_STYLE('',(#15337));
#15337 = FILL_AREA_STYLE_COLOUR('',#14518);
#15338 = STYLED_ITEM('color',(#15339),#6439);
#15339 = PRESENTATION_STYLE_ASSIGNMENT((#15340));
#15340 = SURFACE_STYLE_USAGE(.BOTH.,#15341);
#15341 = SURFACE_SIDE_STYLE('',(#15342));
#15342 = SURFACE_STYLE_FILL_AREA(#15343);
#15343 = FILL_AREA_STYLE('',(#15344));
#15344 = FILL_AREA_STYLE_COLOUR('',#14518);
#15345 = STYLED_ITEM('color',(#15346),#6456);
#15346 = PRESENTATION_STYLE_ASSIGNMENT((#15347));
#15347 = SURFACE_STYLE_USAGE(.BOTH.,#15348);
#15348 = SURFACE_SIDE_STYLE('',(#15349));
#15349 = SURFACE_STYLE_FILL_AREA(#15350);
#15350 = FILL_AREA_STYLE('',(#15351));
#15351 = FILL_AREA_STYLE_COLOUR('',#14518);
#15352 = STYLED_ITEM('color',(#15353),#6468);
#15353 = PRESENTATION_STYLE_ASSIGNMENT((#15354));
#15354 = SURFACE_STYLE_USAGE(.BOTH.,#15355);
#15355 = SURFACE_SIDE_STYLE('',(#15356));
#15356 = SURFACE_STYLE_FILL_AREA(#15357);
#15357 = FILL_AREA_STYLE('',(#15358));
#15358 = FILL_AREA_STYLE_COLOUR('',#14518);
#15359 = STYLED_ITEM('color',(#15360),#6480);
#15360 = PRESENTATION_STYLE_ASSIGNMENT((#15361));
#15361 = SURFACE_STYLE_USAGE(.BOTH.,#15362);
#15362 = SURFACE_SIDE_STYLE('',(#15363));
#15363 = SURFACE_STYLE_FILL_AREA(#15364);
#15364 = FILL_AREA_STYLE('',(#15365));
#15365 = FILL_AREA_STYLE_COLOUR('',#14518);
#15366 = STYLED_ITEM('color',(#15367),#6492);
#15367 = PRESENTATION_STYLE_ASSIGNMENT((#15368));
#15368 = SURFACE_STYLE_USAGE(.BOTH.,#15369);
#15369 = SURFACE_SIDE_STYLE('',(#15370));
#15370 = SURFACE_STYLE_FILL_AREA(#15371);
#15371 = FILL_AREA_STYLE('',(#15372));
#15372 = FILL_AREA_STYLE_COLOUR('',#14518);
#15373 = STYLED_ITEM('color',(#15374),#6504);
#15374 = PRESENTATION_STYLE_ASSIGNMENT((#15375));
#15375 = SURFACE_STYLE_USAGE(.BOTH.,#15376);
#15376 = SURFACE_SIDE_STYLE('',(#15377));
#15377 = SURFACE_STYLE_FILL_AREA(#15378);
#15378 = FILL_AREA_STYLE('',(#15379));
#15379 = FILL_AREA_STYLE_COLOUR('',#14518);
#15380 = STYLED_ITEM('color',(#15381),#6516);
#15381 = PRESENTATION_STYLE_ASSIGNMENT((#15382));
#15382 = SURFACE_STYLE_USAGE(.BOTH.,#15383);
#15383 = SURFACE_SIDE_STYLE('',(#15384));
#15384 = SURFACE_STYLE_FILL_AREA(#15385);
#15385 = FILL_AREA_STYLE('',(#15386));
#15386 = FILL_AREA_STYLE_COLOUR('',#14518);
#15387 = STYLED_ITEM('color',(#15388),#6528);
#15388 = PRESENTATION_STYLE_ASSIGNMENT((#15389));
#15389 = SURFACE_STYLE_USAGE(.BOTH.,#15390);
#15390 = SURFACE_SIDE_STYLE('',(#15391));
#15391 = SURFACE_STYLE_FILL_AREA(#15392);
#15392 = FILL_AREA_STYLE('',(#15393));
#15393 = FILL_AREA_STYLE_COLOUR('',#14518);
#15394 = MECHANICAL_DESIGN_GEOMETRIC_PRESENTATION_REPRESENTATION('',(
    #15395,#15405),#7970);
#15395 = STYLED_ITEM('color',(#15396),#7196);
#15396 = PRESENTATION_STYLE_ASSIGNMENT((#15397,#15403));
#15397 = SURFACE_STYLE_USAGE(.BOTH.,#15398);
#15398 = SURFACE_SIDE_STYLE('',(#15399));
#15399 = SURFACE_STYLE_FILL_AREA(#15400);
#15400 = FILL_AREA_STYLE('',(#15401));
#15401 = FILL_AREA_STYLE_COLOUR('',#15402);
#15402 = COLOUR_RGB('',0.734000028196,0.773000013638,0.796999989372);
#15403 = CURVE_STYLE('',#15404,POSITIVE_LENGTH_MEASURE(0.1),#15402);
#15404 = DRAUGHTING_PRE_DEFINED_CURVE_FONT('continuous');
#15405 = STYLED_ITEM('color',(#15406),#7583);
#15406 = PRESENTATION_STYLE_ASSIGNMENT((#15407,#15412));
#15407 = SURFACE_STYLE_USAGE(.BOTH.,#15408);
#15408 = SURFACE_SIDE_STYLE('',(#15409));
#15409 = SURFACE_STYLE_FILL_AREA(#15410);
#15410 = FILL_AREA_STYLE('',(#15411));
#15411 = FILL_AREA_STYLE_COLOUR('',#15402);
#15412 = CURVE_STYLE('',#15413,POSITIVE_LENGTH_MEASURE(0.1),#15402);
#15413 = DRAUGHTING_PRE_DEFINED_CURVE_FONT('continuous');
#15414 = MECHANICAL_DESIGN_GEOMETRIC_PRESENTATION_REPRESENTATION('',(
    #15415,#15422,#15429,#15436,#15443,#15450,#15457,#15464,#15471,
    #15478,#15485,#15492,#15499,#15506,#15513,#15520,#15527,#15534,
    #15541,#15548,#15555,#15562,#15569,#15576,#15583,#15590,#15597,
    #15604,#15611,#15618,#15625,#15632,#15639,#15646,#15653,#15660,
    #15667,#15674,#15681,#15688,#15695,#15702,#15709,#15716,#15723,
    #15730,#15737,#15744,#15751,#15758,#15765,#15772,#15779,#15786,
    #15793,#15800,#15807,#15814),#1787);
#15415 = STYLED_ITEM('color',(#15416),#155);
#15416 = PRESENTATION_STYLE_ASSIGNMENT((#15417));
#15417 = SURFACE_STYLE_USAGE(.BOTH.,#15418);
#15418 = SURFACE_SIDE_STYLE('',(#15419));
#15419 = SURFACE_STYLE_FILL_AREA(#15420);
#15420 = FILL_AREA_STYLE('',(#15421));
#15421 = FILL_AREA_STYLE_COLOUR('',#14237);
#15422 = STYLED_ITEM('color',(#15423),#195);
#15423 = PRESENTATION_STYLE_ASSIGNMENT((#15424));
#15424 = SURFACE_STYLE_USAGE(.BOTH.,#15425);
#15425 = SURFACE_SIDE_STYLE('',(#15426));
#15426 = SURFACE_STYLE_FILL_AREA(#15427);
#15427 = FILL_AREA_STYLE('',(#15428));
#15428 = FILL_AREA_STYLE_COLOUR('',#14237);
#15429 = STYLED_ITEM('color',(#15430),#226);
#15430 = PRESENTATION_STYLE_ASSIGNMENT((#15431));
#15431 = SURFACE_STYLE_USAGE(.BOTH.,#15432);
#15432 = SURFACE_SIDE_STYLE('',(#15433));
#15433 = SURFACE_STYLE_FILL_AREA(#15434);
#15434 = FILL_AREA_STYLE('',(#15435));
#15435 = FILL_AREA_STYLE_COLOUR('',#14237);
#15436 = STYLED_ITEM('color',(#15437),#257);
#15437 = PRESENTATION_STYLE_ASSIGNMENT((#15438));
#15438 = SURFACE_STYLE_USAGE(.BOTH.,#15439);
#15439 = SURFACE_SIDE_STYLE('',(#15440));
#15440 = SURFACE_STYLE_FILL_AREA(#15441);
#15441 = FILL_AREA_STYLE('',(#15442));
#15442 = FILL_AREA_STYLE_COLOUR('',#14237);
#15443 = STYLED_ITEM('color',(#15444),#422);
#15444 = PRESENTATION_STYLE_ASSIGNMENT((#15445));
#15445 = SURFACE_STYLE_USAGE(.BOTH.,#15446);
#15446 = SURFACE_SIDE_STYLE('',(#15447));
#15447 = SURFACE_STYLE_FILL_AREA(#15448);
#15448 = FILL_AREA_STYLE('',(#15449));
#15449 = FILL_AREA_STYLE_COLOUR('',#14237);
#15450 = STYLED_ITEM('color',(#15451),#587);
#15451 = PRESENTATION_STYLE_ASSIGNMENT((#15452));
#15452 = SURFACE_STYLE_USAGE(.BOTH.,#15453);
#15453 = SURFACE_SIDE_STYLE('',(#15454));
#15454 = SURFACE_STYLE_FILL_AREA(#15455);
#15455 = FILL_AREA_STYLE('',(#15456));
#15456 = FILL_AREA_STYLE_COLOUR('',#14237);
#15457 = STYLED_ITEM('color',(#15458),#604);
#15458 = PRESENTATION_STYLE_ASSIGNMENT((#15459));
#15459 = SURFACE_STYLE_USAGE(.BOTH.,#15460);
#15460 = SURFACE_SIDE_STYLE('',(#15461));
#15461 = SURFACE_STYLE_FILL_AREA(#15462);
#15462 = FILL_AREA_STYLE('',(#15463));
#15463 = FILL_AREA_STYLE_COLOUR('',#14237);
#15464 = STYLED_ITEM('color',(#15465),#621);
#15465 = PRESENTATION_STYLE_ASSIGNMENT((#15466));
#15466 = SURFACE_STYLE_USAGE(.BOTH.,#15467);
#15467 = SURFACE_SIDE_STYLE('',(#15468));
#15468 = SURFACE_STYLE_FILL_AREA(#15469);
#15469 = FILL_AREA_STYLE('',(#15470));
#15470 = FILL_AREA_STYLE_COLOUR('',#14237);
#15471 = STYLED_ITEM('color',(#15472),#638);
#15472 = PRESENTATION_STYLE_ASSIGNMENT((#15473));
#15473 = SURFACE_STYLE_USAGE(.BOTH.,#15474);
#15474 = SURFACE_SIDE_STYLE('',(#15475));
#15475 = SURFACE_STYLE_FILL_AREA(#15476);
#15476 = FILL_AREA_STYLE('',(#15477));
#15477 = FILL_AREA_STYLE_COLOUR('',#14237);
#15478 = STYLED_ITEM('color',(#15479),#655);
#15479 = PRESENTATION_STYLE_ASSIGNMENT((#15480));
#15480 = SURFACE_STYLE_USAGE(.BOTH.,#15481);
#15481 = SURFACE_SIDE_STYLE('',(#15482));
#15482 = SURFACE_STYLE_FILL_AREA(#15483);
#15483 = FILL_AREA_STYLE('',(#15484));
#15484 = FILL_AREA_STYLE_COLOUR('',#14237);
#15485 = STYLED_ITEM('color',(#15486),#672);
#15486 = PRESENTATION_STYLE_ASSIGNMENT((#15487));
#15487 = SURFACE_STYLE_USAGE(.BOTH.,#15488);
#15488 = SURFACE_SIDE_STYLE('',(#15489));
#15489 = SURFACE_STYLE_FILL_AREA(#15490);
#15490 = FILL_AREA_STYLE('',(#15491));
#15491 = FILL_AREA_STYLE_COLOUR('',#14237);
#15492 = STYLED_ITEM('color',(#15493),#689);
#15493 = PRESENTATION_STYLE_ASSIGNMENT((#15494));
#15494 = SURFACE_STYLE_USAGE(.BOTH.,#15495);
#15495 = SURFACE_SIDE_STYLE('',(#15496));
#15496 = SURFACE_STYLE_FILL_AREA(#15497);
#15497 = FILL_AREA_STYLE('',(#15498));
#15498 = FILL_AREA_STYLE_COLOUR('',#14237);
#15499 = STYLED_ITEM('color',(#15500),#706);
#15500 = PRESENTATION_STYLE_ASSIGNMENT((#15501));
#15501 = SURFACE_STYLE_USAGE(.BOTH.,#15502);
#15502 = SURFACE_SIDE_STYLE('',(#15503));
#15503 = SURFACE_STYLE_FILL_AREA(#15504);
#15504 = FILL_AREA_STYLE('',(#15505));
#15505 = FILL_AREA_STYLE_COLOUR('',#14237);
#15506 = STYLED_ITEM('color',(#15507),#723);
#15507 = PRESENTATION_STYLE_ASSIGNMENT((#15508));
#15508 = SURFACE_STYLE_USAGE(.BOTH.,#15509);
#15509 = SURFACE_SIDE_STYLE('',(#15510));
#15510 = SURFACE_STYLE_FILL_AREA(#15511);
#15511 = FILL_AREA_STYLE('',(#15512));
#15512 = FILL_AREA_STYLE_COLOUR('',#14237);
#15513 = STYLED_ITEM('color',(#15514),#740);
#15514 = PRESENTATION_STYLE_ASSIGNMENT((#15515));
#15515 = SURFACE_STYLE_USAGE(.BOTH.,#15516);
#15516 = SURFACE_SIDE_STYLE('',(#15517));
#15517 = SURFACE_STYLE_FILL_AREA(#15518);
#15518 = FILL_AREA_STYLE('',(#15519));
#15519 = FILL_AREA_STYLE_COLOUR('',#14237);
#15520 = STYLED_ITEM('color',(#15521),#757);
#15521 = PRESENTATION_STYLE_ASSIGNMENT((#15522));
#15522 = SURFACE_STYLE_USAGE(.BOTH.,#15523);
#15523 = SURFACE_SIDE_STYLE('',(#15524));
#15524 = SURFACE_STYLE_FILL_AREA(#15525);
#15525 = FILL_AREA_STYLE('',(#15526));
#15526 = FILL_AREA_STYLE_COLOUR('',#14237);
#15527 = STYLED_ITEM('color',(#15528),#769);
#15528 = PRESENTATION_STYLE_ASSIGNMENT((#15529));
#15529 = SURFACE_STYLE_USAGE(.BOTH.,#15530);
#15530 = SURFACE_SIDE_STYLE('',(#15531));
#15531 = SURFACE_STYLE_FILL_AREA(#15532);
#15532 = FILL_AREA_STYLE('',(#15533));
#15533 = FILL_AREA_STYLE_COLOUR('',#14518);
#15534 = STYLED_ITEM('color',(#15535),#800);
#15535 = PRESENTATION_STYLE_ASSIGNMENT((#15536));
#15536 = SURFACE_STYLE_USAGE(.BOTH.,#15537);
#15537 = SURFACE_SIDE_STYLE('',(#15538));
#15538 = SURFACE_STYLE_FILL_AREA(#15539);
#15539 = FILL_AREA_STYLE('',(#15540));
#15540 = FILL_AREA_STYLE_COLOUR('',#14518);
#15541 = STYLED_ITEM('color',(#15542),#849);
#15542 = PRESENTATION_STYLE_ASSIGNMENT((#15543));
#15543 = SURFACE_STYLE_USAGE(.BOTH.,#15544);
#15544 = SURFACE_SIDE_STYLE('',(#15545));
#15545 = SURFACE_STYLE_FILL_AREA(#15546);
#15546 = FILL_AREA_STYLE('',(#15547));
#15547 = FILL_AREA_STYLE_COLOUR('',#14518);
#15548 = STYLED_ITEM('color',(#15549),#873);
#15549 = PRESENTATION_STYLE_ASSIGNMENT((#15550));
#15550 = SURFACE_STYLE_USAGE(.BOTH.,#15551);
#15551 = SURFACE_SIDE_STYLE('',(#15552));
#15552 = SURFACE_STYLE_FILL_AREA(#15553);
#15553 = FILL_AREA_STYLE('',(#15554));
#15554 = FILL_AREA_STYLE_COLOUR('',#14518);
#15555 = STYLED_ITEM('color',(#15556),#915);
#15556 = PRESENTATION_STYLE_ASSIGNMENT((#15557));
#15557 = SURFACE_STYLE_USAGE(.BOTH.,#15558);
#15558 = SURFACE_SIDE_STYLE('',(#15559));
#15559 = SURFACE_STYLE_FILL_AREA(#15560);
#15560 = FILL_AREA_STYLE('',(#15561));
#15561 = FILL_AREA_STYLE_COLOUR('',#14518);
#15562 = STYLED_ITEM('color',(#15563),#946);
#15563 = PRESENTATION_STYLE_ASSIGNMENT((#15564));
#15564 = SURFACE_STYLE_USAGE(.BOTH.,#15565);
#15565 = SURFACE_SIDE_STYLE('',(#15566));
#15566 = SURFACE_STYLE_FILL_AREA(#15567);
#15567 = FILL_AREA_STYLE('',(#15568));
#15568 = FILL_AREA_STYLE_COLOUR('',#14518);
#15569 = STYLED_ITEM('color',(#15570),#995);
#15570 = PRESENTATION_STYLE_ASSIGNMENT((#15571));
#15571 = SURFACE_STYLE_USAGE(.BOTH.,#15572);
#15572 = SURFACE_SIDE_STYLE('',(#15573));
#15573 = SURFACE_STYLE_FILL_AREA(#15574);
#15574 = FILL_AREA_STYLE('',(#15575));
#15575 = FILL_AREA_STYLE_COLOUR('',#14518);
#15576 = STYLED_ITEM('color',(#15577),#1019);
#15577 = PRESENTATION_STYLE_ASSIGNMENT((#15578));
#15578 = SURFACE_STYLE_USAGE(.BOTH.,#15579);
#15579 = SURFACE_SIDE_STYLE('',(#15580));
#15580 = SURFACE_STYLE_FILL_AREA(#15581);
#15581 = FILL_AREA_STYLE('',(#15582));
#15582 = FILL_AREA_STYLE_COLOUR('',#14518);
#15583 = STYLED_ITEM('color',(#15584),#1061);
#15584 = PRESENTATION_STYLE_ASSIGNMENT((#15585));
#15585 = SURFACE_STYLE_USAGE(.BOTH.,#15586);
#15586 = SURFACE_SIDE_STYLE('',(#15587));
#15587 = SURFACE_STYLE_FILL_AREA(#15588);
#15588 = FILL_AREA_STYLE('',(#15589));
#15589 = FILL_AREA_STYLE_COLOUR('',#14518);
#15590 = STYLED_ITEM('color',(#15591),#1092);
#15591 = PRESENTATION_STYLE_ASSIGNMENT((#15592));
#15592 = SURFACE_STYLE_USAGE(.BOTH.,#15593);
#15593 = SURFACE_SIDE_STYLE('',(#15594));
#15594 = SURFACE_STYLE_FILL_AREA(#15595);
#15595 = FILL_AREA_STYLE('',(#15596));
#15596 = FILL_AREA_STYLE_COLOUR('',#14518);
#15597 = STYLED_ITEM('color',(#15598),#1116);
#15598 = PRESENTATION_STYLE_ASSIGNMENT((#15599));
#15599 = SURFACE_STYLE_USAGE(.BOTH.,#15600);
#15600 = SURFACE_SIDE_STYLE('',(#15601));
#15601 = SURFACE_STYLE_FILL_AREA(#15602);
#15602 = FILL_AREA_STYLE('',(#15603));
#15603 = FILL_AREA_STYLE_COLOUR('',#14518);
#15604 = STYLED_ITEM('color',(#15605),#1140);
#15605 = PRESENTATION_STYLE_ASSIGNMENT((#15606));
#15606 = SURFACE_STYLE_USAGE(.BOTH.,#15607);
#15607 = SURFACE_SIDE_STYLE('',(#15608));
#15608 = SURFACE_STYLE_FILL_AREA(#15609);
#15609 = FILL_AREA_STYLE('',(#15610));
#15610 = FILL_AREA_STYLE_COLOUR('',#14518);
#15611 = STYLED_ITEM('color',(#15612),#1157);
#15612 = PRESENTATION_STYLE_ASSIGNMENT((#15613));
#15613 = SURFACE_STYLE_USAGE(.BOTH.,#15614);
#15614 = SURFACE_SIDE_STYLE('',(#15615));
#15615 = SURFACE_STYLE_FILL_AREA(#15616);
#15616 = FILL_AREA_STYLE('',(#15617));
#15617 = FILL_AREA_STYLE_COLOUR('',#14518);
#15618 = STYLED_ITEM('color',(#15619),#1188);
#15619 = PRESENTATION_STYLE_ASSIGNMENT((#15620));
#15620 = SURFACE_STYLE_USAGE(.BOTH.,#15621);
#15621 = SURFACE_SIDE_STYLE('',(#15622));
#15622 = SURFACE_STYLE_FILL_AREA(#15623);
#15623 = FILL_AREA_STYLE('',(#15624));
#15624 = FILL_AREA_STYLE_COLOUR('',#14518);
#15625 = STYLED_ITEM('color',(#15626),#1212);
#15626 = PRESENTATION_STYLE_ASSIGNMENT((#15627));
#15627 = SURFACE_STYLE_USAGE(.BOTH.,#15628);
#15628 = SURFACE_SIDE_STYLE('',(#15629));
#15629 = SURFACE_STYLE_FILL_AREA(#15630);
#15630 = FILL_AREA_STYLE('',(#15631));
#15631 = FILL_AREA_STYLE_COLOUR('',#14518);
#15632 = STYLED_ITEM('color',(#15633),#1236);
#15633 = PRESENTATION_STYLE_ASSIGNMENT((#15634));
#15634 = SURFACE_STYLE_USAGE(.BOTH.,#15635);
#15635 = SURFACE_SIDE_STYLE('',(#15636));
#15636 = SURFACE_STYLE_FILL_AREA(#15637);
#15637 = FILL_AREA_STYLE('',(#15638));
#15638 = FILL_AREA_STYLE_COLOUR('',#14518);
#15639 = STYLED_ITEM('color',(#15640),#1253);
#15640 = PRESENTATION_STYLE_ASSIGNMENT((#15641));
#15641 = SURFACE_STYLE_USAGE(.BOTH.,#15642);
#15642 = SURFACE_SIDE_STYLE('',(#15643));
#15643 = SURFACE_STYLE_FILL_AREA(#15644);
#15644 = FILL_AREA_STYLE('',(#15645));
#15645 = FILL_AREA_STYLE_COLOUR('',#14518);
#15646 = STYLED_ITEM('color',(#15647),#1270);
#15647 = PRESENTATION_STYLE_ASSIGNMENT((#15648));
#15648 = SURFACE_STYLE_USAGE(.BOTH.,#15649);
#15649 = SURFACE_SIDE_STYLE('',(#15650));
#15650 = SURFACE_STYLE_FILL_AREA(#15651);
#15651 = FILL_AREA_STYLE('',(#15652));
#15652 = FILL_AREA_STYLE_COLOUR('',#14518);
#15653 = STYLED_ITEM('color',(#15654),#1287);
#15654 = PRESENTATION_STYLE_ASSIGNMENT((#15655));
#15655 = SURFACE_STYLE_USAGE(.BOTH.,#15656);
#15656 = SURFACE_SIDE_STYLE('',(#15657));
#15657 = SURFACE_STYLE_FILL_AREA(#15658);
#15658 = FILL_AREA_STYLE('',(#15659));
#15659 = FILL_AREA_STYLE_COLOUR('',#14518);
#15660 = STYLED_ITEM('color',(#15661),#1304);
#15661 = PRESENTATION_STYLE_ASSIGNMENT((#15662));
#15662 = SURFACE_STYLE_USAGE(.BOTH.,#15663);
#15663 = SURFACE_SIDE_STYLE('',(#15664));
#15664 = SURFACE_STYLE_FILL_AREA(#15665);
#15665 = FILL_AREA_STYLE('',(#15666));
#15666 = FILL_AREA_STYLE_COLOUR('',#14518);
#15667 = STYLED_ITEM('color',(#15668),#1335);
#15668 = PRESENTATION_STYLE_ASSIGNMENT((#15669));
#15669 = SURFACE_STYLE_USAGE(.BOTH.,#15670);
#15670 = SURFACE_SIDE_STYLE('',(#15671));
#15671 = SURFACE_STYLE_FILL_AREA(#15672);
#15672 = FILL_AREA_STYLE('',(#15673));
#15673 = FILL_AREA_STYLE_COLOUR('',#14518);
#15674 = STYLED_ITEM('color',(#15675),#1366);
#15675 = PRESENTATION_STYLE_ASSIGNMENT((#15676));
#15676 = SURFACE_STYLE_USAGE(.BOTH.,#15677);
#15677 = SURFACE_SIDE_STYLE('',(#15678));
#15678 = SURFACE_STYLE_FILL_AREA(#15679);
#15679 = FILL_AREA_STYLE('',(#15680));
#15680 = FILL_AREA_STYLE_COLOUR('',#14518);
#15681 = STYLED_ITEM('color',(#15682),#1383);
#15682 = PRESENTATION_STYLE_ASSIGNMENT((#15683));
#15683 = SURFACE_STYLE_USAGE(.BOTH.,#15684);
#15684 = SURFACE_SIDE_STYLE('',(#15685));
#15685 = SURFACE_STYLE_FILL_AREA(#15686);
#15686 = FILL_AREA_STYLE('',(#15687));
#15687 = FILL_AREA_STYLE_COLOUR('',#14518);
#15688 = STYLED_ITEM('color',(#15689),#1400);
#15689 = PRESENTATION_STYLE_ASSIGNMENT((#15690));
#15690 = SURFACE_STYLE_USAGE(.BOTH.,#15691);
#15691 = SURFACE_SIDE_STYLE('',(#15692));
#15692 = SURFACE_STYLE_FILL_AREA(#15693);
#15693 = FILL_AREA_STYLE('',(#15694));
#15694 = FILL_AREA_STYLE_COLOUR('',#14518);
#15695 = STYLED_ITEM('color',(#15696),#1417);
#15696 = PRESENTATION_STYLE_ASSIGNMENT((#15697));
#15697 = SURFACE_STYLE_USAGE(.BOTH.,#15698);
#15698 = SURFACE_SIDE_STYLE('',(#15699));
#15699 = SURFACE_STYLE_FILL_AREA(#15700);
#15700 = FILL_AREA_STYLE('',(#15701));
#15701 = FILL_AREA_STYLE_COLOUR('',#14518);
#15702 = STYLED_ITEM('color',(#15703),#1448);
#15703 = PRESENTATION_STYLE_ASSIGNMENT((#15704));
#15704 = SURFACE_STYLE_USAGE(.BOTH.,#15705);
#15705 = SURFACE_SIDE_STYLE('',(#15706));
#15706 = SURFACE_STYLE_FILL_AREA(#15707);
#15707 = FILL_AREA_STYLE('',(#15708));
#15708 = FILL_AREA_STYLE_COLOUR('',#14518);
#15709 = STYLED_ITEM('color',(#15710),#1479);
#15710 = PRESENTATION_STYLE_ASSIGNMENT((#15711));
#15711 = SURFACE_STYLE_USAGE(.BOTH.,#15712);
#15712 = SURFACE_SIDE_STYLE('',(#15713));
#15713 = SURFACE_STYLE_FILL_AREA(#15714);
#15714 = FILL_AREA_STYLE('',(#15715));
#15715 = FILL_AREA_STYLE_COLOUR('',#14518);
#15716 = STYLED_ITEM('color',(#15717),#1510);
#15717 = PRESENTATION_STYLE_ASSIGNMENT((#15718));
#15718 = SURFACE_STYLE_USAGE(.BOTH.,#15719);
#15719 = SURFACE_SIDE_STYLE('',(#15720));
#15720 = SURFACE_STYLE_FILL_AREA(#15721);
#15721 = FILL_AREA_STYLE('',(#15722));
#15722 = FILL_AREA_STYLE_COLOUR('',#14518);
#15723 = STYLED_ITEM('color',(#15724),#1534);
#15724 = PRESENTATION_STYLE_ASSIGNMENT((#15725));
#15725 = SURFACE_STYLE_USAGE(.BOTH.,#15726);
#15726 = SURFACE_SIDE_STYLE('',(#15727));
#15727 = SURFACE_STYLE_FILL_AREA(#15728);
#15728 = FILL_AREA_STYLE('',(#15729));
#15729 = FILL_AREA_STYLE_COLOUR('',#14518);
#15730 = STYLED_ITEM('color',(#15731),#1558);
#15731 = PRESENTATION_STYLE_ASSIGNMENT((#15732));
#15732 = SURFACE_STYLE_USAGE(.BOTH.,#15733);
#15733 = SURFACE_SIDE_STYLE('',(#15734));
#15734 = SURFACE_STYLE_FILL_AREA(#15735);
#15735 = FILL_AREA_STYLE('',(#15736));
#15736 = FILL_AREA_STYLE_COLOUR('',#14518);
#15737 = STYLED_ITEM('color',(#15738),#1575);
#15738 = PRESENTATION_STYLE_ASSIGNMENT((#15739));
#15739 = SURFACE_STYLE_USAGE(.BOTH.,#15740);
#15740 = SURFACE_SIDE_STYLE('',(#15741));
#15741 = SURFACE_STYLE_FILL_AREA(#15742);
#15742 = FILL_AREA_STYLE('',(#15743));
#15743 = FILL_AREA_STYLE_COLOUR('',#14518);
#15744 = STYLED_ITEM('color',(#15745),#1606);
#15745 = PRESENTATION_STYLE_ASSIGNMENT((#15746));
#15746 = SURFACE_STYLE_USAGE(.BOTH.,#15747);
#15747 = SURFACE_SIDE_STYLE('',(#15748));
#15748 = SURFACE_STYLE_FILL_AREA(#15749);
#15749 = FILL_AREA_STYLE('',(#15750));
#15750 = FILL_AREA_STYLE_COLOUR('',#14518);
#15751 = STYLED_ITEM('color',(#15752),#1630);
#15752 = PRESENTATION_STYLE_ASSIGNMENT((#15753));
#15753 = SURFACE_STYLE_USAGE(.BOTH.,#15754);
#15754 = SURFACE_SIDE_STYLE('',(#15755));
#15755 = SURFACE_STYLE_FILL_AREA(#15756);
#15756 = FILL_AREA_STYLE('',(#15757));
#15757 = FILL_AREA_STYLE_COLOUR('',#14518);
#15758 = STYLED_ITEM('color',(#15759),#1654);
#15759 = PRESENTATION_STYLE_ASSIGNMENT((#15760));
#15760 = SURFACE_STYLE_USAGE(.BOTH.,#15761);
#15761 = SURFACE_SIDE_STYLE('',(#15762));
#15762 = SURFACE_STYLE_FILL_AREA(#15763);
#15763 = FILL_AREA_STYLE('',(#15764));
#15764 = FILL_AREA_STYLE_COLOUR('',#14518);
#15765 = STYLED_ITEM('color',(#15766),#1671);
#15766 = PRESENTATION_STYLE_ASSIGNMENT((#15767));
#15767 = SURFACE_STYLE_USAGE(.BOTH.,#15768);
#15768 = SURFACE_SIDE_STYLE('',(#15769));
#15769 = SURFACE_STYLE_FILL_AREA(#15770);
#15770 = FILL_AREA_STYLE('',(#15771));
#15771 = FILL_AREA_STYLE_COLOUR('',#14518);
#15772 = STYLED_ITEM('color',(#15773),#1688);
#15773 = PRESENTATION_STYLE_ASSIGNMENT((#15774));
#15774 = SURFACE_STYLE_USAGE(.BOTH.,#15775);
#15775 = SURFACE_SIDE_STYLE('',(#15776));
#15776 = SURFACE_STYLE_FILL_AREA(#15777);
#15777 = FILL_AREA_STYLE('',(#15778));
#15778 = FILL_AREA_STYLE_COLOUR('',#14518);
#15779 = STYLED_ITEM('color',(#15780),#1705);
#15780 = PRESENTATION_STYLE_ASSIGNMENT((#15781));
#15781 = SURFACE_STYLE_USAGE(.BOTH.,#15782);
#15782 = SURFACE_SIDE_STYLE('',(#15783));
#15783 = SURFACE_STYLE_FILL_AREA(#15784);
#15784 = FILL_AREA_STYLE('',(#15785));
#15785 = FILL_AREA_STYLE_COLOUR('',#14518);
#15786 = STYLED_ITEM('color',(#15787),#1717);
#15787 = PRESENTATION_STYLE_ASSIGNMENT((#15788));
#15788 = SURFACE_STYLE_USAGE(.BOTH.,#15789);
#15789 = SURFACE_SIDE_STYLE('',(#15790));
#15790 = SURFACE_STYLE_FILL_AREA(#15791);
#15791 = FILL_AREA_STYLE('',(#15792));
#15792 = FILL_AREA_STYLE_COLOUR('',#14518);
#15793 = STYLED_ITEM('color',(#15794),#1734);
#15794 = PRESENTATION_STYLE_ASSIGNMENT((#15795));
#15795 = SURFACE_STYLE_USAGE(.BOTH.,#15796);
#15796 = SURFACE_SIDE_STYLE('',(#15797));
#15797 = SURFACE_STYLE_FILL_AREA(#15798);
#15798 = FILL_AREA_STYLE('',(#15799));
#15799 = FILL_AREA_STYLE_COLOUR('',#14518);
#15800 = STYLED_ITEM('color',(#15801),#1751);
#15801 = PRESENTATION_STYLE_ASSIGNMENT((#15802));
#15802 = SURFACE_STYLE_USAGE(.BOTH.,#15803);
#15803 = SURFACE_SIDE_STYLE('',(#15804));
#15804 = SURFACE_STYLE_FILL_AREA(#15805);
#15805 = FILL_AREA_STYLE('',(#15806));
#15806 = FILL_AREA_STYLE_COLOUR('',#14518);
#15807 = STYLED_ITEM('color',(#15808),#1763);
#15808 = PRESENTATION_STYLE_ASSIGNMENT((#15809));
#15809 = SURFACE_STYLE_USAGE(.BOTH.,#15810);
#15810 = SURFACE_SIDE_STYLE('',(#15811));
#15811 = SURFACE_STYLE_FILL_AREA(#15812);
#15812 = FILL_AREA_STYLE('',(#15813));
#15813 = FILL_AREA_STYLE_COLOUR('',#14518);
#15814 = STYLED_ITEM('color',(#15815),#1775);
#15815 = PRESENTATION_STYLE_ASSIGNMENT((#15816));
#15816 = SURFACE_STYLE_USAGE(.BOTH.,#15817);
#15817 = SURFACE_SIDE_STYLE('',(#15818));
#15818 = SURFACE_STYLE_FILL_AREA(#15819);
#15819 = FILL_AREA_STYLE('',(#15820));
#15820 = FILL_AREA_STYLE_COLOUR('',#14518);
#15821 = MECHANICAL_DESIGN_GEOMETRIC_PRESENTATION_REPRESENTATION('',(
    #15822),#7177);
#15822 = STYLED_ITEM('color',(#15823),#6590);
#15823 = PRESENTATION_STYLE_ASSIGNMENT((#15824,#15830));
#15824 = SURFACE_STYLE_USAGE(.BOTH.,#15825);
#15825 = SURFACE_SIDE_STYLE('',(#15826));
#15826 = SURFACE_STYLE_FILL_AREA(#15827);
#15827 = FILL_AREA_STYLE('',(#15828));
#15828 = FILL_AREA_STYLE_COLOUR('',#15829);
#15829 = COLOUR_RGB('',0.300000011149,0.300000011149,0.300000011149);
#15830 = CURVE_STYLE('',#15831,POSITIVE_LENGTH_MEASURE(0.1),#15829);
#15831 = DRAUGHTING_PRE_DEFINED_CURVE_FONT('continuous');
#15832 = MECHANICAL_DESIGN_GEOMETRIC_PRESENTATION_REPRESENTATION('',(
    #15833,#15840,#15847,#15854,#15861,#15868,#15875,#15882,#15889,
    #15896,#15903,#15910,#15917,#15924,#15931,#15938,#15945,#15952,
    #15959,#15966,#15973,#15980,#15987,#15994,#16001,#16008,#16015,
    #16022,#16029,#16036,#16043,#16050,#16057,#16064,#16071,#16078,
    #16085,#16092,#16099,#16106,#16113,#16120,#16127,#16134,#16141,
    #16148,#16155,#16162,#16169,#16176,#16183,#16190),#12631);
#15833 = STYLED_ITEM('color',(#15834),#11201);
#15834 = PRESENTATION_STYLE_ASSIGNMENT((#15835));
#15835 = SURFACE_STYLE_USAGE(.BOTH.,#15836);
#15836 = SURFACE_SIDE_STYLE('',(#15837));
#15837 = SURFACE_STYLE_FILL_AREA(#15838);
#15838 = FILL_AREA_STYLE('',(#15839));
#15839 = FILL_AREA_STYLE_COLOUR('',#14237);
#15840 = STYLED_ITEM('color',(#15841),#11241);
#15841 = PRESENTATION_STYLE_ASSIGNMENT((#15842));
#15842 = SURFACE_STYLE_USAGE(.BOTH.,#15843);
#15843 = SURFACE_SIDE_STYLE('',(#15844));
#15844 = SURFACE_STYLE_FILL_AREA(#15845);
#15845 = FILL_AREA_STYLE('',(#15846));
#15846 = FILL_AREA_STYLE_COLOUR('',#14237);
#15847 = STYLED_ITEM('color',(#15848),#11272);
#15848 = PRESENTATION_STYLE_ASSIGNMENT((#15849));
#15849 = SURFACE_STYLE_USAGE(.BOTH.,#15850);
#15850 = SURFACE_SIDE_STYLE('',(#15851));
#15851 = SURFACE_STYLE_FILL_AREA(#15852);
#15852 = FILL_AREA_STYLE('',(#15853));
#15853 = FILL_AREA_STYLE_COLOUR('',#14237);
#15854 = STYLED_ITEM('color',(#15855),#11303);
#15855 = PRESENTATION_STYLE_ASSIGNMENT((#15856));
#15856 = SURFACE_STYLE_USAGE(.BOTH.,#15857);
#15857 = SURFACE_SIDE_STYLE('',(#15858));
#15858 = SURFACE_STYLE_FILL_AREA(#15859);
#15859 = FILL_AREA_STYLE('',(#15860));
#15860 = FILL_AREA_STYLE_COLOUR('',#14237);
#15861 = STYLED_ITEM('color',(#15862),#11468);
#15862 = PRESENTATION_STYLE_ASSIGNMENT((#15863));
#15863 = SURFACE_STYLE_USAGE(.BOTH.,#15864);
#15864 = SURFACE_SIDE_STYLE('',(#15865));
#15865 = SURFACE_STYLE_FILL_AREA(#15866);
#15866 = FILL_AREA_STYLE('',(#15867));
#15867 = FILL_AREA_STYLE_COLOUR('',#14237);
#15868 = STYLED_ITEM('color',(#15869),#11633);
#15869 = PRESENTATION_STYLE_ASSIGNMENT((#15870));
#15870 = SURFACE_STYLE_USAGE(.BOTH.,#15871);
#15871 = SURFACE_SIDE_STYLE('',(#15872));
#15872 = SURFACE_STYLE_FILL_AREA(#15873);
#15873 = FILL_AREA_STYLE('',(#15874));
#15874 = FILL_AREA_STYLE_COLOUR('',#14237);
#15875 = STYLED_ITEM('color',(#15876),#11650);
#15876 = PRESENTATION_STYLE_ASSIGNMENT((#15877));
#15877 = SURFACE_STYLE_USAGE(.BOTH.,#15878);
#15878 = SURFACE_SIDE_STYLE('',(#15879));
#15879 = SURFACE_STYLE_FILL_AREA(#15880);
#15880 = FILL_AREA_STYLE('',(#15881));
#15881 = FILL_AREA_STYLE_COLOUR('',#14237);
#15882 = STYLED_ITEM('color',(#15883),#11667);
#15883 = PRESENTATION_STYLE_ASSIGNMENT((#15884));
#15884 = SURFACE_STYLE_USAGE(.BOTH.,#15885);
#15885 = SURFACE_SIDE_STYLE('',(#15886));
#15886 = SURFACE_STYLE_FILL_AREA(#15887);
#15887 = FILL_AREA_STYLE('',(#15888));
#15888 = FILL_AREA_STYLE_COLOUR('',#14237);
#15889 = STYLED_ITEM('color',(#15890),#11684);
#15890 = PRESENTATION_STYLE_ASSIGNMENT((#15891));
#15891 = SURFACE_STYLE_USAGE(.BOTH.,#15892);
#15892 = SURFACE_SIDE_STYLE('',(#15893));
#15893 = SURFACE_STYLE_FILL_AREA(#15894);
#15894 = FILL_AREA_STYLE('',(#15895));
#15895 = FILL_AREA_STYLE_COLOUR('',#14237);
#15896 = STYLED_ITEM('color',(#15897),#11701);
#15897 = PRESENTATION_STYLE_ASSIGNMENT((#15898));
#15898 = SURFACE_STYLE_USAGE(.BOTH.,#15899);
#15899 = SURFACE_SIDE_STYLE('',(#15900));
#15900 = SURFACE_STYLE_FILL_AREA(#15901);
#15901 = FILL_AREA_STYLE('',(#15902));
#15902 = FILL_AREA_STYLE_COLOUR('',#14237);
#15903 = STYLED_ITEM('color',(#15904),#11718);
#15904 = PRESENTATION_STYLE_ASSIGNMENT((#15905));
#15905 = SURFACE_STYLE_USAGE(.BOTH.,#15906);
#15906 = SURFACE_SIDE_STYLE('',(#15907));
#15907 = SURFACE_STYLE_FILL_AREA(#15908);
#15908 = FILL_AREA_STYLE('',(#15909));
#15909 = FILL_AREA_STYLE_COLOUR('',#14237);
#15910 = STYLED_ITEM('color',(#15911),#11735);
#15911 = PRESENTATION_STYLE_ASSIGNMENT((#15912));
#15912 = SURFACE_STYLE_USAGE(.BOTH.,#15913);
#15913 = SURFACE_SIDE_STYLE('',(#15914));
#15914 = SURFACE_STYLE_FILL_AREA(#15915);
#15915 = FILL_AREA_STYLE('',(#15916));
#15916 = FILL_AREA_STYLE_COLOUR('',#14237);
#15917 = STYLED_ITEM('color',(#15918),#11752);
#15918 = PRESENTATION_STYLE_ASSIGNMENT((#15919));
#15919 = SURFACE_STYLE_USAGE(.BOTH.,#15920);
#15920 = SURFACE_SIDE_STYLE('',(#15921));
#15921 = SURFACE_STYLE_FILL_AREA(#15922);
#15922 = FILL_AREA_STYLE('',(#15923));
#15923 = FILL_AREA_STYLE_COLOUR('',#14237);
#15924 = STYLED_ITEM('color',(#15925),#11769);
#15925 = PRESENTATION_STYLE_ASSIGNMENT((#15926));
#15926 = SURFACE_STYLE_USAGE(.BOTH.,#15927);
#15927 = SURFACE_SIDE_STYLE('',(#15928));
#15928 = SURFACE_STYLE_FILL_AREA(#15929);
#15929 = FILL_AREA_STYLE('',(#15930));
#15930 = FILL_AREA_STYLE_COLOUR('',#14237);
#15931 = STYLED_ITEM('color',(#15932),#11786);
#15932 = PRESENTATION_STYLE_ASSIGNMENT((#15933));
#15933 = SURFACE_STYLE_USAGE(.BOTH.,#15934);
#15934 = SURFACE_SIDE_STYLE('',(#15935));
#15935 = SURFACE_STYLE_FILL_AREA(#15936);
#15936 = FILL_AREA_STYLE('',(#15937));
#15937 = FILL_AREA_STYLE_COLOUR('',#14237);
#15938 = STYLED_ITEM('color',(#15939),#11803);
#15939 = PRESENTATION_STYLE_ASSIGNMENT((#15940));
#15940 = SURFACE_STYLE_USAGE(.BOTH.,#15941);
#15941 = SURFACE_SIDE_STYLE('',(#15942));
#15942 = SURFACE_STYLE_FILL_AREA(#15943);
#15943 = FILL_AREA_STYLE('',(#15944));
#15944 = FILL_AREA_STYLE_COLOUR('',#14237);
#15945 = STYLED_ITEM('color',(#15946),#11815);
#15946 = PRESENTATION_STYLE_ASSIGNMENT((#15947));
#15947 = SURFACE_STYLE_USAGE(.BOTH.,#15948);
#15948 = SURFACE_SIDE_STYLE('',(#15949));
#15949 = SURFACE_STYLE_FILL_AREA(#15950);
#15950 = FILL_AREA_STYLE('',(#15951));
#15951 = FILL_AREA_STYLE_COLOUR('',#14518);
#15952 = STYLED_ITEM('color',(#15953),#11846);
#15953 = PRESENTATION_STYLE_ASSIGNMENT((#15954));
#15954 = SURFACE_STYLE_USAGE(.BOTH.,#15955);
#15955 = SURFACE_SIDE_STYLE('',(#15956));
#15956 = SURFACE_STYLE_FILL_AREA(#15957);
#15957 = FILL_AREA_STYLE('',(#15958));
#15958 = FILL_AREA_STYLE_COLOUR('',#14518);
#15959 = STYLED_ITEM('color',(#15960),#11870);
#15960 = PRESENTATION_STYLE_ASSIGNMENT((#15961));
#15961 = SURFACE_STYLE_USAGE(.BOTH.,#15962);
#15962 = SURFACE_SIDE_STYLE('',(#15963));
#15963 = SURFACE_STYLE_FILL_AREA(#15964);
#15964 = FILL_AREA_STYLE('',(#15965));
#15965 = FILL_AREA_STYLE_COLOUR('',#14518);
#15966 = STYLED_ITEM('color',(#15967),#11894);
#15967 = PRESENTATION_STYLE_ASSIGNMENT((#15968));
#15968 = SURFACE_STYLE_USAGE(.BOTH.,#15969);
#15969 = SURFACE_SIDE_STYLE('',(#15970));
#15970 = SURFACE_STYLE_FILL_AREA(#15971);
#15971 = FILL_AREA_STYLE('',(#15972));
#15972 = FILL_AREA_STYLE_COLOUR('',#14518);
#15973 = STYLED_ITEM('color',(#15974),#11911);
#15974 = PRESENTATION_STYLE_ASSIGNMENT((#15975));
#15975 = SURFACE_STYLE_USAGE(.BOTH.,#15976);
#15976 = SURFACE_SIDE_STYLE('',(#15977));
#15977 = SURFACE_STYLE_FILL_AREA(#15978);
#15978 = FILL_AREA_STYLE('',(#15979));
#15979 = FILL_AREA_STYLE_COLOUR('',#14518);
#15980 = STYLED_ITEM('color',(#15981),#11942);
#15981 = PRESENTATION_STYLE_ASSIGNMENT((#15982));
#15982 = SURFACE_STYLE_USAGE(.BOTH.,#15983);
#15983 = SURFACE_SIDE_STYLE('',(#15984));
#15984 = SURFACE_STYLE_FILL_AREA(#15985);
#15985 = FILL_AREA_STYLE('',(#15986));
#15986 = FILL_AREA_STYLE_COLOUR('',#14518);
#15987 = STYLED_ITEM('color',(#15988),#11966);
#15988 = PRESENTATION_STYLE_ASSIGNMENT((#15989));
#15989 = SURFACE_STYLE_USAGE(.BOTH.,#15990);
#15990 = SURFACE_SIDE_STYLE('',(#15991));
#15991 = SURFACE_STYLE_FILL_AREA(#15992);
#15992 = FILL_AREA_STYLE('',(#15993));
#15993 = FILL_AREA_STYLE_COLOUR('',#14518);
#15994 = STYLED_ITEM('color',(#15995),#11990);
#15995 = PRESENTATION_STYLE_ASSIGNMENT((#15996));
#15996 = SURFACE_STYLE_USAGE(.BOTH.,#15997);
#15997 = SURFACE_SIDE_STYLE('',(#15998));
#15998 = SURFACE_STYLE_FILL_AREA(#15999);
#15999 = FILL_AREA_STYLE('',(#16000));
#16000 = FILL_AREA_STYLE_COLOUR('',#14518);
#16001 = STYLED_ITEM('color',(#16002),#12007);
#16002 = PRESENTATION_STYLE_ASSIGNMENT((#16003));
#16003 = SURFACE_STYLE_USAGE(.BOTH.,#16004);
#16004 = SURFACE_SIDE_STYLE('',(#16005));
#16005 = SURFACE_STYLE_FILL_AREA(#16006);
#16006 = FILL_AREA_STYLE('',(#16007));
#16007 = FILL_AREA_STYLE_COLOUR('',#14518);
#16008 = STYLED_ITEM('color',(#16009),#12038);
#16009 = PRESENTATION_STYLE_ASSIGNMENT((#16010));
#16010 = SURFACE_STYLE_USAGE(.BOTH.,#16011);
#16011 = SURFACE_SIDE_STYLE('',(#16012));
#16012 = SURFACE_STYLE_FILL_AREA(#16013);
#16013 = FILL_AREA_STYLE('',(#16014));
#16014 = FILL_AREA_STYLE_COLOUR('',#14518);
#16015 = STYLED_ITEM('color',(#16016),#12062);
#16016 = PRESENTATION_STYLE_ASSIGNMENT((#16017));
#16017 = SURFACE_STYLE_USAGE(.BOTH.,#16018);
#16018 = SURFACE_SIDE_STYLE('',(#16019));
#16019 = SURFACE_STYLE_FILL_AREA(#16020);
#16020 = FILL_AREA_STYLE('',(#16021));
#16021 = FILL_AREA_STYLE_COLOUR('',#14518);
#16022 = STYLED_ITEM('color',(#16023),#12086);
#16023 = PRESENTATION_STYLE_ASSIGNMENT((#16024));
#16024 = SURFACE_STYLE_USAGE(.BOTH.,#16025);
#16025 = SURFACE_SIDE_STYLE('',(#16026));
#16026 = SURFACE_STYLE_FILL_AREA(#16027);
#16027 = FILL_AREA_STYLE('',(#16028));
#16028 = FILL_AREA_STYLE_COLOUR('',#14518);
#16029 = STYLED_ITEM('color',(#16030),#12103);
#16030 = PRESENTATION_STYLE_ASSIGNMENT((#16031));
#16031 = SURFACE_STYLE_USAGE(.BOTH.,#16032);
#16032 = SURFACE_SIDE_STYLE('',(#16033));
#16033 = SURFACE_STYLE_FILL_AREA(#16034);
#16034 = FILL_AREA_STYLE('',(#16035));
#16035 = FILL_AREA_STYLE_COLOUR('',#14518);
#16036 = STYLED_ITEM('color',(#16037),#12134);
#16037 = PRESENTATION_STYLE_ASSIGNMENT((#16038));
#16038 = SURFACE_STYLE_USAGE(.BOTH.,#16039);
#16039 = SURFACE_SIDE_STYLE('',(#16040));
#16040 = SURFACE_STYLE_FILL_AREA(#16041);
#16041 = FILL_AREA_STYLE('',(#16042));
#16042 = FILL_AREA_STYLE_COLOUR('',#14518);
#16043 = STYLED_ITEM('color',(#16044),#12158);
#16044 = PRESENTATION_STYLE_ASSIGNMENT((#16045));
#16045 = SURFACE_STYLE_USAGE(.BOTH.,#16046);
#16046 = SURFACE_SIDE_STYLE('',(#16047));
#16047 = SURFACE_STYLE_FILL_AREA(#16048);
#16048 = FILL_AREA_STYLE('',(#16049));
#16049 = FILL_AREA_STYLE_COLOUR('',#14518);
#16050 = STYLED_ITEM('color',(#16051),#12182);
#16051 = PRESENTATION_STYLE_ASSIGNMENT((#16052));
#16052 = SURFACE_STYLE_USAGE(.BOTH.,#16053);
#16053 = SURFACE_SIDE_STYLE('',(#16054));
#16054 = SURFACE_STYLE_FILL_AREA(#16055);
#16055 = FILL_AREA_STYLE('',(#16056));
#16056 = FILL_AREA_STYLE_COLOUR('',#14518);
#16057 = STYLED_ITEM('color',(#16058),#12199);
#16058 = PRESENTATION_STYLE_ASSIGNMENT((#16059));
#16059 = SURFACE_STYLE_USAGE(.BOTH.,#16060);
#16060 = SURFACE_SIDE_STYLE('',(#16061));
#16061 = SURFACE_STYLE_FILL_AREA(#16062);
#16062 = FILL_AREA_STYLE('',(#16063));
#16063 = FILL_AREA_STYLE_COLOUR('',#14518);
#16064 = STYLED_ITEM('color',(#16065),#12230);
#16065 = PRESENTATION_STYLE_ASSIGNMENT((#16066));
#16066 = SURFACE_STYLE_USAGE(.BOTH.,#16067);
#16067 = SURFACE_SIDE_STYLE('',(#16068));
#16068 = SURFACE_STYLE_FILL_AREA(#16069);
#16069 = FILL_AREA_STYLE('',(#16070));
#16070 = FILL_AREA_STYLE_COLOUR('',#14518);
#16071 = STYLED_ITEM('color',(#16072),#12254);
#16072 = PRESENTATION_STYLE_ASSIGNMENT((#16073));
#16073 = SURFACE_STYLE_USAGE(.BOTH.,#16074);
#16074 = SURFACE_SIDE_STYLE('',(#16075));
#16075 = SURFACE_STYLE_FILL_AREA(#16076);
#16076 = FILL_AREA_STYLE('',(#16077));
#16077 = FILL_AREA_STYLE_COLOUR('',#14518);
#16078 = STYLED_ITEM('color',(#16079),#12278);
#16079 = PRESENTATION_STYLE_ASSIGNMENT((#16080));
#16080 = SURFACE_STYLE_USAGE(.BOTH.,#16081);
#16081 = SURFACE_SIDE_STYLE('',(#16082));
#16082 = SURFACE_STYLE_FILL_AREA(#16083);
#16083 = FILL_AREA_STYLE('',(#16084));
#16084 = FILL_AREA_STYLE_COLOUR('',#14518);
#16085 = STYLED_ITEM('color',(#16086),#12295);
#16086 = PRESENTATION_STYLE_ASSIGNMENT((#16087));
#16087 = SURFACE_STYLE_USAGE(.BOTH.,#16088);
#16088 = SURFACE_SIDE_STYLE('',(#16089));
#16089 = SURFACE_STYLE_FILL_AREA(#16090);
#16090 = FILL_AREA_STYLE('',(#16091));
#16091 = FILL_AREA_STYLE_COLOUR('',#14518);
#16092 = STYLED_ITEM('color',(#16093),#12326);
#16093 = PRESENTATION_STYLE_ASSIGNMENT((#16094));
#16094 = SURFACE_STYLE_USAGE(.BOTH.,#16095);
#16095 = SURFACE_SIDE_STYLE('',(#16096));
#16096 = SURFACE_STYLE_FILL_AREA(#16097);
#16097 = FILL_AREA_STYLE('',(#16098));
#16098 = FILL_AREA_STYLE_COLOUR('',#14518);
#16099 = STYLED_ITEM('color',(#16100),#12350);
#16100 = PRESENTATION_STYLE_ASSIGNMENT((#16101));
#16101 = SURFACE_STYLE_USAGE(.BOTH.,#16102);
#16102 = SURFACE_SIDE_STYLE('',(#16103));
#16103 = SURFACE_STYLE_FILL_AREA(#16104);
#16104 = FILL_AREA_STYLE('',(#16105));
#16105 = FILL_AREA_STYLE_COLOUR('',#14518);
#16106 = STYLED_ITEM('color',(#16107),#12374);
#16107 = PRESENTATION_STYLE_ASSIGNMENT((#16108));
#16108 = SURFACE_STYLE_USAGE(.BOTH.,#16109);
#16109 = SURFACE_SIDE_STYLE('',(#16110));
#16110 = SURFACE_STYLE_FILL_AREA(#16111);
#16111 = FILL_AREA_STYLE('',(#16112));
#16112 = FILL_AREA_STYLE_COLOUR('',#14518);
#16113 = STYLED_ITEM('color',(#16114),#12391);
#16114 = PRESENTATION_STYLE_ASSIGNMENT((#16115));
#16115 = SURFACE_STYLE_USAGE(.BOTH.,#16116);
#16116 = SURFACE_SIDE_STYLE('',(#16117));
#16117 = SURFACE_STYLE_FILL_AREA(#16118);
#16118 = FILL_AREA_STYLE('',(#16119));
#16119 = FILL_AREA_STYLE_COLOUR('',#14518);
#16120 = STYLED_ITEM('color',(#16121),#12422);
#16121 = PRESENTATION_STYLE_ASSIGNMENT((#16122));
#16122 = SURFACE_STYLE_USAGE(.BOTH.,#16123);
#16123 = SURFACE_SIDE_STYLE('',(#16124));
#16124 = SURFACE_STYLE_FILL_AREA(#16125);
#16125 = FILL_AREA_STYLE('',(#16126));
#16126 = FILL_AREA_STYLE_COLOUR('',#14518);
#16127 = STYLED_ITEM('color',(#16128),#12446);
#16128 = PRESENTATION_STYLE_ASSIGNMENT((#16129));
#16129 = SURFACE_STYLE_USAGE(.BOTH.,#16130);
#16130 = SURFACE_SIDE_STYLE('',(#16131));
#16131 = SURFACE_STYLE_FILL_AREA(#16132);
#16132 = FILL_AREA_STYLE('',(#16133));
#16133 = FILL_AREA_STYLE_COLOUR('',#14518);
#16134 = STYLED_ITEM('color',(#16135),#12470);
#16135 = PRESENTATION_STYLE_ASSIGNMENT((#16136));
#16136 = SURFACE_STYLE_USAGE(.BOTH.,#16137);
#16137 = SURFACE_SIDE_STYLE('',(#16138));
#16138 = SURFACE_STYLE_FILL_AREA(#16139);
#16139 = FILL_AREA_STYLE('',(#16140));
#16140 = FILL_AREA_STYLE_COLOUR('',#14518);
#16141 = STYLED_ITEM('color',(#16142),#12487);
#16142 = PRESENTATION_STYLE_ASSIGNMENT((#16143));
#16143 = SURFACE_STYLE_USAGE(.BOTH.,#16144);
#16144 = SURFACE_SIDE_STYLE('',(#16145));
#16145 = SURFACE_STYLE_FILL_AREA(#16146);
#16146 = FILL_AREA_STYLE('',(#16147));
#16147 = FILL_AREA_STYLE_COLOUR('',#14518);
#16148 = STYLED_ITEM('color',(#16149),#12518);
#16149 = PRESENTATION_STYLE_ASSIGNMENT((#16150));
#16150 = SURFACE_STYLE_USAGE(.BOTH.,#16151);
#16151 = SURFACE_SIDE_STYLE('',(#16152));
#16152 = SURFACE_STYLE_FILL_AREA(#16153);
#16153 = FILL_AREA_STYLE('',(#16154));
#16154 = FILL_AREA_STYLE_COLOUR('',#14518);
#16155 = STYLED_ITEM('color',(#16156),#12542);
#16156 = PRESENTATION_STYLE_ASSIGNMENT((#16157));
#16157 = SURFACE_STYLE_USAGE(.BOTH.,#16158);
#16158 = SURFACE_SIDE_STYLE('',(#16159));
#16159 = SURFACE_STYLE_FILL_AREA(#16160);
#16160 = FILL_AREA_STYLE('',(#16161));
#16161 = FILL_AREA_STYLE_COLOUR('',#14518);
#16162 = STYLED_ITEM('color',(#16163),#12566);
#16163 = PRESENTATION_STYLE_ASSIGNMENT((#16164));
#16164 = SURFACE_STYLE_USAGE(.BOTH.,#16165);
#16165 = SURFACE_SIDE_STYLE('',(#16166));
#16166 = SURFACE_STYLE_FILL_AREA(#16167);
#16167 = FILL_AREA_STYLE('',(#16168));
#16168 = FILL_AREA_STYLE_COLOUR('',#14518);
#16169 = STYLED_ITEM('color',(#16170),#12583);
#16170 = PRESENTATION_STYLE_ASSIGNMENT((#16171));
#16171 = SURFACE_STYLE_USAGE(.BOTH.,#16172);
#16172 = SURFACE_SIDE_STYLE('',(#16173));
#16173 = SURFACE_STYLE_FILL_AREA(#16174);
#16174 = FILL_AREA_STYLE('',(#16175));
#16175 = FILL_AREA_STYLE_COLOUR('',#14518);
#16176 = STYLED_ITEM('color',(#16177),#12595);
#16177 = PRESENTATION_STYLE_ASSIGNMENT((#16178));
#16178 = SURFACE_STYLE_USAGE(.BOTH.,#16179);
#16179 = SURFACE_SIDE_STYLE('',(#16180));
#16180 = SURFACE_STYLE_FILL_AREA(#16181);
#16181 = FILL_AREA_STYLE('',(#16182));
#16182 = FILL_AREA_STYLE_COLOUR('',#14518);
#16183 = STYLED_ITEM('color',(#16184),#12607);
#16184 = PRESENTATION_STYLE_ASSIGNMENT((#16185));
#16185 = SURFACE_STYLE_USAGE(.BOTH.,#16186);
#16186 = SURFACE_SIDE_STYLE('',(#16187));
#16187 = SURFACE_STYLE_FILL_AREA(#16188);
#16188 = FILL_AREA_STYLE('',(#16189));
#16189 = FILL_AREA_STYLE_COLOUR('',#14518);
#16190 = STYLED_ITEM('color',(#16191),#12619);
#16191 = PRESENTATION_STYLE_ASSIGNMENT((#16192));
#16192 = SURFACE_STYLE_USAGE(.BOTH.,#16193);
#16193 = SURFACE_SIDE_STYLE('',(#16194));
#16194 = SURFACE_STYLE_FILL_AREA(#16195);
#16195 = FILL_AREA_STYLE('',(#16196));
#16196 = FILL_AREA_STYLE_COLOUR('',#14518);
#16197 = MECHANICAL_DESIGN_GEOMETRIC_PRESENTATION_REPRESENTATION('',(
    #16198,#16206,#16213,#16220,#16227,#16234,#16241,#16249,#16256,
    #16263,#16270,#16277,#16284,#16291,#16298),#10261);
#16198 = STYLED_ITEM('color',(#16199),#9928);
#16199 = PRESENTATION_STYLE_ASSIGNMENT((#16200));
#16200 = SURFACE_STYLE_USAGE(.BOTH.,#16201);
#16201 = SURFACE_SIDE_STYLE('',(#16202));
#16202 = SURFACE_STYLE_FILL_AREA(#16203);
#16203 = FILL_AREA_STYLE('',(#16204));
#16204 = FILL_AREA_STYLE_COLOUR('',#16205);
#16205 = COLOUR_RGB('',0.823999987314,0.819999987296,0.781000009244);
#16206 = STYLED_ITEM('color',(#16207),#9961);
#16207 = PRESENTATION_STYLE_ASSIGNMENT((#16208));
#16208 = SURFACE_STYLE_USAGE(.BOTH.,#16209);
#16209 = SURFACE_SIDE_STYLE('',(#16210));
#16210 = SURFACE_STYLE_FILL_AREA(#16211);
#16211 = FILL_AREA_STYLE('',(#16212));
#16212 = FILL_AREA_STYLE_COLOUR('',#16205);
#16213 = STYLED_ITEM('color',(#16214),#9970);
#16214 = PRESENTATION_STYLE_ASSIGNMENT((#16215));
#16215 = SURFACE_STYLE_USAGE(.BOTH.,#16216);
#16216 = SURFACE_SIDE_STYLE('',(#16217));
#16217 = SURFACE_STYLE_FILL_AREA(#16218);
#16218 = FILL_AREA_STYLE('',(#16219));
#16219 = FILL_AREA_STYLE_COLOUR('',#16205);
#16220 = STYLED_ITEM('color',(#16221),#9996);
#16221 = PRESENTATION_STYLE_ASSIGNMENT((#16222));
#16222 = SURFACE_STYLE_USAGE(.BOTH.,#16223);
#16223 = SURFACE_SIDE_STYLE('',(#16224));
#16224 = SURFACE_STYLE_FILL_AREA(#16225);
#16225 = FILL_AREA_STYLE('',(#16226));
#16226 = FILL_AREA_STYLE_COLOUR('',#16205);
#16227 = STYLED_ITEM('color',(#16228),#10021);
#16228 = PRESENTATION_STYLE_ASSIGNMENT((#16229));
#16229 = SURFACE_STYLE_USAGE(.BOTH.,#16230);
#16230 = SURFACE_SIDE_STYLE('',(#16231));
#16231 = SURFACE_STYLE_FILL_AREA(#16232);
#16232 = FILL_AREA_STYLE('',(#16233));
#16233 = FILL_AREA_STYLE_COLOUR('',#14237);
#16234 = STYLED_ITEM('color',(#16235),#10041);
#16235 = PRESENTATION_STYLE_ASSIGNMENT((#16236));
#16236 = SURFACE_STYLE_USAGE(.BOTH.,#16237);
#16237 = SURFACE_SIDE_STYLE('',(#16238));
#16238 = SURFACE_STYLE_FILL_AREA(#16239);
#16239 = FILL_AREA_STYLE('',(#16240));
#16240 = FILL_AREA_STYLE_COLOUR('',#14237);
#16241 = STYLED_ITEM('color',(#16242),#10066);
#16242 = PRESENTATION_STYLE_ASSIGNMENT((#16243));
#16243 = SURFACE_STYLE_USAGE(.BOTH.,#16244);
#16244 = SURFACE_SIDE_STYLE('',(#16245));
#16245 = SURFACE_STYLE_FILL_AREA(#16246);
#16246 = FILL_AREA_STYLE('',(#16247));
#16247 = FILL_AREA_STYLE_COLOUR('',#16248);
#16248 = COLOUR_RGB('',0.894999966383,0.890999961016,0.813000030345);
#16249 = STYLED_ITEM('color',(#16250),#10086);
#16250 = PRESENTATION_STYLE_ASSIGNMENT((#16251));
#16251 = SURFACE_STYLE_USAGE(.BOTH.,#16252);
#16252 = SURFACE_SIDE_STYLE('',(#16253));
#16253 = SURFACE_STYLE_FILL_AREA(#16254);
#16254 = FILL_AREA_STYLE('',(#16255));
#16255 = FILL_AREA_STYLE_COLOUR('',#16248);
#16256 = STYLED_ITEM('color',(#16257),#10111);
#16257 = PRESENTATION_STYLE_ASSIGNMENT((#16258));
#16258 = SURFACE_STYLE_USAGE(.BOTH.,#16259);
#16259 = SURFACE_SIDE_STYLE('',(#16260));
#16260 = SURFACE_STYLE_FILL_AREA(#16261);
#16261 = FILL_AREA_STYLE('',(#16262));
#16262 = FILL_AREA_STYLE_COLOUR('',#16248);
#16263 = STYLED_ITEM('color',(#16264),#10131);
#16264 = PRESENTATION_STYLE_ASSIGNMENT((#16265));
#16265 = SURFACE_STYLE_USAGE(.BOTH.,#16266);
#16266 = SURFACE_SIDE_STYLE('',(#16267));
#16267 = SURFACE_STYLE_FILL_AREA(#16268);
#16268 = FILL_AREA_STYLE('',(#16269));
#16269 = FILL_AREA_STYLE_COLOUR('',#14237);
#16270 = STYLED_ITEM('color',(#16271),#10156);
#16271 = PRESENTATION_STYLE_ASSIGNMENT((#16272));
#16272 = SURFACE_STYLE_USAGE(.BOTH.,#16273);
#16273 = SURFACE_SIDE_STYLE('',(#16274));
#16274 = SURFACE_STYLE_FILL_AREA(#16275);
#16275 = FILL_AREA_STYLE('',(#16276));
#16276 = FILL_AREA_STYLE_COLOUR('',#14237);
#16277 = STYLED_ITEM('color',(#16278),#10176);
#16278 = PRESENTATION_STYLE_ASSIGNMENT((#16279));
#16279 = SURFACE_STYLE_USAGE(.BOTH.,#16280);
#16280 = SURFACE_SIDE_STYLE('',(#16281));
#16281 = SURFACE_STYLE_FILL_AREA(#16282);
#16282 = FILL_AREA_STYLE('',(#16283));
#16283 = FILL_AREA_STYLE_COLOUR('',#16205);
#16284 = STYLED_ITEM('color',(#16285),#10201);
#16285 = PRESENTATION_STYLE_ASSIGNMENT((#16286));
#16286 = SURFACE_STYLE_USAGE(.BOTH.,#16287);
#16287 = SURFACE_SIDE_STYLE('',(#16288));
#16288 = SURFACE_STYLE_FILL_AREA(#16289);
#16289 = FILL_AREA_STYLE('',(#16290));
#16290 = FILL_AREA_STYLE_COLOUR('',#16205);
#16291 = STYLED_ITEM('color',(#16292),#10227);
#16292 = PRESENTATION_STYLE_ASSIGNMENT((#16293));
#16293 = SURFACE_STYLE_USAGE(.BOTH.,#16294);
#16294 = SURFACE_SIDE_STYLE('',(#16295));
#16295 = SURFACE_STYLE_FILL_AREA(#16296);
#16296 = FILL_AREA_STYLE('',(#16297));
#16297 = FILL_AREA_STYLE_COLOUR('',#16205);
#16298 = STYLED_ITEM('color',(#16299),#10252);
#16299 = PRESENTATION_STYLE_ASSIGNMENT((#16300));
#16300 = SURFACE_STYLE_USAGE(.BOTH.,#16301);
#16301 = SURFACE_SIDE_STYLE('',(#16302));
#16302 = SURFACE_STYLE_FILL_AREA(#16303);
#16303 = FILL_AREA_STYLE('',(#16304));
#16304 = FILL_AREA_STYLE_COLOUR('',#16205);
#16305 = MECHANICAL_DESIGN_GEOMETRIC_PRESENTATION_REPRESENTATION('',(
    #16306),#8376);
#16306 = STYLED_ITEM('color',(#16307),#7989);
#16307 = PRESENTATION_STYLE_ASSIGNMENT((#16308,#16313));
#16308 = SURFACE_STYLE_USAGE(.BOTH.,#16309);
#16309 = SURFACE_SIDE_STYLE('',(#16310));
#16310 = SURFACE_STYLE_FILL_AREA(#16311);
#16311 = FILL_AREA_STYLE('',(#16312));
#16312 = FILL_AREA_STYLE_COLOUR('',#15402);
#16313 = CURVE_STYLE('',#16314,POSITIVE_LENGTH_MEASURE(0.1),#15402);
#16314 = DRAUGHTING_PRE_DEFINED_CURVE_FONT('continuous');
#16315 = MECHANICAL_DESIGN_GEOMETRIC_PRESENTATION_REPRESENTATION('',(
    #16316,#16324,#16332,#16339),#9907);
#16316 = STYLED_ITEM('color',(#16317),#8395);
#16317 = PRESENTATION_STYLE_ASSIGNMENT((#16318));
#16318 = SURFACE_STYLE_USAGE(.BOTH.,#16319);
#16319 = SURFACE_SIDE_STYLE('',(#16320));
#16320 = SURFACE_STYLE_FILL_AREA(#16321);
#16321 = FILL_AREA_STYLE('',(#16322));
#16322 = FILL_AREA_STYLE_COLOUR('',#16323);
#16323 = COLOUR_RGB('',0.250980388104,0.250980388104,0.250980388104);
#16324 = STYLED_ITEM('color',(#16325),#8641);
#16325 = PRESENTATION_STYLE_ASSIGNMENT((#16326));
#16326 = SURFACE_STYLE_USAGE(.BOTH.,#16327);
#16327 = SURFACE_SIDE_STYLE('',(#16328));
#16328 = SURFACE_STYLE_FILL_AREA(#16329);
#16329 = FILL_AREA_STYLE('',(#16330));
#16330 = FILL_AREA_STYLE_COLOUR('',#16331);
#16331 = COLOUR_RGB('',0.792156867455,0.819607826924,0.933333342953);
#16332 = STYLED_ITEM('color',(#16333),#9063);
#16333 = PRESENTATION_STYLE_ASSIGNMENT((#16334));
#16334 = SURFACE_STYLE_USAGE(.BOTH.,#16335);
#16335 = SURFACE_SIDE_STYLE('',(#16336));
#16336 = SURFACE_STYLE_FILL_AREA(#16337);
#16337 = FILL_AREA_STYLE('',(#16338));
#16338 = FILL_AREA_STYLE_COLOUR('',#16331);
#16339 = STYLED_ITEM('color',(#16340),#9485);
#16340 = PRESENTATION_STYLE_ASSIGNMENT((#16341));
#16341 = SURFACE_STYLE_USAGE(.BOTH.,#16342);
#16342 = SURFACE_SIDE_STYLE('',(#16343));
#16343 = SURFACE_STYLE_FILL_AREA(#16344);
#16344 = FILL_AREA_STYLE('',(#16345));
#16345 = FILL_AREA_STYLE_COLOUR('',#16331);
#16346 = MECHANICAL_DESIGN_GEOMETRIC_PRESENTATION_REPRESENTATION('',(
    #16347,#16354,#16361,#16368,#16375,#16382,#16389,#16396,#16403,
    #16410,#16417,#16424,#16431,#16438,#16446,#16453,#16460,#16467,
    #16474,#16481,#16488,#16495,#16502,#16509,#16516,#16523),#11115);
#16347 = STYLED_ITEM('color',(#16348),#10327);
#16348 = PRESENTATION_STYLE_ASSIGNMENT((#16349));
#16349 = SURFACE_STYLE_USAGE(.BOTH.,#16350);
#16350 = SURFACE_SIDE_STYLE('',(#16351));
#16351 = SURFACE_STYLE_FILL_AREA(#16352);
#16352 = FILL_AREA_STYLE('',(#16353));
#16353 = FILL_AREA_STYLE_COLOUR('',#16205);
#16354 = STYLED_ITEM('color',(#16355),#10367);
#16355 = PRESENTATION_STYLE_ASSIGNMENT((#16356));
#16356 = SURFACE_STYLE_USAGE(.BOTH.,#16357);
#16357 = SURFACE_SIDE_STYLE('',(#16358));
#16358 = SURFACE_STYLE_FILL_AREA(#16359);
#16359 = FILL_AREA_STYLE('',(#16360));
#16360 = FILL_AREA_STYLE_COLOUR('',#16205);
#16361 = STYLED_ITEM('color',(#16362),#10450);
#16362 = PRESENTATION_STYLE_ASSIGNMENT((#16363));
#16363 = SURFACE_STYLE_USAGE(.BOTH.,#16364);
#16364 = SURFACE_SIDE_STYLE('',(#16365));
#16365 = SURFACE_STYLE_FILL_AREA(#16366);
#16366 = FILL_AREA_STYLE('',(#16367));
#16367 = FILL_AREA_STYLE_COLOUR('',#16205);
#16368 = STYLED_ITEM('color',(#16369),#10475);
#16369 = PRESENTATION_STYLE_ASSIGNMENT((#16370));
#16370 = SURFACE_STYLE_USAGE(.BOTH.,#16371);
#16371 = SURFACE_SIDE_STYLE('',(#16372));
#16372 = SURFACE_STYLE_FILL_AREA(#16373);
#16373 = FILL_AREA_STYLE('',(#16374));
#16374 = FILL_AREA_STYLE_COLOUR('',#16205);
#16375 = STYLED_ITEM('color',(#16376),#10500);
#16376 = PRESENTATION_STYLE_ASSIGNMENT((#16377));
#16377 = SURFACE_STYLE_USAGE(.BOTH.,#16378);
#16378 = SURFACE_SIDE_STYLE('',(#16379));
#16379 = SURFACE_STYLE_FILL_AREA(#16380);
#16380 = FILL_AREA_STYLE('',(#16381));
#16381 = FILL_AREA_STYLE_COLOUR('',#16205);
#16382 = STYLED_ITEM('color',(#16383),#10567);
#16383 = PRESENTATION_STYLE_ASSIGNMENT((#16384));
#16384 = SURFACE_STYLE_USAGE(.BOTH.,#16385);
#16385 = SURFACE_SIDE_STYLE('',(#16386));
#16386 = SURFACE_STYLE_FILL_AREA(#16387);
#16387 = FILL_AREA_STYLE('',(#16388));
#16388 = FILL_AREA_STYLE_COLOUR('',#16205);
#16389 = STYLED_ITEM('color',(#16390),#10584);
#16390 = PRESENTATION_STYLE_ASSIGNMENT((#16391));
#16391 = SURFACE_STYLE_USAGE(.BOTH.,#16392);
#16392 = SURFACE_SIDE_STYLE('',(#16393));
#16393 = SURFACE_STYLE_FILL_AREA(#16394);
#16394 = FILL_AREA_STYLE('',(#16395));
#16395 = FILL_AREA_STYLE_COLOUR('',#16205);
#16396 = STYLED_ITEM('color',(#16397),#10601);
#16397 = PRESENTATION_STYLE_ASSIGNMENT((#16398));
#16398 = SURFACE_STYLE_USAGE(.BOTH.,#16399);
#16399 = SURFACE_SIDE_STYLE('',(#16400));
#16400 = SURFACE_STYLE_FILL_AREA(#16401);
#16401 = FILL_AREA_STYLE('',(#16402));
#16402 = FILL_AREA_STYLE_COLOUR('',#16248);
#16403 = STYLED_ITEM('color',(#16404),#10650);
#16404 = PRESENTATION_STYLE_ASSIGNMENT((#16405));
#16405 = SURFACE_STYLE_USAGE(.BOTH.,#16406);
#16406 = SURFACE_SIDE_STYLE('',(#16407));
#16407 = SURFACE_STYLE_FILL_AREA(#16408);
#16408 = FILL_AREA_STYLE('',(#16409));
#16409 = FILL_AREA_STYLE_COLOUR('',#16205);
#16410 = STYLED_ITEM('color',(#16411),#10667);
#16411 = PRESENTATION_STYLE_ASSIGNMENT((#16412));
#16412 = SURFACE_STYLE_USAGE(.BOTH.,#16413);
#16413 = SURFACE_SIDE_STYLE('',(#16414));
#16414 = SURFACE_STYLE_FILL_AREA(#16415);
#16415 = FILL_AREA_STYLE('',(#16416));
#16416 = FILL_AREA_STYLE_COLOUR('',#16205);
#16417 = STYLED_ITEM('color',(#16418),#10684);
#16418 = PRESENTATION_STYLE_ASSIGNMENT((#16419));
#16419 = SURFACE_STYLE_USAGE(.BOTH.,#16420);
#16420 = SURFACE_SIDE_STYLE('',(#16421));
#16421 = SURFACE_STYLE_FILL_AREA(#16422);
#16422 = FILL_AREA_STYLE('',(#16423));
#16423 = FILL_AREA_STYLE_COLOUR('',#16248);
#16424 = STYLED_ITEM('color',(#16425),#10733);
#16425 = PRESENTATION_STYLE_ASSIGNMENT((#16426));
#16426 = SURFACE_STYLE_USAGE(.BOTH.,#16427);
#16427 = SURFACE_SIDE_STYLE('',(#16428));
#16428 = SURFACE_STYLE_FILL_AREA(#16429);
#16429 = FILL_AREA_STYLE('',(#16430));
#16430 = FILL_AREA_STYLE_COLOUR('',#16248);
#16431 = STYLED_ITEM('color',(#16432),#10750);
#16432 = PRESENTATION_STYLE_ASSIGNMENT((#16433));
#16433 = SURFACE_STYLE_USAGE(.BOTH.,#16434);
#16434 = SURFACE_SIDE_STYLE('',(#16435));
#16435 = SURFACE_STYLE_FILL_AREA(#16436);
#16436 = FILL_AREA_STYLE('',(#16437));
#16437 = FILL_AREA_STYLE_COLOUR('',#16205);
#16438 = STYLED_ITEM('color',(#16439),#10819);
#16439 = PRESENTATION_STYLE_ASSIGNMENT((#16440));
#16440 = SURFACE_STYLE_USAGE(.BOTH.,#16441);
#16441 = SURFACE_SIDE_STYLE('',(#16442));
#16442 = SURFACE_STYLE_FILL_AREA(#16443);
#16443 = FILL_AREA_STYLE('',(#16444));
#16444 = FILL_AREA_STYLE_COLOUR('',#16445);
#16445 = COLOUR_RGB('',8.200000279077E-02,8.600000121357E-02,
  9.399999706163E-02);
#16446 = STYLED_ITEM('color',(#16447),#10850);
#16447 = PRESENTATION_STYLE_ASSIGNMENT((#16448));
#16448 = SURFACE_STYLE_USAGE(.BOTH.,#16449);
#16449 = SURFACE_SIDE_STYLE('',(#16450));
#16450 = SURFACE_STYLE_FILL_AREA(#16451);
#16451 = FILL_AREA_STYLE('',(#16452));
#16452 = FILL_AREA_STYLE_COLOUR('',#16445);
#16453 = STYLED_ITEM('color',(#16454),#10874);
#16454 = PRESENTATION_STYLE_ASSIGNMENT((#16455));
#16455 = SURFACE_STYLE_USAGE(.BOTH.,#16456);
#16456 = SURFACE_SIDE_STYLE('',(#16457));
#16457 = SURFACE_STYLE_FILL_AREA(#16458);
#16458 = FILL_AREA_STYLE('',(#16459));
#16459 = FILL_AREA_STYLE_COLOUR('',#16205);
#16460 = STYLED_ITEM('color',(#16461),#10943);
#16461 = PRESENTATION_STYLE_ASSIGNMENT((#16462));
#16462 = SURFACE_STYLE_USAGE(.BOTH.,#16463);
#16463 = SURFACE_SIDE_STYLE('',(#16464));
#16464 = SURFACE_STYLE_FILL_AREA(#16465);
#16465 = FILL_AREA_STYLE('',(#16466));
#16466 = FILL_AREA_STYLE_COLOUR('',#16445);
#16467 = STYLED_ITEM('color',(#16468),#10967);
#16468 = PRESENTATION_STYLE_ASSIGNMENT((#16469));
#16469 = SURFACE_STYLE_USAGE(.BOTH.,#16470);
#16470 = SURFACE_SIDE_STYLE('',(#16471));
#16471 = SURFACE_STYLE_FILL_AREA(#16472);
#16472 = FILL_AREA_STYLE('',(#16473));
#16473 = FILL_AREA_STYLE_COLOUR('',#16205);
#16474 = STYLED_ITEM('color',(#16475),#10984);
#16475 = PRESENTATION_STYLE_ASSIGNMENT((#16476));
#16476 = SURFACE_STYLE_USAGE(.BOTH.,#16477);
#16477 = SURFACE_SIDE_STYLE('',(#16478));
#16478 = SURFACE_STYLE_FILL_AREA(#16479);
#16479 = FILL_AREA_STYLE('',(#16480));
#16480 = FILL_AREA_STYLE_COLOUR('',#16205);
#16481 = STYLED_ITEM('color',(#16482),#11001);
#16482 = PRESENTATION_STYLE_ASSIGNMENT((#16483));
#16483 = SURFACE_STYLE_USAGE(.BOTH.,#16484);
#16484 = SURFACE_SIDE_STYLE('',(#16485));
#16485 = SURFACE_STYLE_FILL_AREA(#16486);
#16486 = FILL_AREA_STYLE('',(#16487));
#16487 = FILL_AREA_STYLE_COLOUR('',#16205);
#16488 = STYLED_ITEM('color',(#16489),#11018);
#16489 = PRESENTATION_STYLE_ASSIGNMENT((#16490));
#16490 = SURFACE_STYLE_USAGE(.BOTH.,#16491);
#16491 = SURFACE_SIDE_STYLE('',(#16492));
#16492 = SURFACE_STYLE_FILL_AREA(#16493);
#16493 = FILL_AREA_STYLE('',(#16494));
#16494 = FILL_AREA_STYLE_COLOUR('',#16205);
#16495 = STYLED_ITEM('color',(#16496),#11035);
#16496 = PRESENTATION_STYLE_ASSIGNMENT((#16497));
#16497 = SURFACE_STYLE_USAGE(.BOTH.,#16498);
#16498 = SURFACE_SIDE_STYLE('',(#16499));
#16499 = SURFACE_STYLE_FILL_AREA(#16500);
#16500 = FILL_AREA_STYLE('',(#16501));
#16501 = FILL_AREA_STYLE_COLOUR('',#16205);
#16502 = STYLED_ITEM('color',(#16503),#11052);
#16503 = PRESENTATION_STYLE_ASSIGNMENT((#16504));
#16504 = SURFACE_STYLE_USAGE(.BOTH.,#16505);
#16505 = SURFACE_SIDE_STYLE('',(#16506));
#16506 = SURFACE_STYLE_FILL_AREA(#16507);
#16507 = FILL_AREA_STYLE('',(#16508));
#16508 = FILL_AREA_STYLE_COLOUR('',#16205);
#16509 = STYLED_ITEM('color',(#16510),#11069);
#16510 = PRESENTATION_STYLE_ASSIGNMENT((#16511));
#16511 = SURFACE_STYLE_USAGE(.BOTH.,#16512);
#16512 = SURFACE_SIDE_STYLE('',(#16513));
#16513 = SURFACE_STYLE_FILL_AREA(#16514);
#16514 = FILL_AREA_STYLE('',(#16515));
#16515 = FILL_AREA_STYLE_COLOUR('',#16205);
#16516 = STYLED_ITEM('color',(#16517),#11086);
#16517 = PRESENTATION_STYLE_ASSIGNMENT((#16518));
#16518 = SURFACE_STYLE_USAGE(.BOTH.,#16519);
#16519 = SURFACE_SIDE_STYLE('',(#16520));
#16520 = SURFACE_STYLE_FILL_AREA(#16521);
#16521 = FILL_AREA_STYLE('',(#16522));
#16522 = FILL_AREA_STYLE_COLOUR('',#16445);
#16523 = STYLED_ITEM('color',(#16524),#11103);
#16524 = PRESENTATION_STYLE_ASSIGNMENT((#16525));
#16525 = SURFACE_STYLE_USAGE(.BOTH.,#16526);
#16526 = SURFACE_SIDE_STYLE('',(#16527));
#16527 = SURFACE_STYLE_FILL_AREA(#16528);
#16528 = FILL_AREA_STYLE('',(#16529));
#16529 = FILL_AREA_STYLE_COLOUR('',#16445);
ENDSEC;
END-ISO-10303-21;
