ISO-10303-21;
HEADER;
FILE_DESCRIPTION(('KiCad electronic assembly'),'2;1');
FILE_NAME('line-follower-h-bridge-v2.step','2026-10-07T13:32:08',(
    'Pcbnew'),('Kicad'),'Open CASCADE STEP processor 7.8',
  'KiCad to STEP converter','Unknown');
FILE_SCHEMA(('AUTOMOTIVE_DESIGN { 1 0 10303 214 1 1 1 1 }'));
ENDSEC;
DATA;
#1 = APPLICATION_PROTOCOL_DEFINITION('international standard',
  'automotive_design',2000,#2);
#2 = APPLICATION_CONTEXT(
  'core data for automotive mechanical design processes');
#3 = SHAPE_DEFINITION_REPRESENTATION(#4,#10);
#4 = PRODUCT_DEFINITION_SHAPE('','',#5);
#5 = PRODUCT_DEFINITION('design','',#6,#9);
#6 = PRODUCT_DEFINITION_FORMATION('','',#7);
#7 = PRODUCT('line-follower-h-bridge-v2 1','line-follower-h-bridge-v2 1'
  ,'',(#8));
#8 = PRODUCT_CONTEXT('',#2,'mechanical');
#9 = PRODUCT_DEFINITION_CONTEXT('part definition',#2,'design');
#10 = SHAPE_REPRESENTATION('',(#11,#15,#19,#23,#27,#31,#35,#39,#43,#47,
    #51,#55,#59,#63,#67,#71,#75,#79,#83,#87,#91,#95),#99);
#11 = AXIS2_PLACEMENT_3D('',#12,#13,#14);
#12 = CARTESIAN_POINT('',(0.,0.,0.));
#13 = DIRECTION('',(0.,0.,1.));
#14 = DIRECTION('',(1.,0.,-0.));
#15 = AXIS2_PLACEMENT_3D('',#16,#17,#18);
#16 = CARTESIAN_POINT('',(182.,-89.95175,1.595));
#17 = DIRECTION('',(-0.,0.,1.));
#18 = DIRECTION('',(1.110223024625E-16,-1.,0.));
#19 = AXIS2_PLACEMENT_3D('',#20,#21,#22);
#20 = CARTESIAN_POINT('',(182.,-80.385,1.595));
#21 = DIRECTION('',(0.,-0.,1.));
#22 = DIRECTION('',(1.110223024625E-16,1.,0.));
#23 = AXIS2_PLACEMENT_3D('',#24,#25,#26);
#24 = CARTESIAN_POINT('',(185.95,-93.,1.595));
#25 = DIRECTION('',(-1.,-1.110223024625E-16,1.110223024625E-16));
#26 = DIRECTION('',(1.110223024625E-16,-1.,0.));
#27 = AXIS2_PLACEMENT_3D('',#28,#29,#30);
#28 = CARTESIAN_POINT('',(190.,-89.95175,1.595));
#29 = DIRECTION('',(-0.,0.,1.));
#30 = DIRECTION('',(1.110223024625E-16,-1.,0.));
#31 = AXIS2_PLACEMENT_3D('',#32,#33,#34);
#32 = CARTESIAN_POINT('',(190.,-103.95175,1.595));
#33 = DIRECTION('',(-0.,0.,1.));
#34 = DIRECTION('',(1.110223024625E-16,-1.,0.));
#35 = AXIS2_PLACEMENT_3D('',#36,#37,#38);
#36 = CARTESIAN_POINT('',(150.,-89.95175,1.595));
#37 = DIRECTION('',(-0.,0.,1.));
#38 = DIRECTION('',(1.110223024625E-16,-1.,0.));
#39 = AXIS2_PLACEMENT_3D('',#40,#41,#42);
#40 = CARTESIAN_POINT('',(162.,-103.95175,1.595));
#41 = DIRECTION('',(-0.,0.,1.));
#42 = DIRECTION('',(1.110223024625E-16,-1.,0.));
#43 = AXIS2_PLACEMENT_3D('',#44,#45,#46);
#44 = CARTESIAN_POINT('',(168.,-101.1,1.595));
#45 = DIRECTION('',(0.,0.,1.));
#46 = DIRECTION('',(-2.334869823773E-16,-1.,0.));
#47 = AXIS2_PLACEMENT_3D('',#48,#49,#50);
#48 = CARTESIAN_POINT('',(168.,-93.,1.595));
#49 = DIRECTION('',(-1.,-1.110223024625E-16,1.110223024625E-16));
#50 = DIRECTION('',(1.110223024625E-16,-1.,0.));
#51 = AXIS2_PLACEMENT_3D('',#52,#53,#54);
#52 = CARTESIAN_POINT('',(165.656343,-80.385,1.595));
#53 = DIRECTION('',(0.,-0.,1.));
#54 = DIRECTION('',(1.110223024625E-16,1.,0.));
#55 = AXIS2_PLACEMENT_3D('',#56,#57,#58);
#56 = CARTESIAN_POINT('',(194.,-103.,1.595));
#57 = DIRECTION('',(0.,0.,1.));
#58 = DIRECTION('',(-2.334869823773E-16,-1.,0.));
#59 = AXIS2_PLACEMENT_3D('',#60,#61,#62);
#60 = CARTESIAN_POINT('',(182.,-103.95175,1.595));
#61 = DIRECTION('',(-0.,0.,1.));
#62 = DIRECTION('',(1.110223024625E-16,-1.,0.));
#63 = AXIS2_PLACEMENT_3D('',#64,#65,#66);
#64 = CARTESIAN_POINT('',(156.,-93.05,1.595));
#65 = DIRECTION('',(-1.,-1.110223024625E-16,1.110223024625E-16));
#66 = DIRECTION('',(1.110223024625E-16,-1.,0.));
#67 = AXIS2_PLACEMENT_3D('',#68,#69,#70);
#68 = CARTESIAN_POINT('',(193.95,-93.05,1.595));
#69 = DIRECTION('',(-1.,-1.110223024625E-16,1.110223024625E-16));
#70 = DIRECTION('',(1.110223024625E-16,-1.,0.));
#71 = AXIS2_PLACEMENT_3D('',#72,#73,#74);
#72 = CARTESIAN_POINT('',(162.,-89.95175,1.595));
#73 = DIRECTION('',(-0.,0.,1.));
#74 = DIRECTION('',(1.110223024625E-16,-1.,0.));
#75 = AXIS2_PLACEMENT_3D('',#76,#77,#78);
#76 = CARTESIAN_POINT('',(186.,-102.9,1.595));
#77 = DIRECTION('',(0.,0.,1.));
#78 = DIRECTION('',(-2.334869823773E-16,-1.,0.));
#79 = AXIS2_PLACEMENT_3D('',#80,#81,#82);
#80 = CARTESIAN_POINT('',(150.,-104.,1.595));
#81 = DIRECTION('',(-0.,0.,1.));
#82 = DIRECTION('',(1.110223024625E-16,-1.,0.));
#83 = AXIS2_PLACEMENT_3D('',#84,#85,#86);
#84 = CARTESIAN_POINT('',(156.,-100.9,1.595));
#85 = DIRECTION('',(0.,0.,1.));
#86 = DIRECTION('',(-2.334869823773E-16,-1.,0.));
#87 = AXIS2_PLACEMENT_3D('',#88,#89,#90);
#88 = CARTESIAN_POINT('',(172.,-99.,-8.5E-02));
#89 = DIRECTION('',(1.499759782662E-32,1.224646799147E-16,-1.));
#90 = DIRECTION('',(-1.,1.224646799147E-16,0.));
#91 = AXIS2_PLACEMENT_3D('',#92,#93,#94);
#92 = CARTESIAN_POINT('',(175.619542,-99.028089,-8.5E-02));
#93 = DIRECTION('',(1.499759782662E-32,1.224646799147E-16,-1.));
#94 = DIRECTION('',(-1.,1.224646799147E-16,0.));
#95 = AXIS2_PLACEMENT_3D('',#96,#97,#98);
#96 = CARTESIAN_POINT('',(0.,0.,0.));
#97 = DIRECTION('',(0.,0.,1.));
#98 = DIRECTION('',(1.,0.,-0.));
#99 = ( GEOMETRIC_REPRESENTATION_CONTEXT(3) 
GLOBAL_UNCERTAINTY_ASSIGNED_CONTEXT((#103)) GLOBAL_UNIT_ASSIGNED_CONTEXT
((#100,#101,#102)) REPRESENTATION_CONTEXT('Context #1',
  '3D Context with UNIT and UNCERTAINTY') );
#100 = ( LENGTH_UNIT() NAMED_UNIT(*) SI_UNIT(.MILLI.,.METRE.) );
#101 = ( NAMED_UNIT(*) PLANE_ANGLE_UNIT() SI_UNIT($,.RADIAN.) );
#102 = ( NAMED_UNIT(*) SI_UNIT($,.STERADIAN.) SOLID_ANGLE_UNIT() );
#103 = UNCERTAINTY_MEASURE_WITH_UNIT(LENGTH_MEASURE(1.E-07),#100,
  'distance_accuracy_value','confusion accuracy');
#104 = PRODUCT_RELATED_PRODUCT_CATEGORY('part',$,(#7));
#105 = SHAPE_DEFINITION_REPRESENTATION(#106,#112);
#106 = PRODUCT_DEFINITION_SHAPE('','',#107);
#107 = PRODUCT_DEFINITION('design','',#108,#111);
#108 = PRODUCT_DEFINITION_FORMATION('','',#109);
#109 = PRODUCT('D_A-405_P7.62mm_Horizontal','D_A-405_P7.62mm_Horizontal'
  ,'',(#110));
#110 = PRODUCT_CONTEXT('',#2,'mechanical');
#111 = PRODUCT_DEFINITION_CONTEXT('part definition',#2,'design');
#112 = ADVANCED_BREP_SHAPE_REPRESENTATION('',(#11,#113),#448);
#113 = MANIFOLD_SOLID_BREP('',#114);
#114 = CLOSED_SHELL('',(#115,#148,#157,#183,#208,#228,#253,#273,#298,
    #318,#343,#363,#388,#414,#439));
#115 = ADVANCED_FACE('',(#116),#143,.T.);
#116 = FACE_BOUND('',#117,.T.);
#117 = EDGE_LOOP('',(#118,#128,#135,#136));
#118 = ORIENTED_EDGE('',*,*,#119,.T.);
#119 = EDGE_CURVE('',#120,#122,#124,.T.);
#120 = VERTEX_POINT('',#121);
#121 = CARTESIAN_POINT('',(0.3,-1.845011104114E-16,-2.5));
#122 = VERTEX_POINT('',#123);
#123 = CARTESIAN_POINT('',(0.3,7.216449660064E-16,1.25));
#124 = LINE('',#125,#126);
#125 = CARTESIAN_POINT('',(0.3,7.216449660064E-16,1.25));
#126 = VECTOR('',#127,1.);
#127 = DIRECTION('',(0.,2.22044604925E-16,1.));
#128 = ORIENTED_EDGE('',*,*,#129,.F.);
#129 = EDGE_CURVE('',#122,#122,#130,.T.);
#130 = CIRCLE('',#131,0.3);
#131 = AXIS2_PLACEMENT_3D('',#132,#133,#134);
#132 = CARTESIAN_POINT('',(0.,7.216449660064E-16,1.25));
#133 = DIRECTION('',(-0.,2.22044604925E-16,1.));
#134 = DIRECTION('',(1.,0.,0.));
#135 = ORIENTED_EDGE('',*,*,#119,.F.);
#136 = ORIENTED_EDGE('',*,*,#137,.T.);
#137 = EDGE_CURVE('',#120,#120,#138,.T.);
#138 = CIRCLE('',#139,0.3);
#139 = AXIS2_PLACEMENT_3D('',#140,#141,#142);
#140 = CARTESIAN_POINT('',(0.,-1.110223024625E-16,-2.5));
#141 = DIRECTION('',(-0.,2.22044604925E-16,1.));
#142 = DIRECTION('',(1.,0.,0.));
#143 = CYLINDRICAL_SURFACE('',#144,0.3);
#144 = AXIS2_PLACEMENT_3D('',#145,#146,#147);
#145 = CARTESIAN_POINT('',(0.,7.216449660064E-16,1.25));
#146 = DIRECTION('',(0.,2.22044604925E-16,1.));
#147 = DIRECTION('',(1.,0.,-0.));
#148 = ADVANCED_FACE('',(#149),#152,.T.);
#149 = FACE_BOUND('',#150,.F.);
#150 = EDGE_LOOP('',(#151));
#151 = ORIENTED_EDGE('',*,*,#137,.T.);
#152 = PLANE('',#153);
#153 = AXIS2_PLACEMENT_3D('',#154,#155,#156);
#154 = CARTESIAN_POINT('',(0.3,-1.110223024625E-16,-2.5));
#155 = DIRECTION('',(0.,0.,-1.));
#156 = DIRECTION('',(-1.,0.,0.));
#157 = ADVANCED_FACE('',(#158),#178,.T.);
#158 = FACE_BOUND('',#159,.T.);
#159 = EDGE_LOOP('',(#160,#169,#176,#177));
#160 = ORIENTED_EDGE('',*,*,#161,.T.);
#161 = EDGE_CURVE('',#122,#162,#164,.T.);
#162 = VERTEX_POINT('',#163);
#163 = CARTESIAN_POINT('',(0.6,7.882583474839E-16,1.55));
#164 = CIRCLE('',#165,0.3);
#165 = AXIS2_PLACEMENT_3D('',#166,#167,#168);
#166 = CARTESIAN_POINT('',(0.6,8.318631779296E-16,1.25));
#167 = DIRECTION('',(0.,1.,-2.22044604925E-16));
#168 = DIRECTION('',(1.,0.,0.));
#169 = ORIENTED_EDGE('',*,*,#170,.T.);
#170 = EDGE_CURVE('',#162,#162,#171,.T.);
#171 = CIRCLE('',#172,0.3);
#172 = AXIS2_PLACEMENT_3D('',#173,#174,#175);
#173 = CARTESIAN_POINT('',(0.6,8.548717289614E-16,1.85));
#174 = DIRECTION('',(-1.,-4.078893220341E-32,-1.836970198721E-16));
#175 = DIRECTION('',(-1.836970198721E-16,2.22044604925E-16,1.));
#176 = ORIENTED_EDGE('',*,*,#161,.F.);
#177 = ORIENTED_EDGE('',*,*,#129,.T.);
#178 = TOROIDAL_SURFACE('',#179,0.6,0.3);
#179 = AXIS2_PLACEMENT_3D('',#180,#181,#182);
#180 = CARTESIAN_POINT('',(0.6,7.216449660064E-16,1.25));
#181 = DIRECTION('',(0.,1.,-2.22044604925E-16));
#182 = DIRECTION('',(1.,0.,0.));
#183 = ADVANCED_FACE('',(#184),#203,.T.);
#184 = FACE_BOUND('',#185,.T.);
#185 = EDGE_LOOP('',(#186,#187,#195,#202));
#186 = ORIENTED_EDGE('',*,*,#170,.F.);
#187 = ORIENTED_EDGE('',*,*,#188,.T.);
#188 = EDGE_CURVE('',#162,#189,#191,.T.);
#189 = VERTEX_POINT('',#190);
#190 = CARTESIAN_POINT('',(1.21,7.882583474839E-16,1.55));
#191 = LINE('',#192,#193);
#192 = CARTESIAN_POINT('',(0.6,7.882583474839E-16,1.55));
#193 = VECTOR('',#194,1.);
#194 = DIRECTION('',(1.,0.,0.));
#195 = ORIENTED_EDGE('',*,*,#196,.F.);
#196 = EDGE_CURVE('',#189,#189,#197,.T.);
#197 = CIRCLE('',#198,0.3);
#198 = AXIS2_PLACEMENT_3D('',#199,#200,#201);
#199 = CARTESIAN_POINT('',(1.21,8.548717289614E-16,1.85));
#200 = DIRECTION('',(1.,0.,0.));
#201 = DIRECTION('',(0.,-2.22044604925E-16,-1.));
#202 = ORIENTED_EDGE('',*,*,#188,.F.);
#203 = CYLINDRICAL_SURFACE('',#204,0.3);
#204 = AXIS2_PLACEMENT_3D('',#205,#206,#207);
#205 = CARTESIAN_POINT('',(0.6,8.548717289614E-16,1.85));
#206 = DIRECTION('',(1.,0.,0.));
#207 = DIRECTION('',(0.,-2.22044604925E-16,-1.));
#208 = ADVANCED_FACE('',(#209,#220),#223,.F.);
#209 = FACE_BOUND('',#210,.T.);
#210 = EDGE_LOOP('',(#211));
#211 = ORIENTED_EDGE('',*,*,#212,.F.);
#212 = EDGE_CURVE('',#213,#213,#215,.T.);
#213 = VERTEX_POINT('',#214);
#214 = CARTESIAN_POINT('',(1.21,2.13162820728E-15,3.2));
#215 = CIRCLE('',#216,1.35);
#216 = AXIS2_PLACEMENT_3D('',#217,#218,#219);
#217 = CARTESIAN_POINT('',(1.21,8.215650382226E-16,1.85));
#218 = DIRECTION('',(1.,0.,-0.));
#219 = DIRECTION('',(0.,9.70417162265E-16,1.));
#220 = FACE_BOUND('',#221,.T.);
#221 = EDGE_LOOP('',(#222));
#222 = ORIENTED_EDGE('',*,*,#196,.T.);
#223 = PLANE('',#224);
#224 = AXIS2_PLACEMENT_3D('',#225,#226,#227);
#225 = CARTESIAN_POINT('',(1.21,8.215650382226E-16,1.85));
#226 = DIRECTION('',(1.,0.,0.));
#227 = DIRECTION('',(-0.,9.70417162265E-16,1.));
#228 = ADVANCED_FACE('',(#229),#248,.T.);
#229 = FACE_BOUND('',#230,.T.);
#230 = EDGE_LOOP('',(#231,#239,#240,#241));
#231 = ORIENTED_EDGE('',*,*,#232,.F.);
#232 = EDGE_CURVE('',#213,#233,#235,.T.);
#233 = VERTEX_POINT('',#234);
#234 = CARTESIAN_POINT('',(1.99,2.13162820728E-15,3.2));
#235 = LINE('',#236,#237);
#236 = CARTESIAN_POINT('',(1.21,2.13162820728E-15,3.2));
#237 = VECTOR('',#238,1.);
#238 = DIRECTION('',(1.,0.,0.));
#239 = ORIENTED_EDGE('',*,*,#212,.T.);
#240 = ORIENTED_EDGE('',*,*,#232,.T.);
#241 = ORIENTED_EDGE('',*,*,#242,.F.);
#242 = EDGE_CURVE('',#233,#233,#243,.T.);
#243 = CIRCLE('',#244,1.35);
#244 = AXIS2_PLACEMENT_3D('',#245,#246,#247);
#245 = CARTESIAN_POINT('',(1.99,8.215650382226E-16,1.85));
#246 = DIRECTION('',(1.,0.,-0.));
#247 = DIRECTION('',(0.,9.70417162265E-16,1.));
#248 = CYLINDRICAL_SURFACE('',#249,1.35);
#249 = AXIS2_PLACEMENT_3D('',#250,#251,#252);
#250 = CARTESIAN_POINT('',(1.21,8.215650382226E-16,1.85));
#251 = DIRECTION('',(1.,0.,0.));
#252 = DIRECTION('',(-0.,9.70417162265E-16,1.));
#253 = ADVANCED_FACE('',(#254,#265),#268,.F.);
#254 = FACE_BOUND('',#255,.T.);
#255 = EDGE_LOOP('',(#256));
#256 = ORIENTED_EDGE('',*,*,#257,.F.);
#257 = EDGE_CURVE('',#258,#258,#260,.T.);
#258 = VERTEX_POINT('',#259);
#259 = CARTESIAN_POINT('',(1.99,2.138289545428E-15,3.21));
#260 = CIRCLE('',#261,1.36);
#261 = AXIS2_PLACEMENT_3D('',#262,#263,#264);
#262 = CARTESIAN_POINT('',(1.99,8.215650382226E-16,1.85));
#263 = DIRECTION('',(1.,0.,-0.));
#264 = DIRECTION('',(0.,9.681797847099E-16,1.));
#265 = FACE_BOUND('',#266,.T.);
#266 = EDGE_LOOP('',(#267));
#267 = ORIENTED_EDGE('',*,*,#242,.T.);
#268 = PLANE('',#269);
#269 = AXIS2_PLACEMENT_3D('',#270,#271,#272);
#270 = CARTESIAN_POINT('',(1.99,8.215650382226E-16,1.85));
#271 = DIRECTION('',(1.,0.,0.));
#272 = DIRECTION('',(-0.,9.726879335149E-16,1.));
#273 = ADVANCED_FACE('',(#274),#293,.T.);
#274 = FACE_BOUND('',#275,.T.);
#275 = EDGE_LOOP('',(#276,#277,#285,#292));
#276 = ORIENTED_EDGE('',*,*,#257,.T.);
#277 = ORIENTED_EDGE('',*,*,#278,.T.);
#278 = EDGE_CURVE('',#258,#279,#281,.T.);
#279 = VERTEX_POINT('',#280);
#280 = CARTESIAN_POINT('',(3.29,2.138289545428E-15,3.21));
#281 = LINE('',#282,#283);
#282 = CARTESIAN_POINT('',(1.99,2.138289545428E-15,3.21));
#283 = VECTOR('',#284,1.);
#284 = DIRECTION('',(1.,0.,0.));
#285 = ORIENTED_EDGE('',*,*,#286,.F.);
#286 = EDGE_CURVE('',#279,#279,#287,.T.);
#287 = CIRCLE('',#288,1.36);
#288 = AXIS2_PLACEMENT_3D('',#289,#290,#291);
#289 = CARTESIAN_POINT('',(3.29,8.215650382226E-16,1.85));
#290 = DIRECTION('',(1.,0.,-0.));
#291 = DIRECTION('',(0.,9.681797847099E-16,1.));
#292 = ORIENTED_EDGE('',*,*,#278,.F.);
#293 = CYLINDRICAL_SURFACE('',#294,1.36);
#294 = AXIS2_PLACEMENT_3D('',#295,#296,#297);
#295 = CARTESIAN_POINT('',(1.99,8.215650382226E-16,1.85));
#296 = DIRECTION('',(1.,0.,0.));
#297 = DIRECTION('',(-0.,9.681797847099E-16,1.));
#298 = ADVANCED_FACE('',(#299,#302),#313,.T.);
#299 = FACE_BOUND('',#300,.T.);
#300 = EDGE_LOOP('',(#301));
#301 = ORIENTED_EDGE('',*,*,#286,.T.);
#302 = FACE_BOUND('',#303,.T.);
#303 = EDGE_LOOP('',(#304));
#304 = ORIENTED_EDGE('',*,*,#305,.F.);
#305 = EDGE_CURVE('',#306,#306,#308,.T.);
#306 = VERTEX_POINT('',#307);
#307 = CARTESIAN_POINT('',(3.29,2.13162820728E-15,3.2));
#308 = CIRCLE('',#309,1.35);
#309 = AXIS2_PLACEMENT_3D('',#310,#311,#312);
#310 = CARTESIAN_POINT('',(3.29,8.215650382226E-16,1.85));
#311 = DIRECTION('',(1.,0.,-0.));
#312 = DIRECTION('',(0.,9.70417162265E-16,1.));
#313 = PLANE('',#314);
#314 = AXIS2_PLACEMENT_3D('',#315,#316,#317);
#315 = CARTESIAN_POINT('',(3.29,8.215650382226E-16,1.85));
#316 = DIRECTION('',(1.,0.,0.));
#317 = DIRECTION('',(-0.,9.681797847099E-16,1.));
#318 = ADVANCED_FACE('',(#319),#338,.T.);
#319 = FACE_BOUND('',#320,.T.);
#320 = EDGE_LOOP('',(#321,#322,#330,#337));
#321 = ORIENTED_EDGE('',*,*,#305,.T.);
#322 = ORIENTED_EDGE('',*,*,#323,.T.);
#323 = EDGE_CURVE('',#306,#324,#326,.T.);
#324 = VERTEX_POINT('',#325);
#325 = CARTESIAN_POINT('',(6.41,2.13162820728E-15,3.2));
#326 = LINE('',#327,#328);
#327 = CARTESIAN_POINT('',(1.21,2.13162820728E-15,3.2));
#328 = VECTOR('',#329,1.);
#329 = DIRECTION('',(1.,0.,0.));
#330 = ORIENTED_EDGE('',*,*,#331,.F.);
#331 = EDGE_CURVE('',#324,#324,#332,.T.);
#332 = CIRCLE('',#333,1.35);
#333 = AXIS2_PLACEMENT_3D('',#334,#335,#336);
#334 = CARTESIAN_POINT('',(6.41,8.215650382226E-16,1.85));
#335 = DIRECTION('',(1.,0.,-0.));
#336 = DIRECTION('',(0.,9.70417162265E-16,1.));
#337 = ORIENTED_EDGE('',*,*,#323,.F.);
#338 = CYLINDRICAL_SURFACE('',#339,1.35);
#339 = AXIS2_PLACEMENT_3D('',#340,#341,#342);
#340 = CARTESIAN_POINT('',(1.21,8.215650382226E-16,1.85));
#341 = DIRECTION('',(1.,0.,0.));
#342 = DIRECTION('',(-0.,9.70417162265E-16,1.));
#343 = ADVANCED_FACE('',(#344,#347),#358,.T.);
#344 = FACE_BOUND('',#345,.F.);
#345 = EDGE_LOOP('',(#346));
#346 = ORIENTED_EDGE('',*,*,#331,.F.);
#347 = FACE_BOUND('',#348,.F.);
#348 = EDGE_LOOP('',(#349));
#349 = ORIENTED_EDGE('',*,*,#350,.T.);
#350 = EDGE_CURVE('',#351,#351,#353,.T.);
#351 = VERTEX_POINT('',#352);
#352 = CARTESIAN_POINT('',(6.41,7.882583474839E-16,1.55));
#353 = CIRCLE('',#354,0.3);
#354 = AXIS2_PLACEMENT_3D('',#355,#356,#357);
#355 = CARTESIAN_POINT('',(6.41,8.548717289614E-16,1.85));
#356 = DIRECTION('',(1.,0.,0.));
#357 = DIRECTION('',(0.,-2.22044604925E-16,-1.));
#358 = PLANE('',#359);
#359 = AXIS2_PLACEMENT_3D('',#360,#361,#362);
#360 = CARTESIAN_POINT('',(6.41,8.215650382226E-16,1.85));
#361 = DIRECTION('',(1.,0.,0.));
#362 = DIRECTION('',(-0.,9.70417162265E-16,1.));
#363 = ADVANCED_FACE('',(#364),#383,.T.);
#364 = FACE_BOUND('',#365,.T.);
#365 = EDGE_LOOP('',(#366,#367,#375,#382));
#366 = ORIENTED_EDGE('',*,*,#350,.T.);
#367 = ORIENTED_EDGE('',*,*,#368,.T.);
#368 = EDGE_CURVE('',#351,#369,#371,.T.);
#369 = VERTEX_POINT('',#370);
#370 = CARTESIAN_POINT('',(7.02,7.882583474839E-16,1.55));
#371 = LINE('',#372,#373);
#372 = CARTESIAN_POINT('',(0.6,7.882583474839E-16,1.55));
#373 = VECTOR('',#374,1.);
#374 = DIRECTION('',(1.,0.,0.));
#375 = ORIENTED_EDGE('',*,*,#376,.F.);
#376 = EDGE_CURVE('',#369,#369,#377,.T.);
#377 = CIRCLE('',#378,0.3);
#378 = AXIS2_PLACEMENT_3D('',#379,#380,#381);
#379 = CARTESIAN_POINT('',(7.02,8.548717289614E-16,1.85));
#380 = DIRECTION('',(1.,0.,0.));
#381 = DIRECTION('',(0.,-2.22044604925E-16,-1.));
#382 = ORIENTED_EDGE('',*,*,#368,.F.);
#383 = CYLINDRICAL_SURFACE('',#384,0.3);
#384 = AXIS2_PLACEMENT_3D('',#385,#386,#387);
#385 = CARTESIAN_POINT('',(0.6,8.548717289614E-16,1.85));
#386 = DIRECTION('',(1.,0.,0.));
#387 = DIRECTION('',(0.,-2.22044604925E-16,-1.));
#388 = ADVANCED_FACE('',(#389),#409,.T.);
#389 = FACE_BOUND('',#390,.T.);
#390 = EDGE_LOOP('',(#391,#400,#407,#408));
#391 = ORIENTED_EDGE('',*,*,#392,.T.);
#392 = EDGE_CURVE('',#369,#393,#395,.T.);
#393 = VERTEX_POINT('',#394);
#394 = CARTESIAN_POINT('',(7.32,7.216449660064E-16,1.25));
#395 = CIRCLE('',#396,0.3);
#396 = AXIS2_PLACEMENT_3D('',#397,#398,#399);
#397 = CARTESIAN_POINT('',(7.02,8.318631779296E-16,1.25));
#398 = DIRECTION('',(0.,1.,-2.22044604925E-16));
#399 = DIRECTION('',(1.,0.,0.));
#400 = ORIENTED_EDGE('',*,*,#401,.T.);
#401 = EDGE_CURVE('',#393,#393,#402,.T.);
#402 = CIRCLE('',#403,0.3);
#403 = AXIS2_PLACEMENT_3D('',#404,#405,#406);
#404 = CARTESIAN_POINT('',(7.62,7.216449660064E-16,1.25));
#405 = DIRECTION('',(-2.449293598295E-16,2.22044604925E-16,1.));
#406 = DIRECTION('',(1.,5.438524293788E-32,2.449293598295E-16));
#407 = ORIENTED_EDGE('',*,*,#392,.F.);
#408 = ORIENTED_EDGE('',*,*,#376,.T.);
#409 = TOROIDAL_SURFACE('',#410,0.6,0.3);
#410 = AXIS2_PLACEMENT_3D('',#411,#412,#413);
#411 = CARTESIAN_POINT('',(7.02,7.216449660064E-16,1.25));
#412 = DIRECTION('',(0.,1.,-2.22044604925E-16));
#413 = DIRECTION('',(1.,0.,0.));
#414 = ADVANCED_FACE('',(#415),#434,.T.);
#415 = FACE_BOUND('',#416,.T.);
#416 = EDGE_LOOP('',(#417,#425,#432,#433));
#417 = ORIENTED_EDGE('',*,*,#418,.T.);
#418 = EDGE_CURVE('',#393,#419,#421,.T.);
#419 = VERTEX_POINT('',#420);
#420 = CARTESIAN_POINT('',(7.32,-1.845011104114E-16,-2.5));
#421 = LINE('',#422,#423);
#422 = CARTESIAN_POINT('',(7.32,7.216449660064E-16,1.25));
#423 = VECTOR('',#424,1.);
#424 = DIRECTION('',(0.,-2.22044604925E-16,-1.));
#425 = ORIENTED_EDGE('',*,*,#426,.F.);
#426 = EDGE_CURVE('',#419,#419,#427,.T.);
#427 = CIRCLE('',#428,0.3);
#428 = AXIS2_PLACEMENT_3D('',#429,#430,#431);
#429 = CARTESIAN_POINT('',(7.62,-1.110223024625E-16,-2.5));
#430 = DIRECTION('',(-0.,-2.22044604925E-16,-1.));
#431 = DIRECTION('',(-1.,0.,0.));
#432 = ORIENTED_EDGE('',*,*,#418,.F.);
#433 = ORIENTED_EDGE('',*,*,#401,.F.);
#434 = CYLINDRICAL_SURFACE('',#435,0.3);
#435 = AXIS2_PLACEMENT_3D('',#436,#437,#438);
#436 = CARTESIAN_POINT('',(7.62,7.216449660064E-16,1.25));
#437 = DIRECTION('',(0.,-2.22044604925E-16,-1.));
#438 = DIRECTION('',(-1.,-0.,0.));
#439 = ADVANCED_FACE('',(#440),#443,.F.);
#440 = FACE_BOUND('',#441,.T.);
#441 = EDGE_LOOP('',(#442));
#442 = ORIENTED_EDGE('',*,*,#426,.T.);
#443 = PLANE('',#444);
#444 = AXIS2_PLACEMENT_3D('',#445,#446,#447);
#445 = CARTESIAN_POINT('',(7.32,-1.110223024625E-16,-2.5));
#446 = DIRECTION('',(0.,0.,1.));
#447 = DIRECTION('',(1.,0.,-0.));
#448 = ( GEOMETRIC_REPRESENTATION_CONTEXT(3) 
GLOBAL_UNCERTAINTY_ASSIGNED_CONTEXT((#452)) GLOBAL_UNIT_ASSIGNED_CONTEXT
((#449,#450,#451)) REPRESENTATION_CONTEXT('Context #1',
  '3D Context with UNIT and UNCERTAINTY') );
#449 = ( LENGTH_UNIT() NAMED_UNIT(*) SI_UNIT(.MILLI.,.METRE.) );
#450 = ( NAMED_UNIT(*) PLANE_ANGLE_UNIT() SI_UNIT($,.RADIAN.) );
#451 = ( NAMED_UNIT(*) SI_UNIT($,.STERADIAN.) SOLID_ANGLE_UNIT() );
#452 = UNCERTAINTY_MEASURE_WITH_UNIT(LENGTH_MEASURE(1.E-07),#449,
  'distance_accuracy_value','confusion accuracy');
#453 = CONTEXT_DEPENDENT_SHAPE_REPRESENTATION(#454,#456);
#454 = ( REPRESENTATION_RELATIONSHIP('','',#112,#10) 
REPRESENTATION_RELATIONSHIP_WITH_TRANSFORMATION(#455) 
SHAPE_REPRESENTATION_RELATIONSHIP() );
#455 = ITEM_DEFINED_TRANSFORMATION('','',#11,#15);
#456 = PRODUCT_DEFINITION_SHAPE('Placement','Placement of an item',#457
  );
#457 = NEXT_ASSEMBLY_USAGE_OCCURRENCE('1','D5','',#5,#107,$);
#458 = PRODUCT_RELATED_PRODUCT_CATEGORY('part',$,(#109));
#459 = SHAPE_DEFINITION_REPRESENTATION(#460,#466);
#460 = PRODUCT_DEFINITION_SHAPE('','',#461);
#461 = PRODUCT_DEFINITION('design','',#462,#465);
#462 = PRODUCT_DEFINITION_FORMATION('','',#463);
#463 = PRODUCT('PinHeader_1x02_P2.54mm_Horizontal',
  'PinHeader_1x02_P2.54mm_Horizontal','',(#464));
#464 = PRODUCT_CONTEXT('',#2,'mechanical');
#465 = PRODUCT_DEFINITION_CONTEXT('part definition',#2,'design');
#466 = ADVANCED_BREP_SHAPE_REPRESENTATION('',(#11,#467),#2101);
#467 = MANIFOLD_SOLID_BREP('',#468);
#468 = CLOSED_SHELL('',(#469,#509,#540,#571,#736,#901,#918,#935,#952,
    #969,#986,#1003,#1020,#1037,#1054,#1071,#1083,#1114,#1163,#1187,
    #1229,#1260,#1309,#1333,#1375,#1406,#1430,#1454,#1471,#1502,#1526,
    #1550,#1567,#1584,#1601,#1618,#1649,#1680,#1697,#1714,#1731,#1762,
    #1793,#1824,#1848,#1872,#1889,#1920,#1944,#1968,#1985,#2002,#2019,
    #2031,#2048,#2065,#2077,#2089));
#469 = ADVANCED_FACE('',(#470),#504,.T.);
#470 = FACE_BOUND('',#471,.T.);
#471 = EDGE_LOOP('',(#472,#482,#490,#498));
#472 = ORIENTED_EDGE('',*,*,#473,.T.);
#473 = EDGE_CURVE('',#474,#476,#478,.T.);
#474 = VERTEX_POINT('',#475);
#475 = CARTESIAN_POINT('',(1.5,1.27,0.254));
#476 = VERTEX_POINT('',#477);
#477 = CARTESIAN_POINT('',(4.04,1.27,0.254));
#478 = LINE('',#479,#480);
#479 = CARTESIAN_POINT('',(1.5,1.27,0.254));
#480 = VECTOR('',#481,1.);
#481 = DIRECTION('',(1.,0.,0.));
#482 = ORIENTED_EDGE('',*,*,#483,.T.);
#483 = EDGE_CURVE('',#476,#484,#486,.T.);
#484 = VERTEX_POINT('',#485);
#485 = CARTESIAN_POINT('',(4.04,1.016,0.));
#486 = LINE('',#487,#488);
#487 = CARTESIAN_POINT('',(4.04,1.27,0.254));
#488 = VECTOR('',#489,1.);
#489 = DIRECTION('',(0.,-0.707106781187,-0.707106781187));
#490 = ORIENTED_EDGE('',*,*,#491,.F.);
#491 = EDGE_CURVE('',#492,#484,#494,.T.);
#492 = VERTEX_POINT('',#493);
#493 = CARTESIAN_POINT('',(1.5,1.016,0.));
#494 = LINE('',#495,#496);
#495 = CARTESIAN_POINT('',(1.5,1.016,0.));
#496 = VECTOR('',#497,1.);
#497 = DIRECTION('',(1.,0.,0.));
#498 = ORIENTED_EDGE('',*,*,#499,.F.);
#499 = EDGE_CURVE('',#474,#492,#500,.T.);
#500 = LINE('',#501,#502);
#501 = CARTESIAN_POINT('',(1.5,1.27,0.254));
#502 = VECTOR('',#503,1.);
#503 = DIRECTION('',(0.,-0.707106781187,-0.707106781187));
#504 = PLANE('',#505);
#505 = AXIS2_PLACEMENT_3D('',#506,#507,#508);
#506 = CARTESIAN_POINT('',(1.5,1.27,0.254));
#507 = DIRECTION('',(0.,0.707106781187,-0.707106781187));
#508 = DIRECTION('',(0.,-0.707106781187,-0.707106781187));
#509 = ADVANCED_FACE('',(#510),#535,.T.);
#510 = FACE_BOUND('',#511,.T.);
#511 = EDGE_LOOP('',(#512,#522,#528,#529));
#512 = ORIENTED_EDGE('',*,*,#513,.T.);
#513 = EDGE_CURVE('',#514,#516,#518,.T.);
#514 = VERTEX_POINT('',#515);
#515 = CARTESIAN_POINT('',(1.5,1.27,2.286));
#516 = VERTEX_POINT('',#517);
#517 = CARTESIAN_POINT('',(4.04,1.27,2.286));
#518 = LINE('',#519,#520);
#519 = CARTESIAN_POINT('',(1.5,1.27,2.286));
#520 = VECTOR('',#521,1.);
#521 = DIRECTION('',(1.,0.,0.));
#522 = ORIENTED_EDGE('',*,*,#523,.T.);
#523 = EDGE_CURVE('',#516,#476,#524,.T.);
#524 = LINE('',#525,#526);
#525 = CARTESIAN_POINT('',(4.04,1.27,2.286));
#526 = VECTOR('',#527,1.);
#527 = DIRECTION('',(0.,0.,-1.));
#528 = ORIENTED_EDGE('',*,*,#473,.F.);
#529 = ORIENTED_EDGE('',*,*,#530,.F.);
#530 = EDGE_CURVE('',#514,#474,#531,.T.);
#531 = LINE('',#532,#533);
#532 = CARTESIAN_POINT('',(1.5,1.27,2.286));
#533 = VECTOR('',#534,1.);
#534 = DIRECTION('',(0.,0.,-1.));
#535 = PLANE('',#536);
#536 = AXIS2_PLACEMENT_3D('',#537,#538,#539);
#537 = CARTESIAN_POINT('',(1.5,1.27,2.286));
#538 = DIRECTION('',(0.,1.,0.));
#539 = DIRECTION('',(0.,0.,-1.));
#540 = ADVANCED_FACE('',(#541),#566,.T.);
#541 = FACE_BOUND('',#542,.T.);
#542 = EDGE_LOOP('',(#543,#544,#552,#560));
#543 = ORIENTED_EDGE('',*,*,#491,.T.);
#544 = ORIENTED_EDGE('',*,*,#545,.T.);
#545 = EDGE_CURVE('',#484,#546,#548,.T.);
#546 = VERTEX_POINT('',#547);
#547 = CARTESIAN_POINT('',(4.04,-1.016,0.));
#548 = LINE('',#549,#550);
#549 = CARTESIAN_POINT('',(4.04,1.016,0.));
#550 = VECTOR('',#551,1.);
#551 = DIRECTION('',(0.,-1.,0.));
#552 = ORIENTED_EDGE('',*,*,#553,.F.);
#553 = EDGE_CURVE('',#554,#546,#556,.T.);
#554 = VERTEX_POINT('',#555);
#555 = CARTESIAN_POINT('',(1.5,-1.016,0.));
#556 = LINE('',#557,#558);
#557 = CARTESIAN_POINT('',(1.5,-1.016,0.));
#558 = VECTOR('',#559,1.);
#559 = DIRECTION('',(1.,0.,0.));
#560 = ORIENTED_EDGE('',*,*,#561,.F.);
#561 = EDGE_CURVE('',#492,#554,#562,.T.);
#562 = LINE('',#563,#564);
#563 = CARTESIAN_POINT('',(1.5,1.016,0.));
#564 = VECTOR('',#565,1.);
#565 = DIRECTION('',(0.,-1.,0.));
#566 = PLANE('',#567);
#567 = AXIS2_PLACEMENT_3D('',#568,#569,#570);
#568 = CARTESIAN_POINT('',(1.5,1.016,0.));
#569 = DIRECTION('',(-0.,-0.,-1.));
#570 = DIRECTION('',(0.,-1.,0.));
#571 = ADVANCED_FACE('',(#572,#663,#697),#731,.T.);
#572 = FACE_BOUND('',#573,.T.);
#573 = EDGE_LOOP('',(#574,#575,#576,#584,#592,#600,#608,#616,#624,#632,
    #640,#648,#656,#662));
#574 = ORIENTED_EDGE('',*,*,#499,.T.);
#575 = ORIENTED_EDGE('',*,*,#561,.T.);
#576 = ORIENTED_EDGE('',*,*,#577,.T.);
#577 = EDGE_CURVE('',#554,#578,#580,.T.);
#578 = VERTEX_POINT('',#579);
#579 = CARTESIAN_POINT('',(1.5,-1.27,0.254));
#580 = LINE('',#581,#582);
#581 = CARTESIAN_POINT('',(1.5,-1.016,0.));
#582 = VECTOR('',#583,1.);
#583 = DIRECTION('',(0.,-0.707106781187,0.707106781187));
#584 = ORIENTED_EDGE('',*,*,#585,.T.);
#585 = EDGE_CURVE('',#578,#586,#588,.T.);
#586 = VERTEX_POINT('',#587);
#587 = CARTESIAN_POINT('',(1.5,-1.524,0.));
#588 = LINE('',#589,#590);
#589 = CARTESIAN_POINT('',(1.5,-1.27,0.254));
#590 = VECTOR('',#591,1.);
#591 = DIRECTION('',(0.,-0.707106781187,-0.707106781187));
#592 = ORIENTED_EDGE('',*,*,#593,.T.);
#593 = EDGE_CURVE('',#586,#594,#596,.T.);
#594 = VERTEX_POINT('',#595);
#595 = CARTESIAN_POINT('',(1.5,-3.556,0.));
#596 = LINE('',#597,#598);
#597 = CARTESIAN_POINT('',(1.5,-1.524,0.));
#598 = VECTOR('',#599,1.);
#599 = DIRECTION('',(0.,-1.,0.));
#600 = ORIENTED_EDGE('',*,*,#601,.T.);
#601 = EDGE_CURVE('',#594,#602,#604,.T.);
#602 = VERTEX_POINT('',#603);
#603 = CARTESIAN_POINT('',(1.5,-3.81,0.254));
#604 = LINE('',#605,#606);
#605 = CARTESIAN_POINT('',(1.5,-3.556,0.));
#606 = VECTOR('',#607,1.);
#607 = DIRECTION('',(0.,-0.707106781187,0.707106781187));
#608 = ORIENTED_EDGE('',*,*,#609,.T.);
#609 = EDGE_CURVE('',#602,#610,#612,.T.);
#610 = VERTEX_POINT('',#611);
#611 = CARTESIAN_POINT('',(1.5,-3.81,2.286));
#612 = LINE('',#613,#614);
#613 = CARTESIAN_POINT('',(1.5,-3.81,0.254));
#614 = VECTOR('',#615,1.);
#615 = DIRECTION('',(0.,0.,1.));
#616 = ORIENTED_EDGE('',*,*,#617,.T.);
#617 = EDGE_CURVE('',#610,#618,#620,.T.);
#618 = VERTEX_POINT('',#619);
#619 = CARTESIAN_POINT('',(1.5,-3.556,2.54));
#620 = LINE('',#621,#622);
#621 = CARTESIAN_POINT('',(1.5,-3.81,2.286));
#622 = VECTOR('',#623,1.);
#623 = DIRECTION('',(0.,0.707106781187,0.707106781187));
#624 = ORIENTED_EDGE('',*,*,#625,.T.);
#625 = EDGE_CURVE('',#618,#626,#628,.T.);
#626 = VERTEX_POINT('',#627);
#627 = CARTESIAN_POINT('',(1.5,-1.524,2.54));
#628 = LINE('',#629,#630);
#629 = CARTESIAN_POINT('',(1.5,-3.556,2.54));
#630 = VECTOR('',#631,1.);
#631 = DIRECTION('',(0.,1.,0.));
#632 = ORIENTED_EDGE('',*,*,#633,.T.);
#633 = EDGE_CURVE('',#626,#634,#636,.T.);
#634 = VERTEX_POINT('',#635);
#635 = CARTESIAN_POINT('',(1.5,-1.27,2.286));
#636 = LINE('',#637,#638);
#637 = CARTESIAN_POINT('',(1.5,-1.524,2.54));
#638 = VECTOR('',#639,1.);
#639 = DIRECTION('',(0.,0.707106781187,-0.707106781187));
#640 = ORIENTED_EDGE('',*,*,#641,.T.);
#641 = EDGE_CURVE('',#634,#642,#644,.T.);
#642 = VERTEX_POINT('',#643);
#643 = CARTESIAN_POINT('',(1.5,-1.016,2.54));
#644 = LINE('',#645,#646);
#645 = CARTESIAN_POINT('',(1.5,-1.27,2.286));
#646 = VECTOR('',#647,1.);
#647 = DIRECTION('',(0.,0.707106781187,0.707106781187));
#648 = ORIENTED_EDGE('',*,*,#649,.T.);
#649 = EDGE_CURVE('',#642,#650,#652,.T.);
#650 = VERTEX_POINT('',#651);
#651 = CARTESIAN_POINT('',(1.5,1.016,2.54));
#652 = LINE('',#653,#654);
#653 = CARTESIAN_POINT('',(1.5,-1.016,2.54));
#654 = VECTOR('',#655,1.);
#655 = DIRECTION('',(0.,1.,0.));
#656 = ORIENTED_EDGE('',*,*,#657,.T.);
#657 = EDGE_CURVE('',#650,#514,#658,.T.);
#658 = LINE('',#659,#660);
#659 = CARTESIAN_POINT('',(1.5,1.016,2.54));
#660 = VECTOR('',#661,1.);
#661 = DIRECTION('',(0.,0.707106781187,-0.707106781187));
#662 = ORIENTED_EDGE('',*,*,#530,.T.);
#663 = FACE_BOUND('',#664,.T.);
#664 = EDGE_LOOP('',(#665,#675,#683,#691));
#665 = ORIENTED_EDGE('',*,*,#666,.F.);
#666 = EDGE_CURVE('',#667,#669,#671,.T.);
#667 = VERTEX_POINT('',#668);
#668 = CARTESIAN_POINT('',(1.5,0.32,0.95));
#669 = VERTEX_POINT('',#670);
#670 = CARTESIAN_POINT('',(1.5,-0.32,0.95));
#671 = LINE('',#672,#673);
#672 = CARTESIAN_POINT('',(1.5,-0.475,0.95));
#673 = VECTOR('',#674,1.);
#674 = DIRECTION('',(-3.925005374637E-32,-1.,0.));
#675 = ORIENTED_EDGE('',*,*,#676,.F.);
#676 = EDGE_CURVE('',#677,#667,#679,.T.);
#677 = VERTEX_POINT('',#678);
#678 = CARTESIAN_POINT('',(1.5,0.32,1.59));
#679 = LINE('',#680,#681);
#680 = CARTESIAN_POINT('',(1.5,0.32,0.924540133779));
#681 = VECTOR('',#682,1.);
#682 = DIRECTION('',(3.797522772768E-32,6.630961875715E-34,-1.));
#683 = ORIENTED_EDGE('',*,*,#684,.F.);
#684 = EDGE_CURVE('',#685,#677,#687,.T.);
#685 = VERTEX_POINT('',#686);
#686 = CARTESIAN_POINT('',(1.5,-0.32,1.59));
#687 = LINE('',#688,#689);
#688 = CARTESIAN_POINT('',(1.5,-0.475,1.59));
#689 = VECTOR('',#690,1.);
#690 = DIRECTION('',(3.925005374637E-32,1.,8.412415711776E-49));
#691 = ORIENTED_EDGE('',*,*,#692,.T.);
#692 = EDGE_CURVE('',#685,#669,#693,.T.);
#693 = LINE('',#694,#695);
#694 = CARTESIAN_POINT('',(1.5,-0.32,0.924540133779));
#695 = VECTOR('',#696,1.);
#696 = DIRECTION('',(3.797522772768E-32,6.630961875715E-34,-1.));
#697 = FACE_BOUND('',#698,.T.);
#698 = EDGE_LOOP('',(#699,#709,#717,#725));
#699 = ORIENTED_EDGE('',*,*,#700,.F.);
#700 = EDGE_CURVE('',#701,#703,#705,.T.);
#701 = VERTEX_POINT('',#702);
#702 = CARTESIAN_POINT('',(1.5,-2.22,0.95));
#703 = VERTEX_POINT('',#704);
#704 = CARTESIAN_POINT('',(1.5,-2.86,0.95));
#705 = LINE('',#706,#707);
#706 = CARTESIAN_POINT('',(1.5,-1.745,0.95));
#707 = VECTOR('',#708,1.);
#708 = DIRECTION('',(-3.925005374637E-32,-1.,0.));
#709 = ORIENTED_EDGE('',*,*,#710,.F.);
#710 = EDGE_CURVE('',#711,#701,#713,.T.);
#711 = VERTEX_POINT('',#712);
#712 = CARTESIAN_POINT('',(1.5,-2.22,1.59));
#713 = LINE('',#714,#715);
#714 = CARTESIAN_POINT('',(1.5,-2.22,0.924540133779));
#715 = VECTOR('',#716,1.);
#716 = DIRECTION('',(3.797522772768E-32,6.630961875715E-34,-1.));
#717 = ORIENTED_EDGE('',*,*,#718,.F.);
#718 = EDGE_CURVE('',#719,#711,#721,.T.);
#719 = VERTEX_POINT('',#720);
#720 = CARTESIAN_POINT('',(1.5,-2.86,1.59));
#721 = LINE('',#722,#723);
#722 = CARTESIAN_POINT('',(1.5,-1.745,1.59));
#723 = VECTOR('',#724,1.);
#724 = DIRECTION('',(3.925005374637E-32,1.,8.412415711776E-49));
#725 = ORIENTED_EDGE('',*,*,#726,.T.);
#726 = EDGE_CURVE('',#719,#703,#727,.T.);
#727 = LINE('',#728,#729);
#728 = CARTESIAN_POINT('',(1.5,-2.86,0.924540133779));
#729 = VECTOR('',#730,1.);
#730 = DIRECTION('',(3.797522772768E-32,6.630961875715E-34,-1.));
#731 = PLANE('',#732);
#732 = AXIS2_PLACEMENT_3D('',#733,#734,#735);
#733 = CARTESIAN_POINT('',(1.5,-1.27,1.27));
#734 = DIRECTION('',(-1.,3.925005374637E-32,-3.797522772768E-32));
#735 = DIRECTION('',(-3.925005374637E-32,-1.,0.));
#736 = ADVANCED_FACE('',(#737,#828,#862),#896,.F.);
#737 = FACE_BOUND('',#738,.F.);
#738 = EDGE_LOOP('',(#739,#740,#741,#749,#757,#765,#773,#781,#789,#797,
    #805,#813,#821,#827));
#739 = ORIENTED_EDGE('',*,*,#483,.T.);
#740 = ORIENTED_EDGE('',*,*,#545,.T.);
#741 = ORIENTED_EDGE('',*,*,#742,.T.);
#742 = EDGE_CURVE('',#546,#743,#745,.T.);
#743 = VERTEX_POINT('',#744);
#744 = CARTESIAN_POINT('',(4.04,-1.27,0.254));
#745 = LINE('',#746,#747);
#746 = CARTESIAN_POINT('',(4.04,-1.016,0.));
#747 = VECTOR('',#748,1.);
#748 = DIRECTION('',(0.,-0.707106781187,0.707106781187));
#749 = ORIENTED_EDGE('',*,*,#750,.T.);
#750 = EDGE_CURVE('',#743,#751,#753,.T.);
#751 = VERTEX_POINT('',#752);
#752 = CARTESIAN_POINT('',(4.04,-1.524,0.));
#753 = LINE('',#754,#755);
#754 = CARTESIAN_POINT('',(4.04,-1.27,0.254));
#755 = VECTOR('',#756,1.);
#756 = DIRECTION('',(0.,-0.707106781187,-0.707106781187));
#757 = ORIENTED_EDGE('',*,*,#758,.T.);
#758 = EDGE_CURVE('',#751,#759,#761,.T.);
#759 = VERTEX_POINT('',#760);
#760 = CARTESIAN_POINT('',(4.04,-3.556,0.));
#761 = LINE('',#762,#763);
#762 = CARTESIAN_POINT('',(4.04,-1.524,0.));
#763 = VECTOR('',#764,1.);
#764 = DIRECTION('',(0.,-1.,0.));
#765 = ORIENTED_EDGE('',*,*,#766,.T.);
#766 = EDGE_CURVE('',#759,#767,#769,.T.);
#767 = VERTEX_POINT('',#768);
#768 = CARTESIAN_POINT('',(4.04,-3.81,0.254));
#769 = LINE('',#770,#771);
#770 = CARTESIAN_POINT('',(4.04,-3.556,0.));
#771 = VECTOR('',#772,1.);
#772 = DIRECTION('',(0.,-0.707106781187,0.707106781187));
#773 = ORIENTED_EDGE('',*,*,#774,.T.);
#774 = EDGE_CURVE('',#767,#775,#777,.T.);
#775 = VERTEX_POINT('',#776);
#776 = CARTESIAN_POINT('',(4.04,-3.81,2.286));
#777 = LINE('',#778,#779);
#778 = CARTESIAN_POINT('',(4.04,-3.81,0.254));
#779 = VECTOR('',#780,1.);
#780 = DIRECTION('',(0.,0.,1.));
#781 = ORIENTED_EDGE('',*,*,#782,.T.);
#782 = EDGE_CURVE('',#775,#783,#785,.T.);
#783 = VERTEX_POINT('',#784);
#784 = CARTESIAN_POINT('',(4.04,-3.556,2.54));
#785 = LINE('',#786,#787);
#786 = CARTESIAN_POINT('',(4.04,-3.81,2.286));
#787 = VECTOR('',#788,1.);
#788 = DIRECTION('',(0.,0.707106781187,0.707106781187));
#789 = ORIENTED_EDGE('',*,*,#790,.T.);
#790 = EDGE_CURVE('',#783,#791,#793,.T.);
#791 = VERTEX_POINT('',#792);
#792 = CARTESIAN_POINT('',(4.04,-1.524,2.54));
#793 = LINE('',#794,#795);
#794 = CARTESIAN_POINT('',(4.04,-3.556,2.54));
#795 = VECTOR('',#796,1.);
#796 = DIRECTION('',(0.,1.,0.));
#797 = ORIENTED_EDGE('',*,*,#798,.T.);
#798 = EDGE_CURVE('',#791,#799,#801,.T.);
#799 = VERTEX_POINT('',#800);
#800 = CARTESIAN_POINT('',(4.04,-1.27,2.286));
#801 = LINE('',#802,#803);
#802 = CARTESIAN_POINT('',(4.04,-1.524,2.54));
#803 = VECTOR('',#804,1.);
#804 = DIRECTION('',(0.,0.707106781187,-0.707106781187));
#805 = ORIENTED_EDGE('',*,*,#806,.T.);
#806 = EDGE_CURVE('',#799,#807,#809,.T.);
#807 = VERTEX_POINT('',#808);
#808 = CARTESIAN_POINT('',(4.04,-1.016,2.54));
#809 = LINE('',#810,#811);
#810 = CARTESIAN_POINT('',(4.04,-1.27,2.286));
#811 = VECTOR('',#812,1.);
#812 = DIRECTION('',(0.,0.707106781187,0.707106781187));
#813 = ORIENTED_EDGE('',*,*,#814,.T.);
#814 = EDGE_CURVE('',#807,#815,#817,.T.);
#815 = VERTEX_POINT('',#816);
#816 = CARTESIAN_POINT('',(4.04,1.016,2.54));
#817 = LINE('',#818,#819);
#818 = CARTESIAN_POINT('',(4.04,-1.016,2.54));
#819 = VECTOR('',#820,1.);
#820 = DIRECTION('',(0.,1.,0.));
#821 = ORIENTED_EDGE('',*,*,#822,.T.);
#822 = EDGE_CURVE('',#815,#516,#823,.T.);
#823 = LINE('',#824,#825);
#824 = CARTESIAN_POINT('',(4.04,1.016,2.54));
#825 = VECTOR('',#826,1.);
#826 = DIRECTION('',(0.,0.707106781187,-0.707106781187));
#827 = ORIENTED_EDGE('',*,*,#523,.T.);
#828 = FACE_BOUND('',#829,.F.);
#829 = EDGE_LOOP('',(#830,#840,#848,#856));
#830 = ORIENTED_EDGE('',*,*,#831,.F.);
#831 = EDGE_CURVE('',#832,#834,#836,.T.);
#832 = VERTEX_POINT('',#833);
#833 = CARTESIAN_POINT('',(4.04,0.32,0.95));
#834 = VERTEX_POINT('',#835);
#835 = CARTESIAN_POINT('',(4.04,-0.32,0.95));
#836 = LINE('',#837,#838);
#837 = CARTESIAN_POINT('',(4.04,-0.475,0.95));
#838 = VECTOR('',#839,1.);
#839 = DIRECTION('',(-3.925005374637E-32,-1.,0.));
#840 = ORIENTED_EDGE('',*,*,#841,.F.);
#841 = EDGE_CURVE('',#842,#832,#844,.T.);
#842 = VERTEX_POINT('',#843);
#843 = CARTESIAN_POINT('',(4.04,0.32,1.59));
#844 = LINE('',#845,#846);
#845 = CARTESIAN_POINT('',(4.04,0.32,0.924540133779));
#846 = VECTOR('',#847,1.);
#847 = DIRECTION('',(3.797522772768E-32,6.630961875715E-34,-1.));
#848 = ORIENTED_EDGE('',*,*,#849,.F.);
#849 = EDGE_CURVE('',#850,#842,#852,.T.);
#850 = VERTEX_POINT('',#851);
#851 = CARTESIAN_POINT('',(4.04,-0.32,1.59));
#852 = LINE('',#853,#854);
#853 = CARTESIAN_POINT('',(4.04,-0.475,1.59));
#854 = VECTOR('',#855,1.);
#855 = DIRECTION('',(3.925005374637E-32,1.,8.412415711776E-49));
#856 = ORIENTED_EDGE('',*,*,#857,.T.);
#857 = EDGE_CURVE('',#850,#834,#858,.T.);
#858 = LINE('',#859,#860);
#859 = CARTESIAN_POINT('',(4.04,-0.32,0.924540133779));
#860 = VECTOR('',#861,1.);
#861 = DIRECTION('',(3.797522772768E-32,6.630961875715E-34,-1.));
#862 = FACE_BOUND('',#863,.F.);
#863 = EDGE_LOOP('',(#864,#874,#882,#890));
#864 = ORIENTED_EDGE('',*,*,#865,.F.);
#865 = EDGE_CURVE('',#866,#868,#870,.T.);
#866 = VERTEX_POINT('',#867);
#867 = CARTESIAN_POINT('',(4.04,-2.22,0.95));
#868 = VERTEX_POINT('',#869);
#869 = CARTESIAN_POINT('',(4.04,-2.86,0.95));
#870 = LINE('',#871,#872);
#871 = CARTESIAN_POINT('',(4.04,-1.745,0.95));
#872 = VECTOR('',#873,1.);
#873 = DIRECTION('',(-3.925005374637E-32,-1.,0.));
#874 = ORIENTED_EDGE('',*,*,#875,.F.);
#875 = EDGE_CURVE('',#876,#866,#878,.T.);
#876 = VERTEX_POINT('',#877);
#877 = CARTESIAN_POINT('',(4.04,-2.22,1.59));
#878 = LINE('',#879,#880);
#879 = CARTESIAN_POINT('',(4.04,-2.22,0.924540133779));
#880 = VECTOR('',#881,1.);
#881 = DIRECTION('',(3.797522772768E-32,6.630961875715E-34,-1.));
#882 = ORIENTED_EDGE('',*,*,#883,.F.);
#883 = EDGE_CURVE('',#884,#876,#886,.T.);
#884 = VERTEX_POINT('',#885);
#885 = CARTESIAN_POINT('',(4.04,-2.86,1.59));
#886 = LINE('',#887,#888);
#887 = CARTESIAN_POINT('',(4.04,-1.745,1.59));
#888 = VECTOR('',#889,1.);
#889 = DIRECTION('',(3.925005374637E-32,1.,8.412415711776E-49));
#890 = ORIENTED_EDGE('',*,*,#891,.T.);
#891 = EDGE_CURVE('',#884,#868,#892,.T.);
#892 = LINE('',#893,#894);
#893 = CARTESIAN_POINT('',(4.04,-2.86,0.924540133779));
#894 = VECTOR('',#895,1.);
#895 = DIRECTION('',(3.797522772768E-32,6.630961875715E-34,-1.));
#896 = PLANE('',#897);
#897 = AXIS2_PLACEMENT_3D('',#898,#899,#900);
#898 = CARTESIAN_POINT('',(4.04,-1.27,1.27));
#899 = DIRECTION('',(-1.,3.925005374637E-32,-3.797522772768E-32));
#900 = DIRECTION('',(-3.925005374637E-32,-1.,0.));
#901 = ADVANCED_FACE('',(#902),#913,.T.);
#902 = FACE_BOUND('',#903,.T.);
#903 = EDGE_LOOP('',(#904,#910,#911,#912));
#904 = ORIENTED_EDGE('',*,*,#905,.T.);
#905 = EDGE_CURVE('',#650,#815,#906,.T.);
#906 = LINE('',#907,#908);
#907 = CARTESIAN_POINT('',(1.5,1.016,2.54));
#908 = VECTOR('',#909,1.);
#909 = DIRECTION('',(1.,0.,0.));
#910 = ORIENTED_EDGE('',*,*,#822,.T.);
#911 = ORIENTED_EDGE('',*,*,#513,.F.);
#912 = ORIENTED_EDGE('',*,*,#657,.F.);
#913 = PLANE('',#914);
#914 = AXIS2_PLACEMENT_3D('',#915,#916,#917);
#915 = CARTESIAN_POINT('',(1.5,1.016,2.54));
#916 = DIRECTION('',(0.,0.707106781187,0.707106781187));
#917 = DIRECTION('',(0.,0.707106781187,-0.707106781187));
#918 = ADVANCED_FACE('',(#919),#930,.T.);
#919 = FACE_BOUND('',#920,.T.);
#920 = EDGE_LOOP('',(#921,#922,#923,#929));
#921 = ORIENTED_EDGE('',*,*,#553,.T.);
#922 = ORIENTED_EDGE('',*,*,#742,.T.);
#923 = ORIENTED_EDGE('',*,*,#924,.F.);
#924 = EDGE_CURVE('',#578,#743,#925,.T.);
#925 = LINE('',#926,#927);
#926 = CARTESIAN_POINT('',(1.5,-1.27,0.254));
#927 = VECTOR('',#928,1.);
#928 = DIRECTION('',(1.,0.,0.));
#929 = ORIENTED_EDGE('',*,*,#577,.F.);
#930 = PLANE('',#931);
#931 = AXIS2_PLACEMENT_3D('',#932,#933,#934);
#932 = CARTESIAN_POINT('',(1.5,-1.016,0.));
#933 = DIRECTION('',(-0.,-0.707106781187,-0.707106781187));
#934 = DIRECTION('',(0.,-0.707106781187,0.707106781187));
#935 = ADVANCED_FACE('',(#936),#947,.T.);
#936 = FACE_BOUND('',#937,.T.);
#937 = EDGE_LOOP('',(#938,#944,#945,#946));
#938 = ORIENTED_EDGE('',*,*,#939,.T.);
#939 = EDGE_CURVE('',#642,#807,#940,.T.);
#940 = LINE('',#941,#942);
#941 = CARTESIAN_POINT('',(1.5,-1.016,2.54));
#942 = VECTOR('',#943,1.);
#943 = DIRECTION('',(1.,0.,0.));
#944 = ORIENTED_EDGE('',*,*,#814,.T.);
#945 = ORIENTED_EDGE('',*,*,#905,.F.);
#946 = ORIENTED_EDGE('',*,*,#649,.F.);
#947 = PLANE('',#948);
#948 = AXIS2_PLACEMENT_3D('',#949,#950,#951);
#949 = CARTESIAN_POINT('',(1.5,-1.016,2.54));
#950 = DIRECTION('',(0.,0.,1.));
#951 = DIRECTION('',(0.,1.,0.));
#952 = ADVANCED_FACE('',(#953),#964,.T.);
#953 = FACE_BOUND('',#954,.T.);
#954 = EDGE_LOOP('',(#955,#956,#957,#963));
#955 = ORIENTED_EDGE('',*,*,#924,.T.);
#956 = ORIENTED_EDGE('',*,*,#750,.T.);
#957 = ORIENTED_EDGE('',*,*,#958,.F.);
#958 = EDGE_CURVE('',#586,#751,#959,.T.);
#959 = LINE('',#960,#961);
#960 = CARTESIAN_POINT('',(1.5,-1.524,0.));
#961 = VECTOR('',#962,1.);
#962 = DIRECTION('',(1.,0.,0.));
#963 = ORIENTED_EDGE('',*,*,#585,.F.);
#964 = PLANE('',#965);
#965 = AXIS2_PLACEMENT_3D('',#966,#967,#968);
#966 = CARTESIAN_POINT('',(1.5,-1.27,0.254));
#967 = DIRECTION('',(0.,0.707106781187,-0.707106781187));
#968 = DIRECTION('',(0.,-0.707106781187,-0.707106781187));
#969 = ADVANCED_FACE('',(#970),#981,.T.);
#970 = FACE_BOUND('',#971,.T.);
#971 = EDGE_LOOP('',(#972,#978,#979,#980));
#972 = ORIENTED_EDGE('',*,*,#973,.T.);
#973 = EDGE_CURVE('',#634,#799,#974,.T.);
#974 = LINE('',#975,#976);
#975 = CARTESIAN_POINT('',(1.5,-1.27,2.286));
#976 = VECTOR('',#977,1.);
#977 = DIRECTION('',(1.,0.,0.));
#978 = ORIENTED_EDGE('',*,*,#806,.T.);
#979 = ORIENTED_EDGE('',*,*,#939,.F.);
#980 = ORIENTED_EDGE('',*,*,#641,.F.);
#981 = PLANE('',#982);
#982 = AXIS2_PLACEMENT_3D('',#983,#984,#985);
#983 = CARTESIAN_POINT('',(1.5,-1.27,2.286));
#984 = DIRECTION('',(0.,-0.707106781187,0.707106781187));
#985 = DIRECTION('',(0.,0.707106781187,0.707106781187));
#986 = ADVANCED_FACE('',(#987),#998,.T.);
#987 = FACE_BOUND('',#988,.T.);
#988 = EDGE_LOOP('',(#989,#990,#991,#997));
#989 = ORIENTED_EDGE('',*,*,#958,.T.);
#990 = ORIENTED_EDGE('',*,*,#758,.T.);
#991 = ORIENTED_EDGE('',*,*,#992,.F.);
#992 = EDGE_CURVE('',#594,#759,#993,.T.);
#993 = LINE('',#994,#995);
#994 = CARTESIAN_POINT('',(1.5,-3.556,0.));
#995 = VECTOR('',#996,1.);
#996 = DIRECTION('',(1.,0.,0.));
#997 = ORIENTED_EDGE('',*,*,#593,.F.);
#998 = PLANE('',#999);
#999 = AXIS2_PLACEMENT_3D('',#1000,#1001,#1002);
#1000 = CARTESIAN_POINT('',(1.5,-1.524,0.));
#1001 = DIRECTION('',(-0.,-0.,-1.));
#1002 = DIRECTION('',(0.,-1.,0.));
#1003 = ADVANCED_FACE('',(#1004),#1015,.T.);
#1004 = FACE_BOUND('',#1005,.T.);
#1005 = EDGE_LOOP('',(#1006,#1012,#1013,#1014));
#1006 = ORIENTED_EDGE('',*,*,#1007,.T.);
#1007 = EDGE_CURVE('',#626,#791,#1008,.T.);
#1008 = LINE('',#1009,#1010);
#1009 = CARTESIAN_POINT('',(1.5,-1.524,2.54));
#1010 = VECTOR('',#1011,1.);
#1011 = DIRECTION('',(1.,0.,0.));
#1012 = ORIENTED_EDGE('',*,*,#798,.T.);
#1013 = ORIENTED_EDGE('',*,*,#973,.F.);
#1014 = ORIENTED_EDGE('',*,*,#633,.F.);
#1015 = PLANE('',#1016);
#1016 = AXIS2_PLACEMENT_3D('',#1017,#1018,#1019);
#1017 = CARTESIAN_POINT('',(1.5,-1.524,2.54));
#1018 = DIRECTION('',(0.,0.707106781187,0.707106781187));
#1019 = DIRECTION('',(0.,0.707106781187,-0.707106781187));
#1020 = ADVANCED_FACE('',(#1021),#1032,.T.);
#1021 = FACE_BOUND('',#1022,.T.);
#1022 = EDGE_LOOP('',(#1023,#1024,#1025,#1031));
#1023 = ORIENTED_EDGE('',*,*,#992,.T.);
#1024 = ORIENTED_EDGE('',*,*,#766,.T.);
#1025 = ORIENTED_EDGE('',*,*,#1026,.F.);
#1026 = EDGE_CURVE('',#602,#767,#1027,.T.);
#1027 = LINE('',#1028,#1029);
#1028 = CARTESIAN_POINT('',(1.5,-3.81,0.254));
#1029 = VECTOR('',#1030,1.);
#1030 = DIRECTION('',(1.,0.,0.));
#1031 = ORIENTED_EDGE('',*,*,#601,.F.);
#1032 = PLANE('',#1033);
#1033 = AXIS2_PLACEMENT_3D('',#1034,#1035,#1036);
#1034 = CARTESIAN_POINT('',(1.5,-3.556,0.));
#1035 = DIRECTION('',(-0.,-0.707106781187,-0.707106781187));
#1036 = DIRECTION('',(0.,-0.707106781187,0.707106781187));
#1037 = ADVANCED_FACE('',(#1038),#1049,.T.);
#1038 = FACE_BOUND('',#1039,.T.);
#1039 = EDGE_LOOP('',(#1040,#1046,#1047,#1048));
#1040 = ORIENTED_EDGE('',*,*,#1041,.T.);
#1041 = EDGE_CURVE('',#618,#783,#1042,.T.);
#1042 = LINE('',#1043,#1044);
#1043 = CARTESIAN_POINT('',(1.5,-3.556,2.54));
#1044 = VECTOR('',#1045,1.);
#1045 = DIRECTION('',(1.,0.,0.));
#1046 = ORIENTED_EDGE('',*,*,#790,.T.);
#1047 = ORIENTED_EDGE('',*,*,#1007,.F.);
#1048 = ORIENTED_EDGE('',*,*,#625,.F.);
#1049 = PLANE('',#1050);
#1050 = AXIS2_PLACEMENT_3D('',#1051,#1052,#1053);
#1051 = CARTESIAN_POINT('',(1.5,-3.556,2.54));
#1052 = DIRECTION('',(0.,0.,1.));
#1053 = DIRECTION('',(0.,1.,0.));
#1054 = ADVANCED_FACE('',(#1055),#1066,.T.);
#1055 = FACE_BOUND('',#1056,.T.);
#1056 = EDGE_LOOP('',(#1057,#1058,#1059,#1065));
#1057 = ORIENTED_EDGE('',*,*,#1026,.T.);
#1058 = ORIENTED_EDGE('',*,*,#774,.T.);
#1059 = ORIENTED_EDGE('',*,*,#1060,.F.);
#1060 = EDGE_CURVE('',#610,#775,#1061,.T.);
#1061 = LINE('',#1062,#1063);
#1062 = CARTESIAN_POINT('',(1.5,-3.81,2.286));
#1063 = VECTOR('',#1064,1.);
#1064 = DIRECTION('',(1.,0.,0.));
#1065 = ORIENTED_EDGE('',*,*,#609,.F.);
#1066 = PLANE('',#1067);
#1067 = AXIS2_PLACEMENT_3D('',#1068,#1069,#1070);
#1068 = CARTESIAN_POINT('',(1.5,-3.81,0.254));
#1069 = DIRECTION('',(0.,-1.,0.));
#1070 = DIRECTION('',(0.,0.,1.));
#1071 = ADVANCED_FACE('',(#1072),#1078,.T.);
#1072 = FACE_BOUND('',#1073,.T.);
#1073 = EDGE_LOOP('',(#1074,#1075,#1076,#1077));
#1074 = ORIENTED_EDGE('',*,*,#1060,.T.);
#1075 = ORIENTED_EDGE('',*,*,#782,.T.);
#1076 = ORIENTED_EDGE('',*,*,#1041,.F.);
#1077 = ORIENTED_EDGE('',*,*,#617,.F.);
#1078 = PLANE('',#1079);
#1079 = AXIS2_PLACEMENT_3D('',#1080,#1081,#1082);
#1080 = CARTESIAN_POINT('',(1.5,-3.81,2.286));
#1081 = DIRECTION('',(0.,-0.707106781187,0.707106781187));
#1082 = DIRECTION('',(0.,0.707106781187,0.707106781187));
#1083 = ADVANCED_FACE('',(#1084),#1109,.T.);
#1084 = FACE_BOUND('',#1085,.T.);
#1085 = EDGE_LOOP('',(#1086,#1094,#1095,#1103));
#1086 = ORIENTED_EDGE('',*,*,#1087,.F.);
#1087 = EDGE_CURVE('',#667,#1088,#1090,.T.);
#1088 = VERTEX_POINT('',#1089);
#1089 = CARTESIAN_POINT('',(0.32,0.32,0.95));
#1090 = LINE('',#1091,#1092);
#1091 = CARTESIAN_POINT('',(10.04,0.32,0.95));
#1092 = VECTOR('',#1093,1.);
#1093 = DIRECTION('',(-1.,0.,0.));
#1094 = ORIENTED_EDGE('',*,*,#666,.T.);
#1095 = ORIENTED_EDGE('',*,*,#1096,.T.);
#1096 = EDGE_CURVE('',#669,#1097,#1099,.T.);
#1097 = VERTEX_POINT('',#1098);
#1098 = CARTESIAN_POINT('',(0.32,-0.32,0.95));
#1099 = LINE('',#1100,#1101);
#1100 = CARTESIAN_POINT('',(10.04,-0.32,0.95));
#1101 = VECTOR('',#1102,1.);
#1102 = DIRECTION('',(-1.,0.,0.));
#1103 = ORIENTED_EDGE('',*,*,#1104,.F.);
#1104 = EDGE_CURVE('',#1088,#1097,#1105,.T.);
#1105 = LINE('',#1106,#1107);
#1106 = CARTESIAN_POINT('',(0.32,0.32,0.95));
#1107 = VECTOR('',#1108,1.);
#1108 = DIRECTION('',(0.,-1.,0.));
#1109 = PLANE('',#1110);
#1110 = AXIS2_PLACEMENT_3D('',#1111,#1112,#1113);
#1111 = CARTESIAN_POINT('',(10.04,0.32,0.95));
#1112 = DIRECTION('',(-0.,-0.,-1.));
#1113 = DIRECTION('',(-1.,0.,0.));
#1114 = ADVANCED_FACE('',(#1115),#1158,.F.);
#1115 = FACE_BOUND('',#1116,.F.);
#1116 = EDGE_LOOP('',(#1117,#1128,#1134,#1135,#1136,#1144,#1152));
#1117 = ORIENTED_EDGE('',*,*,#1118,.T.);
#1118 = EDGE_CURVE('',#1119,#1121,#1123,.T.);
#1119 = VERTEX_POINT('',#1120);
#1120 = CARTESIAN_POINT('',(-0.32,-0.32,0.95));
#1121 = VERTEX_POINT('',#1122);
#1122 = CARTESIAN_POINT('',(0.32,-0.32,1.59));
#1123 = CIRCLE('',#1124,0.64);
#1124 = AXIS2_PLACEMENT_3D('',#1125,#1126,#1127);
#1125 = CARTESIAN_POINT('',(0.32,-0.32,0.95));
#1126 = DIRECTION('',(0.,1.,0.));
#1127 = DIRECTION('',(0.,0.,-1.));
#1128 = ORIENTED_EDGE('',*,*,#1129,.T.);
#1129 = EDGE_CURVE('',#1121,#685,#1130,.T.);
#1130 = LINE('',#1131,#1132);
#1131 = CARTESIAN_POINT('',(-0.32,-0.32,1.59));
#1132 = VECTOR('',#1133,1.);
#1133 = DIRECTION('',(1.,0.,2.143287692327E-17));
#1134 = ORIENTED_EDGE('',*,*,#692,.T.);
#1135 = ORIENTED_EDGE('',*,*,#1096,.T.);
#1136 = ORIENTED_EDGE('',*,*,#1137,.T.);
#1137 = EDGE_CURVE('',#1097,#1138,#1140,.T.);
#1138 = VERTEX_POINT('',#1139);
#1139 = CARTESIAN_POINT('',(0.32,-0.32,-2.84));
#1140 = LINE('',#1141,#1142);
#1141 = CARTESIAN_POINT('',(0.32,-0.32,0.95));
#1142 = VECTOR('',#1143,1.);
#1143 = DIRECTION('',(0.,0.,-1.));
#1144 = ORIENTED_EDGE('',*,*,#1145,.T.);
#1145 = EDGE_CURVE('',#1138,#1146,#1148,.T.);
#1146 = VERTEX_POINT('',#1147);
#1147 = CARTESIAN_POINT('',(-0.32,-0.32,-2.84));
#1148 = LINE('',#1149,#1150);
#1149 = CARTESIAN_POINT('',(0.32,-0.32,-2.84));
#1150 = VECTOR('',#1151,1.);
#1151 = DIRECTION('',(-1.,0.,0.));
#1152 = ORIENTED_EDGE('',*,*,#1153,.T.);
#1153 = EDGE_CURVE('',#1146,#1119,#1154,.T.);
#1154 = LINE('',#1155,#1156);
#1155 = CARTESIAN_POINT('',(-0.32,-0.32,-3.));
#1156 = VECTOR('',#1157,1.);
#1157 = DIRECTION('',(0.,0.,1.));
#1158 = PLANE('',#1159);
#1159 = AXIS2_PLACEMENT_3D('',#1160,#1161,#1162);
#1160 = CARTESIAN_POINT('',(3.575919732441,-0.32,0.579080267559));
#1161 = DIRECTION('',(1.030170245606E-33,1.,6.630961875715E-34));
#1162 = DIRECTION('',(1.,-1.030170245606E-33,-3.284969231842E-83));
#1163 = ADVANCED_FACE('',(#1164),#1182,.T.);
#1164 = FACE_BOUND('',#1165,.T.);
#1165 = EDGE_LOOP('',(#1166,#1174,#1180,#1181));
#1166 = ORIENTED_EDGE('',*,*,#1167,.F.);
#1167 = EDGE_CURVE('',#1168,#677,#1170,.T.);
#1168 = VERTEX_POINT('',#1169);
#1169 = CARTESIAN_POINT('',(0.32,0.32,1.59));
#1170 = LINE('',#1171,#1172);
#1171 = CARTESIAN_POINT('',(-0.32,0.32,1.59));
#1172 = VECTOR('',#1173,1.);
#1173 = DIRECTION('',(1.,0.,2.143287692327E-17));
#1174 = ORIENTED_EDGE('',*,*,#1175,.T.);
#1175 = EDGE_CURVE('',#1168,#1121,#1176,.T.);
#1176 = LINE('',#1177,#1178);
#1177 = CARTESIAN_POINT('',(0.32,0.32,1.59));
#1178 = VECTOR('',#1179,1.);
#1179 = DIRECTION('',(0.,-1.,0.));
#1180 = ORIENTED_EDGE('',*,*,#1129,.T.);
#1181 = ORIENTED_EDGE('',*,*,#684,.T.);
#1182 = PLANE('',#1183);
#1183 = AXIS2_PLACEMENT_3D('',#1184,#1185,#1186);
#1184 = CARTESIAN_POINT('',(-0.32,0.32,1.59));
#1185 = DIRECTION('',(-2.143287692327E-17,0.,1.));
#1186 = DIRECTION('',(1.,0.,2.143287692327E-17));
#1187 = ADVANCED_FACE('',(#1188),#1224,.T.);
#1188 = FACE_BOUND('',#1189,.T.);
#1189 = EDGE_LOOP('',(#1190,#1199,#1200,#1201,#1202,#1210,#1218));
#1190 = ORIENTED_EDGE('',*,*,#1191,.T.);
#1191 = EDGE_CURVE('',#1192,#1168,#1194,.T.);
#1192 = VERTEX_POINT('',#1193);
#1193 = CARTESIAN_POINT('',(-0.32,0.32,0.95));
#1194 = CIRCLE('',#1195,0.64);
#1195 = AXIS2_PLACEMENT_3D('',#1196,#1197,#1198);
#1196 = CARTESIAN_POINT('',(0.32,0.32,0.95));
#1197 = DIRECTION('',(0.,1.,0.));
#1198 = DIRECTION('',(0.,0.,-1.));
#1199 = ORIENTED_EDGE('',*,*,#1167,.T.);
#1200 = ORIENTED_EDGE('',*,*,#676,.T.);
#1201 = ORIENTED_EDGE('',*,*,#1087,.T.);
#1202 = ORIENTED_EDGE('',*,*,#1203,.T.);
#1203 = EDGE_CURVE('',#1088,#1204,#1206,.T.);
#1204 = VERTEX_POINT('',#1205);
#1205 = CARTESIAN_POINT('',(0.32,0.32,-2.84));
#1206 = LINE('',#1207,#1208);
#1207 = CARTESIAN_POINT('',(0.32,0.32,0.95));
#1208 = VECTOR('',#1209,1.);
#1209 = DIRECTION('',(0.,0.,-1.));
#1210 = ORIENTED_EDGE('',*,*,#1211,.T.);
#1211 = EDGE_CURVE('',#1204,#1212,#1214,.T.);
#1212 = VERTEX_POINT('',#1213);
#1213 = CARTESIAN_POINT('',(-0.32,0.32,-2.84));
#1214 = LINE('',#1215,#1216);
#1215 = CARTESIAN_POINT('',(0.32,0.32,-2.84));
#1216 = VECTOR('',#1217,1.);
#1217 = DIRECTION('',(-1.,0.,0.));
#1218 = ORIENTED_EDGE('',*,*,#1219,.T.);
#1219 = EDGE_CURVE('',#1212,#1192,#1220,.T.);
#1220 = LINE('',#1221,#1222);
#1221 = CARTESIAN_POINT('',(-0.32,0.32,-3.));
#1222 = VECTOR('',#1223,1.);
#1223 = DIRECTION('',(0.,0.,1.));
#1224 = PLANE('',#1225);
#1225 = AXIS2_PLACEMENT_3D('',#1226,#1227,#1228);
#1226 = CARTESIAN_POINT('',(3.575919732441,0.32,0.579080267559));
#1227 = DIRECTION('',(1.030170245606E-33,1.,6.630961875715E-34));
#1228 = DIRECTION('',(1.,-1.030170245606E-33,-3.284969231842E-83));
#1229 = ADVANCED_FACE('',(#1230),#1255,.T.);
#1230 = FACE_BOUND('',#1231,.T.);
#1231 = EDGE_LOOP('',(#1232,#1240,#1241,#1249));
#1232 = ORIENTED_EDGE('',*,*,#1233,.F.);
#1233 = EDGE_CURVE('',#701,#1234,#1236,.T.);
#1234 = VERTEX_POINT('',#1235);
#1235 = CARTESIAN_POINT('',(0.32,-2.22,0.95));
#1236 = LINE('',#1237,#1238);
#1237 = CARTESIAN_POINT('',(10.04,-2.22,0.95));
#1238 = VECTOR('',#1239,1.);
#1239 = DIRECTION('',(-1.,0.,0.));
#1240 = ORIENTED_EDGE('',*,*,#700,.T.);
#1241 = ORIENTED_EDGE('',*,*,#1242,.T.);
#1242 = EDGE_CURVE('',#703,#1243,#1245,.T.);
#1243 = VERTEX_POINT('',#1244);
#1244 = CARTESIAN_POINT('',(0.32,-2.86,0.95));
#1245 = LINE('',#1246,#1247);
#1246 = CARTESIAN_POINT('',(10.04,-2.86,0.95));
#1247 = VECTOR('',#1248,1.);
#1248 = DIRECTION('',(-1.,0.,0.));
#1249 = ORIENTED_EDGE('',*,*,#1250,.F.);
#1250 = EDGE_CURVE('',#1234,#1243,#1251,.T.);
#1251 = LINE('',#1252,#1253);
#1252 = CARTESIAN_POINT('',(0.32,-2.22,0.95));
#1253 = VECTOR('',#1254,1.);
#1254 = DIRECTION('',(0.,-1.,0.));
#1255 = PLANE('',#1256);
#1256 = AXIS2_PLACEMENT_3D('',#1257,#1258,#1259);
#1257 = CARTESIAN_POINT('',(10.04,-2.22,0.95));
#1258 = DIRECTION('',(-0.,-0.,-1.));
#1259 = DIRECTION('',(-1.,0.,0.));
#1260 = ADVANCED_FACE('',(#1261),#1304,.F.);
#1261 = FACE_BOUND('',#1262,.F.);
#1262 = EDGE_LOOP('',(#1263,#1274,#1280,#1281,#1282,#1290,#1298));
#1263 = ORIENTED_EDGE('',*,*,#1264,.T.);
#1264 = EDGE_CURVE('',#1265,#1267,#1269,.T.);
#1265 = VERTEX_POINT('',#1266);
#1266 = CARTESIAN_POINT('',(-0.32,-2.86,0.95));
#1267 = VERTEX_POINT('',#1268);
#1268 = CARTESIAN_POINT('',(0.32,-2.86,1.59));
#1269 = CIRCLE('',#1270,0.64);
#1270 = AXIS2_PLACEMENT_3D('',#1271,#1272,#1273);
#1271 = CARTESIAN_POINT('',(0.32,-2.86,0.95));
#1272 = DIRECTION('',(0.,1.,0.));
#1273 = DIRECTION('',(0.,0.,-1.));
#1274 = ORIENTED_EDGE('',*,*,#1275,.T.);
#1275 = EDGE_CURVE('',#1267,#719,#1276,.T.);
#1276 = LINE('',#1277,#1278);
#1277 = CARTESIAN_POINT('',(-0.32,-2.86,1.59));
#1278 = VECTOR('',#1279,1.);
#1279 = DIRECTION('',(1.,0.,2.143287692327E-17));
#1280 = ORIENTED_EDGE('',*,*,#726,.T.);
#1281 = ORIENTED_EDGE('',*,*,#1242,.T.);
#1282 = ORIENTED_EDGE('',*,*,#1283,.T.);
#1283 = EDGE_CURVE('',#1243,#1284,#1286,.T.);
#1284 = VERTEX_POINT('',#1285);
#1285 = CARTESIAN_POINT('',(0.32,-2.86,-2.84));
#1286 = LINE('',#1287,#1288);
#1287 = CARTESIAN_POINT('',(0.32,-2.86,0.95));
#1288 = VECTOR('',#1289,1.);
#1289 = DIRECTION('',(0.,0.,-1.));
#1290 = ORIENTED_EDGE('',*,*,#1291,.T.);
#1291 = EDGE_CURVE('',#1284,#1292,#1294,.T.);
#1292 = VERTEX_POINT('',#1293);
#1293 = CARTESIAN_POINT('',(-0.32,-2.86,-2.84));
#1294 = LINE('',#1295,#1296);
#1295 = CARTESIAN_POINT('',(0.32,-2.86,-2.84));
#1296 = VECTOR('',#1297,1.);
#1297 = DIRECTION('',(-1.,0.,0.));
#1298 = ORIENTED_EDGE('',*,*,#1299,.T.);
#1299 = EDGE_CURVE('',#1292,#1265,#1300,.T.);
#1300 = LINE('',#1301,#1302);
#1301 = CARTESIAN_POINT('',(-0.32,-2.86,-3.));
#1302 = VECTOR('',#1303,1.);
#1303 = DIRECTION('',(0.,0.,1.));
#1304 = PLANE('',#1305);
#1305 = AXIS2_PLACEMENT_3D('',#1306,#1307,#1308);
#1306 = CARTESIAN_POINT('',(3.575919732441,-2.86,0.579080267559));
#1307 = DIRECTION('',(1.030170245606E-33,1.,6.630961875715E-34));
#1308 = DIRECTION('',(1.,-1.030170245606E-33,-3.284969231842E-83));
#1309 = ADVANCED_FACE('',(#1310),#1328,.T.);
#1310 = FACE_BOUND('',#1311,.T.);
#1311 = EDGE_LOOP('',(#1312,#1320,#1326,#1327));
#1312 = ORIENTED_EDGE('',*,*,#1313,.F.);
#1313 = EDGE_CURVE('',#1314,#711,#1316,.T.);
#1314 = VERTEX_POINT('',#1315);
#1315 = CARTESIAN_POINT('',(0.32,-2.22,1.59));
#1316 = LINE('',#1317,#1318);
#1317 = CARTESIAN_POINT('',(-0.32,-2.22,1.59));
#1318 = VECTOR('',#1319,1.);
#1319 = DIRECTION('',(1.,0.,2.143287692327E-17));
#1320 = ORIENTED_EDGE('',*,*,#1321,.T.);
#1321 = EDGE_CURVE('',#1314,#1267,#1322,.T.);
#1322 = LINE('',#1323,#1324);
#1323 = CARTESIAN_POINT('',(0.32,-2.22,1.59));
#1324 = VECTOR('',#1325,1.);
#1325 = DIRECTION('',(0.,-1.,0.));
#1326 = ORIENTED_EDGE('',*,*,#1275,.T.);
#1327 = ORIENTED_EDGE('',*,*,#718,.T.);
#1328 = PLANE('',#1329);
#1329 = AXIS2_PLACEMENT_3D('',#1330,#1331,#1332);
#1330 = CARTESIAN_POINT('',(-0.32,-2.22,1.59));
#1331 = DIRECTION('',(-2.143287692327E-17,0.,1.));
#1332 = DIRECTION('',(1.,0.,2.143287692327E-17));
#1333 = ADVANCED_FACE('',(#1334),#1370,.T.);
#1334 = FACE_BOUND('',#1335,.T.);
#1335 = EDGE_LOOP('',(#1336,#1345,#1346,#1347,#1348,#1356,#1364));
#1336 = ORIENTED_EDGE('',*,*,#1337,.T.);
#1337 = EDGE_CURVE('',#1338,#1314,#1340,.T.);
#1338 = VERTEX_POINT('',#1339);
#1339 = CARTESIAN_POINT('',(-0.32,-2.22,0.95));
#1340 = CIRCLE('',#1341,0.64);
#1341 = AXIS2_PLACEMENT_3D('',#1342,#1343,#1344);
#1342 = CARTESIAN_POINT('',(0.32,-2.22,0.95));
#1343 = DIRECTION('',(0.,1.,0.));
#1344 = DIRECTION('',(0.,0.,-1.));
#1345 = ORIENTED_EDGE('',*,*,#1313,.T.);
#1346 = ORIENTED_EDGE('',*,*,#710,.T.);
#1347 = ORIENTED_EDGE('',*,*,#1233,.T.);
#1348 = ORIENTED_EDGE('',*,*,#1349,.T.);
#1349 = EDGE_CURVE('',#1234,#1350,#1352,.T.);
#1350 = VERTEX_POINT('',#1351);
#1351 = CARTESIAN_POINT('',(0.32,-2.22,-2.84));
#1352 = LINE('',#1353,#1354);
#1353 = CARTESIAN_POINT('',(0.32,-2.22,0.95));
#1354 = VECTOR('',#1355,1.);
#1355 = DIRECTION('',(0.,0.,-1.));
#1356 = ORIENTED_EDGE('',*,*,#1357,.T.);
#1357 = EDGE_CURVE('',#1350,#1358,#1360,.T.);
#1358 = VERTEX_POINT('',#1359);
#1359 = CARTESIAN_POINT('',(-0.32,-2.22,-2.84));
#1360 = LINE('',#1361,#1362);
#1361 = CARTESIAN_POINT('',(0.32,-2.22,-2.84));
#1362 = VECTOR('',#1363,1.);
#1363 = DIRECTION('',(-1.,0.,0.));
#1364 = ORIENTED_EDGE('',*,*,#1365,.T.);
#1365 = EDGE_CURVE('',#1358,#1338,#1366,.T.);
#1366 = LINE('',#1367,#1368);
#1367 = CARTESIAN_POINT('',(-0.32,-2.22,-3.));
#1368 = VECTOR('',#1369,1.);
#1369 = DIRECTION('',(0.,0.,1.));
#1370 = PLANE('',#1371);
#1371 = AXIS2_PLACEMENT_3D('',#1372,#1373,#1374);
#1372 = CARTESIAN_POINT('',(3.575919732441,-2.22,0.579080267559));
#1373 = DIRECTION('',(1.030170245606E-33,1.,6.630961875715E-34));
#1374 = DIRECTION('',(1.,-1.030170245606E-33,-3.284969231842E-83));
#1375 = ADVANCED_FACE('',(#1376),#1401,.T.);
#1376 = FACE_BOUND('',#1377,.T.);
#1377 = EDGE_LOOP('',(#1378,#1386,#1394,#1400));
#1378 = ORIENTED_EDGE('',*,*,#1379,.F.);
#1379 = EDGE_CURVE('',#1380,#832,#1382,.T.);
#1380 = VERTEX_POINT('',#1381);
#1381 = CARTESIAN_POINT('',(9.88,0.32,0.95));
#1382 = LINE('',#1383,#1384);
#1383 = CARTESIAN_POINT('',(10.04,0.32,0.95));
#1384 = VECTOR('',#1385,1.);
#1385 = DIRECTION('',(-1.,0.,0.));
#1386 = ORIENTED_EDGE('',*,*,#1387,.T.);
#1387 = EDGE_CURVE('',#1380,#1388,#1390,.T.);
#1388 = VERTEX_POINT('',#1389);
#1389 = CARTESIAN_POINT('',(9.88,-0.32,0.95));
#1390 = LINE('',#1391,#1392);
#1391 = CARTESIAN_POINT('',(9.88,0.32,0.95));
#1392 = VECTOR('',#1393,1.);
#1393 = DIRECTION('',(0.,-1.,0.));
#1394 = ORIENTED_EDGE('',*,*,#1395,.T.);
#1395 = EDGE_CURVE('',#1388,#834,#1396,.T.);
#1396 = LINE('',#1397,#1398);
#1397 = CARTESIAN_POINT('',(10.04,-0.32,0.95));
#1398 = VECTOR('',#1399,1.);
#1399 = DIRECTION('',(-1.,0.,0.));
#1400 = ORIENTED_EDGE('',*,*,#831,.F.);
#1401 = PLANE('',#1402);
#1402 = AXIS2_PLACEMENT_3D('',#1403,#1404,#1405);
#1403 = CARTESIAN_POINT('',(10.04,0.32,0.95));
#1404 = DIRECTION('',(-0.,-0.,-1.));
#1405 = DIRECTION('',(-1.,0.,0.));
#1406 = ADVANCED_FACE('',(#1407),#1425,.F.);
#1407 = FACE_BOUND('',#1408,.F.);
#1408 = EDGE_LOOP('',(#1409,#1410,#1418,#1424));
#1409 = ORIENTED_EDGE('',*,*,#857,.F.);
#1410 = ORIENTED_EDGE('',*,*,#1411,.T.);
#1411 = EDGE_CURVE('',#850,#1412,#1414,.T.);
#1412 = VERTEX_POINT('',#1413);
#1413 = CARTESIAN_POINT('',(9.88,-0.32,1.59));
#1414 = LINE('',#1415,#1416);
#1415 = CARTESIAN_POINT('',(-0.32,-0.32,1.59));
#1416 = VECTOR('',#1417,1.);
#1417 = DIRECTION('',(1.,0.,2.143287692327E-17));
#1418 = ORIENTED_EDGE('',*,*,#1419,.T.);
#1419 = EDGE_CURVE('',#1412,#1388,#1420,.T.);
#1420 = LINE('',#1421,#1422);
#1421 = CARTESIAN_POINT('',(9.88,-0.32,1.59));
#1422 = VECTOR('',#1423,1.);
#1423 = DIRECTION('',(0.,0.,-1.));
#1424 = ORIENTED_EDGE('',*,*,#1395,.T.);
#1425 = PLANE('',#1426);
#1426 = AXIS2_PLACEMENT_3D('',#1427,#1428,#1429);
#1427 = CARTESIAN_POINT('',(3.575919732441,-0.32,0.579080267559));
#1428 = DIRECTION('',(1.030170245606E-33,1.,6.630961875715E-34));
#1429 = DIRECTION('',(1.,-1.030170245606E-33,-3.284969231842E-83));
#1430 = ADVANCED_FACE('',(#1431),#1449,.T.);
#1431 = FACE_BOUND('',#1432,.T.);
#1432 = EDGE_LOOP('',(#1433,#1441,#1442,#1443));
#1433 = ORIENTED_EDGE('',*,*,#1434,.F.);
#1434 = EDGE_CURVE('',#842,#1435,#1437,.T.);
#1435 = VERTEX_POINT('',#1436);
#1436 = CARTESIAN_POINT('',(9.88,0.32,1.59));
#1437 = LINE('',#1438,#1439);
#1438 = CARTESIAN_POINT('',(-0.32,0.32,1.59));
#1439 = VECTOR('',#1440,1.);
#1440 = DIRECTION('',(1.,0.,2.143287692327E-17));
#1441 = ORIENTED_EDGE('',*,*,#849,.F.);
#1442 = ORIENTED_EDGE('',*,*,#1411,.T.);
#1443 = ORIENTED_EDGE('',*,*,#1444,.F.);
#1444 = EDGE_CURVE('',#1435,#1412,#1445,.T.);
#1445 = LINE('',#1446,#1447);
#1446 = CARTESIAN_POINT('',(9.88,0.32,1.59));
#1447 = VECTOR('',#1448,1.);
#1448 = DIRECTION('',(0.,-1.,0.));
#1449 = PLANE('',#1450);
#1450 = AXIS2_PLACEMENT_3D('',#1451,#1452,#1453);
#1451 = CARTESIAN_POINT('',(-0.32,0.32,1.59));
#1452 = DIRECTION('',(-2.143287692327E-17,0.,1.));
#1453 = DIRECTION('',(1.,0.,2.143287692327E-17));
#1454 = ADVANCED_FACE('',(#1455),#1466,.T.);
#1455 = FACE_BOUND('',#1456,.T.);
#1456 = EDGE_LOOP('',(#1457,#1458,#1459,#1465));
#1457 = ORIENTED_EDGE('',*,*,#841,.F.);
#1458 = ORIENTED_EDGE('',*,*,#1434,.T.);
#1459 = ORIENTED_EDGE('',*,*,#1460,.T.);
#1460 = EDGE_CURVE('',#1435,#1380,#1461,.T.);
#1461 = LINE('',#1462,#1463);
#1462 = CARTESIAN_POINT('',(9.88,0.32,1.59));
#1463 = VECTOR('',#1464,1.);
#1464 = DIRECTION('',(0.,0.,-1.));
#1465 = ORIENTED_EDGE('',*,*,#1379,.T.);
#1466 = PLANE('',#1467);
#1467 = AXIS2_PLACEMENT_3D('',#1468,#1469,#1470);
#1468 = CARTESIAN_POINT('',(3.575919732441,0.32,0.579080267559));
#1469 = DIRECTION('',(1.030170245606E-33,1.,6.630961875715E-34));
#1470 = DIRECTION('',(1.,-1.030170245606E-33,-3.284969231842E-83));
#1471 = ADVANCED_FACE('',(#1472),#1497,.T.);
#1472 = FACE_BOUND('',#1473,.T.);
#1473 = EDGE_LOOP('',(#1474,#1482,#1490,#1496));
#1474 = ORIENTED_EDGE('',*,*,#1475,.F.);
#1475 = EDGE_CURVE('',#1476,#866,#1478,.T.);
#1476 = VERTEX_POINT('',#1477);
#1477 = CARTESIAN_POINT('',(9.88,-2.22,0.95));
#1478 = LINE('',#1479,#1480);
#1479 = CARTESIAN_POINT('',(10.04,-2.22,0.95));
#1480 = VECTOR('',#1481,1.);
#1481 = DIRECTION('',(-1.,0.,0.));
#1482 = ORIENTED_EDGE('',*,*,#1483,.T.);
#1483 = EDGE_CURVE('',#1476,#1484,#1486,.T.);
#1484 = VERTEX_POINT('',#1485);
#1485 = CARTESIAN_POINT('',(9.88,-2.86,0.95));
#1486 = LINE('',#1487,#1488);
#1487 = CARTESIAN_POINT('',(9.88,-2.22,0.95));
#1488 = VECTOR('',#1489,1.);
#1489 = DIRECTION('',(0.,-1.,0.));
#1490 = ORIENTED_EDGE('',*,*,#1491,.T.);
#1491 = EDGE_CURVE('',#1484,#868,#1492,.T.);
#1492 = LINE('',#1493,#1494);
#1493 = CARTESIAN_POINT('',(10.04,-2.86,0.95));
#1494 = VECTOR('',#1495,1.);
#1495 = DIRECTION('',(-1.,0.,0.));
#1496 = ORIENTED_EDGE('',*,*,#865,.F.);
#1497 = PLANE('',#1498);
#1498 = AXIS2_PLACEMENT_3D('',#1499,#1500,#1501);
#1499 = CARTESIAN_POINT('',(10.04,-2.22,0.95));
#1500 = DIRECTION('',(-0.,-0.,-1.));
#1501 = DIRECTION('',(-1.,0.,0.));
#1502 = ADVANCED_FACE('',(#1503),#1521,.F.);
#1503 = FACE_BOUND('',#1504,.F.);
#1504 = EDGE_LOOP('',(#1505,#1506,#1514,#1520));
#1505 = ORIENTED_EDGE('',*,*,#891,.F.);
#1506 = ORIENTED_EDGE('',*,*,#1507,.T.);
#1507 = EDGE_CURVE('',#884,#1508,#1510,.T.);
#1508 = VERTEX_POINT('',#1509);
#1509 = CARTESIAN_POINT('',(9.88,-2.86,1.59));
#1510 = LINE('',#1511,#1512);
#1511 = CARTESIAN_POINT('',(-0.32,-2.86,1.59));
#1512 = VECTOR('',#1513,1.);
#1513 = DIRECTION('',(1.,0.,2.143287692327E-17));
#1514 = ORIENTED_EDGE('',*,*,#1515,.T.);
#1515 = EDGE_CURVE('',#1508,#1484,#1516,.T.);
#1516 = LINE('',#1517,#1518);
#1517 = CARTESIAN_POINT('',(9.88,-2.86,1.59));
#1518 = VECTOR('',#1519,1.);
#1519 = DIRECTION('',(0.,0.,-1.));
#1520 = ORIENTED_EDGE('',*,*,#1491,.T.);
#1521 = PLANE('',#1522);
#1522 = AXIS2_PLACEMENT_3D('',#1523,#1524,#1525);
#1523 = CARTESIAN_POINT('',(3.575919732441,-2.86,0.579080267559));
#1524 = DIRECTION('',(1.030170245606E-33,1.,6.630961875715E-34));
#1525 = DIRECTION('',(1.,-1.030170245606E-33,-3.284969231842E-83));
#1526 = ADVANCED_FACE('',(#1527),#1545,.T.);
#1527 = FACE_BOUND('',#1528,.T.);
#1528 = EDGE_LOOP('',(#1529,#1537,#1538,#1539));
#1529 = ORIENTED_EDGE('',*,*,#1530,.F.);
#1530 = EDGE_CURVE('',#876,#1531,#1533,.T.);
#1531 = VERTEX_POINT('',#1532);
#1532 = CARTESIAN_POINT('',(9.88,-2.22,1.59));
#1533 = LINE('',#1534,#1535);
#1534 = CARTESIAN_POINT('',(-0.32,-2.22,1.59));
#1535 = VECTOR('',#1536,1.);
#1536 = DIRECTION('',(1.,0.,2.143287692327E-17));
#1537 = ORIENTED_EDGE('',*,*,#883,.F.);
#1538 = ORIENTED_EDGE('',*,*,#1507,.T.);
#1539 = ORIENTED_EDGE('',*,*,#1540,.F.);
#1540 = EDGE_CURVE('',#1531,#1508,#1541,.T.);
#1541 = LINE('',#1542,#1543);
#1542 = CARTESIAN_POINT('',(9.88,-2.22,1.59));
#1543 = VECTOR('',#1544,1.);
#1544 = DIRECTION('',(0.,-1.,0.));
#1545 = PLANE('',#1546);
#1546 = AXIS2_PLACEMENT_3D('',#1547,#1548,#1549);
#1547 = CARTESIAN_POINT('',(-0.32,-2.22,1.59));
#1548 = DIRECTION('',(-2.143287692327E-17,0.,1.));
#1549 = DIRECTION('',(1.,0.,2.143287692327E-17));
#1550 = ADVANCED_FACE('',(#1551),#1562,.T.);
#1551 = FACE_BOUND('',#1552,.T.);
#1552 = EDGE_LOOP('',(#1553,#1554,#1555,#1561));
#1553 = ORIENTED_EDGE('',*,*,#875,.F.);
#1554 = ORIENTED_EDGE('',*,*,#1530,.T.);
#1555 = ORIENTED_EDGE('',*,*,#1556,.T.);
#1556 = EDGE_CURVE('',#1531,#1476,#1557,.T.);
#1557 = LINE('',#1558,#1559);
#1558 = CARTESIAN_POINT('',(9.88,-2.22,1.59));
#1559 = VECTOR('',#1560,1.);
#1560 = DIRECTION('',(0.,0.,-1.));
#1561 = ORIENTED_EDGE('',*,*,#1475,.T.);
#1562 = PLANE('',#1563);
#1563 = AXIS2_PLACEMENT_3D('',#1564,#1565,#1566);
#1564 = CARTESIAN_POINT('',(3.575919732441,-2.22,0.579080267559));
#1565 = DIRECTION('',(1.030170245606E-33,1.,6.630961875715E-34));
#1566 = DIRECTION('',(1.,-1.030170245606E-33,-3.284969231842E-83));
#1567 = ADVANCED_FACE('',(#1568),#1579,.T.);
#1568 = FACE_BOUND('',#1569,.T.);
#1569 = EDGE_LOOP('',(#1570,#1571,#1572,#1573));
#1570 = ORIENTED_EDGE('',*,*,#1203,.F.);
#1571 = ORIENTED_EDGE('',*,*,#1104,.T.);
#1572 = ORIENTED_EDGE('',*,*,#1137,.T.);
#1573 = ORIENTED_EDGE('',*,*,#1574,.F.);
#1574 = EDGE_CURVE('',#1204,#1138,#1575,.T.);
#1575 = LINE('',#1576,#1577);
#1576 = CARTESIAN_POINT('',(0.32,0.32,-2.84));
#1577 = VECTOR('',#1578,1.);
#1578 = DIRECTION('',(0.,-1.,0.));
#1579 = PLANE('',#1580);
#1580 = AXIS2_PLACEMENT_3D('',#1581,#1582,#1583);
#1581 = CARTESIAN_POINT('',(0.32,0.32,0.95));
#1582 = DIRECTION('',(1.,0.,0.));
#1583 = DIRECTION('',(0.,0.,-1.));
#1584 = ADVANCED_FACE('',(#1585),#1596,.T.);
#1585 = FACE_BOUND('',#1586,.T.);
#1586 = EDGE_LOOP('',(#1587,#1593,#1594,#1595));
#1587 = ORIENTED_EDGE('',*,*,#1588,.T.);
#1588 = EDGE_CURVE('',#1192,#1119,#1589,.T.);
#1589 = LINE('',#1590,#1591);
#1590 = CARTESIAN_POINT('',(-0.32,0.32,0.95));
#1591 = VECTOR('',#1592,1.);
#1592 = DIRECTION('',(0.,-1.,0.));
#1593 = ORIENTED_EDGE('',*,*,#1118,.T.);
#1594 = ORIENTED_EDGE('',*,*,#1175,.F.);
#1595 = ORIENTED_EDGE('',*,*,#1191,.F.);
#1596 = CYLINDRICAL_SURFACE('',#1597,0.64);
#1597 = AXIS2_PLACEMENT_3D('',#1598,#1599,#1600);
#1598 = CARTESIAN_POINT('',(0.32,0.32,0.95));
#1599 = DIRECTION('',(0.,-1.,0.));
#1600 = DIRECTION('',(-1.,0.,0.));
#1601 = ADVANCED_FACE('',(#1602),#1613,.T.);
#1602 = FACE_BOUND('',#1603,.T.);
#1603 = EDGE_LOOP('',(#1604,#1605,#1611,#1612));
#1604 = ORIENTED_EDGE('',*,*,#1219,.F.);
#1605 = ORIENTED_EDGE('',*,*,#1606,.T.);
#1606 = EDGE_CURVE('',#1212,#1146,#1607,.T.);
#1607 = LINE('',#1608,#1609);
#1608 = CARTESIAN_POINT('',(-0.32,0.32,-2.84));
#1609 = VECTOR('',#1610,1.);
#1610 = DIRECTION('',(0.,-1.,0.));
#1611 = ORIENTED_EDGE('',*,*,#1153,.T.);
#1612 = ORIENTED_EDGE('',*,*,#1588,.F.);
#1613 = PLANE('',#1614);
#1614 = AXIS2_PLACEMENT_3D('',#1615,#1616,#1617);
#1615 = CARTESIAN_POINT('',(-0.32,0.32,-3.));
#1616 = DIRECTION('',(-1.,0.,0.));
#1617 = DIRECTION('',(0.,0.,1.));
#1618 = ADVANCED_FACE('',(#1619),#1644,.F.);
#1619 = FACE_BOUND('',#1620,.F.);
#1620 = EDGE_LOOP('',(#1621,#1629,#1637,#1643));
#1621 = ORIENTED_EDGE('',*,*,#1622,.F.);
#1622 = EDGE_CURVE('',#1623,#1138,#1625,.T.);
#1623 = VERTEX_POINT('',#1624);
#1624 = CARTESIAN_POINT('',(0.16,-0.16,-3.));
#1625 = LINE('',#1626,#1627);
#1626 = CARTESIAN_POINT('',(0.16,-0.16,-3.));
#1627 = VECTOR('',#1628,1.);
#1628 = DIRECTION('',(0.57735026919,-0.57735026919,0.57735026919));
#1629 = ORIENTED_EDGE('',*,*,#1630,.T.);
#1630 = EDGE_CURVE('',#1623,#1631,#1633,.T.);
#1631 = VERTEX_POINT('',#1632);
#1632 = CARTESIAN_POINT('',(-0.16,-0.16,-3.));
#1633 = LINE('',#1634,#1635);
#1634 = CARTESIAN_POINT('',(0.32,-0.16,-3.));
#1635 = VECTOR('',#1636,1.);
#1636 = DIRECTION('',(-1.,0.,0.));
#1637 = ORIENTED_EDGE('',*,*,#1638,.T.);
#1638 = EDGE_CURVE('',#1631,#1146,#1639,.T.);
#1639 = LINE('',#1640,#1641);
#1640 = CARTESIAN_POINT('',(-5.333333333333E-02,-5.333333333333E-02,
    -3.106666666667));
#1641 = VECTOR('',#1642,1.);
#1642 = DIRECTION('',(-0.57735026919,-0.57735026919,0.57735026919));
#1643 = ORIENTED_EDGE('',*,*,#1145,.F.);
#1644 = PLANE('',#1645);
#1645 = AXIS2_PLACEMENT_3D('',#1646,#1647,#1648);
#1646 = CARTESIAN_POINT('',(0.32,-0.24,-2.92));
#1647 = DIRECTION('',(1.735167508357E-18,0.707106781187,0.707106781187)
  );
#1648 = DIRECTION('',(-1.,1.226948711654E-18,1.226948711654E-18));
#1649 = ADVANCED_FACE('',(#1650),#1675,.T.);
#1650 = FACE_BOUND('',#1651,.F.);
#1651 = EDGE_LOOP('',(#1652,#1660,#1661,#1669));
#1652 = ORIENTED_EDGE('',*,*,#1653,.T.);
#1653 = EDGE_CURVE('',#1654,#1204,#1656,.T.);
#1654 = VERTEX_POINT('',#1655);
#1655 = CARTESIAN_POINT('',(0.16,0.16,-3.));
#1656 = LINE('',#1657,#1658);
#1657 = CARTESIAN_POINT('',(0.266666666667,0.266666666667,
    -2.893333333333));
#1658 = VECTOR('',#1659,1.);
#1659 = DIRECTION('',(0.57735026919,0.57735026919,0.57735026919));
#1660 = ORIENTED_EDGE('',*,*,#1211,.T.);
#1661 = ORIENTED_EDGE('',*,*,#1662,.T.);
#1662 = EDGE_CURVE('',#1212,#1663,#1665,.T.);
#1663 = VERTEX_POINT('',#1664);
#1664 = CARTESIAN_POINT('',(-0.16,0.16,-3.));
#1665 = LINE('',#1666,#1667);
#1666 = CARTESIAN_POINT('',(-0.16,0.16,-3.));
#1667 = VECTOR('',#1668,1.);
#1668 = DIRECTION('',(0.57735026919,-0.57735026919,-0.57735026919));
#1669 = ORIENTED_EDGE('',*,*,#1670,.F.);
#1670 = EDGE_CURVE('',#1654,#1663,#1671,.T.);
#1671 = LINE('',#1672,#1673);
#1672 = CARTESIAN_POINT('',(0.32,0.16,-3.));
#1673 = VECTOR('',#1674,1.);
#1674 = DIRECTION('',(-1.,0.,0.));
#1675 = PLANE('',#1676);
#1676 = AXIS2_PLACEMENT_3D('',#1677,#1678,#1679);
#1677 = CARTESIAN_POINT('',(0.32,0.24,-2.92));
#1678 = DIRECTION('',(-1.735167508357E-18,0.707106781187,-0.707106781187
    ));
#1679 = DIRECTION('',(1.,1.226948711654E-18,-1.226948711654E-18));
#1680 = ADVANCED_FACE('',(#1681),#1692,.T.);
#1681 = FACE_BOUND('',#1682,.T.);
#1682 = EDGE_LOOP('',(#1683,#1684,#1685,#1686));
#1683 = ORIENTED_EDGE('',*,*,#1349,.F.);
#1684 = ORIENTED_EDGE('',*,*,#1250,.T.);
#1685 = ORIENTED_EDGE('',*,*,#1283,.T.);
#1686 = ORIENTED_EDGE('',*,*,#1687,.F.);
#1687 = EDGE_CURVE('',#1350,#1284,#1688,.T.);
#1688 = LINE('',#1689,#1690);
#1689 = CARTESIAN_POINT('',(0.32,-2.22,-2.84));
#1690 = VECTOR('',#1691,1.);
#1691 = DIRECTION('',(0.,-1.,0.));
#1692 = PLANE('',#1693);
#1693 = AXIS2_PLACEMENT_3D('',#1694,#1695,#1696);
#1694 = CARTESIAN_POINT('',(0.32,-2.22,0.95));
#1695 = DIRECTION('',(1.,0.,0.));
#1696 = DIRECTION('',(0.,0.,-1.));
#1697 = ADVANCED_FACE('',(#1698),#1709,.T.);
#1698 = FACE_BOUND('',#1699,.T.);
#1699 = EDGE_LOOP('',(#1700,#1706,#1707,#1708));
#1700 = ORIENTED_EDGE('',*,*,#1701,.T.);
#1701 = EDGE_CURVE('',#1338,#1265,#1702,.T.);
#1702 = LINE('',#1703,#1704);
#1703 = CARTESIAN_POINT('',(-0.32,-2.22,0.95));
#1704 = VECTOR('',#1705,1.);
#1705 = DIRECTION('',(0.,-1.,0.));
#1706 = ORIENTED_EDGE('',*,*,#1264,.T.);
#1707 = ORIENTED_EDGE('',*,*,#1321,.F.);
#1708 = ORIENTED_EDGE('',*,*,#1337,.F.);
#1709 = CYLINDRICAL_SURFACE('',#1710,0.64);
#1710 = AXIS2_PLACEMENT_3D('',#1711,#1712,#1713);
#1711 = CARTESIAN_POINT('',(0.32,-2.22,0.95));
#1712 = DIRECTION('',(0.,-1.,0.));
#1713 = DIRECTION('',(-1.,0.,0.));
#1714 = ADVANCED_FACE('',(#1715),#1726,.T.);
#1715 = FACE_BOUND('',#1716,.T.);
#1716 = EDGE_LOOP('',(#1717,#1718,#1724,#1725));
#1717 = ORIENTED_EDGE('',*,*,#1365,.F.);
#1718 = ORIENTED_EDGE('',*,*,#1719,.T.);
#1719 = EDGE_CURVE('',#1358,#1292,#1720,.T.);
#1720 = LINE('',#1721,#1722);
#1721 = CARTESIAN_POINT('',(-0.32,-2.22,-2.84));
#1722 = VECTOR('',#1723,1.);
#1723 = DIRECTION('',(0.,-1.,0.));
#1724 = ORIENTED_EDGE('',*,*,#1299,.T.);
#1725 = ORIENTED_EDGE('',*,*,#1701,.F.);
#1726 = PLANE('',#1727);
#1727 = AXIS2_PLACEMENT_3D('',#1728,#1729,#1730);
#1728 = CARTESIAN_POINT('',(-0.32,-2.22,-3.));
#1729 = DIRECTION('',(-1.,0.,0.));
#1730 = DIRECTION('',(0.,0.,1.));
#1731 = ADVANCED_FACE('',(#1732),#1757,.F.);
#1732 = FACE_BOUND('',#1733,.F.);
#1733 = EDGE_LOOP('',(#1734,#1742,#1750,#1756));
#1734 = ORIENTED_EDGE('',*,*,#1735,.F.);
#1735 = EDGE_CURVE('',#1736,#1284,#1738,.T.);
#1736 = VERTEX_POINT('',#1737);
#1737 = CARTESIAN_POINT('',(0.16,-2.7,-3.));
#1738 = LINE('',#1739,#1740);
#1739 = CARTESIAN_POINT('',(0.16,-2.7,-3.));
#1740 = VECTOR('',#1741,1.);
#1741 = DIRECTION('',(0.57735026919,-0.57735026919,0.57735026919));
#1742 = ORIENTED_EDGE('',*,*,#1743,.T.);
#1743 = EDGE_CURVE('',#1736,#1744,#1746,.T.);
#1744 = VERTEX_POINT('',#1745);
#1745 = CARTESIAN_POINT('',(-0.16,-2.7,-3.));
#1746 = LINE('',#1747,#1748);
#1747 = CARTESIAN_POINT('',(0.32,-2.7,-3.));
#1748 = VECTOR('',#1749,1.);
#1749 = DIRECTION('',(-1.,0.,0.));
#1750 = ORIENTED_EDGE('',*,*,#1751,.T.);
#1751 = EDGE_CURVE('',#1744,#1292,#1752,.T.);
#1752 = LINE('',#1753,#1754);
#1753 = CARTESIAN_POINT('',(-5.333333333333E-02,-2.593333333333,
    -3.106666666667));
#1754 = VECTOR('',#1755,1.);
#1755 = DIRECTION('',(-0.57735026919,-0.57735026919,0.57735026919));
#1756 = ORIENTED_EDGE('',*,*,#1291,.F.);
#1757 = PLANE('',#1758);
#1758 = AXIS2_PLACEMENT_3D('',#1759,#1760,#1761);
#1759 = CARTESIAN_POINT('',(0.32,-2.78,-2.92));
#1760 = DIRECTION('',(1.735167508357E-18,0.707106781187,0.707106781187)
  );
#1761 = DIRECTION('',(-1.,1.226948711654E-18,1.226948711654E-18));
#1762 = ADVANCED_FACE('',(#1763),#1788,.T.);
#1763 = FACE_BOUND('',#1764,.F.);
#1764 = EDGE_LOOP('',(#1765,#1773,#1774,#1782));
#1765 = ORIENTED_EDGE('',*,*,#1766,.T.);
#1766 = EDGE_CURVE('',#1767,#1350,#1769,.T.);
#1767 = VERTEX_POINT('',#1768);
#1768 = CARTESIAN_POINT('',(0.16,-2.38,-3.));
#1769 = LINE('',#1770,#1771);
#1770 = CARTESIAN_POINT('',(0.266666666667,-2.273333333333,
    -2.893333333333));
#1771 = VECTOR('',#1772,1.);
#1772 = DIRECTION('',(0.57735026919,0.57735026919,0.57735026919));
#1773 = ORIENTED_EDGE('',*,*,#1357,.T.);
#1774 = ORIENTED_EDGE('',*,*,#1775,.T.);
#1775 = EDGE_CURVE('',#1358,#1776,#1778,.T.);
#1776 = VERTEX_POINT('',#1777);
#1777 = CARTESIAN_POINT('',(-0.16,-2.38,-3.));
#1778 = LINE('',#1779,#1780);
#1779 = CARTESIAN_POINT('',(-0.16,-2.38,-3.));
#1780 = VECTOR('',#1781,1.);
#1781 = DIRECTION('',(0.57735026919,-0.57735026919,-0.57735026919));
#1782 = ORIENTED_EDGE('',*,*,#1783,.F.);
#1783 = EDGE_CURVE('',#1767,#1776,#1784,.T.);
#1784 = LINE('',#1785,#1786);
#1785 = CARTESIAN_POINT('',(0.32,-2.38,-3.));
#1786 = VECTOR('',#1787,1.);
#1787 = DIRECTION('',(-1.,0.,0.));
#1788 = PLANE('',#1789);
#1789 = AXIS2_PLACEMENT_3D('',#1790,#1791,#1792);
#1790 = CARTESIAN_POINT('',(0.32,-2.3,-2.92));
#1791 = DIRECTION('',(-1.735167508357E-18,0.707106781187,-0.707106781187
    ));
#1792 = DIRECTION('',(1.,1.226948711654E-18,-1.226948711654E-18));
#1793 = ADVANCED_FACE('',(#1794),#1819,.T.);
#1794 = FACE_BOUND('',#1795,.F.);
#1795 = EDGE_LOOP('',(#1796,#1804,#1805,#1813));
#1796 = ORIENTED_EDGE('',*,*,#1797,.F.);
#1797 = EDGE_CURVE('',#1380,#1798,#1800,.T.);
#1798 = VERTEX_POINT('',#1799);
#1799 = CARTESIAN_POINT('',(10.04,0.16,1.11));
#1800 = LINE('',#1801,#1802);
#1801 = CARTESIAN_POINT('',(10.04,0.16,1.11));
#1802 = VECTOR('',#1803,1.);
#1803 = DIRECTION('',(0.57735026919,-0.57735026919,0.57735026919));
#1804 = ORIENTED_EDGE('',*,*,#1387,.T.);
#1805 = ORIENTED_EDGE('',*,*,#1806,.T.);
#1806 = EDGE_CURVE('',#1388,#1807,#1809,.T.);
#1807 = VERTEX_POINT('',#1808);
#1808 = CARTESIAN_POINT('',(10.04,-0.16,1.11));
#1809 = LINE('',#1810,#1811);
#1810 = CARTESIAN_POINT('',(10.146666666667,-5.333333333333E-02,
    1.216666666667));
#1811 = VECTOR('',#1812,1.);
#1812 = DIRECTION('',(0.57735026919,0.57735026919,0.57735026919));
#1813 = ORIENTED_EDGE('',*,*,#1814,.F.);
#1814 = EDGE_CURVE('',#1798,#1807,#1815,.T.);
#1815 = LINE('',#1816,#1817);
#1816 = CARTESIAN_POINT('',(10.04,0.32,1.11));
#1817 = VECTOR('',#1818,1.);
#1818 = DIRECTION('',(0.,-1.,0.));
#1819 = PLANE('',#1820);
#1820 = AXIS2_PLACEMENT_3D('',#1821,#1822,#1823);
#1821 = CARTESIAN_POINT('',(9.96,0.32,1.03));
#1822 = DIRECTION('',(0.707106781187,0.,-0.707106781187));
#1823 = DIRECTION('',(0.,1.,0.));
#1824 = ADVANCED_FACE('',(#1825),#1843,.F.);
#1825 = FACE_BOUND('',#1826,.T.);
#1826 = EDGE_LOOP('',(#1827,#1835,#1836,#1837));
#1827 = ORIENTED_EDGE('',*,*,#1828,.F.);
#1828 = EDGE_CURVE('',#1412,#1829,#1831,.T.);
#1829 = VERTEX_POINT('',#1830);
#1830 = CARTESIAN_POINT('',(10.04,-0.16,1.43));
#1831 = LINE('',#1832,#1833);
#1832 = CARTESIAN_POINT('',(10.04,-0.16,1.43));
#1833 = VECTOR('',#1834,1.);
#1834 = DIRECTION('',(0.57735026919,0.57735026919,-0.57735026919));
#1835 = ORIENTED_EDGE('',*,*,#1419,.T.);
#1836 = ORIENTED_EDGE('',*,*,#1806,.T.);
#1837 = ORIENTED_EDGE('',*,*,#1838,.F.);
#1838 = EDGE_CURVE('',#1829,#1807,#1839,.T.);
#1839 = LINE('',#1840,#1841);
#1840 = CARTESIAN_POINT('',(10.04,-0.16,1.59));
#1841 = VECTOR('',#1842,1.);
#1842 = DIRECTION('',(0.,0.,-1.));
#1843 = PLANE('',#1844);
#1844 = AXIS2_PLACEMENT_3D('',#1845,#1846,#1847);
#1845 = CARTESIAN_POINT('',(9.96,-0.24,1.59));
#1846 = DIRECTION('',(-0.707106781187,0.707106781187,1.735167508357E-18)
  );
#1847 = DIRECTION('',(1.226948711654E-18,-1.226948711654E-18,1.));
#1848 = ADVANCED_FACE('',(#1849),#1867,.T.);
#1849 = FACE_BOUND('',#1850,.T.);
#1850 = EDGE_LOOP('',(#1851,#1859,#1860,#1861));
#1851 = ORIENTED_EDGE('',*,*,#1852,.F.);
#1852 = EDGE_CURVE('',#1435,#1853,#1855,.T.);
#1853 = VERTEX_POINT('',#1854);
#1854 = CARTESIAN_POINT('',(10.04,0.16,1.43));
#1855 = LINE('',#1856,#1857);
#1856 = CARTESIAN_POINT('',(9.933333333333,0.266666666667,1.536666666667
    ));
#1857 = VECTOR('',#1858,1.);
#1858 = DIRECTION('',(0.57735026919,-0.57735026919,-0.57735026919));
#1859 = ORIENTED_EDGE('',*,*,#1444,.T.);
#1860 = ORIENTED_EDGE('',*,*,#1828,.T.);
#1861 = ORIENTED_EDGE('',*,*,#1862,.F.);
#1862 = EDGE_CURVE('',#1853,#1829,#1863,.T.);
#1863 = LINE('',#1864,#1865);
#1864 = CARTESIAN_POINT('',(10.04,0.32,1.43));
#1865 = VECTOR('',#1866,1.);
#1866 = DIRECTION('',(0.,-1.,0.));
#1867 = PLANE('',#1868);
#1868 = AXIS2_PLACEMENT_3D('',#1869,#1870,#1871);
#1869 = CARTESIAN_POINT('',(9.96,0.32,1.51));
#1870 = DIRECTION('',(0.707106781187,-1.735167508357E-18,0.707106781187)
  );
#1871 = DIRECTION('',(-1.226948711654E-18,-1.,-1.226948711654E-18));
#1872 = ADVANCED_FACE('',(#1873),#1884,.T.);
#1873 = FACE_BOUND('',#1874,.F.);
#1874 = EDGE_LOOP('',(#1875,#1876,#1877,#1878));
#1875 = ORIENTED_EDGE('',*,*,#1852,.F.);
#1876 = ORIENTED_EDGE('',*,*,#1460,.T.);
#1877 = ORIENTED_EDGE('',*,*,#1797,.T.);
#1878 = ORIENTED_EDGE('',*,*,#1879,.F.);
#1879 = EDGE_CURVE('',#1853,#1798,#1880,.T.);
#1880 = LINE('',#1881,#1882);
#1881 = CARTESIAN_POINT('',(10.04,0.16,1.59));
#1882 = VECTOR('',#1883,1.);
#1883 = DIRECTION('',(0.,0.,-1.));
#1884 = PLANE('',#1885);
#1885 = AXIS2_PLACEMENT_3D('',#1886,#1887,#1888);
#1886 = CARTESIAN_POINT('',(9.96,0.24,1.59));
#1887 = DIRECTION('',(0.707106781187,0.707106781187,-1.735167508357E-18)
  );
#1888 = DIRECTION('',(1.226948711654E-18,1.226948711654E-18,1.));
#1889 = ADVANCED_FACE('',(#1890),#1915,.T.);
#1890 = FACE_BOUND('',#1891,.F.);
#1891 = EDGE_LOOP('',(#1892,#1900,#1901,#1909));
#1892 = ORIENTED_EDGE('',*,*,#1893,.F.);
#1893 = EDGE_CURVE('',#1476,#1894,#1896,.T.);
#1894 = VERTEX_POINT('',#1895);
#1895 = CARTESIAN_POINT('',(10.04,-2.38,1.11));
#1896 = LINE('',#1897,#1898);
#1897 = CARTESIAN_POINT('',(10.04,-2.38,1.11));
#1898 = VECTOR('',#1899,1.);
#1899 = DIRECTION('',(0.57735026919,-0.57735026919,0.57735026919));
#1900 = ORIENTED_EDGE('',*,*,#1483,.T.);
#1901 = ORIENTED_EDGE('',*,*,#1902,.T.);
#1902 = EDGE_CURVE('',#1484,#1903,#1905,.T.);
#1903 = VERTEX_POINT('',#1904);
#1904 = CARTESIAN_POINT('',(10.04,-2.7,1.11));
#1905 = LINE('',#1906,#1907);
#1906 = CARTESIAN_POINT('',(10.146666666667,-2.593333333333,
    1.216666666667));
#1907 = VECTOR('',#1908,1.);
#1908 = DIRECTION('',(0.57735026919,0.57735026919,0.57735026919));
#1909 = ORIENTED_EDGE('',*,*,#1910,.F.);
#1910 = EDGE_CURVE('',#1894,#1903,#1911,.T.);
#1911 = LINE('',#1912,#1913);
#1912 = CARTESIAN_POINT('',(10.04,-2.22,1.11));
#1913 = VECTOR('',#1914,1.);
#1914 = DIRECTION('',(0.,-1.,0.));
#1915 = PLANE('',#1916);
#1916 = AXIS2_PLACEMENT_3D('',#1917,#1918,#1919);
#1917 = CARTESIAN_POINT('',(9.96,-2.22,1.03));
#1918 = DIRECTION('',(0.707106781187,0.,-0.707106781187));
#1919 = DIRECTION('',(0.,1.,0.));
#1920 = ADVANCED_FACE('',(#1921),#1939,.F.);
#1921 = FACE_BOUND('',#1922,.T.);
#1922 = EDGE_LOOP('',(#1923,#1931,#1932,#1933));
#1923 = ORIENTED_EDGE('',*,*,#1924,.F.);
#1924 = EDGE_CURVE('',#1508,#1925,#1927,.T.);
#1925 = VERTEX_POINT('',#1926);
#1926 = CARTESIAN_POINT('',(10.04,-2.7,1.43));
#1927 = LINE('',#1928,#1929);
#1928 = CARTESIAN_POINT('',(10.04,-2.7,1.43));
#1929 = VECTOR('',#1930,1.);
#1930 = DIRECTION('',(0.57735026919,0.57735026919,-0.57735026919));
#1931 = ORIENTED_EDGE('',*,*,#1515,.T.);
#1932 = ORIENTED_EDGE('',*,*,#1902,.T.);
#1933 = ORIENTED_EDGE('',*,*,#1934,.F.);
#1934 = EDGE_CURVE('',#1925,#1903,#1935,.T.);
#1935 = LINE('',#1936,#1937);
#1936 = CARTESIAN_POINT('',(10.04,-2.7,1.59));
#1937 = VECTOR('',#1938,1.);
#1938 = DIRECTION('',(0.,0.,-1.));
#1939 = PLANE('',#1940);
#1940 = AXIS2_PLACEMENT_3D('',#1941,#1942,#1943);
#1941 = CARTESIAN_POINT('',(9.96,-2.78,1.59));
#1942 = DIRECTION('',(-0.707106781187,0.707106781187,1.735167508357E-18)
  );
#1943 = DIRECTION('',(1.226948711654E-18,-1.226948711654E-18,1.));
#1944 = ADVANCED_FACE('',(#1945),#1963,.T.);
#1945 = FACE_BOUND('',#1946,.T.);
#1946 = EDGE_LOOP('',(#1947,#1955,#1956,#1957));
#1947 = ORIENTED_EDGE('',*,*,#1948,.F.);
#1948 = EDGE_CURVE('',#1531,#1949,#1951,.T.);
#1949 = VERTEX_POINT('',#1950);
#1950 = CARTESIAN_POINT('',(10.04,-2.38,1.43));
#1951 = LINE('',#1952,#1953);
#1952 = CARTESIAN_POINT('',(9.933333333333,-2.273333333333,
    1.536666666667));
#1953 = VECTOR('',#1954,1.);
#1954 = DIRECTION('',(0.57735026919,-0.57735026919,-0.57735026919));
#1955 = ORIENTED_EDGE('',*,*,#1540,.T.);
#1956 = ORIENTED_EDGE('',*,*,#1924,.T.);
#1957 = ORIENTED_EDGE('',*,*,#1958,.F.);
#1958 = EDGE_CURVE('',#1949,#1925,#1959,.T.);
#1959 = LINE('',#1960,#1961);
#1960 = CARTESIAN_POINT('',(10.04,-2.22,1.43));
#1961 = VECTOR('',#1962,1.);
#1962 = DIRECTION('',(0.,-1.,0.));
#1963 = PLANE('',#1964);
#1964 = AXIS2_PLACEMENT_3D('',#1965,#1966,#1967);
#1965 = CARTESIAN_POINT('',(9.96,-2.22,1.51));
#1966 = DIRECTION('',(0.707106781187,-1.735167508357E-18,0.707106781187)
  );
#1967 = DIRECTION('',(-1.226948711654E-18,-1.,-1.226948711654E-18));
#1968 = ADVANCED_FACE('',(#1969),#1980,.T.);
#1969 = FACE_BOUND('',#1970,.F.);
#1970 = EDGE_LOOP('',(#1971,#1972,#1973,#1974));
#1971 = ORIENTED_EDGE('',*,*,#1948,.F.);
#1972 = ORIENTED_EDGE('',*,*,#1556,.T.);
#1973 = ORIENTED_EDGE('',*,*,#1893,.T.);
#1974 = ORIENTED_EDGE('',*,*,#1975,.F.);
#1975 = EDGE_CURVE('',#1949,#1894,#1976,.T.);
#1976 = LINE('',#1977,#1978);
#1977 = CARTESIAN_POINT('',(10.04,-2.38,1.59));
#1978 = VECTOR('',#1979,1.);
#1979 = DIRECTION('',(0.,0.,-1.));
#1980 = PLANE('',#1981);
#1981 = AXIS2_PLACEMENT_3D('',#1982,#1983,#1984);
#1982 = CARTESIAN_POINT('',(9.96,-2.3,1.59));
#1983 = DIRECTION('',(0.707106781187,0.707106781187,-1.735167508357E-18)
  );
#1984 = DIRECTION('',(1.226948711654E-18,1.226948711654E-18,1.));
#1985 = ADVANCED_FACE('',(#1986),#1997,.T.);
#1986 = FACE_BOUND('',#1987,.F.);
#1987 = EDGE_LOOP('',(#1988,#1989,#1995,#1996));
#1988 = ORIENTED_EDGE('',*,*,#1653,.F.);
#1989 = ORIENTED_EDGE('',*,*,#1990,.T.);
#1990 = EDGE_CURVE('',#1654,#1623,#1991,.T.);
#1991 = LINE('',#1992,#1993);
#1992 = CARTESIAN_POINT('',(0.16,0.32,-3.));
#1993 = VECTOR('',#1994,1.);
#1994 = DIRECTION('',(0.,-1.,0.));
#1995 = ORIENTED_EDGE('',*,*,#1622,.T.);
#1996 = ORIENTED_EDGE('',*,*,#1574,.F.);
#1997 = PLANE('',#1998);
#1998 = AXIS2_PLACEMENT_3D('',#1999,#2000,#2001);
#1999 = CARTESIAN_POINT('',(0.24,0.32,-2.92));
#2000 = DIRECTION('',(0.707106781187,1.735167508357E-18,-0.707106781187)
  );
#2001 = DIRECTION('',(-1.226948711654E-18,1.,1.226948711654E-18));
#2002 = ADVANCED_FACE('',(#2003),#2014,.T.);
#2003 = FACE_BOUND('',#2004,.F.);
#2004 = EDGE_LOOP('',(#2005,#2006,#2007,#2008));
#2005 = ORIENTED_EDGE('',*,*,#1662,.F.);
#2006 = ORIENTED_EDGE('',*,*,#1606,.T.);
#2007 = ORIENTED_EDGE('',*,*,#1638,.F.);
#2008 = ORIENTED_EDGE('',*,*,#2009,.F.);
#2009 = EDGE_CURVE('',#1663,#1631,#2010,.T.);
#2010 = LINE('',#2011,#2012);
#2011 = CARTESIAN_POINT('',(-0.16,0.32,-3.));
#2012 = VECTOR('',#2013,1.);
#2013 = DIRECTION('',(0.,-1.,0.));
#2014 = PLANE('',#2015);
#2015 = AXIS2_PLACEMENT_3D('',#2016,#2017,#2018);
#2016 = CARTESIAN_POINT('',(-0.24,0.32,-2.92));
#2017 = DIRECTION('',(-0.707106781187,-1.735167508357E-18,
    -0.707106781187));
#2018 = DIRECTION('',(-1.226948711654E-18,1.,-1.226948711654E-18));
#2019 = ADVANCED_FACE('',(#2020),#2026,.T.);
#2020 = FACE_BOUND('',#2021,.T.);
#2021 = EDGE_LOOP('',(#2022,#2023,#2024,#2025));
#2022 = ORIENTED_EDGE('',*,*,#1630,.T.);
#2023 = ORIENTED_EDGE('',*,*,#2009,.F.);
#2024 = ORIENTED_EDGE('',*,*,#1670,.F.);
#2025 = ORIENTED_EDGE('',*,*,#1990,.T.);
#2026 = PLANE('',#2027);
#2027 = AXIS2_PLACEMENT_3D('',#2028,#2029,#2030);
#2028 = CARTESIAN_POINT('',(0.32,0.32,-3.));
#2029 = DIRECTION('',(-0.,-0.,-1.));
#2030 = DIRECTION('',(-1.,0.,0.));
#2031 = ADVANCED_FACE('',(#2032),#2043,.T.);
#2032 = FACE_BOUND('',#2033,.F.);
#2033 = EDGE_LOOP('',(#2034,#2035,#2041,#2042));
#2034 = ORIENTED_EDGE('',*,*,#1766,.F.);
#2035 = ORIENTED_EDGE('',*,*,#2036,.T.);
#2036 = EDGE_CURVE('',#1767,#1736,#2037,.T.);
#2037 = LINE('',#2038,#2039);
#2038 = CARTESIAN_POINT('',(0.16,-2.22,-3.));
#2039 = VECTOR('',#2040,1.);
#2040 = DIRECTION('',(0.,-1.,0.));
#2041 = ORIENTED_EDGE('',*,*,#1735,.T.);
#2042 = ORIENTED_EDGE('',*,*,#1687,.F.);
#2043 = PLANE('',#2044);
#2044 = AXIS2_PLACEMENT_3D('',#2045,#2046,#2047);
#2045 = CARTESIAN_POINT('',(0.24,-2.22,-2.92));
#2046 = DIRECTION('',(0.707106781187,1.735167508357E-18,-0.707106781187)
  );
#2047 = DIRECTION('',(-1.226948711654E-18,1.,1.226948711654E-18));
#2048 = ADVANCED_FACE('',(#2049),#2060,.T.);
#2049 = FACE_BOUND('',#2050,.F.);
#2050 = EDGE_LOOP('',(#2051,#2052,#2053,#2054));
#2051 = ORIENTED_EDGE('',*,*,#1775,.F.);
#2052 = ORIENTED_EDGE('',*,*,#1719,.T.);
#2053 = ORIENTED_EDGE('',*,*,#1751,.F.);
#2054 = ORIENTED_EDGE('',*,*,#2055,.F.);
#2055 = EDGE_CURVE('',#1776,#1744,#2056,.T.);
#2056 = LINE('',#2057,#2058);
#2057 = CARTESIAN_POINT('',(-0.16,-2.22,-3.));
#2058 = VECTOR('',#2059,1.);
#2059 = DIRECTION('',(0.,-1.,0.));
#2060 = PLANE('',#2061);
#2061 = AXIS2_PLACEMENT_3D('',#2062,#2063,#2064);
#2062 = CARTESIAN_POINT('',(-0.24,-2.22,-2.92));
#2063 = DIRECTION('',(-0.707106781187,-1.735167508357E-18,
    -0.707106781187));
#2064 = DIRECTION('',(-1.226948711654E-18,1.,-1.226948711654E-18));
#2065 = ADVANCED_FACE('',(#2066),#2072,.T.);
#2066 = FACE_BOUND('',#2067,.T.);
#2067 = EDGE_LOOP('',(#2068,#2069,#2070,#2071));
#2068 = ORIENTED_EDGE('',*,*,#1743,.T.);
#2069 = ORIENTED_EDGE('',*,*,#2055,.F.);
#2070 = ORIENTED_EDGE('',*,*,#1783,.F.);
#2071 = ORIENTED_EDGE('',*,*,#2036,.T.);
#2072 = PLANE('',#2073);
#2073 = AXIS2_PLACEMENT_3D('',#2074,#2075,#2076);
#2074 = CARTESIAN_POINT('',(0.32,-2.22,-3.));
#2075 = DIRECTION('',(-0.,-0.,-1.));
#2076 = DIRECTION('',(-1.,0.,0.));
#2077 = ADVANCED_FACE('',(#2078),#2084,.T.);
#2078 = FACE_BOUND('',#2079,.T.);
#2079 = EDGE_LOOP('',(#2080,#2081,#2082,#2083));
#2080 = ORIENTED_EDGE('',*,*,#1838,.T.);
#2081 = ORIENTED_EDGE('',*,*,#1814,.F.);
#2082 = ORIENTED_EDGE('',*,*,#1879,.F.);
#2083 = ORIENTED_EDGE('',*,*,#1862,.T.);
#2084 = PLANE('',#2085);
#2085 = AXIS2_PLACEMENT_3D('',#2086,#2087,#2088);
#2086 = CARTESIAN_POINT('',(10.04,0.32,1.59));
#2087 = DIRECTION('',(1.,0.,0.));
#2088 = DIRECTION('',(0.,0.,-1.));
#2089 = ADVANCED_FACE('',(#2090),#2096,.T.);
#2090 = FACE_BOUND('',#2091,.T.);
#2091 = EDGE_LOOP('',(#2092,#2093,#2094,#2095));
#2092 = ORIENTED_EDGE('',*,*,#1934,.T.);
#2093 = ORIENTED_EDGE('',*,*,#1910,.F.);
#2094 = ORIENTED_EDGE('',*,*,#1975,.F.);
#2095 = ORIENTED_EDGE('',*,*,#1958,.T.);
#2096 = PLANE('',#2097);
#2097 = AXIS2_PLACEMENT_3D('',#2098,#2099,#2100);
#2098 = CARTESIAN_POINT('',(10.04,-2.22,1.59));
#2099 = DIRECTION('',(1.,0.,0.));
#2100 = DIRECTION('',(0.,0.,-1.));
#2101 = ( GEOMETRIC_REPRESENTATION_CONTEXT(3) 
GLOBAL_UNCERTAINTY_ASSIGNED_CONTEXT((#2105)) 
GLOBAL_UNIT_ASSIGNED_CONTEXT((#2102,#2103,#2104)) REPRESENTATION_CONTEXT
('Context #1','3D Context with UNIT and UNCERTAINTY') );
#2102 = ( LENGTH_UNIT() NAMED_UNIT(*) SI_UNIT(.MILLI.,.METRE.) );
#2103 = ( NAMED_UNIT(*) PLANE_ANGLE_UNIT() SI_UNIT($,.RADIAN.) );
#2104 = ( NAMED_UNIT(*) SI_UNIT($,.STERADIAN.) SOLID_ANGLE_UNIT() );
#2105 = UNCERTAINTY_MEASURE_WITH_UNIT(LENGTH_MEASURE(1.E-07),#2102,
  'distance_accuracy_value','confusion accuracy');
#2106 = CONTEXT_DEPENDENT_SHAPE_REPRESENTATION(#2107,#2109);
#2107 = ( REPRESENTATION_RELATIONSHIP('','',#466,#10) 
REPRESENTATION_RELATIONSHIP_WITH_TRANSFORMATION(#2108) 
SHAPE_REPRESENTATION_RELATIONSHIP() );
#2108 = ITEM_DEFINED_TRANSFORMATION('','',#11,#19);
#2109 = PRODUCT_DEFINITION_SHAPE('Placement','Placement of an item',
  #2110);
#2110 = NEXT_ASSEMBLY_USAGE_OCCURRENCE('2','J1','',#5,#461,$);
#2111 = PRODUCT_RELATED_PRODUCT_CATEGORY('part',$,(#463));
#2112 = SHAPE_DEFINITION_REPRESENTATION(#2113,#2119);
#2113 = PRODUCT_DEFINITION_SHAPE('','',#2114);
#2114 = PRODUCT_DEFINITION('design','',#2115,#2118);
#2115 = PRODUCT_DEFINITION_FORMATION('','',#2116);
#2116 = PRODUCT('SI2333DDS-T1-GE3','SI2333DDS-T1-GE3','',(#2117));
#2117 = PRODUCT_CONTEXT('',#2,'mechanical');
#2118 = PRODUCT_DEFINITION_CONTEXT('part definition',#2,'design');
#2119 = SHAPE_REPRESENTATION('',(#11,#2120,#2366,#2788,#3210),#3632);
#2120 = MANIFOLD_SOLID_BREP('',#2121);
#2121 = CLOSED_SHELL('',(#2122,#2162,#2193,#2224,#2246,#2258,#2289,#2313
    ,#2337,#2354));
#2122 = ADVANCED_FACE('',(#2123),#2157,.T.);
#2123 = FACE_BOUND('',#2124,.T.);
#2124 = EDGE_LOOP('',(#2125,#2135,#2143,#2151));
#2125 = ORIENTED_EDGE('',*,*,#2126,.F.);
#2126 = EDGE_CURVE('',#2127,#2129,#2131,.T.);
#2127 = VERTEX_POINT('',#2128);
#2128 = CARTESIAN_POINT('',(0.571297132567,1.12,1.381297132567));
#2129 = VERTEX_POINT('',#2130);
#2130 = CARTESIAN_POINT('',(0.571297132567,1.12,-1.381297132567));
#2131 = LINE('',#2132,#2133);
#2132 = CARTESIAN_POINT('',(0.571297132567,1.12,1.46));
#2133 = VECTOR('',#2134,1.);
#2134 = DIRECTION('',(-0.,-0.,-1.));
#2135 = ORIENTED_EDGE('',*,*,#2136,.T.);
#2136 = EDGE_CURVE('',#2127,#2137,#2139,.T.);
#2137 = VERTEX_POINT('',#2138);
#2138 = CARTESIAN_POINT('',(0.65,0.56,1.46));
#2139 = LINE('',#2140,#2141);
#2140 = CARTESIAN_POINT('',(0.65,0.56,1.46));
#2141 = VECTOR('',#2142,1.);
#2142 = DIRECTION('',(0.137844537492,-0.980814848464,0.137844537492));
#2143 = ORIENTED_EDGE('',*,*,#2144,.T.);
#2144 = EDGE_CURVE('',#2137,#2145,#2147,.T.);
#2145 = VERTEX_POINT('',#2146);
#2146 = CARTESIAN_POINT('',(0.65,0.56,-1.46));
#2147 = LINE('',#2148,#2149);
#2148 = CARTESIAN_POINT('',(0.65,0.56,1.46));
#2149 = VECTOR('',#2150,1.);
#2150 = DIRECTION('',(0.,0.,-1.));
#2151 = ORIENTED_EDGE('',*,*,#2152,.F.);
#2152 = EDGE_CURVE('',#2129,#2145,#2153,.T.);
#2153 = LINE('',#2154,#2155);
#2154 = CARTESIAN_POINT('',(0.625298548529,0.735759959897,
    -1.435298548529));
#2155 = VECTOR('',#2156,1.);
#2156 = DIRECTION('',(0.137844537492,-0.980814848464,-0.137844537492));
#2157 = PLANE('',#2158);
#2158 = AXIS2_PLACEMENT_3D('',#2159,#2160,#2161);
#2159 = CARTESIAN_POINT('',(0.65,0.56,1.46));
#2160 = DIRECTION('',(0.990268068742,0.13917310096,0.));
#2161 = DIRECTION('',(-0.13917310096,0.990268068742,0.));
#2162 = ADVANCED_FACE('',(#2163),#2188,.T.);
#2163 = FACE_BOUND('',#2164,.T.);
#2164 = EDGE_LOOP('',(#2165,#2173,#2174,#2182));
#2165 = ORIENTED_EDGE('',*,*,#2166,.F.);
#2166 = EDGE_CURVE('',#2129,#2167,#2169,.T.);
#2167 = VERTEX_POINT('',#2168);
#2168 = CARTESIAN_POINT('',(-0.571297132567,1.12,-1.381297132567));
#2169 = LINE('',#2170,#2171);
#2170 = CARTESIAN_POINT('',(-0.65,1.12,-1.381297132567));
#2171 = VECTOR('',#2172,1.);
#2172 = DIRECTION('',(-1.,0.,-0.));
#2173 = ORIENTED_EDGE('',*,*,#2152,.T.);
#2174 = ORIENTED_EDGE('',*,*,#2175,.T.);
#2175 = EDGE_CURVE('',#2145,#2176,#2178,.T.);
#2176 = VERTEX_POINT('',#2177);
#2177 = CARTESIAN_POINT('',(-0.65,0.56,-1.46));
#2178 = LINE('',#2179,#2180);
#2179 = CARTESIAN_POINT('',(-0.65,0.56,-1.46));
#2180 = VECTOR('',#2181,1.);
#2181 = DIRECTION('',(-1.,-0.,-0.));
#2182 = ORIENTED_EDGE('',*,*,#2183,.F.);
#2183 = EDGE_CURVE('',#2167,#2176,#2184,.T.);
#2184 = LINE('',#2185,#2186);
#2185 = CARTESIAN_POINT('',(-0.594516739772,0.954783909922,
    -1.404516739772));
#2186 = VECTOR('',#2187,1.);
#2187 = DIRECTION('',(-0.137844537492,-0.980814848464,-0.137844537492));
#2188 = PLANE('',#2189);
#2189 = AXIS2_PLACEMENT_3D('',#2190,#2191,#2192);
#2190 = CARTESIAN_POINT('',(-0.65,0.56,-1.46));
#2191 = DIRECTION('',(0.,0.13917310096,-0.990268068742));
#2192 = DIRECTION('',(0.,0.990268068742,0.13917310096));
#2193 = ADVANCED_FACE('',(#2194),#2219,.T.);
#2194 = FACE_BOUND('',#2195,.T.);
#2195 = EDGE_LOOP('',(#2196,#2204,#2205,#2213));
#2196 = ORIENTED_EDGE('',*,*,#2197,.F.);
#2197 = EDGE_CURVE('',#2167,#2198,#2200,.T.);
#2198 = VERTEX_POINT('',#2199);
#2199 = CARTESIAN_POINT('',(-0.571297132567,1.12,1.381297132567));
#2200 = LINE('',#2201,#2202);
#2201 = CARTESIAN_POINT('',(-0.571297132567,1.12,1.46));
#2202 = VECTOR('',#2203,1.);
#2203 = DIRECTION('',(-0.,-0.,1.));
#2204 = ORIENTED_EDGE('',*,*,#2183,.T.);
#2205 = ORIENTED_EDGE('',*,*,#2206,.T.);
#2206 = EDGE_CURVE('',#2176,#2207,#2209,.T.);
#2207 = VERTEX_POINT('',#2208);
#2208 = CARTESIAN_POINT('',(-0.65,0.56,1.46));
#2209 = LINE('',#2210,#2211);
#2210 = CARTESIAN_POINT('',(-0.65,0.56,1.46));
#2211 = VECTOR('',#2212,1.);
#2212 = DIRECTION('',(-0.,-0.,1.));
#2213 = ORIENTED_EDGE('',*,*,#2214,.F.);
#2214 = EDGE_CURVE('',#2198,#2207,#2215,.T.);
#2215 = LINE('',#2216,#2217);
#2216 = CARTESIAN_POINT('',(-0.65,0.56,1.46));
#2217 = VECTOR('',#2218,1.);
#2218 = DIRECTION('',(-0.137844537492,-0.980814848464,0.137844537492));
#2219 = PLANE('',#2220);
#2220 = AXIS2_PLACEMENT_3D('',#2221,#2222,#2223);
#2221 = CARTESIAN_POINT('',(-0.65,0.56,1.46));
#2222 = DIRECTION('',(-0.990268068742,0.13917310096,0.));
#2223 = DIRECTION('',(-0.13917310096,-0.990268068742,0.));
#2224 = ADVANCED_FACE('',(#2225),#2241,.T.);
#2225 = FACE_BOUND('',#2226,.T.);
#2226 = EDGE_LOOP('',(#2227,#2233,#2234,#2240));
#2227 = ORIENTED_EDGE('',*,*,#2228,.F.);
#2228 = EDGE_CURVE('',#2198,#2127,#2229,.T.);
#2229 = LINE('',#2230,#2231);
#2230 = CARTESIAN_POINT('',(-0.65,1.12,1.381297132567));
#2231 = VECTOR('',#2232,1.);
#2232 = DIRECTION('',(1.,-0.,-0.));
#2233 = ORIENTED_EDGE('',*,*,#2214,.T.);
#2234 = ORIENTED_EDGE('',*,*,#2235,.T.);
#2235 = EDGE_CURVE('',#2207,#2137,#2236,.T.);
#2236 = LINE('',#2237,#2238);
#2237 = CARTESIAN_POINT('',(-0.65,0.56,1.46));
#2238 = VECTOR('',#2239,1.);
#2239 = DIRECTION('',(1.,0.,0.));
#2240 = ORIENTED_EDGE('',*,*,#2136,.F.);
#2241 = PLANE('',#2242);
#2242 = AXIS2_PLACEMENT_3D('',#2243,#2244,#2245);
#2243 = CARTESIAN_POINT('',(-0.65,0.56,1.46));
#2244 = DIRECTION('',(0.,0.13917310096,0.990268068742));
#2245 = DIRECTION('',(0.,-0.990268068742,0.13917310096));
#2246 = ADVANCED_FACE('',(#2247),#2253,.T.);
#2247 = FACE_BOUND('',#2248,.T.);
#2248 = EDGE_LOOP('',(#2249,#2250,#2251,#2252));
#2249 = ORIENTED_EDGE('',*,*,#2228,.T.);
#2250 = ORIENTED_EDGE('',*,*,#2126,.T.);
#2251 = ORIENTED_EDGE('',*,*,#2166,.T.);
#2252 = ORIENTED_EDGE('',*,*,#2197,.T.);
#2253 = PLANE('',#2254);
#2254 = AXIS2_PLACEMENT_3D('',#2255,#2256,#2257);
#2255 = CARTESIAN_POINT('',(0.,1.12,0.));
#2256 = DIRECTION('',(0.,1.,0.));
#2257 = DIRECTION('',(0.,-0.,1.));
#2258 = ADVANCED_FACE('',(#2259),#2284,.T.);
#2259 = FACE_BOUND('',#2260,.T.);
#2260 = EDGE_LOOP('',(#2261,#2271,#2277,#2278));
#2261 = ORIENTED_EDGE('',*,*,#2262,.F.);
#2262 = EDGE_CURVE('',#2263,#2265,#2267,.T.);
#2263 = VERTEX_POINT('',#2264);
#2264 = CARTESIAN_POINT('',(0.509363886529,1.E-01,-1.319363886529));
#2265 = VERTEX_POINT('',#2266);
#2266 = CARTESIAN_POINT('',(0.509363886529,1.E-01,1.319363886529));
#2267 = LINE('',#2268,#2269);
#2268 = CARTESIAN_POINT('',(0.509363886529,1.E-01,1.46));
#2269 = VECTOR('',#2270,1.);
#2270 = DIRECTION('',(-0.,0.,1.));
#2271 = ORIENTED_EDGE('',*,*,#2272,.T.);
#2272 = EDGE_CURVE('',#2263,#2145,#2273,.T.);
#2273 = LINE('',#2274,#2275);
#2274 = CARTESIAN_POINT('',(0.420051161721,-0.192128759804,
    -1.230051161721));
#2275 = VECTOR('',#2276,1.);
#2276 = DIRECTION('',(0.280623595142,0.917878420979,-0.280623595142));
#2277 = ORIENTED_EDGE('',*,*,#2144,.F.);
#2278 = ORIENTED_EDGE('',*,*,#2279,.F.);
#2279 = EDGE_CURVE('',#2265,#2137,#2280,.T.);
#2280 = LINE('',#2281,#2282);
#2281 = CARTESIAN_POINT('',(0.547625517204,0.225148154882,1.357625517204
    ));
#2282 = VECTOR('',#2283,1.);
#2283 = DIRECTION('',(0.280623595142,0.917878420979,0.280623595142));
#2284 = PLANE('',#2285);
#2285 = AXIS2_PLACEMENT_3D('',#2286,#2287,#2288);
#2286 = CARTESIAN_POINT('',(0.65,0.56,1.46));
#2287 = DIRECTION('',(0.956304755963,-0.292371704723,0.));
#2288 = DIRECTION('',(0.292371704723,0.956304755963,0.));
#2289 = ADVANCED_FACE('',(#2290),#2308,.T.);
#2290 = FACE_BOUND('',#2291,.T.);
#2291 = EDGE_LOOP('',(#2292,#2300,#2301,#2302));
#2292 = ORIENTED_EDGE('',*,*,#2293,.F.);
#2293 = EDGE_CURVE('',#2265,#2294,#2296,.T.);
#2294 = VERTEX_POINT('',#2295);
#2295 = CARTESIAN_POINT('',(-0.509363886529,0.1,1.319363886529));
#2296 = LINE('',#2297,#2298);
#2297 = CARTESIAN_POINT('',(-0.65,1.E-01,1.319363886529));
#2298 = VECTOR('',#2299,1.);
#2299 = DIRECTION('',(-1.,0.,0.));
#2300 = ORIENTED_EDGE('',*,*,#2279,.T.);
#2301 = ORIENTED_EDGE('',*,*,#2235,.F.);
#2302 = ORIENTED_EDGE('',*,*,#2303,.F.);
#2303 = EDGE_CURVE('',#2294,#2207,#2304,.T.);
#2304 = LINE('',#2305,#2306);
#2305 = CARTESIAN_POINT('',(-0.65,0.56,1.46));
#2306 = VECTOR('',#2307,1.);
#2307 = DIRECTION('',(-0.280623595142,0.917878420979,0.280623595142));
#2308 = PLANE('',#2309);
#2309 = AXIS2_PLACEMENT_3D('',#2310,#2311,#2312);
#2310 = CARTESIAN_POINT('',(-0.65,0.56,1.46));
#2311 = DIRECTION('',(0.,-0.292371704723,0.956304755963));
#2312 = DIRECTION('',(0.,-0.956304755963,-0.292371704723));
#2313 = ADVANCED_FACE('',(#2314),#2332,.T.);
#2314 = FACE_BOUND('',#2315,.T.);
#2315 = EDGE_LOOP('',(#2316,#2324,#2325,#2326));
#2316 = ORIENTED_EDGE('',*,*,#2317,.F.);
#2317 = EDGE_CURVE('',#2294,#2318,#2320,.T.);
#2318 = VERTEX_POINT('',#2319);
#2319 = CARTESIAN_POINT('',(-0.509363886529,0.1,-1.319363886529));
#2320 = LINE('',#2321,#2322);
#2321 = CARTESIAN_POINT('',(-0.509363886529,1.E-01,1.46));
#2322 = VECTOR('',#2323,1.);
#2323 = DIRECTION('',(0.,0.,-1.));
#2324 = ORIENTED_EDGE('',*,*,#2303,.T.);
#2325 = ORIENTED_EDGE('',*,*,#2206,.F.);
#2326 = ORIENTED_EDGE('',*,*,#2327,.F.);
#2327 = EDGE_CURVE('',#2318,#2176,#2328,.T.);
#2328 = LINE('',#2329,#2330);
#2329 = CARTESIAN_POINT('',(-0.65,0.56,-1.46));
#2330 = VECTOR('',#2331,1.);
#2331 = DIRECTION('',(-0.280623595142,0.917878420979,-0.280623595142));
#2332 = PLANE('',#2333);
#2333 = AXIS2_PLACEMENT_3D('',#2334,#2335,#2336);
#2334 = CARTESIAN_POINT('',(-0.65,0.56,1.46));
#2335 = DIRECTION('',(-0.956304755963,-0.292371704723,0.));
#2336 = DIRECTION('',(0.292371704723,-0.956304755963,0.));
#2337 = ADVANCED_FACE('',(#2338),#2349,.T.);
#2338 = FACE_BOUND('',#2339,.T.);
#2339 = EDGE_LOOP('',(#2340,#2346,#2347,#2348));
#2340 = ORIENTED_EDGE('',*,*,#2341,.F.);
#2341 = EDGE_CURVE('',#2318,#2263,#2342,.T.);
#2342 = LINE('',#2343,#2344);
#2343 = CARTESIAN_POINT('',(-0.65,1.E-01,-1.319363886529));
#2344 = VECTOR('',#2345,1.);
#2345 = DIRECTION('',(1.,0.,0.));
#2346 = ORIENTED_EDGE('',*,*,#2327,.T.);
#2347 = ORIENTED_EDGE('',*,*,#2175,.F.);
#2348 = ORIENTED_EDGE('',*,*,#2272,.F.);
#2349 = PLANE('',#2350);
#2350 = AXIS2_PLACEMENT_3D('',#2351,#2352,#2353);
#2351 = CARTESIAN_POINT('',(-0.65,0.56,-1.46));
#2352 = DIRECTION('',(0.,-0.292371704723,-0.956304755963));
#2353 = DIRECTION('',(0.,0.956304755963,-0.292371704723));
#2354 = ADVANCED_FACE('',(#2355),#2361,.F.);
#2355 = FACE_BOUND('',#2356,.T.);
#2356 = EDGE_LOOP('',(#2357,#2358,#2359,#2360));
#2357 = ORIENTED_EDGE('',*,*,#2262,.T.);
#2358 = ORIENTED_EDGE('',*,*,#2293,.T.);
#2359 = ORIENTED_EDGE('',*,*,#2317,.T.);
#2360 = ORIENTED_EDGE('',*,*,#2341,.T.);
#2361 = PLANE('',#2362);
#2362 = AXIS2_PLACEMENT_3D('',#2363,#2364,#2365);
#2363 = CARTESIAN_POINT('',(0.,0.1,0.));
#2364 = DIRECTION('',(0.,1.,0.));
#2365 = DIRECTION('',(0.,-0.,1.));
#2366 = MANIFOLD_SOLID_BREP('',#2367);
#2367 = CLOSED_SHELL('',(#2368,#2408,#2439,#2472,#2503,#2536,#2567,#2598
    ,#2629,#2662,#2693,#2726,#2748,#2768));
#2368 = ADVANCED_FACE('',(#2369),#2403,.F.);
#2369 = FACE_BOUND('',#2370,.T.);
#2370 = EDGE_LOOP('',(#2371,#2381,#2389,#2397));
#2371 = ORIENTED_EDGE('',*,*,#2372,.T.);
#2372 = EDGE_CURVE('',#2373,#2375,#2377,.T.);
#2373 = VERTEX_POINT('',#2374);
#2374 = CARTESIAN_POINT('',(-0.65,0.56,-1.1625));
#2375 = VERTEX_POINT('',#2376);
#2376 = CARTESIAN_POINT('',(-0.631378339402,0.6925,-1.1625));
#2377 = LINE('',#2378,#2379);
#2378 = CARTESIAN_POINT('',(-0.631378339402,0.6925,-1.1625));
#2379 = VECTOR('',#2380,1.);
#2380 = DIRECTION('',(0.13917310096,0.990268068742,-0.));
#2381 = ORIENTED_EDGE('',*,*,#2382,.F.);
#2382 = EDGE_CURVE('',#2383,#2375,#2385,.T.);
#2383 = VERTEX_POINT('',#2384);
#2384 = CARTESIAN_POINT('',(-0.631378339402,0.6925,-0.7375));
#2385 = LINE('',#2386,#2387);
#2386 = CARTESIAN_POINT('',(-0.631378339402,0.6925,-0.7375));
#2387 = VECTOR('',#2388,1.);
#2388 = DIRECTION('',(-0.,-0.,-1.));
#2389 = ORIENTED_EDGE('',*,*,#2390,.F.);
#2390 = EDGE_CURVE('',#2391,#2383,#2393,.T.);
#2391 = VERTEX_POINT('',#2392);
#2392 = CARTESIAN_POINT('',(-0.65,0.56,-0.7375));
#2393 = LINE('',#2394,#2395);
#2394 = CARTESIAN_POINT('',(-0.631378339402,0.6925,-0.7375));
#2395 = VECTOR('',#2396,1.);
#2396 = DIRECTION('',(0.13917310096,0.990268068742,-0.));
#2397 = ORIENTED_EDGE('',*,*,#2398,.T.);
#2398 = EDGE_CURVE('',#2391,#2373,#2399,.T.);
#2399 = LINE('',#2400,#2401);
#2400 = CARTESIAN_POINT('',(-0.65,0.56,-0.7375));
#2401 = VECTOR('',#2402,1.);
#2402 = DIRECTION('',(-0.,-0.,-1.));
#2403 = PLANE('',#2404);
#2404 = AXIS2_PLACEMENT_3D('',#2405,#2406,#2407);
#2405 = CARTESIAN_POINT('',(-0.631378339402,0.6925,-0.7375));
#2406 = DIRECTION('',(-0.990268068742,0.13917310096,0.));
#2407 = DIRECTION('',(-0.13917310096,-0.990268068742,0.));
#2408 = ADVANCED_FACE('',(#2409),#2434,.F.);
#2409 = FACE_BOUND('',#2410,.T.);
#2410 = EDGE_LOOP('',(#2411,#2419,#2427,#2433));
#2411 = ORIENTED_EDGE('',*,*,#2412,.T.);
#2412 = EDGE_CURVE('',#2375,#2413,#2415,.T.);
#2413 = VERTEX_POINT('',#2414);
#2414 = CARTESIAN_POINT('',(-0.664517673709,0.6925,-1.1625));
#2415 = LINE('',#2416,#2417);
#2416 = CARTESIAN_POINT('',(-0.631378339402,0.6925,-1.1625));
#2417 = VECTOR('',#2418,1.);
#2418 = DIRECTION('',(-1.,0.,0.));
#2419 = ORIENTED_EDGE('',*,*,#2420,.F.);
#2420 = EDGE_CURVE('',#2421,#2413,#2423,.T.);
#2421 = VERTEX_POINT('',#2422);
#2422 = CARTESIAN_POINT('',(-0.664517673709,0.6925,-0.7375));
#2423 = LINE('',#2424,#2425);
#2424 = CARTESIAN_POINT('',(-0.664517673709,0.6925,-0.7375));
#2425 = VECTOR('',#2426,1.);
#2426 = DIRECTION('',(-0.,-0.,-1.));
#2427 = ORIENTED_EDGE('',*,*,#2428,.F.);
#2428 = EDGE_CURVE('',#2383,#2421,#2429,.T.);
#2429 = LINE('',#2430,#2431);
#2430 = CARTESIAN_POINT('',(-0.631378339402,0.6925,-0.7375));
#2431 = VECTOR('',#2432,1.);
#2432 = DIRECTION('',(-1.,0.,0.));
#2433 = ORIENTED_EDGE('',*,*,#2382,.T.);
#2434 = PLANE('',#2435);
#2435 = AXIS2_PLACEMENT_3D('',#2436,#2437,#2438);
#2436 = CARTESIAN_POINT('',(-0.631378339402,0.6925,-0.7375));
#2437 = DIRECTION('',(0.,-1.,0.));
#2438 = DIRECTION('',(0.,-0.,-1.));
#2439 = ADVANCED_FACE('',(#2440),#2467,.T.);
#2440 = FACE_BOUND('',#2441,.T.);
#2441 = EDGE_LOOP('',(#2442,#2451,#2459,#2466));
#2442 = ORIENTED_EDGE('',*,*,#2443,.T.);
#2443 = EDGE_CURVE('',#2413,#2444,#2446,.T.);
#2444 = VERTEX_POINT('',#2445);
#2445 = CARTESIAN_POINT('',(-0.80693086656,0.55497317828,-1.1625));
#2446 = CIRCLE('',#2447,0.1425);
#2447 = AXIS2_PLACEMENT_3D('',#2448,#2449,#2450);
#2448 = CARTESIAN_POINT('',(-0.664517673709,0.55,-1.1625));
#2449 = DIRECTION('',(0.,0.,1.));
#2450 = DIRECTION('',(1.,0.,-0.));
#2451 = ORIENTED_EDGE('',*,*,#2452,.F.);
#2452 = EDGE_CURVE('',#2453,#2444,#2455,.T.);
#2453 = VERTEX_POINT('',#2454);
#2454 = CARTESIAN_POINT('',(-0.80693086656,0.55497317828,-0.7375));
#2455 = LINE('',#2456,#2457);
#2456 = CARTESIAN_POINT('',(-0.80693086656,0.55497317828,-0.7375));
#2457 = VECTOR('',#2458,1.);
#2458 = DIRECTION('',(-0.,-0.,-1.));
#2459 = ORIENTED_EDGE('',*,*,#2460,.F.);
#2460 = EDGE_CURVE('',#2421,#2453,#2461,.T.);
#2461 = CIRCLE('',#2462,0.1425);
#2462 = AXIS2_PLACEMENT_3D('',#2463,#2464,#2465);
#2463 = CARTESIAN_POINT('',(-0.664517673709,0.55,-0.7375));
#2464 = DIRECTION('',(0.,0.,1.));
#2465 = DIRECTION('',(1.,0.,-0.));
#2466 = ORIENTED_EDGE('',*,*,#2420,.T.);
#2467 = CYLINDRICAL_SURFACE('',#2468,0.1425);
#2468 = AXIS2_PLACEMENT_3D('',#2469,#2470,#2471);
#2469 = CARTESIAN_POINT('',(-0.664517673709,0.55,-0.7375));
#2470 = DIRECTION('',(-0.,-0.,-1.));
#2471 = DIRECTION('',(-1.,0.,0.));
#2472 = ADVANCED_FACE('',(#2473),#2498,.F.);
#2473 = FACE_BOUND('',#2474,.T.);
#2474 = EDGE_LOOP('',(#2475,#2483,#2491,#2497));
#2475 = ORIENTED_EDGE('',*,*,#2476,.T.);
#2476 = EDGE_CURVE('',#2444,#2477,#2479,.T.);
#2477 = VERTEX_POINT('',#2478);
#2478 = CARTESIAN_POINT('',(-0.81741928458,0.254624183313,-1.1625));
#2479 = LINE('',#2480,#2481);
#2480 = CARTESIAN_POINT('',(-0.80693086656,0.55497317828,-1.1625));
#2481 = VECTOR('',#2482,1.);
#2482 = DIRECTION('',(-3.48994967025E-02,-0.999390827019,0.));
#2483 = ORIENTED_EDGE('',*,*,#2484,.F.);
#2484 = EDGE_CURVE('',#2485,#2477,#2487,.T.);
#2485 = VERTEX_POINT('',#2486);
#2486 = CARTESIAN_POINT('',(-0.81741928458,0.254624183313,-0.7375));
#2487 = LINE('',#2488,#2489);
#2488 = CARTESIAN_POINT('',(-0.81741928458,0.254624183313,-0.7375));
#2489 = VECTOR('',#2490,1.);
#2490 = DIRECTION('',(-0.,-0.,-1.));
#2491 = ORIENTED_EDGE('',*,*,#2492,.F.);
#2492 = EDGE_CURVE('',#2453,#2485,#2493,.T.);
#2493 = LINE('',#2494,#2495);
#2494 = CARTESIAN_POINT('',(-0.80693086656,0.55497317828,-0.7375));
#2495 = VECTOR('',#2496,1.);
#2496 = DIRECTION('',(-3.48994967025E-02,-0.999390827019,0.));
#2497 = ORIENTED_EDGE('',*,*,#2452,.T.);
#2498 = PLANE('',#2499);
#2499 = AXIS2_PLACEMENT_3D('',#2500,#2501,#2502);
#2500 = CARTESIAN_POINT('',(-0.80693086656,0.55497317828,-0.7375));
#2501 = DIRECTION('',(0.999390827019,-3.48994967025E-02,0.));
#2502 = DIRECTION('',(3.48994967025E-02,0.999390827019,0.));
#2503 = ADVANCED_FACE('',(#2504),#2531,.F.);
#2504 = FACE_BOUND('',#2505,.F.);
#2505 = EDGE_LOOP('',(#2506,#2507,#2516,#2524));
#2506 = ORIENTED_EDGE('',*,*,#2484,.F.);
#2507 = ORIENTED_EDGE('',*,*,#2508,.T.);
#2508 = EDGE_CURVE('',#2485,#2509,#2511,.T.);
#2509 = VERTEX_POINT('',#2510);
#2510 = CARTESIAN_POINT('',(-0.907764140194,0.158584773351,-0.7375));
#2511 = CIRCLE('',#2512,9.998931781443E-02);
#2512 = AXIS2_PLACEMENT_3D('',#2513,#2514,#2515);
#2513 = CARTESIAN_POINT('',(-0.917347691604,0.25811376018,-0.7375));
#2514 = DIRECTION('',(-0.,0.,-1.));
#2515 = DIRECTION('',(-1.,0.,0.));
#2516 = ORIENTED_EDGE('',*,*,#2517,.T.);
#2517 = EDGE_CURVE('',#2509,#2518,#2520,.T.);
#2518 = VERTEX_POINT('',#2519);
#2519 = CARTESIAN_POINT('',(-0.907764140194,0.158584773351,-1.1625));
#2520 = LINE('',#2521,#2522);
#2521 = CARTESIAN_POINT('',(-0.907764140194,0.158584773351,-0.7375));
#2522 = VECTOR('',#2523,1.);
#2523 = DIRECTION('',(-0.,-0.,-1.));
#2524 = ORIENTED_EDGE('',*,*,#2525,.F.);
#2525 = EDGE_CURVE('',#2477,#2518,#2526,.T.);
#2526 = CIRCLE('',#2527,9.998931781443E-02);
#2527 = AXIS2_PLACEMENT_3D('',#2528,#2529,#2530);
#2528 = CARTESIAN_POINT('',(-0.917347691604,0.25811376018,-1.1625));
#2529 = DIRECTION('',(-0.,0.,-1.));
#2530 = DIRECTION('',(-1.,0.,0.));
#2531 = CYLINDRICAL_SURFACE('',#2532,9.998931781443E-02);
#2532 = AXIS2_PLACEMENT_3D('',#2533,#2534,#2535);
#2533 = CARTESIAN_POINT('',(-0.917347691604,0.25811376018,-0.7375));
#2534 = DIRECTION('',(-0.,-0.,-1.));
#2535 = DIRECTION('',(-1.,0.,0.));
#2536 = ADVANCED_FACE('',(#2537),#2562,.F.);
#2537 = FACE_BOUND('',#2538,.T.);
#2538 = EDGE_LOOP('',(#2539,#2547,#2555,#2561));
#2539 = ORIENTED_EDGE('',*,*,#2540,.T.);
#2540 = EDGE_CURVE('',#2518,#2541,#2543,.T.);
#2541 = VERTEX_POINT('',#2542);
#2542 = CARTESIAN_POINT('',(-1.185,0.131889996284,-1.1625));
#2543 = LINE('',#2544,#2545);
#2544 = CARTESIAN_POINT('',(-0.907764140194,0.158584773351,-1.1625));
#2545 = VECTOR('',#2546,1.);
#2546 = DIRECTION('',(-0.995396198367,-9.584575252022E-02,0.));
#2547 = ORIENTED_EDGE('',*,*,#2548,.F.);
#2548 = EDGE_CURVE('',#2549,#2541,#2551,.T.);
#2549 = VERTEX_POINT('',#2550);
#2550 = CARTESIAN_POINT('',(-1.185,0.131889996284,-0.7375));
#2551 = LINE('',#2552,#2553);
#2552 = CARTESIAN_POINT('',(-1.185,0.131889996284,-0.7375));
#2553 = VECTOR('',#2554,1.);
#2554 = DIRECTION('',(-0.,-0.,-1.));
#2555 = ORIENTED_EDGE('',*,*,#2556,.F.);
#2556 = EDGE_CURVE('',#2509,#2549,#2557,.T.);
#2557 = LINE('',#2558,#2559);
#2558 = CARTESIAN_POINT('',(-0.907764140194,0.158584773351,-0.7375));
#2559 = VECTOR('',#2560,1.);
#2560 = DIRECTION('',(-0.995396198367,-9.584575252022E-02,0.));
#2561 = ORIENTED_EDGE('',*,*,#2517,.T.);
#2562 = PLANE('',#2563);
#2563 = AXIS2_PLACEMENT_3D('',#2564,#2565,#2566);
#2564 = CARTESIAN_POINT('',(-0.907764140194,0.158584773351,-0.7375));
#2565 = DIRECTION('',(9.584575252022E-02,-0.995396198367,0.));
#2566 = DIRECTION('',(0.995396198367,9.584575252022E-02,0.));
#2567 = ADVANCED_FACE('',(#2568),#2593,.F.);
#2568 = FACE_BOUND('',#2569,.T.);
#2569 = EDGE_LOOP('',(#2570,#2578,#2586,#2592));
#2570 = ORIENTED_EDGE('',*,*,#2571,.T.);
#2571 = EDGE_CURVE('',#2541,#2572,#2574,.T.);
#2572 = VERTEX_POINT('',#2573);
#2573 = CARTESIAN_POINT('',(-1.172300437791,0.,-1.1625));
#2574 = LINE('',#2575,#2576);
#2575 = CARTESIAN_POINT('',(-1.185,0.131889996284,-1.1625));
#2576 = VECTOR('',#2577,1.);
#2577 = DIRECTION('',(9.584575252022E-02,-0.995396198367,0.));
#2578 = ORIENTED_EDGE('',*,*,#2579,.F.);
#2579 = EDGE_CURVE('',#2580,#2572,#2582,.T.);
#2580 = VERTEX_POINT('',#2581);
#2581 = CARTESIAN_POINT('',(-1.172300437791,0.,-0.7375));
#2582 = LINE('',#2583,#2584);
#2583 = CARTESIAN_POINT('',(-1.172300437791,0.,-0.7375));
#2584 = VECTOR('',#2585,1.);
#2585 = DIRECTION('',(-0.,-0.,-1.));
#2586 = ORIENTED_EDGE('',*,*,#2587,.F.);
#2587 = EDGE_CURVE('',#2549,#2580,#2588,.T.);
#2588 = LINE('',#2589,#2590);
#2589 = CARTESIAN_POINT('',(-1.185,0.131889996284,-0.7375));
#2590 = VECTOR('',#2591,1.);
#2591 = DIRECTION('',(9.584575252022E-02,-0.995396198367,0.));
#2592 = ORIENTED_EDGE('',*,*,#2548,.T.);
#2593 = PLANE('',#2594);
#2594 = AXIS2_PLACEMENT_3D('',#2595,#2596,#2597);
#2595 = CARTESIAN_POINT('',(-1.185,0.131889996284,-0.7375));
#2596 = DIRECTION('',(0.995396198367,9.584575252022E-02,-0.));
#2597 = DIRECTION('',(-9.584575252022E-02,0.995396198367,0.));
#2598 = ADVANCED_FACE('',(#2599),#2624,.F.);
#2599 = FACE_BOUND('',#2600,.T.);
#2600 = EDGE_LOOP('',(#2601,#2609,#2617,#2623));
#2601 = ORIENTED_EDGE('',*,*,#2602,.T.);
#2602 = EDGE_CURVE('',#2572,#2603,#2605,.T.);
#2603 = VERTEX_POINT('',#2604);
#2604 = CARTESIAN_POINT('',(-0.895064577985,2.669477706697E-02,-1.1625)
  );
#2605 = LINE('',#2606,#2607);
#2606 = CARTESIAN_POINT('',(-0.895064577985,2.669477706697E-02,-1.1625)
  );
#2607 = VECTOR('',#2608,1.);
#2608 = DIRECTION('',(0.995396198367,9.584575252022E-02,-0.));
#2609 = ORIENTED_EDGE('',*,*,#2610,.F.);
#2610 = EDGE_CURVE('',#2611,#2603,#2613,.T.);
#2611 = VERTEX_POINT('',#2612);
#2612 = CARTESIAN_POINT('',(-0.895064577985,2.669477706697E-02,-0.7375)
  );
#2613 = LINE('',#2614,#2615);
#2614 = CARTESIAN_POINT('',(-0.895064577985,2.669477706697E-02,-0.7375)
  );
#2615 = VECTOR('',#2616,1.);
#2616 = DIRECTION('',(-0.,-0.,-1.));
#2617 = ORIENTED_EDGE('',*,*,#2618,.F.);
#2618 = EDGE_CURVE('',#2580,#2611,#2619,.T.);
#2619 = LINE('',#2620,#2621);
#2620 = CARTESIAN_POINT('',(-0.895064577985,2.669477706697E-02,-0.7375)
  );
#2621 = VECTOR('',#2622,1.);
#2622 = DIRECTION('',(0.995396198367,9.584575252022E-02,-0.));
#2623 = ORIENTED_EDGE('',*,*,#2579,.T.);
#2624 = PLANE('',#2625);
#2625 = AXIS2_PLACEMENT_3D('',#2626,#2627,#2628);
#2626 = CARTESIAN_POINT('',(-0.895064577985,2.669477706697E-02,-0.7375)
  );
#2627 = DIRECTION('',(-9.584575252022E-02,0.995396198367,0.));
#2628 = DIRECTION('',(-0.995396198367,-9.584575252022E-02,0.));
#2629 = ADVANCED_FACE('',(#2630),#2657,.T.);
#2630 = FACE_BOUND('',#2631,.T.);
#2631 = EDGE_LOOP('',(#2632,#2641,#2649,#2656));
#2632 = ORIENTED_EDGE('',*,*,#2633,.T.);
#2633 = EDGE_CURVE('',#2603,#2634,#2636,.T.);
#2634 = VERTEX_POINT('',#2635);
#2635 = CARTESIAN_POINT('',(-0.685,0.25,-1.1625));
#2636 = CIRCLE('',#2637,0.232489317814);
#2637 = AXIS2_PLACEMENT_3D('',#2638,#2639,#2640);
#2638 = CARTESIAN_POINT('',(-0.917347691604,0.25811376018,-1.1625));
#2639 = DIRECTION('',(0.,0.,1.));
#2640 = DIRECTION('',(-1.,0.,0.));
#2641 = ORIENTED_EDGE('',*,*,#2642,.F.);
#2642 = EDGE_CURVE('',#2643,#2634,#2645,.T.);
#2643 = VERTEX_POINT('',#2644);
#2644 = CARTESIAN_POINT('',(-0.685,0.25,-0.7375));
#2645 = LINE('',#2646,#2647);
#2646 = CARTESIAN_POINT('',(-0.685,0.25,-0.7375));
#2647 = VECTOR('',#2648,1.);
#2648 = DIRECTION('',(-0.,-0.,-1.));
#2649 = ORIENTED_EDGE('',*,*,#2650,.F.);
#2650 = EDGE_CURVE('',#2611,#2643,#2651,.T.);
#2651 = CIRCLE('',#2652,0.232489317814);
#2652 = AXIS2_PLACEMENT_3D('',#2653,#2654,#2655);
#2653 = CARTESIAN_POINT('',(-0.917347691604,0.25811376018,-0.7375));
#2654 = DIRECTION('',(0.,0.,1.));
#2655 = DIRECTION('',(-1.,0.,0.));
#2656 = ORIENTED_EDGE('',*,*,#2610,.T.);
#2657 = CYLINDRICAL_SURFACE('',#2658,0.232489317814);
#2658 = AXIS2_PLACEMENT_3D('',#2659,#2660,#2661);
#2659 = CARTESIAN_POINT('',(-0.917347691604,0.25811376018,-0.7375));
#2660 = DIRECTION('',(-0.,-0.,-1.));
#2661 = DIRECTION('',(-1.,0.,0.));
#2662 = ADVANCED_FACE('',(#2663),#2688,.F.);
#2663 = FACE_BOUND('',#2664,.T.);
#2664 = EDGE_LOOP('',(#2665,#2673,#2681,#2687));
#2665 = ORIENTED_EDGE('',*,*,#2666,.T.);
#2666 = EDGE_CURVE('',#2634,#2667,#2669,.T.);
#2667 = VERTEX_POINT('',#2668);
#2668 = CARTESIAN_POINT('',(-0.67451158198,0.550348994967,-1.1625));
#2669 = LINE('',#2670,#2671);
#2670 = CARTESIAN_POINT('',(-0.67451158198,0.550348994967,-1.1625));
#2671 = VECTOR('',#2672,1.);
#2672 = DIRECTION('',(3.48994967025E-02,0.999390827019,-0.));
#2673 = ORIENTED_EDGE('',*,*,#2674,.F.);
#2674 = EDGE_CURVE('',#2675,#2667,#2677,.T.);
#2675 = VERTEX_POINT('',#2676);
#2676 = CARTESIAN_POINT('',(-0.67451158198,0.550348994967,-0.7375));
#2677 = LINE('',#2678,#2679);
#2678 = CARTESIAN_POINT('',(-0.67451158198,0.550348994967,-0.7375));
#2679 = VECTOR('',#2680,1.);
#2680 = DIRECTION('',(-0.,-0.,-1.));
#2681 = ORIENTED_EDGE('',*,*,#2682,.F.);
#2682 = EDGE_CURVE('',#2643,#2675,#2683,.T.);
#2683 = LINE('',#2684,#2685);
#2684 = CARTESIAN_POINT('',(-0.67451158198,0.550348994967,-0.7375));
#2685 = VECTOR('',#2686,1.);
#2686 = DIRECTION('',(3.48994967025E-02,0.999390827019,-0.));
#2687 = ORIENTED_EDGE('',*,*,#2642,.T.);
#2688 = PLANE('',#2689);
#2689 = AXIS2_PLACEMENT_3D('',#2690,#2691,#2692);
#2690 = CARTESIAN_POINT('',(-0.67451158198,0.550348994967,-0.7375));
#2691 = DIRECTION('',(-0.999390827019,3.48994967025E-02,0.));
#2692 = DIRECTION('',(-3.48994967025E-02,-0.999390827019,0.));
#2693 = ADVANCED_FACE('',(#2694),#2721,.F.);
#2694 = FACE_BOUND('',#2695,.F.);
#2695 = EDGE_LOOP('',(#2696,#2697,#2706,#2714));
#2696 = ORIENTED_EDGE('',*,*,#2674,.F.);
#2697 = ORIENTED_EDGE('',*,*,#2698,.T.);
#2698 = EDGE_CURVE('',#2675,#2699,#2701,.T.);
#2699 = VERTEX_POINT('',#2700);
#2700 = CARTESIAN_POINT('',(-0.664517673709,0.56,-0.7375));
#2701 = CIRCLE('',#2702,1.E-02);
#2702 = AXIS2_PLACEMENT_3D('',#2703,#2704,#2705);
#2703 = CARTESIAN_POINT('',(-0.664517673709,0.55,-0.7375));
#2704 = DIRECTION('',(0.,0.,-1.));
#2705 = DIRECTION('',(1.,0.,0.));
#2706 = ORIENTED_EDGE('',*,*,#2707,.T.);
#2707 = EDGE_CURVE('',#2699,#2708,#2710,.T.);
#2708 = VERTEX_POINT('',#2709);
#2709 = CARTESIAN_POINT('',(-0.664517673709,0.56,-1.1625));
#2710 = LINE('',#2711,#2712);
#2711 = CARTESIAN_POINT('',(-0.664517673709,0.56,-0.7375));
#2712 = VECTOR('',#2713,1.);
#2713 = DIRECTION('',(-0.,-0.,-1.));
#2714 = ORIENTED_EDGE('',*,*,#2715,.F.);
#2715 = EDGE_CURVE('',#2667,#2708,#2716,.T.);
#2716 = CIRCLE('',#2717,1.E-02);
#2717 = AXIS2_PLACEMENT_3D('',#2718,#2719,#2720);
#2718 = CARTESIAN_POINT('',(-0.664517673709,0.55,-1.1625));
#2719 = DIRECTION('',(0.,0.,-1.));
#2720 = DIRECTION('',(1.,0.,0.));
#2721 = CYLINDRICAL_SURFACE('',#2722,1.E-02);
#2722 = AXIS2_PLACEMENT_3D('',#2723,#2724,#2725);
#2723 = CARTESIAN_POINT('',(-0.664517673709,0.55,-0.7375));
#2724 = DIRECTION('',(-0.,-0.,-1.));
#2725 = DIRECTION('',(-1.,0.,0.));
#2726 = ADVANCED_FACE('',(#2727),#2743,.F.);
#2727 = FACE_BOUND('',#2728,.T.);
#2728 = EDGE_LOOP('',(#2729,#2735,#2736,#2742));
#2729 = ORIENTED_EDGE('',*,*,#2730,.T.);
#2730 = EDGE_CURVE('',#2708,#2373,#2731,.T.);
#2731 = LINE('',#2732,#2733);
#2732 = CARTESIAN_POINT('',(-0.65,0.56,-1.1625));
#2733 = VECTOR('',#2734,1.);
#2734 = DIRECTION('',(1.,7.468153604919E-15,-0.));
#2735 = ORIENTED_EDGE('',*,*,#2398,.F.);
#2736 = ORIENTED_EDGE('',*,*,#2737,.F.);
#2737 = EDGE_CURVE('',#2699,#2391,#2738,.T.);
#2738 = LINE('',#2739,#2740);
#2739 = CARTESIAN_POINT('',(-0.65,0.56,-0.7375));
#2740 = VECTOR('',#2741,1.);
#2741 = DIRECTION('',(1.,7.468153604919E-15,-0.));
#2742 = ORIENTED_EDGE('',*,*,#2707,.T.);
#2743 = PLANE('',#2744);
#2744 = AXIS2_PLACEMENT_3D('',#2745,#2746,#2747);
#2745 = CARTESIAN_POINT('',(-0.65,0.56,-0.7375));
#2746 = DIRECTION('',(-7.468153604919E-15,1.,0.));
#2747 = DIRECTION('',(-1.,-7.468153604919E-15,0.));
#2748 = ADVANCED_FACE('',(#2749),#2763,.T.);
#2749 = FACE_BOUND('',#2750,.T.);
#2750 = EDGE_LOOP('',(#2751,#2752,#2753,#2754,#2755,#2756,#2757,#2758,
    #2759,#2760,#2761,#2762));
#2751 = ORIENTED_EDGE('',*,*,#2390,.T.);
#2752 = ORIENTED_EDGE('',*,*,#2428,.T.);
#2753 = ORIENTED_EDGE('',*,*,#2460,.T.);
#2754 = ORIENTED_EDGE('',*,*,#2492,.T.);
#2755 = ORIENTED_EDGE('',*,*,#2508,.T.);
#2756 = ORIENTED_EDGE('',*,*,#2556,.T.);
#2757 = ORIENTED_EDGE('',*,*,#2587,.T.);
#2758 = ORIENTED_EDGE('',*,*,#2618,.T.);
#2759 = ORIENTED_EDGE('',*,*,#2650,.T.);
#2760 = ORIENTED_EDGE('',*,*,#2682,.T.);
#2761 = ORIENTED_EDGE('',*,*,#2698,.T.);
#2762 = ORIENTED_EDGE('',*,*,#2737,.T.);
#2763 = PLANE('',#2764);
#2764 = AXIS2_PLACEMENT_3D('',#2765,#2766,#2767);
#2765 = CARTESIAN_POINT('',(-0.664517673709,0.55,-0.7375));
#2766 = DIRECTION('',(0.,0.,1.));
#2767 = DIRECTION('',(1.,0.,-0.));
#2768 = ADVANCED_FACE('',(#2769),#2783,.F.);
#2769 = FACE_BOUND('',#2770,.T.);
#2770 = EDGE_LOOP('',(#2771,#2772,#2773,#2774,#2775,#2776,#2777,#2778,
    #2779,#2780,#2781,#2782));
#2771 = ORIENTED_EDGE('',*,*,#2372,.F.);
#2772 = ORIENTED_EDGE('',*,*,#2730,.F.);
#2773 = ORIENTED_EDGE('',*,*,#2715,.F.);
#2774 = ORIENTED_EDGE('',*,*,#2666,.F.);
#2775 = ORIENTED_EDGE('',*,*,#2633,.F.);
#2776 = ORIENTED_EDGE('',*,*,#2602,.F.);
#2777 = ORIENTED_EDGE('',*,*,#2571,.F.);
#2778 = ORIENTED_EDGE('',*,*,#2540,.F.);
#2779 = ORIENTED_EDGE('',*,*,#2525,.F.);
#2780 = ORIENTED_EDGE('',*,*,#2476,.F.);
#2781 = ORIENTED_EDGE('',*,*,#2443,.F.);
#2782 = ORIENTED_EDGE('',*,*,#2412,.F.);
#2783 = PLANE('',#2784);
#2784 = AXIS2_PLACEMENT_3D('',#2785,#2786,#2787);
#2785 = CARTESIAN_POINT('',(-0.664517673709,0.55,-1.1625));
#2786 = DIRECTION('',(0.,0.,1.));
#2787 = DIRECTION('',(1.,0.,-0.));
#2788 = MANIFOLD_SOLID_BREP('',#2789);
#2789 = CLOSED_SHELL('',(#2790,#2830,#2861,#2894,#2925,#2958,#2989,#3020
    ,#3051,#3084,#3115,#3148,#3170,#3190));
#2790 = ADVANCED_FACE('',(#2791),#2825,.F.);
#2791 = FACE_BOUND('',#2792,.T.);
#2792 = EDGE_LOOP('',(#2793,#2803,#2811,#2819));
#2793 = ORIENTED_EDGE('',*,*,#2794,.T.);
#2794 = EDGE_CURVE('',#2795,#2797,#2799,.T.);
#2795 = VERTEX_POINT('',#2796);
#2796 = CARTESIAN_POINT('',(-0.65,0.56,0.7375));
#2797 = VERTEX_POINT('',#2798);
#2798 = CARTESIAN_POINT('',(-0.631378339402,0.6925,0.7375));
#2799 = LINE('',#2800,#2801);
#2800 = CARTESIAN_POINT('',(-0.631378339402,0.6925,0.7375));
#2801 = VECTOR('',#2802,1.);
#2802 = DIRECTION('',(0.13917310096,0.990268068742,-0.));
#2803 = ORIENTED_EDGE('',*,*,#2804,.F.);
#2804 = EDGE_CURVE('',#2805,#2797,#2807,.T.);
#2805 = VERTEX_POINT('',#2806);
#2806 = CARTESIAN_POINT('',(-0.631378339402,0.6925,1.1625));
#2807 = LINE('',#2808,#2809);
#2808 = CARTESIAN_POINT('',(-0.631378339402,0.6925,1.1625));
#2809 = VECTOR('',#2810,1.);
#2810 = DIRECTION('',(-0.,-0.,-1.));
#2811 = ORIENTED_EDGE('',*,*,#2812,.F.);
#2812 = EDGE_CURVE('',#2813,#2805,#2815,.T.);
#2813 = VERTEX_POINT('',#2814);
#2814 = CARTESIAN_POINT('',(-0.65,0.56,1.1625));
#2815 = LINE('',#2816,#2817);
#2816 = CARTESIAN_POINT('',(-0.631378339402,0.6925,1.1625));
#2817 = VECTOR('',#2818,1.);
#2818 = DIRECTION('',(0.13917310096,0.990268068742,-0.));
#2819 = ORIENTED_EDGE('',*,*,#2820,.T.);
#2820 = EDGE_CURVE('',#2813,#2795,#2821,.T.);
#2821 = LINE('',#2822,#2823);
#2822 = CARTESIAN_POINT('',(-0.65,0.56,1.1625));
#2823 = VECTOR('',#2824,1.);
#2824 = DIRECTION('',(-0.,-0.,-1.));
#2825 = PLANE('',#2826);
#2826 = AXIS2_PLACEMENT_3D('',#2827,#2828,#2829);
#2827 = CARTESIAN_POINT('',(-0.631378339402,0.6925,1.1625));
#2828 = DIRECTION('',(-0.990268068742,0.13917310096,0.));
#2829 = DIRECTION('',(-0.13917310096,-0.990268068742,0.));
#2830 = ADVANCED_FACE('',(#2831),#2856,.F.);
#2831 = FACE_BOUND('',#2832,.T.);
#2832 = EDGE_LOOP('',(#2833,#2841,#2849,#2855));
#2833 = ORIENTED_EDGE('',*,*,#2834,.T.);
#2834 = EDGE_CURVE('',#2797,#2835,#2837,.T.);
#2835 = VERTEX_POINT('',#2836);
#2836 = CARTESIAN_POINT('',(-0.664517673709,0.6925,0.7375));
#2837 = LINE('',#2838,#2839);
#2838 = CARTESIAN_POINT('',(-0.631378339402,0.6925,0.7375));
#2839 = VECTOR('',#2840,1.);
#2840 = DIRECTION('',(-1.,0.,0.));
#2841 = ORIENTED_EDGE('',*,*,#2842,.F.);
#2842 = EDGE_CURVE('',#2843,#2835,#2845,.T.);
#2843 = VERTEX_POINT('',#2844);
#2844 = CARTESIAN_POINT('',(-0.664517673709,0.6925,1.1625));
#2845 = LINE('',#2846,#2847);
#2846 = CARTESIAN_POINT('',(-0.664517673709,0.6925,1.1625));
#2847 = VECTOR('',#2848,1.);
#2848 = DIRECTION('',(-0.,-0.,-1.));
#2849 = ORIENTED_EDGE('',*,*,#2850,.F.);
#2850 = EDGE_CURVE('',#2805,#2843,#2851,.T.);
#2851 = LINE('',#2852,#2853);
#2852 = CARTESIAN_POINT('',(-0.631378339402,0.6925,1.1625));
#2853 = VECTOR('',#2854,1.);
#2854 = DIRECTION('',(-1.,0.,0.));
#2855 = ORIENTED_EDGE('',*,*,#2804,.T.);
#2856 = PLANE('',#2857);
#2857 = AXIS2_PLACEMENT_3D('',#2858,#2859,#2860);
#2858 = CARTESIAN_POINT('',(-0.631378339402,0.6925,1.1625));
#2859 = DIRECTION('',(0.,-1.,0.));
#2860 = DIRECTION('',(0.,-0.,-1.));
#2861 = ADVANCED_FACE('',(#2862),#2889,.T.);
#2862 = FACE_BOUND('',#2863,.T.);
#2863 = EDGE_LOOP('',(#2864,#2873,#2881,#2888));
#2864 = ORIENTED_EDGE('',*,*,#2865,.T.);
#2865 = EDGE_CURVE('',#2835,#2866,#2868,.T.);
#2866 = VERTEX_POINT('',#2867);
#2867 = CARTESIAN_POINT('',(-0.80693086656,0.55497317828,0.7375));
#2868 = CIRCLE('',#2869,0.1425);
#2869 = AXIS2_PLACEMENT_3D('',#2870,#2871,#2872);
#2870 = CARTESIAN_POINT('',(-0.664517673709,0.55,0.7375));
#2871 = DIRECTION('',(0.,0.,1.));
#2872 = DIRECTION('',(1.,0.,-0.));
#2873 = ORIENTED_EDGE('',*,*,#2874,.F.);
#2874 = EDGE_CURVE('',#2875,#2866,#2877,.T.);
#2875 = VERTEX_POINT('',#2876);
#2876 = CARTESIAN_POINT('',(-0.80693086656,0.55497317828,1.1625));
#2877 = LINE('',#2878,#2879);
#2878 = CARTESIAN_POINT('',(-0.80693086656,0.55497317828,1.1625));
#2879 = VECTOR('',#2880,1.);
#2880 = DIRECTION('',(-0.,-0.,-1.));
#2881 = ORIENTED_EDGE('',*,*,#2882,.F.);
#2882 = EDGE_CURVE('',#2843,#2875,#2883,.T.);
#2883 = CIRCLE('',#2884,0.1425);
#2884 = AXIS2_PLACEMENT_3D('',#2885,#2886,#2887);
#2885 = CARTESIAN_POINT('',(-0.664517673709,0.55,1.1625));
#2886 = DIRECTION('',(0.,0.,1.));
#2887 = DIRECTION('',(1.,0.,-0.));
#2888 = ORIENTED_EDGE('',*,*,#2842,.T.);
#2889 = CYLINDRICAL_SURFACE('',#2890,0.1425);
#2890 = AXIS2_PLACEMENT_3D('',#2891,#2892,#2893);
#2891 = CARTESIAN_POINT('',(-0.664517673709,0.55,1.1625));
#2892 = DIRECTION('',(-0.,-0.,-1.));
#2893 = DIRECTION('',(-1.,0.,0.));
#2894 = ADVANCED_FACE('',(#2895),#2920,.F.);
#2895 = FACE_BOUND('',#2896,.T.);
#2896 = EDGE_LOOP('',(#2897,#2905,#2913,#2919));
#2897 = ORIENTED_EDGE('',*,*,#2898,.T.);
#2898 = EDGE_CURVE('',#2866,#2899,#2901,.T.);
#2899 = VERTEX_POINT('',#2900);
#2900 = CARTESIAN_POINT('',(-0.81741928458,0.254624183313,0.7375));
#2901 = LINE('',#2902,#2903);
#2902 = CARTESIAN_POINT('',(-0.80693086656,0.55497317828,0.7375));
#2903 = VECTOR('',#2904,1.);
#2904 = DIRECTION('',(-3.48994967025E-02,-0.999390827019,0.));
#2905 = ORIENTED_EDGE('',*,*,#2906,.F.);
#2906 = EDGE_CURVE('',#2907,#2899,#2909,.T.);
#2907 = VERTEX_POINT('',#2908);
#2908 = CARTESIAN_POINT('',(-0.81741928458,0.254624183313,1.1625));
#2909 = LINE('',#2910,#2911);
#2910 = CARTESIAN_POINT('',(-0.81741928458,0.254624183313,1.1625));
#2911 = VECTOR('',#2912,1.);
#2912 = DIRECTION('',(-0.,-0.,-1.));
#2913 = ORIENTED_EDGE('',*,*,#2914,.F.);
#2914 = EDGE_CURVE('',#2875,#2907,#2915,.T.);
#2915 = LINE('',#2916,#2917);
#2916 = CARTESIAN_POINT('',(-0.80693086656,0.55497317828,1.1625));
#2917 = VECTOR('',#2918,1.);
#2918 = DIRECTION('',(-3.48994967025E-02,-0.999390827019,0.));
#2919 = ORIENTED_EDGE('',*,*,#2874,.T.);
#2920 = PLANE('',#2921);
#2921 = AXIS2_PLACEMENT_3D('',#2922,#2923,#2924);
#2922 = CARTESIAN_POINT('',(-0.80693086656,0.55497317828,1.1625));
#2923 = DIRECTION('',(0.999390827019,-3.48994967025E-02,0.));
#2924 = DIRECTION('',(3.48994967025E-02,0.999390827019,0.));
#2925 = ADVANCED_FACE('',(#2926),#2953,.F.);
#2926 = FACE_BOUND('',#2927,.F.);
#2927 = EDGE_LOOP('',(#2928,#2929,#2938,#2946));
#2928 = ORIENTED_EDGE('',*,*,#2906,.F.);
#2929 = ORIENTED_EDGE('',*,*,#2930,.T.);
#2930 = EDGE_CURVE('',#2907,#2931,#2933,.T.);
#2931 = VERTEX_POINT('',#2932);
#2932 = CARTESIAN_POINT('',(-0.907764140194,0.158584773351,1.1625));
#2933 = CIRCLE('',#2934,9.998931781443E-02);
#2934 = AXIS2_PLACEMENT_3D('',#2935,#2936,#2937);
#2935 = CARTESIAN_POINT('',(-0.917347691604,0.25811376018,1.1625));
#2936 = DIRECTION('',(-0.,0.,-1.));
#2937 = DIRECTION('',(-1.,0.,0.));
#2938 = ORIENTED_EDGE('',*,*,#2939,.T.);
#2939 = EDGE_CURVE('',#2931,#2940,#2942,.T.);
#2940 = VERTEX_POINT('',#2941);
#2941 = CARTESIAN_POINT('',(-0.907764140194,0.158584773351,0.7375));
#2942 = LINE('',#2943,#2944);
#2943 = CARTESIAN_POINT('',(-0.907764140194,0.158584773351,1.1625));
#2944 = VECTOR('',#2945,1.);
#2945 = DIRECTION('',(-0.,-0.,-1.));
#2946 = ORIENTED_EDGE('',*,*,#2947,.F.);
#2947 = EDGE_CURVE('',#2899,#2940,#2948,.T.);
#2948 = CIRCLE('',#2949,9.998931781443E-02);
#2949 = AXIS2_PLACEMENT_3D('',#2950,#2951,#2952);
#2950 = CARTESIAN_POINT('',(-0.917347691604,0.25811376018,0.7375));
#2951 = DIRECTION('',(-0.,0.,-1.));
#2952 = DIRECTION('',(-1.,0.,0.));
#2953 = CYLINDRICAL_SURFACE('',#2954,9.998931781443E-02);
#2954 = AXIS2_PLACEMENT_3D('',#2955,#2956,#2957);
#2955 = CARTESIAN_POINT('',(-0.917347691604,0.25811376018,1.1625));
#2956 = DIRECTION('',(-0.,-0.,-1.));
#2957 = DIRECTION('',(-1.,0.,0.));
#2958 = ADVANCED_FACE('',(#2959),#2984,.F.);
#2959 = FACE_BOUND('',#2960,.T.);
#2960 = EDGE_LOOP('',(#2961,#2969,#2977,#2983));
#2961 = ORIENTED_EDGE('',*,*,#2962,.T.);
#2962 = EDGE_CURVE('',#2940,#2963,#2965,.T.);
#2963 = VERTEX_POINT('',#2964);
#2964 = CARTESIAN_POINT('',(-1.185,0.131889996284,0.7375));
#2965 = LINE('',#2966,#2967);
#2966 = CARTESIAN_POINT('',(-0.907764140194,0.158584773351,0.7375));
#2967 = VECTOR('',#2968,1.);
#2968 = DIRECTION('',(-0.995396198367,-9.584575252022E-02,0.));
#2969 = ORIENTED_EDGE('',*,*,#2970,.F.);
#2970 = EDGE_CURVE('',#2971,#2963,#2973,.T.);
#2971 = VERTEX_POINT('',#2972);
#2972 = CARTESIAN_POINT('',(-1.185,0.131889996284,1.1625));
#2973 = LINE('',#2974,#2975);
#2974 = CARTESIAN_POINT('',(-1.185,0.131889996284,1.1625));
#2975 = VECTOR('',#2976,1.);
#2976 = DIRECTION('',(-0.,-0.,-1.));
#2977 = ORIENTED_EDGE('',*,*,#2978,.F.);
#2978 = EDGE_CURVE('',#2931,#2971,#2979,.T.);
#2979 = LINE('',#2980,#2981);
#2980 = CARTESIAN_POINT('',(-0.907764140194,0.158584773351,1.1625));
#2981 = VECTOR('',#2982,1.);
#2982 = DIRECTION('',(-0.995396198367,-9.584575252022E-02,0.));
#2983 = ORIENTED_EDGE('',*,*,#2939,.T.);
#2984 = PLANE('',#2985);
#2985 = AXIS2_PLACEMENT_3D('',#2986,#2987,#2988);
#2986 = CARTESIAN_POINT('',(-0.907764140194,0.158584773351,1.1625));
#2987 = DIRECTION('',(9.584575252022E-02,-0.995396198367,0.));
#2988 = DIRECTION('',(0.995396198367,9.584575252022E-02,0.));
#2989 = ADVANCED_FACE('',(#2990),#3015,.F.);
#2990 = FACE_BOUND('',#2991,.T.);
#2991 = EDGE_LOOP('',(#2992,#3000,#3008,#3014));
#2992 = ORIENTED_EDGE('',*,*,#2993,.T.);
#2993 = EDGE_CURVE('',#2963,#2994,#2996,.T.);
#2994 = VERTEX_POINT('',#2995);
#2995 = CARTESIAN_POINT('',(-1.172300437791,0.,0.7375));
#2996 = LINE('',#2997,#2998);
#2997 = CARTESIAN_POINT('',(-1.185,0.131889996284,0.7375));
#2998 = VECTOR('',#2999,1.);
#2999 = DIRECTION('',(9.584575252022E-02,-0.995396198367,0.));
#3000 = ORIENTED_EDGE('',*,*,#3001,.F.);
#3001 = EDGE_CURVE('',#3002,#2994,#3004,.T.);
#3002 = VERTEX_POINT('',#3003);
#3003 = CARTESIAN_POINT('',(-1.172300437791,0.,1.1625));
#3004 = LINE('',#3005,#3006);
#3005 = CARTESIAN_POINT('',(-1.172300437791,0.,1.1625));
#3006 = VECTOR('',#3007,1.);
#3007 = DIRECTION('',(-0.,-0.,-1.));
#3008 = ORIENTED_EDGE('',*,*,#3009,.F.);
#3009 = EDGE_CURVE('',#2971,#3002,#3010,.T.);
#3010 = LINE('',#3011,#3012);
#3011 = CARTESIAN_POINT('',(-1.185,0.131889996284,1.1625));
#3012 = VECTOR('',#3013,1.);
#3013 = DIRECTION('',(9.584575252022E-02,-0.995396198367,0.));
#3014 = ORIENTED_EDGE('',*,*,#2970,.T.);
#3015 = PLANE('',#3016);
#3016 = AXIS2_PLACEMENT_3D('',#3017,#3018,#3019);
#3017 = CARTESIAN_POINT('',(-1.185,0.131889996284,1.1625));
#3018 = DIRECTION('',(0.995396198367,9.584575252022E-02,-0.));
#3019 = DIRECTION('',(-9.584575252022E-02,0.995396198367,0.));
#3020 = ADVANCED_FACE('',(#3021),#3046,.F.);
#3021 = FACE_BOUND('',#3022,.T.);
#3022 = EDGE_LOOP('',(#3023,#3031,#3039,#3045));
#3023 = ORIENTED_EDGE('',*,*,#3024,.T.);
#3024 = EDGE_CURVE('',#2994,#3025,#3027,.T.);
#3025 = VERTEX_POINT('',#3026);
#3026 = CARTESIAN_POINT('',(-0.895064577985,2.669477706697E-02,0.7375));
#3027 = LINE('',#3028,#3029);
#3028 = CARTESIAN_POINT('',(-0.895064577985,2.669477706697E-02,0.7375));
#3029 = VECTOR('',#3030,1.);
#3030 = DIRECTION('',(0.995396198367,9.584575252022E-02,-0.));
#3031 = ORIENTED_EDGE('',*,*,#3032,.F.);
#3032 = EDGE_CURVE('',#3033,#3025,#3035,.T.);
#3033 = VERTEX_POINT('',#3034);
#3034 = CARTESIAN_POINT('',(-0.895064577985,2.669477706697E-02,1.1625));
#3035 = LINE('',#3036,#3037);
#3036 = CARTESIAN_POINT('',(-0.895064577985,2.669477706697E-02,1.1625));
#3037 = VECTOR('',#3038,1.);
#3038 = DIRECTION('',(-0.,-0.,-1.));
#3039 = ORIENTED_EDGE('',*,*,#3040,.F.);
#3040 = EDGE_CURVE('',#3002,#3033,#3041,.T.);
#3041 = LINE('',#3042,#3043);
#3042 = CARTESIAN_POINT('',(-0.895064577985,2.669477706697E-02,1.1625));
#3043 = VECTOR('',#3044,1.);
#3044 = DIRECTION('',(0.995396198367,9.584575252022E-02,-0.));
#3045 = ORIENTED_EDGE('',*,*,#3001,.T.);
#3046 = PLANE('',#3047);
#3047 = AXIS2_PLACEMENT_3D('',#3048,#3049,#3050);
#3048 = CARTESIAN_POINT('',(-0.895064577985,2.669477706697E-02,1.1625));
#3049 = DIRECTION('',(-9.584575252022E-02,0.995396198367,0.));
#3050 = DIRECTION('',(-0.995396198367,-9.584575252022E-02,0.));
#3051 = ADVANCED_FACE('',(#3052),#3079,.T.);
#3052 = FACE_BOUND('',#3053,.T.);
#3053 = EDGE_LOOP('',(#3054,#3063,#3071,#3078));
#3054 = ORIENTED_EDGE('',*,*,#3055,.T.);
#3055 = EDGE_CURVE('',#3025,#3056,#3058,.T.);
#3056 = VERTEX_POINT('',#3057);
#3057 = CARTESIAN_POINT('',(-0.685,0.25,0.7375));
#3058 = CIRCLE('',#3059,0.232489317814);
#3059 = AXIS2_PLACEMENT_3D('',#3060,#3061,#3062);
#3060 = CARTESIAN_POINT('',(-0.917347691604,0.25811376018,0.7375));
#3061 = DIRECTION('',(0.,0.,1.));
#3062 = DIRECTION('',(-1.,0.,0.));
#3063 = ORIENTED_EDGE('',*,*,#3064,.F.);
#3064 = EDGE_CURVE('',#3065,#3056,#3067,.T.);
#3065 = VERTEX_POINT('',#3066);
#3066 = CARTESIAN_POINT('',(-0.685,0.25,1.1625));
#3067 = LINE('',#3068,#3069);
#3068 = CARTESIAN_POINT('',(-0.685,0.25,1.1625));
#3069 = VECTOR('',#3070,1.);
#3070 = DIRECTION('',(-0.,-0.,-1.));
#3071 = ORIENTED_EDGE('',*,*,#3072,.F.);
#3072 = EDGE_CURVE('',#3033,#3065,#3073,.T.);
#3073 = CIRCLE('',#3074,0.232489317814);
#3074 = AXIS2_PLACEMENT_3D('',#3075,#3076,#3077);
#3075 = CARTESIAN_POINT('',(-0.917347691604,0.25811376018,1.1625));
#3076 = DIRECTION('',(0.,0.,1.));
#3077 = DIRECTION('',(-1.,0.,0.));
#3078 = ORIENTED_EDGE('',*,*,#3032,.T.);
#3079 = CYLINDRICAL_SURFACE('',#3080,0.232489317814);
#3080 = AXIS2_PLACEMENT_3D('',#3081,#3082,#3083);
#3081 = CARTESIAN_POINT('',(-0.917347691604,0.25811376018,1.1625));
#3082 = DIRECTION('',(-0.,-0.,-1.));
#3083 = DIRECTION('',(-1.,0.,0.));
#3084 = ADVANCED_FACE('',(#3085),#3110,.F.);
#3085 = FACE_BOUND('',#3086,.T.);
#3086 = EDGE_LOOP('',(#3087,#3095,#3103,#3109));
#3087 = ORIENTED_EDGE('',*,*,#3088,.T.);
#3088 = EDGE_CURVE('',#3056,#3089,#3091,.T.);
#3089 = VERTEX_POINT('',#3090);
#3090 = CARTESIAN_POINT('',(-0.67451158198,0.550348994967,0.7375));
#3091 = LINE('',#3092,#3093);
#3092 = CARTESIAN_POINT('',(-0.67451158198,0.550348994967,0.7375));
#3093 = VECTOR('',#3094,1.);
#3094 = DIRECTION('',(3.48994967025E-02,0.999390827019,-0.));
#3095 = ORIENTED_EDGE('',*,*,#3096,.F.);
#3096 = EDGE_CURVE('',#3097,#3089,#3099,.T.);
#3097 = VERTEX_POINT('',#3098);
#3098 = CARTESIAN_POINT('',(-0.67451158198,0.550348994967,1.1625));
#3099 = LINE('',#3100,#3101);
#3100 = CARTESIAN_POINT('',(-0.67451158198,0.550348994967,1.1625));
#3101 = VECTOR('',#3102,1.);
#3102 = DIRECTION('',(-0.,-0.,-1.));
#3103 = ORIENTED_EDGE('',*,*,#3104,.F.);
#3104 = EDGE_CURVE('',#3065,#3097,#3105,.T.);
#3105 = LINE('',#3106,#3107);
#3106 = CARTESIAN_POINT('',(-0.67451158198,0.550348994967,1.1625));
#3107 = VECTOR('',#3108,1.);
#3108 = DIRECTION('',(3.48994967025E-02,0.999390827019,-0.));
#3109 = ORIENTED_EDGE('',*,*,#3064,.T.);
#3110 = PLANE('',#3111);
#3111 = AXIS2_PLACEMENT_3D('',#3112,#3113,#3114);
#3112 = CARTESIAN_POINT('',(-0.67451158198,0.550348994967,1.1625));
#3113 = DIRECTION('',(-0.999390827019,3.48994967025E-02,0.));
#3114 = DIRECTION('',(-3.48994967025E-02,-0.999390827019,0.));
#3115 = ADVANCED_FACE('',(#3116),#3143,.F.);
#3116 = FACE_BOUND('',#3117,.F.);
#3117 = EDGE_LOOP('',(#3118,#3119,#3128,#3136));
#3118 = ORIENTED_EDGE('',*,*,#3096,.F.);
#3119 = ORIENTED_EDGE('',*,*,#3120,.T.);
#3120 = EDGE_CURVE('',#3097,#3121,#3123,.T.);
#3121 = VERTEX_POINT('',#3122);
#3122 = CARTESIAN_POINT('',(-0.664517673709,0.56,1.1625));
#3123 = CIRCLE('',#3124,1.E-02);
#3124 = AXIS2_PLACEMENT_3D('',#3125,#3126,#3127);
#3125 = CARTESIAN_POINT('',(-0.664517673709,0.55,1.1625));
#3126 = DIRECTION('',(0.,0.,-1.));
#3127 = DIRECTION('',(1.,0.,0.));
#3128 = ORIENTED_EDGE('',*,*,#3129,.T.);
#3129 = EDGE_CURVE('',#3121,#3130,#3132,.T.);
#3130 = VERTEX_POINT('',#3131);
#3131 = CARTESIAN_POINT('',(-0.664517673709,0.56,0.7375));
#3132 = LINE('',#3133,#3134);
#3133 = CARTESIAN_POINT('',(-0.664517673709,0.56,1.1625));
#3134 = VECTOR('',#3135,1.);
#3135 = DIRECTION('',(-0.,-0.,-1.));
#3136 = ORIENTED_EDGE('',*,*,#3137,.F.);
#3137 = EDGE_CURVE('',#3089,#3130,#3138,.T.);
#3138 = CIRCLE('',#3139,1.E-02);
#3139 = AXIS2_PLACEMENT_3D('',#3140,#3141,#3142);
#3140 = CARTESIAN_POINT('',(-0.664517673709,0.55,0.7375));
#3141 = DIRECTION('',(0.,0.,-1.));
#3142 = DIRECTION('',(1.,0.,0.));
#3143 = CYLINDRICAL_SURFACE('',#3144,1.E-02);
#3144 = AXIS2_PLACEMENT_3D('',#3145,#3146,#3147);
#3145 = CARTESIAN_POINT('',(-0.664517673709,0.55,1.1625));
#3146 = DIRECTION('',(-0.,-0.,-1.));
#3147 = DIRECTION('',(-1.,0.,0.));
#3148 = ADVANCED_FACE('',(#3149),#3165,.F.);
#3149 = FACE_BOUND('',#3150,.T.);
#3150 = EDGE_LOOP('',(#3151,#3157,#3158,#3164));
#3151 = ORIENTED_EDGE('',*,*,#3152,.T.);
#3152 = EDGE_CURVE('',#3130,#2795,#3153,.T.);
#3153 = LINE('',#3154,#3155);
#3154 = CARTESIAN_POINT('',(-0.65,0.56,0.7375));
#3155 = VECTOR('',#3156,1.);
#3156 = DIRECTION('',(1.,7.468153604919E-15,-0.));
#3157 = ORIENTED_EDGE('',*,*,#2820,.F.);
#3158 = ORIENTED_EDGE('',*,*,#3159,.F.);
#3159 = EDGE_CURVE('',#3121,#2813,#3160,.T.);
#3160 = LINE('',#3161,#3162);
#3161 = CARTESIAN_POINT('',(-0.65,0.56,1.1625));
#3162 = VECTOR('',#3163,1.);
#3163 = DIRECTION('',(1.,7.468153604919E-15,-0.));
#3164 = ORIENTED_EDGE('',*,*,#3129,.T.);
#3165 = PLANE('',#3166);
#3166 = AXIS2_PLACEMENT_3D('',#3167,#3168,#3169);
#3167 = CARTESIAN_POINT('',(-0.65,0.56,1.1625));
#3168 = DIRECTION('',(-7.468153604919E-15,1.,0.));
#3169 = DIRECTION('',(-1.,-7.468153604919E-15,0.));
#3170 = ADVANCED_FACE('',(#3171),#3185,.T.);
#3171 = FACE_BOUND('',#3172,.T.);
#3172 = EDGE_LOOP('',(#3173,#3174,#3175,#3176,#3177,#3178,#3179,#3180,
    #3181,#3182,#3183,#3184));
#3173 = ORIENTED_EDGE('',*,*,#2812,.T.);
#3174 = ORIENTED_EDGE('',*,*,#2850,.T.);
#3175 = ORIENTED_EDGE('',*,*,#2882,.T.);
#3176 = ORIENTED_EDGE('',*,*,#2914,.T.);
#3177 = ORIENTED_EDGE('',*,*,#2930,.T.);
#3178 = ORIENTED_EDGE('',*,*,#2978,.T.);
#3179 = ORIENTED_EDGE('',*,*,#3009,.T.);
#3180 = ORIENTED_EDGE('',*,*,#3040,.T.);
#3181 = ORIENTED_EDGE('',*,*,#3072,.T.);
#3182 = ORIENTED_EDGE('',*,*,#3104,.T.);
#3183 = ORIENTED_EDGE('',*,*,#3120,.T.);
#3184 = ORIENTED_EDGE('',*,*,#3159,.T.);
#3185 = PLANE('',#3186);
#3186 = AXIS2_PLACEMENT_3D('',#3187,#3188,#3189);
#3187 = CARTESIAN_POINT('',(-0.664517673709,0.55,1.1625));
#3188 = DIRECTION('',(0.,0.,1.));
#3189 = DIRECTION('',(1.,0.,-0.));
#3190 = ADVANCED_FACE('',(#3191),#3205,.F.);
#3191 = FACE_BOUND('',#3192,.T.);
#3192 = EDGE_LOOP('',(#3193,#3194,#3195,#3196,#3197,#3198,#3199,#3200,
    #3201,#3202,#3203,#3204));
#3193 = ORIENTED_EDGE('',*,*,#2794,.F.);
#3194 = ORIENTED_EDGE('',*,*,#3152,.F.);
#3195 = ORIENTED_EDGE('',*,*,#3137,.F.);
#3196 = ORIENTED_EDGE('',*,*,#3088,.F.);
#3197 = ORIENTED_EDGE('',*,*,#3055,.F.);
#3198 = ORIENTED_EDGE('',*,*,#3024,.F.);
#3199 = ORIENTED_EDGE('',*,*,#2993,.F.);
#3200 = ORIENTED_EDGE('',*,*,#2962,.F.);
#3201 = ORIENTED_EDGE('',*,*,#2947,.F.);
#3202 = ORIENTED_EDGE('',*,*,#2898,.F.);
#3203 = ORIENTED_EDGE('',*,*,#2865,.F.);
#3204 = ORIENTED_EDGE('',*,*,#2834,.F.);
#3205 = PLANE('',#3206);
#3206 = AXIS2_PLACEMENT_3D('',#3207,#3208,#3209);
#3207 = CARTESIAN_POINT('',(-0.664517673709,0.55,0.7375));
#3208 = DIRECTION('',(0.,0.,1.));
#3209 = DIRECTION('',(1.,0.,-0.));
#3210 = MANIFOLD_SOLID_BREP('',#3211);
#3211 = CLOSED_SHELL('',(#3212,#3252,#3283,#3316,#3347,#3380,#3411,#3442
    ,#3473,#3506,#3537,#3570,#3592,#3612));
#3212 = ADVANCED_FACE('',(#3213),#3247,.F.);
#3213 = FACE_BOUND('',#3214,.T.);
#3214 = EDGE_LOOP('',(#3215,#3225,#3233,#3241));
#3215 = ORIENTED_EDGE('',*,*,#3216,.F.);
#3216 = EDGE_CURVE('',#3217,#3219,#3221,.T.);
#3217 = VERTEX_POINT('',#3218);
#3218 = CARTESIAN_POINT('',(0.65,0.56,-0.2125));
#3219 = VERTEX_POINT('',#3220);
#3220 = CARTESIAN_POINT('',(0.631378339402,0.6925,-0.2125));
#3221 = LINE('',#3222,#3223);
#3222 = CARTESIAN_POINT('',(0.631378339402,0.6925,-0.2125));
#3223 = VECTOR('',#3224,1.);
#3224 = DIRECTION('',(-0.13917310096,0.990268068742,0.));
#3225 = ORIENTED_EDGE('',*,*,#3226,.F.);
#3226 = EDGE_CURVE('',#3227,#3217,#3229,.T.);
#3227 = VERTEX_POINT('',#3228);
#3228 = CARTESIAN_POINT('',(0.65,0.56,0.2125));
#3229 = LINE('',#3230,#3231);
#3230 = CARTESIAN_POINT('',(0.65,0.56,0.2125));
#3231 = VECTOR('',#3232,1.);
#3232 = DIRECTION('',(0.,-0.,-1.));
#3233 = ORIENTED_EDGE('',*,*,#3234,.T.);
#3234 = EDGE_CURVE('',#3227,#3235,#3237,.T.);
#3235 = VERTEX_POINT('',#3236);
#3236 = CARTESIAN_POINT('',(0.631378339402,0.6925,0.2125));
#3237 = LINE('',#3238,#3239);
#3238 = CARTESIAN_POINT('',(0.631378339402,0.6925,0.2125));
#3239 = VECTOR('',#3240,1.);
#3240 = DIRECTION('',(-0.13917310096,0.990268068742,0.));
#3241 = ORIENTED_EDGE('',*,*,#3242,.T.);
#3242 = EDGE_CURVE('',#3235,#3219,#3243,.T.);
#3243 = LINE('',#3244,#3245);
#3244 = CARTESIAN_POINT('',(0.631378339402,0.6925,0.2125));
#3245 = VECTOR('',#3246,1.);
#3246 = DIRECTION('',(0.,-0.,-1.));
#3247 = PLANE('',#3248);
#3248 = AXIS2_PLACEMENT_3D('',#3249,#3250,#3251);
#3249 = CARTESIAN_POINT('',(0.631378339402,0.6925,0.2125));
#3250 = DIRECTION('',(0.990268068742,0.13917310096,0.));
#3251 = DIRECTION('',(0.13917310096,-0.990268068742,0.));
#3252 = ADVANCED_FACE('',(#3253),#3278,.F.);
#3253 = FACE_BOUND('',#3254,.T.);
#3254 = EDGE_LOOP('',(#3255,#3263,#3264,#3272));
#3255 = ORIENTED_EDGE('',*,*,#3256,.F.);
#3256 = EDGE_CURVE('',#3219,#3257,#3259,.T.);
#3257 = VERTEX_POINT('',#3258);
#3258 = CARTESIAN_POINT('',(0.664517673709,0.6925,-0.2125));
#3259 = LINE('',#3260,#3261);
#3260 = CARTESIAN_POINT('',(0.631378339402,0.6925,-0.2125));
#3261 = VECTOR('',#3262,1.);
#3262 = DIRECTION('',(1.,0.,0.));
#3263 = ORIENTED_EDGE('',*,*,#3242,.F.);
#3264 = ORIENTED_EDGE('',*,*,#3265,.T.);
#3265 = EDGE_CURVE('',#3235,#3266,#3268,.T.);
#3266 = VERTEX_POINT('',#3267);
#3267 = CARTESIAN_POINT('',(0.664517673709,0.6925,0.2125));
#3268 = LINE('',#3269,#3270);
#3269 = CARTESIAN_POINT('',(0.631378339402,0.6925,0.2125));
#3270 = VECTOR('',#3271,1.);
#3271 = DIRECTION('',(1.,0.,0.));
#3272 = ORIENTED_EDGE('',*,*,#3273,.T.);
#3273 = EDGE_CURVE('',#3266,#3257,#3274,.T.);
#3274 = LINE('',#3275,#3276);
#3275 = CARTESIAN_POINT('',(0.664517673709,0.6925,0.2125));
#3276 = VECTOR('',#3277,1.);
#3277 = DIRECTION('',(0.,-0.,-1.));
#3278 = PLANE('',#3279);
#3279 = AXIS2_PLACEMENT_3D('',#3280,#3281,#3282);
#3280 = CARTESIAN_POINT('',(0.631378339402,0.6925,0.2125));
#3281 = DIRECTION('',(0.,-1.,-0.));
#3282 = DIRECTION('',(-0.,0.,-1.));
#3283 = ADVANCED_FACE('',(#3284),#3311,.T.);
#3284 = FACE_BOUND('',#3285,.T.);
#3285 = EDGE_LOOP('',(#3286,#3295,#3296,#3305));
#3286 = ORIENTED_EDGE('',*,*,#3287,.F.);
#3287 = EDGE_CURVE('',#3257,#3288,#3290,.T.);
#3288 = VERTEX_POINT('',#3289);
#3289 = CARTESIAN_POINT('',(0.80693086656,0.55497317828,-0.2125));
#3290 = CIRCLE('',#3291,0.1425);
#3291 = AXIS2_PLACEMENT_3D('',#3292,#3293,#3294);
#3292 = CARTESIAN_POINT('',(0.664517673709,0.55,-0.2125));
#3293 = DIRECTION('',(-0.,0.,-1.));
#3294 = DIRECTION('',(-1.,0.,0.));
#3295 = ORIENTED_EDGE('',*,*,#3273,.F.);
#3296 = ORIENTED_EDGE('',*,*,#3297,.T.);
#3297 = EDGE_CURVE('',#3266,#3298,#3300,.T.);
#3298 = VERTEX_POINT('',#3299);
#3299 = CARTESIAN_POINT('',(0.80693086656,0.55497317828,0.2125));
#3300 = CIRCLE('',#3301,0.1425);
#3301 = AXIS2_PLACEMENT_3D('',#3302,#3303,#3304);
#3302 = CARTESIAN_POINT('',(0.664517673709,0.55,0.2125));
#3303 = DIRECTION('',(-0.,0.,-1.));
#3304 = DIRECTION('',(-1.,0.,0.));
#3305 = ORIENTED_EDGE('',*,*,#3306,.T.);
#3306 = EDGE_CURVE('',#3298,#3288,#3307,.T.);
#3307 = LINE('',#3308,#3309);
#3308 = CARTESIAN_POINT('',(0.80693086656,0.55497317828,0.2125));
#3309 = VECTOR('',#3310,1.);
#3310 = DIRECTION('',(0.,-0.,-1.));
#3311 = CYLINDRICAL_SURFACE('',#3312,0.1425);
#3312 = AXIS2_PLACEMENT_3D('',#3313,#3314,#3315);
#3313 = CARTESIAN_POINT('',(0.664517673709,0.55,0.2125));
#3314 = DIRECTION('',(0.,-0.,-1.));
#3315 = DIRECTION('',(1.,0.,0.));
#3316 = ADVANCED_FACE('',(#3317),#3342,.F.);
#3317 = FACE_BOUND('',#3318,.T.);
#3318 = EDGE_LOOP('',(#3319,#3327,#3328,#3336));
#3319 = ORIENTED_EDGE('',*,*,#3320,.F.);
#3320 = EDGE_CURVE('',#3288,#3321,#3323,.T.);
#3321 = VERTEX_POINT('',#3322);
#3322 = CARTESIAN_POINT('',(0.81741928458,0.254624183313,-0.2125));
#3323 = LINE('',#3324,#3325);
#3324 = CARTESIAN_POINT('',(0.80693086656,0.55497317828,-0.2125));
#3325 = VECTOR('',#3326,1.);
#3326 = DIRECTION('',(3.48994967025E-02,-0.999390827019,0.));
#3327 = ORIENTED_EDGE('',*,*,#3306,.F.);
#3328 = ORIENTED_EDGE('',*,*,#3329,.T.);
#3329 = EDGE_CURVE('',#3298,#3330,#3332,.T.);
#3330 = VERTEX_POINT('',#3331);
#3331 = CARTESIAN_POINT('',(0.81741928458,0.254624183313,0.2125));
#3332 = LINE('',#3333,#3334);
#3333 = CARTESIAN_POINT('',(0.80693086656,0.55497317828,0.2125));
#3334 = VECTOR('',#3335,1.);
#3335 = DIRECTION('',(3.48994967025E-02,-0.999390827019,0.));
#3336 = ORIENTED_EDGE('',*,*,#3337,.T.);
#3337 = EDGE_CURVE('',#3330,#3321,#3338,.T.);
#3338 = LINE('',#3339,#3340);
#3339 = CARTESIAN_POINT('',(0.81741928458,0.254624183313,0.2125));
#3340 = VECTOR('',#3341,1.);
#3341 = DIRECTION('',(0.,-0.,-1.));
#3342 = PLANE('',#3343);
#3343 = AXIS2_PLACEMENT_3D('',#3344,#3345,#3346);
#3344 = CARTESIAN_POINT('',(0.80693086656,0.55497317828,0.2125));
#3345 = DIRECTION('',(-0.999390827019,-3.48994967025E-02,0.));
#3346 = DIRECTION('',(-3.48994967025E-02,0.999390827019,0.));
#3347 = ADVANCED_FACE('',(#3348),#3375,.F.);
#3348 = FACE_BOUND('',#3349,.F.);
#3349 = EDGE_LOOP('',(#3350,#3360,#3367,#3368));
#3350 = ORIENTED_EDGE('',*,*,#3351,.F.);
#3351 = EDGE_CURVE('',#3352,#3354,#3356,.T.);
#3352 = VERTEX_POINT('',#3353);
#3353 = CARTESIAN_POINT('',(0.907764140194,0.158584773351,0.2125));
#3354 = VERTEX_POINT('',#3355);
#3355 = CARTESIAN_POINT('',(0.907764140194,0.158584773351,-0.2125));
#3356 = LINE('',#3357,#3358);
#3357 = CARTESIAN_POINT('',(0.907764140194,0.158584773351,0.2125));
#3358 = VECTOR('',#3359,1.);
#3359 = DIRECTION('',(0.,-0.,-1.));
#3360 = ORIENTED_EDGE('',*,*,#3361,.F.);
#3361 = EDGE_CURVE('',#3330,#3352,#3362,.T.);
#3362 = CIRCLE('',#3363,9.998931781443E-02);
#3363 = AXIS2_PLACEMENT_3D('',#3364,#3365,#3366);
#3364 = CARTESIAN_POINT('',(0.917347691604,0.25811376018,0.2125));
#3365 = DIRECTION('',(-0.,0.,1.));
#3366 = DIRECTION('',(1.,0.,0.));
#3367 = ORIENTED_EDGE('',*,*,#3337,.T.);
#3368 = ORIENTED_EDGE('',*,*,#3369,.T.);
#3369 = EDGE_CURVE('',#3321,#3354,#3370,.T.);
#3370 = CIRCLE('',#3371,9.998931781443E-02);
#3371 = AXIS2_PLACEMENT_3D('',#3372,#3373,#3374);
#3372 = CARTESIAN_POINT('',(0.917347691604,0.25811376018,-0.2125));
#3373 = DIRECTION('',(-0.,0.,1.));
#3374 = DIRECTION('',(1.,0.,0.));
#3375 = CYLINDRICAL_SURFACE('',#3376,9.998931781443E-02);
#3376 = AXIS2_PLACEMENT_3D('',#3377,#3378,#3379);
#3377 = CARTESIAN_POINT('',(0.917347691604,0.25811376018,0.2125));
#3378 = DIRECTION('',(0.,-0.,-1.));
#3379 = DIRECTION('',(1.,0.,0.));
#3380 = ADVANCED_FACE('',(#3381),#3406,.F.);
#3381 = FACE_BOUND('',#3382,.T.);
#3382 = EDGE_LOOP('',(#3383,#3391,#3392,#3400));
#3383 = ORIENTED_EDGE('',*,*,#3384,.F.);
#3384 = EDGE_CURVE('',#3354,#3385,#3387,.T.);
#3385 = VERTEX_POINT('',#3386);
#3386 = CARTESIAN_POINT('',(1.185,0.131889996284,-0.2125));
#3387 = LINE('',#3388,#3389);
#3388 = CARTESIAN_POINT('',(0.907764140194,0.158584773351,-0.2125));
#3389 = VECTOR('',#3390,1.);
#3390 = DIRECTION('',(0.995396198367,-9.584575252022E-02,0.));
#3391 = ORIENTED_EDGE('',*,*,#3351,.F.);
#3392 = ORIENTED_EDGE('',*,*,#3393,.T.);
#3393 = EDGE_CURVE('',#3352,#3394,#3396,.T.);
#3394 = VERTEX_POINT('',#3395);
#3395 = CARTESIAN_POINT('',(1.185,0.131889996284,0.2125));
#3396 = LINE('',#3397,#3398);
#3397 = CARTESIAN_POINT('',(0.907764140194,0.158584773351,0.2125));
#3398 = VECTOR('',#3399,1.);
#3399 = DIRECTION('',(0.995396198367,-9.584575252022E-02,0.));
#3400 = ORIENTED_EDGE('',*,*,#3401,.T.);
#3401 = EDGE_CURVE('',#3394,#3385,#3402,.T.);
#3402 = LINE('',#3403,#3404);
#3403 = CARTESIAN_POINT('',(1.185,0.131889996284,0.2125));
#3404 = VECTOR('',#3405,1.);
#3405 = DIRECTION('',(0.,-0.,-1.));
#3406 = PLANE('',#3407);
#3407 = AXIS2_PLACEMENT_3D('',#3408,#3409,#3410);
#3408 = CARTESIAN_POINT('',(0.907764140194,0.158584773351,0.2125));
#3409 = DIRECTION('',(-9.584575252022E-02,-0.995396198367,0.));
#3410 = DIRECTION('',(-0.995396198367,9.584575252022E-02,0.));
#3411 = ADVANCED_FACE('',(#3412),#3437,.F.);
#3412 = FACE_BOUND('',#3413,.T.);
#3413 = EDGE_LOOP('',(#3414,#3422,#3423,#3431));
#3414 = ORIENTED_EDGE('',*,*,#3415,.F.);
#3415 = EDGE_CURVE('',#3385,#3416,#3418,.T.);
#3416 = VERTEX_POINT('',#3417);
#3417 = CARTESIAN_POINT('',(1.172300437791,0.,-0.2125));
#3418 = LINE('',#3419,#3420);
#3419 = CARTESIAN_POINT('',(1.185,0.131889996284,-0.2125));
#3420 = VECTOR('',#3421,1.);
#3421 = DIRECTION('',(-9.584575252022E-02,-0.995396198367,0.));
#3422 = ORIENTED_EDGE('',*,*,#3401,.F.);
#3423 = ORIENTED_EDGE('',*,*,#3424,.T.);
#3424 = EDGE_CURVE('',#3394,#3425,#3427,.T.);
#3425 = VERTEX_POINT('',#3426);
#3426 = CARTESIAN_POINT('',(1.172300437791,0.,0.2125));
#3427 = LINE('',#3428,#3429);
#3428 = CARTESIAN_POINT('',(1.185,0.131889996284,0.2125));
#3429 = VECTOR('',#3430,1.);
#3430 = DIRECTION('',(-9.584575252022E-02,-0.995396198367,0.));
#3431 = ORIENTED_EDGE('',*,*,#3432,.T.);
#3432 = EDGE_CURVE('',#3425,#3416,#3433,.T.);
#3433 = LINE('',#3434,#3435);
#3434 = CARTESIAN_POINT('',(1.172300437791,0.,0.2125));
#3435 = VECTOR('',#3436,1.);
#3436 = DIRECTION('',(0.,-0.,-1.));
#3437 = PLANE('',#3438);
#3438 = AXIS2_PLACEMENT_3D('',#3439,#3440,#3441);
#3439 = CARTESIAN_POINT('',(1.185,0.131889996284,0.2125));
#3440 = DIRECTION('',(-0.995396198367,9.584575252022E-02,0.));
#3441 = DIRECTION('',(9.584575252022E-02,0.995396198367,0.));
#3442 = ADVANCED_FACE('',(#3443),#3468,.F.);
#3443 = FACE_BOUND('',#3444,.T.);
#3444 = EDGE_LOOP('',(#3445,#3453,#3454,#3462));
#3445 = ORIENTED_EDGE('',*,*,#3446,.F.);
#3446 = EDGE_CURVE('',#3416,#3447,#3449,.T.);
#3447 = VERTEX_POINT('',#3448);
#3448 = CARTESIAN_POINT('',(0.895064577985,2.669477706697E-02,-0.2125));
#3449 = LINE('',#3450,#3451);
#3450 = CARTESIAN_POINT('',(0.895064577985,2.669477706697E-02,-0.2125));
#3451 = VECTOR('',#3452,1.);
#3452 = DIRECTION('',(-0.995396198367,9.584575252022E-02,0.));
#3453 = ORIENTED_EDGE('',*,*,#3432,.F.);
#3454 = ORIENTED_EDGE('',*,*,#3455,.T.);
#3455 = EDGE_CURVE('',#3425,#3456,#3458,.T.);
#3456 = VERTEX_POINT('',#3457);
#3457 = CARTESIAN_POINT('',(0.895064577985,2.669477706697E-02,0.2125));
#3458 = LINE('',#3459,#3460);
#3459 = CARTESIAN_POINT('',(0.895064577985,2.669477706697E-02,0.2125));
#3460 = VECTOR('',#3461,1.);
#3461 = DIRECTION('',(-0.995396198367,9.584575252022E-02,0.));
#3462 = ORIENTED_EDGE('',*,*,#3463,.T.);
#3463 = EDGE_CURVE('',#3456,#3447,#3464,.T.);
#3464 = LINE('',#3465,#3466);
#3465 = CARTESIAN_POINT('',(0.895064577985,2.669477706697E-02,0.2125));
#3466 = VECTOR('',#3467,1.);
#3467 = DIRECTION('',(0.,-0.,-1.));
#3468 = PLANE('',#3469);
#3469 = AXIS2_PLACEMENT_3D('',#3470,#3471,#3472);
#3470 = CARTESIAN_POINT('',(0.895064577985,2.669477706697E-02,0.2125));
#3471 = DIRECTION('',(9.584575252022E-02,0.995396198367,0.));
#3472 = DIRECTION('',(0.995396198367,-9.584575252022E-02,0.));
#3473 = ADVANCED_FACE('',(#3474),#3501,.T.);
#3474 = FACE_BOUND('',#3475,.T.);
#3475 = EDGE_LOOP('',(#3476,#3485,#3486,#3495));
#3476 = ORIENTED_EDGE('',*,*,#3477,.F.);
#3477 = EDGE_CURVE('',#3447,#3478,#3480,.T.);
#3478 = VERTEX_POINT('',#3479);
#3479 = CARTESIAN_POINT('',(0.685,0.25,-0.2125));
#3480 = CIRCLE('',#3481,0.232489317814);
#3481 = AXIS2_PLACEMENT_3D('',#3482,#3483,#3484);
#3482 = CARTESIAN_POINT('',(0.917347691604,0.25811376018,-0.2125));
#3483 = DIRECTION('',(0.,0.,-1.));
#3484 = DIRECTION('',(1.,0.,0.));
#3485 = ORIENTED_EDGE('',*,*,#3463,.F.);
#3486 = ORIENTED_EDGE('',*,*,#3487,.T.);
#3487 = EDGE_CURVE('',#3456,#3488,#3490,.T.);
#3488 = VERTEX_POINT('',#3489);
#3489 = CARTESIAN_POINT('',(0.685,0.25,0.2125));
#3490 = CIRCLE('',#3491,0.232489317814);
#3491 = AXIS2_PLACEMENT_3D('',#3492,#3493,#3494);
#3492 = CARTESIAN_POINT('',(0.917347691604,0.25811376018,0.2125));
#3493 = DIRECTION('',(0.,0.,-1.));
#3494 = DIRECTION('',(1.,0.,0.));
#3495 = ORIENTED_EDGE('',*,*,#3496,.T.);
#3496 = EDGE_CURVE('',#3488,#3478,#3497,.T.);
#3497 = LINE('',#3498,#3499);
#3498 = CARTESIAN_POINT('',(0.685,0.25,0.2125));
#3499 = VECTOR('',#3500,1.);
#3500 = DIRECTION('',(0.,-0.,-1.));
#3501 = CYLINDRICAL_SURFACE('',#3502,0.232489317814);
#3502 = AXIS2_PLACEMENT_3D('',#3503,#3504,#3505);
#3503 = CARTESIAN_POINT('',(0.917347691604,0.25811376018,0.2125));
#3504 = DIRECTION('',(0.,-0.,-1.));
#3505 = DIRECTION('',(1.,0.,0.));
#3506 = ADVANCED_FACE('',(#3507),#3532,.F.);
#3507 = FACE_BOUND('',#3508,.T.);
#3508 = EDGE_LOOP('',(#3509,#3517,#3518,#3526));
#3509 = ORIENTED_EDGE('',*,*,#3510,.F.);
#3510 = EDGE_CURVE('',#3478,#3511,#3513,.T.);
#3511 = VERTEX_POINT('',#3512);
#3512 = CARTESIAN_POINT('',(0.67451158198,0.550348994967,-0.2125));
#3513 = LINE('',#3514,#3515);
#3514 = CARTESIAN_POINT('',(0.67451158198,0.550348994967,-0.2125));
#3515 = VECTOR('',#3516,1.);
#3516 = DIRECTION('',(-3.48994967025E-02,0.999390827019,0.));
#3517 = ORIENTED_EDGE('',*,*,#3496,.F.);
#3518 = ORIENTED_EDGE('',*,*,#3519,.T.);
#3519 = EDGE_CURVE('',#3488,#3520,#3522,.T.);
#3520 = VERTEX_POINT('',#3521);
#3521 = CARTESIAN_POINT('',(0.67451158198,0.550348994967,0.2125));
#3522 = LINE('',#3523,#3524);
#3523 = CARTESIAN_POINT('',(0.67451158198,0.550348994967,0.2125));
#3524 = VECTOR('',#3525,1.);
#3525 = DIRECTION('',(-3.48994967025E-02,0.999390827019,0.));
#3526 = ORIENTED_EDGE('',*,*,#3527,.T.);
#3527 = EDGE_CURVE('',#3520,#3511,#3528,.T.);
#3528 = LINE('',#3529,#3530);
#3529 = CARTESIAN_POINT('',(0.67451158198,0.550348994967,0.2125));
#3530 = VECTOR('',#3531,1.);
#3531 = DIRECTION('',(0.,-0.,-1.));
#3532 = PLANE('',#3533);
#3533 = AXIS2_PLACEMENT_3D('',#3534,#3535,#3536);
#3534 = CARTESIAN_POINT('',(0.67451158198,0.550348994967,0.2125));
#3535 = DIRECTION('',(0.999390827019,3.48994967025E-02,0.));
#3536 = DIRECTION('',(3.48994967025E-02,-0.999390827019,0.));
#3537 = ADVANCED_FACE('',(#3538),#3565,.F.);
#3538 = FACE_BOUND('',#3539,.F.);
#3539 = EDGE_LOOP('',(#3540,#3550,#3557,#3558));
#3540 = ORIENTED_EDGE('',*,*,#3541,.F.);
#3541 = EDGE_CURVE('',#3542,#3544,#3546,.T.);
#3542 = VERTEX_POINT('',#3543);
#3543 = CARTESIAN_POINT('',(0.664517673709,0.56,0.2125));
#3544 = VERTEX_POINT('',#3545);
#3545 = CARTESIAN_POINT('',(0.664517673709,0.56,-0.2125));
#3546 = LINE('',#3547,#3548);
#3547 = CARTESIAN_POINT('',(0.664517673709,0.56,0.2125));
#3548 = VECTOR('',#3549,1.);
#3549 = DIRECTION('',(0.,-0.,-1.));
#3550 = ORIENTED_EDGE('',*,*,#3551,.F.);
#3551 = EDGE_CURVE('',#3520,#3542,#3552,.T.);
#3552 = CIRCLE('',#3553,1.E-02);
#3553 = AXIS2_PLACEMENT_3D('',#3554,#3555,#3556);
#3554 = CARTESIAN_POINT('',(0.664517673709,0.55,0.2125));
#3555 = DIRECTION('',(0.,0.,1.));
#3556 = DIRECTION('',(-1.,0.,-0.));
#3557 = ORIENTED_EDGE('',*,*,#3527,.T.);
#3558 = ORIENTED_EDGE('',*,*,#3559,.T.);
#3559 = EDGE_CURVE('',#3511,#3544,#3560,.T.);
#3560 = CIRCLE('',#3561,1.E-02);
#3561 = AXIS2_PLACEMENT_3D('',#3562,#3563,#3564);
#3562 = CARTESIAN_POINT('',(0.664517673709,0.55,-0.2125));
#3563 = DIRECTION('',(0.,0.,1.));
#3564 = DIRECTION('',(-1.,0.,-0.));
#3565 = CYLINDRICAL_SURFACE('',#3566,1.E-02);
#3566 = AXIS2_PLACEMENT_3D('',#3567,#3568,#3569);
#3567 = CARTESIAN_POINT('',(0.664517673709,0.55,0.2125));
#3568 = DIRECTION('',(0.,-0.,-1.));
#3569 = DIRECTION('',(1.,0.,0.));
#3570 = ADVANCED_FACE('',(#3571),#3587,.F.);
#3571 = FACE_BOUND('',#3572,.T.);
#3572 = EDGE_LOOP('',(#3573,#3579,#3580,#3586));
#3573 = ORIENTED_EDGE('',*,*,#3574,.F.);
#3574 = EDGE_CURVE('',#3544,#3217,#3575,.T.);
#3575 = LINE('',#3576,#3577);
#3576 = CARTESIAN_POINT('',(0.65,0.56,-0.2125));
#3577 = VECTOR('',#3578,1.);
#3578 = DIRECTION('',(-1.,7.468153604919E-15,0.));
#3579 = ORIENTED_EDGE('',*,*,#3541,.F.);
#3580 = ORIENTED_EDGE('',*,*,#3581,.T.);
#3581 = EDGE_CURVE('',#3542,#3227,#3582,.T.);
#3582 = LINE('',#3583,#3584);
#3583 = CARTESIAN_POINT('',(0.65,0.56,0.2125));
#3584 = VECTOR('',#3585,1.);
#3585 = DIRECTION('',(-1.,7.468153604919E-15,0.));
#3586 = ORIENTED_EDGE('',*,*,#3226,.T.);
#3587 = PLANE('',#3588);
#3588 = AXIS2_PLACEMENT_3D('',#3589,#3590,#3591);
#3589 = CARTESIAN_POINT('',(0.65,0.56,0.2125));
#3590 = DIRECTION('',(7.468153604919E-15,1.,0.));
#3591 = DIRECTION('',(1.,-7.468153604919E-15,0.));
#3592 = ADVANCED_FACE('',(#3593),#3607,.T.);
#3593 = FACE_BOUND('',#3594,.T.);
#3594 = EDGE_LOOP('',(#3595,#3596,#3597,#3598,#3599,#3600,#3601,#3602,
    #3603,#3604,#3605,#3606));
#3595 = ORIENTED_EDGE('',*,*,#3234,.F.);
#3596 = ORIENTED_EDGE('',*,*,#3581,.F.);
#3597 = ORIENTED_EDGE('',*,*,#3551,.F.);
#3598 = ORIENTED_EDGE('',*,*,#3519,.F.);
#3599 = ORIENTED_EDGE('',*,*,#3487,.F.);
#3600 = ORIENTED_EDGE('',*,*,#3455,.F.);
#3601 = ORIENTED_EDGE('',*,*,#3424,.F.);
#3602 = ORIENTED_EDGE('',*,*,#3393,.F.);
#3603 = ORIENTED_EDGE('',*,*,#3361,.F.);
#3604 = ORIENTED_EDGE('',*,*,#3329,.F.);
#3605 = ORIENTED_EDGE('',*,*,#3297,.F.);
#3606 = ORIENTED_EDGE('',*,*,#3265,.F.);
#3607 = PLANE('',#3608);
#3608 = AXIS2_PLACEMENT_3D('',#3609,#3610,#3611);
#3609 = CARTESIAN_POINT('',(0.664517673709,0.55,0.2125));
#3610 = DIRECTION('',(0.,0.,1.));
#3611 = DIRECTION('',(-1.,0.,0.));
#3612 = ADVANCED_FACE('',(#3613),#3627,.F.);
#3613 = FACE_BOUND('',#3614,.T.);
#3614 = EDGE_LOOP('',(#3615,#3616,#3617,#3618,#3619,#3620,#3621,#3622,
    #3623,#3624,#3625,#3626));
#3615 = ORIENTED_EDGE('',*,*,#3216,.T.);
#3616 = ORIENTED_EDGE('',*,*,#3256,.T.);
#3617 = ORIENTED_EDGE('',*,*,#3287,.T.);
#3618 = ORIENTED_EDGE('',*,*,#3320,.T.);
#3619 = ORIENTED_EDGE('',*,*,#3369,.T.);
#3620 = ORIENTED_EDGE('',*,*,#3384,.T.);
#3621 = ORIENTED_EDGE('',*,*,#3415,.T.);
#3622 = ORIENTED_EDGE('',*,*,#3446,.T.);
#3623 = ORIENTED_EDGE('',*,*,#3477,.T.);
#3624 = ORIENTED_EDGE('',*,*,#3510,.T.);
#3625 = ORIENTED_EDGE('',*,*,#3559,.T.);
#3626 = ORIENTED_EDGE('',*,*,#3574,.T.);
#3627 = PLANE('',#3628);
#3628 = AXIS2_PLACEMENT_3D('',#3629,#3630,#3631);
#3629 = CARTESIAN_POINT('',(0.664517673709,0.55,-0.2125));
#3630 = DIRECTION('',(0.,0.,1.));
#3631 = DIRECTION('',(-1.,0.,0.));
#3632 = ( GEOMETRIC_REPRESENTATION_CONTEXT(3) 
GLOBAL_UNCERTAINTY_ASSIGNED_CONTEXT((#3636)) 
GLOBAL_UNIT_ASSIGNED_CONTEXT((#3633,#3634,#3635)) REPRESENTATION_CONTEXT
('Context #1','3D Context with UNIT and UNCERTAINTY') );
#3633 = ( LENGTH_UNIT() NAMED_UNIT(*) SI_UNIT(.MILLI.,.METRE.) );
#3634 = ( NAMED_UNIT(*) PLANE_ANGLE_UNIT() SI_UNIT($,.RADIAN.) );
#3635 = ( NAMED_UNIT(*) SI_UNIT($,.STERADIAN.) SOLID_ANGLE_UNIT() );
#3636 = UNCERTAINTY_MEASURE_WITH_UNIT(LENGTH_MEASURE(1.E-07),#3633,
  'distance_accuracy_value','confusion accuracy');
#3637 = CONTEXT_DEPENDENT_SHAPE_REPRESENTATION(#3638,#3640);
#3638 = ( REPRESENTATION_RELATIONSHIP('','',#2119,#10) 
REPRESENTATION_RELATIONSHIP_WITH_TRANSFORMATION(#3639) 
SHAPE_REPRESENTATION_RELATIONSHIP() );
#3639 = ITEM_DEFINED_TRANSFORMATION('','',#11,#23);
#3640 = PRODUCT_DEFINITION_SHAPE('Placement','Placement of an item',
  #3641);
#3641 = NEXT_ASSEMBLY_USAGE_OCCURRENCE('3','Q5','',#5,#2114,$);
#3642 = PRODUCT_RELATED_PRODUCT_CATEGORY('part',$,(#2116));
#3643 = CONTEXT_DEPENDENT_SHAPE_REPRESENTATION(#3644,#3646);
#3644 = ( REPRESENTATION_RELATIONSHIP('','',#112,#10) 
REPRESENTATION_RELATIONSHIP_WITH_TRANSFORMATION(#3645) 
SHAPE_REPRESENTATION_RELATIONSHIP() );
#3645 = ITEM_DEFINED_TRANSFORMATION('','',#11,#27);
#3646 = PRODUCT_DEFINITION_SHAPE('Placement','Placement of an item',
  #3647);
#3647 = NEXT_ASSEMBLY_USAGE_OCCURRENCE('4','D7','',#5,#107,$);
#3648 = CONTEXT_DEPENDENT_SHAPE_REPRESENTATION(#3649,#3651);
#3649 = ( REPRESENTATION_RELATIONSHIP('','',#112,#10) 
REPRESENTATION_RELATIONSHIP_WITH_TRANSFORMATION(#3650) 
SHAPE_REPRESENTATION_RELATIONSHIP() );
#3650 = ITEM_DEFINED_TRANSFORMATION('','',#11,#31);
#3651 = PRODUCT_DEFINITION_SHAPE('Placement','Placement of an item',
  #3652);
#3652 = NEXT_ASSEMBLY_USAGE_OCCURRENCE('5','D8','',#5,#107,$);
#3653 = CONTEXT_DEPENDENT_SHAPE_REPRESENTATION(#3654,#3656);
#3654 = ( REPRESENTATION_RELATIONSHIP('','',#112,#10) 
REPRESENTATION_RELATIONSHIP_WITH_TRANSFORMATION(#3655) 
SHAPE_REPRESENTATION_RELATIONSHIP() );
#3655 = ITEM_DEFINED_TRANSFORMATION('','',#11,#35);
#3656 = PRODUCT_DEFINITION_SHAPE('Placement','Placement of an item',
  #3657);
#3657 = NEXT_ASSEMBLY_USAGE_OCCURRENCE('6','D1','',#5,#107,$);
#3658 = CONTEXT_DEPENDENT_SHAPE_REPRESENTATION(#3659,#3661);
#3659 = ( REPRESENTATION_RELATIONSHIP('','',#112,#10) 
REPRESENTATION_RELATIONSHIP_WITH_TRANSFORMATION(#3660) 
SHAPE_REPRESENTATION_RELATIONSHIP() );
#3660 = ITEM_DEFINED_TRANSFORMATION('','',#11,#39);
#3661 = PRODUCT_DEFINITION_SHAPE('Placement','Placement of an item',
  #3662);
#3662 = NEXT_ASSEMBLY_USAGE_OCCURRENCE('7','D4','',#5,#107,$);
#3663 = SHAPE_DEFINITION_REPRESENTATION(#3664,#3670);
#3664 = PRODUCT_DEFINITION_SHAPE('','',#3665);
#3665 = PRODUCT_DEFINITION('design','',#3666,#3669);
#3666 = PRODUCT_DEFINITION_FORMATION('','',#3667);
#3667 = PRODUCT('BSR802NL6327HTSA1','BSR802NL6327HTSA1','',(#3668));
#3668 = PRODUCT_CONTEXT('',#2,'mechanical');
#3669 = PRODUCT_DEFINITION_CONTEXT('part definition',#2,'design');
#3670 = SHAPE_REPRESENTATION('',(#11,#3671,#3675,#3679),#3683);
#3671 = AXIS2_PLACEMENT_3D('',#3672,#3673,#3674);
#3672 = CARTESIAN_POINT('',(0.,0.,0.));
#3673 = DIRECTION('',(0.,0.,1.));
#3674 = DIRECTION('',(1.,0.,0.));
#3675 = AXIS2_PLACEMENT_3D('',#3676,#3677,#3678);
#3676 = CARTESIAN_POINT('',(0.,0.,0.));
#3677 = DIRECTION('',(0.,0.,1.));
#3678 = DIRECTION('',(1.,0.,0.));
#3679 = AXIS2_PLACEMENT_3D('',#3680,#3681,#3682);
#3680 = CARTESIAN_POINT('',(0.,0.,0.));
#3681 = DIRECTION('',(0.,0.,1.));
#3682 = DIRECTION('',(1.,0.,0.));
#3683 = ( GEOMETRIC_REPRESENTATION_CONTEXT(3) 
GLOBAL_UNCERTAINTY_ASSIGNED_CONTEXT((#3687)) 
GLOBAL_UNIT_ASSIGNED_CONTEXT((#3684,#3685,#3686)) REPRESENTATION_CONTEXT
('Context #1','3D Context with UNIT and UNCERTAINTY') );
#3684 = ( LENGTH_UNIT() NAMED_UNIT(*) SI_UNIT(.MILLI.,.METRE.) );
#3685 = ( NAMED_UNIT(*) PLANE_ANGLE_UNIT() SI_UNIT($,.RADIAN.) );
#3686 = ( NAMED_UNIT(*) SI_UNIT($,.STERADIAN.) SOLID_ANGLE_UNIT() );
#3687 = UNCERTAINTY_MEASURE_WITH_UNIT(LENGTH_MEASURE(1.E-07),#3684,
  'distance_accuracy_value','confusion accuracy');
#3688 = CONTEXT_DEPENDENT_SHAPE_REPRESENTATION(#3689,#3691);
#3689 = ( REPRESENTATION_RELATIONSHIP('','',#3670,#10) 
REPRESENTATION_RELATIONSHIP_WITH_TRANSFORMATION(#3690) 
SHAPE_REPRESENTATION_RELATIONSHIP() );
#3690 = ITEM_DEFINED_TRANSFORMATION('','',#11,#43);
#3691 = PRODUCT_DEFINITION_SHAPE('Placement','Placement of an item',
  #3692);
#3692 = NEXT_ASSEMBLY_USAGE_OCCURRENCE('11','Q3','',#5,#3665,$);
#3693 = PRODUCT_RELATED_PRODUCT_CATEGORY('part',$,(#3667));
#3694 = SHAPE_DEFINITION_REPRESENTATION(#3695,#3701);
#3695 = PRODUCT_DEFINITION_SHAPE('','',#3696);
#3696 = PRODUCT_DEFINITION('design','',#3697,#3700);
#3697 = PRODUCT_DEFINITION_FORMATION('','',#3698);
#3698 = PRODUCT('Body','Body','',(#3699));
#3699 = PRODUCT_CONTEXT('',#2,'mechanical');
#3700 = PRODUCT_DEFINITION_CONTEXT('part definition',#2,'design');
#3701 = ADVANCED_BREP_SHAPE_REPRESENTATION('',(#11,#3702),#4289);
#3702 = MANIFOLD_SOLID_BREP('',#3703);
#3703 = CLOSED_SHELL('',(#3704,#3744,#3775,#3808,#3839,#3870,#3895,#3919
    ,#3941,#3965,#3983,#4014,#4038,#4050,#4067,#4091,#4124,#4148,#4165,
    #4190,#4225,#4243,#4255,#4280));
#3704 = ADVANCED_FACE('',(#3705),#3739,.T.);
#3705 = FACE_BOUND('',#3706,.T.);
#3706 = EDGE_LOOP('',(#3707,#3717,#3725,#3733));
#3707 = ORIENTED_EDGE('',*,*,#3708,.F.);
#3708 = EDGE_CURVE('',#3709,#3711,#3713,.T.);
#3709 = VERTEX_POINT('',#3710);
#3710 = CARTESIAN_POINT('',(-0.7625,-1.5,0.543803601606));
#3711 = VERTEX_POINT('',#3712);
#3712 = CARTESIAN_POINT('',(-0.691455465435,-1.428955465435,
    0.107004471398));
#3713 = LINE('',#3714,#3715);
#3714 = CARTESIAN_POINT('',(-0.725332892822,-1.462832892822,
    0.315291159556));
#3715 = VECTOR('',#3716,1.);
#3716 = DIRECTION('',(0.158508856622,0.158508856622,-0.974551119616));
#3717 = ORIENTED_EDGE('',*,*,#3718,.T.);
#3718 = EDGE_CURVE('',#3709,#3719,#3721,.T.);
#3719 = VERTEX_POINT('',#3720);
#3720 = CARTESIAN_POINT('',(-0.7625,1.5,0.543803601606));
#3721 = LINE('',#3722,#3723);
#3722 = CARTESIAN_POINT('',(-0.7625,-1.5,0.543803601606));
#3723 = VECTOR('',#3724,1.);
#3724 = DIRECTION('',(0.,1.,0.));
#3725 = ORIENTED_EDGE('',*,*,#3726,.T.);
#3726 = EDGE_CURVE('',#3719,#3727,#3729,.T.);
#3727 = VERTEX_POINT('',#3728);
#3728 = CARTESIAN_POINT('',(-0.691455465435,1.428955465435,
    0.107004471398));
#3729 = LINE('',#3730,#3731);
#3730 = CARTESIAN_POINT('',(-0.687645306381,1.425145306381,
    8.357868402161E-02));
#3731 = VECTOR('',#3732,1.);
#3732 = DIRECTION('',(0.158508856622,-0.158508856622,-0.974551119616));
#3733 = ORIENTED_EDGE('',*,*,#3734,.F.);
#3734 = EDGE_CURVE('',#3711,#3727,#3735,.T.);
#3735 = LINE('',#3736,#3737);
#3736 = CARTESIAN_POINT('',(-0.691455465435,-1.42375,0.107004471398));
#3737 = VECTOR('',#3738,1.);
#3738 = DIRECTION('',(0.,1.,0.));
#3739 = PLANE('',#3740);
#3740 = AXIS2_PLACEMENT_3D('',#3741,#3742,#3743);
#3741 = CARTESIAN_POINT('',(-0.724375,-1.5,0.309401800803));
#3742 = DIRECTION('',(-0.987029586397,8.683395313322E-19,-0.160538455133
    ));
#3743 = DIRECTION('',(8.570768084632E-19,1.,1.394018868912E-19));
#3744 = ADVANCED_FACE('',(#3745),#3770,.T.);
#3745 = FACE_BOUND('',#3746,.F.);
#3746 = EDGE_LOOP('',(#3747,#3748,#3756,#3764));
#3747 = ORIENTED_EDGE('',*,*,#3708,.F.);
#3748 = ORIENTED_EDGE('',*,*,#3749,.T.);
#3749 = EDGE_CURVE('',#3709,#3750,#3752,.T.);
#3750 = VERTEX_POINT('',#3751);
#3751 = CARTESIAN_POINT('',(0.7625,-1.5,0.543803601606));
#3752 = LINE('',#3753,#3754);
#3753 = CARTESIAN_POINT('',(-0.7625,-1.5,0.543803601606));
#3754 = VECTOR('',#3755,1.);
#3755 = DIRECTION('',(1.,0.,0.));
#3756 = ORIENTED_EDGE('',*,*,#3757,.T.);
#3757 = EDGE_CURVE('',#3750,#3758,#3760,.T.);
#3758 = VERTEX_POINT('',#3759);
#3759 = CARTESIAN_POINT('',(0.691455465435,-1.428955465435,
    0.107004471398));
#3760 = LINE('',#3761,#3762);
#3761 = CARTESIAN_POINT('',(0.706175036381,-1.443675036381,
    0.197503984493));
#3762 = VECTOR('',#3763,1.);
#3763 = DIRECTION('',(-0.158508856622,0.158508856622,-0.974551119616));
#3764 = ORIENTED_EDGE('',*,*,#3765,.F.);
#3765 = EDGE_CURVE('',#3711,#3758,#3766,.T.);
#3766 = LINE('',#3767,#3768);
#3767 = CARTESIAN_POINT('',(-0.68625,-1.428955465435,0.107004471398));
#3768 = VECTOR('',#3769,1.);
#3769 = DIRECTION('',(1.,0.,0.));
#3770 = PLANE('',#3771);
#3771 = AXIS2_PLACEMENT_3D('',#3772,#3773,#3774);
#3772 = CARTESIAN_POINT('',(-0.7625,-1.461875,0.309401800803));
#3773 = DIRECTION('',(0.,-0.987029586397,-0.160538455133));
#3774 = DIRECTION('',(-1.,-0.,0.));
#3775 = ADVANCED_FACE('',(#3776),#3803,.T.);
#3776 = FACE_BOUND('',#3777,.T.);
#3777 = EDGE_LOOP('',(#3778,#3779,#3788,#3796));
#3778 = ORIENTED_EDGE('',*,*,#3734,.T.);
#3779 = ORIENTED_EDGE('',*,*,#3780,.T.);
#3780 = EDGE_CURVE('',#3727,#3781,#3783,.T.);
#3781 = VERTEX_POINT('',#3782);
#3782 = CARTESIAN_POINT('',(-0.653824962454,1.391324962454,7.5E-02));
#3783 = ELLIPSE('',#3784,5.391689206547E-02,3.8125E-02);
#3784 = AXIS2_PLACEMENT_3D('',#3785,#3786,#3787);
#3785 = CARTESIAN_POINT('',(-0.653824962454,1.391324962454,0.113125));
#3786 = DIRECTION('',(-0.707106781187,-0.707106781187,-0.));
#3787 = DIRECTION('',(-0.707106781187,0.707106781187,0.));
#3788 = ORIENTED_EDGE('',*,*,#3789,.F.);
#3789 = EDGE_CURVE('',#3790,#3781,#3792,.T.);
#3790 = VERTEX_POINT('',#3791);
#3791 = CARTESIAN_POINT('',(-0.653824962454,-1.391324962454,7.5E-02));
#3792 = LINE('',#3793,#3794);
#3793 = CARTESIAN_POINT('',(-0.653824962454,-1.42375,7.5E-02));
#3794 = VECTOR('',#3795,1.);
#3795 = DIRECTION('',(0.,1.,0.));
#3796 = ORIENTED_EDGE('',*,*,#3797,.F.);
#3797 = EDGE_CURVE('',#3711,#3790,#3798,.T.);
#3798 = ELLIPSE('',#3799,5.391689206547E-02,3.8125E-02);
#3799 = AXIS2_PLACEMENT_3D('',#3800,#3801,#3802);
#3800 = CARTESIAN_POINT('',(-0.653824962454,-1.391324962454,0.113125));
#3801 = DIRECTION('',(0.707106781187,-0.707106781187,0.));
#3802 = DIRECTION('',(0.707106781187,0.707106781187,0.));
#3803 = CYLINDRICAL_SURFACE('',#3804,3.8125E-02);
#3804 = AXIS2_PLACEMENT_3D('',#3805,#3806,#3807);
#3805 = CARTESIAN_POINT('',(-0.653824962454,-1.42375,0.113125));
#3806 = DIRECTION('',(0.,1.,0.));
#3807 = DIRECTION('',(-0.987029586397,0.,-0.160538455133));
#3808 = ADVANCED_FACE('',(#3809),#3834,.F.);
#3809 = FACE_BOUND('',#3810,.F.);
#3810 = EDGE_LOOP('',(#3811,#3819,#3820,#3828));
#3811 = ORIENTED_EDGE('',*,*,#3812,.F.);
#3812 = EDGE_CURVE('',#3709,#3813,#3815,.T.);
#3813 = VERTEX_POINT('',#3814);
#3814 = CARTESIAN_POINT('',(-0.7625,-1.5,0.731303601606));
#3815 = LINE('',#3816,#3817);
#3816 = CARTESIAN_POINT('',(-0.7625,-1.5,7.5E-02));
#3817 = VECTOR('',#3818,1.);
#3818 = DIRECTION('',(0.,0.,1.));
#3819 = ORIENTED_EDGE('',*,*,#3718,.T.);
#3820 = ORIENTED_EDGE('',*,*,#3821,.T.);
#3821 = EDGE_CURVE('',#3719,#3822,#3824,.T.);
#3822 = VERTEX_POINT('',#3823);
#3823 = CARTESIAN_POINT('',(-0.7625,1.5,0.731303601606));
#3824 = LINE('',#3825,#3826);
#3825 = CARTESIAN_POINT('',(-0.7625,1.5,7.5E-02));
#3826 = VECTOR('',#3827,1.);
#3827 = DIRECTION('',(0.,0.,1.));
#3828 = ORIENTED_EDGE('',*,*,#3829,.F.);
#3829 = EDGE_CURVE('',#3813,#3822,#3830,.T.);
#3830 = LINE('',#3831,#3832);
#3831 = CARTESIAN_POINT('',(-0.7625,-1.5,0.731303601606));
#3832 = VECTOR('',#3833,1.);
#3833 = DIRECTION('',(0.,1.,0.));
#3834 = PLANE('',#3835);
#3835 = AXIS2_PLACEMENT_3D('',#3836,#3837,#3838);
#3836 = CARTESIAN_POINT('',(-0.7625,-1.5,7.5E-02));
#3837 = DIRECTION('',(1.,0.,0.));
#3838 = DIRECTION('',(0.,0.,1.));
#3839 = ADVANCED_FACE('',(#3840),#3865,.F.);
#3840 = FACE_BOUND('',#3841,.T.);
#3841 = EDGE_LOOP('',(#3842,#3843,#3851,#3859));
#3842 = ORIENTED_EDGE('',*,*,#3726,.F.);
#3843 = ORIENTED_EDGE('',*,*,#3844,.T.);
#3844 = EDGE_CURVE('',#3719,#3845,#3847,.T.);
#3845 = VERTEX_POINT('',#3846);
#3846 = CARTESIAN_POINT('',(0.7625,1.5,0.543803601606));
#3847 = LINE('',#3848,#3849);
#3848 = CARTESIAN_POINT('',(-0.7625,1.5,0.543803601606));
#3849 = VECTOR('',#3850,1.);
#3850 = DIRECTION('',(1.,0.,0.));
#3851 = ORIENTED_EDGE('',*,*,#3852,.T.);
#3852 = EDGE_CURVE('',#3845,#3853,#3855,.T.);
#3853 = VERTEX_POINT('',#3854);
#3854 = CARTESIAN_POINT('',(0.691455465435,1.428955465435,0.107004471398
    ));
#3855 = LINE('',#3856,#3857);
#3856 = CARTESIAN_POINT('',(0.66848744994,1.40598744994,
    -3.420849104182E-02));
#3857 = VECTOR('',#3858,1.);
#3858 = DIRECTION('',(-0.158508856622,-0.158508856622,-0.974551119616));
#3859 = ORIENTED_EDGE('',*,*,#3860,.F.);
#3860 = EDGE_CURVE('',#3727,#3853,#3861,.T.);
#3861 = LINE('',#3862,#3863);
#3862 = CARTESIAN_POINT('',(-0.68625,1.428955465435,0.107004471398));
#3863 = VECTOR('',#3864,1.);
#3864 = DIRECTION('',(1.,0.,0.));
#3865 = PLANE('',#3866);
#3866 = AXIS2_PLACEMENT_3D('',#3867,#3868,#3869);
#3867 = CARTESIAN_POINT('',(-0.7625,1.461875,0.309401800803));
#3868 = DIRECTION('',(0.,-0.987029586397,0.160538455133));
#3869 = DIRECTION('',(-1.,0.,0.));
#3870 = ADVANCED_FACE('',(#3871),#3890,.T.);
#3871 = FACE_BOUND('',#3872,.T.);
#3872 = EDGE_LOOP('',(#3873,#3874,#3882,#3889));
#3873 = ORIENTED_EDGE('',*,*,#3797,.T.);
#3874 = ORIENTED_EDGE('',*,*,#3875,.T.);
#3875 = EDGE_CURVE('',#3790,#3876,#3878,.T.);
#3876 = VERTEX_POINT('',#3877);
#3877 = CARTESIAN_POINT('',(0.653824962454,-1.391324962454,7.5E-02));
#3878 = LINE('',#3879,#3880);
#3879 = CARTESIAN_POINT('',(-0.68625,-1.391324962454,7.5E-02));
#3880 = VECTOR('',#3881,1.);
#3881 = DIRECTION('',(1.,0.,0.));
#3882 = ORIENTED_EDGE('',*,*,#3883,.F.);
#3883 = EDGE_CURVE('',#3758,#3876,#3884,.T.);
#3884 = ELLIPSE('',#3885,5.391689206547E-02,3.8125E-02);
#3885 = AXIS2_PLACEMENT_3D('',#3886,#3887,#3888);
#3886 = CARTESIAN_POINT('',(0.653824962454,-1.391324962454,0.113125));
#3887 = DIRECTION('',(0.707106781187,0.707106781187,0.));
#3888 = DIRECTION('',(0.707106781187,-0.707106781187,0.));
#3889 = ORIENTED_EDGE('',*,*,#3765,.F.);
#3890 = CYLINDRICAL_SURFACE('',#3891,3.8125E-02);
#3891 = AXIS2_PLACEMENT_3D('',#3892,#3893,#3894);
#3892 = CARTESIAN_POINT('',(-0.68625,-1.391324962454,0.113125));
#3893 = DIRECTION('',(1.,0.,0.));
#3894 = DIRECTION('',(0.,-0.987029586397,-0.160538455133));
#3895 = ADVANCED_FACE('',(#3896),#3914,.F.);
#3896 = FACE_BOUND('',#3897,.F.);
#3897 = EDGE_LOOP('',(#3898,#3906,#3907,#3908));
#3898 = ORIENTED_EDGE('',*,*,#3899,.F.);
#3899 = EDGE_CURVE('',#3750,#3900,#3902,.T.);
#3900 = VERTEX_POINT('',#3901);
#3901 = CARTESIAN_POINT('',(0.7625,-1.5,0.731303601606));
#3902 = LINE('',#3903,#3904);
#3903 = CARTESIAN_POINT('',(0.7625,-1.5,7.5E-02));
#3904 = VECTOR('',#3905,1.);
#3905 = DIRECTION('',(0.,0.,1.));
#3906 = ORIENTED_EDGE('',*,*,#3749,.F.);
#3907 = ORIENTED_EDGE('',*,*,#3812,.T.);
#3908 = ORIENTED_EDGE('',*,*,#3909,.T.);
#3909 = EDGE_CURVE('',#3813,#3900,#3910,.T.);
#3910 = LINE('',#3911,#3912);
#3911 = CARTESIAN_POINT('',(-0.7625,-1.5,0.731303601606));
#3912 = VECTOR('',#3913,1.);
#3913 = DIRECTION('',(1.,0.,0.));
#3914 = PLANE('',#3915);
#3915 = AXIS2_PLACEMENT_3D('',#3916,#3917,#3918);
#3916 = CARTESIAN_POINT('',(-0.7625,-1.5,7.5E-02));
#3917 = DIRECTION('',(0.,1.,0.));
#3918 = DIRECTION('',(0.,-0.,1.));
#3919 = ADVANCED_FACE('',(#3920),#3936,.F.);
#3920 = FACE_BOUND('',#3921,.F.);
#3921 = EDGE_LOOP('',(#3922,#3923,#3929,#3930));
#3922 = ORIENTED_EDGE('',*,*,#3757,.F.);
#3923 = ORIENTED_EDGE('',*,*,#3924,.T.);
#3924 = EDGE_CURVE('',#3750,#3845,#3925,.T.);
#3925 = LINE('',#3926,#3927);
#3926 = CARTESIAN_POINT('',(0.7625,-1.5,0.543803601606));
#3927 = VECTOR('',#3928,1.);
#3928 = DIRECTION('',(0.,1.,0.));
#3929 = ORIENTED_EDGE('',*,*,#3852,.T.);
#3930 = ORIENTED_EDGE('',*,*,#3931,.F.);
#3931 = EDGE_CURVE('',#3758,#3853,#3932,.T.);
#3932 = LINE('',#3933,#3934);
#3933 = CARTESIAN_POINT('',(0.691455465435,-1.42375,0.107004471398));
#3934 = VECTOR('',#3935,1.);
#3935 = DIRECTION('',(0.,1.,0.));
#3936 = PLANE('',#3937);
#3937 = AXIS2_PLACEMENT_3D('',#3938,#3939,#3940);
#3938 = CARTESIAN_POINT('',(0.724375,-1.5,0.309401800803));
#3939 = DIRECTION('',(-0.987029586397,-8.683395313322E-19,0.160538455133
    ));
#3940 = DIRECTION('',(-8.570768084632E-19,1.,1.394018868912E-19));
#3941 = ADVANCED_FACE('',(#3942),#3960,.F.);
#3942 = FACE_BOUND('',#3943,.F.);
#3943 = EDGE_LOOP('',(#3944,#3945,#3946,#3954));
#3944 = ORIENTED_EDGE('',*,*,#3789,.F.);
#3945 = ORIENTED_EDGE('',*,*,#3875,.T.);
#3946 = ORIENTED_EDGE('',*,*,#3947,.T.);
#3947 = EDGE_CURVE('',#3876,#3948,#3950,.T.);
#3948 = VERTEX_POINT('',#3949);
#3949 = CARTESIAN_POINT('',(0.653824962454,1.391324962454,7.5E-02));
#3950 = LINE('',#3951,#3952);
#3951 = CARTESIAN_POINT('',(0.653824962454,-1.42375,7.5E-02));
#3952 = VECTOR('',#3953,1.);
#3953 = DIRECTION('',(0.,1.,0.));
#3954 = ORIENTED_EDGE('',*,*,#3955,.F.);
#3955 = EDGE_CURVE('',#3781,#3948,#3956,.T.);
#3956 = LINE('',#3957,#3958);
#3957 = CARTESIAN_POINT('',(-0.68625,1.391324962454,7.5E-02));
#3958 = VECTOR('',#3959,1.);
#3959 = DIRECTION('',(1.,0.,0.));
#3960 = PLANE('',#3961);
#3961 = AXIS2_PLACEMENT_3D('',#3962,#3963,#3964);
#3962 = CARTESIAN_POINT('',(-0.7625,-1.5,7.5E-02));
#3963 = DIRECTION('',(0.,0.,1.));
#3964 = DIRECTION('',(1.,0.,-0.));
#3965 = ADVANCED_FACE('',(#3966),#3978,.T.);
#3966 = FACE_BOUND('',#3967,.T.);
#3967 = EDGE_LOOP('',(#3968,#3969,#3970,#3977));
#3968 = ORIENTED_EDGE('',*,*,#3780,.F.);
#3969 = ORIENTED_EDGE('',*,*,#3860,.T.);
#3970 = ORIENTED_EDGE('',*,*,#3971,.F.);
#3971 = EDGE_CURVE('',#3948,#3853,#3972,.T.);
#3972 = ELLIPSE('',#3973,5.391689206547E-02,3.8125E-02);
#3973 = AXIS2_PLACEMENT_3D('',#3974,#3975,#3976);
#3974 = CARTESIAN_POINT('',(0.653824962454,1.391324962454,0.113125));
#3975 = DIRECTION('',(0.707106781187,-0.707106781187,0.));
#3976 = DIRECTION('',(0.707106781187,0.707106781187,0.));
#3977 = ORIENTED_EDGE('',*,*,#3955,.F.);
#3978 = CYLINDRICAL_SURFACE('',#3979,3.8125E-02);
#3979 = AXIS2_PLACEMENT_3D('',#3980,#3981,#3982);
#3980 = CARTESIAN_POINT('',(-0.68625,1.391324962454,0.113125));
#3981 = DIRECTION('',(1.,0.,0.));
#3982 = DIRECTION('',(0.,0.,-1.));
#3983 = ADVANCED_FACE('',(#3984),#4009,.F.);
#3984 = FACE_BOUND('',#3985,.F.);
#3985 = EDGE_LOOP('',(#3986,#3994,#3995,#4003));
#3986 = ORIENTED_EDGE('',*,*,#3987,.F.);
#3987 = EDGE_CURVE('',#3813,#3988,#3990,.T.);
#3988 = VERTEX_POINT('',#3989);
#3989 = CARTESIAN_POINT('',(-0.690373913214,-1.427873913214,
    1.316538357342));
#3990 = LINE('',#3991,#3992);
#3991 = CARTESIAN_POINT('',(-0.724937002093,-1.462437002093,
    1.036091687089));
#3992 = VECTOR('',#3993,1.);
#3993 = DIRECTION('',(0.121412678489,0.121412678489,0.985148680659));
#3994 = ORIENTED_EDGE('',*,*,#3829,.T.);
#3995 = ORIENTED_EDGE('',*,*,#3996,.T.);
#3996 = EDGE_CURVE('',#3822,#3997,#3999,.T.);
#3997 = VERTEX_POINT('',#3998);
#3998 = CARTESIAN_POINT('',(-0.690373913214,1.427873913214,
    1.316538357342));
#3999 = LINE('',#4000,#4001);
#4000 = CARTESIAN_POINT('',(-0.702825444346,1.440325444346,
    1.215505997132));
#4001 = VECTOR('',#4002,1.);
#4002 = DIRECTION('',(0.121412678489,-0.121412678489,0.985148680659));
#4003 = ORIENTED_EDGE('',*,*,#4004,.F.);
#4004 = EDGE_CURVE('',#3988,#3997,#4005,.T.);
#4005 = LINE('',#4006,#4007);
#4006 = CARTESIAN_POINT('',(-0.690373913214,-1.42375,1.316538357342));
#4007 = VECTOR('',#4008,1.);
#4008 = DIRECTION('',(0.,1.,0.));
#4009 = PLANE('',#4010);
#4010 = AXIS2_PLACEMENT_3D('',#4011,#4012,#4013);
#4011 = CARTESIAN_POINT('',(-0.724375,-1.5,1.040651800803));
#4012 = DIRECTION('',(0.992491013642,0.,-0.12231756963));
#4013 = DIRECTION('',(0.,1.,0.));
#4014 = ADVANCED_FACE('',(#4015),#4033,.T.);
#4015 = FACE_BOUND('',#4016,.T.);
#4016 = EDGE_LOOP('',(#4017,#4025,#4026,#4027));
#4017 = ORIENTED_EDGE('',*,*,#4018,.F.);
#4018 = EDGE_CURVE('',#3845,#4019,#4021,.T.);
#4019 = VERTEX_POINT('',#4020);
#4020 = CARTESIAN_POINT('',(0.7625,1.5,0.731303601606));
#4021 = LINE('',#4022,#4023);
#4022 = CARTESIAN_POINT('',(0.7625,1.5,7.5E-02));
#4023 = VECTOR('',#4024,1.);
#4024 = DIRECTION('',(0.,0.,1.));
#4025 = ORIENTED_EDGE('',*,*,#3844,.F.);
#4026 = ORIENTED_EDGE('',*,*,#3821,.T.);
#4027 = ORIENTED_EDGE('',*,*,#4028,.T.);
#4028 = EDGE_CURVE('',#3822,#4019,#4029,.T.);
#4029 = LINE('',#4030,#4031);
#4030 = CARTESIAN_POINT('',(-0.7625,1.5,0.731303601606));
#4031 = VECTOR('',#4032,1.);
#4032 = DIRECTION('',(1.,0.,0.));
#4033 = PLANE('',#4034);
#4034 = AXIS2_PLACEMENT_3D('',#4035,#4036,#4037);
#4035 = CARTESIAN_POINT('',(-0.7625,1.5,7.5E-02));
#4036 = DIRECTION('',(0.,1.,0.));
#4037 = DIRECTION('',(0.,-0.,1.));
#4038 = ADVANCED_FACE('',(#4039),#4045,.T.);
#4039 = FACE_BOUND('',#4040,.T.);
#4040 = EDGE_LOOP('',(#4041,#4042,#4043,#4044));
#4041 = ORIENTED_EDGE('',*,*,#3947,.T.);
#4042 = ORIENTED_EDGE('',*,*,#3971,.T.);
#4043 = ORIENTED_EDGE('',*,*,#3931,.F.);
#4044 = ORIENTED_EDGE('',*,*,#3883,.T.);
#4045 = CYLINDRICAL_SURFACE('',#4046,3.8125E-02);
#4046 = AXIS2_PLACEMENT_3D('',#4047,#4048,#4049);
#4047 = CARTESIAN_POINT('',(0.653824962454,-1.42375,0.113125));
#4048 = DIRECTION('',(0.,1.,0.));
#4049 = DIRECTION('',(0.,0.,-1.));
#4050 = ADVANCED_FACE('',(#4051),#4062,.T.);
#4051 = FACE_BOUND('',#4052,.T.);
#4052 = EDGE_LOOP('',(#4053,#4054,#4055,#4056));
#4053 = ORIENTED_EDGE('',*,*,#3899,.F.);
#4054 = ORIENTED_EDGE('',*,*,#3924,.T.);
#4055 = ORIENTED_EDGE('',*,*,#4018,.T.);
#4056 = ORIENTED_EDGE('',*,*,#4057,.F.);
#4057 = EDGE_CURVE('',#3900,#4019,#4058,.T.);
#4058 = LINE('',#4059,#4060);
#4059 = CARTESIAN_POINT('',(0.7625,-1.5,0.731303601606));
#4060 = VECTOR('',#4061,1.);
#4061 = DIRECTION('',(0.,1.,0.));
#4062 = PLANE('',#4063);
#4063 = AXIS2_PLACEMENT_3D('',#4064,#4065,#4066);
#4064 = CARTESIAN_POINT('',(0.7625,-1.5,7.5E-02));
#4065 = DIRECTION('',(1.,0.,0.));
#4066 = DIRECTION('',(0.,0.,1.));
#4067 = ADVANCED_FACE('',(#4068),#4086,.F.);
#4068 = FACE_BOUND('',#4069,.T.);
#4069 = EDGE_LOOP('',(#4070,#4071,#4072,#4080));
#4070 = ORIENTED_EDGE('',*,*,#3987,.F.);
#4071 = ORIENTED_EDGE('',*,*,#3909,.T.);
#4072 = ORIENTED_EDGE('',*,*,#4073,.T.);
#4073 = EDGE_CURVE('',#3900,#4074,#4076,.T.);
#4074 = VERTEX_POINT('',#4075);
#4075 = CARTESIAN_POINT('',(0.690373913214,-1.427873913214,
    1.316538357342));
#4076 = LINE('',#4077,#4078);
#4077 = CARTESIAN_POINT('',(0.713696960238,-1.451196960238,
    1.127293961361));
#4078 = VECTOR('',#4079,1.);
#4079 = DIRECTION('',(-0.121412678489,0.121412678489,0.985148680659));
#4080 = ORIENTED_EDGE('',*,*,#4081,.F.);
#4081 = EDGE_CURVE('',#3988,#4074,#4082,.T.);
#4082 = LINE('',#4083,#4084);
#4083 = CARTESIAN_POINT('',(-0.68625,-1.427873913214,1.316538357342));
#4084 = VECTOR('',#4085,1.);
#4085 = DIRECTION('',(1.,0.,0.));
#4086 = PLANE('',#4087);
#4087 = AXIS2_PLACEMENT_3D('',#4088,#4089,#4090);
#4088 = CARTESIAN_POINT('',(-0.7625,-1.461875,1.040651800803));
#4089 = DIRECTION('',(-8.690453847177E-19,0.992491013642,-0.12231756963)
  );
#4090 = DIRECTION('',(-1.,-8.625197347792E-19,1.062995193566E-19));
#4091 = ADVANCED_FACE('',(#4092),#4119,.T.);
#4092 = FACE_BOUND('',#4093,.T.);
#4093 = EDGE_LOOP('',(#4094,#4103,#4111,#4118));
#4094 = ORIENTED_EDGE('',*,*,#4095,.T.);
#4095 = EDGE_CURVE('',#3988,#4096,#4098,.T.);
#4096 = VERTEX_POINT('',#4097);
#4097 = CARTESIAN_POINT('',(-0.652535193319,-1.390035193319,1.35));
#4098 = ELLIPSE('',#4099,5.391689206547E-02,3.8125E-02);
#4099 = AXIS2_PLACEMENT_3D('',#4100,#4101,#4102);
#4100 = CARTESIAN_POINT('',(-0.652535193319,-1.390035193319,1.311875));
#4101 = DIRECTION('',(-0.707106781187,0.707106781187,0.));
#4102 = DIRECTION('',(0.707106781187,0.707106781187,0.));
#4103 = ORIENTED_EDGE('',*,*,#4104,.T.);
#4104 = EDGE_CURVE('',#4096,#4105,#4107,.T.);
#4105 = VERTEX_POINT('',#4106);
#4106 = CARTESIAN_POINT('',(-0.652535193319,1.390035193319,1.35));
#4107 = LINE('',#4108,#4109);
#4108 = CARTESIAN_POINT('',(-0.652535193319,-1.42375,1.35));
#4109 = VECTOR('',#4110,1.);
#4110 = DIRECTION('',(0.,1.,0.));
#4111 = ORIENTED_EDGE('',*,*,#4112,.F.);
#4112 = EDGE_CURVE('',#3997,#4105,#4113,.T.);
#4113 = ELLIPSE('',#4114,5.391689206547E-02,3.8125E-02);
#4114 = AXIS2_PLACEMENT_3D('',#4115,#4116,#4117);
#4115 = CARTESIAN_POINT('',(-0.652535193319,1.390035193319,1.311875));
#4116 = DIRECTION('',(0.707106781187,0.707106781187,-0.));
#4117 = DIRECTION('',(-0.707106781187,0.707106781187,0.));
#4118 = ORIENTED_EDGE('',*,*,#4004,.F.);
#4119 = CYLINDRICAL_SURFACE('',#4120,3.8125E-02);
#4120 = AXIS2_PLACEMENT_3D('',#4121,#4122,#4123);
#4121 = CARTESIAN_POINT('',(-0.652535193319,-1.42375,1.311875));
#4122 = DIRECTION('',(0.,1.,0.));
#4123 = DIRECTION('',(-0.992491013642,0.,0.12231756963));
#4124 = ADVANCED_FACE('',(#4125),#4143,.T.);
#4125 = FACE_BOUND('',#4126,.F.);
#4126 = EDGE_LOOP('',(#4127,#4128,#4129,#4137));
#4127 = ORIENTED_EDGE('',*,*,#3996,.F.);
#4128 = ORIENTED_EDGE('',*,*,#4028,.T.);
#4129 = ORIENTED_EDGE('',*,*,#4130,.T.);
#4130 = EDGE_CURVE('',#4019,#4131,#4133,.T.);
#4131 = VERTEX_POINT('',#4132);
#4132 = CARTESIAN_POINT('',(0.690373913214,1.427873913214,1.316538357342
    ));
#4133 = LINE('',#4134,#4135);
#4134 = CARTESIAN_POINT('',(0.691585402492,1.429085402492,1.306708271404
    ));
#4135 = VECTOR('',#4136,1.);
#4136 = DIRECTION('',(-0.121412678489,-0.121412678489,0.985148680659));
#4137 = ORIENTED_EDGE('',*,*,#4138,.F.);
#4138 = EDGE_CURVE('',#3997,#4131,#4139,.T.);
#4139 = LINE('',#4140,#4141);
#4140 = CARTESIAN_POINT('',(-0.68625,1.427873913214,1.316538357342));
#4141 = VECTOR('',#4142,1.);
#4142 = DIRECTION('',(1.,0.,0.));
#4143 = PLANE('',#4144);
#4144 = AXIS2_PLACEMENT_3D('',#4145,#4146,#4147);
#4145 = CARTESIAN_POINT('',(-0.7625,1.461875,1.040651800803));
#4146 = DIRECTION('',(8.690453847177E-19,0.992491013642,0.12231756963));
#4147 = DIRECTION('',(-1.,8.625197347792E-19,1.062995193566E-19));
#4148 = ADVANCED_FACE('',(#4149),#4160,.T.);
#4149 = FACE_BOUND('',#4150,.T.);
#4150 = EDGE_LOOP('',(#4151,#4152,#4153,#4154));
#4151 = ORIENTED_EDGE('',*,*,#4073,.F.);
#4152 = ORIENTED_EDGE('',*,*,#4057,.T.);
#4153 = ORIENTED_EDGE('',*,*,#4130,.T.);
#4154 = ORIENTED_EDGE('',*,*,#4155,.F.);
#4155 = EDGE_CURVE('',#4074,#4131,#4156,.T.);
#4156 = LINE('',#4157,#4158);
#4157 = CARTESIAN_POINT('',(0.690373913214,-1.42375,1.316538357342));
#4158 = VECTOR('',#4159,1.);
#4159 = DIRECTION('',(0.,1.,0.));
#4160 = PLANE('',#4161);
#4161 = AXIS2_PLACEMENT_3D('',#4162,#4163,#4164);
#4162 = CARTESIAN_POINT('',(0.724375,-1.5,1.040651800803));
#4163 = DIRECTION('',(0.992491013642,0.,0.12231756963));
#4164 = DIRECTION('',(-0.,1.,0.));
#4165 = ADVANCED_FACE('',(#4166),#4185,.T.);
#4166 = FACE_BOUND('',#4167,.T.);
#4167 = EDGE_LOOP('',(#4168,#4169,#4178,#4184));
#4168 = ORIENTED_EDGE('',*,*,#4081,.T.);
#4169 = ORIENTED_EDGE('',*,*,#4170,.T.);
#4170 = EDGE_CURVE('',#4074,#4171,#4173,.T.);
#4171 = VERTEX_POINT('',#4172);
#4172 = CARTESIAN_POINT('',(0.652535193319,-1.390035193319,1.35));
#4173 = ELLIPSE('',#4174,5.391689206547E-02,3.8125E-02);
#4174 = AXIS2_PLACEMENT_3D('',#4175,#4176,#4177);
#4175 = CARTESIAN_POINT('',(0.652535193319,-1.390035193319,1.311875));
#4176 = DIRECTION('',(-0.707106781187,-0.707106781187,0.));
#4177 = DIRECTION('',(0.707106781187,-0.707106781187,0.));
#4178 = ORIENTED_EDGE('',*,*,#4179,.F.);
#4179 = EDGE_CURVE('',#4096,#4171,#4180,.T.);
#4180 = LINE('',#4181,#4182);
#4181 = CARTESIAN_POINT('',(-0.68625,-1.390035193319,1.35));
#4182 = VECTOR('',#4183,1.);
#4183 = DIRECTION('',(1.,0.,0.));
#4184 = ORIENTED_EDGE('',*,*,#4095,.F.);
#4185 = CYLINDRICAL_SURFACE('',#4186,3.8125E-02);
#4186 = AXIS2_PLACEMENT_3D('',#4187,#4188,#4189);
#4187 = CARTESIAN_POINT('',(-0.68625,-1.390035193319,1.311875));
#4188 = DIRECTION('',(1.,0.,0.));
#4189 = DIRECTION('',(0.,-0.992491013642,0.12231756963));
#4190 = ADVANCED_FACE('',(#4191,#4209),#4220,.T.);
#4191 = FACE_BOUND('',#4192,.T.);
#4192 = EDGE_LOOP('',(#4193,#4194,#4195,#4203));
#4193 = ORIENTED_EDGE('',*,*,#4104,.F.);
#4194 = ORIENTED_EDGE('',*,*,#4179,.T.);
#4195 = ORIENTED_EDGE('',*,*,#4196,.T.);
#4196 = EDGE_CURVE('',#4171,#4197,#4199,.T.);
#4197 = VERTEX_POINT('',#4198);
#4198 = CARTESIAN_POINT('',(0.652535193319,1.390035193319,1.35));
#4199 = LINE('',#4200,#4201);
#4200 = CARTESIAN_POINT('',(0.652535193319,-1.42375,1.35));
#4201 = VECTOR('',#4202,1.);
#4202 = DIRECTION('',(0.,1.,0.));
#4203 = ORIENTED_EDGE('',*,*,#4204,.F.);
#4204 = EDGE_CURVE('',#4105,#4197,#4205,.T.);
#4205 = LINE('',#4206,#4207);
#4206 = CARTESIAN_POINT('',(-0.68625,1.390035193319,1.35));
#4207 = VECTOR('',#4208,1.);
#4208 = DIRECTION('',(1.,0.,0.));
#4209 = FACE_BOUND('',#4210,.T.);
#4210 = EDGE_LOOP('',(#4211));
#4211 = ORIENTED_EDGE('',*,*,#4212,.F.);
#4212 = EDGE_CURVE('',#4213,#4213,#4215,.T.);
#4213 = VERTEX_POINT('',#4214);
#4214 = CARTESIAN_POINT('',(-0.3621875,0.95,1.35));
#4215 = CIRCLE('',#4216,9.53125E-02);
#4216 = AXIS2_PLACEMENT_3D('',#4217,#4218,#4219);
#4217 = CARTESIAN_POINT('',(-0.4575,0.95,1.35));
#4218 = DIRECTION('',(0.,0.,1.));
#4219 = DIRECTION('',(1.,0.,-0.));
#4220 = PLANE('',#4221);
#4221 = AXIS2_PLACEMENT_3D('',#4222,#4223,#4224);
#4222 = CARTESIAN_POINT('',(-0.7625,-1.5,1.35));
#4223 = DIRECTION('',(0.,0.,1.));
#4224 = DIRECTION('',(1.,0.,-0.));
#4225 = ADVANCED_FACE('',(#4226),#4238,.T.);
#4226 = FACE_BOUND('',#4227,.T.);
#4227 = EDGE_LOOP('',(#4228,#4229,#4236,#4237));
#4228 = ORIENTED_EDGE('',*,*,#4204,.T.);
#4229 = ORIENTED_EDGE('',*,*,#4230,.T.);
#4230 = EDGE_CURVE('',#4197,#4131,#4231,.T.);
#4231 = ELLIPSE('',#4232,5.391689206547E-02,3.8125E-02);
#4232 = AXIS2_PLACEMENT_3D('',#4233,#4234,#4235);
#4233 = CARTESIAN_POINT('',(0.652535193319,1.390035193319,1.311875));
#4234 = DIRECTION('',(-0.707106781187,0.707106781187,0.));
#4235 = DIRECTION('',(0.707106781187,0.707106781187,0.));
#4236 = ORIENTED_EDGE('',*,*,#4138,.F.);
#4237 = ORIENTED_EDGE('',*,*,#4112,.T.);
#4238 = CYLINDRICAL_SURFACE('',#4239,3.8125E-02);
#4239 = AXIS2_PLACEMENT_3D('',#4240,#4241,#4242);
#4240 = CARTESIAN_POINT('',(-0.68625,1.390035193319,1.311875));
#4241 = DIRECTION('',(1.,0.,0.));
#4242 = DIRECTION('',(0.,0.,1.));
#4243 = ADVANCED_FACE('',(#4244),#4250,.T.);
#4244 = FACE_BOUND('',#4245,.T.);
#4245 = EDGE_LOOP('',(#4246,#4247,#4248,#4249));
#4246 = ORIENTED_EDGE('',*,*,#4170,.F.);
#4247 = ORIENTED_EDGE('',*,*,#4155,.T.);
#4248 = ORIENTED_EDGE('',*,*,#4230,.F.);
#4249 = ORIENTED_EDGE('',*,*,#4196,.F.);
#4250 = CYLINDRICAL_SURFACE('',#4251,3.8125E-02);
#4251 = AXIS2_PLACEMENT_3D('',#4252,#4253,#4254);
#4252 = CARTESIAN_POINT('',(0.652535193319,-1.42375,1.311875));
#4253 = DIRECTION('',(0.,1.,0.));
#4254 = DIRECTION('',(0.,-0.,1.));
#4255 = ADVANCED_FACE('',(#4256),#4275,.F.);
#4256 = FACE_BOUND('',#4257,.F.);
#4257 = EDGE_LOOP('',(#4258,#4266,#4267,#4268));
#4258 = ORIENTED_EDGE('',*,*,#4259,.T.);
#4259 = EDGE_CURVE('',#4260,#4213,#4262,.T.);
#4260 = VERTEX_POINT('',#4261);
#4261 = CARTESIAN_POINT('',(-0.3621875,0.95,1.215));
#4262 = LINE('',#4263,#4264);
#4263 = CARTESIAN_POINT('',(-0.3621875,0.95,1.215));
#4264 = VECTOR('',#4265,1.);
#4265 = DIRECTION('',(0.,0.,1.));
#4266 = ORIENTED_EDGE('',*,*,#4212,.F.);
#4267 = ORIENTED_EDGE('',*,*,#4259,.F.);
#4268 = ORIENTED_EDGE('',*,*,#4269,.T.);
#4269 = EDGE_CURVE('',#4260,#4260,#4270,.T.);
#4270 = CIRCLE('',#4271,9.53125E-02);
#4271 = AXIS2_PLACEMENT_3D('',#4272,#4273,#4274);
#4272 = CARTESIAN_POINT('',(-0.4575,0.95,1.215));
#4273 = DIRECTION('',(0.,0.,1.));
#4274 = DIRECTION('',(1.,0.,-0.));
#4275 = CYLINDRICAL_SURFACE('',#4276,9.53125E-02);
#4276 = AXIS2_PLACEMENT_3D('',#4277,#4278,#4279);
#4277 = CARTESIAN_POINT('',(-0.4575,0.95,1.215));
#4278 = DIRECTION('',(0.,0.,1.));
#4279 = DIRECTION('',(1.,0.,-0.));
#4280 = ADVANCED_FACE('',(#4281),#4284,.T.);
#4281 = FACE_BOUND('',#4282,.F.);
#4282 = EDGE_LOOP('',(#4283));
#4283 = ORIENTED_EDGE('',*,*,#4269,.F.);
#4284 = PLANE('',#4285);
#4285 = AXIS2_PLACEMENT_3D('',#4286,#4287,#4288);
#4286 = CARTESIAN_POINT('',(-0.4575,0.95,1.215));
#4287 = DIRECTION('',(0.,0.,1.));
#4288 = DIRECTION('',(1.,0.,-0.));
#4289 = ( GEOMETRIC_REPRESENTATION_CONTEXT(3) 
GLOBAL_UNCERTAINTY_ASSIGNED_CONTEXT((#4293)) 
GLOBAL_UNIT_ASSIGNED_CONTEXT((#4290,#4291,#4292)) REPRESENTATION_CONTEXT
('Context #1','3D Context with UNIT and UNCERTAINTY') );
#4290 = ( LENGTH_UNIT() NAMED_UNIT(*) SI_UNIT(.MILLI.,.METRE.) );
#4291 = ( NAMED_UNIT(*) PLANE_ANGLE_UNIT() SI_UNIT($,.RADIAN.) );
#4292 = ( NAMED_UNIT(*) SI_UNIT($,.STERADIAN.) SOLID_ANGLE_UNIT() );
#4293 = UNCERTAINTY_MEASURE_WITH_UNIT(LENGTH_MEASURE(1.E-07),#4290,
  'distance_accuracy_value','confusion accuracy');
#4294 = CONTEXT_DEPENDENT_SHAPE_REPRESENTATION(#4295,#4297);
#4295 = ( REPRESENTATION_RELATIONSHIP('','',#3701,#3670) 
REPRESENTATION_RELATIONSHIP_WITH_TRANSFORMATION(#4296) 
SHAPE_REPRESENTATION_RELATIONSHIP() );
#4296 = ITEM_DEFINED_TRANSFORMATION('','',#11,#3671);
#4297 = PRODUCT_DEFINITION_SHAPE('Placement','Placement of an item',
  #4298);
#4298 = NEXT_ASSEMBLY_USAGE_OCCURRENCE('8','=>[0:1:1:2]','',#3665,#3696,
  $);
#4299 = PRODUCT_RELATED_PRODUCT_CATEGORY('part',$,(#3698));
#4300 = SHAPE_DEFINITION_REPRESENTATION(#4301,#4307);
#4301 = PRODUCT_DEFINITION_SHAPE('','',#4302);
#4302 = PRODUCT_DEFINITION('design','',#4303,#4306);
#4303 = PRODUCT_DEFINITION_FORMATION('','',#4304);
#4304 = PRODUCT('PinsArrayL','PinsArrayL','',(#4305));
#4305 = PRODUCT_CONTEXT('',#2,'mechanical');
#4306 = PRODUCT_DEFINITION_CONTEXT('part definition',#2,'design');
#4307 = SHAPE_REPRESENTATION('',(#11,#4308,#4695),#5082);
#4308 = MANIFOLD_SOLID_BREP('',#4309);
#4309 = CLOSED_SHELL('',(#4310,#4350,#4440,#4465,#4489,#4564,#4581,#4598
    ,#4615,#4632,#4649,#4666,#4683));
#4310 = ADVANCED_FACE('',(#4311),#4345,.T.);
#4311 = FACE_BOUND('',#4312,.T.);
#4312 = EDGE_LOOP('',(#4313,#4323,#4331,#4339));
#4313 = ORIENTED_EDGE('',*,*,#4314,.F.);
#4314 = EDGE_CURVE('',#4315,#4317,#4319,.T.);
#4315 = VERTEX_POINT('',#4316);
#4316 = CARTESIAN_POINT('',(-1.425,1.1375,0.1875));
#4317 = VERTEX_POINT('',#4318);
#4318 = CARTESIAN_POINT('',(-1.181316246973,1.1375,0.1875));
#4319 = LINE('',#4320,#4321);
#4320 = CARTESIAN_POINT('',(-1.425,1.1375,0.1875));
#4321 = VECTOR('',#4322,1.);
#4322 = DIRECTION('',(1.,0.,0.));
#4323 = ORIENTED_EDGE('',*,*,#4324,.F.);
#4324 = EDGE_CURVE('',#4325,#4315,#4327,.T.);
#4325 = VERTEX_POINT('',#4326);
#4326 = CARTESIAN_POINT('',(-1.425,0.7625,0.1875));
#4327 = LINE('',#4328,#4329);
#4328 = CARTESIAN_POINT('',(-1.425,0.7625,0.1875));
#4329 = VECTOR('',#4330,1.);
#4330 = DIRECTION('',(0.,1.,0.));
#4331 = ORIENTED_EDGE('',*,*,#4332,.T.);
#4332 = EDGE_CURVE('',#4325,#4333,#4335,.T.);
#4333 = VERTEX_POINT('',#4334);
#4334 = CARTESIAN_POINT('',(-1.181316246973,0.7625,0.1875));
#4335 = LINE('',#4336,#4337);
#4336 = CARTESIAN_POINT('',(-1.425,0.7625,0.1875));
#4337 = VECTOR('',#4338,1.);
#4338 = DIRECTION('',(1.,0.,0.));
#4339 = ORIENTED_EDGE('',*,*,#4340,.T.);
#4340 = EDGE_CURVE('',#4333,#4317,#4341,.T.);
#4341 = LINE('',#4342,#4343);
#4342 = CARTESIAN_POINT('',(-1.181316246973,0.7625,0.1875));
#4343 = VECTOR('',#4344,1.);
#4344 = DIRECTION('',(0.,1.,0.));
#4345 = PLANE('',#4346);
#4346 = AXIS2_PLACEMENT_3D('',#4347,#4348,#4349);
#4347 = CARTESIAN_POINT('',(-1.425,0.7625,0.1875));
#4348 = DIRECTION('',(0.,0.,1.));
#4349 = DIRECTION('',(1.,0.,-0.));
#4350 = ADVANCED_FACE('',(#4351),#4435,.T.);
#4351 = FACE_BOUND('',#4352,.T.);
#4352 = EDGE_LOOP('',(#4353,#4363,#4369,#4370,#4379,#4387,#4396,#4404,
    #4412,#4420,#4428));
#4353 = ORIENTED_EDGE('',*,*,#4354,.F.);
#4354 = EDGE_CURVE('',#4355,#4357,#4359,.T.);
#4355 = VERTEX_POINT('',#4356);
#4356 = CARTESIAN_POINT('',(-1.425,1.1375,0.));
#4357 = VERTEX_POINT('',#4358);
#4358 = CARTESIAN_POINT('',(-1.112544164649,1.1375,2.775557561563E-17));
#4359 = LINE('',#4360,#4361);
#4360 = CARTESIAN_POINT('',(-1.425,1.1375,0.));
#4361 = VECTOR('',#4362,1.);
#4362 = DIRECTION('',(1.,0.,0.));
#4363 = ORIENTED_EDGE('',*,*,#4364,.T.);
#4364 = EDGE_CURVE('',#4355,#4315,#4365,.T.);
#4365 = LINE('',#4366,#4367);
#4366 = CARTESIAN_POINT('',(-1.425,1.1375,0.));
#4367 = VECTOR('',#4368,1.);
#4368 = DIRECTION('',(0.,0.,1.));
#4369 = ORIENTED_EDGE('',*,*,#4314,.T.);
#4370 = ORIENTED_EDGE('',*,*,#4371,.T.);
#4371 = EDGE_CURVE('',#4317,#4372,#4374,.T.);
#4372 = VERTEX_POINT('',#4373);
#4373 = CARTESIAN_POINT('',(-1.091892879716,1.1375,0.253098199197));
#4374 = CIRCLE('',#4375,9.375E-02);
#4375 = AXIS2_PLACEMENT_3D('',#4376,#4377,#4378);
#4376 = CARTESIAN_POINT('',(-1.181316246973,1.1375,0.28125));
#4377 = DIRECTION('',(0.,-1.,0.));
#4378 = DIRECTION('',(0.,0.,1.));
#4379 = ORIENTED_EDGE('',*,*,#4380,.T.);
#4380 = EDGE_CURVE('',#4372,#4381,#4383,.T.);
#4381 = VERTEX_POINT('',#4382);
#4382 = CARTESIAN_POINT('',(-0.961998019446,1.1375,0.665705402409));
#4383 = LINE('',#4384,#4385);
#4384 = CARTESIAN_POINT('',(-1.153846734514,1.1375,5.630360160613E-02));
#4385 = VECTOR('',#4386,1.);
#4386 = DIRECTION('',(0.300285875233,0.,0.953849250739));
#4387 = ORIENTED_EDGE('',*,*,#4388,.T.);
#4388 = EDGE_CURVE('',#4381,#4389,#4391,.T.);
#4389 = VERTEX_POINT('',#4390);
#4390 = CARTESIAN_POINT('',(-0.872574652189,1.1375,0.731303601606));
#4391 = CIRCLE('',#4392,9.375E-02);
#4392 = AXIS2_PLACEMENT_3D('',#4393,#4394,#4395);
#4393 = CARTESIAN_POINT('',(-0.872574652189,1.1375,0.637553601606));
#4394 = DIRECTION('',(0.,1.,0.));
#4395 = DIRECTION('',(0.,-0.,1.));
#4396 = ORIENTED_EDGE('',*,*,#4397,.T.);
#4397 = EDGE_CURVE('',#4389,#4398,#4400,.T.);
#4398 = VERTEX_POINT('',#4399);
#4399 = CARTESIAN_POINT('',(-0.7625,1.1375,0.731303601606));
#4400 = LINE('',#4401,#4402);
#4401 = CARTESIAN_POINT('',(-0.941346734514,1.1375,0.731303601606));
#4402 = VECTOR('',#4403,1.);
#4403 = DIRECTION('',(1.,0.,0.));
#4404 = ORIENTED_EDGE('',*,*,#4405,.F.);
#4405 = EDGE_CURVE('',#4406,#4398,#4408,.T.);
#4406 = VERTEX_POINT('',#4407);
#4407 = CARTESIAN_POINT('',(-0.7625,1.1375,0.543803601606));
#4408 = LINE('',#4409,#4410);
#4409 = CARTESIAN_POINT('',(-0.7625,1.1375,0.543803601606));
#4410 = VECTOR('',#4411,1.);
#4411 = DIRECTION('',(0.,0.,1.));
#4412 = ORIENTED_EDGE('',*,*,#4413,.F.);
#4413 = EDGE_CURVE('',#4414,#4406,#4416,.T.);
#4414 = VERTEX_POINT('',#4415);
#4415 = CARTESIAN_POINT('',(-0.803802569865,1.1375,0.543803601606));
#4416 = LINE('',#4417,#4418);
#4417 = CARTESIAN_POINT('',(-0.941346734514,1.1375,0.543803601606));
#4418 = VECTOR('',#4419,1.);
#4419 = DIRECTION('',(1.,0.,0.));
#4420 = ORIENTED_EDGE('',*,*,#4421,.F.);
#4421 = EDGE_CURVE('',#4422,#4414,#4424,.T.);
#4422 = VERTEX_POINT('',#4423);
#4423 = CARTESIAN_POINT('',(-0.933697430135,1.1375,0.131196398394));
#4424 = LINE('',#4425,#4426);
#4425 = CARTESIAN_POINT('',(-0.975,1.1375,-1.387778780781E-17));
#4426 = VECTOR('',#4427,1.);
#4427 = DIRECTION('',(0.300285875233,0.,0.953849250739));
#4428 = ORIENTED_EDGE('',*,*,#4429,.F.);
#4429 = EDGE_CURVE('',#4357,#4422,#4430,.T.);
#4430 = CIRCLE('',#4431,0.1875);
#4431 = AXIS2_PLACEMENT_3D('',#4432,#4433,#4434);
#4432 = CARTESIAN_POINT('',(-1.112544164649,1.1375,0.1875));
#4433 = DIRECTION('',(0.,-1.,0.));
#4434 = DIRECTION('',(0.,0.,1.));
#4435 = PLANE('',#4436);
#4436 = AXIS2_PLACEMENT_3D('',#4437,#4438,#4439);
#4437 = CARTESIAN_POINT('',(-1.050445392629,1.1375,0.306619024656));
#4438 = DIRECTION('',(2.07663048389E-30,1.,-1.278455289869E-30));
#4439 = DIRECTION('',(1.,-2.07663048389E-30,-2.346654637078E-76));
#4440 = ADVANCED_FACE('',(#4441),#4460,.F.);
#4441 = FACE_BOUND('',#4442,.F.);
#4442 = EDGE_LOOP('',(#4443,#4444,#4445,#4453));
#4443 = ORIENTED_EDGE('',*,*,#4340,.T.);
#4444 = ORIENTED_EDGE('',*,*,#4371,.T.);
#4445 = ORIENTED_EDGE('',*,*,#4446,.F.);
#4446 = EDGE_CURVE('',#4447,#4372,#4449,.T.);
#4447 = VERTEX_POINT('',#4448);
#4448 = CARTESIAN_POINT('',(-1.091892879716,0.7625,0.253098199197));
#4449 = LINE('',#4450,#4451);
#4450 = CARTESIAN_POINT('',(-1.091892879716,0.7625,0.253098199197));
#4451 = VECTOR('',#4452,1.);
#4452 = DIRECTION('',(0.,1.,0.));
#4453 = ORIENTED_EDGE('',*,*,#4454,.F.);
#4454 = EDGE_CURVE('',#4333,#4447,#4455,.T.);
#4455 = CIRCLE('',#4456,9.375E-02);
#4456 = AXIS2_PLACEMENT_3D('',#4457,#4458,#4459);
#4457 = CARTESIAN_POINT('',(-1.181316246973,0.7625,0.28125));
#4458 = DIRECTION('',(0.,-1.,0.));
#4459 = DIRECTION('',(0.,0.,1.));
#4460 = CYLINDRICAL_SURFACE('',#4461,9.375E-02);
#4461 = AXIS2_PLACEMENT_3D('',#4462,#4463,#4464);
#4462 = CARTESIAN_POINT('',(-1.181316246973,0.7625,0.28125));
#4463 = DIRECTION('',(0.,1.,0.));
#4464 = DIRECTION('',(0.,0.,-1.));
#4465 = ADVANCED_FACE('',(#4466),#4484,.F.);
#4466 = FACE_BOUND('',#4467,.F.);
#4467 = EDGE_LOOP('',(#4468,#4476,#4482,#4483));
#4468 = ORIENTED_EDGE('',*,*,#4469,.F.);
#4469 = EDGE_CURVE('',#4470,#4325,#4472,.T.);
#4470 = VERTEX_POINT('',#4471);
#4471 = CARTESIAN_POINT('',(-1.425,0.7625,0.));
#4472 = LINE('',#4473,#4474);
#4473 = CARTESIAN_POINT('',(-1.425,0.7625,0.));
#4474 = VECTOR('',#4475,1.);
#4475 = DIRECTION('',(0.,0.,1.));
#4476 = ORIENTED_EDGE('',*,*,#4477,.T.);
#4477 = EDGE_CURVE('',#4470,#4355,#4478,.T.);
#4478 = LINE('',#4479,#4480);
#4479 = CARTESIAN_POINT('',(-1.425,0.7625,0.));
#4480 = VECTOR('',#4481,1.);
#4481 = DIRECTION('',(0.,1.,0.));
#4482 = ORIENTED_EDGE('',*,*,#4364,.T.);
#4483 = ORIENTED_EDGE('',*,*,#4324,.F.);
#4484 = PLANE('',#4485);
#4485 = AXIS2_PLACEMENT_3D('',#4486,#4487,#4488);
#4486 = CARTESIAN_POINT('',(-1.425,0.7625,0.));
#4487 = DIRECTION('',(1.,0.,0.));
#4488 = DIRECTION('',(0.,0.,1.));
#4489 = ADVANCED_FACE('',(#4490),#4559,.T.);
#4490 = FACE_BOUND('',#4491,.T.);
#4491 = EDGE_LOOP('',(#4492,#4500,#4509,#4517,#4525,#4533,#4541,#4550,
    #4556,#4557,#4558));
#4492 = ORIENTED_EDGE('',*,*,#4493,.T.);
#4493 = EDGE_CURVE('',#4470,#4494,#4496,.T.);
#4494 = VERTEX_POINT('',#4495);
#4495 = CARTESIAN_POINT('',(-1.112544164649,0.7625,2.775557561563E-17));
#4496 = LINE('',#4497,#4498);
#4497 = CARTESIAN_POINT('',(-1.425,0.7625,0.));
#4498 = VECTOR('',#4499,1.);
#4499 = DIRECTION('',(1.,0.,0.));
#4500 = ORIENTED_EDGE('',*,*,#4501,.T.);
#4501 = EDGE_CURVE('',#4494,#4502,#4504,.T.);
#4502 = VERTEX_POINT('',#4503);
#4503 = CARTESIAN_POINT('',(-0.933697430135,0.7625,0.131196398394));
#4504 = CIRCLE('',#4505,0.1875);
#4505 = AXIS2_PLACEMENT_3D('',#4506,#4507,#4508);
#4506 = CARTESIAN_POINT('',(-1.112544164649,0.7625,0.1875));
#4507 = DIRECTION('',(0.,-1.,0.));
#4508 = DIRECTION('',(0.,0.,1.));
#4509 = ORIENTED_EDGE('',*,*,#4510,.T.);
#4510 = EDGE_CURVE('',#4502,#4511,#4513,.T.);
#4511 = VERTEX_POINT('',#4512);
#4512 = CARTESIAN_POINT('',(-0.803802569865,0.7625,0.543803601606));
#4513 = LINE('',#4514,#4515);
#4514 = CARTESIAN_POINT('',(-0.975,0.7625,-1.387778780781E-17));
#4515 = VECTOR('',#4516,1.);
#4516 = DIRECTION('',(0.300285875233,0.,0.953849250739));
#4517 = ORIENTED_EDGE('',*,*,#4518,.T.);
#4518 = EDGE_CURVE('',#4511,#4519,#4521,.T.);
#4519 = VERTEX_POINT('',#4520);
#4520 = CARTESIAN_POINT('',(-0.7625,0.7625,0.543803601606));
#4521 = LINE('',#4522,#4523);
#4522 = CARTESIAN_POINT('',(-0.941346734514,0.7625,0.543803601606));
#4523 = VECTOR('',#4524,1.);
#4524 = DIRECTION('',(1.,0.,0.));
#4525 = ORIENTED_EDGE('',*,*,#4526,.T.);
#4526 = EDGE_CURVE('',#4519,#4527,#4529,.T.);
#4527 = VERTEX_POINT('',#4528);
#4528 = CARTESIAN_POINT('',(-0.7625,0.7625,0.731303601606));
#4529 = LINE('',#4530,#4531);
#4530 = CARTESIAN_POINT('',(-0.7625,0.7625,0.543803601606));
#4531 = VECTOR('',#4532,1.);
#4532 = DIRECTION('',(0.,0.,1.));
#4533 = ORIENTED_EDGE('',*,*,#4534,.F.);
#4534 = EDGE_CURVE('',#4535,#4527,#4537,.T.);
#4535 = VERTEX_POINT('',#4536);
#4536 = CARTESIAN_POINT('',(-0.872574652189,0.7625,0.731303601606));
#4537 = LINE('',#4538,#4539);
#4538 = CARTESIAN_POINT('',(-0.941346734514,0.7625,0.731303601606));
#4539 = VECTOR('',#4540,1.);
#4540 = DIRECTION('',(1.,0.,0.));
#4541 = ORIENTED_EDGE('',*,*,#4542,.F.);
#4542 = EDGE_CURVE('',#4543,#4535,#4545,.T.);
#4543 = VERTEX_POINT('',#4544);
#4544 = CARTESIAN_POINT('',(-0.961998019446,0.7625,0.665705402409));
#4545 = CIRCLE('',#4546,9.375E-02);
#4546 = AXIS2_PLACEMENT_3D('',#4547,#4548,#4549);
#4547 = CARTESIAN_POINT('',(-0.872574652189,0.7625,0.637553601606));
#4548 = DIRECTION('',(0.,1.,0.));
#4549 = DIRECTION('',(0.,-0.,1.));
#4550 = ORIENTED_EDGE('',*,*,#4551,.F.);
#4551 = EDGE_CURVE('',#4447,#4543,#4552,.T.);
#4552 = LINE('',#4553,#4554);
#4553 = CARTESIAN_POINT('',(-1.153846734514,0.7625,5.630360160613E-02));
#4554 = VECTOR('',#4555,1.);
#4555 = DIRECTION('',(0.300285875233,0.,0.953849250739));
#4556 = ORIENTED_EDGE('',*,*,#4454,.F.);
#4557 = ORIENTED_EDGE('',*,*,#4332,.F.);
#4558 = ORIENTED_EDGE('',*,*,#4469,.F.);
#4559 = PLANE('',#4560);
#4560 = AXIS2_PLACEMENT_3D('',#4561,#4562,#4563);
#4561 = CARTESIAN_POINT('',(-1.050445392629,0.7625,0.306619024656));
#4562 = DIRECTION('',(-8.020812120979E-31,-1.,4.837112302362E-31));
#4563 = DIRECTION('',(-1.,8.020812120979E-31,2.328184145661E-77));
#4564 = ADVANCED_FACE('',(#4565),#4576,.F.);
#4565 = FACE_BOUND('',#4566,.F.);
#4566 = EDGE_LOOP('',(#4567,#4568,#4569,#4570));
#4567 = ORIENTED_EDGE('',*,*,#4354,.F.);
#4568 = ORIENTED_EDGE('',*,*,#4477,.F.);
#4569 = ORIENTED_EDGE('',*,*,#4493,.T.);
#4570 = ORIENTED_EDGE('',*,*,#4571,.T.);
#4571 = EDGE_CURVE('',#4494,#4357,#4572,.T.);
#4572 = LINE('',#4573,#4574);
#4573 = CARTESIAN_POINT('',(-1.112544164649,0.7625,2.775557561563E-17));
#4574 = VECTOR('',#4575,1.);
#4575 = DIRECTION('',(0.,1.,0.));
#4576 = PLANE('',#4577);
#4577 = AXIS2_PLACEMENT_3D('',#4578,#4579,#4580);
#4578 = CARTESIAN_POINT('',(-1.425,0.7625,0.));
#4579 = DIRECTION('',(0.,0.,1.));
#4580 = DIRECTION('',(1.,0.,-0.));
#4581 = ADVANCED_FACE('',(#4582),#4593,.T.);
#4582 = FACE_BOUND('',#4583,.T.);
#4583 = EDGE_LOOP('',(#4584,#4585,#4586,#4592));
#4584 = ORIENTED_EDGE('',*,*,#4571,.T.);
#4585 = ORIENTED_EDGE('',*,*,#4429,.T.);
#4586 = ORIENTED_EDGE('',*,*,#4587,.F.);
#4587 = EDGE_CURVE('',#4502,#4422,#4588,.T.);
#4588 = LINE('',#4589,#4590);
#4589 = CARTESIAN_POINT('',(-0.933697430135,0.7625,0.131196398394));
#4590 = VECTOR('',#4591,1.);
#4591 = DIRECTION('',(0.,1.,0.));
#4592 = ORIENTED_EDGE('',*,*,#4501,.F.);
#4593 = CYLINDRICAL_SURFACE('',#4594,0.1875);
#4594 = AXIS2_PLACEMENT_3D('',#4595,#4596,#4597);
#4595 = CARTESIAN_POINT('',(-1.112544164649,0.7625,0.1875));
#4596 = DIRECTION('',(0.,1.,0.));
#4597 = DIRECTION('',(0.,0.,-1.));
#4598 = ADVANCED_FACE('',(#4599),#4610,.T.);
#4599 = FACE_BOUND('',#4600,.T.);
#4600 = EDGE_LOOP('',(#4601,#4602,#4603,#4604));
#4601 = ORIENTED_EDGE('',*,*,#4510,.F.);
#4602 = ORIENTED_EDGE('',*,*,#4587,.T.);
#4603 = ORIENTED_EDGE('',*,*,#4421,.T.);
#4604 = ORIENTED_EDGE('',*,*,#4605,.F.);
#4605 = EDGE_CURVE('',#4511,#4414,#4606,.T.);
#4606 = LINE('',#4607,#4608);
#4607 = CARTESIAN_POINT('',(-0.803802569865,0.7625,0.543803601606));
#4608 = VECTOR('',#4609,1.);
#4609 = DIRECTION('',(0.,1.,0.));
#4610 = PLANE('',#4611);
#4611 = AXIS2_PLACEMENT_3D('',#4612,#4613,#4614);
#4612 = CARTESIAN_POINT('',(-0.975,0.7625,-1.387778780781E-17));
#4613 = DIRECTION('',(0.953849250739,0.,-0.300285875233));
#4614 = DIRECTION('',(0.300285875233,0.,0.953849250739));
#4615 = ADVANCED_FACE('',(#4616),#4627,.F.);
#4616 = FACE_BOUND('',#4617,.F.);
#4617 = EDGE_LOOP('',(#4618,#4619,#4620,#4621));
#4618 = ORIENTED_EDGE('',*,*,#4413,.F.);
#4619 = ORIENTED_EDGE('',*,*,#4605,.F.);
#4620 = ORIENTED_EDGE('',*,*,#4518,.T.);
#4621 = ORIENTED_EDGE('',*,*,#4622,.T.);
#4622 = EDGE_CURVE('',#4519,#4406,#4623,.T.);
#4623 = LINE('',#4624,#4625);
#4624 = CARTESIAN_POINT('',(-0.7625,0.7625,0.543803601606));
#4625 = VECTOR('',#4626,1.);
#4626 = DIRECTION('',(0.,1.,0.));
#4627 = PLANE('',#4628);
#4628 = AXIS2_PLACEMENT_3D('',#4629,#4630,#4631);
#4629 = CARTESIAN_POINT('',(-0.941346734514,0.7625,0.543803601606));
#4630 = DIRECTION('',(0.,0.,1.));
#4631 = DIRECTION('',(1.,0.,-0.));
#4632 = ADVANCED_FACE('',(#4633),#4644,.T.);
#4633 = FACE_BOUND('',#4634,.T.);
#4634 = EDGE_LOOP('',(#4635,#4636,#4637,#4638));
#4635 = ORIENTED_EDGE('',*,*,#4526,.F.);
#4636 = ORIENTED_EDGE('',*,*,#4622,.T.);
#4637 = ORIENTED_EDGE('',*,*,#4405,.T.);
#4638 = ORIENTED_EDGE('',*,*,#4639,.F.);
#4639 = EDGE_CURVE('',#4527,#4398,#4640,.T.);
#4640 = LINE('',#4641,#4642);
#4641 = CARTESIAN_POINT('',(-0.7625,0.7625,0.731303601606));
#4642 = VECTOR('',#4643,1.);
#4643 = DIRECTION('',(0.,1.,0.));
#4644 = PLANE('',#4645);
#4645 = AXIS2_PLACEMENT_3D('',#4646,#4647,#4648);
#4646 = CARTESIAN_POINT('',(-0.7625,0.7625,0.543803601606));
#4647 = DIRECTION('',(1.,0.,0.));
#4648 = DIRECTION('',(0.,0.,1.));
#4649 = ADVANCED_FACE('',(#4650),#4661,.F.);
#4650 = FACE_BOUND('',#4651,.F.);
#4651 = EDGE_LOOP('',(#4652,#4653,#4654,#4655));
#4652 = ORIENTED_EDGE('',*,*,#4551,.F.);
#4653 = ORIENTED_EDGE('',*,*,#4446,.T.);
#4654 = ORIENTED_EDGE('',*,*,#4380,.T.);
#4655 = ORIENTED_EDGE('',*,*,#4656,.F.);
#4656 = EDGE_CURVE('',#4543,#4381,#4657,.T.);
#4657 = LINE('',#4658,#4659);
#4658 = CARTESIAN_POINT('',(-0.961998019446,0.7625,0.665705402409));
#4659 = VECTOR('',#4660,1.);
#4660 = DIRECTION('',(0.,1.,0.));
#4661 = PLANE('',#4662);
#4662 = AXIS2_PLACEMENT_3D('',#4663,#4664,#4665);
#4663 = CARTESIAN_POINT('',(-1.153846734514,0.7625,5.630360160613E-02));
#4664 = DIRECTION('',(0.953849250739,0.,-0.300285875233));
#4665 = DIRECTION('',(0.300285875233,0.,0.953849250739));
#4666 = ADVANCED_FACE('',(#4667),#4678,.T.);
#4667 = FACE_BOUND('',#4668,.T.);
#4668 = EDGE_LOOP('',(#4669,#4670,#4671,#4672));
#4669 = ORIENTED_EDGE('',*,*,#4534,.T.);
#4670 = ORIENTED_EDGE('',*,*,#4639,.T.);
#4671 = ORIENTED_EDGE('',*,*,#4397,.F.);
#4672 = ORIENTED_EDGE('',*,*,#4673,.F.);
#4673 = EDGE_CURVE('',#4535,#4389,#4674,.T.);
#4674 = LINE('',#4675,#4676);
#4675 = CARTESIAN_POINT('',(-0.872574652189,0.7625,0.731303601606));
#4676 = VECTOR('',#4677,1.);
#4677 = DIRECTION('',(0.,1.,0.));
#4678 = PLANE('',#4679);
#4679 = AXIS2_PLACEMENT_3D('',#4680,#4681,#4682);
#4680 = CARTESIAN_POINT('',(-0.941346734514,0.7625,0.731303601606));
#4681 = DIRECTION('',(0.,0.,1.));
#4682 = DIRECTION('',(1.,0.,-0.));
#4683 = ADVANCED_FACE('',(#4684),#4690,.T.);
#4684 = FACE_BOUND('',#4685,.T.);
#4685 = EDGE_LOOP('',(#4686,#4687,#4688,#4689));
#4686 = ORIENTED_EDGE('',*,*,#4542,.T.);
#4687 = ORIENTED_EDGE('',*,*,#4673,.T.);
#4688 = ORIENTED_EDGE('',*,*,#4388,.F.);
#4689 = ORIENTED_EDGE('',*,*,#4656,.F.);
#4690 = CYLINDRICAL_SURFACE('',#4691,9.375E-02);
#4691 = AXIS2_PLACEMENT_3D('',#4692,#4693,#4694);
#4692 = CARTESIAN_POINT('',(-0.872574652189,0.7625,0.637553601606));
#4693 = DIRECTION('',(0.,1.,0.));
#4694 = DIRECTION('',(-0.953849250739,0.,0.300285875233));
#4695 = MANIFOLD_SOLID_BREP('',#4696);
#4696 = CLOSED_SHELL('',(#4697,#4737,#4827,#4852,#4876,#4951,#4968,#4985
    ,#5002,#5019,#5036,#5053,#5070));
#4697 = ADVANCED_FACE('',(#4698),#4732,.T.);
#4698 = FACE_BOUND('',#4699,.T.);
#4699 = EDGE_LOOP('',(#4700,#4710,#4718,#4726));
#4700 = ORIENTED_EDGE('',*,*,#4701,.F.);
#4701 = EDGE_CURVE('',#4702,#4704,#4706,.T.);
#4702 = VERTEX_POINT('',#4703);
#4703 = CARTESIAN_POINT('',(-1.425,-0.7625,0.1875));
#4704 = VERTEX_POINT('',#4705);
#4705 = CARTESIAN_POINT('',(-1.181316246973,-0.7625,0.1875));
#4706 = LINE('',#4707,#4708);
#4707 = CARTESIAN_POINT('',(-1.425,-0.7625,0.1875));
#4708 = VECTOR('',#4709,1.);
#4709 = DIRECTION('',(1.,0.,0.));
#4710 = ORIENTED_EDGE('',*,*,#4711,.F.);
#4711 = EDGE_CURVE('',#4712,#4702,#4714,.T.);
#4712 = VERTEX_POINT('',#4713);
#4713 = CARTESIAN_POINT('',(-1.425,-1.1375,0.1875));
#4714 = LINE('',#4715,#4716);
#4715 = CARTESIAN_POINT('',(-1.425,-1.1375,0.1875));
#4716 = VECTOR('',#4717,1.);
#4717 = DIRECTION('',(0.,1.,0.));
#4718 = ORIENTED_EDGE('',*,*,#4719,.T.);
#4719 = EDGE_CURVE('',#4712,#4720,#4722,.T.);
#4720 = VERTEX_POINT('',#4721);
#4721 = CARTESIAN_POINT('',(-1.181316246973,-1.1375,0.1875));
#4722 = LINE('',#4723,#4724);
#4723 = CARTESIAN_POINT('',(-1.425,-1.1375,0.1875));
#4724 = VECTOR('',#4725,1.);
#4725 = DIRECTION('',(1.,0.,0.));
#4726 = ORIENTED_EDGE('',*,*,#4727,.T.);
#4727 = EDGE_CURVE('',#4720,#4704,#4728,.T.);
#4728 = LINE('',#4729,#4730);
#4729 = CARTESIAN_POINT('',(-1.181316246973,-1.1375,0.1875));
#4730 = VECTOR('',#4731,1.);
#4731 = DIRECTION('',(0.,1.,0.));
#4732 = PLANE('',#4733);
#4733 = AXIS2_PLACEMENT_3D('',#4734,#4735,#4736);
#4734 = CARTESIAN_POINT('',(-1.425,-1.1375,0.1875));
#4735 = DIRECTION('',(0.,0.,1.));
#4736 = DIRECTION('',(1.,0.,-0.));
#4737 = ADVANCED_FACE('',(#4738),#4822,.T.);
#4738 = FACE_BOUND('',#4739,.T.);
#4739 = EDGE_LOOP('',(#4740,#4750,#4756,#4757,#4766,#4774,#4783,#4791,
    #4799,#4807,#4815));
#4740 = ORIENTED_EDGE('',*,*,#4741,.F.);
#4741 = EDGE_CURVE('',#4742,#4744,#4746,.T.);
#4742 = VERTEX_POINT('',#4743);
#4743 = CARTESIAN_POINT('',(-1.425,-0.7625,0.));
#4744 = VERTEX_POINT('',#4745);
#4745 = CARTESIAN_POINT('',(-1.112544164649,-0.7625,2.775557561563E-17)
  );
#4746 = LINE('',#4747,#4748);
#4747 = CARTESIAN_POINT('',(-1.425,-0.7625,0.));
#4748 = VECTOR('',#4749,1.);
#4749 = DIRECTION('',(1.,0.,0.));
#4750 = ORIENTED_EDGE('',*,*,#4751,.T.);
#4751 = EDGE_CURVE('',#4742,#4702,#4752,.T.);
#4752 = LINE('',#4753,#4754);
#4753 = CARTESIAN_POINT('',(-1.425,-0.7625,0.));
#4754 = VECTOR('',#4755,1.);
#4755 = DIRECTION('',(0.,0.,1.));
#4756 = ORIENTED_EDGE('',*,*,#4701,.T.);
#4757 = ORIENTED_EDGE('',*,*,#4758,.T.);
#4758 = EDGE_CURVE('',#4704,#4759,#4761,.T.);
#4759 = VERTEX_POINT('',#4760);
#4760 = CARTESIAN_POINT('',(-1.091892879716,-0.7625,0.253098199197));
#4761 = CIRCLE('',#4762,9.375E-02);
#4762 = AXIS2_PLACEMENT_3D('',#4763,#4764,#4765);
#4763 = CARTESIAN_POINT('',(-1.181316246973,-0.7625,0.28125));
#4764 = DIRECTION('',(0.,-1.,0.));
#4765 = DIRECTION('',(0.,0.,1.));
#4766 = ORIENTED_EDGE('',*,*,#4767,.T.);
#4767 = EDGE_CURVE('',#4759,#4768,#4770,.T.);
#4768 = VERTEX_POINT('',#4769);
#4769 = CARTESIAN_POINT('',(-0.961998019446,-0.7625,0.665705402409));
#4770 = LINE('',#4771,#4772);
#4771 = CARTESIAN_POINT('',(-1.153846734514,-0.7625,5.630360160613E-02)
  );
#4772 = VECTOR('',#4773,1.);
#4773 = DIRECTION('',(0.300285875233,0.,0.953849250739));
#4774 = ORIENTED_EDGE('',*,*,#4775,.T.);
#4775 = EDGE_CURVE('',#4768,#4776,#4778,.T.);
#4776 = VERTEX_POINT('',#4777);
#4777 = CARTESIAN_POINT('',(-0.872574652189,-0.7625,0.731303601606));
#4778 = CIRCLE('',#4779,9.375E-02);
#4779 = AXIS2_PLACEMENT_3D('',#4780,#4781,#4782);
#4780 = CARTESIAN_POINT('',(-0.872574652189,-0.7625,0.637553601606));
#4781 = DIRECTION('',(0.,1.,0.));
#4782 = DIRECTION('',(0.,-0.,1.));
#4783 = ORIENTED_EDGE('',*,*,#4784,.T.);
#4784 = EDGE_CURVE('',#4776,#4785,#4787,.T.);
#4785 = VERTEX_POINT('',#4786);
#4786 = CARTESIAN_POINT('',(-0.7625,-0.7625,0.731303601606));
#4787 = LINE('',#4788,#4789);
#4788 = CARTESIAN_POINT('',(-0.941346734514,-0.7625,0.731303601606));
#4789 = VECTOR('',#4790,1.);
#4790 = DIRECTION('',(1.,0.,0.));
#4791 = ORIENTED_EDGE('',*,*,#4792,.F.);
#4792 = EDGE_CURVE('',#4793,#4785,#4795,.T.);
#4793 = VERTEX_POINT('',#4794);
#4794 = CARTESIAN_POINT('',(-0.7625,-0.7625,0.543803601606));
#4795 = LINE('',#4796,#4797);
#4796 = CARTESIAN_POINT('',(-0.7625,-0.7625,0.543803601606));
#4797 = VECTOR('',#4798,1.);
#4798 = DIRECTION('',(0.,0.,1.));
#4799 = ORIENTED_EDGE('',*,*,#4800,.F.);
#4800 = EDGE_CURVE('',#4801,#4793,#4803,.T.);
#4801 = VERTEX_POINT('',#4802);
#4802 = CARTESIAN_POINT('',(-0.803802569865,-0.7625,0.543803601606));
#4803 = LINE('',#4804,#4805);
#4804 = CARTESIAN_POINT('',(-0.941346734514,-0.7625,0.543803601606));
#4805 = VECTOR('',#4806,1.);
#4806 = DIRECTION('',(1.,0.,0.));
#4807 = ORIENTED_EDGE('',*,*,#4808,.F.);
#4808 = EDGE_CURVE('',#4809,#4801,#4811,.T.);
#4809 = VERTEX_POINT('',#4810);
#4810 = CARTESIAN_POINT('',(-0.933697430135,-0.7625,0.131196398394));
#4811 = LINE('',#4812,#4813);
#4812 = CARTESIAN_POINT('',(-0.975,-0.7625,-1.387778780781E-17));
#4813 = VECTOR('',#4814,1.);
#4814 = DIRECTION('',(0.300285875233,0.,0.953849250739));
#4815 = ORIENTED_EDGE('',*,*,#4816,.F.);
#4816 = EDGE_CURVE('',#4744,#4809,#4817,.T.);
#4817 = CIRCLE('',#4818,0.1875);
#4818 = AXIS2_PLACEMENT_3D('',#4819,#4820,#4821);
#4819 = CARTESIAN_POINT('',(-1.112544164649,-0.7625,0.1875));
#4820 = DIRECTION('',(0.,-1.,0.));
#4821 = DIRECTION('',(0.,0.,1.));
#4822 = PLANE('',#4823);
#4823 = AXIS2_PLACEMENT_3D('',#4824,#4825,#4826);
#4824 = CARTESIAN_POINT('',(-1.050445392629,-0.7625,0.306619024656));
#4825 = DIRECTION('',(2.07663048389E-30,1.,-1.278455289869E-30));
#4826 = DIRECTION('',(1.,-2.07663048389E-30,-2.346654637078E-76));
#4827 = ADVANCED_FACE('',(#4828),#4847,.F.);
#4828 = FACE_BOUND('',#4829,.F.);
#4829 = EDGE_LOOP('',(#4830,#4831,#4832,#4840));
#4830 = ORIENTED_EDGE('',*,*,#4727,.T.);
#4831 = ORIENTED_EDGE('',*,*,#4758,.T.);
#4832 = ORIENTED_EDGE('',*,*,#4833,.F.);
#4833 = EDGE_CURVE('',#4834,#4759,#4836,.T.);
#4834 = VERTEX_POINT('',#4835);
#4835 = CARTESIAN_POINT('',(-1.091892879716,-1.1375,0.253098199197));
#4836 = LINE('',#4837,#4838);
#4837 = CARTESIAN_POINT('',(-1.091892879716,-1.1375,0.253098199197));
#4838 = VECTOR('',#4839,1.);
#4839 = DIRECTION('',(0.,1.,0.));
#4840 = ORIENTED_EDGE('',*,*,#4841,.F.);
#4841 = EDGE_CURVE('',#4720,#4834,#4842,.T.);
#4842 = CIRCLE('',#4843,9.375E-02);
#4843 = AXIS2_PLACEMENT_3D('',#4844,#4845,#4846);
#4844 = CARTESIAN_POINT('',(-1.181316246973,-1.1375,0.28125));
#4845 = DIRECTION('',(0.,-1.,0.));
#4846 = DIRECTION('',(0.,0.,1.));
#4847 = CYLINDRICAL_SURFACE('',#4848,9.375E-02);
#4848 = AXIS2_PLACEMENT_3D('',#4849,#4850,#4851);
#4849 = CARTESIAN_POINT('',(-1.181316246973,-1.1375,0.28125));
#4850 = DIRECTION('',(0.,1.,0.));
#4851 = DIRECTION('',(0.,0.,-1.));
#4852 = ADVANCED_FACE('',(#4853),#4871,.F.);
#4853 = FACE_BOUND('',#4854,.F.);
#4854 = EDGE_LOOP('',(#4855,#4863,#4869,#4870));
#4855 = ORIENTED_EDGE('',*,*,#4856,.F.);
#4856 = EDGE_CURVE('',#4857,#4712,#4859,.T.);
#4857 = VERTEX_POINT('',#4858);
#4858 = CARTESIAN_POINT('',(-1.425,-1.1375,0.));
#4859 = LINE('',#4860,#4861);
#4860 = CARTESIAN_POINT('',(-1.425,-1.1375,0.));
#4861 = VECTOR('',#4862,1.);
#4862 = DIRECTION('',(0.,0.,1.));
#4863 = ORIENTED_EDGE('',*,*,#4864,.T.);
#4864 = EDGE_CURVE('',#4857,#4742,#4865,.T.);
#4865 = LINE('',#4866,#4867);
#4866 = CARTESIAN_POINT('',(-1.425,-1.1375,0.));
#4867 = VECTOR('',#4868,1.);
#4868 = DIRECTION('',(0.,1.,0.));
#4869 = ORIENTED_EDGE('',*,*,#4751,.T.);
#4870 = ORIENTED_EDGE('',*,*,#4711,.F.);
#4871 = PLANE('',#4872);
#4872 = AXIS2_PLACEMENT_3D('',#4873,#4874,#4875);
#4873 = CARTESIAN_POINT('',(-1.425,-1.1375,0.));
#4874 = DIRECTION('',(1.,0.,0.));
#4875 = DIRECTION('',(0.,0.,1.));
#4876 = ADVANCED_FACE('',(#4877),#4946,.T.);
#4877 = FACE_BOUND('',#4878,.T.);
#4878 = EDGE_LOOP('',(#4879,#4887,#4896,#4904,#4912,#4920,#4928,#4937,
    #4943,#4944,#4945));
#4879 = ORIENTED_EDGE('',*,*,#4880,.T.);
#4880 = EDGE_CURVE('',#4857,#4881,#4883,.T.);
#4881 = VERTEX_POINT('',#4882);
#4882 = CARTESIAN_POINT('',(-1.112544164649,-1.1375,2.775557561563E-17)
  );
#4883 = LINE('',#4884,#4885);
#4884 = CARTESIAN_POINT('',(-1.425,-1.1375,0.));
#4885 = VECTOR('',#4886,1.);
#4886 = DIRECTION('',(1.,0.,0.));
#4887 = ORIENTED_EDGE('',*,*,#4888,.T.);
#4888 = EDGE_CURVE('',#4881,#4889,#4891,.T.);
#4889 = VERTEX_POINT('',#4890);
#4890 = CARTESIAN_POINT('',(-0.933697430135,-1.1375,0.131196398394));
#4891 = CIRCLE('',#4892,0.1875);
#4892 = AXIS2_PLACEMENT_3D('',#4893,#4894,#4895);
#4893 = CARTESIAN_POINT('',(-1.112544164649,-1.1375,0.1875));
#4894 = DIRECTION('',(0.,-1.,0.));
#4895 = DIRECTION('',(0.,0.,1.));
#4896 = ORIENTED_EDGE('',*,*,#4897,.T.);
#4897 = EDGE_CURVE('',#4889,#4898,#4900,.T.);
#4898 = VERTEX_POINT('',#4899);
#4899 = CARTESIAN_POINT('',(-0.803802569865,-1.1375,0.543803601606));
#4900 = LINE('',#4901,#4902);
#4901 = CARTESIAN_POINT('',(-0.975,-1.1375,-1.387778780781E-17));
#4902 = VECTOR('',#4903,1.);
#4903 = DIRECTION('',(0.300285875233,0.,0.953849250739));
#4904 = ORIENTED_EDGE('',*,*,#4905,.T.);
#4905 = EDGE_CURVE('',#4898,#4906,#4908,.T.);
#4906 = VERTEX_POINT('',#4907);
#4907 = CARTESIAN_POINT('',(-0.7625,-1.1375,0.543803601606));
#4908 = LINE('',#4909,#4910);
#4909 = CARTESIAN_POINT('',(-0.941346734514,-1.1375,0.543803601606));
#4910 = VECTOR('',#4911,1.);
#4911 = DIRECTION('',(1.,0.,0.));
#4912 = ORIENTED_EDGE('',*,*,#4913,.T.);
#4913 = EDGE_CURVE('',#4906,#4914,#4916,.T.);
#4914 = VERTEX_POINT('',#4915);
#4915 = CARTESIAN_POINT('',(-0.7625,-1.1375,0.731303601606));
#4916 = LINE('',#4917,#4918);
#4917 = CARTESIAN_POINT('',(-0.7625,-1.1375,0.543803601606));
#4918 = VECTOR('',#4919,1.);
#4919 = DIRECTION('',(0.,0.,1.));
#4920 = ORIENTED_EDGE('',*,*,#4921,.F.);
#4921 = EDGE_CURVE('',#4922,#4914,#4924,.T.);
#4922 = VERTEX_POINT('',#4923);
#4923 = CARTESIAN_POINT('',(-0.872574652189,-1.1375,0.731303601606));
#4924 = LINE('',#4925,#4926);
#4925 = CARTESIAN_POINT('',(-0.941346734514,-1.1375,0.731303601606));
#4926 = VECTOR('',#4927,1.);
#4927 = DIRECTION('',(1.,0.,0.));
#4928 = ORIENTED_EDGE('',*,*,#4929,.F.);
#4929 = EDGE_CURVE('',#4930,#4922,#4932,.T.);
#4930 = VERTEX_POINT('',#4931);
#4931 = CARTESIAN_POINT('',(-0.961998019446,-1.1375,0.665705402409));
#4932 = CIRCLE('',#4933,9.375E-02);
#4933 = AXIS2_PLACEMENT_3D('',#4934,#4935,#4936);
#4934 = CARTESIAN_POINT('',(-0.872574652189,-1.1375,0.637553601606));
#4935 = DIRECTION('',(0.,1.,0.));
#4936 = DIRECTION('',(0.,-0.,1.));
#4937 = ORIENTED_EDGE('',*,*,#4938,.F.);
#4938 = EDGE_CURVE('',#4834,#4930,#4939,.T.);
#4939 = LINE('',#4940,#4941);
#4940 = CARTESIAN_POINT('',(-1.153846734514,-1.1375,5.630360160613E-02)
  );
#4941 = VECTOR('',#4942,1.);
#4942 = DIRECTION('',(0.300285875233,0.,0.953849250739));
#4943 = ORIENTED_EDGE('',*,*,#4841,.F.);
#4944 = ORIENTED_EDGE('',*,*,#4719,.F.);
#4945 = ORIENTED_EDGE('',*,*,#4856,.F.);
#4946 = PLANE('',#4947);
#4947 = AXIS2_PLACEMENT_3D('',#4948,#4949,#4950);
#4948 = CARTESIAN_POINT('',(-1.050445392629,-1.1375,0.306619024656));
#4949 = DIRECTION('',(-8.020812120979E-31,-1.,4.837112302362E-31));
#4950 = DIRECTION('',(-1.,8.020812120979E-31,2.328184145661E-77));
#4951 = ADVANCED_FACE('',(#4952),#4963,.F.);
#4952 = FACE_BOUND('',#4953,.F.);
#4953 = EDGE_LOOP('',(#4954,#4955,#4956,#4957));
#4954 = ORIENTED_EDGE('',*,*,#4741,.F.);
#4955 = ORIENTED_EDGE('',*,*,#4864,.F.);
#4956 = ORIENTED_EDGE('',*,*,#4880,.T.);
#4957 = ORIENTED_EDGE('',*,*,#4958,.T.);
#4958 = EDGE_CURVE('',#4881,#4744,#4959,.T.);
#4959 = LINE('',#4960,#4961);
#4960 = CARTESIAN_POINT('',(-1.112544164649,-1.1375,2.775557561563E-17)
  );
#4961 = VECTOR('',#4962,1.);
#4962 = DIRECTION('',(0.,1.,0.));
#4963 = PLANE('',#4964);
#4964 = AXIS2_PLACEMENT_3D('',#4965,#4966,#4967);
#4965 = CARTESIAN_POINT('',(-1.425,-1.1375,0.));
#4966 = DIRECTION('',(0.,0.,1.));
#4967 = DIRECTION('',(1.,0.,-0.));
#4968 = ADVANCED_FACE('',(#4969),#4980,.T.);
#4969 = FACE_BOUND('',#4970,.T.);
#4970 = EDGE_LOOP('',(#4971,#4972,#4973,#4979));
#4971 = ORIENTED_EDGE('',*,*,#4958,.T.);
#4972 = ORIENTED_EDGE('',*,*,#4816,.T.);
#4973 = ORIENTED_EDGE('',*,*,#4974,.F.);
#4974 = EDGE_CURVE('',#4889,#4809,#4975,.T.);
#4975 = LINE('',#4976,#4977);
#4976 = CARTESIAN_POINT('',(-0.933697430135,-1.1375,0.131196398394));
#4977 = VECTOR('',#4978,1.);
#4978 = DIRECTION('',(0.,1.,0.));
#4979 = ORIENTED_EDGE('',*,*,#4888,.F.);
#4980 = CYLINDRICAL_SURFACE('',#4981,0.1875);
#4981 = AXIS2_PLACEMENT_3D('',#4982,#4983,#4984);
#4982 = CARTESIAN_POINT('',(-1.112544164649,-1.1375,0.1875));
#4983 = DIRECTION('',(0.,1.,0.));
#4984 = DIRECTION('',(0.,0.,-1.));
#4985 = ADVANCED_FACE('',(#4986),#4997,.T.);
#4986 = FACE_BOUND('',#4987,.T.);
#4987 = EDGE_LOOP('',(#4988,#4989,#4990,#4991));
#4988 = ORIENTED_EDGE('',*,*,#4897,.F.);
#4989 = ORIENTED_EDGE('',*,*,#4974,.T.);
#4990 = ORIENTED_EDGE('',*,*,#4808,.T.);
#4991 = ORIENTED_EDGE('',*,*,#4992,.F.);
#4992 = EDGE_CURVE('',#4898,#4801,#4993,.T.);
#4993 = LINE('',#4994,#4995);
#4994 = CARTESIAN_POINT('',(-0.803802569865,-1.1375,0.543803601606));
#4995 = VECTOR('',#4996,1.);
#4996 = DIRECTION('',(0.,1.,0.));
#4997 = PLANE('',#4998);
#4998 = AXIS2_PLACEMENT_3D('',#4999,#5000,#5001);
#4999 = CARTESIAN_POINT('',(-0.975,-1.1375,-1.387778780781E-17));
#5000 = DIRECTION('',(0.953849250739,0.,-0.300285875233));
#5001 = DIRECTION('',(0.300285875233,0.,0.953849250739));
#5002 = ADVANCED_FACE('',(#5003),#5014,.F.);
#5003 = FACE_BOUND('',#5004,.F.);
#5004 = EDGE_LOOP('',(#5005,#5006,#5007,#5008));
#5005 = ORIENTED_EDGE('',*,*,#4800,.F.);
#5006 = ORIENTED_EDGE('',*,*,#4992,.F.);
#5007 = ORIENTED_EDGE('',*,*,#4905,.T.);
#5008 = ORIENTED_EDGE('',*,*,#5009,.T.);
#5009 = EDGE_CURVE('',#4906,#4793,#5010,.T.);
#5010 = LINE('',#5011,#5012);
#5011 = CARTESIAN_POINT('',(-0.7625,-1.1375,0.543803601606));
#5012 = VECTOR('',#5013,1.);
#5013 = DIRECTION('',(0.,1.,0.));
#5014 = PLANE('',#5015);
#5015 = AXIS2_PLACEMENT_3D('',#5016,#5017,#5018);
#5016 = CARTESIAN_POINT('',(-0.941346734514,-1.1375,0.543803601606));
#5017 = DIRECTION('',(0.,0.,1.));
#5018 = DIRECTION('',(1.,0.,-0.));
#5019 = ADVANCED_FACE('',(#5020),#5031,.T.);
#5020 = FACE_BOUND('',#5021,.T.);
#5021 = EDGE_LOOP('',(#5022,#5023,#5024,#5025));
#5022 = ORIENTED_EDGE('',*,*,#4913,.F.);
#5023 = ORIENTED_EDGE('',*,*,#5009,.T.);
#5024 = ORIENTED_EDGE('',*,*,#4792,.T.);
#5025 = ORIENTED_EDGE('',*,*,#5026,.F.);
#5026 = EDGE_CURVE('',#4914,#4785,#5027,.T.);
#5027 = LINE('',#5028,#5029);
#5028 = CARTESIAN_POINT('',(-0.7625,-1.1375,0.731303601606));
#5029 = VECTOR('',#5030,1.);
#5030 = DIRECTION('',(0.,1.,0.));
#5031 = PLANE('',#5032);
#5032 = AXIS2_PLACEMENT_3D('',#5033,#5034,#5035);
#5033 = CARTESIAN_POINT('',(-0.7625,-1.1375,0.543803601606));
#5034 = DIRECTION('',(1.,0.,0.));
#5035 = DIRECTION('',(0.,0.,1.));
#5036 = ADVANCED_FACE('',(#5037),#5048,.F.);
#5037 = FACE_BOUND('',#5038,.F.);
#5038 = EDGE_LOOP('',(#5039,#5040,#5041,#5042));
#5039 = ORIENTED_EDGE('',*,*,#4938,.F.);
#5040 = ORIENTED_EDGE('',*,*,#4833,.T.);
#5041 = ORIENTED_EDGE('',*,*,#4767,.T.);
#5042 = ORIENTED_EDGE('',*,*,#5043,.F.);
#5043 = EDGE_CURVE('',#4930,#4768,#5044,.T.);
#5044 = LINE('',#5045,#5046);
#5045 = CARTESIAN_POINT('',(-0.961998019446,-1.1375,0.665705402409));
#5046 = VECTOR('',#5047,1.);
#5047 = DIRECTION('',(0.,1.,0.));
#5048 = PLANE('',#5049);
#5049 = AXIS2_PLACEMENT_3D('',#5050,#5051,#5052);
#5050 = CARTESIAN_POINT('',(-1.153846734514,-1.1375,5.630360160613E-02)
  );
#5051 = DIRECTION('',(0.953849250739,0.,-0.300285875233));
#5052 = DIRECTION('',(0.300285875233,0.,0.953849250739));
#5053 = ADVANCED_FACE('',(#5054),#5065,.T.);
#5054 = FACE_BOUND('',#5055,.T.);
#5055 = EDGE_LOOP('',(#5056,#5057,#5058,#5059));
#5056 = ORIENTED_EDGE('',*,*,#4921,.T.);
#5057 = ORIENTED_EDGE('',*,*,#5026,.T.);
#5058 = ORIENTED_EDGE('',*,*,#4784,.F.);
#5059 = ORIENTED_EDGE('',*,*,#5060,.F.);
#5060 = EDGE_CURVE('',#4922,#4776,#5061,.T.);
#5061 = LINE('',#5062,#5063);
#5062 = CARTESIAN_POINT('',(-0.872574652189,-1.1375,0.731303601606));
#5063 = VECTOR('',#5064,1.);
#5064 = DIRECTION('',(0.,1.,0.));
#5065 = PLANE('',#5066);
#5066 = AXIS2_PLACEMENT_3D('',#5067,#5068,#5069);
#5067 = CARTESIAN_POINT('',(-0.941346734514,-1.1375,0.731303601606));
#5068 = DIRECTION('',(0.,0.,1.));
#5069 = DIRECTION('',(1.,0.,-0.));
#5070 = ADVANCED_FACE('',(#5071),#5077,.T.);
#5071 = FACE_BOUND('',#5072,.T.);
#5072 = EDGE_LOOP('',(#5073,#5074,#5075,#5076));
#5073 = ORIENTED_EDGE('',*,*,#4929,.T.);
#5074 = ORIENTED_EDGE('',*,*,#5060,.T.);
#5075 = ORIENTED_EDGE('',*,*,#4775,.F.);
#5076 = ORIENTED_EDGE('',*,*,#5043,.F.);
#5077 = CYLINDRICAL_SURFACE('',#5078,9.375E-02);
#5078 = AXIS2_PLACEMENT_3D('',#5079,#5080,#5081);
#5079 = CARTESIAN_POINT('',(-0.872574652189,-1.1375,0.637553601606));
#5080 = DIRECTION('',(0.,1.,0.));
#5081 = DIRECTION('',(-0.953849250739,0.,0.300285875233));
#5082 = ( GEOMETRIC_REPRESENTATION_CONTEXT(3) 
GLOBAL_UNCERTAINTY_ASSIGNED_CONTEXT((#5086)) 
GLOBAL_UNIT_ASSIGNED_CONTEXT((#5083,#5084,#5085)) REPRESENTATION_CONTEXT
('Context #1','3D Context with UNIT and UNCERTAINTY') );
#5083 = ( LENGTH_UNIT() NAMED_UNIT(*) SI_UNIT(.MILLI.,.METRE.) );
#5084 = ( NAMED_UNIT(*) PLANE_ANGLE_UNIT() SI_UNIT($,.RADIAN.) );
#5085 = ( NAMED_UNIT(*) SI_UNIT($,.STERADIAN.) SOLID_ANGLE_UNIT() );
#5086 = UNCERTAINTY_MEASURE_WITH_UNIT(LENGTH_MEASURE(1.E-07),#5083,
  'distance_accuracy_value','confusion accuracy');
#5087 = CONTEXT_DEPENDENT_SHAPE_REPRESENTATION(#5088,#5090);
#5088 = ( REPRESENTATION_RELATIONSHIP('','',#4307,#3670) 
REPRESENTATION_RELATIONSHIP_WITH_TRANSFORMATION(#5089) 
SHAPE_REPRESENTATION_RELATIONSHIP() );
#5089 = ITEM_DEFINED_TRANSFORMATION('','',#11,#3675);
#5090 = PRODUCT_DEFINITION_SHAPE('Placement','Placement of an item',
  #5091);
#5091 = NEXT_ASSEMBLY_USAGE_OCCURRENCE('9','=>[0:1:1:3]','',#3665,#4302,
  $);
#5092 = PRODUCT_RELATED_PRODUCT_CATEGORY('part',$,(#4304));
#5093 = SHAPE_DEFINITION_REPRESENTATION(#5094,#5100);
#5094 = PRODUCT_DEFINITION_SHAPE('','',#5095);
#5095 = PRODUCT_DEFINITION('design','',#5096,#5099);
#5096 = PRODUCT_DEFINITION_FORMATION('','',#5097);
#5097 = PRODUCT('FilletPinR','FilletPinR','',(#5098));
#5098 = PRODUCT_CONTEXT('',#2,'mechanical');
#5099 = PRODUCT_DEFINITION_CONTEXT('part definition',#2,'design');
#5100 = ADVANCED_BREP_SHAPE_REPRESENTATION('',(#11,#5101),#5488);
#5101 = MANIFOLD_SOLID_BREP('',#5102);
#5102 = CLOSED_SHELL('',(#5103,#5143,#5233,#5258,#5282,#5357,#5374,#5391
    ,#5408,#5425,#5442,#5459,#5476));
#5103 = ADVANCED_FACE('',(#5104),#5138,.T.);
#5104 = FACE_BOUND('',#5105,.T.);
#5105 = EDGE_LOOP('',(#5106,#5116,#5124,#5132));
#5106 = ORIENTED_EDGE('',*,*,#5107,.F.);
#5107 = EDGE_CURVE('',#5108,#5110,#5112,.T.);
#5108 = VERTEX_POINT('',#5109);
#5109 = CARTESIAN_POINT('',(1.181316246973,0.1875,0.1875));
#5110 = VERTEX_POINT('',#5111);
#5111 = CARTESIAN_POINT('',(1.425,0.1875,0.1875));
#5112 = LINE('',#5113,#5114);
#5113 = CARTESIAN_POINT('',(0.975,0.1875,0.1875));
#5114 = VECTOR('',#5115,1.);
#5115 = DIRECTION('',(1.,0.,0.));
#5116 = ORIENTED_EDGE('',*,*,#5117,.F.);
#5117 = EDGE_CURVE('',#5118,#5108,#5120,.T.);
#5118 = VERTEX_POINT('',#5119);
#5119 = CARTESIAN_POINT('',(1.181316246973,-0.1875,0.1875));
#5120 = LINE('',#5121,#5122);
#5121 = CARTESIAN_POINT('',(1.181316246973,-0.1875,0.1875));
#5122 = VECTOR('',#5123,1.);
#5123 = DIRECTION('',(0.,1.,0.));
#5124 = ORIENTED_EDGE('',*,*,#5125,.T.);
#5125 = EDGE_CURVE('',#5118,#5126,#5128,.T.);
#5126 = VERTEX_POINT('',#5127);
#5127 = CARTESIAN_POINT('',(1.425,-0.1875,0.1875));
#5128 = LINE('',#5129,#5130);
#5129 = CARTESIAN_POINT('',(0.975,-0.1875,0.1875));
#5130 = VECTOR('',#5131,1.);
#5131 = DIRECTION('',(1.,0.,0.));
#5132 = ORIENTED_EDGE('',*,*,#5133,.T.);
#5133 = EDGE_CURVE('',#5126,#5110,#5134,.T.);
#5134 = LINE('',#5135,#5136);
#5135 = CARTESIAN_POINT('',(1.425,-0.1875,0.1875));
#5136 = VECTOR('',#5137,1.);
#5137 = DIRECTION('',(0.,1.,0.));
#5138 = PLANE('',#5139);
#5139 = AXIS2_PLACEMENT_3D('',#5140,#5141,#5142);
#5140 = CARTESIAN_POINT('',(0.975,-0.1875,0.1875));
#5141 = DIRECTION('',(0.,0.,1.));
#5142 = DIRECTION('',(1.,0.,-0.));
#5143 = ADVANCED_FACE('',(#5144),#5228,.T.);
#5144 = FACE_BOUND('',#5145,.T.);
#5145 = EDGE_LOOP('',(#5146,#5156,#5165,#5173,#5181,#5189,#5197,#5206,
    #5214,#5221,#5222));
#5146 = ORIENTED_EDGE('',*,*,#5147,.F.);
#5147 = EDGE_CURVE('',#5148,#5150,#5152,.T.);
#5148 = VERTEX_POINT('',#5149);
#5149 = CARTESIAN_POINT('',(1.112544164649,0.1875,2.775557561563E-17));
#5150 = VERTEX_POINT('',#5151);
#5151 = CARTESIAN_POINT('',(1.425,0.1875,0.));
#5152 = LINE('',#5153,#5154);
#5153 = CARTESIAN_POINT('',(0.975,0.1875,0.));
#5154 = VECTOR('',#5155,1.);
#5155 = DIRECTION('',(1.,0.,0.));
#5156 = ORIENTED_EDGE('',*,*,#5157,.T.);
#5157 = EDGE_CURVE('',#5148,#5158,#5160,.T.);
#5158 = VERTEX_POINT('',#5159);
#5159 = CARTESIAN_POINT('',(0.933697430135,0.1875,0.131196398394));
#5160 = CIRCLE('',#5161,0.1875);
#5161 = AXIS2_PLACEMENT_3D('',#5162,#5163,#5164);
#5162 = CARTESIAN_POINT('',(1.112544164649,0.1875,0.1875));
#5163 = DIRECTION('',(0.,1.,0.));
#5164 = DIRECTION('',(0.,-0.,1.));
#5165 = ORIENTED_EDGE('',*,*,#5166,.T.);
#5166 = EDGE_CURVE('',#5158,#5167,#5169,.T.);
#5167 = VERTEX_POINT('',#5168);
#5168 = CARTESIAN_POINT('',(0.803802569865,0.1875,0.543803601606));
#5169 = LINE('',#5170,#5171);
#5170 = CARTESIAN_POINT('',(0.975,0.1875,0.));
#5171 = VECTOR('',#5172,1.);
#5172 = DIRECTION('',(-0.300285875233,0.,0.953849250739));
#5173 = ORIENTED_EDGE('',*,*,#5174,.F.);
#5174 = EDGE_CURVE('',#5175,#5167,#5177,.T.);
#5175 = VERTEX_POINT('',#5176);
#5176 = CARTESIAN_POINT('',(0.7625,0.1875,0.543803601606));
#5177 = LINE('',#5178,#5179);
#5178 = CARTESIAN_POINT('',(0.7625,0.1875,0.543803601606));
#5179 = VECTOR('',#5180,1.);
#5180 = DIRECTION('',(1.,0.,0.));
#5181 = ORIENTED_EDGE('',*,*,#5182,.T.);
#5182 = EDGE_CURVE('',#5175,#5183,#5185,.T.);
#5183 = VERTEX_POINT('',#5184);
#5184 = CARTESIAN_POINT('',(0.7625,0.1875,0.731303601606));
#5185 = LINE('',#5186,#5187);
#5186 = CARTESIAN_POINT('',(0.7625,0.1875,0.543803601606));
#5187 = VECTOR('',#5188,1.);
#5188 = DIRECTION('',(0.,0.,1.));
#5189 = ORIENTED_EDGE('',*,*,#5190,.T.);
#5190 = EDGE_CURVE('',#5183,#5191,#5193,.T.);
#5191 = VERTEX_POINT('',#5192);
#5192 = CARTESIAN_POINT('',(0.872574652189,0.1875,0.731303601606));
#5193 = LINE('',#5194,#5195);
#5194 = CARTESIAN_POINT('',(0.7625,0.1875,0.731303601606));
#5195 = VECTOR('',#5196,1.);
#5196 = DIRECTION('',(1.,0.,0.));
#5197 = ORIENTED_EDGE('',*,*,#5198,.F.);
#5198 = EDGE_CURVE('',#5199,#5191,#5201,.T.);
#5199 = VERTEX_POINT('',#5200);
#5200 = CARTESIAN_POINT('',(0.961998019446,0.1875,0.665705402409));
#5201 = CIRCLE('',#5202,9.375E-02);
#5202 = AXIS2_PLACEMENT_3D('',#5203,#5204,#5205);
#5203 = CARTESIAN_POINT('',(0.872574652189,0.1875,0.637553601606));
#5204 = DIRECTION('',(0.,-1.,0.));
#5205 = DIRECTION('',(0.,0.,1.));
#5206 = ORIENTED_EDGE('',*,*,#5207,.F.);
#5207 = EDGE_CURVE('',#5208,#5199,#5210,.T.);
#5208 = VERTEX_POINT('',#5209);
#5209 = CARTESIAN_POINT('',(1.091892879716,0.1875,0.253098199197));
#5210 = LINE('',#5211,#5212);
#5211 = CARTESIAN_POINT('',(1.153846734514,0.1875,5.630360160613E-02));
#5212 = VECTOR('',#5213,1.);
#5213 = DIRECTION('',(-0.300285875233,0.,0.953849250739));
#5214 = ORIENTED_EDGE('',*,*,#5215,.F.);
#5215 = EDGE_CURVE('',#5108,#5208,#5216,.T.);
#5216 = CIRCLE('',#5217,9.375E-02);
#5217 = AXIS2_PLACEMENT_3D('',#5218,#5219,#5220);
#5218 = CARTESIAN_POINT('',(1.181316246973,0.1875,0.28125));
#5219 = DIRECTION('',(0.,1.,0.));
#5220 = DIRECTION('',(0.,-0.,1.));
#5221 = ORIENTED_EDGE('',*,*,#5107,.T.);
#5222 = ORIENTED_EDGE('',*,*,#5223,.F.);
#5223 = EDGE_CURVE('',#5150,#5110,#5224,.T.);
#5224 = LINE('',#5225,#5226);
#5225 = CARTESIAN_POINT('',(1.425,0.1875,0.));
#5226 = VECTOR('',#5227,1.);
#5227 = DIRECTION('',(0.,0.,1.));
#5228 = PLANE('',#5229);
#5229 = AXIS2_PLACEMENT_3D('',#5230,#5231,#5232);
#5230 = CARTESIAN_POINT('',(1.050445392629,0.1875,0.306619024656));
#5231 = DIRECTION('',(-3.659062351662E-31,1.,-2.163901755909E-31));
#5232 = DIRECTION('',(1.,3.659062351662E-31,8.221495802667E-78));
#5233 = ADVANCED_FACE('',(#5234),#5253,.F.);
#5234 = FACE_BOUND('',#5235,.F.);
#5235 = EDGE_LOOP('',(#5236,#5245,#5251,#5252));
#5236 = ORIENTED_EDGE('',*,*,#5237,.T.);
#5237 = EDGE_CURVE('',#5118,#5238,#5240,.T.);
#5238 = VERTEX_POINT('',#5239);
#5239 = CARTESIAN_POINT('',(1.091892879716,-0.1875,0.253098199197));
#5240 = CIRCLE('',#5241,9.375E-02);
#5241 = AXIS2_PLACEMENT_3D('',#5242,#5243,#5244);
#5242 = CARTESIAN_POINT('',(1.181316246973,-0.1875,0.28125));
#5243 = DIRECTION('',(0.,1.,0.));
#5244 = DIRECTION('',(0.,-0.,1.));
#5245 = ORIENTED_EDGE('',*,*,#5246,.T.);
#5246 = EDGE_CURVE('',#5238,#5208,#5247,.T.);
#5247 = LINE('',#5248,#5249);
#5248 = CARTESIAN_POINT('',(1.091892879716,-0.1875,0.253098199197));
#5249 = VECTOR('',#5250,1.);
#5250 = DIRECTION('',(0.,1.,0.));
#5251 = ORIENTED_EDGE('',*,*,#5215,.F.);
#5252 = ORIENTED_EDGE('',*,*,#5117,.F.);
#5253 = CYLINDRICAL_SURFACE('',#5254,9.375E-02);
#5254 = AXIS2_PLACEMENT_3D('',#5255,#5256,#5257);
#5255 = CARTESIAN_POINT('',(1.181316246973,-0.1875,0.28125));
#5256 = DIRECTION('',(0.,1.,0.));
#5257 = DIRECTION('',(0.,0.,-1.));
#5258 = ADVANCED_FACE('',(#5259),#5277,.T.);
#5259 = FACE_BOUND('',#5260,.T.);
#5260 = EDGE_LOOP('',(#5261,#5269,#5275,#5276));
#5261 = ORIENTED_EDGE('',*,*,#5262,.F.);
#5262 = EDGE_CURVE('',#5263,#5126,#5265,.T.);
#5263 = VERTEX_POINT('',#5264);
#5264 = CARTESIAN_POINT('',(1.425,-0.1875,0.));
#5265 = LINE('',#5266,#5267);
#5266 = CARTESIAN_POINT('',(1.425,-0.1875,0.));
#5267 = VECTOR('',#5268,1.);
#5268 = DIRECTION('',(0.,0.,1.));
#5269 = ORIENTED_EDGE('',*,*,#5270,.T.);
#5270 = EDGE_CURVE('',#5263,#5150,#5271,.T.);
#5271 = LINE('',#5272,#5273);
#5272 = CARTESIAN_POINT('',(1.425,-0.1875,0.));
#5273 = VECTOR('',#5274,1.);
#5274 = DIRECTION('',(0.,1.,0.));
#5275 = ORIENTED_EDGE('',*,*,#5223,.T.);
#5276 = ORIENTED_EDGE('',*,*,#5133,.F.);
#5277 = PLANE('',#5278);
#5278 = AXIS2_PLACEMENT_3D('',#5279,#5280,#5281);
#5279 = CARTESIAN_POINT('',(1.425,-0.1875,0.));
#5280 = DIRECTION('',(1.,0.,0.));
#5281 = DIRECTION('',(0.,0.,1.));
#5282 = ADVANCED_FACE('',(#5283),#5352,.T.);
#5283 = FACE_BOUND('',#5284,.T.);
#5284 = EDGE_LOOP('',(#5285,#5293,#5294,#5295,#5296,#5304,#5313,#5321,
    #5329,#5337,#5345));
#5285 = ORIENTED_EDGE('',*,*,#5286,.T.);
#5286 = EDGE_CURVE('',#5287,#5263,#5289,.T.);
#5287 = VERTEX_POINT('',#5288);
#5288 = CARTESIAN_POINT('',(1.112544164649,-0.1875,2.775557561563E-17));
#5289 = LINE('',#5290,#5291);
#5290 = CARTESIAN_POINT('',(0.975,-0.1875,0.));
#5291 = VECTOR('',#5292,1.);
#5292 = DIRECTION('',(1.,0.,0.));
#5293 = ORIENTED_EDGE('',*,*,#5262,.T.);
#5294 = ORIENTED_EDGE('',*,*,#5125,.F.);
#5295 = ORIENTED_EDGE('',*,*,#5237,.T.);
#5296 = ORIENTED_EDGE('',*,*,#5297,.T.);
#5297 = EDGE_CURVE('',#5238,#5298,#5300,.T.);
#5298 = VERTEX_POINT('',#5299);
#5299 = CARTESIAN_POINT('',(0.961998019446,-0.1875,0.665705402409));
#5300 = LINE('',#5301,#5302);
#5301 = CARTESIAN_POINT('',(1.153846734514,-0.1875,5.630360160613E-02));
#5302 = VECTOR('',#5303,1.);
#5303 = DIRECTION('',(-0.300285875233,0.,0.953849250739));
#5304 = ORIENTED_EDGE('',*,*,#5305,.T.);
#5305 = EDGE_CURVE('',#5298,#5306,#5308,.T.);
#5306 = VERTEX_POINT('',#5307);
#5307 = CARTESIAN_POINT('',(0.872574652189,-0.1875,0.731303601606));
#5308 = CIRCLE('',#5309,9.375E-02);
#5309 = AXIS2_PLACEMENT_3D('',#5310,#5311,#5312);
#5310 = CARTESIAN_POINT('',(0.872574652189,-0.1875,0.637553601606));
#5311 = DIRECTION('',(0.,-1.,0.));
#5312 = DIRECTION('',(0.,0.,1.));
#5313 = ORIENTED_EDGE('',*,*,#5314,.F.);
#5314 = EDGE_CURVE('',#5315,#5306,#5317,.T.);
#5315 = VERTEX_POINT('',#5316);
#5316 = CARTESIAN_POINT('',(0.7625,-0.1875,0.731303601606));
#5317 = LINE('',#5318,#5319);
#5318 = CARTESIAN_POINT('',(0.7625,-0.1875,0.731303601606));
#5319 = VECTOR('',#5320,1.);
#5320 = DIRECTION('',(1.,0.,0.));
#5321 = ORIENTED_EDGE('',*,*,#5322,.F.);
#5322 = EDGE_CURVE('',#5323,#5315,#5325,.T.);
#5323 = VERTEX_POINT('',#5324);
#5324 = CARTESIAN_POINT('',(0.7625,-0.1875,0.543803601606));
#5325 = LINE('',#5326,#5327);
#5326 = CARTESIAN_POINT('',(0.7625,-0.1875,0.543803601606));
#5327 = VECTOR('',#5328,1.);
#5328 = DIRECTION('',(0.,0.,1.));
#5329 = ORIENTED_EDGE('',*,*,#5330,.T.);
#5330 = EDGE_CURVE('',#5323,#5331,#5333,.T.);
#5331 = VERTEX_POINT('',#5332);
#5332 = CARTESIAN_POINT('',(0.803802569865,-0.1875,0.543803601606));
#5333 = LINE('',#5334,#5335);
#5334 = CARTESIAN_POINT('',(0.7625,-0.1875,0.543803601606));
#5335 = VECTOR('',#5336,1.);
#5336 = DIRECTION('',(1.,0.,0.));
#5337 = ORIENTED_EDGE('',*,*,#5338,.F.);
#5338 = EDGE_CURVE('',#5339,#5331,#5341,.T.);
#5339 = VERTEX_POINT('',#5340);
#5340 = CARTESIAN_POINT('',(0.933697430135,-0.1875,0.131196398394));
#5341 = LINE('',#5342,#5343);
#5342 = CARTESIAN_POINT('',(0.975,-0.1875,0.));
#5343 = VECTOR('',#5344,1.);
#5344 = DIRECTION('',(-0.300285875233,0.,0.953849250739));
#5345 = ORIENTED_EDGE('',*,*,#5346,.F.);
#5346 = EDGE_CURVE('',#5287,#5339,#5347,.T.);
#5347 = CIRCLE('',#5348,0.1875);
#5348 = AXIS2_PLACEMENT_3D('',#5349,#5350,#5351);
#5349 = CARTESIAN_POINT('',(1.112544164649,-0.1875,0.1875));
#5350 = DIRECTION('',(0.,1.,0.));
#5351 = DIRECTION('',(0.,-0.,1.));
#5352 = PLANE('',#5353);
#5353 = AXIS2_PLACEMENT_3D('',#5354,#5355,#5356);
#5354 = CARTESIAN_POINT('',(1.050445392629,-0.1875,0.306619024656));
#5355 = DIRECTION('',(1.704882893567E-31,-1.,1.378775647545E-32));
#5356 = DIRECTION('',(-1.,-1.704882893567E-31,1.196257131669E-79));
#5357 = ADVANCED_FACE('',(#5358),#5369,.F.);
#5358 = FACE_BOUND('',#5359,.F.);
#5359 = EDGE_LOOP('',(#5360,#5361,#5362,#5363));
#5360 = ORIENTED_EDGE('',*,*,#5286,.T.);
#5361 = ORIENTED_EDGE('',*,*,#5270,.T.);
#5362 = ORIENTED_EDGE('',*,*,#5147,.F.);
#5363 = ORIENTED_EDGE('',*,*,#5364,.F.);
#5364 = EDGE_CURVE('',#5287,#5148,#5365,.T.);
#5365 = LINE('',#5366,#5367);
#5366 = CARTESIAN_POINT('',(1.112544164649,-0.1875,2.775557561563E-17));
#5367 = VECTOR('',#5368,1.);
#5368 = DIRECTION('',(0.,1.,0.));
#5369 = PLANE('',#5370);
#5370 = AXIS2_PLACEMENT_3D('',#5371,#5372,#5373);
#5371 = CARTESIAN_POINT('',(0.975,-0.1875,0.));
#5372 = DIRECTION('',(0.,0.,1.));
#5373 = DIRECTION('',(1.,0.,-0.));
#5374 = ADVANCED_FACE('',(#5375),#5386,.T.);
#5375 = FACE_BOUND('',#5376,.T.);
#5376 = EDGE_LOOP('',(#5377,#5378,#5384,#5385));
#5377 = ORIENTED_EDGE('',*,*,#5346,.T.);
#5378 = ORIENTED_EDGE('',*,*,#5379,.T.);
#5379 = EDGE_CURVE('',#5339,#5158,#5380,.T.);
#5380 = LINE('',#5381,#5382);
#5381 = CARTESIAN_POINT('',(0.933697430135,-0.1875,0.131196398394));
#5382 = VECTOR('',#5383,1.);
#5383 = DIRECTION('',(0.,1.,0.));
#5384 = ORIENTED_EDGE('',*,*,#5157,.F.);
#5385 = ORIENTED_EDGE('',*,*,#5364,.F.);
#5386 = CYLINDRICAL_SURFACE('',#5387,0.1875);
#5387 = AXIS2_PLACEMENT_3D('',#5388,#5389,#5390);
#5388 = CARTESIAN_POINT('',(1.112544164649,-0.1875,0.1875));
#5389 = DIRECTION('',(0.,1.,0.));
#5390 = DIRECTION('',(0.,0.,-1.));
#5391 = ADVANCED_FACE('',(#5392),#5403,.F.);
#5392 = FACE_BOUND('',#5393,.F.);
#5393 = EDGE_LOOP('',(#5394,#5395,#5396,#5397));
#5394 = ORIENTED_EDGE('',*,*,#5338,.F.);
#5395 = ORIENTED_EDGE('',*,*,#5379,.T.);
#5396 = ORIENTED_EDGE('',*,*,#5166,.T.);
#5397 = ORIENTED_EDGE('',*,*,#5398,.F.);
#5398 = EDGE_CURVE('',#5331,#5167,#5399,.T.);
#5399 = LINE('',#5400,#5401);
#5400 = CARTESIAN_POINT('',(0.803802569865,-0.1875,0.543803601606));
#5401 = VECTOR('',#5402,1.);
#5402 = DIRECTION('',(0.,1.,0.));
#5403 = PLANE('',#5404);
#5404 = AXIS2_PLACEMENT_3D('',#5405,#5406,#5407);
#5405 = CARTESIAN_POINT('',(0.975,-0.1875,0.));
#5406 = DIRECTION('',(0.953849250739,0.,0.300285875233));
#5407 = DIRECTION('',(-0.300285875233,0.,0.953849250739));
#5408 = ADVANCED_FACE('',(#5409),#5420,.F.);
#5409 = FACE_BOUND('',#5410,.F.);
#5410 = EDGE_LOOP('',(#5411,#5412,#5418,#5419));
#5411 = ORIENTED_EDGE('',*,*,#5174,.F.);
#5412 = ORIENTED_EDGE('',*,*,#5413,.F.);
#5413 = EDGE_CURVE('',#5323,#5175,#5414,.T.);
#5414 = LINE('',#5415,#5416);
#5415 = CARTESIAN_POINT('',(0.7625,-0.1875,0.543803601606));
#5416 = VECTOR('',#5417,1.);
#5417 = DIRECTION('',(0.,1.,0.));
#5418 = ORIENTED_EDGE('',*,*,#5330,.T.);
#5419 = ORIENTED_EDGE('',*,*,#5398,.T.);
#5420 = PLANE('',#5421);
#5421 = AXIS2_PLACEMENT_3D('',#5422,#5423,#5424);
#5422 = CARTESIAN_POINT('',(0.7625,-0.1875,0.543803601606));
#5423 = DIRECTION('',(0.,0.,1.));
#5424 = DIRECTION('',(1.,0.,-0.));
#5425 = ADVANCED_FACE('',(#5426),#5437,.F.);
#5426 = FACE_BOUND('',#5427,.T.);
#5427 = EDGE_LOOP('',(#5428,#5429,#5435,#5436));
#5428 = ORIENTED_EDGE('',*,*,#5322,.T.);
#5429 = ORIENTED_EDGE('',*,*,#5430,.T.);
#5430 = EDGE_CURVE('',#5315,#5183,#5431,.T.);
#5431 = LINE('',#5432,#5433);
#5432 = CARTESIAN_POINT('',(0.7625,-0.1875,0.731303601606));
#5433 = VECTOR('',#5434,1.);
#5434 = DIRECTION('',(0.,1.,0.));
#5435 = ORIENTED_EDGE('',*,*,#5182,.F.);
#5436 = ORIENTED_EDGE('',*,*,#5413,.F.);
#5437 = PLANE('',#5438);
#5438 = AXIS2_PLACEMENT_3D('',#5439,#5440,#5441);
#5439 = CARTESIAN_POINT('',(0.7625,-0.1875,0.543803601606));
#5440 = DIRECTION('',(1.,0.,0.));
#5441 = DIRECTION('',(0.,0.,1.));
#5442 = ADVANCED_FACE('',(#5443),#5454,.T.);
#5443 = FACE_BOUND('',#5444,.T.);
#5444 = EDGE_LOOP('',(#5445,#5446,#5447,#5448));
#5445 = ORIENTED_EDGE('',*,*,#5297,.F.);
#5446 = ORIENTED_EDGE('',*,*,#5246,.T.);
#5447 = ORIENTED_EDGE('',*,*,#5207,.T.);
#5448 = ORIENTED_EDGE('',*,*,#5449,.F.);
#5449 = EDGE_CURVE('',#5298,#5199,#5450,.T.);
#5450 = LINE('',#5451,#5452);
#5451 = CARTESIAN_POINT('',(0.961998019446,-0.1875,0.665705402409));
#5452 = VECTOR('',#5453,1.);
#5453 = DIRECTION('',(0.,1.,0.));
#5454 = PLANE('',#5455);
#5455 = AXIS2_PLACEMENT_3D('',#5456,#5457,#5458);
#5456 = CARTESIAN_POINT('',(1.153846734514,-0.1875,5.630360160613E-02));
#5457 = DIRECTION('',(0.953849250739,0.,0.300285875233));
#5458 = DIRECTION('',(-0.300285875233,0.,0.953849250739));
#5459 = ADVANCED_FACE('',(#5460),#5471,.T.);
#5460 = FACE_BOUND('',#5461,.T.);
#5461 = EDGE_LOOP('',(#5462,#5463,#5464,#5465));
#5462 = ORIENTED_EDGE('',*,*,#5190,.F.);
#5463 = ORIENTED_EDGE('',*,*,#5430,.F.);
#5464 = ORIENTED_EDGE('',*,*,#5314,.T.);
#5465 = ORIENTED_EDGE('',*,*,#5466,.T.);
#5466 = EDGE_CURVE('',#5306,#5191,#5467,.T.);
#5467 = LINE('',#5468,#5469);
#5468 = CARTESIAN_POINT('',(0.872574652189,-0.1875,0.731303601606));
#5469 = VECTOR('',#5470,1.);
#5470 = DIRECTION('',(0.,1.,0.));
#5471 = PLANE('',#5472);
#5472 = AXIS2_PLACEMENT_3D('',#5473,#5474,#5475);
#5473 = CARTESIAN_POINT('',(0.7625,-0.1875,0.731303601606));
#5474 = DIRECTION('',(0.,0.,1.));
#5475 = DIRECTION('',(1.,0.,-0.));
#5476 = ADVANCED_FACE('',(#5477),#5483,.T.);
#5477 = FACE_BOUND('',#5478,.T.);
#5478 = EDGE_LOOP('',(#5479,#5480,#5481,#5482));
#5479 = ORIENTED_EDGE('',*,*,#5449,.T.);
#5480 = ORIENTED_EDGE('',*,*,#5198,.T.);
#5481 = ORIENTED_EDGE('',*,*,#5466,.F.);
#5482 = ORIENTED_EDGE('',*,*,#5305,.F.);
#5483 = CYLINDRICAL_SURFACE('',#5484,9.375E-02);
#5484 = AXIS2_PLACEMENT_3D('',#5485,#5486,#5487);
#5485 = CARTESIAN_POINT('',(0.872574652189,-0.1875,0.637553601606));
#5486 = DIRECTION('',(0.,1.,0.));
#5487 = DIRECTION('',(0.953849250739,-0.,0.300285875233));
#5488 = ( GEOMETRIC_REPRESENTATION_CONTEXT(3) 
GLOBAL_UNCERTAINTY_ASSIGNED_CONTEXT((#5492)) 
GLOBAL_UNIT_ASSIGNED_CONTEXT((#5489,#5490,#5491)) REPRESENTATION_CONTEXT
('Context #1','3D Context with UNIT and UNCERTAINTY') );
#5489 = ( LENGTH_UNIT() NAMED_UNIT(*) SI_UNIT(.MILLI.,.METRE.) );
#5490 = ( NAMED_UNIT(*) PLANE_ANGLE_UNIT() SI_UNIT($,.RADIAN.) );
#5491 = ( NAMED_UNIT(*) SI_UNIT($,.STERADIAN.) SOLID_ANGLE_UNIT() );
#5492 = UNCERTAINTY_MEASURE_WITH_UNIT(LENGTH_MEASURE(1.E-07),#5489,
  'distance_accuracy_value','confusion accuracy');
#5493 = CONTEXT_DEPENDENT_SHAPE_REPRESENTATION(#5494,#5496);
#5494 = ( REPRESENTATION_RELATIONSHIP('','',#5100,#3670) 
REPRESENTATION_RELATIONSHIP_WITH_TRANSFORMATION(#5495) 
SHAPE_REPRESENTATION_RELATIONSHIP() );
#5495 = ITEM_DEFINED_TRANSFORMATION('','',#11,#3679);
#5496 = PRODUCT_DEFINITION_SHAPE('Placement','Placement of an item',
  #5497);
#5497 = NEXT_ASSEMBLY_USAGE_OCCURRENCE('10','=>[0:1:1:4]','',#3665,#5095
  ,$);
#5498 = PRODUCT_RELATED_PRODUCT_CATEGORY('part',$,(#5097));
#5499 = CONTEXT_DEPENDENT_SHAPE_REPRESENTATION(#5500,#5502);
#5500 = ( REPRESENTATION_RELATIONSHIP('','',#2119,#10) 
REPRESENTATION_RELATIONSHIP_WITH_TRANSFORMATION(#5501) 
SHAPE_REPRESENTATION_RELATIONSHIP() );
#5501 = ITEM_DEFINED_TRANSFORMATION('','',#11,#47);
#5502 = PRODUCT_DEFINITION_SHAPE('Placement','Placement of an item',
  #5503);
#5503 = NEXT_ASSEMBLY_USAGE_OCCURRENCE('12','Q4','',#5,#2114,$);
#5504 = SHAPE_DEFINITION_REPRESENTATION(#5505,#5511);
#5505 = PRODUCT_DEFINITION_SHAPE('','',#5506);
#5506 = PRODUCT_DEFINITION('design','',#5507,#5510);
#5507 = PRODUCT_DEFINITION_FORMATION('','',#5508);
#5508 = PRODUCT('PinHeader_1x06_P2.54mm_Horizontal',
  'PinHeader_1x06_P2.54mm_Horizontal','',(#5509));
#5509 = PRODUCT_CONTEXT('',#2,'mechanical');
#5510 = PRODUCT_DEFINITION_CONTEXT('part definition',#2,'design');
#5511 = ADVANCED_BREP_SHAPE_REPRESENTATION('',(#11,#5512),#10246);
#5512 = MANIFOLD_SOLID_BREP('',#5513);
#5513 = CLOSED_SHELL('',(#5514,#5554,#5585,#5616,#6109,#6602,#6619,#6636
    ,#6653,#6670,#6687,#6704,#6721,#6738,#6755,#6772,#6789,#6806,#6823,
    #6840,#6857,#6874,#6891,#6908,#6925,#6942,#6959,#6976,#6993,#7010,
    #7027,#7044,#7061,#7078,#7095,#7112,#7129,#7146,#7163,#7180,#7192,
    #7223,#7272,#7296,#7338,#7369,#7418,#7442,#7484,#7540,#7564,#7613,
    #7630,#7661,#7710,#7734,#7776,#7807,#7856,#7880,#7922,#7953,#8002,
    #8026,#8068,#8099,#8123,#8147,#8164,#8195,#8219,#8243,#8260,#8291,
    #8315,#8339,#8356,#8387,#8411,#8435,#8452,#8483,#8507,#8531,#8548,
    #8579,#8603,#8627,#8644,#8661,#8678,#8709,#8726,#8757,#8774,#8791,
    #8822,#8839,#8870,#8887,#8904,#8935,#8952,#8983,#9000,#9017,#9048,
    #9065,#9096,#9113,#9130,#9161,#9178,#9209,#9226,#9243,#9274,#9291,
    #9322,#9353,#9377,#9401,#9418,#9449,#9473,#9497,#9514,#9545,#9569,
    #9593,#9610,#9641,#9665,#9689,#9706,#9737,#9761,#9785,#9802,#9833,
    #9857,#9881,#9898,#9915,#9932,#9944,#9961,#9978,#9990,#10007,#10024,
    #10036,#10053,#10070,#10082,#10099,#10116,#10128,#10145,#10162,
    #10174,#10186,#10198,#10210,#10222,#10234));
#5514 = ADVANCED_FACE('',(#5515),#5549,.T.);
#5515 = FACE_BOUND('',#5516,.T.);
#5516 = EDGE_LOOP('',(#5517,#5527,#5535,#5543));
#5517 = ORIENTED_EDGE('',*,*,#5518,.T.);
#5518 = EDGE_CURVE('',#5519,#5521,#5523,.T.);
#5519 = VERTEX_POINT('',#5520);
#5520 = CARTESIAN_POINT('',(1.5,1.27,0.254));
#5521 = VERTEX_POINT('',#5522);
#5522 = CARTESIAN_POINT('',(4.04,1.27,0.254));
#5523 = LINE('',#5524,#5525);
#5524 = CARTESIAN_POINT('',(1.5,1.27,0.254));
#5525 = VECTOR('',#5526,1.);
#5526 = DIRECTION('',(1.,0.,0.));
#5527 = ORIENTED_EDGE('',*,*,#5528,.T.);
#5528 = EDGE_CURVE('',#5521,#5529,#5531,.T.);
#5529 = VERTEX_POINT('',#5530);
#5530 = CARTESIAN_POINT('',(4.04,1.016,0.));
#5531 = LINE('',#5532,#5533);
#5532 = CARTESIAN_POINT('',(4.04,1.27,0.254));
#5533 = VECTOR('',#5534,1.);
#5534 = DIRECTION('',(0.,-0.707106781187,-0.707106781187));
#5535 = ORIENTED_EDGE('',*,*,#5536,.F.);
#5536 = EDGE_CURVE('',#5537,#5529,#5539,.T.);
#5537 = VERTEX_POINT('',#5538);
#5538 = CARTESIAN_POINT('',(1.5,1.016,0.));
#5539 = LINE('',#5540,#5541);
#5540 = CARTESIAN_POINT('',(1.5,1.016,0.));
#5541 = VECTOR('',#5542,1.);
#5542 = DIRECTION('',(1.,0.,0.));
#5543 = ORIENTED_EDGE('',*,*,#5544,.F.);
#5544 = EDGE_CURVE('',#5519,#5537,#5545,.T.);
#5545 = LINE('',#5546,#5547);
#5546 = CARTESIAN_POINT('',(1.5,1.27,0.254));
#5547 = VECTOR('',#5548,1.);
#5548 = DIRECTION('',(0.,-0.707106781187,-0.707106781187));
#5549 = PLANE('',#5550);
#5550 = AXIS2_PLACEMENT_3D('',#5551,#5552,#5553);
#5551 = CARTESIAN_POINT('',(1.5,1.27,0.254));
#5552 = DIRECTION('',(0.,0.707106781187,-0.707106781187));
#5553 = DIRECTION('',(0.,-0.707106781187,-0.707106781187));
#5554 = ADVANCED_FACE('',(#5555),#5580,.T.);
#5555 = FACE_BOUND('',#5556,.T.);
#5556 = EDGE_LOOP('',(#5557,#5567,#5573,#5574));
#5557 = ORIENTED_EDGE('',*,*,#5558,.T.);
#5558 = EDGE_CURVE('',#5559,#5561,#5563,.T.);
#5559 = VERTEX_POINT('',#5560);
#5560 = CARTESIAN_POINT('',(1.5,1.27,2.286));
#5561 = VERTEX_POINT('',#5562);
#5562 = CARTESIAN_POINT('',(4.04,1.27,2.286));
#5563 = LINE('',#5564,#5565);
#5564 = CARTESIAN_POINT('',(1.5,1.27,2.286));
#5565 = VECTOR('',#5566,1.);
#5566 = DIRECTION('',(1.,0.,0.));
#5567 = ORIENTED_EDGE('',*,*,#5568,.T.);
#5568 = EDGE_CURVE('',#5561,#5521,#5569,.T.);
#5569 = LINE('',#5570,#5571);
#5570 = CARTESIAN_POINT('',(4.04,1.27,2.286));
#5571 = VECTOR('',#5572,1.);
#5572 = DIRECTION('',(0.,0.,-1.));
#5573 = ORIENTED_EDGE('',*,*,#5518,.F.);
#5574 = ORIENTED_EDGE('',*,*,#5575,.F.);
#5575 = EDGE_CURVE('',#5559,#5519,#5576,.T.);
#5576 = LINE('',#5577,#5578);
#5577 = CARTESIAN_POINT('',(1.5,1.27,2.286));
#5578 = VECTOR('',#5579,1.);
#5579 = DIRECTION('',(0.,0.,-1.));
#5580 = PLANE('',#5581);
#5581 = AXIS2_PLACEMENT_3D('',#5582,#5583,#5584);
#5582 = CARTESIAN_POINT('',(1.5,1.27,2.286));
#5583 = DIRECTION('',(0.,1.,0.));
#5584 = DIRECTION('',(0.,0.,-1.));
#5585 = ADVANCED_FACE('',(#5586),#5611,.T.);
#5586 = FACE_BOUND('',#5587,.T.);
#5587 = EDGE_LOOP('',(#5588,#5589,#5597,#5605));
#5588 = ORIENTED_EDGE('',*,*,#5536,.T.);
#5589 = ORIENTED_EDGE('',*,*,#5590,.T.);
#5590 = EDGE_CURVE('',#5529,#5591,#5593,.T.);
#5591 = VERTEX_POINT('',#5592);
#5592 = CARTESIAN_POINT('',(4.04,-1.016,0.));
#5593 = LINE('',#5594,#5595);
#5594 = CARTESIAN_POINT('',(4.04,1.016,0.));
#5595 = VECTOR('',#5596,1.);
#5596 = DIRECTION('',(0.,-1.,0.));
#5597 = ORIENTED_EDGE('',*,*,#5598,.F.);
#5598 = EDGE_CURVE('',#5599,#5591,#5601,.T.);
#5599 = VERTEX_POINT('',#5600);
#5600 = CARTESIAN_POINT('',(1.5,-1.016,0.));
#5601 = LINE('',#5602,#5603);
#5602 = CARTESIAN_POINT('',(1.5,-1.016,0.));
#5603 = VECTOR('',#5604,1.);
#5604 = DIRECTION('',(1.,0.,0.));
#5605 = ORIENTED_EDGE('',*,*,#5606,.F.);
#5606 = EDGE_CURVE('',#5537,#5599,#5607,.T.);
#5607 = LINE('',#5608,#5609);
#5608 = CARTESIAN_POINT('',(1.5,1.016,0.));
#5609 = VECTOR('',#5610,1.);
#5610 = DIRECTION('',(0.,-1.,0.));
#5611 = PLANE('',#5612);
#5612 = AXIS2_PLACEMENT_3D('',#5613,#5614,#5615);
#5613 = CARTESIAN_POINT('',(1.5,1.016,0.));
#5614 = DIRECTION('',(-0.,-0.,-1.));
#5615 = DIRECTION('',(0.,-1.,0.));
#5616 = ADVANCED_FACE('',(#5617,#5900,#5934,#5968,#6002,#6036,#6070),
  #6104,.T.);
#5617 = FACE_BOUND('',#5618,.T.);
#5618 = EDGE_LOOP('',(#5619,#5620,#5621,#5629,#5637,#5645,#5653,#5661,
    #5669,#5677,#5685,#5693,#5701,#5709,#5717,#5725,#5733,#5741,#5749,
    #5757,#5765,#5773,#5781,#5789,#5797,#5805,#5813,#5821,#5829,#5837,
    #5845,#5853,#5861,#5869,#5877,#5885,#5893,#5899));
#5619 = ORIENTED_EDGE('',*,*,#5544,.T.);
#5620 = ORIENTED_EDGE('',*,*,#5606,.T.);
#5621 = ORIENTED_EDGE('',*,*,#5622,.T.);
#5622 = EDGE_CURVE('',#5599,#5623,#5625,.T.);
#5623 = VERTEX_POINT('',#5624);
#5624 = CARTESIAN_POINT('',(1.5,-1.27,0.254));
#5625 = LINE('',#5626,#5627);
#5626 = CARTESIAN_POINT('',(1.5,-1.016,0.));
#5627 = VECTOR('',#5628,1.);
#5628 = DIRECTION('',(0.,-0.707106781187,0.707106781187));
#5629 = ORIENTED_EDGE('',*,*,#5630,.T.);
#5630 = EDGE_CURVE('',#5623,#5631,#5633,.T.);
#5631 = VERTEX_POINT('',#5632);
#5632 = CARTESIAN_POINT('',(1.5,-1.524,0.));
#5633 = LINE('',#5634,#5635);
#5634 = CARTESIAN_POINT('',(1.5,-1.27,0.254));
#5635 = VECTOR('',#5636,1.);
#5636 = DIRECTION('',(0.,-0.707106781187,-0.707106781187));
#5637 = ORIENTED_EDGE('',*,*,#5638,.T.);
#5638 = EDGE_CURVE('',#5631,#5639,#5641,.T.);
#5639 = VERTEX_POINT('',#5640);
#5640 = CARTESIAN_POINT('',(1.5,-3.556,0.));
#5641 = LINE('',#5642,#5643);
#5642 = CARTESIAN_POINT('',(1.5,-1.524,0.));
#5643 = VECTOR('',#5644,1.);
#5644 = DIRECTION('',(0.,-1.,0.));
#5645 = ORIENTED_EDGE('',*,*,#5646,.T.);
#5646 = EDGE_CURVE('',#5639,#5647,#5649,.T.);
#5647 = VERTEX_POINT('',#5648);
#5648 = CARTESIAN_POINT('',(1.5,-3.81,0.254));
#5649 = LINE('',#5650,#5651);
#5650 = CARTESIAN_POINT('',(1.5,-3.556,0.));
#5651 = VECTOR('',#5652,1.);
#5652 = DIRECTION('',(0.,-0.707106781187,0.707106781187));
#5653 = ORIENTED_EDGE('',*,*,#5654,.T.);
#5654 = EDGE_CURVE('',#5647,#5655,#5657,.T.);
#5655 = VERTEX_POINT('',#5656);
#5656 = CARTESIAN_POINT('',(1.5,-4.064,0.));
#5657 = LINE('',#5658,#5659);
#5658 = CARTESIAN_POINT('',(1.5,-3.81,0.254));
#5659 = VECTOR('',#5660,1.);
#5660 = DIRECTION('',(0.,-0.707106781187,-0.707106781187));
#5661 = ORIENTED_EDGE('',*,*,#5662,.T.);
#5662 = EDGE_CURVE('',#5655,#5663,#5665,.T.);
#5663 = VERTEX_POINT('',#5664);
#5664 = CARTESIAN_POINT('',(1.5,-6.096,0.));
#5665 = LINE('',#5666,#5667);
#5666 = CARTESIAN_POINT('',(1.5,-4.064,0.));
#5667 = VECTOR('',#5668,1.);
#5668 = DIRECTION('',(0.,-1.,0.));
#5669 = ORIENTED_EDGE('',*,*,#5670,.T.);
#5670 = EDGE_CURVE('',#5663,#5671,#5673,.T.);
#5671 = VERTEX_POINT('',#5672);
#5672 = CARTESIAN_POINT('',(1.5,-6.35,0.254));
#5673 = LINE('',#5674,#5675);
#5674 = CARTESIAN_POINT('',(1.5,-6.096,0.));
#5675 = VECTOR('',#5676,1.);
#5676 = DIRECTION('',(0.,-0.707106781187,0.707106781187));
#5677 = ORIENTED_EDGE('',*,*,#5678,.T.);
#5678 = EDGE_CURVE('',#5671,#5679,#5681,.T.);
#5679 = VERTEX_POINT('',#5680);
#5680 = CARTESIAN_POINT('',(1.5,-6.604,0.));
#5681 = LINE('',#5682,#5683);
#5682 = CARTESIAN_POINT('',(1.5,-6.35,0.254));
#5683 = VECTOR('',#5684,1.);
#5684 = DIRECTION('',(0.,-0.707106781187,-0.707106781187));
#5685 = ORIENTED_EDGE('',*,*,#5686,.T.);
#5686 = EDGE_CURVE('',#5679,#5687,#5689,.T.);
#5687 = VERTEX_POINT('',#5688);
#5688 = CARTESIAN_POINT('',(1.5,-8.636,0.));
#5689 = LINE('',#5690,#5691);
#5690 = CARTESIAN_POINT('',(1.5,-6.604,0.));
#5691 = VECTOR('',#5692,1.);
#5692 = DIRECTION('',(0.,-1.,0.));
#5693 = ORIENTED_EDGE('',*,*,#5694,.T.);
#5694 = EDGE_CURVE('',#5687,#5695,#5697,.T.);
#5695 = VERTEX_POINT('',#5696);
#5696 = CARTESIAN_POINT('',(1.5,-8.89,0.254));
#5697 = LINE('',#5698,#5699);
#5698 = CARTESIAN_POINT('',(1.5,-8.636,0.));
#5699 = VECTOR('',#5700,1.);
#5700 = DIRECTION('',(0.,-0.707106781187,0.707106781187));
#5701 = ORIENTED_EDGE('',*,*,#5702,.T.);
#5702 = EDGE_CURVE('',#5695,#5703,#5705,.T.);
#5703 = VERTEX_POINT('',#5704);
#5704 = CARTESIAN_POINT('',(1.5,-9.144,0.));
#5705 = LINE('',#5706,#5707);
#5706 = CARTESIAN_POINT('',(1.5,-8.89,0.254));
#5707 = VECTOR('',#5708,1.);
#5708 = DIRECTION('',(0.,-0.707106781187,-0.707106781187));
#5709 = ORIENTED_EDGE('',*,*,#5710,.T.);
#5710 = EDGE_CURVE('',#5703,#5711,#5713,.T.);
#5711 = VERTEX_POINT('',#5712);
#5712 = CARTESIAN_POINT('',(1.5,-11.176,0.));
#5713 = LINE('',#5714,#5715);
#5714 = CARTESIAN_POINT('',(1.5,-9.144,0.));
#5715 = VECTOR('',#5716,1.);
#5716 = DIRECTION('',(0.,-1.,0.));
#5717 = ORIENTED_EDGE('',*,*,#5718,.T.);
#5718 = EDGE_CURVE('',#5711,#5719,#5721,.T.);
#5719 = VERTEX_POINT('',#5720);
#5720 = CARTESIAN_POINT('',(1.5,-11.43,0.254));
#5721 = LINE('',#5722,#5723);
#5722 = CARTESIAN_POINT('',(1.5,-11.176,0.));
#5723 = VECTOR('',#5724,1.);
#5724 = DIRECTION('',(0.,-0.707106781187,0.707106781187));
#5725 = ORIENTED_EDGE('',*,*,#5726,.T.);
#5726 = EDGE_CURVE('',#5719,#5727,#5729,.T.);
#5727 = VERTEX_POINT('',#5728);
#5728 = CARTESIAN_POINT('',(1.5,-11.684,0.));
#5729 = LINE('',#5730,#5731);
#5730 = CARTESIAN_POINT('',(1.5,-11.43,0.254));
#5731 = VECTOR('',#5732,1.);
#5732 = DIRECTION('',(0.,-0.707106781187,-0.707106781187));
#5733 = ORIENTED_EDGE('',*,*,#5734,.T.);
#5734 = EDGE_CURVE('',#5727,#5735,#5737,.T.);
#5735 = VERTEX_POINT('',#5736);
#5736 = CARTESIAN_POINT('',(1.5,-13.716,0.));
#5737 = LINE('',#5738,#5739);
#5738 = CARTESIAN_POINT('',(1.5,-11.684,0.));
#5739 = VECTOR('',#5740,1.);
#5740 = DIRECTION('',(0.,-1.,0.));
#5741 = ORIENTED_EDGE('',*,*,#5742,.T.);
#5742 = EDGE_CURVE('',#5735,#5743,#5745,.T.);
#5743 = VERTEX_POINT('',#5744);
#5744 = CARTESIAN_POINT('',(1.5,-13.97,0.254));
#5745 = LINE('',#5746,#5747);
#5746 = CARTESIAN_POINT('',(1.5,-13.716,0.));
#5747 = VECTOR('',#5748,1.);
#5748 = DIRECTION('',(0.,-0.707106781187,0.707106781187));
#5749 = ORIENTED_EDGE('',*,*,#5750,.T.);
#5750 = EDGE_CURVE('',#5743,#5751,#5753,.T.);
#5751 = VERTEX_POINT('',#5752);
#5752 = CARTESIAN_POINT('',(1.5,-13.97,2.286));
#5753 = LINE('',#5754,#5755);
#5754 = CARTESIAN_POINT('',(1.5,-13.97,0.254));
#5755 = VECTOR('',#5756,1.);
#5756 = DIRECTION('',(0.,0.,1.));
#5757 = ORIENTED_EDGE('',*,*,#5758,.T.);
#5758 = EDGE_CURVE('',#5751,#5759,#5761,.T.);
#5759 = VERTEX_POINT('',#5760);
#5760 = CARTESIAN_POINT('',(1.5,-13.716,2.54));
#5761 = LINE('',#5762,#5763);
#5762 = CARTESIAN_POINT('',(1.5,-13.97,2.286));
#5763 = VECTOR('',#5764,1.);
#5764 = DIRECTION('',(0.,0.707106781187,0.707106781187));
#5765 = ORIENTED_EDGE('',*,*,#5766,.T.);
#5766 = EDGE_CURVE('',#5759,#5767,#5769,.T.);
#5767 = VERTEX_POINT('',#5768);
#5768 = CARTESIAN_POINT('',(1.5,-11.684,2.54));
#5769 = LINE('',#5770,#5771);
#5770 = CARTESIAN_POINT('',(1.5,-13.716,2.54));
#5771 = VECTOR('',#5772,1.);
#5772 = DIRECTION('',(0.,1.,0.));
#5773 = ORIENTED_EDGE('',*,*,#5774,.T.);
#5774 = EDGE_CURVE('',#5767,#5775,#5777,.T.);
#5775 = VERTEX_POINT('',#5776);
#5776 = CARTESIAN_POINT('',(1.5,-11.43,2.286));
#5777 = LINE('',#5778,#5779);
#5778 = CARTESIAN_POINT('',(1.5,-11.684,2.54));
#5779 = VECTOR('',#5780,1.);
#5780 = DIRECTION('',(0.,0.707106781187,-0.707106781187));
#5781 = ORIENTED_EDGE('',*,*,#5782,.T.);
#5782 = EDGE_CURVE('',#5775,#5783,#5785,.T.);
#5783 = VERTEX_POINT('',#5784);
#5784 = CARTESIAN_POINT('',(1.5,-11.176,2.54));
#5785 = LINE('',#5786,#5787);
#5786 = CARTESIAN_POINT('',(1.5,-11.43,2.286));
#5787 = VECTOR('',#5788,1.);
#5788 = DIRECTION('',(0.,0.707106781187,0.707106781187));
#5789 = ORIENTED_EDGE('',*,*,#5790,.T.);
#5790 = EDGE_CURVE('',#5783,#5791,#5793,.T.);
#5791 = VERTEX_POINT('',#5792);
#5792 = CARTESIAN_POINT('',(1.5,-9.144,2.54));
#5793 = LINE('',#5794,#5795);
#5794 = CARTESIAN_POINT('',(1.5,-11.176,2.54));
#5795 = VECTOR('',#5796,1.);
#5796 = DIRECTION('',(0.,1.,0.));
#5797 = ORIENTED_EDGE('',*,*,#5798,.T.);
#5798 = EDGE_CURVE('',#5791,#5799,#5801,.T.);
#5799 = VERTEX_POINT('',#5800);
#5800 = CARTESIAN_POINT('',(1.5,-8.89,2.286));
#5801 = LINE('',#5802,#5803);
#5802 = CARTESIAN_POINT('',(1.5,-9.144,2.54));
#5803 = VECTOR('',#5804,1.);
#5804 = DIRECTION('',(0.,0.707106781187,-0.707106781187));
#5805 = ORIENTED_EDGE('',*,*,#5806,.T.);
#5806 = EDGE_CURVE('',#5799,#5807,#5809,.T.);
#5807 = VERTEX_POINT('',#5808);
#5808 = CARTESIAN_POINT('',(1.5,-8.636,2.54));
#5809 = LINE('',#5810,#5811);
#5810 = CARTESIAN_POINT('',(1.5,-8.89,2.286));
#5811 = VECTOR('',#5812,1.);
#5812 = DIRECTION('',(0.,0.707106781187,0.707106781187));
#5813 = ORIENTED_EDGE('',*,*,#5814,.T.);
#5814 = EDGE_CURVE('',#5807,#5815,#5817,.T.);
#5815 = VERTEX_POINT('',#5816);
#5816 = CARTESIAN_POINT('',(1.5,-6.604,2.54));
#5817 = LINE('',#5818,#5819);
#5818 = CARTESIAN_POINT('',(1.5,-8.636,2.54));
#5819 = VECTOR('',#5820,1.);
#5820 = DIRECTION('',(0.,1.,0.));
#5821 = ORIENTED_EDGE('',*,*,#5822,.T.);
#5822 = EDGE_CURVE('',#5815,#5823,#5825,.T.);
#5823 = VERTEX_POINT('',#5824);
#5824 = CARTESIAN_POINT('',(1.5,-6.35,2.286));
#5825 = LINE('',#5826,#5827);
#5826 = CARTESIAN_POINT('',(1.5,-6.604,2.54));
#5827 = VECTOR('',#5828,1.);
#5828 = DIRECTION('',(0.,0.707106781187,-0.707106781187));
#5829 = ORIENTED_EDGE('',*,*,#5830,.T.);
#5830 = EDGE_CURVE('',#5823,#5831,#5833,.T.);
#5831 = VERTEX_POINT('',#5832);
#5832 = CARTESIAN_POINT('',(1.5,-6.096,2.54));
#5833 = LINE('',#5834,#5835);
#5834 = CARTESIAN_POINT('',(1.5,-6.35,2.286));
#5835 = VECTOR('',#5836,1.);
#5836 = DIRECTION('',(0.,0.707106781187,0.707106781187));
#5837 = ORIENTED_EDGE('',*,*,#5838,.T.);
#5838 = EDGE_CURVE('',#5831,#5839,#5841,.T.);
#5839 = VERTEX_POINT('',#5840);
#5840 = CARTESIAN_POINT('',(1.5,-4.064,2.54));
#5841 = LINE('',#5842,#5843);
#5842 = CARTESIAN_POINT('',(1.5,-6.096,2.54));
#5843 = VECTOR('',#5844,1.);
#5844 = DIRECTION('',(0.,1.,0.));
#5845 = ORIENTED_EDGE('',*,*,#5846,.T.);
#5846 = EDGE_CURVE('',#5839,#5847,#5849,.T.);
#5847 = VERTEX_POINT('',#5848);
#5848 = CARTESIAN_POINT('',(1.5,-3.81,2.286));
#5849 = LINE('',#5850,#5851);
#5850 = CARTESIAN_POINT('',(1.5,-4.064,2.54));
#5851 = VECTOR('',#5852,1.);
#5852 = DIRECTION('',(0.,0.707106781187,-0.707106781187));
#5853 = ORIENTED_EDGE('',*,*,#5854,.T.);
#5854 = EDGE_CURVE('',#5847,#5855,#5857,.T.);
#5855 = VERTEX_POINT('',#5856);
#5856 = CARTESIAN_POINT('',(1.5,-3.556,2.54));
#5857 = LINE('',#5858,#5859);
#5858 = CARTESIAN_POINT('',(1.5,-3.81,2.286));
#5859 = VECTOR('',#5860,1.);
#5860 = DIRECTION('',(0.,0.707106781187,0.707106781187));
#5861 = ORIENTED_EDGE('',*,*,#5862,.T.);
#5862 = EDGE_CURVE('',#5855,#5863,#5865,.T.);
#5863 = VERTEX_POINT('',#5864);
#5864 = CARTESIAN_POINT('',(1.5,-1.524,2.54));
#5865 = LINE('',#5866,#5867);
#5866 = CARTESIAN_POINT('',(1.5,-3.556,2.54));
#5867 = VECTOR('',#5868,1.);
#5868 = DIRECTION('',(0.,1.,0.));
#5869 = ORIENTED_EDGE('',*,*,#5870,.T.);
#5870 = EDGE_CURVE('',#5863,#5871,#5873,.T.);
#5871 = VERTEX_POINT('',#5872);
#5872 = CARTESIAN_POINT('',(1.5,-1.27,2.286));
#5873 = LINE('',#5874,#5875);
#5874 = CARTESIAN_POINT('',(1.5,-1.524,2.54));
#5875 = VECTOR('',#5876,1.);
#5876 = DIRECTION('',(0.,0.707106781187,-0.707106781187));
#5877 = ORIENTED_EDGE('',*,*,#5878,.T.);
#5878 = EDGE_CURVE('',#5871,#5879,#5881,.T.);
#5879 = VERTEX_POINT('',#5880);
#5880 = CARTESIAN_POINT('',(1.5,-1.016,2.54));
#5881 = LINE('',#5882,#5883);
#5882 = CARTESIAN_POINT('',(1.5,-1.27,2.286));
#5883 = VECTOR('',#5884,1.);
#5884 = DIRECTION('',(0.,0.707106781187,0.707106781187));
#5885 = ORIENTED_EDGE('',*,*,#5886,.T.);
#5886 = EDGE_CURVE('',#5879,#5887,#5889,.T.);
#5887 = VERTEX_POINT('',#5888);
#5888 = CARTESIAN_POINT('',(1.5,1.016,2.54));
#5889 = LINE('',#5890,#5891);
#5890 = CARTESIAN_POINT('',(1.5,-1.016,2.54));
#5891 = VECTOR('',#5892,1.);
#5892 = DIRECTION('',(0.,1.,0.));
#5893 = ORIENTED_EDGE('',*,*,#5894,.T.);
#5894 = EDGE_CURVE('',#5887,#5559,#5895,.T.);
#5895 = LINE('',#5896,#5897);
#5896 = CARTESIAN_POINT('',(1.5,1.016,2.54));
#5897 = VECTOR('',#5898,1.);
#5898 = DIRECTION('',(0.,0.707106781187,-0.707106781187));
#5899 = ORIENTED_EDGE('',*,*,#5575,.T.);
#5900 = FACE_BOUND('',#5901,.T.);
#5901 = EDGE_LOOP('',(#5902,#5912,#5920,#5928));
#5902 = ORIENTED_EDGE('',*,*,#5903,.F.);
#5903 = EDGE_CURVE('',#5904,#5906,#5908,.T.);
#5904 = VERTEX_POINT('',#5905);
#5905 = CARTESIAN_POINT('',(1.5,-5.4,1.59));
#5906 = VERTEX_POINT('',#5907);
#5907 = CARTESIAN_POINT('',(1.5,-4.76,1.59));
#5908 = LINE('',#5909,#5910);
#5909 = CARTESIAN_POINT('',(1.5,-5.555,1.59));
#5910 = VECTOR('',#5911,1.);
#5911 = DIRECTION('',(-1.757937001438E-31,1.,-3.767764739067E-48));
#5912 = ORIENTED_EDGE('',*,*,#5913,.T.);
#5913 = EDGE_CURVE('',#5904,#5914,#5916,.T.);
#5914 = VERTEX_POINT('',#5915);
#5915 = CARTESIAN_POINT('',(1.5,-5.4,0.95));
#5916 = LINE('',#5917,#5918);
#5917 = CARTESIAN_POINT('',(1.5,-5.4,0.924540133779));
#5918 = VECTOR('',#5919,1.);
#5919 = DIRECTION('',(-4.851850855128E-31,6.630961875715E-34,-1.));
#5920 = ORIENTED_EDGE('',*,*,#5921,.F.);
#5921 = EDGE_CURVE('',#5922,#5914,#5924,.T.);
#5922 = VERTEX_POINT('',#5923);
#5923 = CARTESIAN_POINT('',(1.5,-4.76,0.95));
#5924 = LINE('',#5925,#5926);
#5925 = CARTESIAN_POINT('',(1.5,-5.555,0.95));
#5926 = VECTOR('',#5927,1.);
#5927 = DIRECTION('',(1.757937001438E-31,-1.,0.));
#5928 = ORIENTED_EDGE('',*,*,#5929,.F.);
#5929 = EDGE_CURVE('',#5906,#5922,#5930,.T.);
#5930 = LINE('',#5931,#5932);
#5931 = CARTESIAN_POINT('',(1.5,-4.76,0.924540133779));
#5932 = VECTOR('',#5933,1.);
#5933 = DIRECTION('',(-4.851850855128E-31,6.630961875715E-34,-1.));
#5934 = FACE_BOUND('',#5935,.T.);
#5935 = EDGE_LOOP('',(#5936,#5946,#5954,#5962));
#5936 = ORIENTED_EDGE('',*,*,#5937,.F.);
#5937 = EDGE_CURVE('',#5938,#5940,#5942,.T.);
#5938 = VERTEX_POINT('',#5939);
#5939 = CARTESIAN_POINT('',(1.5,-7.94,1.59));
#5940 = VERTEX_POINT('',#5941);
#5941 = CARTESIAN_POINT('',(1.5,-7.3,1.59));
#5942 = LINE('',#5943,#5944);
#5943 = CARTESIAN_POINT('',(1.5,-6.825,1.59));
#5944 = VECTOR('',#5945,1.);
#5945 = DIRECTION('',(-1.757937001438E-31,1.,-3.767764739067E-48));
#5946 = ORIENTED_EDGE('',*,*,#5947,.T.);
#5947 = EDGE_CURVE('',#5938,#5948,#5950,.T.);
#5948 = VERTEX_POINT('',#5949);
#5949 = CARTESIAN_POINT('',(1.5,-7.94,0.95));
#5950 = LINE('',#5951,#5952);
#5951 = CARTESIAN_POINT('',(1.5,-7.94,0.924540133779));
#5952 = VECTOR('',#5953,1.);
#5953 = DIRECTION('',(-4.851850855128E-31,6.630961875715E-34,-1.));
#5954 = ORIENTED_EDGE('',*,*,#5955,.F.);
#5955 = EDGE_CURVE('',#5956,#5948,#5958,.T.);
#5956 = VERTEX_POINT('',#5957);
#5957 = CARTESIAN_POINT('',(1.5,-7.3,0.95));
#5958 = LINE('',#5959,#5960);
#5959 = CARTESIAN_POINT('',(1.5,-6.825,0.95));
#5960 = VECTOR('',#5961,1.);
#5961 = DIRECTION('',(1.757937001438E-31,-1.,0.));
#5962 = ORIENTED_EDGE('',*,*,#5963,.F.);
#5963 = EDGE_CURVE('',#5940,#5956,#5964,.T.);
#5964 = LINE('',#5965,#5966);
#5965 = CARTESIAN_POINT('',(1.5,-7.3,0.924540133779));
#5966 = VECTOR('',#5967,1.);
#5967 = DIRECTION('',(-4.851850855128E-31,6.630961875715E-34,-1.));
#5968 = FACE_BOUND('',#5969,.T.);
#5969 = EDGE_LOOP('',(#5970,#5980,#5988,#5996));
#5970 = ORIENTED_EDGE('',*,*,#5971,.F.);
#5971 = EDGE_CURVE('',#5972,#5974,#5976,.T.);
#5972 = VERTEX_POINT('',#5973);
#5973 = CARTESIAN_POINT('',(1.5,-12.38,1.59));
#5974 = VERTEX_POINT('',#5975);
#5975 = CARTESIAN_POINT('',(1.5,-12.38,0.95));
#5976 = LINE('',#5977,#5978);
#5977 = CARTESIAN_POINT('',(1.5,-12.38,0.924540133779));
#5978 = VECTOR('',#5979,1.);
#5979 = DIRECTION('',(-4.851850855128E-31,6.630961875715E-34,-1.));
#5980 = ORIENTED_EDGE('',*,*,#5981,.F.);
#5981 = EDGE_CURVE('',#5982,#5972,#5984,.T.);
#5982 = VERTEX_POINT('',#5983);
#5983 = CARTESIAN_POINT('',(1.5,-13.02,1.59));
#5984 = LINE('',#5985,#5986);
#5985 = CARTESIAN_POINT('',(1.5,-9.365,1.59));
#5986 = VECTOR('',#5987,1.);
#5987 = DIRECTION('',(-1.757937001438E-31,1.,-3.767764739067E-48));
#5988 = ORIENTED_EDGE('',*,*,#5989,.T.);
#5989 = EDGE_CURVE('',#5982,#5990,#5992,.T.);
#5990 = VERTEX_POINT('',#5991);
#5991 = CARTESIAN_POINT('',(1.5,-13.02,0.95));
#5992 = LINE('',#5993,#5994);
#5993 = CARTESIAN_POINT('',(1.5,-13.02,0.924540133779));
#5994 = VECTOR('',#5995,1.);
#5995 = DIRECTION('',(-4.851850855128E-31,6.630961875715E-34,-1.));
#5996 = ORIENTED_EDGE('',*,*,#5997,.F.);
#5997 = EDGE_CURVE('',#5974,#5990,#5998,.T.);
#5998 = LINE('',#5999,#6000);
#5999 = CARTESIAN_POINT('',(1.5,-9.365,0.95));
#6000 = VECTOR('',#6001,1.);
#6001 = DIRECTION('',(1.757937001438E-31,-1.,0.));
#6002 = FACE_BOUND('',#6003,.T.);
#6003 = EDGE_LOOP('',(#6004,#6014,#6022,#6030));
#6004 = ORIENTED_EDGE('',*,*,#6005,.F.);
#6005 = EDGE_CURVE('',#6006,#6008,#6010,.T.);
#6006 = VERTEX_POINT('',#6007);
#6007 = CARTESIAN_POINT('',(1.5,-10.48,1.59));
#6008 = VERTEX_POINT('',#6009);
#6009 = CARTESIAN_POINT('',(1.5,-9.84,1.59));
#6010 = LINE('',#6011,#6012);
#6011 = CARTESIAN_POINT('',(1.5,-8.095,1.59));
#6012 = VECTOR('',#6013,1.);
#6013 = DIRECTION('',(-1.757937001438E-31,1.,-3.767764739067E-48));
#6014 = ORIENTED_EDGE('',*,*,#6015,.T.);
#6015 = EDGE_CURVE('',#6006,#6016,#6018,.T.);
#6016 = VERTEX_POINT('',#6017);
#6017 = CARTESIAN_POINT('',(1.5,-10.48,0.95));
#6018 = LINE('',#6019,#6020);
#6019 = CARTESIAN_POINT('',(1.5,-10.48,0.924540133779));
#6020 = VECTOR('',#6021,1.);
#6021 = DIRECTION('',(-4.851850855128E-31,6.630961875715E-34,-1.));
#6022 = ORIENTED_EDGE('',*,*,#6023,.F.);
#6023 = EDGE_CURVE('',#6024,#6016,#6026,.T.);
#6024 = VERTEX_POINT('',#6025);
#6025 = CARTESIAN_POINT('',(1.5,-9.84,0.95));
#6026 = LINE('',#6027,#6028);
#6027 = CARTESIAN_POINT('',(1.5,-8.095,0.95));
#6028 = VECTOR('',#6029,1.);
#6029 = DIRECTION('',(1.757937001438E-31,-1.,0.));
#6030 = ORIENTED_EDGE('',*,*,#6031,.F.);
#6031 = EDGE_CURVE('',#6008,#6024,#6032,.T.);
#6032 = LINE('',#6033,#6034);
#6033 = CARTESIAN_POINT('',(1.5,-9.84,0.924540133779));
#6034 = VECTOR('',#6035,1.);
#6035 = DIRECTION('',(-4.851850855128E-31,6.630961875715E-34,-1.));
#6036 = FACE_BOUND('',#6037,.T.);
#6037 = EDGE_LOOP('',(#6038,#6048,#6056,#6064));
#6038 = ORIENTED_EDGE('',*,*,#6039,.F.);
#6039 = EDGE_CURVE('',#6040,#6042,#6044,.T.);
#6040 = VERTEX_POINT('',#6041);
#6041 = CARTESIAN_POINT('',(1.5,-2.86,1.59));
#6042 = VERTEX_POINT('',#6043);
#6043 = CARTESIAN_POINT('',(1.5,-2.22,1.59));
#6044 = LINE('',#6045,#6046);
#6045 = CARTESIAN_POINT('',(1.5,-4.285,1.59));
#6046 = VECTOR('',#6047,1.);
#6047 = DIRECTION('',(-1.757937001438E-31,1.,-3.767764739067E-48));
#6048 = ORIENTED_EDGE('',*,*,#6049,.T.);
#6049 = EDGE_CURVE('',#6040,#6050,#6052,.T.);
#6050 = VERTEX_POINT('',#6051);
#6051 = CARTESIAN_POINT('',(1.5,-2.86,0.95));
#6052 = LINE('',#6053,#6054);
#6053 = CARTESIAN_POINT('',(1.5,-2.86,0.924540133779));
#6054 = VECTOR('',#6055,1.);
#6055 = DIRECTION('',(-4.851850855128E-31,6.630961875715E-34,-1.));
#6056 = ORIENTED_EDGE('',*,*,#6057,.F.);
#6057 = EDGE_CURVE('',#6058,#6050,#6060,.T.);
#6058 = VERTEX_POINT('',#6059);
#6059 = CARTESIAN_POINT('',(1.5,-2.22,0.95));
#6060 = LINE('',#6061,#6062);
#6061 = CARTESIAN_POINT('',(1.5,-4.285,0.95));
#6062 = VECTOR('',#6063,1.);
#6063 = DIRECTION('',(1.757937001438E-31,-1.,0.));
#6064 = ORIENTED_EDGE('',*,*,#6065,.F.);
#6065 = EDGE_CURVE('',#6042,#6058,#6066,.T.);
#6066 = LINE('',#6067,#6068);
#6067 = CARTESIAN_POINT('',(1.5,-2.22,0.924540133779));
#6068 = VECTOR('',#6069,1.);
#6069 = DIRECTION('',(-4.851850855128E-31,6.630961875715E-34,-1.));
#6070 = FACE_BOUND('',#6071,.T.);
#6071 = EDGE_LOOP('',(#6072,#6082,#6090,#6098));
#6072 = ORIENTED_EDGE('',*,*,#6073,.F.);
#6073 = EDGE_CURVE('',#6074,#6076,#6078,.T.);
#6074 = VERTEX_POINT('',#6075);
#6075 = CARTESIAN_POINT('',(1.5,-0.32,1.59));
#6076 = VERTEX_POINT('',#6077);
#6077 = CARTESIAN_POINT('',(1.5,0.32,1.59));
#6078 = LINE('',#6079,#6080);
#6079 = CARTESIAN_POINT('',(1.5,-3.015,1.59));
#6080 = VECTOR('',#6081,1.);
#6081 = DIRECTION('',(-1.757937001438E-31,1.,-3.767764739067E-48));
#6082 = ORIENTED_EDGE('',*,*,#6083,.T.);
#6083 = EDGE_CURVE('',#6074,#6084,#6086,.T.);
#6084 = VERTEX_POINT('',#6085);
#6085 = CARTESIAN_POINT('',(1.5,-0.32,0.95));
#6086 = LINE('',#6087,#6088);
#6087 = CARTESIAN_POINT('',(1.5,-0.32,0.924540133779));
#6088 = VECTOR('',#6089,1.);
#6089 = DIRECTION('',(-4.851850855128E-31,6.630961875715E-34,-1.));
#6090 = ORIENTED_EDGE('',*,*,#6091,.F.);
#6091 = EDGE_CURVE('',#6092,#6084,#6094,.T.);
#6092 = VERTEX_POINT('',#6093);
#6093 = CARTESIAN_POINT('',(1.5,0.32,0.95));
#6094 = LINE('',#6095,#6096);
#6095 = CARTESIAN_POINT('',(1.5,-3.015,0.95));
#6096 = VECTOR('',#6097,1.);
#6097 = DIRECTION('',(1.757937001438E-31,-1.,0.));
#6098 = ORIENTED_EDGE('',*,*,#6099,.F.);
#6099 = EDGE_CURVE('',#6076,#6092,#6100,.T.);
#6100 = LINE('',#6101,#6102);
#6101 = CARTESIAN_POINT('',(1.5,0.32,0.924540133779));
#6102 = VECTOR('',#6103,1.);
#6103 = DIRECTION('',(-4.851850855128E-31,6.630961875715E-34,-1.));
#6104 = PLANE('',#6105);
#6105 = AXIS2_PLACEMENT_3D('',#6106,#6107,#6108);
#6106 = CARTESIAN_POINT('',(1.5,-6.35,1.27));
#6107 = DIRECTION('',(-1.,-1.757937001438E-31,4.851850855128E-31));
#6108 = DIRECTION('',(-4.851850855128E-31,3.711337935421E-78,-1.));
#6109 = ADVANCED_FACE('',(#6110,#6393,#6427,#6461,#6495,#6529,#6563),
  #6597,.F.);
#6110 = FACE_BOUND('',#6111,.F.);
#6111 = EDGE_LOOP('',(#6112,#6113,#6114,#6122,#6130,#6138,#6146,#6154,
    #6162,#6170,#6178,#6186,#6194,#6202,#6210,#6218,#6226,#6234,#6242,
    #6250,#6258,#6266,#6274,#6282,#6290,#6298,#6306,#6314,#6322,#6330,
    #6338,#6346,#6354,#6362,#6370,#6378,#6386,#6392));
#6112 = ORIENTED_EDGE('',*,*,#5528,.T.);
#6113 = ORIENTED_EDGE('',*,*,#5590,.T.);
#6114 = ORIENTED_EDGE('',*,*,#6115,.T.);
#6115 = EDGE_CURVE('',#5591,#6116,#6118,.T.);
#6116 = VERTEX_POINT('',#6117);
#6117 = CARTESIAN_POINT('',(4.04,-1.27,0.254));
#6118 = LINE('',#6119,#6120);
#6119 = CARTESIAN_POINT('',(4.04,-1.016,0.));
#6120 = VECTOR('',#6121,1.);
#6121 = DIRECTION('',(0.,-0.707106781187,0.707106781187));
#6122 = ORIENTED_EDGE('',*,*,#6123,.T.);
#6123 = EDGE_CURVE('',#6116,#6124,#6126,.T.);
#6124 = VERTEX_POINT('',#6125);
#6125 = CARTESIAN_POINT('',(4.04,-1.524,0.));
#6126 = LINE('',#6127,#6128);
#6127 = CARTESIAN_POINT('',(4.04,-1.27,0.254));
#6128 = VECTOR('',#6129,1.);
#6129 = DIRECTION('',(0.,-0.707106781187,-0.707106781187));
#6130 = ORIENTED_EDGE('',*,*,#6131,.T.);
#6131 = EDGE_CURVE('',#6124,#6132,#6134,.T.);
#6132 = VERTEX_POINT('',#6133);
#6133 = CARTESIAN_POINT('',(4.04,-3.556,0.));
#6134 = LINE('',#6135,#6136);
#6135 = CARTESIAN_POINT('',(4.04,-1.524,0.));
#6136 = VECTOR('',#6137,1.);
#6137 = DIRECTION('',(0.,-1.,0.));
#6138 = ORIENTED_EDGE('',*,*,#6139,.T.);
#6139 = EDGE_CURVE('',#6132,#6140,#6142,.T.);
#6140 = VERTEX_POINT('',#6141);
#6141 = CARTESIAN_POINT('',(4.04,-3.81,0.254));
#6142 = LINE('',#6143,#6144);
#6143 = CARTESIAN_POINT('',(4.04,-3.556,0.));
#6144 = VECTOR('',#6145,1.);
#6145 = DIRECTION('',(0.,-0.707106781187,0.707106781187));
#6146 = ORIENTED_EDGE('',*,*,#6147,.T.);
#6147 = EDGE_CURVE('',#6140,#6148,#6150,.T.);
#6148 = VERTEX_POINT('',#6149);
#6149 = CARTESIAN_POINT('',(4.04,-4.064,0.));
#6150 = LINE('',#6151,#6152);
#6151 = CARTESIAN_POINT('',(4.04,-3.81,0.254));
#6152 = VECTOR('',#6153,1.);
#6153 = DIRECTION('',(0.,-0.707106781187,-0.707106781187));
#6154 = ORIENTED_EDGE('',*,*,#6155,.T.);
#6155 = EDGE_CURVE('',#6148,#6156,#6158,.T.);
#6156 = VERTEX_POINT('',#6157);
#6157 = CARTESIAN_POINT('',(4.04,-6.096,0.));
#6158 = LINE('',#6159,#6160);
#6159 = CARTESIAN_POINT('',(4.04,-4.064,0.));
#6160 = VECTOR('',#6161,1.);
#6161 = DIRECTION('',(0.,-1.,0.));
#6162 = ORIENTED_EDGE('',*,*,#6163,.T.);
#6163 = EDGE_CURVE('',#6156,#6164,#6166,.T.);
#6164 = VERTEX_POINT('',#6165);
#6165 = CARTESIAN_POINT('',(4.04,-6.35,0.254));
#6166 = LINE('',#6167,#6168);
#6167 = CARTESIAN_POINT('',(4.04,-6.096,0.));
#6168 = VECTOR('',#6169,1.);
#6169 = DIRECTION('',(0.,-0.707106781187,0.707106781187));
#6170 = ORIENTED_EDGE('',*,*,#6171,.T.);
#6171 = EDGE_CURVE('',#6164,#6172,#6174,.T.);
#6172 = VERTEX_POINT('',#6173);
#6173 = CARTESIAN_POINT('',(4.04,-6.604,0.));
#6174 = LINE('',#6175,#6176);
#6175 = CARTESIAN_POINT('',(4.04,-6.35,0.254));
#6176 = VECTOR('',#6177,1.);
#6177 = DIRECTION('',(0.,-0.707106781187,-0.707106781187));
#6178 = ORIENTED_EDGE('',*,*,#6179,.T.);
#6179 = EDGE_CURVE('',#6172,#6180,#6182,.T.);
#6180 = VERTEX_POINT('',#6181);
#6181 = CARTESIAN_POINT('',(4.04,-8.636,0.));
#6182 = LINE('',#6183,#6184);
#6183 = CARTESIAN_POINT('',(4.04,-6.604,0.));
#6184 = VECTOR('',#6185,1.);
#6185 = DIRECTION('',(0.,-1.,0.));
#6186 = ORIENTED_EDGE('',*,*,#6187,.T.);
#6187 = EDGE_CURVE('',#6180,#6188,#6190,.T.);
#6188 = VERTEX_POINT('',#6189);
#6189 = CARTESIAN_POINT('',(4.04,-8.89,0.254));
#6190 = LINE('',#6191,#6192);
#6191 = CARTESIAN_POINT('',(4.04,-8.636,0.));
#6192 = VECTOR('',#6193,1.);
#6193 = DIRECTION('',(0.,-0.707106781187,0.707106781187));
#6194 = ORIENTED_EDGE('',*,*,#6195,.T.);
#6195 = EDGE_CURVE('',#6188,#6196,#6198,.T.);
#6196 = VERTEX_POINT('',#6197);
#6197 = CARTESIAN_POINT('',(4.04,-9.144,0.));
#6198 = LINE('',#6199,#6200);
#6199 = CARTESIAN_POINT('',(4.04,-8.89,0.254));
#6200 = VECTOR('',#6201,1.);
#6201 = DIRECTION('',(0.,-0.707106781187,-0.707106781187));
#6202 = ORIENTED_EDGE('',*,*,#6203,.T.);
#6203 = EDGE_CURVE('',#6196,#6204,#6206,.T.);
#6204 = VERTEX_POINT('',#6205);
#6205 = CARTESIAN_POINT('',(4.04,-11.176,0.));
#6206 = LINE('',#6207,#6208);
#6207 = CARTESIAN_POINT('',(4.04,-9.144,0.));
#6208 = VECTOR('',#6209,1.);
#6209 = DIRECTION('',(0.,-1.,0.));
#6210 = ORIENTED_EDGE('',*,*,#6211,.T.);
#6211 = EDGE_CURVE('',#6204,#6212,#6214,.T.);
#6212 = VERTEX_POINT('',#6213);
#6213 = CARTESIAN_POINT('',(4.04,-11.43,0.254));
#6214 = LINE('',#6215,#6216);
#6215 = CARTESIAN_POINT('',(4.04,-11.176,0.));
#6216 = VECTOR('',#6217,1.);
#6217 = DIRECTION('',(0.,-0.707106781187,0.707106781187));
#6218 = ORIENTED_EDGE('',*,*,#6219,.T.);
#6219 = EDGE_CURVE('',#6212,#6220,#6222,.T.);
#6220 = VERTEX_POINT('',#6221);
#6221 = CARTESIAN_POINT('',(4.04,-11.684,0.));
#6222 = LINE('',#6223,#6224);
#6223 = CARTESIAN_POINT('',(4.04,-11.43,0.254));
#6224 = VECTOR('',#6225,1.);
#6225 = DIRECTION('',(0.,-0.707106781187,-0.707106781187));
#6226 = ORIENTED_EDGE('',*,*,#6227,.T.);
#6227 = EDGE_CURVE('',#6220,#6228,#6230,.T.);
#6228 = VERTEX_POINT('',#6229);
#6229 = CARTESIAN_POINT('',(4.04,-13.716,0.));
#6230 = LINE('',#6231,#6232);
#6231 = CARTESIAN_POINT('',(4.04,-11.684,0.));
#6232 = VECTOR('',#6233,1.);
#6233 = DIRECTION('',(0.,-1.,0.));
#6234 = ORIENTED_EDGE('',*,*,#6235,.T.);
#6235 = EDGE_CURVE('',#6228,#6236,#6238,.T.);
#6236 = VERTEX_POINT('',#6237);
#6237 = CARTESIAN_POINT('',(4.04,-13.97,0.254));
#6238 = LINE('',#6239,#6240);
#6239 = CARTESIAN_POINT('',(4.04,-13.716,0.));
#6240 = VECTOR('',#6241,1.);
#6241 = DIRECTION('',(0.,-0.707106781187,0.707106781187));
#6242 = ORIENTED_EDGE('',*,*,#6243,.T.);
#6243 = EDGE_CURVE('',#6236,#6244,#6246,.T.);
#6244 = VERTEX_POINT('',#6245);
#6245 = CARTESIAN_POINT('',(4.04,-13.97,2.286));
#6246 = LINE('',#6247,#6248);
#6247 = CARTESIAN_POINT('',(4.04,-13.97,0.254));
#6248 = VECTOR('',#6249,1.);
#6249 = DIRECTION('',(0.,0.,1.));
#6250 = ORIENTED_EDGE('',*,*,#6251,.T.);
#6251 = EDGE_CURVE('',#6244,#6252,#6254,.T.);
#6252 = VERTEX_POINT('',#6253);
#6253 = CARTESIAN_POINT('',(4.04,-13.716,2.54));
#6254 = LINE('',#6255,#6256);
#6255 = CARTESIAN_POINT('',(4.04,-13.97,2.286));
#6256 = VECTOR('',#6257,1.);
#6257 = DIRECTION('',(0.,0.707106781187,0.707106781187));
#6258 = ORIENTED_EDGE('',*,*,#6259,.T.);
#6259 = EDGE_CURVE('',#6252,#6260,#6262,.T.);
#6260 = VERTEX_POINT('',#6261);
#6261 = CARTESIAN_POINT('',(4.04,-11.684,2.54));
#6262 = LINE('',#6263,#6264);
#6263 = CARTESIAN_POINT('',(4.04,-13.716,2.54));
#6264 = VECTOR('',#6265,1.);
#6265 = DIRECTION('',(0.,1.,0.));
#6266 = ORIENTED_EDGE('',*,*,#6267,.T.);
#6267 = EDGE_CURVE('',#6260,#6268,#6270,.T.);
#6268 = VERTEX_POINT('',#6269);
#6269 = CARTESIAN_POINT('',(4.04,-11.43,2.286));
#6270 = LINE('',#6271,#6272);
#6271 = CARTESIAN_POINT('',(4.04,-11.684,2.54));
#6272 = VECTOR('',#6273,1.);
#6273 = DIRECTION('',(0.,0.707106781187,-0.707106781187));
#6274 = ORIENTED_EDGE('',*,*,#6275,.T.);
#6275 = EDGE_CURVE('',#6268,#6276,#6278,.T.);
#6276 = VERTEX_POINT('',#6277);
#6277 = CARTESIAN_POINT('',(4.04,-11.176,2.54));
#6278 = LINE('',#6279,#6280);
#6279 = CARTESIAN_POINT('',(4.04,-11.43,2.286));
#6280 = VECTOR('',#6281,1.);
#6281 = DIRECTION('',(0.,0.707106781187,0.707106781187));
#6282 = ORIENTED_EDGE('',*,*,#6283,.T.);
#6283 = EDGE_CURVE('',#6276,#6284,#6286,.T.);
#6284 = VERTEX_POINT('',#6285);
#6285 = CARTESIAN_POINT('',(4.04,-9.144,2.54));
#6286 = LINE('',#6287,#6288);
#6287 = CARTESIAN_POINT('',(4.04,-11.176,2.54));
#6288 = VECTOR('',#6289,1.);
#6289 = DIRECTION('',(0.,1.,0.));
#6290 = ORIENTED_EDGE('',*,*,#6291,.T.);
#6291 = EDGE_CURVE('',#6284,#6292,#6294,.T.);
#6292 = VERTEX_POINT('',#6293);
#6293 = CARTESIAN_POINT('',(4.04,-8.89,2.286));
#6294 = LINE('',#6295,#6296);
#6295 = CARTESIAN_POINT('',(4.04,-9.144,2.54));
#6296 = VECTOR('',#6297,1.);
#6297 = DIRECTION('',(0.,0.707106781187,-0.707106781187));
#6298 = ORIENTED_EDGE('',*,*,#6299,.T.);
#6299 = EDGE_CURVE('',#6292,#6300,#6302,.T.);
#6300 = VERTEX_POINT('',#6301);
#6301 = CARTESIAN_POINT('',(4.04,-8.636,2.54));
#6302 = LINE('',#6303,#6304);
#6303 = CARTESIAN_POINT('',(4.04,-8.89,2.286));
#6304 = VECTOR('',#6305,1.);
#6305 = DIRECTION('',(0.,0.707106781187,0.707106781187));
#6306 = ORIENTED_EDGE('',*,*,#6307,.T.);
#6307 = EDGE_CURVE('',#6300,#6308,#6310,.T.);
#6308 = VERTEX_POINT('',#6309);
#6309 = CARTESIAN_POINT('',(4.04,-6.604,2.54));
#6310 = LINE('',#6311,#6312);
#6311 = CARTESIAN_POINT('',(4.04,-8.636,2.54));
#6312 = VECTOR('',#6313,1.);
#6313 = DIRECTION('',(0.,1.,0.));
#6314 = ORIENTED_EDGE('',*,*,#6315,.T.);
#6315 = EDGE_CURVE('',#6308,#6316,#6318,.T.);
#6316 = VERTEX_POINT('',#6317);
#6317 = CARTESIAN_POINT('',(4.04,-6.35,2.286));
#6318 = LINE('',#6319,#6320);
#6319 = CARTESIAN_POINT('',(4.04,-6.604,2.54));
#6320 = VECTOR('',#6321,1.);
#6321 = DIRECTION('',(0.,0.707106781187,-0.707106781187));
#6322 = ORIENTED_EDGE('',*,*,#6323,.T.);
#6323 = EDGE_CURVE('',#6316,#6324,#6326,.T.);
#6324 = VERTEX_POINT('',#6325);
#6325 = CARTESIAN_POINT('',(4.04,-6.096,2.54));
#6326 = LINE('',#6327,#6328);
#6327 = CARTESIAN_POINT('',(4.04,-6.35,2.286));
#6328 = VECTOR('',#6329,1.);
#6329 = DIRECTION('',(0.,0.707106781187,0.707106781187));
#6330 = ORIENTED_EDGE('',*,*,#6331,.T.);
#6331 = EDGE_CURVE('',#6324,#6332,#6334,.T.);
#6332 = VERTEX_POINT('',#6333);
#6333 = CARTESIAN_POINT('',(4.04,-4.064,2.54));
#6334 = LINE('',#6335,#6336);
#6335 = CARTESIAN_POINT('',(4.04,-6.096,2.54));
#6336 = VECTOR('',#6337,1.);
#6337 = DIRECTION('',(0.,1.,0.));
#6338 = ORIENTED_EDGE('',*,*,#6339,.T.);
#6339 = EDGE_CURVE('',#6332,#6340,#6342,.T.);
#6340 = VERTEX_POINT('',#6341);
#6341 = CARTESIAN_POINT('',(4.04,-3.81,2.286));
#6342 = LINE('',#6343,#6344);
#6343 = CARTESIAN_POINT('',(4.04,-4.064,2.54));
#6344 = VECTOR('',#6345,1.);
#6345 = DIRECTION('',(0.,0.707106781187,-0.707106781187));
#6346 = ORIENTED_EDGE('',*,*,#6347,.T.);
#6347 = EDGE_CURVE('',#6340,#6348,#6350,.T.);
#6348 = VERTEX_POINT('',#6349);
#6349 = CARTESIAN_POINT('',(4.04,-3.556,2.54));
#6350 = LINE('',#6351,#6352);
#6351 = CARTESIAN_POINT('',(4.04,-3.81,2.286));
#6352 = VECTOR('',#6353,1.);
#6353 = DIRECTION('',(0.,0.707106781187,0.707106781187));
#6354 = ORIENTED_EDGE('',*,*,#6355,.T.);
#6355 = EDGE_CURVE('',#6348,#6356,#6358,.T.);
#6356 = VERTEX_POINT('',#6357);
#6357 = CARTESIAN_POINT('',(4.04,-1.524,2.54));
#6358 = LINE('',#6359,#6360);
#6359 = CARTESIAN_POINT('',(4.04,-3.556,2.54));
#6360 = VECTOR('',#6361,1.);
#6361 = DIRECTION('',(0.,1.,0.));
#6362 = ORIENTED_EDGE('',*,*,#6363,.T.);
#6363 = EDGE_CURVE('',#6356,#6364,#6366,.T.);
#6364 = VERTEX_POINT('',#6365);
#6365 = CARTESIAN_POINT('',(4.04,-1.27,2.286));
#6366 = LINE('',#6367,#6368);
#6367 = CARTESIAN_POINT('',(4.04,-1.524,2.54));
#6368 = VECTOR('',#6369,1.);
#6369 = DIRECTION('',(0.,0.707106781187,-0.707106781187));
#6370 = ORIENTED_EDGE('',*,*,#6371,.T.);
#6371 = EDGE_CURVE('',#6364,#6372,#6374,.T.);
#6372 = VERTEX_POINT('',#6373);
#6373 = CARTESIAN_POINT('',(4.04,-1.016,2.54));
#6374 = LINE('',#6375,#6376);
#6375 = CARTESIAN_POINT('',(4.04,-1.27,2.286));
#6376 = VECTOR('',#6377,1.);
#6377 = DIRECTION('',(0.,0.707106781187,0.707106781187));
#6378 = ORIENTED_EDGE('',*,*,#6379,.T.);
#6379 = EDGE_CURVE('',#6372,#6380,#6382,.T.);
#6380 = VERTEX_POINT('',#6381);
#6381 = CARTESIAN_POINT('',(4.04,1.016,2.54));
#6382 = LINE('',#6383,#6384);
#6383 = CARTESIAN_POINT('',(4.04,-1.016,2.54));
#6384 = VECTOR('',#6385,1.);
#6385 = DIRECTION('',(0.,1.,0.));
#6386 = ORIENTED_EDGE('',*,*,#6387,.T.);
#6387 = EDGE_CURVE('',#6380,#5561,#6388,.T.);
#6388 = LINE('',#6389,#6390);
#6389 = CARTESIAN_POINT('',(4.04,1.016,2.54));
#6390 = VECTOR('',#6391,1.);
#6391 = DIRECTION('',(0.,0.707106781187,-0.707106781187));
#6392 = ORIENTED_EDGE('',*,*,#5568,.T.);
#6393 = FACE_BOUND('',#6394,.F.);
#6394 = EDGE_LOOP('',(#6395,#6405,#6413,#6421));
#6395 = ORIENTED_EDGE('',*,*,#6396,.F.);
#6396 = EDGE_CURVE('',#6397,#6399,#6401,.T.);
#6397 = VERTEX_POINT('',#6398);
#6398 = CARTESIAN_POINT('',(4.04,-5.4,1.59));
#6399 = VERTEX_POINT('',#6400);
#6400 = CARTESIAN_POINT('',(4.04,-4.76,1.59));
#6401 = LINE('',#6402,#6403);
#6402 = CARTESIAN_POINT('',(4.04,-5.555,1.59));
#6403 = VECTOR('',#6404,1.);
#6404 = DIRECTION('',(-1.757937001438E-31,1.,-3.767764739067E-48));
#6405 = ORIENTED_EDGE('',*,*,#6406,.T.);
#6406 = EDGE_CURVE('',#6397,#6407,#6409,.T.);
#6407 = VERTEX_POINT('',#6408);
#6408 = CARTESIAN_POINT('',(4.04,-5.4,0.95));
#6409 = LINE('',#6410,#6411);
#6410 = CARTESIAN_POINT('',(4.04,-5.4,0.924540133779));
#6411 = VECTOR('',#6412,1.);
#6412 = DIRECTION('',(-4.851850855128E-31,6.630961875715E-34,-1.));
#6413 = ORIENTED_EDGE('',*,*,#6414,.F.);
#6414 = EDGE_CURVE('',#6415,#6407,#6417,.T.);
#6415 = VERTEX_POINT('',#6416);
#6416 = CARTESIAN_POINT('',(4.04,-4.76,0.95));
#6417 = LINE('',#6418,#6419);
#6418 = CARTESIAN_POINT('',(4.04,-5.555,0.95));
#6419 = VECTOR('',#6420,1.);
#6420 = DIRECTION('',(1.757937001438E-31,-1.,0.));
#6421 = ORIENTED_EDGE('',*,*,#6422,.F.);
#6422 = EDGE_CURVE('',#6399,#6415,#6423,.T.);
#6423 = LINE('',#6424,#6425);
#6424 = CARTESIAN_POINT('',(4.04,-4.76,0.924540133779));
#6425 = VECTOR('',#6426,1.);
#6426 = DIRECTION('',(-4.851850855128E-31,6.630961875715E-34,-1.));
#6427 = FACE_BOUND('',#6428,.F.);
#6428 = EDGE_LOOP('',(#6429,#6439,#6447,#6455));
#6429 = ORIENTED_EDGE('',*,*,#6430,.F.);
#6430 = EDGE_CURVE('',#6431,#6433,#6435,.T.);
#6431 = VERTEX_POINT('',#6432);
#6432 = CARTESIAN_POINT('',(4.04,-7.94,1.59));
#6433 = VERTEX_POINT('',#6434);
#6434 = CARTESIAN_POINT('',(4.04,-7.3,1.59));
#6435 = LINE('',#6436,#6437);
#6436 = CARTESIAN_POINT('',(4.04,-6.825,1.59));
#6437 = VECTOR('',#6438,1.);
#6438 = DIRECTION('',(-1.757937001438E-31,1.,-3.767764739067E-48));
#6439 = ORIENTED_EDGE('',*,*,#6440,.T.);
#6440 = EDGE_CURVE('',#6431,#6441,#6443,.T.);
#6441 = VERTEX_POINT('',#6442);
#6442 = CARTESIAN_POINT('',(4.04,-7.94,0.95));
#6443 = LINE('',#6444,#6445);
#6444 = CARTESIAN_POINT('',(4.04,-7.94,0.924540133779));
#6445 = VECTOR('',#6446,1.);
#6446 = DIRECTION('',(-4.851850855128E-31,6.630961875715E-34,-1.));
#6447 = ORIENTED_EDGE('',*,*,#6448,.F.);
#6448 = EDGE_CURVE('',#6449,#6441,#6451,.T.);
#6449 = VERTEX_POINT('',#6450);
#6450 = CARTESIAN_POINT('',(4.04,-7.3,0.95));
#6451 = LINE('',#6452,#6453);
#6452 = CARTESIAN_POINT('',(4.04,-6.825,0.95));
#6453 = VECTOR('',#6454,1.);
#6454 = DIRECTION('',(1.757937001438E-31,-1.,0.));
#6455 = ORIENTED_EDGE('',*,*,#6456,.F.);
#6456 = EDGE_CURVE('',#6433,#6449,#6457,.T.);
#6457 = LINE('',#6458,#6459);
#6458 = CARTESIAN_POINT('',(4.04,-7.3,0.924540133779));
#6459 = VECTOR('',#6460,1.);
#6460 = DIRECTION('',(-4.851850855128E-31,6.630961875715E-34,-1.));
#6461 = FACE_BOUND('',#6462,.F.);
#6462 = EDGE_LOOP('',(#6463,#6473,#6481,#6489));
#6463 = ORIENTED_EDGE('',*,*,#6464,.F.);
#6464 = EDGE_CURVE('',#6465,#6467,#6469,.T.);
#6465 = VERTEX_POINT('',#6466);
#6466 = CARTESIAN_POINT('',(4.04,-12.38,1.59));
#6467 = VERTEX_POINT('',#6468);
#6468 = CARTESIAN_POINT('',(4.04,-12.38,0.95));
#6469 = LINE('',#6470,#6471);
#6470 = CARTESIAN_POINT('',(4.04,-12.38,0.924540133779));
#6471 = VECTOR('',#6472,1.);
#6472 = DIRECTION('',(-4.851850855128E-31,6.630961875715E-34,-1.));
#6473 = ORIENTED_EDGE('',*,*,#6474,.F.);
#6474 = EDGE_CURVE('',#6475,#6465,#6477,.T.);
#6475 = VERTEX_POINT('',#6476);
#6476 = CARTESIAN_POINT('',(4.04,-13.02,1.59));
#6477 = LINE('',#6478,#6479);
#6478 = CARTESIAN_POINT('',(4.04,-9.365,1.59));
#6479 = VECTOR('',#6480,1.);
#6480 = DIRECTION('',(-1.757937001438E-31,1.,-3.767764739067E-48));
#6481 = ORIENTED_EDGE('',*,*,#6482,.T.);
#6482 = EDGE_CURVE('',#6475,#6483,#6485,.T.);
#6483 = VERTEX_POINT('',#6484);
#6484 = CARTESIAN_POINT('',(4.04,-13.02,0.95));
#6485 = LINE('',#6486,#6487);
#6486 = CARTESIAN_POINT('',(4.04,-13.02,0.924540133779));
#6487 = VECTOR('',#6488,1.);
#6488 = DIRECTION('',(-4.851850855128E-31,6.630961875715E-34,-1.));
#6489 = ORIENTED_EDGE('',*,*,#6490,.F.);
#6490 = EDGE_CURVE('',#6467,#6483,#6491,.T.);
#6491 = LINE('',#6492,#6493);
#6492 = CARTESIAN_POINT('',(4.04,-9.365,0.95));
#6493 = VECTOR('',#6494,1.);
#6494 = DIRECTION('',(1.757937001438E-31,-1.,0.));
#6495 = FACE_BOUND('',#6496,.F.);
#6496 = EDGE_LOOP('',(#6497,#6507,#6515,#6523));
#6497 = ORIENTED_EDGE('',*,*,#6498,.F.);
#6498 = EDGE_CURVE('',#6499,#6501,#6503,.T.);
#6499 = VERTEX_POINT('',#6500);
#6500 = CARTESIAN_POINT('',(4.04,-10.48,1.59));
#6501 = VERTEX_POINT('',#6502);
#6502 = CARTESIAN_POINT('',(4.04,-9.84,1.59));
#6503 = LINE('',#6504,#6505);
#6504 = CARTESIAN_POINT('',(4.04,-8.095,1.59));
#6505 = VECTOR('',#6506,1.);
#6506 = DIRECTION('',(-1.757937001438E-31,1.,-3.767764739067E-48));
#6507 = ORIENTED_EDGE('',*,*,#6508,.T.);
#6508 = EDGE_CURVE('',#6499,#6509,#6511,.T.);
#6509 = VERTEX_POINT('',#6510);
#6510 = CARTESIAN_POINT('',(4.04,-10.48,0.95));
#6511 = LINE('',#6512,#6513);
#6512 = CARTESIAN_POINT('',(4.04,-10.48,0.924540133779));
#6513 = VECTOR('',#6514,1.);
#6514 = DIRECTION('',(-4.851850855128E-31,6.630961875715E-34,-1.));
#6515 = ORIENTED_EDGE('',*,*,#6516,.F.);
#6516 = EDGE_CURVE('',#6517,#6509,#6519,.T.);
#6517 = VERTEX_POINT('',#6518);
#6518 = CARTESIAN_POINT('',(4.04,-9.84,0.95));
#6519 = LINE('',#6520,#6521);
#6520 = CARTESIAN_POINT('',(4.04,-8.095,0.95));
#6521 = VECTOR('',#6522,1.);
#6522 = DIRECTION('',(1.757937001438E-31,-1.,0.));
#6523 = ORIENTED_EDGE('',*,*,#6524,.F.);
#6524 = EDGE_CURVE('',#6501,#6517,#6525,.T.);
#6525 = LINE('',#6526,#6527);
#6526 = CARTESIAN_POINT('',(4.04,-9.84,0.924540133779));
#6527 = VECTOR('',#6528,1.);
#6528 = DIRECTION('',(-4.851850855128E-31,6.630961875715E-34,-1.));
#6529 = FACE_BOUND('',#6530,.F.);
#6530 = EDGE_LOOP('',(#6531,#6541,#6549,#6557));
#6531 = ORIENTED_EDGE('',*,*,#6532,.F.);
#6532 = EDGE_CURVE('',#6533,#6535,#6537,.T.);
#6533 = VERTEX_POINT('',#6534);
#6534 = CARTESIAN_POINT('',(4.04,-2.86,1.59));
#6535 = VERTEX_POINT('',#6536);
#6536 = CARTESIAN_POINT('',(4.04,-2.22,1.59));
#6537 = LINE('',#6538,#6539);
#6538 = CARTESIAN_POINT('',(4.04,-4.285,1.59));
#6539 = VECTOR('',#6540,1.);
#6540 = DIRECTION('',(-1.757937001438E-31,1.,-3.767764739067E-48));
#6541 = ORIENTED_EDGE('',*,*,#6542,.T.);
#6542 = EDGE_CURVE('',#6533,#6543,#6545,.T.);
#6543 = VERTEX_POINT('',#6544);
#6544 = CARTESIAN_POINT('',(4.04,-2.86,0.95));
#6545 = LINE('',#6546,#6547);
#6546 = CARTESIAN_POINT('',(4.04,-2.86,0.924540133779));
#6547 = VECTOR('',#6548,1.);
#6548 = DIRECTION('',(-4.851850855128E-31,6.630961875715E-34,-1.));
#6549 = ORIENTED_EDGE('',*,*,#6550,.F.);
#6550 = EDGE_CURVE('',#6551,#6543,#6553,.T.);
#6551 = VERTEX_POINT('',#6552);
#6552 = CARTESIAN_POINT('',(4.04,-2.22,0.95));
#6553 = LINE('',#6554,#6555);
#6554 = CARTESIAN_POINT('',(4.04,-4.285,0.95));
#6555 = VECTOR('',#6556,1.);
#6556 = DIRECTION('',(1.757937001438E-31,-1.,0.));
#6557 = ORIENTED_EDGE('',*,*,#6558,.F.);
#6558 = EDGE_CURVE('',#6535,#6551,#6559,.T.);
#6559 = LINE('',#6560,#6561);
#6560 = CARTESIAN_POINT('',(4.04,-2.22,0.924540133779));
#6561 = VECTOR('',#6562,1.);
#6562 = DIRECTION('',(-4.851850855128E-31,6.630961875715E-34,-1.));
#6563 = FACE_BOUND('',#6564,.F.);
#6564 = EDGE_LOOP('',(#6565,#6575,#6583,#6591));
#6565 = ORIENTED_EDGE('',*,*,#6566,.F.);
#6566 = EDGE_CURVE('',#6567,#6569,#6571,.T.);
#6567 = VERTEX_POINT('',#6568);
#6568 = CARTESIAN_POINT('',(4.04,-0.32,1.59));
#6569 = VERTEX_POINT('',#6570);
#6570 = CARTESIAN_POINT('',(4.04,0.32,1.59));
#6571 = LINE('',#6572,#6573);
#6572 = CARTESIAN_POINT('',(4.04,-3.015,1.59));
#6573 = VECTOR('',#6574,1.);
#6574 = DIRECTION('',(-1.757937001438E-31,1.,-3.767764739067E-48));
#6575 = ORIENTED_EDGE('',*,*,#6576,.T.);
#6576 = EDGE_CURVE('',#6567,#6577,#6579,.T.);
#6577 = VERTEX_POINT('',#6578);
#6578 = CARTESIAN_POINT('',(4.04,-0.32,0.95));
#6579 = LINE('',#6580,#6581);
#6580 = CARTESIAN_POINT('',(4.04,-0.32,0.924540133779));
#6581 = VECTOR('',#6582,1.);
#6582 = DIRECTION('',(-4.851850855128E-31,6.630961875715E-34,-1.));
#6583 = ORIENTED_EDGE('',*,*,#6584,.F.);
#6584 = EDGE_CURVE('',#6585,#6577,#6587,.T.);
#6585 = VERTEX_POINT('',#6586);
#6586 = CARTESIAN_POINT('',(4.04,0.32,0.95));
#6587 = LINE('',#6588,#6589);
#6588 = CARTESIAN_POINT('',(4.04,-3.015,0.95));
#6589 = VECTOR('',#6590,1.);
#6590 = DIRECTION('',(1.757937001438E-31,-1.,0.));
#6591 = ORIENTED_EDGE('',*,*,#6592,.F.);
#6592 = EDGE_CURVE('',#6569,#6585,#6593,.T.);
#6593 = LINE('',#6594,#6595);
#6594 = CARTESIAN_POINT('',(4.04,0.32,0.924540133779));
#6595 = VECTOR('',#6596,1.);
#6596 = DIRECTION('',(-4.851850855128E-31,6.630961875715E-34,-1.));
#6597 = PLANE('',#6598);
#6598 = AXIS2_PLACEMENT_3D('',#6599,#6600,#6601);
#6599 = CARTESIAN_POINT('',(4.04,-6.35,1.27));
#6600 = DIRECTION('',(-1.,-1.757937001438E-31,4.851850855128E-31));
#6601 = DIRECTION('',(-4.851850855128E-31,3.711337935421E-78,-1.));
#6602 = ADVANCED_FACE('',(#6603),#6614,.T.);
#6603 = FACE_BOUND('',#6604,.T.);
#6604 = EDGE_LOOP('',(#6605,#6611,#6612,#6613));
#6605 = ORIENTED_EDGE('',*,*,#6606,.T.);
#6606 = EDGE_CURVE('',#5887,#6380,#6607,.T.);
#6607 = LINE('',#6608,#6609);
#6608 = CARTESIAN_POINT('',(1.5,1.016,2.54));
#6609 = VECTOR('',#6610,1.);
#6610 = DIRECTION('',(1.,0.,0.));
#6611 = ORIENTED_EDGE('',*,*,#6387,.T.);
#6612 = ORIENTED_EDGE('',*,*,#5558,.F.);
#6613 = ORIENTED_EDGE('',*,*,#5894,.F.);
#6614 = PLANE('',#6615);
#6615 = AXIS2_PLACEMENT_3D('',#6616,#6617,#6618);
#6616 = CARTESIAN_POINT('',(1.5,1.016,2.54));
#6617 = DIRECTION('',(0.,0.707106781187,0.707106781187));
#6618 = DIRECTION('',(0.,0.707106781187,-0.707106781187));
#6619 = ADVANCED_FACE('',(#6620),#6631,.T.);
#6620 = FACE_BOUND('',#6621,.T.);
#6621 = EDGE_LOOP('',(#6622,#6623,#6624,#6630));
#6622 = ORIENTED_EDGE('',*,*,#5598,.T.);
#6623 = ORIENTED_EDGE('',*,*,#6115,.T.);
#6624 = ORIENTED_EDGE('',*,*,#6625,.F.);
#6625 = EDGE_CURVE('',#5623,#6116,#6626,.T.);
#6626 = LINE('',#6627,#6628);
#6627 = CARTESIAN_POINT('',(1.5,-1.27,0.254));
#6628 = VECTOR('',#6629,1.);
#6629 = DIRECTION('',(1.,0.,0.));
#6630 = ORIENTED_EDGE('',*,*,#5622,.F.);
#6631 = PLANE('',#6632);
#6632 = AXIS2_PLACEMENT_3D('',#6633,#6634,#6635);
#6633 = CARTESIAN_POINT('',(1.5,-1.016,0.));
#6634 = DIRECTION('',(-0.,-0.707106781187,-0.707106781187));
#6635 = DIRECTION('',(0.,-0.707106781187,0.707106781187));
#6636 = ADVANCED_FACE('',(#6637),#6648,.T.);
#6637 = FACE_BOUND('',#6638,.T.);
#6638 = EDGE_LOOP('',(#6639,#6645,#6646,#6647));
#6639 = ORIENTED_EDGE('',*,*,#6640,.T.);
#6640 = EDGE_CURVE('',#5879,#6372,#6641,.T.);
#6641 = LINE('',#6642,#6643);
#6642 = CARTESIAN_POINT('',(1.5,-1.016,2.54));
#6643 = VECTOR('',#6644,1.);
#6644 = DIRECTION('',(1.,0.,0.));
#6645 = ORIENTED_EDGE('',*,*,#6379,.T.);
#6646 = ORIENTED_EDGE('',*,*,#6606,.F.);
#6647 = ORIENTED_EDGE('',*,*,#5886,.F.);
#6648 = PLANE('',#6649);
#6649 = AXIS2_PLACEMENT_3D('',#6650,#6651,#6652);
#6650 = CARTESIAN_POINT('',(1.5,-1.016,2.54));
#6651 = DIRECTION('',(0.,0.,1.));
#6652 = DIRECTION('',(0.,1.,0.));
#6653 = ADVANCED_FACE('',(#6654),#6665,.T.);
#6654 = FACE_BOUND('',#6655,.T.);
#6655 = EDGE_LOOP('',(#6656,#6657,#6658,#6664));
#6656 = ORIENTED_EDGE('',*,*,#6625,.T.);
#6657 = ORIENTED_EDGE('',*,*,#6123,.T.);
#6658 = ORIENTED_EDGE('',*,*,#6659,.F.);
#6659 = EDGE_CURVE('',#5631,#6124,#6660,.T.);
#6660 = LINE('',#6661,#6662);
#6661 = CARTESIAN_POINT('',(1.5,-1.524,0.));
#6662 = VECTOR('',#6663,1.);
#6663 = DIRECTION('',(1.,0.,0.));
#6664 = ORIENTED_EDGE('',*,*,#5630,.F.);
#6665 = PLANE('',#6666);
#6666 = AXIS2_PLACEMENT_3D('',#6667,#6668,#6669);
#6667 = CARTESIAN_POINT('',(1.5,-1.27,0.254));
#6668 = DIRECTION('',(0.,0.707106781187,-0.707106781187));
#6669 = DIRECTION('',(0.,-0.707106781187,-0.707106781187));
#6670 = ADVANCED_FACE('',(#6671),#6682,.T.);
#6671 = FACE_BOUND('',#6672,.T.);
#6672 = EDGE_LOOP('',(#6673,#6679,#6680,#6681));
#6673 = ORIENTED_EDGE('',*,*,#6674,.T.);
#6674 = EDGE_CURVE('',#5871,#6364,#6675,.T.);
#6675 = LINE('',#6676,#6677);
#6676 = CARTESIAN_POINT('',(1.5,-1.27,2.286));
#6677 = VECTOR('',#6678,1.);
#6678 = DIRECTION('',(1.,0.,0.));
#6679 = ORIENTED_EDGE('',*,*,#6371,.T.);
#6680 = ORIENTED_EDGE('',*,*,#6640,.F.);
#6681 = ORIENTED_EDGE('',*,*,#5878,.F.);
#6682 = PLANE('',#6683);
#6683 = AXIS2_PLACEMENT_3D('',#6684,#6685,#6686);
#6684 = CARTESIAN_POINT('',(1.5,-1.27,2.286));
#6685 = DIRECTION('',(0.,-0.707106781187,0.707106781187));
#6686 = DIRECTION('',(0.,0.707106781187,0.707106781187));
#6687 = ADVANCED_FACE('',(#6688),#6699,.T.);
#6688 = FACE_BOUND('',#6689,.T.);
#6689 = EDGE_LOOP('',(#6690,#6691,#6692,#6698));
#6690 = ORIENTED_EDGE('',*,*,#6659,.T.);
#6691 = ORIENTED_EDGE('',*,*,#6131,.T.);
#6692 = ORIENTED_EDGE('',*,*,#6693,.F.);
#6693 = EDGE_CURVE('',#5639,#6132,#6694,.T.);
#6694 = LINE('',#6695,#6696);
#6695 = CARTESIAN_POINT('',(1.5,-3.556,0.));
#6696 = VECTOR('',#6697,1.);
#6697 = DIRECTION('',(1.,0.,0.));
#6698 = ORIENTED_EDGE('',*,*,#5638,.F.);
#6699 = PLANE('',#6700);
#6700 = AXIS2_PLACEMENT_3D('',#6701,#6702,#6703);
#6701 = CARTESIAN_POINT('',(1.5,-1.524,0.));
#6702 = DIRECTION('',(-0.,-0.,-1.));
#6703 = DIRECTION('',(0.,-1.,0.));
#6704 = ADVANCED_FACE('',(#6705),#6716,.T.);
#6705 = FACE_BOUND('',#6706,.T.);
#6706 = EDGE_LOOP('',(#6707,#6713,#6714,#6715));
#6707 = ORIENTED_EDGE('',*,*,#6708,.T.);
#6708 = EDGE_CURVE('',#5863,#6356,#6709,.T.);
#6709 = LINE('',#6710,#6711);
#6710 = CARTESIAN_POINT('',(1.5,-1.524,2.54));
#6711 = VECTOR('',#6712,1.);
#6712 = DIRECTION('',(1.,0.,0.));
#6713 = ORIENTED_EDGE('',*,*,#6363,.T.);
#6714 = ORIENTED_EDGE('',*,*,#6674,.F.);
#6715 = ORIENTED_EDGE('',*,*,#5870,.F.);
#6716 = PLANE('',#6717);
#6717 = AXIS2_PLACEMENT_3D('',#6718,#6719,#6720);
#6718 = CARTESIAN_POINT('',(1.5,-1.524,2.54));
#6719 = DIRECTION('',(0.,0.707106781187,0.707106781187));
#6720 = DIRECTION('',(0.,0.707106781187,-0.707106781187));
#6721 = ADVANCED_FACE('',(#6722),#6733,.T.);
#6722 = FACE_BOUND('',#6723,.T.);
#6723 = EDGE_LOOP('',(#6724,#6725,#6726,#6732));
#6724 = ORIENTED_EDGE('',*,*,#6693,.T.);
#6725 = ORIENTED_EDGE('',*,*,#6139,.T.);
#6726 = ORIENTED_EDGE('',*,*,#6727,.F.);
#6727 = EDGE_CURVE('',#5647,#6140,#6728,.T.);
#6728 = LINE('',#6729,#6730);
#6729 = CARTESIAN_POINT('',(1.5,-3.81,0.254));
#6730 = VECTOR('',#6731,1.);
#6731 = DIRECTION('',(1.,0.,0.));
#6732 = ORIENTED_EDGE('',*,*,#5646,.F.);
#6733 = PLANE('',#6734);
#6734 = AXIS2_PLACEMENT_3D('',#6735,#6736,#6737);
#6735 = CARTESIAN_POINT('',(1.5,-3.556,0.));
#6736 = DIRECTION('',(-0.,-0.707106781187,-0.707106781187));
#6737 = DIRECTION('',(0.,-0.707106781187,0.707106781187));
#6738 = ADVANCED_FACE('',(#6739),#6750,.T.);
#6739 = FACE_BOUND('',#6740,.T.);
#6740 = EDGE_LOOP('',(#6741,#6747,#6748,#6749));
#6741 = ORIENTED_EDGE('',*,*,#6742,.T.);
#6742 = EDGE_CURVE('',#5855,#6348,#6743,.T.);
#6743 = LINE('',#6744,#6745);
#6744 = CARTESIAN_POINT('',(1.5,-3.556,2.54));
#6745 = VECTOR('',#6746,1.);
#6746 = DIRECTION('',(1.,0.,0.));
#6747 = ORIENTED_EDGE('',*,*,#6355,.T.);
#6748 = ORIENTED_EDGE('',*,*,#6708,.F.);
#6749 = ORIENTED_EDGE('',*,*,#5862,.F.);
#6750 = PLANE('',#6751);
#6751 = AXIS2_PLACEMENT_3D('',#6752,#6753,#6754);
#6752 = CARTESIAN_POINT('',(1.5,-3.556,2.54));
#6753 = DIRECTION('',(0.,0.,1.));
#6754 = DIRECTION('',(0.,1.,0.));
#6755 = ADVANCED_FACE('',(#6756),#6767,.T.);
#6756 = FACE_BOUND('',#6757,.T.);
#6757 = EDGE_LOOP('',(#6758,#6759,#6760,#6766));
#6758 = ORIENTED_EDGE('',*,*,#6727,.T.);
#6759 = ORIENTED_EDGE('',*,*,#6147,.T.);
#6760 = ORIENTED_EDGE('',*,*,#6761,.F.);
#6761 = EDGE_CURVE('',#5655,#6148,#6762,.T.);
#6762 = LINE('',#6763,#6764);
#6763 = CARTESIAN_POINT('',(1.5,-4.064,0.));
#6764 = VECTOR('',#6765,1.);
#6765 = DIRECTION('',(1.,0.,0.));
#6766 = ORIENTED_EDGE('',*,*,#5654,.F.);
#6767 = PLANE('',#6768);
#6768 = AXIS2_PLACEMENT_3D('',#6769,#6770,#6771);
#6769 = CARTESIAN_POINT('',(1.5,-3.81,0.254));
#6770 = DIRECTION('',(0.,0.707106781187,-0.707106781187));
#6771 = DIRECTION('',(0.,-0.707106781187,-0.707106781187));
#6772 = ADVANCED_FACE('',(#6773),#6784,.T.);
#6773 = FACE_BOUND('',#6774,.T.);
#6774 = EDGE_LOOP('',(#6775,#6781,#6782,#6783));
#6775 = ORIENTED_EDGE('',*,*,#6776,.T.);
#6776 = EDGE_CURVE('',#5847,#6340,#6777,.T.);
#6777 = LINE('',#6778,#6779);
#6778 = CARTESIAN_POINT('',(1.5,-3.81,2.286));
#6779 = VECTOR('',#6780,1.);
#6780 = DIRECTION('',(1.,0.,0.));
#6781 = ORIENTED_EDGE('',*,*,#6347,.T.);
#6782 = ORIENTED_EDGE('',*,*,#6742,.F.);
#6783 = ORIENTED_EDGE('',*,*,#5854,.F.);
#6784 = PLANE('',#6785);
#6785 = AXIS2_PLACEMENT_3D('',#6786,#6787,#6788);
#6786 = CARTESIAN_POINT('',(1.5,-3.81,2.286));
#6787 = DIRECTION('',(0.,-0.707106781187,0.707106781187));
#6788 = DIRECTION('',(0.,0.707106781187,0.707106781187));
#6789 = ADVANCED_FACE('',(#6790),#6801,.T.);
#6790 = FACE_BOUND('',#6791,.T.);
#6791 = EDGE_LOOP('',(#6792,#6793,#6794,#6800));
#6792 = ORIENTED_EDGE('',*,*,#6761,.T.);
#6793 = ORIENTED_EDGE('',*,*,#6155,.T.);
#6794 = ORIENTED_EDGE('',*,*,#6795,.F.);
#6795 = EDGE_CURVE('',#5663,#6156,#6796,.T.);
#6796 = LINE('',#6797,#6798);
#6797 = CARTESIAN_POINT('',(1.5,-6.096,0.));
#6798 = VECTOR('',#6799,1.);
#6799 = DIRECTION('',(1.,0.,0.));
#6800 = ORIENTED_EDGE('',*,*,#5662,.F.);
#6801 = PLANE('',#6802);
#6802 = AXIS2_PLACEMENT_3D('',#6803,#6804,#6805);
#6803 = CARTESIAN_POINT('',(1.5,-4.064,0.));
#6804 = DIRECTION('',(-0.,-0.,-1.));
#6805 = DIRECTION('',(0.,-1.,0.));
#6806 = ADVANCED_FACE('',(#6807),#6818,.T.);
#6807 = FACE_BOUND('',#6808,.T.);
#6808 = EDGE_LOOP('',(#6809,#6815,#6816,#6817));
#6809 = ORIENTED_EDGE('',*,*,#6810,.T.);
#6810 = EDGE_CURVE('',#5839,#6332,#6811,.T.);
#6811 = LINE('',#6812,#6813);
#6812 = CARTESIAN_POINT('',(1.5,-4.064,2.54));
#6813 = VECTOR('',#6814,1.);
#6814 = DIRECTION('',(1.,0.,0.));
#6815 = ORIENTED_EDGE('',*,*,#6339,.T.);
#6816 = ORIENTED_EDGE('',*,*,#6776,.F.);
#6817 = ORIENTED_EDGE('',*,*,#5846,.F.);
#6818 = PLANE('',#6819);
#6819 = AXIS2_PLACEMENT_3D('',#6820,#6821,#6822);
#6820 = CARTESIAN_POINT('',(1.5,-4.064,2.54));
#6821 = DIRECTION('',(0.,0.707106781187,0.707106781187));
#6822 = DIRECTION('',(0.,0.707106781187,-0.707106781187));
#6823 = ADVANCED_FACE('',(#6824),#6835,.T.);
#6824 = FACE_BOUND('',#6825,.T.);
#6825 = EDGE_LOOP('',(#6826,#6827,#6828,#6834));
#6826 = ORIENTED_EDGE('',*,*,#6795,.T.);
#6827 = ORIENTED_EDGE('',*,*,#6163,.T.);
#6828 = ORIENTED_EDGE('',*,*,#6829,.F.);
#6829 = EDGE_CURVE('',#5671,#6164,#6830,.T.);
#6830 = LINE('',#6831,#6832);
#6831 = CARTESIAN_POINT('',(1.5,-6.35,0.254));
#6832 = VECTOR('',#6833,1.);
#6833 = DIRECTION('',(1.,0.,0.));
#6834 = ORIENTED_EDGE('',*,*,#5670,.F.);
#6835 = PLANE('',#6836);
#6836 = AXIS2_PLACEMENT_3D('',#6837,#6838,#6839);
#6837 = CARTESIAN_POINT('',(1.5,-6.096,0.));
#6838 = DIRECTION('',(-0.,-0.707106781187,-0.707106781187));
#6839 = DIRECTION('',(0.,-0.707106781187,0.707106781187));
#6840 = ADVANCED_FACE('',(#6841),#6852,.T.);
#6841 = FACE_BOUND('',#6842,.T.);
#6842 = EDGE_LOOP('',(#6843,#6849,#6850,#6851));
#6843 = ORIENTED_EDGE('',*,*,#6844,.T.);
#6844 = EDGE_CURVE('',#5831,#6324,#6845,.T.);
#6845 = LINE('',#6846,#6847);
#6846 = CARTESIAN_POINT('',(1.5,-6.096,2.54));
#6847 = VECTOR('',#6848,1.);
#6848 = DIRECTION('',(1.,0.,0.));
#6849 = ORIENTED_EDGE('',*,*,#6331,.T.);
#6850 = ORIENTED_EDGE('',*,*,#6810,.F.);
#6851 = ORIENTED_EDGE('',*,*,#5838,.F.);
#6852 = PLANE('',#6853);
#6853 = AXIS2_PLACEMENT_3D('',#6854,#6855,#6856);
#6854 = CARTESIAN_POINT('',(1.5,-6.096,2.54));
#6855 = DIRECTION('',(0.,0.,1.));
#6856 = DIRECTION('',(0.,1.,0.));
#6857 = ADVANCED_FACE('',(#6858),#6869,.T.);
#6858 = FACE_BOUND('',#6859,.T.);
#6859 = EDGE_LOOP('',(#6860,#6861,#6862,#6868));
#6860 = ORIENTED_EDGE('',*,*,#6829,.T.);
#6861 = ORIENTED_EDGE('',*,*,#6171,.T.);
#6862 = ORIENTED_EDGE('',*,*,#6863,.F.);
#6863 = EDGE_CURVE('',#5679,#6172,#6864,.T.);
#6864 = LINE('',#6865,#6866);
#6865 = CARTESIAN_POINT('',(1.5,-6.604,0.));
#6866 = VECTOR('',#6867,1.);
#6867 = DIRECTION('',(1.,0.,0.));
#6868 = ORIENTED_EDGE('',*,*,#5678,.F.);
#6869 = PLANE('',#6870);
#6870 = AXIS2_PLACEMENT_3D('',#6871,#6872,#6873);
#6871 = CARTESIAN_POINT('',(1.5,-6.35,0.254));
#6872 = DIRECTION('',(0.,0.707106781187,-0.707106781187));
#6873 = DIRECTION('',(0.,-0.707106781187,-0.707106781187));
#6874 = ADVANCED_FACE('',(#6875),#6886,.T.);
#6875 = FACE_BOUND('',#6876,.T.);
#6876 = EDGE_LOOP('',(#6877,#6883,#6884,#6885));
#6877 = ORIENTED_EDGE('',*,*,#6878,.T.);
#6878 = EDGE_CURVE('',#5823,#6316,#6879,.T.);
#6879 = LINE('',#6880,#6881);
#6880 = CARTESIAN_POINT('',(1.5,-6.35,2.286));
#6881 = VECTOR('',#6882,1.);
#6882 = DIRECTION('',(1.,0.,0.));
#6883 = ORIENTED_EDGE('',*,*,#6323,.T.);
#6884 = ORIENTED_EDGE('',*,*,#6844,.F.);
#6885 = ORIENTED_EDGE('',*,*,#5830,.F.);
#6886 = PLANE('',#6887);
#6887 = AXIS2_PLACEMENT_3D('',#6888,#6889,#6890);
#6888 = CARTESIAN_POINT('',(1.5,-6.35,2.286));
#6889 = DIRECTION('',(0.,-0.707106781187,0.707106781187));
#6890 = DIRECTION('',(0.,0.707106781187,0.707106781187));
#6891 = ADVANCED_FACE('',(#6892),#6903,.T.);
#6892 = FACE_BOUND('',#6893,.T.);
#6893 = EDGE_LOOP('',(#6894,#6895,#6896,#6902));
#6894 = ORIENTED_EDGE('',*,*,#6863,.T.);
#6895 = ORIENTED_EDGE('',*,*,#6179,.T.);
#6896 = ORIENTED_EDGE('',*,*,#6897,.F.);
#6897 = EDGE_CURVE('',#5687,#6180,#6898,.T.);
#6898 = LINE('',#6899,#6900);
#6899 = CARTESIAN_POINT('',(1.5,-8.636,0.));
#6900 = VECTOR('',#6901,1.);
#6901 = DIRECTION('',(1.,0.,0.));
#6902 = ORIENTED_EDGE('',*,*,#5686,.F.);
#6903 = PLANE('',#6904);
#6904 = AXIS2_PLACEMENT_3D('',#6905,#6906,#6907);
#6905 = CARTESIAN_POINT('',(1.5,-6.604,0.));
#6906 = DIRECTION('',(-0.,-0.,-1.));
#6907 = DIRECTION('',(0.,-1.,0.));
#6908 = ADVANCED_FACE('',(#6909),#6920,.T.);
#6909 = FACE_BOUND('',#6910,.T.);
#6910 = EDGE_LOOP('',(#6911,#6917,#6918,#6919));
#6911 = ORIENTED_EDGE('',*,*,#6912,.T.);
#6912 = EDGE_CURVE('',#5815,#6308,#6913,.T.);
#6913 = LINE('',#6914,#6915);
#6914 = CARTESIAN_POINT('',(1.5,-6.604,2.54));
#6915 = VECTOR('',#6916,1.);
#6916 = DIRECTION('',(1.,0.,0.));
#6917 = ORIENTED_EDGE('',*,*,#6315,.T.);
#6918 = ORIENTED_EDGE('',*,*,#6878,.F.);
#6919 = ORIENTED_EDGE('',*,*,#5822,.F.);
#6920 = PLANE('',#6921);
#6921 = AXIS2_PLACEMENT_3D('',#6922,#6923,#6924);
#6922 = CARTESIAN_POINT('',(1.5,-6.604,2.54));
#6923 = DIRECTION('',(0.,0.707106781187,0.707106781187));
#6924 = DIRECTION('',(0.,0.707106781187,-0.707106781187));
#6925 = ADVANCED_FACE('',(#6926),#6937,.T.);
#6926 = FACE_BOUND('',#6927,.T.);
#6927 = EDGE_LOOP('',(#6928,#6929,#6930,#6936));
#6928 = ORIENTED_EDGE('',*,*,#6897,.T.);
#6929 = ORIENTED_EDGE('',*,*,#6187,.T.);
#6930 = ORIENTED_EDGE('',*,*,#6931,.F.);
#6931 = EDGE_CURVE('',#5695,#6188,#6932,.T.);
#6932 = LINE('',#6933,#6934);
#6933 = CARTESIAN_POINT('',(1.5,-8.89,0.254));
#6934 = VECTOR('',#6935,1.);
#6935 = DIRECTION('',(1.,0.,0.));
#6936 = ORIENTED_EDGE('',*,*,#5694,.F.);
#6937 = PLANE('',#6938);
#6938 = AXIS2_PLACEMENT_3D('',#6939,#6940,#6941);
#6939 = CARTESIAN_POINT('',(1.5,-8.636,0.));
#6940 = DIRECTION('',(-0.,-0.707106781187,-0.707106781187));
#6941 = DIRECTION('',(0.,-0.707106781187,0.707106781187));
#6942 = ADVANCED_FACE('',(#6943),#6954,.T.);
#6943 = FACE_BOUND('',#6944,.T.);
#6944 = EDGE_LOOP('',(#6945,#6951,#6952,#6953));
#6945 = ORIENTED_EDGE('',*,*,#6946,.T.);
#6946 = EDGE_CURVE('',#5807,#6300,#6947,.T.);
#6947 = LINE('',#6948,#6949);
#6948 = CARTESIAN_POINT('',(1.5,-8.636,2.54));
#6949 = VECTOR('',#6950,1.);
#6950 = DIRECTION('',(1.,0.,0.));
#6951 = ORIENTED_EDGE('',*,*,#6307,.T.);
#6952 = ORIENTED_EDGE('',*,*,#6912,.F.);
#6953 = ORIENTED_EDGE('',*,*,#5814,.F.);
#6954 = PLANE('',#6955);
#6955 = AXIS2_PLACEMENT_3D('',#6956,#6957,#6958);
#6956 = CARTESIAN_POINT('',(1.5,-8.636,2.54));
#6957 = DIRECTION('',(0.,0.,1.));
#6958 = DIRECTION('',(0.,1.,0.));
#6959 = ADVANCED_FACE('',(#6960),#6971,.T.);
#6960 = FACE_BOUND('',#6961,.T.);
#6961 = EDGE_LOOP('',(#6962,#6963,#6964,#6970));
#6962 = ORIENTED_EDGE('',*,*,#6931,.T.);
#6963 = ORIENTED_EDGE('',*,*,#6195,.T.);
#6964 = ORIENTED_EDGE('',*,*,#6965,.F.);
#6965 = EDGE_CURVE('',#5703,#6196,#6966,.T.);
#6966 = LINE('',#6967,#6968);
#6967 = CARTESIAN_POINT('',(1.5,-9.144,0.));
#6968 = VECTOR('',#6969,1.);
#6969 = DIRECTION('',(1.,0.,0.));
#6970 = ORIENTED_EDGE('',*,*,#5702,.F.);
#6971 = PLANE('',#6972);
#6972 = AXIS2_PLACEMENT_3D('',#6973,#6974,#6975);
#6973 = CARTESIAN_POINT('',(1.5,-8.89,0.254));
#6974 = DIRECTION('',(0.,0.707106781187,-0.707106781187));
#6975 = DIRECTION('',(0.,-0.707106781187,-0.707106781187));
#6976 = ADVANCED_FACE('',(#6977),#6988,.T.);
#6977 = FACE_BOUND('',#6978,.T.);
#6978 = EDGE_LOOP('',(#6979,#6985,#6986,#6987));
#6979 = ORIENTED_EDGE('',*,*,#6980,.T.);
#6980 = EDGE_CURVE('',#5799,#6292,#6981,.T.);
#6981 = LINE('',#6982,#6983);
#6982 = CARTESIAN_POINT('',(1.5,-8.89,2.286));
#6983 = VECTOR('',#6984,1.);
#6984 = DIRECTION('',(1.,0.,0.));
#6985 = ORIENTED_EDGE('',*,*,#6299,.T.);
#6986 = ORIENTED_EDGE('',*,*,#6946,.F.);
#6987 = ORIENTED_EDGE('',*,*,#5806,.F.);
#6988 = PLANE('',#6989);
#6989 = AXIS2_PLACEMENT_3D('',#6990,#6991,#6992);
#6990 = CARTESIAN_POINT('',(1.5,-8.89,2.286));
#6991 = DIRECTION('',(0.,-0.707106781187,0.707106781187));
#6992 = DIRECTION('',(0.,0.707106781187,0.707106781187));
#6993 = ADVANCED_FACE('',(#6994),#7005,.T.);
#6994 = FACE_BOUND('',#6995,.T.);
#6995 = EDGE_LOOP('',(#6996,#6997,#6998,#7004));
#6996 = ORIENTED_EDGE('',*,*,#6965,.T.);
#6997 = ORIENTED_EDGE('',*,*,#6203,.T.);
#6998 = ORIENTED_EDGE('',*,*,#6999,.F.);
#6999 = EDGE_CURVE('',#5711,#6204,#7000,.T.);
#7000 = LINE('',#7001,#7002);
#7001 = CARTESIAN_POINT('',(1.5,-11.176,0.));
#7002 = VECTOR('',#7003,1.);
#7003 = DIRECTION('',(1.,0.,0.));
#7004 = ORIENTED_EDGE('',*,*,#5710,.F.);
#7005 = PLANE('',#7006);
#7006 = AXIS2_PLACEMENT_3D('',#7007,#7008,#7009);
#7007 = CARTESIAN_POINT('',(1.5,-9.144,0.));
#7008 = DIRECTION('',(-0.,-0.,-1.));
#7009 = DIRECTION('',(0.,-1.,0.));
#7010 = ADVANCED_FACE('',(#7011),#7022,.T.);
#7011 = FACE_BOUND('',#7012,.T.);
#7012 = EDGE_LOOP('',(#7013,#7019,#7020,#7021));
#7013 = ORIENTED_EDGE('',*,*,#7014,.T.);
#7014 = EDGE_CURVE('',#5791,#6284,#7015,.T.);
#7015 = LINE('',#7016,#7017);
#7016 = CARTESIAN_POINT('',(1.5,-9.144,2.54));
#7017 = VECTOR('',#7018,1.);
#7018 = DIRECTION('',(1.,0.,0.));
#7019 = ORIENTED_EDGE('',*,*,#6291,.T.);
#7020 = ORIENTED_EDGE('',*,*,#6980,.F.);
#7021 = ORIENTED_EDGE('',*,*,#5798,.F.);
#7022 = PLANE('',#7023);
#7023 = AXIS2_PLACEMENT_3D('',#7024,#7025,#7026);
#7024 = CARTESIAN_POINT('',(1.5,-9.144,2.54));
#7025 = DIRECTION('',(0.,0.707106781187,0.707106781187));
#7026 = DIRECTION('',(0.,0.707106781187,-0.707106781187));
#7027 = ADVANCED_FACE('',(#7028),#7039,.T.);
#7028 = FACE_BOUND('',#7029,.T.);
#7029 = EDGE_LOOP('',(#7030,#7031,#7032,#7038));
#7030 = ORIENTED_EDGE('',*,*,#6999,.T.);
#7031 = ORIENTED_EDGE('',*,*,#6211,.T.);
#7032 = ORIENTED_EDGE('',*,*,#7033,.F.);
#7033 = EDGE_CURVE('',#5719,#6212,#7034,.T.);
#7034 = LINE('',#7035,#7036);
#7035 = CARTESIAN_POINT('',(1.5,-11.43,0.254));
#7036 = VECTOR('',#7037,1.);
#7037 = DIRECTION('',(1.,0.,0.));
#7038 = ORIENTED_EDGE('',*,*,#5718,.F.);
#7039 = PLANE('',#7040);
#7040 = AXIS2_PLACEMENT_3D('',#7041,#7042,#7043);
#7041 = CARTESIAN_POINT('',(1.5,-11.176,0.));
#7042 = DIRECTION('',(-0.,-0.707106781187,-0.707106781187));
#7043 = DIRECTION('',(0.,-0.707106781187,0.707106781187));
#7044 = ADVANCED_FACE('',(#7045),#7056,.T.);
#7045 = FACE_BOUND('',#7046,.T.);
#7046 = EDGE_LOOP('',(#7047,#7053,#7054,#7055));
#7047 = ORIENTED_EDGE('',*,*,#7048,.T.);
#7048 = EDGE_CURVE('',#5783,#6276,#7049,.T.);
#7049 = LINE('',#7050,#7051);
#7050 = CARTESIAN_POINT('',(1.5,-11.176,2.54));
#7051 = VECTOR('',#7052,1.);
#7052 = DIRECTION('',(1.,0.,0.));
#7053 = ORIENTED_EDGE('',*,*,#6283,.T.);
#7054 = ORIENTED_EDGE('',*,*,#7014,.F.);
#7055 = ORIENTED_EDGE('',*,*,#5790,.F.);
#7056 = PLANE('',#7057);
#7057 = AXIS2_PLACEMENT_3D('',#7058,#7059,#7060);
#7058 = CARTESIAN_POINT('',(1.5,-11.176,2.54));
#7059 = DIRECTION('',(0.,0.,1.));
#7060 = DIRECTION('',(0.,1.,0.));
#7061 = ADVANCED_FACE('',(#7062),#7073,.T.);
#7062 = FACE_BOUND('',#7063,.T.);
#7063 = EDGE_LOOP('',(#7064,#7065,#7066,#7072));
#7064 = ORIENTED_EDGE('',*,*,#7033,.T.);
#7065 = ORIENTED_EDGE('',*,*,#6219,.T.);
#7066 = ORIENTED_EDGE('',*,*,#7067,.F.);
#7067 = EDGE_CURVE('',#5727,#6220,#7068,.T.);
#7068 = LINE('',#7069,#7070);
#7069 = CARTESIAN_POINT('',(1.5,-11.684,0.));
#7070 = VECTOR('',#7071,1.);
#7071 = DIRECTION('',(1.,0.,0.));
#7072 = ORIENTED_EDGE('',*,*,#5726,.F.);
#7073 = PLANE('',#7074);
#7074 = AXIS2_PLACEMENT_3D('',#7075,#7076,#7077);
#7075 = CARTESIAN_POINT('',(1.5,-11.43,0.254));
#7076 = DIRECTION('',(0.,0.707106781187,-0.707106781187));
#7077 = DIRECTION('',(0.,-0.707106781187,-0.707106781187));
#7078 = ADVANCED_FACE('',(#7079),#7090,.T.);
#7079 = FACE_BOUND('',#7080,.T.);
#7080 = EDGE_LOOP('',(#7081,#7087,#7088,#7089));
#7081 = ORIENTED_EDGE('',*,*,#7082,.T.);
#7082 = EDGE_CURVE('',#5775,#6268,#7083,.T.);
#7083 = LINE('',#7084,#7085);
#7084 = CARTESIAN_POINT('',(1.5,-11.43,2.286));
#7085 = VECTOR('',#7086,1.);
#7086 = DIRECTION('',(1.,0.,0.));
#7087 = ORIENTED_EDGE('',*,*,#6275,.T.);
#7088 = ORIENTED_EDGE('',*,*,#7048,.F.);
#7089 = ORIENTED_EDGE('',*,*,#5782,.F.);
#7090 = PLANE('',#7091);
#7091 = AXIS2_PLACEMENT_3D('',#7092,#7093,#7094);
#7092 = CARTESIAN_POINT('',(1.5,-11.43,2.286));
#7093 = DIRECTION('',(0.,-0.707106781187,0.707106781187));
#7094 = DIRECTION('',(0.,0.707106781187,0.707106781187));
#7095 = ADVANCED_FACE('',(#7096),#7107,.T.);
#7096 = FACE_BOUND('',#7097,.T.);
#7097 = EDGE_LOOP('',(#7098,#7099,#7100,#7106));
#7098 = ORIENTED_EDGE('',*,*,#7067,.T.);
#7099 = ORIENTED_EDGE('',*,*,#6227,.T.);
#7100 = ORIENTED_EDGE('',*,*,#7101,.F.);
#7101 = EDGE_CURVE('',#5735,#6228,#7102,.T.);
#7102 = LINE('',#7103,#7104);
#7103 = CARTESIAN_POINT('',(1.5,-13.716,0.));
#7104 = VECTOR('',#7105,1.);
#7105 = DIRECTION('',(1.,0.,0.));
#7106 = ORIENTED_EDGE('',*,*,#5734,.F.);
#7107 = PLANE('',#7108);
#7108 = AXIS2_PLACEMENT_3D('',#7109,#7110,#7111);
#7109 = CARTESIAN_POINT('',(1.5,-11.684,0.));
#7110 = DIRECTION('',(-0.,-0.,-1.));
#7111 = DIRECTION('',(0.,-1.,0.));
#7112 = ADVANCED_FACE('',(#7113),#7124,.T.);
#7113 = FACE_BOUND('',#7114,.T.);
#7114 = EDGE_LOOP('',(#7115,#7121,#7122,#7123));
#7115 = ORIENTED_EDGE('',*,*,#7116,.T.);
#7116 = EDGE_CURVE('',#5767,#6260,#7117,.T.);
#7117 = LINE('',#7118,#7119);
#7118 = CARTESIAN_POINT('',(1.5,-11.684,2.54));
#7119 = VECTOR('',#7120,1.);
#7120 = DIRECTION('',(1.,0.,0.));
#7121 = ORIENTED_EDGE('',*,*,#6267,.T.);
#7122 = ORIENTED_EDGE('',*,*,#7082,.F.);
#7123 = ORIENTED_EDGE('',*,*,#5774,.F.);
#7124 = PLANE('',#7125);
#7125 = AXIS2_PLACEMENT_3D('',#7126,#7127,#7128);
#7126 = CARTESIAN_POINT('',(1.5,-11.684,2.54));
#7127 = DIRECTION('',(0.,0.707106781187,0.707106781187));
#7128 = DIRECTION('',(0.,0.707106781187,-0.707106781187));
#7129 = ADVANCED_FACE('',(#7130),#7141,.T.);
#7130 = FACE_BOUND('',#7131,.T.);
#7131 = EDGE_LOOP('',(#7132,#7133,#7134,#7140));
#7132 = ORIENTED_EDGE('',*,*,#7101,.T.);
#7133 = ORIENTED_EDGE('',*,*,#6235,.T.);
#7134 = ORIENTED_EDGE('',*,*,#7135,.F.);
#7135 = EDGE_CURVE('',#5743,#6236,#7136,.T.);
#7136 = LINE('',#7137,#7138);
#7137 = CARTESIAN_POINT('',(1.5,-13.97,0.254));
#7138 = VECTOR('',#7139,1.);
#7139 = DIRECTION('',(1.,0.,0.));
#7140 = ORIENTED_EDGE('',*,*,#5742,.F.);
#7141 = PLANE('',#7142);
#7142 = AXIS2_PLACEMENT_3D('',#7143,#7144,#7145);
#7143 = CARTESIAN_POINT('',(1.5,-13.716,0.));
#7144 = DIRECTION('',(-0.,-0.707106781187,-0.707106781187));
#7145 = DIRECTION('',(0.,-0.707106781187,0.707106781187));
#7146 = ADVANCED_FACE('',(#7147),#7158,.T.);
#7147 = FACE_BOUND('',#7148,.T.);
#7148 = EDGE_LOOP('',(#7149,#7155,#7156,#7157));
#7149 = ORIENTED_EDGE('',*,*,#7150,.T.);
#7150 = EDGE_CURVE('',#5759,#6252,#7151,.T.);
#7151 = LINE('',#7152,#7153);
#7152 = CARTESIAN_POINT('',(1.5,-13.716,2.54));
#7153 = VECTOR('',#7154,1.);
#7154 = DIRECTION('',(1.,0.,0.));
#7155 = ORIENTED_EDGE('',*,*,#6259,.T.);
#7156 = ORIENTED_EDGE('',*,*,#7116,.F.);
#7157 = ORIENTED_EDGE('',*,*,#5766,.F.);
#7158 = PLANE('',#7159);
#7159 = AXIS2_PLACEMENT_3D('',#7160,#7161,#7162);
#7160 = CARTESIAN_POINT('',(1.5,-13.716,2.54));
#7161 = DIRECTION('',(0.,0.,1.));
#7162 = DIRECTION('',(0.,1.,0.));
#7163 = ADVANCED_FACE('',(#7164),#7175,.T.);
#7164 = FACE_BOUND('',#7165,.T.);
#7165 = EDGE_LOOP('',(#7166,#7167,#7168,#7174));
#7166 = ORIENTED_EDGE('',*,*,#7135,.T.);
#7167 = ORIENTED_EDGE('',*,*,#6243,.T.);
#7168 = ORIENTED_EDGE('',*,*,#7169,.F.);
#7169 = EDGE_CURVE('',#5751,#6244,#7170,.T.);
#7170 = LINE('',#7171,#7172);
#7171 = CARTESIAN_POINT('',(1.5,-13.97,2.286));
#7172 = VECTOR('',#7173,1.);
#7173 = DIRECTION('',(1.,0.,0.));
#7174 = ORIENTED_EDGE('',*,*,#5750,.F.);
#7175 = PLANE('',#7176);
#7176 = AXIS2_PLACEMENT_3D('',#7177,#7178,#7179);
#7177 = CARTESIAN_POINT('',(1.5,-13.97,0.254));
#7178 = DIRECTION('',(0.,-1.,0.));
#7179 = DIRECTION('',(0.,0.,1.));
#7180 = ADVANCED_FACE('',(#7181),#7187,.T.);
#7181 = FACE_BOUND('',#7182,.T.);
#7182 = EDGE_LOOP('',(#7183,#7184,#7185,#7186));
#7183 = ORIENTED_EDGE('',*,*,#7169,.T.);
#7184 = ORIENTED_EDGE('',*,*,#6251,.T.);
#7185 = ORIENTED_EDGE('',*,*,#7150,.F.);
#7186 = ORIENTED_EDGE('',*,*,#5758,.F.);
#7187 = PLANE('',#7188);
#7188 = AXIS2_PLACEMENT_3D('',#7189,#7190,#7191);
#7189 = CARTESIAN_POINT('',(1.5,-13.97,2.286));
#7190 = DIRECTION('',(0.,-0.707106781187,0.707106781187));
#7191 = DIRECTION('',(0.,0.707106781187,0.707106781187));
#7192 = ADVANCED_FACE('',(#7193),#7218,.T.);
#7193 = FACE_BOUND('',#7194,.T.);
#7194 = EDGE_LOOP('',(#7195,#7203,#7211,#7217));
#7195 = ORIENTED_EDGE('',*,*,#7196,.F.);
#7196 = EDGE_CURVE('',#7197,#5906,#7199,.T.);
#7197 = VERTEX_POINT('',#7198);
#7198 = CARTESIAN_POINT('',(0.32,-4.76,1.59));
#7199 = LINE('',#7200,#7201);
#7200 = CARTESIAN_POINT('',(-0.32,-4.76,1.59));
#7201 = VECTOR('',#7202,1.);
#7202 = DIRECTION('',(1.,0.,2.143287692327E-17));
#7203 = ORIENTED_EDGE('',*,*,#7204,.T.);
#7204 = EDGE_CURVE('',#7197,#7205,#7207,.T.);
#7205 = VERTEX_POINT('',#7206);
#7206 = CARTESIAN_POINT('',(0.32,-5.4,1.59));
#7207 = LINE('',#7208,#7209);
#7208 = CARTESIAN_POINT('',(0.32,-4.76,1.59));
#7209 = VECTOR('',#7210,1.);
#7210 = DIRECTION('',(0.,-1.,0.));
#7211 = ORIENTED_EDGE('',*,*,#7212,.T.);
#7212 = EDGE_CURVE('',#7205,#5904,#7213,.T.);
#7213 = LINE('',#7214,#7215);
#7214 = CARTESIAN_POINT('',(-0.32,-5.4,1.59));
#7215 = VECTOR('',#7216,1.);
#7216 = DIRECTION('',(1.,0.,2.143287692327E-17));
#7217 = ORIENTED_EDGE('',*,*,#5903,.T.);
#7218 = PLANE('',#7219);
#7219 = AXIS2_PLACEMENT_3D('',#7220,#7221,#7222);
#7220 = CARTESIAN_POINT('',(-0.32,-4.76,1.59));
#7221 = DIRECTION('',(-2.143287692327E-17,0.,1.));
#7222 = DIRECTION('',(1.,0.,2.143287692327E-17));
#7223 = ADVANCED_FACE('',(#7224),#7267,.T.);
#7224 = FACE_BOUND('',#7225,.T.);
#7225 = EDGE_LOOP('',(#7226,#7235,#7236,#7237,#7245,#7253,#7261));
#7226 = ORIENTED_EDGE('',*,*,#7227,.T.);
#7227 = EDGE_CURVE('',#7228,#7197,#7230,.T.);
#7228 = VERTEX_POINT('',#7229);
#7229 = CARTESIAN_POINT('',(-0.32,-4.76,0.95));
#7230 = CIRCLE('',#7231,0.64);
#7231 = AXIS2_PLACEMENT_3D('',#7232,#7233,#7234);
#7232 = CARTESIAN_POINT('',(0.32,-4.76,0.95));
#7233 = DIRECTION('',(0.,1.,0.));
#7234 = DIRECTION('',(0.,0.,-1.));
#7235 = ORIENTED_EDGE('',*,*,#7196,.T.);
#7236 = ORIENTED_EDGE('',*,*,#5929,.T.);
#7237 = ORIENTED_EDGE('',*,*,#7238,.T.);
#7238 = EDGE_CURVE('',#5922,#7239,#7241,.T.);
#7239 = VERTEX_POINT('',#7240);
#7240 = CARTESIAN_POINT('',(0.32,-4.76,0.95));
#7241 = LINE('',#7242,#7243);
#7242 = CARTESIAN_POINT('',(10.04,-4.76,0.95));
#7243 = VECTOR('',#7244,1.);
#7244 = DIRECTION('',(-1.,0.,0.));
#7245 = ORIENTED_EDGE('',*,*,#7246,.T.);
#7246 = EDGE_CURVE('',#7239,#7247,#7249,.T.);
#7247 = VERTEX_POINT('',#7248);
#7248 = CARTESIAN_POINT('',(0.32,-4.76,-2.84));
#7249 = LINE('',#7250,#7251);
#7250 = CARTESIAN_POINT('',(0.32,-4.76,0.95));
#7251 = VECTOR('',#7252,1.);
#7252 = DIRECTION('',(0.,0.,-1.));
#7253 = ORIENTED_EDGE('',*,*,#7254,.T.);
#7254 = EDGE_CURVE('',#7247,#7255,#7257,.T.);
#7255 = VERTEX_POINT('',#7256);
#7256 = CARTESIAN_POINT('',(-0.32,-4.76,-2.84));
#7257 = LINE('',#7258,#7259);
#7258 = CARTESIAN_POINT('',(0.32,-4.76,-2.84));
#7259 = VECTOR('',#7260,1.);
#7260 = DIRECTION('',(-1.,0.,0.));
#7261 = ORIENTED_EDGE('',*,*,#7262,.T.);
#7262 = EDGE_CURVE('',#7255,#7228,#7263,.T.);
#7263 = LINE('',#7264,#7265);
#7264 = CARTESIAN_POINT('',(-0.32,-4.76,-3.));
#7265 = VECTOR('',#7266,1.);
#7266 = DIRECTION('',(0.,0.,1.));
#7267 = PLANE('',#7268);
#7268 = AXIS2_PLACEMENT_3D('',#7269,#7270,#7271);
#7269 = CARTESIAN_POINT('',(3.575919732441,-4.76,0.579080267559));
#7270 = DIRECTION('',(1.030170245606E-33,1.,6.630961875715E-34));
#7271 = DIRECTION('',(1.,-1.030170245606E-33,-3.284969231842E-83));
#7272 = ADVANCED_FACE('',(#7273),#7291,.T.);
#7273 = FACE_BOUND('',#7274,.T.);
#7274 = EDGE_LOOP('',(#7275,#7276,#7277,#7285));
#7275 = ORIENTED_EDGE('',*,*,#7238,.F.);
#7276 = ORIENTED_EDGE('',*,*,#5921,.T.);
#7277 = ORIENTED_EDGE('',*,*,#7278,.T.);
#7278 = EDGE_CURVE('',#5914,#7279,#7281,.T.);
#7279 = VERTEX_POINT('',#7280);
#7280 = CARTESIAN_POINT('',(0.32,-5.4,0.95));
#7281 = LINE('',#7282,#7283);
#7282 = CARTESIAN_POINT('',(10.04,-5.4,0.95));
#7283 = VECTOR('',#7284,1.);
#7284 = DIRECTION('',(-1.,0.,0.));
#7285 = ORIENTED_EDGE('',*,*,#7286,.F.);
#7286 = EDGE_CURVE('',#7239,#7279,#7287,.T.);
#7287 = LINE('',#7288,#7289);
#7288 = CARTESIAN_POINT('',(0.32,-4.76,0.95));
#7289 = VECTOR('',#7290,1.);
#7290 = DIRECTION('',(0.,-1.,0.));
#7291 = PLANE('',#7292);
#7292 = AXIS2_PLACEMENT_3D('',#7293,#7294,#7295);
#7293 = CARTESIAN_POINT('',(10.04,-4.76,0.95));
#7294 = DIRECTION('',(-0.,-0.,-1.));
#7295 = DIRECTION('',(-1.,0.,0.));
#7296 = ADVANCED_FACE('',(#7297),#7333,.F.);
#7297 = FACE_BOUND('',#7298,.F.);
#7298 = EDGE_LOOP('',(#7299,#7308,#7309,#7310,#7311,#7319,#7327));
#7299 = ORIENTED_EDGE('',*,*,#7300,.T.);
#7300 = EDGE_CURVE('',#7301,#7205,#7303,.T.);
#7301 = VERTEX_POINT('',#7302);
#7302 = CARTESIAN_POINT('',(-0.32,-5.4,0.95));
#7303 = CIRCLE('',#7304,0.64);
#7304 = AXIS2_PLACEMENT_3D('',#7305,#7306,#7307);
#7305 = CARTESIAN_POINT('',(0.32,-5.4,0.95));
#7306 = DIRECTION('',(0.,1.,0.));
#7307 = DIRECTION('',(0.,0.,-1.));
#7308 = ORIENTED_EDGE('',*,*,#7212,.T.);
#7309 = ORIENTED_EDGE('',*,*,#5913,.T.);
#7310 = ORIENTED_EDGE('',*,*,#7278,.T.);
#7311 = ORIENTED_EDGE('',*,*,#7312,.T.);
#7312 = EDGE_CURVE('',#7279,#7313,#7315,.T.);
#7313 = VERTEX_POINT('',#7314);
#7314 = CARTESIAN_POINT('',(0.32,-5.4,-2.84));
#7315 = LINE('',#7316,#7317);
#7316 = CARTESIAN_POINT('',(0.32,-5.4,0.95));
#7317 = VECTOR('',#7318,1.);
#7318 = DIRECTION('',(0.,0.,-1.));
#7319 = ORIENTED_EDGE('',*,*,#7320,.T.);
#7320 = EDGE_CURVE('',#7313,#7321,#7323,.T.);
#7321 = VERTEX_POINT('',#7322);
#7322 = CARTESIAN_POINT('',(-0.32,-5.4,-2.84));
#7323 = LINE('',#7324,#7325);
#7324 = CARTESIAN_POINT('',(0.32,-5.4,-2.84));
#7325 = VECTOR('',#7326,1.);
#7326 = DIRECTION('',(-1.,0.,0.));
#7327 = ORIENTED_EDGE('',*,*,#7328,.T.);
#7328 = EDGE_CURVE('',#7321,#7301,#7329,.T.);
#7329 = LINE('',#7330,#7331);
#7330 = CARTESIAN_POINT('',(-0.32,-5.4,-3.));
#7331 = VECTOR('',#7332,1.);
#7332 = DIRECTION('',(0.,0.,1.));
#7333 = PLANE('',#7334);
#7334 = AXIS2_PLACEMENT_3D('',#7335,#7336,#7337);
#7335 = CARTESIAN_POINT('',(3.575919732441,-5.4,0.579080267559));
#7336 = DIRECTION('',(1.030170245606E-33,1.,6.630961875715E-34));
#7337 = DIRECTION('',(1.,-1.030170245606E-33,-3.284969231842E-83));
#7338 = ADVANCED_FACE('',(#7339),#7364,.T.);
#7339 = FACE_BOUND('',#7340,.T.);
#7340 = EDGE_LOOP('',(#7341,#7349,#7357,#7363));
#7341 = ORIENTED_EDGE('',*,*,#7342,.F.);
#7342 = EDGE_CURVE('',#7343,#5940,#7345,.T.);
#7343 = VERTEX_POINT('',#7344);
#7344 = CARTESIAN_POINT('',(0.32,-7.3,1.59));
#7345 = LINE('',#7346,#7347);
#7346 = CARTESIAN_POINT('',(-0.32,-7.3,1.59));
#7347 = VECTOR('',#7348,1.);
#7348 = DIRECTION('',(1.,0.,2.143287692327E-17));
#7349 = ORIENTED_EDGE('',*,*,#7350,.T.);
#7350 = EDGE_CURVE('',#7343,#7351,#7353,.T.);
#7351 = VERTEX_POINT('',#7352);
#7352 = CARTESIAN_POINT('',(0.32,-7.94,1.59));
#7353 = LINE('',#7354,#7355);
#7354 = CARTESIAN_POINT('',(0.32,-7.3,1.59));
#7355 = VECTOR('',#7356,1.);
#7356 = DIRECTION('',(0.,-1.,0.));
#7357 = ORIENTED_EDGE('',*,*,#7358,.T.);
#7358 = EDGE_CURVE('',#7351,#5938,#7359,.T.);
#7359 = LINE('',#7360,#7361);
#7360 = CARTESIAN_POINT('',(-0.32,-7.94,1.59));
#7361 = VECTOR('',#7362,1.);
#7362 = DIRECTION('',(1.,0.,2.143287692327E-17));
#7363 = ORIENTED_EDGE('',*,*,#5937,.T.);
#7364 = PLANE('',#7365);
#7365 = AXIS2_PLACEMENT_3D('',#7366,#7367,#7368);
#7366 = CARTESIAN_POINT('',(-0.32,-7.3,1.59));
#7367 = DIRECTION('',(-2.143287692327E-17,0.,1.));
#7368 = DIRECTION('',(1.,0.,2.143287692327E-17));
#7369 = ADVANCED_FACE('',(#7370),#7413,.T.);
#7370 = FACE_BOUND('',#7371,.T.);
#7371 = EDGE_LOOP('',(#7372,#7381,#7382,#7383,#7391,#7399,#7407));
#7372 = ORIENTED_EDGE('',*,*,#7373,.T.);
#7373 = EDGE_CURVE('',#7374,#7343,#7376,.T.);
#7374 = VERTEX_POINT('',#7375);
#7375 = CARTESIAN_POINT('',(-0.32,-7.3,0.95));
#7376 = CIRCLE('',#7377,0.64);
#7377 = AXIS2_PLACEMENT_3D('',#7378,#7379,#7380);
#7378 = CARTESIAN_POINT('',(0.32,-7.3,0.95));
#7379 = DIRECTION('',(0.,1.,0.));
#7380 = DIRECTION('',(0.,0.,-1.));
#7381 = ORIENTED_EDGE('',*,*,#7342,.T.);
#7382 = ORIENTED_EDGE('',*,*,#5963,.T.);
#7383 = ORIENTED_EDGE('',*,*,#7384,.T.);
#7384 = EDGE_CURVE('',#5956,#7385,#7387,.T.);
#7385 = VERTEX_POINT('',#7386);
#7386 = CARTESIAN_POINT('',(0.32,-7.3,0.95));
#7387 = LINE('',#7388,#7389);
#7388 = CARTESIAN_POINT('',(10.04,-7.3,0.95));
#7389 = VECTOR('',#7390,1.);
#7390 = DIRECTION('',(-1.,0.,0.));
#7391 = ORIENTED_EDGE('',*,*,#7392,.T.);
#7392 = EDGE_CURVE('',#7385,#7393,#7395,.T.);
#7393 = VERTEX_POINT('',#7394);
#7394 = CARTESIAN_POINT('',(0.32,-7.3,-2.84));
#7395 = LINE('',#7396,#7397);
#7396 = CARTESIAN_POINT('',(0.32,-7.3,0.95));
#7397 = VECTOR('',#7398,1.);
#7398 = DIRECTION('',(0.,0.,-1.));
#7399 = ORIENTED_EDGE('',*,*,#7400,.T.);
#7400 = EDGE_CURVE('',#7393,#7401,#7403,.T.);
#7401 = VERTEX_POINT('',#7402);
#7402 = CARTESIAN_POINT('',(-0.32,-7.3,-2.84));
#7403 = LINE('',#7404,#7405);
#7404 = CARTESIAN_POINT('',(0.32,-7.3,-2.84));
#7405 = VECTOR('',#7406,1.);
#7406 = DIRECTION('',(-1.,0.,0.));
#7407 = ORIENTED_EDGE('',*,*,#7408,.T.);
#7408 = EDGE_CURVE('',#7401,#7374,#7409,.T.);
#7409 = LINE('',#7410,#7411);
#7410 = CARTESIAN_POINT('',(-0.32,-7.3,-3.));
#7411 = VECTOR('',#7412,1.);
#7412 = DIRECTION('',(0.,0.,1.));
#7413 = PLANE('',#7414);
#7414 = AXIS2_PLACEMENT_3D('',#7415,#7416,#7417);
#7415 = CARTESIAN_POINT('',(3.575919732441,-7.3,0.579080267559));
#7416 = DIRECTION('',(1.030170245606E-33,1.,6.630961875715E-34));
#7417 = DIRECTION('',(1.,-1.030170245606E-33,-3.284969231842E-83));
#7418 = ADVANCED_FACE('',(#7419),#7437,.T.);
#7419 = FACE_BOUND('',#7420,.T.);
#7420 = EDGE_LOOP('',(#7421,#7422,#7423,#7431));
#7421 = ORIENTED_EDGE('',*,*,#7384,.F.);
#7422 = ORIENTED_EDGE('',*,*,#5955,.T.);
#7423 = ORIENTED_EDGE('',*,*,#7424,.T.);
#7424 = EDGE_CURVE('',#5948,#7425,#7427,.T.);
#7425 = VERTEX_POINT('',#7426);
#7426 = CARTESIAN_POINT('',(0.32,-7.94,0.95));
#7427 = LINE('',#7428,#7429);
#7428 = CARTESIAN_POINT('',(10.04,-7.94,0.95));
#7429 = VECTOR('',#7430,1.);
#7430 = DIRECTION('',(-1.,0.,0.));
#7431 = ORIENTED_EDGE('',*,*,#7432,.F.);
#7432 = EDGE_CURVE('',#7385,#7425,#7433,.T.);
#7433 = LINE('',#7434,#7435);
#7434 = CARTESIAN_POINT('',(0.32,-7.3,0.95));
#7435 = VECTOR('',#7436,1.);
#7436 = DIRECTION('',(0.,-1.,0.));
#7437 = PLANE('',#7438);
#7438 = AXIS2_PLACEMENT_3D('',#7439,#7440,#7441);
#7439 = CARTESIAN_POINT('',(10.04,-7.3,0.95));
#7440 = DIRECTION('',(-0.,-0.,-1.));
#7441 = DIRECTION('',(-1.,0.,0.));
#7442 = ADVANCED_FACE('',(#7443),#7479,.F.);
#7443 = FACE_BOUND('',#7444,.F.);
#7444 = EDGE_LOOP('',(#7445,#7454,#7455,#7456,#7457,#7465,#7473));
#7445 = ORIENTED_EDGE('',*,*,#7446,.T.);
#7446 = EDGE_CURVE('',#7447,#7351,#7449,.T.);
#7447 = VERTEX_POINT('',#7448);
#7448 = CARTESIAN_POINT('',(-0.32,-7.94,0.95));
#7449 = CIRCLE('',#7450,0.64);
#7450 = AXIS2_PLACEMENT_3D('',#7451,#7452,#7453);
#7451 = CARTESIAN_POINT('',(0.32,-7.94,0.95));
#7452 = DIRECTION('',(0.,1.,0.));
#7453 = DIRECTION('',(0.,0.,-1.));
#7454 = ORIENTED_EDGE('',*,*,#7358,.T.);
#7455 = ORIENTED_EDGE('',*,*,#5947,.T.);
#7456 = ORIENTED_EDGE('',*,*,#7424,.T.);
#7457 = ORIENTED_EDGE('',*,*,#7458,.T.);
#7458 = EDGE_CURVE('',#7425,#7459,#7461,.T.);
#7459 = VERTEX_POINT('',#7460);
#7460 = CARTESIAN_POINT('',(0.32,-7.94,-2.84));
#7461 = LINE('',#7462,#7463);
#7462 = CARTESIAN_POINT('',(0.32,-7.94,0.95));
#7463 = VECTOR('',#7464,1.);
#7464 = DIRECTION('',(0.,0.,-1.));
#7465 = ORIENTED_EDGE('',*,*,#7466,.T.);
#7466 = EDGE_CURVE('',#7459,#7467,#7469,.T.);
#7467 = VERTEX_POINT('',#7468);
#7468 = CARTESIAN_POINT('',(-0.32,-7.94,-2.84));
#7469 = LINE('',#7470,#7471);
#7470 = CARTESIAN_POINT('',(0.32,-7.94,-2.84));
#7471 = VECTOR('',#7472,1.);
#7472 = DIRECTION('',(-1.,0.,0.));
#7473 = ORIENTED_EDGE('',*,*,#7474,.T.);
#7474 = EDGE_CURVE('',#7467,#7447,#7475,.T.);
#7475 = LINE('',#7476,#7477);
#7476 = CARTESIAN_POINT('',(-0.32,-7.94,-3.));
#7477 = VECTOR('',#7478,1.);
#7478 = DIRECTION('',(0.,0.,1.));
#7479 = PLANE('',#7480);
#7480 = AXIS2_PLACEMENT_3D('',#7481,#7482,#7483);
#7481 = CARTESIAN_POINT('',(3.575919732441,-7.94,0.579080267559));
#7482 = DIRECTION('',(1.030170245606E-33,1.,6.630961875715E-34));
#7483 = DIRECTION('',(1.,-1.030170245606E-33,-3.284969231842E-83));
#7484 = ADVANCED_FACE('',(#7485),#7535,.T.);
#7485 = FACE_BOUND('',#7486,.T.);
#7486 = EDGE_LOOP('',(#7487,#7498,#7504,#7505,#7513,#7521,#7529));
#7487 = ORIENTED_EDGE('',*,*,#7488,.T.);
#7488 = EDGE_CURVE('',#7489,#7491,#7493,.T.);
#7489 = VERTEX_POINT('',#7490);
#7490 = CARTESIAN_POINT('',(-0.32,-12.38,0.95));
#7491 = VERTEX_POINT('',#7492);
#7492 = CARTESIAN_POINT('',(0.32,-12.38,1.59));
#7493 = CIRCLE('',#7494,0.64);
#7494 = AXIS2_PLACEMENT_3D('',#7495,#7496,#7497);
#7495 = CARTESIAN_POINT('',(0.32,-12.38,0.95));
#7496 = DIRECTION('',(0.,1.,0.));
#7497 = DIRECTION('',(0.,0.,-1.));
#7498 = ORIENTED_EDGE('',*,*,#7499,.T.);
#7499 = EDGE_CURVE('',#7491,#5972,#7500,.T.);
#7500 = LINE('',#7501,#7502);
#7501 = CARTESIAN_POINT('',(-0.32,-12.38,1.59));
#7502 = VECTOR('',#7503,1.);
#7503 = DIRECTION('',(1.,0.,2.143287692327E-17));
#7504 = ORIENTED_EDGE('',*,*,#5971,.T.);
#7505 = ORIENTED_EDGE('',*,*,#7506,.T.);
#7506 = EDGE_CURVE('',#5974,#7507,#7509,.T.);
#7507 = VERTEX_POINT('',#7508);
#7508 = CARTESIAN_POINT('',(0.32,-12.38,0.95));
#7509 = LINE('',#7510,#7511);
#7510 = CARTESIAN_POINT('',(10.04,-12.38,0.95));
#7511 = VECTOR('',#7512,1.);
#7512 = DIRECTION('',(-1.,0.,0.));
#7513 = ORIENTED_EDGE('',*,*,#7514,.T.);
#7514 = EDGE_CURVE('',#7507,#7515,#7517,.T.);
#7515 = VERTEX_POINT('',#7516);
#7516 = CARTESIAN_POINT('',(0.32,-12.38,-2.84));
#7517 = LINE('',#7518,#7519);
#7518 = CARTESIAN_POINT('',(0.32,-12.38,0.95));
#7519 = VECTOR('',#7520,1.);
#7520 = DIRECTION('',(0.,0.,-1.));
#7521 = ORIENTED_EDGE('',*,*,#7522,.T.);
#7522 = EDGE_CURVE('',#7515,#7523,#7525,.T.);
#7523 = VERTEX_POINT('',#7524);
#7524 = CARTESIAN_POINT('',(-0.32,-12.38,-2.84));
#7525 = LINE('',#7526,#7527);
#7526 = CARTESIAN_POINT('',(0.32,-12.38,-2.84));
#7527 = VECTOR('',#7528,1.);
#7528 = DIRECTION('',(-1.,0.,0.));
#7529 = ORIENTED_EDGE('',*,*,#7530,.T.);
#7530 = EDGE_CURVE('',#7523,#7489,#7531,.T.);
#7531 = LINE('',#7532,#7533);
#7532 = CARTESIAN_POINT('',(-0.32,-12.38,-3.));
#7533 = VECTOR('',#7534,1.);
#7534 = DIRECTION('',(0.,0.,1.));
#7535 = PLANE('',#7536);
#7536 = AXIS2_PLACEMENT_3D('',#7537,#7538,#7539);
#7537 = CARTESIAN_POINT('',(3.575919732441,-12.38,0.579080267559));
#7538 = DIRECTION('',(1.030170245606E-33,1.,6.630961875715E-34));
#7539 = DIRECTION('',(1.,-1.030170245606E-33,-3.284969231842E-83));
#7540 = ADVANCED_FACE('',(#7541),#7559,.T.);
#7541 = FACE_BOUND('',#7542,.T.);
#7542 = EDGE_LOOP('',(#7543,#7544,#7545,#7553));
#7543 = ORIENTED_EDGE('',*,*,#7506,.F.);
#7544 = ORIENTED_EDGE('',*,*,#5997,.T.);
#7545 = ORIENTED_EDGE('',*,*,#7546,.T.);
#7546 = EDGE_CURVE('',#5990,#7547,#7549,.T.);
#7547 = VERTEX_POINT('',#7548);
#7548 = CARTESIAN_POINT('',(0.32,-13.02,0.95));
#7549 = LINE('',#7550,#7551);
#7550 = CARTESIAN_POINT('',(10.04,-13.02,0.95));
#7551 = VECTOR('',#7552,1.);
#7552 = DIRECTION('',(-1.,0.,0.));
#7553 = ORIENTED_EDGE('',*,*,#7554,.F.);
#7554 = EDGE_CURVE('',#7507,#7547,#7555,.T.);
#7555 = LINE('',#7556,#7557);
#7556 = CARTESIAN_POINT('',(0.32,-12.38,0.95));
#7557 = VECTOR('',#7558,1.);
#7558 = DIRECTION('',(0.,-1.,0.));
#7559 = PLANE('',#7560);
#7560 = AXIS2_PLACEMENT_3D('',#7561,#7562,#7563);
#7561 = CARTESIAN_POINT('',(10.04,-12.38,0.95));
#7562 = DIRECTION('',(-0.,-0.,-1.));
#7563 = DIRECTION('',(-1.,0.,0.));
#7564 = ADVANCED_FACE('',(#7565),#7608,.F.);
#7565 = FACE_BOUND('',#7566,.F.);
#7566 = EDGE_LOOP('',(#7567,#7578,#7584,#7585,#7586,#7594,#7602));
#7567 = ORIENTED_EDGE('',*,*,#7568,.T.);
#7568 = EDGE_CURVE('',#7569,#7571,#7573,.T.);
#7569 = VERTEX_POINT('',#7570);
#7570 = CARTESIAN_POINT('',(-0.32,-13.02,0.95));
#7571 = VERTEX_POINT('',#7572);
#7572 = CARTESIAN_POINT('',(0.32,-13.02,1.59));
#7573 = CIRCLE('',#7574,0.64);
#7574 = AXIS2_PLACEMENT_3D('',#7575,#7576,#7577);
#7575 = CARTESIAN_POINT('',(0.32,-13.02,0.95));
#7576 = DIRECTION('',(0.,1.,0.));
#7577 = DIRECTION('',(0.,0.,-1.));
#7578 = ORIENTED_EDGE('',*,*,#7579,.T.);
#7579 = EDGE_CURVE('',#7571,#5982,#7580,.T.);
#7580 = LINE('',#7581,#7582);
#7581 = CARTESIAN_POINT('',(-0.32,-13.02,1.59));
#7582 = VECTOR('',#7583,1.);
#7583 = DIRECTION('',(1.,0.,2.143287692327E-17));
#7584 = ORIENTED_EDGE('',*,*,#5989,.T.);
#7585 = ORIENTED_EDGE('',*,*,#7546,.T.);
#7586 = ORIENTED_EDGE('',*,*,#7587,.T.);
#7587 = EDGE_CURVE('',#7547,#7588,#7590,.T.);
#7588 = VERTEX_POINT('',#7589);
#7589 = CARTESIAN_POINT('',(0.32,-13.02,-2.84));
#7590 = LINE('',#7591,#7592);
#7591 = CARTESIAN_POINT('',(0.32,-13.02,0.95));
#7592 = VECTOR('',#7593,1.);
#7593 = DIRECTION('',(0.,0.,-1.));
#7594 = ORIENTED_EDGE('',*,*,#7595,.T.);
#7595 = EDGE_CURVE('',#7588,#7596,#7598,.T.);
#7596 = VERTEX_POINT('',#7597);
#7597 = CARTESIAN_POINT('',(-0.32,-13.02,-2.84));
#7598 = LINE('',#7599,#7600);
#7599 = CARTESIAN_POINT('',(0.32,-13.02,-2.84));
#7600 = VECTOR('',#7601,1.);
#7601 = DIRECTION('',(-1.,0.,0.));
#7602 = ORIENTED_EDGE('',*,*,#7603,.T.);
#7603 = EDGE_CURVE('',#7596,#7569,#7604,.T.);
#7604 = LINE('',#7605,#7606);
#7605 = CARTESIAN_POINT('',(-0.32,-13.02,-3.));
#7606 = VECTOR('',#7607,1.);
#7607 = DIRECTION('',(0.,0.,1.));
#7608 = PLANE('',#7609);
#7609 = AXIS2_PLACEMENT_3D('',#7610,#7611,#7612);
#7610 = CARTESIAN_POINT('',(3.575919732441,-13.02,0.579080267559));
#7611 = DIRECTION('',(1.030170245606E-33,1.,6.630961875715E-34));
#7612 = DIRECTION('',(1.,-1.030170245606E-33,-3.284969231842E-83));
#7613 = ADVANCED_FACE('',(#7614),#7625,.T.);
#7614 = FACE_BOUND('',#7615,.T.);
#7615 = EDGE_LOOP('',(#7616,#7617,#7623,#7624));
#7616 = ORIENTED_EDGE('',*,*,#7499,.F.);
#7617 = ORIENTED_EDGE('',*,*,#7618,.T.);
#7618 = EDGE_CURVE('',#7491,#7571,#7619,.T.);
#7619 = LINE('',#7620,#7621);
#7620 = CARTESIAN_POINT('',(0.32,-12.38,1.59));
#7621 = VECTOR('',#7622,1.);
#7622 = DIRECTION('',(0.,-1.,0.));
#7623 = ORIENTED_EDGE('',*,*,#7579,.T.);
#7624 = ORIENTED_EDGE('',*,*,#5981,.T.);
#7625 = PLANE('',#7626);
#7626 = AXIS2_PLACEMENT_3D('',#7627,#7628,#7629);
#7627 = CARTESIAN_POINT('',(-0.32,-12.38,1.59));
#7628 = DIRECTION('',(-2.143287692327E-17,0.,1.));
#7629 = DIRECTION('',(1.,0.,2.143287692327E-17));
#7630 = ADVANCED_FACE('',(#7631),#7656,.T.);
#7631 = FACE_BOUND('',#7632,.T.);
#7632 = EDGE_LOOP('',(#7633,#7641,#7649,#7655));
#7633 = ORIENTED_EDGE('',*,*,#7634,.F.);
#7634 = EDGE_CURVE('',#7635,#6008,#7637,.T.);
#7635 = VERTEX_POINT('',#7636);
#7636 = CARTESIAN_POINT('',(0.32,-9.84,1.59));
#7637 = LINE('',#7638,#7639);
#7638 = CARTESIAN_POINT('',(-0.32,-9.84,1.59));
#7639 = VECTOR('',#7640,1.);
#7640 = DIRECTION('',(1.,0.,2.143287692327E-17));
#7641 = ORIENTED_EDGE('',*,*,#7642,.T.);
#7642 = EDGE_CURVE('',#7635,#7643,#7645,.T.);
#7643 = VERTEX_POINT('',#7644);
#7644 = CARTESIAN_POINT('',(0.32,-10.48,1.59));
#7645 = LINE('',#7646,#7647);
#7646 = CARTESIAN_POINT('',(0.32,-9.84,1.59));
#7647 = VECTOR('',#7648,1.);
#7648 = DIRECTION('',(0.,-1.,0.));
#7649 = ORIENTED_EDGE('',*,*,#7650,.T.);
#7650 = EDGE_CURVE('',#7643,#6006,#7651,.T.);
#7651 = LINE('',#7652,#7653);
#7652 = CARTESIAN_POINT('',(-0.32,-10.48,1.59));
#7653 = VECTOR('',#7654,1.);
#7654 = DIRECTION('',(1.,0.,2.143287692327E-17));
#7655 = ORIENTED_EDGE('',*,*,#6005,.T.);
#7656 = PLANE('',#7657);
#7657 = AXIS2_PLACEMENT_3D('',#7658,#7659,#7660);
#7658 = CARTESIAN_POINT('',(-0.32,-9.84,1.59));
#7659 = DIRECTION('',(-2.143287692327E-17,0.,1.));
#7660 = DIRECTION('',(1.,0.,2.143287692327E-17));
#7661 = ADVANCED_FACE('',(#7662),#7705,.T.);
#7662 = FACE_BOUND('',#7663,.T.);
#7663 = EDGE_LOOP('',(#7664,#7673,#7674,#7675,#7683,#7691,#7699));
#7664 = ORIENTED_EDGE('',*,*,#7665,.T.);
#7665 = EDGE_CURVE('',#7666,#7635,#7668,.T.);
#7666 = VERTEX_POINT('',#7667);
#7667 = CARTESIAN_POINT('',(-0.32,-9.84,0.95));
#7668 = CIRCLE('',#7669,0.64);
#7669 = AXIS2_PLACEMENT_3D('',#7670,#7671,#7672);
#7670 = CARTESIAN_POINT('',(0.32,-9.84,0.95));
#7671 = DIRECTION('',(0.,1.,0.));
#7672 = DIRECTION('',(0.,0.,-1.));
#7673 = ORIENTED_EDGE('',*,*,#7634,.T.);
#7674 = ORIENTED_EDGE('',*,*,#6031,.T.);
#7675 = ORIENTED_EDGE('',*,*,#7676,.T.);
#7676 = EDGE_CURVE('',#6024,#7677,#7679,.T.);
#7677 = VERTEX_POINT('',#7678);
#7678 = CARTESIAN_POINT('',(0.32,-9.84,0.95));
#7679 = LINE('',#7680,#7681);
#7680 = CARTESIAN_POINT('',(10.04,-9.84,0.95));
#7681 = VECTOR('',#7682,1.);
#7682 = DIRECTION('',(-1.,0.,0.));
#7683 = ORIENTED_EDGE('',*,*,#7684,.T.);
#7684 = EDGE_CURVE('',#7677,#7685,#7687,.T.);
#7685 = VERTEX_POINT('',#7686);
#7686 = CARTESIAN_POINT('',(0.32,-9.84,-2.84));
#7687 = LINE('',#7688,#7689);
#7688 = CARTESIAN_POINT('',(0.32,-9.84,0.95));
#7689 = VECTOR('',#7690,1.);
#7690 = DIRECTION('',(0.,0.,-1.));
#7691 = ORIENTED_EDGE('',*,*,#7692,.T.);
#7692 = EDGE_CURVE('',#7685,#7693,#7695,.T.);
#7693 = VERTEX_POINT('',#7694);
#7694 = CARTESIAN_POINT('',(-0.32,-9.84,-2.84));
#7695 = LINE('',#7696,#7697);
#7696 = CARTESIAN_POINT('',(0.32,-9.84,-2.84));
#7697 = VECTOR('',#7698,1.);
#7698 = DIRECTION('',(-1.,0.,0.));
#7699 = ORIENTED_EDGE('',*,*,#7700,.T.);
#7700 = EDGE_CURVE('',#7693,#7666,#7701,.T.);
#7701 = LINE('',#7702,#7703);
#7702 = CARTESIAN_POINT('',(-0.32,-9.84,-3.));
#7703 = VECTOR('',#7704,1.);
#7704 = DIRECTION('',(0.,0.,1.));
#7705 = PLANE('',#7706);
#7706 = AXIS2_PLACEMENT_3D('',#7707,#7708,#7709);
#7707 = CARTESIAN_POINT('',(3.575919732441,-9.84,0.579080267559));
#7708 = DIRECTION('',(1.030170245606E-33,1.,6.630961875715E-34));
#7709 = DIRECTION('',(1.,-1.030170245606E-33,-3.284969231842E-83));
#7710 = ADVANCED_FACE('',(#7711),#7729,.T.);
#7711 = FACE_BOUND('',#7712,.T.);
#7712 = EDGE_LOOP('',(#7713,#7714,#7715,#7723));
#7713 = ORIENTED_EDGE('',*,*,#7676,.F.);
#7714 = ORIENTED_EDGE('',*,*,#6023,.T.);
#7715 = ORIENTED_EDGE('',*,*,#7716,.T.);
#7716 = EDGE_CURVE('',#6016,#7717,#7719,.T.);
#7717 = VERTEX_POINT('',#7718);
#7718 = CARTESIAN_POINT('',(0.32,-10.48,0.95));
#7719 = LINE('',#7720,#7721);
#7720 = CARTESIAN_POINT('',(10.04,-10.48,0.95));
#7721 = VECTOR('',#7722,1.);
#7722 = DIRECTION('',(-1.,0.,0.));
#7723 = ORIENTED_EDGE('',*,*,#7724,.F.);
#7724 = EDGE_CURVE('',#7677,#7717,#7725,.T.);
#7725 = LINE('',#7726,#7727);
#7726 = CARTESIAN_POINT('',(0.32,-9.84,0.95));
#7727 = VECTOR('',#7728,1.);
#7728 = DIRECTION('',(0.,-1.,0.));
#7729 = PLANE('',#7730);
#7730 = AXIS2_PLACEMENT_3D('',#7731,#7732,#7733);
#7731 = CARTESIAN_POINT('',(10.04,-9.84,0.95));
#7732 = DIRECTION('',(-0.,-0.,-1.));
#7733 = DIRECTION('',(-1.,0.,0.));
#7734 = ADVANCED_FACE('',(#7735),#7771,.F.);
#7735 = FACE_BOUND('',#7736,.F.);
#7736 = EDGE_LOOP('',(#7737,#7746,#7747,#7748,#7749,#7757,#7765));
#7737 = ORIENTED_EDGE('',*,*,#7738,.T.);
#7738 = EDGE_CURVE('',#7739,#7643,#7741,.T.);
#7739 = VERTEX_POINT('',#7740);
#7740 = CARTESIAN_POINT('',(-0.32,-10.48,0.95));
#7741 = CIRCLE('',#7742,0.64);
#7742 = AXIS2_PLACEMENT_3D('',#7743,#7744,#7745);
#7743 = CARTESIAN_POINT('',(0.32,-10.48,0.95));
#7744 = DIRECTION('',(0.,1.,0.));
#7745 = DIRECTION('',(0.,0.,-1.));
#7746 = ORIENTED_EDGE('',*,*,#7650,.T.);
#7747 = ORIENTED_EDGE('',*,*,#6015,.T.);
#7748 = ORIENTED_EDGE('',*,*,#7716,.T.);
#7749 = ORIENTED_EDGE('',*,*,#7750,.T.);
#7750 = EDGE_CURVE('',#7717,#7751,#7753,.T.);
#7751 = VERTEX_POINT('',#7752);
#7752 = CARTESIAN_POINT('',(0.32,-10.48,-2.84));
#7753 = LINE('',#7754,#7755);
#7754 = CARTESIAN_POINT('',(0.32,-10.48,0.95));
#7755 = VECTOR('',#7756,1.);
#7756 = DIRECTION('',(0.,0.,-1.));
#7757 = ORIENTED_EDGE('',*,*,#7758,.T.);
#7758 = EDGE_CURVE('',#7751,#7759,#7761,.T.);
#7759 = VERTEX_POINT('',#7760);
#7760 = CARTESIAN_POINT('',(-0.32,-10.48,-2.84));
#7761 = LINE('',#7762,#7763);
#7762 = CARTESIAN_POINT('',(0.32,-10.48,-2.84));
#7763 = VECTOR('',#7764,1.);
#7764 = DIRECTION('',(-1.,0.,0.));
#7765 = ORIENTED_EDGE('',*,*,#7766,.T.);
#7766 = EDGE_CURVE('',#7759,#7739,#7767,.T.);
#7767 = LINE('',#7768,#7769);
#7768 = CARTESIAN_POINT('',(-0.32,-10.48,-3.));
#7769 = VECTOR('',#7770,1.);
#7770 = DIRECTION('',(0.,0.,1.));
#7771 = PLANE('',#7772);
#7772 = AXIS2_PLACEMENT_3D('',#7773,#7774,#7775);
#7773 = CARTESIAN_POINT('',(3.575919732441,-10.48,0.579080267559));
#7774 = DIRECTION('',(1.030170245606E-33,1.,6.630961875715E-34));
#7775 = DIRECTION('',(1.,-1.030170245606E-33,-3.284969231842E-83));
#7776 = ADVANCED_FACE('',(#7777),#7802,.T.);
#7777 = FACE_BOUND('',#7778,.T.);
#7778 = EDGE_LOOP('',(#7779,#7787,#7795,#7801));
#7779 = ORIENTED_EDGE('',*,*,#7780,.F.);
#7780 = EDGE_CURVE('',#7781,#6042,#7783,.T.);
#7781 = VERTEX_POINT('',#7782);
#7782 = CARTESIAN_POINT('',(0.32,-2.22,1.59));
#7783 = LINE('',#7784,#7785);
#7784 = CARTESIAN_POINT('',(-0.32,-2.22,1.59));
#7785 = VECTOR('',#7786,1.);
#7786 = DIRECTION('',(1.,0.,2.143287692327E-17));
#7787 = ORIENTED_EDGE('',*,*,#7788,.T.);
#7788 = EDGE_CURVE('',#7781,#7789,#7791,.T.);
#7789 = VERTEX_POINT('',#7790);
#7790 = CARTESIAN_POINT('',(0.32,-2.86,1.59));
#7791 = LINE('',#7792,#7793);
#7792 = CARTESIAN_POINT('',(0.32,-2.22,1.59));
#7793 = VECTOR('',#7794,1.);
#7794 = DIRECTION('',(0.,-1.,0.));
#7795 = ORIENTED_EDGE('',*,*,#7796,.T.);
#7796 = EDGE_CURVE('',#7789,#6040,#7797,.T.);
#7797 = LINE('',#7798,#7799);
#7798 = CARTESIAN_POINT('',(-0.32,-2.86,1.59));
#7799 = VECTOR('',#7800,1.);
#7800 = DIRECTION('',(1.,0.,2.143287692327E-17));
#7801 = ORIENTED_EDGE('',*,*,#6039,.T.);
#7802 = PLANE('',#7803);
#7803 = AXIS2_PLACEMENT_3D('',#7804,#7805,#7806);
#7804 = CARTESIAN_POINT('',(-0.32,-2.22,1.59));
#7805 = DIRECTION('',(-2.143287692327E-17,0.,1.));
#7806 = DIRECTION('',(1.,0.,2.143287692327E-17));
#7807 = ADVANCED_FACE('',(#7808),#7851,.T.);
#7808 = FACE_BOUND('',#7809,.T.);
#7809 = EDGE_LOOP('',(#7810,#7819,#7820,#7821,#7829,#7837,#7845));
#7810 = ORIENTED_EDGE('',*,*,#7811,.T.);
#7811 = EDGE_CURVE('',#7812,#7781,#7814,.T.);
#7812 = VERTEX_POINT('',#7813);
#7813 = CARTESIAN_POINT('',(-0.32,-2.22,0.95));
#7814 = CIRCLE('',#7815,0.64);
#7815 = AXIS2_PLACEMENT_3D('',#7816,#7817,#7818);
#7816 = CARTESIAN_POINT('',(0.32,-2.22,0.95));
#7817 = DIRECTION('',(0.,1.,0.));
#7818 = DIRECTION('',(0.,0.,-1.));
#7819 = ORIENTED_EDGE('',*,*,#7780,.T.);
#7820 = ORIENTED_EDGE('',*,*,#6065,.T.);
#7821 = ORIENTED_EDGE('',*,*,#7822,.T.);
#7822 = EDGE_CURVE('',#6058,#7823,#7825,.T.);
#7823 = VERTEX_POINT('',#7824);
#7824 = CARTESIAN_POINT('',(0.32,-2.22,0.95));
#7825 = LINE('',#7826,#7827);
#7826 = CARTESIAN_POINT('',(10.04,-2.22,0.95));
#7827 = VECTOR('',#7828,1.);
#7828 = DIRECTION('',(-1.,0.,0.));
#7829 = ORIENTED_EDGE('',*,*,#7830,.T.);
#7830 = EDGE_CURVE('',#7823,#7831,#7833,.T.);
#7831 = VERTEX_POINT('',#7832);
#7832 = CARTESIAN_POINT('',(0.32,-2.22,-2.84));
#7833 = LINE('',#7834,#7835);
#7834 = CARTESIAN_POINT('',(0.32,-2.22,0.95));
#7835 = VECTOR('',#7836,1.);
#7836 = DIRECTION('',(0.,0.,-1.));
#7837 = ORIENTED_EDGE('',*,*,#7838,.T.);
#7838 = EDGE_CURVE('',#7831,#7839,#7841,.T.);
#7839 = VERTEX_POINT('',#7840);
#7840 = CARTESIAN_POINT('',(-0.32,-2.22,-2.84));
#7841 = LINE('',#7842,#7843);
#7842 = CARTESIAN_POINT('',(0.32,-2.22,-2.84));
#7843 = VECTOR('',#7844,1.);
#7844 = DIRECTION('',(-1.,0.,0.));
#7845 = ORIENTED_EDGE('',*,*,#7846,.T.);
#7846 = EDGE_CURVE('',#7839,#7812,#7847,.T.);
#7847 = LINE('',#7848,#7849);
#7848 = CARTESIAN_POINT('',(-0.32,-2.22,-3.));
#7849 = VECTOR('',#7850,1.);
#7850 = DIRECTION('',(0.,0.,1.));
#7851 = PLANE('',#7852);
#7852 = AXIS2_PLACEMENT_3D('',#7853,#7854,#7855);
#7853 = CARTESIAN_POINT('',(3.575919732441,-2.22,0.579080267559));
#7854 = DIRECTION('',(1.030170245606E-33,1.,6.630961875715E-34));
#7855 = DIRECTION('',(1.,-1.030170245606E-33,-3.284969231842E-83));
#7856 = ADVANCED_FACE('',(#7857),#7875,.T.);
#7857 = FACE_BOUND('',#7858,.T.);
#7858 = EDGE_LOOP('',(#7859,#7860,#7861,#7869));
#7859 = ORIENTED_EDGE('',*,*,#7822,.F.);
#7860 = ORIENTED_EDGE('',*,*,#6057,.T.);
#7861 = ORIENTED_EDGE('',*,*,#7862,.T.);
#7862 = EDGE_CURVE('',#6050,#7863,#7865,.T.);
#7863 = VERTEX_POINT('',#7864);
#7864 = CARTESIAN_POINT('',(0.32,-2.86,0.95));
#7865 = LINE('',#7866,#7867);
#7866 = CARTESIAN_POINT('',(10.04,-2.86,0.95));
#7867 = VECTOR('',#7868,1.);
#7868 = DIRECTION('',(-1.,0.,0.));
#7869 = ORIENTED_EDGE('',*,*,#7870,.F.);
#7870 = EDGE_CURVE('',#7823,#7863,#7871,.T.);
#7871 = LINE('',#7872,#7873);
#7872 = CARTESIAN_POINT('',(0.32,-2.22,0.95));
#7873 = VECTOR('',#7874,1.);
#7874 = DIRECTION('',(0.,-1.,0.));
#7875 = PLANE('',#7876);
#7876 = AXIS2_PLACEMENT_3D('',#7877,#7878,#7879);
#7877 = CARTESIAN_POINT('',(10.04,-2.22,0.95));
#7878 = DIRECTION('',(-0.,-0.,-1.));
#7879 = DIRECTION('',(-1.,0.,0.));
#7880 = ADVANCED_FACE('',(#7881),#7917,.F.);
#7881 = FACE_BOUND('',#7882,.F.);
#7882 = EDGE_LOOP('',(#7883,#7892,#7893,#7894,#7895,#7903,#7911));
#7883 = ORIENTED_EDGE('',*,*,#7884,.T.);
#7884 = EDGE_CURVE('',#7885,#7789,#7887,.T.);
#7885 = VERTEX_POINT('',#7886);
#7886 = CARTESIAN_POINT('',(-0.32,-2.86,0.95));
#7887 = CIRCLE('',#7888,0.64);
#7888 = AXIS2_PLACEMENT_3D('',#7889,#7890,#7891);
#7889 = CARTESIAN_POINT('',(0.32,-2.86,0.95));
#7890 = DIRECTION('',(0.,1.,0.));
#7891 = DIRECTION('',(0.,0.,-1.));
#7892 = ORIENTED_EDGE('',*,*,#7796,.T.);
#7893 = ORIENTED_EDGE('',*,*,#6049,.T.);
#7894 = ORIENTED_EDGE('',*,*,#7862,.T.);
#7895 = ORIENTED_EDGE('',*,*,#7896,.T.);
#7896 = EDGE_CURVE('',#7863,#7897,#7899,.T.);
#7897 = VERTEX_POINT('',#7898);
#7898 = CARTESIAN_POINT('',(0.32,-2.86,-2.84));
#7899 = LINE('',#7900,#7901);
#7900 = CARTESIAN_POINT('',(0.32,-2.86,0.95));
#7901 = VECTOR('',#7902,1.);
#7902 = DIRECTION('',(0.,0.,-1.));
#7903 = ORIENTED_EDGE('',*,*,#7904,.T.);
#7904 = EDGE_CURVE('',#7897,#7905,#7907,.T.);
#7905 = VERTEX_POINT('',#7906);
#7906 = CARTESIAN_POINT('',(-0.32,-2.86,-2.84));
#7907 = LINE('',#7908,#7909);
#7908 = CARTESIAN_POINT('',(0.32,-2.86,-2.84));
#7909 = VECTOR('',#7910,1.);
#7910 = DIRECTION('',(-1.,0.,0.));
#7911 = ORIENTED_EDGE('',*,*,#7912,.T.);
#7912 = EDGE_CURVE('',#7905,#7885,#7913,.T.);
#7913 = LINE('',#7914,#7915);
#7914 = CARTESIAN_POINT('',(-0.32,-2.86,-3.));
#7915 = VECTOR('',#7916,1.);
#7916 = DIRECTION('',(0.,0.,1.));
#7917 = PLANE('',#7918);
#7918 = AXIS2_PLACEMENT_3D('',#7919,#7920,#7921);
#7919 = CARTESIAN_POINT('',(3.575919732441,-2.86,0.579080267559));
#7920 = DIRECTION('',(1.030170245606E-33,1.,6.630961875715E-34));
#7921 = DIRECTION('',(1.,-1.030170245606E-33,-3.284969231842E-83));
#7922 = ADVANCED_FACE('',(#7923),#7948,.T.);
#7923 = FACE_BOUND('',#7924,.T.);
#7924 = EDGE_LOOP('',(#7925,#7933,#7941,#7947));
#7925 = ORIENTED_EDGE('',*,*,#7926,.F.);
#7926 = EDGE_CURVE('',#7927,#6076,#7929,.T.);
#7927 = VERTEX_POINT('',#7928);
#7928 = CARTESIAN_POINT('',(0.32,0.32,1.59));
#7929 = LINE('',#7930,#7931);
#7930 = CARTESIAN_POINT('',(-0.32,0.32,1.59));
#7931 = VECTOR('',#7932,1.);
#7932 = DIRECTION('',(1.,0.,2.143287692327E-17));
#7933 = ORIENTED_EDGE('',*,*,#7934,.T.);
#7934 = EDGE_CURVE('',#7927,#7935,#7937,.T.);
#7935 = VERTEX_POINT('',#7936);
#7936 = CARTESIAN_POINT('',(0.32,-0.32,1.59));
#7937 = LINE('',#7938,#7939);
#7938 = CARTESIAN_POINT('',(0.32,0.32,1.59));
#7939 = VECTOR('',#7940,1.);
#7940 = DIRECTION('',(0.,-1.,0.));
#7941 = ORIENTED_EDGE('',*,*,#7942,.T.);
#7942 = EDGE_CURVE('',#7935,#6074,#7943,.T.);
#7943 = LINE('',#7944,#7945);
#7944 = CARTESIAN_POINT('',(-0.32,-0.32,1.59));
#7945 = VECTOR('',#7946,1.);
#7946 = DIRECTION('',(1.,0.,2.143287692327E-17));
#7947 = ORIENTED_EDGE('',*,*,#6073,.T.);
#7948 = PLANE('',#7949);
#7949 = AXIS2_PLACEMENT_3D('',#7950,#7951,#7952);
#7950 = CARTESIAN_POINT('',(-0.32,0.32,1.59));
#7951 = DIRECTION('',(-2.143287692327E-17,0.,1.));
#7952 = DIRECTION('',(1.,0.,2.143287692327E-17));
#7953 = ADVANCED_FACE('',(#7954),#7997,.T.);
#7954 = FACE_BOUND('',#7955,.T.);
#7955 = EDGE_LOOP('',(#7956,#7965,#7966,#7967,#7975,#7983,#7991));
#7956 = ORIENTED_EDGE('',*,*,#7957,.T.);
#7957 = EDGE_CURVE('',#7958,#7927,#7960,.T.);
#7958 = VERTEX_POINT('',#7959);
#7959 = CARTESIAN_POINT('',(-0.32,0.32,0.95));
#7960 = CIRCLE('',#7961,0.64);
#7961 = AXIS2_PLACEMENT_3D('',#7962,#7963,#7964);
#7962 = CARTESIAN_POINT('',(0.32,0.32,0.95));
#7963 = DIRECTION('',(0.,1.,0.));
#7964 = DIRECTION('',(0.,0.,-1.));
#7965 = ORIENTED_EDGE('',*,*,#7926,.T.);
#7966 = ORIENTED_EDGE('',*,*,#6099,.T.);
#7967 = ORIENTED_EDGE('',*,*,#7968,.T.);
#7968 = EDGE_CURVE('',#6092,#7969,#7971,.T.);
#7969 = VERTEX_POINT('',#7970);
#7970 = CARTESIAN_POINT('',(0.32,0.32,0.95));
#7971 = LINE('',#7972,#7973);
#7972 = CARTESIAN_POINT('',(10.04,0.32,0.95));
#7973 = VECTOR('',#7974,1.);
#7974 = DIRECTION('',(-1.,0.,0.));
#7975 = ORIENTED_EDGE('',*,*,#7976,.T.);
#7976 = EDGE_CURVE('',#7969,#7977,#7979,.T.);
#7977 = VERTEX_POINT('',#7978);
#7978 = CARTESIAN_POINT('',(0.32,0.32,-2.84));
#7979 = LINE('',#7980,#7981);
#7980 = CARTESIAN_POINT('',(0.32,0.32,0.95));
#7981 = VECTOR('',#7982,1.);
#7982 = DIRECTION('',(0.,0.,-1.));
#7983 = ORIENTED_EDGE('',*,*,#7984,.T.);
#7984 = EDGE_CURVE('',#7977,#7985,#7987,.T.);
#7985 = VERTEX_POINT('',#7986);
#7986 = CARTESIAN_POINT('',(-0.32,0.32,-2.84));
#7987 = LINE('',#7988,#7989);
#7988 = CARTESIAN_POINT('',(0.32,0.32,-2.84));
#7989 = VECTOR('',#7990,1.);
#7990 = DIRECTION('',(-1.,0.,0.));
#7991 = ORIENTED_EDGE('',*,*,#7992,.T.);
#7992 = EDGE_CURVE('',#7985,#7958,#7993,.T.);
#7993 = LINE('',#7994,#7995);
#7994 = CARTESIAN_POINT('',(-0.32,0.32,-3.));
#7995 = VECTOR('',#7996,1.);
#7996 = DIRECTION('',(0.,0.,1.));
#7997 = PLANE('',#7998);
#7998 = AXIS2_PLACEMENT_3D('',#7999,#8000,#8001);
#7999 = CARTESIAN_POINT('',(3.575919732441,0.32,0.579080267559));
#8000 = DIRECTION('',(1.030170245606E-33,1.,6.630961875715E-34));
#8001 = DIRECTION('',(1.,-1.030170245606E-33,-3.284969231842E-83));
#8002 = ADVANCED_FACE('',(#8003),#8021,.T.);
#8003 = FACE_BOUND('',#8004,.T.);
#8004 = EDGE_LOOP('',(#8005,#8006,#8007,#8015));
#8005 = ORIENTED_EDGE('',*,*,#7968,.F.);
#8006 = ORIENTED_EDGE('',*,*,#6091,.T.);
#8007 = ORIENTED_EDGE('',*,*,#8008,.T.);
#8008 = EDGE_CURVE('',#6084,#8009,#8011,.T.);
#8009 = VERTEX_POINT('',#8010);
#8010 = CARTESIAN_POINT('',(0.32,-0.32,0.95));
#8011 = LINE('',#8012,#8013);
#8012 = CARTESIAN_POINT('',(10.04,-0.32,0.95));
#8013 = VECTOR('',#8014,1.);
#8014 = DIRECTION('',(-1.,0.,0.));
#8015 = ORIENTED_EDGE('',*,*,#8016,.F.);
#8016 = EDGE_CURVE('',#7969,#8009,#8017,.T.);
#8017 = LINE('',#8018,#8019);
#8018 = CARTESIAN_POINT('',(0.32,0.32,0.95));
#8019 = VECTOR('',#8020,1.);
#8020 = DIRECTION('',(0.,-1.,0.));
#8021 = PLANE('',#8022);
#8022 = AXIS2_PLACEMENT_3D('',#8023,#8024,#8025);
#8023 = CARTESIAN_POINT('',(10.04,0.32,0.95));
#8024 = DIRECTION('',(-0.,-0.,-1.));
#8025 = DIRECTION('',(-1.,0.,0.));
#8026 = ADVANCED_FACE('',(#8027),#8063,.F.);
#8027 = FACE_BOUND('',#8028,.F.);
#8028 = EDGE_LOOP('',(#8029,#8038,#8039,#8040,#8041,#8049,#8057));
#8029 = ORIENTED_EDGE('',*,*,#8030,.T.);
#8030 = EDGE_CURVE('',#8031,#7935,#8033,.T.);
#8031 = VERTEX_POINT('',#8032);
#8032 = CARTESIAN_POINT('',(-0.32,-0.32,0.95));
#8033 = CIRCLE('',#8034,0.64);
#8034 = AXIS2_PLACEMENT_3D('',#8035,#8036,#8037);
#8035 = CARTESIAN_POINT('',(0.32,-0.32,0.95));
#8036 = DIRECTION('',(0.,1.,0.));
#8037 = DIRECTION('',(0.,0.,-1.));
#8038 = ORIENTED_EDGE('',*,*,#7942,.T.);
#8039 = ORIENTED_EDGE('',*,*,#6083,.T.);
#8040 = ORIENTED_EDGE('',*,*,#8008,.T.);
#8041 = ORIENTED_EDGE('',*,*,#8042,.T.);
#8042 = EDGE_CURVE('',#8009,#8043,#8045,.T.);
#8043 = VERTEX_POINT('',#8044);
#8044 = CARTESIAN_POINT('',(0.32,-0.32,-2.84));
#8045 = LINE('',#8046,#8047);
#8046 = CARTESIAN_POINT('',(0.32,-0.32,0.95));
#8047 = VECTOR('',#8048,1.);
#8048 = DIRECTION('',(0.,0.,-1.));
#8049 = ORIENTED_EDGE('',*,*,#8050,.T.);
#8050 = EDGE_CURVE('',#8043,#8051,#8053,.T.);
#8051 = VERTEX_POINT('',#8052);
#8052 = CARTESIAN_POINT('',(-0.32,-0.32,-2.84));
#8053 = LINE('',#8054,#8055);
#8054 = CARTESIAN_POINT('',(0.32,-0.32,-2.84));
#8055 = VECTOR('',#8056,1.);
#8056 = DIRECTION('',(-1.,0.,0.));
#8057 = ORIENTED_EDGE('',*,*,#8058,.T.);
#8058 = EDGE_CURVE('',#8051,#8031,#8059,.T.);
#8059 = LINE('',#8060,#8061);
#8060 = CARTESIAN_POINT('',(-0.32,-0.32,-3.));
#8061 = VECTOR('',#8062,1.);
#8062 = DIRECTION('',(0.,0.,1.));
#8063 = PLANE('',#8064);
#8064 = AXIS2_PLACEMENT_3D('',#8065,#8066,#8067);
#8065 = CARTESIAN_POINT('',(3.575919732441,-0.32,0.579080267559));
#8066 = DIRECTION('',(1.030170245606E-33,1.,6.630961875715E-34));
#8067 = DIRECTION('',(1.,-1.030170245606E-33,-3.284969231842E-83));
#8068 = ADVANCED_FACE('',(#8069),#8094,.T.);
#8069 = FACE_BOUND('',#8070,.T.);
#8070 = EDGE_LOOP('',(#8071,#8079,#8080,#8088));
#8071 = ORIENTED_EDGE('',*,*,#8072,.F.);
#8072 = EDGE_CURVE('',#6399,#8073,#8075,.T.);
#8073 = VERTEX_POINT('',#8074);
#8074 = CARTESIAN_POINT('',(9.88,-4.76,1.59));
#8075 = LINE('',#8076,#8077);
#8076 = CARTESIAN_POINT('',(-0.32,-4.76,1.59));
#8077 = VECTOR('',#8078,1.);
#8078 = DIRECTION('',(1.,0.,2.143287692327E-17));
#8079 = ORIENTED_EDGE('',*,*,#6396,.F.);
#8080 = ORIENTED_EDGE('',*,*,#8081,.T.);
#8081 = EDGE_CURVE('',#6397,#8082,#8084,.T.);
#8082 = VERTEX_POINT('',#8083);
#8083 = CARTESIAN_POINT('',(9.88,-5.4,1.59));
#8084 = LINE('',#8085,#8086);
#8085 = CARTESIAN_POINT('',(-0.32,-5.4,1.59));
#8086 = VECTOR('',#8087,1.);
#8087 = DIRECTION('',(1.,0.,2.143287692327E-17));
#8088 = ORIENTED_EDGE('',*,*,#8089,.F.);
#8089 = EDGE_CURVE('',#8073,#8082,#8090,.T.);
#8090 = LINE('',#8091,#8092);
#8091 = CARTESIAN_POINT('',(9.88,-4.76,1.59));
#8092 = VECTOR('',#8093,1.);
#8093 = DIRECTION('',(0.,-1.,0.));
#8094 = PLANE('',#8095);
#8095 = AXIS2_PLACEMENT_3D('',#8096,#8097,#8098);
#8096 = CARTESIAN_POINT('',(-0.32,-4.76,1.59));
#8097 = DIRECTION('',(-2.143287692327E-17,0.,1.));
#8098 = DIRECTION('',(1.,0.,2.143287692327E-17));
#8099 = ADVANCED_FACE('',(#8100),#8118,.T.);
#8100 = FACE_BOUND('',#8101,.T.);
#8101 = EDGE_LOOP('',(#8102,#8103,#8104,#8112));
#8102 = ORIENTED_EDGE('',*,*,#6422,.F.);
#8103 = ORIENTED_EDGE('',*,*,#8072,.T.);
#8104 = ORIENTED_EDGE('',*,*,#8105,.T.);
#8105 = EDGE_CURVE('',#8073,#8106,#8108,.T.);
#8106 = VERTEX_POINT('',#8107);
#8107 = CARTESIAN_POINT('',(9.88,-4.76,0.95));
#8108 = LINE('',#8109,#8110);
#8109 = CARTESIAN_POINT('',(9.88,-4.76,1.59));
#8110 = VECTOR('',#8111,1.);
#8111 = DIRECTION('',(0.,0.,-1.));
#8112 = ORIENTED_EDGE('',*,*,#8113,.T.);
#8113 = EDGE_CURVE('',#8106,#6415,#8114,.T.);
#8114 = LINE('',#8115,#8116);
#8115 = CARTESIAN_POINT('',(10.04,-4.76,0.95));
#8116 = VECTOR('',#8117,1.);
#8117 = DIRECTION('',(-1.,0.,0.));
#8118 = PLANE('',#8119);
#8119 = AXIS2_PLACEMENT_3D('',#8120,#8121,#8122);
#8120 = CARTESIAN_POINT('',(3.575919732441,-4.76,0.579080267559));
#8121 = DIRECTION('',(1.030170245606E-33,1.,6.630961875715E-34));
#8122 = DIRECTION('',(1.,-1.030170245606E-33,-3.284969231842E-83));
#8123 = ADVANCED_FACE('',(#8124),#8142,.T.);
#8124 = FACE_BOUND('',#8125,.T.);
#8125 = EDGE_LOOP('',(#8126,#8127,#8135,#8141));
#8126 = ORIENTED_EDGE('',*,*,#8113,.F.);
#8127 = ORIENTED_EDGE('',*,*,#8128,.T.);
#8128 = EDGE_CURVE('',#8106,#8129,#8131,.T.);
#8129 = VERTEX_POINT('',#8130);
#8130 = CARTESIAN_POINT('',(9.88,-5.4,0.95));
#8131 = LINE('',#8132,#8133);
#8132 = CARTESIAN_POINT('',(9.88,-4.76,0.95));
#8133 = VECTOR('',#8134,1.);
#8134 = DIRECTION('',(0.,-1.,0.));
#8135 = ORIENTED_EDGE('',*,*,#8136,.T.);
#8136 = EDGE_CURVE('',#8129,#6407,#8137,.T.);
#8137 = LINE('',#8138,#8139);
#8138 = CARTESIAN_POINT('',(10.04,-5.4,0.95));
#8139 = VECTOR('',#8140,1.);
#8140 = DIRECTION('',(-1.,0.,0.));
#8141 = ORIENTED_EDGE('',*,*,#6414,.F.);
#8142 = PLANE('',#8143);
#8143 = AXIS2_PLACEMENT_3D('',#8144,#8145,#8146);
#8144 = CARTESIAN_POINT('',(10.04,-4.76,0.95));
#8145 = DIRECTION('',(-0.,-0.,-1.));
#8146 = DIRECTION('',(-1.,0.,0.));
#8147 = ADVANCED_FACE('',(#8148),#8159,.F.);
#8148 = FACE_BOUND('',#8149,.F.);
#8149 = EDGE_LOOP('',(#8150,#8151,#8152,#8158));
#8150 = ORIENTED_EDGE('',*,*,#6406,.F.);
#8151 = ORIENTED_EDGE('',*,*,#8081,.T.);
#8152 = ORIENTED_EDGE('',*,*,#8153,.T.);
#8153 = EDGE_CURVE('',#8082,#8129,#8154,.T.);
#8154 = LINE('',#8155,#8156);
#8155 = CARTESIAN_POINT('',(9.88,-5.4,1.59));
#8156 = VECTOR('',#8157,1.);
#8157 = DIRECTION('',(0.,0.,-1.));
#8158 = ORIENTED_EDGE('',*,*,#8136,.T.);
#8159 = PLANE('',#8160);
#8160 = AXIS2_PLACEMENT_3D('',#8161,#8162,#8163);
#8161 = CARTESIAN_POINT('',(3.575919732441,-5.4,0.579080267559));
#8162 = DIRECTION('',(1.030170245606E-33,1.,6.630961875715E-34));
#8163 = DIRECTION('',(1.,-1.030170245606E-33,-3.284969231842E-83));
#8164 = ADVANCED_FACE('',(#8165),#8190,.T.);
#8165 = FACE_BOUND('',#8166,.T.);
#8166 = EDGE_LOOP('',(#8167,#8175,#8176,#8184));
#8167 = ORIENTED_EDGE('',*,*,#8168,.F.);
#8168 = EDGE_CURVE('',#6433,#8169,#8171,.T.);
#8169 = VERTEX_POINT('',#8170);
#8170 = CARTESIAN_POINT('',(9.88,-7.3,1.59));
#8171 = LINE('',#8172,#8173);
#8172 = CARTESIAN_POINT('',(-0.32,-7.3,1.59));
#8173 = VECTOR('',#8174,1.);
#8174 = DIRECTION('',(1.,0.,2.143287692327E-17));
#8175 = ORIENTED_EDGE('',*,*,#6430,.F.);
#8176 = ORIENTED_EDGE('',*,*,#8177,.T.);
#8177 = EDGE_CURVE('',#6431,#8178,#8180,.T.);
#8178 = VERTEX_POINT('',#8179);
#8179 = CARTESIAN_POINT('',(9.88,-7.94,1.59));
#8180 = LINE('',#8181,#8182);
#8181 = CARTESIAN_POINT('',(-0.32,-7.94,1.59));
#8182 = VECTOR('',#8183,1.);
#8183 = DIRECTION('',(1.,0.,2.143287692327E-17));
#8184 = ORIENTED_EDGE('',*,*,#8185,.F.);
#8185 = EDGE_CURVE('',#8169,#8178,#8186,.T.);
#8186 = LINE('',#8187,#8188);
#8187 = CARTESIAN_POINT('',(9.88,-7.3,1.59));
#8188 = VECTOR('',#8189,1.);
#8189 = DIRECTION('',(0.,-1.,0.));
#8190 = PLANE('',#8191);
#8191 = AXIS2_PLACEMENT_3D('',#8192,#8193,#8194);
#8192 = CARTESIAN_POINT('',(-0.32,-7.3,1.59));
#8193 = DIRECTION('',(-2.143287692327E-17,0.,1.));
#8194 = DIRECTION('',(1.,0.,2.143287692327E-17));
#8195 = ADVANCED_FACE('',(#8196),#8214,.T.);
#8196 = FACE_BOUND('',#8197,.T.);
#8197 = EDGE_LOOP('',(#8198,#8199,#8200,#8208));
#8198 = ORIENTED_EDGE('',*,*,#6456,.F.);
#8199 = ORIENTED_EDGE('',*,*,#8168,.T.);
#8200 = ORIENTED_EDGE('',*,*,#8201,.T.);
#8201 = EDGE_CURVE('',#8169,#8202,#8204,.T.);
#8202 = VERTEX_POINT('',#8203);
#8203 = CARTESIAN_POINT('',(9.88,-7.3,0.95));
#8204 = LINE('',#8205,#8206);
#8205 = CARTESIAN_POINT('',(9.88,-7.3,1.59));
#8206 = VECTOR('',#8207,1.);
#8207 = DIRECTION('',(0.,0.,-1.));
#8208 = ORIENTED_EDGE('',*,*,#8209,.T.);
#8209 = EDGE_CURVE('',#8202,#6449,#8210,.T.);
#8210 = LINE('',#8211,#8212);
#8211 = CARTESIAN_POINT('',(10.04,-7.3,0.95));
#8212 = VECTOR('',#8213,1.);
#8213 = DIRECTION('',(-1.,0.,0.));
#8214 = PLANE('',#8215);
#8215 = AXIS2_PLACEMENT_3D('',#8216,#8217,#8218);
#8216 = CARTESIAN_POINT('',(3.575919732441,-7.3,0.579080267559));
#8217 = DIRECTION('',(1.030170245606E-33,1.,6.630961875715E-34));
#8218 = DIRECTION('',(1.,-1.030170245606E-33,-3.284969231842E-83));
#8219 = ADVANCED_FACE('',(#8220),#8238,.T.);
#8220 = FACE_BOUND('',#8221,.T.);
#8221 = EDGE_LOOP('',(#8222,#8223,#8231,#8237));
#8222 = ORIENTED_EDGE('',*,*,#8209,.F.);
#8223 = ORIENTED_EDGE('',*,*,#8224,.T.);
#8224 = EDGE_CURVE('',#8202,#8225,#8227,.T.);
#8225 = VERTEX_POINT('',#8226);
#8226 = CARTESIAN_POINT('',(9.88,-7.94,0.95));
#8227 = LINE('',#8228,#8229);
#8228 = CARTESIAN_POINT('',(9.88,-7.3,0.95));
#8229 = VECTOR('',#8230,1.);
#8230 = DIRECTION('',(0.,-1.,0.));
#8231 = ORIENTED_EDGE('',*,*,#8232,.T.);
#8232 = EDGE_CURVE('',#8225,#6441,#8233,.T.);
#8233 = LINE('',#8234,#8235);
#8234 = CARTESIAN_POINT('',(10.04,-7.94,0.95));
#8235 = VECTOR('',#8236,1.);
#8236 = DIRECTION('',(-1.,0.,0.));
#8237 = ORIENTED_EDGE('',*,*,#6448,.F.);
#8238 = PLANE('',#8239);
#8239 = AXIS2_PLACEMENT_3D('',#8240,#8241,#8242);
#8240 = CARTESIAN_POINT('',(10.04,-7.3,0.95));
#8241 = DIRECTION('',(-0.,-0.,-1.));
#8242 = DIRECTION('',(-1.,0.,0.));
#8243 = ADVANCED_FACE('',(#8244),#8255,.F.);
#8244 = FACE_BOUND('',#8245,.F.);
#8245 = EDGE_LOOP('',(#8246,#8247,#8248,#8254));
#8246 = ORIENTED_EDGE('',*,*,#6440,.F.);
#8247 = ORIENTED_EDGE('',*,*,#8177,.T.);
#8248 = ORIENTED_EDGE('',*,*,#8249,.T.);
#8249 = EDGE_CURVE('',#8178,#8225,#8250,.T.);
#8250 = LINE('',#8251,#8252);
#8251 = CARTESIAN_POINT('',(9.88,-7.94,1.59));
#8252 = VECTOR('',#8253,1.);
#8253 = DIRECTION('',(0.,0.,-1.));
#8254 = ORIENTED_EDGE('',*,*,#8232,.T.);
#8255 = PLANE('',#8256);
#8256 = AXIS2_PLACEMENT_3D('',#8257,#8258,#8259);
#8257 = CARTESIAN_POINT('',(3.575919732441,-7.94,0.579080267559));
#8258 = DIRECTION('',(1.030170245606E-33,1.,6.630961875715E-34));
#8259 = DIRECTION('',(1.,-1.030170245606E-33,-3.284969231842E-83));
#8260 = ADVANCED_FACE('',(#8261),#8286,.T.);
#8261 = FACE_BOUND('',#8262,.T.);
#8262 = EDGE_LOOP('',(#8263,#8264,#8272,#8280));
#8263 = ORIENTED_EDGE('',*,*,#6464,.F.);
#8264 = ORIENTED_EDGE('',*,*,#8265,.T.);
#8265 = EDGE_CURVE('',#6465,#8266,#8268,.T.);
#8266 = VERTEX_POINT('',#8267);
#8267 = CARTESIAN_POINT('',(9.88,-12.38,1.59));
#8268 = LINE('',#8269,#8270);
#8269 = CARTESIAN_POINT('',(-0.32,-12.38,1.59));
#8270 = VECTOR('',#8271,1.);
#8271 = DIRECTION('',(1.,0.,2.143287692327E-17));
#8272 = ORIENTED_EDGE('',*,*,#8273,.T.);
#8273 = EDGE_CURVE('',#8266,#8274,#8276,.T.);
#8274 = VERTEX_POINT('',#8275);
#8275 = CARTESIAN_POINT('',(9.88,-12.38,0.95));
#8276 = LINE('',#8277,#8278);
#8277 = CARTESIAN_POINT('',(9.88,-12.38,1.59));
#8278 = VECTOR('',#8279,1.);
#8279 = DIRECTION('',(0.,0.,-1.));
#8280 = ORIENTED_EDGE('',*,*,#8281,.T.);
#8281 = EDGE_CURVE('',#8274,#6467,#8282,.T.);
#8282 = LINE('',#8283,#8284);
#8283 = CARTESIAN_POINT('',(10.04,-12.38,0.95));
#8284 = VECTOR('',#8285,1.);
#8285 = DIRECTION('',(-1.,0.,0.));
#8286 = PLANE('',#8287);
#8287 = AXIS2_PLACEMENT_3D('',#8288,#8289,#8290);
#8288 = CARTESIAN_POINT('',(3.575919732441,-12.38,0.579080267559));
#8289 = DIRECTION('',(1.030170245606E-33,1.,6.630961875715E-34));
#8290 = DIRECTION('',(1.,-1.030170245606E-33,-3.284969231842E-83));
#8291 = ADVANCED_FACE('',(#8292),#8310,.T.);
#8292 = FACE_BOUND('',#8293,.T.);
#8293 = EDGE_LOOP('',(#8294,#8295,#8303,#8309));
#8294 = ORIENTED_EDGE('',*,*,#8281,.F.);
#8295 = ORIENTED_EDGE('',*,*,#8296,.T.);
#8296 = EDGE_CURVE('',#8274,#8297,#8299,.T.);
#8297 = VERTEX_POINT('',#8298);
#8298 = CARTESIAN_POINT('',(9.88,-13.02,0.95));
#8299 = LINE('',#8300,#8301);
#8300 = CARTESIAN_POINT('',(9.88,-12.38,0.95));
#8301 = VECTOR('',#8302,1.);
#8302 = DIRECTION('',(0.,-1.,0.));
#8303 = ORIENTED_EDGE('',*,*,#8304,.T.);
#8304 = EDGE_CURVE('',#8297,#6483,#8305,.T.);
#8305 = LINE('',#8306,#8307);
#8306 = CARTESIAN_POINT('',(10.04,-13.02,0.95));
#8307 = VECTOR('',#8308,1.);
#8308 = DIRECTION('',(-1.,0.,0.));
#8309 = ORIENTED_EDGE('',*,*,#6490,.F.);
#8310 = PLANE('',#8311);
#8311 = AXIS2_PLACEMENT_3D('',#8312,#8313,#8314);
#8312 = CARTESIAN_POINT('',(10.04,-12.38,0.95));
#8313 = DIRECTION('',(-0.,-0.,-1.));
#8314 = DIRECTION('',(-1.,0.,0.));
#8315 = ADVANCED_FACE('',(#8316),#8334,.F.);
#8316 = FACE_BOUND('',#8317,.F.);
#8317 = EDGE_LOOP('',(#8318,#8319,#8327,#8333));
#8318 = ORIENTED_EDGE('',*,*,#6482,.F.);
#8319 = ORIENTED_EDGE('',*,*,#8320,.T.);
#8320 = EDGE_CURVE('',#6475,#8321,#8323,.T.);
#8321 = VERTEX_POINT('',#8322);
#8322 = CARTESIAN_POINT('',(9.88,-13.02,1.59));
#8323 = LINE('',#8324,#8325);
#8324 = CARTESIAN_POINT('',(-0.32,-13.02,1.59));
#8325 = VECTOR('',#8326,1.);
#8326 = DIRECTION('',(1.,0.,2.143287692327E-17));
#8327 = ORIENTED_EDGE('',*,*,#8328,.T.);
#8328 = EDGE_CURVE('',#8321,#8297,#8329,.T.);
#8329 = LINE('',#8330,#8331);
#8330 = CARTESIAN_POINT('',(9.88,-13.02,1.59));
#8331 = VECTOR('',#8332,1.);
#8332 = DIRECTION('',(0.,0.,-1.));
#8333 = ORIENTED_EDGE('',*,*,#8304,.T.);
#8334 = PLANE('',#8335);
#8335 = AXIS2_PLACEMENT_3D('',#8336,#8337,#8338);
#8336 = CARTESIAN_POINT('',(3.575919732441,-13.02,0.579080267559));
#8337 = DIRECTION('',(1.030170245606E-33,1.,6.630961875715E-34));
#8338 = DIRECTION('',(1.,-1.030170245606E-33,-3.284969231842E-83));
#8339 = ADVANCED_FACE('',(#8340),#8351,.T.);
#8340 = FACE_BOUND('',#8341,.T.);
#8341 = EDGE_LOOP('',(#8342,#8343,#8344,#8345));
#8342 = ORIENTED_EDGE('',*,*,#8265,.F.);
#8343 = ORIENTED_EDGE('',*,*,#6474,.F.);
#8344 = ORIENTED_EDGE('',*,*,#8320,.T.);
#8345 = ORIENTED_EDGE('',*,*,#8346,.F.);
#8346 = EDGE_CURVE('',#8266,#8321,#8347,.T.);
#8347 = LINE('',#8348,#8349);
#8348 = CARTESIAN_POINT('',(9.88,-12.38,1.59));
#8349 = VECTOR('',#8350,1.);
#8350 = DIRECTION('',(0.,-1.,0.));
#8351 = PLANE('',#8352);
#8352 = AXIS2_PLACEMENT_3D('',#8353,#8354,#8355);
#8353 = CARTESIAN_POINT('',(-0.32,-12.38,1.59));
#8354 = DIRECTION('',(-2.143287692327E-17,0.,1.));
#8355 = DIRECTION('',(1.,0.,2.143287692327E-17));
#8356 = ADVANCED_FACE('',(#8357),#8382,.T.);
#8357 = FACE_BOUND('',#8358,.T.);
#8358 = EDGE_LOOP('',(#8359,#8367,#8368,#8376));
#8359 = ORIENTED_EDGE('',*,*,#8360,.F.);
#8360 = EDGE_CURVE('',#6501,#8361,#8363,.T.);
#8361 = VERTEX_POINT('',#8362);
#8362 = CARTESIAN_POINT('',(9.88,-9.84,1.59));
#8363 = LINE('',#8364,#8365);
#8364 = CARTESIAN_POINT('',(-0.32,-9.84,1.59));
#8365 = VECTOR('',#8366,1.);
#8366 = DIRECTION('',(1.,0.,2.143287692327E-17));
#8367 = ORIENTED_EDGE('',*,*,#6498,.F.);
#8368 = ORIENTED_EDGE('',*,*,#8369,.T.);
#8369 = EDGE_CURVE('',#6499,#8370,#8372,.T.);
#8370 = VERTEX_POINT('',#8371);
#8371 = CARTESIAN_POINT('',(9.88,-10.48,1.59));
#8372 = LINE('',#8373,#8374);
#8373 = CARTESIAN_POINT('',(-0.32,-10.48,1.59));
#8374 = VECTOR('',#8375,1.);
#8375 = DIRECTION('',(1.,0.,2.143287692327E-17));
#8376 = ORIENTED_EDGE('',*,*,#8377,.F.);
#8377 = EDGE_CURVE('',#8361,#8370,#8378,.T.);
#8378 = LINE('',#8379,#8380);
#8379 = CARTESIAN_POINT('',(9.88,-9.84,1.59));
#8380 = VECTOR('',#8381,1.);
#8381 = DIRECTION('',(0.,-1.,0.));
#8382 = PLANE('',#8383);
#8383 = AXIS2_PLACEMENT_3D('',#8384,#8385,#8386);
#8384 = CARTESIAN_POINT('',(-0.32,-9.84,1.59));
#8385 = DIRECTION('',(-2.143287692327E-17,0.,1.));
#8386 = DIRECTION('',(1.,0.,2.143287692327E-17));
#8387 = ADVANCED_FACE('',(#8388),#8406,.T.);
#8388 = FACE_BOUND('',#8389,.T.);
#8389 = EDGE_LOOP('',(#8390,#8391,#8392,#8400));
#8390 = ORIENTED_EDGE('',*,*,#6524,.F.);
#8391 = ORIENTED_EDGE('',*,*,#8360,.T.);
#8392 = ORIENTED_EDGE('',*,*,#8393,.T.);
#8393 = EDGE_CURVE('',#8361,#8394,#8396,.T.);
#8394 = VERTEX_POINT('',#8395);
#8395 = CARTESIAN_POINT('',(9.88,-9.84,0.95));
#8396 = LINE('',#8397,#8398);
#8397 = CARTESIAN_POINT('',(9.88,-9.84,1.59));
#8398 = VECTOR('',#8399,1.);
#8399 = DIRECTION('',(0.,0.,-1.));
#8400 = ORIENTED_EDGE('',*,*,#8401,.T.);
#8401 = EDGE_CURVE('',#8394,#6517,#8402,.T.);
#8402 = LINE('',#8403,#8404);
#8403 = CARTESIAN_POINT('',(10.04,-9.84,0.95));
#8404 = VECTOR('',#8405,1.);
#8405 = DIRECTION('',(-1.,0.,0.));
#8406 = PLANE('',#8407);
#8407 = AXIS2_PLACEMENT_3D('',#8408,#8409,#8410);
#8408 = CARTESIAN_POINT('',(3.575919732441,-9.84,0.579080267559));
#8409 = DIRECTION('',(1.030170245606E-33,1.,6.630961875715E-34));
#8410 = DIRECTION('',(1.,-1.030170245606E-33,-3.284969231842E-83));
#8411 = ADVANCED_FACE('',(#8412),#8430,.T.);
#8412 = FACE_BOUND('',#8413,.T.);
#8413 = EDGE_LOOP('',(#8414,#8415,#8423,#8429));
#8414 = ORIENTED_EDGE('',*,*,#8401,.F.);
#8415 = ORIENTED_EDGE('',*,*,#8416,.T.);
#8416 = EDGE_CURVE('',#8394,#8417,#8419,.T.);
#8417 = VERTEX_POINT('',#8418);
#8418 = CARTESIAN_POINT('',(9.88,-10.48,0.95));
#8419 = LINE('',#8420,#8421);
#8420 = CARTESIAN_POINT('',(9.88,-9.84,0.95));
#8421 = VECTOR('',#8422,1.);
#8422 = DIRECTION('',(0.,-1.,0.));
#8423 = ORIENTED_EDGE('',*,*,#8424,.T.);
#8424 = EDGE_CURVE('',#8417,#6509,#8425,.T.);
#8425 = LINE('',#8426,#8427);
#8426 = CARTESIAN_POINT('',(10.04,-10.48,0.95));
#8427 = VECTOR('',#8428,1.);
#8428 = DIRECTION('',(-1.,0.,0.));
#8429 = ORIENTED_EDGE('',*,*,#6516,.F.);
#8430 = PLANE('',#8431);
#8431 = AXIS2_PLACEMENT_3D('',#8432,#8433,#8434);
#8432 = CARTESIAN_POINT('',(10.04,-9.84,0.95));
#8433 = DIRECTION('',(-0.,-0.,-1.));
#8434 = DIRECTION('',(-1.,0.,0.));
#8435 = ADVANCED_FACE('',(#8436),#8447,.F.);
#8436 = FACE_BOUND('',#8437,.F.);
#8437 = EDGE_LOOP('',(#8438,#8439,#8440,#8446));
#8438 = ORIENTED_EDGE('',*,*,#6508,.F.);
#8439 = ORIENTED_EDGE('',*,*,#8369,.T.);
#8440 = ORIENTED_EDGE('',*,*,#8441,.T.);
#8441 = EDGE_CURVE('',#8370,#8417,#8442,.T.);
#8442 = LINE('',#8443,#8444);
#8443 = CARTESIAN_POINT('',(9.88,-10.48,1.59));
#8444 = VECTOR('',#8445,1.);
#8445 = DIRECTION('',(0.,0.,-1.));
#8446 = ORIENTED_EDGE('',*,*,#8424,.T.);
#8447 = PLANE('',#8448);
#8448 = AXIS2_PLACEMENT_3D('',#8449,#8450,#8451);
#8449 = CARTESIAN_POINT('',(3.575919732441,-10.48,0.579080267559));
#8450 = DIRECTION('',(1.030170245606E-33,1.,6.630961875715E-34));
#8451 = DIRECTION('',(1.,-1.030170245606E-33,-3.284969231842E-83));
#8452 = ADVANCED_FACE('',(#8453),#8478,.T.);
#8453 = FACE_BOUND('',#8454,.T.);
#8454 = EDGE_LOOP('',(#8455,#8463,#8464,#8472));
#8455 = ORIENTED_EDGE('',*,*,#8456,.F.);
#8456 = EDGE_CURVE('',#6535,#8457,#8459,.T.);
#8457 = VERTEX_POINT('',#8458);
#8458 = CARTESIAN_POINT('',(9.88,-2.22,1.59));
#8459 = LINE('',#8460,#8461);
#8460 = CARTESIAN_POINT('',(-0.32,-2.22,1.59));
#8461 = VECTOR('',#8462,1.);
#8462 = DIRECTION('',(1.,0.,2.143287692327E-17));
#8463 = ORIENTED_EDGE('',*,*,#6532,.F.);
#8464 = ORIENTED_EDGE('',*,*,#8465,.T.);
#8465 = EDGE_CURVE('',#6533,#8466,#8468,.T.);
#8466 = VERTEX_POINT('',#8467);
#8467 = CARTESIAN_POINT('',(9.88,-2.86,1.59));
#8468 = LINE('',#8469,#8470);
#8469 = CARTESIAN_POINT('',(-0.32,-2.86,1.59));
#8470 = VECTOR('',#8471,1.);
#8471 = DIRECTION('',(1.,0.,2.143287692327E-17));
#8472 = ORIENTED_EDGE('',*,*,#8473,.F.);
#8473 = EDGE_CURVE('',#8457,#8466,#8474,.T.);
#8474 = LINE('',#8475,#8476);
#8475 = CARTESIAN_POINT('',(9.88,-2.22,1.59));
#8476 = VECTOR('',#8477,1.);
#8477 = DIRECTION('',(0.,-1.,0.));
#8478 = PLANE('',#8479);
#8479 = AXIS2_PLACEMENT_3D('',#8480,#8481,#8482);
#8480 = CARTESIAN_POINT('',(-0.32,-2.22,1.59));
#8481 = DIRECTION('',(-2.143287692327E-17,0.,1.));
#8482 = DIRECTION('',(1.,0.,2.143287692327E-17));
#8483 = ADVANCED_FACE('',(#8484),#8502,.T.);
#8484 = FACE_BOUND('',#8485,.T.);
#8485 = EDGE_LOOP('',(#8486,#8487,#8488,#8496));
#8486 = ORIENTED_EDGE('',*,*,#6558,.F.);
#8487 = ORIENTED_EDGE('',*,*,#8456,.T.);
#8488 = ORIENTED_EDGE('',*,*,#8489,.T.);
#8489 = EDGE_CURVE('',#8457,#8490,#8492,.T.);
#8490 = VERTEX_POINT('',#8491);
#8491 = CARTESIAN_POINT('',(9.88,-2.22,0.95));
#8492 = LINE('',#8493,#8494);
#8493 = CARTESIAN_POINT('',(9.88,-2.22,1.59));
#8494 = VECTOR('',#8495,1.);
#8495 = DIRECTION('',(0.,0.,-1.));
#8496 = ORIENTED_EDGE('',*,*,#8497,.T.);
#8497 = EDGE_CURVE('',#8490,#6551,#8498,.T.);
#8498 = LINE('',#8499,#8500);
#8499 = CARTESIAN_POINT('',(10.04,-2.22,0.95));
#8500 = VECTOR('',#8501,1.);
#8501 = DIRECTION('',(-1.,0.,0.));
#8502 = PLANE('',#8503);
#8503 = AXIS2_PLACEMENT_3D('',#8504,#8505,#8506);
#8504 = CARTESIAN_POINT('',(3.575919732441,-2.22,0.579080267559));
#8505 = DIRECTION('',(1.030170245606E-33,1.,6.630961875715E-34));
#8506 = DIRECTION('',(1.,-1.030170245606E-33,-3.284969231842E-83));
#8507 = ADVANCED_FACE('',(#8508),#8526,.T.);
#8508 = FACE_BOUND('',#8509,.T.);
#8509 = EDGE_LOOP('',(#8510,#8511,#8519,#8525));
#8510 = ORIENTED_EDGE('',*,*,#8497,.F.);
#8511 = ORIENTED_EDGE('',*,*,#8512,.T.);
#8512 = EDGE_CURVE('',#8490,#8513,#8515,.T.);
#8513 = VERTEX_POINT('',#8514);
#8514 = CARTESIAN_POINT('',(9.88,-2.86,0.95));
#8515 = LINE('',#8516,#8517);
#8516 = CARTESIAN_POINT('',(9.88,-2.22,0.95));
#8517 = VECTOR('',#8518,1.);
#8518 = DIRECTION('',(0.,-1.,0.));
#8519 = ORIENTED_EDGE('',*,*,#8520,.T.);
#8520 = EDGE_CURVE('',#8513,#6543,#8521,.T.);
#8521 = LINE('',#8522,#8523);
#8522 = CARTESIAN_POINT('',(10.04,-2.86,0.95));
#8523 = VECTOR('',#8524,1.);
#8524 = DIRECTION('',(-1.,0.,0.));
#8525 = ORIENTED_EDGE('',*,*,#6550,.F.);
#8526 = PLANE('',#8527);
#8527 = AXIS2_PLACEMENT_3D('',#8528,#8529,#8530);
#8528 = CARTESIAN_POINT('',(10.04,-2.22,0.95));
#8529 = DIRECTION('',(-0.,-0.,-1.));
#8530 = DIRECTION('',(-1.,0.,0.));
#8531 = ADVANCED_FACE('',(#8532),#8543,.F.);
#8532 = FACE_BOUND('',#8533,.F.);
#8533 = EDGE_LOOP('',(#8534,#8535,#8536,#8542));
#8534 = ORIENTED_EDGE('',*,*,#6542,.F.);
#8535 = ORIENTED_EDGE('',*,*,#8465,.T.);
#8536 = ORIENTED_EDGE('',*,*,#8537,.T.);
#8537 = EDGE_CURVE('',#8466,#8513,#8538,.T.);
#8538 = LINE('',#8539,#8540);
#8539 = CARTESIAN_POINT('',(9.88,-2.86,1.59));
#8540 = VECTOR('',#8541,1.);
#8541 = DIRECTION('',(0.,0.,-1.));
#8542 = ORIENTED_EDGE('',*,*,#8520,.T.);
#8543 = PLANE('',#8544);
#8544 = AXIS2_PLACEMENT_3D('',#8545,#8546,#8547);
#8545 = CARTESIAN_POINT('',(3.575919732441,-2.86,0.579080267559));
#8546 = DIRECTION('',(1.030170245606E-33,1.,6.630961875715E-34));
#8547 = DIRECTION('',(1.,-1.030170245606E-33,-3.284969231842E-83));
#8548 = ADVANCED_FACE('',(#8549),#8574,.T.);
#8549 = FACE_BOUND('',#8550,.T.);
#8550 = EDGE_LOOP('',(#8551,#8559,#8560,#8568));
#8551 = ORIENTED_EDGE('',*,*,#8552,.F.);
#8552 = EDGE_CURVE('',#6569,#8553,#8555,.T.);
#8553 = VERTEX_POINT('',#8554);
#8554 = CARTESIAN_POINT('',(9.88,0.32,1.59));
#8555 = LINE('',#8556,#8557);
#8556 = CARTESIAN_POINT('',(-0.32,0.32,1.59));
#8557 = VECTOR('',#8558,1.);
#8558 = DIRECTION('',(1.,0.,2.143287692327E-17));
#8559 = ORIENTED_EDGE('',*,*,#6566,.F.);
#8560 = ORIENTED_EDGE('',*,*,#8561,.T.);
#8561 = EDGE_CURVE('',#6567,#8562,#8564,.T.);
#8562 = VERTEX_POINT('',#8563);
#8563 = CARTESIAN_POINT('',(9.88,-0.32,1.59));
#8564 = LINE('',#8565,#8566);
#8565 = CARTESIAN_POINT('',(-0.32,-0.32,1.59));
#8566 = VECTOR('',#8567,1.);
#8567 = DIRECTION('',(1.,0.,2.143287692327E-17));
#8568 = ORIENTED_EDGE('',*,*,#8569,.F.);
#8569 = EDGE_CURVE('',#8553,#8562,#8570,.T.);
#8570 = LINE('',#8571,#8572);
#8571 = CARTESIAN_POINT('',(9.88,0.32,1.59));
#8572 = VECTOR('',#8573,1.);
#8573 = DIRECTION('',(0.,-1.,0.));
#8574 = PLANE('',#8575);
#8575 = AXIS2_PLACEMENT_3D('',#8576,#8577,#8578);
#8576 = CARTESIAN_POINT('',(-0.32,0.32,1.59));
#8577 = DIRECTION('',(-2.143287692327E-17,0.,1.));
#8578 = DIRECTION('',(1.,0.,2.143287692327E-17));
#8579 = ADVANCED_FACE('',(#8580),#8598,.T.);
#8580 = FACE_BOUND('',#8581,.T.);
#8581 = EDGE_LOOP('',(#8582,#8583,#8584,#8592));
#8582 = ORIENTED_EDGE('',*,*,#6592,.F.);
#8583 = ORIENTED_EDGE('',*,*,#8552,.T.);
#8584 = ORIENTED_EDGE('',*,*,#8585,.T.);
#8585 = EDGE_CURVE('',#8553,#8586,#8588,.T.);
#8586 = VERTEX_POINT('',#8587);
#8587 = CARTESIAN_POINT('',(9.88,0.32,0.95));
#8588 = LINE('',#8589,#8590);
#8589 = CARTESIAN_POINT('',(9.88,0.32,1.59));
#8590 = VECTOR('',#8591,1.);
#8591 = DIRECTION('',(0.,0.,-1.));
#8592 = ORIENTED_EDGE('',*,*,#8593,.T.);
#8593 = EDGE_CURVE('',#8586,#6585,#8594,.T.);
#8594 = LINE('',#8595,#8596);
#8595 = CARTESIAN_POINT('',(10.04,0.32,0.95));
#8596 = VECTOR('',#8597,1.);
#8597 = DIRECTION('',(-1.,0.,0.));
#8598 = PLANE('',#8599);
#8599 = AXIS2_PLACEMENT_3D('',#8600,#8601,#8602);
#8600 = CARTESIAN_POINT('',(3.575919732441,0.32,0.579080267559));
#8601 = DIRECTION('',(1.030170245606E-33,1.,6.630961875715E-34));
#8602 = DIRECTION('',(1.,-1.030170245606E-33,-3.284969231842E-83));
#8603 = ADVANCED_FACE('',(#8604),#8622,.T.);
#8604 = FACE_BOUND('',#8605,.T.);
#8605 = EDGE_LOOP('',(#8606,#8607,#8615,#8621));
#8606 = ORIENTED_EDGE('',*,*,#8593,.F.);
#8607 = ORIENTED_EDGE('',*,*,#8608,.T.);
#8608 = EDGE_CURVE('',#8586,#8609,#8611,.T.);
#8609 = VERTEX_POINT('',#8610);
#8610 = CARTESIAN_POINT('',(9.88,-0.32,0.95));
#8611 = LINE('',#8612,#8613);
#8612 = CARTESIAN_POINT('',(9.88,0.32,0.95));
#8613 = VECTOR('',#8614,1.);
#8614 = DIRECTION('',(0.,-1.,0.));
#8615 = ORIENTED_EDGE('',*,*,#8616,.T.);
#8616 = EDGE_CURVE('',#8609,#6577,#8617,.T.);
#8617 = LINE('',#8618,#8619);
#8618 = CARTESIAN_POINT('',(10.04,-0.32,0.95));
#8619 = VECTOR('',#8620,1.);
#8620 = DIRECTION('',(-1.,0.,0.));
#8621 = ORIENTED_EDGE('',*,*,#6584,.F.);
#8622 = PLANE('',#8623);
#8623 = AXIS2_PLACEMENT_3D('',#8624,#8625,#8626);
#8624 = CARTESIAN_POINT('',(10.04,0.32,0.95));
#8625 = DIRECTION('',(-0.,-0.,-1.));
#8626 = DIRECTION('',(-1.,0.,0.));
#8627 = ADVANCED_FACE('',(#8628),#8639,.F.);
#8628 = FACE_BOUND('',#8629,.F.);
#8629 = EDGE_LOOP('',(#8630,#8631,#8632,#8638));
#8630 = ORIENTED_EDGE('',*,*,#6576,.F.);
#8631 = ORIENTED_EDGE('',*,*,#8561,.T.);
#8632 = ORIENTED_EDGE('',*,*,#8633,.T.);
#8633 = EDGE_CURVE('',#8562,#8609,#8634,.T.);
#8634 = LINE('',#8635,#8636);
#8635 = CARTESIAN_POINT('',(9.88,-0.32,1.59));
#8636 = VECTOR('',#8637,1.);
#8637 = DIRECTION('',(0.,0.,-1.));
#8638 = ORIENTED_EDGE('',*,*,#8616,.T.);
#8639 = PLANE('',#8640);
#8640 = AXIS2_PLACEMENT_3D('',#8641,#8642,#8643);
#8641 = CARTESIAN_POINT('',(3.575919732441,-0.32,0.579080267559));
#8642 = DIRECTION('',(1.030170245606E-33,1.,6.630961875715E-34));
#8643 = DIRECTION('',(1.,-1.030170245606E-33,-3.284969231842E-83));
#8644 = ADVANCED_FACE('',(#8645),#8656,.T.);
#8645 = FACE_BOUND('',#8646,.T.);
#8646 = EDGE_LOOP('',(#8647,#8653,#8654,#8655));
#8647 = ORIENTED_EDGE('',*,*,#8648,.T.);
#8648 = EDGE_CURVE('',#7228,#7301,#8649,.T.);
#8649 = LINE('',#8650,#8651);
#8650 = CARTESIAN_POINT('',(-0.32,-4.76,0.95));
#8651 = VECTOR('',#8652,1.);
#8652 = DIRECTION('',(0.,-1.,0.));
#8653 = ORIENTED_EDGE('',*,*,#7300,.T.);
#8654 = ORIENTED_EDGE('',*,*,#7204,.F.);
#8655 = ORIENTED_EDGE('',*,*,#7227,.F.);
#8656 = CYLINDRICAL_SURFACE('',#8657,0.64);
#8657 = AXIS2_PLACEMENT_3D('',#8658,#8659,#8660);
#8658 = CARTESIAN_POINT('',(0.32,-4.76,0.95));
#8659 = DIRECTION('',(0.,-1.,0.));
#8660 = DIRECTION('',(-1.,0.,0.));
#8661 = ADVANCED_FACE('',(#8662),#8673,.T.);
#8662 = FACE_BOUND('',#8663,.T.);
#8663 = EDGE_LOOP('',(#8664,#8665,#8671,#8672));
#8664 = ORIENTED_EDGE('',*,*,#7262,.F.);
#8665 = ORIENTED_EDGE('',*,*,#8666,.T.);
#8666 = EDGE_CURVE('',#7255,#7321,#8667,.T.);
#8667 = LINE('',#8668,#8669);
#8668 = CARTESIAN_POINT('',(-0.32,-4.76,-2.84));
#8669 = VECTOR('',#8670,1.);
#8670 = DIRECTION('',(0.,-1.,0.));
#8671 = ORIENTED_EDGE('',*,*,#7328,.T.);
#8672 = ORIENTED_EDGE('',*,*,#8648,.F.);
#8673 = PLANE('',#8674);
#8674 = AXIS2_PLACEMENT_3D('',#8675,#8676,#8677);
#8675 = CARTESIAN_POINT('',(-0.32,-4.76,-3.));
#8676 = DIRECTION('',(-1.,0.,0.));
#8677 = DIRECTION('',(0.,0.,1.));
#8678 = ADVANCED_FACE('',(#8679),#8704,.T.);
#8679 = FACE_BOUND('',#8680,.F.);
#8680 = EDGE_LOOP('',(#8681,#8689,#8690,#8698));
#8681 = ORIENTED_EDGE('',*,*,#8682,.F.);
#8682 = EDGE_CURVE('',#7247,#8683,#8685,.T.);
#8683 = VERTEX_POINT('',#8684);
#8684 = CARTESIAN_POINT('',(0.16,-4.92,-3.));
#8685 = LINE('',#8686,#8687);
#8686 = CARTESIAN_POINT('',(0.266666666667,-4.813333333333,
    -2.893333333333));
#8687 = VECTOR('',#8688,1.);
#8688 = DIRECTION('',(-0.57735026919,-0.57735026919,-0.57735026919));
#8689 = ORIENTED_EDGE('',*,*,#7254,.T.);
#8690 = ORIENTED_EDGE('',*,*,#8691,.T.);
#8691 = EDGE_CURVE('',#7255,#8692,#8694,.T.);
#8692 = VERTEX_POINT('',#8693);
#8693 = CARTESIAN_POINT('',(-0.16,-4.92,-3.));
#8694 = LINE('',#8695,#8696);
#8695 = CARTESIAN_POINT('',(-0.16,-4.92,-3.));
#8696 = VECTOR('',#8697,1.);
#8697 = DIRECTION('',(0.57735026919,-0.57735026919,-0.57735026919));
#8698 = ORIENTED_EDGE('',*,*,#8699,.F.);
#8699 = EDGE_CURVE('',#8683,#8692,#8700,.T.);
#8700 = LINE('',#8701,#8702);
#8701 = CARTESIAN_POINT('',(0.32,-4.92,-3.));
#8702 = VECTOR('',#8703,1.);
#8703 = DIRECTION('',(-1.,0.,0.));
#8704 = PLANE('',#8705);
#8705 = AXIS2_PLACEMENT_3D('',#8706,#8707,#8708);
#8706 = CARTESIAN_POINT('',(0.32,-4.84,-2.92));
#8707 = DIRECTION('',(-1.735167508357E-18,0.707106781187,-0.707106781187
    ));
#8708 = DIRECTION('',(1.,1.226948711654E-18,-1.226948711654E-18));
#8709 = ADVANCED_FACE('',(#8710),#8721,.T.);
#8710 = FACE_BOUND('',#8711,.T.);
#8711 = EDGE_LOOP('',(#8712,#8713,#8714,#8715));
#8712 = ORIENTED_EDGE('',*,*,#7246,.F.);
#8713 = ORIENTED_EDGE('',*,*,#7286,.T.);
#8714 = ORIENTED_EDGE('',*,*,#7312,.T.);
#8715 = ORIENTED_EDGE('',*,*,#8716,.F.);
#8716 = EDGE_CURVE('',#7247,#7313,#8717,.T.);
#8717 = LINE('',#8718,#8719);
#8718 = CARTESIAN_POINT('',(0.32,-4.76,-2.84));
#8719 = VECTOR('',#8720,1.);
#8720 = DIRECTION('',(0.,-1.,0.));
#8721 = PLANE('',#8722);
#8722 = AXIS2_PLACEMENT_3D('',#8723,#8724,#8725);
#8723 = CARTESIAN_POINT('',(0.32,-4.76,0.95));
#8724 = DIRECTION('',(1.,0.,0.));
#8725 = DIRECTION('',(0.,0.,-1.));
#8726 = ADVANCED_FACE('',(#8727),#8752,.F.);
#8727 = FACE_BOUND('',#8728,.F.);
#8728 = EDGE_LOOP('',(#8729,#8737,#8745,#8751));
#8729 = ORIENTED_EDGE('',*,*,#8730,.F.);
#8730 = EDGE_CURVE('',#8731,#7313,#8733,.T.);
#8731 = VERTEX_POINT('',#8732);
#8732 = CARTESIAN_POINT('',(0.16,-5.24,-3.));
#8733 = LINE('',#8734,#8735);
#8734 = CARTESIAN_POINT('',(0.16,-5.24,-3.));
#8735 = VECTOR('',#8736,1.);
#8736 = DIRECTION('',(0.57735026919,-0.57735026919,0.57735026919));
#8737 = ORIENTED_EDGE('',*,*,#8738,.T.);
#8738 = EDGE_CURVE('',#8731,#8739,#8741,.T.);
#8739 = VERTEX_POINT('',#8740);
#8740 = CARTESIAN_POINT('',(-0.16,-5.24,-3.));
#8741 = LINE('',#8742,#8743);
#8742 = CARTESIAN_POINT('',(0.32,-5.24,-3.));
#8743 = VECTOR('',#8744,1.);
#8744 = DIRECTION('',(-1.,0.,0.));
#8745 = ORIENTED_EDGE('',*,*,#8746,.T.);
#8746 = EDGE_CURVE('',#8739,#7321,#8747,.T.);
#8747 = LINE('',#8748,#8749);
#8748 = CARTESIAN_POINT('',(-5.333333333333E-02,-5.133333333333,
    -3.106666666667));
#8749 = VECTOR('',#8750,1.);
#8750 = DIRECTION('',(-0.57735026919,-0.57735026919,0.57735026919));
#8751 = ORIENTED_EDGE('',*,*,#7320,.F.);
#8752 = PLANE('',#8753);
#8753 = AXIS2_PLACEMENT_3D('',#8754,#8755,#8756);
#8754 = CARTESIAN_POINT('',(0.32,-5.32,-2.92));
#8755 = DIRECTION('',(1.735167508357E-18,0.707106781187,0.707106781187)
  );
#8756 = DIRECTION('',(-1.,1.226948711654E-18,1.226948711654E-18));
#8757 = ADVANCED_FACE('',(#8758),#8769,.T.);
#8758 = FACE_BOUND('',#8759,.T.);
#8759 = EDGE_LOOP('',(#8760,#8766,#8767,#8768));
#8760 = ORIENTED_EDGE('',*,*,#8761,.T.);
#8761 = EDGE_CURVE('',#7374,#7447,#8762,.T.);
#8762 = LINE('',#8763,#8764);
#8763 = CARTESIAN_POINT('',(-0.32,-7.3,0.95));
#8764 = VECTOR('',#8765,1.);
#8765 = DIRECTION('',(0.,-1.,0.));
#8766 = ORIENTED_EDGE('',*,*,#7446,.T.);
#8767 = ORIENTED_EDGE('',*,*,#7350,.F.);
#8768 = ORIENTED_EDGE('',*,*,#7373,.F.);
#8769 = CYLINDRICAL_SURFACE('',#8770,0.64);
#8770 = AXIS2_PLACEMENT_3D('',#8771,#8772,#8773);
#8771 = CARTESIAN_POINT('',(0.32,-7.3,0.95));
#8772 = DIRECTION('',(0.,-1.,0.));
#8773 = DIRECTION('',(-1.,0.,0.));
#8774 = ADVANCED_FACE('',(#8775),#8786,.T.);
#8775 = FACE_BOUND('',#8776,.T.);
#8776 = EDGE_LOOP('',(#8777,#8778,#8784,#8785));
#8777 = ORIENTED_EDGE('',*,*,#7408,.F.);
#8778 = ORIENTED_EDGE('',*,*,#8779,.T.);
#8779 = EDGE_CURVE('',#7401,#7467,#8780,.T.);
#8780 = LINE('',#8781,#8782);
#8781 = CARTESIAN_POINT('',(-0.32,-7.3,-2.84));
#8782 = VECTOR('',#8783,1.);
#8783 = DIRECTION('',(0.,-1.,0.));
#8784 = ORIENTED_EDGE('',*,*,#7474,.T.);
#8785 = ORIENTED_EDGE('',*,*,#8761,.F.);
#8786 = PLANE('',#8787);
#8787 = AXIS2_PLACEMENT_3D('',#8788,#8789,#8790);
#8788 = CARTESIAN_POINT('',(-0.32,-7.3,-3.));
#8789 = DIRECTION('',(-1.,0.,0.));
#8790 = DIRECTION('',(0.,0.,1.));
#8791 = ADVANCED_FACE('',(#8792),#8817,.T.);
#8792 = FACE_BOUND('',#8793,.F.);
#8793 = EDGE_LOOP('',(#8794,#8802,#8803,#8811));
#8794 = ORIENTED_EDGE('',*,*,#8795,.F.);
#8795 = EDGE_CURVE('',#7393,#8796,#8798,.T.);
#8796 = VERTEX_POINT('',#8797);
#8797 = CARTESIAN_POINT('',(0.16,-7.46,-3.));
#8798 = LINE('',#8799,#8800);
#8799 = CARTESIAN_POINT('',(0.266666666667,-7.353333333333,
    -2.893333333333));
#8800 = VECTOR('',#8801,1.);
#8801 = DIRECTION('',(-0.57735026919,-0.57735026919,-0.57735026919));
#8802 = ORIENTED_EDGE('',*,*,#7400,.T.);
#8803 = ORIENTED_EDGE('',*,*,#8804,.T.);
#8804 = EDGE_CURVE('',#7401,#8805,#8807,.T.);
#8805 = VERTEX_POINT('',#8806);
#8806 = CARTESIAN_POINT('',(-0.16,-7.46,-3.));
#8807 = LINE('',#8808,#8809);
#8808 = CARTESIAN_POINT('',(-0.16,-7.46,-3.));
#8809 = VECTOR('',#8810,1.);
#8810 = DIRECTION('',(0.57735026919,-0.57735026919,-0.57735026919));
#8811 = ORIENTED_EDGE('',*,*,#8812,.F.);
#8812 = EDGE_CURVE('',#8796,#8805,#8813,.T.);
#8813 = LINE('',#8814,#8815);
#8814 = CARTESIAN_POINT('',(0.32,-7.46,-3.));
#8815 = VECTOR('',#8816,1.);
#8816 = DIRECTION('',(-1.,0.,0.));
#8817 = PLANE('',#8818);
#8818 = AXIS2_PLACEMENT_3D('',#8819,#8820,#8821);
#8819 = CARTESIAN_POINT('',(0.32,-7.38,-2.92));
#8820 = DIRECTION('',(-1.735167508357E-18,0.707106781187,-0.707106781187
    ));
#8821 = DIRECTION('',(1.,1.226948711654E-18,-1.226948711654E-18));
#8822 = ADVANCED_FACE('',(#8823),#8834,.T.);
#8823 = FACE_BOUND('',#8824,.T.);
#8824 = EDGE_LOOP('',(#8825,#8826,#8827,#8828));
#8825 = ORIENTED_EDGE('',*,*,#7392,.F.);
#8826 = ORIENTED_EDGE('',*,*,#7432,.T.);
#8827 = ORIENTED_EDGE('',*,*,#7458,.T.);
#8828 = ORIENTED_EDGE('',*,*,#8829,.F.);
#8829 = EDGE_CURVE('',#7393,#7459,#8830,.T.);
#8830 = LINE('',#8831,#8832);
#8831 = CARTESIAN_POINT('',(0.32,-7.3,-2.84));
#8832 = VECTOR('',#8833,1.);
#8833 = DIRECTION('',(0.,-1.,0.));
#8834 = PLANE('',#8835);
#8835 = AXIS2_PLACEMENT_3D('',#8836,#8837,#8838);
#8836 = CARTESIAN_POINT('',(0.32,-7.3,0.95));
#8837 = DIRECTION('',(1.,0.,0.));
#8838 = DIRECTION('',(0.,0.,-1.));
#8839 = ADVANCED_FACE('',(#8840),#8865,.F.);
#8840 = FACE_BOUND('',#8841,.F.);
#8841 = EDGE_LOOP('',(#8842,#8850,#8858,#8864));
#8842 = ORIENTED_EDGE('',*,*,#8843,.F.);
#8843 = EDGE_CURVE('',#8844,#7459,#8846,.T.);
#8844 = VERTEX_POINT('',#8845);
#8845 = CARTESIAN_POINT('',(0.16,-7.78,-3.));
#8846 = LINE('',#8847,#8848);
#8847 = CARTESIAN_POINT('',(0.16,-7.78,-3.));
#8848 = VECTOR('',#8849,1.);
#8849 = DIRECTION('',(0.57735026919,-0.57735026919,0.57735026919));
#8850 = ORIENTED_EDGE('',*,*,#8851,.T.);
#8851 = EDGE_CURVE('',#8844,#8852,#8854,.T.);
#8852 = VERTEX_POINT('',#8853);
#8853 = CARTESIAN_POINT('',(-0.16,-7.78,-3.));
#8854 = LINE('',#8855,#8856);
#8855 = CARTESIAN_POINT('',(0.32,-7.78,-3.));
#8856 = VECTOR('',#8857,1.);
#8857 = DIRECTION('',(-1.,0.,0.));
#8858 = ORIENTED_EDGE('',*,*,#8859,.T.);
#8859 = EDGE_CURVE('',#8852,#7467,#8860,.T.);
#8860 = LINE('',#8861,#8862);
#8861 = CARTESIAN_POINT('',(-5.333333333333E-02,-7.673333333333,
    -3.106666666667));
#8862 = VECTOR('',#8863,1.);
#8863 = DIRECTION('',(-0.57735026919,-0.57735026919,0.57735026919));
#8864 = ORIENTED_EDGE('',*,*,#7466,.F.);
#8865 = PLANE('',#8866);
#8866 = AXIS2_PLACEMENT_3D('',#8867,#8868,#8869);
#8867 = CARTESIAN_POINT('',(0.32,-7.86,-2.92));
#8868 = DIRECTION('',(1.735167508357E-18,0.707106781187,0.707106781187)
  );
#8869 = DIRECTION('',(-1.,1.226948711654E-18,1.226948711654E-18));
#8870 = ADVANCED_FACE('',(#8871),#8882,.T.);
#8871 = FACE_BOUND('',#8872,.T.);
#8872 = EDGE_LOOP('',(#8873,#8879,#8880,#8881));
#8873 = ORIENTED_EDGE('',*,*,#8874,.T.);
#8874 = EDGE_CURVE('',#7489,#7569,#8875,.T.);
#8875 = LINE('',#8876,#8877);
#8876 = CARTESIAN_POINT('',(-0.32,-12.38,0.95));
#8877 = VECTOR('',#8878,1.);
#8878 = DIRECTION('',(0.,-1.,0.));
#8879 = ORIENTED_EDGE('',*,*,#7568,.T.);
#8880 = ORIENTED_EDGE('',*,*,#7618,.F.);
#8881 = ORIENTED_EDGE('',*,*,#7488,.F.);
#8882 = CYLINDRICAL_SURFACE('',#8883,0.64);
#8883 = AXIS2_PLACEMENT_3D('',#8884,#8885,#8886);
#8884 = CARTESIAN_POINT('',(0.32,-12.38,0.95));
#8885 = DIRECTION('',(0.,-1.,0.));
#8886 = DIRECTION('',(-1.,0.,0.));
#8887 = ADVANCED_FACE('',(#8888),#8899,.T.);
#8888 = FACE_BOUND('',#8889,.T.);
#8889 = EDGE_LOOP('',(#8890,#8891,#8897,#8898));
#8890 = ORIENTED_EDGE('',*,*,#7530,.F.);
#8891 = ORIENTED_EDGE('',*,*,#8892,.T.);
#8892 = EDGE_CURVE('',#7523,#7596,#8893,.T.);
#8893 = LINE('',#8894,#8895);
#8894 = CARTESIAN_POINT('',(-0.32,-12.38,-2.84));
#8895 = VECTOR('',#8896,1.);
#8896 = DIRECTION('',(0.,-1.,0.));
#8897 = ORIENTED_EDGE('',*,*,#7603,.T.);
#8898 = ORIENTED_EDGE('',*,*,#8874,.F.);
#8899 = PLANE('',#8900);
#8900 = AXIS2_PLACEMENT_3D('',#8901,#8902,#8903);
#8901 = CARTESIAN_POINT('',(-0.32,-12.38,-3.));
#8902 = DIRECTION('',(-1.,0.,0.));
#8903 = DIRECTION('',(0.,0.,1.));
#8904 = ADVANCED_FACE('',(#8905),#8930,.T.);
#8905 = FACE_BOUND('',#8906,.F.);
#8906 = EDGE_LOOP('',(#8907,#8915,#8916,#8924));
#8907 = ORIENTED_EDGE('',*,*,#8908,.F.);
#8908 = EDGE_CURVE('',#7515,#8909,#8911,.T.);
#8909 = VERTEX_POINT('',#8910);
#8910 = CARTESIAN_POINT('',(0.16,-12.54,-3.));
#8911 = LINE('',#8912,#8913);
#8912 = CARTESIAN_POINT('',(0.266666666667,-12.43333333333,
    -2.893333333333));
#8913 = VECTOR('',#8914,1.);
#8914 = DIRECTION('',(-0.57735026919,-0.57735026919,-0.57735026919));
#8915 = ORIENTED_EDGE('',*,*,#7522,.T.);
#8916 = ORIENTED_EDGE('',*,*,#8917,.T.);
#8917 = EDGE_CURVE('',#7523,#8918,#8920,.T.);
#8918 = VERTEX_POINT('',#8919);
#8919 = CARTESIAN_POINT('',(-0.16,-12.54,-3.));
#8920 = LINE('',#8921,#8922);
#8921 = CARTESIAN_POINT('',(-0.16,-12.54,-3.));
#8922 = VECTOR('',#8923,1.);
#8923 = DIRECTION('',(0.57735026919,-0.57735026919,-0.57735026919));
#8924 = ORIENTED_EDGE('',*,*,#8925,.F.);
#8925 = EDGE_CURVE('',#8909,#8918,#8926,.T.);
#8926 = LINE('',#8927,#8928);
#8927 = CARTESIAN_POINT('',(0.32,-12.54,-3.));
#8928 = VECTOR('',#8929,1.);
#8929 = DIRECTION('',(-1.,0.,0.));
#8930 = PLANE('',#8931);
#8931 = AXIS2_PLACEMENT_3D('',#8932,#8933,#8934);
#8932 = CARTESIAN_POINT('',(0.32,-12.46,-2.92));
#8933 = DIRECTION('',(-1.735167508357E-18,0.707106781187,-0.707106781187
    ));
#8934 = DIRECTION('',(1.,1.226948711654E-18,-1.226948711654E-18));
#8935 = ADVANCED_FACE('',(#8936),#8947,.T.);
#8936 = FACE_BOUND('',#8937,.T.);
#8937 = EDGE_LOOP('',(#8938,#8939,#8940,#8941));
#8938 = ORIENTED_EDGE('',*,*,#7514,.F.);
#8939 = ORIENTED_EDGE('',*,*,#7554,.T.);
#8940 = ORIENTED_EDGE('',*,*,#7587,.T.);
#8941 = ORIENTED_EDGE('',*,*,#8942,.F.);
#8942 = EDGE_CURVE('',#7515,#7588,#8943,.T.);
#8943 = LINE('',#8944,#8945);
#8944 = CARTESIAN_POINT('',(0.32,-12.38,-2.84));
#8945 = VECTOR('',#8946,1.);
#8946 = DIRECTION('',(0.,-1.,0.));
#8947 = PLANE('',#8948);
#8948 = AXIS2_PLACEMENT_3D('',#8949,#8950,#8951);
#8949 = CARTESIAN_POINT('',(0.32,-12.38,0.95));
#8950 = DIRECTION('',(1.,0.,0.));
#8951 = DIRECTION('',(0.,0.,-1.));
#8952 = ADVANCED_FACE('',(#8953),#8978,.F.);
#8953 = FACE_BOUND('',#8954,.F.);
#8954 = EDGE_LOOP('',(#8955,#8963,#8971,#8977));
#8955 = ORIENTED_EDGE('',*,*,#8956,.F.);
#8956 = EDGE_CURVE('',#8957,#7588,#8959,.T.);
#8957 = VERTEX_POINT('',#8958);
#8958 = CARTESIAN_POINT('',(0.16,-12.86,-3.));
#8959 = LINE('',#8960,#8961);
#8960 = CARTESIAN_POINT('',(0.16,-12.86,-3.));
#8961 = VECTOR('',#8962,1.);
#8962 = DIRECTION('',(0.57735026919,-0.57735026919,0.57735026919));
#8963 = ORIENTED_EDGE('',*,*,#8964,.T.);
#8964 = EDGE_CURVE('',#8957,#8965,#8967,.T.);
#8965 = VERTEX_POINT('',#8966);
#8966 = CARTESIAN_POINT('',(-0.16,-12.86,-3.));
#8967 = LINE('',#8968,#8969);
#8968 = CARTESIAN_POINT('',(0.32,-12.86,-3.));
#8969 = VECTOR('',#8970,1.);
#8970 = DIRECTION('',(-1.,0.,0.));
#8971 = ORIENTED_EDGE('',*,*,#8972,.T.);
#8972 = EDGE_CURVE('',#8965,#7596,#8973,.T.);
#8973 = LINE('',#8974,#8975);
#8974 = CARTESIAN_POINT('',(-5.333333333333E-02,-12.75333333333,
    -3.106666666667));
#8975 = VECTOR('',#8976,1.);
#8976 = DIRECTION('',(-0.57735026919,-0.57735026919,0.57735026919));
#8977 = ORIENTED_EDGE('',*,*,#7595,.F.);
#8978 = PLANE('',#8979);
#8979 = AXIS2_PLACEMENT_3D('',#8980,#8981,#8982);
#8980 = CARTESIAN_POINT('',(0.32,-12.94,-2.92));
#8981 = DIRECTION('',(1.735167508357E-18,0.707106781187,0.707106781187)
  );
#8982 = DIRECTION('',(-1.,1.226948711654E-18,1.226948711654E-18));
#8983 = ADVANCED_FACE('',(#8984),#8995,.T.);
#8984 = FACE_BOUND('',#8985,.T.);
#8985 = EDGE_LOOP('',(#8986,#8992,#8993,#8994));
#8986 = ORIENTED_EDGE('',*,*,#8987,.T.);
#8987 = EDGE_CURVE('',#7666,#7739,#8988,.T.);
#8988 = LINE('',#8989,#8990);
#8989 = CARTESIAN_POINT('',(-0.32,-9.84,0.95));
#8990 = VECTOR('',#8991,1.);
#8991 = DIRECTION('',(0.,-1.,0.));
#8992 = ORIENTED_EDGE('',*,*,#7738,.T.);
#8993 = ORIENTED_EDGE('',*,*,#7642,.F.);
#8994 = ORIENTED_EDGE('',*,*,#7665,.F.);
#8995 = CYLINDRICAL_SURFACE('',#8996,0.64);
#8996 = AXIS2_PLACEMENT_3D('',#8997,#8998,#8999);
#8997 = CARTESIAN_POINT('',(0.32,-9.84,0.95));
#8998 = DIRECTION('',(0.,-1.,0.));
#8999 = DIRECTION('',(-1.,0.,0.));
#9000 = ADVANCED_FACE('',(#9001),#9012,.T.);
#9001 = FACE_BOUND('',#9002,.T.);
#9002 = EDGE_LOOP('',(#9003,#9004,#9010,#9011));
#9003 = ORIENTED_EDGE('',*,*,#7700,.F.);
#9004 = ORIENTED_EDGE('',*,*,#9005,.T.);
#9005 = EDGE_CURVE('',#7693,#7759,#9006,.T.);
#9006 = LINE('',#9007,#9008);
#9007 = CARTESIAN_POINT('',(-0.32,-9.84,-2.84));
#9008 = VECTOR('',#9009,1.);
#9009 = DIRECTION('',(0.,-1.,0.));
#9010 = ORIENTED_EDGE('',*,*,#7766,.T.);
#9011 = ORIENTED_EDGE('',*,*,#8987,.F.);
#9012 = PLANE('',#9013);
#9013 = AXIS2_PLACEMENT_3D('',#9014,#9015,#9016);
#9014 = CARTESIAN_POINT('',(-0.32,-9.84,-3.));
#9015 = DIRECTION('',(-1.,0.,0.));
#9016 = DIRECTION('',(0.,0.,1.));
#9017 = ADVANCED_FACE('',(#9018),#9043,.T.);
#9018 = FACE_BOUND('',#9019,.F.);
#9019 = EDGE_LOOP('',(#9020,#9028,#9029,#9037));
#9020 = ORIENTED_EDGE('',*,*,#9021,.F.);
#9021 = EDGE_CURVE('',#7685,#9022,#9024,.T.);
#9022 = VERTEX_POINT('',#9023);
#9023 = CARTESIAN_POINT('',(0.16,-10.,-3.));
#9024 = LINE('',#9025,#9026);
#9025 = CARTESIAN_POINT('',(0.266666666667,-9.893333333333,
    -2.893333333333));
#9026 = VECTOR('',#9027,1.);
#9027 = DIRECTION('',(-0.57735026919,-0.57735026919,-0.57735026919));
#9028 = ORIENTED_EDGE('',*,*,#7692,.T.);
#9029 = ORIENTED_EDGE('',*,*,#9030,.T.);
#9030 = EDGE_CURVE('',#7693,#9031,#9033,.T.);
#9031 = VERTEX_POINT('',#9032);
#9032 = CARTESIAN_POINT('',(-0.16,-10.,-3.));
#9033 = LINE('',#9034,#9035);
#9034 = CARTESIAN_POINT('',(-0.16,-10.,-3.));
#9035 = VECTOR('',#9036,1.);
#9036 = DIRECTION('',(0.57735026919,-0.57735026919,-0.57735026919));
#9037 = ORIENTED_EDGE('',*,*,#9038,.F.);
#9038 = EDGE_CURVE('',#9022,#9031,#9039,.T.);
#9039 = LINE('',#9040,#9041);
#9040 = CARTESIAN_POINT('',(0.32,-10.,-3.));
#9041 = VECTOR('',#9042,1.);
#9042 = DIRECTION('',(-1.,0.,0.));
#9043 = PLANE('',#9044);
#9044 = AXIS2_PLACEMENT_3D('',#9045,#9046,#9047);
#9045 = CARTESIAN_POINT('',(0.32,-9.92,-2.92));
#9046 = DIRECTION('',(-1.735167508357E-18,0.707106781187,-0.707106781187
    ));
#9047 = DIRECTION('',(1.,1.226948711654E-18,-1.226948711654E-18));
#9048 = ADVANCED_FACE('',(#9049),#9060,.T.);
#9049 = FACE_BOUND('',#9050,.T.);
#9050 = EDGE_LOOP('',(#9051,#9052,#9053,#9054));
#9051 = ORIENTED_EDGE('',*,*,#7684,.F.);
#9052 = ORIENTED_EDGE('',*,*,#7724,.T.);
#9053 = ORIENTED_EDGE('',*,*,#7750,.T.);
#9054 = ORIENTED_EDGE('',*,*,#9055,.F.);
#9055 = EDGE_CURVE('',#7685,#7751,#9056,.T.);
#9056 = LINE('',#9057,#9058);
#9057 = CARTESIAN_POINT('',(0.32,-9.84,-2.84));
#9058 = VECTOR('',#9059,1.);
#9059 = DIRECTION('',(0.,-1.,0.));
#9060 = PLANE('',#9061);
#9061 = AXIS2_PLACEMENT_3D('',#9062,#9063,#9064);
#9062 = CARTESIAN_POINT('',(0.32,-9.84,0.95));
#9063 = DIRECTION('',(1.,0.,0.));
#9064 = DIRECTION('',(0.,0.,-1.));
#9065 = ADVANCED_FACE('',(#9066),#9091,.F.);
#9066 = FACE_BOUND('',#9067,.F.);
#9067 = EDGE_LOOP('',(#9068,#9076,#9084,#9090));
#9068 = ORIENTED_EDGE('',*,*,#9069,.F.);
#9069 = EDGE_CURVE('',#9070,#7751,#9072,.T.);
#9070 = VERTEX_POINT('',#9071);
#9071 = CARTESIAN_POINT('',(0.16,-10.32,-3.));
#9072 = LINE('',#9073,#9074);
#9073 = CARTESIAN_POINT('',(0.16,-10.32,-3.));
#9074 = VECTOR('',#9075,1.);
#9075 = DIRECTION('',(0.57735026919,-0.57735026919,0.57735026919));
#9076 = ORIENTED_EDGE('',*,*,#9077,.T.);
#9077 = EDGE_CURVE('',#9070,#9078,#9080,.T.);
#9078 = VERTEX_POINT('',#9079);
#9079 = CARTESIAN_POINT('',(-0.16,-10.32,-3.));
#9080 = LINE('',#9081,#9082);
#9081 = CARTESIAN_POINT('',(0.32,-10.32,-3.));
#9082 = VECTOR('',#9083,1.);
#9083 = DIRECTION('',(-1.,0.,0.));
#9084 = ORIENTED_EDGE('',*,*,#9085,.T.);
#9085 = EDGE_CURVE('',#9078,#7759,#9086,.T.);
#9086 = LINE('',#9087,#9088);
#9087 = CARTESIAN_POINT('',(-5.333333333333E-02,-10.21333333333,
    -3.106666666667));
#9088 = VECTOR('',#9089,1.);
#9089 = DIRECTION('',(-0.57735026919,-0.57735026919,0.57735026919));
#9090 = ORIENTED_EDGE('',*,*,#7758,.F.);
#9091 = PLANE('',#9092);
#9092 = AXIS2_PLACEMENT_3D('',#9093,#9094,#9095);
#9093 = CARTESIAN_POINT('',(0.32,-10.4,-2.92));
#9094 = DIRECTION('',(1.735167508357E-18,0.707106781187,0.707106781187)
  );
#9095 = DIRECTION('',(-1.,1.226948711654E-18,1.226948711654E-18));
#9096 = ADVANCED_FACE('',(#9097),#9108,.T.);
#9097 = FACE_BOUND('',#9098,.T.);
#9098 = EDGE_LOOP('',(#9099,#9105,#9106,#9107));
#9099 = ORIENTED_EDGE('',*,*,#9100,.T.);
#9100 = EDGE_CURVE('',#7812,#7885,#9101,.T.);
#9101 = LINE('',#9102,#9103);
#9102 = CARTESIAN_POINT('',(-0.32,-2.22,0.95));
#9103 = VECTOR('',#9104,1.);
#9104 = DIRECTION('',(0.,-1.,0.));
#9105 = ORIENTED_EDGE('',*,*,#7884,.T.);
#9106 = ORIENTED_EDGE('',*,*,#7788,.F.);
#9107 = ORIENTED_EDGE('',*,*,#7811,.F.);
#9108 = CYLINDRICAL_SURFACE('',#9109,0.64);
#9109 = AXIS2_PLACEMENT_3D('',#9110,#9111,#9112);
#9110 = CARTESIAN_POINT('',(0.32,-2.22,0.95));
#9111 = DIRECTION('',(0.,-1.,0.));
#9112 = DIRECTION('',(-1.,0.,0.));
#9113 = ADVANCED_FACE('',(#9114),#9125,.T.);
#9114 = FACE_BOUND('',#9115,.T.);
#9115 = EDGE_LOOP('',(#9116,#9117,#9123,#9124));
#9116 = ORIENTED_EDGE('',*,*,#7846,.F.);
#9117 = ORIENTED_EDGE('',*,*,#9118,.T.);
#9118 = EDGE_CURVE('',#7839,#7905,#9119,.T.);
#9119 = LINE('',#9120,#9121);
#9120 = CARTESIAN_POINT('',(-0.32,-2.22,-2.84));
#9121 = VECTOR('',#9122,1.);
#9122 = DIRECTION('',(0.,-1.,0.));
#9123 = ORIENTED_EDGE('',*,*,#7912,.T.);
#9124 = ORIENTED_EDGE('',*,*,#9100,.F.);
#9125 = PLANE('',#9126);
#9126 = AXIS2_PLACEMENT_3D('',#9127,#9128,#9129);
#9127 = CARTESIAN_POINT('',(-0.32,-2.22,-3.));
#9128 = DIRECTION('',(-1.,0.,0.));
#9129 = DIRECTION('',(0.,0.,1.));
#9130 = ADVANCED_FACE('',(#9131),#9156,.T.);
#9131 = FACE_BOUND('',#9132,.F.);
#9132 = EDGE_LOOP('',(#9133,#9141,#9142,#9150));
#9133 = ORIENTED_EDGE('',*,*,#9134,.F.);
#9134 = EDGE_CURVE('',#7831,#9135,#9137,.T.);
#9135 = VERTEX_POINT('',#9136);
#9136 = CARTESIAN_POINT('',(0.16,-2.38,-3.));
#9137 = LINE('',#9138,#9139);
#9138 = CARTESIAN_POINT('',(0.266666666667,-2.273333333333,
    -2.893333333333));
#9139 = VECTOR('',#9140,1.);
#9140 = DIRECTION('',(-0.57735026919,-0.57735026919,-0.57735026919));
#9141 = ORIENTED_EDGE('',*,*,#7838,.T.);
#9142 = ORIENTED_EDGE('',*,*,#9143,.T.);
#9143 = EDGE_CURVE('',#7839,#9144,#9146,.T.);
#9144 = VERTEX_POINT('',#9145);
#9145 = CARTESIAN_POINT('',(-0.16,-2.38,-3.));
#9146 = LINE('',#9147,#9148);
#9147 = CARTESIAN_POINT('',(-0.16,-2.38,-3.));
#9148 = VECTOR('',#9149,1.);
#9149 = DIRECTION('',(0.57735026919,-0.57735026919,-0.57735026919));
#9150 = ORIENTED_EDGE('',*,*,#9151,.F.);
#9151 = EDGE_CURVE('',#9135,#9144,#9152,.T.);
#9152 = LINE('',#9153,#9154);
#9153 = CARTESIAN_POINT('',(0.32,-2.38,-3.));
#9154 = VECTOR('',#9155,1.);
#9155 = DIRECTION('',(-1.,0.,0.));
#9156 = PLANE('',#9157);
#9157 = AXIS2_PLACEMENT_3D('',#9158,#9159,#9160);
#9158 = CARTESIAN_POINT('',(0.32,-2.3,-2.92));
#9159 = DIRECTION('',(-1.735167508357E-18,0.707106781187,-0.707106781187
    ));
#9160 = DIRECTION('',(1.,1.226948711654E-18,-1.226948711654E-18));
#9161 = ADVANCED_FACE('',(#9162),#9173,.T.);
#9162 = FACE_BOUND('',#9163,.T.);
#9163 = EDGE_LOOP('',(#9164,#9165,#9166,#9167));
#9164 = ORIENTED_EDGE('',*,*,#7830,.F.);
#9165 = ORIENTED_EDGE('',*,*,#7870,.T.);
#9166 = ORIENTED_EDGE('',*,*,#7896,.T.);
#9167 = ORIENTED_EDGE('',*,*,#9168,.F.);
#9168 = EDGE_CURVE('',#7831,#7897,#9169,.T.);
#9169 = LINE('',#9170,#9171);
#9170 = CARTESIAN_POINT('',(0.32,-2.22,-2.84));
#9171 = VECTOR('',#9172,1.);
#9172 = DIRECTION('',(0.,-1.,0.));
#9173 = PLANE('',#9174);
#9174 = AXIS2_PLACEMENT_3D('',#9175,#9176,#9177);
#9175 = CARTESIAN_POINT('',(0.32,-2.22,0.95));
#9176 = DIRECTION('',(1.,0.,0.));
#9177 = DIRECTION('',(0.,0.,-1.));
#9178 = ADVANCED_FACE('',(#9179),#9204,.F.);
#9179 = FACE_BOUND('',#9180,.F.);
#9180 = EDGE_LOOP('',(#9181,#9189,#9197,#9203));
#9181 = ORIENTED_EDGE('',*,*,#9182,.F.);
#9182 = EDGE_CURVE('',#9183,#7897,#9185,.T.);
#9183 = VERTEX_POINT('',#9184);
#9184 = CARTESIAN_POINT('',(0.16,-2.7,-3.));
#9185 = LINE('',#9186,#9187);
#9186 = CARTESIAN_POINT('',(0.16,-2.7,-3.));
#9187 = VECTOR('',#9188,1.);
#9188 = DIRECTION('',(0.57735026919,-0.57735026919,0.57735026919));
#9189 = ORIENTED_EDGE('',*,*,#9190,.T.);
#9190 = EDGE_CURVE('',#9183,#9191,#9193,.T.);
#9191 = VERTEX_POINT('',#9192);
#9192 = CARTESIAN_POINT('',(-0.16,-2.7,-3.));
#9193 = LINE('',#9194,#9195);
#9194 = CARTESIAN_POINT('',(0.32,-2.7,-3.));
#9195 = VECTOR('',#9196,1.);
#9196 = DIRECTION('',(-1.,0.,0.));
#9197 = ORIENTED_EDGE('',*,*,#9198,.T.);
#9198 = EDGE_CURVE('',#9191,#7905,#9199,.T.);
#9199 = LINE('',#9200,#9201);
#9200 = CARTESIAN_POINT('',(-5.333333333333E-02,-2.593333333333,
    -3.106666666667));
#9201 = VECTOR('',#9202,1.);
#9202 = DIRECTION('',(-0.57735026919,-0.57735026919,0.57735026919));
#9203 = ORIENTED_EDGE('',*,*,#7904,.F.);
#9204 = PLANE('',#9205);
#9205 = AXIS2_PLACEMENT_3D('',#9206,#9207,#9208);
#9206 = CARTESIAN_POINT('',(0.32,-2.78,-2.92));
#9207 = DIRECTION('',(1.735167508357E-18,0.707106781187,0.707106781187)
  );
#9208 = DIRECTION('',(-1.,1.226948711654E-18,1.226948711654E-18));
#9209 = ADVANCED_FACE('',(#9210),#9221,.T.);
#9210 = FACE_BOUND('',#9211,.T.);
#9211 = EDGE_LOOP('',(#9212,#9218,#9219,#9220));
#9212 = ORIENTED_EDGE('',*,*,#9213,.T.);
#9213 = EDGE_CURVE('',#7958,#8031,#9214,.T.);
#9214 = LINE('',#9215,#9216);
#9215 = CARTESIAN_POINT('',(-0.32,0.32,0.95));
#9216 = VECTOR('',#9217,1.);
#9217 = DIRECTION('',(0.,-1.,0.));
#9218 = ORIENTED_EDGE('',*,*,#8030,.T.);
#9219 = ORIENTED_EDGE('',*,*,#7934,.F.);
#9220 = ORIENTED_EDGE('',*,*,#7957,.F.);
#9221 = CYLINDRICAL_SURFACE('',#9222,0.64);
#9222 = AXIS2_PLACEMENT_3D('',#9223,#9224,#9225);
#9223 = CARTESIAN_POINT('',(0.32,0.32,0.95));
#9224 = DIRECTION('',(0.,-1.,0.));
#9225 = DIRECTION('',(-1.,0.,0.));
#9226 = ADVANCED_FACE('',(#9227),#9238,.T.);
#9227 = FACE_BOUND('',#9228,.T.);
#9228 = EDGE_LOOP('',(#9229,#9230,#9236,#9237));
#9229 = ORIENTED_EDGE('',*,*,#7992,.F.);
#9230 = ORIENTED_EDGE('',*,*,#9231,.T.);
#9231 = EDGE_CURVE('',#7985,#8051,#9232,.T.);
#9232 = LINE('',#9233,#9234);
#9233 = CARTESIAN_POINT('',(-0.32,0.32,-2.84));
#9234 = VECTOR('',#9235,1.);
#9235 = DIRECTION('',(0.,-1.,0.));
#9236 = ORIENTED_EDGE('',*,*,#8058,.T.);
#9237 = ORIENTED_EDGE('',*,*,#9213,.F.);
#9238 = PLANE('',#9239);
#9239 = AXIS2_PLACEMENT_3D('',#9240,#9241,#9242);
#9240 = CARTESIAN_POINT('',(-0.32,0.32,-3.));
#9241 = DIRECTION('',(-1.,0.,0.));
#9242 = DIRECTION('',(0.,0.,1.));
#9243 = ADVANCED_FACE('',(#9244),#9269,.T.);
#9244 = FACE_BOUND('',#9245,.F.);
#9245 = EDGE_LOOP('',(#9246,#9254,#9255,#9263));
#9246 = ORIENTED_EDGE('',*,*,#9247,.F.);
#9247 = EDGE_CURVE('',#7977,#9248,#9250,.T.);
#9248 = VERTEX_POINT('',#9249);
#9249 = CARTESIAN_POINT('',(0.16,0.16,-3.));
#9250 = LINE('',#9251,#9252);
#9251 = CARTESIAN_POINT('',(0.266666666667,0.266666666667,
    -2.893333333333));
#9252 = VECTOR('',#9253,1.);
#9253 = DIRECTION('',(-0.57735026919,-0.57735026919,-0.57735026919));
#9254 = ORIENTED_EDGE('',*,*,#7984,.T.);
#9255 = ORIENTED_EDGE('',*,*,#9256,.T.);
#9256 = EDGE_CURVE('',#7985,#9257,#9259,.T.);
#9257 = VERTEX_POINT('',#9258);
#9258 = CARTESIAN_POINT('',(-0.16,0.16,-3.));
#9259 = LINE('',#9260,#9261);
#9260 = CARTESIAN_POINT('',(-0.16,0.16,-3.));
#9261 = VECTOR('',#9262,1.);
#9262 = DIRECTION('',(0.57735026919,-0.57735026919,-0.57735026919));
#9263 = ORIENTED_EDGE('',*,*,#9264,.F.);
#9264 = EDGE_CURVE('',#9248,#9257,#9265,.T.);
#9265 = LINE('',#9266,#9267);
#9266 = CARTESIAN_POINT('',(0.32,0.16,-3.));
#9267 = VECTOR('',#9268,1.);
#9268 = DIRECTION('',(-1.,0.,0.));
#9269 = PLANE('',#9270);
#9270 = AXIS2_PLACEMENT_3D('',#9271,#9272,#9273);
#9271 = CARTESIAN_POINT('',(0.32,0.24,-2.92));
#9272 = DIRECTION('',(-1.735167508357E-18,0.707106781187,-0.707106781187
    ));
#9273 = DIRECTION('',(1.,1.226948711654E-18,-1.226948711654E-18));
#9274 = ADVANCED_FACE('',(#9275),#9286,.T.);
#9275 = FACE_BOUND('',#9276,.T.);
#9276 = EDGE_LOOP('',(#9277,#9278,#9279,#9280));
#9277 = ORIENTED_EDGE('',*,*,#7976,.F.);
#9278 = ORIENTED_EDGE('',*,*,#8016,.T.);
#9279 = ORIENTED_EDGE('',*,*,#8042,.T.);
#9280 = ORIENTED_EDGE('',*,*,#9281,.F.);
#9281 = EDGE_CURVE('',#7977,#8043,#9282,.T.);
#9282 = LINE('',#9283,#9284);
#9283 = CARTESIAN_POINT('',(0.32,0.32,-2.84));
#9284 = VECTOR('',#9285,1.);
#9285 = DIRECTION('',(0.,-1.,0.));
#9286 = PLANE('',#9287);
#9287 = AXIS2_PLACEMENT_3D('',#9288,#9289,#9290);
#9288 = CARTESIAN_POINT('',(0.32,0.32,0.95));
#9289 = DIRECTION('',(1.,0.,0.));
#9290 = DIRECTION('',(0.,0.,-1.));
#9291 = ADVANCED_FACE('',(#9292),#9317,.F.);
#9292 = FACE_BOUND('',#9293,.F.);
#9293 = EDGE_LOOP('',(#9294,#9302,#9310,#9316));
#9294 = ORIENTED_EDGE('',*,*,#9295,.F.);
#9295 = EDGE_CURVE('',#9296,#8043,#9298,.T.);
#9296 = VERTEX_POINT('',#9297);
#9297 = CARTESIAN_POINT('',(0.16,-0.16,-3.));
#9298 = LINE('',#9299,#9300);
#9299 = CARTESIAN_POINT('',(0.16,-0.16,-3.));
#9300 = VECTOR('',#9301,1.);
#9301 = DIRECTION('',(0.57735026919,-0.57735026919,0.57735026919));
#9302 = ORIENTED_EDGE('',*,*,#9303,.T.);
#9303 = EDGE_CURVE('',#9296,#9304,#9306,.T.);
#9304 = VERTEX_POINT('',#9305);
#9305 = CARTESIAN_POINT('',(-0.16,-0.16,-3.));
#9306 = LINE('',#9307,#9308);
#9307 = CARTESIAN_POINT('',(0.32,-0.16,-3.));
#9308 = VECTOR('',#9309,1.);
#9309 = DIRECTION('',(-1.,0.,0.));
#9310 = ORIENTED_EDGE('',*,*,#9311,.T.);
#9311 = EDGE_CURVE('',#9304,#8051,#9312,.T.);
#9312 = LINE('',#9313,#9314);
#9313 = CARTESIAN_POINT('',(-5.333333333333E-02,-5.333333333333E-02,
    -3.106666666667));
#9314 = VECTOR('',#9315,1.);
#9315 = DIRECTION('',(-0.57735026919,-0.57735026919,0.57735026919));
#9316 = ORIENTED_EDGE('',*,*,#8050,.F.);
#9317 = PLANE('',#9318);
#9318 = AXIS2_PLACEMENT_3D('',#9319,#9320,#9321);
#9319 = CARTESIAN_POINT('',(0.32,-0.24,-2.92));
#9320 = DIRECTION('',(1.735167508357E-18,0.707106781187,0.707106781187)
  );
#9321 = DIRECTION('',(-1.,1.226948711654E-18,1.226948711654E-18));
#9322 = ADVANCED_FACE('',(#9323),#9348,.T.);
#9323 = FACE_BOUND('',#9324,.T.);
#9324 = EDGE_LOOP('',(#9325,#9333,#9334,#9342));
#9325 = ORIENTED_EDGE('',*,*,#9326,.F.);
#9326 = EDGE_CURVE('',#8073,#9327,#9329,.T.);
#9327 = VERTEX_POINT('',#9328);
#9328 = CARTESIAN_POINT('',(10.04,-4.92,1.43));
#9329 = LINE('',#9330,#9331);
#9330 = CARTESIAN_POINT('',(9.933333333333,-4.813333333333,
    1.536666666667));
#9331 = VECTOR('',#9332,1.);
#9332 = DIRECTION('',(0.57735026919,-0.57735026919,-0.57735026919));
#9333 = ORIENTED_EDGE('',*,*,#8089,.T.);
#9334 = ORIENTED_EDGE('',*,*,#9335,.T.);
#9335 = EDGE_CURVE('',#8082,#9336,#9338,.T.);
#9336 = VERTEX_POINT('',#9337);
#9337 = CARTESIAN_POINT('',(10.04,-5.24,1.43));
#9338 = LINE('',#9339,#9340);
#9339 = CARTESIAN_POINT('',(10.04,-5.24,1.43));
#9340 = VECTOR('',#9341,1.);
#9341 = DIRECTION('',(0.57735026919,0.57735026919,-0.57735026919));
#9342 = ORIENTED_EDGE('',*,*,#9343,.F.);
#9343 = EDGE_CURVE('',#9327,#9336,#9344,.T.);
#9344 = LINE('',#9345,#9346);
#9345 = CARTESIAN_POINT('',(10.04,-4.76,1.43));
#9346 = VECTOR('',#9347,1.);
#9347 = DIRECTION('',(0.,-1.,0.));
#9348 = PLANE('',#9349);
#9349 = AXIS2_PLACEMENT_3D('',#9350,#9351,#9352);
#9350 = CARTESIAN_POINT('',(9.96,-4.76,1.51));
#9351 = DIRECTION('',(0.707106781187,-1.735167508357E-18,0.707106781187)
  );
#9352 = DIRECTION('',(-1.226948711654E-18,-1.,-1.226948711654E-18));
#9353 = ADVANCED_FACE('',(#9354),#9372,.T.);
#9354 = FACE_BOUND('',#9355,.F.);
#9355 = EDGE_LOOP('',(#9356,#9357,#9358,#9366));
#9356 = ORIENTED_EDGE('',*,*,#9326,.F.);
#9357 = ORIENTED_EDGE('',*,*,#8105,.T.);
#9358 = ORIENTED_EDGE('',*,*,#9359,.T.);
#9359 = EDGE_CURVE('',#8106,#9360,#9362,.T.);
#9360 = VERTEX_POINT('',#9361);
#9361 = CARTESIAN_POINT('',(10.04,-4.92,1.11));
#9362 = LINE('',#9363,#9364);
#9363 = CARTESIAN_POINT('',(10.04,-4.92,1.11));
#9364 = VECTOR('',#9365,1.);
#9365 = DIRECTION('',(0.57735026919,-0.57735026919,0.57735026919));
#9366 = ORIENTED_EDGE('',*,*,#9367,.F.);
#9367 = EDGE_CURVE('',#9327,#9360,#9368,.T.);
#9368 = LINE('',#9369,#9370);
#9369 = CARTESIAN_POINT('',(10.04,-4.92,1.59));
#9370 = VECTOR('',#9371,1.);
#9371 = DIRECTION('',(0.,0.,-1.));
#9372 = PLANE('',#9373);
#9373 = AXIS2_PLACEMENT_3D('',#9374,#9375,#9376);
#9374 = CARTESIAN_POINT('',(9.96,-4.84,1.59));
#9375 = DIRECTION('',(0.707106781187,0.707106781187,-1.735167508357E-18)
  );
#9376 = DIRECTION('',(1.226948711654E-18,1.226948711654E-18,1.));
#9377 = ADVANCED_FACE('',(#9378),#9396,.T.);
#9378 = FACE_BOUND('',#9379,.F.);
#9379 = EDGE_LOOP('',(#9380,#9381,#9382,#9390));
#9380 = ORIENTED_EDGE('',*,*,#9359,.F.);
#9381 = ORIENTED_EDGE('',*,*,#8128,.T.);
#9382 = ORIENTED_EDGE('',*,*,#9383,.T.);
#9383 = EDGE_CURVE('',#8129,#9384,#9386,.T.);
#9384 = VERTEX_POINT('',#9385);
#9385 = CARTESIAN_POINT('',(10.04,-5.24,1.11));
#9386 = LINE('',#9387,#9388);
#9387 = CARTESIAN_POINT('',(10.146666666667,-5.133333333333,
    1.216666666667));
#9388 = VECTOR('',#9389,1.);
#9389 = DIRECTION('',(0.57735026919,0.57735026919,0.57735026919));
#9390 = ORIENTED_EDGE('',*,*,#9391,.F.);
#9391 = EDGE_CURVE('',#9360,#9384,#9392,.T.);
#9392 = LINE('',#9393,#9394);
#9393 = CARTESIAN_POINT('',(10.04,-4.76,1.11));
#9394 = VECTOR('',#9395,1.);
#9395 = DIRECTION('',(0.,-1.,0.));
#9396 = PLANE('',#9397);
#9397 = AXIS2_PLACEMENT_3D('',#9398,#9399,#9400);
#9398 = CARTESIAN_POINT('',(9.96,-4.76,1.03));
#9399 = DIRECTION('',(0.707106781187,0.,-0.707106781187));
#9400 = DIRECTION('',(0.,1.,0.));
#9401 = ADVANCED_FACE('',(#9402),#9413,.F.);
#9402 = FACE_BOUND('',#9403,.T.);
#9403 = EDGE_LOOP('',(#9404,#9405,#9406,#9407));
#9404 = ORIENTED_EDGE('',*,*,#9335,.F.);
#9405 = ORIENTED_EDGE('',*,*,#8153,.T.);
#9406 = ORIENTED_EDGE('',*,*,#9383,.T.);
#9407 = ORIENTED_EDGE('',*,*,#9408,.F.);
#9408 = EDGE_CURVE('',#9336,#9384,#9409,.T.);
#9409 = LINE('',#9410,#9411);
#9410 = CARTESIAN_POINT('',(10.04,-5.24,1.59));
#9411 = VECTOR('',#9412,1.);
#9412 = DIRECTION('',(0.,0.,-1.));
#9413 = PLANE('',#9414);
#9414 = AXIS2_PLACEMENT_3D('',#9415,#9416,#9417);
#9415 = CARTESIAN_POINT('',(9.96,-5.32,1.59));
#9416 = DIRECTION('',(-0.707106781187,0.707106781187,1.735167508357E-18)
  );
#9417 = DIRECTION('',(1.226948711654E-18,-1.226948711654E-18,1.));
#9418 = ADVANCED_FACE('',(#9419),#9444,.T.);
#9419 = FACE_BOUND('',#9420,.T.);
#9420 = EDGE_LOOP('',(#9421,#9429,#9430,#9438));
#9421 = ORIENTED_EDGE('',*,*,#9422,.F.);
#9422 = EDGE_CURVE('',#8169,#9423,#9425,.T.);
#9423 = VERTEX_POINT('',#9424);
#9424 = CARTESIAN_POINT('',(10.04,-7.46,1.43));
#9425 = LINE('',#9426,#9427);
#9426 = CARTESIAN_POINT('',(9.933333333333,-7.353333333333,
    1.536666666667));
#9427 = VECTOR('',#9428,1.);
#9428 = DIRECTION('',(0.57735026919,-0.57735026919,-0.57735026919));
#9429 = ORIENTED_EDGE('',*,*,#8185,.T.);
#9430 = ORIENTED_EDGE('',*,*,#9431,.T.);
#9431 = EDGE_CURVE('',#8178,#9432,#9434,.T.);
#9432 = VERTEX_POINT('',#9433);
#9433 = CARTESIAN_POINT('',(10.04,-7.78,1.43));
#9434 = LINE('',#9435,#9436);
#9435 = CARTESIAN_POINT('',(10.04,-7.78,1.43));
#9436 = VECTOR('',#9437,1.);
#9437 = DIRECTION('',(0.57735026919,0.57735026919,-0.57735026919));
#9438 = ORIENTED_EDGE('',*,*,#9439,.F.);
#9439 = EDGE_CURVE('',#9423,#9432,#9440,.T.);
#9440 = LINE('',#9441,#9442);
#9441 = CARTESIAN_POINT('',(10.04,-7.3,1.43));
#9442 = VECTOR('',#9443,1.);
#9443 = DIRECTION('',(0.,-1.,0.));
#9444 = PLANE('',#9445);
#9445 = AXIS2_PLACEMENT_3D('',#9446,#9447,#9448);
#9446 = CARTESIAN_POINT('',(9.96,-7.3,1.51));
#9447 = DIRECTION('',(0.707106781187,-1.735167508357E-18,0.707106781187)
  );
#9448 = DIRECTION('',(-1.226948711654E-18,-1.,-1.226948711654E-18));
#9449 = ADVANCED_FACE('',(#9450),#9468,.T.);
#9450 = FACE_BOUND('',#9451,.F.);
#9451 = EDGE_LOOP('',(#9452,#9453,#9454,#9462));
#9452 = ORIENTED_EDGE('',*,*,#9422,.F.);
#9453 = ORIENTED_EDGE('',*,*,#8201,.T.);
#9454 = ORIENTED_EDGE('',*,*,#9455,.T.);
#9455 = EDGE_CURVE('',#8202,#9456,#9458,.T.);
#9456 = VERTEX_POINT('',#9457);
#9457 = CARTESIAN_POINT('',(10.04,-7.46,1.11));
#9458 = LINE('',#9459,#9460);
#9459 = CARTESIAN_POINT('',(10.04,-7.46,1.11));
#9460 = VECTOR('',#9461,1.);
#9461 = DIRECTION('',(0.57735026919,-0.57735026919,0.57735026919));
#9462 = ORIENTED_EDGE('',*,*,#9463,.F.);
#9463 = EDGE_CURVE('',#9423,#9456,#9464,.T.);
#9464 = LINE('',#9465,#9466);
#9465 = CARTESIAN_POINT('',(10.04,-7.46,1.59));
#9466 = VECTOR('',#9467,1.);
#9467 = DIRECTION('',(0.,0.,-1.));
#9468 = PLANE('',#9469);
#9469 = AXIS2_PLACEMENT_3D('',#9470,#9471,#9472);
#9470 = CARTESIAN_POINT('',(9.96,-7.38,1.59));
#9471 = DIRECTION('',(0.707106781187,0.707106781187,-1.735167508357E-18)
  );
#9472 = DIRECTION('',(1.226948711654E-18,1.226948711654E-18,1.));
#9473 = ADVANCED_FACE('',(#9474),#9492,.T.);
#9474 = FACE_BOUND('',#9475,.F.);
#9475 = EDGE_LOOP('',(#9476,#9477,#9478,#9486));
#9476 = ORIENTED_EDGE('',*,*,#9455,.F.);
#9477 = ORIENTED_EDGE('',*,*,#8224,.T.);
#9478 = ORIENTED_EDGE('',*,*,#9479,.T.);
#9479 = EDGE_CURVE('',#8225,#9480,#9482,.T.);
#9480 = VERTEX_POINT('',#9481);
#9481 = CARTESIAN_POINT('',(10.04,-7.78,1.11));
#9482 = LINE('',#9483,#9484);
#9483 = CARTESIAN_POINT('',(10.146666666667,-7.673333333333,
    1.216666666667));
#9484 = VECTOR('',#9485,1.);
#9485 = DIRECTION('',(0.57735026919,0.57735026919,0.57735026919));
#9486 = ORIENTED_EDGE('',*,*,#9487,.F.);
#9487 = EDGE_CURVE('',#9456,#9480,#9488,.T.);
#9488 = LINE('',#9489,#9490);
#9489 = CARTESIAN_POINT('',(10.04,-7.3,1.11));
#9490 = VECTOR('',#9491,1.);
#9491 = DIRECTION('',(0.,-1.,0.));
#9492 = PLANE('',#9493);
#9493 = AXIS2_PLACEMENT_3D('',#9494,#9495,#9496);
#9494 = CARTESIAN_POINT('',(9.96,-7.3,1.03));
#9495 = DIRECTION('',(0.707106781187,0.,-0.707106781187));
#9496 = DIRECTION('',(0.,1.,0.));
#9497 = ADVANCED_FACE('',(#9498),#9509,.F.);
#9498 = FACE_BOUND('',#9499,.T.);
#9499 = EDGE_LOOP('',(#9500,#9501,#9502,#9503));
#9500 = ORIENTED_EDGE('',*,*,#9431,.F.);
#9501 = ORIENTED_EDGE('',*,*,#8249,.T.);
#9502 = ORIENTED_EDGE('',*,*,#9479,.T.);
#9503 = ORIENTED_EDGE('',*,*,#9504,.F.);
#9504 = EDGE_CURVE('',#9432,#9480,#9505,.T.);
#9505 = LINE('',#9506,#9507);
#9506 = CARTESIAN_POINT('',(10.04,-7.78,1.59));
#9507 = VECTOR('',#9508,1.);
#9508 = DIRECTION('',(0.,0.,-1.));
#9509 = PLANE('',#9510);
#9510 = AXIS2_PLACEMENT_3D('',#9511,#9512,#9513);
#9511 = CARTESIAN_POINT('',(9.96,-7.86,1.59));
#9512 = DIRECTION('',(-0.707106781187,0.707106781187,1.735167508357E-18)
  );
#9513 = DIRECTION('',(1.226948711654E-18,-1.226948711654E-18,1.));
#9514 = ADVANCED_FACE('',(#9515),#9540,.T.);
#9515 = FACE_BOUND('',#9516,.F.);
#9516 = EDGE_LOOP('',(#9517,#9525,#9526,#9534));
#9517 = ORIENTED_EDGE('',*,*,#9518,.F.);
#9518 = EDGE_CURVE('',#8266,#9519,#9521,.T.);
#9519 = VERTEX_POINT('',#9520);
#9520 = CARTESIAN_POINT('',(10.04,-12.54,1.43));
#9521 = LINE('',#9522,#9523);
#9522 = CARTESIAN_POINT('',(9.933333333333,-12.43333333333,
    1.536666666667));
#9523 = VECTOR('',#9524,1.);
#9524 = DIRECTION('',(0.57735026919,-0.57735026919,-0.57735026919));
#9525 = ORIENTED_EDGE('',*,*,#8273,.T.);
#9526 = ORIENTED_EDGE('',*,*,#9527,.T.);
#9527 = EDGE_CURVE('',#8274,#9528,#9530,.T.);
#9528 = VERTEX_POINT('',#9529);
#9529 = CARTESIAN_POINT('',(10.04,-12.54,1.11));
#9530 = LINE('',#9531,#9532);
#9531 = CARTESIAN_POINT('',(10.04,-12.54,1.11));
#9532 = VECTOR('',#9533,1.);
#9533 = DIRECTION('',(0.57735026919,-0.57735026919,0.57735026919));
#9534 = ORIENTED_EDGE('',*,*,#9535,.F.);
#9535 = EDGE_CURVE('',#9519,#9528,#9536,.T.);
#9536 = LINE('',#9537,#9538);
#9537 = CARTESIAN_POINT('',(10.04,-12.54,1.59));
#9538 = VECTOR('',#9539,1.);
#9539 = DIRECTION('',(0.,0.,-1.));
#9540 = PLANE('',#9541);
#9541 = AXIS2_PLACEMENT_3D('',#9542,#9543,#9544);
#9542 = CARTESIAN_POINT('',(9.96,-12.46,1.59));
#9543 = DIRECTION('',(0.707106781187,0.707106781187,-1.735167508357E-18)
  );
#9544 = DIRECTION('',(1.226948711654E-18,1.226948711654E-18,1.));
#9545 = ADVANCED_FACE('',(#9546),#9564,.T.);
#9546 = FACE_BOUND('',#9547,.F.);
#9547 = EDGE_LOOP('',(#9548,#9549,#9550,#9558));
#9548 = ORIENTED_EDGE('',*,*,#9527,.F.);
#9549 = ORIENTED_EDGE('',*,*,#8296,.T.);
#9550 = ORIENTED_EDGE('',*,*,#9551,.T.);
#9551 = EDGE_CURVE('',#8297,#9552,#9554,.T.);
#9552 = VERTEX_POINT('',#9553);
#9553 = CARTESIAN_POINT('',(10.04,-12.86,1.11));
#9554 = LINE('',#9555,#9556);
#9555 = CARTESIAN_POINT('',(10.146666666667,-12.75333333333,
    1.216666666667));
#9556 = VECTOR('',#9557,1.);
#9557 = DIRECTION('',(0.57735026919,0.57735026919,0.57735026919));
#9558 = ORIENTED_EDGE('',*,*,#9559,.F.);
#9559 = EDGE_CURVE('',#9528,#9552,#9560,.T.);
#9560 = LINE('',#9561,#9562);
#9561 = CARTESIAN_POINT('',(10.04,-12.38,1.11));
#9562 = VECTOR('',#9563,1.);
#9563 = DIRECTION('',(0.,-1.,0.));
#9564 = PLANE('',#9565);
#9565 = AXIS2_PLACEMENT_3D('',#9566,#9567,#9568);
#9566 = CARTESIAN_POINT('',(9.96,-12.38,1.03));
#9567 = DIRECTION('',(0.707106781187,0.,-0.707106781187));
#9568 = DIRECTION('',(0.,1.,0.));
#9569 = ADVANCED_FACE('',(#9570),#9588,.F.);
#9570 = FACE_BOUND('',#9571,.T.);
#9571 = EDGE_LOOP('',(#9572,#9580,#9581,#9582));
#9572 = ORIENTED_EDGE('',*,*,#9573,.F.);
#9573 = EDGE_CURVE('',#8321,#9574,#9576,.T.);
#9574 = VERTEX_POINT('',#9575);
#9575 = CARTESIAN_POINT('',(10.04,-12.86,1.43));
#9576 = LINE('',#9577,#9578);
#9577 = CARTESIAN_POINT('',(10.04,-12.86,1.43));
#9578 = VECTOR('',#9579,1.);
#9579 = DIRECTION('',(0.57735026919,0.57735026919,-0.57735026919));
#9580 = ORIENTED_EDGE('',*,*,#8328,.T.);
#9581 = ORIENTED_EDGE('',*,*,#9551,.T.);
#9582 = ORIENTED_EDGE('',*,*,#9583,.F.);
#9583 = EDGE_CURVE('',#9574,#9552,#9584,.T.);
#9584 = LINE('',#9585,#9586);
#9585 = CARTESIAN_POINT('',(10.04,-12.86,1.59));
#9586 = VECTOR('',#9587,1.);
#9587 = DIRECTION('',(0.,0.,-1.));
#9588 = PLANE('',#9589);
#9589 = AXIS2_PLACEMENT_3D('',#9590,#9591,#9592);
#9590 = CARTESIAN_POINT('',(9.96,-12.94,1.59));
#9591 = DIRECTION('',(-0.707106781187,0.707106781187,1.735167508357E-18)
  );
#9592 = DIRECTION('',(1.226948711654E-18,-1.226948711654E-18,1.));
#9593 = ADVANCED_FACE('',(#9594),#9605,.T.);
#9594 = FACE_BOUND('',#9595,.T.);
#9595 = EDGE_LOOP('',(#9596,#9597,#9598,#9599));
#9596 = ORIENTED_EDGE('',*,*,#9518,.F.);
#9597 = ORIENTED_EDGE('',*,*,#8346,.T.);
#9598 = ORIENTED_EDGE('',*,*,#9573,.T.);
#9599 = ORIENTED_EDGE('',*,*,#9600,.F.);
#9600 = EDGE_CURVE('',#9519,#9574,#9601,.T.);
#9601 = LINE('',#9602,#9603);
#9602 = CARTESIAN_POINT('',(10.04,-12.38,1.43));
#9603 = VECTOR('',#9604,1.);
#9604 = DIRECTION('',(0.,-1.,0.));
#9605 = PLANE('',#9606);
#9606 = AXIS2_PLACEMENT_3D('',#9607,#9608,#9609);
#9607 = CARTESIAN_POINT('',(9.96,-12.38,1.51));
#9608 = DIRECTION('',(0.707106781187,-1.735167508357E-18,0.707106781187)
  );
#9609 = DIRECTION('',(-1.226948711654E-18,-1.,-1.226948711654E-18));
#9610 = ADVANCED_FACE('',(#9611),#9636,.T.);
#9611 = FACE_BOUND('',#9612,.T.);
#9612 = EDGE_LOOP('',(#9613,#9621,#9622,#9630));
#9613 = ORIENTED_EDGE('',*,*,#9614,.F.);
#9614 = EDGE_CURVE('',#8361,#9615,#9617,.T.);
#9615 = VERTEX_POINT('',#9616);
#9616 = CARTESIAN_POINT('',(10.04,-10.,1.43));
#9617 = LINE('',#9618,#9619);
#9618 = CARTESIAN_POINT('',(9.933333333333,-9.893333333333,
    1.536666666667));
#9619 = VECTOR('',#9620,1.);
#9620 = DIRECTION('',(0.57735026919,-0.57735026919,-0.57735026919));
#9621 = ORIENTED_EDGE('',*,*,#8377,.T.);
#9622 = ORIENTED_EDGE('',*,*,#9623,.T.);
#9623 = EDGE_CURVE('',#8370,#9624,#9626,.T.);
#9624 = VERTEX_POINT('',#9625);
#9625 = CARTESIAN_POINT('',(10.04,-10.32,1.43));
#9626 = LINE('',#9627,#9628);
#9627 = CARTESIAN_POINT('',(10.04,-10.32,1.43));
#9628 = VECTOR('',#9629,1.);
#9629 = DIRECTION('',(0.57735026919,0.57735026919,-0.57735026919));
#9630 = ORIENTED_EDGE('',*,*,#9631,.F.);
#9631 = EDGE_CURVE('',#9615,#9624,#9632,.T.);
#9632 = LINE('',#9633,#9634);
#9633 = CARTESIAN_POINT('',(10.04,-9.84,1.43));
#9634 = VECTOR('',#9635,1.);
#9635 = DIRECTION('',(0.,-1.,0.));
#9636 = PLANE('',#9637);
#9637 = AXIS2_PLACEMENT_3D('',#9638,#9639,#9640);
#9638 = CARTESIAN_POINT('',(9.96,-9.84,1.51));
#9639 = DIRECTION('',(0.707106781187,-1.735167508357E-18,0.707106781187)
  );
#9640 = DIRECTION('',(-1.226948711654E-18,-1.,-1.226948711654E-18));
#9641 = ADVANCED_FACE('',(#9642),#9660,.T.);
#9642 = FACE_BOUND('',#9643,.F.);
#9643 = EDGE_LOOP('',(#9644,#9645,#9646,#9654));
#9644 = ORIENTED_EDGE('',*,*,#9614,.F.);
#9645 = ORIENTED_EDGE('',*,*,#8393,.T.);
#9646 = ORIENTED_EDGE('',*,*,#9647,.T.);
#9647 = EDGE_CURVE('',#8394,#9648,#9650,.T.);
#9648 = VERTEX_POINT('',#9649);
#9649 = CARTESIAN_POINT('',(10.04,-10.,1.11));
#9650 = LINE('',#9651,#9652);
#9651 = CARTESIAN_POINT('',(10.04,-10.,1.11));
#9652 = VECTOR('',#9653,1.);
#9653 = DIRECTION('',(0.57735026919,-0.57735026919,0.57735026919));
#9654 = ORIENTED_EDGE('',*,*,#9655,.F.);
#9655 = EDGE_CURVE('',#9615,#9648,#9656,.T.);
#9656 = LINE('',#9657,#9658);
#9657 = CARTESIAN_POINT('',(10.04,-10.,1.59));
#9658 = VECTOR('',#9659,1.);
#9659 = DIRECTION('',(0.,0.,-1.));
#9660 = PLANE('',#9661);
#9661 = AXIS2_PLACEMENT_3D('',#9662,#9663,#9664);
#9662 = CARTESIAN_POINT('',(9.96,-9.92,1.59));
#9663 = DIRECTION('',(0.707106781187,0.707106781187,-1.735167508357E-18)
  );
#9664 = DIRECTION('',(1.226948711654E-18,1.226948711654E-18,1.));
#9665 = ADVANCED_FACE('',(#9666),#9684,.T.);
#9666 = FACE_BOUND('',#9667,.F.);
#9667 = EDGE_LOOP('',(#9668,#9669,#9670,#9678));
#9668 = ORIENTED_EDGE('',*,*,#9647,.F.);
#9669 = ORIENTED_EDGE('',*,*,#8416,.T.);
#9670 = ORIENTED_EDGE('',*,*,#9671,.T.);
#9671 = EDGE_CURVE('',#8417,#9672,#9674,.T.);
#9672 = VERTEX_POINT('',#9673);
#9673 = CARTESIAN_POINT('',(10.04,-10.32,1.11));
#9674 = LINE('',#9675,#9676);
#9675 = CARTESIAN_POINT('',(10.146666666667,-10.21333333333,
    1.216666666667));
#9676 = VECTOR('',#9677,1.);
#9677 = DIRECTION('',(0.57735026919,0.57735026919,0.57735026919));
#9678 = ORIENTED_EDGE('',*,*,#9679,.F.);
#9679 = EDGE_CURVE('',#9648,#9672,#9680,.T.);
#9680 = LINE('',#9681,#9682);
#9681 = CARTESIAN_POINT('',(10.04,-9.84,1.11));
#9682 = VECTOR('',#9683,1.);
#9683 = DIRECTION('',(0.,-1.,0.));
#9684 = PLANE('',#9685);
#9685 = AXIS2_PLACEMENT_3D('',#9686,#9687,#9688);
#9686 = CARTESIAN_POINT('',(9.96,-9.84,1.03));
#9687 = DIRECTION('',(0.707106781187,0.,-0.707106781187));
#9688 = DIRECTION('',(0.,1.,0.));
#9689 = ADVANCED_FACE('',(#9690),#9701,.F.);
#9690 = FACE_BOUND('',#9691,.T.);
#9691 = EDGE_LOOP('',(#9692,#9693,#9694,#9695));
#9692 = ORIENTED_EDGE('',*,*,#9623,.F.);
#9693 = ORIENTED_EDGE('',*,*,#8441,.T.);
#9694 = ORIENTED_EDGE('',*,*,#9671,.T.);
#9695 = ORIENTED_EDGE('',*,*,#9696,.F.);
#9696 = EDGE_CURVE('',#9624,#9672,#9697,.T.);
#9697 = LINE('',#9698,#9699);
#9698 = CARTESIAN_POINT('',(10.04,-10.32,1.59));
#9699 = VECTOR('',#9700,1.);
#9700 = DIRECTION('',(0.,0.,-1.));
#9701 = PLANE('',#9702);
#9702 = AXIS2_PLACEMENT_3D('',#9703,#9704,#9705);
#9703 = CARTESIAN_POINT('',(9.96,-10.4,1.59));
#9704 = DIRECTION('',(-0.707106781187,0.707106781187,1.735167508357E-18)
  );
#9705 = DIRECTION('',(1.226948711654E-18,-1.226948711654E-18,1.));
#9706 = ADVANCED_FACE('',(#9707),#9732,.T.);
#9707 = FACE_BOUND('',#9708,.T.);
#9708 = EDGE_LOOP('',(#9709,#9717,#9718,#9726));
#9709 = ORIENTED_EDGE('',*,*,#9710,.F.);
#9710 = EDGE_CURVE('',#8457,#9711,#9713,.T.);
#9711 = VERTEX_POINT('',#9712);
#9712 = CARTESIAN_POINT('',(10.04,-2.38,1.43));
#9713 = LINE('',#9714,#9715);
#9714 = CARTESIAN_POINT('',(9.933333333333,-2.273333333333,
    1.536666666667));
#9715 = VECTOR('',#9716,1.);
#9716 = DIRECTION('',(0.57735026919,-0.57735026919,-0.57735026919));
#9717 = ORIENTED_EDGE('',*,*,#8473,.T.);
#9718 = ORIENTED_EDGE('',*,*,#9719,.T.);
#9719 = EDGE_CURVE('',#8466,#9720,#9722,.T.);
#9720 = VERTEX_POINT('',#9721);
#9721 = CARTESIAN_POINT('',(10.04,-2.7,1.43));
#9722 = LINE('',#9723,#9724);
#9723 = CARTESIAN_POINT('',(10.04,-2.7,1.43));
#9724 = VECTOR('',#9725,1.);
#9725 = DIRECTION('',(0.57735026919,0.57735026919,-0.57735026919));
#9726 = ORIENTED_EDGE('',*,*,#9727,.F.);
#9727 = EDGE_CURVE('',#9711,#9720,#9728,.T.);
#9728 = LINE('',#9729,#9730);
#9729 = CARTESIAN_POINT('',(10.04,-2.22,1.43));
#9730 = VECTOR('',#9731,1.);
#9731 = DIRECTION('',(0.,-1.,0.));
#9732 = PLANE('',#9733);
#9733 = AXIS2_PLACEMENT_3D('',#9734,#9735,#9736);
#9734 = CARTESIAN_POINT('',(9.96,-2.22,1.51));
#9735 = DIRECTION('',(0.707106781187,-1.735167508357E-18,0.707106781187)
  );
#9736 = DIRECTION('',(-1.226948711654E-18,-1.,-1.226948711654E-18));
#9737 = ADVANCED_FACE('',(#9738),#9756,.T.);
#9738 = FACE_BOUND('',#9739,.F.);
#9739 = EDGE_LOOP('',(#9740,#9741,#9742,#9750));
#9740 = ORIENTED_EDGE('',*,*,#9710,.F.);
#9741 = ORIENTED_EDGE('',*,*,#8489,.T.);
#9742 = ORIENTED_EDGE('',*,*,#9743,.T.);
#9743 = EDGE_CURVE('',#8490,#9744,#9746,.T.);
#9744 = VERTEX_POINT('',#9745);
#9745 = CARTESIAN_POINT('',(10.04,-2.38,1.11));
#9746 = LINE('',#9747,#9748);
#9747 = CARTESIAN_POINT('',(10.04,-2.38,1.11));
#9748 = VECTOR('',#9749,1.);
#9749 = DIRECTION('',(0.57735026919,-0.57735026919,0.57735026919));
#9750 = ORIENTED_EDGE('',*,*,#9751,.F.);
#9751 = EDGE_CURVE('',#9711,#9744,#9752,.T.);
#9752 = LINE('',#9753,#9754);
#9753 = CARTESIAN_POINT('',(10.04,-2.38,1.59));
#9754 = VECTOR('',#9755,1.);
#9755 = DIRECTION('',(0.,0.,-1.));
#9756 = PLANE('',#9757);
#9757 = AXIS2_PLACEMENT_3D('',#9758,#9759,#9760);
#9758 = CARTESIAN_POINT('',(9.96,-2.3,1.59));
#9759 = DIRECTION('',(0.707106781187,0.707106781187,-1.735167508357E-18)
  );
#9760 = DIRECTION('',(1.226948711654E-18,1.226948711654E-18,1.));
#9761 = ADVANCED_FACE('',(#9762),#9780,.T.);
#9762 = FACE_BOUND('',#9763,.F.);
#9763 = EDGE_LOOP('',(#9764,#9765,#9766,#9774));
#9764 = ORIENTED_EDGE('',*,*,#9743,.F.);
#9765 = ORIENTED_EDGE('',*,*,#8512,.T.);
#9766 = ORIENTED_EDGE('',*,*,#9767,.T.);
#9767 = EDGE_CURVE('',#8513,#9768,#9770,.T.);
#9768 = VERTEX_POINT('',#9769);
#9769 = CARTESIAN_POINT('',(10.04,-2.7,1.11));
#9770 = LINE('',#9771,#9772);
#9771 = CARTESIAN_POINT('',(10.146666666667,-2.593333333333,
    1.216666666667));
#9772 = VECTOR('',#9773,1.);
#9773 = DIRECTION('',(0.57735026919,0.57735026919,0.57735026919));
#9774 = ORIENTED_EDGE('',*,*,#9775,.F.);
#9775 = EDGE_CURVE('',#9744,#9768,#9776,.T.);
#9776 = LINE('',#9777,#9778);
#9777 = CARTESIAN_POINT('',(10.04,-2.22,1.11));
#9778 = VECTOR('',#9779,1.);
#9779 = DIRECTION('',(0.,-1.,0.));
#9780 = PLANE('',#9781);
#9781 = AXIS2_PLACEMENT_3D('',#9782,#9783,#9784);
#9782 = CARTESIAN_POINT('',(9.96,-2.22,1.03));
#9783 = DIRECTION('',(0.707106781187,0.,-0.707106781187));
#9784 = DIRECTION('',(0.,1.,0.));
#9785 = ADVANCED_FACE('',(#9786),#9797,.F.);
#9786 = FACE_BOUND('',#9787,.T.);
#9787 = EDGE_LOOP('',(#9788,#9789,#9790,#9791));
#9788 = ORIENTED_EDGE('',*,*,#9719,.F.);
#9789 = ORIENTED_EDGE('',*,*,#8537,.T.);
#9790 = ORIENTED_EDGE('',*,*,#9767,.T.);
#9791 = ORIENTED_EDGE('',*,*,#9792,.F.);
#9792 = EDGE_CURVE('',#9720,#9768,#9793,.T.);
#9793 = LINE('',#9794,#9795);
#9794 = CARTESIAN_POINT('',(10.04,-2.7,1.59));
#9795 = VECTOR('',#9796,1.);
#9796 = DIRECTION('',(0.,0.,-1.));
#9797 = PLANE('',#9798);
#9798 = AXIS2_PLACEMENT_3D('',#9799,#9800,#9801);
#9799 = CARTESIAN_POINT('',(9.96,-2.78,1.59));
#9800 = DIRECTION('',(-0.707106781187,0.707106781187,1.735167508357E-18)
  );
#9801 = DIRECTION('',(1.226948711654E-18,-1.226948711654E-18,1.));
#9802 = ADVANCED_FACE('',(#9803),#9828,.T.);
#9803 = FACE_BOUND('',#9804,.T.);
#9804 = EDGE_LOOP('',(#9805,#9813,#9814,#9822));
#9805 = ORIENTED_EDGE('',*,*,#9806,.F.);
#9806 = EDGE_CURVE('',#8553,#9807,#9809,.T.);
#9807 = VERTEX_POINT('',#9808);
#9808 = CARTESIAN_POINT('',(10.04,0.16,1.43));
#9809 = LINE('',#9810,#9811);
#9810 = CARTESIAN_POINT('',(9.933333333333,0.266666666667,1.536666666667
    ));
#9811 = VECTOR('',#9812,1.);
#9812 = DIRECTION('',(0.57735026919,-0.57735026919,-0.57735026919));
#9813 = ORIENTED_EDGE('',*,*,#8569,.T.);
#9814 = ORIENTED_EDGE('',*,*,#9815,.T.);
#9815 = EDGE_CURVE('',#8562,#9816,#9818,.T.);
#9816 = VERTEX_POINT('',#9817);
#9817 = CARTESIAN_POINT('',(10.04,-0.16,1.43));
#9818 = LINE('',#9819,#9820);
#9819 = CARTESIAN_POINT('',(10.04,-0.16,1.43));
#9820 = VECTOR('',#9821,1.);
#9821 = DIRECTION('',(0.57735026919,0.57735026919,-0.57735026919));
#9822 = ORIENTED_EDGE('',*,*,#9823,.F.);
#9823 = EDGE_CURVE('',#9807,#9816,#9824,.T.);
#9824 = LINE('',#9825,#9826);
#9825 = CARTESIAN_POINT('',(10.04,0.32,1.43));
#9826 = VECTOR('',#9827,1.);
#9827 = DIRECTION('',(0.,-1.,0.));
#9828 = PLANE('',#9829);
#9829 = AXIS2_PLACEMENT_3D('',#9830,#9831,#9832);
#9830 = CARTESIAN_POINT('',(9.96,0.32,1.51));
#9831 = DIRECTION('',(0.707106781187,-1.735167508357E-18,0.707106781187)
  );
#9832 = DIRECTION('',(-1.226948711654E-18,-1.,-1.226948711654E-18));
#9833 = ADVANCED_FACE('',(#9834),#9852,.T.);
#9834 = FACE_BOUND('',#9835,.F.);
#9835 = EDGE_LOOP('',(#9836,#9837,#9838,#9846));
#9836 = ORIENTED_EDGE('',*,*,#9806,.F.);
#9837 = ORIENTED_EDGE('',*,*,#8585,.T.);
#9838 = ORIENTED_EDGE('',*,*,#9839,.T.);
#9839 = EDGE_CURVE('',#8586,#9840,#9842,.T.);
#9840 = VERTEX_POINT('',#9841);
#9841 = CARTESIAN_POINT('',(10.04,0.16,1.11));
#9842 = LINE('',#9843,#9844);
#9843 = CARTESIAN_POINT('',(10.04,0.16,1.11));
#9844 = VECTOR('',#9845,1.);
#9845 = DIRECTION('',(0.57735026919,-0.57735026919,0.57735026919));
#9846 = ORIENTED_EDGE('',*,*,#9847,.F.);
#9847 = EDGE_CURVE('',#9807,#9840,#9848,.T.);
#9848 = LINE('',#9849,#9850);
#9849 = CARTESIAN_POINT('',(10.04,0.16,1.59));
#9850 = VECTOR('',#9851,1.);
#9851 = DIRECTION('',(0.,0.,-1.));
#9852 = PLANE('',#9853);
#9853 = AXIS2_PLACEMENT_3D('',#9854,#9855,#9856);
#9854 = CARTESIAN_POINT('',(9.96,0.24,1.59));
#9855 = DIRECTION('',(0.707106781187,0.707106781187,-1.735167508357E-18)
  );
#9856 = DIRECTION('',(1.226948711654E-18,1.226948711654E-18,1.));
#9857 = ADVANCED_FACE('',(#9858),#9876,.T.);
#9858 = FACE_BOUND('',#9859,.F.);
#9859 = EDGE_LOOP('',(#9860,#9861,#9862,#9870));
#9860 = ORIENTED_EDGE('',*,*,#9839,.F.);
#9861 = ORIENTED_EDGE('',*,*,#8608,.T.);
#9862 = ORIENTED_EDGE('',*,*,#9863,.T.);
#9863 = EDGE_CURVE('',#8609,#9864,#9866,.T.);
#9864 = VERTEX_POINT('',#9865);
#9865 = CARTESIAN_POINT('',(10.04,-0.16,1.11));
#9866 = LINE('',#9867,#9868);
#9867 = CARTESIAN_POINT('',(10.146666666667,-5.333333333333E-02,
    1.216666666667));
#9868 = VECTOR('',#9869,1.);
#9869 = DIRECTION('',(0.57735026919,0.57735026919,0.57735026919));
#9870 = ORIENTED_EDGE('',*,*,#9871,.F.);
#9871 = EDGE_CURVE('',#9840,#9864,#9872,.T.);
#9872 = LINE('',#9873,#9874);
#9873 = CARTESIAN_POINT('',(10.04,0.32,1.11));
#9874 = VECTOR('',#9875,1.);
#9875 = DIRECTION('',(0.,-1.,0.));
#9876 = PLANE('',#9877);
#9877 = AXIS2_PLACEMENT_3D('',#9878,#9879,#9880);
#9878 = CARTESIAN_POINT('',(9.96,0.32,1.03));
#9879 = DIRECTION('',(0.707106781187,0.,-0.707106781187));
#9880 = DIRECTION('',(0.,1.,0.));
#9881 = ADVANCED_FACE('',(#9882),#9893,.F.);
#9882 = FACE_BOUND('',#9883,.T.);
#9883 = EDGE_LOOP('',(#9884,#9885,#9886,#9887));
#9884 = ORIENTED_EDGE('',*,*,#9815,.F.);
#9885 = ORIENTED_EDGE('',*,*,#8633,.T.);
#9886 = ORIENTED_EDGE('',*,*,#9863,.T.);
#9887 = ORIENTED_EDGE('',*,*,#9888,.F.);
#9888 = EDGE_CURVE('',#9816,#9864,#9889,.T.);
#9889 = LINE('',#9890,#9891);
#9890 = CARTESIAN_POINT('',(10.04,-0.16,1.59));
#9891 = VECTOR('',#9892,1.);
#9892 = DIRECTION('',(0.,0.,-1.));
#9893 = PLANE('',#9894);
#9894 = AXIS2_PLACEMENT_3D('',#9895,#9896,#9897);
#9895 = CARTESIAN_POINT('',(9.96,-0.24,1.59));
#9896 = DIRECTION('',(-0.707106781187,0.707106781187,1.735167508357E-18)
  );
#9897 = DIRECTION('',(1.226948711654E-18,-1.226948711654E-18,1.));
#9898 = ADVANCED_FACE('',(#9899),#9910,.T.);
#9899 = FACE_BOUND('',#9900,.F.);
#9900 = EDGE_LOOP('',(#9901,#9902,#9903,#9904));
#9901 = ORIENTED_EDGE('',*,*,#8691,.F.);
#9902 = ORIENTED_EDGE('',*,*,#8666,.T.);
#9903 = ORIENTED_EDGE('',*,*,#8746,.F.);
#9904 = ORIENTED_EDGE('',*,*,#9905,.F.);
#9905 = EDGE_CURVE('',#8692,#8739,#9906,.T.);
#9906 = LINE('',#9907,#9908);
#9907 = CARTESIAN_POINT('',(-0.16,-4.76,-3.));
#9908 = VECTOR('',#9909,1.);
#9909 = DIRECTION('',(0.,-1.,0.));
#9910 = PLANE('',#9911);
#9911 = AXIS2_PLACEMENT_3D('',#9912,#9913,#9914);
#9912 = CARTESIAN_POINT('',(-0.24,-4.76,-2.92));
#9913 = DIRECTION('',(-0.707106781187,-1.735167508357E-18,
    -0.707106781187));
#9914 = DIRECTION('',(-1.226948711654E-18,1.,-1.226948711654E-18));
#9915 = ADVANCED_FACE('',(#9916),#9927,.T.);
#9916 = FACE_BOUND('',#9917,.F.);
#9917 = EDGE_LOOP('',(#9918,#9919,#9925,#9926));
#9918 = ORIENTED_EDGE('',*,*,#8682,.T.);
#9919 = ORIENTED_EDGE('',*,*,#9920,.T.);
#9920 = EDGE_CURVE('',#8683,#8731,#9921,.T.);
#9921 = LINE('',#9922,#9923);
#9922 = CARTESIAN_POINT('',(0.16,-4.76,-3.));
#9923 = VECTOR('',#9924,1.);
#9924 = DIRECTION('',(0.,-1.,0.));
#9925 = ORIENTED_EDGE('',*,*,#8730,.T.);
#9926 = ORIENTED_EDGE('',*,*,#8716,.F.);
#9927 = PLANE('',#9928);
#9928 = AXIS2_PLACEMENT_3D('',#9929,#9930,#9931);
#9929 = CARTESIAN_POINT('',(0.24,-4.76,-2.92));
#9930 = DIRECTION('',(0.707106781187,1.735167508357E-18,-0.707106781187)
  );
#9931 = DIRECTION('',(-1.226948711654E-18,1.,1.226948711654E-18));
#9932 = ADVANCED_FACE('',(#9933),#9939,.T.);
#9933 = FACE_BOUND('',#9934,.T.);
#9934 = EDGE_LOOP('',(#9935,#9936,#9937,#9938));
#9935 = ORIENTED_EDGE('',*,*,#8699,.F.);
#9936 = ORIENTED_EDGE('',*,*,#9920,.T.);
#9937 = ORIENTED_EDGE('',*,*,#8738,.T.);
#9938 = ORIENTED_EDGE('',*,*,#9905,.F.);
#9939 = PLANE('',#9940);
#9940 = AXIS2_PLACEMENT_3D('',#9941,#9942,#9943);
#9941 = CARTESIAN_POINT('',(0.32,-4.76,-3.));
#9942 = DIRECTION('',(-0.,-0.,-1.));
#9943 = DIRECTION('',(-1.,0.,0.));
#9944 = ADVANCED_FACE('',(#9945),#9956,.T.);
#9945 = FACE_BOUND('',#9946,.F.);
#9946 = EDGE_LOOP('',(#9947,#9948,#9949,#9950));
#9947 = ORIENTED_EDGE('',*,*,#8804,.F.);
#9948 = ORIENTED_EDGE('',*,*,#8779,.T.);
#9949 = ORIENTED_EDGE('',*,*,#8859,.F.);
#9950 = ORIENTED_EDGE('',*,*,#9951,.F.);
#9951 = EDGE_CURVE('',#8805,#8852,#9952,.T.);
#9952 = LINE('',#9953,#9954);
#9953 = CARTESIAN_POINT('',(-0.16,-7.3,-3.));
#9954 = VECTOR('',#9955,1.);
#9955 = DIRECTION('',(0.,-1.,0.));
#9956 = PLANE('',#9957);
#9957 = AXIS2_PLACEMENT_3D('',#9958,#9959,#9960);
#9958 = CARTESIAN_POINT('',(-0.24,-7.3,-2.92));
#9959 = DIRECTION('',(-0.707106781187,-1.735167508357E-18,
    -0.707106781187));
#9960 = DIRECTION('',(-1.226948711654E-18,1.,-1.226948711654E-18));
#9961 = ADVANCED_FACE('',(#9962),#9973,.T.);
#9962 = FACE_BOUND('',#9963,.F.);
#9963 = EDGE_LOOP('',(#9964,#9965,#9971,#9972));
#9964 = ORIENTED_EDGE('',*,*,#8795,.T.);
#9965 = ORIENTED_EDGE('',*,*,#9966,.T.);
#9966 = EDGE_CURVE('',#8796,#8844,#9967,.T.);
#9967 = LINE('',#9968,#9969);
#9968 = CARTESIAN_POINT('',(0.16,-7.3,-3.));
#9969 = VECTOR('',#9970,1.);
#9970 = DIRECTION('',(0.,-1.,0.));
#9971 = ORIENTED_EDGE('',*,*,#8843,.T.);
#9972 = ORIENTED_EDGE('',*,*,#8829,.F.);
#9973 = PLANE('',#9974);
#9974 = AXIS2_PLACEMENT_3D('',#9975,#9976,#9977);
#9975 = CARTESIAN_POINT('',(0.24,-7.3,-2.92));
#9976 = DIRECTION('',(0.707106781187,1.735167508357E-18,-0.707106781187)
  );
#9977 = DIRECTION('',(-1.226948711654E-18,1.,1.226948711654E-18));
#9978 = ADVANCED_FACE('',(#9979),#9985,.T.);
#9979 = FACE_BOUND('',#9980,.T.);
#9980 = EDGE_LOOP('',(#9981,#9982,#9983,#9984));
#9981 = ORIENTED_EDGE('',*,*,#8812,.F.);
#9982 = ORIENTED_EDGE('',*,*,#9966,.T.);
#9983 = ORIENTED_EDGE('',*,*,#8851,.T.);
#9984 = ORIENTED_EDGE('',*,*,#9951,.F.);
#9985 = PLANE('',#9986);
#9986 = AXIS2_PLACEMENT_3D('',#9987,#9988,#9989);
#9987 = CARTESIAN_POINT('',(0.32,-7.3,-3.));
#9988 = DIRECTION('',(-0.,-0.,-1.));
#9989 = DIRECTION('',(-1.,0.,0.));
#9990 = ADVANCED_FACE('',(#9991),#10002,.T.);
#9991 = FACE_BOUND('',#9992,.F.);
#9992 = EDGE_LOOP('',(#9993,#9994,#9995,#9996));
#9993 = ORIENTED_EDGE('',*,*,#8917,.F.);
#9994 = ORIENTED_EDGE('',*,*,#8892,.T.);
#9995 = ORIENTED_EDGE('',*,*,#8972,.F.);
#9996 = ORIENTED_EDGE('',*,*,#9997,.F.);
#9997 = EDGE_CURVE('',#8918,#8965,#9998,.T.);
#9998 = LINE('',#9999,#10000);
#9999 = CARTESIAN_POINT('',(-0.16,-12.38,-3.));
#10000 = VECTOR('',#10001,1.);
#10001 = DIRECTION('',(0.,-1.,0.));
#10002 = PLANE('',#10003);
#10003 = AXIS2_PLACEMENT_3D('',#10004,#10005,#10006);
#10004 = CARTESIAN_POINT('',(-0.24,-12.38,-2.92));
#10005 = DIRECTION('',(-0.707106781187,-1.735167508357E-18,
    -0.707106781187));
#10006 = DIRECTION('',(-1.226948711654E-18,1.,-1.226948711654E-18));
#10007 = ADVANCED_FACE('',(#10008),#10019,.T.);
#10008 = FACE_BOUND('',#10009,.F.);
#10009 = EDGE_LOOP('',(#10010,#10011,#10017,#10018));
#10010 = ORIENTED_EDGE('',*,*,#8908,.T.);
#10011 = ORIENTED_EDGE('',*,*,#10012,.T.);
#10012 = EDGE_CURVE('',#8909,#8957,#10013,.T.);
#10013 = LINE('',#10014,#10015);
#10014 = CARTESIAN_POINT('',(0.16,-12.38,-3.));
#10015 = VECTOR('',#10016,1.);
#10016 = DIRECTION('',(0.,-1.,0.));
#10017 = ORIENTED_EDGE('',*,*,#8956,.T.);
#10018 = ORIENTED_EDGE('',*,*,#8942,.F.);
#10019 = PLANE('',#10020);
#10020 = AXIS2_PLACEMENT_3D('',#10021,#10022,#10023);
#10021 = CARTESIAN_POINT('',(0.24,-12.38,-2.92));
#10022 = DIRECTION('',(0.707106781187,1.735167508357E-18,-0.707106781187
    ));
#10023 = DIRECTION('',(-1.226948711654E-18,1.,1.226948711654E-18));
#10024 = ADVANCED_FACE('',(#10025),#10031,.T.);
#10025 = FACE_BOUND('',#10026,.T.);
#10026 = EDGE_LOOP('',(#10027,#10028,#10029,#10030));
#10027 = ORIENTED_EDGE('',*,*,#8925,.F.);
#10028 = ORIENTED_EDGE('',*,*,#10012,.T.);
#10029 = ORIENTED_EDGE('',*,*,#8964,.T.);
#10030 = ORIENTED_EDGE('',*,*,#9997,.F.);
#10031 = PLANE('',#10032);
#10032 = AXIS2_PLACEMENT_3D('',#10033,#10034,#10035);
#10033 = CARTESIAN_POINT('',(0.32,-12.38,-3.));
#10034 = DIRECTION('',(-0.,-0.,-1.));
#10035 = DIRECTION('',(-1.,0.,0.));
#10036 = ADVANCED_FACE('',(#10037),#10048,.T.);
#10037 = FACE_BOUND('',#10038,.F.);
#10038 = EDGE_LOOP('',(#10039,#10040,#10041,#10042));
#10039 = ORIENTED_EDGE('',*,*,#9030,.F.);
#10040 = ORIENTED_EDGE('',*,*,#9005,.T.);
#10041 = ORIENTED_EDGE('',*,*,#9085,.F.);
#10042 = ORIENTED_EDGE('',*,*,#10043,.F.);
#10043 = EDGE_CURVE('',#9031,#9078,#10044,.T.);
#10044 = LINE('',#10045,#10046);
#10045 = CARTESIAN_POINT('',(-0.16,-9.84,-3.));
#10046 = VECTOR('',#10047,1.);
#10047 = DIRECTION('',(0.,-1.,0.));
#10048 = PLANE('',#10049);
#10049 = AXIS2_PLACEMENT_3D('',#10050,#10051,#10052);
#10050 = CARTESIAN_POINT('',(-0.24,-9.84,-2.92));
#10051 = DIRECTION('',(-0.707106781187,-1.735167508357E-18,
    -0.707106781187));
#10052 = DIRECTION('',(-1.226948711654E-18,1.,-1.226948711654E-18));
#10053 = ADVANCED_FACE('',(#10054),#10065,.T.);
#10054 = FACE_BOUND('',#10055,.F.);
#10055 = EDGE_LOOP('',(#10056,#10057,#10063,#10064));
#10056 = ORIENTED_EDGE('',*,*,#9021,.T.);
#10057 = ORIENTED_EDGE('',*,*,#10058,.T.);
#10058 = EDGE_CURVE('',#9022,#9070,#10059,.T.);
#10059 = LINE('',#10060,#10061);
#10060 = CARTESIAN_POINT('',(0.16,-9.84,-3.));
#10061 = VECTOR('',#10062,1.);
#10062 = DIRECTION('',(0.,-1.,0.));
#10063 = ORIENTED_EDGE('',*,*,#9069,.T.);
#10064 = ORIENTED_EDGE('',*,*,#9055,.F.);
#10065 = PLANE('',#10066);
#10066 = AXIS2_PLACEMENT_3D('',#10067,#10068,#10069);
#10067 = CARTESIAN_POINT('',(0.24,-9.84,-2.92));
#10068 = DIRECTION('',(0.707106781187,1.735167508357E-18,-0.707106781187
    ));
#10069 = DIRECTION('',(-1.226948711654E-18,1.,1.226948711654E-18));
#10070 = ADVANCED_FACE('',(#10071),#10077,.T.);
#10071 = FACE_BOUND('',#10072,.T.);
#10072 = EDGE_LOOP('',(#10073,#10074,#10075,#10076));
#10073 = ORIENTED_EDGE('',*,*,#9038,.F.);
#10074 = ORIENTED_EDGE('',*,*,#10058,.T.);
#10075 = ORIENTED_EDGE('',*,*,#9077,.T.);
#10076 = ORIENTED_EDGE('',*,*,#10043,.F.);
#10077 = PLANE('',#10078);
#10078 = AXIS2_PLACEMENT_3D('',#10079,#10080,#10081);
#10079 = CARTESIAN_POINT('',(0.32,-9.84,-3.));
#10080 = DIRECTION('',(-0.,-0.,-1.));
#10081 = DIRECTION('',(-1.,0.,0.));
#10082 = ADVANCED_FACE('',(#10083),#10094,.T.);
#10083 = FACE_BOUND('',#10084,.F.);
#10084 = EDGE_LOOP('',(#10085,#10086,#10087,#10088));
#10085 = ORIENTED_EDGE('',*,*,#9143,.F.);
#10086 = ORIENTED_EDGE('',*,*,#9118,.T.);
#10087 = ORIENTED_EDGE('',*,*,#9198,.F.);
#10088 = ORIENTED_EDGE('',*,*,#10089,.F.);
#10089 = EDGE_CURVE('',#9144,#9191,#10090,.T.);
#10090 = LINE('',#10091,#10092);
#10091 = CARTESIAN_POINT('',(-0.16,-2.22,-3.));
#10092 = VECTOR('',#10093,1.);
#10093 = DIRECTION('',(0.,-1.,0.));
#10094 = PLANE('',#10095);
#10095 = AXIS2_PLACEMENT_3D('',#10096,#10097,#10098);
#10096 = CARTESIAN_POINT('',(-0.24,-2.22,-2.92));
#10097 = DIRECTION('',(-0.707106781187,-1.735167508357E-18,
    -0.707106781187));
#10098 = DIRECTION('',(-1.226948711654E-18,1.,-1.226948711654E-18));
#10099 = ADVANCED_FACE('',(#10100),#10111,.T.);
#10100 = FACE_BOUND('',#10101,.F.);
#10101 = EDGE_LOOP('',(#10102,#10103,#10109,#10110));
#10102 = ORIENTED_EDGE('',*,*,#9134,.T.);
#10103 = ORIENTED_EDGE('',*,*,#10104,.T.);
#10104 = EDGE_CURVE('',#9135,#9183,#10105,.T.);
#10105 = LINE('',#10106,#10107);
#10106 = CARTESIAN_POINT('',(0.16,-2.22,-3.));
#10107 = VECTOR('',#10108,1.);
#10108 = DIRECTION('',(0.,-1.,0.));
#10109 = ORIENTED_EDGE('',*,*,#9182,.T.);
#10110 = ORIENTED_EDGE('',*,*,#9168,.F.);
#10111 = PLANE('',#10112);
#10112 = AXIS2_PLACEMENT_3D('',#10113,#10114,#10115);
#10113 = CARTESIAN_POINT('',(0.24,-2.22,-2.92));
#10114 = DIRECTION('',(0.707106781187,1.735167508357E-18,-0.707106781187
    ));
#10115 = DIRECTION('',(-1.226948711654E-18,1.,1.226948711654E-18));
#10116 = ADVANCED_FACE('',(#10117),#10123,.T.);
#10117 = FACE_BOUND('',#10118,.T.);
#10118 = EDGE_LOOP('',(#10119,#10120,#10121,#10122));
#10119 = ORIENTED_EDGE('',*,*,#9151,.F.);
#10120 = ORIENTED_EDGE('',*,*,#10104,.T.);
#10121 = ORIENTED_EDGE('',*,*,#9190,.T.);
#10122 = ORIENTED_EDGE('',*,*,#10089,.F.);
#10123 = PLANE('',#10124);
#10124 = AXIS2_PLACEMENT_3D('',#10125,#10126,#10127);
#10125 = CARTESIAN_POINT('',(0.32,-2.22,-3.));
#10126 = DIRECTION('',(-0.,-0.,-1.));
#10127 = DIRECTION('',(-1.,0.,0.));
#10128 = ADVANCED_FACE('',(#10129),#10140,.T.);
#10129 = FACE_BOUND('',#10130,.F.);
#10130 = EDGE_LOOP('',(#10131,#10132,#10133,#10134));
#10131 = ORIENTED_EDGE('',*,*,#9256,.F.);
#10132 = ORIENTED_EDGE('',*,*,#9231,.T.);
#10133 = ORIENTED_EDGE('',*,*,#9311,.F.);
#10134 = ORIENTED_EDGE('',*,*,#10135,.F.);
#10135 = EDGE_CURVE('',#9257,#9304,#10136,.T.);
#10136 = LINE('',#10137,#10138);
#10137 = CARTESIAN_POINT('',(-0.16,0.32,-3.));
#10138 = VECTOR('',#10139,1.);
#10139 = DIRECTION('',(0.,-1.,0.));
#10140 = PLANE('',#10141);
#10141 = AXIS2_PLACEMENT_3D('',#10142,#10143,#10144);
#10142 = CARTESIAN_POINT('',(-0.24,0.32,-2.92));
#10143 = DIRECTION('',(-0.707106781187,-1.735167508357E-18,
    -0.707106781187));
#10144 = DIRECTION('',(-1.226948711654E-18,1.,-1.226948711654E-18));
#10145 = ADVANCED_FACE('',(#10146),#10157,.T.);
#10146 = FACE_BOUND('',#10147,.F.);
#10147 = EDGE_LOOP('',(#10148,#10149,#10155,#10156));
#10148 = ORIENTED_EDGE('',*,*,#9247,.T.);
#10149 = ORIENTED_EDGE('',*,*,#10150,.T.);
#10150 = EDGE_CURVE('',#9248,#9296,#10151,.T.);
#10151 = LINE('',#10152,#10153);
#10152 = CARTESIAN_POINT('',(0.16,0.32,-3.));
#10153 = VECTOR('',#10154,1.);
#10154 = DIRECTION('',(0.,-1.,0.));
#10155 = ORIENTED_EDGE('',*,*,#9295,.T.);
#10156 = ORIENTED_EDGE('',*,*,#9281,.F.);
#10157 = PLANE('',#10158);
#10158 = AXIS2_PLACEMENT_3D('',#10159,#10160,#10161);
#10159 = CARTESIAN_POINT('',(0.24,0.32,-2.92));
#10160 = DIRECTION('',(0.707106781187,1.735167508357E-18,-0.707106781187
    ));
#10161 = DIRECTION('',(-1.226948711654E-18,1.,1.226948711654E-18));
#10162 = ADVANCED_FACE('',(#10163),#10169,.T.);
#10163 = FACE_BOUND('',#10164,.T.);
#10164 = EDGE_LOOP('',(#10165,#10166,#10167,#10168));
#10165 = ORIENTED_EDGE('',*,*,#9264,.F.);
#10166 = ORIENTED_EDGE('',*,*,#10150,.T.);
#10167 = ORIENTED_EDGE('',*,*,#9303,.T.);
#10168 = ORIENTED_EDGE('',*,*,#10135,.F.);
#10169 = PLANE('',#10170);
#10170 = AXIS2_PLACEMENT_3D('',#10171,#10172,#10173);
#10171 = CARTESIAN_POINT('',(0.32,0.32,-3.));
#10172 = DIRECTION('',(-0.,-0.,-1.));
#10173 = DIRECTION('',(-1.,0.,0.));
#10174 = ADVANCED_FACE('',(#10175),#10181,.T.);
#10175 = FACE_BOUND('',#10176,.T.);
#10176 = EDGE_LOOP('',(#10177,#10178,#10179,#10180));
#10177 = ORIENTED_EDGE('',*,*,#9367,.F.);
#10178 = ORIENTED_EDGE('',*,*,#9343,.T.);
#10179 = ORIENTED_EDGE('',*,*,#9408,.T.);
#10180 = ORIENTED_EDGE('',*,*,#9391,.F.);
#10181 = PLANE('',#10182);
#10182 = AXIS2_PLACEMENT_3D('',#10183,#10184,#10185);
#10183 = CARTESIAN_POINT('',(10.04,-4.76,1.59));
#10184 = DIRECTION('',(1.,0.,0.));
#10185 = DIRECTION('',(0.,0.,-1.));
#10186 = ADVANCED_FACE('',(#10187),#10193,.T.);
#10187 = FACE_BOUND('',#10188,.T.);
#10188 = EDGE_LOOP('',(#10189,#10190,#10191,#10192));
#10189 = ORIENTED_EDGE('',*,*,#9463,.F.);
#10190 = ORIENTED_EDGE('',*,*,#9439,.T.);
#10191 = ORIENTED_EDGE('',*,*,#9504,.T.);
#10192 = ORIENTED_EDGE('',*,*,#9487,.F.);
#10193 = PLANE('',#10194);
#10194 = AXIS2_PLACEMENT_3D('',#10195,#10196,#10197);
#10195 = CARTESIAN_POINT('',(10.04,-7.3,1.59));
#10196 = DIRECTION('',(1.,0.,0.));
#10197 = DIRECTION('',(0.,0.,-1.));
#10198 = ADVANCED_FACE('',(#10199),#10205,.T.);
#10199 = FACE_BOUND('',#10200,.T.);
#10200 = EDGE_LOOP('',(#10201,#10202,#10203,#10204));
#10201 = ORIENTED_EDGE('',*,*,#9535,.F.);
#10202 = ORIENTED_EDGE('',*,*,#9600,.T.);
#10203 = ORIENTED_EDGE('',*,*,#9583,.T.);
#10204 = ORIENTED_EDGE('',*,*,#9559,.F.);
#10205 = PLANE('',#10206);
#10206 = AXIS2_PLACEMENT_3D('',#10207,#10208,#10209);
#10207 = CARTESIAN_POINT('',(10.04,-12.38,1.59));
#10208 = DIRECTION('',(1.,0.,0.));
#10209 = DIRECTION('',(0.,0.,-1.));
#10210 = ADVANCED_FACE('',(#10211),#10217,.T.);
#10211 = FACE_BOUND('',#10212,.T.);
#10212 = EDGE_LOOP('',(#10213,#10214,#10215,#10216));
#10213 = ORIENTED_EDGE('',*,*,#9655,.F.);
#10214 = ORIENTED_EDGE('',*,*,#9631,.T.);
#10215 = ORIENTED_EDGE('',*,*,#9696,.T.);
#10216 = ORIENTED_EDGE('',*,*,#9679,.F.);
#10217 = PLANE('',#10218);
#10218 = AXIS2_PLACEMENT_3D('',#10219,#10220,#10221);
#10219 = CARTESIAN_POINT('',(10.04,-9.84,1.59));
#10220 = DIRECTION('',(1.,0.,0.));
#10221 = DIRECTION('',(0.,0.,-1.));
#10222 = ADVANCED_FACE('',(#10223),#10229,.T.);
#10223 = FACE_BOUND('',#10224,.T.);
#10224 = EDGE_LOOP('',(#10225,#10226,#10227,#10228));
#10225 = ORIENTED_EDGE('',*,*,#9751,.F.);
#10226 = ORIENTED_EDGE('',*,*,#9727,.T.);
#10227 = ORIENTED_EDGE('',*,*,#9792,.T.);
#10228 = ORIENTED_EDGE('',*,*,#9775,.F.);
#10229 = PLANE('',#10230);
#10230 = AXIS2_PLACEMENT_3D('',#10231,#10232,#10233);
#10231 = CARTESIAN_POINT('',(10.04,-2.22,1.59));
#10232 = DIRECTION('',(1.,0.,0.));
#10233 = DIRECTION('',(0.,0.,-1.));
#10234 = ADVANCED_FACE('',(#10235),#10241,.T.);
#10235 = FACE_BOUND('',#10236,.T.);
#10236 = EDGE_LOOP('',(#10237,#10238,#10239,#10240));
#10237 = ORIENTED_EDGE('',*,*,#9847,.F.);
#10238 = ORIENTED_EDGE('',*,*,#9823,.T.);
#10239 = ORIENTED_EDGE('',*,*,#9888,.T.);
#10240 = ORIENTED_EDGE('',*,*,#9871,.F.);
#10241 = PLANE('',#10242);
#10242 = AXIS2_PLACEMENT_3D('',#10243,#10244,#10245);
#10243 = CARTESIAN_POINT('',(10.04,0.32,1.59));
#10244 = DIRECTION('',(1.,0.,0.));
#10245 = DIRECTION('',(0.,0.,-1.));
#10246 = ( GEOMETRIC_REPRESENTATION_CONTEXT(3) 
GLOBAL_UNCERTAINTY_ASSIGNED_CONTEXT((#10250)) 
GLOBAL_UNIT_ASSIGNED_CONTEXT((#10247,#10248,#10249)) 
REPRESENTATION_CONTEXT('Context #1',
  '3D Context with UNIT and UNCERTAINTY') );
#10247 = ( LENGTH_UNIT() NAMED_UNIT(*) SI_UNIT(.MILLI.,.METRE.) );
#10248 = ( NAMED_UNIT(*) PLANE_ANGLE_UNIT() SI_UNIT($,.RADIAN.) );
#10249 = ( NAMED_UNIT(*) SI_UNIT($,.STERADIAN.) SOLID_ANGLE_UNIT() );
#10250 = UNCERTAINTY_MEASURE_WITH_UNIT(LENGTH_MEASURE(1.E-07),#10247,
  'distance_accuracy_value','confusion accuracy');
#10251 = CONTEXT_DEPENDENT_SHAPE_REPRESENTATION(#10252,#10254);
#10252 = ( REPRESENTATION_RELATIONSHIP('','',#5511,#10) 
REPRESENTATION_RELATIONSHIP_WITH_TRANSFORMATION(#10253) 
SHAPE_REPRESENTATION_RELATIONSHIP() );
#10253 = ITEM_DEFINED_TRANSFORMATION('','',#11,#51);
#10254 = PRODUCT_DEFINITION_SHAPE('Placement','Placement of an item',
  #10255);
#10255 = NEXT_ASSEMBLY_USAGE_OCCURRENCE('13','J4','',#5,#5506,$);
#10256 = PRODUCT_RELATED_PRODUCT_CATEGORY('part',$,(#5508));
#10257 = CONTEXT_DEPENDENT_SHAPE_REPRESENTATION(#10258,#10260);
#10258 = ( REPRESENTATION_RELATIONSHIP('','',#3670,#10) 
REPRESENTATION_RELATIONSHIP_WITH_TRANSFORMATION(#10259) 
SHAPE_REPRESENTATION_RELATIONSHIP() );
#10259 = ITEM_DEFINED_TRANSFORMATION('','',#11,#55);
#10260 = PRODUCT_DEFINITION_SHAPE('Placement','Placement of an item',
  #10261);
#10261 = NEXT_ASSEMBLY_USAGE_OCCURRENCE('14','Q8','',#5,#3665,$);
#10262 = CONTEXT_DEPENDENT_SHAPE_REPRESENTATION(#10263,#10265);
#10263 = ( REPRESENTATION_RELATIONSHIP('','',#112,#10) 
REPRESENTATION_RELATIONSHIP_WITH_TRANSFORMATION(#10264) 
SHAPE_REPRESENTATION_RELATIONSHIP() );
#10264 = ITEM_DEFINED_TRANSFORMATION('','',#11,#59);
#10265 = PRODUCT_DEFINITION_SHAPE('Placement','Placement of an item',
  #10266);
#10266 = NEXT_ASSEMBLY_USAGE_OCCURRENCE('15','D6','',#5,#107,$);
#10267 = CONTEXT_DEPENDENT_SHAPE_REPRESENTATION(#10268,#10270);
#10268 = ( REPRESENTATION_RELATIONSHIP('','',#2119,#10) 
REPRESENTATION_RELATIONSHIP_WITH_TRANSFORMATION(#10269) 
SHAPE_REPRESENTATION_RELATIONSHIP() );
#10269 = ITEM_DEFINED_TRANSFORMATION('','',#11,#63);
#10270 = PRODUCT_DEFINITION_SHAPE('Placement','Placement of an item',
  #10271);
#10271 = NEXT_ASSEMBLY_USAGE_OCCURRENCE('16','Q1','',#5,#2114,$);
#10272 = CONTEXT_DEPENDENT_SHAPE_REPRESENTATION(#10273,#10275);
#10273 = ( REPRESENTATION_RELATIONSHIP('','',#2119,#10) 
REPRESENTATION_RELATIONSHIP_WITH_TRANSFORMATION(#10274) 
SHAPE_REPRESENTATION_RELATIONSHIP() );
#10274 = ITEM_DEFINED_TRANSFORMATION('','',#11,#67);
#10275 = PRODUCT_DEFINITION_SHAPE('Placement','Placement of an item',
  #10276);
#10276 = NEXT_ASSEMBLY_USAGE_OCCURRENCE('17','Q7','',#5,#2114,$);
#10277 = CONTEXT_DEPENDENT_SHAPE_REPRESENTATION(#10278,#10280);
#10278 = ( REPRESENTATION_RELATIONSHIP('','',#112,#10) 
REPRESENTATION_RELATIONSHIP_WITH_TRANSFORMATION(#10279) 
SHAPE_REPRESENTATION_RELATIONSHIP() );
#10279 = ITEM_DEFINED_TRANSFORMATION('','',#11,#71);
#10280 = PRODUCT_DEFINITION_SHAPE('Placement','Placement of an item',
  #10281);
#10281 = NEXT_ASSEMBLY_USAGE_OCCURRENCE('18','D3','',#5,#107,$);
#10282 = CONTEXT_DEPENDENT_SHAPE_REPRESENTATION(#10283,#10285);
#10283 = ( REPRESENTATION_RELATIONSHIP('','',#3670,#10) 
REPRESENTATION_RELATIONSHIP_WITH_TRANSFORMATION(#10284) 
SHAPE_REPRESENTATION_RELATIONSHIP() );
#10284 = ITEM_DEFINED_TRANSFORMATION('','',#11,#75);
#10285 = PRODUCT_DEFINITION_SHAPE('Placement','Placement of an item',
  #10286);
#10286 = NEXT_ASSEMBLY_USAGE_OCCURRENCE('19','Q6','',#5,#3665,$);
#10287 = CONTEXT_DEPENDENT_SHAPE_REPRESENTATION(#10288,#10290);
#10288 = ( REPRESENTATION_RELATIONSHIP('','',#112,#10) 
REPRESENTATION_RELATIONSHIP_WITH_TRANSFORMATION(#10289) 
SHAPE_REPRESENTATION_RELATIONSHIP() );
#10289 = ITEM_DEFINED_TRANSFORMATION('','',#11,#79);
#10290 = PRODUCT_DEFINITION_SHAPE('Placement','Placement of an item',
  #10291);
#10291 = NEXT_ASSEMBLY_USAGE_OCCURRENCE('20','D2','',#5,#107,$);
#10292 = CONTEXT_DEPENDENT_SHAPE_REPRESENTATION(#10293,#10295);
#10293 = ( REPRESENTATION_RELATIONSHIP('','',#3670,#10) 
REPRESENTATION_RELATIONSHIP_WITH_TRANSFORMATION(#10294) 
SHAPE_REPRESENTATION_RELATIONSHIP() );
#10294 = ITEM_DEFINED_TRANSFORMATION('','',#11,#83);
#10295 = PRODUCT_DEFINITION_SHAPE('Placement','Placement of an item',
  #10296);
#10296 = NEXT_ASSEMBLY_USAGE_OCCURRENCE('21','Q2','',#5,#3665,$);
#10297 = SHAPE_DEFINITION_REPRESENTATION(#10298,#10304);
#10298 = PRODUCT_DEFINITION_SHAPE('','',#10299);
#10299 = PRODUCT_DEFINITION('design','',#10300,#10303);
#10300 = PRODUCT_DEFINITION_FORMATION('','',#10301);
#10301 = PRODUCT('PinHeader_1x02_P2.54mm_Vertical',
  'PinHeader_1x02_P2.54mm_Vertical','',(#10302));
#10302 = PRODUCT_CONTEXT('',#2,'mechanical');
#10303 = PRODUCT_DEFINITION_CONTEXT('part definition',#2,'design');
#10304 = ADVANCED_BREP_SHAPE_REPRESENTATION('',(#11,#10305),#11737);
#10305 = MANIFOLD_SOLID_BREP('',#10306);
#10306 = CLOSED_SHELL('',(#10307,#10347,#10378,#10409,#10574,#10739,
    #10756,#10773,#10790,#10807,#10824,#10841,#10858,#10875,#10892,
    #10909,#10921,#10952,#10976,#11000,#11017,#11048,#11072,#11096,
    #11113,#11144,#11168,#11192,#11209,#11240,#11264,#11288,#11305,
    #11336,#11360,#11384,#11401,#11432,#11456,#11480,#11497,#11528,
    #11552,#11576,#11593,#11624,#11648,#11672,#11689,#11701,#11713,
    #11725));
#10307 = ADVANCED_FACE('',(#10308),#10342,.F.);
#10308 = FACE_BOUND('',#10309,.F.);
#10309 = EDGE_LOOP('',(#10310,#10320,#10328,#10336));
#10310 = ORIENTED_EDGE('',*,*,#10311,.T.);
#10311 = EDGE_CURVE('',#10312,#10314,#10316,.T.);
#10312 = VERTEX_POINT('',#10313);
#10313 = CARTESIAN_POINT('',(-1.016,1.27,0.));
#10314 = VERTEX_POINT('',#10315);
#10315 = CARTESIAN_POINT('',(-1.016,1.27,2.54));
#10316 = LINE('',#10317,#10318);
#10317 = CARTESIAN_POINT('',(-1.016,1.27,0.));
#10318 = VECTOR('',#10319,1.);
#10319 = DIRECTION('',(0.,0.,1.));
#10320 = ORIENTED_EDGE('',*,*,#10321,.T.);
#10321 = EDGE_CURVE('',#10314,#10322,#10324,.T.);
#10322 = VERTEX_POINT('',#10323);
#10323 = CARTESIAN_POINT('',(-1.27,1.016,2.54));
#10324 = LINE('',#10325,#10326);
#10325 = CARTESIAN_POINT('',(-1.016,1.27,2.54));
#10326 = VECTOR('',#10327,1.);
#10327 = DIRECTION('',(-0.707106781187,-0.707106781187,0.));
#10328 = ORIENTED_EDGE('',*,*,#10329,.F.);
#10329 = EDGE_CURVE('',#10330,#10322,#10332,.T.);
#10330 = VERTEX_POINT('',#10331);
#10331 = CARTESIAN_POINT('',(-1.27,1.016,0.));
#10332 = LINE('',#10333,#10334);
#10333 = CARTESIAN_POINT('',(-1.27,1.016,0.));
#10334 = VECTOR('',#10335,1.);
#10335 = DIRECTION('',(0.,0.,1.));
#10336 = ORIENTED_EDGE('',*,*,#10337,.F.);
#10337 = EDGE_CURVE('',#10312,#10330,#10338,.T.);
#10338 = LINE('',#10339,#10340);
#10339 = CARTESIAN_POINT('',(-1.016,1.27,0.));
#10340 = VECTOR('',#10341,1.);
#10341 = DIRECTION('',(-0.707106781187,-0.707106781187,0.));
#10342 = PLANE('',#10343);
#10343 = AXIS2_PLACEMENT_3D('',#10344,#10345,#10346);
#10344 = CARTESIAN_POINT('',(-1.016,1.27,0.));
#10345 = DIRECTION('',(0.707106781187,-0.707106781187,0.));
#10346 = DIRECTION('',(-0.707106781187,-0.707106781187,0.));
#10347 = ADVANCED_FACE('',(#10348),#10373,.F.);
#10348 = FACE_BOUND('',#10349,.F.);
#10349 = EDGE_LOOP('',(#10350,#10360,#10366,#10367));
#10350 = ORIENTED_EDGE('',*,*,#10351,.T.);
#10351 = EDGE_CURVE('',#10352,#10354,#10356,.T.);
#10352 = VERTEX_POINT('',#10353);
#10353 = CARTESIAN_POINT('',(1.016,1.27,0.));
#10354 = VERTEX_POINT('',#10355);
#10355 = CARTESIAN_POINT('',(1.016,1.27,2.54));
#10356 = LINE('',#10357,#10358);
#10357 = CARTESIAN_POINT('',(1.016,1.27,0.));
#10358 = VECTOR('',#10359,1.);
#10359 = DIRECTION('',(0.,0.,1.));
#10360 = ORIENTED_EDGE('',*,*,#10361,.T.);
#10361 = EDGE_CURVE('',#10354,#10314,#10362,.T.);
#10362 = LINE('',#10363,#10364);
#10363 = CARTESIAN_POINT('',(1.016,1.27,2.54));
#10364 = VECTOR('',#10365,1.);
#10365 = DIRECTION('',(-1.,0.,0.));
#10366 = ORIENTED_EDGE('',*,*,#10311,.F.);
#10367 = ORIENTED_EDGE('',*,*,#10368,.F.);
#10368 = EDGE_CURVE('',#10352,#10312,#10369,.T.);
#10369 = LINE('',#10370,#10371);
#10370 = CARTESIAN_POINT('',(1.016,1.27,0.));
#10371 = VECTOR('',#10372,1.);
#10372 = DIRECTION('',(-1.,0.,0.));
#10373 = PLANE('',#10374);
#10374 = AXIS2_PLACEMENT_3D('',#10375,#10376,#10377);
#10375 = CARTESIAN_POINT('',(1.016,1.27,0.));
#10376 = DIRECTION('',(0.,-1.,0.));
#10377 = DIRECTION('',(-1.,0.,0.));
#10378 = ADVANCED_FACE('',(#10379),#10404,.F.);
#10379 = FACE_BOUND('',#10380,.F.);
#10380 = EDGE_LOOP('',(#10381,#10382,#10390,#10398));
#10381 = ORIENTED_EDGE('',*,*,#10329,.T.);
#10382 = ORIENTED_EDGE('',*,*,#10383,.T.);
#10383 = EDGE_CURVE('',#10322,#10384,#10386,.T.);
#10384 = VERTEX_POINT('',#10385);
#10385 = CARTESIAN_POINT('',(-1.27,-1.016,2.54));
#10386 = LINE('',#10387,#10388);
#10387 = CARTESIAN_POINT('',(-1.27,1.016,2.54));
#10388 = VECTOR('',#10389,1.);
#10389 = DIRECTION('',(0.,-1.,0.));
#10390 = ORIENTED_EDGE('',*,*,#10391,.F.);
#10391 = EDGE_CURVE('',#10392,#10384,#10394,.T.);
#10392 = VERTEX_POINT('',#10393);
#10393 = CARTESIAN_POINT('',(-1.27,-1.016,0.));
#10394 = LINE('',#10395,#10396);
#10395 = CARTESIAN_POINT('',(-1.27,-1.016,0.));
#10396 = VECTOR('',#10397,1.);
#10397 = DIRECTION('',(0.,0.,1.));
#10398 = ORIENTED_EDGE('',*,*,#10399,.F.);
#10399 = EDGE_CURVE('',#10330,#10392,#10400,.T.);
#10400 = LINE('',#10401,#10402);
#10401 = CARTESIAN_POINT('',(-1.27,1.016,0.));
#10402 = VECTOR('',#10403,1.);
#10403 = DIRECTION('',(0.,-1.,0.));
#10404 = PLANE('',#10405);
#10405 = AXIS2_PLACEMENT_3D('',#10406,#10407,#10408);
#10406 = CARTESIAN_POINT('',(-1.27,1.016,0.));
#10407 = DIRECTION('',(1.,0.,0.));
#10408 = DIRECTION('',(0.,-1.,0.));
#10409 = ADVANCED_FACE('',(#10410,#10501,#10535),#10569,.F.);
#10410 = FACE_BOUND('',#10411,.F.);
#10411 = EDGE_LOOP('',(#10412,#10413,#10414,#10422,#10430,#10438,#10446,
    #10454,#10462,#10470,#10478,#10486,#10494,#10500));
#10412 = ORIENTED_EDGE('',*,*,#10337,.T.);
#10413 = ORIENTED_EDGE('',*,*,#10399,.T.);
#10414 = ORIENTED_EDGE('',*,*,#10415,.T.);
#10415 = EDGE_CURVE('',#10392,#10416,#10418,.T.);
#10416 = VERTEX_POINT('',#10417);
#10417 = CARTESIAN_POINT('',(-1.016,-1.27,0.));
#10418 = LINE('',#10419,#10420);
#10419 = CARTESIAN_POINT('',(-1.27,-1.016,0.));
#10420 = VECTOR('',#10421,1.);
#10421 = DIRECTION('',(0.707106781187,-0.707106781187,0.));
#10422 = ORIENTED_EDGE('',*,*,#10423,.T.);
#10423 = EDGE_CURVE('',#10416,#10424,#10426,.T.);
#10424 = VERTEX_POINT('',#10425);
#10425 = CARTESIAN_POINT('',(-1.27,-1.524,0.));
#10426 = LINE('',#10427,#10428);
#10427 = CARTESIAN_POINT('',(-1.016,-1.27,0.));
#10428 = VECTOR('',#10429,1.);
#10429 = DIRECTION('',(-0.707106781187,-0.707106781187,0.));
#10430 = ORIENTED_EDGE('',*,*,#10431,.T.);
#10431 = EDGE_CURVE('',#10424,#10432,#10434,.T.);
#10432 = VERTEX_POINT('',#10433);
#10433 = CARTESIAN_POINT('',(-1.27,-3.556,0.));
#10434 = LINE('',#10435,#10436);
#10435 = CARTESIAN_POINT('',(-1.27,-1.524,0.));
#10436 = VECTOR('',#10437,1.);
#10437 = DIRECTION('',(0.,-1.,0.));
#10438 = ORIENTED_EDGE('',*,*,#10439,.T.);
#10439 = EDGE_CURVE('',#10432,#10440,#10442,.T.);
#10440 = VERTEX_POINT('',#10441);
#10441 = CARTESIAN_POINT('',(-1.016,-3.81,0.));
#10442 = LINE('',#10443,#10444);
#10443 = CARTESIAN_POINT('',(-1.27,-3.556,0.));
#10444 = VECTOR('',#10445,1.);
#10445 = DIRECTION('',(0.707106781187,-0.707106781187,0.));
#10446 = ORIENTED_EDGE('',*,*,#10447,.T.);
#10447 = EDGE_CURVE('',#10440,#10448,#10450,.T.);
#10448 = VERTEX_POINT('',#10449);
#10449 = CARTESIAN_POINT('',(1.016,-3.81,0.));
#10450 = LINE('',#10451,#10452);
#10451 = CARTESIAN_POINT('',(-1.016,-3.81,0.));
#10452 = VECTOR('',#10453,1.);
#10453 = DIRECTION('',(1.,0.,0.));
#10454 = ORIENTED_EDGE('',*,*,#10455,.T.);
#10455 = EDGE_CURVE('',#10448,#10456,#10458,.T.);
#10456 = VERTEX_POINT('',#10457);
#10457 = CARTESIAN_POINT('',(1.27,-3.556,0.));
#10458 = LINE('',#10459,#10460);
#10459 = CARTESIAN_POINT('',(1.016,-3.81,0.));
#10460 = VECTOR('',#10461,1.);
#10461 = DIRECTION('',(0.707106781187,0.707106781187,0.));
#10462 = ORIENTED_EDGE('',*,*,#10463,.T.);
#10463 = EDGE_CURVE('',#10456,#10464,#10466,.T.);
#10464 = VERTEX_POINT('',#10465);
#10465 = CARTESIAN_POINT('',(1.27,-1.524,0.));
#10466 = LINE('',#10467,#10468);
#10467 = CARTESIAN_POINT('',(1.27,-3.556,0.));
#10468 = VECTOR('',#10469,1.);
#10469 = DIRECTION('',(0.,1.,0.));
#10470 = ORIENTED_EDGE('',*,*,#10471,.T.);
#10471 = EDGE_CURVE('',#10464,#10472,#10474,.T.);
#10472 = VERTEX_POINT('',#10473);
#10473 = CARTESIAN_POINT('',(1.016,-1.27,0.));
#10474 = LINE('',#10475,#10476);
#10475 = CARTESIAN_POINT('',(1.27,-1.524,0.));
#10476 = VECTOR('',#10477,1.);
#10477 = DIRECTION('',(-0.707106781187,0.707106781187,0.));
#10478 = ORIENTED_EDGE('',*,*,#10479,.T.);
#10479 = EDGE_CURVE('',#10472,#10480,#10482,.T.);
#10480 = VERTEX_POINT('',#10481);
#10481 = CARTESIAN_POINT('',(1.27,-1.016,0.));
#10482 = LINE('',#10483,#10484);
#10483 = CARTESIAN_POINT('',(1.016,-1.27,0.));
#10484 = VECTOR('',#10485,1.);
#10485 = DIRECTION('',(0.707106781187,0.707106781187,0.));
#10486 = ORIENTED_EDGE('',*,*,#10487,.T.);
#10487 = EDGE_CURVE('',#10480,#10488,#10490,.T.);
#10488 = VERTEX_POINT('',#10489);
#10489 = CARTESIAN_POINT('',(1.27,1.016,0.));
#10490 = LINE('',#10491,#10492);
#10491 = CARTESIAN_POINT('',(1.27,-1.016,0.));
#10492 = VECTOR('',#10493,1.);
#10493 = DIRECTION('',(0.,1.,0.));
#10494 = ORIENTED_EDGE('',*,*,#10495,.T.);
#10495 = EDGE_CURVE('',#10488,#10352,#10496,.T.);
#10496 = LINE('',#10497,#10498);
#10497 = CARTESIAN_POINT('',(1.27,1.016,0.));
#10498 = VECTOR('',#10499,1.);
#10499 = DIRECTION('',(-0.707106781187,0.707106781187,0.));
#10500 = ORIENTED_EDGE('',*,*,#10368,.T.);
#10501 = FACE_BOUND('',#10502,.F.);
#10502 = EDGE_LOOP('',(#10503,#10513,#10521,#10529));
#10503 = ORIENTED_EDGE('',*,*,#10504,.T.);
#10504 = EDGE_CURVE('',#10505,#10507,#10509,.T.);
#10505 = VERTEX_POINT('',#10506);
#10506 = CARTESIAN_POINT('',(0.32,-0.32,0.));
#10507 = VERTEX_POINT('',#10508);
#10508 = CARTESIAN_POINT('',(-0.32,-0.32,0.));
#10509 = LINE('',#10510,#10511);
#10510 = CARTESIAN_POINT('',(-0.16,-0.32,0.));
#10511 = VECTOR('',#10512,1.);
#10512 = DIRECTION('',(-1.,0.,0.));
#10513 = ORIENTED_EDGE('',*,*,#10514,.T.);
#10514 = EDGE_CURVE('',#10507,#10515,#10517,.T.);
#10515 = VERTEX_POINT('',#10516);
#10516 = CARTESIAN_POINT('',(-0.32,0.32,0.));
#10517 = LINE('',#10518,#10519);
#10518 = CARTESIAN_POINT('',(-0.32,-0.795,0.));
#10519 = VECTOR('',#10520,1.);
#10520 = DIRECTION('',(0.,1.,0.));
#10521 = ORIENTED_EDGE('',*,*,#10522,.F.);
#10522 = EDGE_CURVE('',#10523,#10515,#10525,.T.);
#10523 = VERTEX_POINT('',#10524);
#10524 = CARTESIAN_POINT('',(0.32,0.32,0.));
#10525 = LINE('',#10526,#10527);
#10526 = CARTESIAN_POINT('',(-0.16,0.32,0.));
#10527 = VECTOR('',#10528,1.);
#10528 = DIRECTION('',(-1.,0.,0.));
#10529 = ORIENTED_EDGE('',*,*,#10530,.F.);
#10530 = EDGE_CURVE('',#10505,#10523,#10531,.T.);
#10531 = LINE('',#10532,#10533);
#10532 = CARTESIAN_POINT('',(0.32,-0.795,0.));
#10533 = VECTOR('',#10534,1.);
#10534 = DIRECTION('',(0.,1.,0.));
#10535 = FACE_BOUND('',#10536,.F.);
#10536 = EDGE_LOOP('',(#10537,#10547,#10555,#10563));
#10537 = ORIENTED_EDGE('',*,*,#10538,.T.);
#10538 = EDGE_CURVE('',#10539,#10541,#10543,.T.);
#10539 = VERTEX_POINT('',#10540);
#10540 = CARTESIAN_POINT('',(0.32,-2.86,0.));
#10541 = VERTEX_POINT('',#10542);
#10542 = CARTESIAN_POINT('',(-0.32,-2.86,0.));
#10543 = LINE('',#10544,#10545);
#10544 = CARTESIAN_POINT('',(-0.16,-2.86,0.));
#10545 = VECTOR('',#10546,1.);
#10546 = DIRECTION('',(-1.,0.,0.));
#10547 = ORIENTED_EDGE('',*,*,#10548,.T.);
#10548 = EDGE_CURVE('',#10541,#10549,#10551,.T.);
#10549 = VERTEX_POINT('',#10550);
#10550 = CARTESIAN_POINT('',(-0.32,-2.22,0.));
#10551 = LINE('',#10552,#10553);
#10552 = CARTESIAN_POINT('',(-0.32,-2.065,0.));
#10553 = VECTOR('',#10554,1.);
#10554 = DIRECTION('',(0.,1.,0.));
#10555 = ORIENTED_EDGE('',*,*,#10556,.F.);
#10556 = EDGE_CURVE('',#10557,#10549,#10559,.T.);
#10557 = VERTEX_POINT('',#10558);
#10558 = CARTESIAN_POINT('',(0.32,-2.22,0.));
#10559 = LINE('',#10560,#10561);
#10560 = CARTESIAN_POINT('',(-0.16,-2.22,0.));
#10561 = VECTOR('',#10562,1.);
#10562 = DIRECTION('',(-1.,0.,0.));
#10563 = ORIENTED_EDGE('',*,*,#10564,.F.);
#10564 = EDGE_CURVE('',#10539,#10557,#10565,.T.);
#10565 = LINE('',#10566,#10567);
#10566 = CARTESIAN_POINT('',(0.32,-2.065,0.));
#10567 = VECTOR('',#10568,1.);
#10568 = DIRECTION('',(0.,1.,0.));
#10569 = PLANE('',#10570);
#10570 = AXIS2_PLACEMENT_3D('',#10571,#10572,#10573);
#10571 = CARTESIAN_POINT('',(1.473843703412E-17,-1.27,0.));
#10572 = DIRECTION('',(0.,0.,1.));
#10573 = DIRECTION('',(1.,0.,-0.));
#10574 = ADVANCED_FACE('',(#10575,#10666,#10700),#10734,.T.);
#10575 = FACE_BOUND('',#10576,.T.);
#10576 = EDGE_LOOP('',(#10577,#10578,#10579,#10587,#10595,#10603,#10611,
    #10619,#10627,#10635,#10643,#10651,#10659,#10665));
#10577 = ORIENTED_EDGE('',*,*,#10321,.T.);
#10578 = ORIENTED_EDGE('',*,*,#10383,.T.);
#10579 = ORIENTED_EDGE('',*,*,#10580,.T.);
#10580 = EDGE_CURVE('',#10384,#10581,#10583,.T.);
#10581 = VERTEX_POINT('',#10582);
#10582 = CARTESIAN_POINT('',(-1.016,-1.27,2.54));
#10583 = LINE('',#10584,#10585);
#10584 = CARTESIAN_POINT('',(-1.27,-1.016,2.54));
#10585 = VECTOR('',#10586,1.);
#10586 = DIRECTION('',(0.707106781187,-0.707106781187,0.));
#10587 = ORIENTED_EDGE('',*,*,#10588,.T.);
#10588 = EDGE_CURVE('',#10581,#10589,#10591,.T.);
#10589 = VERTEX_POINT('',#10590);
#10590 = CARTESIAN_POINT('',(-1.27,-1.524,2.54));
#10591 = LINE('',#10592,#10593);
#10592 = CARTESIAN_POINT('',(-1.016,-1.27,2.54));
#10593 = VECTOR('',#10594,1.);
#10594 = DIRECTION('',(-0.707106781187,-0.707106781187,0.));
#10595 = ORIENTED_EDGE('',*,*,#10596,.T.);
#10596 = EDGE_CURVE('',#10589,#10597,#10599,.T.);
#10597 = VERTEX_POINT('',#10598);
#10598 = CARTESIAN_POINT('',(-1.27,-3.556,2.54));
#10599 = LINE('',#10600,#10601);
#10600 = CARTESIAN_POINT('',(-1.27,-1.524,2.54));
#10601 = VECTOR('',#10602,1.);
#10602 = DIRECTION('',(0.,-1.,0.));
#10603 = ORIENTED_EDGE('',*,*,#10604,.T.);
#10604 = EDGE_CURVE('',#10597,#10605,#10607,.T.);
#10605 = VERTEX_POINT('',#10606);
#10606 = CARTESIAN_POINT('',(-1.016,-3.81,2.54));
#10607 = LINE('',#10608,#10609);
#10608 = CARTESIAN_POINT('',(-1.27,-3.556,2.54));
#10609 = VECTOR('',#10610,1.);
#10610 = DIRECTION('',(0.707106781187,-0.707106781187,0.));
#10611 = ORIENTED_EDGE('',*,*,#10612,.T.);
#10612 = EDGE_CURVE('',#10605,#10613,#10615,.T.);
#10613 = VERTEX_POINT('',#10614);
#10614 = CARTESIAN_POINT('',(1.016,-3.81,2.54));
#10615 = LINE('',#10616,#10617);
#10616 = CARTESIAN_POINT('',(-1.016,-3.81,2.54));
#10617 = VECTOR('',#10618,1.);
#10618 = DIRECTION('',(1.,0.,0.));
#10619 = ORIENTED_EDGE('',*,*,#10620,.T.);
#10620 = EDGE_CURVE('',#10613,#10621,#10623,.T.);
#10621 = VERTEX_POINT('',#10622);
#10622 = CARTESIAN_POINT('',(1.27,-3.556,2.54));
#10623 = LINE('',#10624,#10625);
#10624 = CARTESIAN_POINT('',(1.016,-3.81,2.54));
#10625 = VECTOR('',#10626,1.);
#10626 = DIRECTION('',(0.707106781187,0.707106781187,0.));
#10627 = ORIENTED_EDGE('',*,*,#10628,.T.);
#10628 = EDGE_CURVE('',#10621,#10629,#10631,.T.);
#10629 = VERTEX_POINT('',#10630);
#10630 = CARTESIAN_POINT('',(1.27,-1.524,2.54));
#10631 = LINE('',#10632,#10633);
#10632 = CARTESIAN_POINT('',(1.27,-3.556,2.54));
#10633 = VECTOR('',#10634,1.);
#10634 = DIRECTION('',(0.,1.,0.));
#10635 = ORIENTED_EDGE('',*,*,#10636,.T.);
#10636 = EDGE_CURVE('',#10629,#10637,#10639,.T.);
#10637 = VERTEX_POINT('',#10638);
#10638 = CARTESIAN_POINT('',(1.016,-1.27,2.54));
#10639 = LINE('',#10640,#10641);
#10640 = CARTESIAN_POINT('',(1.27,-1.524,2.54));
#10641 = VECTOR('',#10642,1.);
#10642 = DIRECTION('',(-0.707106781187,0.707106781187,0.));
#10643 = ORIENTED_EDGE('',*,*,#10644,.T.);
#10644 = EDGE_CURVE('',#10637,#10645,#10647,.T.);
#10645 = VERTEX_POINT('',#10646);
#10646 = CARTESIAN_POINT('',(1.27,-1.016,2.54));
#10647 = LINE('',#10648,#10649);
#10648 = CARTESIAN_POINT('',(1.016,-1.27,2.54));
#10649 = VECTOR('',#10650,1.);
#10650 = DIRECTION('',(0.707106781187,0.707106781187,0.));
#10651 = ORIENTED_EDGE('',*,*,#10652,.T.);
#10652 = EDGE_CURVE('',#10645,#10653,#10655,.T.);
#10653 = VERTEX_POINT('',#10654);
#10654 = CARTESIAN_POINT('',(1.27,1.016,2.54));
#10655 = LINE('',#10656,#10657);
#10656 = CARTESIAN_POINT('',(1.27,-1.016,2.54));
#10657 = VECTOR('',#10658,1.);
#10658 = DIRECTION('',(0.,1.,0.));
#10659 = ORIENTED_EDGE('',*,*,#10660,.T.);
#10660 = EDGE_CURVE('',#10653,#10354,#10661,.T.);
#10661 = LINE('',#10662,#10663);
#10662 = CARTESIAN_POINT('',(1.27,1.016,2.54));
#10663 = VECTOR('',#10664,1.);
#10664 = DIRECTION('',(-0.707106781187,0.707106781187,0.));
#10665 = ORIENTED_EDGE('',*,*,#10361,.T.);
#10666 = FACE_BOUND('',#10667,.T.);
#10667 = EDGE_LOOP('',(#10668,#10678,#10686,#10694));
#10668 = ORIENTED_EDGE('',*,*,#10669,.T.);
#10669 = EDGE_CURVE('',#10670,#10672,#10674,.T.);
#10670 = VERTEX_POINT('',#10671);
#10671 = CARTESIAN_POINT('',(0.32,-0.32,2.54));
#10672 = VERTEX_POINT('',#10673);
#10673 = CARTESIAN_POINT('',(-0.32,-0.32,2.54));
#10674 = LINE('',#10675,#10676);
#10675 = CARTESIAN_POINT('',(-0.16,-0.32,2.54));
#10676 = VECTOR('',#10677,1.);
#10677 = DIRECTION('',(-1.,0.,0.));
#10678 = ORIENTED_EDGE('',*,*,#10679,.T.);
#10679 = EDGE_CURVE('',#10672,#10680,#10682,.T.);
#10680 = VERTEX_POINT('',#10681);
#10681 = CARTESIAN_POINT('',(-0.32,0.32,2.54));
#10682 = LINE('',#10683,#10684);
#10683 = CARTESIAN_POINT('',(-0.32,-0.795,2.54));
#10684 = VECTOR('',#10685,1.);
#10685 = DIRECTION('',(0.,1.,0.));
#10686 = ORIENTED_EDGE('',*,*,#10687,.F.);
#10687 = EDGE_CURVE('',#10688,#10680,#10690,.T.);
#10688 = VERTEX_POINT('',#10689);
#10689 = CARTESIAN_POINT('',(0.32,0.32,2.54));
#10690 = LINE('',#10691,#10692);
#10691 = CARTESIAN_POINT('',(-0.16,0.32,2.54));
#10692 = VECTOR('',#10693,1.);
#10693 = DIRECTION('',(-1.,0.,0.));
#10694 = ORIENTED_EDGE('',*,*,#10695,.F.);
#10695 = EDGE_CURVE('',#10670,#10688,#10696,.T.);
#10696 = LINE('',#10697,#10698);
#10697 = CARTESIAN_POINT('',(0.32,-0.795,2.54));
#10698 = VECTOR('',#10699,1.);
#10699 = DIRECTION('',(0.,1.,0.));
#10700 = FACE_BOUND('',#10701,.T.);
#10701 = EDGE_LOOP('',(#10702,#10712,#10720,#10728));
#10702 = ORIENTED_EDGE('',*,*,#10703,.T.);
#10703 = EDGE_CURVE('',#10704,#10706,#10708,.T.);
#10704 = VERTEX_POINT('',#10705);
#10705 = CARTESIAN_POINT('',(0.32,-2.86,2.54));
#10706 = VERTEX_POINT('',#10707);
#10707 = CARTESIAN_POINT('',(-0.32,-2.86,2.54));
#10708 = LINE('',#10709,#10710);
#10709 = CARTESIAN_POINT('',(-0.16,-2.86,2.54));
#10710 = VECTOR('',#10711,1.);
#10711 = DIRECTION('',(-1.,0.,0.));
#10712 = ORIENTED_EDGE('',*,*,#10713,.T.);
#10713 = EDGE_CURVE('',#10706,#10714,#10716,.T.);
#10714 = VERTEX_POINT('',#10715);
#10715 = CARTESIAN_POINT('',(-0.32,-2.22,2.54));
#10716 = LINE('',#10717,#10718);
#10717 = CARTESIAN_POINT('',(-0.32,-2.065,2.54));
#10718 = VECTOR('',#10719,1.);
#10719 = DIRECTION('',(0.,1.,0.));
#10720 = ORIENTED_EDGE('',*,*,#10721,.F.);
#10721 = EDGE_CURVE('',#10722,#10714,#10724,.T.);
#10722 = VERTEX_POINT('',#10723);
#10723 = CARTESIAN_POINT('',(0.32,-2.22,2.54));
#10724 = LINE('',#10725,#10726);
#10725 = CARTESIAN_POINT('',(-0.16,-2.22,2.54));
#10726 = VECTOR('',#10727,1.);
#10727 = DIRECTION('',(-1.,0.,0.));
#10728 = ORIENTED_EDGE('',*,*,#10729,.F.);
#10729 = EDGE_CURVE('',#10704,#10722,#10730,.T.);
#10730 = LINE('',#10731,#10732);
#10731 = CARTESIAN_POINT('',(0.32,-2.065,2.54));
#10732 = VECTOR('',#10733,1.);
#10733 = DIRECTION('',(0.,1.,0.));
#10734 = PLANE('',#10735);
#10735 = AXIS2_PLACEMENT_3D('',#10736,#10737,#10738);
#10736 = CARTESIAN_POINT('',(1.473843703412E-17,-1.27,2.54));
#10737 = DIRECTION('',(0.,0.,1.));
#10738 = DIRECTION('',(1.,0.,-0.));
#10739 = ADVANCED_FACE('',(#10740),#10751,.F.);
#10740 = FACE_BOUND('',#10741,.F.);
#10741 = EDGE_LOOP('',(#10742,#10748,#10749,#10750));
#10742 = ORIENTED_EDGE('',*,*,#10743,.T.);
#10743 = EDGE_CURVE('',#10488,#10653,#10744,.T.);
#10744 = LINE('',#10745,#10746);
#10745 = CARTESIAN_POINT('',(1.27,1.016,0.));
#10746 = VECTOR('',#10747,1.);
#10747 = DIRECTION('',(0.,0.,1.));
#10748 = ORIENTED_EDGE('',*,*,#10660,.T.);
#10749 = ORIENTED_EDGE('',*,*,#10351,.F.);
#10750 = ORIENTED_EDGE('',*,*,#10495,.F.);
#10751 = PLANE('',#10752);
#10752 = AXIS2_PLACEMENT_3D('',#10753,#10754,#10755);
#10753 = CARTESIAN_POINT('',(1.27,1.016,0.));
#10754 = DIRECTION('',(-0.707106781187,-0.707106781187,0.));
#10755 = DIRECTION('',(-0.707106781187,0.707106781187,0.));
#10756 = ADVANCED_FACE('',(#10757),#10768,.F.);
#10757 = FACE_BOUND('',#10758,.F.);
#10758 = EDGE_LOOP('',(#10759,#10760,#10761,#10767));
#10759 = ORIENTED_EDGE('',*,*,#10391,.T.);
#10760 = ORIENTED_EDGE('',*,*,#10580,.T.);
#10761 = ORIENTED_EDGE('',*,*,#10762,.F.);
#10762 = EDGE_CURVE('',#10416,#10581,#10763,.T.);
#10763 = LINE('',#10764,#10765);
#10764 = CARTESIAN_POINT('',(-1.016,-1.27,0.));
#10765 = VECTOR('',#10766,1.);
#10766 = DIRECTION('',(0.,0.,1.));
#10767 = ORIENTED_EDGE('',*,*,#10415,.F.);
#10768 = PLANE('',#10769);
#10769 = AXIS2_PLACEMENT_3D('',#10770,#10771,#10772);
#10770 = CARTESIAN_POINT('',(-1.27,-1.016,0.));
#10771 = DIRECTION('',(0.707106781187,0.707106781187,0.));
#10772 = DIRECTION('',(0.707106781187,-0.707106781187,0.));
#10773 = ADVANCED_FACE('',(#10774),#10785,.F.);
#10774 = FACE_BOUND('',#10775,.F.);
#10775 = EDGE_LOOP('',(#10776,#10782,#10783,#10784));
#10776 = ORIENTED_EDGE('',*,*,#10777,.T.);
#10777 = EDGE_CURVE('',#10480,#10645,#10778,.T.);
#10778 = LINE('',#10779,#10780);
#10779 = CARTESIAN_POINT('',(1.27,-1.016,0.));
#10780 = VECTOR('',#10781,1.);
#10781 = DIRECTION('',(0.,0.,1.));
#10782 = ORIENTED_EDGE('',*,*,#10652,.T.);
#10783 = ORIENTED_EDGE('',*,*,#10743,.F.);
#10784 = ORIENTED_EDGE('',*,*,#10487,.F.);
#10785 = PLANE('',#10786);
#10786 = AXIS2_PLACEMENT_3D('',#10787,#10788,#10789);
#10787 = CARTESIAN_POINT('',(1.27,-1.016,0.));
#10788 = DIRECTION('',(-1.,0.,0.));
#10789 = DIRECTION('',(0.,1.,0.));
#10790 = ADVANCED_FACE('',(#10791),#10802,.F.);
#10791 = FACE_BOUND('',#10792,.F.);
#10792 = EDGE_LOOP('',(#10793,#10794,#10795,#10801));
#10793 = ORIENTED_EDGE('',*,*,#10762,.T.);
#10794 = ORIENTED_EDGE('',*,*,#10588,.T.);
#10795 = ORIENTED_EDGE('',*,*,#10796,.F.);
#10796 = EDGE_CURVE('',#10424,#10589,#10797,.T.);
#10797 = LINE('',#10798,#10799);
#10798 = CARTESIAN_POINT('',(-1.27,-1.524,0.));
#10799 = VECTOR('',#10800,1.);
#10800 = DIRECTION('',(0.,0.,1.));
#10801 = ORIENTED_EDGE('',*,*,#10423,.F.);
#10802 = PLANE('',#10803);
#10803 = AXIS2_PLACEMENT_3D('',#10804,#10805,#10806);
#10804 = CARTESIAN_POINT('',(-1.016,-1.27,0.));
#10805 = DIRECTION('',(0.707106781187,-0.707106781187,0.));
#10806 = DIRECTION('',(-0.707106781187,-0.707106781187,0.));
#10807 = ADVANCED_FACE('',(#10808),#10819,.F.);
#10808 = FACE_BOUND('',#10809,.F.);
#10809 = EDGE_LOOP('',(#10810,#10816,#10817,#10818));
#10810 = ORIENTED_EDGE('',*,*,#10811,.T.);
#10811 = EDGE_CURVE('',#10472,#10637,#10812,.T.);
#10812 = LINE('',#10813,#10814);
#10813 = CARTESIAN_POINT('',(1.016,-1.27,0.));
#10814 = VECTOR('',#10815,1.);
#10815 = DIRECTION('',(0.,0.,1.));
#10816 = ORIENTED_EDGE('',*,*,#10644,.T.);
#10817 = ORIENTED_EDGE('',*,*,#10777,.F.);
#10818 = ORIENTED_EDGE('',*,*,#10479,.F.);
#10819 = PLANE('',#10820);
#10820 = AXIS2_PLACEMENT_3D('',#10821,#10822,#10823);
#10821 = CARTESIAN_POINT('',(1.016,-1.27,0.));
#10822 = DIRECTION('',(-0.707106781187,0.707106781187,0.));
#10823 = DIRECTION('',(0.707106781187,0.707106781187,0.));
#10824 = ADVANCED_FACE('',(#10825),#10836,.F.);
#10825 = FACE_BOUND('',#10826,.F.);
#10826 = EDGE_LOOP('',(#10827,#10828,#10829,#10835));
#10827 = ORIENTED_EDGE('',*,*,#10796,.T.);
#10828 = ORIENTED_EDGE('',*,*,#10596,.T.);
#10829 = ORIENTED_EDGE('',*,*,#10830,.F.);
#10830 = EDGE_CURVE('',#10432,#10597,#10831,.T.);
#10831 = LINE('',#10832,#10833);
#10832 = CARTESIAN_POINT('',(-1.27,-3.556,0.));
#10833 = VECTOR('',#10834,1.);
#10834 = DIRECTION('',(0.,0.,1.));
#10835 = ORIENTED_EDGE('',*,*,#10431,.F.);
#10836 = PLANE('',#10837);
#10837 = AXIS2_PLACEMENT_3D('',#10838,#10839,#10840);
#10838 = CARTESIAN_POINT('',(-1.27,-1.524,0.));
#10839 = DIRECTION('',(1.,0.,0.));
#10840 = DIRECTION('',(0.,-1.,0.));
#10841 = ADVANCED_FACE('',(#10842),#10853,.F.);
#10842 = FACE_BOUND('',#10843,.F.);
#10843 = EDGE_LOOP('',(#10844,#10850,#10851,#10852));
#10844 = ORIENTED_EDGE('',*,*,#10845,.T.);
#10845 = EDGE_CURVE('',#10464,#10629,#10846,.T.);
#10846 = LINE('',#10847,#10848);
#10847 = CARTESIAN_POINT('',(1.27,-1.524,0.));
#10848 = VECTOR('',#10849,1.);
#10849 = DIRECTION('',(0.,0.,1.));
#10850 = ORIENTED_EDGE('',*,*,#10636,.T.);
#10851 = ORIENTED_EDGE('',*,*,#10811,.F.);
#10852 = ORIENTED_EDGE('',*,*,#10471,.F.);
#10853 = PLANE('',#10854);
#10854 = AXIS2_PLACEMENT_3D('',#10855,#10856,#10857);
#10855 = CARTESIAN_POINT('',(1.27,-1.524,0.));
#10856 = DIRECTION('',(-0.707106781187,-0.707106781187,0.));
#10857 = DIRECTION('',(-0.707106781187,0.707106781187,0.));
#10858 = ADVANCED_FACE('',(#10859),#10870,.F.);
#10859 = FACE_BOUND('',#10860,.F.);
#10860 = EDGE_LOOP('',(#10861,#10862,#10863,#10869));
#10861 = ORIENTED_EDGE('',*,*,#10830,.T.);
#10862 = ORIENTED_EDGE('',*,*,#10604,.T.);
#10863 = ORIENTED_EDGE('',*,*,#10864,.F.);
#10864 = EDGE_CURVE('',#10440,#10605,#10865,.T.);
#10865 = LINE('',#10866,#10867);
#10866 = CARTESIAN_POINT('',(-1.016,-3.81,0.));
#10867 = VECTOR('',#10868,1.);
#10868 = DIRECTION('',(0.,0.,1.));
#10869 = ORIENTED_EDGE('',*,*,#10439,.F.);
#10870 = PLANE('',#10871);
#10871 = AXIS2_PLACEMENT_3D('',#10872,#10873,#10874);
#10872 = CARTESIAN_POINT('',(-1.27,-3.556,0.));
#10873 = DIRECTION('',(0.707106781187,0.707106781187,0.));
#10874 = DIRECTION('',(0.707106781187,-0.707106781187,0.));
#10875 = ADVANCED_FACE('',(#10876),#10887,.F.);
#10876 = FACE_BOUND('',#10877,.F.);
#10877 = EDGE_LOOP('',(#10878,#10884,#10885,#10886));
#10878 = ORIENTED_EDGE('',*,*,#10879,.T.);
#10879 = EDGE_CURVE('',#10456,#10621,#10880,.T.);
#10880 = LINE('',#10881,#10882);
#10881 = CARTESIAN_POINT('',(1.27,-3.556,0.));
#10882 = VECTOR('',#10883,1.);
#10883 = DIRECTION('',(0.,0.,1.));
#10884 = ORIENTED_EDGE('',*,*,#10628,.T.);
#10885 = ORIENTED_EDGE('',*,*,#10845,.F.);
#10886 = ORIENTED_EDGE('',*,*,#10463,.F.);
#10887 = PLANE('',#10888);
#10888 = AXIS2_PLACEMENT_3D('',#10889,#10890,#10891);
#10889 = CARTESIAN_POINT('',(1.27,-3.556,0.));
#10890 = DIRECTION('',(-1.,0.,0.));
#10891 = DIRECTION('',(0.,1.,0.));
#10892 = ADVANCED_FACE('',(#10893),#10904,.F.);
#10893 = FACE_BOUND('',#10894,.F.);
#10894 = EDGE_LOOP('',(#10895,#10896,#10897,#10903));
#10895 = ORIENTED_EDGE('',*,*,#10864,.T.);
#10896 = ORIENTED_EDGE('',*,*,#10612,.T.);
#10897 = ORIENTED_EDGE('',*,*,#10898,.F.);
#10898 = EDGE_CURVE('',#10448,#10613,#10899,.T.);
#10899 = LINE('',#10900,#10901);
#10900 = CARTESIAN_POINT('',(1.016,-3.81,0.));
#10901 = VECTOR('',#10902,1.);
#10902 = DIRECTION('',(0.,0.,1.));
#10903 = ORIENTED_EDGE('',*,*,#10447,.F.);
#10904 = PLANE('',#10905);
#10905 = AXIS2_PLACEMENT_3D('',#10906,#10907,#10908);
#10906 = CARTESIAN_POINT('',(-1.016,-3.81,0.));
#10907 = DIRECTION('',(0.,1.,0.));
#10908 = DIRECTION('',(1.,0.,0.));
#10909 = ADVANCED_FACE('',(#10910),#10916,.F.);
#10910 = FACE_BOUND('',#10911,.F.);
#10911 = EDGE_LOOP('',(#10912,#10913,#10914,#10915));
#10912 = ORIENTED_EDGE('',*,*,#10898,.T.);
#10913 = ORIENTED_EDGE('',*,*,#10620,.T.);
#10914 = ORIENTED_EDGE('',*,*,#10879,.F.);
#10915 = ORIENTED_EDGE('',*,*,#10455,.F.);
#10916 = PLANE('',#10917);
#10917 = AXIS2_PLACEMENT_3D('',#10918,#10919,#10920);
#10918 = CARTESIAN_POINT('',(1.016,-3.81,0.));
#10919 = DIRECTION('',(-0.707106781187,0.707106781187,0.));
#10920 = DIRECTION('',(0.707106781187,0.707106781187,0.));
#10921 = ADVANCED_FACE('',(#10922),#10947,.F.);
#10922 = FACE_BOUND('',#10923,.F.);
#10923 = EDGE_LOOP('',(#10924,#10932,#10940,#10946));
#10924 = ORIENTED_EDGE('',*,*,#10925,.F.);
#10925 = EDGE_CURVE('',#10926,#10505,#10928,.T.);
#10926 = VERTEX_POINT('',#10927);
#10927 = CARTESIAN_POINT('',(0.32,-0.32,-2.84));
#10928 = LINE('',#10929,#10930);
#10929 = CARTESIAN_POINT('',(0.32,-0.32,-3.));
#10930 = VECTOR('',#10931,1.);
#10931 = DIRECTION('',(0.,0.,1.));
#10932 = ORIENTED_EDGE('',*,*,#10933,.F.);
#10933 = EDGE_CURVE('',#10934,#10926,#10936,.T.);
#10934 = VERTEX_POINT('',#10935);
#10935 = CARTESIAN_POINT('',(-0.32,-0.32,-2.84));
#10936 = LINE('',#10937,#10938);
#10937 = CARTESIAN_POINT('',(-0.32,-0.32,-2.84));
#10938 = VECTOR('',#10939,1.);
#10939 = DIRECTION('',(1.,0.,0.));
#10940 = ORIENTED_EDGE('',*,*,#10941,.T.);
#10941 = EDGE_CURVE('',#10934,#10507,#10942,.T.);
#10942 = LINE('',#10943,#10944);
#10943 = CARTESIAN_POINT('',(-0.32,-0.32,-3.));
#10944 = VECTOR('',#10945,1.);
#10945 = DIRECTION('',(0.,0.,1.));
#10946 = ORIENTED_EDGE('',*,*,#10504,.F.);
#10947 = PLANE('',#10948);
#10948 = AXIS2_PLACEMENT_3D('',#10949,#10950,#10951);
#10949 = CARTESIAN_POINT('',(-0.32,-0.32,-3.));
#10950 = DIRECTION('',(0.,1.,0.));
#10951 = DIRECTION('',(0.,-0.,1.));
#10952 = ADVANCED_FACE('',(#10953),#10971,.T.);
#10953 = FACE_BOUND('',#10954,.T.);
#10954 = EDGE_LOOP('',(#10955,#10956,#10964,#10970));
#10955 = ORIENTED_EDGE('',*,*,#10925,.F.);
#10956 = ORIENTED_EDGE('',*,*,#10957,.T.);
#10957 = EDGE_CURVE('',#10926,#10958,#10960,.T.);
#10958 = VERTEX_POINT('',#10959);
#10959 = CARTESIAN_POINT('',(0.32,0.32,-2.84));
#10960 = LINE('',#10961,#10962);
#10961 = CARTESIAN_POINT('',(0.32,-0.32,-2.84));
#10962 = VECTOR('',#10963,1.);
#10963 = DIRECTION('',(0.,1.,0.));
#10964 = ORIENTED_EDGE('',*,*,#10965,.T.);
#10965 = EDGE_CURVE('',#10958,#10523,#10966,.T.);
#10966 = LINE('',#10967,#10968);
#10967 = CARTESIAN_POINT('',(0.32,0.32,-3.));
#10968 = VECTOR('',#10969,1.);
#10969 = DIRECTION('',(0.,0.,1.));
#10970 = ORIENTED_EDGE('',*,*,#10530,.F.);
#10971 = PLANE('',#10972);
#10972 = AXIS2_PLACEMENT_3D('',#10973,#10974,#10975);
#10973 = CARTESIAN_POINT('',(0.32,-0.32,-3.));
#10974 = DIRECTION('',(1.,0.,0.));
#10975 = DIRECTION('',(0.,0.,1.));
#10976 = ADVANCED_FACE('',(#10977),#10995,.T.);
#10977 = FACE_BOUND('',#10978,.T.);
#10978 = EDGE_LOOP('',(#10979,#10980,#10988,#10994));
#10979 = ORIENTED_EDGE('',*,*,#10965,.F.);
#10980 = ORIENTED_EDGE('',*,*,#10981,.F.);
#10981 = EDGE_CURVE('',#10982,#10958,#10984,.T.);
#10982 = VERTEX_POINT('',#10983);
#10983 = CARTESIAN_POINT('',(-0.32,0.32,-2.84));
#10984 = LINE('',#10985,#10986);
#10985 = CARTESIAN_POINT('',(-0.32,0.32,-2.84));
#10986 = VECTOR('',#10987,1.);
#10987 = DIRECTION('',(1.,0.,0.));
#10988 = ORIENTED_EDGE('',*,*,#10989,.T.);
#10989 = EDGE_CURVE('',#10982,#10515,#10990,.T.);
#10990 = LINE('',#10991,#10992);
#10991 = CARTESIAN_POINT('',(-0.32,0.32,-3.));
#10992 = VECTOR('',#10993,1.);
#10993 = DIRECTION('',(0.,0.,1.));
#10994 = ORIENTED_EDGE('',*,*,#10522,.F.);
#10995 = PLANE('',#10996);
#10996 = AXIS2_PLACEMENT_3D('',#10997,#10998,#10999);
#10997 = CARTESIAN_POINT('',(-0.32,0.32,-3.));
#10998 = DIRECTION('',(0.,1.,0.));
#10999 = DIRECTION('',(0.,-0.,1.));
#11000 = ADVANCED_FACE('',(#11001),#11012,.F.);
#11001 = FACE_BOUND('',#11002,.F.);
#11002 = EDGE_LOOP('',(#11003,#11004,#11010,#11011));
#11003 = ORIENTED_EDGE('',*,*,#10941,.F.);
#11004 = ORIENTED_EDGE('',*,*,#11005,.T.);
#11005 = EDGE_CURVE('',#10934,#10982,#11006,.T.);
#11006 = LINE('',#11007,#11008);
#11007 = CARTESIAN_POINT('',(-0.32,-0.32,-2.84));
#11008 = VECTOR('',#11009,1.);
#11009 = DIRECTION('',(0.,1.,0.));
#11010 = ORIENTED_EDGE('',*,*,#10989,.T.);
#11011 = ORIENTED_EDGE('',*,*,#10514,.F.);
#11012 = PLANE('',#11013);
#11013 = AXIS2_PLACEMENT_3D('',#11014,#11015,#11016);
#11014 = CARTESIAN_POINT('',(-0.32,-0.32,-3.));
#11015 = DIRECTION('',(1.,0.,0.));
#11016 = DIRECTION('',(0.,0.,1.));
#11017 = ADVANCED_FACE('',(#11018),#11043,.F.);
#11018 = FACE_BOUND('',#11019,.F.);
#11019 = EDGE_LOOP('',(#11020,#11028,#11036,#11042));
#11020 = ORIENTED_EDGE('',*,*,#11021,.F.);
#11021 = EDGE_CURVE('',#11022,#10539,#11024,.T.);
#11022 = VERTEX_POINT('',#11023);
#11023 = CARTESIAN_POINT('',(0.32,-2.86,-2.84));
#11024 = LINE('',#11025,#11026);
#11025 = CARTESIAN_POINT('',(0.32,-2.86,-3.));
#11026 = VECTOR('',#11027,1.);
#11027 = DIRECTION('',(0.,0.,1.));
#11028 = ORIENTED_EDGE('',*,*,#11029,.F.);
#11029 = EDGE_CURVE('',#11030,#11022,#11032,.T.);
#11030 = VERTEX_POINT('',#11031);
#11031 = CARTESIAN_POINT('',(-0.32,-2.86,-2.84));
#11032 = LINE('',#11033,#11034);
#11033 = CARTESIAN_POINT('',(-0.32,-2.86,-2.84));
#11034 = VECTOR('',#11035,1.);
#11035 = DIRECTION('',(1.,0.,0.));
#11036 = ORIENTED_EDGE('',*,*,#11037,.T.);
#11037 = EDGE_CURVE('',#11030,#10541,#11038,.T.);
#11038 = LINE('',#11039,#11040);
#11039 = CARTESIAN_POINT('',(-0.32,-2.86,-3.));
#11040 = VECTOR('',#11041,1.);
#11041 = DIRECTION('',(0.,0.,1.));
#11042 = ORIENTED_EDGE('',*,*,#10538,.F.);
#11043 = PLANE('',#11044);
#11044 = AXIS2_PLACEMENT_3D('',#11045,#11046,#11047);
#11045 = CARTESIAN_POINT('',(-0.32,-2.86,-3.));
#11046 = DIRECTION('',(0.,1.,0.));
#11047 = DIRECTION('',(0.,-0.,1.));
#11048 = ADVANCED_FACE('',(#11049),#11067,.T.);
#11049 = FACE_BOUND('',#11050,.T.);
#11050 = EDGE_LOOP('',(#11051,#11052,#11060,#11066));
#11051 = ORIENTED_EDGE('',*,*,#11021,.F.);
#11052 = ORIENTED_EDGE('',*,*,#11053,.T.);
#11053 = EDGE_CURVE('',#11022,#11054,#11056,.T.);
#11054 = VERTEX_POINT('',#11055);
#11055 = CARTESIAN_POINT('',(0.32,-2.22,-2.84));
#11056 = LINE('',#11057,#11058);
#11057 = CARTESIAN_POINT('',(0.32,-2.86,-2.84));
#11058 = VECTOR('',#11059,1.);
#11059 = DIRECTION('',(0.,1.,0.));
#11060 = ORIENTED_EDGE('',*,*,#11061,.T.);
#11061 = EDGE_CURVE('',#11054,#10557,#11062,.T.);
#11062 = LINE('',#11063,#11064);
#11063 = CARTESIAN_POINT('',(0.32,-2.22,-3.));
#11064 = VECTOR('',#11065,1.);
#11065 = DIRECTION('',(0.,0.,1.));
#11066 = ORIENTED_EDGE('',*,*,#10564,.F.);
#11067 = PLANE('',#11068);
#11068 = AXIS2_PLACEMENT_3D('',#11069,#11070,#11071);
#11069 = CARTESIAN_POINT('',(0.32,-2.86,-3.));
#11070 = DIRECTION('',(1.,0.,0.));
#11071 = DIRECTION('',(0.,0.,1.));
#11072 = ADVANCED_FACE('',(#11073),#11091,.T.);
#11073 = FACE_BOUND('',#11074,.T.);
#11074 = EDGE_LOOP('',(#11075,#11076,#11084,#11090));
#11075 = ORIENTED_EDGE('',*,*,#11061,.F.);
#11076 = ORIENTED_EDGE('',*,*,#11077,.F.);
#11077 = EDGE_CURVE('',#11078,#11054,#11080,.T.);
#11078 = VERTEX_POINT('',#11079);
#11079 = CARTESIAN_POINT('',(-0.32,-2.22,-2.84));
#11080 = LINE('',#11081,#11082);
#11081 = CARTESIAN_POINT('',(-0.32,-2.22,-2.84));
#11082 = VECTOR('',#11083,1.);
#11083 = DIRECTION('',(1.,0.,0.));
#11084 = ORIENTED_EDGE('',*,*,#11085,.T.);
#11085 = EDGE_CURVE('',#11078,#10549,#11086,.T.);
#11086 = LINE('',#11087,#11088);
#11087 = CARTESIAN_POINT('',(-0.32,-2.22,-3.));
#11088 = VECTOR('',#11089,1.);
#11089 = DIRECTION('',(0.,0.,1.));
#11090 = ORIENTED_EDGE('',*,*,#10556,.F.);
#11091 = PLANE('',#11092);
#11092 = AXIS2_PLACEMENT_3D('',#11093,#11094,#11095);
#11093 = CARTESIAN_POINT('',(-0.32,-2.22,-3.));
#11094 = DIRECTION('',(0.,1.,0.));
#11095 = DIRECTION('',(0.,-0.,1.));
#11096 = ADVANCED_FACE('',(#11097),#11108,.F.);
#11097 = FACE_BOUND('',#11098,.F.);
#11098 = EDGE_LOOP('',(#11099,#11100,#11106,#11107));
#11099 = ORIENTED_EDGE('',*,*,#11037,.F.);
#11100 = ORIENTED_EDGE('',*,*,#11101,.T.);
#11101 = EDGE_CURVE('',#11030,#11078,#11102,.T.);
#11102 = LINE('',#11103,#11104);
#11103 = CARTESIAN_POINT('',(-0.32,-2.86,-2.84));
#11104 = VECTOR('',#11105,1.);
#11105 = DIRECTION('',(0.,1.,0.));
#11106 = ORIENTED_EDGE('',*,*,#11085,.T.);
#11107 = ORIENTED_EDGE('',*,*,#10548,.F.);
#11108 = PLANE('',#11109);
#11109 = AXIS2_PLACEMENT_3D('',#11110,#11111,#11112);
#11110 = CARTESIAN_POINT('',(-0.32,-2.86,-3.));
#11111 = DIRECTION('',(1.,0.,0.));
#11112 = DIRECTION('',(0.,0.,1.));
#11113 = ADVANCED_FACE('',(#11114),#11139,.F.);
#11114 = FACE_BOUND('',#11115,.F.);
#11115 = EDGE_LOOP('',(#11116,#11124,#11125,#11133));
#11116 = ORIENTED_EDGE('',*,*,#11117,.F.);
#11117 = EDGE_CURVE('',#10670,#11118,#11120,.T.);
#11118 = VERTEX_POINT('',#11119);
#11119 = CARTESIAN_POINT('',(0.32,-0.32,8.38));
#11120 = LINE('',#11121,#11122);
#11121 = CARTESIAN_POINT('',(0.32,-0.32,-3.));
#11122 = VECTOR('',#11123,1.);
#11123 = DIRECTION('',(0.,0.,1.));
#11124 = ORIENTED_EDGE('',*,*,#10669,.T.);
#11125 = ORIENTED_EDGE('',*,*,#11126,.T.);
#11126 = EDGE_CURVE('',#10672,#11127,#11129,.T.);
#11127 = VERTEX_POINT('',#11128);
#11128 = CARTESIAN_POINT('',(-0.32,-0.32,8.38));
#11129 = LINE('',#11130,#11131);
#11130 = CARTESIAN_POINT('',(-0.32,-0.32,-3.));
#11131 = VECTOR('',#11132,1.);
#11132 = DIRECTION('',(0.,0.,1.));
#11133 = ORIENTED_EDGE('',*,*,#11134,.T.);
#11134 = EDGE_CURVE('',#11127,#11118,#11135,.T.);
#11135 = LINE('',#11136,#11137);
#11136 = CARTESIAN_POINT('',(-0.32,-0.32,8.38));
#11137 = VECTOR('',#11138,1.);
#11138 = DIRECTION('',(1.,0.,0.));
#11139 = PLANE('',#11140);
#11140 = AXIS2_PLACEMENT_3D('',#11141,#11142,#11143);
#11141 = CARTESIAN_POINT('',(-0.32,-0.32,-3.));
#11142 = DIRECTION('',(0.,1.,0.));
#11143 = DIRECTION('',(0.,-0.,1.));
#11144 = ADVANCED_FACE('',(#11145),#11163,.T.);
#11145 = FACE_BOUND('',#11146,.T.);
#11146 = EDGE_LOOP('',(#11147,#11148,#11149,#11157));
#11147 = ORIENTED_EDGE('',*,*,#11117,.F.);
#11148 = ORIENTED_EDGE('',*,*,#10695,.T.);
#11149 = ORIENTED_EDGE('',*,*,#11150,.T.);
#11150 = EDGE_CURVE('',#10688,#11151,#11153,.T.);
#11151 = VERTEX_POINT('',#11152);
#11152 = CARTESIAN_POINT('',(0.32,0.32,8.38));
#11153 = LINE('',#11154,#11155);
#11154 = CARTESIAN_POINT('',(0.32,0.32,-3.));
#11155 = VECTOR('',#11156,1.);
#11156 = DIRECTION('',(0.,0.,1.));
#11157 = ORIENTED_EDGE('',*,*,#11158,.F.);
#11158 = EDGE_CURVE('',#11118,#11151,#11159,.T.);
#11159 = LINE('',#11160,#11161);
#11160 = CARTESIAN_POINT('',(0.32,-0.32,8.38));
#11161 = VECTOR('',#11162,1.);
#11162 = DIRECTION('',(0.,1.,0.));
#11163 = PLANE('',#11164);
#11164 = AXIS2_PLACEMENT_3D('',#11165,#11166,#11167);
#11165 = CARTESIAN_POINT('',(0.32,-0.32,-3.));
#11166 = DIRECTION('',(1.,0.,0.));
#11167 = DIRECTION('',(0.,0.,1.));
#11168 = ADVANCED_FACE('',(#11169),#11187,.T.);
#11169 = FACE_BOUND('',#11170,.T.);
#11170 = EDGE_LOOP('',(#11171,#11172,#11173,#11181));
#11171 = ORIENTED_EDGE('',*,*,#11150,.F.);
#11172 = ORIENTED_EDGE('',*,*,#10687,.T.);
#11173 = ORIENTED_EDGE('',*,*,#11174,.T.);
#11174 = EDGE_CURVE('',#10680,#11175,#11177,.T.);
#11175 = VERTEX_POINT('',#11176);
#11176 = CARTESIAN_POINT('',(-0.32,0.32,8.38));
#11177 = LINE('',#11178,#11179);
#11178 = CARTESIAN_POINT('',(-0.32,0.32,-3.));
#11179 = VECTOR('',#11180,1.);
#11180 = DIRECTION('',(0.,0.,1.));
#11181 = ORIENTED_EDGE('',*,*,#11182,.T.);
#11182 = EDGE_CURVE('',#11175,#11151,#11183,.T.);
#11183 = LINE('',#11184,#11185);
#11184 = CARTESIAN_POINT('',(-0.32,0.32,8.38));
#11185 = VECTOR('',#11186,1.);
#11186 = DIRECTION('',(1.,0.,0.));
#11187 = PLANE('',#11188);
#11188 = AXIS2_PLACEMENT_3D('',#11189,#11190,#11191);
#11189 = CARTESIAN_POINT('',(-0.32,0.32,-3.));
#11190 = DIRECTION('',(0.,1.,0.));
#11191 = DIRECTION('',(0.,-0.,1.));
#11192 = ADVANCED_FACE('',(#11193),#11204,.F.);
#11193 = FACE_BOUND('',#11194,.F.);
#11194 = EDGE_LOOP('',(#11195,#11196,#11197,#11198));
#11195 = ORIENTED_EDGE('',*,*,#11126,.F.);
#11196 = ORIENTED_EDGE('',*,*,#10679,.T.);
#11197 = ORIENTED_EDGE('',*,*,#11174,.T.);
#11198 = ORIENTED_EDGE('',*,*,#11199,.F.);
#11199 = EDGE_CURVE('',#11127,#11175,#11200,.T.);
#11200 = LINE('',#11201,#11202);
#11201 = CARTESIAN_POINT('',(-0.32,-0.32,8.38));
#11202 = VECTOR('',#11203,1.);
#11203 = DIRECTION('',(0.,1.,0.));
#11204 = PLANE('',#11205);
#11205 = AXIS2_PLACEMENT_3D('',#11206,#11207,#11208);
#11206 = CARTESIAN_POINT('',(-0.32,-0.32,-3.));
#11207 = DIRECTION('',(1.,0.,0.));
#11208 = DIRECTION('',(0.,0.,1.));
#11209 = ADVANCED_FACE('',(#11210),#11235,.F.);
#11210 = FACE_BOUND('',#11211,.F.);
#11211 = EDGE_LOOP('',(#11212,#11220,#11221,#11229));
#11212 = ORIENTED_EDGE('',*,*,#11213,.F.);
#11213 = EDGE_CURVE('',#10704,#11214,#11216,.T.);
#11214 = VERTEX_POINT('',#11215);
#11215 = CARTESIAN_POINT('',(0.32,-2.86,8.38));
#11216 = LINE('',#11217,#11218);
#11217 = CARTESIAN_POINT('',(0.32,-2.86,-3.));
#11218 = VECTOR('',#11219,1.);
#11219 = DIRECTION('',(0.,0.,1.));
#11220 = ORIENTED_EDGE('',*,*,#10703,.T.);
#11221 = ORIENTED_EDGE('',*,*,#11222,.T.);
#11222 = EDGE_CURVE('',#10706,#11223,#11225,.T.);
#11223 = VERTEX_POINT('',#11224);
#11224 = CARTESIAN_POINT('',(-0.32,-2.86,8.38));
#11225 = LINE('',#11226,#11227);
#11226 = CARTESIAN_POINT('',(-0.32,-2.86,-3.));
#11227 = VECTOR('',#11228,1.);
#11228 = DIRECTION('',(0.,0.,1.));
#11229 = ORIENTED_EDGE('',*,*,#11230,.T.);
#11230 = EDGE_CURVE('',#11223,#11214,#11231,.T.);
#11231 = LINE('',#11232,#11233);
#11232 = CARTESIAN_POINT('',(-0.32,-2.86,8.38));
#11233 = VECTOR('',#11234,1.);
#11234 = DIRECTION('',(1.,0.,0.));
#11235 = PLANE('',#11236);
#11236 = AXIS2_PLACEMENT_3D('',#11237,#11238,#11239);
#11237 = CARTESIAN_POINT('',(-0.32,-2.86,-3.));
#11238 = DIRECTION('',(0.,1.,0.));
#11239 = DIRECTION('',(0.,-0.,1.));
#11240 = ADVANCED_FACE('',(#11241),#11259,.T.);
#11241 = FACE_BOUND('',#11242,.T.);
#11242 = EDGE_LOOP('',(#11243,#11244,#11245,#11253));
#11243 = ORIENTED_EDGE('',*,*,#11213,.F.);
#11244 = ORIENTED_EDGE('',*,*,#10729,.T.);
#11245 = ORIENTED_EDGE('',*,*,#11246,.T.);
#11246 = EDGE_CURVE('',#10722,#11247,#11249,.T.);
#11247 = VERTEX_POINT('',#11248);
#11248 = CARTESIAN_POINT('',(0.32,-2.22,8.38));
#11249 = LINE('',#11250,#11251);
#11250 = CARTESIAN_POINT('',(0.32,-2.22,-3.));
#11251 = VECTOR('',#11252,1.);
#11252 = DIRECTION('',(0.,0.,1.));
#11253 = ORIENTED_EDGE('',*,*,#11254,.F.);
#11254 = EDGE_CURVE('',#11214,#11247,#11255,.T.);
#11255 = LINE('',#11256,#11257);
#11256 = CARTESIAN_POINT('',(0.32,-2.86,8.38));
#11257 = VECTOR('',#11258,1.);
#11258 = DIRECTION('',(0.,1.,0.));
#11259 = PLANE('',#11260);
#11260 = AXIS2_PLACEMENT_3D('',#11261,#11262,#11263);
#11261 = CARTESIAN_POINT('',(0.32,-2.86,-3.));
#11262 = DIRECTION('',(1.,0.,0.));
#11263 = DIRECTION('',(0.,0.,1.));
#11264 = ADVANCED_FACE('',(#11265),#11283,.T.);
#11265 = FACE_BOUND('',#11266,.T.);
#11266 = EDGE_LOOP('',(#11267,#11268,#11269,#11277));
#11267 = ORIENTED_EDGE('',*,*,#11246,.F.);
#11268 = ORIENTED_EDGE('',*,*,#10721,.T.);
#11269 = ORIENTED_EDGE('',*,*,#11270,.T.);
#11270 = EDGE_CURVE('',#10714,#11271,#11273,.T.);
#11271 = VERTEX_POINT('',#11272);
#11272 = CARTESIAN_POINT('',(-0.32,-2.22,8.38));
#11273 = LINE('',#11274,#11275);
#11274 = CARTESIAN_POINT('',(-0.32,-2.22,-3.));
#11275 = VECTOR('',#11276,1.);
#11276 = DIRECTION('',(0.,0.,1.));
#11277 = ORIENTED_EDGE('',*,*,#11278,.T.);
#11278 = EDGE_CURVE('',#11271,#11247,#11279,.T.);
#11279 = LINE('',#11280,#11281);
#11280 = CARTESIAN_POINT('',(-0.32,-2.22,8.38));
#11281 = VECTOR('',#11282,1.);
#11282 = DIRECTION('',(1.,0.,0.));
#11283 = PLANE('',#11284);
#11284 = AXIS2_PLACEMENT_3D('',#11285,#11286,#11287);
#11285 = CARTESIAN_POINT('',(-0.32,-2.22,-3.));
#11286 = DIRECTION('',(0.,1.,0.));
#11287 = DIRECTION('',(0.,-0.,1.));
#11288 = ADVANCED_FACE('',(#11289),#11300,.F.);
#11289 = FACE_BOUND('',#11290,.F.);
#11290 = EDGE_LOOP('',(#11291,#11292,#11293,#11294));
#11291 = ORIENTED_EDGE('',*,*,#11222,.F.);
#11292 = ORIENTED_EDGE('',*,*,#10713,.T.);
#11293 = ORIENTED_EDGE('',*,*,#11270,.T.);
#11294 = ORIENTED_EDGE('',*,*,#11295,.F.);
#11295 = EDGE_CURVE('',#11223,#11271,#11296,.T.);
#11296 = LINE('',#11297,#11298);
#11297 = CARTESIAN_POINT('',(-0.32,-2.86,8.38));
#11298 = VECTOR('',#11299,1.);
#11299 = DIRECTION('',(0.,1.,0.));
#11300 = PLANE('',#11301);
#11301 = AXIS2_PLACEMENT_3D('',#11302,#11303,#11304);
#11302 = CARTESIAN_POINT('',(-0.32,-2.86,-3.));
#11303 = DIRECTION('',(1.,0.,0.));
#11304 = DIRECTION('',(0.,0.,1.));
#11305 = ADVANCED_FACE('',(#11306),#11331,.T.);
#11306 = FACE_BOUND('',#11307,.F.);
#11307 = EDGE_LOOP('',(#11308,#11316,#11317,#11325));
#11308 = ORIENTED_EDGE('',*,*,#11309,.F.);
#11309 = EDGE_CURVE('',#10934,#11310,#11312,.T.);
#11310 = VERTEX_POINT('',#11311);
#11311 = CARTESIAN_POINT('',(-0.16,-0.16,-3.));
#11312 = LINE('',#11313,#11314);
#11313 = CARTESIAN_POINT('',(-0.266666666667,-0.266666666667,
    -2.893333333333));
#11314 = VECTOR('',#11315,1.);
#11315 = DIRECTION('',(0.57735026919,0.57735026919,-0.57735026919));
#11316 = ORIENTED_EDGE('',*,*,#10933,.T.);
#11317 = ORIENTED_EDGE('',*,*,#11318,.T.);
#11318 = EDGE_CURVE('',#10926,#11319,#11321,.T.);
#11319 = VERTEX_POINT('',#11320);
#11320 = CARTESIAN_POINT('',(0.16,-0.16,-3.));
#11321 = LINE('',#11322,#11323);
#11322 = CARTESIAN_POINT('',(0.16,-0.16,-3.));
#11323 = VECTOR('',#11324,1.);
#11324 = DIRECTION('',(-0.57735026919,0.57735026919,-0.57735026919));
#11325 = ORIENTED_EDGE('',*,*,#11326,.F.);
#11326 = EDGE_CURVE('',#11310,#11319,#11327,.T.);
#11327 = LINE('',#11328,#11329);
#11328 = CARTESIAN_POINT('',(-0.32,-0.16,-3.));
#11329 = VECTOR('',#11330,1.);
#11330 = DIRECTION('',(1.,0.,0.));
#11331 = PLANE('',#11332);
#11332 = AXIS2_PLACEMENT_3D('',#11333,#11334,#11335);
#11333 = CARTESIAN_POINT('',(-0.32,-0.24,-2.92));
#11334 = DIRECTION('',(1.735167508357E-18,-0.707106781187,
    -0.707106781187));
#11335 = DIRECTION('',(-1.,-1.226948711654E-18,-1.226948711654E-18));
#11336 = ADVANCED_FACE('',(#11337),#11355,.F.);
#11337 = FACE_BOUND('',#11338,.F.);
#11338 = EDGE_LOOP('',(#11339,#11340,#11341,#11349));
#11339 = ORIENTED_EDGE('',*,*,#11318,.F.);
#11340 = ORIENTED_EDGE('',*,*,#10957,.T.);
#11341 = ORIENTED_EDGE('',*,*,#11342,.T.);
#11342 = EDGE_CURVE('',#10958,#11343,#11345,.T.);
#11343 = VERTEX_POINT('',#11344);
#11344 = CARTESIAN_POINT('',(0.16,0.16,-3.));
#11345 = LINE('',#11346,#11347);
#11346 = CARTESIAN_POINT('',(5.333333333333E-02,5.333333333333E-02,
    -3.106666666667));
#11347 = VECTOR('',#11348,1.);
#11348 = DIRECTION('',(-0.57735026919,-0.57735026919,-0.57735026919));
#11349 = ORIENTED_EDGE('',*,*,#11350,.F.);
#11350 = EDGE_CURVE('',#11319,#11343,#11351,.T.);
#11351 = LINE('',#11352,#11353);
#11352 = CARTESIAN_POINT('',(0.16,-0.32,-3.));
#11353 = VECTOR('',#11354,1.);
#11354 = DIRECTION('',(0.,1.,0.));
#11355 = PLANE('',#11356);
#11356 = AXIS2_PLACEMENT_3D('',#11357,#11358,#11359);
#11357 = CARTESIAN_POINT('',(0.24,-0.32,-2.92));
#11358 = DIRECTION('',(-0.707106781187,1.735167508357E-18,0.707106781187
    ));
#11359 = DIRECTION('',(1.226948711654E-18,1.,-1.226948711654E-18));
#11360 = ADVANCED_FACE('',(#11361),#11379,.F.);
#11361 = FACE_BOUND('',#11362,.T.);
#11362 = EDGE_LOOP('',(#11363,#11371,#11372,#11373));
#11363 = ORIENTED_EDGE('',*,*,#11364,.F.);
#11364 = EDGE_CURVE('',#10982,#11365,#11367,.T.);
#11365 = VERTEX_POINT('',#11366);
#11366 = CARTESIAN_POINT('',(-0.16,0.16,-3.));
#11367 = LINE('',#11368,#11369);
#11368 = CARTESIAN_POINT('',(-0.16,0.16,-3.));
#11369 = VECTOR('',#11370,1.);
#11370 = DIRECTION('',(0.57735026919,-0.57735026919,-0.57735026919));
#11371 = ORIENTED_EDGE('',*,*,#10981,.T.);
#11372 = ORIENTED_EDGE('',*,*,#11342,.T.);
#11373 = ORIENTED_EDGE('',*,*,#11374,.F.);
#11374 = EDGE_CURVE('',#11365,#11343,#11375,.T.);
#11375 = LINE('',#11376,#11377);
#11376 = CARTESIAN_POINT('',(-0.32,0.16,-3.));
#11377 = VECTOR('',#11378,1.);
#11378 = DIRECTION('',(1.,0.,0.));
#11379 = PLANE('',#11380);
#11380 = AXIS2_PLACEMENT_3D('',#11381,#11382,#11383);
#11381 = CARTESIAN_POINT('',(-0.32,0.24,-2.92));
#11382 = DIRECTION('',(-1.735167508357E-18,-0.707106781187,
    0.707106781187));
#11383 = DIRECTION('',(-1.,1.226948711654E-18,-1.226948711654E-18));
#11384 = ADVANCED_FACE('',(#11385),#11396,.T.);
#11385 = FACE_BOUND('',#11386,.T.);
#11386 = EDGE_LOOP('',(#11387,#11388,#11389,#11390));
#11387 = ORIENTED_EDGE('',*,*,#11309,.F.);
#11388 = ORIENTED_EDGE('',*,*,#11005,.T.);
#11389 = ORIENTED_EDGE('',*,*,#11364,.T.);
#11390 = ORIENTED_EDGE('',*,*,#11391,.F.);
#11391 = EDGE_CURVE('',#11310,#11365,#11392,.T.);
#11392 = LINE('',#11393,#11394);
#11393 = CARTESIAN_POINT('',(-0.16,-0.32,-3.));
#11394 = VECTOR('',#11395,1.);
#11395 = DIRECTION('',(0.,1.,0.));
#11396 = PLANE('',#11397);
#11397 = AXIS2_PLACEMENT_3D('',#11398,#11399,#11400);
#11398 = CARTESIAN_POINT('',(-0.24,-0.32,-2.92));
#11399 = DIRECTION('',(-0.707106781187,-1.735167508357E-18,
    -0.707106781187));
#11400 = DIRECTION('',(-1.226948711654E-18,1.,-1.226948711654E-18));
#11401 = ADVANCED_FACE('',(#11402),#11427,.T.);
#11402 = FACE_BOUND('',#11403,.F.);
#11403 = EDGE_LOOP('',(#11404,#11412,#11413,#11421));
#11404 = ORIENTED_EDGE('',*,*,#11405,.F.);
#11405 = EDGE_CURVE('',#11030,#11406,#11408,.T.);
#11406 = VERTEX_POINT('',#11407);
#11407 = CARTESIAN_POINT('',(-0.16,-2.7,-3.));
#11408 = LINE('',#11409,#11410);
#11409 = CARTESIAN_POINT('',(-0.266666666667,-2.806666666667,
    -2.893333333333));
#11410 = VECTOR('',#11411,1.);
#11411 = DIRECTION('',(0.57735026919,0.57735026919,-0.57735026919));
#11412 = ORIENTED_EDGE('',*,*,#11029,.T.);
#11413 = ORIENTED_EDGE('',*,*,#11414,.T.);
#11414 = EDGE_CURVE('',#11022,#11415,#11417,.T.);
#11415 = VERTEX_POINT('',#11416);
#11416 = CARTESIAN_POINT('',(0.16,-2.7,-3.));
#11417 = LINE('',#11418,#11419);
#11418 = CARTESIAN_POINT('',(0.16,-2.7,-3.));
#11419 = VECTOR('',#11420,1.);
#11420 = DIRECTION('',(-0.57735026919,0.57735026919,-0.57735026919));
#11421 = ORIENTED_EDGE('',*,*,#11422,.F.);
#11422 = EDGE_CURVE('',#11406,#11415,#11423,.T.);
#11423 = LINE('',#11424,#11425);
#11424 = CARTESIAN_POINT('',(-0.32,-2.7,-3.));
#11425 = VECTOR('',#11426,1.);
#11426 = DIRECTION('',(1.,0.,0.));
#11427 = PLANE('',#11428);
#11428 = AXIS2_PLACEMENT_3D('',#11429,#11430,#11431);
#11429 = CARTESIAN_POINT('',(-0.32,-2.78,-2.92));
#11430 = DIRECTION('',(1.735167508357E-18,-0.707106781187,
    -0.707106781187));
#11431 = DIRECTION('',(-1.,-1.226948711654E-18,-1.226948711654E-18));
#11432 = ADVANCED_FACE('',(#11433),#11451,.F.);
#11433 = FACE_BOUND('',#11434,.F.);
#11434 = EDGE_LOOP('',(#11435,#11436,#11437,#11445));
#11435 = ORIENTED_EDGE('',*,*,#11414,.F.);
#11436 = ORIENTED_EDGE('',*,*,#11053,.T.);
#11437 = ORIENTED_EDGE('',*,*,#11438,.T.);
#11438 = EDGE_CURVE('',#11054,#11439,#11441,.T.);
#11439 = VERTEX_POINT('',#11440);
#11440 = CARTESIAN_POINT('',(0.16,-2.38,-3.));
#11441 = LINE('',#11442,#11443);
#11442 = CARTESIAN_POINT('',(5.333333333333E-02,-2.486666666667,
    -3.106666666667));
#11443 = VECTOR('',#11444,1.);
#11444 = DIRECTION('',(-0.57735026919,-0.57735026919,-0.57735026919));
#11445 = ORIENTED_EDGE('',*,*,#11446,.F.);
#11446 = EDGE_CURVE('',#11415,#11439,#11447,.T.);
#11447 = LINE('',#11448,#11449);
#11448 = CARTESIAN_POINT('',(0.16,-2.86,-3.));
#11449 = VECTOR('',#11450,1.);
#11450 = DIRECTION('',(0.,1.,0.));
#11451 = PLANE('',#11452);
#11452 = AXIS2_PLACEMENT_3D('',#11453,#11454,#11455);
#11453 = CARTESIAN_POINT('',(0.24,-2.86,-2.92));
#11454 = DIRECTION('',(-0.707106781187,1.735167508357E-18,0.707106781187
    ));
#11455 = DIRECTION('',(1.226948711654E-18,1.,-1.226948711654E-18));
#11456 = ADVANCED_FACE('',(#11457),#11475,.F.);
#11457 = FACE_BOUND('',#11458,.T.);
#11458 = EDGE_LOOP('',(#11459,#11467,#11468,#11469));
#11459 = ORIENTED_EDGE('',*,*,#11460,.F.);
#11460 = EDGE_CURVE('',#11078,#11461,#11463,.T.);
#11461 = VERTEX_POINT('',#11462);
#11462 = CARTESIAN_POINT('',(-0.16,-2.38,-3.));
#11463 = LINE('',#11464,#11465);
#11464 = CARTESIAN_POINT('',(-0.16,-2.38,-3.));
#11465 = VECTOR('',#11466,1.);
#11466 = DIRECTION('',(0.57735026919,-0.57735026919,-0.57735026919));
#11467 = ORIENTED_EDGE('',*,*,#11077,.T.);
#11468 = ORIENTED_EDGE('',*,*,#11438,.T.);
#11469 = ORIENTED_EDGE('',*,*,#11470,.F.);
#11470 = EDGE_CURVE('',#11461,#11439,#11471,.T.);
#11471 = LINE('',#11472,#11473);
#11472 = CARTESIAN_POINT('',(-0.32,-2.38,-3.));
#11473 = VECTOR('',#11474,1.);
#11474 = DIRECTION('',(1.,0.,0.));
#11475 = PLANE('',#11476);
#11476 = AXIS2_PLACEMENT_3D('',#11477,#11478,#11479);
#11477 = CARTESIAN_POINT('',(-0.32,-2.3,-2.92));
#11478 = DIRECTION('',(-1.735167508357E-18,-0.707106781187,
    0.707106781187));
#11479 = DIRECTION('',(-1.,1.226948711654E-18,-1.226948711654E-18));
#11480 = ADVANCED_FACE('',(#11481),#11492,.T.);
#11481 = FACE_BOUND('',#11482,.T.);
#11482 = EDGE_LOOP('',(#11483,#11484,#11485,#11486));
#11483 = ORIENTED_EDGE('',*,*,#11405,.F.);
#11484 = ORIENTED_EDGE('',*,*,#11101,.T.);
#11485 = ORIENTED_EDGE('',*,*,#11460,.T.);
#11486 = ORIENTED_EDGE('',*,*,#11487,.F.);
#11487 = EDGE_CURVE('',#11406,#11461,#11488,.T.);
#11488 = LINE('',#11489,#11490);
#11489 = CARTESIAN_POINT('',(-0.16,-2.86,-3.));
#11490 = VECTOR('',#11491,1.);
#11491 = DIRECTION('',(0.,1.,0.));
#11492 = PLANE('',#11493);
#11493 = AXIS2_PLACEMENT_3D('',#11494,#11495,#11496);
#11494 = CARTESIAN_POINT('',(-0.24,-2.86,-2.92));
#11495 = DIRECTION('',(-0.707106781187,-1.735167508357E-18,
    -0.707106781187));
#11496 = DIRECTION('',(-1.226948711654E-18,1.,-1.226948711654E-18));
#11497 = ADVANCED_FACE('',(#11498),#11523,.F.);
#11498 = FACE_BOUND('',#11499,.T.);
#11499 = EDGE_LOOP('',(#11500,#11508,#11509,#11517));
#11500 = ORIENTED_EDGE('',*,*,#11501,.F.);
#11501 = EDGE_CURVE('',#11127,#11502,#11504,.T.);
#11502 = VERTEX_POINT('',#11503);
#11503 = CARTESIAN_POINT('',(-0.16,-0.16,8.54));
#11504 = LINE('',#11505,#11506);
#11505 = CARTESIAN_POINT('',(-0.266666666667,-0.266666666667,
    8.433333333333));
#11506 = VECTOR('',#11507,1.);
#11507 = DIRECTION('',(0.57735026919,0.57735026919,0.57735026919));
#11508 = ORIENTED_EDGE('',*,*,#11134,.T.);
#11509 = ORIENTED_EDGE('',*,*,#11510,.T.);
#11510 = EDGE_CURVE('',#11118,#11511,#11513,.T.);
#11511 = VERTEX_POINT('',#11512);
#11512 = CARTESIAN_POINT('',(0.16,-0.16,8.54));
#11513 = LINE('',#11514,#11515);
#11514 = CARTESIAN_POINT('',(0.16,-0.16,8.54));
#11515 = VECTOR('',#11516,1.);
#11516 = DIRECTION('',(-0.57735026919,0.57735026919,0.57735026919));
#11517 = ORIENTED_EDGE('',*,*,#11518,.F.);
#11518 = EDGE_CURVE('',#11502,#11511,#11519,.T.);
#11519 = LINE('',#11520,#11521);
#11520 = CARTESIAN_POINT('',(-0.32,-0.16,8.54));
#11521 = VECTOR('',#11522,1.);
#11522 = DIRECTION('',(1.,0.,0.));
#11523 = PLANE('',#11524);
#11524 = AXIS2_PLACEMENT_3D('',#11525,#11526,#11527);
#11525 = CARTESIAN_POINT('',(-0.32,-0.24,8.46));
#11526 = DIRECTION('',(-1.735167508357E-18,0.707106781187,
    -0.707106781187));
#11527 = DIRECTION('',(-1.,-1.226948711654E-18,1.226948711654E-18));
#11528 = ADVANCED_FACE('',(#11529),#11547,.T.);
#11529 = FACE_BOUND('',#11530,.T.);
#11530 = EDGE_LOOP('',(#11531,#11532,#11533,#11541));
#11531 = ORIENTED_EDGE('',*,*,#11510,.F.);
#11532 = ORIENTED_EDGE('',*,*,#11158,.T.);
#11533 = ORIENTED_EDGE('',*,*,#11534,.T.);
#11534 = EDGE_CURVE('',#11151,#11535,#11537,.T.);
#11535 = VERTEX_POINT('',#11536);
#11536 = CARTESIAN_POINT('',(0.16,0.16,8.54));
#11537 = LINE('',#11538,#11539);
#11538 = CARTESIAN_POINT('',(5.333333333333E-02,5.333333333333E-02,
    8.646666666667));
#11539 = VECTOR('',#11540,1.);
#11540 = DIRECTION('',(-0.57735026919,-0.57735026919,0.57735026919));
#11541 = ORIENTED_EDGE('',*,*,#11542,.F.);
#11542 = EDGE_CURVE('',#11511,#11535,#11543,.T.);
#11543 = LINE('',#11544,#11545);
#11544 = CARTESIAN_POINT('',(0.16,-0.32,8.54));
#11545 = VECTOR('',#11546,1.);
#11546 = DIRECTION('',(0.,1.,0.));
#11547 = PLANE('',#11548);
#11548 = AXIS2_PLACEMENT_3D('',#11549,#11550,#11551);
#11549 = CARTESIAN_POINT('',(0.24,-0.32,8.46));
#11550 = DIRECTION('',(0.707106781187,-1.735167508357E-18,0.707106781187
    ));
#11551 = DIRECTION('',(1.226948711654E-18,1.,1.226948711654E-18));
#11552 = ADVANCED_FACE('',(#11553),#11571,.T.);
#11553 = FACE_BOUND('',#11554,.F.);
#11554 = EDGE_LOOP('',(#11555,#11563,#11564,#11565));
#11555 = ORIENTED_EDGE('',*,*,#11556,.F.);
#11556 = EDGE_CURVE('',#11175,#11557,#11559,.T.);
#11557 = VERTEX_POINT('',#11558);
#11558 = CARTESIAN_POINT('',(-0.16,0.16,8.54));
#11559 = LINE('',#11560,#11561);
#11560 = CARTESIAN_POINT('',(-0.16,0.16,8.54));
#11561 = VECTOR('',#11562,1.);
#11562 = DIRECTION('',(0.57735026919,-0.57735026919,0.57735026919));
#11563 = ORIENTED_EDGE('',*,*,#11182,.T.);
#11564 = ORIENTED_EDGE('',*,*,#11534,.T.);
#11565 = ORIENTED_EDGE('',*,*,#11566,.F.);
#11566 = EDGE_CURVE('',#11557,#11535,#11567,.T.);
#11567 = LINE('',#11568,#11569);
#11568 = CARTESIAN_POINT('',(-0.32,0.16,8.54));
#11569 = VECTOR('',#11570,1.);
#11570 = DIRECTION('',(1.,0.,0.));
#11571 = PLANE('',#11572);
#11572 = AXIS2_PLACEMENT_3D('',#11573,#11574,#11575);
#11573 = CARTESIAN_POINT('',(-0.32,0.24,8.46));
#11574 = DIRECTION('',(1.735167508357E-18,0.707106781187,0.707106781187)
  );
#11575 = DIRECTION('',(-1.,1.226948711654E-18,1.226948711654E-18));
#11576 = ADVANCED_FACE('',(#11577),#11588,.F.);
#11577 = FACE_BOUND('',#11578,.F.);
#11578 = EDGE_LOOP('',(#11579,#11580,#11581,#11582));
#11579 = ORIENTED_EDGE('',*,*,#11501,.F.);
#11580 = ORIENTED_EDGE('',*,*,#11199,.T.);
#11581 = ORIENTED_EDGE('',*,*,#11556,.T.);
#11582 = ORIENTED_EDGE('',*,*,#11583,.F.);
#11583 = EDGE_CURVE('',#11502,#11557,#11584,.T.);
#11584 = LINE('',#11585,#11586);
#11585 = CARTESIAN_POINT('',(-0.16,-0.32,8.54));
#11586 = VECTOR('',#11587,1.);
#11587 = DIRECTION('',(0.,1.,0.));
#11588 = PLANE('',#11589);
#11589 = AXIS2_PLACEMENT_3D('',#11590,#11591,#11592);
#11590 = CARTESIAN_POINT('',(-0.24,-0.32,8.46));
#11591 = DIRECTION('',(0.707106781187,1.735167508357E-18,-0.707106781187
    ));
#11592 = DIRECTION('',(-1.226948711654E-18,1.,1.226948711654E-18));
#11593 = ADVANCED_FACE('',(#11594),#11619,.F.);
#11594 = FACE_BOUND('',#11595,.T.);
#11595 = EDGE_LOOP('',(#11596,#11604,#11605,#11613));
#11596 = ORIENTED_EDGE('',*,*,#11597,.F.);
#11597 = EDGE_CURVE('',#11223,#11598,#11600,.T.);
#11598 = VERTEX_POINT('',#11599);
#11599 = CARTESIAN_POINT('',(-0.16,-2.7,8.54));
#11600 = LINE('',#11601,#11602);
#11601 = CARTESIAN_POINT('',(-0.266666666667,-2.806666666667,
    8.433333333333));
#11602 = VECTOR('',#11603,1.);
#11603 = DIRECTION('',(0.57735026919,0.57735026919,0.57735026919));
#11604 = ORIENTED_EDGE('',*,*,#11230,.T.);
#11605 = ORIENTED_EDGE('',*,*,#11606,.T.);
#11606 = EDGE_CURVE('',#11214,#11607,#11609,.T.);
#11607 = VERTEX_POINT('',#11608);
#11608 = CARTESIAN_POINT('',(0.16,-2.7,8.54));
#11609 = LINE('',#11610,#11611);
#11610 = CARTESIAN_POINT('',(0.16,-2.7,8.54));
#11611 = VECTOR('',#11612,1.);
#11612 = DIRECTION('',(-0.57735026919,0.57735026919,0.57735026919));
#11613 = ORIENTED_EDGE('',*,*,#11614,.F.);
#11614 = EDGE_CURVE('',#11598,#11607,#11615,.T.);
#11615 = LINE('',#11616,#11617);
#11616 = CARTESIAN_POINT('',(-0.32,-2.7,8.54));
#11617 = VECTOR('',#11618,1.);
#11618 = DIRECTION('',(1.,0.,0.));
#11619 = PLANE('',#11620);
#11620 = AXIS2_PLACEMENT_3D('',#11621,#11622,#11623);
#11621 = CARTESIAN_POINT('',(-0.32,-2.78,8.46));
#11622 = DIRECTION('',(-1.735167508357E-18,0.707106781187,
    -0.707106781187));
#11623 = DIRECTION('',(-1.,-1.226948711654E-18,1.226948711654E-18));
#11624 = ADVANCED_FACE('',(#11625),#11643,.T.);
#11625 = FACE_BOUND('',#11626,.T.);
#11626 = EDGE_LOOP('',(#11627,#11628,#11629,#11637));
#11627 = ORIENTED_EDGE('',*,*,#11606,.F.);
#11628 = ORIENTED_EDGE('',*,*,#11254,.T.);
#11629 = ORIENTED_EDGE('',*,*,#11630,.T.);
#11630 = EDGE_CURVE('',#11247,#11631,#11633,.T.);
#11631 = VERTEX_POINT('',#11632);
#11632 = CARTESIAN_POINT('',(0.16,-2.38,8.54));
#11633 = LINE('',#11634,#11635);
#11634 = CARTESIAN_POINT('',(5.333333333333E-02,-2.486666666667,
    8.646666666667));
#11635 = VECTOR('',#11636,1.);
#11636 = DIRECTION('',(-0.57735026919,-0.57735026919,0.57735026919));
#11637 = ORIENTED_EDGE('',*,*,#11638,.F.);
#11638 = EDGE_CURVE('',#11607,#11631,#11639,.T.);
#11639 = LINE('',#11640,#11641);
#11640 = CARTESIAN_POINT('',(0.16,-2.86,8.54));
#11641 = VECTOR('',#11642,1.);
#11642 = DIRECTION('',(0.,1.,0.));
#11643 = PLANE('',#11644);
#11644 = AXIS2_PLACEMENT_3D('',#11645,#11646,#11647);
#11645 = CARTESIAN_POINT('',(0.24,-2.86,8.46));
#11646 = DIRECTION('',(0.707106781187,-1.735167508357E-18,0.707106781187
    ));
#11647 = DIRECTION('',(1.226948711654E-18,1.,1.226948711654E-18));
#11648 = ADVANCED_FACE('',(#11649),#11667,.T.);
#11649 = FACE_BOUND('',#11650,.F.);
#11650 = EDGE_LOOP('',(#11651,#11659,#11660,#11661));
#11651 = ORIENTED_EDGE('',*,*,#11652,.F.);
#11652 = EDGE_CURVE('',#11271,#11653,#11655,.T.);
#11653 = VERTEX_POINT('',#11654);
#11654 = CARTESIAN_POINT('',(-0.16,-2.38,8.54));
#11655 = LINE('',#11656,#11657);
#11656 = CARTESIAN_POINT('',(-0.16,-2.38,8.54));
#11657 = VECTOR('',#11658,1.);
#11658 = DIRECTION('',(0.57735026919,-0.57735026919,0.57735026919));
#11659 = ORIENTED_EDGE('',*,*,#11278,.T.);
#11660 = ORIENTED_EDGE('',*,*,#11630,.T.);
#11661 = ORIENTED_EDGE('',*,*,#11662,.F.);
#11662 = EDGE_CURVE('',#11653,#11631,#11663,.T.);
#11663 = LINE('',#11664,#11665);
#11664 = CARTESIAN_POINT('',(-0.32,-2.38,8.54));
#11665 = VECTOR('',#11666,1.);
#11666 = DIRECTION('',(1.,0.,0.));
#11667 = PLANE('',#11668);
#11668 = AXIS2_PLACEMENT_3D('',#11669,#11670,#11671);
#11669 = CARTESIAN_POINT('',(-0.32,-2.3,8.46));
#11670 = DIRECTION('',(1.735167508357E-18,0.707106781187,0.707106781187)
  );
#11671 = DIRECTION('',(-1.,1.226948711654E-18,1.226948711654E-18));
#11672 = ADVANCED_FACE('',(#11673),#11684,.F.);
#11673 = FACE_BOUND('',#11674,.F.);
#11674 = EDGE_LOOP('',(#11675,#11676,#11677,#11678));
#11675 = ORIENTED_EDGE('',*,*,#11597,.F.);
#11676 = ORIENTED_EDGE('',*,*,#11295,.T.);
#11677 = ORIENTED_EDGE('',*,*,#11652,.T.);
#11678 = ORIENTED_EDGE('',*,*,#11679,.F.);
#11679 = EDGE_CURVE('',#11598,#11653,#11680,.T.);
#11680 = LINE('',#11681,#11682);
#11681 = CARTESIAN_POINT('',(-0.16,-2.86,8.54));
#11682 = VECTOR('',#11683,1.);
#11683 = DIRECTION('',(0.,1.,0.));
#11684 = PLANE('',#11685);
#11685 = AXIS2_PLACEMENT_3D('',#11686,#11687,#11688);
#11686 = CARTESIAN_POINT('',(-0.24,-2.86,8.46));
#11687 = DIRECTION('',(0.707106781187,1.735167508357E-18,-0.707106781187
    ));
#11688 = DIRECTION('',(-1.226948711654E-18,1.,1.226948711654E-18));
#11689 = ADVANCED_FACE('',(#11690),#11696,.F.);
#11690 = FACE_BOUND('',#11691,.F.);
#11691 = EDGE_LOOP('',(#11692,#11693,#11694,#11695));
#11692 = ORIENTED_EDGE('',*,*,#11391,.F.);
#11693 = ORIENTED_EDGE('',*,*,#11326,.T.);
#11694 = ORIENTED_EDGE('',*,*,#11350,.T.);
#11695 = ORIENTED_EDGE('',*,*,#11374,.F.);
#11696 = PLANE('',#11697);
#11697 = AXIS2_PLACEMENT_3D('',#11698,#11699,#11700);
#11698 = CARTESIAN_POINT('',(-0.32,-0.32,-3.));
#11699 = DIRECTION('',(0.,0.,1.));
#11700 = DIRECTION('',(1.,0.,-0.));
#11701 = ADVANCED_FACE('',(#11702),#11708,.F.);
#11702 = FACE_BOUND('',#11703,.F.);
#11703 = EDGE_LOOP('',(#11704,#11705,#11706,#11707));
#11704 = ORIENTED_EDGE('',*,*,#11487,.F.);
#11705 = ORIENTED_EDGE('',*,*,#11422,.T.);
#11706 = ORIENTED_EDGE('',*,*,#11446,.T.);
#11707 = ORIENTED_EDGE('',*,*,#11470,.F.);
#11708 = PLANE('',#11709);
#11709 = AXIS2_PLACEMENT_3D('',#11710,#11711,#11712);
#11710 = CARTESIAN_POINT('',(-0.32,-2.86,-3.));
#11711 = DIRECTION('',(0.,0.,1.));
#11712 = DIRECTION('',(1.,0.,-0.));
#11713 = ADVANCED_FACE('',(#11714),#11720,.T.);
#11714 = FACE_BOUND('',#11715,.T.);
#11715 = EDGE_LOOP('',(#11716,#11717,#11718,#11719));
#11716 = ORIENTED_EDGE('',*,*,#11566,.F.);
#11717 = ORIENTED_EDGE('',*,*,#11583,.F.);
#11718 = ORIENTED_EDGE('',*,*,#11518,.T.);
#11719 = ORIENTED_EDGE('',*,*,#11542,.T.);
#11720 = PLANE('',#11721);
#11721 = AXIS2_PLACEMENT_3D('',#11722,#11723,#11724);
#11722 = CARTESIAN_POINT('',(-0.32,-0.32,8.54));
#11723 = DIRECTION('',(0.,0.,1.));
#11724 = DIRECTION('',(1.,0.,-0.));
#11725 = ADVANCED_FACE('',(#11726),#11732,.T.);
#11726 = FACE_BOUND('',#11727,.T.);
#11727 = EDGE_LOOP('',(#11728,#11729,#11730,#11731));
#11728 = ORIENTED_EDGE('',*,*,#11662,.F.);
#11729 = ORIENTED_EDGE('',*,*,#11679,.F.);
#11730 = ORIENTED_EDGE('',*,*,#11614,.T.);
#11731 = ORIENTED_EDGE('',*,*,#11638,.T.);
#11732 = PLANE('',#11733);
#11733 = AXIS2_PLACEMENT_3D('',#11734,#11735,#11736);
#11734 = CARTESIAN_POINT('',(-0.32,-2.86,8.54));
#11735 = DIRECTION('',(0.,0.,1.));
#11736 = DIRECTION('',(1.,0.,-0.));
#11737 = ( GEOMETRIC_REPRESENTATION_CONTEXT(3) 
GLOBAL_UNCERTAINTY_ASSIGNED_CONTEXT((#11741)) 
GLOBAL_UNIT_ASSIGNED_CONTEXT((#11738,#11739,#11740)) 
REPRESENTATION_CONTEXT('Context #1',
  '3D Context with UNIT and UNCERTAINTY') );
#11738 = ( LENGTH_UNIT() NAMED_UNIT(*) SI_UNIT(.MILLI.,.METRE.) );
#11739 = ( NAMED_UNIT(*) PLANE_ANGLE_UNIT() SI_UNIT($,.RADIAN.) );
#11740 = ( NAMED_UNIT(*) SI_UNIT($,.STERADIAN.) SOLID_ANGLE_UNIT() );
#11741 = UNCERTAINTY_MEASURE_WITH_UNIT(LENGTH_MEASURE(1.E-07),#11738,
  'distance_accuracy_value','confusion accuracy');
#11742 = CONTEXT_DEPENDENT_SHAPE_REPRESENTATION(#11743,#11745);
#11743 = ( REPRESENTATION_RELATIONSHIP('','',#10304,#10) 
REPRESENTATION_RELATIONSHIP_WITH_TRANSFORMATION(#11744) 
SHAPE_REPRESENTATION_RELATIONSHIP() );
#11744 = ITEM_DEFINED_TRANSFORMATION('','',#11,#87);
#11745 = PRODUCT_DEFINITION_SHAPE('Placement','Placement of an item',
  #11746);
#11746 = NEXT_ASSEMBLY_USAGE_OCCURRENCE('22','J2','',#5,#10299,$);
#11747 = PRODUCT_RELATED_PRODUCT_CATEGORY('part',$,(#10301));
#11748 = CONTEXT_DEPENDENT_SHAPE_REPRESENTATION(#11749,#11751);
#11749 = ( REPRESENTATION_RELATIONSHIP('','',#10304,#10) 
REPRESENTATION_RELATIONSHIP_WITH_TRANSFORMATION(#11750) 
SHAPE_REPRESENTATION_RELATIONSHIP() );
#11750 = ITEM_DEFINED_TRANSFORMATION('','',#11,#91);
#11751 = PRODUCT_DEFINITION_SHAPE('Placement','Placement of an item',
  #11752);
#11752 = NEXT_ASSEMBLY_USAGE_OCCURRENCE('23','J3','',#5,#10299,$);
#11753 = SHAPE_DEFINITION_REPRESENTATION(#11754,#11760);
#11754 = PRODUCT_DEFINITION_SHAPE('','',#11755);
#11755 = PRODUCT_DEFINITION('design','',#11756,#11759);
#11756 = PRODUCT_DEFINITION_FORMATION('','',#11757);
#11757 = PRODUCT('line-follower-h-bridge-v2_PCB',
  'line-follower-h-bridge-v2_PCB','',(#11758));
#11758 = PRODUCT_CONTEXT('',#2,'mechanical');
#11759 = PRODUCT_DEFINITION_CONTEXT('part definition',#2,'design');
#11760 = ADVANCED_BREP_SHAPE_REPRESENTATION('',(#11,#11761),#13159);
#11761 = MANIFOLD_SOLID_BREP('',#11762);
#11762 = CLOSED_SHELL('',(#11763,#11803,#11834,#11865,#12234,#12603,
    #12615,#12632,#12649,#12666,#12683,#12700,#12717,#12734,#12751,
    #12768,#12785,#12802,#12819,#12836,#12853,#12870,#12887,#12904,
    #12921,#12938,#12955,#12972,#12989,#13006,#13023,#13040,#13057,
    #13074,#13091,#13108,#13125,#13142));
#11763 = ADVANCED_FACE('',(#11764),#11798,.T.);
#11764 = FACE_BOUND('',#11765,.T.);
#11765 = EDGE_LOOP('',(#11766,#11776,#11784,#11792));
#11766 = ORIENTED_EDGE('',*,*,#11767,.T.);
#11767 = EDGE_CURVE('',#11768,#11770,#11772,.T.);
#11768 = VERTEX_POINT('',#11769);
#11769 = CARTESIAN_POINT('',(197.,-124.,0.));
#11770 = VERTEX_POINT('',#11771);
#11771 = CARTESIAN_POINT('',(197.,-124.,1.51));
#11772 = LINE('',#11773,#11774);
#11773 = CARTESIAN_POINT('',(197.,-124.,0.));
#11774 = VECTOR('',#11775,1.);
#11775 = DIRECTION('',(0.,0.,1.));
#11776 = ORIENTED_EDGE('',*,*,#11777,.T.);
#11777 = EDGE_CURVE('',#11770,#11778,#11780,.T.);
#11778 = VERTEX_POINT('',#11779);
#11779 = CARTESIAN_POINT('',(147.,-124.,1.51));
#11780 = LINE('',#11781,#11782);
#11781 = CARTESIAN_POINT('',(197.,-124.,1.51));
#11782 = VECTOR('',#11783,1.);
#11783 = DIRECTION('',(-1.,0.,0.));
#11784 = ORIENTED_EDGE('',*,*,#11785,.F.);
#11785 = EDGE_CURVE('',#11786,#11778,#11788,.T.);
#11786 = VERTEX_POINT('',#11787);
#11787 = CARTESIAN_POINT('',(147.,-124.,0.));
#11788 = LINE('',#11789,#11790);
#11789 = CARTESIAN_POINT('',(147.,-124.,0.));
#11790 = VECTOR('',#11791,1.);
#11791 = DIRECTION('',(0.,0.,1.));
#11792 = ORIENTED_EDGE('',*,*,#11793,.F.);
#11793 = EDGE_CURVE('',#11768,#11786,#11794,.T.);
#11794 = LINE('',#11795,#11796);
#11795 = CARTESIAN_POINT('',(197.,-124.,0.));
#11796 = VECTOR('',#11797,1.);
#11797 = DIRECTION('',(-1.,0.,0.));
#11798 = PLANE('',#11799);
#11799 = AXIS2_PLACEMENT_3D('',#11800,#11801,#11802);
#11800 = CARTESIAN_POINT('',(197.,-124.,0.));
#11801 = DIRECTION('',(0.,-1.,0.));
#11802 = DIRECTION('',(-1.,0.,0.));
#11803 = ADVANCED_FACE('',(#11804),#11829,.T.);
#11804 = FACE_BOUND('',#11805,.T.);
#11805 = EDGE_LOOP('',(#11806,#11816,#11822,#11823));
#11806 = ORIENTED_EDGE('',*,*,#11807,.T.);
#11807 = EDGE_CURVE('',#11808,#11810,#11812,.T.);
#11808 = VERTEX_POINT('',#11809);
#11809 = CARTESIAN_POINT('',(197.,-76.,0.));
#11810 = VERTEX_POINT('',#11811);
#11811 = CARTESIAN_POINT('',(197.,-76.,1.51));
#11812 = LINE('',#11813,#11814);
#11813 = CARTESIAN_POINT('',(197.,-76.,0.));
#11814 = VECTOR('',#11815,1.);
#11815 = DIRECTION('',(0.,0.,1.));
#11816 = ORIENTED_EDGE('',*,*,#11817,.T.);
#11817 = EDGE_CURVE('',#11810,#11770,#11818,.T.);
#11818 = LINE('',#11819,#11820);
#11819 = CARTESIAN_POINT('',(197.,-76.,1.51));
#11820 = VECTOR('',#11821,1.);
#11821 = DIRECTION('',(0.,-1.,0.));
#11822 = ORIENTED_EDGE('',*,*,#11767,.F.);
#11823 = ORIENTED_EDGE('',*,*,#11824,.F.);
#11824 = EDGE_CURVE('',#11808,#11768,#11825,.T.);
#11825 = LINE('',#11826,#11827);
#11826 = CARTESIAN_POINT('',(197.,-76.,0.));
#11827 = VECTOR('',#11828,1.);
#11828 = DIRECTION('',(0.,-1.,0.));
#11829 = PLANE('',#11830);
#11830 = AXIS2_PLACEMENT_3D('',#11831,#11832,#11833);
#11831 = CARTESIAN_POINT('',(197.,-76.,0.));
#11832 = DIRECTION('',(1.,0.,-0.));
#11833 = DIRECTION('',(0.,-1.,0.));
#11834 = ADVANCED_FACE('',(#11835),#11860,.T.);
#11835 = FACE_BOUND('',#11836,.T.);
#11836 = EDGE_LOOP('',(#11837,#11838,#11846,#11854));
#11837 = ORIENTED_EDGE('',*,*,#11785,.T.);
#11838 = ORIENTED_EDGE('',*,*,#11839,.T.);
#11839 = EDGE_CURVE('',#11778,#11840,#11842,.T.);
#11840 = VERTEX_POINT('',#11841);
#11841 = CARTESIAN_POINT('',(147.,-76.,1.51));
#11842 = LINE('',#11843,#11844);
#11843 = CARTESIAN_POINT('',(147.,-124.,1.51));
#11844 = VECTOR('',#11845,1.);
#11845 = DIRECTION('',(0.,1.,0.));
#11846 = ORIENTED_EDGE('',*,*,#11847,.F.);
#11847 = EDGE_CURVE('',#11848,#11840,#11850,.T.);
#11848 = VERTEX_POINT('',#11849);
#11849 = CARTESIAN_POINT('',(147.,-76.,0.));
#11850 = LINE('',#11851,#11852);
#11851 = CARTESIAN_POINT('',(147.,-76.,0.));
#11852 = VECTOR('',#11853,1.);
#11853 = DIRECTION('',(0.,0.,1.));
#11854 = ORIENTED_EDGE('',*,*,#11855,.F.);
#11855 = EDGE_CURVE('',#11786,#11848,#11856,.T.);
#11856 = LINE('',#11857,#11858);
#11857 = CARTESIAN_POINT('',(147.,-124.,0.));
#11858 = VECTOR('',#11859,1.);
#11859 = DIRECTION('',(0.,1.,0.));
#11860 = PLANE('',#11861);
#11861 = AXIS2_PLACEMENT_3D('',#11862,#11863,#11864);
#11862 = CARTESIAN_POINT('',(147.,-124.,0.));
#11863 = DIRECTION('',(-1.,0.,0.));
#11864 = DIRECTION('',(0.,1.,0.));
#11865 = ADVANCED_FACE('',(#11866,#11877,#11888,#11899,#11910,#11921,
    #11932,#11943,#11954,#11965,#11976,#11987,#11998,#12009,#12020,
    #12031,#12042,#12053,#12064,#12075,#12086,#12097,#12108,#12119,
    #12130,#12141,#12152,#12163,#12174,#12185,#12196,#12207,#12218),
  #12229,.F.);
#11866 = FACE_BOUND('',#11867,.F.);
#11867 = EDGE_LOOP('',(#11868,#11869,#11870,#11876));
#11868 = ORIENTED_EDGE('',*,*,#11793,.F.);
#11869 = ORIENTED_EDGE('',*,*,#11824,.F.);
#11870 = ORIENTED_EDGE('',*,*,#11871,.F.);
#11871 = EDGE_CURVE('',#11848,#11808,#11872,.T.);
#11872 = LINE('',#11873,#11874);
#11873 = CARTESIAN_POINT('',(147.,-76.,0.));
#11874 = VECTOR('',#11875,1.);
#11875 = DIRECTION('',(1.,0.,0.));
#11876 = ORIENTED_EDGE('',*,*,#11855,.F.);
#11877 = FACE_BOUND('',#11878,.F.);
#11878 = EDGE_LOOP('',(#11879));
#11879 = ORIENTED_EDGE('',*,*,#11880,.T.);
#11880 = EDGE_CURVE('',#11881,#11881,#11883,.T.);
#11881 = VERTEX_POINT('',#11882);
#11882 = CARTESIAN_POINT('',(152.,-119.6,0.));
#11883 = CIRCLE('',#11884,1.25);
#11884 = AXIS2_PLACEMENT_3D('',#11885,#11886,#11887);
#11885 = CARTESIAN_POINT('',(152.,-118.35,0.));
#11886 = DIRECTION('',(-0.,0.,-1.));
#11887 = DIRECTION('',(-0.,-1.,0.));
#11888 = FACE_BOUND('',#11889,.F.);
#11889 = EDGE_LOOP('',(#11890));
#11890 = ORIENTED_EDGE('',*,*,#11891,.T.);
#11891 = EDGE_CURVE('',#11892,#11892,#11894,.T.);
#11892 = VERTEX_POINT('',#11893);
#11893 = CARTESIAN_POINT('',(150.,-112.0588,0.));
#11894 = CIRCLE('',#11895,0.5588);
#11895 = AXIS2_PLACEMENT_3D('',#11896,#11897,#11898);
#11896 = CARTESIAN_POINT('',(150.,-111.5,0.));
#11897 = DIRECTION('',(-0.,0.,-1.));
#11898 = DIRECTION('',(-0.,-1.,0.));
#11899 = FACE_BOUND('',#11900,.F.);
#11900 = EDGE_LOOP('',(#11901));
#11901 = ORIENTED_EDGE('',*,*,#11902,.T.);
#11902 = EDGE_CURVE('',#11903,#11903,#11905,.T.);
#11903 = VERTEX_POINT('',#11904);
#11904 = CARTESIAN_POINT('',(162.,-112.01055,0.));
#11905 = CIRCLE('',#11906,0.5588);
#11906 = AXIS2_PLACEMENT_3D('',#11907,#11908,#11909);
#11907 = CARTESIAN_POINT('',(162.,-111.45175,0.));
#11908 = DIRECTION('',(-0.,0.,-1.));
#11909 = DIRECTION('',(-0.,-1.,0.));
#11910 = FACE_BOUND('',#11911,.F.);
#11911 = EDGE_LOOP('',(#11912));
#11912 = ORIENTED_EDGE('',*,*,#11913,.T.);
#11913 = EDGE_CURVE('',#11914,#11914,#11916,.T.);
#11914 = VERTEX_POINT('',#11915);
#11915 = CARTESIAN_POINT('',(150.,-104.5588,0.));
#11916 = CIRCLE('',#11917,0.5588);
#11917 = AXIS2_PLACEMENT_3D('',#11918,#11919,#11920);
#11918 = CARTESIAN_POINT('',(150.,-104.,0.));
#11919 = DIRECTION('',(-0.,0.,-1.));
#11920 = DIRECTION('',(-0.,-1.,0.));
#11921 = FACE_BOUND('',#11922,.F.);
#11922 = EDGE_LOOP('',(#11923));
#11923 = ORIENTED_EDGE('',*,*,#11924,.T.);
#11924 = EDGE_CURVE('',#11925,#11925,#11927,.T.);
#11925 = VERTEX_POINT('',#11926);
#11926 = CARTESIAN_POINT('',(162.,-104.51055,0.));
#11927 = CIRCLE('',#11928,0.5588);
#11928 = AXIS2_PLACEMENT_3D('',#11929,#11930,#11931);
#11929 = CARTESIAN_POINT('',(162.,-103.95175,0.));
#11930 = DIRECTION('',(-0.,0.,-1.));
#11931 = DIRECTION('',(-0.,-1.,0.));
#11932 = FACE_BOUND('',#11933,.F.);
#11933 = EDGE_LOOP('',(#11934));
#11934 = ORIENTED_EDGE('',*,*,#11935,.T.);
#11935 = EDGE_CURVE('',#11936,#11936,#11938,.T.);
#11936 = VERTEX_POINT('',#11937);
#11937 = CARTESIAN_POINT('',(182.,-112.01055,0.));
#11938 = CIRCLE('',#11939,0.5588);
#11939 = AXIS2_PLACEMENT_3D('',#11940,#11941,#11942);
#11940 = CARTESIAN_POINT('',(182.,-111.45175,0.));
#11941 = DIRECTION('',(-0.,0.,-1.));
#11942 = DIRECTION('',(-0.,-1.,0.));
#11943 = FACE_BOUND('',#11944,.F.);
#11944 = EDGE_LOOP('',(#11945));
#11945 = ORIENTED_EDGE('',*,*,#11946,.T.);
#11946 = EDGE_CURVE('',#11947,#11947,#11949,.T.);
#11947 = VERTEX_POINT('',#11948);
#11948 = CARTESIAN_POINT('',(192.,-119.6,0.));
#11949 = CIRCLE('',#11950,1.25);
#11950 = AXIS2_PLACEMENT_3D('',#11951,#11952,#11953);
#11951 = CARTESIAN_POINT('',(192.,-118.35,0.));
#11952 = DIRECTION('',(-0.,0.,-1.));
#11953 = DIRECTION('',(-0.,-1.,0.));
#11954 = FACE_BOUND('',#11955,.F.);
#11955 = EDGE_LOOP('',(#11956));
#11956 = ORIENTED_EDGE('',*,*,#11957,.T.);
#11957 = EDGE_CURVE('',#11958,#11958,#11960,.T.);
#11958 = VERTEX_POINT('',#11959);
#11959 = CARTESIAN_POINT('',(190.,-112.01055,0.));
#11960 = CIRCLE('',#11961,0.5588);
#11961 = AXIS2_PLACEMENT_3D('',#11962,#11963,#11964);
#11962 = CARTESIAN_POINT('',(190.,-111.45175,0.));
#11963 = DIRECTION('',(-0.,0.,-1.));
#11964 = DIRECTION('',(-0.,-1.,0.));
#11965 = FACE_BOUND('',#11966,.F.);
#11966 = EDGE_LOOP('',(#11967));
#11967 = ORIENTED_EDGE('',*,*,#11968,.T.);
#11968 = EDGE_CURVE('',#11969,#11969,#11971,.T.);
#11969 = VERTEX_POINT('',#11970);
#11970 = CARTESIAN_POINT('',(172.,-102.04,0.));
#11971 = CIRCLE('',#11972,0.5);
#11972 = AXIS2_PLACEMENT_3D('',#11973,#11974,#11975);
#11973 = CARTESIAN_POINT('',(172.,-101.54,0.));
#11974 = DIRECTION('',(-0.,0.,-1.));
#11975 = DIRECTION('',(-0.,-1.,0.));
#11976 = FACE_BOUND('',#11977,.F.);
#11977 = EDGE_LOOP('',(#11978));
#11978 = ORIENTED_EDGE('',*,*,#11979,.T.);
#11979 = EDGE_CURVE('',#11980,#11980,#11982,.T.);
#11980 = VERTEX_POINT('',#11981);
#11981 = CARTESIAN_POINT('',(175.619542,-102.068089,0.));
#11982 = CIRCLE('',#11983,0.5);
#11983 = AXIS2_PLACEMENT_3D('',#11984,#11985,#11986);
#11984 = CARTESIAN_POINT('',(175.619542,-101.568089,0.));
#11985 = DIRECTION('',(-0.,0.,-1.));
#11986 = DIRECTION('',(-0.,-1.,0.));
#11987 = FACE_BOUND('',#11988,.F.);
#11988 = EDGE_LOOP('',(#11989));
#11989 = ORIENTED_EDGE('',*,*,#11990,.T.);
#11990 = EDGE_CURVE('',#11991,#11991,#11993,.T.);
#11991 = VERTEX_POINT('',#11992);
#11992 = CARTESIAN_POINT('',(182.,-104.51055,0.));
#11993 = CIRCLE('',#11994,0.5588);
#11994 = AXIS2_PLACEMENT_3D('',#11995,#11996,#11997);
#11995 = CARTESIAN_POINT('',(182.,-103.95175,0.));
#11996 = DIRECTION('',(-0.,0.,-1.));
#11997 = DIRECTION('',(-0.,-1.,0.));
#11998 = FACE_BOUND('',#11999,.F.);
#11999 = EDGE_LOOP('',(#12000));
#12000 = ORIENTED_EDGE('',*,*,#12001,.T.);
#12001 = EDGE_CURVE('',#12002,#12002,#12004,.T.);
#12002 = VERTEX_POINT('',#12003);
#12003 = CARTESIAN_POINT('',(190.,-104.51055,0.));
#12004 = CIRCLE('',#12005,0.5588);
#12005 = AXIS2_PLACEMENT_3D('',#12006,#12007,#12008);
#12006 = CARTESIAN_POINT('',(190.,-103.95175,0.));
#12007 = DIRECTION('',(-0.,0.,-1.));
#12008 = DIRECTION('',(-0.,-1.,0.));
#12009 = FACE_BOUND('',#12010,.F.);
#12010 = EDGE_LOOP('',(#12011));
#12011 = ORIENTED_EDGE('',*,*,#12012,.T.);
#12012 = EDGE_CURVE('',#12013,#12013,#12015,.T.);
#12013 = VERTEX_POINT('',#12014);
#12014 = CARTESIAN_POINT('',(150.,-98.01055,0.));
#12015 = CIRCLE('',#12016,0.5588);
#12016 = AXIS2_PLACEMENT_3D('',#12017,#12018,#12019);
#12017 = CARTESIAN_POINT('',(150.,-97.45175,0.));
#12018 = DIRECTION('',(-0.,0.,-1.));
#12019 = DIRECTION('',(-0.,-1.,0.));
#12020 = FACE_BOUND('',#12021,.F.);
#12021 = EDGE_LOOP('',(#12022));
#12022 = ORIENTED_EDGE('',*,*,#12023,.T.);
#12023 = EDGE_CURVE('',#12024,#12024,#12026,.T.);
#12024 = VERTEX_POINT('',#12025);
#12025 = CARTESIAN_POINT('',(150.,-90.51055,0.));
#12026 = CIRCLE('',#12027,0.5588);
#12027 = AXIS2_PLACEMENT_3D('',#12028,#12029,#12030);
#12028 = CARTESIAN_POINT('',(150.,-89.95175,0.));
#12029 = DIRECTION('',(-0.,0.,-1.));
#12030 = DIRECTION('',(-0.,-1.,0.));
#12031 = FACE_BOUND('',#12032,.F.);
#12032 = EDGE_LOOP('',(#12033));
#12033 = ORIENTED_EDGE('',*,*,#12034,.T.);
#12034 = EDGE_CURVE('',#12035,#12035,#12037,.T.);
#12035 = VERTEX_POINT('',#12036);
#12036 = CARTESIAN_POINT('',(162.,-98.01055,0.));
#12037 = CIRCLE('',#12038,0.5588);
#12038 = AXIS2_PLACEMENT_3D('',#12039,#12040,#12041);
#12039 = CARTESIAN_POINT('',(162.,-97.45175,0.));
#12040 = DIRECTION('',(-0.,0.,-1.));
#12041 = DIRECTION('',(-0.,-1.,0.));
#12042 = FACE_BOUND('',#12043,.F.);
#12043 = EDGE_LOOP('',(#12044));
#12044 = ORIENTED_EDGE('',*,*,#12045,.T.);
#12045 = EDGE_CURVE('',#12046,#12046,#12048,.T.);
#12046 = VERTEX_POINT('',#12047);
#12047 = CARTESIAN_POINT('',(162.,-90.51055,0.));
#12048 = CIRCLE('',#12049,0.5588);
#12049 = AXIS2_PLACEMENT_3D('',#12050,#12051,#12052);
#12050 = CARTESIAN_POINT('',(162.,-89.95175,0.));
#12051 = DIRECTION('',(-0.,0.,-1.));
#12052 = DIRECTION('',(-0.,-1.,0.));
#12053 = FACE_BOUND('',#12054,.F.);
#12054 = EDGE_LOOP('',(#12055));
#12055 = ORIENTED_EDGE('',*,*,#12056,.T.);
#12056 = EDGE_CURVE('',#12057,#12057,#12059,.T.);
#12057 = VERTEX_POINT('',#12058);
#12058 = CARTESIAN_POINT('',(152.,-82.6,0.));
#12059 = CIRCLE('',#12060,1.25);
#12060 = AXIS2_PLACEMENT_3D('',#12061,#12062,#12063);
#12061 = CARTESIAN_POINT('',(152.,-81.35,0.));
#12062 = DIRECTION('',(-0.,0.,-1.));
#12063 = DIRECTION('',(-0.,-1.,0.));
#12064 = FACE_BOUND('',#12065,.F.);
#12065 = EDGE_LOOP('',(#12066));
#12066 = ORIENTED_EDGE('',*,*,#12067,.T.);
#12067 = EDGE_CURVE('',#12068,#12068,#12070,.T.);
#12068 = VERTEX_POINT('',#12069);
#12069 = CARTESIAN_POINT('',(165.656343,-80.885,0.));
#12070 = CIRCLE('',#12071,0.5);
#12071 = AXIS2_PLACEMENT_3D('',#12072,#12073,#12074);
#12072 = CARTESIAN_POINT('',(165.656343,-80.385,0.));
#12073 = DIRECTION('',(-0.,0.,-1.));
#12074 = DIRECTION('',(-0.,-1.,0.));
#12075 = FACE_BOUND('',#12076,.F.);
#12076 = EDGE_LOOP('',(#12077));
#12077 = ORIENTED_EDGE('',*,*,#12078,.T.);
#12078 = EDGE_CURVE('',#12079,#12079,#12081,.T.);
#12079 = VERTEX_POINT('',#12080);
#12080 = CARTESIAN_POINT('',(168.196343,-80.885,0.));
#12081 = CIRCLE('',#12082,0.5);
#12082 = AXIS2_PLACEMENT_3D('',#12083,#12084,#12085);
#12083 = CARTESIAN_POINT('',(168.196343,-80.385,0.));
#12084 = DIRECTION('',(-0.,0.,-1.));
#12085 = DIRECTION('',(-0.,-1.,0.));
#12086 = FACE_BOUND('',#12087,.F.);
#12087 = EDGE_LOOP('',(#12088));
#12088 = ORIENTED_EDGE('',*,*,#12089,.T.);
#12089 = EDGE_CURVE('',#12090,#12090,#12092,.T.);
#12090 = VERTEX_POINT('',#12091);
#12091 = CARTESIAN_POINT('',(170.736343,-80.885,0.));
#12092 = CIRCLE('',#12093,0.5);
#12093 = AXIS2_PLACEMENT_3D('',#12094,#12095,#12096);
#12094 = CARTESIAN_POINT('',(170.736343,-80.385,0.));
#12095 = DIRECTION('',(-0.,0.,-1.));
#12096 = DIRECTION('',(-0.,-1.,0.));
#12097 = FACE_BOUND('',#12098,.F.);
#12098 = EDGE_LOOP('',(#12099));
#12099 = ORIENTED_EDGE('',*,*,#12100,.T.);
#12100 = EDGE_CURVE('',#12101,#12101,#12103,.T.);
#12101 = VERTEX_POINT('',#12102);
#12102 = CARTESIAN_POINT('',(172.,-99.5,0.));
#12103 = CIRCLE('',#12104,0.5);
#12104 = AXIS2_PLACEMENT_3D('',#12105,#12106,#12107);
#12105 = CARTESIAN_POINT('',(172.,-99.,0.));
#12106 = DIRECTION('',(-0.,0.,-1.));
#12107 = DIRECTION('',(-0.,-1.,0.));
#12108 = FACE_BOUND('',#12109,.F.);
#12109 = EDGE_LOOP('',(#12110));
#12110 = ORIENTED_EDGE('',*,*,#12111,.T.);
#12111 = EDGE_CURVE('',#12112,#12112,#12114,.T.);
#12112 = VERTEX_POINT('',#12113);
#12113 = CARTESIAN_POINT('',(175.619542,-99.528089,0.));
#12114 = CIRCLE('',#12115,0.5);
#12115 = AXIS2_PLACEMENT_3D('',#12116,#12117,#12118);
#12116 = CARTESIAN_POINT('',(175.619542,-99.028089,0.));
#12117 = DIRECTION('',(-0.,0.,-1.));
#12118 = DIRECTION('',(-0.,-1.,0.));
#12119 = FACE_BOUND('',#12120,.F.);
#12120 = EDGE_LOOP('',(#12121));
#12121 = ORIENTED_EDGE('',*,*,#12122,.T.);
#12122 = EDGE_CURVE('',#12123,#12123,#12125,.T.);
#12123 = VERTEX_POINT('',#12124);
#12124 = CARTESIAN_POINT('',(182.,-98.01055,0.));
#12125 = CIRCLE('',#12126,0.5588);
#12126 = AXIS2_PLACEMENT_3D('',#12127,#12128,#12129);
#12127 = CARTESIAN_POINT('',(182.,-97.45175,0.));
#12128 = DIRECTION('',(-0.,0.,-1.));
#12129 = DIRECTION('',(-0.,-1.,0.));
#12130 = FACE_BOUND('',#12131,.F.);
#12131 = EDGE_LOOP('',(#12132));
#12132 = ORIENTED_EDGE('',*,*,#12133,.T.);
#12133 = EDGE_CURVE('',#12134,#12134,#12136,.T.);
#12134 = VERTEX_POINT('',#12135);
#12135 = CARTESIAN_POINT('',(182.,-90.51055,0.));
#12136 = CIRCLE('',#12137,0.5588);
#12137 = AXIS2_PLACEMENT_3D('',#12138,#12139,#12140);
#12138 = CARTESIAN_POINT('',(182.,-89.95175,0.));
#12139 = DIRECTION('',(-0.,0.,-1.));
#12140 = DIRECTION('',(-0.,-1.,0.));
#12141 = FACE_BOUND('',#12142,.F.);
#12142 = EDGE_LOOP('',(#12143));
#12143 = ORIENTED_EDGE('',*,*,#12144,.T.);
#12144 = EDGE_CURVE('',#12145,#12145,#12147,.T.);
#12145 = VERTEX_POINT('',#12146);
#12146 = CARTESIAN_POINT('',(190.,-98.01055,0.));
#12147 = CIRCLE('',#12148,0.5588);
#12148 = AXIS2_PLACEMENT_3D('',#12149,#12150,#12151);
#12149 = CARTESIAN_POINT('',(190.,-97.45175,0.));
#12150 = DIRECTION('',(-0.,0.,-1.));
#12151 = DIRECTION('',(-0.,-1.,0.));
#12152 = FACE_BOUND('',#12153,.F.);
#12153 = EDGE_LOOP('',(#12154));
#12154 = ORIENTED_EDGE('',*,*,#12155,.T.);
#12155 = EDGE_CURVE('',#12156,#12156,#12158,.T.);
#12156 = VERTEX_POINT('',#12157);
#12157 = CARTESIAN_POINT('',(190.,-90.51055,0.));
#12158 = CIRCLE('',#12159,0.5588);
#12159 = AXIS2_PLACEMENT_3D('',#12160,#12161,#12162);
#12160 = CARTESIAN_POINT('',(190.,-89.95175,0.));
#12161 = DIRECTION('',(-0.,0.,-1.));
#12162 = DIRECTION('',(-0.,-1.,0.));
#12163 = FACE_BOUND('',#12164,.F.);
#12164 = EDGE_LOOP('',(#12165));
#12165 = ORIENTED_EDGE('',*,*,#12166,.T.);
#12166 = EDGE_CURVE('',#12167,#12167,#12169,.T.);
#12167 = VERTEX_POINT('',#12168);
#12168 = CARTESIAN_POINT('',(173.276343,-80.885,0.));
#12169 = CIRCLE('',#12170,0.5);
#12170 = AXIS2_PLACEMENT_3D('',#12171,#12172,#12173);
#12171 = CARTESIAN_POINT('',(173.276343,-80.385,0.));
#12172 = DIRECTION('',(-0.,0.,-1.));
#12173 = DIRECTION('',(-0.,-1.,0.));
#12174 = FACE_BOUND('',#12175,.F.);
#12175 = EDGE_LOOP('',(#12176));
#12176 = ORIENTED_EDGE('',*,*,#12177,.T.);
#12177 = EDGE_CURVE('',#12178,#12178,#12180,.T.);
#12178 = VERTEX_POINT('',#12179);
#12179 = CARTESIAN_POINT('',(175.816343,-80.885,0.));
#12180 = CIRCLE('',#12181,0.5);
#12181 = AXIS2_PLACEMENT_3D('',#12182,#12183,#12184);
#12182 = CARTESIAN_POINT('',(175.816343,-80.385,0.));
#12183 = DIRECTION('',(-0.,0.,-1.));
#12184 = DIRECTION('',(-0.,-1.,0.));
#12185 = FACE_BOUND('',#12186,.F.);
#12186 = EDGE_LOOP('',(#12187));
#12187 = ORIENTED_EDGE('',*,*,#12188,.T.);
#12188 = EDGE_CURVE('',#12189,#12189,#12191,.T.);
#12189 = VERTEX_POINT('',#12190);
#12190 = CARTESIAN_POINT('',(178.356343,-80.885,0.));
#12191 = CIRCLE('',#12192,0.5);
#12192 = AXIS2_PLACEMENT_3D('',#12193,#12194,#12195);
#12193 = CARTESIAN_POINT('',(178.356343,-80.385,0.));
#12194 = DIRECTION('',(-0.,0.,-1.));
#12195 = DIRECTION('',(-0.,-1.,0.));
#12196 = FACE_BOUND('',#12197,.F.);
#12197 = EDGE_LOOP('',(#12198));
#12198 = ORIENTED_EDGE('',*,*,#12199,.T.);
#12199 = EDGE_CURVE('',#12200,#12200,#12202,.T.);
#12200 = VERTEX_POINT('',#12201);
#12201 = CARTESIAN_POINT('',(182.,-80.885,0.));
#12202 = CIRCLE('',#12203,0.5);
#12203 = AXIS2_PLACEMENT_3D('',#12204,#12205,#12206);
#12204 = CARTESIAN_POINT('',(182.,-80.385,0.));
#12205 = DIRECTION('',(-0.,0.,-1.));
#12206 = DIRECTION('',(-0.,-1.,0.));
#12207 = FACE_BOUND('',#12208,.F.);
#12208 = EDGE_LOOP('',(#12209));
#12209 = ORIENTED_EDGE('',*,*,#12210,.T.);
#12210 = EDGE_CURVE('',#12211,#12211,#12213,.T.);
#12211 = VERTEX_POINT('',#12212);
#12212 = CARTESIAN_POINT('',(184.54,-80.885,0.));
#12213 = CIRCLE('',#12214,0.5);
#12214 = AXIS2_PLACEMENT_3D('',#12215,#12216,#12217);
#12215 = CARTESIAN_POINT('',(184.54,-80.385,0.));
#12216 = DIRECTION('',(-0.,0.,-1.));
#12217 = DIRECTION('',(-0.,-1.,0.));
#12218 = FACE_BOUND('',#12219,.F.);
#12219 = EDGE_LOOP('',(#12220));
#12220 = ORIENTED_EDGE('',*,*,#12221,.T.);
#12221 = EDGE_CURVE('',#12222,#12222,#12224,.T.);
#12222 = VERTEX_POINT('',#12223);
#12223 = CARTESIAN_POINT('',(192.,-82.6,0.));
#12224 = CIRCLE('',#12225,1.25);
#12225 = AXIS2_PLACEMENT_3D('',#12226,#12227,#12228);
#12226 = CARTESIAN_POINT('',(192.,-81.35,0.));
#12227 = DIRECTION('',(-0.,0.,-1.));
#12228 = DIRECTION('',(-0.,-1.,0.));
#12229 = PLANE('',#12230);
#12230 = AXIS2_PLACEMENT_3D('',#12231,#12232,#12233);
#12231 = CARTESIAN_POINT('',(0.,0.,0.));
#12232 = DIRECTION('',(0.,0.,1.));
#12233 = DIRECTION('',(1.,0.,-0.));
#12234 = ADVANCED_FACE('',(#12235,#12246,#12257,#12268,#12279,#12290,
    #12301,#12312,#12323,#12334,#12345,#12356,#12367,#12378,#12389,
    #12400,#12411,#12422,#12433,#12444,#12455,#12466,#12477,#12488,
    #12499,#12510,#12521,#12532,#12543,#12554,#12565,#12576,#12587),
  #12598,.T.);
#12235 = FACE_BOUND('',#12236,.T.);
#12236 = EDGE_LOOP('',(#12237,#12238,#12239,#12245));
#12237 = ORIENTED_EDGE('',*,*,#11777,.F.);
#12238 = ORIENTED_EDGE('',*,*,#11817,.F.);
#12239 = ORIENTED_EDGE('',*,*,#12240,.F.);
#12240 = EDGE_CURVE('',#11840,#11810,#12241,.T.);
#12241 = LINE('',#12242,#12243);
#12242 = CARTESIAN_POINT('',(147.,-76.,1.51));
#12243 = VECTOR('',#12244,1.);
#12244 = DIRECTION('',(1.,0.,0.));
#12245 = ORIENTED_EDGE('',*,*,#11839,.F.);
#12246 = FACE_BOUND('',#12247,.T.);
#12247 = EDGE_LOOP('',(#12248));
#12248 = ORIENTED_EDGE('',*,*,#12249,.T.);
#12249 = EDGE_CURVE('',#12250,#12250,#12252,.T.);
#12250 = VERTEX_POINT('',#12251);
#12251 = CARTESIAN_POINT('',(152.,-119.6,1.51));
#12252 = CIRCLE('',#12253,1.25);
#12253 = AXIS2_PLACEMENT_3D('',#12254,#12255,#12256);
#12254 = CARTESIAN_POINT('',(152.,-118.35,1.51));
#12255 = DIRECTION('',(-0.,0.,-1.));
#12256 = DIRECTION('',(-0.,-1.,0.));
#12257 = FACE_BOUND('',#12258,.T.);
#12258 = EDGE_LOOP('',(#12259));
#12259 = ORIENTED_EDGE('',*,*,#12260,.T.);
#12260 = EDGE_CURVE('',#12261,#12261,#12263,.T.);
#12261 = VERTEX_POINT('',#12262);
#12262 = CARTESIAN_POINT('',(150.,-112.0588,1.51));
#12263 = CIRCLE('',#12264,0.5588);
#12264 = AXIS2_PLACEMENT_3D('',#12265,#12266,#12267);
#12265 = CARTESIAN_POINT('',(150.,-111.5,1.51));
#12266 = DIRECTION('',(-0.,0.,-1.));
#12267 = DIRECTION('',(-0.,-1.,0.));
#12268 = FACE_BOUND('',#12269,.T.);
#12269 = EDGE_LOOP('',(#12270));
#12270 = ORIENTED_EDGE('',*,*,#12271,.T.);
#12271 = EDGE_CURVE('',#12272,#12272,#12274,.T.);
#12272 = VERTEX_POINT('',#12273);
#12273 = CARTESIAN_POINT('',(162.,-112.01055,1.51));
#12274 = CIRCLE('',#12275,0.5588);
#12275 = AXIS2_PLACEMENT_3D('',#12276,#12277,#12278);
#12276 = CARTESIAN_POINT('',(162.,-111.45175,1.51));
#12277 = DIRECTION('',(-0.,0.,-1.));
#12278 = DIRECTION('',(-0.,-1.,0.));
#12279 = FACE_BOUND('',#12280,.T.);
#12280 = EDGE_LOOP('',(#12281));
#12281 = ORIENTED_EDGE('',*,*,#12282,.T.);
#12282 = EDGE_CURVE('',#12283,#12283,#12285,.T.);
#12283 = VERTEX_POINT('',#12284);
#12284 = CARTESIAN_POINT('',(150.,-104.5588,1.51));
#12285 = CIRCLE('',#12286,0.5588);
#12286 = AXIS2_PLACEMENT_3D('',#12287,#12288,#12289);
#12287 = CARTESIAN_POINT('',(150.,-104.,1.51));
#12288 = DIRECTION('',(-0.,0.,-1.));
#12289 = DIRECTION('',(-0.,-1.,0.));
#12290 = FACE_BOUND('',#12291,.T.);
#12291 = EDGE_LOOP('',(#12292));
#12292 = ORIENTED_EDGE('',*,*,#12293,.T.);
#12293 = EDGE_CURVE('',#12294,#12294,#12296,.T.);
#12294 = VERTEX_POINT('',#12295);
#12295 = CARTESIAN_POINT('',(162.,-104.51055,1.51));
#12296 = CIRCLE('',#12297,0.5588);
#12297 = AXIS2_PLACEMENT_3D('',#12298,#12299,#12300);
#12298 = CARTESIAN_POINT('',(162.,-103.95175,1.51));
#12299 = DIRECTION('',(-0.,0.,-1.));
#12300 = DIRECTION('',(-0.,-1.,0.));
#12301 = FACE_BOUND('',#12302,.T.);
#12302 = EDGE_LOOP('',(#12303));
#12303 = ORIENTED_EDGE('',*,*,#12304,.T.);
#12304 = EDGE_CURVE('',#12305,#12305,#12307,.T.);
#12305 = VERTEX_POINT('',#12306);
#12306 = CARTESIAN_POINT('',(182.,-112.01055,1.51));
#12307 = CIRCLE('',#12308,0.5588);
#12308 = AXIS2_PLACEMENT_3D('',#12309,#12310,#12311);
#12309 = CARTESIAN_POINT('',(182.,-111.45175,1.51));
#12310 = DIRECTION('',(-0.,0.,-1.));
#12311 = DIRECTION('',(-0.,-1.,0.));
#12312 = FACE_BOUND('',#12313,.T.);
#12313 = EDGE_LOOP('',(#12314));
#12314 = ORIENTED_EDGE('',*,*,#12315,.T.);
#12315 = EDGE_CURVE('',#12316,#12316,#12318,.T.);
#12316 = VERTEX_POINT('',#12317);
#12317 = CARTESIAN_POINT('',(192.,-119.6,1.51));
#12318 = CIRCLE('',#12319,1.25);
#12319 = AXIS2_PLACEMENT_3D('',#12320,#12321,#12322);
#12320 = CARTESIAN_POINT('',(192.,-118.35,1.51));
#12321 = DIRECTION('',(-0.,0.,-1.));
#12322 = DIRECTION('',(-0.,-1.,0.));
#12323 = FACE_BOUND('',#12324,.T.);
#12324 = EDGE_LOOP('',(#12325));
#12325 = ORIENTED_EDGE('',*,*,#12326,.T.);
#12326 = EDGE_CURVE('',#12327,#12327,#12329,.T.);
#12327 = VERTEX_POINT('',#12328);
#12328 = CARTESIAN_POINT('',(190.,-112.01055,1.51));
#12329 = CIRCLE('',#12330,0.5588);
#12330 = AXIS2_PLACEMENT_3D('',#12331,#12332,#12333);
#12331 = CARTESIAN_POINT('',(190.,-111.45175,1.51));
#12332 = DIRECTION('',(-0.,0.,-1.));
#12333 = DIRECTION('',(-0.,-1.,0.));
#12334 = FACE_BOUND('',#12335,.T.);
#12335 = EDGE_LOOP('',(#12336));
#12336 = ORIENTED_EDGE('',*,*,#12337,.T.);
#12337 = EDGE_CURVE('',#12338,#12338,#12340,.T.);
#12338 = VERTEX_POINT('',#12339);
#12339 = CARTESIAN_POINT('',(172.,-102.04,1.51));
#12340 = CIRCLE('',#12341,0.5);
#12341 = AXIS2_PLACEMENT_3D('',#12342,#12343,#12344);
#12342 = CARTESIAN_POINT('',(172.,-101.54,1.51));
#12343 = DIRECTION('',(-0.,0.,-1.));
#12344 = DIRECTION('',(-0.,-1.,0.));
#12345 = FACE_BOUND('',#12346,.T.);
#12346 = EDGE_LOOP('',(#12347));
#12347 = ORIENTED_EDGE('',*,*,#12348,.T.);
#12348 = EDGE_CURVE('',#12349,#12349,#12351,.T.);
#12349 = VERTEX_POINT('',#12350);
#12350 = CARTESIAN_POINT('',(175.619542,-102.068089,1.51));
#12351 = CIRCLE('',#12352,0.5);
#12352 = AXIS2_PLACEMENT_3D('',#12353,#12354,#12355);
#12353 = CARTESIAN_POINT('',(175.619542,-101.568089,1.51));
#12354 = DIRECTION('',(-0.,0.,-1.));
#12355 = DIRECTION('',(-0.,-1.,0.));
#12356 = FACE_BOUND('',#12357,.T.);
#12357 = EDGE_LOOP('',(#12358));
#12358 = ORIENTED_EDGE('',*,*,#12359,.T.);
#12359 = EDGE_CURVE('',#12360,#12360,#12362,.T.);
#12360 = VERTEX_POINT('',#12361);
#12361 = CARTESIAN_POINT('',(182.,-104.51055,1.51));
#12362 = CIRCLE('',#12363,0.5588);
#12363 = AXIS2_PLACEMENT_3D('',#12364,#12365,#12366);
#12364 = CARTESIAN_POINT('',(182.,-103.95175,1.51));
#12365 = DIRECTION('',(-0.,0.,-1.));
#12366 = DIRECTION('',(-0.,-1.,0.));
#12367 = FACE_BOUND('',#12368,.T.);
#12368 = EDGE_LOOP('',(#12369));
#12369 = ORIENTED_EDGE('',*,*,#12370,.T.);
#12370 = EDGE_CURVE('',#12371,#12371,#12373,.T.);
#12371 = VERTEX_POINT('',#12372);
#12372 = CARTESIAN_POINT('',(190.,-104.51055,1.51));
#12373 = CIRCLE('',#12374,0.5588);
#12374 = AXIS2_PLACEMENT_3D('',#12375,#12376,#12377);
#12375 = CARTESIAN_POINT('',(190.,-103.95175,1.51));
#12376 = DIRECTION('',(-0.,0.,-1.));
#12377 = DIRECTION('',(-0.,-1.,0.));
#12378 = FACE_BOUND('',#12379,.T.);
#12379 = EDGE_LOOP('',(#12380));
#12380 = ORIENTED_EDGE('',*,*,#12381,.T.);
#12381 = EDGE_CURVE('',#12382,#12382,#12384,.T.);
#12382 = VERTEX_POINT('',#12383);
#12383 = CARTESIAN_POINT('',(150.,-98.01055,1.51));
#12384 = CIRCLE('',#12385,0.5588);
#12385 = AXIS2_PLACEMENT_3D('',#12386,#12387,#12388);
#12386 = CARTESIAN_POINT('',(150.,-97.45175,1.51));
#12387 = DIRECTION('',(-0.,0.,-1.));
#12388 = DIRECTION('',(-0.,-1.,0.));
#12389 = FACE_BOUND('',#12390,.T.);
#12390 = EDGE_LOOP('',(#12391));
#12391 = ORIENTED_EDGE('',*,*,#12392,.T.);
#12392 = EDGE_CURVE('',#12393,#12393,#12395,.T.);
#12393 = VERTEX_POINT('',#12394);
#12394 = CARTESIAN_POINT('',(150.,-90.51055,1.51));
#12395 = CIRCLE('',#12396,0.5588);
#12396 = AXIS2_PLACEMENT_3D('',#12397,#12398,#12399);
#12397 = CARTESIAN_POINT('',(150.,-89.95175,1.51));
#12398 = DIRECTION('',(-0.,0.,-1.));
#12399 = DIRECTION('',(-0.,-1.,0.));
#12400 = FACE_BOUND('',#12401,.T.);
#12401 = EDGE_LOOP('',(#12402));
#12402 = ORIENTED_EDGE('',*,*,#12403,.T.);
#12403 = EDGE_CURVE('',#12404,#12404,#12406,.T.);
#12404 = VERTEX_POINT('',#12405);
#12405 = CARTESIAN_POINT('',(162.,-98.01055,1.51));
#12406 = CIRCLE('',#12407,0.5588);
#12407 = AXIS2_PLACEMENT_3D('',#12408,#12409,#12410);
#12408 = CARTESIAN_POINT('',(162.,-97.45175,1.51));
#12409 = DIRECTION('',(-0.,0.,-1.));
#12410 = DIRECTION('',(-0.,-1.,0.));
#12411 = FACE_BOUND('',#12412,.T.);
#12412 = EDGE_LOOP('',(#12413));
#12413 = ORIENTED_EDGE('',*,*,#12414,.T.);
#12414 = EDGE_CURVE('',#12415,#12415,#12417,.T.);
#12415 = VERTEX_POINT('',#12416);
#12416 = CARTESIAN_POINT('',(162.,-90.51055,1.51));
#12417 = CIRCLE('',#12418,0.5588);
#12418 = AXIS2_PLACEMENT_3D('',#12419,#12420,#12421);
#12419 = CARTESIAN_POINT('',(162.,-89.95175,1.51));
#12420 = DIRECTION('',(-0.,0.,-1.));
#12421 = DIRECTION('',(-0.,-1.,0.));
#12422 = FACE_BOUND('',#12423,.T.);
#12423 = EDGE_LOOP('',(#12424));
#12424 = ORIENTED_EDGE('',*,*,#12425,.T.);
#12425 = EDGE_CURVE('',#12426,#12426,#12428,.T.);
#12426 = VERTEX_POINT('',#12427);
#12427 = CARTESIAN_POINT('',(152.,-82.6,1.51));
#12428 = CIRCLE('',#12429,1.25);
#12429 = AXIS2_PLACEMENT_3D('',#12430,#12431,#12432);
#12430 = CARTESIAN_POINT('',(152.,-81.35,1.51));
#12431 = DIRECTION('',(-0.,0.,-1.));
#12432 = DIRECTION('',(-0.,-1.,0.));
#12433 = FACE_BOUND('',#12434,.T.);
#12434 = EDGE_LOOP('',(#12435));
#12435 = ORIENTED_EDGE('',*,*,#12436,.T.);
#12436 = EDGE_CURVE('',#12437,#12437,#12439,.T.);
#12437 = VERTEX_POINT('',#12438);
#12438 = CARTESIAN_POINT('',(165.656343,-80.885,1.51));
#12439 = CIRCLE('',#12440,0.5);
#12440 = AXIS2_PLACEMENT_3D('',#12441,#12442,#12443);
#12441 = CARTESIAN_POINT('',(165.656343,-80.385,1.51));
#12442 = DIRECTION('',(-0.,0.,-1.));
#12443 = DIRECTION('',(-0.,-1.,0.));
#12444 = FACE_BOUND('',#12445,.T.);
#12445 = EDGE_LOOP('',(#12446));
#12446 = ORIENTED_EDGE('',*,*,#12447,.T.);
#12447 = EDGE_CURVE('',#12448,#12448,#12450,.T.);
#12448 = VERTEX_POINT('',#12449);
#12449 = CARTESIAN_POINT('',(168.196343,-80.885,1.51));
#12450 = CIRCLE('',#12451,0.5);
#12451 = AXIS2_PLACEMENT_3D('',#12452,#12453,#12454);
#12452 = CARTESIAN_POINT('',(168.196343,-80.385,1.51));
#12453 = DIRECTION('',(-0.,0.,-1.));
#12454 = DIRECTION('',(-0.,-1.,0.));
#12455 = FACE_BOUND('',#12456,.T.);
#12456 = EDGE_LOOP('',(#12457));
#12457 = ORIENTED_EDGE('',*,*,#12458,.T.);
#12458 = EDGE_CURVE('',#12459,#12459,#12461,.T.);
#12459 = VERTEX_POINT('',#12460);
#12460 = CARTESIAN_POINT('',(170.736343,-80.885,1.51));
#12461 = CIRCLE('',#12462,0.5);
#12462 = AXIS2_PLACEMENT_3D('',#12463,#12464,#12465);
#12463 = CARTESIAN_POINT('',(170.736343,-80.385,1.51));
#12464 = DIRECTION('',(-0.,0.,-1.));
#12465 = DIRECTION('',(-0.,-1.,0.));
#12466 = FACE_BOUND('',#12467,.T.);
#12467 = EDGE_LOOP('',(#12468));
#12468 = ORIENTED_EDGE('',*,*,#12469,.T.);
#12469 = EDGE_CURVE('',#12470,#12470,#12472,.T.);
#12470 = VERTEX_POINT('',#12471);
#12471 = CARTESIAN_POINT('',(172.,-99.5,1.51));
#12472 = CIRCLE('',#12473,0.5);
#12473 = AXIS2_PLACEMENT_3D('',#12474,#12475,#12476);
#12474 = CARTESIAN_POINT('',(172.,-99.,1.51));
#12475 = DIRECTION('',(-0.,0.,-1.));
#12476 = DIRECTION('',(-0.,-1.,0.));
#12477 = FACE_BOUND('',#12478,.T.);
#12478 = EDGE_LOOP('',(#12479));
#12479 = ORIENTED_EDGE('',*,*,#12480,.T.);
#12480 = EDGE_CURVE('',#12481,#12481,#12483,.T.);
#12481 = VERTEX_POINT('',#12482);
#12482 = CARTESIAN_POINT('',(175.619542,-99.528089,1.51));
#12483 = CIRCLE('',#12484,0.5);
#12484 = AXIS2_PLACEMENT_3D('',#12485,#12486,#12487);
#12485 = CARTESIAN_POINT('',(175.619542,-99.028089,1.51));
#12486 = DIRECTION('',(-0.,0.,-1.));
#12487 = DIRECTION('',(-0.,-1.,0.));
#12488 = FACE_BOUND('',#12489,.T.);
#12489 = EDGE_LOOP('',(#12490));
#12490 = ORIENTED_EDGE('',*,*,#12491,.T.);
#12491 = EDGE_CURVE('',#12492,#12492,#12494,.T.);
#12492 = VERTEX_POINT('',#12493);
#12493 = CARTESIAN_POINT('',(182.,-98.01055,1.51));
#12494 = CIRCLE('',#12495,0.5588);
#12495 = AXIS2_PLACEMENT_3D('',#12496,#12497,#12498);
#12496 = CARTESIAN_POINT('',(182.,-97.45175,1.51));
#12497 = DIRECTION('',(-0.,0.,-1.));
#12498 = DIRECTION('',(-0.,-1.,0.));
#12499 = FACE_BOUND('',#12500,.T.);
#12500 = EDGE_LOOP('',(#12501));
#12501 = ORIENTED_EDGE('',*,*,#12502,.T.);
#12502 = EDGE_CURVE('',#12503,#12503,#12505,.T.);
#12503 = VERTEX_POINT('',#12504);
#12504 = CARTESIAN_POINT('',(182.,-90.51055,1.51));
#12505 = CIRCLE('',#12506,0.5588);
#12506 = AXIS2_PLACEMENT_3D('',#12507,#12508,#12509);
#12507 = CARTESIAN_POINT('',(182.,-89.95175,1.51));
#12508 = DIRECTION('',(-0.,0.,-1.));
#12509 = DIRECTION('',(-0.,-1.,0.));
#12510 = FACE_BOUND('',#12511,.T.);
#12511 = EDGE_LOOP('',(#12512));
#12512 = ORIENTED_EDGE('',*,*,#12513,.T.);
#12513 = EDGE_CURVE('',#12514,#12514,#12516,.T.);
#12514 = VERTEX_POINT('',#12515);
#12515 = CARTESIAN_POINT('',(190.,-98.01055,1.51));
#12516 = CIRCLE('',#12517,0.5588);
#12517 = AXIS2_PLACEMENT_3D('',#12518,#12519,#12520);
#12518 = CARTESIAN_POINT('',(190.,-97.45175,1.51));
#12519 = DIRECTION('',(-0.,0.,-1.));
#12520 = DIRECTION('',(-0.,-1.,0.));
#12521 = FACE_BOUND('',#12522,.T.);
#12522 = EDGE_LOOP('',(#12523));
#12523 = ORIENTED_EDGE('',*,*,#12524,.T.);
#12524 = EDGE_CURVE('',#12525,#12525,#12527,.T.);
#12525 = VERTEX_POINT('',#12526);
#12526 = CARTESIAN_POINT('',(190.,-90.51055,1.51));
#12527 = CIRCLE('',#12528,0.5588);
#12528 = AXIS2_PLACEMENT_3D('',#12529,#12530,#12531);
#12529 = CARTESIAN_POINT('',(190.,-89.95175,1.51));
#12530 = DIRECTION('',(-0.,0.,-1.));
#12531 = DIRECTION('',(-0.,-1.,0.));
#12532 = FACE_BOUND('',#12533,.T.);
#12533 = EDGE_LOOP('',(#12534));
#12534 = ORIENTED_EDGE('',*,*,#12535,.T.);
#12535 = EDGE_CURVE('',#12536,#12536,#12538,.T.);
#12536 = VERTEX_POINT('',#12537);
#12537 = CARTESIAN_POINT('',(173.276343,-80.885,1.51));
#12538 = CIRCLE('',#12539,0.5);
#12539 = AXIS2_PLACEMENT_3D('',#12540,#12541,#12542);
#12540 = CARTESIAN_POINT('',(173.276343,-80.385,1.51));
#12541 = DIRECTION('',(-0.,0.,-1.));
#12542 = DIRECTION('',(-0.,-1.,0.));
#12543 = FACE_BOUND('',#12544,.T.);
#12544 = EDGE_LOOP('',(#12545));
#12545 = ORIENTED_EDGE('',*,*,#12546,.T.);
#12546 = EDGE_CURVE('',#12547,#12547,#12549,.T.);
#12547 = VERTEX_POINT('',#12548);
#12548 = CARTESIAN_POINT('',(175.816343,-80.885,1.51));
#12549 = CIRCLE('',#12550,0.5);
#12550 = AXIS2_PLACEMENT_3D('',#12551,#12552,#12553);
#12551 = CARTESIAN_POINT('',(175.816343,-80.385,1.51));
#12552 = DIRECTION('',(-0.,0.,-1.));
#12553 = DIRECTION('',(-0.,-1.,0.));
#12554 = FACE_BOUND('',#12555,.T.);
#12555 = EDGE_LOOP('',(#12556));
#12556 = ORIENTED_EDGE('',*,*,#12557,.T.);
#12557 = EDGE_CURVE('',#12558,#12558,#12560,.T.);
#12558 = VERTEX_POINT('',#12559);
#12559 = CARTESIAN_POINT('',(178.356343,-80.885,1.51));
#12560 = CIRCLE('',#12561,0.5);
#12561 = AXIS2_PLACEMENT_3D('',#12562,#12563,#12564);
#12562 = CARTESIAN_POINT('',(178.356343,-80.385,1.51));
#12563 = DIRECTION('',(-0.,0.,-1.));
#12564 = DIRECTION('',(-0.,-1.,0.));
#12565 = FACE_BOUND('',#12566,.T.);
#12566 = EDGE_LOOP('',(#12567));
#12567 = ORIENTED_EDGE('',*,*,#12568,.T.);
#12568 = EDGE_CURVE('',#12569,#12569,#12571,.T.);
#12569 = VERTEX_POINT('',#12570);
#12570 = CARTESIAN_POINT('',(182.,-80.885,1.51));
#12571 = CIRCLE('',#12572,0.5);
#12572 = AXIS2_PLACEMENT_3D('',#12573,#12574,#12575);
#12573 = CARTESIAN_POINT('',(182.,-80.385,1.51));
#12574 = DIRECTION('',(-0.,0.,-1.));
#12575 = DIRECTION('',(-0.,-1.,0.));
#12576 = FACE_BOUND('',#12577,.T.);
#12577 = EDGE_LOOP('',(#12578));
#12578 = ORIENTED_EDGE('',*,*,#12579,.T.);
#12579 = EDGE_CURVE('',#12580,#12580,#12582,.T.);
#12580 = VERTEX_POINT('',#12581);
#12581 = CARTESIAN_POINT('',(184.54,-80.885,1.51));
#12582 = CIRCLE('',#12583,0.5);
#12583 = AXIS2_PLACEMENT_3D('',#12584,#12585,#12586);
#12584 = CARTESIAN_POINT('',(184.54,-80.385,1.51));
#12585 = DIRECTION('',(-0.,0.,-1.));
#12586 = DIRECTION('',(-0.,-1.,0.));
#12587 = FACE_BOUND('',#12588,.T.);
#12588 = EDGE_LOOP('',(#12589));
#12589 = ORIENTED_EDGE('',*,*,#12590,.T.);
#12590 = EDGE_CURVE('',#12591,#12591,#12593,.T.);
#12591 = VERTEX_POINT('',#12592);
#12592 = CARTESIAN_POINT('',(192.,-82.6,1.51));
#12593 = CIRCLE('',#12594,1.25);
#12594 = AXIS2_PLACEMENT_3D('',#12595,#12596,#12597);
#12595 = CARTESIAN_POINT('',(192.,-81.35,1.51));
#12596 = DIRECTION('',(-0.,0.,-1.));
#12597 = DIRECTION('',(-0.,-1.,0.));
#12598 = PLANE('',#12599);
#12599 = AXIS2_PLACEMENT_3D('',#12600,#12601,#12602);
#12600 = CARTESIAN_POINT('',(0.,0.,1.51));
#12601 = DIRECTION('',(0.,0.,1.));
#12602 = DIRECTION('',(1.,0.,-0.));
#12603 = ADVANCED_FACE('',(#12604),#12610,.T.);
#12604 = FACE_BOUND('',#12605,.T.);
#12605 = EDGE_LOOP('',(#12606,#12607,#12608,#12609));
#12606 = ORIENTED_EDGE('',*,*,#11847,.T.);
#12607 = ORIENTED_EDGE('',*,*,#12240,.T.);
#12608 = ORIENTED_EDGE('',*,*,#11807,.F.);
#12609 = ORIENTED_EDGE('',*,*,#11871,.F.);
#12610 = PLANE('',#12611);
#12611 = AXIS2_PLACEMENT_3D('',#12612,#12613,#12614);
#12612 = CARTESIAN_POINT('',(147.,-76.,0.));
#12613 = DIRECTION('',(0.,1.,0.));
#12614 = DIRECTION('',(1.,0.,0.));
#12615 = ADVANCED_FACE('',(#12616),#12627,.F.);
#12616 = FACE_BOUND('',#12617,.T.);
#12617 = EDGE_LOOP('',(#12618,#12619,#12625,#12626));
#12618 = ORIENTED_EDGE('',*,*,#11880,.T.);
#12619 = ORIENTED_EDGE('',*,*,#12620,.T.);
#12620 = EDGE_CURVE('',#11881,#12250,#12621,.T.);
#12621 = LINE('',#12622,#12623);
#12622 = CARTESIAN_POINT('',(152.,-119.6,-4.6E-02));
#12623 = VECTOR('',#12624,1.);
#12624 = DIRECTION('',(0.,0.,1.));
#12625 = ORIENTED_EDGE('',*,*,#12249,.F.);
#12626 = ORIENTED_EDGE('',*,*,#12620,.F.);
#12627 = CYLINDRICAL_SURFACE('',#12628,1.25);
#12628 = AXIS2_PLACEMENT_3D('',#12629,#12630,#12631);
#12629 = CARTESIAN_POINT('',(152.,-118.35,-4.6E-02));
#12630 = DIRECTION('',(-0.,-0.,-1.));
#12631 = DIRECTION('',(-0.,-1.,0.));
#12632 = ADVANCED_FACE('',(#12633),#12644,.F.);
#12633 = FACE_BOUND('',#12634,.T.);
#12634 = EDGE_LOOP('',(#12635,#12636,#12642,#12643));
#12635 = ORIENTED_EDGE('',*,*,#11891,.T.);
#12636 = ORIENTED_EDGE('',*,*,#12637,.T.);
#12637 = EDGE_CURVE('',#11892,#12261,#12638,.T.);
#12638 = LINE('',#12639,#12640);
#12639 = CARTESIAN_POINT('',(150.,-112.0588,-4.6E-02));
#12640 = VECTOR('',#12641,1.);
#12641 = DIRECTION('',(0.,0.,1.));
#12642 = ORIENTED_EDGE('',*,*,#12260,.F.);
#12643 = ORIENTED_EDGE('',*,*,#12637,.F.);
#12644 = CYLINDRICAL_SURFACE('',#12645,0.5588);
#12645 = AXIS2_PLACEMENT_3D('',#12646,#12647,#12648);
#12646 = CARTESIAN_POINT('',(150.,-111.5,-4.6E-02));
#12647 = DIRECTION('',(-0.,-0.,-1.));
#12648 = DIRECTION('',(-0.,-1.,0.));
#12649 = ADVANCED_FACE('',(#12650),#12661,.F.);
#12650 = FACE_BOUND('',#12651,.T.);
#12651 = EDGE_LOOP('',(#12652,#12653,#12659,#12660));
#12652 = ORIENTED_EDGE('',*,*,#11902,.T.);
#12653 = ORIENTED_EDGE('',*,*,#12654,.T.);
#12654 = EDGE_CURVE('',#11903,#12272,#12655,.T.);
#12655 = LINE('',#12656,#12657);
#12656 = CARTESIAN_POINT('',(162.,-112.01055,-4.6E-02));
#12657 = VECTOR('',#12658,1.);
#12658 = DIRECTION('',(0.,0.,1.));
#12659 = ORIENTED_EDGE('',*,*,#12271,.F.);
#12660 = ORIENTED_EDGE('',*,*,#12654,.F.);
#12661 = CYLINDRICAL_SURFACE('',#12662,0.5588);
#12662 = AXIS2_PLACEMENT_3D('',#12663,#12664,#12665);
#12663 = CARTESIAN_POINT('',(162.,-111.45175,-4.6E-02));
#12664 = DIRECTION('',(-0.,-0.,-1.));
#12665 = DIRECTION('',(-0.,-1.,0.));
#12666 = ADVANCED_FACE('',(#12667),#12678,.F.);
#12667 = FACE_BOUND('',#12668,.T.);
#12668 = EDGE_LOOP('',(#12669,#12670,#12676,#12677));
#12669 = ORIENTED_EDGE('',*,*,#11913,.T.);
#12670 = ORIENTED_EDGE('',*,*,#12671,.T.);
#12671 = EDGE_CURVE('',#11914,#12283,#12672,.T.);
#12672 = LINE('',#12673,#12674);
#12673 = CARTESIAN_POINT('',(150.,-104.5588,-4.6E-02));
#12674 = VECTOR('',#12675,1.);
#12675 = DIRECTION('',(0.,0.,1.));
#12676 = ORIENTED_EDGE('',*,*,#12282,.F.);
#12677 = ORIENTED_EDGE('',*,*,#12671,.F.);
#12678 = CYLINDRICAL_SURFACE('',#12679,0.5588);
#12679 = AXIS2_PLACEMENT_3D('',#12680,#12681,#12682);
#12680 = CARTESIAN_POINT('',(150.,-104.,-4.6E-02));
#12681 = DIRECTION('',(-0.,-0.,-1.));
#12682 = DIRECTION('',(-0.,-1.,0.));
#12683 = ADVANCED_FACE('',(#12684),#12695,.F.);
#12684 = FACE_BOUND('',#12685,.T.);
#12685 = EDGE_LOOP('',(#12686,#12687,#12693,#12694));
#12686 = ORIENTED_EDGE('',*,*,#11924,.T.);
#12687 = ORIENTED_EDGE('',*,*,#12688,.T.);
#12688 = EDGE_CURVE('',#11925,#12294,#12689,.T.);
#12689 = LINE('',#12690,#12691);
#12690 = CARTESIAN_POINT('',(162.,-104.51055,-4.6E-02));
#12691 = VECTOR('',#12692,1.);
#12692 = DIRECTION('',(0.,0.,1.));
#12693 = ORIENTED_EDGE('',*,*,#12293,.F.);
#12694 = ORIENTED_EDGE('',*,*,#12688,.F.);
#12695 = CYLINDRICAL_SURFACE('',#12696,0.5588);
#12696 = AXIS2_PLACEMENT_3D('',#12697,#12698,#12699);
#12697 = CARTESIAN_POINT('',(162.,-103.95175,-4.6E-02));
#12698 = DIRECTION('',(-0.,-0.,-1.));
#12699 = DIRECTION('',(-0.,-1.,0.));
#12700 = ADVANCED_FACE('',(#12701),#12712,.F.);
#12701 = FACE_BOUND('',#12702,.T.);
#12702 = EDGE_LOOP('',(#12703,#12704,#12710,#12711));
#12703 = ORIENTED_EDGE('',*,*,#11935,.T.);
#12704 = ORIENTED_EDGE('',*,*,#12705,.T.);
#12705 = EDGE_CURVE('',#11936,#12305,#12706,.T.);
#12706 = LINE('',#12707,#12708);
#12707 = CARTESIAN_POINT('',(182.,-112.01055,-4.6E-02));
#12708 = VECTOR('',#12709,1.);
#12709 = DIRECTION('',(0.,0.,1.));
#12710 = ORIENTED_EDGE('',*,*,#12304,.F.);
#12711 = ORIENTED_EDGE('',*,*,#12705,.F.);
#12712 = CYLINDRICAL_SURFACE('',#12713,0.5588);
#12713 = AXIS2_PLACEMENT_3D('',#12714,#12715,#12716);
#12714 = CARTESIAN_POINT('',(182.,-111.45175,-4.6E-02));
#12715 = DIRECTION('',(-0.,-0.,-1.));
#12716 = DIRECTION('',(-0.,-1.,0.));
#12717 = ADVANCED_FACE('',(#12718),#12729,.F.);
#12718 = FACE_BOUND('',#12719,.T.);
#12719 = EDGE_LOOP('',(#12720,#12721,#12727,#12728));
#12720 = ORIENTED_EDGE('',*,*,#11946,.T.);
#12721 = ORIENTED_EDGE('',*,*,#12722,.T.);
#12722 = EDGE_CURVE('',#11947,#12316,#12723,.T.);
#12723 = LINE('',#12724,#12725);
#12724 = CARTESIAN_POINT('',(192.,-119.6,-4.6E-02));
#12725 = VECTOR('',#12726,1.);
#12726 = DIRECTION('',(0.,0.,1.));
#12727 = ORIENTED_EDGE('',*,*,#12315,.F.);
#12728 = ORIENTED_EDGE('',*,*,#12722,.F.);
#12729 = CYLINDRICAL_SURFACE('',#12730,1.25);
#12730 = AXIS2_PLACEMENT_3D('',#12731,#12732,#12733);
#12731 = CARTESIAN_POINT('',(192.,-118.35,-4.6E-02));
#12732 = DIRECTION('',(-0.,-0.,-1.));
#12733 = DIRECTION('',(-0.,-1.,0.));
#12734 = ADVANCED_FACE('',(#12735),#12746,.F.);
#12735 = FACE_BOUND('',#12736,.T.);
#12736 = EDGE_LOOP('',(#12737,#12738,#12744,#12745));
#12737 = ORIENTED_EDGE('',*,*,#11957,.T.);
#12738 = ORIENTED_EDGE('',*,*,#12739,.T.);
#12739 = EDGE_CURVE('',#11958,#12327,#12740,.T.);
#12740 = LINE('',#12741,#12742);
#12741 = CARTESIAN_POINT('',(190.,-112.01055,-4.6E-02));
#12742 = VECTOR('',#12743,1.);
#12743 = DIRECTION('',(0.,0.,1.));
#12744 = ORIENTED_EDGE('',*,*,#12326,.F.);
#12745 = ORIENTED_EDGE('',*,*,#12739,.F.);
#12746 = CYLINDRICAL_SURFACE('',#12747,0.5588);
#12747 = AXIS2_PLACEMENT_3D('',#12748,#12749,#12750);
#12748 = CARTESIAN_POINT('',(190.,-111.45175,-4.6E-02));
#12749 = DIRECTION('',(-0.,-0.,-1.));
#12750 = DIRECTION('',(-0.,-1.,0.));
#12751 = ADVANCED_FACE('',(#12752),#12763,.F.);
#12752 = FACE_BOUND('',#12753,.T.);
#12753 = EDGE_LOOP('',(#12754,#12755,#12761,#12762));
#12754 = ORIENTED_EDGE('',*,*,#11968,.T.);
#12755 = ORIENTED_EDGE('',*,*,#12756,.T.);
#12756 = EDGE_CURVE('',#11969,#12338,#12757,.T.);
#12757 = LINE('',#12758,#12759);
#12758 = CARTESIAN_POINT('',(172.,-102.04,-4.6E-02));
#12759 = VECTOR('',#12760,1.);
#12760 = DIRECTION('',(0.,0.,1.));
#12761 = ORIENTED_EDGE('',*,*,#12337,.F.);
#12762 = ORIENTED_EDGE('',*,*,#12756,.F.);
#12763 = CYLINDRICAL_SURFACE('',#12764,0.5);
#12764 = AXIS2_PLACEMENT_3D('',#12765,#12766,#12767);
#12765 = CARTESIAN_POINT('',(172.,-101.54,-4.6E-02));
#12766 = DIRECTION('',(-0.,-0.,-1.));
#12767 = DIRECTION('',(-0.,-1.,0.));
#12768 = ADVANCED_FACE('',(#12769),#12780,.F.);
#12769 = FACE_BOUND('',#12770,.T.);
#12770 = EDGE_LOOP('',(#12771,#12772,#12778,#12779));
#12771 = ORIENTED_EDGE('',*,*,#11979,.T.);
#12772 = ORIENTED_EDGE('',*,*,#12773,.T.);
#12773 = EDGE_CURVE('',#11980,#12349,#12774,.T.);
#12774 = LINE('',#12775,#12776);
#12775 = CARTESIAN_POINT('',(175.619542,-102.068089,-4.6E-02));
#12776 = VECTOR('',#12777,1.);
#12777 = DIRECTION('',(0.,0.,1.));
#12778 = ORIENTED_EDGE('',*,*,#12348,.F.);
#12779 = ORIENTED_EDGE('',*,*,#12773,.F.);
#12780 = CYLINDRICAL_SURFACE('',#12781,0.5);
#12781 = AXIS2_PLACEMENT_3D('',#12782,#12783,#12784);
#12782 = CARTESIAN_POINT('',(175.619542,-101.568089,-4.6E-02));
#12783 = DIRECTION('',(-0.,-0.,-1.));
#12784 = DIRECTION('',(-0.,-1.,0.));
#12785 = ADVANCED_FACE('',(#12786),#12797,.F.);
#12786 = FACE_BOUND('',#12787,.T.);
#12787 = EDGE_LOOP('',(#12788,#12789,#12795,#12796));
#12788 = ORIENTED_EDGE('',*,*,#11990,.T.);
#12789 = ORIENTED_EDGE('',*,*,#12790,.T.);
#12790 = EDGE_CURVE('',#11991,#12360,#12791,.T.);
#12791 = LINE('',#12792,#12793);
#12792 = CARTESIAN_POINT('',(182.,-104.51055,-4.6E-02));
#12793 = VECTOR('',#12794,1.);
#12794 = DIRECTION('',(0.,0.,1.));
#12795 = ORIENTED_EDGE('',*,*,#12359,.F.);
#12796 = ORIENTED_EDGE('',*,*,#12790,.F.);
#12797 = CYLINDRICAL_SURFACE('',#12798,0.5588);
#12798 = AXIS2_PLACEMENT_3D('',#12799,#12800,#12801);
#12799 = CARTESIAN_POINT('',(182.,-103.95175,-4.6E-02));
#12800 = DIRECTION('',(-0.,-0.,-1.));
#12801 = DIRECTION('',(-0.,-1.,0.));
#12802 = ADVANCED_FACE('',(#12803),#12814,.F.);
#12803 = FACE_BOUND('',#12804,.T.);
#12804 = EDGE_LOOP('',(#12805,#12806,#12812,#12813));
#12805 = ORIENTED_EDGE('',*,*,#12001,.T.);
#12806 = ORIENTED_EDGE('',*,*,#12807,.T.);
#12807 = EDGE_CURVE('',#12002,#12371,#12808,.T.);
#12808 = LINE('',#12809,#12810);
#12809 = CARTESIAN_POINT('',(190.,-104.51055,-4.6E-02));
#12810 = VECTOR('',#12811,1.);
#12811 = DIRECTION('',(0.,0.,1.));
#12812 = ORIENTED_EDGE('',*,*,#12370,.F.);
#12813 = ORIENTED_EDGE('',*,*,#12807,.F.);
#12814 = CYLINDRICAL_SURFACE('',#12815,0.5588);
#12815 = AXIS2_PLACEMENT_3D('',#12816,#12817,#12818);
#12816 = CARTESIAN_POINT('',(190.,-103.95175,-4.6E-02));
#12817 = DIRECTION('',(-0.,-0.,-1.));
#12818 = DIRECTION('',(-0.,-1.,0.));
#12819 = ADVANCED_FACE('',(#12820),#12831,.F.);
#12820 = FACE_BOUND('',#12821,.T.);
#12821 = EDGE_LOOP('',(#12822,#12823,#12829,#12830));
#12822 = ORIENTED_EDGE('',*,*,#12012,.T.);
#12823 = ORIENTED_EDGE('',*,*,#12824,.T.);
#12824 = EDGE_CURVE('',#12013,#12382,#12825,.T.);
#12825 = LINE('',#12826,#12827);
#12826 = CARTESIAN_POINT('',(150.,-98.01055,-4.6E-02));
#12827 = VECTOR('',#12828,1.);
#12828 = DIRECTION('',(0.,0.,1.));
#12829 = ORIENTED_EDGE('',*,*,#12381,.F.);
#12830 = ORIENTED_EDGE('',*,*,#12824,.F.);
#12831 = CYLINDRICAL_SURFACE('',#12832,0.5588);
#12832 = AXIS2_PLACEMENT_3D('',#12833,#12834,#12835);
#12833 = CARTESIAN_POINT('',(150.,-97.45175,-4.6E-02));
#12834 = DIRECTION('',(-0.,-0.,-1.));
#12835 = DIRECTION('',(-0.,-1.,0.));
#12836 = ADVANCED_FACE('',(#12837),#12848,.F.);
#12837 = FACE_BOUND('',#12838,.T.);
#12838 = EDGE_LOOP('',(#12839,#12840,#12846,#12847));
#12839 = ORIENTED_EDGE('',*,*,#12023,.T.);
#12840 = ORIENTED_EDGE('',*,*,#12841,.T.);
#12841 = EDGE_CURVE('',#12024,#12393,#12842,.T.);
#12842 = LINE('',#12843,#12844);
#12843 = CARTESIAN_POINT('',(150.,-90.51055,-4.6E-02));
#12844 = VECTOR('',#12845,1.);
#12845 = DIRECTION('',(0.,0.,1.));
#12846 = ORIENTED_EDGE('',*,*,#12392,.F.);
#12847 = ORIENTED_EDGE('',*,*,#12841,.F.);
#12848 = CYLINDRICAL_SURFACE('',#12849,0.5588);
#12849 = AXIS2_PLACEMENT_3D('',#12850,#12851,#12852);
#12850 = CARTESIAN_POINT('',(150.,-89.95175,-4.6E-02));
#12851 = DIRECTION('',(-0.,-0.,-1.));
#12852 = DIRECTION('',(-0.,-1.,0.));
#12853 = ADVANCED_FACE('',(#12854),#12865,.F.);
#12854 = FACE_BOUND('',#12855,.T.);
#12855 = EDGE_LOOP('',(#12856,#12857,#12863,#12864));
#12856 = ORIENTED_EDGE('',*,*,#12034,.T.);
#12857 = ORIENTED_EDGE('',*,*,#12858,.T.);
#12858 = EDGE_CURVE('',#12035,#12404,#12859,.T.);
#12859 = LINE('',#12860,#12861);
#12860 = CARTESIAN_POINT('',(162.,-98.01055,-4.6E-02));
#12861 = VECTOR('',#12862,1.);
#12862 = DIRECTION('',(0.,0.,1.));
#12863 = ORIENTED_EDGE('',*,*,#12403,.F.);
#12864 = ORIENTED_EDGE('',*,*,#12858,.F.);
#12865 = CYLINDRICAL_SURFACE('',#12866,0.5588);
#12866 = AXIS2_PLACEMENT_3D('',#12867,#12868,#12869);
#12867 = CARTESIAN_POINT('',(162.,-97.45175,-4.6E-02));
#12868 = DIRECTION('',(-0.,-0.,-1.));
#12869 = DIRECTION('',(-0.,-1.,0.));
#12870 = ADVANCED_FACE('',(#12871),#12882,.F.);
#12871 = FACE_BOUND('',#12872,.T.);
#12872 = EDGE_LOOP('',(#12873,#12874,#12880,#12881));
#12873 = ORIENTED_EDGE('',*,*,#12045,.T.);
#12874 = ORIENTED_EDGE('',*,*,#12875,.T.);
#12875 = EDGE_CURVE('',#12046,#12415,#12876,.T.);
#12876 = LINE('',#12877,#12878);
#12877 = CARTESIAN_POINT('',(162.,-90.51055,-4.6E-02));
#12878 = VECTOR('',#12879,1.);
#12879 = DIRECTION('',(0.,0.,1.));
#12880 = ORIENTED_EDGE('',*,*,#12414,.F.);
#12881 = ORIENTED_EDGE('',*,*,#12875,.F.);
#12882 = CYLINDRICAL_SURFACE('',#12883,0.5588);
#12883 = AXIS2_PLACEMENT_3D('',#12884,#12885,#12886);
#12884 = CARTESIAN_POINT('',(162.,-89.95175,-4.6E-02));
#12885 = DIRECTION('',(-0.,-0.,-1.));
#12886 = DIRECTION('',(-0.,-1.,0.));
#12887 = ADVANCED_FACE('',(#12888),#12899,.F.);
#12888 = FACE_BOUND('',#12889,.T.);
#12889 = EDGE_LOOP('',(#12890,#12891,#12897,#12898));
#12890 = ORIENTED_EDGE('',*,*,#12056,.T.);
#12891 = ORIENTED_EDGE('',*,*,#12892,.T.);
#12892 = EDGE_CURVE('',#12057,#12426,#12893,.T.);
#12893 = LINE('',#12894,#12895);
#12894 = CARTESIAN_POINT('',(152.,-82.6,-4.6E-02));
#12895 = VECTOR('',#12896,1.);
#12896 = DIRECTION('',(0.,0.,1.));
#12897 = ORIENTED_EDGE('',*,*,#12425,.F.);
#12898 = ORIENTED_EDGE('',*,*,#12892,.F.);
#12899 = CYLINDRICAL_SURFACE('',#12900,1.25);
#12900 = AXIS2_PLACEMENT_3D('',#12901,#12902,#12903);
#12901 = CARTESIAN_POINT('',(152.,-81.35,-4.6E-02));
#12902 = DIRECTION('',(-0.,-0.,-1.));
#12903 = DIRECTION('',(-0.,-1.,0.));
#12904 = ADVANCED_FACE('',(#12905),#12916,.F.);
#12905 = FACE_BOUND('',#12906,.T.);
#12906 = EDGE_LOOP('',(#12907,#12908,#12914,#12915));
#12907 = ORIENTED_EDGE('',*,*,#12067,.T.);
#12908 = ORIENTED_EDGE('',*,*,#12909,.T.);
#12909 = EDGE_CURVE('',#12068,#12437,#12910,.T.);
#12910 = LINE('',#12911,#12912);
#12911 = CARTESIAN_POINT('',(165.656343,-80.885,-4.6E-02));
#12912 = VECTOR('',#12913,1.);
#12913 = DIRECTION('',(0.,0.,1.));
#12914 = ORIENTED_EDGE('',*,*,#12436,.F.);
#12915 = ORIENTED_EDGE('',*,*,#12909,.F.);
#12916 = CYLINDRICAL_SURFACE('',#12917,0.5);
#12917 = AXIS2_PLACEMENT_3D('',#12918,#12919,#12920);
#12918 = CARTESIAN_POINT('',(165.656343,-80.385,-4.6E-02));
#12919 = DIRECTION('',(-0.,-0.,-1.));
#12920 = DIRECTION('',(-0.,-1.,0.));
#12921 = ADVANCED_FACE('',(#12922),#12933,.F.);
#12922 = FACE_BOUND('',#12923,.T.);
#12923 = EDGE_LOOP('',(#12924,#12925,#12931,#12932));
#12924 = ORIENTED_EDGE('',*,*,#12078,.T.);
#12925 = ORIENTED_EDGE('',*,*,#12926,.T.);
#12926 = EDGE_CURVE('',#12079,#12448,#12927,.T.);
#12927 = LINE('',#12928,#12929);
#12928 = CARTESIAN_POINT('',(168.196343,-80.885,-4.6E-02));
#12929 = VECTOR('',#12930,1.);
#12930 = DIRECTION('',(0.,0.,1.));
#12931 = ORIENTED_EDGE('',*,*,#12447,.F.);
#12932 = ORIENTED_EDGE('',*,*,#12926,.F.);
#12933 = CYLINDRICAL_SURFACE('',#12934,0.5);
#12934 = AXIS2_PLACEMENT_3D('',#12935,#12936,#12937);
#12935 = CARTESIAN_POINT('',(168.196343,-80.385,-4.6E-02));
#12936 = DIRECTION('',(-0.,-0.,-1.));
#12937 = DIRECTION('',(-0.,-1.,0.));
#12938 = ADVANCED_FACE('',(#12939),#12950,.F.);
#12939 = FACE_BOUND('',#12940,.T.);
#12940 = EDGE_LOOP('',(#12941,#12942,#12948,#12949));
#12941 = ORIENTED_EDGE('',*,*,#12089,.T.);
#12942 = ORIENTED_EDGE('',*,*,#12943,.T.);
#12943 = EDGE_CURVE('',#12090,#12459,#12944,.T.);
#12944 = LINE('',#12945,#12946);
#12945 = CARTESIAN_POINT('',(170.736343,-80.885,-4.6E-02));
#12946 = VECTOR('',#12947,1.);
#12947 = DIRECTION('',(0.,0.,1.));
#12948 = ORIENTED_EDGE('',*,*,#12458,.F.);
#12949 = ORIENTED_EDGE('',*,*,#12943,.F.);
#12950 = CYLINDRICAL_SURFACE('',#12951,0.5);
#12951 = AXIS2_PLACEMENT_3D('',#12952,#12953,#12954);
#12952 = CARTESIAN_POINT('',(170.736343,-80.385,-4.6E-02));
#12953 = DIRECTION('',(-0.,-0.,-1.));
#12954 = DIRECTION('',(-0.,-1.,0.));
#12955 = ADVANCED_FACE('',(#12956),#12967,.F.);
#12956 = FACE_BOUND('',#12957,.T.);
#12957 = EDGE_LOOP('',(#12958,#12959,#12965,#12966));
#12958 = ORIENTED_EDGE('',*,*,#12100,.T.);
#12959 = ORIENTED_EDGE('',*,*,#12960,.T.);
#12960 = EDGE_CURVE('',#12101,#12470,#12961,.T.);
#12961 = LINE('',#12962,#12963);
#12962 = CARTESIAN_POINT('',(172.,-99.5,-4.6E-02));
#12963 = VECTOR('',#12964,1.);
#12964 = DIRECTION('',(0.,0.,1.));
#12965 = ORIENTED_EDGE('',*,*,#12469,.F.);
#12966 = ORIENTED_EDGE('',*,*,#12960,.F.);
#12967 = CYLINDRICAL_SURFACE('',#12968,0.5);
#12968 = AXIS2_PLACEMENT_3D('',#12969,#12970,#12971);
#12969 = CARTESIAN_POINT('',(172.,-99.,-4.6E-02));
#12970 = DIRECTION('',(-0.,-0.,-1.));
#12971 = DIRECTION('',(-0.,-1.,0.));
#12972 = ADVANCED_FACE('',(#12973),#12984,.F.);
#12973 = FACE_BOUND('',#12974,.T.);
#12974 = EDGE_LOOP('',(#12975,#12976,#12982,#12983));
#12975 = ORIENTED_EDGE('',*,*,#12111,.T.);
#12976 = ORIENTED_EDGE('',*,*,#12977,.T.);
#12977 = EDGE_CURVE('',#12112,#12481,#12978,.T.);
#12978 = LINE('',#12979,#12980);
#12979 = CARTESIAN_POINT('',(175.619542,-99.528089,-4.6E-02));
#12980 = VECTOR('',#12981,1.);
#12981 = DIRECTION('',(0.,0.,1.));
#12982 = ORIENTED_EDGE('',*,*,#12480,.F.);
#12983 = ORIENTED_EDGE('',*,*,#12977,.F.);
#12984 = CYLINDRICAL_SURFACE('',#12985,0.5);
#12985 = AXIS2_PLACEMENT_3D('',#12986,#12987,#12988);
#12986 = CARTESIAN_POINT('',(175.619542,-99.028089,-4.6E-02));
#12987 = DIRECTION('',(-0.,-0.,-1.));
#12988 = DIRECTION('',(-0.,-1.,0.));
#12989 = ADVANCED_FACE('',(#12990),#13001,.F.);
#12990 = FACE_BOUND('',#12991,.T.);
#12991 = EDGE_LOOP('',(#12992,#12993,#12999,#13000));
#12992 = ORIENTED_EDGE('',*,*,#12122,.T.);
#12993 = ORIENTED_EDGE('',*,*,#12994,.T.);
#12994 = EDGE_CURVE('',#12123,#12492,#12995,.T.);
#12995 = LINE('',#12996,#12997);
#12996 = CARTESIAN_POINT('',(182.,-98.01055,-4.6E-02));
#12997 = VECTOR('',#12998,1.);
#12998 = DIRECTION('',(0.,0.,1.));
#12999 = ORIENTED_EDGE('',*,*,#12491,.F.);
#13000 = ORIENTED_EDGE('',*,*,#12994,.F.);
#13001 = CYLINDRICAL_SURFACE('',#13002,0.5588);
#13002 = AXIS2_PLACEMENT_3D('',#13003,#13004,#13005);
#13003 = CARTESIAN_POINT('',(182.,-97.45175,-4.6E-02));
#13004 = DIRECTION('',(-0.,-0.,-1.));
#13005 = DIRECTION('',(-0.,-1.,0.));
#13006 = ADVANCED_FACE('',(#13007),#13018,.F.);
#13007 = FACE_BOUND('',#13008,.T.);
#13008 = EDGE_LOOP('',(#13009,#13010,#13016,#13017));
#13009 = ORIENTED_EDGE('',*,*,#12133,.T.);
#13010 = ORIENTED_EDGE('',*,*,#13011,.T.);
#13011 = EDGE_CURVE('',#12134,#12503,#13012,.T.);
#13012 = LINE('',#13013,#13014);
#13013 = CARTESIAN_POINT('',(182.,-90.51055,-4.6E-02));
#13014 = VECTOR('',#13015,1.);
#13015 = DIRECTION('',(0.,0.,1.));
#13016 = ORIENTED_EDGE('',*,*,#12502,.F.);
#13017 = ORIENTED_EDGE('',*,*,#13011,.F.);
#13018 = CYLINDRICAL_SURFACE('',#13019,0.5588);
#13019 = AXIS2_PLACEMENT_3D('',#13020,#13021,#13022);
#13020 = CARTESIAN_POINT('',(182.,-89.95175,-4.6E-02));
#13021 = DIRECTION('',(-0.,-0.,-1.));
#13022 = DIRECTION('',(-0.,-1.,0.));
#13023 = ADVANCED_FACE('',(#13024),#13035,.F.);
#13024 = FACE_BOUND('',#13025,.T.);
#13025 = EDGE_LOOP('',(#13026,#13027,#13033,#13034));
#13026 = ORIENTED_EDGE('',*,*,#12144,.T.);
#13027 = ORIENTED_EDGE('',*,*,#13028,.T.);
#13028 = EDGE_CURVE('',#12145,#12514,#13029,.T.);
#13029 = LINE('',#13030,#13031);
#13030 = CARTESIAN_POINT('',(190.,-98.01055,-4.6E-02));
#13031 = VECTOR('',#13032,1.);
#13032 = DIRECTION('',(0.,0.,1.));
#13033 = ORIENTED_EDGE('',*,*,#12513,.F.);
#13034 = ORIENTED_EDGE('',*,*,#13028,.F.);
#13035 = CYLINDRICAL_SURFACE('',#13036,0.5588);
#13036 = AXIS2_PLACEMENT_3D('',#13037,#13038,#13039);
#13037 = CARTESIAN_POINT('',(190.,-97.45175,-4.6E-02));
#13038 = DIRECTION('',(-0.,-0.,-1.));
#13039 = DIRECTION('',(-0.,-1.,0.));
#13040 = ADVANCED_FACE('',(#13041),#13052,.F.);
#13041 = FACE_BOUND('',#13042,.T.);
#13042 = EDGE_LOOP('',(#13043,#13044,#13050,#13051));
#13043 = ORIENTED_EDGE('',*,*,#12155,.T.);
#13044 = ORIENTED_EDGE('',*,*,#13045,.T.);
#13045 = EDGE_CURVE('',#12156,#12525,#13046,.T.);
#13046 = LINE('',#13047,#13048);
#13047 = CARTESIAN_POINT('',(190.,-90.51055,-4.6E-02));
#13048 = VECTOR('',#13049,1.);
#13049 = DIRECTION('',(0.,0.,1.));
#13050 = ORIENTED_EDGE('',*,*,#12524,.F.);
#13051 = ORIENTED_EDGE('',*,*,#13045,.F.);
#13052 = CYLINDRICAL_SURFACE('',#13053,0.5588);
#13053 = AXIS2_PLACEMENT_3D('',#13054,#13055,#13056);
#13054 = CARTESIAN_POINT('',(190.,-89.95175,-4.6E-02));
#13055 = DIRECTION('',(-0.,-0.,-1.));
#13056 = DIRECTION('',(-0.,-1.,0.));
#13057 = ADVANCED_FACE('',(#13058),#13069,.F.);
#13058 = FACE_BOUND('',#13059,.T.);
#13059 = EDGE_LOOP('',(#13060,#13061,#13067,#13068));
#13060 = ORIENTED_EDGE('',*,*,#12166,.T.);
#13061 = ORIENTED_EDGE('',*,*,#13062,.T.);
#13062 = EDGE_CURVE('',#12167,#12536,#13063,.T.);
#13063 = LINE('',#13064,#13065);
#13064 = CARTESIAN_POINT('',(173.276343,-80.885,-4.6E-02));
#13065 = VECTOR('',#13066,1.);
#13066 = DIRECTION('',(0.,0.,1.));
#13067 = ORIENTED_EDGE('',*,*,#12535,.F.);
#13068 = ORIENTED_EDGE('',*,*,#13062,.F.);
#13069 = CYLINDRICAL_SURFACE('',#13070,0.5);
#13070 = AXIS2_PLACEMENT_3D('',#13071,#13072,#13073);
#13071 = CARTESIAN_POINT('',(173.276343,-80.385,-4.6E-02));
#13072 = DIRECTION('',(-0.,-0.,-1.));
#13073 = DIRECTION('',(-0.,-1.,0.));
#13074 = ADVANCED_FACE('',(#13075),#13086,.F.);
#13075 = FACE_BOUND('',#13076,.T.);
#13076 = EDGE_LOOP('',(#13077,#13078,#13084,#13085));
#13077 = ORIENTED_EDGE('',*,*,#12177,.T.);
#13078 = ORIENTED_EDGE('',*,*,#13079,.T.);
#13079 = EDGE_CURVE('',#12178,#12547,#13080,.T.);
#13080 = LINE('',#13081,#13082);
#13081 = CARTESIAN_POINT('',(175.816343,-80.885,-4.6E-02));
#13082 = VECTOR('',#13083,1.);
#13083 = DIRECTION('',(0.,0.,1.));
#13084 = ORIENTED_EDGE('',*,*,#12546,.F.);
#13085 = ORIENTED_EDGE('',*,*,#13079,.F.);
#13086 = CYLINDRICAL_SURFACE('',#13087,0.5);
#13087 = AXIS2_PLACEMENT_3D('',#13088,#13089,#13090);
#13088 = CARTESIAN_POINT('',(175.816343,-80.385,-4.6E-02));
#13089 = DIRECTION('',(-0.,-0.,-1.));
#13090 = DIRECTION('',(-0.,-1.,0.));
#13091 = ADVANCED_FACE('',(#13092),#13103,.F.);
#13092 = FACE_BOUND('',#13093,.T.);
#13093 = EDGE_LOOP('',(#13094,#13095,#13101,#13102));
#13094 = ORIENTED_EDGE('',*,*,#12188,.T.);
#13095 = ORIENTED_EDGE('',*,*,#13096,.T.);
#13096 = EDGE_CURVE('',#12189,#12558,#13097,.T.);
#13097 = LINE('',#13098,#13099);
#13098 = CARTESIAN_POINT('',(178.356343,-80.885,-4.6E-02));
#13099 = VECTOR('',#13100,1.);
#13100 = DIRECTION('',(0.,0.,1.));
#13101 = ORIENTED_EDGE('',*,*,#12557,.F.);
#13102 = ORIENTED_EDGE('',*,*,#13096,.F.);
#13103 = CYLINDRICAL_SURFACE('',#13104,0.5);
#13104 = AXIS2_PLACEMENT_3D('',#13105,#13106,#13107);
#13105 = CARTESIAN_POINT('',(178.356343,-80.385,-4.6E-02));
#13106 = DIRECTION('',(-0.,-0.,-1.));
#13107 = DIRECTION('',(-0.,-1.,0.));
#13108 = ADVANCED_FACE('',(#13109),#13120,.F.);
#13109 = FACE_BOUND('',#13110,.T.);
#13110 = EDGE_LOOP('',(#13111,#13112,#13118,#13119));
#13111 = ORIENTED_EDGE('',*,*,#12199,.T.);
#13112 = ORIENTED_EDGE('',*,*,#13113,.T.);
#13113 = EDGE_CURVE('',#12200,#12569,#13114,.T.);
#13114 = LINE('',#13115,#13116);
#13115 = CARTESIAN_POINT('',(182.,-80.885,-4.6E-02));
#13116 = VECTOR('',#13117,1.);
#13117 = DIRECTION('',(0.,0.,1.));
#13118 = ORIENTED_EDGE('',*,*,#12568,.F.);
#13119 = ORIENTED_EDGE('',*,*,#13113,.F.);
#13120 = CYLINDRICAL_SURFACE('',#13121,0.5);
#13121 = AXIS2_PLACEMENT_3D('',#13122,#13123,#13124);
#13122 = CARTESIAN_POINT('',(182.,-80.385,-4.6E-02));
#13123 = DIRECTION('',(-0.,-0.,-1.));
#13124 = DIRECTION('',(-0.,-1.,0.));
#13125 = ADVANCED_FACE('',(#13126),#13137,.F.);
#13126 = FACE_BOUND('',#13127,.T.);
#13127 = EDGE_LOOP('',(#13128,#13129,#13135,#13136));
#13128 = ORIENTED_EDGE('',*,*,#12210,.T.);
#13129 = ORIENTED_EDGE('',*,*,#13130,.T.);
#13130 = EDGE_CURVE('',#12211,#12580,#13131,.T.);
#13131 = LINE('',#13132,#13133);
#13132 = CARTESIAN_POINT('',(184.54,-80.885,-4.6E-02));
#13133 = VECTOR('',#13134,1.);
#13134 = DIRECTION('',(0.,0.,1.));
#13135 = ORIENTED_EDGE('',*,*,#12579,.F.);
#13136 = ORIENTED_EDGE('',*,*,#13130,.F.);
#13137 = CYLINDRICAL_SURFACE('',#13138,0.5);
#13138 = AXIS2_PLACEMENT_3D('',#13139,#13140,#13141);
#13139 = CARTESIAN_POINT('',(184.54,-80.385,-4.6E-02));
#13140 = DIRECTION('',(-0.,-0.,-1.));
#13141 = DIRECTION('',(-0.,-1.,0.));
#13142 = ADVANCED_FACE('',(#13143),#13154,.F.);
#13143 = FACE_BOUND('',#13144,.T.);
#13144 = EDGE_LOOP('',(#13145,#13146,#13152,#13153));
#13145 = ORIENTED_EDGE('',*,*,#12221,.T.);
#13146 = ORIENTED_EDGE('',*,*,#13147,.T.);
#13147 = EDGE_CURVE('',#12222,#12591,#13148,.T.);
#13148 = LINE('',#13149,#13150);
#13149 = CARTESIAN_POINT('',(192.,-82.6,-4.6E-02));
#13150 = VECTOR('',#13151,1.);
#13151 = DIRECTION('',(0.,0.,1.));
#13152 = ORIENTED_EDGE('',*,*,#12590,.F.);
#13153 = ORIENTED_EDGE('',*,*,#13147,.F.);
#13154 = CYLINDRICAL_SURFACE('',#13155,1.25);
#13155 = AXIS2_PLACEMENT_3D('',#13156,#13157,#13158);
#13156 = CARTESIAN_POINT('',(192.,-81.35,-4.6E-02));
#13157 = DIRECTION('',(-0.,-0.,-1.));
#13158 = DIRECTION('',(-0.,-1.,0.));
#13159 = ( GEOMETRIC_REPRESENTATION_CONTEXT(3) 
GLOBAL_UNCERTAINTY_ASSIGNED_CONTEXT((#13163)) 
GLOBAL_UNIT_ASSIGNED_CONTEXT((#13160,#13161,#13162)) 
REPRESENTATION_CONTEXT('Context #1',
  '3D Context with UNIT and UNCERTAINTY') );
#13160 = ( LENGTH_UNIT() NAMED_UNIT(*) SI_UNIT(.MILLI.,.METRE.) );
#13161 = ( NAMED_UNIT(*) PLANE_ANGLE_UNIT() SI_UNIT($,.RADIAN.) );
#13162 = ( NAMED_UNIT(*) SI_UNIT($,.STERADIAN.) SOLID_ANGLE_UNIT() );
#13163 = UNCERTAINTY_MEASURE_WITH_UNIT(LENGTH_MEASURE(1.E-07),#13160,
  'distance_accuracy_value','confusion accuracy');
#13164 = CONTEXT_DEPENDENT_SHAPE_REPRESENTATION(#13165,#13167);
#13165 = ( REPRESENTATION_RELATIONSHIP('','',#11760,#10) 
REPRESENTATION_RELATIONSHIP_WITH_TRANSFORMATION(#13166) 
SHAPE_REPRESENTATION_RELATIONSHIP() );
#13166 = ITEM_DEFINED_TRANSFORMATION('','',#11,#95);
#13167 = PRODUCT_DEFINITION_SHAPE('Placement','Placement of an item',
  #13168);
#13168 = NEXT_ASSEMBLY_USAGE_OCCURRENCE('24','=>[0:1:1:8]','',#5,#11755,
  $);
#13169 = PRODUCT_RELATED_PRODUCT_CATEGORY('part',$,(#11757));
#13170 = MECHANICAL_DESIGN_GEOMETRIC_PRESENTATION_REPRESENTATION('',(
    #13171),#4289);
#13171 = STYLED_ITEM('color',(#13172),#3702);
#13172 = PRESENTATION_STYLE_ASSIGNMENT((#13173,#13179));
#13173 = SURFACE_STYLE_USAGE(.BOTH.,#13174);
#13174 = SURFACE_SIDE_STYLE('',(#13175));
#13175 = SURFACE_STYLE_FILL_AREA(#13176);
#13176 = FILL_AREA_STYLE('',(#13177));
#13177 = FILL_AREA_STYLE_COLOUR('',#13178);
#13178 = COLOUR_RGB('',0.300000011149,0.300000011149,0.300000011149);
#13179 = CURVE_STYLE('',#13180,POSITIVE_LENGTH_MEASURE(0.1),#13178);
#13180 = DRAUGHTING_PRE_DEFINED_CURVE_FONT('continuous');
#13181 = MECHANICAL_DESIGN_GEOMETRIC_PRESENTATION_REPRESENTATION('',(
    #13182),#13159);
#13182 = STYLED_ITEM('color',(#13183),#11761);
#13183 = PRESENTATION_STYLE_ASSIGNMENT((#13184));
#13184 = SURFACE_STYLE_USAGE(.BOTH.,#13185);
#13185 = SURFACE_SIDE_STYLE('',(#13186));
#13186 = SURFACE_STYLE_FILL_AREA(#13187);
#13187 = FILL_AREA_STYLE('',(#13188));
#13188 = FILL_AREA_STYLE_COLOUR('',#13189);
#13189 = COLOUR_RGB('',0.313304153717,0.484529207832,0.410020903123);
#13190 = MECHANICAL_DESIGN_GEOMETRIC_PRESENTATION_REPRESENTATION('',(
    #13191,#13201),#5082);
#13191 = STYLED_ITEM('color',(#13192),#4308);
#13192 = PRESENTATION_STYLE_ASSIGNMENT((#13193,#13199));
#13193 = SURFACE_STYLE_USAGE(.BOTH.,#13194);
#13194 = SURFACE_SIDE_STYLE('',(#13195));
#13195 = SURFACE_STYLE_FILL_AREA(#13196);
#13196 = FILL_AREA_STYLE('',(#13197));
#13197 = FILL_AREA_STYLE_COLOUR('',#13198);
#13198 = COLOUR_RGB('',0.734000028196,0.773000013638,0.796999989372);
#13199 = CURVE_STYLE('',#13200,POSITIVE_LENGTH_MEASURE(0.1),#13198);
#13200 = DRAUGHTING_PRE_DEFINED_CURVE_FONT('continuous');
#13201 = STYLED_ITEM('color',(#13202),#4695);
#13202 = PRESENTATION_STYLE_ASSIGNMENT((#13203,#13208));
#13203 = SURFACE_STYLE_USAGE(.BOTH.,#13204);
#13204 = SURFACE_SIDE_STYLE('',(#13205));
#13205 = SURFACE_STYLE_FILL_AREA(#13206);
#13206 = FILL_AREA_STYLE('',(#13207));
#13207 = FILL_AREA_STYLE_COLOUR('',#13198);
#13208 = CURVE_STYLE('',#13209,POSITIVE_LENGTH_MEASURE(0.1),#13198);
#13209 = DRAUGHTING_PRE_DEFINED_CURVE_FONT('continuous');
#13210 = MECHANICAL_DESIGN_GEOMETRIC_PRESENTATION_REPRESENTATION('',(
    #13211,#13219,#13227,#13234),#3632);
#13211 = STYLED_ITEM('color',(#13212),#2120);
#13212 = PRESENTATION_STYLE_ASSIGNMENT((#13213));
#13213 = SURFACE_STYLE_USAGE(.BOTH.,#13214);
#13214 = SURFACE_SIDE_STYLE('',(#13215));
#13215 = SURFACE_STYLE_FILL_AREA(#13216);
#13216 = FILL_AREA_STYLE('',(#13217));
#13217 = FILL_AREA_STYLE_COLOUR('',#13218);
#13218 = COLOUR_RGB('',0.250980388104,0.250980388104,0.250980388104);
#13219 = STYLED_ITEM('color',(#13220),#2366);
#13220 = PRESENTATION_STYLE_ASSIGNMENT((#13221));
#13221 = SURFACE_STYLE_USAGE(.BOTH.,#13222);
#13222 = SURFACE_SIDE_STYLE('',(#13223));
#13223 = SURFACE_STYLE_FILL_AREA(#13224);
#13224 = FILL_AREA_STYLE('',(#13225));
#13225 = FILL_AREA_STYLE_COLOUR('',#13226);
#13226 = COLOUR_RGB('',0.792156867455,0.819607826924,0.933333342953);
#13227 = STYLED_ITEM('color',(#13228),#2788);
#13228 = PRESENTATION_STYLE_ASSIGNMENT((#13229));
#13229 = SURFACE_STYLE_USAGE(.BOTH.,#13230);
#13230 = SURFACE_SIDE_STYLE('',(#13231));
#13231 = SURFACE_STYLE_FILL_AREA(#13232);
#13232 = FILL_AREA_STYLE('',(#13233));
#13233 = FILL_AREA_STYLE_COLOUR('',#13226);
#13234 = STYLED_ITEM('color',(#13235),#3210);
#13235 = PRESENTATION_STYLE_ASSIGNMENT((#13236));
#13236 = SURFACE_STYLE_USAGE(.BOTH.,#13237);
#13237 = SURFACE_SIDE_STYLE('',(#13238));
#13238 = SURFACE_STYLE_FILL_AREA(#13239);
#13239 = FILL_AREA_STYLE('',(#13240));
#13240 = FILL_AREA_STYLE_COLOUR('',#13226);
#13241 = MECHANICAL_DESIGN_GEOMETRIC_PRESENTATION_REPRESENTATION('',(
    #13242,#13250,#13257,#13264,#13271,#13278,#13285,#13292,#13299,
    #13306,#13313,#13320,#13327,#13334,#13341,#13348,#13355,#13362,
    #13369,#13376,#13383,#13390,#13397,#13404,#13411,#13418,#13425,
    #13432,#13439,#13446,#13453,#13460,#13467,#13474,#13481,#13488,
    #13495,#13502,#13509,#13516,#13523,#13531,#13538,#13545,#13552,
    #13559,#13566,#13573,#13580,#13587,#13594,#13601,#13608,#13615,
    #13622,#13629,#13636,#13643,#13650,#13657,#13664,#13671,#13678,
    #13685,#13692,#13699,#13706,#13713,#13720,#13727,#13734,#13741,
    #13748,#13755,#13762,#13769,#13776,#13783,#13790,#13797,#13804,
    #13811,#13818,#13825,#13832,#13839,#13846,#13853,#13860,#13867,
    #13874,#13881,#13888,#13895,#13902,#13909,#13916,#13923,#13930,
    #13937,#13944,#13951,#13958,#13965,#13972,#13979,#13986,#13993,
    #14000,#14007,#14014,#14021,#14028,#14035,#14042,#14049,#14056,
    #14063,#14070,#14077,#14084,#14091,#14098,#14105,#14112,#14119,
    #14126,#14133,#14140,#14147,#14154,#14161,#14168,#14175,#14182,
    #14189,#14196,#14203,#14210,#14217,#14224,#14231,#14238,#14245,
    #14252,#14259,#14266,#14273,#14280,#14287,#14294,#14301,#14308,
    #14315,#14322,#14329,#14336,#14343,#14350,#14357,#14364,#14371,
    #14378,#14385,#14392,#14399),#10246);
#13242 = STYLED_ITEM('color',(#13243),#5514);
#13243 = PRESENTATION_STYLE_ASSIGNMENT((#13244));
#13244 = SURFACE_STYLE_USAGE(.BOTH.,#13245);
#13245 = SURFACE_SIDE_STYLE('',(#13246));
#13246 = SURFACE_STYLE_FILL_AREA(#13247);
#13247 = FILL_AREA_STYLE('',(#13248));
#13248 = FILL_AREA_STYLE_COLOUR('',#13249);
#13249 = COLOUR_RGB('',0.147999998088,0.144999993226,0.144999993226);
#13250 = STYLED_ITEM('color',(#13251),#5554);
#13251 = PRESENTATION_STYLE_ASSIGNMENT((#13252));
#13252 = SURFACE_STYLE_USAGE(.BOTH.,#13253);
#13253 = SURFACE_SIDE_STYLE('',(#13254));
#13254 = SURFACE_STYLE_FILL_AREA(#13255);
#13255 = FILL_AREA_STYLE('',(#13256));
#13256 = FILL_AREA_STYLE_COLOUR('',#13249);
#13257 = STYLED_ITEM('color',(#13258),#5585);
#13258 = PRESENTATION_STYLE_ASSIGNMENT((#13259));
#13259 = SURFACE_STYLE_USAGE(.BOTH.,#13260);
#13260 = SURFACE_SIDE_STYLE('',(#13261));
#13261 = SURFACE_STYLE_FILL_AREA(#13262);
#13262 = FILL_AREA_STYLE('',(#13263));
#13263 = FILL_AREA_STYLE_COLOUR('',#13249);
#13264 = STYLED_ITEM('color',(#13265),#5616);
#13265 = PRESENTATION_STYLE_ASSIGNMENT((#13266));
#13266 = SURFACE_STYLE_USAGE(.BOTH.,#13267);
#13267 = SURFACE_SIDE_STYLE('',(#13268));
#13268 = SURFACE_STYLE_FILL_AREA(#13269);
#13269 = FILL_AREA_STYLE('',(#13270));
#13270 = FILL_AREA_STYLE_COLOUR('',#13249);
#13271 = STYLED_ITEM('color',(#13272),#6109);
#13272 = PRESENTATION_STYLE_ASSIGNMENT((#13273));
#13273 = SURFACE_STYLE_USAGE(.BOTH.,#13274);
#13274 = SURFACE_SIDE_STYLE('',(#13275));
#13275 = SURFACE_STYLE_FILL_AREA(#13276);
#13276 = FILL_AREA_STYLE('',(#13277));
#13277 = FILL_AREA_STYLE_COLOUR('',#13249);
#13278 = STYLED_ITEM('color',(#13279),#6602);
#13279 = PRESENTATION_STYLE_ASSIGNMENT((#13280));
#13280 = SURFACE_STYLE_USAGE(.BOTH.,#13281);
#13281 = SURFACE_SIDE_STYLE('',(#13282));
#13282 = SURFACE_STYLE_FILL_AREA(#13283);
#13283 = FILL_AREA_STYLE('',(#13284));
#13284 = FILL_AREA_STYLE_COLOUR('',#13249);
#13285 = STYLED_ITEM('color',(#13286),#6619);
#13286 = PRESENTATION_STYLE_ASSIGNMENT((#13287));
#13287 = SURFACE_STYLE_USAGE(.BOTH.,#13288);
#13288 = SURFACE_SIDE_STYLE('',(#13289));
#13289 = SURFACE_STYLE_FILL_AREA(#13290);
#13290 = FILL_AREA_STYLE('',(#13291));
#13291 = FILL_AREA_STYLE_COLOUR('',#13249);
#13292 = STYLED_ITEM('color',(#13293),#6636);
#13293 = PRESENTATION_STYLE_ASSIGNMENT((#13294));
#13294 = SURFACE_STYLE_USAGE(.BOTH.,#13295);
#13295 = SURFACE_SIDE_STYLE('',(#13296));
#13296 = SURFACE_STYLE_FILL_AREA(#13297);
#13297 = FILL_AREA_STYLE('',(#13298));
#13298 = FILL_AREA_STYLE_COLOUR('',#13249);
#13299 = STYLED_ITEM('color',(#13300),#6653);
#13300 = PRESENTATION_STYLE_ASSIGNMENT((#13301));
#13301 = SURFACE_STYLE_USAGE(.BOTH.,#13302);
#13302 = SURFACE_SIDE_STYLE('',(#13303));
#13303 = SURFACE_STYLE_FILL_AREA(#13304);
#13304 = FILL_AREA_STYLE('',(#13305));
#13305 = FILL_AREA_STYLE_COLOUR('',#13249);
#13306 = STYLED_ITEM('color',(#13307),#6670);
#13307 = PRESENTATION_STYLE_ASSIGNMENT((#13308));
#13308 = SURFACE_STYLE_USAGE(.BOTH.,#13309);
#13309 = SURFACE_SIDE_STYLE('',(#13310));
#13310 = SURFACE_STYLE_FILL_AREA(#13311);
#13311 = FILL_AREA_STYLE('',(#13312));
#13312 = FILL_AREA_STYLE_COLOUR('',#13249);
#13313 = STYLED_ITEM('color',(#13314),#6687);
#13314 = PRESENTATION_STYLE_ASSIGNMENT((#13315));
#13315 = SURFACE_STYLE_USAGE(.BOTH.,#13316);
#13316 = SURFACE_SIDE_STYLE('',(#13317));
#13317 = SURFACE_STYLE_FILL_AREA(#13318);
#13318 = FILL_AREA_STYLE('',(#13319));
#13319 = FILL_AREA_STYLE_COLOUR('',#13249);
#13320 = STYLED_ITEM('color',(#13321),#6704);
#13321 = PRESENTATION_STYLE_ASSIGNMENT((#13322));
#13322 = SURFACE_STYLE_USAGE(.BOTH.,#13323);
#13323 = SURFACE_SIDE_STYLE('',(#13324));
#13324 = SURFACE_STYLE_FILL_AREA(#13325);
#13325 = FILL_AREA_STYLE('',(#13326));
#13326 = FILL_AREA_STYLE_COLOUR('',#13249);
#13327 = STYLED_ITEM('color',(#13328),#6721);
#13328 = PRESENTATION_STYLE_ASSIGNMENT((#13329));
#13329 = SURFACE_STYLE_USAGE(.BOTH.,#13330);
#13330 = SURFACE_SIDE_STYLE('',(#13331));
#13331 = SURFACE_STYLE_FILL_AREA(#13332);
#13332 = FILL_AREA_STYLE('',(#13333));
#13333 = FILL_AREA_STYLE_COLOUR('',#13249);
#13334 = STYLED_ITEM('color',(#13335),#6738);
#13335 = PRESENTATION_STYLE_ASSIGNMENT((#13336));
#13336 = SURFACE_STYLE_USAGE(.BOTH.,#13337);
#13337 = SURFACE_SIDE_STYLE('',(#13338));
#13338 = SURFACE_STYLE_FILL_AREA(#13339);
#13339 = FILL_AREA_STYLE('',(#13340));
#13340 = FILL_AREA_STYLE_COLOUR('',#13249);
#13341 = STYLED_ITEM('color',(#13342),#6755);
#13342 = PRESENTATION_STYLE_ASSIGNMENT((#13343));
#13343 = SURFACE_STYLE_USAGE(.BOTH.,#13344);
#13344 = SURFACE_SIDE_STYLE('',(#13345));
#13345 = SURFACE_STYLE_FILL_AREA(#13346);
#13346 = FILL_AREA_STYLE('',(#13347));
#13347 = FILL_AREA_STYLE_COLOUR('',#13249);
#13348 = STYLED_ITEM('color',(#13349),#6772);
#13349 = PRESENTATION_STYLE_ASSIGNMENT((#13350));
#13350 = SURFACE_STYLE_USAGE(.BOTH.,#13351);
#13351 = SURFACE_SIDE_STYLE('',(#13352));
#13352 = SURFACE_STYLE_FILL_AREA(#13353);
#13353 = FILL_AREA_STYLE('',(#13354));
#13354 = FILL_AREA_STYLE_COLOUR('',#13249);
#13355 = STYLED_ITEM('color',(#13356),#6789);
#13356 = PRESENTATION_STYLE_ASSIGNMENT((#13357));
#13357 = SURFACE_STYLE_USAGE(.BOTH.,#13358);
#13358 = SURFACE_SIDE_STYLE('',(#13359));
#13359 = SURFACE_STYLE_FILL_AREA(#13360);
#13360 = FILL_AREA_STYLE('',(#13361));
#13361 = FILL_AREA_STYLE_COLOUR('',#13249);
#13362 = STYLED_ITEM('color',(#13363),#6806);
#13363 = PRESENTATION_STYLE_ASSIGNMENT((#13364));
#13364 = SURFACE_STYLE_USAGE(.BOTH.,#13365);
#13365 = SURFACE_SIDE_STYLE('',(#13366));
#13366 = SURFACE_STYLE_FILL_AREA(#13367);
#13367 = FILL_AREA_STYLE('',(#13368));
#13368 = FILL_AREA_STYLE_COLOUR('',#13249);
#13369 = STYLED_ITEM('color',(#13370),#6823);
#13370 = PRESENTATION_STYLE_ASSIGNMENT((#13371));
#13371 = SURFACE_STYLE_USAGE(.BOTH.,#13372);
#13372 = SURFACE_SIDE_STYLE('',(#13373));
#13373 = SURFACE_STYLE_FILL_AREA(#13374);
#13374 = FILL_AREA_STYLE('',(#13375));
#13375 = FILL_AREA_STYLE_COLOUR('',#13249);
#13376 = STYLED_ITEM('color',(#13377),#6840);
#13377 = PRESENTATION_STYLE_ASSIGNMENT((#13378));
#13378 = SURFACE_STYLE_USAGE(.BOTH.,#13379);
#13379 = SURFACE_SIDE_STYLE('',(#13380));
#13380 = SURFACE_STYLE_FILL_AREA(#13381);
#13381 = FILL_AREA_STYLE('',(#13382));
#13382 = FILL_AREA_STYLE_COLOUR('',#13249);
#13383 = STYLED_ITEM('color',(#13384),#6857);
#13384 = PRESENTATION_STYLE_ASSIGNMENT((#13385));
#13385 = SURFACE_STYLE_USAGE(.BOTH.,#13386);
#13386 = SURFACE_SIDE_STYLE('',(#13387));
#13387 = SURFACE_STYLE_FILL_AREA(#13388);
#13388 = FILL_AREA_STYLE('',(#13389));
#13389 = FILL_AREA_STYLE_COLOUR('',#13249);
#13390 = STYLED_ITEM('color',(#13391),#6874);
#13391 = PRESENTATION_STYLE_ASSIGNMENT((#13392));
#13392 = SURFACE_STYLE_USAGE(.BOTH.,#13393);
#13393 = SURFACE_SIDE_STYLE('',(#13394));
#13394 = SURFACE_STYLE_FILL_AREA(#13395);
#13395 = FILL_AREA_STYLE('',(#13396));
#13396 = FILL_AREA_STYLE_COLOUR('',#13249);
#13397 = STYLED_ITEM('color',(#13398),#6891);
#13398 = PRESENTATION_STYLE_ASSIGNMENT((#13399));
#13399 = SURFACE_STYLE_USAGE(.BOTH.,#13400);
#13400 = SURFACE_SIDE_STYLE('',(#13401));
#13401 = SURFACE_STYLE_FILL_AREA(#13402);
#13402 = FILL_AREA_STYLE('',(#13403));
#13403 = FILL_AREA_STYLE_COLOUR('',#13249);
#13404 = STYLED_ITEM('color',(#13405),#6908);
#13405 = PRESENTATION_STYLE_ASSIGNMENT((#13406));
#13406 = SURFACE_STYLE_USAGE(.BOTH.,#13407);
#13407 = SURFACE_SIDE_STYLE('',(#13408));
#13408 = SURFACE_STYLE_FILL_AREA(#13409);
#13409 = FILL_AREA_STYLE('',(#13410));
#13410 = FILL_AREA_STYLE_COLOUR('',#13249);
#13411 = STYLED_ITEM('color',(#13412),#6925);
#13412 = PRESENTATION_STYLE_ASSIGNMENT((#13413));
#13413 = SURFACE_STYLE_USAGE(.BOTH.,#13414);
#13414 = SURFACE_SIDE_STYLE('',(#13415));
#13415 = SURFACE_STYLE_FILL_AREA(#13416);
#13416 = FILL_AREA_STYLE('',(#13417));
#13417 = FILL_AREA_STYLE_COLOUR('',#13249);
#13418 = STYLED_ITEM('color',(#13419),#6942);
#13419 = PRESENTATION_STYLE_ASSIGNMENT((#13420));
#13420 = SURFACE_STYLE_USAGE(.BOTH.,#13421);
#13421 = SURFACE_SIDE_STYLE('',(#13422));
#13422 = SURFACE_STYLE_FILL_AREA(#13423);
#13423 = FILL_AREA_STYLE('',(#13424));
#13424 = FILL_AREA_STYLE_COLOUR('',#13249);
#13425 = STYLED_ITEM('color',(#13426),#6959);
#13426 = PRESENTATION_STYLE_ASSIGNMENT((#13427));
#13427 = SURFACE_STYLE_USAGE(.BOTH.,#13428);
#13428 = SURFACE_SIDE_STYLE('',(#13429));
#13429 = SURFACE_STYLE_FILL_AREA(#13430);
#13430 = FILL_AREA_STYLE('',(#13431));
#13431 = FILL_AREA_STYLE_COLOUR('',#13249);
#13432 = STYLED_ITEM('color',(#13433),#6976);
#13433 = PRESENTATION_STYLE_ASSIGNMENT((#13434));
#13434 = SURFACE_STYLE_USAGE(.BOTH.,#13435);
#13435 = SURFACE_SIDE_STYLE('',(#13436));
#13436 = SURFACE_STYLE_FILL_AREA(#13437);
#13437 = FILL_AREA_STYLE('',(#13438));
#13438 = FILL_AREA_STYLE_COLOUR('',#13249);
#13439 = STYLED_ITEM('color',(#13440),#6993);
#13440 = PRESENTATION_STYLE_ASSIGNMENT((#13441));
#13441 = SURFACE_STYLE_USAGE(.BOTH.,#13442);
#13442 = SURFACE_SIDE_STYLE('',(#13443));
#13443 = SURFACE_STYLE_FILL_AREA(#13444);
#13444 = FILL_AREA_STYLE('',(#13445));
#13445 = FILL_AREA_STYLE_COLOUR('',#13249);
#13446 = STYLED_ITEM('color',(#13447),#7010);
#13447 = PRESENTATION_STYLE_ASSIGNMENT((#13448));
#13448 = SURFACE_STYLE_USAGE(.BOTH.,#13449);
#13449 = SURFACE_SIDE_STYLE('',(#13450));
#13450 = SURFACE_STYLE_FILL_AREA(#13451);
#13451 = FILL_AREA_STYLE('',(#13452));
#13452 = FILL_AREA_STYLE_COLOUR('',#13249);
#13453 = STYLED_ITEM('color',(#13454),#7027);
#13454 = PRESENTATION_STYLE_ASSIGNMENT((#13455));
#13455 = SURFACE_STYLE_USAGE(.BOTH.,#13456);
#13456 = SURFACE_SIDE_STYLE('',(#13457));
#13457 = SURFACE_STYLE_FILL_AREA(#13458);
#13458 = FILL_AREA_STYLE('',(#13459));
#13459 = FILL_AREA_STYLE_COLOUR('',#13249);
#13460 = STYLED_ITEM('color',(#13461),#7044);
#13461 = PRESENTATION_STYLE_ASSIGNMENT((#13462));
#13462 = SURFACE_STYLE_USAGE(.BOTH.,#13463);
#13463 = SURFACE_SIDE_STYLE('',(#13464));
#13464 = SURFACE_STYLE_FILL_AREA(#13465);
#13465 = FILL_AREA_STYLE('',(#13466));
#13466 = FILL_AREA_STYLE_COLOUR('',#13249);
#13467 = STYLED_ITEM('color',(#13468),#7061);
#13468 = PRESENTATION_STYLE_ASSIGNMENT((#13469));
#13469 = SURFACE_STYLE_USAGE(.BOTH.,#13470);
#13470 = SURFACE_SIDE_STYLE('',(#13471));
#13471 = SURFACE_STYLE_FILL_AREA(#13472);
#13472 = FILL_AREA_STYLE('',(#13473));
#13473 = FILL_AREA_STYLE_COLOUR('',#13249);
#13474 = STYLED_ITEM('color',(#13475),#7078);
#13475 = PRESENTATION_STYLE_ASSIGNMENT((#13476));
#13476 = SURFACE_STYLE_USAGE(.BOTH.,#13477);
#13477 = SURFACE_SIDE_STYLE('',(#13478));
#13478 = SURFACE_STYLE_FILL_AREA(#13479);
#13479 = FILL_AREA_STYLE('',(#13480));
#13480 = FILL_AREA_STYLE_COLOUR('',#13249);
#13481 = STYLED_ITEM('color',(#13482),#7095);
#13482 = PRESENTATION_STYLE_ASSIGNMENT((#13483));
#13483 = SURFACE_STYLE_USAGE(.BOTH.,#13484);
#13484 = SURFACE_SIDE_STYLE('',(#13485));
#13485 = SURFACE_STYLE_FILL_AREA(#13486);
#13486 = FILL_AREA_STYLE('',(#13487));
#13487 = FILL_AREA_STYLE_COLOUR('',#13249);
#13488 = STYLED_ITEM('color',(#13489),#7112);
#13489 = PRESENTATION_STYLE_ASSIGNMENT((#13490));
#13490 = SURFACE_STYLE_USAGE(.BOTH.,#13491);
#13491 = SURFACE_SIDE_STYLE('',(#13492));
#13492 = SURFACE_STYLE_FILL_AREA(#13493);
#13493 = FILL_AREA_STYLE('',(#13494));
#13494 = FILL_AREA_STYLE_COLOUR('',#13249);
#13495 = STYLED_ITEM('color',(#13496),#7129);
#13496 = PRESENTATION_STYLE_ASSIGNMENT((#13497));
#13497 = SURFACE_STYLE_USAGE(.BOTH.,#13498);
#13498 = SURFACE_SIDE_STYLE('',(#13499));
#13499 = SURFACE_STYLE_FILL_AREA(#13500);
#13500 = FILL_AREA_STYLE('',(#13501));
#13501 = FILL_AREA_STYLE_COLOUR('',#13249);
#13502 = STYLED_ITEM('color',(#13503),#7146);
#13503 = PRESENTATION_STYLE_ASSIGNMENT((#13504));
#13504 = SURFACE_STYLE_USAGE(.BOTH.,#13505);
#13505 = SURFACE_SIDE_STYLE('',(#13506));
#13506 = SURFACE_STYLE_FILL_AREA(#13507);
#13507 = FILL_AREA_STYLE('',(#13508));
#13508 = FILL_AREA_STYLE_COLOUR('',#13249);
#13509 = STYLED_ITEM('color',(#13510),#7163);
#13510 = PRESENTATION_STYLE_ASSIGNMENT((#13511));
#13511 = SURFACE_STYLE_USAGE(.BOTH.,#13512);
#13512 = SURFACE_SIDE_STYLE('',(#13513));
#13513 = SURFACE_STYLE_FILL_AREA(#13514);
#13514 = FILL_AREA_STYLE('',(#13515));
#13515 = FILL_AREA_STYLE_COLOUR('',#13249);
#13516 = STYLED_ITEM('color',(#13517),#7180);
#13517 = PRESENTATION_STYLE_ASSIGNMENT((#13518));
#13518 = SURFACE_STYLE_USAGE(.BOTH.,#13519);
#13519 = SURFACE_SIDE_STYLE('',(#13520));
#13520 = SURFACE_STYLE_FILL_AREA(#13521);
#13521 = FILL_AREA_STYLE('',(#13522));
#13522 = FILL_AREA_STYLE_COLOUR('',#13249);
#13523 = STYLED_ITEM('color',(#13524),#7192);
#13524 = PRESENTATION_STYLE_ASSIGNMENT((#13525));
#13525 = SURFACE_STYLE_USAGE(.BOTH.,#13526);
#13526 = SURFACE_SIDE_STYLE('',(#13527));
#13527 = SURFACE_STYLE_FILL_AREA(#13528);
#13528 = FILL_AREA_STYLE('',(#13529));
#13529 = FILL_AREA_STYLE_COLOUR('',#13530);
#13530 = COLOUR_RGB('',0.859000020776,0.737999965183,0.495999988746);
#13531 = STYLED_ITEM('color',(#13532),#7223);
#13532 = PRESENTATION_STYLE_ASSIGNMENT((#13533));
#13533 = SURFACE_STYLE_USAGE(.BOTH.,#13534);
#13534 = SURFACE_SIDE_STYLE('',(#13535));
#13535 = SURFACE_STYLE_FILL_AREA(#13536);
#13536 = FILL_AREA_STYLE('',(#13537));
#13537 = FILL_AREA_STYLE_COLOUR('',#13530);
#13538 = STYLED_ITEM('color',(#13539),#7272);
#13539 = PRESENTATION_STYLE_ASSIGNMENT((#13540));
#13540 = SURFACE_STYLE_USAGE(.BOTH.,#13541);
#13541 = SURFACE_SIDE_STYLE('',(#13542));
#13542 = SURFACE_STYLE_FILL_AREA(#13543);
#13543 = FILL_AREA_STYLE('',(#13544));
#13544 = FILL_AREA_STYLE_COLOUR('',#13530);
#13545 = STYLED_ITEM('color',(#13546),#7296);
#13546 = PRESENTATION_STYLE_ASSIGNMENT((#13547));
#13547 = SURFACE_STYLE_USAGE(.BOTH.,#13548);
#13548 = SURFACE_SIDE_STYLE('',(#13549));
#13549 = SURFACE_STYLE_FILL_AREA(#13550);
#13550 = FILL_AREA_STYLE('',(#13551));
#13551 = FILL_AREA_STYLE_COLOUR('',#13530);
#13552 = STYLED_ITEM('color',(#13553),#7338);
#13553 = PRESENTATION_STYLE_ASSIGNMENT((#13554));
#13554 = SURFACE_STYLE_USAGE(.BOTH.,#13555);
#13555 = SURFACE_SIDE_STYLE('',(#13556));
#13556 = SURFACE_STYLE_FILL_AREA(#13557);
#13557 = FILL_AREA_STYLE('',(#13558));
#13558 = FILL_AREA_STYLE_COLOUR('',#13530);
#13559 = STYLED_ITEM('color',(#13560),#7369);
#13560 = PRESENTATION_STYLE_ASSIGNMENT((#13561));
#13561 = SURFACE_STYLE_USAGE(.BOTH.,#13562);
#13562 = SURFACE_SIDE_STYLE('',(#13563));
#13563 = SURFACE_STYLE_FILL_AREA(#13564);
#13564 = FILL_AREA_STYLE('',(#13565));
#13565 = FILL_AREA_STYLE_COLOUR('',#13530);
#13566 = STYLED_ITEM('color',(#13567),#7418);
#13567 = PRESENTATION_STYLE_ASSIGNMENT((#13568));
#13568 = SURFACE_STYLE_USAGE(.BOTH.,#13569);
#13569 = SURFACE_SIDE_STYLE('',(#13570));
#13570 = SURFACE_STYLE_FILL_AREA(#13571);
#13571 = FILL_AREA_STYLE('',(#13572));
#13572 = FILL_AREA_STYLE_COLOUR('',#13530);
#13573 = STYLED_ITEM('color',(#13574),#7442);
#13574 = PRESENTATION_STYLE_ASSIGNMENT((#13575));
#13575 = SURFACE_STYLE_USAGE(.BOTH.,#13576);
#13576 = SURFACE_SIDE_STYLE('',(#13577));
#13577 = SURFACE_STYLE_FILL_AREA(#13578);
#13578 = FILL_AREA_STYLE('',(#13579));
#13579 = FILL_AREA_STYLE_COLOUR('',#13530);
#13580 = STYLED_ITEM('color',(#13581),#7484);
#13581 = PRESENTATION_STYLE_ASSIGNMENT((#13582));
#13582 = SURFACE_STYLE_USAGE(.BOTH.,#13583);
#13583 = SURFACE_SIDE_STYLE('',(#13584));
#13584 = SURFACE_STYLE_FILL_AREA(#13585);
#13585 = FILL_AREA_STYLE('',(#13586));
#13586 = FILL_AREA_STYLE_COLOUR('',#13530);
#13587 = STYLED_ITEM('color',(#13588),#7540);
#13588 = PRESENTATION_STYLE_ASSIGNMENT((#13589));
#13589 = SURFACE_STYLE_USAGE(.BOTH.,#13590);
#13590 = SURFACE_SIDE_STYLE('',(#13591));
#13591 = SURFACE_STYLE_FILL_AREA(#13592);
#13592 = FILL_AREA_STYLE('',(#13593));
#13593 = FILL_AREA_STYLE_COLOUR('',#13530);
#13594 = STYLED_ITEM('color',(#13595),#7564);
#13595 = PRESENTATION_STYLE_ASSIGNMENT((#13596));
#13596 = SURFACE_STYLE_USAGE(.BOTH.,#13597);
#13597 = SURFACE_SIDE_STYLE('',(#13598));
#13598 = SURFACE_STYLE_FILL_AREA(#13599);
#13599 = FILL_AREA_STYLE('',(#13600));
#13600 = FILL_AREA_STYLE_COLOUR('',#13530);
#13601 = STYLED_ITEM('color',(#13602),#7613);
#13602 = PRESENTATION_STYLE_ASSIGNMENT((#13603));
#13603 = SURFACE_STYLE_USAGE(.BOTH.,#13604);
#13604 = SURFACE_SIDE_STYLE('',(#13605));
#13605 = SURFACE_STYLE_FILL_AREA(#13606);
#13606 = FILL_AREA_STYLE('',(#13607));
#13607 = FILL_AREA_STYLE_COLOUR('',#13530);
#13608 = STYLED_ITEM('color',(#13609),#7630);
#13609 = PRESENTATION_STYLE_ASSIGNMENT((#13610));
#13610 = SURFACE_STYLE_USAGE(.BOTH.,#13611);
#13611 = SURFACE_SIDE_STYLE('',(#13612));
#13612 = SURFACE_STYLE_FILL_AREA(#13613);
#13613 = FILL_AREA_STYLE('',(#13614));
#13614 = FILL_AREA_STYLE_COLOUR('',#13530);
#13615 = STYLED_ITEM('color',(#13616),#7661);
#13616 = PRESENTATION_STYLE_ASSIGNMENT((#13617));
#13617 = SURFACE_STYLE_USAGE(.BOTH.,#13618);
#13618 = SURFACE_SIDE_STYLE('',(#13619));
#13619 = SURFACE_STYLE_FILL_AREA(#13620);
#13620 = FILL_AREA_STYLE('',(#13621));
#13621 = FILL_AREA_STYLE_COLOUR('',#13530);
#13622 = STYLED_ITEM('color',(#13623),#7710);
#13623 = PRESENTATION_STYLE_ASSIGNMENT((#13624));
#13624 = SURFACE_STYLE_USAGE(.BOTH.,#13625);
#13625 = SURFACE_SIDE_STYLE('',(#13626));
#13626 = SURFACE_STYLE_FILL_AREA(#13627);
#13627 = FILL_AREA_STYLE('',(#13628));
#13628 = FILL_AREA_STYLE_COLOUR('',#13530);
#13629 = STYLED_ITEM('color',(#13630),#7734);
#13630 = PRESENTATION_STYLE_ASSIGNMENT((#13631));
#13631 = SURFACE_STYLE_USAGE(.BOTH.,#13632);
#13632 = SURFACE_SIDE_STYLE('',(#13633));
#13633 = SURFACE_STYLE_FILL_AREA(#13634);
#13634 = FILL_AREA_STYLE('',(#13635));
#13635 = FILL_AREA_STYLE_COLOUR('',#13530);
#13636 = STYLED_ITEM('color',(#13637),#7776);
#13637 = PRESENTATION_STYLE_ASSIGNMENT((#13638));
#13638 = SURFACE_STYLE_USAGE(.BOTH.,#13639);
#13639 = SURFACE_SIDE_STYLE('',(#13640));
#13640 = SURFACE_STYLE_FILL_AREA(#13641);
#13641 = FILL_AREA_STYLE('',(#13642));
#13642 = FILL_AREA_STYLE_COLOUR('',#13530);
#13643 = STYLED_ITEM('color',(#13644),#7807);
#13644 = PRESENTATION_STYLE_ASSIGNMENT((#13645));
#13645 = SURFACE_STYLE_USAGE(.BOTH.,#13646);
#13646 = SURFACE_SIDE_STYLE('',(#13647));
#13647 = SURFACE_STYLE_FILL_AREA(#13648);
#13648 = FILL_AREA_STYLE('',(#13649));
#13649 = FILL_AREA_STYLE_COLOUR('',#13530);
#13650 = STYLED_ITEM('color',(#13651),#7856);
#13651 = PRESENTATION_STYLE_ASSIGNMENT((#13652));
#13652 = SURFACE_STYLE_USAGE(.BOTH.,#13653);
#13653 = SURFACE_SIDE_STYLE('',(#13654));
#13654 = SURFACE_STYLE_FILL_AREA(#13655);
#13655 = FILL_AREA_STYLE('',(#13656));
#13656 = FILL_AREA_STYLE_COLOUR('',#13530);
#13657 = STYLED_ITEM('color',(#13658),#7880);
#13658 = PRESENTATION_STYLE_ASSIGNMENT((#13659));
#13659 = SURFACE_STYLE_USAGE(.BOTH.,#13660);
#13660 = SURFACE_SIDE_STYLE('',(#13661));
#13661 = SURFACE_STYLE_FILL_AREA(#13662);
#13662 = FILL_AREA_STYLE('',(#13663));
#13663 = FILL_AREA_STYLE_COLOUR('',#13530);
#13664 = STYLED_ITEM('color',(#13665),#7922);
#13665 = PRESENTATION_STYLE_ASSIGNMENT((#13666));
#13666 = SURFACE_STYLE_USAGE(.BOTH.,#13667);
#13667 = SURFACE_SIDE_STYLE('',(#13668));
#13668 = SURFACE_STYLE_FILL_AREA(#13669);
#13669 = FILL_AREA_STYLE('',(#13670));
#13670 = FILL_AREA_STYLE_COLOUR('',#13530);
#13671 = STYLED_ITEM('color',(#13672),#7953);
#13672 = PRESENTATION_STYLE_ASSIGNMENT((#13673));
#13673 = SURFACE_STYLE_USAGE(.BOTH.,#13674);
#13674 = SURFACE_SIDE_STYLE('',(#13675));
#13675 = SURFACE_STYLE_FILL_AREA(#13676);
#13676 = FILL_AREA_STYLE('',(#13677));
#13677 = FILL_AREA_STYLE_COLOUR('',#13530);
#13678 = STYLED_ITEM('color',(#13679),#8002);
#13679 = PRESENTATION_STYLE_ASSIGNMENT((#13680));
#13680 = SURFACE_STYLE_USAGE(.BOTH.,#13681);
#13681 = SURFACE_SIDE_STYLE('',(#13682));
#13682 = SURFACE_STYLE_FILL_AREA(#13683);
#13683 = FILL_AREA_STYLE('',(#13684));
#13684 = FILL_AREA_STYLE_COLOUR('',#13530);
#13685 = STYLED_ITEM('color',(#13686),#8026);
#13686 = PRESENTATION_STYLE_ASSIGNMENT((#13687));
#13687 = SURFACE_STYLE_USAGE(.BOTH.,#13688);
#13688 = SURFACE_SIDE_STYLE('',(#13689));
#13689 = SURFACE_STYLE_FILL_AREA(#13690);
#13690 = FILL_AREA_STYLE('',(#13691));
#13691 = FILL_AREA_STYLE_COLOUR('',#13530);
#13692 = STYLED_ITEM('color',(#13693),#8068);
#13693 = PRESENTATION_STYLE_ASSIGNMENT((#13694));
#13694 = SURFACE_STYLE_USAGE(.BOTH.,#13695);
#13695 = SURFACE_SIDE_STYLE('',(#13696));
#13696 = SURFACE_STYLE_FILL_AREA(#13697);
#13697 = FILL_AREA_STYLE('',(#13698));
#13698 = FILL_AREA_STYLE_COLOUR('',#13530);
#13699 = STYLED_ITEM('color',(#13700),#8099);
#13700 = PRESENTATION_STYLE_ASSIGNMENT((#13701));
#13701 = SURFACE_STYLE_USAGE(.BOTH.,#13702);
#13702 = SURFACE_SIDE_STYLE('',(#13703));
#13703 = SURFACE_STYLE_FILL_AREA(#13704);
#13704 = FILL_AREA_STYLE('',(#13705));
#13705 = FILL_AREA_STYLE_COLOUR('',#13530);
#13706 = STYLED_ITEM('color',(#13707),#8123);
#13707 = PRESENTATION_STYLE_ASSIGNMENT((#13708));
#13708 = SURFACE_STYLE_USAGE(.BOTH.,#13709);
#13709 = SURFACE_SIDE_STYLE('',(#13710));
#13710 = SURFACE_STYLE_FILL_AREA(#13711);
#13711 = FILL_AREA_STYLE('',(#13712));
#13712 = FILL_AREA_STYLE_COLOUR('',#13530);
#13713 = STYLED_ITEM('color',(#13714),#8147);
#13714 = PRESENTATION_STYLE_ASSIGNMENT((#13715));
#13715 = SURFACE_STYLE_USAGE(.BOTH.,#13716);
#13716 = SURFACE_SIDE_STYLE('',(#13717));
#13717 = SURFACE_STYLE_FILL_AREA(#13718);
#13718 = FILL_AREA_STYLE('',(#13719));
#13719 = FILL_AREA_STYLE_COLOUR('',#13530);
#13720 = STYLED_ITEM('color',(#13721),#8164);
#13721 = PRESENTATION_STYLE_ASSIGNMENT((#13722));
#13722 = SURFACE_STYLE_USAGE(.BOTH.,#13723);
#13723 = SURFACE_SIDE_STYLE('',(#13724));
#13724 = SURFACE_STYLE_FILL_AREA(#13725);
#13725 = FILL_AREA_STYLE('',(#13726));
#13726 = FILL_AREA_STYLE_COLOUR('',#13530);
#13727 = STYLED_ITEM('color',(#13728),#8195);
#13728 = PRESENTATION_STYLE_ASSIGNMENT((#13729));
#13729 = SURFACE_STYLE_USAGE(.BOTH.,#13730);
#13730 = SURFACE_SIDE_STYLE('',(#13731));
#13731 = SURFACE_STYLE_FILL_AREA(#13732);
#13732 = FILL_AREA_STYLE('',(#13733));
#13733 = FILL_AREA_STYLE_COLOUR('',#13530);
#13734 = STYLED_ITEM('color',(#13735),#8219);
#13735 = PRESENTATION_STYLE_ASSIGNMENT((#13736));
#13736 = SURFACE_STYLE_USAGE(.BOTH.,#13737);
#13737 = SURFACE_SIDE_STYLE('',(#13738));
#13738 = SURFACE_STYLE_FILL_AREA(#13739);
#13739 = FILL_AREA_STYLE('',(#13740));
#13740 = FILL_AREA_STYLE_COLOUR('',#13530);
#13741 = STYLED_ITEM('color',(#13742),#8243);
#13742 = PRESENTATION_STYLE_ASSIGNMENT((#13743));
#13743 = SURFACE_STYLE_USAGE(.BOTH.,#13744);
#13744 = SURFACE_SIDE_STYLE('',(#13745));
#13745 = SURFACE_STYLE_FILL_AREA(#13746);
#13746 = FILL_AREA_STYLE('',(#13747));
#13747 = FILL_AREA_STYLE_COLOUR('',#13530);
#13748 = STYLED_ITEM('color',(#13749),#8260);
#13749 = PRESENTATION_STYLE_ASSIGNMENT((#13750));
#13750 = SURFACE_STYLE_USAGE(.BOTH.,#13751);
#13751 = SURFACE_SIDE_STYLE('',(#13752));
#13752 = SURFACE_STYLE_FILL_AREA(#13753);
#13753 = FILL_AREA_STYLE('',(#13754));
#13754 = FILL_AREA_STYLE_COLOUR('',#13530);
#13755 = STYLED_ITEM('color',(#13756),#8291);
#13756 = PRESENTATION_STYLE_ASSIGNMENT((#13757));
#13757 = SURFACE_STYLE_USAGE(.BOTH.,#13758);
#13758 = SURFACE_SIDE_STYLE('',(#13759));
#13759 = SURFACE_STYLE_FILL_AREA(#13760);
#13760 = FILL_AREA_STYLE('',(#13761));
#13761 = FILL_AREA_STYLE_COLOUR('',#13530);
#13762 = STYLED_ITEM('color',(#13763),#8315);
#13763 = PRESENTATION_STYLE_ASSIGNMENT((#13764));
#13764 = SURFACE_STYLE_USAGE(.BOTH.,#13765);
#13765 = SURFACE_SIDE_STYLE('',(#13766));
#13766 = SURFACE_STYLE_FILL_AREA(#13767);
#13767 = FILL_AREA_STYLE('',(#13768));
#13768 = FILL_AREA_STYLE_COLOUR('',#13530);
#13769 = STYLED_ITEM('color',(#13770),#8339);
#13770 = PRESENTATION_STYLE_ASSIGNMENT((#13771));
#13771 = SURFACE_STYLE_USAGE(.BOTH.,#13772);
#13772 = SURFACE_SIDE_STYLE('',(#13773));
#13773 = SURFACE_STYLE_FILL_AREA(#13774);
#13774 = FILL_AREA_STYLE('',(#13775));
#13775 = FILL_AREA_STYLE_COLOUR('',#13530);
#13776 = STYLED_ITEM('color',(#13777),#8356);
#13777 = PRESENTATION_STYLE_ASSIGNMENT((#13778));
#13778 = SURFACE_STYLE_USAGE(.BOTH.,#13779);
#13779 = SURFACE_SIDE_STYLE('',(#13780));
#13780 = SURFACE_STYLE_FILL_AREA(#13781);
#13781 = FILL_AREA_STYLE('',(#13782));
#13782 = FILL_AREA_STYLE_COLOUR('',#13530);
#13783 = STYLED_ITEM('color',(#13784),#8387);
#13784 = PRESENTATION_STYLE_ASSIGNMENT((#13785));
#13785 = SURFACE_STYLE_USAGE(.BOTH.,#13786);
#13786 = SURFACE_SIDE_STYLE('',(#13787));
#13787 = SURFACE_STYLE_FILL_AREA(#13788);
#13788 = FILL_AREA_STYLE('',(#13789));
#13789 = FILL_AREA_STYLE_COLOUR('',#13530);
#13790 = STYLED_ITEM('color',(#13791),#8411);
#13791 = PRESENTATION_STYLE_ASSIGNMENT((#13792));
#13792 = SURFACE_STYLE_USAGE(.BOTH.,#13793);
#13793 = SURFACE_SIDE_STYLE('',(#13794));
#13794 = SURFACE_STYLE_FILL_AREA(#13795);
#13795 = FILL_AREA_STYLE('',(#13796));
#13796 = FILL_AREA_STYLE_COLOUR('',#13530);
#13797 = STYLED_ITEM('color',(#13798),#8435);
#13798 = PRESENTATION_STYLE_ASSIGNMENT((#13799));
#13799 = SURFACE_STYLE_USAGE(.BOTH.,#13800);
#13800 = SURFACE_SIDE_STYLE('',(#13801));
#13801 = SURFACE_STYLE_FILL_AREA(#13802);
#13802 = FILL_AREA_STYLE('',(#13803));
#13803 = FILL_AREA_STYLE_COLOUR('',#13530);
#13804 = STYLED_ITEM('color',(#13805),#8452);
#13805 = PRESENTATION_STYLE_ASSIGNMENT((#13806));
#13806 = SURFACE_STYLE_USAGE(.BOTH.,#13807);
#13807 = SURFACE_SIDE_STYLE('',(#13808));
#13808 = SURFACE_STYLE_FILL_AREA(#13809);
#13809 = FILL_AREA_STYLE('',(#13810));
#13810 = FILL_AREA_STYLE_COLOUR('',#13530);
#13811 = STYLED_ITEM('color',(#13812),#8483);
#13812 = PRESENTATION_STYLE_ASSIGNMENT((#13813));
#13813 = SURFACE_STYLE_USAGE(.BOTH.,#13814);
#13814 = SURFACE_SIDE_STYLE('',(#13815));
#13815 = SURFACE_STYLE_FILL_AREA(#13816);
#13816 = FILL_AREA_STYLE('',(#13817));
#13817 = FILL_AREA_STYLE_COLOUR('',#13530);
#13818 = STYLED_ITEM('color',(#13819),#8507);
#13819 = PRESENTATION_STYLE_ASSIGNMENT((#13820));
#13820 = SURFACE_STYLE_USAGE(.BOTH.,#13821);
#13821 = SURFACE_SIDE_STYLE('',(#13822));
#13822 = SURFACE_STYLE_FILL_AREA(#13823);
#13823 = FILL_AREA_STYLE('',(#13824));
#13824 = FILL_AREA_STYLE_COLOUR('',#13530);
#13825 = STYLED_ITEM('color',(#13826),#8531);
#13826 = PRESENTATION_STYLE_ASSIGNMENT((#13827));
#13827 = SURFACE_STYLE_USAGE(.BOTH.,#13828);
#13828 = SURFACE_SIDE_STYLE('',(#13829));
#13829 = SURFACE_STYLE_FILL_AREA(#13830);
#13830 = FILL_AREA_STYLE('',(#13831));
#13831 = FILL_AREA_STYLE_COLOUR('',#13530);
#13832 = STYLED_ITEM('color',(#13833),#8548);
#13833 = PRESENTATION_STYLE_ASSIGNMENT((#13834));
#13834 = SURFACE_STYLE_USAGE(.BOTH.,#13835);
#13835 = SURFACE_SIDE_STYLE('',(#13836));
#13836 = SURFACE_STYLE_FILL_AREA(#13837);
#13837 = FILL_AREA_STYLE('',(#13838));
#13838 = FILL_AREA_STYLE_COLOUR('',#13530);
#13839 = STYLED_ITEM('color',(#13840),#8579);
#13840 = PRESENTATION_STYLE_ASSIGNMENT((#13841));
#13841 = SURFACE_STYLE_USAGE(.BOTH.,#13842);
#13842 = SURFACE_SIDE_STYLE('',(#13843));
#13843 = SURFACE_STYLE_FILL_AREA(#13844);
#13844 = FILL_AREA_STYLE('',(#13845));
#13845 = FILL_AREA_STYLE_COLOUR('',#13530);
#13846 = STYLED_ITEM('color',(#13847),#8603);
#13847 = PRESENTATION_STYLE_ASSIGNMENT((#13848));
#13848 = SURFACE_STYLE_USAGE(.BOTH.,#13849);
#13849 = SURFACE_SIDE_STYLE('',(#13850));
#13850 = SURFACE_STYLE_FILL_AREA(#13851);
#13851 = FILL_AREA_STYLE('',(#13852));
#13852 = FILL_AREA_STYLE_COLOUR('',#13530);
#13853 = STYLED_ITEM('color',(#13854),#8627);
#13854 = PRESENTATION_STYLE_ASSIGNMENT((#13855));
#13855 = SURFACE_STYLE_USAGE(.BOTH.,#13856);
#13856 = SURFACE_SIDE_STYLE('',(#13857));
#13857 = SURFACE_STYLE_FILL_AREA(#13858);
#13858 = FILL_AREA_STYLE('',(#13859));
#13859 = FILL_AREA_STYLE_COLOUR('',#13530);
#13860 = STYLED_ITEM('color',(#13861),#8644);
#13861 = PRESENTATION_STYLE_ASSIGNMENT((#13862));
#13862 = SURFACE_STYLE_USAGE(.BOTH.,#13863);
#13863 = SURFACE_SIDE_STYLE('',(#13864));
#13864 = SURFACE_STYLE_FILL_AREA(#13865);
#13865 = FILL_AREA_STYLE('',(#13866));
#13866 = FILL_AREA_STYLE_COLOUR('',#13530);
#13867 = STYLED_ITEM('color',(#13868),#8661);
#13868 = PRESENTATION_STYLE_ASSIGNMENT((#13869));
#13869 = SURFACE_STYLE_USAGE(.BOTH.,#13870);
#13870 = SURFACE_SIDE_STYLE('',(#13871));
#13871 = SURFACE_STYLE_FILL_AREA(#13872);
#13872 = FILL_AREA_STYLE('',(#13873));
#13873 = FILL_AREA_STYLE_COLOUR('',#13530);
#13874 = STYLED_ITEM('color',(#13875),#8678);
#13875 = PRESENTATION_STYLE_ASSIGNMENT((#13876));
#13876 = SURFACE_STYLE_USAGE(.BOTH.,#13877);
#13877 = SURFACE_SIDE_STYLE('',(#13878));
#13878 = SURFACE_STYLE_FILL_AREA(#13879);
#13879 = FILL_AREA_STYLE('',(#13880));
#13880 = FILL_AREA_STYLE_COLOUR('',#13530);
#13881 = STYLED_ITEM('color',(#13882),#8709);
#13882 = PRESENTATION_STYLE_ASSIGNMENT((#13883));
#13883 = SURFACE_STYLE_USAGE(.BOTH.,#13884);
#13884 = SURFACE_SIDE_STYLE('',(#13885));
#13885 = SURFACE_STYLE_FILL_AREA(#13886);
#13886 = FILL_AREA_STYLE('',(#13887));
#13887 = FILL_AREA_STYLE_COLOUR('',#13530);
#13888 = STYLED_ITEM('color',(#13889),#8726);
#13889 = PRESENTATION_STYLE_ASSIGNMENT((#13890));
#13890 = SURFACE_STYLE_USAGE(.BOTH.,#13891);
#13891 = SURFACE_SIDE_STYLE('',(#13892));
#13892 = SURFACE_STYLE_FILL_AREA(#13893);
#13893 = FILL_AREA_STYLE('',(#13894));
#13894 = FILL_AREA_STYLE_COLOUR('',#13530);
#13895 = STYLED_ITEM('color',(#13896),#8757);
#13896 = PRESENTATION_STYLE_ASSIGNMENT((#13897));
#13897 = SURFACE_STYLE_USAGE(.BOTH.,#13898);
#13898 = SURFACE_SIDE_STYLE('',(#13899));
#13899 = SURFACE_STYLE_FILL_AREA(#13900);
#13900 = FILL_AREA_STYLE('',(#13901));
#13901 = FILL_AREA_STYLE_COLOUR('',#13530);
#13902 = STYLED_ITEM('color',(#13903),#8774);
#13903 = PRESENTATION_STYLE_ASSIGNMENT((#13904));
#13904 = SURFACE_STYLE_USAGE(.BOTH.,#13905);
#13905 = SURFACE_SIDE_STYLE('',(#13906));
#13906 = SURFACE_STYLE_FILL_AREA(#13907);
#13907 = FILL_AREA_STYLE('',(#13908));
#13908 = FILL_AREA_STYLE_COLOUR('',#13530);
#13909 = STYLED_ITEM('color',(#13910),#8791);
#13910 = PRESENTATION_STYLE_ASSIGNMENT((#13911));
#13911 = SURFACE_STYLE_USAGE(.BOTH.,#13912);
#13912 = SURFACE_SIDE_STYLE('',(#13913));
#13913 = SURFACE_STYLE_FILL_AREA(#13914);
#13914 = FILL_AREA_STYLE('',(#13915));
#13915 = FILL_AREA_STYLE_COLOUR('',#13530);
#13916 = STYLED_ITEM('color',(#13917),#8822);
#13917 = PRESENTATION_STYLE_ASSIGNMENT((#13918));
#13918 = SURFACE_STYLE_USAGE(.BOTH.,#13919);
#13919 = SURFACE_SIDE_STYLE('',(#13920));
#13920 = SURFACE_STYLE_FILL_AREA(#13921);
#13921 = FILL_AREA_STYLE('',(#13922));
#13922 = FILL_AREA_STYLE_COLOUR('',#13530);
#13923 = STYLED_ITEM('color',(#13924),#8839);
#13924 = PRESENTATION_STYLE_ASSIGNMENT((#13925));
#13925 = SURFACE_STYLE_USAGE(.BOTH.,#13926);
#13926 = SURFACE_SIDE_STYLE('',(#13927));
#13927 = SURFACE_STYLE_FILL_AREA(#13928);
#13928 = FILL_AREA_STYLE('',(#13929));
#13929 = FILL_AREA_STYLE_COLOUR('',#13530);
#13930 = STYLED_ITEM('color',(#13931),#8870);
#13931 = PRESENTATION_STYLE_ASSIGNMENT((#13932));
#13932 = SURFACE_STYLE_USAGE(.BOTH.,#13933);
#13933 = SURFACE_SIDE_STYLE('',(#13934));
#13934 = SURFACE_STYLE_FILL_AREA(#13935);
#13935 = FILL_AREA_STYLE('',(#13936));
#13936 = FILL_AREA_STYLE_COLOUR('',#13530);
#13937 = STYLED_ITEM('color',(#13938),#8887);
#13938 = PRESENTATION_STYLE_ASSIGNMENT((#13939));
#13939 = SURFACE_STYLE_USAGE(.BOTH.,#13940);
#13940 = SURFACE_SIDE_STYLE('',(#13941));
#13941 = SURFACE_STYLE_FILL_AREA(#13942);
#13942 = FILL_AREA_STYLE('',(#13943));
#13943 = FILL_AREA_STYLE_COLOUR('',#13530);
#13944 = STYLED_ITEM('color',(#13945),#8904);
#13945 = PRESENTATION_STYLE_ASSIGNMENT((#13946));
#13946 = SURFACE_STYLE_USAGE(.BOTH.,#13947);
#13947 = SURFACE_SIDE_STYLE('',(#13948));
#13948 = SURFACE_STYLE_FILL_AREA(#13949);
#13949 = FILL_AREA_STYLE('',(#13950));
#13950 = FILL_AREA_STYLE_COLOUR('',#13530);
#13951 = STYLED_ITEM('color',(#13952),#8935);
#13952 = PRESENTATION_STYLE_ASSIGNMENT((#13953));
#13953 = SURFACE_STYLE_USAGE(.BOTH.,#13954);
#13954 = SURFACE_SIDE_STYLE('',(#13955));
#13955 = SURFACE_STYLE_FILL_AREA(#13956);
#13956 = FILL_AREA_STYLE('',(#13957));
#13957 = FILL_AREA_STYLE_COLOUR('',#13530);
#13958 = STYLED_ITEM('color',(#13959),#8952);
#13959 = PRESENTATION_STYLE_ASSIGNMENT((#13960));
#13960 = SURFACE_STYLE_USAGE(.BOTH.,#13961);
#13961 = SURFACE_SIDE_STYLE('',(#13962));
#13962 = SURFACE_STYLE_FILL_AREA(#13963);
#13963 = FILL_AREA_STYLE('',(#13964));
#13964 = FILL_AREA_STYLE_COLOUR('',#13530);
#13965 = STYLED_ITEM('color',(#13966),#8983);
#13966 = PRESENTATION_STYLE_ASSIGNMENT((#13967));
#13967 = SURFACE_STYLE_USAGE(.BOTH.,#13968);
#13968 = SURFACE_SIDE_STYLE('',(#13969));
#13969 = SURFACE_STYLE_FILL_AREA(#13970);
#13970 = FILL_AREA_STYLE('',(#13971));
#13971 = FILL_AREA_STYLE_COLOUR('',#13530);
#13972 = STYLED_ITEM('color',(#13973),#9000);
#13973 = PRESENTATION_STYLE_ASSIGNMENT((#13974));
#13974 = SURFACE_STYLE_USAGE(.BOTH.,#13975);
#13975 = SURFACE_SIDE_STYLE('',(#13976));
#13976 = SURFACE_STYLE_FILL_AREA(#13977);
#13977 = FILL_AREA_STYLE('',(#13978));
#13978 = FILL_AREA_STYLE_COLOUR('',#13530);
#13979 = STYLED_ITEM('color',(#13980),#9017);
#13980 = PRESENTATION_STYLE_ASSIGNMENT((#13981));
#13981 = SURFACE_STYLE_USAGE(.BOTH.,#13982);
#13982 = SURFACE_SIDE_STYLE('',(#13983));
#13983 = SURFACE_STYLE_FILL_AREA(#13984);
#13984 = FILL_AREA_STYLE('',(#13985));
#13985 = FILL_AREA_STYLE_COLOUR('',#13530);
#13986 = STYLED_ITEM('color',(#13987),#9048);
#13987 = PRESENTATION_STYLE_ASSIGNMENT((#13988));
#13988 = SURFACE_STYLE_USAGE(.BOTH.,#13989);
#13989 = SURFACE_SIDE_STYLE('',(#13990));
#13990 = SURFACE_STYLE_FILL_AREA(#13991);
#13991 = FILL_AREA_STYLE('',(#13992));
#13992 = FILL_AREA_STYLE_COLOUR('',#13530);
#13993 = STYLED_ITEM('color',(#13994),#9065);
#13994 = PRESENTATION_STYLE_ASSIGNMENT((#13995));
#13995 = SURFACE_STYLE_USAGE(.BOTH.,#13996);
#13996 = SURFACE_SIDE_STYLE('',(#13997));
#13997 = SURFACE_STYLE_FILL_AREA(#13998);
#13998 = FILL_AREA_STYLE('',(#13999));
#13999 = FILL_AREA_STYLE_COLOUR('',#13530);
#14000 = STYLED_ITEM('color',(#14001),#9096);
#14001 = PRESENTATION_STYLE_ASSIGNMENT((#14002));
#14002 = SURFACE_STYLE_USAGE(.BOTH.,#14003);
#14003 = SURFACE_SIDE_STYLE('',(#14004));
#14004 = SURFACE_STYLE_FILL_AREA(#14005);
#14005 = FILL_AREA_STYLE('',(#14006));
#14006 = FILL_AREA_STYLE_COLOUR('',#13530);
#14007 = STYLED_ITEM('color',(#14008),#9113);
#14008 = PRESENTATION_STYLE_ASSIGNMENT((#14009));
#14009 = SURFACE_STYLE_USAGE(.BOTH.,#14010);
#14010 = SURFACE_SIDE_STYLE('',(#14011));
#14011 = SURFACE_STYLE_FILL_AREA(#14012);
#14012 = FILL_AREA_STYLE('',(#14013));
#14013 = FILL_AREA_STYLE_COLOUR('',#13530);
#14014 = STYLED_ITEM('color',(#14015),#9130);
#14015 = PRESENTATION_STYLE_ASSIGNMENT((#14016));
#14016 = SURFACE_STYLE_USAGE(.BOTH.,#14017);
#14017 = SURFACE_SIDE_STYLE('',(#14018));
#14018 = SURFACE_STYLE_FILL_AREA(#14019);
#14019 = FILL_AREA_STYLE('',(#14020));
#14020 = FILL_AREA_STYLE_COLOUR('',#13530);
#14021 = STYLED_ITEM('color',(#14022),#9161);
#14022 = PRESENTATION_STYLE_ASSIGNMENT((#14023));
#14023 = SURFACE_STYLE_USAGE(.BOTH.,#14024);
#14024 = SURFACE_SIDE_STYLE('',(#14025));
#14025 = SURFACE_STYLE_FILL_AREA(#14026);
#14026 = FILL_AREA_STYLE('',(#14027));
#14027 = FILL_AREA_STYLE_COLOUR('',#13530);
#14028 = STYLED_ITEM('color',(#14029),#9178);
#14029 = PRESENTATION_STYLE_ASSIGNMENT((#14030));
#14030 = SURFACE_STYLE_USAGE(.BOTH.,#14031);
#14031 = SURFACE_SIDE_STYLE('',(#14032));
#14032 = SURFACE_STYLE_FILL_AREA(#14033);
#14033 = FILL_AREA_STYLE('',(#14034));
#14034 = FILL_AREA_STYLE_COLOUR('',#13530);
#14035 = STYLED_ITEM('color',(#14036),#9209);
#14036 = PRESENTATION_STYLE_ASSIGNMENT((#14037));
#14037 = SURFACE_STYLE_USAGE(.BOTH.,#14038);
#14038 = SURFACE_SIDE_STYLE('',(#14039));
#14039 = SURFACE_STYLE_FILL_AREA(#14040);
#14040 = FILL_AREA_STYLE('',(#14041));
#14041 = FILL_AREA_STYLE_COLOUR('',#13530);
#14042 = STYLED_ITEM('color',(#14043),#9226);
#14043 = PRESENTATION_STYLE_ASSIGNMENT((#14044));
#14044 = SURFACE_STYLE_USAGE(.BOTH.,#14045);
#14045 = SURFACE_SIDE_STYLE('',(#14046));
#14046 = SURFACE_STYLE_FILL_AREA(#14047);
#14047 = FILL_AREA_STYLE('',(#14048));
#14048 = FILL_AREA_STYLE_COLOUR('',#13530);
#14049 = STYLED_ITEM('color',(#14050),#9243);
#14050 = PRESENTATION_STYLE_ASSIGNMENT((#14051));
#14051 = SURFACE_STYLE_USAGE(.BOTH.,#14052);
#14052 = SURFACE_SIDE_STYLE('',(#14053));
#14053 = SURFACE_STYLE_FILL_AREA(#14054);
#14054 = FILL_AREA_STYLE('',(#14055));
#14055 = FILL_AREA_STYLE_COLOUR('',#13530);
#14056 = STYLED_ITEM('color',(#14057),#9274);
#14057 = PRESENTATION_STYLE_ASSIGNMENT((#14058));
#14058 = SURFACE_STYLE_USAGE(.BOTH.,#14059);
#14059 = SURFACE_SIDE_STYLE('',(#14060));
#14060 = SURFACE_STYLE_FILL_AREA(#14061);
#14061 = FILL_AREA_STYLE('',(#14062));
#14062 = FILL_AREA_STYLE_COLOUR('',#13530);
#14063 = STYLED_ITEM('color',(#14064),#9291);
#14064 = PRESENTATION_STYLE_ASSIGNMENT((#14065));
#14065 = SURFACE_STYLE_USAGE(.BOTH.,#14066);
#14066 = SURFACE_SIDE_STYLE('',(#14067));
#14067 = SURFACE_STYLE_FILL_AREA(#14068);
#14068 = FILL_AREA_STYLE('',(#14069));
#14069 = FILL_AREA_STYLE_COLOUR('',#13530);
#14070 = STYLED_ITEM('color',(#14071),#9322);
#14071 = PRESENTATION_STYLE_ASSIGNMENT((#14072));
#14072 = SURFACE_STYLE_USAGE(.BOTH.,#14073);
#14073 = SURFACE_SIDE_STYLE('',(#14074));
#14074 = SURFACE_STYLE_FILL_AREA(#14075);
#14075 = FILL_AREA_STYLE('',(#14076));
#14076 = FILL_AREA_STYLE_COLOUR('',#13530);
#14077 = STYLED_ITEM('color',(#14078),#9353);
#14078 = PRESENTATION_STYLE_ASSIGNMENT((#14079));
#14079 = SURFACE_STYLE_USAGE(.BOTH.,#14080);
#14080 = SURFACE_SIDE_STYLE('',(#14081));
#14081 = SURFACE_STYLE_FILL_AREA(#14082);
#14082 = FILL_AREA_STYLE('',(#14083));
#14083 = FILL_AREA_STYLE_COLOUR('',#13530);
#14084 = STYLED_ITEM('color',(#14085),#9377);
#14085 = PRESENTATION_STYLE_ASSIGNMENT((#14086));
#14086 = SURFACE_STYLE_USAGE(.BOTH.,#14087);
#14087 = SURFACE_SIDE_STYLE('',(#14088));
#14088 = SURFACE_STYLE_FILL_AREA(#14089);
#14089 = FILL_AREA_STYLE('',(#14090));
#14090 = FILL_AREA_STYLE_COLOUR('',#13530);
#14091 = STYLED_ITEM('color',(#14092),#9401);
#14092 = PRESENTATION_STYLE_ASSIGNMENT((#14093));
#14093 = SURFACE_STYLE_USAGE(.BOTH.,#14094);
#14094 = SURFACE_SIDE_STYLE('',(#14095));
#14095 = SURFACE_STYLE_FILL_AREA(#14096);
#14096 = FILL_AREA_STYLE('',(#14097));
#14097 = FILL_AREA_STYLE_COLOUR('',#13530);
#14098 = STYLED_ITEM('color',(#14099),#9418);
#14099 = PRESENTATION_STYLE_ASSIGNMENT((#14100));
#14100 = SURFACE_STYLE_USAGE(.BOTH.,#14101);
#14101 = SURFACE_SIDE_STYLE('',(#14102));
#14102 = SURFACE_STYLE_FILL_AREA(#14103);
#14103 = FILL_AREA_STYLE('',(#14104));
#14104 = FILL_AREA_STYLE_COLOUR('',#13530);
#14105 = STYLED_ITEM('color',(#14106),#9449);
#14106 = PRESENTATION_STYLE_ASSIGNMENT((#14107));
#14107 = SURFACE_STYLE_USAGE(.BOTH.,#14108);
#14108 = SURFACE_SIDE_STYLE('',(#14109));
#14109 = SURFACE_STYLE_FILL_AREA(#14110);
#14110 = FILL_AREA_STYLE('',(#14111));
#14111 = FILL_AREA_STYLE_COLOUR('',#13530);
#14112 = STYLED_ITEM('color',(#14113),#9473);
#14113 = PRESENTATION_STYLE_ASSIGNMENT((#14114));
#14114 = SURFACE_STYLE_USAGE(.BOTH.,#14115);
#14115 = SURFACE_SIDE_STYLE('',(#14116));
#14116 = SURFACE_STYLE_FILL_AREA(#14117);
#14117 = FILL_AREA_STYLE('',(#14118));
#14118 = FILL_AREA_STYLE_COLOUR('',#13530);
#14119 = STYLED_ITEM('color',(#14120),#9497);
#14120 = PRESENTATION_STYLE_ASSIGNMENT((#14121));
#14121 = SURFACE_STYLE_USAGE(.BOTH.,#14122);
#14122 = SURFACE_SIDE_STYLE('',(#14123));
#14123 = SURFACE_STYLE_FILL_AREA(#14124);
#14124 = FILL_AREA_STYLE('',(#14125));
#14125 = FILL_AREA_STYLE_COLOUR('',#13530);
#14126 = STYLED_ITEM('color',(#14127),#9514);
#14127 = PRESENTATION_STYLE_ASSIGNMENT((#14128));
#14128 = SURFACE_STYLE_USAGE(.BOTH.,#14129);
#14129 = SURFACE_SIDE_STYLE('',(#14130));
#14130 = SURFACE_STYLE_FILL_AREA(#14131);
#14131 = FILL_AREA_STYLE('',(#14132));
#14132 = FILL_AREA_STYLE_COLOUR('',#13530);
#14133 = STYLED_ITEM('color',(#14134),#9545);
#14134 = PRESENTATION_STYLE_ASSIGNMENT((#14135));
#14135 = SURFACE_STYLE_USAGE(.BOTH.,#14136);
#14136 = SURFACE_SIDE_STYLE('',(#14137));
#14137 = SURFACE_STYLE_FILL_AREA(#14138);
#14138 = FILL_AREA_STYLE('',(#14139));
#14139 = FILL_AREA_STYLE_COLOUR('',#13530);
#14140 = STYLED_ITEM('color',(#14141),#9569);
#14141 = PRESENTATION_STYLE_ASSIGNMENT((#14142));
#14142 = SURFACE_STYLE_USAGE(.BOTH.,#14143);
#14143 = SURFACE_SIDE_STYLE('',(#14144));
#14144 = SURFACE_STYLE_FILL_AREA(#14145);
#14145 = FILL_AREA_STYLE('',(#14146));
#14146 = FILL_AREA_STYLE_COLOUR('',#13530);
#14147 = STYLED_ITEM('color',(#14148),#9593);
#14148 = PRESENTATION_STYLE_ASSIGNMENT((#14149));
#14149 = SURFACE_STYLE_USAGE(.BOTH.,#14150);
#14150 = SURFACE_SIDE_STYLE('',(#14151));
#14151 = SURFACE_STYLE_FILL_AREA(#14152);
#14152 = FILL_AREA_STYLE('',(#14153));
#14153 = FILL_AREA_STYLE_COLOUR('',#13530);
#14154 = STYLED_ITEM('color',(#14155),#9610);
#14155 = PRESENTATION_STYLE_ASSIGNMENT((#14156));
#14156 = SURFACE_STYLE_USAGE(.BOTH.,#14157);
#14157 = SURFACE_SIDE_STYLE('',(#14158));
#14158 = SURFACE_STYLE_FILL_AREA(#14159);
#14159 = FILL_AREA_STYLE('',(#14160));
#14160 = FILL_AREA_STYLE_COLOUR('',#13530);
#14161 = STYLED_ITEM('color',(#14162),#9641);
#14162 = PRESENTATION_STYLE_ASSIGNMENT((#14163));
#14163 = SURFACE_STYLE_USAGE(.BOTH.,#14164);
#14164 = SURFACE_SIDE_STYLE('',(#14165));
#14165 = SURFACE_STYLE_FILL_AREA(#14166);
#14166 = FILL_AREA_STYLE('',(#14167));
#14167 = FILL_AREA_STYLE_COLOUR('',#13530);
#14168 = STYLED_ITEM('color',(#14169),#9665);
#14169 = PRESENTATION_STYLE_ASSIGNMENT((#14170));
#14170 = SURFACE_STYLE_USAGE(.BOTH.,#14171);
#14171 = SURFACE_SIDE_STYLE('',(#14172));
#14172 = SURFACE_STYLE_FILL_AREA(#14173);
#14173 = FILL_AREA_STYLE('',(#14174));
#14174 = FILL_AREA_STYLE_COLOUR('',#13530);
#14175 = STYLED_ITEM('color',(#14176),#9689);
#14176 = PRESENTATION_STYLE_ASSIGNMENT((#14177));
#14177 = SURFACE_STYLE_USAGE(.BOTH.,#14178);
#14178 = SURFACE_SIDE_STYLE('',(#14179));
#14179 = SURFACE_STYLE_FILL_AREA(#14180);
#14180 = FILL_AREA_STYLE('',(#14181));
#14181 = FILL_AREA_STYLE_COLOUR('',#13530);
#14182 = STYLED_ITEM('color',(#14183),#9706);
#14183 = PRESENTATION_STYLE_ASSIGNMENT((#14184));
#14184 = SURFACE_STYLE_USAGE(.BOTH.,#14185);
#14185 = SURFACE_SIDE_STYLE('',(#14186));
#14186 = SURFACE_STYLE_FILL_AREA(#14187);
#14187 = FILL_AREA_STYLE('',(#14188));
#14188 = FILL_AREA_STYLE_COLOUR('',#13530);
#14189 = STYLED_ITEM('color',(#14190),#9737);
#14190 = PRESENTATION_STYLE_ASSIGNMENT((#14191));
#14191 = SURFACE_STYLE_USAGE(.BOTH.,#14192);
#14192 = SURFACE_SIDE_STYLE('',(#14193));
#14193 = SURFACE_STYLE_FILL_AREA(#14194);
#14194 = FILL_AREA_STYLE('',(#14195));
#14195 = FILL_AREA_STYLE_COLOUR('',#13530);
#14196 = STYLED_ITEM('color',(#14197),#9761);
#14197 = PRESENTATION_STYLE_ASSIGNMENT((#14198));
#14198 = SURFACE_STYLE_USAGE(.BOTH.,#14199);
#14199 = SURFACE_SIDE_STYLE('',(#14200));
#14200 = SURFACE_STYLE_FILL_AREA(#14201);
#14201 = FILL_AREA_STYLE('',(#14202));
#14202 = FILL_AREA_STYLE_COLOUR('',#13530);
#14203 = STYLED_ITEM('color',(#14204),#9785);
#14204 = PRESENTATION_STYLE_ASSIGNMENT((#14205));
#14205 = SURFACE_STYLE_USAGE(.BOTH.,#14206);
#14206 = SURFACE_SIDE_STYLE('',(#14207));
#14207 = SURFACE_STYLE_FILL_AREA(#14208);
#14208 = FILL_AREA_STYLE('',(#14209));
#14209 = FILL_AREA_STYLE_COLOUR('',#13530);
#14210 = STYLED_ITEM('color',(#14211),#9802);
#14211 = PRESENTATION_STYLE_ASSIGNMENT((#14212));
#14212 = SURFACE_STYLE_USAGE(.BOTH.,#14213);
#14213 = SURFACE_SIDE_STYLE('',(#14214));
#14214 = SURFACE_STYLE_FILL_AREA(#14215);
#14215 = FILL_AREA_STYLE('',(#14216));
#14216 = FILL_AREA_STYLE_COLOUR('',#13530);
#14217 = STYLED_ITEM('color',(#14218),#9833);
#14218 = PRESENTATION_STYLE_ASSIGNMENT((#14219));
#14219 = SURFACE_STYLE_USAGE(.BOTH.,#14220);
#14220 = SURFACE_SIDE_STYLE('',(#14221));
#14221 = SURFACE_STYLE_FILL_AREA(#14222);
#14222 = FILL_AREA_STYLE('',(#14223));
#14223 = FILL_AREA_STYLE_COLOUR('',#13530);
#14224 = STYLED_ITEM('color',(#14225),#9857);
#14225 = PRESENTATION_STYLE_ASSIGNMENT((#14226));
#14226 = SURFACE_STYLE_USAGE(.BOTH.,#14227);
#14227 = SURFACE_SIDE_STYLE('',(#14228));
#14228 = SURFACE_STYLE_FILL_AREA(#14229);
#14229 = FILL_AREA_STYLE('',(#14230));
#14230 = FILL_AREA_STYLE_COLOUR('',#13530);
#14231 = STYLED_ITEM('color',(#14232),#9881);
#14232 = PRESENTATION_STYLE_ASSIGNMENT((#14233));
#14233 = SURFACE_STYLE_USAGE(.BOTH.,#14234);
#14234 = SURFACE_SIDE_STYLE('',(#14235));
#14235 = SURFACE_STYLE_FILL_AREA(#14236);
#14236 = FILL_AREA_STYLE('',(#14237));
#14237 = FILL_AREA_STYLE_COLOUR('',#13530);
#14238 = STYLED_ITEM('color',(#14239),#9898);
#14239 = PRESENTATION_STYLE_ASSIGNMENT((#14240));
#14240 = SURFACE_STYLE_USAGE(.BOTH.,#14241);
#14241 = SURFACE_SIDE_STYLE('',(#14242));
#14242 = SURFACE_STYLE_FILL_AREA(#14243);
#14243 = FILL_AREA_STYLE('',(#14244));
#14244 = FILL_AREA_STYLE_COLOUR('',#13530);
#14245 = STYLED_ITEM('color',(#14246),#9915);
#14246 = PRESENTATION_STYLE_ASSIGNMENT((#14247));
#14247 = SURFACE_STYLE_USAGE(.BOTH.,#14248);
#14248 = SURFACE_SIDE_STYLE('',(#14249));
#14249 = SURFACE_STYLE_FILL_AREA(#14250);
#14250 = FILL_AREA_STYLE('',(#14251));
#14251 = FILL_AREA_STYLE_COLOUR('',#13530);
#14252 = STYLED_ITEM('color',(#14253),#9932);
#14253 = PRESENTATION_STYLE_ASSIGNMENT((#14254));
#14254 = SURFACE_STYLE_USAGE(.BOTH.,#14255);
#14255 = SURFACE_SIDE_STYLE('',(#14256));
#14256 = SURFACE_STYLE_FILL_AREA(#14257);
#14257 = FILL_AREA_STYLE('',(#14258));
#14258 = FILL_AREA_STYLE_COLOUR('',#13530);
#14259 = STYLED_ITEM('color',(#14260),#9944);
#14260 = PRESENTATION_STYLE_ASSIGNMENT((#14261));
#14261 = SURFACE_STYLE_USAGE(.BOTH.,#14262);
#14262 = SURFACE_SIDE_STYLE('',(#14263));
#14263 = SURFACE_STYLE_FILL_AREA(#14264);
#14264 = FILL_AREA_STYLE('',(#14265));
#14265 = FILL_AREA_STYLE_COLOUR('',#13530);
#14266 = STYLED_ITEM('color',(#14267),#9961);
#14267 = PRESENTATION_STYLE_ASSIGNMENT((#14268));
#14268 = SURFACE_STYLE_USAGE(.BOTH.,#14269);
#14269 = SURFACE_SIDE_STYLE('',(#14270));
#14270 = SURFACE_STYLE_FILL_AREA(#14271);
#14271 = FILL_AREA_STYLE('',(#14272));
#14272 = FILL_AREA_STYLE_COLOUR('',#13530);
#14273 = STYLED_ITEM('color',(#14274),#9978);
#14274 = PRESENTATION_STYLE_ASSIGNMENT((#14275));
#14275 = SURFACE_STYLE_USAGE(.BOTH.,#14276);
#14276 = SURFACE_SIDE_STYLE('',(#14277));
#14277 = SURFACE_STYLE_FILL_AREA(#14278);
#14278 = FILL_AREA_STYLE('',(#14279));
#14279 = FILL_AREA_STYLE_COLOUR('',#13530);
#14280 = STYLED_ITEM('color',(#14281),#9990);
#14281 = PRESENTATION_STYLE_ASSIGNMENT((#14282));
#14282 = SURFACE_STYLE_USAGE(.BOTH.,#14283);
#14283 = SURFACE_SIDE_STYLE('',(#14284));
#14284 = SURFACE_STYLE_FILL_AREA(#14285);
#14285 = FILL_AREA_STYLE('',(#14286));
#14286 = FILL_AREA_STYLE_COLOUR('',#13530);
#14287 = STYLED_ITEM('color',(#14288),#10007);
#14288 = PRESENTATION_STYLE_ASSIGNMENT((#14289));
#14289 = SURFACE_STYLE_USAGE(.BOTH.,#14290);
#14290 = SURFACE_SIDE_STYLE('',(#14291));
#14291 = SURFACE_STYLE_FILL_AREA(#14292);
#14292 = FILL_AREA_STYLE('',(#14293));
#14293 = FILL_AREA_STYLE_COLOUR('',#13530);
#14294 = STYLED_ITEM('color',(#14295),#10024);
#14295 = PRESENTATION_STYLE_ASSIGNMENT((#14296));
#14296 = SURFACE_STYLE_USAGE(.BOTH.,#14297);
#14297 = SURFACE_SIDE_STYLE('',(#14298));
#14298 = SURFACE_STYLE_FILL_AREA(#14299);
#14299 = FILL_AREA_STYLE('',(#14300));
#14300 = FILL_AREA_STYLE_COLOUR('',#13530);
#14301 = STYLED_ITEM('color',(#14302),#10036);
#14302 = PRESENTATION_STYLE_ASSIGNMENT((#14303));
#14303 = SURFACE_STYLE_USAGE(.BOTH.,#14304);
#14304 = SURFACE_SIDE_STYLE('',(#14305));
#14305 = SURFACE_STYLE_FILL_AREA(#14306);
#14306 = FILL_AREA_STYLE('',(#14307));
#14307 = FILL_AREA_STYLE_COLOUR('',#13530);
#14308 = STYLED_ITEM('color',(#14309),#10053);
#14309 = PRESENTATION_STYLE_ASSIGNMENT((#14310));
#14310 = SURFACE_STYLE_USAGE(.BOTH.,#14311);
#14311 = SURFACE_SIDE_STYLE('',(#14312));
#14312 = SURFACE_STYLE_FILL_AREA(#14313);
#14313 = FILL_AREA_STYLE('',(#14314));
#14314 = FILL_AREA_STYLE_COLOUR('',#13530);
#14315 = STYLED_ITEM('color',(#14316),#10070);
#14316 = PRESENTATION_STYLE_ASSIGNMENT((#14317));
#14317 = SURFACE_STYLE_USAGE(.BOTH.,#14318);
#14318 = SURFACE_SIDE_STYLE('',(#14319));
#14319 = SURFACE_STYLE_FILL_AREA(#14320);
#14320 = FILL_AREA_STYLE('',(#14321));
#14321 = FILL_AREA_STYLE_COLOUR('',#13530);
#14322 = STYLED_ITEM('color',(#14323),#10082);
#14323 = PRESENTATION_STYLE_ASSIGNMENT((#14324));
#14324 = SURFACE_STYLE_USAGE(.BOTH.,#14325);
#14325 = SURFACE_SIDE_STYLE('',(#14326));
#14326 = SURFACE_STYLE_FILL_AREA(#14327);
#14327 = FILL_AREA_STYLE('',(#14328));
#14328 = FILL_AREA_STYLE_COLOUR('',#13530);
#14329 = STYLED_ITEM('color',(#14330),#10099);
#14330 = PRESENTATION_STYLE_ASSIGNMENT((#14331));
#14331 = SURFACE_STYLE_USAGE(.BOTH.,#14332);
#14332 = SURFACE_SIDE_STYLE('',(#14333));
#14333 = SURFACE_STYLE_FILL_AREA(#14334);
#14334 = FILL_AREA_STYLE('',(#14335));
#14335 = FILL_AREA_STYLE_COLOUR('',#13530);
#14336 = STYLED_ITEM('color',(#14337),#10116);
#14337 = PRESENTATION_STYLE_ASSIGNMENT((#14338));
#14338 = SURFACE_STYLE_USAGE(.BOTH.,#14339);
#14339 = SURFACE_SIDE_STYLE('',(#14340));
#14340 = SURFACE_STYLE_FILL_AREA(#14341);
#14341 = FILL_AREA_STYLE('',(#14342));
#14342 = FILL_AREA_STYLE_COLOUR('',#13530);
#14343 = STYLED_ITEM('color',(#14344),#10128);
#14344 = PRESENTATION_STYLE_ASSIGNMENT((#14345));
#14345 = SURFACE_STYLE_USAGE(.BOTH.,#14346);
#14346 = SURFACE_SIDE_STYLE('',(#14347));
#14347 = SURFACE_STYLE_FILL_AREA(#14348);
#14348 = FILL_AREA_STYLE('',(#14349));
#14349 = FILL_AREA_STYLE_COLOUR('',#13530);
#14350 = STYLED_ITEM('color',(#14351),#10145);
#14351 = PRESENTATION_STYLE_ASSIGNMENT((#14352));
#14352 = SURFACE_STYLE_USAGE(.BOTH.,#14353);
#14353 = SURFACE_SIDE_STYLE('',(#14354));
#14354 = SURFACE_STYLE_FILL_AREA(#14355);
#14355 = FILL_AREA_STYLE('',(#14356));
#14356 = FILL_AREA_STYLE_COLOUR('',#13530);
#14357 = STYLED_ITEM('color',(#14358),#10162);
#14358 = PRESENTATION_STYLE_ASSIGNMENT((#14359));
#14359 = SURFACE_STYLE_USAGE(.BOTH.,#14360);
#14360 = SURFACE_SIDE_STYLE('',(#14361));
#14361 = SURFACE_STYLE_FILL_AREA(#14362);
#14362 = FILL_AREA_STYLE('',(#14363));
#14363 = FILL_AREA_STYLE_COLOUR('',#13530);
#14364 = STYLED_ITEM('color',(#14365),#10174);
#14365 = PRESENTATION_STYLE_ASSIGNMENT((#14366));
#14366 = SURFACE_STYLE_USAGE(.BOTH.,#14367);
#14367 = SURFACE_SIDE_STYLE('',(#14368));
#14368 = SURFACE_STYLE_FILL_AREA(#14369);
#14369 = FILL_AREA_STYLE('',(#14370));
#14370 = FILL_AREA_STYLE_COLOUR('',#13530);
#14371 = STYLED_ITEM('color',(#14372),#10186);
#14372 = PRESENTATION_STYLE_ASSIGNMENT((#14373));
#14373 = SURFACE_STYLE_USAGE(.BOTH.,#14374);
#14374 = SURFACE_SIDE_STYLE('',(#14375));
#14375 = SURFACE_STYLE_FILL_AREA(#14376);
#14376 = FILL_AREA_STYLE('',(#14377));
#14377 = FILL_AREA_STYLE_COLOUR('',#13530);
#14378 = STYLED_ITEM('color',(#14379),#10198);
#14379 = PRESENTATION_STYLE_ASSIGNMENT((#14380));
#14380 = SURFACE_STYLE_USAGE(.BOTH.,#14381);
#14381 = SURFACE_SIDE_STYLE('',(#14382));
#14382 = SURFACE_STYLE_FILL_AREA(#14383);
#14383 = FILL_AREA_STYLE('',(#14384));
#14384 = FILL_AREA_STYLE_COLOUR('',#13530);
#14385 = STYLED_ITEM('color',(#14386),#10210);
#14386 = PRESENTATION_STYLE_ASSIGNMENT((#14387));
#14387 = SURFACE_STYLE_USAGE(.BOTH.,#14388);
#14388 = SURFACE_SIDE_STYLE('',(#14389));
#14389 = SURFACE_STYLE_FILL_AREA(#14390);
#14390 = FILL_AREA_STYLE('',(#14391));
#14391 = FILL_AREA_STYLE_COLOUR('',#13530);
#14392 = STYLED_ITEM('color',(#14393),#10222);
#14393 = PRESENTATION_STYLE_ASSIGNMENT((#14394));
#14394 = SURFACE_STYLE_USAGE(.BOTH.,#14395);
#14395 = SURFACE_SIDE_STYLE('',(#14396));
#14396 = SURFACE_STYLE_FILL_AREA(#14397);
#14397 = FILL_AREA_STYLE('',(#14398));
#14398 = FILL_AREA_STYLE_COLOUR('',#13530);
#14399 = STYLED_ITEM('color',(#14400),#10234);
#14400 = PRESENTATION_STYLE_ASSIGNMENT((#14401));
#14401 = SURFACE_STYLE_USAGE(.BOTH.,#14402);
#14402 = SURFACE_SIDE_STYLE('',(#14403));
#14403 = SURFACE_STYLE_FILL_AREA(#14404);
#14404 = FILL_AREA_STYLE('',(#14405));
#14405 = FILL_AREA_STYLE_COLOUR('',#13530);
#14406 = MECHANICAL_DESIGN_GEOMETRIC_PRESENTATION_REPRESENTATION('',(
    #14407,#14415,#14422,#14429,#14436,#14443,#14450,#14458,#14465,
    #14472,#14479,#14486,#14493,#14500,#14507),#448);
#14407 = STYLED_ITEM('color',(#14408),#115);
#14408 = PRESENTATION_STYLE_ASSIGNMENT((#14409));
#14409 = SURFACE_STYLE_USAGE(.BOTH.,#14410);
#14410 = SURFACE_SIDE_STYLE('',(#14411));
#14411 = SURFACE_STYLE_FILL_AREA(#14412);
#14412 = FILL_AREA_STYLE('',(#14413));
#14413 = FILL_AREA_STYLE_COLOUR('',#14414);
#14414 = COLOUR_RGB('',0.823999987314,0.819999987296,0.781000009244);
#14415 = STYLED_ITEM('color',(#14416),#148);
#14416 = PRESENTATION_STYLE_ASSIGNMENT((#14417));
#14417 = SURFACE_STYLE_USAGE(.BOTH.,#14418);
#14418 = SURFACE_SIDE_STYLE('',(#14419));
#14419 = SURFACE_STYLE_FILL_AREA(#14420);
#14420 = FILL_AREA_STYLE('',(#14421));
#14421 = FILL_AREA_STYLE_COLOUR('',#14414);
#14422 = STYLED_ITEM('color',(#14423),#157);
#14423 = PRESENTATION_STYLE_ASSIGNMENT((#14424));
#14424 = SURFACE_STYLE_USAGE(.BOTH.,#14425);
#14425 = SURFACE_SIDE_STYLE('',(#14426));
#14426 = SURFACE_STYLE_FILL_AREA(#14427);
#14427 = FILL_AREA_STYLE('',(#14428));
#14428 = FILL_AREA_STYLE_COLOUR('',#14414);
#14429 = STYLED_ITEM('color',(#14430),#183);
#14430 = PRESENTATION_STYLE_ASSIGNMENT((#14431));
#14431 = SURFACE_STYLE_USAGE(.BOTH.,#14432);
#14432 = SURFACE_SIDE_STYLE('',(#14433));
#14433 = SURFACE_STYLE_FILL_AREA(#14434);
#14434 = FILL_AREA_STYLE('',(#14435));
#14435 = FILL_AREA_STYLE_COLOUR('',#14414);
#14436 = STYLED_ITEM('color',(#14437),#208);
#14437 = PRESENTATION_STYLE_ASSIGNMENT((#14438));
#14438 = SURFACE_STYLE_USAGE(.BOTH.,#14439);
#14439 = SURFACE_SIDE_STYLE('',(#14440));
#14440 = SURFACE_STYLE_FILL_AREA(#14441);
#14441 = FILL_AREA_STYLE('',(#14442));
#14442 = FILL_AREA_STYLE_COLOUR('',#13249);
#14443 = STYLED_ITEM('color',(#14444),#228);
#14444 = PRESENTATION_STYLE_ASSIGNMENT((#14445));
#14445 = SURFACE_STYLE_USAGE(.BOTH.,#14446);
#14446 = SURFACE_SIDE_STYLE('',(#14447));
#14447 = SURFACE_STYLE_FILL_AREA(#14448);
#14448 = FILL_AREA_STYLE('',(#14449));
#14449 = FILL_AREA_STYLE_COLOUR('',#13249);
#14450 = STYLED_ITEM('color',(#14451),#253);
#14451 = PRESENTATION_STYLE_ASSIGNMENT((#14452));
#14452 = SURFACE_STYLE_USAGE(.BOTH.,#14453);
#14453 = SURFACE_SIDE_STYLE('',(#14454));
#14454 = SURFACE_STYLE_FILL_AREA(#14455);
#14455 = FILL_AREA_STYLE('',(#14456));
#14456 = FILL_AREA_STYLE_COLOUR('',#14457);
#14457 = COLOUR_RGB('',0.894999966383,0.890999961016,0.813000030345);
#14458 = STYLED_ITEM('color',(#14459),#273);
#14459 = PRESENTATION_STYLE_ASSIGNMENT((#14460));
#14460 = SURFACE_STYLE_USAGE(.BOTH.,#14461);
#14461 = SURFACE_SIDE_STYLE('',(#14462));
#14462 = SURFACE_STYLE_FILL_AREA(#14463);
#14463 = FILL_AREA_STYLE('',(#14464));
#14464 = FILL_AREA_STYLE_COLOUR('',#14457);
#14465 = STYLED_ITEM('color',(#14466),#298);
#14466 = PRESENTATION_STYLE_ASSIGNMENT((#14467));
#14467 = SURFACE_STYLE_USAGE(.BOTH.,#14468);
#14468 = SURFACE_SIDE_STYLE('',(#14469));
#14469 = SURFACE_STYLE_FILL_AREA(#14470);
#14470 = FILL_AREA_STYLE('',(#14471));
#14471 = FILL_AREA_STYLE_COLOUR('',#14457);
#14472 = STYLED_ITEM('color',(#14473),#318);
#14473 = PRESENTATION_STYLE_ASSIGNMENT((#14474));
#14474 = SURFACE_STYLE_USAGE(.BOTH.,#14475);
#14475 = SURFACE_SIDE_STYLE('',(#14476));
#14476 = SURFACE_STYLE_FILL_AREA(#14477);
#14477 = FILL_AREA_STYLE('',(#14478));
#14478 = FILL_AREA_STYLE_COLOUR('',#13249);
#14479 = STYLED_ITEM('color',(#14480),#343);
#14480 = PRESENTATION_STYLE_ASSIGNMENT((#14481));
#14481 = SURFACE_STYLE_USAGE(.BOTH.,#14482);
#14482 = SURFACE_SIDE_STYLE('',(#14483));
#14483 = SURFACE_STYLE_FILL_AREA(#14484);
#14484 = FILL_AREA_STYLE('',(#14485));
#14485 = FILL_AREA_STYLE_COLOUR('',#13249);
#14486 = STYLED_ITEM('color',(#14487),#363);
#14487 = PRESENTATION_STYLE_ASSIGNMENT((#14488));
#14488 = SURFACE_STYLE_USAGE(.BOTH.,#14489);
#14489 = SURFACE_SIDE_STYLE('',(#14490));
#14490 = SURFACE_STYLE_FILL_AREA(#14491);
#14491 = FILL_AREA_STYLE('',(#14492));
#14492 = FILL_AREA_STYLE_COLOUR('',#14414);
#14493 = STYLED_ITEM('color',(#14494),#388);
#14494 = PRESENTATION_STYLE_ASSIGNMENT((#14495));
#14495 = SURFACE_STYLE_USAGE(.BOTH.,#14496);
#14496 = SURFACE_SIDE_STYLE('',(#14497));
#14497 = SURFACE_STYLE_FILL_AREA(#14498);
#14498 = FILL_AREA_STYLE('',(#14499));
#14499 = FILL_AREA_STYLE_COLOUR('',#14414);
#14500 = STYLED_ITEM('color',(#14501),#414);
#14501 = PRESENTATION_STYLE_ASSIGNMENT((#14502));
#14502 = SURFACE_STYLE_USAGE(.BOTH.,#14503);
#14503 = SURFACE_SIDE_STYLE('',(#14504));
#14504 = SURFACE_STYLE_FILL_AREA(#14505);
#14505 = FILL_AREA_STYLE('',(#14506));
#14506 = FILL_AREA_STYLE_COLOUR('',#14414);
#14507 = STYLED_ITEM('color',(#14508),#439);
#14508 = PRESENTATION_STYLE_ASSIGNMENT((#14509));
#14509 = SURFACE_STYLE_USAGE(.BOTH.,#14510);
#14510 = SURFACE_SIDE_STYLE('',(#14511));
#14511 = SURFACE_STYLE_FILL_AREA(#14512);
#14512 = FILL_AREA_STYLE('',(#14513));
#14513 = FILL_AREA_STYLE_COLOUR('',#14414);
#14514 = MECHANICAL_DESIGN_GEOMETRIC_PRESENTATION_REPRESENTATION('',(
    #14515,#14522,#14529,#14536,#14543,#14550,#14557,#14564,#14571,
    #14578,#14585,#14592,#14599,#14606,#14613,#14620,#14627,#14634,
    #14641,#14648,#14655,#14662,#14669,#14676,#14683,#14690,#14697,
    #14704,#14711,#14718,#14725,#14732,#14739,#14746,#14753,#14760,
    #14767,#14774,#14781,#14788,#14795,#14802,#14809,#14816,#14823,
    #14830,#14837,#14844,#14851,#14858,#14865,#14872),#11737);
#14515 = STYLED_ITEM('color',(#14516),#10307);
#14516 = PRESENTATION_STYLE_ASSIGNMENT((#14517));
#14517 = SURFACE_STYLE_USAGE(.BOTH.,#14518);
#14518 = SURFACE_SIDE_STYLE('',(#14519));
#14519 = SURFACE_STYLE_FILL_AREA(#14520);
#14520 = FILL_AREA_STYLE('',(#14521));
#14521 = FILL_AREA_STYLE_COLOUR('',#13249);
#14522 = STYLED_ITEM('color',(#14523),#10347);
#14523 = PRESENTATION_STYLE_ASSIGNMENT((#14524));
#14524 = SURFACE_STYLE_USAGE(.BOTH.,#14525);
#14525 = SURFACE_SIDE_STYLE('',(#14526));
#14526 = SURFACE_STYLE_FILL_AREA(#14527);
#14527 = FILL_AREA_STYLE('',(#14528));
#14528 = FILL_AREA_STYLE_COLOUR('',#13249);
#14529 = STYLED_ITEM('color',(#14530),#10378);
#14530 = PRESENTATION_STYLE_ASSIGNMENT((#14531));
#14531 = SURFACE_STYLE_USAGE(.BOTH.,#14532);
#14532 = SURFACE_SIDE_STYLE('',(#14533));
#14533 = SURFACE_STYLE_FILL_AREA(#14534);
#14534 = FILL_AREA_STYLE('',(#14535));
#14535 = FILL_AREA_STYLE_COLOUR('',#13249);
#14536 = STYLED_ITEM('color',(#14537),#10409);
#14537 = PRESENTATION_STYLE_ASSIGNMENT((#14538));
#14538 = SURFACE_STYLE_USAGE(.BOTH.,#14539);
#14539 = SURFACE_SIDE_STYLE('',(#14540));
#14540 = SURFACE_STYLE_FILL_AREA(#14541);
#14541 = FILL_AREA_STYLE('',(#14542));
#14542 = FILL_AREA_STYLE_COLOUR('',#13249);
#14543 = STYLED_ITEM('color',(#14544),#10574);
#14544 = PRESENTATION_STYLE_ASSIGNMENT((#14545));
#14545 = SURFACE_STYLE_USAGE(.BOTH.,#14546);
#14546 = SURFACE_SIDE_STYLE('',(#14547));
#14547 = SURFACE_STYLE_FILL_AREA(#14548);
#14548 = FILL_AREA_STYLE('',(#14549));
#14549 = FILL_AREA_STYLE_COLOUR('',#13249);
#14550 = STYLED_ITEM('color',(#14551),#10739);
#14551 = PRESENTATION_STYLE_ASSIGNMENT((#14552));
#14552 = SURFACE_STYLE_USAGE(.BOTH.,#14553);
#14553 = SURFACE_SIDE_STYLE('',(#14554));
#14554 = SURFACE_STYLE_FILL_AREA(#14555);
#14555 = FILL_AREA_STYLE('',(#14556));
#14556 = FILL_AREA_STYLE_COLOUR('',#13249);
#14557 = STYLED_ITEM('color',(#14558),#10756);
#14558 = PRESENTATION_STYLE_ASSIGNMENT((#14559));
#14559 = SURFACE_STYLE_USAGE(.BOTH.,#14560);
#14560 = SURFACE_SIDE_STYLE('',(#14561));
#14561 = SURFACE_STYLE_FILL_AREA(#14562);
#14562 = FILL_AREA_STYLE('',(#14563));
#14563 = FILL_AREA_STYLE_COLOUR('',#13249);
#14564 = STYLED_ITEM('color',(#14565),#10773);
#14565 = PRESENTATION_STYLE_ASSIGNMENT((#14566));
#14566 = SURFACE_STYLE_USAGE(.BOTH.,#14567);
#14567 = SURFACE_SIDE_STYLE('',(#14568));
#14568 = SURFACE_STYLE_FILL_AREA(#14569);
#14569 = FILL_AREA_STYLE('',(#14570));
#14570 = FILL_AREA_STYLE_COLOUR('',#13249);
#14571 = STYLED_ITEM('color',(#14572),#10790);
#14572 = PRESENTATION_STYLE_ASSIGNMENT((#14573));
#14573 = SURFACE_STYLE_USAGE(.BOTH.,#14574);
#14574 = SURFACE_SIDE_STYLE('',(#14575));
#14575 = SURFACE_STYLE_FILL_AREA(#14576);
#14576 = FILL_AREA_STYLE('',(#14577));
#14577 = FILL_AREA_STYLE_COLOUR('',#13249);
#14578 = STYLED_ITEM('color',(#14579),#10807);
#14579 = PRESENTATION_STYLE_ASSIGNMENT((#14580));
#14580 = SURFACE_STYLE_USAGE(.BOTH.,#14581);
#14581 = SURFACE_SIDE_STYLE('',(#14582));
#14582 = SURFACE_STYLE_FILL_AREA(#14583);
#14583 = FILL_AREA_STYLE('',(#14584));
#14584 = FILL_AREA_STYLE_COLOUR('',#13249);
#14585 = STYLED_ITEM('color',(#14586),#10824);
#14586 = PRESENTATION_STYLE_ASSIGNMENT((#14587));
#14587 = SURFACE_STYLE_USAGE(.BOTH.,#14588);
#14588 = SURFACE_SIDE_STYLE('',(#14589));
#14589 = SURFACE_STYLE_FILL_AREA(#14590);
#14590 = FILL_AREA_STYLE('',(#14591));
#14591 = FILL_AREA_STYLE_COLOUR('',#13249);
#14592 = STYLED_ITEM('color',(#14593),#10841);
#14593 = PRESENTATION_STYLE_ASSIGNMENT((#14594));
#14594 = SURFACE_STYLE_USAGE(.BOTH.,#14595);
#14595 = SURFACE_SIDE_STYLE('',(#14596));
#14596 = SURFACE_STYLE_FILL_AREA(#14597);
#14597 = FILL_AREA_STYLE('',(#14598));
#14598 = FILL_AREA_STYLE_COLOUR('',#13249);
#14599 = STYLED_ITEM('color',(#14600),#10858);
#14600 = PRESENTATION_STYLE_ASSIGNMENT((#14601));
#14601 = SURFACE_STYLE_USAGE(.BOTH.,#14602);
#14602 = SURFACE_SIDE_STYLE('',(#14603));
#14603 = SURFACE_STYLE_FILL_AREA(#14604);
#14604 = FILL_AREA_STYLE('',(#14605));
#14605 = FILL_AREA_STYLE_COLOUR('',#13249);
#14606 = STYLED_ITEM('color',(#14607),#10875);
#14607 = PRESENTATION_STYLE_ASSIGNMENT((#14608));
#14608 = SURFACE_STYLE_USAGE(.BOTH.,#14609);
#14609 = SURFACE_SIDE_STYLE('',(#14610));
#14610 = SURFACE_STYLE_FILL_AREA(#14611);
#14611 = FILL_AREA_STYLE('',(#14612));
#14612 = FILL_AREA_STYLE_COLOUR('',#13249);
#14613 = STYLED_ITEM('color',(#14614),#10892);
#14614 = PRESENTATION_STYLE_ASSIGNMENT((#14615));
#14615 = SURFACE_STYLE_USAGE(.BOTH.,#14616);
#14616 = SURFACE_SIDE_STYLE('',(#14617));
#14617 = SURFACE_STYLE_FILL_AREA(#14618);
#14618 = FILL_AREA_STYLE('',(#14619));
#14619 = FILL_AREA_STYLE_COLOUR('',#13249);
#14620 = STYLED_ITEM('color',(#14621),#10909);
#14621 = PRESENTATION_STYLE_ASSIGNMENT((#14622));
#14622 = SURFACE_STYLE_USAGE(.BOTH.,#14623);
#14623 = SURFACE_SIDE_STYLE('',(#14624));
#14624 = SURFACE_STYLE_FILL_AREA(#14625);
#14625 = FILL_AREA_STYLE('',(#14626));
#14626 = FILL_AREA_STYLE_COLOUR('',#13249);
#14627 = STYLED_ITEM('color',(#14628),#10921);
#14628 = PRESENTATION_STYLE_ASSIGNMENT((#14629));
#14629 = SURFACE_STYLE_USAGE(.BOTH.,#14630);
#14630 = SURFACE_SIDE_STYLE('',(#14631));
#14631 = SURFACE_STYLE_FILL_AREA(#14632);
#14632 = FILL_AREA_STYLE('',(#14633));
#14633 = FILL_AREA_STYLE_COLOUR('',#13530);
#14634 = STYLED_ITEM('color',(#14635),#10952);
#14635 = PRESENTATION_STYLE_ASSIGNMENT((#14636));
#14636 = SURFACE_STYLE_USAGE(.BOTH.,#14637);
#14637 = SURFACE_SIDE_STYLE('',(#14638));
#14638 = SURFACE_STYLE_FILL_AREA(#14639);
#14639 = FILL_AREA_STYLE('',(#14640));
#14640 = FILL_AREA_STYLE_COLOUR('',#13530);
#14641 = STYLED_ITEM('color',(#14642),#10976);
#14642 = PRESENTATION_STYLE_ASSIGNMENT((#14643));
#14643 = SURFACE_STYLE_USAGE(.BOTH.,#14644);
#14644 = SURFACE_SIDE_STYLE('',(#14645));
#14645 = SURFACE_STYLE_FILL_AREA(#14646);
#14646 = FILL_AREA_STYLE('',(#14647));
#14647 = FILL_AREA_STYLE_COLOUR('',#13530);
#14648 = STYLED_ITEM('color',(#14649),#11000);
#14649 = PRESENTATION_STYLE_ASSIGNMENT((#14650));
#14650 = SURFACE_STYLE_USAGE(.BOTH.,#14651);
#14651 = SURFACE_SIDE_STYLE('',(#14652));
#14652 = SURFACE_STYLE_FILL_AREA(#14653);
#14653 = FILL_AREA_STYLE('',(#14654));
#14654 = FILL_AREA_STYLE_COLOUR('',#13530);
#14655 = STYLED_ITEM('color',(#14656),#11017);
#14656 = PRESENTATION_STYLE_ASSIGNMENT((#14657));
#14657 = SURFACE_STYLE_USAGE(.BOTH.,#14658);
#14658 = SURFACE_SIDE_STYLE('',(#14659));
#14659 = SURFACE_STYLE_FILL_AREA(#14660);
#14660 = FILL_AREA_STYLE('',(#14661));
#14661 = FILL_AREA_STYLE_COLOUR('',#13530);
#14662 = STYLED_ITEM('color',(#14663),#11048);
#14663 = PRESENTATION_STYLE_ASSIGNMENT((#14664));
#14664 = SURFACE_STYLE_USAGE(.BOTH.,#14665);
#14665 = SURFACE_SIDE_STYLE('',(#14666));
#14666 = SURFACE_STYLE_FILL_AREA(#14667);
#14667 = FILL_AREA_STYLE('',(#14668));
#14668 = FILL_AREA_STYLE_COLOUR('',#13530);
#14669 = STYLED_ITEM('color',(#14670),#11072);
#14670 = PRESENTATION_STYLE_ASSIGNMENT((#14671));
#14671 = SURFACE_STYLE_USAGE(.BOTH.,#14672);
#14672 = SURFACE_SIDE_STYLE('',(#14673));
#14673 = SURFACE_STYLE_FILL_AREA(#14674);
#14674 = FILL_AREA_STYLE('',(#14675));
#14675 = FILL_AREA_STYLE_COLOUR('',#13530);
#14676 = STYLED_ITEM('color',(#14677),#11096);
#14677 = PRESENTATION_STYLE_ASSIGNMENT((#14678));
#14678 = SURFACE_STYLE_USAGE(.BOTH.,#14679);
#14679 = SURFACE_SIDE_STYLE('',(#14680));
#14680 = SURFACE_STYLE_FILL_AREA(#14681);
#14681 = FILL_AREA_STYLE('',(#14682));
#14682 = FILL_AREA_STYLE_COLOUR('',#13530);
#14683 = STYLED_ITEM('color',(#14684),#11113);
#14684 = PRESENTATION_STYLE_ASSIGNMENT((#14685));
#14685 = SURFACE_STYLE_USAGE(.BOTH.,#14686);
#14686 = SURFACE_SIDE_STYLE('',(#14687));
#14687 = SURFACE_STYLE_FILL_AREA(#14688);
#14688 = FILL_AREA_STYLE('',(#14689));
#14689 = FILL_AREA_STYLE_COLOUR('',#13530);
#14690 = STYLED_ITEM('color',(#14691),#11144);
#14691 = PRESENTATION_STYLE_ASSIGNMENT((#14692));
#14692 = SURFACE_STYLE_USAGE(.BOTH.,#14693);
#14693 = SURFACE_SIDE_STYLE('',(#14694));
#14694 = SURFACE_STYLE_FILL_AREA(#14695);
#14695 = FILL_AREA_STYLE('',(#14696));
#14696 = FILL_AREA_STYLE_COLOUR('',#13530);
#14697 = STYLED_ITEM('color',(#14698),#11168);
#14698 = PRESENTATION_STYLE_ASSIGNMENT((#14699));
#14699 = SURFACE_STYLE_USAGE(.BOTH.,#14700);
#14700 = SURFACE_SIDE_STYLE('',(#14701));
#14701 = SURFACE_STYLE_FILL_AREA(#14702);
#14702 = FILL_AREA_STYLE('',(#14703));
#14703 = FILL_AREA_STYLE_COLOUR('',#13530);
#14704 = STYLED_ITEM('color',(#14705),#11192);
#14705 = PRESENTATION_STYLE_ASSIGNMENT((#14706));
#14706 = SURFACE_STYLE_USAGE(.BOTH.,#14707);
#14707 = SURFACE_SIDE_STYLE('',(#14708));
#14708 = SURFACE_STYLE_FILL_AREA(#14709);
#14709 = FILL_AREA_STYLE('',(#14710));
#14710 = FILL_AREA_STYLE_COLOUR('',#13530);
#14711 = STYLED_ITEM('color',(#14712),#11209);
#14712 = PRESENTATION_STYLE_ASSIGNMENT((#14713));
#14713 = SURFACE_STYLE_USAGE(.BOTH.,#14714);
#14714 = SURFACE_SIDE_STYLE('',(#14715));
#14715 = SURFACE_STYLE_FILL_AREA(#14716);
#14716 = FILL_AREA_STYLE('',(#14717));
#14717 = FILL_AREA_STYLE_COLOUR('',#13530);
#14718 = STYLED_ITEM('color',(#14719),#11240);
#14719 = PRESENTATION_STYLE_ASSIGNMENT((#14720));
#14720 = SURFACE_STYLE_USAGE(.BOTH.,#14721);
#14721 = SURFACE_SIDE_STYLE('',(#14722));
#14722 = SURFACE_STYLE_FILL_AREA(#14723);
#14723 = FILL_AREA_STYLE('',(#14724));
#14724 = FILL_AREA_STYLE_COLOUR('',#13530);
#14725 = STYLED_ITEM('color',(#14726),#11264);
#14726 = PRESENTATION_STYLE_ASSIGNMENT((#14727));
#14727 = SURFACE_STYLE_USAGE(.BOTH.,#14728);
#14728 = SURFACE_SIDE_STYLE('',(#14729));
#14729 = SURFACE_STYLE_FILL_AREA(#14730);
#14730 = FILL_AREA_STYLE('',(#14731));
#14731 = FILL_AREA_STYLE_COLOUR('',#13530);
#14732 = STYLED_ITEM('color',(#14733),#11288);
#14733 = PRESENTATION_STYLE_ASSIGNMENT((#14734));
#14734 = SURFACE_STYLE_USAGE(.BOTH.,#14735);
#14735 = SURFACE_SIDE_STYLE('',(#14736));
#14736 = SURFACE_STYLE_FILL_AREA(#14737);
#14737 = FILL_AREA_STYLE('',(#14738));
#14738 = FILL_AREA_STYLE_COLOUR('',#13530);
#14739 = STYLED_ITEM('color',(#14740),#11305);
#14740 = PRESENTATION_STYLE_ASSIGNMENT((#14741));
#14741 = SURFACE_STYLE_USAGE(.BOTH.,#14742);
#14742 = SURFACE_SIDE_STYLE('',(#14743));
#14743 = SURFACE_STYLE_FILL_AREA(#14744);
#14744 = FILL_AREA_STYLE('',(#14745));
#14745 = FILL_AREA_STYLE_COLOUR('',#13530);
#14746 = STYLED_ITEM('color',(#14747),#11336);
#14747 = PRESENTATION_STYLE_ASSIGNMENT((#14748));
#14748 = SURFACE_STYLE_USAGE(.BOTH.,#14749);
#14749 = SURFACE_SIDE_STYLE('',(#14750));
#14750 = SURFACE_STYLE_FILL_AREA(#14751);
#14751 = FILL_AREA_STYLE('',(#14752));
#14752 = FILL_AREA_STYLE_COLOUR('',#13530);
#14753 = STYLED_ITEM('color',(#14754),#11360);
#14754 = PRESENTATION_STYLE_ASSIGNMENT((#14755));
#14755 = SURFACE_STYLE_USAGE(.BOTH.,#14756);
#14756 = SURFACE_SIDE_STYLE('',(#14757));
#14757 = SURFACE_STYLE_FILL_AREA(#14758);
#14758 = FILL_AREA_STYLE('',(#14759));
#14759 = FILL_AREA_STYLE_COLOUR('',#13530);
#14760 = STYLED_ITEM('color',(#14761),#11384);
#14761 = PRESENTATION_STYLE_ASSIGNMENT((#14762));
#14762 = SURFACE_STYLE_USAGE(.BOTH.,#14763);
#14763 = SURFACE_SIDE_STYLE('',(#14764));
#14764 = SURFACE_STYLE_FILL_AREA(#14765);
#14765 = FILL_AREA_STYLE('',(#14766));
#14766 = FILL_AREA_STYLE_COLOUR('',#13530);
#14767 = STYLED_ITEM('color',(#14768),#11401);
#14768 = PRESENTATION_STYLE_ASSIGNMENT((#14769));
#14769 = SURFACE_STYLE_USAGE(.BOTH.,#14770);
#14770 = SURFACE_SIDE_STYLE('',(#14771));
#14771 = SURFACE_STYLE_FILL_AREA(#14772);
#14772 = FILL_AREA_STYLE('',(#14773));
#14773 = FILL_AREA_STYLE_COLOUR('',#13530);
#14774 = STYLED_ITEM('color',(#14775),#11432);
#14775 = PRESENTATION_STYLE_ASSIGNMENT((#14776));
#14776 = SURFACE_STYLE_USAGE(.BOTH.,#14777);
#14777 = SURFACE_SIDE_STYLE('',(#14778));
#14778 = SURFACE_STYLE_FILL_AREA(#14779);
#14779 = FILL_AREA_STYLE('',(#14780));
#14780 = FILL_AREA_STYLE_COLOUR('',#13530);
#14781 = STYLED_ITEM('color',(#14782),#11456);
#14782 = PRESENTATION_STYLE_ASSIGNMENT((#14783));
#14783 = SURFACE_STYLE_USAGE(.BOTH.,#14784);
#14784 = SURFACE_SIDE_STYLE('',(#14785));
#14785 = SURFACE_STYLE_FILL_AREA(#14786);
#14786 = FILL_AREA_STYLE('',(#14787));
#14787 = FILL_AREA_STYLE_COLOUR('',#13530);
#14788 = STYLED_ITEM('color',(#14789),#11480);
#14789 = PRESENTATION_STYLE_ASSIGNMENT((#14790));
#14790 = SURFACE_STYLE_USAGE(.BOTH.,#14791);
#14791 = SURFACE_SIDE_STYLE('',(#14792));
#14792 = SURFACE_STYLE_FILL_AREA(#14793);
#14793 = FILL_AREA_STYLE('',(#14794));
#14794 = FILL_AREA_STYLE_COLOUR('',#13530);
#14795 = STYLED_ITEM('color',(#14796),#11497);
#14796 = PRESENTATION_STYLE_ASSIGNMENT((#14797));
#14797 = SURFACE_STYLE_USAGE(.BOTH.,#14798);
#14798 = SURFACE_SIDE_STYLE('',(#14799));
#14799 = SURFACE_STYLE_FILL_AREA(#14800);
#14800 = FILL_AREA_STYLE('',(#14801));
#14801 = FILL_AREA_STYLE_COLOUR('',#13530);
#14802 = STYLED_ITEM('color',(#14803),#11528);
#14803 = PRESENTATION_STYLE_ASSIGNMENT((#14804));
#14804 = SURFACE_STYLE_USAGE(.BOTH.,#14805);
#14805 = SURFACE_SIDE_STYLE('',(#14806));
#14806 = SURFACE_STYLE_FILL_AREA(#14807);
#14807 = FILL_AREA_STYLE('',(#14808));
#14808 = FILL_AREA_STYLE_COLOUR('',#13530);
#14809 = STYLED_ITEM('color',(#14810),#11552);
#14810 = PRESENTATION_STYLE_ASSIGNMENT((#14811));
#14811 = SURFACE_STYLE_USAGE(.BOTH.,#14812);
#14812 = SURFACE_SIDE_STYLE('',(#14813));
#14813 = SURFACE_STYLE_FILL_AREA(#14814);
#14814 = FILL_AREA_STYLE('',(#14815));
#14815 = FILL_AREA_STYLE_COLOUR('',#13530);
#14816 = STYLED_ITEM('color',(#14817),#11576);
#14817 = PRESENTATION_STYLE_ASSIGNMENT((#14818));
#14818 = SURFACE_STYLE_USAGE(.BOTH.,#14819);
#14819 = SURFACE_SIDE_STYLE('',(#14820));
#14820 = SURFACE_STYLE_FILL_AREA(#14821);
#14821 = FILL_AREA_STYLE('',(#14822));
#14822 = FILL_AREA_STYLE_COLOUR('',#13530);
#14823 = STYLED_ITEM('color',(#14824),#11593);
#14824 = PRESENTATION_STYLE_ASSIGNMENT((#14825));
#14825 = SURFACE_STYLE_USAGE(.BOTH.,#14826);
#14826 = SURFACE_SIDE_STYLE('',(#14827));
#14827 = SURFACE_STYLE_FILL_AREA(#14828);
#14828 = FILL_AREA_STYLE('',(#14829));
#14829 = FILL_AREA_STYLE_COLOUR('',#13530);
#14830 = STYLED_ITEM('color',(#14831),#11624);
#14831 = PRESENTATION_STYLE_ASSIGNMENT((#14832));
#14832 = SURFACE_STYLE_USAGE(.BOTH.,#14833);
#14833 = SURFACE_SIDE_STYLE('',(#14834));
#14834 = SURFACE_STYLE_FILL_AREA(#14835);
#14835 = FILL_AREA_STYLE('',(#14836));
#14836 = FILL_AREA_STYLE_COLOUR('',#13530);
#14837 = STYLED_ITEM('color',(#14838),#11648);
#14838 = PRESENTATION_STYLE_ASSIGNMENT((#14839));
#14839 = SURFACE_STYLE_USAGE(.BOTH.,#14840);
#14840 = SURFACE_SIDE_STYLE('',(#14841));
#14841 = SURFACE_STYLE_FILL_AREA(#14842);
#14842 = FILL_AREA_STYLE('',(#14843));
#14843 = FILL_AREA_STYLE_COLOUR('',#13530);
#14844 = STYLED_ITEM('color',(#14845),#11672);
#14845 = PRESENTATION_STYLE_ASSIGNMENT((#14846));
#14846 = SURFACE_STYLE_USAGE(.BOTH.,#14847);
#14847 = SURFACE_SIDE_STYLE('',(#14848));
#14848 = SURFACE_STYLE_FILL_AREA(#14849);
#14849 = FILL_AREA_STYLE('',(#14850));
#14850 = FILL_AREA_STYLE_COLOUR('',#13530);
#14851 = STYLED_ITEM('color',(#14852),#11689);
#14852 = PRESENTATION_STYLE_ASSIGNMENT((#14853));
#14853 = SURFACE_STYLE_USAGE(.BOTH.,#14854);
#14854 = SURFACE_SIDE_STYLE('',(#14855));
#14855 = SURFACE_STYLE_FILL_AREA(#14856);
#14856 = FILL_AREA_STYLE('',(#14857));
#14857 = FILL_AREA_STYLE_COLOUR('',#13530);
#14858 = STYLED_ITEM('color',(#14859),#11701);
#14859 = PRESENTATION_STYLE_ASSIGNMENT((#14860));
#14860 = SURFACE_STYLE_USAGE(.BOTH.,#14861);
#14861 = SURFACE_SIDE_STYLE('',(#14862));
#14862 = SURFACE_STYLE_FILL_AREA(#14863);
#14863 = FILL_AREA_STYLE('',(#14864));
#14864 = FILL_AREA_STYLE_COLOUR('',#13530);
#14865 = STYLED_ITEM('color',(#14866),#11713);
#14866 = PRESENTATION_STYLE_ASSIGNMENT((#14867));
#14867 = SURFACE_STYLE_USAGE(.BOTH.,#14868);
#14868 = SURFACE_SIDE_STYLE('',(#14869));
#14869 = SURFACE_STYLE_FILL_AREA(#14870);
#14870 = FILL_AREA_STYLE('',(#14871));
#14871 = FILL_AREA_STYLE_COLOUR('',#13530);
#14872 = STYLED_ITEM('color',(#14873),#11725);
#14873 = PRESENTATION_STYLE_ASSIGNMENT((#14874));
#14874 = SURFACE_STYLE_USAGE(.BOTH.,#14875);
#14875 = SURFACE_SIDE_STYLE('',(#14876));
#14876 = SURFACE_STYLE_FILL_AREA(#14877);
#14877 = FILL_AREA_STYLE('',(#14878));
#14878 = FILL_AREA_STYLE_COLOUR('',#13530);
#14879 = MECHANICAL_DESIGN_GEOMETRIC_PRESENTATION_REPRESENTATION('',(
    #14880),#5488);
#14880 = STYLED_ITEM('color',(#14881),#5101);
#14881 = PRESENTATION_STYLE_ASSIGNMENT((#14882,#14887));
#14882 = SURFACE_STYLE_USAGE(.BOTH.,#14883);
#14883 = SURFACE_SIDE_STYLE('',(#14884));
#14884 = SURFACE_STYLE_FILL_AREA(#14885);
#14885 = FILL_AREA_STYLE('',(#14886));
#14886 = FILL_AREA_STYLE_COLOUR('',#13198);
#14887 = CURVE_STYLE('',#14888,POSITIVE_LENGTH_MEASURE(0.1),#13198);
#14888 = DRAUGHTING_PRE_DEFINED_CURVE_FONT('continuous');
#14889 = MECHANICAL_DESIGN_GEOMETRIC_PRESENTATION_REPRESENTATION('',(
    #14890,#14897,#14904,#14911,#14918,#14925,#14932,#14939,#14946,
    #14953,#14960,#14967,#14974,#14981,#14988,#14995,#15002,#15009,
    #15016,#15023,#15030,#15037,#15044,#15051,#15058,#15065,#15072,
    #15079,#15086,#15093,#15100,#15107,#15114,#15121,#15128,#15135,
    #15142,#15149,#15156,#15163,#15170,#15177,#15184,#15191,#15198,
    #15205,#15212,#15219,#15226,#15233,#15240,#15247,#15254,#15261,
    #15268,#15275,#15282,#15289),#2101);
#14890 = STYLED_ITEM('color',(#14891),#469);
#14891 = PRESENTATION_STYLE_ASSIGNMENT((#14892));
#14892 = SURFACE_STYLE_USAGE(.BOTH.,#14893);
#14893 = SURFACE_SIDE_STYLE('',(#14894));
#14894 = SURFACE_STYLE_FILL_AREA(#14895);
#14895 = FILL_AREA_STYLE('',(#14896));
#14896 = FILL_AREA_STYLE_COLOUR('',#13249);
#14897 = STYLED_ITEM('color',(#14898),#509);
#14898 = PRESENTATION_STYLE_ASSIGNMENT((#14899));
#14899 = SURFACE_STYLE_USAGE(.BOTH.,#14900);
#14900 = SURFACE_SIDE_STYLE('',(#14901));
#14901 = SURFACE_STYLE_FILL_AREA(#14902);
#14902 = FILL_AREA_STYLE('',(#14903));
#14903 = FILL_AREA_STYLE_COLOUR('',#13249);
#14904 = STYLED_ITEM('color',(#14905),#540);
#14905 = PRESENTATION_STYLE_ASSIGNMENT((#14906));
#14906 = SURFACE_STYLE_USAGE(.BOTH.,#14907);
#14907 = SURFACE_SIDE_STYLE('',(#14908));
#14908 = SURFACE_STYLE_FILL_AREA(#14909);
#14909 = FILL_AREA_STYLE('',(#14910));
#14910 = FILL_AREA_STYLE_COLOUR('',#13249);
#14911 = STYLED_ITEM('color',(#14912),#571);
#14912 = PRESENTATION_STYLE_ASSIGNMENT((#14913));
#14913 = SURFACE_STYLE_USAGE(.BOTH.,#14914);
#14914 = SURFACE_SIDE_STYLE('',(#14915));
#14915 = SURFACE_STYLE_FILL_AREA(#14916);
#14916 = FILL_AREA_STYLE('',(#14917));
#14917 = FILL_AREA_STYLE_COLOUR('',#13249);
#14918 = STYLED_ITEM('color',(#14919),#736);
#14919 = PRESENTATION_STYLE_ASSIGNMENT((#14920));
#14920 = SURFACE_STYLE_USAGE(.BOTH.,#14921);
#14921 = SURFACE_SIDE_STYLE('',(#14922));
#14922 = SURFACE_STYLE_FILL_AREA(#14923);
#14923 = FILL_AREA_STYLE('',(#14924));
#14924 = FILL_AREA_STYLE_COLOUR('',#13249);
#14925 = STYLED_ITEM('color',(#14926),#901);
#14926 = PRESENTATION_STYLE_ASSIGNMENT((#14927));
#14927 = SURFACE_STYLE_USAGE(.BOTH.,#14928);
#14928 = SURFACE_SIDE_STYLE('',(#14929));
#14929 = SURFACE_STYLE_FILL_AREA(#14930);
#14930 = FILL_AREA_STYLE('',(#14931));
#14931 = FILL_AREA_STYLE_COLOUR('',#13249);
#14932 = STYLED_ITEM('color',(#14933),#918);
#14933 = PRESENTATION_STYLE_ASSIGNMENT((#14934));
#14934 = SURFACE_STYLE_USAGE(.BOTH.,#14935);
#14935 = SURFACE_SIDE_STYLE('',(#14936));
#14936 = SURFACE_STYLE_FILL_AREA(#14937);
#14937 = FILL_AREA_STYLE('',(#14938));
#14938 = FILL_AREA_STYLE_COLOUR('',#13249);
#14939 = STYLED_ITEM('color',(#14940),#935);
#14940 = PRESENTATION_STYLE_ASSIGNMENT((#14941));
#14941 = SURFACE_STYLE_USAGE(.BOTH.,#14942);
#14942 = SURFACE_SIDE_STYLE('',(#14943));
#14943 = SURFACE_STYLE_FILL_AREA(#14944);
#14944 = FILL_AREA_STYLE('',(#14945));
#14945 = FILL_AREA_STYLE_COLOUR('',#13249);
#14946 = STYLED_ITEM('color',(#14947),#952);
#14947 = PRESENTATION_STYLE_ASSIGNMENT((#14948));
#14948 = SURFACE_STYLE_USAGE(.BOTH.,#14949);
#14949 = SURFACE_SIDE_STYLE('',(#14950));
#14950 = SURFACE_STYLE_FILL_AREA(#14951);
#14951 = FILL_AREA_STYLE('',(#14952));
#14952 = FILL_AREA_STYLE_COLOUR('',#13249);
#14953 = STYLED_ITEM('color',(#14954),#969);
#14954 = PRESENTATION_STYLE_ASSIGNMENT((#14955));
#14955 = SURFACE_STYLE_USAGE(.BOTH.,#14956);
#14956 = SURFACE_SIDE_STYLE('',(#14957));
#14957 = SURFACE_STYLE_FILL_AREA(#14958);
#14958 = FILL_AREA_STYLE('',(#14959));
#14959 = FILL_AREA_STYLE_COLOUR('',#13249);
#14960 = STYLED_ITEM('color',(#14961),#986);
#14961 = PRESENTATION_STYLE_ASSIGNMENT((#14962));
#14962 = SURFACE_STYLE_USAGE(.BOTH.,#14963);
#14963 = SURFACE_SIDE_STYLE('',(#14964));
#14964 = SURFACE_STYLE_FILL_AREA(#14965);
#14965 = FILL_AREA_STYLE('',(#14966));
#14966 = FILL_AREA_STYLE_COLOUR('',#13249);
#14967 = STYLED_ITEM('color',(#14968),#1003);
#14968 = PRESENTATION_STYLE_ASSIGNMENT((#14969));
#14969 = SURFACE_STYLE_USAGE(.BOTH.,#14970);
#14970 = SURFACE_SIDE_STYLE('',(#14971));
#14971 = SURFACE_STYLE_FILL_AREA(#14972);
#14972 = FILL_AREA_STYLE('',(#14973));
#14973 = FILL_AREA_STYLE_COLOUR('',#13249);
#14974 = STYLED_ITEM('color',(#14975),#1020);
#14975 = PRESENTATION_STYLE_ASSIGNMENT((#14976));
#14976 = SURFACE_STYLE_USAGE(.BOTH.,#14977);
#14977 = SURFACE_SIDE_STYLE('',(#14978));
#14978 = SURFACE_STYLE_FILL_AREA(#14979);
#14979 = FILL_AREA_STYLE('',(#14980));
#14980 = FILL_AREA_STYLE_COLOUR('',#13249);
#14981 = STYLED_ITEM('color',(#14982),#1037);
#14982 = PRESENTATION_STYLE_ASSIGNMENT((#14983));
#14983 = SURFACE_STYLE_USAGE(.BOTH.,#14984);
#14984 = SURFACE_SIDE_STYLE('',(#14985));
#14985 = SURFACE_STYLE_FILL_AREA(#14986);
#14986 = FILL_AREA_STYLE('',(#14987));
#14987 = FILL_AREA_STYLE_COLOUR('',#13249);
#14988 = STYLED_ITEM('color',(#14989),#1054);
#14989 = PRESENTATION_STYLE_ASSIGNMENT((#14990));
#14990 = SURFACE_STYLE_USAGE(.BOTH.,#14991);
#14991 = SURFACE_SIDE_STYLE('',(#14992));
#14992 = SURFACE_STYLE_FILL_AREA(#14993);
#14993 = FILL_AREA_STYLE('',(#14994));
#14994 = FILL_AREA_STYLE_COLOUR('',#13249);
#14995 = STYLED_ITEM('color',(#14996),#1071);
#14996 = PRESENTATION_STYLE_ASSIGNMENT((#14997));
#14997 = SURFACE_STYLE_USAGE(.BOTH.,#14998);
#14998 = SURFACE_SIDE_STYLE('',(#14999));
#14999 = SURFACE_STYLE_FILL_AREA(#15000);
#15000 = FILL_AREA_STYLE('',(#15001));
#15001 = FILL_AREA_STYLE_COLOUR('',#13249);
#15002 = STYLED_ITEM('color',(#15003),#1083);
#15003 = PRESENTATION_STYLE_ASSIGNMENT((#15004));
#15004 = SURFACE_STYLE_USAGE(.BOTH.,#15005);
#15005 = SURFACE_SIDE_STYLE('',(#15006));
#15006 = SURFACE_STYLE_FILL_AREA(#15007);
#15007 = FILL_AREA_STYLE('',(#15008));
#15008 = FILL_AREA_STYLE_COLOUR('',#13530);
#15009 = STYLED_ITEM('color',(#15010),#1114);
#15010 = PRESENTATION_STYLE_ASSIGNMENT((#15011));
#15011 = SURFACE_STYLE_USAGE(.BOTH.,#15012);
#15012 = SURFACE_SIDE_STYLE('',(#15013));
#15013 = SURFACE_STYLE_FILL_AREA(#15014);
#15014 = FILL_AREA_STYLE('',(#15015));
#15015 = FILL_AREA_STYLE_COLOUR('',#13530);
#15016 = STYLED_ITEM('color',(#15017),#1163);
#15017 = PRESENTATION_STYLE_ASSIGNMENT((#15018));
#15018 = SURFACE_STYLE_USAGE(.BOTH.,#15019);
#15019 = SURFACE_SIDE_STYLE('',(#15020));
#15020 = SURFACE_STYLE_FILL_AREA(#15021);
#15021 = FILL_AREA_STYLE('',(#15022));
#15022 = FILL_AREA_STYLE_COLOUR('',#13530);
#15023 = STYLED_ITEM('color',(#15024),#1187);
#15024 = PRESENTATION_STYLE_ASSIGNMENT((#15025));
#15025 = SURFACE_STYLE_USAGE(.BOTH.,#15026);
#15026 = SURFACE_SIDE_STYLE('',(#15027));
#15027 = SURFACE_STYLE_FILL_AREA(#15028);
#15028 = FILL_AREA_STYLE('',(#15029));
#15029 = FILL_AREA_STYLE_COLOUR('',#13530);
#15030 = STYLED_ITEM('color',(#15031),#1229);
#15031 = PRESENTATION_STYLE_ASSIGNMENT((#15032));
#15032 = SURFACE_STYLE_USAGE(.BOTH.,#15033);
#15033 = SURFACE_SIDE_STYLE('',(#15034));
#15034 = SURFACE_STYLE_FILL_AREA(#15035);
#15035 = FILL_AREA_STYLE('',(#15036));
#15036 = FILL_AREA_STYLE_COLOUR('',#13530);
#15037 = STYLED_ITEM('color',(#15038),#1260);
#15038 = PRESENTATION_STYLE_ASSIGNMENT((#15039));
#15039 = SURFACE_STYLE_USAGE(.BOTH.,#15040);
#15040 = SURFACE_SIDE_STYLE('',(#15041));
#15041 = SURFACE_STYLE_FILL_AREA(#15042);
#15042 = FILL_AREA_STYLE('',(#15043));
#15043 = FILL_AREA_STYLE_COLOUR('',#13530);
#15044 = STYLED_ITEM('color',(#15045),#1309);
#15045 = PRESENTATION_STYLE_ASSIGNMENT((#15046));
#15046 = SURFACE_STYLE_USAGE(.BOTH.,#15047);
#15047 = SURFACE_SIDE_STYLE('',(#15048));
#15048 = SURFACE_STYLE_FILL_AREA(#15049);
#15049 = FILL_AREA_STYLE('',(#15050));
#15050 = FILL_AREA_STYLE_COLOUR('',#13530);
#15051 = STYLED_ITEM('color',(#15052),#1333);
#15052 = PRESENTATION_STYLE_ASSIGNMENT((#15053));
#15053 = SURFACE_STYLE_USAGE(.BOTH.,#15054);
#15054 = SURFACE_SIDE_STYLE('',(#15055));
#15055 = SURFACE_STYLE_FILL_AREA(#15056);
#15056 = FILL_AREA_STYLE('',(#15057));
#15057 = FILL_AREA_STYLE_COLOUR('',#13530);
#15058 = STYLED_ITEM('color',(#15059),#1375);
#15059 = PRESENTATION_STYLE_ASSIGNMENT((#15060));
#15060 = SURFACE_STYLE_USAGE(.BOTH.,#15061);
#15061 = SURFACE_SIDE_STYLE('',(#15062));
#15062 = SURFACE_STYLE_FILL_AREA(#15063);
#15063 = FILL_AREA_STYLE('',(#15064));
#15064 = FILL_AREA_STYLE_COLOUR('',#13530);
#15065 = STYLED_ITEM('color',(#15066),#1406);
#15066 = PRESENTATION_STYLE_ASSIGNMENT((#15067));
#15067 = SURFACE_STYLE_USAGE(.BOTH.,#15068);
#15068 = SURFACE_SIDE_STYLE('',(#15069));
#15069 = SURFACE_STYLE_FILL_AREA(#15070);
#15070 = FILL_AREA_STYLE('',(#15071));
#15071 = FILL_AREA_STYLE_COLOUR('',#13530);
#15072 = STYLED_ITEM('color',(#15073),#1430);
#15073 = PRESENTATION_STYLE_ASSIGNMENT((#15074));
#15074 = SURFACE_STYLE_USAGE(.BOTH.,#15075);
#15075 = SURFACE_SIDE_STYLE('',(#15076));
#15076 = SURFACE_STYLE_FILL_AREA(#15077);
#15077 = FILL_AREA_STYLE('',(#15078));
#15078 = FILL_AREA_STYLE_COLOUR('',#13530);
#15079 = STYLED_ITEM('color',(#15080),#1454);
#15080 = PRESENTATION_STYLE_ASSIGNMENT((#15081));
#15081 = SURFACE_STYLE_USAGE(.BOTH.,#15082);
#15082 = SURFACE_SIDE_STYLE('',(#15083));
#15083 = SURFACE_STYLE_FILL_AREA(#15084);
#15084 = FILL_AREA_STYLE('',(#15085));
#15085 = FILL_AREA_STYLE_COLOUR('',#13530);
#15086 = STYLED_ITEM('color',(#15087),#1471);
#15087 = PRESENTATION_STYLE_ASSIGNMENT((#15088));
#15088 = SURFACE_STYLE_USAGE(.BOTH.,#15089);
#15089 = SURFACE_SIDE_STYLE('',(#15090));
#15090 = SURFACE_STYLE_FILL_AREA(#15091);
#15091 = FILL_AREA_STYLE('',(#15092));
#15092 = FILL_AREA_STYLE_COLOUR('',#13530);
#15093 = STYLED_ITEM('color',(#15094),#1502);
#15094 = PRESENTATION_STYLE_ASSIGNMENT((#15095));
#15095 = SURFACE_STYLE_USAGE(.BOTH.,#15096);
#15096 = SURFACE_SIDE_STYLE('',(#15097));
#15097 = SURFACE_STYLE_FILL_AREA(#15098);
#15098 = FILL_AREA_STYLE('',(#15099));
#15099 = FILL_AREA_STYLE_COLOUR('',#13530);
#15100 = STYLED_ITEM('color',(#15101),#1526);
#15101 = PRESENTATION_STYLE_ASSIGNMENT((#15102));
#15102 = SURFACE_STYLE_USAGE(.BOTH.,#15103);
#15103 = SURFACE_SIDE_STYLE('',(#15104));
#15104 = SURFACE_STYLE_FILL_AREA(#15105);
#15105 = FILL_AREA_STYLE('',(#15106));
#15106 = FILL_AREA_STYLE_COLOUR('',#13530);
#15107 = STYLED_ITEM('color',(#15108),#1550);
#15108 = PRESENTATION_STYLE_ASSIGNMENT((#15109));
#15109 = SURFACE_STYLE_USAGE(.BOTH.,#15110);
#15110 = SURFACE_SIDE_STYLE('',(#15111));
#15111 = SURFACE_STYLE_FILL_AREA(#15112);
#15112 = FILL_AREA_STYLE('',(#15113));
#15113 = FILL_AREA_STYLE_COLOUR('',#13530);
#15114 = STYLED_ITEM('color',(#15115),#1567);
#15115 = PRESENTATION_STYLE_ASSIGNMENT((#15116));
#15116 = SURFACE_STYLE_USAGE(.BOTH.,#15117);
#15117 = SURFACE_SIDE_STYLE('',(#15118));
#15118 = SURFACE_STYLE_FILL_AREA(#15119);
#15119 = FILL_AREA_STYLE('',(#15120));
#15120 = FILL_AREA_STYLE_COLOUR('',#13530);
#15121 = STYLED_ITEM('color',(#15122),#1584);
#15122 = PRESENTATION_STYLE_ASSIGNMENT((#15123));
#15123 = SURFACE_STYLE_USAGE(.BOTH.,#15124);
#15124 = SURFACE_SIDE_STYLE('',(#15125));
#15125 = SURFACE_STYLE_FILL_AREA(#15126);
#15126 = FILL_AREA_STYLE('',(#15127));
#15127 = FILL_AREA_STYLE_COLOUR('',#13530);
#15128 = STYLED_ITEM('color',(#15129),#1601);
#15129 = PRESENTATION_STYLE_ASSIGNMENT((#15130));
#15130 = SURFACE_STYLE_USAGE(.BOTH.,#15131);
#15131 = SURFACE_SIDE_STYLE('',(#15132));
#15132 = SURFACE_STYLE_FILL_AREA(#15133);
#15133 = FILL_AREA_STYLE('',(#15134));
#15134 = FILL_AREA_STYLE_COLOUR('',#13530);
#15135 = STYLED_ITEM('color',(#15136),#1618);
#15136 = PRESENTATION_STYLE_ASSIGNMENT((#15137));
#15137 = SURFACE_STYLE_USAGE(.BOTH.,#15138);
#15138 = SURFACE_SIDE_STYLE('',(#15139));
#15139 = SURFACE_STYLE_FILL_AREA(#15140);
#15140 = FILL_AREA_STYLE('',(#15141));
#15141 = FILL_AREA_STYLE_COLOUR('',#13530);
#15142 = STYLED_ITEM('color',(#15143),#1649);
#15143 = PRESENTATION_STYLE_ASSIGNMENT((#15144));
#15144 = SURFACE_STYLE_USAGE(.BOTH.,#15145);
#15145 = SURFACE_SIDE_STYLE('',(#15146));
#15146 = SURFACE_STYLE_FILL_AREA(#15147);
#15147 = FILL_AREA_STYLE('',(#15148));
#15148 = FILL_AREA_STYLE_COLOUR('',#13530);
#15149 = STYLED_ITEM('color',(#15150),#1680);
#15150 = PRESENTATION_STYLE_ASSIGNMENT((#15151));
#15151 = SURFACE_STYLE_USAGE(.BOTH.,#15152);
#15152 = SURFACE_SIDE_STYLE('',(#15153));
#15153 = SURFACE_STYLE_FILL_AREA(#15154);
#15154 = FILL_AREA_STYLE('',(#15155));
#15155 = FILL_AREA_STYLE_COLOUR('',#13530);
#15156 = STYLED_ITEM('color',(#15157),#1697);
#15157 = PRESENTATION_STYLE_ASSIGNMENT((#15158));
#15158 = SURFACE_STYLE_USAGE(.BOTH.,#15159);
#15159 = SURFACE_SIDE_STYLE('',(#15160));
#15160 = SURFACE_STYLE_FILL_AREA(#15161);
#15161 = FILL_AREA_STYLE('',(#15162));
#15162 = FILL_AREA_STYLE_COLOUR('',#13530);
#15163 = STYLED_ITEM('color',(#15164),#1714);
#15164 = PRESENTATION_STYLE_ASSIGNMENT((#15165));
#15165 = SURFACE_STYLE_USAGE(.BOTH.,#15166);
#15166 = SURFACE_SIDE_STYLE('',(#15167));
#15167 = SURFACE_STYLE_FILL_AREA(#15168);
#15168 = FILL_AREA_STYLE('',(#15169));
#15169 = FILL_AREA_STYLE_COLOUR('',#13530);
#15170 = STYLED_ITEM('color',(#15171),#1731);
#15171 = PRESENTATION_STYLE_ASSIGNMENT((#15172));
#15172 = SURFACE_STYLE_USAGE(.BOTH.,#15173);
#15173 = SURFACE_SIDE_STYLE('',(#15174));
#15174 = SURFACE_STYLE_FILL_AREA(#15175);
#15175 = FILL_AREA_STYLE('',(#15176));
#15176 = FILL_AREA_STYLE_COLOUR('',#13530);
#15177 = STYLED_ITEM('color',(#15178),#1762);
#15178 = PRESENTATION_STYLE_ASSIGNMENT((#15179));
#15179 = SURFACE_STYLE_USAGE(.BOTH.,#15180);
#15180 = SURFACE_SIDE_STYLE('',(#15181));
#15181 = SURFACE_STYLE_FILL_AREA(#15182);
#15182 = FILL_AREA_STYLE('',(#15183));
#15183 = FILL_AREA_STYLE_COLOUR('',#13530);
#15184 = STYLED_ITEM('color',(#15185),#1793);
#15185 = PRESENTATION_STYLE_ASSIGNMENT((#15186));
#15186 = SURFACE_STYLE_USAGE(.BOTH.,#15187);
#15187 = SURFACE_SIDE_STYLE('',(#15188));
#15188 = SURFACE_STYLE_FILL_AREA(#15189);
#15189 = FILL_AREA_STYLE('',(#15190));
#15190 = FILL_AREA_STYLE_COLOUR('',#13530);
#15191 = STYLED_ITEM('color',(#15192),#1824);
#15192 = PRESENTATION_STYLE_ASSIGNMENT((#15193));
#15193 = SURFACE_STYLE_USAGE(.BOTH.,#15194);
#15194 = SURFACE_SIDE_STYLE('',(#15195));
#15195 = SURFACE_STYLE_FILL_AREA(#15196);
#15196 = FILL_AREA_STYLE('',(#15197));
#15197 = FILL_AREA_STYLE_COLOUR('',#13530);
#15198 = STYLED_ITEM('color',(#15199),#1848);
#15199 = PRESENTATION_STYLE_ASSIGNMENT((#15200));
#15200 = SURFACE_STYLE_USAGE(.BOTH.,#15201);
#15201 = SURFACE_SIDE_STYLE('',(#15202));
#15202 = SURFACE_STYLE_FILL_AREA(#15203);
#15203 = FILL_AREA_STYLE('',(#15204));
#15204 = FILL_AREA_STYLE_COLOUR('',#13530);
#15205 = STYLED_ITEM('color',(#15206),#1872);
#15206 = PRESENTATION_STYLE_ASSIGNMENT((#15207));
#15207 = SURFACE_STYLE_USAGE(.BOTH.,#15208);
#15208 = SURFACE_SIDE_STYLE('',(#15209));
#15209 = SURFACE_STYLE_FILL_AREA(#15210);
#15210 = FILL_AREA_STYLE('',(#15211));
#15211 = FILL_AREA_STYLE_COLOUR('',#13530);
#15212 = STYLED_ITEM('color',(#15213),#1889);
#15213 = PRESENTATION_STYLE_ASSIGNMENT((#15214));
#15214 = SURFACE_STYLE_USAGE(.BOTH.,#15215);
#15215 = SURFACE_SIDE_STYLE('',(#15216));
#15216 = SURFACE_STYLE_FILL_AREA(#15217);
#15217 = FILL_AREA_STYLE('',(#15218));
#15218 = FILL_AREA_STYLE_COLOUR('',#13530);
#15219 = STYLED_ITEM('color',(#15220),#1920);
#15220 = PRESENTATION_STYLE_ASSIGNMENT((#15221));
#15221 = SURFACE_STYLE_USAGE(.BOTH.,#15222);
#15222 = SURFACE_SIDE_STYLE('',(#15223));
#15223 = SURFACE_STYLE_FILL_AREA(#15224);
#15224 = FILL_AREA_STYLE('',(#15225));
#15225 = FILL_AREA_STYLE_COLOUR('',#13530);
#15226 = STYLED_ITEM('color',(#15227),#1944);
#15227 = PRESENTATION_STYLE_ASSIGNMENT((#15228));
#15228 = SURFACE_STYLE_USAGE(.BOTH.,#15229);
#15229 = SURFACE_SIDE_STYLE('',(#15230));
#15230 = SURFACE_STYLE_FILL_AREA(#15231);
#15231 = FILL_AREA_STYLE('',(#15232));
#15232 = FILL_AREA_STYLE_COLOUR('',#13530);
#15233 = STYLED_ITEM('color',(#15234),#1968);
#15234 = PRESENTATION_STYLE_ASSIGNMENT((#15235));
#15235 = SURFACE_STYLE_USAGE(.BOTH.,#15236);
#15236 = SURFACE_SIDE_STYLE('',(#15237));
#15237 = SURFACE_STYLE_FILL_AREA(#15238);
#15238 = FILL_AREA_STYLE('',(#15239));
#15239 = FILL_AREA_STYLE_COLOUR('',#13530);
#15240 = STYLED_ITEM('color',(#15241),#1985);
#15241 = PRESENTATION_STYLE_ASSIGNMENT((#15242));
#15242 = SURFACE_STYLE_USAGE(.BOTH.,#15243);
#15243 = SURFACE_SIDE_STYLE('',(#15244));
#15244 = SURFACE_STYLE_FILL_AREA(#15245);
#15245 = FILL_AREA_STYLE('',(#15246));
#15246 = FILL_AREA_STYLE_COLOUR('',#13530);
#15247 = STYLED_ITEM('color',(#15248),#2002);
#15248 = PRESENTATION_STYLE_ASSIGNMENT((#15249));
#15249 = SURFACE_STYLE_USAGE(.BOTH.,#15250);
#15250 = SURFACE_SIDE_STYLE('',(#15251));
#15251 = SURFACE_STYLE_FILL_AREA(#15252);
#15252 = FILL_AREA_STYLE('',(#15253));
#15253 = FILL_AREA_STYLE_COLOUR('',#13530);
#15254 = STYLED_ITEM('color',(#15255),#2019);
#15255 = PRESENTATION_STYLE_ASSIGNMENT((#15256));
#15256 = SURFACE_STYLE_USAGE(.BOTH.,#15257);
#15257 = SURFACE_SIDE_STYLE('',(#15258));
#15258 = SURFACE_STYLE_FILL_AREA(#15259);
#15259 = FILL_AREA_STYLE('',(#15260));
#15260 = FILL_AREA_STYLE_COLOUR('',#13530);
#15261 = STYLED_ITEM('color',(#15262),#2031);
#15262 = PRESENTATION_STYLE_ASSIGNMENT((#15263));
#15263 = SURFACE_STYLE_USAGE(.BOTH.,#15264);
#15264 = SURFACE_SIDE_STYLE('',(#15265));
#15265 = SURFACE_STYLE_FILL_AREA(#15266);
#15266 = FILL_AREA_STYLE('',(#15267));
#15267 = FILL_AREA_STYLE_COLOUR('',#13530);
#15268 = STYLED_ITEM('color',(#15269),#2048);
#15269 = PRESENTATION_STYLE_ASSIGNMENT((#15270));
#15270 = SURFACE_STYLE_USAGE(.BOTH.,#15271);
#15271 = SURFACE_SIDE_STYLE('',(#15272));
#15272 = SURFACE_STYLE_FILL_AREA(#15273);
#15273 = FILL_AREA_STYLE('',(#15274));
#15274 = FILL_AREA_STYLE_COLOUR('',#13530);
#15275 = STYLED_ITEM('color',(#15276),#2065);
#15276 = PRESENTATION_STYLE_ASSIGNMENT((#15277));
#15277 = SURFACE_STYLE_USAGE(.BOTH.,#15278);
#15278 = SURFACE_SIDE_STYLE('',(#15279));
#15279 = SURFACE_STYLE_FILL_AREA(#15280);
#15280 = FILL_AREA_STYLE('',(#15281));
#15281 = FILL_AREA_STYLE_COLOUR('',#13530);
#15282 = STYLED_ITEM('color',(#15283),#2077);
#15283 = PRESENTATION_STYLE_ASSIGNMENT((#15284));
#15284 = SURFACE_STYLE_USAGE(.BOTH.,#15285);
#15285 = SURFACE_SIDE_STYLE('',(#15286));
#15286 = SURFACE_STYLE_FILL_AREA(#15287);
#15287 = FILL_AREA_STYLE('',(#15288));
#15288 = FILL_AREA_STYLE_COLOUR('',#13530);
#15289 = STYLED_ITEM('color',(#15290),#2089);
#15290 = PRESENTATION_STYLE_ASSIGNMENT((#15291));
#15291 = SURFACE_STYLE_USAGE(.BOTH.,#15292);
#15292 = SURFACE_SIDE_STYLE('',(#15293));
#15293 = SURFACE_STYLE_FILL_AREA(#15294);
#15294 = FILL_AREA_STYLE('',(#15295));
#15295 = FILL_AREA_STYLE_COLOUR('',#13530);
ENDSEC;
END-ISO-10303-21;
