ISO-10303-21;
HEADER;
FILE_DESCRIPTION(('KiCad electronic assembly'),'2;1');
FILE_NAME('line-follower-sensor-array-v2.step','2026-10-07T13:32:18',(
    'Pcbnew'),('Kicad'),'Open CASCADE STEP processor 7.8',
  'KiCad to STEP converter','Unknown');
FILE_SCHEMA(('AUTOMOTIVE_DESIGN { 1 0 10303 214 1 1 1 1 }'));
ENDSEC;
DATA;
#1 = APPLICATION_PROTOCOL_DEFINITION('international standard',
  'automotive_design',2000,#2);
#2 = APPLICATION_CONTEXT(
  'core data for automotive mechanical design processes');
#3 = SHAPE_DEFINITION_REPRESENTATION(#4,#10);
#4 = PRODUCT_DEFINITION_SHAPE('','',#5);
#5 = PRODUCT_DEFINITION('design','',#6,#9);
#6 = PRODUCT_DEFINITION_FORMATION('','',#7);
#7 = PRODUCT('line-follower-sensor-array-v2 1',
  'line-follower-sensor-array-v2 1','',(#8));
#8 = PRODUCT_CONTEXT('',#2,'mechanical');
#9 = PRODUCT_DEFINITION_CONTEXT('part definition',#2,'design');
#10 = SHAPE_REPRESENTATION('',(#11,#15,#19,#23,#27,#31,#35,#39,#43,#47,
    #51,#55,#59,#63,#67,#71,#75,#79,#83,#87,#91),#95);
#11 = AXIS2_PLACEMENT_3D('',#12,#13,#14);
#12 = CARTESIAN_POINT('',(0.,0.,0.));
#13 = DIRECTION('',(0.,0.,1.));
#14 = DIRECTION('',(1.,0.,-0.));
#15 = AXIS2_PLACEMENT_3D('',#16,#17,#18);
#16 = CARTESIAN_POINT('',(139.,-64.,1.095));
#17 = DIRECTION('',(1.224646799147E-16,1.,1.110223024625E-16));
#18 = DIRECTION('',(-1.,1.224646799147E-16,0.));
#19 = AXIS2_PLACEMENT_3D('',#20,#21,#22);
#20 = CARTESIAN_POINT('',(140.75,-69.37,1.595));
#21 = DIRECTION('',(0.,0.,1.));
#22 = DIRECTION('',(1.,0.,0.));
#23 = AXIS2_PLACEMENT_3D('',#24,#25,#26);
#24 = CARTESIAN_POINT('',(135.75,-69.37,1.595));
#25 = DIRECTION('',(0.,0.,1.));
#26 = DIRECTION('',(-1.,1.224646799147E-16,0.));
#27 = AXIS2_PLACEMENT_3D('',#28,#29,#30);
#28 = CARTESIAN_POINT('',(204.,-69.1,1.595));
#29 = DIRECTION('',(0.,0.,1.));
#30 = DIRECTION('',(1.,0.,0.));
#31 = AXIS2_PLACEMENT_3D('',#32,#33,#34);
#32 = CARTESIAN_POINT('',(185.25,-62.73,1.595));
#33 = DIRECTION('',(0.,0.,1.));
#34 = DIRECTION('',(-1.,1.224646799147E-16,0.));
#35 = AXIS2_PLACEMENT_3D('',#36,#37,#38);
#36 = CARTESIAN_POINT('',(187.,-69.4375,1.595));
#37 = DIRECTION('',(-0.,0.,1.));
#38 = DIRECTION('',(1.110223024625E-16,-1.,0.));
#39 = AXIS2_PLACEMENT_3D('',#40,#41,#42);
#40 = CARTESIAN_POINT('',(187.25,-57.73,1.095));
#41 = DIRECTION('',(1.224646799147E-16,1.,1.110223024625E-16));
#42 = DIRECTION('',(-1.,1.224646799147E-16,0.));
#43 = AXIS2_PLACEMENT_3D('',#44,#45,#46);
#44 = CARTESIAN_POINT('',(173.,-77.,1.595));
#45 = DIRECTION('',(-0.,0.,1.));
#46 = DIRECTION('',(1.110223024625E-16,-1.,0.));
#47 = AXIS2_PLACEMENT_3D('',#48,#49,#50);
#48 = CARTESIAN_POINT('',(154.,-58.1,1.095));
#49 = DIRECTION('',(1.224646799147E-16,1.,1.110223024625E-16));
#50 = DIRECTION('',(-1.,1.224646799147E-16,0.));
#51 = AXIS2_PLACEMENT_3D('',#52,#53,#54);
#52 = CARTESIAN_POINT('',(167.,-60.,1.595));
#53 = DIRECTION('',(0.,0.,1.));
#54 = DIRECTION('',(-1.,1.224646799147E-16,0.));
#55 = AXIS2_PLACEMENT_3D('',#56,#57,#58);
#56 = CARTESIAN_POINT('',(170.25,-54.73,1.095));
#57 = DIRECTION('',(1.224646799147E-16,1.,1.110223024625E-16));
#58 = DIRECTION('',(-1.,1.224646799147E-16,0.));
#59 = AXIS2_PLACEMENT_3D('',#60,#61,#62);
#60 = CARTESIAN_POINT('',(189.25,-62.73,1.595));
#61 = DIRECTION('',(0.,0.,1.));
#62 = DIRECTION('',(1.,0.,0.));
#63 = AXIS2_PLACEMENT_3D('',#64,#65,#66);
#64 = CARTESIAN_POINT('',(199.,-69.1,1.595));
#65 = DIRECTION('',(0.,0.,1.));
#66 = DIRECTION('',(-1.,1.224646799147E-16,0.));
#67 = AXIS2_PLACEMENT_3D('',#68,#69,#70);
#68 = CARTESIAN_POINT('',(149.75,-63.47,1.595));
#69 = DIRECTION('',(0.,0.,1.));
#70 = DIRECTION('',(-1.,1.224646799147E-16,0.));
#71 = AXIS2_PLACEMENT_3D('',#72,#73,#74);
#72 = CARTESIAN_POINT('',(202.,-64.1,1.095));
#73 = DIRECTION('',(1.224646799147E-16,1.,1.110223024625E-16));
#74 = DIRECTION('',(-1.,1.224646799147E-16,0.));
#75 = AXIS2_PLACEMENT_3D('',#76,#77,#78);
#76 = CARTESIAN_POINT('',(154.75,-63.47,1.595));
#77 = DIRECTION('',(0.,0.,1.));
#78 = DIRECTION('',(1.,0.,0.));
#79 = AXIS2_PLACEMENT_3D('',#80,#81,#82);
#80 = CARTESIAN_POINT('',(163.,-71.9,1.595));
#81 = DIRECTION('',(-0.,0.,1.));
#82 = DIRECTION('',(1.110223024625E-16,-1.,0.));
#83 = AXIS2_PLACEMENT_3D('',#84,#85,#86);
#84 = CARTESIAN_POINT('',(172.,-60.,1.595));
#85 = DIRECTION('',(0.,0.,1.));
#86 = DIRECTION('',(1.,0.,0.));
#87 = AXIS2_PLACEMENT_3D('',#88,#89,#90);
#88 = CARTESIAN_POINT('',(181.4375,-75.,1.595));
#89 = DIRECTION('',(0.,0.,1.));
#90 = DIRECTION('',(-1.,1.224646799147E-16,0.));
#91 = AXIS2_PLACEMENT_3D('',#92,#93,#94);
#92 = CARTESIAN_POINT('',(0.,0.,0.));
#93 = DIRECTION('',(0.,0.,1.));
#94 = DIRECTION('',(1.,0.,-0.));
#95 = ( GEOMETRIC_REPRESENTATION_CONTEXT(3) 
GLOBAL_UNCERTAINTY_ASSIGNED_CONTEXT((#99)) GLOBAL_UNIT_ASSIGNED_CONTEXT(
(#96,#97,#98)) REPRESENTATION_CONTEXT('Context #1',
  '3D Context with UNIT and UNCERTAINTY') );
#96 = ( LENGTH_UNIT() NAMED_UNIT(*) SI_UNIT(.MILLI.,.METRE.) );
#97 = ( NAMED_UNIT(*) PLANE_ANGLE_UNIT() SI_UNIT($,.RADIAN.) );
#98 = ( NAMED_UNIT(*) SI_UNIT($,.STERADIAN.) SOLID_ANGLE_UNIT() );
#99 = UNCERTAINTY_MEASURE_WITH_UNIT(LENGTH_MEASURE(2.E-06),#96,
  'distance_accuracy_value','confusion accuracy');
#100 = PRODUCT_RELATED_PRODUCT_CATEGORY('part',$,(#7));
#101 = SHAPE_DEFINITION_REPRESENTATION(#102,#108);
#102 = PRODUCT_DEFINITION_SHAPE('','',#103);
#103 = PRODUCT_DEFINITION('design','',#104,#107);
#104 = PRODUCT_DEFINITION_FORMATION('','',#105);
#105 = PRODUCT('TCRT5000','TCRT5000','',(#106));
#106 = PRODUCT_CONTEXT('',#2,'mechanical');
#107 = PRODUCT_DEFINITION_CONTEXT('part definition',#2,'design');
#108 = SHAPE_REPRESENTATION('',(#11,#109,#527,#945,#1359,#1773,#2187,
    #2601),#6881);
#109 = MANIFOLD_SOLID_BREP('',#110);
#110 = CLOSED_SHELL('',(#111,#171,#194,#217,#242,#365,#383,#400,#515));
#111 = ADVANCED_FACE('',(#112),#166,.F.);
#112 = FACE_BOUND('',#113,.T.);
#113 = EDGE_LOOP('',(#114,#124,#133,#142,#150,#159));
#114 = ORIENTED_EDGE('',*,*,#115,.T.);
#115 = EDGE_CURVE('',#116,#118,#120,.T.);
#116 = VERTEX_POINT('',#117);
#117 = CARTESIAN_POINT('',(2.525,4.4,-1.5));
#118 = VERTEX_POINT('',#119);
#119 = CARTESIAN_POINT('',(2.578733341286,4.4,-1.5));
#120 = LINE('',#121,#122);
#121 = CARTESIAN_POINT('',(4.175,4.4,-1.5));
#122 = VECTOR('',#123,1.);
#123 = DIRECTION('',(1.,-0.,-0.));
#124 = ORIENTED_EDGE('',*,*,#125,.T.);
#125 = EDGE_CURVE('',#118,#126,#128,.T.);
#126 = VERTEX_POINT('',#127);
#127 = CARTESIAN_POINT('',(4.175,4.4,0.));
#128 = ( BOUNDED_CURVE() B_SPLINE_CURVE(3,(#129,#130,#131,#132),
.UNSPECIFIED.,.F.,.F.) B_SPLINE_CURVE_WITH_KNOTS((4,4),(4.712388980385,
6.28318530718),.PIECEWISE_BEZIER_KNOTS.) CURVE() 
GEOMETRIC_REPRESENTATION_ITEM() RATIONAL_B_SPLINE_CURVE((1.,
0.804737854124,0.804737854124,1.)) REPRESENTATION_ITEM('') );
#129 = CARTESIAN_POINT('',(2.578733341286,4.4,-1.5));
#130 = CARTESIAN_POINT('',(3.513804700797,4.4,-1.5));
#131 = CARTESIAN_POINT('',(4.175,4.4,-0.87867965644));
#132 = CARTESIAN_POINT('',(4.175,4.4,0.));
#133 = ORIENTED_EDGE('',*,*,#134,.T.);
#134 = EDGE_CURVE('',#126,#135,#137,.T.);
#135 = VERTEX_POINT('',#136);
#136 = CARTESIAN_POINT('',(2.578733341286,4.4,1.5));
#137 = ( BOUNDED_CURVE() B_SPLINE_CURVE(3,(#138,#139,#140,#141),
.UNSPECIFIED.,.F.,.F.) B_SPLINE_CURVE_WITH_KNOTS((4,4),(3.14159265359,
4.712388980385),.PIECEWISE_BEZIER_KNOTS.) CURVE() 
GEOMETRIC_REPRESENTATION_ITEM() RATIONAL_B_SPLINE_CURVE((1.,
0.804737854124,0.804737854124,1.)) REPRESENTATION_ITEM('') );
#138 = CARTESIAN_POINT('',(4.175,4.4,0.));
#139 = CARTESIAN_POINT('',(4.175,4.4,0.87867965644));
#140 = CARTESIAN_POINT('',(3.513804700797,4.4,1.5));
#141 = CARTESIAN_POINT('',(2.578733341286,4.4,1.5));
#142 = ORIENTED_EDGE('',*,*,#143,.F.);
#143 = EDGE_CURVE('',#144,#135,#146,.T.);
#144 = VERTEX_POINT('',#145);
#145 = CARTESIAN_POINT('',(2.525,4.4,1.5));
#146 = LINE('',#147,#148);
#147 = CARTESIAN_POINT('',(4.175,4.4,1.5));
#148 = VECTOR('',#149,1.);
#149 = DIRECTION('',(1.,-0.,-0.));
#150 = ORIENTED_EDGE('',*,*,#151,.T.);
#151 = EDGE_CURVE('',#144,#152,#154,.T.);
#152 = VERTEX_POINT('',#153);
#153 = CARTESIAN_POINT('',(1.025,4.4,0.));
#154 = CIRCLE('',#155,1.5);
#155 = AXIS2_PLACEMENT_3D('',#156,#157,#158);
#156 = CARTESIAN_POINT('',(2.525,4.4,0.));
#157 = DIRECTION('',(0.,-1.,0.));
#158 = DIRECTION('',(0.,0.,1.));
#159 = ORIENTED_EDGE('',*,*,#160,.T.);
#160 = EDGE_CURVE('',#152,#116,#161,.T.);
#161 = CIRCLE('',#162,1.5);
#162 = AXIS2_PLACEMENT_3D('',#163,#164,#165);
#163 = CARTESIAN_POINT('',(2.525,4.4,0.));
#164 = DIRECTION('',(0.,-1.,0.));
#165 = DIRECTION('',(0.,0.,1.));
#166 = PLANE('',#167);
#167 = AXIS2_PLACEMENT_3D('',#168,#169,#170);
#168 = CARTESIAN_POINT('',(4.175,4.4,1.5));
#169 = DIRECTION('',(0.,1.,-0.));
#170 = DIRECTION('',(0.,0.,1.));
#171 = ADVANCED_FACE('',(#172),#189,.F.);
#172 = FACE_BOUND('',#173,.T.);
#173 = EDGE_LOOP('',(#174,#175,#183));
#174 = ORIENTED_EDGE('',*,*,#143,.T.);
#175 = ORIENTED_EDGE('',*,*,#176,.T.);
#176 = EDGE_CURVE('',#135,#177,#179,.T.);
#177 = VERTEX_POINT('',#178);
#178 = CARTESIAN_POINT('',(2.525,4.547631141855,1.5));
#179 = LINE('',#180,#181);
#180 = CARTESIAN_POINT('',(2.212588037159,5.40597595533,1.5));
#181 = VECTOR('',#182,1.);
#182 = DIRECTION('',(-0.342020143326,0.939692620786,0.));
#183 = ORIENTED_EDGE('',*,*,#184,.T.);
#184 = EDGE_CURVE('',#177,#144,#185,.T.);
#185 = LINE('',#186,#187);
#186 = CARTESIAN_POINT('',(2.525,5.461062613475,1.5));
#187 = VECTOR('',#188,1.);
#188 = DIRECTION('',(0.,-1.,0.));
#189 = PLANE('',#190);
#190 = AXIS2_PLACEMENT_3D('',#191,#192,#193);
#191 = CARTESIAN_POINT('',(2.363937386525,5.461062613475,1.5));
#192 = DIRECTION('',(-0.,0.,-1.));
#193 = DIRECTION('',(-1.,0.,0.));
#194 = ADVANCED_FACE('',(#195),#212,.T.);
#195 = FACE_BOUND('',#196,.T.);
#196 = EDGE_LOOP('',(#197,#205,#211));
#197 = ORIENTED_EDGE('',*,*,#198,.T.);
#198 = EDGE_CURVE('',#116,#199,#201,.T.);
#199 = VERTEX_POINT('',#200);
#200 = CARTESIAN_POINT('',(2.525,4.547631141855,-1.5));
#201 = LINE('',#202,#203);
#202 = CARTESIAN_POINT('',(2.525,5.461062613475,-1.5));
#203 = VECTOR('',#204,1.);
#204 = DIRECTION('',(-0.,1.,-0.));
#205 = ORIENTED_EDGE('',*,*,#206,.T.);
#206 = EDGE_CURVE('',#199,#118,#207,.T.);
#207 = LINE('',#208,#209);
#208 = CARTESIAN_POINT('',(2.765461068821,3.886969785011,-1.5));
#209 = VECTOR('',#210,1.);
#210 = DIRECTION('',(0.342020143326,-0.939692620786,-0.));
#211 = ORIENTED_EDGE('',*,*,#115,.F.);
#212 = PLANE('',#213);
#213 = AXIS2_PLACEMENT_3D('',#214,#215,#216);
#214 = CARTESIAN_POINT('',(2.363937386525,5.461062613475,-1.5));
#215 = DIRECTION('',(-0.,0.,-1.));
#216 = DIRECTION('',(-1.,0.,0.));
#217 = ADVANCED_FACE('',(#218),#237,.T.);
#218 = FACE_BOUND('',#219,.T.);
#219 = EDGE_LOOP('',(#220,#229,#235,#236));
#220 = ORIENTED_EDGE('',*,*,#221,.F.);
#221 = EDGE_CURVE('',#222,#177,#224,.T.);
#222 = VERTEX_POINT('',#223);
#223 = CARTESIAN_POINT('',(1.025,5.461062613475,0.));
#224 = ( BOUNDED_CURVE() B_SPLINE_CURVE(3,(#225,#226,#227,#228),
.UNSPECIFIED.,.F.,.F.) B_SPLINE_CURVE_WITH_KNOTS((4,4),(3.14159265359,
4.712388980385),.PIECEWISE_BEZIER_KNOTS.) CURVE() 
GEOMETRIC_REPRESENTATION_ITEM() RATIONAL_B_SPLINE_CURVE((1.,
0.804737854124,0.804737854124,1.)) REPRESENTATION_ITEM('') );
#225 = CARTESIAN_POINT('',(1.025,5.461062613475,0.));
#226 = CARTESIAN_POINT('',(1.025,5.461062613475,0.87867965644));
#227 = CARTESIAN_POINT('',(1.64632034356,5.082706909632,1.5));
#228 = CARTESIAN_POINT('',(2.525,4.547631141855,1.5));
#229 = ORIENTED_EDGE('',*,*,#230,.F.);
#230 = EDGE_CURVE('',#152,#222,#231,.T.);
#231 = LINE('',#232,#233);
#232 = CARTESIAN_POINT('',(1.025,4.4,0.));
#233 = VECTOR('',#234,1.);
#234 = DIRECTION('',(-0.,1.,-0.));
#235 = ORIENTED_EDGE('',*,*,#151,.F.);
#236 = ORIENTED_EDGE('',*,*,#184,.F.);
#237 = CYLINDRICAL_SURFACE('',#238,1.5);
#238 = AXIS2_PLACEMENT_3D('',#239,#240,#241);
#239 = CARTESIAN_POINT('',(2.525,5.461062613475,0.));
#240 = DIRECTION('',(0.,-1.,0.));
#241 = DIRECTION('',(0.,0.,-1.));
#242 = ADVANCED_FACE('',(#243),#262,.T.);
#243 = FACE_BOUND('',#244,.T.);
#244 = EDGE_LOOP('',(#245,#254,#255));
#245 = ORIENTED_EDGE('',*,*,#246,.F.);
#246 = EDGE_CURVE('',#222,#247,#249,.T.);
#247 = VERTEX_POINT('',#248);
#248 = CARTESIAN_POINT('',(3.622126968337,5.919006170318,0.));
#249 = CIRCLE('',#250,1.338937386525);
#250 = AXIS2_PLACEMENT_3D('',#251,#252,#253);
#251 = CARTESIAN_POINT('',(2.363937386525,5.461062613475,0.));
#252 = DIRECTION('',(0.,0.,-1.));
#253 = DIRECTION('',(-1.,0.,0.));
#254 = ORIENTED_EDGE('',*,*,#221,.T.);
#255 = ORIENTED_EDGE('',*,*,#256,.F.);
#256 = EDGE_CURVE('',#247,#177,#257,.T.);
#257 = ( BOUNDED_CURVE() B_SPLINE_CURVE(3,(#258,#259,#260,#261),
.UNSPECIFIED.,.F.,.F.) B_SPLINE_CURVE_WITH_KNOTS((4,4),(3.14159265359,
4.712388980385),.PIECEWISE_BEZIER_KNOTS.) CURVE() 
GEOMETRIC_REPRESENTATION_ITEM() RATIONAL_B_SPLINE_CURVE((1.,
0.804737854124,0.804737854124,1.)) REPRESENTATION_ITEM('') );
#258 = CARTESIAN_POINT('',(3.622126968337,5.919006170318,0.));
#259 = CARTESIAN_POINT('',(3.622126968337,5.919006170318,0.87867965644)
  );
#260 = CARTESIAN_POINT('',(3.167682098407,5.350964034429,1.5));
#261 = CARTESIAN_POINT('',(2.525,4.547631141855,1.5));
#262 = ( BOUNDED_SURFACE() B_SPLINE_SURFACE(3,2,(
    (#263,#264,#265)
    ,(#266,#267,#268)
    ,(#269,#270,#271)
    ,(#272,#273,#274)
    ,(#275,#276,#277)
    ,(#278,#279,#280)
    ,(#281,#282,#283)
    ,(#284,#285,#286)
    ,(#287,#288,#289)
    ,(#290,#291,#292)
    ,(#293,#294,#295)
    ,(#296,#297,#298)
    ,(#299,#300,#301)
    ,(#302,#303,#304)
    ,(#305,#306,#307)
    ,(#308,#309,#310)
    ,(#311,#312,#313)
    ,(#314,#315,#316)
    ,(#317,#318,#319)
    ,(#320,#321,#322)
    ,(#323,#324,#325)
    ,(#326,#327,#328)
    ,(#329,#330,#331)
    ,(#332,#333,#334)
    ,(#335,#336,#337)
    ,(#338,#339,#340)
    ,(#341,#342,#343)
    ,(#344,#345,#346)
    ,(#347,#348,#349)
    ,(#350,#351,#352)
    ,(#353,#354,#355)
    ,(#356,#357,#358)
    ,(#359,#360,#361)
    ,(#362,#363,#364
)),.UNSPECIFIED.,.F.,.F.,.F.) B_SPLINE_SURFACE_WITH_KNOTS((4,2,2,2,2,2,2
    ,2,2,2,2,2,2,2,2,2,4),(3,3),(1.570796326795,1.963495408494,
    2.159844949343,2.356194490192,2.552544031042,2.650718801466,
    2.748893571891,2.847068342316,2.896155727528,2.94524311274,
    2.994330497953,3.018874190559,3.043417883165,3.067961575771,
    3.092505268377,3.117048960984,3.14159265359),(0.,1.),.UNSPECIFIED.) 
GEOMETRIC_REPRESENTATION_ITEM() RATIONAL_B_SPLINE_SURFACE((
    (1.,1.,1.)
    ,(1.,1.000131127444,1.)
    ,(1.,0.974723772114,1.)
    ,(1.,0.902037594454,1.)
    ,(1.,0.872078246289,1.)
    ,(1.,0.802017213674,1.)
    ,(1.,0.761911250211,1.)
    ,(1.,0.673465835859,1.)
    ,(1.,0.625106802452,1.)
    ,(1.,0.548484212072,1.)
    ,(1.,0.522269948632,1.)
    ,(1.,0.469028138674,1.)
    ,(1.,0.441993003994,1.)
    ,(1.,0.387909143032,1.)
    ,(1.,0.360839629077,1.)
    ,(1.,0.321302666671,1.)
    ,(1.,0.308307078504,1.)
    ,(1.,0.283006045521,1.)
    ,(1.,0.270695741388,1.)
    ,(1.,0.247247370842,1.)
    ,(1.,0.236102021778,1.)
    ,(1.,0.220810635211,1.)
    ,(1.,0.215950372317,1.)
    ,(1.,0.206831977671,1.)
    ,(1.,0.202568562385,1.)
    ,(1.,0.194779406328,1.)
    ,(1.,0.191247449586,1.)
    ,(1.,0.185062266181,1.)
    ,(1.,0.182402564114,1.)
    ,(1.,0.178090027445,1.)
    ,(1.,0.176431641638,1.)
    ,(1.,0.174212341824,1.)
    ,(1.,0.173646648733,1.)
,(1.,0.173648177667,1.))) REPRESENTATION_ITEM('') SURFACE() );
#263 = CARTESIAN_POINT('',(2.525,4.547631141855,1.5));
#264 = CARTESIAN_POINT('',(2.525,4.547631141855,1.5));
#265 = CARTESIAN_POINT('',(2.525,4.547631141855,1.5));
#266 = CARTESIAN_POINT('',(2.668639454961,4.727176050805,1.5));
#267 = CARTESIAN_POINT('',(2.49856684957,4.697540987323,1.499999997828)
  );
#268 = CARTESIAN_POINT('',(2.328615088627,4.667220580922,1.5));
#269 = CARTESIAN_POINT('',(2.812170692796,4.906585691668,1.460958998036)
  );
#270 = CARTESIAN_POINT('',(2.471064260191,4.853515922461,1.529198949353)
  );
#271 = CARTESIAN_POINT('',(2.1323781325,4.786719922003,1.460958998036));
#272 = CARTESIAN_POINT('',(3.011193124578,5.155357621377,1.348249449133)
  );
#273 = CARTESIAN_POINT('',(2.431465892023,5.078089427937,1.623772253476)
  );
#274 = CARTESIAN_POINT('',(1.860273210929,4.952419387966,1.348249449133)
  );
#275 = CARTESIAN_POINT('',(3.07482593632,5.234896682519,1.301747383454)
  );
#276 = CARTESIAN_POINT('',(2.417499172128,5.15729863256,1.667519562439)
  );
#277 = CARTESIAN_POINT('',(1.773273966203,5.005397953393,1.301747383454)
  );
#278 = CARTESIAN_POINT('',(3.194236234582,5.384155889433,1.192661453454)
  );
#279 = CARTESIAN_POINT('',(2.388287219525,5.322967848271,1.783022097051)
  );
#280 = CARTESIAN_POINT('',(1.610015334738,5.104815001388,1.192661453454)
  );
#281 = CARTESIAN_POINT('',(3.250010868559,5.453872469613,1.130080191578)
  );
#282 = CARTESIAN_POINT('',(2.372558037596,5.412172471783,1.858973298972)
  );
#283 = CARTESIAN_POINT('',(1.533759848019,5.151251109024,1.130080191578)
  );
#284 = CARTESIAN_POINT('',(3.35156096971,5.580806978449,0.991240151981)
  );
#285 = CARTESIAN_POINT('',(2.336597140242,5.616116855164,2.057256261084)
  );
#286 = CARTESIAN_POINT('',(1.394919808422,5.235798350149,0.991240151981)
  );
#287 = CARTESIAN_POINT('',(3.397334042212,5.638021913837,0.914984639839)
  );
#288 = CARTESIAN_POINT('',(2.315322275798,5.736772607101,2.189182866314)
  );
#289 = CARTESIAN_POINT('',(1.332338529559,5.273907489914,0.914984639839)
  );
#290 = CARTESIAN_POINT('',(3.45717458141,5.712820750721,0.792540704375)
  );
#291 = CARTESIAN_POINT('',(2.274317635718,5.969321476905,2.436982660136)
  );
#292 = CARTESIAN_POINT('',(1.25052410754,5.323728735184,0.792540704375)
  );
#293 = CARTESIAN_POINT('',(3.47565487266,5.735920547436,0.75038627993));
#294 = CARTESIAN_POINT('',(2.25755743177,6.064373316847,2.536903896689)
  );
#295 = CARTESIAN_POINT('',(1.225257718438,5.339114811837,0.75038627993)
  );
#296 = CARTESIAN_POINT('',(3.509504333474,5.77823133427,0.663803930548)
  );
#297 = CARTESIAN_POINT('',(2.216259585279,6.298585042843,2.765634325176)
  );
#298 = CARTESIAN_POINT('',(1.178978488517,5.367296748566,0.663803930548)
  );
#299 = CARTESIAN_POINT('',(3.524873531226,5.797442359624,0.619375928024)
  );
#300 = CARTESIAN_POINT('',(2.190725540309,6.443395807865,2.898611819761)
  );
#301 = CARTESIAN_POINT('',(1.157965609156,5.38009263211,0.619375928024)
  );
#302 = CARTESIAN_POINT('',(3.55235277,5.831790564475,0.528674369071));
#303 = CARTESIAN_POINT('',(2.124061444923,6.821466680047,3.195650844202)
  );
#304 = CARTESIAN_POINT('',(1.12039579331,5.402970933562,0.528674369071)
  );
#305 = CARTESIAN_POINT('',(3.564462861725,5.84692780735,0.482400633426)
  );
#306 = CARTESIAN_POINT('',(2.080589483464,7.068008424731,3.365387876262)
  );
#307 = CARTESIAN_POINT('',(1.103838787501,5.413053393683,0.482400633426)
  );
#308 = CARTESIAN_POINT('',(3.58009614327,5.866468929336,0.41194020711));
#309 = CARTESIAN_POINT('',(1.994624190549,7.555541827562,3.608120570722)
  );
#310 = CARTESIAN_POINT('',(1.082464850852,5.426069144621,0.41194020711)
  );
#311 = CARTESIAN_POINT('',(3.584885550858,5.872455541785,0.388278365986)
  );
#312 = CARTESIAN_POINT('',(1.9598771717,7.752601963842,3.691145245066));
#313 = CARTESIAN_POINT('',(1.075916737836,5.430056646294,0.388278365986)
  );
#314 = CARTESIAN_POINT('',(3.593609345162,5.883360016844,0.340662173724)
  );
#315 = CARTESIAN_POINT('',(1.878082570289,8.216482199769,3.837018531842)
  );
#316 = CARTESIAN_POINT('',(1.06398950258,5.437319787662,0.340662173724)
  );
#317 = CARTESIAN_POINT('',(3.597543788844,5.888277950659,0.316707505923)
  );
#318 = CARTESIAN_POINT('',(1.830080518889,8.488715361179,3.897939276461)
  );
#319 = CARTESIAN_POINT('',(1.058610302458,5.440595474784,0.316707505923)
  );
#320 = CARTESIAN_POINT('',(3.604548173714,5.89703321671,0.268563460125)
  );
#321 = CARTESIAN_POINT('',(1.718046001367,9.124094683568,3.957312351014)
  );
#322 = CARTESIAN_POINT('',(1.049033856333,5.446427092969,0.268563460125)
  );
#323 = CARTESIAN_POINT('',(3.607618174357,5.900870623264,0.244373663715)
  );
#324 = CARTESIAN_POINT('',(1.652893379709,9.493593562283,3.949742878628)
  );
#325 = CARTESIAN_POINT('',(1.044836529043,5.448983073531,0.244373663715)
  );
#326 = CARTESIAN_POINT('',(3.611569251114,5.905809347912,0.207956735667)
  );
#327 = CARTESIAN_POINT('',(1.545833393002,10.100760918498,3.8323648694)
  );
#328 = CARTESIAN_POINT('',(1.039434588058,5.4522726088,0.207956735667));
#329 = CARTESIAN_POINT('',(3.612777327956,5.907319406876,0.195795516304)
  );
#330 = CARTESIAN_POINT('',(1.507344689203,10.319041204614,3.772153611667
    ));
#331 = CARTESIAN_POINT('',(1.037782896581,5.453278413451,0.195795516304)
  );
#332 = CARTESIAN_POINT('',(3.614974797907,5.910066176853,0.171436509294)
  );
#333 = CARTESIAN_POINT('',(1.42783188,10.769980753876,3.599150239052));
#334 = CARTESIAN_POINT('',(1.034778499623,5.455107953941,0.171436509294)
  );
#335 = CARTESIAN_POINT('',(3.615964219375,5.911302923312,0.159238404561)
  );
#336 = CARTESIAN_POINT('',(1.386826202001,11.00253551001,3.485063990556)
  );
#337 = CARTESIAN_POINT('',(1.033425755369,5.45593171339,0.159238404561)
  );
#338 = CARTESIAN_POINT('',(3.617723784845,5.91350232613,0.134813016427)
  );
#339 = CARTESIAN_POINT('',(1.305116795542,11.465932581357,3.190562845892
    ));
#340 = CARTESIAN_POINT('',(1.031020064614,5.457396669155,0.134813016427)
  );
#341 = CARTESIAN_POINT('',(3.618493954485,5.914465014537,0.12258537363)
  );
#342 = CARTESIAN_POINT('',(1.26455152278,11.69598967528,3.008982094582)
  );
#343 = CARTESIAN_POINT('',(1.02996708306,5.458037886816,0.12258537363));
#344 = CARTESIAN_POINT('',(3.619814556091,5.916115726001,
    9.81083171686E-02));
#345 = CARTESIAN_POINT('',(1.188255712039,12.128684719649,2.57205789764)
  );
#346 = CARTESIAN_POINT('',(1.028161546904,5.459137375847,
    9.81083171686E-02));
#347 = CARTESIAN_POINT('',(3.620365009445,5.916803775795,
    8.585850272878E-02));
#348 = CARTESIAN_POINT('',(1.152786231023,12.329842142485,2.316179162301
    ));
#349 = CARTESIAN_POINT('',(1.027408963059,5.459595665026,
    8.585850272878E-02));
#350 = CARTESIAN_POINT('',(3.621245852266,5.917904802279,
    6.134452025347E-02));
#351 = CARTESIAN_POINT('',(1.092337276745,12.672665197894,1.737089305412
    ));
#352 = CARTESIAN_POINT('',(1.026204668325,5.460329025501,
    6.134452025347E-02));
#353 = CARTESIAN_POINT('',(3.621576257233,5.918317798345,
    4.907991571441E-02));
#354 = CARTESIAN_POINT('',(1.067670591816,12.812556919684,1.414487277221
    ));
#355 = CARTESIAN_POINT('',(1.025752936242,5.460604109702,
    4.907991571441E-02));
#356 = CARTESIAN_POINT('',(3.62201681118,5.918868477254,
    2.454376985433E-02));
#357 = CARTESIAN_POINT('',(1.033891550568,13.004127382199,0.727097323166
    ));
#358 = CARTESIAN_POINT('',(1.025150607669,5.460970900285,
    2.454376985433E-02));
#359 = CARTESIAN_POINT('',(3.62212696849,5.919006169898,1.2271788264E-02
    ));
#360 = CARTESIAN_POINT('',(1.025016544,13.054460045598,0.3644472094));
#361 = CARTESIAN_POINT('',(1.025,5.461062613028,1.2271788264E-02));
#362 = CARTESIAN_POINT('',(3.622126968337,5.919006170318,
    -1.148570609678E-15));
#363 = CARTESIAN_POINT('',(1.025,13.054553871282,-3.412390181357E-14));
#364 = CARTESIAN_POINT('',(1.025,5.461062613475,-1.148570609678E-15));
#365 = ADVANCED_FACE('',(#366),#378,.T.);
#366 = FACE_BOUND('',#367,.T.);
#367 = EDGE_LOOP('',(#368,#369,#370,#377));
#368 = ORIENTED_EDGE('',*,*,#160,.F.);
#369 = ORIENTED_EDGE('',*,*,#230,.T.);
#370 = ORIENTED_EDGE('',*,*,#371,.F.);
#371 = EDGE_CURVE('',#199,#222,#372,.T.);
#372 = ( BOUNDED_CURVE() B_SPLINE_CURVE(3,(#373,#374,#375,#376),
.UNSPECIFIED.,.F.,.F.) B_SPLINE_CURVE_WITH_KNOTS((4,4),(1.570796326795,
3.14159265359),.PIECEWISE_BEZIER_KNOTS.) CURVE() 
GEOMETRIC_REPRESENTATION_ITEM() RATIONAL_B_SPLINE_CURVE((1.,
0.804737854124,0.804737854124,1.)) REPRESENTATION_ITEM('') );
#373 = CARTESIAN_POINT('',(2.525,4.547631141855,-1.5));
#374 = CARTESIAN_POINT('',(1.64632034356,5.082706909632,-1.5));
#375 = CARTESIAN_POINT('',(1.025,5.461062613475,-0.87867965644));
#376 = CARTESIAN_POINT('',(1.025,5.461062613475,0.));
#377 = ORIENTED_EDGE('',*,*,#198,.F.);
#378 = CYLINDRICAL_SURFACE('',#379,1.5);
#379 = AXIS2_PLACEMENT_3D('',#380,#381,#382);
#380 = CARTESIAN_POINT('',(2.525,4.4,0.));
#381 = DIRECTION('',(0.,1.,0.));
#382 = DIRECTION('',(0.,-0.,1.));
#383 = ADVANCED_FACE('',(#384),#395,.T.);
#384 = FACE_BOUND('',#385,.T.);
#385 = EDGE_LOOP('',(#386,#387,#388,#394));
#386 = ORIENTED_EDGE('',*,*,#176,.F.);
#387 = ORIENTED_EDGE('',*,*,#134,.F.);
#388 = ORIENTED_EDGE('',*,*,#389,.F.);
#389 = EDGE_CURVE('',#247,#126,#390,.T.);
#390 = LINE('',#391,#392);
#391 = CARTESIAN_POINT('',(4.175,4.4,0.));
#392 = VECTOR('',#393,1.);
#393 = DIRECTION('',(0.342020143326,-0.939692620786,-0.));
#394 = ORIENTED_EDGE('',*,*,#256,.T.);
#395 = CYLINDRICAL_SURFACE('',#396,1.5);
#396 = AXIS2_PLACEMENT_3D('',#397,#398,#399);
#397 = CARTESIAN_POINT('',(2.212588037159,5.40597595533,0.));
#398 = DIRECTION('',(-0.342020143326,0.939692620786,0.));
#399 = DIRECTION('',(-0.939692620786,-0.342020143326,0.));
#400 = ADVANCED_FACE('',(#401),#412,.T.);
#401 = FACE_BOUND('',#402,.T.);
#402 = EDGE_LOOP('',(#403,#404,#405));
#403 = ORIENTED_EDGE('',*,*,#371,.T.);
#404 = ORIENTED_EDGE('',*,*,#246,.T.);
#405 = ORIENTED_EDGE('',*,*,#406,.F.);
#406 = EDGE_CURVE('',#199,#247,#407,.T.);
#407 = ( BOUNDED_CURVE() B_SPLINE_CURVE(3,(#408,#409,#410,#411),
.UNSPECIFIED.,.F.,.F.) B_SPLINE_CURVE_WITH_KNOTS((4,4),(1.570796326795,
3.14159265359),.PIECEWISE_BEZIER_KNOTS.) CURVE() 
GEOMETRIC_REPRESENTATION_ITEM() RATIONAL_B_SPLINE_CURVE((1.,
0.804737854124,0.804737854124,1.)) REPRESENTATION_ITEM('') );
#408 = CARTESIAN_POINT('',(2.525,4.547631141855,-1.5));
#409 = CARTESIAN_POINT('',(3.167682098407,5.350964034429,-1.5));
#410 = CARTESIAN_POINT('',(3.622126968337,5.919006170318,-0.87867965644)
  );
#411 = CARTESIAN_POINT('',(3.622126968337,5.919006170318,0.));
#412 = ( BOUNDED_SURFACE() B_SPLINE_SURFACE(3,2,(
    (#413,#414,#415)
    ,(#416,#417,#418)
    ,(#419,#420,#421)
    ,(#422,#423,#424)
    ,(#425,#426,#427)
    ,(#428,#429,#430)
    ,(#431,#432,#433)
    ,(#434,#435,#436)
    ,(#437,#438,#439)
    ,(#440,#441,#442)
    ,(#443,#444,#445)
    ,(#446,#447,#448)
    ,(#449,#450,#451)
    ,(#452,#453,#454)
    ,(#455,#456,#457)
    ,(#458,#459,#460)
    ,(#461,#462,#463)
    ,(#464,#465,#466)
    ,(#467,#468,#469)
    ,(#470,#471,#472)
    ,(#473,#474,#475)
    ,(#476,#477,#478)
    ,(#479,#480,#481)
    ,(#482,#483,#484)
    ,(#485,#486,#487)
    ,(#488,#489,#490)
    ,(#491,#492,#493)
    ,(#494,#495,#496)
    ,(#497,#498,#499)
    ,(#500,#501,#502)
    ,(#503,#504,#505)
    ,(#506,#507,#508)
    ,(#509,#510,#511)
    ,(#512,#513,#514
)),.UNSPECIFIED.,.F.,.F.,.F.) B_SPLINE_SURFACE_WITH_KNOTS((4,2,2,2,2,2,2
    ,2,2,2,2,2,2,2,2,2,4),(3,3),(1.570796326795,1.963495408494,
    2.159844949343,2.356194490192,2.552544031042,2.650718801466,
    2.748893571891,2.847068342316,2.896155727528,2.94524311274,
    2.994330497953,3.018874190559,3.043417883165,3.067961575771,
    3.092505268377,3.117048960984,3.14159265359),(0.,1.),.UNSPECIFIED.) 
GEOMETRIC_REPRESENTATION_ITEM() RATIONAL_B_SPLINE_SURFACE((
    (1.,1.,1.)
    ,(1.,1.000131127444,1.)
    ,(1.,0.974723772114,1.)
    ,(1.,0.902037594454,1.)
    ,(1.,0.872078246289,1.)
    ,(1.,0.802017213674,1.)
    ,(1.,0.761911250211,1.)
    ,(1.,0.673465835859,1.)
    ,(1.,0.625106802452,1.)
    ,(1.,0.548484212072,1.)
    ,(1.,0.522269948632,1.)
    ,(1.,0.469028138674,1.)
    ,(1.,0.441993003994,1.)
    ,(1.,0.387909143032,1.)
    ,(1.,0.360839629077,1.)
    ,(1.,0.321302666671,1.)
    ,(1.,0.308307078504,1.)
    ,(1.,0.283006045521,1.)
    ,(1.,0.270695741388,1.)
    ,(1.,0.247247370842,1.)
    ,(1.,0.236102021778,1.)
    ,(1.,0.220810635211,1.)
    ,(1.,0.215950372317,1.)
    ,(1.,0.206831977671,1.)
    ,(1.,0.202568562385,1.)
    ,(1.,0.194779406328,1.)
    ,(1.,0.191247449586,1.)
    ,(1.,0.185062266181,1.)
    ,(1.,0.182402564114,1.)
    ,(1.,0.178090027445,1.)
    ,(1.,0.176431641638,1.)
    ,(1.,0.174212341824,1.)
    ,(1.,0.173646648733,1.)
,(1.,0.173648177667,1.))) REPRESENTATION_ITEM('') SURFACE() );
#413 = CARTESIAN_POINT('',(2.525,4.547631141855,-1.5));
#414 = CARTESIAN_POINT('',(2.525,4.547631141855,-1.5));
#415 = CARTESIAN_POINT('',(2.525,4.547631141855,-1.5));
#416 = CARTESIAN_POINT('',(2.328615088627,4.667220580922,-1.5));
#417 = CARTESIAN_POINT('',(2.49856684957,4.697540987323,-1.499999997828)
  );
#418 = CARTESIAN_POINT('',(2.668639454961,4.727176050805,-1.5));
#419 = CARTESIAN_POINT('',(2.1323781325,4.786719922003,-1.460958998036)
  );
#420 = CARTESIAN_POINT('',(2.471064260191,4.853515922461,-1.529198949353
    ));
#421 = CARTESIAN_POINT('',(2.812170692796,4.906585691668,-1.460958998036
    ));
#422 = CARTESIAN_POINT('',(1.860273210929,4.952419387966,-1.348249449133
    ));
#423 = CARTESIAN_POINT('',(2.431465892023,5.078089427937,-1.623772253476
    ));
#424 = CARTESIAN_POINT('',(3.011193124578,5.155357621377,-1.348249449133
    ));
#425 = CARTESIAN_POINT('',(1.773273966203,5.005397953393,-1.301747383454
    ));
#426 = CARTESIAN_POINT('',(2.417499172128,5.15729863256,-1.667519562439)
  );
#427 = CARTESIAN_POINT('',(3.07482593632,5.234896682519,-1.301747383454)
  );
#428 = CARTESIAN_POINT('',(1.610015334738,5.104815001388,-1.192661453454
    ));
#429 = CARTESIAN_POINT('',(2.388287219525,5.322967848271,-1.783022097051
    ));
#430 = CARTESIAN_POINT('',(3.194236234582,5.384155889433,-1.192661453454
    ));
#431 = CARTESIAN_POINT('',(1.533759848019,5.151251109024,-1.130080191578
    ));
#432 = CARTESIAN_POINT('',(2.372558037596,5.412172471783,-1.858973298972
    ));
#433 = CARTESIAN_POINT('',(3.250010868559,5.453872469613,-1.130080191578
    ));
#434 = CARTESIAN_POINT('',(1.394919808422,5.235798350149,-0.991240151981
    ));
#435 = CARTESIAN_POINT('',(2.336597140242,5.616116855164,-2.057256261084
    ));
#436 = CARTESIAN_POINT('',(3.35156096971,5.580806978449,-0.991240151981)
  );
#437 = CARTESIAN_POINT('',(1.332338529559,5.273907489914,-0.914984639839
    ));
#438 = CARTESIAN_POINT('',(2.315322275798,5.736772607101,-2.189182866314
    ));
#439 = CARTESIAN_POINT('',(3.397334042212,5.638021913837,-0.914984639839
    ));
#440 = CARTESIAN_POINT('',(1.25052410754,5.323728735184,-0.792540704375)
  );
#441 = CARTESIAN_POINT('',(2.274317635718,5.969321476905,-2.436982660136
    ));
#442 = CARTESIAN_POINT('',(3.45717458141,5.712820750721,-0.792540704375)
  );
#443 = CARTESIAN_POINT('',(1.225257718438,5.339114811837,-0.75038627993)
  );
#444 = CARTESIAN_POINT('',(2.25755743177,6.064373316847,-2.536903896689)
  );
#445 = CARTESIAN_POINT('',(3.47565487266,5.735920547436,-0.75038627993)
  );
#446 = CARTESIAN_POINT('',(1.178978488517,5.367296748566,-0.663803930548
    ));
#447 = CARTESIAN_POINT('',(2.216259585279,6.298585042843,-2.765634325176
    ));
#448 = CARTESIAN_POINT('',(3.509504333474,5.77823133427,-0.663803930548)
  );
#449 = CARTESIAN_POINT('',(1.157965609156,5.38009263211,-0.619375928024)
  );
#450 = CARTESIAN_POINT('',(2.190725540309,6.443395807865,-2.898611819761
    ));
#451 = CARTESIAN_POINT('',(3.524873531226,5.797442359624,-0.619375928024
    ));
#452 = CARTESIAN_POINT('',(1.12039579331,5.402970933562,-0.528674369071)
  );
#453 = CARTESIAN_POINT('',(2.124061444923,6.821466680047,-3.195650844202
    ));
#454 = CARTESIAN_POINT('',(3.55235277,5.831790564475,-0.528674369071));
#455 = CARTESIAN_POINT('',(1.103838787501,5.413053393683,-0.482400633426
    ));
#456 = CARTESIAN_POINT('',(2.080589483464,7.068008424731,-3.365387876262
    ));
#457 = CARTESIAN_POINT('',(3.564462861725,5.84692780735,-0.482400633426)
  );
#458 = CARTESIAN_POINT('',(1.082464850852,5.426069144621,-0.41194020711)
  );
#459 = CARTESIAN_POINT('',(1.994624190549,7.555541827562,-3.608120570722
    ));
#460 = CARTESIAN_POINT('',(3.58009614327,5.866468929336,-0.41194020711)
  );
#461 = CARTESIAN_POINT('',(1.075916737836,5.430056646294,-0.388278365986
    ));
#462 = CARTESIAN_POINT('',(1.9598771717,7.752601963842,-3.691145245066)
  );
#463 = CARTESIAN_POINT('',(3.584885550858,5.872455541785,-0.388278365986
    ));
#464 = CARTESIAN_POINT('',(1.06398950258,5.437319787662,-0.340662173724)
  );
#465 = CARTESIAN_POINT('',(1.878082570289,8.216482199769,-3.837018531842
    ));
#466 = CARTESIAN_POINT('',(3.593609345162,5.883360016844,-0.340662173724
    ));
#467 = CARTESIAN_POINT('',(1.058610302458,5.440595474784,-0.316707505923
    ));
#468 = CARTESIAN_POINT('',(1.830080518889,8.488715361179,-3.897939276461
    ));
#469 = CARTESIAN_POINT('',(3.597543788844,5.888277950659,-0.316707505923
    ));
#470 = CARTESIAN_POINT('',(1.049033856333,5.446427092969,-0.268563460125
    ));
#471 = CARTESIAN_POINT('',(1.718046001367,9.124094683568,-3.957312351014
    ));
#472 = CARTESIAN_POINT('',(3.604548173714,5.89703321671,-0.268563460125)
  );
#473 = CARTESIAN_POINT('',(1.044836529043,5.448983073531,-0.244373663715
    ));
#474 = CARTESIAN_POINT('',(1.652893379709,9.493593562283,-3.949742878628
    ));
#475 = CARTESIAN_POINT('',(3.607618174357,5.900870623264,-0.244373663715
    ));
#476 = CARTESIAN_POINT('',(1.039434588058,5.4522726088,-0.207956735667)
  );
#477 = CARTESIAN_POINT('',(1.545833393002,10.100760918498,-3.8323648694)
  );
#478 = CARTESIAN_POINT('',(3.611569251114,5.905809347912,-0.207956735667
    ));
#479 = CARTESIAN_POINT('',(1.037782896581,5.453278413451,-0.195795516304
    ));
#480 = CARTESIAN_POINT('',(1.507344689203,10.319041204614,
    -3.772153611667));
#481 = CARTESIAN_POINT('',(3.612777327956,5.907319406876,-0.195795516304
    ));
#482 = CARTESIAN_POINT('',(1.034778499623,5.455107953941,-0.171436509294
    ));
#483 = CARTESIAN_POINT('',(1.42783188,10.769980753876,-3.599150239052));
#484 = CARTESIAN_POINT('',(3.614974797907,5.910066176853,-0.171436509294
    ));
#485 = CARTESIAN_POINT('',(1.033425755369,5.45593171339,-0.159238404561)
  );
#486 = CARTESIAN_POINT('',(1.386826202001,11.00253551001,-3.485063990556
    ));
#487 = CARTESIAN_POINT('',(3.615964219375,5.911302923312,-0.159238404561
    ));
#488 = CARTESIAN_POINT('',(1.031020064614,5.457396669155,-0.134813016427
    ));
#489 = CARTESIAN_POINT('',(1.305116795542,11.465932581357,
    -3.190562845892));
#490 = CARTESIAN_POINT('',(3.617723784845,5.91350232613,-0.134813016427)
  );
#491 = CARTESIAN_POINT('',(1.02996708306,5.458037886816,-0.12258537363)
  );
#492 = CARTESIAN_POINT('',(1.26455152278,11.69598967528,-3.008982094582)
  );
#493 = CARTESIAN_POINT('',(3.618493954485,5.914465014537,-0.12258537363)
  );
#494 = CARTESIAN_POINT('',(1.028161546904,5.459137375847,
    -9.81083171686E-02));
#495 = CARTESIAN_POINT('',(1.188255712039,12.128684719649,-2.57205789764
    ));
#496 = CARTESIAN_POINT('',(3.619814556091,5.916115726001,
    -9.81083171686E-02));
#497 = CARTESIAN_POINT('',(1.027408963059,5.459595665026,
    -8.585850272878E-02));
#498 = CARTESIAN_POINT('',(1.152786231023,12.329842142485,
    -2.316179162301));
#499 = CARTESIAN_POINT('',(3.620365009445,5.916803775795,
    -8.585850272878E-02));
#500 = CARTESIAN_POINT('',(1.026204668325,5.460329025501,
    -6.134452025347E-02));
#501 = CARTESIAN_POINT('',(1.092337276745,12.672665197894,
    -1.737089305412));
#502 = CARTESIAN_POINT('',(3.621245852266,5.917904802279,
    -6.134452025347E-02));
#503 = CARTESIAN_POINT('',(1.025752936242,5.460604109702,
    -4.907991571441E-02));
#504 = CARTESIAN_POINT('',(1.067670591816,12.812556919684,
    -1.414487277221));
#505 = CARTESIAN_POINT('',(3.621576257233,5.918317798345,
    -4.907991571441E-02));
#506 = CARTESIAN_POINT('',(1.025150607669,5.460970900285,
    -2.454376985433E-02));
#507 = CARTESIAN_POINT('',(1.033891550568,13.004127382199,
    -0.727097323166));
#508 = CARTESIAN_POINT('',(3.62201681118,5.918868477254,
    -2.454376985433E-02));
#509 = CARTESIAN_POINT('',(1.025,5.461062613028,-1.2271788264E-02));
#510 = CARTESIAN_POINT('',(1.025016544,13.054460045598,-0.3644472094));
#511 = CARTESIAN_POINT('',(3.62212696849,5.919006169898,
    -1.2271788264E-02));
#512 = CARTESIAN_POINT('',(1.025,5.461062613475,1.148570609678E-15));
#513 = CARTESIAN_POINT('',(1.025,13.054553871282,3.412390181357E-14));
#514 = CARTESIAN_POINT('',(3.622126968337,5.919006170318,
    1.148570609678E-15));
#515 = ADVANCED_FACE('',(#516),#522,.T.);
#516 = FACE_BOUND('',#517,.T.);
#517 = EDGE_LOOP('',(#518,#519,#520,#521));
#518 = ORIENTED_EDGE('',*,*,#125,.F.);
#519 = ORIENTED_EDGE('',*,*,#206,.F.);
#520 = ORIENTED_EDGE('',*,*,#406,.T.);
#521 = ORIENTED_EDGE('',*,*,#389,.T.);
#522 = CYLINDRICAL_SURFACE('',#523,1.5);
#523 = AXIS2_PLACEMENT_3D('',#524,#525,#526);
#524 = CARTESIAN_POINT('',(2.765461068821,3.886969785011,0.));
#525 = DIRECTION('',(0.342020143326,-0.939692620786,0.));
#526 = DIRECTION('',(0.939692620786,0.342020143326,0.));
#527 = MANIFOLD_SOLID_BREP('',#528);
#528 = CLOSED_SHELL('',(#529,#589,#612,#635,#660,#783,#801,#818,#933));
#529 = ADVANCED_FACE('',(#530),#584,.F.);
#530 = FACE_BOUND('',#531,.T.);
#531 = EDGE_LOOP('',(#532,#542,#551,#560,#568,#577));
#532 = ORIENTED_EDGE('',*,*,#533,.F.);
#533 = EDGE_CURVE('',#534,#536,#538,.T.);
#534 = VERTEX_POINT('',#535);
#535 = CARTESIAN_POINT('',(-0.875,4.4,-1.5));
#536 = VERTEX_POINT('',#537);
#537 = CARTESIAN_POINT('',(-0.928733341286,4.4,-1.5));
#538 = LINE('',#539,#540);
#539 = CARTESIAN_POINT('',(-2.525,4.4,-1.5));
#540 = VECTOR('',#541,1.);
#541 = DIRECTION('',(-1.,0.,0.));
#542 = ORIENTED_EDGE('',*,*,#543,.F.);
#543 = EDGE_CURVE('',#544,#534,#546,.T.);
#544 = VERTEX_POINT('',#545);
#545 = CARTESIAN_POINT('',(0.625,4.4,0.));
#546 = CIRCLE('',#547,1.5);
#547 = AXIS2_PLACEMENT_3D('',#548,#549,#550);
#548 = CARTESIAN_POINT('',(-0.875,4.4,0.));
#549 = DIRECTION('',(0.,1.,0.));
#550 = DIRECTION('',(0.,-0.,1.));
#551 = ORIENTED_EDGE('',*,*,#552,.F.);
#552 = EDGE_CURVE('',#553,#544,#555,.T.);
#553 = VERTEX_POINT('',#554);
#554 = CARTESIAN_POINT('',(-0.875,4.4,1.5));
#555 = CIRCLE('',#556,1.5);
#556 = AXIS2_PLACEMENT_3D('',#557,#558,#559);
#557 = CARTESIAN_POINT('',(-0.875,4.4,0.));
#558 = DIRECTION('',(0.,1.,0.));
#559 = DIRECTION('',(0.,-0.,1.));
#560 = ORIENTED_EDGE('',*,*,#561,.T.);
#561 = EDGE_CURVE('',#553,#562,#564,.T.);
#562 = VERTEX_POINT('',#563);
#563 = CARTESIAN_POINT('',(-0.928733341286,4.4,1.5));
#564 = LINE('',#565,#566);
#565 = CARTESIAN_POINT('',(-2.525,4.4,1.5));
#566 = VECTOR('',#567,1.);
#567 = DIRECTION('',(-1.,0.,0.));
#568 = ORIENTED_EDGE('',*,*,#569,.F.);
#569 = EDGE_CURVE('',#570,#562,#572,.T.);
#570 = VERTEX_POINT('',#571);
#571 = CARTESIAN_POINT('',(-2.525,4.4,0.));
#572 = ( BOUNDED_CURVE() B_SPLINE_CURVE(3,(#573,#574,#575,#576),
.UNSPECIFIED.,.F.,.F.) B_SPLINE_CURVE_WITH_KNOTS((4,4),(3.14159265359,
4.712388980385),.PIECEWISE_BEZIER_KNOTS.) CURVE() 
GEOMETRIC_REPRESENTATION_ITEM() RATIONAL_B_SPLINE_CURVE((1.,
0.804737854124,0.804737854124,1.)) REPRESENTATION_ITEM('') );
#573 = CARTESIAN_POINT('',(-2.525,4.4,0.));
#574 = CARTESIAN_POINT('',(-2.525,4.4,0.87867965644));
#575 = CARTESIAN_POINT('',(-1.863804700797,4.4,1.5));
#576 = CARTESIAN_POINT('',(-0.928733341286,4.4,1.5));
#577 = ORIENTED_EDGE('',*,*,#578,.F.);
#578 = EDGE_CURVE('',#536,#570,#579,.T.);
#579 = ( BOUNDED_CURVE() B_SPLINE_CURVE(3,(#580,#581,#582,#583),
.UNSPECIFIED.,.F.,.F.) B_SPLINE_CURVE_WITH_KNOTS((4,4),(4.712388980385,
6.28318530718),.PIECEWISE_BEZIER_KNOTS.) CURVE() 
GEOMETRIC_REPRESENTATION_ITEM() RATIONAL_B_SPLINE_CURVE((1.,
0.804737854124,0.804737854124,1.)) REPRESENTATION_ITEM('') );
#580 = CARTESIAN_POINT('',(-0.928733341286,4.4,-1.5));
#581 = CARTESIAN_POINT('',(-1.863804700797,4.4,-1.5));
#582 = CARTESIAN_POINT('',(-2.525,4.4,-0.87867965644));
#583 = CARTESIAN_POINT('',(-2.525,4.4,0.));
#584 = PLANE('',#585);
#585 = AXIS2_PLACEMENT_3D('',#586,#587,#588);
#586 = CARTESIAN_POINT('',(-2.525,4.4,1.5));
#587 = DIRECTION('',(0.,1.,0.));
#588 = DIRECTION('',(0.,-0.,1.));
#589 = ADVANCED_FACE('',(#590),#607,.F.);
#590 = FACE_BOUND('',#591,.T.);
#591 = EDGE_LOOP('',(#592,#593,#601));
#592 = ORIENTED_EDGE('',*,*,#561,.F.);
#593 = ORIENTED_EDGE('',*,*,#594,.F.);
#594 = EDGE_CURVE('',#595,#553,#597,.T.);
#595 = VERTEX_POINT('',#596);
#596 = CARTESIAN_POINT('',(-0.875,4.547631141855,1.5));
#597 = LINE('',#598,#599);
#598 = CARTESIAN_POINT('',(-0.875,5.461062613475,1.5));
#599 = VECTOR('',#600,1.);
#600 = DIRECTION('',(0.,-1.,0.));
#601 = ORIENTED_EDGE('',*,*,#602,.F.);
#602 = EDGE_CURVE('',#562,#595,#603,.T.);
#603 = LINE('',#604,#605);
#604 = CARTESIAN_POINT('',(-0.562588037159,5.40597595533,1.5));
#605 = VECTOR('',#606,1.);
#606 = DIRECTION('',(0.342020143326,0.939692620786,0.));
#607 = PLANE('',#608);
#608 = AXIS2_PLACEMENT_3D('',#609,#610,#611);
#609 = CARTESIAN_POINT('',(-0.713937386525,5.461062613475,1.5));
#610 = DIRECTION('',(0.,0.,-1.));
#611 = DIRECTION('',(1.,0.,0.));
#612 = ADVANCED_FACE('',(#613),#630,.T.);
#613 = FACE_BOUND('',#614,.T.);
#614 = EDGE_LOOP('',(#615,#623,#624));
#615 = ORIENTED_EDGE('',*,*,#616,.F.);
#616 = EDGE_CURVE('',#534,#617,#619,.T.);
#617 = VERTEX_POINT('',#618);
#618 = CARTESIAN_POINT('',(-0.875,4.547631141855,-1.5));
#619 = LINE('',#620,#621);
#620 = CARTESIAN_POINT('',(-0.875,5.461062613475,-1.5));
#621 = VECTOR('',#622,1.);
#622 = DIRECTION('',(-0.,1.,-0.));
#623 = ORIENTED_EDGE('',*,*,#533,.T.);
#624 = ORIENTED_EDGE('',*,*,#625,.F.);
#625 = EDGE_CURVE('',#617,#536,#626,.T.);
#626 = LINE('',#627,#628);
#627 = CARTESIAN_POINT('',(-1.115461068821,3.886969785011,-1.5));
#628 = VECTOR('',#629,1.);
#629 = DIRECTION('',(-0.342020143326,-0.939692620786,-0.));
#630 = PLANE('',#631);
#631 = AXIS2_PLACEMENT_3D('',#632,#633,#634);
#632 = CARTESIAN_POINT('',(-0.713937386525,5.461062613475,-1.5));
#633 = DIRECTION('',(0.,0.,-1.));
#634 = DIRECTION('',(1.,0.,0.));
#635 = ADVANCED_FACE('',(#636),#655,.T.);
#636 = FACE_BOUND('',#637,.T.);
#637 = EDGE_LOOP('',(#638,#647,#648,#649));
#638 = ORIENTED_EDGE('',*,*,#639,.T.);
#639 = EDGE_CURVE('',#640,#595,#642,.T.);
#640 = VERTEX_POINT('',#641);
#641 = CARTESIAN_POINT('',(0.625,5.461062613475,0.));
#642 = ( BOUNDED_CURVE() B_SPLINE_CURVE(3,(#643,#644,#645,#646),
.UNSPECIFIED.,.F.,.F.) B_SPLINE_CURVE_WITH_KNOTS((4,4),(3.14159265359,
4.712388980385),.PIECEWISE_BEZIER_KNOTS.) CURVE() 
GEOMETRIC_REPRESENTATION_ITEM() RATIONAL_B_SPLINE_CURVE((1.,
0.804737854124,0.804737854124,1.)) REPRESENTATION_ITEM('') );
#643 = CARTESIAN_POINT('',(0.625,5.461062613475,0.));
#644 = CARTESIAN_POINT('',(0.625,5.461062613475,0.87867965644));
#645 = CARTESIAN_POINT('',(3.67965644036E-03,5.082706909632,1.5));
#646 = CARTESIAN_POINT('',(-0.875,4.547631141855,1.5));
#647 = ORIENTED_EDGE('',*,*,#594,.T.);
#648 = ORIENTED_EDGE('',*,*,#552,.T.);
#649 = ORIENTED_EDGE('',*,*,#650,.T.);
#650 = EDGE_CURVE('',#544,#640,#651,.T.);
#651 = LINE('',#652,#653);
#652 = CARTESIAN_POINT('',(0.625,4.4,0.));
#653 = VECTOR('',#654,1.);
#654 = DIRECTION('',(-0.,1.,-0.));
#655 = CYLINDRICAL_SURFACE('',#656,1.5);
#656 = AXIS2_PLACEMENT_3D('',#657,#658,#659);
#657 = CARTESIAN_POINT('',(-0.875,5.461062613475,0.));
#658 = DIRECTION('',(0.,-1.,0.));
#659 = DIRECTION('',(0.,0.,-1.));
#660 = ADVANCED_FACE('',(#661),#680,.T.);
#661 = FACE_BOUND('',#662,.T.);
#662 = EDGE_LOOP('',(#663,#672,#679));
#663 = ORIENTED_EDGE('',*,*,#664,.T.);
#664 = EDGE_CURVE('',#640,#665,#667,.T.);
#665 = VERTEX_POINT('',#666);
#666 = CARTESIAN_POINT('',(-1.972126968337,5.919006170318,0.));
#667 = CIRCLE('',#668,1.338937386525);
#668 = AXIS2_PLACEMENT_3D('',#669,#670,#671);
#669 = CARTESIAN_POINT('',(-0.713937386525,5.461062613475,0.));
#670 = DIRECTION('',(0.,-0.,1.));
#671 = DIRECTION('',(1.,0.,0.));
#672 = ORIENTED_EDGE('',*,*,#673,.T.);
#673 = EDGE_CURVE('',#665,#595,#674,.T.);
#674 = ( BOUNDED_CURVE() B_SPLINE_CURVE(3,(#675,#676,#677,#678),
.UNSPECIFIED.,.F.,.F.) B_SPLINE_CURVE_WITH_KNOTS((4,4),(3.14159265359,
4.712388980385),.PIECEWISE_BEZIER_KNOTS.) CURVE() 
GEOMETRIC_REPRESENTATION_ITEM() RATIONAL_B_SPLINE_CURVE((1.,
0.804737854124,0.804737854124,1.)) REPRESENTATION_ITEM('') );
#675 = CARTESIAN_POINT('',(-1.972126968337,5.919006170318,0.));
#676 = CARTESIAN_POINT('',(-1.972126968337,5.919006170318,0.87867965644)
  );
#677 = CARTESIAN_POINT('',(-1.517682098407,5.350964034429,1.5));
#678 = CARTESIAN_POINT('',(-0.875,4.547631141855,1.5));
#679 = ORIENTED_EDGE('',*,*,#639,.F.);
#680 = ( BOUNDED_SURFACE() B_SPLINE_SURFACE(3,2,(
    (#681,#682,#683)
    ,(#684,#685,#686)
    ,(#687,#688,#689)
    ,(#690,#691,#692)
    ,(#693,#694,#695)
    ,(#696,#697,#698)
    ,(#699,#700,#701)
    ,(#702,#703,#704)
    ,(#705,#706,#707)
    ,(#708,#709,#710)
    ,(#711,#712,#713)
    ,(#714,#715,#716)
    ,(#717,#718,#719)
    ,(#720,#721,#722)
    ,(#723,#724,#725)
    ,(#726,#727,#728)
    ,(#729,#730,#731)
    ,(#732,#733,#734)
    ,(#735,#736,#737)
    ,(#738,#739,#740)
    ,(#741,#742,#743)
    ,(#744,#745,#746)
    ,(#747,#748,#749)
    ,(#750,#751,#752)
    ,(#753,#754,#755)
    ,(#756,#757,#758)
    ,(#759,#760,#761)
    ,(#762,#763,#764)
    ,(#765,#766,#767)
    ,(#768,#769,#770)
    ,(#771,#772,#773)
    ,(#774,#775,#776)
    ,(#777,#778,#779)
    ,(#780,#781,#782
)),.UNSPECIFIED.,.F.,.F.,.F.) B_SPLINE_SURFACE_WITH_KNOTS((4,2,2,2,2,2,2
    ,2,2,2,2,2,2,2,2,2,4),(3,3),(1.570796326795,1.963495408494,
    2.159844949343,2.356194490192,2.552544031042,2.650718801466,
    2.748893571891,2.847068342316,2.896155727528,2.94524311274,
    2.994330497953,3.018874190559,3.043417883165,3.067961575771,
    3.092505268377,3.117048960984,3.14159265359),(0.,1.),.UNSPECIFIED.) 
GEOMETRIC_REPRESENTATION_ITEM() RATIONAL_B_SPLINE_SURFACE((
    (1.,1.,1.)
    ,(1.,1.000131127444,1.)
    ,(1.,0.974723772114,1.)
    ,(1.,0.902037594454,1.)
    ,(1.,0.872078246289,1.)
    ,(1.,0.802017213674,1.)
    ,(1.,0.761911250211,1.)
    ,(1.,0.673465835859,1.)
    ,(1.,0.625106802452,1.)
    ,(1.,0.548484212072,1.)
    ,(1.,0.522269948632,1.)
    ,(1.,0.469028138674,1.)
    ,(1.,0.441993003994,1.)
    ,(1.,0.387909143032,1.)
    ,(1.,0.360839629077,1.)
    ,(1.,0.321302666671,1.)
    ,(1.,0.308307078504,1.)
    ,(1.,0.283006045521,1.)
    ,(1.,0.270695741388,1.)
    ,(1.,0.247247370842,1.)
    ,(1.,0.236102021778,1.)
    ,(1.,0.220810635211,1.)
    ,(1.,0.215950372317,1.)
    ,(1.,0.206831977671,1.)
    ,(1.,0.202568562385,1.)
    ,(1.,0.194779406328,1.)
    ,(1.,0.191247449586,1.)
    ,(1.,0.185062266181,1.)
    ,(1.,0.182402564114,1.)
    ,(1.,0.178090027445,1.)
    ,(1.,0.176431641638,1.)
    ,(1.,0.174212341824,1.)
    ,(1.,0.173646648733,1.)
,(1.,0.173648177667,1.))) REPRESENTATION_ITEM('') SURFACE() );
#681 = CARTESIAN_POINT('',(-0.875,4.547631141855,1.5));
#682 = CARTESIAN_POINT('',(-0.875,4.547631141855,1.5));
#683 = CARTESIAN_POINT('',(-0.875,4.547631141855,1.5));
#684 = CARTESIAN_POINT('',(-0.678615088627,4.667220580922,1.5));
#685 = CARTESIAN_POINT('',(-0.84856684957,4.697540987323,1.499999997828)
  );
#686 = CARTESIAN_POINT('',(-1.018639454961,4.727176050805,1.5));
#687 = CARTESIAN_POINT('',(-0.4823781325,4.786719922003,1.460958998036)
  );
#688 = CARTESIAN_POINT('',(-0.821064260191,4.853515922461,1.529198949353
    ));
#689 = CARTESIAN_POINT('',(-1.162170692796,4.906585691668,1.460958998036
    ));
#690 = CARTESIAN_POINT('',(-0.210273210929,4.952419387966,1.348249449133
    ));
#691 = CARTESIAN_POINT('',(-0.781465892023,5.078089427937,1.623772253476
    ));
#692 = CARTESIAN_POINT('',(-1.361193124578,5.155357621377,1.348249449133
    ));
#693 = CARTESIAN_POINT('',(-0.123273966203,5.005397953393,1.301747383454
    ));
#694 = CARTESIAN_POINT('',(-0.767499172128,5.15729863256,1.667519562439)
  );
#695 = CARTESIAN_POINT('',(-1.42482593632,5.234896682519,1.301747383454)
  );
#696 = CARTESIAN_POINT('',(3.998466526158E-02,5.104815001388,
    1.192661453454));
#697 = CARTESIAN_POINT('',(-0.738287219525,5.322967848271,1.783022097051
    ));
#698 = CARTESIAN_POINT('',(-1.544236234582,5.384155889433,1.192661453454
    ));
#699 = CARTESIAN_POINT('',(0.116240151981,5.151251109024,1.130080191578)
  );
#700 = CARTESIAN_POINT('',(-0.722558037596,5.412172471783,1.858973298972
    ));
#701 = CARTESIAN_POINT('',(-1.600010868559,5.453872469613,1.130080191578
    ));
#702 = CARTESIAN_POINT('',(0.255080191578,5.235798350149,0.991240151981)
  );
#703 = CARTESIAN_POINT('',(-0.686597140242,5.616116855164,2.057256261084
    ));
#704 = CARTESIAN_POINT('',(-1.70156096971,5.580806978449,0.991240151981)
  );
#705 = CARTESIAN_POINT('',(0.317661470441,5.273907489914,0.914984639839)
  );
#706 = CARTESIAN_POINT('',(-0.665322275798,5.736772607101,2.189182866314
    ));
#707 = CARTESIAN_POINT('',(-1.747334042212,5.638021913837,0.914984639839
    ));
#708 = CARTESIAN_POINT('',(0.39947589246,5.323728735184,0.792540704375)
  );
#709 = CARTESIAN_POINT('',(-0.624317635718,5.969321476905,2.436982660136
    ));
#710 = CARTESIAN_POINT('',(-1.80717458141,5.712820750721,0.792540704375)
  );
#711 = CARTESIAN_POINT('',(0.424742281562,5.339114811837,0.75038627993)
  );
#712 = CARTESIAN_POINT('',(-0.60755743177,6.064373316847,2.536903896689)
  );
#713 = CARTESIAN_POINT('',(-1.82565487266,5.735920547436,0.75038627993)
  );
#714 = CARTESIAN_POINT('',(0.471021511483,5.367296748566,0.663803930548)
  );
#715 = CARTESIAN_POINT('',(-0.566259585279,6.298585042843,2.765634325176
    ));
#716 = CARTESIAN_POINT('',(-1.859504333474,5.77823133427,0.663803930548)
  );
#717 = CARTESIAN_POINT('',(0.492034390844,5.38009263211,0.619375928024)
  );
#718 = CARTESIAN_POINT('',(-0.540725540309,6.443395807865,2.898611819761
    ));
#719 = CARTESIAN_POINT('',(-1.874873531226,5.797442359624,0.619375928024
    ));
#720 = CARTESIAN_POINT('',(0.52960420669,5.402970933562,0.528674369071)
  );
#721 = CARTESIAN_POINT('',(-0.474061444923,6.821466680047,3.195650844202
    ));
#722 = CARTESIAN_POINT('',(-1.90235277,5.831790564475,0.528674369071));
#723 = CARTESIAN_POINT('',(0.546161212499,5.413053393683,0.482400633426)
  );
#724 = CARTESIAN_POINT('',(-0.430589483464,7.068008424731,3.365387876262
    ));
#725 = CARTESIAN_POINT('',(-1.914462861725,5.84692780735,0.482400633426)
  );
#726 = CARTESIAN_POINT('',(0.567535149148,5.426069144621,0.41194020711)
  );
#727 = CARTESIAN_POINT('',(-0.344624190549,7.555541827562,3.608120570722
    ));
#728 = CARTESIAN_POINT('',(-1.93009614327,5.866468929336,0.41194020711)
  );
#729 = CARTESIAN_POINT('',(0.574083262164,5.430056646294,0.388278365986)
  );
#730 = CARTESIAN_POINT('',(-0.3098771717,7.752601963842,3.691145245066)
  );
#731 = CARTESIAN_POINT('',(-1.934885550858,5.872455541785,0.388278365986
    ));
#732 = CARTESIAN_POINT('',(0.58601049742,5.437319787662,0.340662173724)
  );
#733 = CARTESIAN_POINT('',(-0.228082570289,8.216482199769,3.837018531842
    ));
#734 = CARTESIAN_POINT('',(-1.943609345162,5.883360016844,0.340662173724
    ));
#735 = CARTESIAN_POINT('',(0.591389697542,5.440595474784,0.316707505923)
  );
#736 = CARTESIAN_POINT('',(-0.180080518889,8.488715361179,3.897939276461
    ));
#737 = CARTESIAN_POINT('',(-1.947543788844,5.888277950659,0.316707505923
    ));
#738 = CARTESIAN_POINT('',(0.600966143667,5.446427092969,0.268563460125)
  );
#739 = CARTESIAN_POINT('',(-6.804600136742E-02,9.124094683568,
    3.957312351014));
#740 = CARTESIAN_POINT('',(-1.954548173714,5.89703321671,0.268563460125)
  );
#741 = CARTESIAN_POINT('',(0.605163470957,5.448983073531,0.244373663715)
  );
#742 = CARTESIAN_POINT('',(-2.893379708564E-03,9.493593562283,
    3.949742878628));
#743 = CARTESIAN_POINT('',(-1.957618174357,5.900870623264,0.244373663715
    ));
#744 = CARTESIAN_POINT('',(0.610565411942,5.4522726088,0.207956735667));
#745 = CARTESIAN_POINT('',(0.104166606998,10.100760918498,3.8323648694)
  );
#746 = CARTESIAN_POINT('',(-1.961569251114,5.905809347912,0.207956735667
    ));
#747 = CARTESIAN_POINT('',(0.612217103419,5.453278413451,0.195795516304)
  );
#748 = CARTESIAN_POINT('',(0.142655310797,10.319041204614,3.772153611667
    ));
#749 = CARTESIAN_POINT('',(-1.962777327956,5.907319406876,0.195795516304
    ));
#750 = CARTESIAN_POINT('',(0.615221500377,5.455107953941,0.171436509294)
  );
#751 = CARTESIAN_POINT('',(0.22216812,10.769980753876,3.599150239052));
#752 = CARTESIAN_POINT('',(-1.964974797907,5.910066176853,0.171436509294
    ));
#753 = CARTESIAN_POINT('',(0.616574244631,5.45593171339,0.159238404561)
  );
#754 = CARTESIAN_POINT('',(0.263173797999,11.00253551001,3.485063990556)
  );
#755 = CARTESIAN_POINT('',(-1.965964219375,5.911302923312,0.159238404561
    ));
#756 = CARTESIAN_POINT('',(0.618979935386,5.457396669155,0.134813016427)
  );
#757 = CARTESIAN_POINT('',(0.344883204458,11.465932581357,3.190562845892
    ));
#758 = CARTESIAN_POINT('',(-1.967723784845,5.91350232613,0.134813016427)
  );
#759 = CARTESIAN_POINT('',(0.62003291694,5.458037886816,0.12258537363));
#760 = CARTESIAN_POINT('',(0.38544847722,11.69598967528,3.008982094582)
  );
#761 = CARTESIAN_POINT('',(-1.968493954485,5.914465014537,0.12258537363)
  );
#762 = CARTESIAN_POINT('',(0.621838453096,5.459137375847,
    9.81083171686E-02));
#763 = CARTESIAN_POINT('',(0.461744287961,12.128684719649,2.57205789764)
  );
#764 = CARTESIAN_POINT('',(-1.969814556091,5.916115726001,
    9.81083171686E-02));
#765 = CARTESIAN_POINT('',(0.622591036941,5.459595665026,
    8.585850272878E-02));
#766 = CARTESIAN_POINT('',(0.497213768977,12.329842142485,2.316179162301
    ));
#767 = CARTESIAN_POINT('',(-1.970365009445,5.916803775795,
    8.585850272878E-02));
#768 = CARTESIAN_POINT('',(0.623795331675,5.460329025501,
    6.134452025347E-02));
#769 = CARTESIAN_POINT('',(0.557662723255,12.672665197894,1.737089305412
    ));
#770 = CARTESIAN_POINT('',(-1.971245852266,5.917904802279,
    6.134452025347E-02));
#771 = CARTESIAN_POINT('',(0.624247063758,5.460604109702,
    4.907991571441E-02));
#772 = CARTESIAN_POINT('',(0.582329408184,12.812556919684,1.414487277221
    ));
#773 = CARTESIAN_POINT('',(-1.971576257233,5.918317798345,
    4.907991571441E-02));
#774 = CARTESIAN_POINT('',(0.624849392331,5.460970900285,
    2.454376985433E-02));
#775 = CARTESIAN_POINT('',(0.616108449432,13.004127382199,0.727097323166
    ));
#776 = CARTESIAN_POINT('',(-1.97201681118,5.918868477254,
    2.454376985433E-02));
#777 = CARTESIAN_POINT('',(0.625,5.461062613028,1.2271788264E-02));
#778 = CARTESIAN_POINT('',(0.624983456,13.054460045598,0.3644472094));
#779 = CARTESIAN_POINT('',(-1.97212696849,5.919006169898,
    1.2271788264E-02));
#780 = CARTESIAN_POINT('',(0.625,5.461062613475,-1.148570609678E-15));
#781 = CARTESIAN_POINT('',(0.625,13.054553871282,-3.412390181357E-14));
#782 = CARTESIAN_POINT('',(-1.972126968337,5.919006170318,
    -1.148570609678E-15));
#783 = ADVANCED_FACE('',(#784),#796,.T.);
#784 = FACE_BOUND('',#785,.T.);
#785 = EDGE_LOOP('',(#786,#787,#788,#795));
#786 = ORIENTED_EDGE('',*,*,#543,.T.);
#787 = ORIENTED_EDGE('',*,*,#616,.T.);
#788 = ORIENTED_EDGE('',*,*,#789,.T.);
#789 = EDGE_CURVE('',#617,#640,#790,.T.);
#790 = ( BOUNDED_CURVE() B_SPLINE_CURVE(3,(#791,#792,#793,#794),
.UNSPECIFIED.,.F.,.F.) B_SPLINE_CURVE_WITH_KNOTS((4,4),(1.570796326795,
3.14159265359),.PIECEWISE_BEZIER_KNOTS.) CURVE() 
GEOMETRIC_REPRESENTATION_ITEM() RATIONAL_B_SPLINE_CURVE((1.,
0.804737854124,0.804737854124,1.)) REPRESENTATION_ITEM('') );
#791 = CARTESIAN_POINT('',(-0.875,4.547631141855,-1.5));
#792 = CARTESIAN_POINT('',(3.67965644036E-03,5.082706909632,-1.5));
#793 = CARTESIAN_POINT('',(0.625,5.461062613475,-0.87867965644));
#794 = CARTESIAN_POINT('',(0.625,5.461062613475,0.));
#795 = ORIENTED_EDGE('',*,*,#650,.F.);
#796 = CYLINDRICAL_SURFACE('',#797,1.5);
#797 = AXIS2_PLACEMENT_3D('',#798,#799,#800);
#798 = CARTESIAN_POINT('',(-0.875,4.4,0.));
#799 = DIRECTION('',(0.,1.,0.));
#800 = DIRECTION('',(0.,-0.,1.));
#801 = ADVANCED_FACE('',(#802),#813,.T.);
#802 = FACE_BOUND('',#803,.T.);
#803 = EDGE_LOOP('',(#804,#805,#806,#812));
#804 = ORIENTED_EDGE('',*,*,#602,.T.);
#805 = ORIENTED_EDGE('',*,*,#673,.F.);
#806 = ORIENTED_EDGE('',*,*,#807,.T.);
#807 = EDGE_CURVE('',#665,#570,#808,.T.);
#808 = LINE('',#809,#810);
#809 = CARTESIAN_POINT('',(-2.525,4.4,0.));
#810 = VECTOR('',#811,1.);
#811 = DIRECTION('',(-0.342020143326,-0.939692620786,-0.));
#812 = ORIENTED_EDGE('',*,*,#569,.T.);
#813 = CYLINDRICAL_SURFACE('',#814,1.5);
#814 = AXIS2_PLACEMENT_3D('',#815,#816,#817);
#815 = CARTESIAN_POINT('',(-0.562588037159,5.40597595533,0.));
#816 = DIRECTION('',(0.342020143326,0.939692620786,0.));
#817 = DIRECTION('',(0.939692620786,-0.342020143326,0.));
#818 = ADVANCED_FACE('',(#819),#830,.T.);
#819 = FACE_BOUND('',#820,.T.);
#820 = EDGE_LOOP('',(#821,#822,#829));
#821 = ORIENTED_EDGE('',*,*,#789,.F.);
#822 = ORIENTED_EDGE('',*,*,#823,.T.);
#823 = EDGE_CURVE('',#617,#665,#824,.T.);
#824 = ( BOUNDED_CURVE() B_SPLINE_CURVE(3,(#825,#826,#827,#828),
.UNSPECIFIED.,.F.,.F.) B_SPLINE_CURVE_WITH_KNOTS((4,4),(1.570796326795,
3.14159265359),.PIECEWISE_BEZIER_KNOTS.) CURVE() 
GEOMETRIC_REPRESENTATION_ITEM() RATIONAL_B_SPLINE_CURVE((1.,
0.804737854124,0.804737854124,1.)) REPRESENTATION_ITEM('') );
#825 = CARTESIAN_POINT('',(-0.875,4.547631141855,-1.5));
#826 = CARTESIAN_POINT('',(-1.517682098407,5.350964034429,-1.5));
#827 = CARTESIAN_POINT('',(-1.972126968337,5.919006170318,-0.87867965644
    ));
#828 = CARTESIAN_POINT('',(-1.972126968337,5.919006170318,0.));
#829 = ORIENTED_EDGE('',*,*,#664,.F.);
#830 = ( BOUNDED_SURFACE() B_SPLINE_SURFACE(3,2,(
    (#831,#832,#833)
    ,(#834,#835,#836)
    ,(#837,#838,#839)
    ,(#840,#841,#842)
    ,(#843,#844,#845)
    ,(#846,#847,#848)
    ,(#849,#850,#851)
    ,(#852,#853,#854)
    ,(#855,#856,#857)
    ,(#858,#859,#860)
    ,(#861,#862,#863)
    ,(#864,#865,#866)
    ,(#867,#868,#869)
    ,(#870,#871,#872)
    ,(#873,#874,#875)
    ,(#876,#877,#878)
    ,(#879,#880,#881)
    ,(#882,#883,#884)
    ,(#885,#886,#887)
    ,(#888,#889,#890)
    ,(#891,#892,#893)
    ,(#894,#895,#896)
    ,(#897,#898,#899)
    ,(#900,#901,#902)
    ,(#903,#904,#905)
    ,(#906,#907,#908)
    ,(#909,#910,#911)
    ,(#912,#913,#914)
    ,(#915,#916,#917)
    ,(#918,#919,#920)
    ,(#921,#922,#923)
    ,(#924,#925,#926)
    ,(#927,#928,#929)
    ,(#930,#931,#932
)),.UNSPECIFIED.,.F.,.F.,.F.) B_SPLINE_SURFACE_WITH_KNOTS((4,2,2,2,2,2,2
    ,2,2,2,2,2,2,2,2,2,4),(3,3),(1.570796326795,1.963495408494,
    2.159844949343,2.356194490192,2.552544031042,2.650718801466,
    2.748893571891,2.847068342316,2.896155727528,2.94524311274,
    2.994330497953,3.018874190559,3.043417883165,3.067961575771,
    3.092505268377,3.117048960984,3.14159265359),(0.,1.),.UNSPECIFIED.) 
GEOMETRIC_REPRESENTATION_ITEM() RATIONAL_B_SPLINE_SURFACE((
    (1.,1.,1.)
    ,(1.,1.000131127444,1.)
    ,(1.,0.974723772114,1.)
    ,(1.,0.902037594454,1.)
    ,(1.,0.872078246289,1.)
    ,(1.,0.802017213674,1.)
    ,(1.,0.761911250211,1.)
    ,(1.,0.673465835859,1.)
    ,(1.,0.625106802452,1.)
    ,(1.,0.548484212072,1.)
    ,(1.,0.522269948632,1.)
    ,(1.,0.469028138674,1.)
    ,(1.,0.441993003994,1.)
    ,(1.,0.387909143032,1.)
    ,(1.,0.360839629077,1.)
    ,(1.,0.321302666671,1.)
    ,(1.,0.308307078504,1.)
    ,(1.,0.283006045521,1.)
    ,(1.,0.270695741388,1.)
    ,(1.,0.247247370842,1.)
    ,(1.,0.236102021778,1.)
    ,(1.,0.220810635211,1.)
    ,(1.,0.215950372317,1.)
    ,(1.,0.206831977671,1.)
    ,(1.,0.202568562385,1.)
    ,(1.,0.194779406328,1.)
    ,(1.,0.191247449586,1.)
    ,(1.,0.185062266181,1.)
    ,(1.,0.182402564114,1.)
    ,(1.,0.178090027445,1.)
    ,(1.,0.176431641638,1.)
    ,(1.,0.174212341824,1.)
    ,(1.,0.173646648733,1.)
,(1.,0.173648177667,1.))) REPRESENTATION_ITEM('') SURFACE() );
#831 = CARTESIAN_POINT('',(-0.875,4.547631141855,-1.5));
#832 = CARTESIAN_POINT('',(-0.875,4.547631141855,-1.5));
#833 = CARTESIAN_POINT('',(-0.875,4.547631141855,-1.5));
#834 = CARTESIAN_POINT('',(-1.018639454961,4.727176050804,-1.5));
#835 = CARTESIAN_POINT('',(-0.84856684957,4.697540987323,-1.499999997828
    ));
#836 = CARTESIAN_POINT('',(-0.678615088627,4.667220580922,-1.5));
#837 = CARTESIAN_POINT('',(-1.162170692796,4.906585691668,
    -1.460958998036));
#838 = CARTESIAN_POINT('',(-0.821064260191,4.853515922461,
    -1.529198949353));
#839 = CARTESIAN_POINT('',(-0.4823781325,4.786719922003,-1.460958998036)
  );
#840 = CARTESIAN_POINT('',(-1.361193124578,5.155357621377,
    -1.348249449133));
#841 = CARTESIAN_POINT('',(-0.781465892023,5.078089427937,
    -1.623772253476));
#842 = CARTESIAN_POINT('',(-0.210273210929,4.952419387966,
    -1.348249449133));
#843 = CARTESIAN_POINT('',(-1.42482593632,5.234896682519,-1.301747383454
    ));
#844 = CARTESIAN_POINT('',(-0.767499172128,5.15729863256,-1.667519562439
    ));
#845 = CARTESIAN_POINT('',(-0.123273966203,5.005397953393,
    -1.301747383454));
#846 = CARTESIAN_POINT('',(-1.544236234582,5.384155889433,
    -1.192661453454));
#847 = CARTESIAN_POINT('',(-0.738287219525,5.322967848271,
    -1.783022097051));
#848 = CARTESIAN_POINT('',(3.998466526158E-02,5.104815001388,
    -1.192661453454));
#849 = CARTESIAN_POINT('',(-1.600010868559,5.453872469613,
    -1.130080191578));
#850 = CARTESIAN_POINT('',(-0.722558037596,5.412172471783,
    -1.858973298972));
#851 = CARTESIAN_POINT('',(0.116240151981,5.151251109024,-1.130080191578
    ));
#852 = CARTESIAN_POINT('',(-1.70156096971,5.580806978449,-0.991240151981
    ));
#853 = CARTESIAN_POINT('',(-0.686597140242,5.616116855164,
    -2.057256261084));
#854 = CARTESIAN_POINT('',(0.255080191578,5.235798350149,-0.991240151981
    ));
#855 = CARTESIAN_POINT('',(-1.747334042212,5.638021913837,
    -0.914984639839));
#856 = CARTESIAN_POINT('',(-0.665322275798,5.736772607101,
    -2.189182866314));
#857 = CARTESIAN_POINT('',(0.317661470441,5.273907489914,-0.914984639839
    ));
#858 = CARTESIAN_POINT('',(-1.80717458141,5.712820750721,-0.792540704375
    ));
#859 = CARTESIAN_POINT('',(-0.624317635718,5.969321476905,
    -2.436982660136));
#860 = CARTESIAN_POINT('',(0.39947589246,5.323728735184,-0.792540704375)
  );
#861 = CARTESIAN_POINT('',(-1.82565487266,5.735920547436,-0.75038627993)
  );
#862 = CARTESIAN_POINT('',(-0.60755743177,6.064373316847,-2.536903896689
    ));
#863 = CARTESIAN_POINT('',(0.424742281562,5.339114811837,-0.75038627993)
  );
#864 = CARTESIAN_POINT('',(-1.859504333474,5.77823133427,-0.663803930548
    ));
#865 = CARTESIAN_POINT('',(-0.566259585279,6.298585042843,
    -2.765634325176));
#866 = CARTESIAN_POINT('',(0.471021511483,5.367296748566,-0.663803930548
    ));
#867 = CARTESIAN_POINT('',(-1.874873531226,5.797442359624,
    -0.619375928024));
#868 = CARTESIAN_POINT('',(-0.540725540309,6.443395807865,
    -2.898611819761));
#869 = CARTESIAN_POINT('',(0.492034390844,5.38009263211,-0.619375928024)
  );
#870 = CARTESIAN_POINT('',(-1.90235277,5.831790564475,-0.528674369071));
#871 = CARTESIAN_POINT('',(-0.474061444923,6.821466680047,
    -3.195650844202));
#872 = CARTESIAN_POINT('',(0.52960420669,5.402970933562,-0.528674369071)
  );
#873 = CARTESIAN_POINT('',(-1.914462861725,5.84692780735,-0.482400633426
    ));
#874 = CARTESIAN_POINT('',(-0.430589483464,7.068008424731,
    -3.365387876262));
#875 = CARTESIAN_POINT('',(0.546161212499,5.413053393683,-0.482400633426
    ));
#876 = CARTESIAN_POINT('',(-1.93009614327,5.866468929336,-0.41194020711)
  );
#877 = CARTESIAN_POINT('',(-0.344624190549,7.555541827562,
    -3.608120570722));
#878 = CARTESIAN_POINT('',(0.567535149148,5.426069144621,-0.41194020711)
  );
#879 = CARTESIAN_POINT('',(-1.934885550858,5.872455541785,
    -0.388278365986));
#880 = CARTESIAN_POINT('',(-0.3098771717,7.752601963842,-3.691145245066)
  );
#881 = CARTESIAN_POINT('',(0.574083262164,5.430056646294,-0.388278365986
    ));
#882 = CARTESIAN_POINT('',(-1.943609345162,5.883360016844,
    -0.340662173724));
#883 = CARTESIAN_POINT('',(-0.228082570289,8.216482199769,
    -3.837018531842));
#884 = CARTESIAN_POINT('',(0.58601049742,5.437319787662,-0.340662173724)
  );
#885 = CARTESIAN_POINT('',(-1.947543788844,5.888277950659,
    -0.316707505923));
#886 = CARTESIAN_POINT('',(-0.180080518889,8.488715361179,
    -3.897939276461));
#887 = CARTESIAN_POINT('',(0.591389697542,5.440595474784,-0.316707505923
    ));
#888 = CARTESIAN_POINT('',(-1.954548173714,5.89703321671,-0.268563460125
    ));
#889 = CARTESIAN_POINT('',(-6.804600136742E-02,9.124094683568,
    -3.957312351014));
#890 = CARTESIAN_POINT('',(0.600966143667,5.446427092969,-0.268563460125
    ));
#891 = CARTESIAN_POINT('',(-1.957618174357,5.900870623264,
    -0.244373663715));
#892 = CARTESIAN_POINT('',(-2.893379708556E-03,9.493593562283,
    -3.949742878628));
#893 = CARTESIAN_POINT('',(0.605163470957,5.448983073531,-0.244373663715
    ));
#894 = CARTESIAN_POINT('',(-1.961569251114,5.905809347912,
    -0.207956735667));
#895 = CARTESIAN_POINT('',(0.104166606998,10.100760918498,-3.8323648694)
  );
#896 = CARTESIAN_POINT('',(0.610565411942,5.4522726088,-0.207956735667)
  );
#897 = CARTESIAN_POINT('',(-1.962777327956,5.907319406876,
    -0.195795516304));
#898 = CARTESIAN_POINT('',(0.142655310797,10.319041204614,
    -3.772153611667));
#899 = CARTESIAN_POINT('',(0.612217103419,5.453278413451,-0.195795516304
    ));
#900 = CARTESIAN_POINT('',(-1.964974797907,5.910066176853,
    -0.171436509294));
#901 = CARTESIAN_POINT('',(0.22216812,10.769980753876,-3.599150239052));
#902 = CARTESIAN_POINT('',(0.615221500377,5.455107953941,-0.171436509294
    ));
#903 = CARTESIAN_POINT('',(-1.965964219375,5.911302923312,
    -0.159238404561));
#904 = CARTESIAN_POINT('',(0.263173797999,11.00253551001,-3.485063990556
    ));
#905 = CARTESIAN_POINT('',(0.616574244631,5.45593171339,-0.159238404561)
  );
#906 = CARTESIAN_POINT('',(-1.967723784845,5.91350232613,-0.134813016427
    ));
#907 = CARTESIAN_POINT('',(0.344883204458,11.465932581357,
    -3.190562845892));
#908 = CARTESIAN_POINT('',(0.618979935386,5.457396669155,-0.134813016427
    ));
#909 = CARTESIAN_POINT('',(-1.968493954485,5.914465014537,-0.12258537363
    ));
#910 = CARTESIAN_POINT('',(0.38544847722,11.69598967528,-3.008982094582)
  );
#911 = CARTESIAN_POINT('',(0.62003291694,5.458037886816,-0.12258537363)
  );
#912 = CARTESIAN_POINT('',(-1.969814556091,5.916115726001,
    -9.81083171686E-02));
#913 = CARTESIAN_POINT('',(0.461744287961,12.128684719649,-2.57205789764
    ));
#914 = CARTESIAN_POINT('',(0.621838453096,5.459137375847,
    -9.81083171686E-02));
#915 = CARTESIAN_POINT('',(-1.970365009445,5.916803775795,
    -8.585850272878E-02));
#916 = CARTESIAN_POINT('',(0.497213768977,12.329842142485,
    -2.316179162301));
#917 = CARTESIAN_POINT('',(0.622591036941,5.459595665026,
    -8.585850272878E-02));
#918 = CARTESIAN_POINT('',(-1.971245852266,5.917904802279,
    -6.134452025347E-02));
#919 = CARTESIAN_POINT('',(0.557662723255,12.672665197894,
    -1.737089305412));
#920 = CARTESIAN_POINT('',(0.623795331675,5.460329025501,
    -6.134452025347E-02));
#921 = CARTESIAN_POINT('',(-1.971576257233,5.918317798345,
    -4.907991571441E-02));
#922 = CARTESIAN_POINT('',(0.582329408184,12.812556919684,
    -1.414487277221));
#923 = CARTESIAN_POINT('',(0.624247063758,5.460604109702,
    -4.907991571441E-02));
#924 = CARTESIAN_POINT('',(-1.97201681118,5.918868477254,
    -2.454376985433E-02));
#925 = CARTESIAN_POINT('',(0.616108449432,13.004127382199,
    -0.727097323166));
#926 = CARTESIAN_POINT('',(0.624849392331,5.460970900285,
    -2.454376985433E-02));
#927 = CARTESIAN_POINT('',(-1.97212696849,5.919006169898,
    -1.2271788264E-02));
#928 = CARTESIAN_POINT('',(0.624983456,13.054460045598,-0.3644472094));
#929 = CARTESIAN_POINT('',(0.625,5.461062613028,-1.2271788264E-02));
#930 = CARTESIAN_POINT('',(-1.972126968337,5.919006170318,
    1.148570609678E-15));
#931 = CARTESIAN_POINT('',(0.625,13.054553871282,3.412390181357E-14));
#932 = CARTESIAN_POINT('',(0.625,5.461062613475,1.148570609678E-15));
#933 = ADVANCED_FACE('',(#934),#940,.T.);
#934 = FACE_BOUND('',#935,.T.);
#935 = EDGE_LOOP('',(#936,#937,#938,#939));
#936 = ORIENTED_EDGE('',*,*,#578,.T.);
#937 = ORIENTED_EDGE('',*,*,#807,.F.);
#938 = ORIENTED_EDGE('',*,*,#823,.F.);
#939 = ORIENTED_EDGE('',*,*,#625,.T.);
#940 = CYLINDRICAL_SURFACE('',#941,1.5);
#941 = AXIS2_PLACEMENT_3D('',#942,#943,#944);
#942 = CARTESIAN_POINT('',(-1.115461068821,3.886969785011,0.));
#943 = DIRECTION('',(-0.342020143326,-0.939692620786,0.));
#944 = DIRECTION('',(-0.939692620786,0.342020143326,0.));
#945 = MANIFOLD_SOLID_BREP('',#946);
#946 = CLOSED_SHELL('',(#947,#987,#1018,#1049,#1080,#1111,#1142,#1173,
    #1204,#1235,#1266,#1297,#1319,#1339));
#947 = ADVANCED_FACE('',(#948),#982,.F.);
#948 = FACE_BOUND('',#949,.T.);
#949 = EDGE_LOOP('',(#950,#960,#968,#976));
#950 = ORIENTED_EDGE('',*,*,#951,.T.);
#951 = EDGE_CURVE('',#952,#954,#956,.T.);
#952 = VERTEX_POINT('',#953);
#953 = CARTESIAN_POINT('',(-1.725,2.23345647532E-14,1.595));
#954 = VERTEX_POINT('',#955);
#955 = CARTESIAN_POINT('',(-1.725,0.5,1.595));
#956 = LINE('',#957,#958);
#957 = CARTESIAN_POINT('',(-1.725,0.5,1.595));
#958 = VECTOR('',#959,1.);
#959 = DIRECTION('',(-0.,1.,-8.673617379884E-16));
#960 = ORIENTED_EDGE('',*,*,#961,.F.);
#961 = EDGE_CURVE('',#962,#954,#964,.T.);
#962 = VERTEX_POINT('',#963);
#963 = CARTESIAN_POINT('',(-2.125,0.5,1.595));
#964 = LINE('',#965,#966);
#965 = CARTESIAN_POINT('',(-2.125,0.5,1.595));
#966 = VECTOR('',#967,1.);
#967 = DIRECTION('',(1.,-0.,-0.));
#968 = ORIENTED_EDGE('',*,*,#969,.F.);
#969 = EDGE_CURVE('',#970,#962,#972,.T.);
#970 = VERTEX_POINT('',#971);
#971 = CARTESIAN_POINT('',(-2.125,2.23345647532E-14,1.595));
#972 = LINE('',#973,#974);
#973 = CARTESIAN_POINT('',(-2.125,0.5,1.595));
#974 = VECTOR('',#975,1.);
#975 = DIRECTION('',(-0.,1.,-8.673617379884E-16));
#976 = ORIENTED_EDGE('',*,*,#977,.T.);
#977 = EDGE_CURVE('',#970,#952,#978,.T.);
#978 = LINE('',#979,#980);
#979 = CARTESIAN_POINT('',(-2.125,2.23345647532E-14,1.595));
#980 = VECTOR('',#981,1.);
#981 = DIRECTION('',(1.,-0.,-0.));
#982 = PLANE('',#983);
#983 = AXIS2_PLACEMENT_3D('',#984,#985,#986);
#984 = CARTESIAN_POINT('',(-2.125,0.5,1.595));
#985 = DIRECTION('',(0.,-8.673617379884E-16,-1.));
#986 = DIRECTION('',(0.,1.,-8.673617379884E-16));
#987 = ADVANCED_FACE('',(#988),#1013,.F.);
#988 = FACE_BOUND('',#989,.T.);
#989 = EDGE_LOOP('',(#990,#998,#1006,#1012));
#990 = ORIENTED_EDGE('',*,*,#991,.T.);
#991 = EDGE_CURVE('',#954,#992,#994,.T.);
#992 = VERTEX_POINT('',#993);
#993 = CARTESIAN_POINT('',(-1.725,0.5,0.945));
#994 = LINE('',#995,#996);
#995 = CARTESIAN_POINT('',(-1.725,0.5,1.595));
#996 = VECTOR('',#997,1.);
#997 = DIRECTION('',(0.,-3.336006684571E-16,-1.));
#998 = ORIENTED_EDGE('',*,*,#999,.F.);
#999 = EDGE_CURVE('',#1000,#992,#1002,.T.);
#1000 = VERTEX_POINT('',#1001);
#1001 = CARTESIAN_POINT('',(-2.125,0.5,0.945));
#1002 = LINE('',#1003,#1004);
#1003 = CARTESIAN_POINT('',(-2.125,0.5,0.945));
#1004 = VECTOR('',#1005,1.);
#1005 = DIRECTION('',(1.,-0.,-0.));
#1006 = ORIENTED_EDGE('',*,*,#1007,.F.);
#1007 = EDGE_CURVE('',#962,#1000,#1008,.T.);
#1008 = LINE('',#1009,#1010);
#1009 = CARTESIAN_POINT('',(-2.125,0.5,1.595));
#1010 = VECTOR('',#1011,1.);
#1011 = DIRECTION('',(0.,-3.336006684571E-16,-1.));
#1012 = ORIENTED_EDGE('',*,*,#961,.T.);
#1013 = PLANE('',#1014);
#1014 = AXIS2_PLACEMENT_3D('',#1015,#1016,#1017);
#1015 = CARTESIAN_POINT('',(-2.125,0.5,1.595));
#1016 = DIRECTION('',(0.,-1.,3.336006684571E-16));
#1017 = DIRECTION('',(0.,-3.336006684571E-16,-1.));
#1018 = ADVANCED_FACE('',(#1019),#1044,.F.);
#1019 = FACE_BOUND('',#1020,.T.);
#1020 = EDGE_LOOP('',(#1021,#1029,#1037,#1043));
#1021 = ORIENTED_EDGE('',*,*,#1022,.T.);
#1022 = EDGE_CURVE('',#992,#1023,#1025,.T.);
#1023 = VERTEX_POINT('',#1024);
#1024 = CARTESIAN_POINT('',(-1.725,2.21177243187E-14,0.945));
#1025 = LINE('',#1026,#1027);
#1026 = CARTESIAN_POINT('',(-1.725,0.5,0.945));
#1027 = VECTOR('',#1028,1.);
#1028 = DIRECTION('',(0.,-1.,0.));
#1029 = ORIENTED_EDGE('',*,*,#1030,.F.);
#1030 = EDGE_CURVE('',#1031,#1023,#1033,.T.);
#1031 = VERTEX_POINT('',#1032);
#1032 = CARTESIAN_POINT('',(-2.125,2.21177243187E-14,0.945));
#1033 = LINE('',#1034,#1035);
#1034 = CARTESIAN_POINT('',(-2.125,2.21177243187E-14,0.945));
#1035 = VECTOR('',#1036,1.);
#1036 = DIRECTION('',(1.,-0.,-0.));
#1037 = ORIENTED_EDGE('',*,*,#1038,.F.);
#1038 = EDGE_CURVE('',#1000,#1031,#1039,.T.);
#1039 = LINE('',#1040,#1041);
#1040 = CARTESIAN_POINT('',(-2.125,0.5,0.945));
#1041 = VECTOR('',#1042,1.);
#1042 = DIRECTION('',(0.,-1.,0.));
#1043 = ORIENTED_EDGE('',*,*,#999,.T.);
#1044 = PLANE('',#1045);
#1045 = AXIS2_PLACEMENT_3D('',#1046,#1047,#1048);
#1046 = CARTESIAN_POINT('',(-2.125,0.5,0.945));
#1047 = DIRECTION('',(0.,0.,1.));
#1048 = DIRECTION('',(1.,0.,-0.));
#1049 = ADVANCED_FACE('',(#1050),#1075,.F.);
#1050 = FACE_BOUND('',#1051,.T.);
#1051 = EDGE_LOOP('',(#1052,#1060,#1068,#1074));
#1052 = ORIENTED_EDGE('',*,*,#1053,.T.);
#1053 = EDGE_CURVE('',#1023,#1054,#1056,.T.);
#1054 = VERTEX_POINT('',#1055);
#1055 = CARTESIAN_POINT('',(-1.725,2.21177243187E-14,0.845));
#1056 = LINE('',#1057,#1058);
#1057 = CARTESIAN_POINT('',(-1.725,2.21177243187E-14,0.945));
#1058 = VECTOR('',#1059,1.);
#1059 = DIRECTION('',(0.,0.,-1.));
#1060 = ORIENTED_EDGE('',*,*,#1061,.F.);
#1061 = EDGE_CURVE('',#1062,#1054,#1064,.T.);
#1062 = VERTEX_POINT('',#1063);
#1063 = CARTESIAN_POINT('',(-2.125,2.21177243187E-14,0.845));
#1064 = LINE('',#1065,#1066);
#1065 = CARTESIAN_POINT('',(-2.125,2.21177243187E-14,0.845));
#1066 = VECTOR('',#1067,1.);
#1067 = DIRECTION('',(1.,-0.,-0.));
#1068 = ORIENTED_EDGE('',*,*,#1069,.F.);
#1069 = EDGE_CURVE('',#1031,#1062,#1070,.T.);
#1070 = LINE('',#1071,#1072);
#1071 = CARTESIAN_POINT('',(-2.125,2.21177243187E-14,0.945));
#1072 = VECTOR('',#1073,1.);
#1073 = DIRECTION('',(0.,0.,-1.));
#1074 = ORIENTED_EDGE('',*,*,#1030,.T.);
#1075 = PLANE('',#1076);
#1076 = AXIS2_PLACEMENT_3D('',#1077,#1078,#1079);
#1077 = CARTESIAN_POINT('',(-2.125,2.21177243187E-14,0.945));
#1078 = DIRECTION('',(0.,-1.,-0.));
#1079 = DIRECTION('',(0.,0.,-1.));
#1080 = ADVANCED_FACE('',(#1081),#1106,.F.);
#1081 = FACE_BOUND('',#1082,.T.);
#1082 = EDGE_LOOP('',(#1083,#1091,#1099,#1105));
#1083 = ORIENTED_EDGE('',*,*,#1084,.T.);
#1084 = EDGE_CURVE('',#1054,#1085,#1087,.T.);
#1085 = VERTEX_POINT('',#1086);
#1086 = CARTESIAN_POINT('',(-1.725,-0.7,0.845));
#1087 = LINE('',#1088,#1089);
#1088 = CARTESIAN_POINT('',(-1.725,2.21177243187E-14,0.845));
#1089 = VECTOR('',#1090,1.);
#1090 = DIRECTION('',(0.,-1.,1.239088197126E-15));
#1091 = ORIENTED_EDGE('',*,*,#1092,.F.);
#1092 = EDGE_CURVE('',#1093,#1085,#1095,.T.);
#1093 = VERTEX_POINT('',#1094);
#1094 = CARTESIAN_POINT('',(-2.125,-0.7,0.845));
#1095 = LINE('',#1096,#1097);
#1096 = CARTESIAN_POINT('',(-2.125,-0.7,0.845));
#1097 = VECTOR('',#1098,1.);
#1098 = DIRECTION('',(1.,-0.,-0.));
#1099 = ORIENTED_EDGE('',*,*,#1100,.F.);
#1100 = EDGE_CURVE('',#1062,#1093,#1101,.T.);
#1101 = LINE('',#1102,#1103);
#1102 = CARTESIAN_POINT('',(-2.125,2.21177243187E-14,0.845));
#1103 = VECTOR('',#1104,1.);
#1104 = DIRECTION('',(0.,-1.,1.239088197126E-15));
#1105 = ORIENTED_EDGE('',*,*,#1061,.T.);
#1106 = PLANE('',#1107);
#1107 = AXIS2_PLACEMENT_3D('',#1108,#1109,#1110);
#1108 = CARTESIAN_POINT('',(-2.125,2.21177243187E-14,0.845));
#1109 = DIRECTION('',(0.,1.239088197126E-15,1.));
#1110 = DIRECTION('',(0.,-1.,1.239088197126E-15));
#1111 = ADVANCED_FACE('',(#1112),#1137,.F.);
#1112 = FACE_BOUND('',#1113,.T.);
#1113 = EDGE_LOOP('',(#1114,#1122,#1130,#1136));
#1114 = ORIENTED_EDGE('',*,*,#1115,.T.);
#1115 = EDGE_CURVE('',#1085,#1116,#1118,.T.);
#1116 = VERTEX_POINT('',#1117);
#1117 = CARTESIAN_POINT('',(-1.725,-0.7,0.945));
#1118 = LINE('',#1119,#1120);
#1119 = CARTESIAN_POINT('',(-1.725,-0.7,0.945));
#1120 = VECTOR('',#1121,1.);
#1121 = DIRECTION('',(-0.,4.336808689942E-15,1.));
#1122 = ORIENTED_EDGE('',*,*,#1123,.F.);
#1123 = EDGE_CURVE('',#1124,#1116,#1126,.T.);
#1124 = VERTEX_POINT('',#1125);
#1125 = CARTESIAN_POINT('',(-2.125,-0.7,0.945));
#1126 = LINE('',#1127,#1128);
#1127 = CARTESIAN_POINT('',(-2.125,-0.7,0.945));
#1128 = VECTOR('',#1129,1.);
#1129 = DIRECTION('',(1.,-0.,-0.));
#1130 = ORIENTED_EDGE('',*,*,#1131,.F.);
#1131 = EDGE_CURVE('',#1093,#1124,#1132,.T.);
#1132 = LINE('',#1133,#1134);
#1133 = CARTESIAN_POINT('',(-2.125,-0.7,0.945));
#1134 = VECTOR('',#1135,1.);
#1135 = DIRECTION('',(-0.,4.336808689942E-15,1.));
#1136 = ORIENTED_EDGE('',*,*,#1092,.T.);
#1137 = PLANE('',#1138);
#1138 = AXIS2_PLACEMENT_3D('',#1139,#1140,#1141);
#1139 = CARTESIAN_POINT('',(-2.125,-0.7,0.945));
#1140 = DIRECTION('',(0.,1.,-4.336808689942E-15));
#1141 = DIRECTION('',(0.,4.336808689942E-15,1.));
#1142 = ADVANCED_FACE('',(#1143),#1168,.F.);
#1143 = FACE_BOUND('',#1144,.T.);
#1144 = EDGE_LOOP('',(#1145,#1153,#1161,#1167));
#1145 = ORIENTED_EDGE('',*,*,#1146,.T.);
#1146 = EDGE_CURVE('',#1116,#1147,#1149,.T.);
#1147 = VERTEX_POINT('',#1148);
#1148 = CARTESIAN_POINT('',(-1.725,-3.8,0.945));
#1149 = LINE('',#1150,#1151);
#1150 = CARTESIAN_POINT('',(-1.725,-0.7,0.945));
#1151 = VECTOR('',#1152,1.);
#1152 = DIRECTION('',(0.,-1.,5.59588218057E-16));
#1153 = ORIENTED_EDGE('',*,*,#1154,.F.);
#1154 = EDGE_CURVE('',#1155,#1147,#1157,.T.);
#1155 = VERTEX_POINT('',#1156);
#1156 = CARTESIAN_POINT('',(-2.125,-3.8,0.945));
#1157 = LINE('',#1158,#1159);
#1158 = CARTESIAN_POINT('',(-2.125,-3.8,0.945));
#1159 = VECTOR('',#1160,1.);
#1160 = DIRECTION('',(1.,-0.,-0.));
#1161 = ORIENTED_EDGE('',*,*,#1162,.F.);
#1162 = EDGE_CURVE('',#1124,#1155,#1163,.T.);
#1163 = LINE('',#1164,#1165);
#1164 = CARTESIAN_POINT('',(-2.125,-0.7,0.945));
#1165 = VECTOR('',#1166,1.);
#1166 = DIRECTION('',(0.,-1.,5.59588218057E-16));
#1167 = ORIENTED_EDGE('',*,*,#1123,.T.);
#1168 = PLANE('',#1169);
#1169 = AXIS2_PLACEMENT_3D('',#1170,#1171,#1172);
#1170 = CARTESIAN_POINT('',(-2.125,-0.7,0.945));
#1171 = DIRECTION('',(0.,5.59588218057E-16,1.));
#1172 = DIRECTION('',(0.,-1.,5.59588218057E-16));
#1173 = ADVANCED_FACE('',(#1174),#1199,.F.);
#1174 = FACE_BOUND('',#1175,.T.);
#1175 = EDGE_LOOP('',(#1176,#1184,#1192,#1198));
#1176 = ORIENTED_EDGE('',*,*,#1177,.T.);
#1177 = EDGE_CURVE('',#1147,#1178,#1180,.T.);
#1178 = VERTEX_POINT('',#1179);
#1179 = CARTESIAN_POINT('',(-1.725,-3.8,1.595));
#1180 = LINE('',#1181,#1182);
#1181 = CARTESIAN_POINT('',(-1.725,-3.8,1.595));
#1182 = VECTOR('',#1183,1.);
#1183 = DIRECTION('',(-0.,-0.,1.));
#1184 = ORIENTED_EDGE('',*,*,#1185,.F.);
#1185 = EDGE_CURVE('',#1186,#1178,#1188,.T.);
#1186 = VERTEX_POINT('',#1187);
#1187 = CARTESIAN_POINT('',(-2.125,-3.8,1.595));
#1188 = LINE('',#1189,#1190);
#1189 = CARTESIAN_POINT('',(-2.125,-3.8,1.595));
#1190 = VECTOR('',#1191,1.);
#1191 = DIRECTION('',(1.,-0.,-0.));
#1192 = ORIENTED_EDGE('',*,*,#1193,.F.);
#1193 = EDGE_CURVE('',#1155,#1186,#1194,.T.);
#1194 = LINE('',#1195,#1196);
#1195 = CARTESIAN_POINT('',(-2.125,-3.8,1.595));
#1196 = VECTOR('',#1197,1.);
#1197 = DIRECTION('',(-0.,-0.,1.));
#1198 = ORIENTED_EDGE('',*,*,#1154,.T.);
#1199 = PLANE('',#1200);
#1200 = AXIS2_PLACEMENT_3D('',#1201,#1202,#1203);
#1201 = CARTESIAN_POINT('',(-2.125,-3.8,1.595));
#1202 = DIRECTION('',(0.,1.,0.));
#1203 = DIRECTION('',(0.,-0.,1.));
#1204 = ADVANCED_FACE('',(#1205),#1230,.F.);
#1205 = FACE_BOUND('',#1206,.T.);
#1206 = EDGE_LOOP('',(#1207,#1215,#1223,#1229));
#1207 = ORIENTED_EDGE('',*,*,#1208,.T.);
#1208 = EDGE_CURVE('',#1178,#1209,#1211,.T.);
#1209 = VERTEX_POINT('',#1210);
#1210 = CARTESIAN_POINT('',(-1.725,-0.7,1.595));
#1211 = LINE('',#1212,#1213);
#1212 = CARTESIAN_POINT('',(-1.725,-0.7,1.595));
#1213 = VECTOR('',#1214,1.);
#1214 = DIRECTION('',(-0.,1.,-0.));
#1215 = ORIENTED_EDGE('',*,*,#1216,.F.);
#1216 = EDGE_CURVE('',#1217,#1209,#1219,.T.);
#1217 = VERTEX_POINT('',#1218);
#1218 = CARTESIAN_POINT('',(-2.125,-0.7,1.595));
#1219 = LINE('',#1220,#1221);
#1220 = CARTESIAN_POINT('',(-2.125,-0.7,1.595));
#1221 = VECTOR('',#1222,1.);
#1222 = DIRECTION('',(1.,-0.,-0.));
#1223 = ORIENTED_EDGE('',*,*,#1224,.F.);
#1224 = EDGE_CURVE('',#1186,#1217,#1225,.T.);
#1225 = LINE('',#1226,#1227);
#1226 = CARTESIAN_POINT('',(-2.125,-0.7,1.595));
#1227 = VECTOR('',#1228,1.);
#1228 = DIRECTION('',(-0.,1.,-0.));
#1229 = ORIENTED_EDGE('',*,*,#1185,.T.);
#1230 = PLANE('',#1231);
#1231 = AXIS2_PLACEMENT_3D('',#1232,#1233,#1234);
#1232 = CARTESIAN_POINT('',(-2.125,-0.7,1.595));
#1233 = DIRECTION('',(-0.,0.,-1.));
#1234 = DIRECTION('',(-1.,0.,0.));
#1235 = ADVANCED_FACE('',(#1236),#1261,.F.);
#1236 = FACE_BOUND('',#1237,.T.);
#1237 = EDGE_LOOP('',(#1238,#1246,#1254,#1260));
#1238 = ORIENTED_EDGE('',*,*,#1239,.T.);
#1239 = EDGE_CURVE('',#1209,#1240,#1242,.T.);
#1240 = VERTEX_POINT('',#1241);
#1241 = CARTESIAN_POINT('',(-1.725,-0.7,1.695));
#1242 = LINE('',#1243,#1244);
#1243 = CARTESIAN_POINT('',(-1.725,-0.7,1.595));
#1244 = VECTOR('',#1245,1.);
#1245 = DIRECTION('',(0.,0.,1.));
#1246 = ORIENTED_EDGE('',*,*,#1247,.F.);
#1247 = EDGE_CURVE('',#1248,#1240,#1250,.T.);
#1248 = VERTEX_POINT('',#1249);
#1249 = CARTESIAN_POINT('',(-2.125,-0.7,1.695));
#1250 = LINE('',#1251,#1252);
#1251 = CARTESIAN_POINT('',(-2.125,-0.7,1.695));
#1252 = VECTOR('',#1253,1.);
#1253 = DIRECTION('',(1.,-0.,-0.));
#1254 = ORIENTED_EDGE('',*,*,#1255,.F.);
#1255 = EDGE_CURVE('',#1217,#1248,#1256,.T.);
#1256 = LINE('',#1257,#1258);
#1257 = CARTESIAN_POINT('',(-2.125,-0.7,1.595));
#1258 = VECTOR('',#1259,1.);
#1259 = DIRECTION('',(0.,0.,1.));
#1260 = ORIENTED_EDGE('',*,*,#1216,.T.);
#1261 = PLANE('',#1262);
#1262 = AXIS2_PLACEMENT_3D('',#1263,#1264,#1265);
#1263 = CARTESIAN_POINT('',(-2.125,-0.7,1.595));
#1264 = DIRECTION('',(0.,1.,-0.));
#1265 = DIRECTION('',(0.,0.,1.));
#1266 = ADVANCED_FACE('',(#1267),#1292,.F.);
#1267 = FACE_BOUND('',#1268,.T.);
#1268 = EDGE_LOOP('',(#1269,#1277,#1285,#1291));
#1269 = ORIENTED_EDGE('',*,*,#1270,.T.);
#1270 = EDGE_CURVE('',#1240,#1271,#1273,.T.);
#1271 = VERTEX_POINT('',#1272);
#1272 = CARTESIAN_POINT('',(-1.725,2.23345647532E-14,1.695));
#1273 = LINE('',#1274,#1275);
#1274 = CARTESIAN_POINT('',(-1.725,2.23345647532E-14,1.695));
#1275 = VECTOR('',#1276,1.);
#1276 = DIRECTION('',(-0.,1.,3.097720492816E-16));
#1277 = ORIENTED_EDGE('',*,*,#1278,.F.);
#1278 = EDGE_CURVE('',#1279,#1271,#1281,.T.);
#1279 = VERTEX_POINT('',#1280);
#1280 = CARTESIAN_POINT('',(-2.125,2.23345647532E-14,1.695));
#1281 = LINE('',#1282,#1283);
#1282 = CARTESIAN_POINT('',(-2.125,2.23345647532E-14,1.695));
#1283 = VECTOR('',#1284,1.);
#1284 = DIRECTION('',(1.,-0.,-0.));
#1285 = ORIENTED_EDGE('',*,*,#1286,.F.);
#1286 = EDGE_CURVE('',#1248,#1279,#1287,.T.);
#1287 = LINE('',#1288,#1289);
#1288 = CARTESIAN_POINT('',(-2.125,2.23345647532E-14,1.695));
#1289 = VECTOR('',#1290,1.);
#1290 = DIRECTION('',(-0.,1.,3.097720492816E-16));
#1291 = ORIENTED_EDGE('',*,*,#1247,.T.);
#1292 = PLANE('',#1293);
#1293 = AXIS2_PLACEMENT_3D('',#1294,#1295,#1296);
#1294 = CARTESIAN_POINT('',(-2.125,2.23345647532E-14,1.695));
#1295 = DIRECTION('',(0.,3.097720492816E-16,-1.));
#1296 = DIRECTION('',(0.,1.,3.097720492816E-16));
#1297 = ADVANCED_FACE('',(#1298),#1314,.F.);
#1298 = FACE_BOUND('',#1299,.T.);
#1299 = EDGE_LOOP('',(#1300,#1306,#1307,#1313));
#1300 = ORIENTED_EDGE('',*,*,#1301,.T.);
#1301 = EDGE_CURVE('',#1271,#952,#1302,.T.);
#1302 = LINE('',#1303,#1304);
#1303 = CARTESIAN_POINT('',(-1.725,2.23345647532E-14,1.595));
#1304 = VECTOR('',#1305,1.);
#1305 = DIRECTION('',(-0.,-0.,-1.));
#1306 = ORIENTED_EDGE('',*,*,#977,.F.);
#1307 = ORIENTED_EDGE('',*,*,#1308,.F.);
#1308 = EDGE_CURVE('',#1279,#970,#1309,.T.);
#1309 = LINE('',#1310,#1311);
#1310 = CARTESIAN_POINT('',(-2.125,2.23345647532E-14,1.595));
#1311 = VECTOR('',#1312,1.);
#1312 = DIRECTION('',(-0.,-0.,-1.));
#1313 = ORIENTED_EDGE('',*,*,#1278,.T.);
#1314 = PLANE('',#1315);
#1315 = AXIS2_PLACEMENT_3D('',#1316,#1317,#1318);
#1316 = CARTESIAN_POINT('',(-2.125,2.23345647532E-14,1.595));
#1317 = DIRECTION('',(0.,-1.,0.));
#1318 = DIRECTION('',(0.,-0.,-1.));
#1319 = ADVANCED_FACE('',(#1320),#1334,.T.);
#1320 = FACE_BOUND('',#1321,.T.);
#1321 = EDGE_LOOP('',(#1322,#1323,#1324,#1325,#1326,#1327,#1328,#1329,
    #1330,#1331,#1332,#1333));
#1322 = ORIENTED_EDGE('',*,*,#969,.T.);
#1323 = ORIENTED_EDGE('',*,*,#1007,.T.);
#1324 = ORIENTED_EDGE('',*,*,#1038,.T.);
#1325 = ORIENTED_EDGE('',*,*,#1069,.T.);
#1326 = ORIENTED_EDGE('',*,*,#1100,.T.);
#1327 = ORIENTED_EDGE('',*,*,#1131,.T.);
#1328 = ORIENTED_EDGE('',*,*,#1162,.T.);
#1329 = ORIENTED_EDGE('',*,*,#1193,.T.);
#1330 = ORIENTED_EDGE('',*,*,#1224,.T.);
#1331 = ORIENTED_EDGE('',*,*,#1255,.T.);
#1332 = ORIENTED_EDGE('',*,*,#1286,.T.);
#1333 = ORIENTED_EDGE('',*,*,#1308,.T.);
#1334 = PLANE('',#1335);
#1335 = AXIS2_PLACEMENT_3D('',#1336,#1337,#1338);
#1336 = CARTESIAN_POINT('',(-2.125,0.,0.));
#1337 = DIRECTION('',(-1.,0.,0.));
#1338 = DIRECTION('',(0.,0.,1.));
#1339 = ADVANCED_FACE('',(#1340),#1354,.F.);
#1340 = FACE_BOUND('',#1341,.T.);
#1341 = EDGE_LOOP('',(#1342,#1343,#1344,#1345,#1346,#1347,#1348,#1349,
    #1350,#1351,#1352,#1353));
#1342 = ORIENTED_EDGE('',*,*,#951,.F.);
#1343 = ORIENTED_EDGE('',*,*,#1301,.F.);
#1344 = ORIENTED_EDGE('',*,*,#1270,.F.);
#1345 = ORIENTED_EDGE('',*,*,#1239,.F.);
#1346 = ORIENTED_EDGE('',*,*,#1208,.F.);
#1347 = ORIENTED_EDGE('',*,*,#1177,.F.);
#1348 = ORIENTED_EDGE('',*,*,#1146,.F.);
#1349 = ORIENTED_EDGE('',*,*,#1115,.F.);
#1350 = ORIENTED_EDGE('',*,*,#1084,.F.);
#1351 = ORIENTED_EDGE('',*,*,#1053,.F.);
#1352 = ORIENTED_EDGE('',*,*,#1022,.F.);
#1353 = ORIENTED_EDGE('',*,*,#991,.F.);
#1354 = PLANE('',#1355);
#1355 = AXIS2_PLACEMENT_3D('',#1356,#1357,#1358);
#1356 = CARTESIAN_POINT('',(-1.725,0.,0.));
#1357 = DIRECTION('',(-1.,0.,0.));
#1358 = DIRECTION('',(0.,0.,1.));
#1359 = MANIFOLD_SOLID_BREP('',#1360);
#1360 = CLOSED_SHELL('',(#1361,#1401,#1432,#1463,#1494,#1525,#1556,#1587
    ,#1618,#1649,#1680,#1711,#1733,#1753));
#1361 = ADVANCED_FACE('',(#1362),#1396,.F.);
#1362 = FACE_BOUND('',#1363,.T.);
#1363 = EDGE_LOOP('',(#1364,#1374,#1382,#1390));
#1364 = ORIENTED_EDGE('',*,*,#1365,.T.);
#1365 = EDGE_CURVE('',#1366,#1368,#1370,.T.);
#1366 = VERTEX_POINT('',#1367);
#1367 = CARTESIAN_POINT('',(-1.725,-0.7,-1.695));
#1368 = VERTEX_POINT('',#1369);
#1369 = CARTESIAN_POINT('',(-1.725,-0.7,-1.595));
#1370 = LINE('',#1371,#1372);
#1371 = CARTESIAN_POINT('',(-1.725,-0.7,-1.595));
#1372 = VECTOR('',#1373,1.);
#1373 = DIRECTION('',(-0.,-0.,1.));
#1374 = ORIENTED_EDGE('',*,*,#1375,.F.);
#1375 = EDGE_CURVE('',#1376,#1368,#1378,.T.);
#1376 = VERTEX_POINT('',#1377);
#1377 = CARTESIAN_POINT('',(-2.125,-0.7,-1.595));
#1378 = LINE('',#1379,#1380);
#1379 = CARTESIAN_POINT('',(-2.125,-0.7,-1.595));
#1380 = VECTOR('',#1381,1.);
#1381 = DIRECTION('',(1.,-0.,-0.));
#1382 = ORIENTED_EDGE('',*,*,#1383,.F.);
#1383 = EDGE_CURVE('',#1384,#1376,#1386,.T.);
#1384 = VERTEX_POINT('',#1385);
#1385 = CARTESIAN_POINT('',(-2.125,-0.7,-1.695));
#1386 = LINE('',#1387,#1388);
#1387 = CARTESIAN_POINT('',(-2.125,-0.7,-1.595));
#1388 = VECTOR('',#1389,1.);
#1389 = DIRECTION('',(-0.,-0.,1.));
#1390 = ORIENTED_EDGE('',*,*,#1391,.T.);
#1391 = EDGE_CURVE('',#1384,#1366,#1392,.T.);
#1392 = LINE('',#1393,#1394);
#1393 = CARTESIAN_POINT('',(-2.125,-0.7,-1.695));
#1394 = VECTOR('',#1395,1.);
#1395 = DIRECTION('',(1.,-0.,-0.));
#1396 = PLANE('',#1397);
#1397 = AXIS2_PLACEMENT_3D('',#1398,#1399,#1400);
#1398 = CARTESIAN_POINT('',(-2.125,-0.7,-1.595));
#1399 = DIRECTION('',(0.,1.,0.));
#1400 = DIRECTION('',(0.,-0.,1.));
#1401 = ADVANCED_FACE('',(#1402),#1427,.F.);
#1402 = FACE_BOUND('',#1403,.T.);
#1403 = EDGE_LOOP('',(#1404,#1412,#1420,#1426));
#1404 = ORIENTED_EDGE('',*,*,#1405,.T.);
#1405 = EDGE_CURVE('',#1368,#1406,#1408,.T.);
#1406 = VERTEX_POINT('',#1407);
#1407 = CARTESIAN_POINT('',(-1.725,-3.8,-1.595));
#1408 = LINE('',#1409,#1410);
#1409 = CARTESIAN_POINT('',(-1.725,-0.7,-1.595));
#1410 = VECTOR('',#1411,1.);
#1411 = DIRECTION('',(0.,-1.,0.));
#1412 = ORIENTED_EDGE('',*,*,#1413,.F.);
#1413 = EDGE_CURVE('',#1414,#1406,#1416,.T.);
#1414 = VERTEX_POINT('',#1415);
#1415 = CARTESIAN_POINT('',(-2.125,-3.8,-1.595));
#1416 = LINE('',#1417,#1418);
#1417 = CARTESIAN_POINT('',(-2.125,-3.8,-1.595));
#1418 = VECTOR('',#1419,1.);
#1419 = DIRECTION('',(1.,-0.,-0.));
#1420 = ORIENTED_EDGE('',*,*,#1421,.F.);
#1421 = EDGE_CURVE('',#1376,#1414,#1422,.T.);
#1422 = LINE('',#1423,#1424);
#1423 = CARTESIAN_POINT('',(-2.125,-0.7,-1.595));
#1424 = VECTOR('',#1425,1.);
#1425 = DIRECTION('',(0.,-1.,0.));
#1426 = ORIENTED_EDGE('',*,*,#1375,.T.);
#1427 = PLANE('',#1428);
#1428 = AXIS2_PLACEMENT_3D('',#1429,#1430,#1431);
#1429 = CARTESIAN_POINT('',(-2.125,-0.7,-1.595));
#1430 = DIRECTION('',(0.,0.,1.));
#1431 = DIRECTION('',(1.,0.,-0.));
#1432 = ADVANCED_FACE('',(#1433),#1458,.F.);
#1433 = FACE_BOUND('',#1434,.T.);
#1434 = EDGE_LOOP('',(#1435,#1443,#1451,#1457));
#1435 = ORIENTED_EDGE('',*,*,#1436,.T.);
#1436 = EDGE_CURVE('',#1406,#1437,#1439,.T.);
#1437 = VERTEX_POINT('',#1438);
#1438 = CARTESIAN_POINT('',(-1.725,-3.8,-0.945));
#1439 = LINE('',#1440,#1441);
#1440 = CARTESIAN_POINT('',(-1.725,-3.8,-1.595));
#1441 = VECTOR('',#1442,1.);
#1442 = DIRECTION('',(0.,0.,1.));
#1443 = ORIENTED_EDGE('',*,*,#1444,.F.);
#1444 = EDGE_CURVE('',#1445,#1437,#1447,.T.);
#1445 = VERTEX_POINT('',#1446);
#1446 = CARTESIAN_POINT('',(-2.125,-3.8,-0.945));
#1447 = LINE('',#1448,#1449);
#1448 = CARTESIAN_POINT('',(-2.125,-3.8,-0.945));
#1449 = VECTOR('',#1450,1.);
#1450 = DIRECTION('',(1.,-0.,-0.));
#1451 = ORIENTED_EDGE('',*,*,#1452,.F.);
#1452 = EDGE_CURVE('',#1414,#1445,#1453,.T.);
#1453 = LINE('',#1454,#1455);
#1454 = CARTESIAN_POINT('',(-2.125,-3.8,-1.595));
#1455 = VECTOR('',#1456,1.);
#1456 = DIRECTION('',(0.,0.,1.));
#1457 = ORIENTED_EDGE('',*,*,#1413,.T.);
#1458 = PLANE('',#1459);
#1459 = AXIS2_PLACEMENT_3D('',#1460,#1461,#1462);
#1460 = CARTESIAN_POINT('',(-2.125,-3.8,-1.595));
#1461 = DIRECTION('',(0.,1.,-0.));
#1462 = DIRECTION('',(0.,0.,1.));
#1463 = ADVANCED_FACE('',(#1464),#1489,.F.);
#1464 = FACE_BOUND('',#1465,.T.);
#1465 = EDGE_LOOP('',(#1466,#1474,#1482,#1488));
#1466 = ORIENTED_EDGE('',*,*,#1467,.T.);
#1467 = EDGE_CURVE('',#1437,#1468,#1470,.T.);
#1468 = VERTEX_POINT('',#1469);
#1469 = CARTESIAN_POINT('',(-1.725,-0.7,-0.945));
#1470 = LINE('',#1471,#1472);
#1471 = CARTESIAN_POINT('',(-1.725,-0.7,-0.945));
#1472 = VECTOR('',#1473,1.);
#1473 = DIRECTION('',(-0.,1.,2.797941090285E-16));
#1474 = ORIENTED_EDGE('',*,*,#1475,.F.);
#1475 = EDGE_CURVE('',#1476,#1468,#1478,.T.);
#1476 = VERTEX_POINT('',#1477);
#1477 = CARTESIAN_POINT('',(-2.125,-0.7,-0.945));
#1478 = LINE('',#1479,#1480);
#1479 = CARTESIAN_POINT('',(-2.125,-0.7,-0.945));
#1480 = VECTOR('',#1481,1.);
#1481 = DIRECTION('',(1.,-0.,-0.));
#1482 = ORIENTED_EDGE('',*,*,#1483,.F.);
#1483 = EDGE_CURVE('',#1445,#1476,#1484,.T.);
#1484 = LINE('',#1485,#1486);
#1485 = CARTESIAN_POINT('',(-2.125,-0.7,-0.945));
#1486 = VECTOR('',#1487,1.);
#1487 = DIRECTION('',(-0.,1.,2.797941090285E-16));
#1488 = ORIENTED_EDGE('',*,*,#1444,.T.);
#1489 = PLANE('',#1490);
#1490 = AXIS2_PLACEMENT_3D('',#1491,#1492,#1493);
#1491 = CARTESIAN_POINT('',(-2.125,-0.7,-0.945));
#1492 = DIRECTION('',(0.,2.797941090285E-16,-1.));
#1493 = DIRECTION('',(0.,1.,2.797941090285E-16));
#1494 = ADVANCED_FACE('',(#1495),#1520,.F.);
#1495 = FACE_BOUND('',#1496,.T.);
#1496 = EDGE_LOOP('',(#1497,#1505,#1513,#1519));
#1497 = ORIENTED_EDGE('',*,*,#1498,.T.);
#1498 = EDGE_CURVE('',#1468,#1499,#1501,.T.);
#1499 = VERTEX_POINT('',#1500);
#1500 = CARTESIAN_POINT('',(-1.725,-0.7,-0.845));
#1501 = LINE('',#1502,#1503);
#1502 = CARTESIAN_POINT('',(-1.725,-0.7,-0.945));
#1503 = VECTOR('',#1504,1.);
#1504 = DIRECTION('',(0.,-4.336808689942E-15,1.));
#1505 = ORIENTED_EDGE('',*,*,#1506,.F.);
#1506 = EDGE_CURVE('',#1507,#1499,#1509,.T.);
#1507 = VERTEX_POINT('',#1508);
#1508 = CARTESIAN_POINT('',(-2.125,-0.7,-0.845));
#1509 = LINE('',#1510,#1511);
#1510 = CARTESIAN_POINT('',(-2.125,-0.7,-0.845));
#1511 = VECTOR('',#1512,1.);
#1512 = DIRECTION('',(1.,-0.,-0.));
#1513 = ORIENTED_EDGE('',*,*,#1514,.F.);
#1514 = EDGE_CURVE('',#1476,#1507,#1515,.T.);
#1515 = LINE('',#1516,#1517);
#1516 = CARTESIAN_POINT('',(-2.125,-0.7,-0.945));
#1517 = VECTOR('',#1518,1.);
#1518 = DIRECTION('',(0.,-4.336808689942E-15,1.));
#1519 = ORIENTED_EDGE('',*,*,#1475,.T.);
#1520 = PLANE('',#1521);
#1521 = AXIS2_PLACEMENT_3D('',#1522,#1523,#1524);
#1522 = CARTESIAN_POINT('',(-2.125,-0.7,-0.945));
#1523 = DIRECTION('',(0.,1.,4.336808689942E-15));
#1524 = DIRECTION('',(0.,-4.336808689942E-15,1.));
#1525 = ADVANCED_FACE('',(#1526),#1551,.F.);
#1526 = FACE_BOUND('',#1527,.T.);
#1527 = EDGE_LOOP('',(#1528,#1536,#1544,#1550));
#1528 = ORIENTED_EDGE('',*,*,#1529,.T.);
#1529 = EDGE_CURVE('',#1499,#1530,#1532,.T.);
#1530 = VERTEX_POINT('',#1531);
#1531 = CARTESIAN_POINT('',(-1.725,2.190088388421E-14,-0.845));
#1532 = LINE('',#1533,#1534);
#1533 = CARTESIAN_POINT('',(-1.725,2.190088388421E-14,-0.845));
#1534 = VECTOR('',#1535,1.);
#1535 = DIRECTION('',(-0.,1.,6.195440985631E-16));
#1536 = ORIENTED_EDGE('',*,*,#1537,.F.);
#1537 = EDGE_CURVE('',#1538,#1530,#1540,.T.);
#1538 = VERTEX_POINT('',#1539);
#1539 = CARTESIAN_POINT('',(-2.125,2.190088388421E-14,-0.845));
#1540 = LINE('',#1541,#1542);
#1541 = CARTESIAN_POINT('',(-2.125,2.190088388421E-14,-0.845));
#1542 = VECTOR('',#1543,1.);
#1543 = DIRECTION('',(1.,-0.,-0.));
#1544 = ORIENTED_EDGE('',*,*,#1545,.F.);
#1545 = EDGE_CURVE('',#1507,#1538,#1546,.T.);
#1546 = LINE('',#1547,#1548);
#1547 = CARTESIAN_POINT('',(-2.125,2.190088388421E-14,-0.845));
#1548 = VECTOR('',#1549,1.);
#1549 = DIRECTION('',(-0.,1.,6.195440985631E-16));
#1550 = ORIENTED_EDGE('',*,*,#1506,.T.);
#1551 = PLANE('',#1552);
#1552 = AXIS2_PLACEMENT_3D('',#1553,#1554,#1555);
#1553 = CARTESIAN_POINT('',(-2.125,2.190088388421E-14,-0.845));
#1554 = DIRECTION('',(0.,6.195440985631E-16,-1.));
#1555 = DIRECTION('',(0.,1.,6.195440985631E-16));
#1556 = ADVANCED_FACE('',(#1557),#1582,.F.);
#1557 = FACE_BOUND('',#1558,.T.);
#1558 = EDGE_LOOP('',(#1559,#1567,#1575,#1581));
#1559 = ORIENTED_EDGE('',*,*,#1560,.T.);
#1560 = EDGE_CURVE('',#1530,#1561,#1563,.T.);
#1561 = VERTEX_POINT('',#1562);
#1562 = CARTESIAN_POINT('',(-1.725,2.168404344971E-14,-0.945));
#1563 = LINE('',#1564,#1565);
#1564 = CARTESIAN_POINT('',(-1.725,2.168404344971E-14,-0.945));
#1565 = VECTOR('',#1566,1.);
#1566 = DIRECTION('',(-0.,-2.168404344971E-15,-1.));
#1567 = ORIENTED_EDGE('',*,*,#1568,.F.);
#1568 = EDGE_CURVE('',#1569,#1561,#1571,.T.);
#1569 = VERTEX_POINT('',#1570);
#1570 = CARTESIAN_POINT('',(-2.125,2.168404344971E-14,-0.945));
#1571 = LINE('',#1572,#1573);
#1572 = CARTESIAN_POINT('',(-2.125,2.168404344971E-14,-0.945));
#1573 = VECTOR('',#1574,1.);
#1574 = DIRECTION('',(1.,-0.,-0.));
#1575 = ORIENTED_EDGE('',*,*,#1576,.F.);
#1576 = EDGE_CURVE('',#1538,#1569,#1577,.T.);
#1577 = LINE('',#1578,#1579);
#1578 = CARTESIAN_POINT('',(-2.125,2.168404344971E-14,-0.945));
#1579 = VECTOR('',#1580,1.);
#1580 = DIRECTION('',(-0.,-2.168404344971E-15,-1.));
#1581 = ORIENTED_EDGE('',*,*,#1537,.T.);
#1582 = PLANE('',#1583);
#1583 = AXIS2_PLACEMENT_3D('',#1584,#1585,#1586);
#1584 = CARTESIAN_POINT('',(-2.125,2.168404344971E-14,-0.945));
#1585 = DIRECTION('',(0.,-1.,2.168404344971E-15));
#1586 = DIRECTION('',(0.,-2.168404344971E-15,-1.));
#1587 = ADVANCED_FACE('',(#1588),#1613,.F.);
#1588 = FACE_BOUND('',#1589,.T.);
#1589 = EDGE_LOOP('',(#1590,#1598,#1606,#1612));
#1590 = ORIENTED_EDGE('',*,*,#1591,.T.);
#1591 = EDGE_CURVE('',#1561,#1592,#1594,.T.);
#1592 = VERTEX_POINT('',#1593);
#1593 = CARTESIAN_POINT('',(-1.725,0.5,-0.945));
#1594 = LINE('',#1595,#1596);
#1595 = CARTESIAN_POINT('',(-1.725,0.5,-0.945));
#1596 = VECTOR('',#1597,1.);
#1597 = DIRECTION('',(-0.,1.,-0.));
#1598 = ORIENTED_EDGE('',*,*,#1599,.F.);
#1599 = EDGE_CURVE('',#1600,#1592,#1602,.T.);
#1600 = VERTEX_POINT('',#1601);
#1601 = CARTESIAN_POINT('',(-2.125,0.5,-0.945));
#1602 = LINE('',#1603,#1604);
#1603 = CARTESIAN_POINT('',(-2.125,0.5,-0.945));
#1604 = VECTOR('',#1605,1.);
#1605 = DIRECTION('',(1.,-0.,-0.));
#1606 = ORIENTED_EDGE('',*,*,#1607,.F.);
#1607 = EDGE_CURVE('',#1569,#1600,#1608,.T.);
#1608 = LINE('',#1609,#1610);
#1609 = CARTESIAN_POINT('',(-2.125,0.5,-0.945));
#1610 = VECTOR('',#1611,1.);
#1611 = DIRECTION('',(-0.,1.,-0.));
#1612 = ORIENTED_EDGE('',*,*,#1568,.T.);
#1613 = PLANE('',#1614);
#1614 = AXIS2_PLACEMENT_3D('',#1615,#1616,#1617);
#1615 = CARTESIAN_POINT('',(-2.125,0.5,-0.945));
#1616 = DIRECTION('',(-0.,0.,-1.));
#1617 = DIRECTION('',(-1.,0.,0.));
#1618 = ADVANCED_FACE('',(#1619),#1644,.F.);
#1619 = FACE_BOUND('',#1620,.T.);
#1620 = EDGE_LOOP('',(#1621,#1629,#1637,#1643));
#1621 = ORIENTED_EDGE('',*,*,#1622,.T.);
#1622 = EDGE_CURVE('',#1592,#1623,#1625,.T.);
#1623 = VERTEX_POINT('',#1624);
#1624 = CARTESIAN_POINT('',(-1.725,0.5,-1.595));
#1625 = LINE('',#1626,#1627);
#1626 = CARTESIAN_POINT('',(-1.725,0.5,-1.595));
#1627 = VECTOR('',#1628,1.);
#1628 = DIRECTION('',(-0.,-0.,-1.));
#1629 = ORIENTED_EDGE('',*,*,#1630,.F.);
#1630 = EDGE_CURVE('',#1631,#1623,#1633,.T.);
#1631 = VERTEX_POINT('',#1632);
#1632 = CARTESIAN_POINT('',(-2.125,0.5,-1.595));
#1633 = LINE('',#1634,#1635);
#1634 = CARTESIAN_POINT('',(-2.125,0.5,-1.595));
#1635 = VECTOR('',#1636,1.);
#1636 = DIRECTION('',(1.,-0.,-0.));
#1637 = ORIENTED_EDGE('',*,*,#1638,.F.);
#1638 = EDGE_CURVE('',#1600,#1631,#1639,.T.);
#1639 = LINE('',#1640,#1641);
#1640 = CARTESIAN_POINT('',(-2.125,0.5,-1.595));
#1641 = VECTOR('',#1642,1.);
#1642 = DIRECTION('',(-0.,-0.,-1.));
#1643 = ORIENTED_EDGE('',*,*,#1599,.T.);
#1644 = PLANE('',#1645);
#1645 = AXIS2_PLACEMENT_3D('',#1646,#1647,#1648);
#1646 = CARTESIAN_POINT('',(-2.125,0.5,-1.595));
#1647 = DIRECTION('',(0.,-1.,0.));
#1648 = DIRECTION('',(0.,-0.,-1.));
#1649 = ADVANCED_FACE('',(#1650),#1675,.F.);
#1650 = FACE_BOUND('',#1651,.T.);
#1651 = EDGE_LOOP('',(#1652,#1660,#1668,#1674));
#1652 = ORIENTED_EDGE('',*,*,#1653,.T.);
#1653 = EDGE_CURVE('',#1623,#1654,#1656,.T.);
#1654 = VERTEX_POINT('',#1655);
#1655 = CARTESIAN_POINT('',(-1.725,2.168404344971E-14,-1.595));
#1656 = LINE('',#1657,#1658);
#1657 = CARTESIAN_POINT('',(-1.725,0.5,-1.595));
#1658 = VECTOR('',#1659,1.);
#1659 = DIRECTION('',(0.,-1.,-1.734723475977E-15));
#1660 = ORIENTED_EDGE('',*,*,#1661,.F.);
#1661 = EDGE_CURVE('',#1662,#1654,#1664,.T.);
#1662 = VERTEX_POINT('',#1663);
#1663 = CARTESIAN_POINT('',(-2.125,2.168404344971E-14,-1.595));
#1664 = LINE('',#1665,#1666);
#1665 = CARTESIAN_POINT('',(-2.125,2.168404344971E-14,-1.595));
#1666 = VECTOR('',#1667,1.);
#1667 = DIRECTION('',(1.,-0.,-0.));
#1668 = ORIENTED_EDGE('',*,*,#1669,.F.);
#1669 = EDGE_CURVE('',#1631,#1662,#1670,.T.);
#1670 = LINE('',#1671,#1672);
#1671 = CARTESIAN_POINT('',(-2.125,0.5,-1.595));
#1672 = VECTOR('',#1673,1.);
#1673 = DIRECTION('',(0.,-1.,-1.734723475977E-15));
#1674 = ORIENTED_EDGE('',*,*,#1630,.T.);
#1675 = PLANE('',#1676);
#1676 = AXIS2_PLACEMENT_3D('',#1677,#1678,#1679);
#1677 = CARTESIAN_POINT('',(-2.125,0.5,-1.595));
#1678 = DIRECTION('',(0.,-1.734723475977E-15,1.));
#1679 = DIRECTION('',(0.,-1.,-1.734723475977E-15));
#1680 = ADVANCED_FACE('',(#1681),#1706,.F.);
#1681 = FACE_BOUND('',#1682,.T.);
#1682 = EDGE_LOOP('',(#1683,#1691,#1699,#1705));
#1683 = ORIENTED_EDGE('',*,*,#1684,.T.);
#1684 = EDGE_CURVE('',#1654,#1685,#1687,.T.);
#1685 = VERTEX_POINT('',#1686);
#1686 = CARTESIAN_POINT('',(-1.725,2.168404344971E-14,-1.695));
#1687 = LINE('',#1688,#1689);
#1688 = CARTESIAN_POINT('',(-1.725,2.168404344971E-14,-1.595));
#1689 = VECTOR('',#1690,1.);
#1690 = DIRECTION('',(0.,0.,-1.));
#1691 = ORIENTED_EDGE('',*,*,#1692,.F.);
#1692 = EDGE_CURVE('',#1693,#1685,#1695,.T.);
#1693 = VERTEX_POINT('',#1694);
#1694 = CARTESIAN_POINT('',(-2.125,2.168404344971E-14,-1.695));
#1695 = LINE('',#1696,#1697);
#1696 = CARTESIAN_POINT('',(-2.125,2.168404344971E-14,-1.695));
#1697 = VECTOR('',#1698,1.);
#1698 = DIRECTION('',(1.,-0.,-0.));
#1699 = ORIENTED_EDGE('',*,*,#1700,.F.);
#1700 = EDGE_CURVE('',#1662,#1693,#1701,.T.);
#1701 = LINE('',#1702,#1703);
#1702 = CARTESIAN_POINT('',(-2.125,2.168404344971E-14,-1.595));
#1703 = VECTOR('',#1704,1.);
#1704 = DIRECTION('',(0.,0.,-1.));
#1705 = ORIENTED_EDGE('',*,*,#1661,.T.);
#1706 = PLANE('',#1707);
#1707 = AXIS2_PLACEMENT_3D('',#1708,#1709,#1710);
#1708 = CARTESIAN_POINT('',(-2.125,2.168404344971E-14,-1.595));
#1709 = DIRECTION('',(0.,-1.,-0.));
#1710 = DIRECTION('',(0.,0.,-1.));
#1711 = ADVANCED_FACE('',(#1712),#1728,.F.);
#1712 = FACE_BOUND('',#1713,.T.);
#1713 = EDGE_LOOP('',(#1714,#1720,#1721,#1727));
#1714 = ORIENTED_EDGE('',*,*,#1715,.T.);
#1715 = EDGE_CURVE('',#1685,#1366,#1716,.T.);
#1716 = LINE('',#1717,#1718);
#1717 = CARTESIAN_POINT('',(-1.725,2.168404344971E-14,-1.695));
#1718 = VECTOR('',#1719,1.);
#1719 = DIRECTION('',(0.,-1.,1.239088197126E-15));
#1720 = ORIENTED_EDGE('',*,*,#1391,.F.);
#1721 = ORIENTED_EDGE('',*,*,#1722,.F.);
#1722 = EDGE_CURVE('',#1693,#1384,#1723,.T.);
#1723 = LINE('',#1724,#1725);
#1724 = CARTESIAN_POINT('',(-2.125,2.168404344971E-14,-1.695));
#1725 = VECTOR('',#1726,1.);
#1726 = DIRECTION('',(0.,-1.,1.239088197126E-15));
#1727 = ORIENTED_EDGE('',*,*,#1692,.T.);
#1728 = PLANE('',#1729);
#1729 = AXIS2_PLACEMENT_3D('',#1730,#1731,#1732);
#1730 = CARTESIAN_POINT('',(-2.125,2.168404344971E-14,-1.695));
#1731 = DIRECTION('',(0.,1.239088197126E-15,1.));
#1732 = DIRECTION('',(0.,-1.,1.239088197126E-15));
#1733 = ADVANCED_FACE('',(#1734),#1748,.T.);
#1734 = FACE_BOUND('',#1735,.T.);
#1735 = EDGE_LOOP('',(#1736,#1737,#1738,#1739,#1740,#1741,#1742,#1743,
    #1744,#1745,#1746,#1747));
#1736 = ORIENTED_EDGE('',*,*,#1383,.T.);
#1737 = ORIENTED_EDGE('',*,*,#1421,.T.);
#1738 = ORIENTED_EDGE('',*,*,#1452,.T.);
#1739 = ORIENTED_EDGE('',*,*,#1483,.T.);
#1740 = ORIENTED_EDGE('',*,*,#1514,.T.);
#1741 = ORIENTED_EDGE('',*,*,#1545,.T.);
#1742 = ORIENTED_EDGE('',*,*,#1576,.T.);
#1743 = ORIENTED_EDGE('',*,*,#1607,.T.);
#1744 = ORIENTED_EDGE('',*,*,#1638,.T.);
#1745 = ORIENTED_EDGE('',*,*,#1669,.T.);
#1746 = ORIENTED_EDGE('',*,*,#1700,.T.);
#1747 = ORIENTED_EDGE('',*,*,#1722,.T.);
#1748 = PLANE('',#1749);
#1749 = AXIS2_PLACEMENT_3D('',#1750,#1751,#1752);
#1750 = CARTESIAN_POINT('',(-2.125,0.,0.));
#1751 = DIRECTION('',(-1.,0.,-0.));
#1752 = DIRECTION('',(0.,0.,1.));
#1753 = ADVANCED_FACE('',(#1754),#1768,.F.);
#1754 = FACE_BOUND('',#1755,.T.);
#1755 = EDGE_LOOP('',(#1756,#1757,#1758,#1759,#1760,#1761,#1762,#1763,
    #1764,#1765,#1766,#1767));
#1756 = ORIENTED_EDGE('',*,*,#1365,.F.);
#1757 = ORIENTED_EDGE('',*,*,#1715,.F.);
#1758 = ORIENTED_EDGE('',*,*,#1684,.F.);
#1759 = ORIENTED_EDGE('',*,*,#1653,.F.);
#1760 = ORIENTED_EDGE('',*,*,#1622,.F.);
#1761 = ORIENTED_EDGE('',*,*,#1591,.F.);
#1762 = ORIENTED_EDGE('',*,*,#1560,.F.);
#1763 = ORIENTED_EDGE('',*,*,#1529,.F.);
#1764 = ORIENTED_EDGE('',*,*,#1498,.F.);
#1765 = ORIENTED_EDGE('',*,*,#1467,.F.);
#1766 = ORIENTED_EDGE('',*,*,#1436,.F.);
#1767 = ORIENTED_EDGE('',*,*,#1405,.F.);
#1768 = PLANE('',#1769);
#1769 = AXIS2_PLACEMENT_3D('',#1770,#1771,#1772);
#1770 = CARTESIAN_POINT('',(-1.725,0.,0.));
#1771 = DIRECTION('',(-1.,0.,-0.));
#1772 = DIRECTION('',(0.,0.,1.));
#1773 = MANIFOLD_SOLID_BREP('',#1774);
#1774 = CLOSED_SHELL('',(#1775,#1815,#1846,#1877,#1908,#1939,#1970,#2001
    ,#2032,#2063,#2094,#2125,#2147,#2167));
#1775 = ADVANCED_FACE('',(#1776),#1810,.F.);
#1776 = FACE_BOUND('',#1777,.T.);
#1777 = EDGE_LOOP('',(#1778,#1788,#1796,#1804));
#1778 = ORIENTED_EDGE('',*,*,#1779,.F.);
#1779 = EDGE_CURVE('',#1780,#1782,#1784,.T.);
#1780 = VERTEX_POINT('',#1781);
#1781 = CARTESIAN_POINT('',(3.375,2.23345647532E-14,1.595));
#1782 = VERTEX_POINT('',#1783);
#1783 = CARTESIAN_POINT('',(3.375,0.5,1.595));
#1784 = LINE('',#1785,#1786);
#1785 = CARTESIAN_POINT('',(3.375,0.5,1.595));
#1786 = VECTOR('',#1787,1.);
#1787 = DIRECTION('',(0.,1.,-8.673617379884E-16));
#1788 = ORIENTED_EDGE('',*,*,#1789,.F.);
#1789 = EDGE_CURVE('',#1790,#1780,#1792,.T.);
#1790 = VERTEX_POINT('',#1791);
#1791 = CARTESIAN_POINT('',(3.775,2.23345647532E-14,1.595));
#1792 = LINE('',#1793,#1794);
#1793 = CARTESIAN_POINT('',(3.775,2.23345647532E-14,1.595));
#1794 = VECTOR('',#1795,1.);
#1795 = DIRECTION('',(-1.,0.,0.));
#1796 = ORIENTED_EDGE('',*,*,#1797,.T.);
#1797 = EDGE_CURVE('',#1790,#1798,#1800,.T.);
#1798 = VERTEX_POINT('',#1799);
#1799 = CARTESIAN_POINT('',(3.775,0.5,1.595));
#1800 = LINE('',#1801,#1802);
#1801 = CARTESIAN_POINT('',(3.775,0.5,1.595));
#1802 = VECTOR('',#1803,1.);
#1803 = DIRECTION('',(0.,1.,-8.673617379884E-16));
#1804 = ORIENTED_EDGE('',*,*,#1805,.T.);
#1805 = EDGE_CURVE('',#1798,#1782,#1806,.T.);
#1806 = LINE('',#1807,#1808);
#1807 = CARTESIAN_POINT('',(3.775,0.5,1.595));
#1808 = VECTOR('',#1809,1.);
#1809 = DIRECTION('',(-1.,0.,0.));
#1810 = PLANE('',#1811);
#1811 = AXIS2_PLACEMENT_3D('',#1812,#1813,#1814);
#1812 = CARTESIAN_POINT('',(3.775,0.5,1.595));
#1813 = DIRECTION('',(0.,-8.673617379884E-16,-1.));
#1814 = DIRECTION('',(0.,1.,-8.673617379884E-16));
#1815 = ADVANCED_FACE('',(#1816),#1841,.F.);
#1816 = FACE_BOUND('',#1817,.T.);
#1817 = EDGE_LOOP('',(#1818,#1826,#1827,#1835));
#1818 = ORIENTED_EDGE('',*,*,#1819,.F.);
#1819 = EDGE_CURVE('',#1782,#1820,#1822,.T.);
#1820 = VERTEX_POINT('',#1821);
#1821 = CARTESIAN_POINT('',(3.375,0.5,0.945));
#1822 = LINE('',#1823,#1824);
#1823 = CARTESIAN_POINT('',(3.375,0.5,1.595));
#1824 = VECTOR('',#1825,1.);
#1825 = DIRECTION('',(-0.,-3.336006684571E-16,-1.));
#1826 = ORIENTED_EDGE('',*,*,#1805,.F.);
#1827 = ORIENTED_EDGE('',*,*,#1828,.T.);
#1828 = EDGE_CURVE('',#1798,#1829,#1831,.T.);
#1829 = VERTEX_POINT('',#1830);
#1830 = CARTESIAN_POINT('',(3.775,0.5,0.945));
#1831 = LINE('',#1832,#1833);
#1832 = CARTESIAN_POINT('',(3.775,0.5,1.595));
#1833 = VECTOR('',#1834,1.);
#1834 = DIRECTION('',(-0.,-3.336006684571E-16,-1.));
#1835 = ORIENTED_EDGE('',*,*,#1836,.T.);
#1836 = EDGE_CURVE('',#1829,#1820,#1837,.T.);
#1837 = LINE('',#1838,#1839);
#1838 = CARTESIAN_POINT('',(3.775,0.5,0.945));
#1839 = VECTOR('',#1840,1.);
#1840 = DIRECTION('',(-1.,0.,0.));
#1841 = PLANE('',#1842);
#1842 = AXIS2_PLACEMENT_3D('',#1843,#1844,#1845);
#1843 = CARTESIAN_POINT('',(3.775,0.5,1.595));
#1844 = DIRECTION('',(0.,-1.,3.336006684571E-16));
#1845 = DIRECTION('',(-0.,-3.336006684571E-16,-1.));
#1846 = ADVANCED_FACE('',(#1847),#1872,.F.);
#1847 = FACE_BOUND('',#1848,.T.);
#1848 = EDGE_LOOP('',(#1849,#1857,#1858,#1866));
#1849 = ORIENTED_EDGE('',*,*,#1850,.F.);
#1850 = EDGE_CURVE('',#1820,#1851,#1853,.T.);
#1851 = VERTEX_POINT('',#1852);
#1852 = CARTESIAN_POINT('',(3.375,2.21177243187E-14,0.945));
#1853 = LINE('',#1854,#1855);
#1854 = CARTESIAN_POINT('',(3.375,0.5,0.945));
#1855 = VECTOR('',#1856,1.);
#1856 = DIRECTION('',(0.,-1.,0.));
#1857 = ORIENTED_EDGE('',*,*,#1836,.F.);
#1858 = ORIENTED_EDGE('',*,*,#1859,.T.);
#1859 = EDGE_CURVE('',#1829,#1860,#1862,.T.);
#1860 = VERTEX_POINT('',#1861);
#1861 = CARTESIAN_POINT('',(3.775,2.21177243187E-14,0.945));
#1862 = LINE('',#1863,#1864);
#1863 = CARTESIAN_POINT('',(3.775,0.5,0.945));
#1864 = VECTOR('',#1865,1.);
#1865 = DIRECTION('',(0.,-1.,0.));
#1866 = ORIENTED_EDGE('',*,*,#1867,.T.);
#1867 = EDGE_CURVE('',#1860,#1851,#1868,.T.);
#1868 = LINE('',#1869,#1870);
#1869 = CARTESIAN_POINT('',(3.775,2.21177243187E-14,0.945));
#1870 = VECTOR('',#1871,1.);
#1871 = DIRECTION('',(-1.,0.,0.));
#1872 = PLANE('',#1873);
#1873 = AXIS2_PLACEMENT_3D('',#1874,#1875,#1876);
#1874 = CARTESIAN_POINT('',(3.775,0.5,0.945));
#1875 = DIRECTION('',(0.,0.,1.));
#1876 = DIRECTION('',(-1.,0.,0.));
#1877 = ADVANCED_FACE('',(#1878),#1903,.F.);
#1878 = FACE_BOUND('',#1879,.T.);
#1879 = EDGE_LOOP('',(#1880,#1888,#1889,#1897));
#1880 = ORIENTED_EDGE('',*,*,#1881,.F.);
#1881 = EDGE_CURVE('',#1851,#1882,#1884,.T.);
#1882 = VERTEX_POINT('',#1883);
#1883 = CARTESIAN_POINT('',(3.375,2.21177243187E-14,0.845));
#1884 = LINE('',#1885,#1886);
#1885 = CARTESIAN_POINT('',(3.375,2.21177243187E-14,0.945));
#1886 = VECTOR('',#1887,1.);
#1887 = DIRECTION('',(0.,0.,-1.));
#1888 = ORIENTED_EDGE('',*,*,#1867,.F.);
#1889 = ORIENTED_EDGE('',*,*,#1890,.T.);
#1890 = EDGE_CURVE('',#1860,#1891,#1893,.T.);
#1891 = VERTEX_POINT('',#1892);
#1892 = CARTESIAN_POINT('',(3.775,2.21177243187E-14,0.845));
#1893 = LINE('',#1894,#1895);
#1894 = CARTESIAN_POINT('',(3.775,2.21177243187E-14,0.945));
#1895 = VECTOR('',#1896,1.);
#1896 = DIRECTION('',(0.,0.,-1.));
#1897 = ORIENTED_EDGE('',*,*,#1898,.T.);
#1898 = EDGE_CURVE('',#1891,#1882,#1899,.T.);
#1899 = LINE('',#1900,#1901);
#1900 = CARTESIAN_POINT('',(3.775,2.21177243187E-14,0.845));
#1901 = VECTOR('',#1902,1.);
#1902 = DIRECTION('',(-1.,0.,0.));
#1903 = PLANE('',#1904);
#1904 = AXIS2_PLACEMENT_3D('',#1905,#1906,#1907);
#1905 = CARTESIAN_POINT('',(3.775,2.21177243187E-14,0.945));
#1906 = DIRECTION('',(0.,-1.,0.));
#1907 = DIRECTION('',(0.,0.,-1.));
#1908 = ADVANCED_FACE('',(#1909),#1934,.F.);
#1909 = FACE_BOUND('',#1910,.T.);
#1910 = EDGE_LOOP('',(#1911,#1919,#1920,#1928));
#1911 = ORIENTED_EDGE('',*,*,#1912,.F.);
#1912 = EDGE_CURVE('',#1882,#1913,#1915,.T.);
#1913 = VERTEX_POINT('',#1914);
#1914 = CARTESIAN_POINT('',(3.375,-0.7,0.845));
#1915 = LINE('',#1916,#1917);
#1916 = CARTESIAN_POINT('',(3.375,2.21177243187E-14,0.845));
#1917 = VECTOR('',#1918,1.);
#1918 = DIRECTION('',(0.,-1.,1.239088197126E-15));
#1919 = ORIENTED_EDGE('',*,*,#1898,.F.);
#1920 = ORIENTED_EDGE('',*,*,#1921,.T.);
#1921 = EDGE_CURVE('',#1891,#1922,#1924,.T.);
#1922 = VERTEX_POINT('',#1923);
#1923 = CARTESIAN_POINT('',(3.775,-0.7,0.845));
#1924 = LINE('',#1925,#1926);
#1925 = CARTESIAN_POINT('',(3.775,2.21177243187E-14,0.845));
#1926 = VECTOR('',#1927,1.);
#1927 = DIRECTION('',(0.,-1.,1.239088197126E-15));
#1928 = ORIENTED_EDGE('',*,*,#1929,.T.);
#1929 = EDGE_CURVE('',#1922,#1913,#1930,.T.);
#1930 = LINE('',#1931,#1932);
#1931 = CARTESIAN_POINT('',(3.775,-0.7,0.845));
#1932 = VECTOR('',#1933,1.);
#1933 = DIRECTION('',(-1.,0.,0.));
#1934 = PLANE('',#1935);
#1935 = AXIS2_PLACEMENT_3D('',#1936,#1937,#1938);
#1936 = CARTESIAN_POINT('',(3.775,2.21177243187E-14,0.845));
#1937 = DIRECTION('',(0.,1.239088197126E-15,1.));
#1938 = DIRECTION('',(0.,-1.,1.239088197126E-15));
#1939 = ADVANCED_FACE('',(#1940),#1965,.F.);
#1940 = FACE_BOUND('',#1941,.T.);
#1941 = EDGE_LOOP('',(#1942,#1950,#1951,#1959));
#1942 = ORIENTED_EDGE('',*,*,#1943,.F.);
#1943 = EDGE_CURVE('',#1913,#1944,#1946,.T.);
#1944 = VERTEX_POINT('',#1945);
#1945 = CARTESIAN_POINT('',(3.375,-0.7,0.945));
#1946 = LINE('',#1947,#1948);
#1947 = CARTESIAN_POINT('',(3.375,-0.7,0.945));
#1948 = VECTOR('',#1949,1.);
#1949 = DIRECTION('',(0.,4.336808689942E-15,1.));
#1950 = ORIENTED_EDGE('',*,*,#1929,.F.);
#1951 = ORIENTED_EDGE('',*,*,#1952,.T.);
#1952 = EDGE_CURVE('',#1922,#1953,#1955,.T.);
#1953 = VERTEX_POINT('',#1954);
#1954 = CARTESIAN_POINT('',(3.775,-0.7,0.945));
#1955 = LINE('',#1956,#1957);
#1956 = CARTESIAN_POINT('',(3.775,-0.7,0.945));
#1957 = VECTOR('',#1958,1.);
#1958 = DIRECTION('',(0.,4.336808689942E-15,1.));
#1959 = ORIENTED_EDGE('',*,*,#1960,.T.);
#1960 = EDGE_CURVE('',#1953,#1944,#1961,.T.);
#1961 = LINE('',#1962,#1963);
#1962 = CARTESIAN_POINT('',(3.775,-0.7,0.945));
#1963 = VECTOR('',#1964,1.);
#1964 = DIRECTION('',(-1.,0.,0.));
#1965 = PLANE('',#1966);
#1966 = AXIS2_PLACEMENT_3D('',#1967,#1968,#1969);
#1967 = CARTESIAN_POINT('',(3.775,-0.7,0.945));
#1968 = DIRECTION('',(0.,1.,-4.336808689942E-15));
#1969 = DIRECTION('',(0.,4.336808689942E-15,1.));
#1970 = ADVANCED_FACE('',(#1971),#1996,.F.);
#1971 = FACE_BOUND('',#1972,.T.);
#1972 = EDGE_LOOP('',(#1973,#1981,#1982,#1990));
#1973 = ORIENTED_EDGE('',*,*,#1974,.F.);
#1974 = EDGE_CURVE('',#1944,#1975,#1977,.T.);
#1975 = VERTEX_POINT('',#1976);
#1976 = CARTESIAN_POINT('',(3.375,-3.8,0.945));
#1977 = LINE('',#1978,#1979);
#1978 = CARTESIAN_POINT('',(3.375,-0.7,0.945));
#1979 = VECTOR('',#1980,1.);
#1980 = DIRECTION('',(0.,-1.,5.59588218057E-16));
#1981 = ORIENTED_EDGE('',*,*,#1960,.F.);
#1982 = ORIENTED_EDGE('',*,*,#1983,.T.);
#1983 = EDGE_CURVE('',#1953,#1984,#1986,.T.);
#1984 = VERTEX_POINT('',#1985);
#1985 = CARTESIAN_POINT('',(3.775,-3.8,0.945));
#1986 = LINE('',#1987,#1988);
#1987 = CARTESIAN_POINT('',(3.775,-0.7,0.945));
#1988 = VECTOR('',#1989,1.);
#1989 = DIRECTION('',(0.,-1.,5.59588218057E-16));
#1990 = ORIENTED_EDGE('',*,*,#1991,.T.);
#1991 = EDGE_CURVE('',#1984,#1975,#1992,.T.);
#1992 = LINE('',#1993,#1994);
#1993 = CARTESIAN_POINT('',(3.775,-3.8,0.945));
#1994 = VECTOR('',#1995,1.);
#1995 = DIRECTION('',(-1.,0.,0.));
#1996 = PLANE('',#1997);
#1997 = AXIS2_PLACEMENT_3D('',#1998,#1999,#2000);
#1998 = CARTESIAN_POINT('',(3.775,-0.7,0.945));
#1999 = DIRECTION('',(0.,5.59588218057E-16,1.));
#2000 = DIRECTION('',(0.,-1.,5.59588218057E-16));
#2001 = ADVANCED_FACE('',(#2002),#2027,.F.);
#2002 = FACE_BOUND('',#2003,.T.);
#2003 = EDGE_LOOP('',(#2004,#2012,#2013,#2021));
#2004 = ORIENTED_EDGE('',*,*,#2005,.F.);
#2005 = EDGE_CURVE('',#1975,#2006,#2008,.T.);
#2006 = VERTEX_POINT('',#2007);
#2007 = CARTESIAN_POINT('',(3.375,-3.8,1.595));
#2008 = LINE('',#2009,#2010);
#2009 = CARTESIAN_POINT('',(3.375,-3.8,1.595));
#2010 = VECTOR('',#2011,1.);
#2011 = DIRECTION('',(0.,0.,1.));
#2012 = ORIENTED_EDGE('',*,*,#1991,.F.);
#2013 = ORIENTED_EDGE('',*,*,#2014,.T.);
#2014 = EDGE_CURVE('',#1984,#2015,#2017,.T.);
#2015 = VERTEX_POINT('',#2016);
#2016 = CARTESIAN_POINT('',(3.775,-3.8,1.595));
#2017 = LINE('',#2018,#2019);
#2018 = CARTESIAN_POINT('',(3.775,-3.8,1.595));
#2019 = VECTOR('',#2020,1.);
#2020 = DIRECTION('',(0.,0.,1.));
#2021 = ORIENTED_EDGE('',*,*,#2022,.T.);
#2022 = EDGE_CURVE('',#2015,#2006,#2023,.T.);
#2023 = LINE('',#2024,#2025);
#2024 = CARTESIAN_POINT('',(3.775,-3.8,1.595));
#2025 = VECTOR('',#2026,1.);
#2026 = DIRECTION('',(-1.,0.,0.));
#2027 = PLANE('',#2028);
#2028 = AXIS2_PLACEMENT_3D('',#2029,#2030,#2031);
#2029 = CARTESIAN_POINT('',(3.775,-3.8,1.595));
#2030 = DIRECTION('',(0.,1.,0.));
#2031 = DIRECTION('',(0.,-0.,1.));
#2032 = ADVANCED_FACE('',(#2033),#2058,.F.);
#2033 = FACE_BOUND('',#2034,.T.);
#2034 = EDGE_LOOP('',(#2035,#2043,#2044,#2052));
#2035 = ORIENTED_EDGE('',*,*,#2036,.F.);
#2036 = EDGE_CURVE('',#2006,#2037,#2039,.T.);
#2037 = VERTEX_POINT('',#2038);
#2038 = CARTESIAN_POINT('',(3.375,-0.7,1.595));
#2039 = LINE('',#2040,#2041);
#2040 = CARTESIAN_POINT('',(3.375,-0.7,1.595));
#2041 = VECTOR('',#2042,1.);
#2042 = DIRECTION('',(0.,1.,0.));
#2043 = ORIENTED_EDGE('',*,*,#2022,.F.);
#2044 = ORIENTED_EDGE('',*,*,#2045,.T.);
#2045 = EDGE_CURVE('',#2015,#2046,#2048,.T.);
#2046 = VERTEX_POINT('',#2047);
#2047 = CARTESIAN_POINT('',(3.775,-0.7,1.595));
#2048 = LINE('',#2049,#2050);
#2049 = CARTESIAN_POINT('',(3.775,-0.7,1.595));
#2050 = VECTOR('',#2051,1.);
#2051 = DIRECTION('',(0.,1.,0.));
#2052 = ORIENTED_EDGE('',*,*,#2053,.T.);
#2053 = EDGE_CURVE('',#2046,#2037,#2054,.T.);
#2054 = LINE('',#2055,#2056);
#2055 = CARTESIAN_POINT('',(3.775,-0.7,1.595));
#2056 = VECTOR('',#2057,1.);
#2057 = DIRECTION('',(-1.,0.,0.));
#2058 = PLANE('',#2059);
#2059 = AXIS2_PLACEMENT_3D('',#2060,#2061,#2062);
#2060 = CARTESIAN_POINT('',(3.775,-0.7,1.595));
#2061 = DIRECTION('',(0.,0.,-1.));
#2062 = DIRECTION('',(1.,0.,0.));
#2063 = ADVANCED_FACE('',(#2064),#2089,.F.);
#2064 = FACE_BOUND('',#2065,.T.);
#2065 = EDGE_LOOP('',(#2066,#2074,#2075,#2083));
#2066 = ORIENTED_EDGE('',*,*,#2067,.F.);
#2067 = EDGE_CURVE('',#2037,#2068,#2070,.T.);
#2068 = VERTEX_POINT('',#2069);
#2069 = CARTESIAN_POINT('',(3.375,-0.7,1.695));
#2070 = LINE('',#2071,#2072);
#2071 = CARTESIAN_POINT('',(3.375,-0.7,1.595));
#2072 = VECTOR('',#2073,1.);
#2073 = DIRECTION('',(0.,0.,1.));
#2074 = ORIENTED_EDGE('',*,*,#2053,.F.);
#2075 = ORIENTED_EDGE('',*,*,#2076,.T.);
#2076 = EDGE_CURVE('',#2046,#2077,#2079,.T.);
#2077 = VERTEX_POINT('',#2078);
#2078 = CARTESIAN_POINT('',(3.775,-0.7,1.695));
#2079 = LINE('',#2080,#2081);
#2080 = CARTESIAN_POINT('',(3.775,-0.7,1.595));
#2081 = VECTOR('',#2082,1.);
#2082 = DIRECTION('',(0.,0.,1.));
#2083 = ORIENTED_EDGE('',*,*,#2084,.T.);
#2084 = EDGE_CURVE('',#2077,#2068,#2085,.T.);
#2085 = LINE('',#2086,#2087);
#2086 = CARTESIAN_POINT('',(3.775,-0.7,1.695));
#2087 = VECTOR('',#2088,1.);
#2088 = DIRECTION('',(-1.,0.,0.));
#2089 = PLANE('',#2090);
#2090 = AXIS2_PLACEMENT_3D('',#2091,#2092,#2093);
#2091 = CARTESIAN_POINT('',(3.775,-0.7,1.595));
#2092 = DIRECTION('',(0.,1.,0.));
#2093 = DIRECTION('',(0.,-0.,1.));
#2094 = ADVANCED_FACE('',(#2095),#2120,.F.);
#2095 = FACE_BOUND('',#2096,.T.);
#2096 = EDGE_LOOP('',(#2097,#2105,#2106,#2114));
#2097 = ORIENTED_EDGE('',*,*,#2098,.F.);
#2098 = EDGE_CURVE('',#2068,#2099,#2101,.T.);
#2099 = VERTEX_POINT('',#2100);
#2100 = CARTESIAN_POINT('',(3.375,2.23345647532E-14,1.695));
#2101 = LINE('',#2102,#2103);
#2102 = CARTESIAN_POINT('',(3.375,2.23345647532E-14,1.695));
#2103 = VECTOR('',#2104,1.);
#2104 = DIRECTION('',(0.,1.,3.097720492816E-16));
#2105 = ORIENTED_EDGE('',*,*,#2084,.F.);
#2106 = ORIENTED_EDGE('',*,*,#2107,.T.);
#2107 = EDGE_CURVE('',#2077,#2108,#2110,.T.);
#2108 = VERTEX_POINT('',#2109);
#2109 = CARTESIAN_POINT('',(3.775,2.23345647532E-14,1.695));
#2110 = LINE('',#2111,#2112);
#2111 = CARTESIAN_POINT('',(3.775,2.23345647532E-14,1.695));
#2112 = VECTOR('',#2113,1.);
#2113 = DIRECTION('',(0.,1.,3.097720492816E-16));
#2114 = ORIENTED_EDGE('',*,*,#2115,.T.);
#2115 = EDGE_CURVE('',#2108,#2099,#2116,.T.);
#2116 = LINE('',#2117,#2118);
#2117 = CARTESIAN_POINT('',(3.775,2.23345647532E-14,1.695));
#2118 = VECTOR('',#2119,1.);
#2119 = DIRECTION('',(-1.,0.,0.));
#2120 = PLANE('',#2121);
#2121 = AXIS2_PLACEMENT_3D('',#2122,#2123,#2124);
#2122 = CARTESIAN_POINT('',(3.775,2.23345647532E-14,1.695));
#2123 = DIRECTION('',(0.,3.097720492816E-16,-1.));
#2124 = DIRECTION('',(0.,1.,3.097720492816E-16));
#2125 = ADVANCED_FACE('',(#2126),#2142,.F.);
#2126 = FACE_BOUND('',#2127,.T.);
#2127 = EDGE_LOOP('',(#2128,#2134,#2135,#2141));
#2128 = ORIENTED_EDGE('',*,*,#2129,.F.);
#2129 = EDGE_CURVE('',#2099,#1780,#2130,.T.);
#2130 = LINE('',#2131,#2132);
#2131 = CARTESIAN_POINT('',(3.375,2.23345647532E-14,1.595));
#2132 = VECTOR('',#2133,1.);
#2133 = DIRECTION('',(0.,-0.,-1.));
#2134 = ORIENTED_EDGE('',*,*,#2115,.F.);
#2135 = ORIENTED_EDGE('',*,*,#2136,.T.);
#2136 = EDGE_CURVE('',#2108,#1790,#2137,.T.);
#2137 = LINE('',#2138,#2139);
#2138 = CARTESIAN_POINT('',(3.775,2.23345647532E-14,1.595));
#2139 = VECTOR('',#2140,1.);
#2140 = DIRECTION('',(0.,-0.,-1.));
#2141 = ORIENTED_EDGE('',*,*,#1789,.T.);
#2142 = PLANE('',#2143);
#2143 = AXIS2_PLACEMENT_3D('',#2144,#2145,#2146);
#2144 = CARTESIAN_POINT('',(3.775,2.23345647532E-14,1.595));
#2145 = DIRECTION('',(0.,-1.,-0.));
#2146 = DIRECTION('',(-0.,0.,-1.));
#2147 = ADVANCED_FACE('',(#2148),#2162,.T.);
#2148 = FACE_BOUND('',#2149,.T.);
#2149 = EDGE_LOOP('',(#2150,#2151,#2152,#2153,#2154,#2155,#2156,#2157,
    #2158,#2159,#2160,#2161));
#2150 = ORIENTED_EDGE('',*,*,#1797,.F.);
#2151 = ORIENTED_EDGE('',*,*,#2136,.F.);
#2152 = ORIENTED_EDGE('',*,*,#2107,.F.);
#2153 = ORIENTED_EDGE('',*,*,#2076,.F.);
#2154 = ORIENTED_EDGE('',*,*,#2045,.F.);
#2155 = ORIENTED_EDGE('',*,*,#2014,.F.);
#2156 = ORIENTED_EDGE('',*,*,#1983,.F.);
#2157 = ORIENTED_EDGE('',*,*,#1952,.F.);
#2158 = ORIENTED_EDGE('',*,*,#1921,.F.);
#2159 = ORIENTED_EDGE('',*,*,#1890,.F.);
#2160 = ORIENTED_EDGE('',*,*,#1859,.F.);
#2161 = ORIENTED_EDGE('',*,*,#1828,.F.);
#2162 = PLANE('',#2163);
#2163 = AXIS2_PLACEMENT_3D('',#2164,#2165,#2166);
#2164 = CARTESIAN_POINT('',(3.775,0.,0.));
#2165 = DIRECTION('',(1.,0.,-0.));
#2166 = DIRECTION('',(0.,0.,1.));
#2167 = ADVANCED_FACE('',(#2168),#2182,.F.);
#2168 = FACE_BOUND('',#2169,.T.);
#2169 = EDGE_LOOP('',(#2170,#2171,#2172,#2173,#2174,#2175,#2176,#2177,
    #2178,#2179,#2180,#2181));
#2170 = ORIENTED_EDGE('',*,*,#1779,.T.);
#2171 = ORIENTED_EDGE('',*,*,#1819,.T.);
#2172 = ORIENTED_EDGE('',*,*,#1850,.T.);
#2173 = ORIENTED_EDGE('',*,*,#1881,.T.);
#2174 = ORIENTED_EDGE('',*,*,#1912,.T.);
#2175 = ORIENTED_EDGE('',*,*,#1943,.T.);
#2176 = ORIENTED_EDGE('',*,*,#1974,.T.);
#2177 = ORIENTED_EDGE('',*,*,#2005,.T.);
#2178 = ORIENTED_EDGE('',*,*,#2036,.T.);
#2179 = ORIENTED_EDGE('',*,*,#2067,.T.);
#2180 = ORIENTED_EDGE('',*,*,#2098,.T.);
#2181 = ORIENTED_EDGE('',*,*,#2129,.T.);
#2182 = PLANE('',#2183);
#2183 = AXIS2_PLACEMENT_3D('',#2184,#2185,#2186);
#2184 = CARTESIAN_POINT('',(3.375,0.,0.));
#2185 = DIRECTION('',(1.,0.,-0.));
#2186 = DIRECTION('',(0.,0.,1.));
#2187 = MANIFOLD_SOLID_BREP('',#2188);
#2188 = CLOSED_SHELL('',(#2189,#2229,#2260,#2291,#2322,#2353,#2384,#2415
    ,#2446,#2477,#2508,#2539,#2561,#2581));
#2189 = ADVANCED_FACE('',(#2190),#2224,.F.);
#2190 = FACE_BOUND('',#2191,.T.);
#2191 = EDGE_LOOP('',(#2192,#2202,#2210,#2218));
#2192 = ORIENTED_EDGE('',*,*,#2193,.F.);
#2193 = EDGE_CURVE('',#2194,#2196,#2198,.T.);
#2194 = VERTEX_POINT('',#2195);
#2195 = CARTESIAN_POINT('',(3.375,-0.7,-1.695));
#2196 = VERTEX_POINT('',#2197);
#2197 = CARTESIAN_POINT('',(3.375,-0.7,-1.595));
#2198 = LINE('',#2199,#2200);
#2199 = CARTESIAN_POINT('',(3.375,-0.7,-1.595));
#2200 = VECTOR('',#2201,1.);
#2201 = DIRECTION('',(0.,0.,1.));
#2202 = ORIENTED_EDGE('',*,*,#2203,.F.);
#2203 = EDGE_CURVE('',#2204,#2194,#2206,.T.);
#2204 = VERTEX_POINT('',#2205);
#2205 = CARTESIAN_POINT('',(3.775,-0.7,-1.695));
#2206 = LINE('',#2207,#2208);
#2207 = CARTESIAN_POINT('',(3.775,-0.7,-1.695));
#2208 = VECTOR('',#2209,1.);
#2209 = DIRECTION('',(-1.,0.,0.));
#2210 = ORIENTED_EDGE('',*,*,#2211,.T.);
#2211 = EDGE_CURVE('',#2204,#2212,#2214,.T.);
#2212 = VERTEX_POINT('',#2213);
#2213 = CARTESIAN_POINT('',(3.775,-0.7,-1.595));
#2214 = LINE('',#2215,#2216);
#2215 = CARTESIAN_POINT('',(3.775,-0.7,-1.595));
#2216 = VECTOR('',#2217,1.);
#2217 = DIRECTION('',(0.,0.,1.));
#2218 = ORIENTED_EDGE('',*,*,#2219,.T.);
#2219 = EDGE_CURVE('',#2212,#2196,#2220,.T.);
#2220 = LINE('',#2221,#2222);
#2221 = CARTESIAN_POINT('',(3.775,-0.7,-1.595));
#2222 = VECTOR('',#2223,1.);
#2223 = DIRECTION('',(-1.,0.,0.));
#2224 = PLANE('',#2225);
#2225 = AXIS2_PLACEMENT_3D('',#2226,#2227,#2228);
#2226 = CARTESIAN_POINT('',(3.775,-0.7,-1.595));
#2227 = DIRECTION('',(0.,1.,0.));
#2228 = DIRECTION('',(0.,-0.,1.));
#2229 = ADVANCED_FACE('',(#2230),#2255,.F.);
#2230 = FACE_BOUND('',#2231,.T.);
#2231 = EDGE_LOOP('',(#2232,#2240,#2241,#2249));
#2232 = ORIENTED_EDGE('',*,*,#2233,.F.);
#2233 = EDGE_CURVE('',#2196,#2234,#2236,.T.);
#2234 = VERTEX_POINT('',#2235);
#2235 = CARTESIAN_POINT('',(3.375,-3.8,-1.595));
#2236 = LINE('',#2237,#2238);
#2237 = CARTESIAN_POINT('',(3.375,-0.7,-1.595));
#2238 = VECTOR('',#2239,1.);
#2239 = DIRECTION('',(0.,-1.,0.));
#2240 = ORIENTED_EDGE('',*,*,#2219,.F.);
#2241 = ORIENTED_EDGE('',*,*,#2242,.T.);
#2242 = EDGE_CURVE('',#2212,#2243,#2245,.T.);
#2243 = VERTEX_POINT('',#2244);
#2244 = CARTESIAN_POINT('',(3.775,-3.8,-1.595));
#2245 = LINE('',#2246,#2247);
#2246 = CARTESIAN_POINT('',(3.775,-0.7,-1.595));
#2247 = VECTOR('',#2248,1.);
#2248 = DIRECTION('',(0.,-1.,0.));
#2249 = ORIENTED_EDGE('',*,*,#2250,.T.);
#2250 = EDGE_CURVE('',#2243,#2234,#2251,.T.);
#2251 = LINE('',#2252,#2253);
#2252 = CARTESIAN_POINT('',(3.775,-3.8,-1.595));
#2253 = VECTOR('',#2254,1.);
#2254 = DIRECTION('',(-1.,0.,0.));
#2255 = PLANE('',#2256);
#2256 = AXIS2_PLACEMENT_3D('',#2257,#2258,#2259);
#2257 = CARTESIAN_POINT('',(3.775,-0.7,-1.595));
#2258 = DIRECTION('',(0.,0.,1.));
#2259 = DIRECTION('',(-1.,0.,0.));
#2260 = ADVANCED_FACE('',(#2261),#2286,.F.);
#2261 = FACE_BOUND('',#2262,.T.);
#2262 = EDGE_LOOP('',(#2263,#2271,#2272,#2280));
#2263 = ORIENTED_EDGE('',*,*,#2264,.F.);
#2264 = EDGE_CURVE('',#2234,#2265,#2267,.T.);
#2265 = VERTEX_POINT('',#2266);
#2266 = CARTESIAN_POINT('',(3.375,-3.8,-0.945));
#2267 = LINE('',#2268,#2269);
#2268 = CARTESIAN_POINT('',(3.375,-3.8,-1.595));
#2269 = VECTOR('',#2270,1.);
#2270 = DIRECTION('',(0.,0.,1.));
#2271 = ORIENTED_EDGE('',*,*,#2250,.F.);
#2272 = ORIENTED_EDGE('',*,*,#2273,.T.);
#2273 = EDGE_CURVE('',#2243,#2274,#2276,.T.);
#2274 = VERTEX_POINT('',#2275);
#2275 = CARTESIAN_POINT('',(3.775,-3.8,-0.945));
#2276 = LINE('',#2277,#2278);
#2277 = CARTESIAN_POINT('',(3.775,-3.8,-1.595));
#2278 = VECTOR('',#2279,1.);
#2279 = DIRECTION('',(0.,0.,1.));
#2280 = ORIENTED_EDGE('',*,*,#2281,.T.);
#2281 = EDGE_CURVE('',#2274,#2265,#2282,.T.);
#2282 = LINE('',#2283,#2284);
#2283 = CARTESIAN_POINT('',(3.775,-3.8,-0.945));
#2284 = VECTOR('',#2285,1.);
#2285 = DIRECTION('',(-1.,0.,0.));
#2286 = PLANE('',#2287);
#2287 = AXIS2_PLACEMENT_3D('',#2288,#2289,#2290);
#2288 = CARTESIAN_POINT('',(3.775,-3.8,-1.595));
#2289 = DIRECTION('',(0.,1.,0.));
#2290 = DIRECTION('',(0.,-0.,1.));
#2291 = ADVANCED_FACE('',(#2292),#2317,.F.);
#2292 = FACE_BOUND('',#2293,.T.);
#2293 = EDGE_LOOP('',(#2294,#2302,#2303,#2311));
#2294 = ORIENTED_EDGE('',*,*,#2295,.F.);
#2295 = EDGE_CURVE('',#2265,#2296,#2298,.T.);
#2296 = VERTEX_POINT('',#2297);
#2297 = CARTESIAN_POINT('',(3.375,-0.7,-0.945));
#2298 = LINE('',#2299,#2300);
#2299 = CARTESIAN_POINT('',(3.375,-0.7,-0.945));
#2300 = VECTOR('',#2301,1.);
#2301 = DIRECTION('',(0.,1.,2.797941090285E-16));
#2302 = ORIENTED_EDGE('',*,*,#2281,.F.);
#2303 = ORIENTED_EDGE('',*,*,#2304,.T.);
#2304 = EDGE_CURVE('',#2274,#2305,#2307,.T.);
#2305 = VERTEX_POINT('',#2306);
#2306 = CARTESIAN_POINT('',(3.775,-0.7,-0.945));
#2307 = LINE('',#2308,#2309);
#2308 = CARTESIAN_POINT('',(3.775,-0.7,-0.945));
#2309 = VECTOR('',#2310,1.);
#2310 = DIRECTION('',(0.,1.,2.797941090285E-16));
#2311 = ORIENTED_EDGE('',*,*,#2312,.T.);
#2312 = EDGE_CURVE('',#2305,#2296,#2313,.T.);
#2313 = LINE('',#2314,#2315);
#2314 = CARTESIAN_POINT('',(3.775,-0.7,-0.945));
#2315 = VECTOR('',#2316,1.);
#2316 = DIRECTION('',(-1.,0.,0.));
#2317 = PLANE('',#2318);
#2318 = AXIS2_PLACEMENT_3D('',#2319,#2320,#2321);
#2319 = CARTESIAN_POINT('',(3.775,-0.7,-0.945));
#2320 = DIRECTION('',(0.,2.797941090285E-16,-1.));
#2321 = DIRECTION('',(0.,1.,2.797941090285E-16));
#2322 = ADVANCED_FACE('',(#2323),#2348,.F.);
#2323 = FACE_BOUND('',#2324,.T.);
#2324 = EDGE_LOOP('',(#2325,#2333,#2334,#2342));
#2325 = ORIENTED_EDGE('',*,*,#2326,.F.);
#2326 = EDGE_CURVE('',#2296,#2327,#2329,.T.);
#2327 = VERTEX_POINT('',#2328);
#2328 = CARTESIAN_POINT('',(3.375,-0.7,-0.845));
#2329 = LINE('',#2330,#2331);
#2330 = CARTESIAN_POINT('',(3.375,-0.7,-0.945));
#2331 = VECTOR('',#2332,1.);
#2332 = DIRECTION('',(0.,-4.336808689942E-15,1.));
#2333 = ORIENTED_EDGE('',*,*,#2312,.F.);
#2334 = ORIENTED_EDGE('',*,*,#2335,.T.);
#2335 = EDGE_CURVE('',#2305,#2336,#2338,.T.);
#2336 = VERTEX_POINT('',#2337);
#2337 = CARTESIAN_POINT('',(3.775,-0.7,-0.845));
#2338 = LINE('',#2339,#2340);
#2339 = CARTESIAN_POINT('',(3.775,-0.7,-0.945));
#2340 = VECTOR('',#2341,1.);
#2341 = DIRECTION('',(0.,-4.336808689942E-15,1.));
#2342 = ORIENTED_EDGE('',*,*,#2343,.T.);
#2343 = EDGE_CURVE('',#2336,#2327,#2344,.T.);
#2344 = LINE('',#2345,#2346);
#2345 = CARTESIAN_POINT('',(3.775,-0.7,-0.845));
#2346 = VECTOR('',#2347,1.);
#2347 = DIRECTION('',(-1.,0.,0.));
#2348 = PLANE('',#2349);
#2349 = AXIS2_PLACEMENT_3D('',#2350,#2351,#2352);
#2350 = CARTESIAN_POINT('',(3.775,-0.7,-0.945));
#2351 = DIRECTION('',(0.,1.,4.336808689942E-15));
#2352 = DIRECTION('',(0.,-4.336808689942E-15,1.));
#2353 = ADVANCED_FACE('',(#2354),#2379,.F.);
#2354 = FACE_BOUND('',#2355,.T.);
#2355 = EDGE_LOOP('',(#2356,#2364,#2365,#2373));
#2356 = ORIENTED_EDGE('',*,*,#2357,.F.);
#2357 = EDGE_CURVE('',#2327,#2358,#2360,.T.);
#2358 = VERTEX_POINT('',#2359);
#2359 = CARTESIAN_POINT('',(3.375,2.190088388421E-14,-0.845));
#2360 = LINE('',#2361,#2362);
#2361 = CARTESIAN_POINT('',(3.375,2.190088388421E-14,-0.845));
#2362 = VECTOR('',#2363,1.);
#2363 = DIRECTION('',(0.,1.,6.195440985631E-16));
#2364 = ORIENTED_EDGE('',*,*,#2343,.F.);
#2365 = ORIENTED_EDGE('',*,*,#2366,.T.);
#2366 = EDGE_CURVE('',#2336,#2367,#2369,.T.);
#2367 = VERTEX_POINT('',#2368);
#2368 = CARTESIAN_POINT('',(3.775,2.190088388421E-14,-0.845));
#2369 = LINE('',#2370,#2371);
#2370 = CARTESIAN_POINT('',(3.775,2.190088388421E-14,-0.845));
#2371 = VECTOR('',#2372,1.);
#2372 = DIRECTION('',(0.,1.,6.195440985631E-16));
#2373 = ORIENTED_EDGE('',*,*,#2374,.T.);
#2374 = EDGE_CURVE('',#2367,#2358,#2375,.T.);
#2375 = LINE('',#2376,#2377);
#2376 = CARTESIAN_POINT('',(3.775,2.190088388421E-14,-0.845));
#2377 = VECTOR('',#2378,1.);
#2378 = DIRECTION('',(-1.,0.,0.));
#2379 = PLANE('',#2380);
#2380 = AXIS2_PLACEMENT_3D('',#2381,#2382,#2383);
#2381 = CARTESIAN_POINT('',(3.775,2.190088388421E-14,-0.845));
#2382 = DIRECTION('',(0.,6.195440985631E-16,-1.));
#2383 = DIRECTION('',(0.,1.,6.195440985631E-16));
#2384 = ADVANCED_FACE('',(#2385),#2410,.F.);
#2385 = FACE_BOUND('',#2386,.T.);
#2386 = EDGE_LOOP('',(#2387,#2395,#2396,#2404));
#2387 = ORIENTED_EDGE('',*,*,#2388,.F.);
#2388 = EDGE_CURVE('',#2358,#2389,#2391,.T.);
#2389 = VERTEX_POINT('',#2390);
#2390 = CARTESIAN_POINT('',(3.375,2.168404344971E-14,-0.945));
#2391 = LINE('',#2392,#2393);
#2392 = CARTESIAN_POINT('',(3.375,2.168404344971E-14,-0.945));
#2393 = VECTOR('',#2394,1.);
#2394 = DIRECTION('',(0.,-2.168404344971E-15,-1.));
#2395 = ORIENTED_EDGE('',*,*,#2374,.F.);
#2396 = ORIENTED_EDGE('',*,*,#2397,.T.);
#2397 = EDGE_CURVE('',#2367,#2398,#2400,.T.);
#2398 = VERTEX_POINT('',#2399);
#2399 = CARTESIAN_POINT('',(3.775,2.168404344971E-14,-0.945));
#2400 = LINE('',#2401,#2402);
#2401 = CARTESIAN_POINT('',(3.775,2.168404344971E-14,-0.945));
#2402 = VECTOR('',#2403,1.);
#2403 = DIRECTION('',(0.,-2.168404344971E-15,-1.));
#2404 = ORIENTED_EDGE('',*,*,#2405,.T.);
#2405 = EDGE_CURVE('',#2398,#2389,#2406,.T.);
#2406 = LINE('',#2407,#2408);
#2407 = CARTESIAN_POINT('',(3.775,2.168404344971E-14,-0.945));
#2408 = VECTOR('',#2409,1.);
#2409 = DIRECTION('',(-1.,0.,0.));
#2410 = PLANE('',#2411);
#2411 = AXIS2_PLACEMENT_3D('',#2412,#2413,#2414);
#2412 = CARTESIAN_POINT('',(3.775,2.168404344971E-14,-0.945));
#2413 = DIRECTION('',(0.,-1.,2.168404344971E-15));
#2414 = DIRECTION('',(-0.,-2.168404344971E-15,-1.));
#2415 = ADVANCED_FACE('',(#2416),#2441,.F.);
#2416 = FACE_BOUND('',#2417,.T.);
#2417 = EDGE_LOOP('',(#2418,#2426,#2427,#2435));
#2418 = ORIENTED_EDGE('',*,*,#2419,.F.);
#2419 = EDGE_CURVE('',#2389,#2420,#2422,.T.);
#2420 = VERTEX_POINT('',#2421);
#2421 = CARTESIAN_POINT('',(3.375,0.5,-0.945));
#2422 = LINE('',#2423,#2424);
#2423 = CARTESIAN_POINT('',(3.375,0.5,-0.945));
#2424 = VECTOR('',#2425,1.);
#2425 = DIRECTION('',(0.,1.,0.));
#2426 = ORIENTED_EDGE('',*,*,#2405,.F.);
#2427 = ORIENTED_EDGE('',*,*,#2428,.T.);
#2428 = EDGE_CURVE('',#2398,#2429,#2431,.T.);
#2429 = VERTEX_POINT('',#2430);
#2430 = CARTESIAN_POINT('',(3.775,0.5,-0.945));
#2431 = LINE('',#2432,#2433);
#2432 = CARTESIAN_POINT('',(3.775,0.5,-0.945));
#2433 = VECTOR('',#2434,1.);
#2434 = DIRECTION('',(0.,1.,0.));
#2435 = ORIENTED_EDGE('',*,*,#2436,.T.);
#2436 = EDGE_CURVE('',#2429,#2420,#2437,.T.);
#2437 = LINE('',#2438,#2439);
#2438 = CARTESIAN_POINT('',(3.775,0.5,-0.945));
#2439 = VECTOR('',#2440,1.);
#2440 = DIRECTION('',(-1.,0.,0.));
#2441 = PLANE('',#2442);
#2442 = AXIS2_PLACEMENT_3D('',#2443,#2444,#2445);
#2443 = CARTESIAN_POINT('',(3.775,0.5,-0.945));
#2444 = DIRECTION('',(0.,0.,-1.));
#2445 = DIRECTION('',(1.,0.,0.));
#2446 = ADVANCED_FACE('',(#2447),#2472,.F.);
#2447 = FACE_BOUND('',#2448,.T.);
#2448 = EDGE_LOOP('',(#2449,#2457,#2458,#2466));
#2449 = ORIENTED_EDGE('',*,*,#2450,.F.);
#2450 = EDGE_CURVE('',#2420,#2451,#2453,.T.);
#2451 = VERTEX_POINT('',#2452);
#2452 = CARTESIAN_POINT('',(3.375,0.5,-1.595));
#2453 = LINE('',#2454,#2455);
#2454 = CARTESIAN_POINT('',(3.375,0.5,-1.595));
#2455 = VECTOR('',#2456,1.);
#2456 = DIRECTION('',(0.,-0.,-1.));
#2457 = ORIENTED_EDGE('',*,*,#2436,.F.);
#2458 = ORIENTED_EDGE('',*,*,#2459,.T.);
#2459 = EDGE_CURVE('',#2429,#2460,#2462,.T.);
#2460 = VERTEX_POINT('',#2461);
#2461 = CARTESIAN_POINT('',(3.775,0.5,-1.595));
#2462 = LINE('',#2463,#2464);
#2463 = CARTESIAN_POINT('',(3.775,0.5,-1.595));
#2464 = VECTOR('',#2465,1.);
#2465 = DIRECTION('',(0.,-0.,-1.));
#2466 = ORIENTED_EDGE('',*,*,#2467,.T.);
#2467 = EDGE_CURVE('',#2460,#2451,#2468,.T.);
#2468 = LINE('',#2469,#2470);
#2469 = CARTESIAN_POINT('',(3.775,0.5,-1.595));
#2470 = VECTOR('',#2471,1.);
#2471 = DIRECTION('',(-1.,0.,0.));
#2472 = PLANE('',#2473);
#2473 = AXIS2_PLACEMENT_3D('',#2474,#2475,#2476);
#2474 = CARTESIAN_POINT('',(3.775,0.5,-1.595));
#2475 = DIRECTION('',(0.,-1.,-0.));
#2476 = DIRECTION('',(-0.,0.,-1.));
#2477 = ADVANCED_FACE('',(#2478),#2503,.F.);
#2478 = FACE_BOUND('',#2479,.T.);
#2479 = EDGE_LOOP('',(#2480,#2488,#2489,#2497));
#2480 = ORIENTED_EDGE('',*,*,#2481,.F.);
#2481 = EDGE_CURVE('',#2451,#2482,#2484,.T.);
#2482 = VERTEX_POINT('',#2483);
#2483 = CARTESIAN_POINT('',(3.375,2.168404344971E-14,-1.595));
#2484 = LINE('',#2485,#2486);
#2485 = CARTESIAN_POINT('',(3.375,0.5,-1.595));
#2486 = VECTOR('',#2487,1.);
#2487 = DIRECTION('',(-0.,-1.,-1.734723475977E-15));
#2488 = ORIENTED_EDGE('',*,*,#2467,.F.);
#2489 = ORIENTED_EDGE('',*,*,#2490,.T.);
#2490 = EDGE_CURVE('',#2460,#2491,#2493,.T.);
#2491 = VERTEX_POINT('',#2492);
#2492 = CARTESIAN_POINT('',(3.775,2.168404344971E-14,-1.595));
#2493 = LINE('',#2494,#2495);
#2494 = CARTESIAN_POINT('',(3.775,0.5,-1.595));
#2495 = VECTOR('',#2496,1.);
#2496 = DIRECTION('',(-0.,-1.,-1.734723475977E-15));
#2497 = ORIENTED_EDGE('',*,*,#2498,.T.);
#2498 = EDGE_CURVE('',#2491,#2482,#2499,.T.);
#2499 = LINE('',#2500,#2501);
#2500 = CARTESIAN_POINT('',(3.775,2.168404344971E-14,-1.595));
#2501 = VECTOR('',#2502,1.);
#2502 = DIRECTION('',(-1.,0.,0.));
#2503 = PLANE('',#2504);
#2504 = AXIS2_PLACEMENT_3D('',#2505,#2506,#2507);
#2505 = CARTESIAN_POINT('',(3.775,0.5,-1.595));
#2506 = DIRECTION('',(0.,-1.734723475977E-15,1.));
#2507 = DIRECTION('',(-0.,-1.,-1.734723475977E-15));
#2508 = ADVANCED_FACE('',(#2509),#2534,.F.);
#2509 = FACE_BOUND('',#2510,.T.);
#2510 = EDGE_LOOP('',(#2511,#2519,#2520,#2528));
#2511 = ORIENTED_EDGE('',*,*,#2512,.F.);
#2512 = EDGE_CURVE('',#2482,#2513,#2515,.T.);
#2513 = VERTEX_POINT('',#2514);
#2514 = CARTESIAN_POINT('',(3.375,2.168404344971E-14,-1.695));
#2515 = LINE('',#2516,#2517);
#2516 = CARTESIAN_POINT('',(3.375,2.168404344971E-14,-1.595));
#2517 = VECTOR('',#2518,1.);
#2518 = DIRECTION('',(0.,0.,-1.));
#2519 = ORIENTED_EDGE('',*,*,#2498,.F.);
#2520 = ORIENTED_EDGE('',*,*,#2521,.T.);
#2521 = EDGE_CURVE('',#2491,#2522,#2524,.T.);
#2522 = VERTEX_POINT('',#2523);
#2523 = CARTESIAN_POINT('',(3.775,2.168404344971E-14,-1.695));
#2524 = LINE('',#2525,#2526);
#2525 = CARTESIAN_POINT('',(3.775,2.168404344971E-14,-1.595));
#2526 = VECTOR('',#2527,1.);
#2527 = DIRECTION('',(0.,0.,-1.));
#2528 = ORIENTED_EDGE('',*,*,#2529,.T.);
#2529 = EDGE_CURVE('',#2522,#2513,#2530,.T.);
#2530 = LINE('',#2531,#2532);
#2531 = CARTESIAN_POINT('',(3.775,2.168404344971E-14,-1.695));
#2532 = VECTOR('',#2533,1.);
#2533 = DIRECTION('',(-1.,0.,0.));
#2534 = PLANE('',#2535);
#2535 = AXIS2_PLACEMENT_3D('',#2536,#2537,#2538);
#2536 = CARTESIAN_POINT('',(3.775,2.168404344971E-14,-1.595));
#2537 = DIRECTION('',(0.,-1.,0.));
#2538 = DIRECTION('',(0.,0.,-1.));
#2539 = ADVANCED_FACE('',(#2540),#2556,.F.);
#2540 = FACE_BOUND('',#2541,.T.);
#2541 = EDGE_LOOP('',(#2542,#2548,#2549,#2555));
#2542 = ORIENTED_EDGE('',*,*,#2543,.F.);
#2543 = EDGE_CURVE('',#2513,#2194,#2544,.T.);
#2544 = LINE('',#2545,#2546);
#2545 = CARTESIAN_POINT('',(3.375,2.168404344971E-14,-1.695));
#2546 = VECTOR('',#2547,1.);
#2547 = DIRECTION('',(0.,-1.,1.239088197126E-15));
#2548 = ORIENTED_EDGE('',*,*,#2529,.F.);
#2549 = ORIENTED_EDGE('',*,*,#2550,.T.);
#2550 = EDGE_CURVE('',#2522,#2204,#2551,.T.);
#2551 = LINE('',#2552,#2553);
#2552 = CARTESIAN_POINT('',(3.775,2.168404344971E-14,-1.695));
#2553 = VECTOR('',#2554,1.);
#2554 = DIRECTION('',(0.,-1.,1.239088197126E-15));
#2555 = ORIENTED_EDGE('',*,*,#2203,.T.);
#2556 = PLANE('',#2557);
#2557 = AXIS2_PLACEMENT_3D('',#2558,#2559,#2560);
#2558 = CARTESIAN_POINT('',(3.775,2.168404344971E-14,-1.695));
#2559 = DIRECTION('',(0.,1.239088197126E-15,1.));
#2560 = DIRECTION('',(0.,-1.,1.239088197126E-15));
#2561 = ADVANCED_FACE('',(#2562),#2576,.T.);
#2562 = FACE_BOUND('',#2563,.T.);
#2563 = EDGE_LOOP('',(#2564,#2565,#2566,#2567,#2568,#2569,#2570,#2571,
    #2572,#2573,#2574,#2575));
#2564 = ORIENTED_EDGE('',*,*,#2211,.F.);
#2565 = ORIENTED_EDGE('',*,*,#2550,.F.);
#2566 = ORIENTED_EDGE('',*,*,#2521,.F.);
#2567 = ORIENTED_EDGE('',*,*,#2490,.F.);
#2568 = ORIENTED_EDGE('',*,*,#2459,.F.);
#2569 = ORIENTED_EDGE('',*,*,#2428,.F.);
#2570 = ORIENTED_EDGE('',*,*,#2397,.F.);
#2571 = ORIENTED_EDGE('',*,*,#2366,.F.);
#2572 = ORIENTED_EDGE('',*,*,#2335,.F.);
#2573 = ORIENTED_EDGE('',*,*,#2304,.F.);
#2574 = ORIENTED_EDGE('',*,*,#2273,.F.);
#2575 = ORIENTED_EDGE('',*,*,#2242,.F.);
#2576 = PLANE('',#2577);
#2577 = AXIS2_PLACEMENT_3D('',#2578,#2579,#2580);
#2578 = CARTESIAN_POINT('',(3.775,0.,0.));
#2579 = DIRECTION('',(1.,0.,-0.));
#2580 = DIRECTION('',(0.,0.,1.));
#2581 = ADVANCED_FACE('',(#2582),#2596,.F.);
#2582 = FACE_BOUND('',#2583,.T.);
#2583 = EDGE_LOOP('',(#2584,#2585,#2586,#2587,#2588,#2589,#2590,#2591,
    #2592,#2593,#2594,#2595));
#2584 = ORIENTED_EDGE('',*,*,#2193,.T.);
#2585 = ORIENTED_EDGE('',*,*,#2233,.T.);
#2586 = ORIENTED_EDGE('',*,*,#2264,.T.);
#2587 = ORIENTED_EDGE('',*,*,#2295,.T.);
#2588 = ORIENTED_EDGE('',*,*,#2326,.T.);
#2589 = ORIENTED_EDGE('',*,*,#2357,.T.);
#2590 = ORIENTED_EDGE('',*,*,#2388,.T.);
#2591 = ORIENTED_EDGE('',*,*,#2419,.T.);
#2592 = ORIENTED_EDGE('',*,*,#2450,.T.);
#2593 = ORIENTED_EDGE('',*,*,#2481,.T.);
#2594 = ORIENTED_EDGE('',*,*,#2512,.T.);
#2595 = ORIENTED_EDGE('',*,*,#2543,.T.);
#2596 = PLANE('',#2597);
#2597 = AXIS2_PLACEMENT_3D('',#2598,#2599,#2600);
#2598 = CARTESIAN_POINT('',(3.375,0.,0.));
#2599 = DIRECTION('',(1.,0.,-0.));
#2600 = DIRECTION('',(0.,0.,1.));
#2601 = MANIFOLD_SOLID_BREP('',#2602);
#2602 = CLOSED_SHELL('',(#2603,#2645,#2694,#2943,#3193,#3233,#3255,#3295
    ,#3317,#3432,#3466,#3504,#3528,#3552,#3592,#3614,#3631,#3653,#3693,
    #3739,#3822,#3863,#3887,#3921,#4171,#4188,#4200,#4212,#4238,#4254,
    #4266,#4290,#4314,#4326,#4343,#4367,#4379,#4403,#4420,#4451,#4482,
    #4513,#4546,#4577,#4610,#4657,#4690,#4712,#4734,#4756,#4796,#4818,
    #4849,#4882,#4929,#4962,#4993,#5026,#5048,#5070,#5092,#5106,#5120,
    #5134,#5148,#5188,#5243,#5298,#5322,#5334,#5346,#5366,#5378,#5398,
    #5410,#5422,#5453,#5486,#5517,#5550,#5572,#5611,#5650,#5674,#5698,
    #5722,#5746,#5770,#5794,#5818,#5842,#5866,#5890,#5914,#5938,#5962,
    #5986,#6010,#6034,#6058,#6082,#6106,#6130,#6154,#6178,#6195,#6227,
    #6258,#6275,#6299,#6323,#6347,#6371,#6395,#6419,#6443,#6467,#6491,
    #6515,#6539,#6563,#6587,#6611,#6635,#6659,#6683,#6707,#6731,#6755,
    #6772,#6804,#6828,#6852,#6869));
#2603 = ADVANCED_FACE('',(#2604),#2640,.T.);
#2604 = FACE_BOUND('',#2605,.T.);
#2605 = EDGE_LOOP('',(#2606,#2617,#2625,#2634));
#2606 = ORIENTED_EDGE('',*,*,#2607,.F.);
#2607 = EDGE_CURVE('',#2608,#2610,#2612,.T.);
#2608 = VERTEX_POINT('',#2609);
#2609 = CARTESIAN_POINT('',(-3.825,-1.7,2.15));
#2610 = VERTEX_POINT('',#2611);
#2611 = CARTESIAN_POINT('',(-3.825,-1.7,2.75));
#2612 = CIRCLE('',#2613,0.3);
#2613 = AXIS2_PLACEMENT_3D('',#2614,#2615,#2616);
#2614 = CARTESIAN_POINT('',(-3.825,-1.7,2.45));
#2615 = DIRECTION('',(0.,-1.,0.));
#2616 = DIRECTION('',(0.,0.,-1.));
#2617 = ORIENTED_EDGE('',*,*,#2618,.T.);
#2618 = EDGE_CURVE('',#2608,#2619,#2621,.T.);
#2619 = VERTEX_POINT('',#2620);
#2620 = CARTESIAN_POINT('',(-3.825,-1.55,2.));
#2621 = LINE('',#2622,#2623);
#2622 = CARTESIAN_POINT('',(-3.825,-1.7,2.15));
#2623 = VECTOR('',#2624,1.);
#2624 = DIRECTION('',(8.659560562355E-17,0.707106781187,-0.707106781187)
  );
#2625 = ORIENTED_EDGE('',*,*,#2626,.F.);
#2626 = EDGE_CURVE('',#2627,#2619,#2629,.T.);
#2627 = VERTEX_POINT('',#2628);
#2628 = CARTESIAN_POINT('',(-3.825,-1.55,2.9));
#2629 = CIRCLE('',#2630,0.45);
#2630 = AXIS2_PLACEMENT_3D('',#2631,#2632,#2633);
#2631 = CARTESIAN_POINT('',(-3.825,-1.55,2.45));
#2632 = DIRECTION('',(0.,1.,0.));
#2633 = DIRECTION('',(0.,0.,-1.));
#2634 = ORIENTED_EDGE('',*,*,#2635,.F.);
#2635 = EDGE_CURVE('',#2610,#2627,#2636,.T.);
#2636 = LINE('',#2637,#2638);
#2637 = CARTESIAN_POINT('',(-3.825,-1.7,2.75));
#2638 = VECTOR('',#2639,1.);
#2639 = DIRECTION('',(0.,0.707106781187,0.707106781187));
#2640 = CONICAL_SURFACE('',#2641,0.3,0.785398163397);
#2641 = AXIS2_PLACEMENT_3D('',#2642,#2643,#2644);
#2642 = CARTESIAN_POINT('',(-3.825,-1.7,2.45));
#2643 = DIRECTION('',(0.,1.,0.));
#2644 = DIRECTION('',(0.,-0.,1.));
#2645 = ADVANCED_FACE('',(#2646),#2689,.T.);
#2646 = FACE_BOUND('',#2647,.T.);
#2647 = EDGE_LOOP('',(#2648,#2649,#2657,#2666,#2674,#2683));
#2648 = ORIENTED_EDGE('',*,*,#2626,.T.);
#2649 = ORIENTED_EDGE('',*,*,#2650,.T.);
#2650 = EDGE_CURVE('',#2619,#2651,#2653,.T.);
#2651 = VERTEX_POINT('',#2652);
#2652 = CARTESIAN_POINT('',(-3.825,0.5,2.));
#2653 = LINE('',#2654,#2655);
#2654 = CARTESIAN_POINT('',(-3.825,-1.7,2.));
#2655 = VECTOR('',#2656,1.);
#2656 = DIRECTION('',(-0.,1.,-0.));
#2657 = ORIENTED_EDGE('',*,*,#2658,.T.);
#2658 = EDGE_CURVE('',#2651,#2659,#2661,.T.);
#2659 = VERTEX_POINT('',#2660);
#2660 = CARTESIAN_POINT('',(-3.400735931288,0.5,2.3));
#2661 = CIRCLE('',#2662,0.45);
#2662 = AXIS2_PLACEMENT_3D('',#2663,#2664,#2665);
#2663 = CARTESIAN_POINT('',(-3.825,0.5,2.45));
#2664 = DIRECTION('',(0.,-1.,0.));
#2665 = DIRECTION('',(0.,0.,-1.));
#2666 = ORIENTED_EDGE('',*,*,#2667,.T.);
#2667 = EDGE_CURVE('',#2659,#2668,#2670,.T.);
#2668 = VERTEX_POINT('',#2669);
#2669 = CARTESIAN_POINT('',(-3.400735931288,-1.769800936681E-14,2.3));
#2670 = LINE('',#2671,#2672);
#2671 = CARTESIAN_POINT('',(-3.400735931288,-1.7,2.3));
#2672 = VECTOR('',#2673,1.);
#2673 = DIRECTION('',(0.,-1.,0.));
#2674 = ORIENTED_EDGE('',*,*,#2675,.F.);
#2675 = EDGE_CURVE('',#2676,#2668,#2678,.T.);
#2676 = VERTEX_POINT('',#2677);
#2677 = CARTESIAN_POINT('',(-3.825,0.,2.9));
#2678 = CIRCLE('',#2679,0.45);
#2679 = AXIS2_PLACEMENT_3D('',#2680,#2681,#2682);
#2680 = CARTESIAN_POINT('',(-3.825,0.,2.45));
#2681 = DIRECTION('',(-0.,1.,0.));
#2682 = DIRECTION('',(9.637352644316E-16,0.,-1.));
#2683 = ORIENTED_EDGE('',*,*,#2684,.F.);
#2684 = EDGE_CURVE('',#2627,#2676,#2685,.T.);
#2685 = LINE('',#2686,#2687);
#2686 = CARTESIAN_POINT('',(-3.825,-1.7,2.9));
#2687 = VECTOR('',#2688,1.);
#2688 = DIRECTION('',(-0.,1.,-0.));
#2689 = CYLINDRICAL_SURFACE('',#2690,0.45);
#2690 = AXIS2_PLACEMENT_3D('',#2691,#2692,#2693);
#2691 = CARTESIAN_POINT('',(-3.825,-1.7,2.45));
#2692 = DIRECTION('',(-0.,1.,-0.));
#2693 = DIRECTION('',(0.,0.,1.));
#2694 = ADVANCED_FACE('',(#2695),#2938,.F.);
#2695 = FACE_BOUND('',#2696,.T.);
#2696 = EDGE_LOOP('',(#2697,#2707,#2715,#2723,#2731,#2739,#2747,#2755,
    #2763,#2771,#2779,#2787,#2795,#2803,#2811,#2819,#2825,#2826,#2835,
    #2844,#2852,#2860,#2868,#2876,#2884,#2892,#2900,#2908,#2916,#2924,
    #2932));
#2697 = ORIENTED_EDGE('',*,*,#2698,.F.);
#2698 = EDGE_CURVE('',#2699,#2701,#2703,.T.);
#2699 = VERTEX_POINT('',#2700);
#2700 = CARTESIAN_POINT('',(4.275,0.5,-2.9));
#2701 = VERTEX_POINT('',#2702);
#2702 = CARTESIAN_POINT('',(4.275,0.5,-2.3));
#2703 = LINE('',#2704,#2705);
#2704 = CARTESIAN_POINT('',(4.275,0.5,-2.3));
#2705 = VECTOR('',#2706,1.);
#2706 = DIRECTION('',(4.336808689942E-15,-0.,1.));
#2707 = ORIENTED_EDGE('',*,*,#2708,.F.);
#2708 = EDGE_CURVE('',#2709,#2699,#2711,.T.);
#2709 = VERTEX_POINT('',#2710);
#2710 = CARTESIAN_POINT('',(5.925,0.5,-1.25));
#2711 = LINE('',#2712,#2713);
#2712 = CARTESIAN_POINT('',(4.275,0.5,-2.9));
#2713 = VECTOR('',#2714,1.);
#2714 = DIRECTION('',(-0.707106781187,-9.292687373839E-17,
    -0.707106781187));
#2715 = ORIENTED_EDGE('',*,*,#2716,.T.);
#2716 = EDGE_CURVE('',#2709,#2717,#2719,.T.);
#2717 = VERTEX_POINT('',#2718);
#2718 = CARTESIAN_POINT('',(5.925,0.5,1.25));
#2719 = LINE('',#2720,#2721);
#2720 = CARTESIAN_POINT('',(5.925,0.5,-2.9));
#2721 = VECTOR('',#2722,1.);
#2722 = DIRECTION('',(-0.,-0.,1.));
#2723 = ORIENTED_EDGE('',*,*,#2724,.F.);
#2724 = EDGE_CURVE('',#2725,#2717,#2727,.T.);
#2725 = VERTEX_POINT('',#2726);
#2726 = CARTESIAN_POINT('',(4.275,0.5,2.9));
#2727 = LINE('',#2728,#2729);
#2728 = CARTESIAN_POINT('',(5.925,0.5,1.25));
#2729 = VECTOR('',#2730,1.);
#2730 = DIRECTION('',(0.707106781187,9.292687373839E-17,-0.707106781187)
  );
#2731 = ORIENTED_EDGE('',*,*,#2732,.F.);
#2732 = EDGE_CURVE('',#2733,#2725,#2735,.T.);
#2733 = VERTEX_POINT('',#2734);
#2734 = CARTESIAN_POINT('',(4.275,0.5,2.3));
#2735 = LINE('',#2736,#2737);
#2736 = CARTESIAN_POINT('',(4.275,0.5,-2.9));
#2737 = VECTOR('',#2738,1.);
#2738 = DIRECTION('',(-0.,-0.,1.));
#2739 = ORIENTED_EDGE('',*,*,#2740,.F.);
#2740 = EDGE_CURVE('',#2741,#2733,#2743,.T.);
#2741 = VERTEX_POINT('',#2742);
#2742 = CARTESIAN_POINT('',(3.175,0.5,2.3));
#2743 = LINE('',#2744,#2745);
#2744 = CARTESIAN_POINT('',(-4.275,0.5,2.3));
#2745 = VECTOR('',#2746,1.);
#2746 = DIRECTION('',(1.,5.20417042793E-15,-0.));
#2747 = ORIENTED_EDGE('',*,*,#2748,.T.);
#2748 = EDGE_CURVE('',#2741,#2749,#2751,.T.);
#2749 = VERTEX_POINT('',#2750);
#2750 = CARTESIAN_POINT('',(3.175,0.5,2.9));
#2751 = LINE('',#2752,#2753);
#2752 = CARTESIAN_POINT('',(3.175,0.5,-2.9));
#2753 = VECTOR('',#2754,1.);
#2754 = DIRECTION('',(-0.,-0.,1.));
#2755 = ORIENTED_EDGE('',*,*,#2756,.F.);
#2756 = EDGE_CURVE('',#2757,#2749,#2759,.T.);
#2757 = VERTEX_POINT('',#2758);
#2758 = CARTESIAN_POINT('',(1.5,0.5,2.9));
#2759 = LINE('',#2760,#2761);
#2760 = CARTESIAN_POINT('',(-4.275,0.5,2.9));
#2761 = VECTOR('',#2762,1.);
#2762 = DIRECTION('',(1.,0.,1.014458173086E-16));
#2763 = ORIENTED_EDGE('',*,*,#2764,.F.);
#2764 = EDGE_CURVE('',#2765,#2757,#2767,.T.);
#2765 = VERTEX_POINT('',#2766);
#2766 = CARTESIAN_POINT('',(1.5,0.5,1.8));
#2767 = LINE('',#2768,#2769);
#2768 = CARTESIAN_POINT('',(1.5,0.5,1.8));
#2769 = VECTOR('',#2770,1.);
#2770 = DIRECTION('',(-0.,-0.,1.));
#2771 = ORIENTED_EDGE('',*,*,#2772,.F.);
#2772 = EDGE_CURVE('',#2773,#2765,#2775,.T.);
#2773 = VERTEX_POINT('',#2774);
#2774 = CARTESIAN_POINT('',(1.3,0.5,1.8));
#2775 = LINE('',#2776,#2777);
#2776 = CARTESIAN_POINT('',(0.15,0.5,1.8));
#2777 = VECTOR('',#2778,1.);
#2778 = DIRECTION('',(1.,0.,0.));
#2779 = ORIENTED_EDGE('',*,*,#2780,.T.);
#2780 = EDGE_CURVE('',#2773,#2781,#2783,.T.);
#2781 = VERTEX_POINT('',#2782);
#2782 = CARTESIAN_POINT('',(0.35,0.5,1.8));
#2783 = LINE('',#2784,#2785);
#2784 = CARTESIAN_POINT('',(1.3,0.5,1.8));
#2785 = VECTOR('',#2786,1.);
#2786 = DIRECTION('',(-1.,-0.,-0.));
#2787 = ORIENTED_EDGE('',*,*,#2788,.F.);
#2788 = EDGE_CURVE('',#2789,#2781,#2791,.T.);
#2789 = VERTEX_POINT('',#2790);
#2790 = CARTESIAN_POINT('',(0.15,0.5,1.8));
#2791 = LINE('',#2792,#2793);
#2792 = CARTESIAN_POINT('',(0.15,0.5,1.8));
#2793 = VECTOR('',#2794,1.);
#2794 = DIRECTION('',(1.,0.,0.));
#2795 = ORIENTED_EDGE('',*,*,#2796,.T.);
#2796 = EDGE_CURVE('',#2789,#2797,#2799,.T.);
#2797 = VERTEX_POINT('',#2798);
#2798 = CARTESIAN_POINT('',(0.15,0.5,2.9));
#2799 = LINE('',#2800,#2801);
#2800 = CARTESIAN_POINT('',(0.15,0.5,1.8));
#2801 = VECTOR('',#2802,1.);
#2802 = DIRECTION('',(-0.,-0.,1.));
#2803 = ORIENTED_EDGE('',*,*,#2804,.F.);
#2804 = EDGE_CURVE('',#2805,#2797,#2807,.T.);
#2805 = VERTEX_POINT('',#2806);
#2806 = CARTESIAN_POINT('',(-2.875,0.5,2.9));
#2807 = LINE('',#2808,#2809);
#2808 = CARTESIAN_POINT('',(-4.275,0.5,2.9));
#2809 = VECTOR('',#2810,1.);
#2810 = DIRECTION('',(1.,0.,1.014458173086E-16));
#2811 = ORIENTED_EDGE('',*,*,#2812,.F.);
#2812 = EDGE_CURVE('',#2813,#2805,#2815,.T.);
#2813 = VERTEX_POINT('',#2814);
#2814 = CARTESIAN_POINT('',(-2.875,0.5,2.3));
#2815 = LINE('',#2816,#2817);
#2816 = CARTESIAN_POINT('',(-2.875,0.5,-2.9));
#2817 = VECTOR('',#2818,1.);
#2818 = DIRECTION('',(-0.,-0.,1.));
#2819 = ORIENTED_EDGE('',*,*,#2820,.F.);
#2820 = EDGE_CURVE('',#2659,#2813,#2821,.T.);
#2821 = LINE('',#2822,#2823);
#2822 = CARTESIAN_POINT('',(-4.275,0.5,2.3));
#2823 = VECTOR('',#2824,1.);
#2824 = DIRECTION('',(1.,5.20417042793E-15,-0.));
#2825 = ORIENTED_EDGE('',*,*,#2658,.F.);
#2826 = ORIENTED_EDGE('',*,*,#2827,.F.);
#2827 = EDGE_CURVE('',#2828,#2651,#2830,.T.);
#2828 = VERTEX_POINT('',#2829);
#2829 = CARTESIAN_POINT('',(-4.249264068712,0.5,2.3));
#2830 = CIRCLE('',#2831,0.45);
#2831 = AXIS2_PLACEMENT_3D('',#2832,#2833,#2834);
#2832 = CARTESIAN_POINT('',(-3.825,0.5,2.45));
#2833 = DIRECTION('',(0.,-1.,0.));
#2834 = DIRECTION('',(0.,0.,-1.));
#2835 = ORIENTED_EDGE('',*,*,#2836,.T.);
#2836 = EDGE_CURVE('',#2828,#2837,#2839,.T.);
#2837 = VERTEX_POINT('',#2838);
#2838 = CARTESIAN_POINT('',(-4.275,0.5,2.410479081662));
#2839 = CIRCLE('',#2840,0.25);
#2840 = AXIS2_PLACEMENT_3D('',#2841,#2842,#2843);
#2841 = CARTESIAN_POINT('',(-4.025,0.5,2.410479081662));
#2842 = DIRECTION('',(-0.,1.,0.));
#2843 = DIRECTION('',(0.,0.,1.));
#2844 = ORIENTED_EDGE('',*,*,#2845,.F.);
#2845 = EDGE_CURVE('',#2846,#2837,#2848,.T.);
#2846 = VERTEX_POINT('',#2847);
#2847 = CARTESIAN_POINT('',(-4.275,0.5,-2.3));
#2848 = LINE('',#2849,#2850);
#2849 = CARTESIAN_POINT('',(-4.275,0.5,2.3));
#2850 = VECTOR('',#2851,1.);
#2851 = DIRECTION('',(-0.,-0.,1.));
#2852 = ORIENTED_EDGE('',*,*,#2853,.T.);
#2853 = EDGE_CURVE('',#2846,#2854,#2856,.T.);
#2854 = VERTEX_POINT('',#2855);
#2855 = CARTESIAN_POINT('',(-2.875,0.5,-2.3));
#2856 = LINE('',#2857,#2858);
#2857 = CARTESIAN_POINT('',(-4.275,0.5,-2.3));
#2858 = VECTOR('',#2859,1.);
#2859 = DIRECTION('',(1.,5.20417042793E-15,-0.));
#2860 = ORIENTED_EDGE('',*,*,#2861,.F.);
#2861 = EDGE_CURVE('',#2862,#2854,#2864,.T.);
#2862 = VERTEX_POINT('',#2863);
#2863 = CARTESIAN_POINT('',(-2.875,0.5,-2.9));
#2864 = LINE('',#2865,#2866);
#2865 = CARTESIAN_POINT('',(-2.875,0.5,-2.9));
#2866 = VECTOR('',#2867,1.);
#2867 = DIRECTION('',(-0.,-0.,1.));
#2868 = ORIENTED_EDGE('',*,*,#2869,.F.);
#2869 = EDGE_CURVE('',#2870,#2862,#2872,.T.);
#2870 = VERTEX_POINT('',#2871);
#2871 = CARTESIAN_POINT('',(0.15,0.5,-2.9));
#2872 = LINE('',#2873,#2874);
#2873 = CARTESIAN_POINT('',(-2.875,0.5,-2.9));
#2874 = VECTOR('',#2875,1.);
#2875 = DIRECTION('',(-1.,-0.,-0.));
#2876 = ORIENTED_EDGE('',*,*,#2877,.F.);
#2877 = EDGE_CURVE('',#2878,#2870,#2880,.T.);
#2878 = VERTEX_POINT('',#2879);
#2879 = CARTESIAN_POINT('',(0.15,0.5,-1.8));
#2880 = LINE('',#2881,#2882);
#2881 = CARTESIAN_POINT('',(0.15,0.5,-1.8));
#2882 = VECTOR('',#2883,1.);
#2883 = DIRECTION('',(-0.,-0.,-1.));
#2884 = ORIENTED_EDGE('',*,*,#2885,.T.);
#2885 = EDGE_CURVE('',#2878,#2886,#2888,.T.);
#2886 = VERTEX_POINT('',#2887);
#2887 = CARTESIAN_POINT('',(0.35,0.5,-1.8));
#2888 = LINE('',#2889,#2890);
#2889 = CARTESIAN_POINT('',(0.15,0.5,-1.8));
#2890 = VECTOR('',#2891,1.);
#2891 = DIRECTION('',(1.,0.,0.));
#2892 = ORIENTED_EDGE('',*,*,#2893,.F.);
#2893 = EDGE_CURVE('',#2894,#2886,#2896,.T.);
#2894 = VERTEX_POINT('',#2895);
#2895 = CARTESIAN_POINT('',(1.3,0.5,-1.8));
#2896 = LINE('',#2897,#2898);
#2897 = CARTESIAN_POINT('',(1.3,0.5,-1.8));
#2898 = VECTOR('',#2899,1.);
#2899 = DIRECTION('',(-1.,-0.,-0.));
#2900 = ORIENTED_EDGE('',*,*,#2901,.T.);
#2901 = EDGE_CURVE('',#2894,#2902,#2904,.T.);
#2902 = VERTEX_POINT('',#2903);
#2903 = CARTESIAN_POINT('',(1.5,0.5,-1.8));
#2904 = LINE('',#2905,#2906);
#2905 = CARTESIAN_POINT('',(0.15,0.5,-1.8));
#2906 = VECTOR('',#2907,1.);
#2907 = DIRECTION('',(1.,0.,0.));
#2908 = ORIENTED_EDGE('',*,*,#2909,.T.);
#2909 = EDGE_CURVE('',#2902,#2910,#2912,.T.);
#2910 = VERTEX_POINT('',#2911);
#2911 = CARTESIAN_POINT('',(1.5,0.5,-2.9));
#2912 = LINE('',#2913,#2914);
#2913 = CARTESIAN_POINT('',(1.5,0.5,-1.8));
#2914 = VECTOR('',#2915,1.);
#2915 = DIRECTION('',(-0.,-0.,-1.));
#2916 = ORIENTED_EDGE('',*,*,#2917,.F.);
#2917 = EDGE_CURVE('',#2918,#2910,#2920,.T.);
#2918 = VERTEX_POINT('',#2919);
#2919 = CARTESIAN_POINT('',(3.175,0.5,-2.9));
#2920 = LINE('',#2921,#2922);
#2921 = CARTESIAN_POINT('',(-2.875,0.5,-2.9));
#2922 = VECTOR('',#2923,1.);
#2923 = DIRECTION('',(-1.,-0.,-0.));
#2924 = ORIENTED_EDGE('',*,*,#2925,.F.);
#2925 = EDGE_CURVE('',#2926,#2918,#2928,.T.);
#2926 = VERTEX_POINT('',#2927);
#2927 = CARTESIAN_POINT('',(3.175,0.5,-2.3));
#2928 = LINE('',#2929,#2930);
#2929 = CARTESIAN_POINT('',(3.175,0.5,-2.9));
#2930 = VECTOR('',#2931,1.);
#2931 = DIRECTION('',(-7.228014483237E-16,-0.,-1.));
#2932 = ORIENTED_EDGE('',*,*,#2933,.F.);
#2933 = EDGE_CURVE('',#2701,#2926,#2934,.T.);
#2934 = LINE('',#2935,#2936);
#2935 = CARTESIAN_POINT('',(3.175,0.5,-2.3));
#2936 = VECTOR('',#2937,1.);
#2937 = DIRECTION('',(-1.,-0.,-0.));
#2938 = PLANE('',#2939);
#2939 = AXIS2_PLACEMENT_3D('',#2940,#2941,#2942);
#2940 = CARTESIAN_POINT('',(-2.875,0.5,-2.9));
#2941 = DIRECTION('',(-0.,1.,0.));
#2942 = DIRECTION('',(0.,0.,1.));
#2943 = ADVANCED_FACE('',(#2944),#3188,.F.);
#2944 = FACE_BOUND('',#2945,.T.);
#2945 = EDGE_LOOP('',(#2946,#2956,#2964,#2972,#2980,#2989,#2997,#3006,
    #3014,#3022,#3030,#3038,#3046,#3054,#3062,#3070,#3078,#3086,#3094,
    #3102,#3110,#3118,#3126,#3134,#3142,#3150,#3158,#3166,#3174,#3182));
#2946 = ORIENTED_EDGE('',*,*,#2947,.F.);
#2947 = EDGE_CURVE('',#2948,#2950,#2952,.T.);
#2948 = VERTEX_POINT('',#2949);
#2949 = CARTESIAN_POINT('',(0.472927405784,4.5,-0.9));
#2950 = VERTEX_POINT('',#2951);
#2951 = CARTESIAN_POINT('',(0.360773803325,4.5,-0.9));
#2952 = LINE('',#2953,#2954);
#2953 = CARTESIAN_POINT('',(0.360773803325,4.5,-0.9));
#2954 = VECTOR('',#2955,1.);
#2955 = DIRECTION('',(-1.,-0.,9.667118565207E-16));
#2956 = ORIENTED_EDGE('',*,*,#2957,.F.);
#2957 = EDGE_CURVE('',#2958,#2948,#2960,.T.);
#2958 = VERTEX_POINT('',#2959);
#2959 = CARTESIAN_POINT('',(0.675,4.5,-0.55));
#2960 = LINE('',#2961,#2962);
#2961 = CARTESIAN_POINT('',(0.472927405784,4.5,-0.9));
#2962 = VECTOR('',#2963,1.);
#2963 = DIRECTION('',(-0.5,-0.,-0.866025403784));
#2964 = ORIENTED_EDGE('',*,*,#2965,.F.);
#2965 = EDGE_CURVE('',#2966,#2958,#2968,.T.);
#2966 = VERTEX_POINT('',#2967);
#2967 = CARTESIAN_POINT('',(0.675,4.5,-1.849688692685));
#2968 = LINE('',#2969,#2970);
#2969 = CARTESIAN_POINT('',(0.675,4.5,1.849688692685));
#2970 = VECTOR('',#2971,1.);
#2971 = DIRECTION('',(-0.,-0.,1.));
#2972 = ORIENTED_EDGE('',*,*,#2973,.T.);
#2973 = EDGE_CURVE('',#2966,#2974,#2976,.T.);
#2974 = VERTEX_POINT('',#2975);
#2975 = CARTESIAN_POINT('',(-3.019900681613,4.5,-1.849688692685));
#2976 = LINE('',#2977,#2978);
#2977 = CARTESIAN_POINT('',(-1.876431811959E-16,4.5,-1.849688692685));
#2978 = VECTOR('',#2979,1.);
#2979 = DIRECTION('',(-1.,0.,1.014458173086E-16));
#2980 = ORIENTED_EDGE('',*,*,#2981,.T.);
#2981 = EDGE_CURVE('',#2974,#2982,#2984,.T.);
#2982 = VERTEX_POINT('',#2983);
#2983 = CARTESIAN_POINT('',(-3.224688692685,4.5,-1.644900681613));
#2984 = ( BOUNDED_CURVE() B_SPLINE_CURVE(3,(#2985,#2986,#2987,#2988),
.UNSPECIFIED.,.F.,.F.) B_SPLINE_CURVE_WITH_KNOTS((4,4),(2.523811371301,
3.759373935879),.PIECEWISE_BEZIER_KNOTS.) CURVE() 
GEOMETRIC_REPRESENTATION_ITEM() RATIONAL_B_SPLINE_CURVE((1.,
0.876777070243,0.876777070243,1.)) REPRESENTATION_ITEM('') );
#2985 = CARTESIAN_POINT('',(-3.019900681613,4.5,-1.849688692685));
#2986 = CARTESIAN_POINT('',(-3.14683233367,4.5,-1.849688692685));
#2987 = CARTESIAN_POINT('',(-3.224688692685,4.5,-1.77183233367));
#2988 = CARTESIAN_POINT('',(-3.224688692685,4.5,-1.644900681613));
#2989 = ORIENTED_EDGE('',*,*,#2990,.T.);
#2990 = EDGE_CURVE('',#2982,#2991,#2993,.T.);
#2991 = VERTEX_POINT('',#2992);
#2992 = CARTESIAN_POINT('',(-3.224688692685,4.5,1.644900681613));
#2993 = LINE('',#2994,#2995);
#2994 = CARTESIAN_POINT('',(-3.224688692685,4.5,0.));
#2995 = VECTOR('',#2996,1.);
#2996 = DIRECTION('',(0.,0.,1.));
#2997 = ORIENTED_EDGE('',*,*,#2998,.T.);
#2998 = EDGE_CURVE('',#2991,#2999,#3001,.T.);
#2999 = VERTEX_POINT('',#3000);
#3000 = CARTESIAN_POINT('',(-3.019900681613,4.5,1.849688692685));
#3001 = ( BOUNDED_CURVE() B_SPLINE_CURVE(3,(#3002,#3003,#3004,#3005),
.UNSPECIFIED.,.F.,.F.) B_SPLINE_CURVE_WITH_KNOTS((4,4),(5.665404024891,
6.900966589468),.PIECEWISE_BEZIER_KNOTS.) CURVE() 
GEOMETRIC_REPRESENTATION_ITEM() RATIONAL_B_SPLINE_CURVE((1.,
0.876777070243,0.876777070243,1.)) REPRESENTATION_ITEM('') );
#3002 = CARTESIAN_POINT('',(-3.224688692685,4.5,1.644900681613));
#3003 = CARTESIAN_POINT('',(-3.224688692685,4.5,1.77183233367));
#3004 = CARTESIAN_POINT('',(-3.14683233367,4.5,1.849688692685));
#3005 = CARTESIAN_POINT('',(-3.019900681613,4.5,1.849688692685));
#3006 = ORIENTED_EDGE('',*,*,#3007,.T.);
#3007 = EDGE_CURVE('',#2999,#3008,#3010,.T.);
#3008 = VERTEX_POINT('',#3009);
#3009 = CARTESIAN_POINT('',(0.675,4.5,1.849688692685));
#3010 = LINE('',#3011,#3012);
#3011 = CARTESIAN_POINT('',(-1.876431811959E-16,4.5,1.849688692685));
#3012 = VECTOR('',#3013,1.);
#3013 = DIRECTION('',(1.,0.,1.014458173086E-16));
#3014 = ORIENTED_EDGE('',*,*,#3015,.F.);
#3015 = EDGE_CURVE('',#3016,#3008,#3018,.T.);
#3016 = VERTEX_POINT('',#3017);
#3017 = CARTESIAN_POINT('',(0.675,4.5,0.55));
#3018 = LINE('',#3019,#3020);
#3019 = CARTESIAN_POINT('',(0.675,4.5,1.849688692685));
#3020 = VECTOR('',#3021,1.);
#3021 = DIRECTION('',(-0.,-0.,1.));
#3022 = ORIENTED_EDGE('',*,*,#3023,.F.);
#3023 = EDGE_CURVE('',#3024,#3016,#3026,.T.);
#3024 = VERTEX_POINT('',#3025);
#3025 = CARTESIAN_POINT('',(0.472927405784,4.5,0.9));
#3026 = LINE('',#3027,#3028);
#3027 = CARTESIAN_POINT('',(0.675,4.5,0.55));
#3028 = VECTOR('',#3029,1.);
#3029 = DIRECTION('',(0.5,-0.,-0.866025403784));
#3030 = ORIENTED_EDGE('',*,*,#3031,.F.);
#3031 = EDGE_CURVE('',#3032,#3024,#3034,.T.);
#3032 = VERTEX_POINT('',#3033);
#3033 = CARTESIAN_POINT('',(0.360773803325,4.5,0.9));
#3034 = LINE('',#3035,#3036);
#3035 = CARTESIAN_POINT('',(0.472927405784,4.5,0.9));
#3036 = VECTOR('',#3037,1.);
#3037 = DIRECTION('',(1.,-0.,-1.933423713041E-15));
#3038 = ORIENTED_EDGE('',*,*,#3039,.F.);
#3039 = EDGE_CURVE('',#3040,#3032,#3042,.T.);
#3040 = VERTEX_POINT('',#3041);
#3041 = CARTESIAN_POINT('',(7.5E-02,4.5,1.185773803325));
#3042 = LINE('',#3043,#3044);
#3043 = CARTESIAN_POINT('',(0.360773803325,4.5,0.9));
#3044 = VECTOR('',#3045,1.);
#3045 = DIRECTION('',(0.707106781187,-0.,-0.707106781187));
#3046 = ORIENTED_EDGE('',*,*,#3047,.F.);
#3047 = EDGE_CURVE('',#3048,#3040,#3050,.T.);
#3048 = VERTEX_POINT('',#3049);
#3049 = CARTESIAN_POINT('',(7.5E-02,4.5,1.297927405784));
#3050 = LINE('',#3051,#3052);
#3051 = CARTESIAN_POINT('',(7.5E-02,4.5,1.185773803325));
#3052 = VECTOR('',#3053,1.);
#3053 = DIRECTION('',(-3.866847426083E-15,-0.,-1.));
#3054 = ORIENTED_EDGE('',*,*,#3055,.F.);
#3055 = EDGE_CURVE('',#3056,#3048,#3058,.T.);
#3056 = VERTEX_POINT('',#3057);
#3057 = CARTESIAN_POINT('',(-0.275,4.5,1.5));
#3058 = LINE('',#3059,#3060);
#3059 = CARTESIAN_POINT('',(7.5E-02,4.5,1.297927405784));
#3060 = VECTOR('',#3061,1.);
#3061 = DIRECTION('',(0.866025403784,-0.,-0.5));
#3062 = ORIENTED_EDGE('',*,*,#3063,.F.);
#3063 = EDGE_CURVE('',#3064,#3056,#3066,.T.);
#3064 = VERTEX_POINT('',#3065);
#3065 = CARTESIAN_POINT('',(-1.975,4.5,1.5));
#3066 = LINE('',#3067,#3068);
#3067 = CARTESIAN_POINT('',(-0.275,4.5,1.5));
#3068 = VECTOR('',#3069,1.);
#3069 = DIRECTION('',(1.,-0.,1.27553196763E-16));
#3070 = ORIENTED_EDGE('',*,*,#3071,.F.);
#3071 = EDGE_CURVE('',#3072,#3064,#3074,.T.);
#3072 = VERTEX_POINT('',#3073);
#3073 = CARTESIAN_POINT('',(-2.325,4.5,1.297927405784));
#3074 = LINE('',#3075,#3076);
#3075 = CARTESIAN_POINT('',(-1.975,4.5,1.5));
#3076 = VECTOR('',#3077,1.);
#3077 = DIRECTION('',(0.866025403784,-0.,0.5));
#3078 = ORIENTED_EDGE('',*,*,#3079,.F.);
#3079 = EDGE_CURVE('',#3080,#3072,#3082,.T.);
#3080 = VERTEX_POINT('',#3081);
#3081 = CARTESIAN_POINT('',(-2.325,4.5,1.185773803325));
#3082 = LINE('',#3083,#3084);
#3083 = CARTESIAN_POINT('',(-2.325,4.5,1.297927405784));
#3084 = VECTOR('',#3085,1.);
#3085 = DIRECTION('',(-0.,-0.,1.));
#3086 = ORIENTED_EDGE('',*,*,#3087,.F.);
#3087 = EDGE_CURVE('',#3088,#3080,#3090,.T.);
#3088 = VERTEX_POINT('',#3089);
#3089 = CARTESIAN_POINT('',(-2.610773803325,4.5,0.9));
#3090 = LINE('',#3091,#3092);
#3091 = CARTESIAN_POINT('',(-2.325,4.5,1.185773803325));
#3092 = VECTOR('',#3093,1.);
#3093 = DIRECTION('',(0.707106781187,-0.,0.707106781187));
#3094 = ORIENTED_EDGE('',*,*,#3095,.F.);
#3095 = EDGE_CURVE('',#3096,#3088,#3098,.T.);
#3096 = VERTEX_POINT('',#3097);
#3097 = CARTESIAN_POINT('',(-2.722927405784,4.5,0.9));
#3098 = LINE('',#3099,#3100);
#3099 = CARTESIAN_POINT('',(-2.610773803325,4.5,0.9));
#3100 = VECTOR('',#3101,1.);
#3101 = DIRECTION('',(1.,-0.,1.933423713041E-15));
#3102 = ORIENTED_EDGE('',*,*,#3103,.F.);
#3103 = EDGE_CURVE('',#3104,#3096,#3106,.T.);
#3104 = VERTEX_POINT('',#3105);
#3105 = CARTESIAN_POINT('',(-2.925,4.5,0.55));
#3106 = LINE('',#3107,#3108);
#3107 = CARTESIAN_POINT('',(-2.722927405784,4.5,0.9));
#3108 = VECTOR('',#3109,1.);
#3109 = DIRECTION('',(0.5,-0.,0.866025403784));
#3110 = ORIENTED_EDGE('',*,*,#3111,.F.);
#3111 = EDGE_CURVE('',#3112,#3104,#3114,.T.);
#3112 = VERTEX_POINT('',#3113);
#3113 = CARTESIAN_POINT('',(-2.925,4.5,-0.55));
#3114 = LINE('',#3115,#3116);
#3115 = CARTESIAN_POINT('',(-2.925,4.5,0.55));
#3116 = VECTOR('',#3117,1.);
#3117 = DIRECTION('',(-0.,-0.,1.));
#3118 = ORIENTED_EDGE('',*,*,#3119,.F.);
#3119 = EDGE_CURVE('',#3120,#3112,#3122,.T.);
#3120 = VERTEX_POINT('',#3121);
#3121 = CARTESIAN_POINT('',(-2.722927405784,4.5,-0.9));
#3122 = LINE('',#3123,#3124);
#3123 = CARTESIAN_POINT('',(-2.925,4.5,-0.55));
#3124 = VECTOR('',#3125,1.);
#3125 = DIRECTION('',(-0.5,-0.,0.866025403784));
#3126 = ORIENTED_EDGE('',*,*,#3127,.F.);
#3127 = EDGE_CURVE('',#3128,#3120,#3130,.T.);
#3128 = VERTEX_POINT('',#3129);
#3129 = CARTESIAN_POINT('',(-2.610773803325,4.5,-0.9));
#3130 = LINE('',#3131,#3132);
#3131 = CARTESIAN_POINT('',(-2.722927405784,4.5,-0.9));
#3132 = VECTOR('',#3133,1.);
#3133 = DIRECTION('',(-1.,-0.,-9.667118565207E-16));
#3134 = ORIENTED_EDGE('',*,*,#3135,.F.);
#3135 = EDGE_CURVE('',#3136,#3128,#3138,.T.);
#3136 = VERTEX_POINT('',#3137);
#3137 = CARTESIAN_POINT('',(-2.325,4.5,-1.185773803325));
#3138 = LINE('',#3139,#3140);
#3139 = CARTESIAN_POINT('',(-2.610773803325,4.5,-0.9));
#3140 = VECTOR('',#3141,1.);
#3141 = DIRECTION('',(-0.707106781187,-0.,0.707106781187));
#3142 = ORIENTED_EDGE('',*,*,#3143,.F.);
#3143 = EDGE_CURVE('',#3144,#3136,#3146,.T.);
#3144 = VERTEX_POINT('',#3145);
#3145 = CARTESIAN_POINT('',(-2.325,4.5,-1.297927405784));
#3146 = LINE('',#3147,#3148);
#3147 = CARTESIAN_POINT('',(-2.325,4.5,-1.185773803325));
#3148 = VECTOR('',#3149,1.);
#3149 = DIRECTION('',(-0.,-0.,1.));
#3150 = ORIENTED_EDGE('',*,*,#3151,.F.);
#3151 = EDGE_CURVE('',#3152,#3144,#3154,.T.);
#3152 = VERTEX_POINT('',#3153);
#3153 = CARTESIAN_POINT('',(-1.975,4.5,-1.5));
#3154 = LINE('',#3155,#3156);
#3155 = CARTESIAN_POINT('',(-2.325,4.5,-1.297927405784));
#3156 = VECTOR('',#3157,1.);
#3157 = DIRECTION('',(-0.866025403784,-0.,0.5));
#3158 = ORIENTED_EDGE('',*,*,#3159,.F.);
#3159 = EDGE_CURVE('',#3160,#3152,#3162,.T.);
#3160 = VERTEX_POINT('',#3161);
#3161 = CARTESIAN_POINT('',(-0.275,4.5,-1.5));
#3162 = LINE('',#3163,#3164);
#3163 = CARTESIAN_POINT('',(-1.975,4.5,-1.5));
#3164 = VECTOR('',#3165,1.);
#3165 = DIRECTION('',(-1.,-0.,-2.55106393526E-16));
#3166 = ORIENTED_EDGE('',*,*,#3167,.F.);
#3167 = EDGE_CURVE('',#3168,#3160,#3170,.T.);
#3168 = VERTEX_POINT('',#3169);
#3169 = CARTESIAN_POINT('',(7.5E-02,4.5,-1.297927405784));
#3170 = LINE('',#3171,#3172);
#3171 = CARTESIAN_POINT('',(-0.275,4.5,-1.5));
#3172 = VECTOR('',#3173,1.);
#3173 = DIRECTION('',(-0.866025403784,-0.,-0.5));
#3174 = ORIENTED_EDGE('',*,*,#3175,.F.);
#3175 = EDGE_CURVE('',#3176,#3168,#3178,.T.);
#3176 = VERTEX_POINT('',#3177);
#3177 = CARTESIAN_POINT('',(7.5E-02,4.5,-1.185773803325));
#3178 = LINE('',#3179,#3180);
#3179 = CARTESIAN_POINT('',(7.5E-02,4.5,-1.297927405784));
#3180 = VECTOR('',#3181,1.);
#3181 = DIRECTION('',(-0.,-0.,-1.));
#3182 = ORIENTED_EDGE('',*,*,#3183,.F.);
#3183 = EDGE_CURVE('',#2950,#3176,#3184,.T.);
#3184 = LINE('',#3185,#3186);
#3185 = CARTESIAN_POINT('',(7.5E-02,4.5,-1.185773803325));
#3186 = VECTOR('',#3187,1.);
#3187 = DIRECTION('',(-0.707106781187,-0.,-0.707106781187));
#3188 = PLANE('',#3189);
#3189 = AXIS2_PLACEMENT_3D('',#3190,#3191,#3192);
#3190 = CARTESIAN_POINT('',(0.,4.5,0.));
#3191 = DIRECTION('',(0.,-1.,0.));
#3192 = DIRECTION('',(0.,-0.,-1.));
#3193 = ADVANCED_FACE('',(#3194),#3228,.T.);
#3194 = FACE_BOUND('',#3195,.T.);
#3195 = EDGE_LOOP('',(#3196,#3206,#3214,#3222));
#3196 = ORIENTED_EDGE('',*,*,#3197,.T.);
#3197 = EDGE_CURVE('',#3198,#3200,#3202,.T.);
#3198 = VERTEX_POINT('',#3199);
#3199 = CARTESIAN_POINT('',(1.5,1.35,-1.8));
#3200 = VERTEX_POINT('',#3201);
#3201 = CARTESIAN_POINT('',(1.3,1.35,-1.8));
#3202 = LINE('',#3203,#3204);
#3203 = CARTESIAN_POINT('',(0.15,1.35,-1.8));
#3204 = VECTOR('',#3205,1.);
#3205 = DIRECTION('',(-1.,-0.,0.));
#3206 = ORIENTED_EDGE('',*,*,#3207,.F.);
#3207 = EDGE_CURVE('',#3208,#3200,#3210,.T.);
#3208 = VERTEX_POINT('',#3209);
#3209 = CARTESIAN_POINT('',(1.3,1.35,-2.9));
#3210 = LINE('',#3211,#3212);
#3211 = CARTESIAN_POINT('',(1.3,1.35,-2.9));
#3212 = VECTOR('',#3213,1.);
#3213 = DIRECTION('',(0.,0.,1.));
#3214 = ORIENTED_EDGE('',*,*,#3215,.F.);
#3215 = EDGE_CURVE('',#3216,#3208,#3218,.T.);
#3216 = VERTEX_POINT('',#3217);
#3217 = CARTESIAN_POINT('',(1.5,1.35,-2.9));
#3218 = LINE('',#3219,#3220);
#3219 = CARTESIAN_POINT('',(0.15,1.35,-2.9));
#3220 = VECTOR('',#3221,1.);
#3221 = DIRECTION('',(-1.,-0.,0.));
#3222 = ORIENTED_EDGE('',*,*,#3223,.F.);
#3223 = EDGE_CURVE('',#3198,#3216,#3224,.T.);
#3224 = LINE('',#3225,#3226);
#3225 = CARTESIAN_POINT('',(1.5,1.35,-1.8));
#3226 = VECTOR('',#3227,1.);
#3227 = DIRECTION('',(-0.,-0.,-1.));
#3228 = PLANE('',#3229);
#3229 = AXIS2_PLACEMENT_3D('',#3230,#3231,#3232);
#3230 = CARTESIAN_POINT('',(0.15,1.35,-1.8));
#3231 = DIRECTION('',(0.,-1.,0.));
#3232 = DIRECTION('',(0.,-0.,-1.));
#3233 = ADVANCED_FACE('',(#3234),#3250,.F.);
#3234 = FACE_BOUND('',#3235,.T.);
#3235 = EDGE_LOOP('',(#3236,#3242,#3243,#3249));
#3236 = ORIENTED_EDGE('',*,*,#3237,.F.);
#3237 = EDGE_CURVE('',#3200,#2894,#3238,.T.);
#3238 = LINE('',#3239,#3240);
#3239 = CARTESIAN_POINT('',(1.3,1.35,-1.8));
#3240 = VECTOR('',#3241,1.);
#3241 = DIRECTION('',(0.,-1.,-2.55106393526E-16));
#3242 = ORIENTED_EDGE('',*,*,#3197,.F.);
#3243 = ORIENTED_EDGE('',*,*,#3244,.F.);
#3244 = EDGE_CURVE('',#2902,#3198,#3245,.T.);
#3245 = LINE('',#3246,#3247);
#3246 = CARTESIAN_POINT('',(1.5,0.5,-1.8));
#3247 = VECTOR('',#3248,1.);
#3248 = DIRECTION('',(2.55106393526E-16,1.,0.));
#3249 = ORIENTED_EDGE('',*,*,#2901,.F.);
#3250 = PLANE('',#3251);
#3251 = AXIS2_PLACEMENT_3D('',#3252,#3253,#3254);
#3252 = CARTESIAN_POINT('',(0.,0.,-1.8));
#3253 = DIRECTION('',(0.,0.,1.));
#3254 = DIRECTION('',(-1.,0.,0.));
#3255 = ADVANCED_FACE('',(#3256),#3290,.F.);
#3256 = FACE_BOUND('',#3257,.T.);
#3257 = EDGE_LOOP('',(#3258,#3268,#3276,#3284));
#3258 = ORIENTED_EDGE('',*,*,#3259,.F.);
#3259 = EDGE_CURVE('',#3260,#3262,#3264,.T.);
#3260 = VERTEX_POINT('',#3261);
#3261 = CARTESIAN_POINT('',(1.3,1.35,1.8));
#3262 = VERTEX_POINT('',#3263);
#3263 = CARTESIAN_POINT('',(1.3,1.35,2.9));
#3264 = LINE('',#3265,#3266);
#3265 = CARTESIAN_POINT('',(1.3,1.35,2.9));
#3266 = VECTOR('',#3267,1.);
#3267 = DIRECTION('',(-0.,-0.,1.));
#3268 = ORIENTED_EDGE('',*,*,#3269,.F.);
#3269 = EDGE_CURVE('',#3270,#3260,#3272,.T.);
#3270 = VERTEX_POINT('',#3271);
#3271 = CARTESIAN_POINT('',(1.5,1.35,1.8));
#3272 = LINE('',#3273,#3274);
#3273 = CARTESIAN_POINT('',(0.15,1.35,1.8));
#3274 = VECTOR('',#3275,1.);
#3275 = DIRECTION('',(-1.,-0.,-0.));
#3276 = ORIENTED_EDGE('',*,*,#3277,.T.);
#3277 = EDGE_CURVE('',#3270,#3278,#3280,.T.);
#3278 = VERTEX_POINT('',#3279);
#3279 = CARTESIAN_POINT('',(1.5,1.35,2.9));
#3280 = LINE('',#3281,#3282);
#3281 = CARTESIAN_POINT('',(1.5,1.35,1.8));
#3282 = VECTOR('',#3283,1.);
#3283 = DIRECTION('',(-0.,-0.,1.));
#3284 = ORIENTED_EDGE('',*,*,#3285,.T.);
#3285 = EDGE_CURVE('',#3278,#3262,#3286,.T.);
#3286 = LINE('',#3287,#3288);
#3287 = CARTESIAN_POINT('',(0.15,1.35,2.9));
#3288 = VECTOR('',#3289,1.);
#3289 = DIRECTION('',(-1.,-0.,-0.));
#3290 = PLANE('',#3291);
#3291 = AXIS2_PLACEMENT_3D('',#3292,#3293,#3294);
#3292 = CARTESIAN_POINT('',(0.15,1.35,1.8));
#3293 = DIRECTION('',(-0.,1.,0.));
#3294 = DIRECTION('',(0.,0.,1.));
#3295 = ADVANCED_FACE('',(#3296),#3312,.F.);
#3296 = FACE_BOUND('',#3297,.T.);
#3297 = EDGE_LOOP('',(#3298,#3304,#3305,#3311));
#3298 = ORIENTED_EDGE('',*,*,#3299,.F.);
#3299 = EDGE_CURVE('',#2773,#3260,#3300,.T.);
#3300 = LINE('',#3301,#3302);
#3301 = CARTESIAN_POINT('',(1.3,1.35,1.8));
#3302 = VECTOR('',#3303,1.);
#3303 = DIRECTION('',(-0.,1.,2.55106393526E-16));
#3304 = ORIENTED_EDGE('',*,*,#2772,.T.);
#3305 = ORIENTED_EDGE('',*,*,#3306,.T.);
#3306 = EDGE_CURVE('',#2765,#3270,#3307,.T.);
#3307 = LINE('',#3308,#3309);
#3308 = CARTESIAN_POINT('',(1.5,0.5,1.8));
#3309 = VECTOR('',#3310,1.);
#3310 = DIRECTION('',(2.55106393526E-16,1.,0.));
#3311 = ORIENTED_EDGE('',*,*,#3269,.T.);
#3312 = PLANE('',#3313);
#3313 = AXIS2_PLACEMENT_3D('',#3314,#3315,#3316);
#3314 = CARTESIAN_POINT('',(0.,0.,1.8));
#3315 = DIRECTION('',(0.,0.,-1.));
#3316 = DIRECTION('',(-1.,0.,-0.));
#3317 = ADVANCED_FACE('',(#3318),#3427,.F.);
#3318 = FACE_BOUND('',#3319,.T.);
#3319 = EDGE_LOOP('',(#3320,#3328,#3336,#3344,#3350,#3351,#3357,#3358,
    #3366,#3374,#3382,#3390,#3396,#3397,#3405,#3413,#3421));
#3320 = ORIENTED_EDGE('',*,*,#3321,.T.);
#3321 = EDGE_CURVE('',#3322,#2699,#3324,.T.);
#3322 = VERTEX_POINT('',#3323);
#3323 = CARTESIAN_POINT('',(4.275,3.,-2.9));
#3324 = LINE('',#3325,#3326);
#3325 = CARTESIAN_POINT('',(4.275,4.5,-2.9));
#3326 = VECTOR('',#3327,1.);
#3327 = DIRECTION('',(-0.,-1.,-0.));
#3328 = ORIENTED_EDGE('',*,*,#3329,.F.);
#3329 = EDGE_CURVE('',#3330,#2699,#3332,.T.);
#3330 = VERTEX_POINT('',#3331);
#3331 = CARTESIAN_POINT('',(4.275,0.,-2.9));
#3332 = LINE('',#3333,#3334);
#3333 = CARTESIAN_POINT('',(4.275,-1.252996408614,-2.9));
#3334 = VECTOR('',#3335,1.);
#3335 = DIRECTION('',(-0.,1.,-0.));
#3336 = ORIENTED_EDGE('',*,*,#3337,.F.);
#3337 = EDGE_CURVE('',#3338,#3330,#3340,.T.);
#3338 = VERTEX_POINT('',#3339);
#3339 = CARTESIAN_POINT('',(3.175,0.,-2.9));
#3340 = LINE('',#3341,#3342);
#3341 = CARTESIAN_POINT('',(4.275,0.,-2.9));
#3342 = VECTOR('',#3343,1.);
#3343 = DIRECTION('',(1.,0.,-3.942553354493E-16));
#3344 = ORIENTED_EDGE('',*,*,#3345,.T.);
#3345 = EDGE_CURVE('',#3338,#2918,#3346,.T.);
#3346 = LINE('',#3347,#3348);
#3347 = CARTESIAN_POINT('',(3.175,-1.252996408614,-2.9));
#3348 = VECTOR('',#3349,1.);
#3349 = DIRECTION('',(-0.,1.,-0.));
#3350 = ORIENTED_EDGE('',*,*,#2917,.T.);
#3351 = ORIENTED_EDGE('',*,*,#3352,.T.);
#3352 = EDGE_CURVE('',#2910,#3216,#3353,.T.);
#3353 = LINE('',#3354,#3355);
#3354 = CARTESIAN_POINT('',(1.5,0.5,-2.9));
#3355 = VECTOR('',#3356,1.);
#3356 = DIRECTION('',(2.55106393526E-16,1.,0.));
#3357 = ORIENTED_EDGE('',*,*,#3215,.T.);
#3358 = ORIENTED_EDGE('',*,*,#3359,.F.);
#3359 = EDGE_CURVE('',#3360,#3208,#3362,.T.);
#3360 = VERTEX_POINT('',#3361);
#3361 = CARTESIAN_POINT('',(1.3,-1.15,-2.9));
#3362 = LINE('',#3363,#3364);
#3363 = CARTESIAN_POINT('',(1.3,-1.15,-2.9));
#3364 = VECTOR('',#3365,1.);
#3365 = DIRECTION('',(0.,1.,-2.628368902995E-16));
#3366 = ORIENTED_EDGE('',*,*,#3367,.T.);
#3367 = EDGE_CURVE('',#3360,#3368,#3370,.T.);
#3368 = VERTEX_POINT('',#3369);
#3369 = CARTESIAN_POINT('',(0.35,-1.15,-2.9));
#3370 = LINE('',#3371,#3372);
#3371 = CARTESIAN_POINT('',(1.3,-1.15,-2.9));
#3372 = VECTOR('',#3373,1.);
#3373 = DIRECTION('',(-1.,-0.,-0.));
#3374 = ORIENTED_EDGE('',*,*,#3375,.T.);
#3375 = EDGE_CURVE('',#3368,#3376,#3378,.T.);
#3376 = VERTEX_POINT('',#3377);
#3377 = CARTESIAN_POINT('',(0.35,1.35,-2.9));
#3378 = LINE('',#3379,#3380);
#3379 = CARTESIAN_POINT('',(0.35,1.35,-2.9));
#3380 = VECTOR('',#3381,1.);
#3381 = DIRECTION('',(-0.,1.,-0.));
#3382 = ORIENTED_EDGE('',*,*,#3383,.T.);
#3383 = EDGE_CURVE('',#3376,#3384,#3386,.T.);
#3384 = VERTEX_POINT('',#3385);
#3385 = CARTESIAN_POINT('',(0.15,1.35,-2.9));
#3386 = LINE('',#3387,#3388);
#3387 = CARTESIAN_POINT('',(0.15,1.35,-2.9));
#3388 = VECTOR('',#3389,1.);
#3389 = DIRECTION('',(-1.,-0.,0.));
#3390 = ORIENTED_EDGE('',*,*,#3391,.T.);
#3391 = EDGE_CURVE('',#3384,#2870,#3392,.T.);
#3392 = LINE('',#3393,#3394);
#3393 = CARTESIAN_POINT('',(0.15,0.5,-2.9));
#3394 = VECTOR('',#3395,1.);
#3395 = DIRECTION('',(2.55106393526E-16,-1.,0.));
#3396 = ORIENTED_EDGE('',*,*,#2869,.T.);
#3397 = ORIENTED_EDGE('',*,*,#3398,.T.);
#3398 = EDGE_CURVE('',#2862,#3399,#3401,.T.);
#3399 = VERTEX_POINT('',#3400);
#3400 = CARTESIAN_POINT('',(-2.875,0.,-2.9));
#3401 = LINE('',#3402,#3403);
#3402 = CARTESIAN_POINT('',(-2.875,0.,-2.9));
#3403 = VECTOR('',#3404,1.);
#3404 = DIRECTION('',(5.20417042793E-15,-1.,-0.));
#3405 = ORIENTED_EDGE('',*,*,#3406,.T.);
#3406 = EDGE_CURVE('',#3399,#3407,#3409,.T.);
#3407 = VERTEX_POINT('',#3408);
#3408 = CARTESIAN_POINT('',(-4.025,0.,-2.9));
#3409 = LINE('',#3410,#3411);
#3410 = CARTESIAN_POINT('',(-4.275,0.,-2.9));
#3411 = VECTOR('',#3412,1.);
#3412 = DIRECTION('',(-1.,-0.,1.014458173086E-16));
#3413 = ORIENTED_EDGE('',*,*,#3414,.T.);
#3414 = EDGE_CURVE('',#3407,#3415,#3417,.T.);
#3415 = VERTEX_POINT('',#3416);
#3416 = CARTESIAN_POINT('',(-4.025,3.,-2.9));
#3417 = LINE('',#3418,#3419);
#3418 = CARTESIAN_POINT('',(-4.025,4.5,-2.9));
#3419 = VECTOR('',#3420,1.);
#3420 = DIRECTION('',(-0.,1.,-0.));
#3421 = ORIENTED_EDGE('',*,*,#3422,.T.);
#3422 = EDGE_CURVE('',#3415,#3322,#3423,.T.);
#3423 = LINE('',#3424,#3425);
#3424 = CARTESIAN_POINT('',(-4.275,3.,-2.9));
#3425 = VECTOR('',#3426,1.);
#3426 = DIRECTION('',(1.,0.,-1.014458173086E-16));
#3427 = PLANE('',#3428);
#3428 = AXIS2_PLACEMENT_3D('',#3429,#3430,#3431);
#3429 = CARTESIAN_POINT('',(-4.275,4.5,-2.9));
#3430 = DIRECTION('',(1.014458173086E-16,-0.,1.));
#3431 = DIRECTION('',(1.,0.,-1.014458173086E-16));
#3432 = ADVANCED_FACE('',(#3433),#3461,.T.);
#3433 = FACE_BOUND('',#3434,.T.);
#3434 = EDGE_LOOP('',(#3435,#3445,#3454));
#3435 = ORIENTED_EDGE('',*,*,#3436,.F.);
#3436 = EDGE_CURVE('',#3437,#3439,#3441,.T.);
#3437 = VERTEX_POINT('',#3438);
#3438 = CARTESIAN_POINT('',(-4.275,0.,2.410479081662));
#3439 = VERTEX_POINT('',#3440);
#3440 = CARTESIAN_POINT('',(-4.275,0.,2.45));
#3441 = LINE('',#3442,#3443);
#3442 = CARTESIAN_POINT('',(-4.275,0.,2.9));
#3443 = VECTOR('',#3444,1.);
#3444 = DIRECTION('',(-0.,-0.,1.));
#3445 = ORIENTED_EDGE('',*,*,#3446,.T.);
#3446 = EDGE_CURVE('',#3437,#3447,#3449,.T.);
#3447 = VERTEX_POINT('',#3448);
#3448 = CARTESIAN_POINT('',(-4.249264068712,-2.211389440686E-14,2.3));
#3449 = CIRCLE('',#3450,0.25);
#3450 = AXIS2_PLACEMENT_3D('',#3451,#3452,#3453);
#3451 = CARTESIAN_POINT('',(-4.025,0.,2.410479081662));
#3452 = DIRECTION('',(0.,-1.,0.));
#3453 = DIRECTION('',(0.,0.,-1.));
#3454 = ORIENTED_EDGE('',*,*,#3455,.T.);
#3455 = EDGE_CURVE('',#3447,#3439,#3456,.T.);
#3456 = CIRCLE('',#3457,0.45);
#3457 = AXIS2_PLACEMENT_3D('',#3458,#3459,#3460);
#3458 = CARTESIAN_POINT('',(-3.825,0.,2.45));
#3459 = DIRECTION('',(-0.,1.,0.));
#3460 = DIRECTION('',(1.927470528863E-15,0.,-1.));
#3461 = PLANE('',#3462);
#3462 = AXIS2_PLACEMENT_3D('',#3463,#3464,#3465);
#3463 = CARTESIAN_POINT('',(0.,0.,0.));
#3464 = DIRECTION('',(0.,-1.,0.));
#3465 = DIRECTION('',(0.,-0.,-1.));
#3466 = ADVANCED_FACE('',(#3467),#3499,.T.);
#3467 = FACE_BOUND('',#3468,.T.);
#3468 = EDGE_LOOP('',(#3469,#3477,#3486,#3492));
#3469 = ORIENTED_EDGE('',*,*,#3470,.F.);
#3470 = EDGE_CURVE('',#3471,#2676,#3473,.T.);
#3471 = VERTEX_POINT('',#3472);
#3472 = CARTESIAN_POINT('',(-4.025,0.,2.9));
#3473 = LINE('',#3474,#3475);
#3474 = CARTESIAN_POINT('',(-4.275,0.,2.9));
#3475 = VECTOR('',#3476,1.);
#3476 = DIRECTION('',(1.,0.,1.014458173086E-16));
#3477 = ORIENTED_EDGE('',*,*,#3478,.T.);
#3478 = EDGE_CURVE('',#3471,#3479,#3481,.T.);
#3479 = VERTEX_POINT('',#3480);
#3480 = CARTESIAN_POINT('',(-4.275,0.,2.65));
#3481 = CIRCLE('',#3482,0.25);
#3482 = AXIS2_PLACEMENT_3D('',#3483,#3484,#3485);
#3483 = CARTESIAN_POINT('',(-4.025,0.,2.65));
#3484 = DIRECTION('',(0.,-1.,0.));
#3485 = DIRECTION('',(0.,0.,-1.));
#3486 = ORIENTED_EDGE('',*,*,#3487,.F.);
#3487 = EDGE_CURVE('',#3439,#3479,#3488,.T.);
#3488 = LINE('',#3489,#3490);
#3489 = CARTESIAN_POINT('',(-4.275,0.,2.9));
#3490 = VECTOR('',#3491,1.);
#3491 = DIRECTION('',(-0.,-0.,1.));
#3492 = ORIENTED_EDGE('',*,*,#3493,.T.);
#3493 = EDGE_CURVE('',#3439,#2676,#3494,.T.);
#3494 = CIRCLE('',#3495,0.45);
#3495 = AXIS2_PLACEMENT_3D('',#3496,#3497,#3498);
#3496 = CARTESIAN_POINT('',(-3.825,0.,2.45));
#3497 = DIRECTION('',(-0.,1.,0.));
#3498 = DIRECTION('',(0.,0.,-1.));
#3499 = PLANE('',#3500);
#3500 = AXIS2_PLACEMENT_3D('',#3501,#3502,#3503);
#3501 = CARTESIAN_POINT('',(0.,0.,0.));
#3502 = DIRECTION('',(0.,-1.,0.));
#3503 = DIRECTION('',(0.,-0.,-1.));
#3504 = ADVANCED_FACE('',(#3505),#3523,.F.);
#3505 = FACE_BOUND('',#3506,.T.);
#3506 = EDGE_LOOP('',(#3507,#3508,#3509,#3517));
#3507 = ORIENTED_EDGE('',*,*,#2667,.F.);
#3508 = ORIENTED_EDGE('',*,*,#2820,.T.);
#3509 = ORIENTED_EDGE('',*,*,#3510,.F.);
#3510 = EDGE_CURVE('',#3511,#2813,#3513,.T.);
#3511 = VERTEX_POINT('',#3512);
#3512 = CARTESIAN_POINT('',(-2.875,-1.49619899803E-14,2.3));
#3513 = LINE('',#3514,#3515);
#3514 = CARTESIAN_POINT('',(-2.875,4.51028103754E-15,2.3));
#3515 = VECTOR('',#3516,1.);
#3516 = DIRECTION('',(-5.20417042793E-15,1.,-8.673617379884E-16));
#3517 = ORIENTED_EDGE('',*,*,#3518,.F.);
#3518 = EDGE_CURVE('',#2668,#3511,#3519,.T.);
#3519 = LINE('',#3520,#3521);
#3520 = CARTESIAN_POINT('',(-4.275,-2.22478285794E-14,2.3));
#3521 = VECTOR('',#3522,1.);
#3522 = DIRECTION('',(1.,5.20417042793E-15,-0.));
#3523 = PLANE('',#3524);
#3524 = AXIS2_PLACEMENT_3D('',#3525,#3526,#3527);
#3525 = CARTESIAN_POINT('',(-4.275,0.5,2.3));
#3526 = DIRECTION('',(-4.513898307158E-30,8.673617379884E-16,1.));
#3527 = DIRECTION('',(1.831410151045E-61,-1.,8.673617379884E-16));
#3528 = ADVANCED_FACE('',(#3529),#3547,.T.);
#3529 = FACE_BOUND('',#3530,.T.);
#3530 = EDGE_LOOP('',(#3531,#3539,#3540,#3541));
#3531 = ORIENTED_EDGE('',*,*,#3532,.F.);
#3532 = EDGE_CURVE('',#2676,#3533,#3535,.T.);
#3533 = VERTEX_POINT('',#3534);
#3534 = CARTESIAN_POINT('',(-2.875,0.,2.9));
#3535 = LINE('',#3536,#3537);
#3536 = CARTESIAN_POINT('',(-4.275,0.,2.9));
#3537 = VECTOR('',#3538,1.);
#3538 = DIRECTION('',(1.,0.,1.014458173086E-16));
#3539 = ORIENTED_EDGE('',*,*,#2675,.T.);
#3540 = ORIENTED_EDGE('',*,*,#3518,.T.);
#3541 = ORIENTED_EDGE('',*,*,#3542,.T.);
#3542 = EDGE_CURVE('',#3511,#3533,#3543,.T.);
#3543 = LINE('',#3544,#3545);
#3544 = CARTESIAN_POINT('',(-2.875,0.,-2.9));
#3545 = VECTOR('',#3546,1.);
#3546 = DIRECTION('',(-0.,-0.,1.));
#3547 = PLANE('',#3548);
#3548 = AXIS2_PLACEMENT_3D('',#3549,#3550,#3551);
#3549 = CARTESIAN_POINT('',(0.,0.,0.));
#3550 = DIRECTION('',(0.,-1.,0.));
#3551 = DIRECTION('',(0.,-0.,-1.));
#3552 = ADVANCED_FACE('',(#3553),#3587,.T.);
#3553 = FACE_BOUND('',#3554,.T.);
#3554 = EDGE_LOOP('',(#3555,#3565,#3573,#3581));
#3555 = ORIENTED_EDGE('',*,*,#3556,.T.);
#3556 = EDGE_CURVE('',#3557,#3559,#3561,.T.);
#3557 = VERTEX_POINT('',#3558);
#3558 = CARTESIAN_POINT('',(3.175,1.652324110868E-14,2.3));
#3559 = VERTEX_POINT('',#3560);
#3560 = CARTESIAN_POINT('',(4.275,2.22478285794E-14,2.3));
#3561 = LINE('',#3562,#3563);
#3562 = CARTESIAN_POINT('',(-4.275,-2.22478285794E-14,2.3));
#3563 = VECTOR('',#3564,1.);
#3564 = DIRECTION('',(1.,5.20417042793E-15,-0.));
#3565 = ORIENTED_EDGE('',*,*,#3566,.T.);
#3566 = EDGE_CURVE('',#3559,#3567,#3569,.T.);
#3567 = VERTEX_POINT('',#3568);
#3568 = CARTESIAN_POINT('',(4.275,0.,2.9));
#3569 = LINE('',#3570,#3571);
#3570 = CARTESIAN_POINT('',(4.275,0.,-2.9));
#3571 = VECTOR('',#3572,1.);
#3572 = DIRECTION('',(-0.,-0.,1.));
#3573 = ORIENTED_EDGE('',*,*,#3574,.F.);
#3574 = EDGE_CURVE('',#3575,#3567,#3577,.T.);
#3575 = VERTEX_POINT('',#3576);
#3576 = CARTESIAN_POINT('',(3.175,0.,2.9));
#3577 = LINE('',#3578,#3579);
#3578 = CARTESIAN_POINT('',(-4.275,0.,2.9));
#3579 = VECTOR('',#3580,1.);
#3580 = DIRECTION('',(1.,0.,1.014458173086E-16));
#3581 = ORIENTED_EDGE('',*,*,#3582,.F.);
#3582 = EDGE_CURVE('',#3557,#3575,#3583,.T.);
#3583 = LINE('',#3584,#3585);
#3584 = CARTESIAN_POINT('',(3.175,0.,-2.9));
#3585 = VECTOR('',#3586,1.);
#3586 = DIRECTION('',(-0.,-0.,1.));
#3587 = PLANE('',#3588);
#3588 = AXIS2_PLACEMENT_3D('',#3589,#3590,#3591);
#3589 = CARTESIAN_POINT('',(0.,0.,0.));
#3590 = DIRECTION('',(0.,-1.,0.));
#3591 = DIRECTION('',(0.,-0.,-1.));
#3592 = ADVANCED_FACE('',(#3593),#3609,.F.);
#3593 = FACE_BOUND('',#3594,.T.);
#3594 = EDGE_LOOP('',(#3595,#3596,#3602,#3603));
#3595 = ORIENTED_EDGE('',*,*,#3566,.F.);
#3596 = ORIENTED_EDGE('',*,*,#3597,.F.);
#3597 = EDGE_CURVE('',#2733,#3559,#3598,.T.);
#3598 = LINE('',#3599,#3600);
#3599 = CARTESIAN_POINT('',(4.275,0.5,2.3));
#3600 = VECTOR('',#3601,1.);
#3601 = DIRECTION('',(5.204170427931E-15,-1.,8.673617379884E-16));
#3602 = ORIENTED_EDGE('',*,*,#2732,.T.);
#3603 = ORIENTED_EDGE('',*,*,#3604,.F.);
#3604 = EDGE_CURVE('',#3567,#2725,#3605,.T.);
#3605 = LINE('',#3606,#3607);
#3606 = CARTESIAN_POINT('',(4.275,4.5,2.9));
#3607 = VECTOR('',#3608,1.);
#3608 = DIRECTION('',(-5.20417042793E-15,1.,5.20417042793E-15));
#3609 = PLANE('',#3610);
#3610 = AXIS2_PLACEMENT_3D('',#3611,#3612,#3613);
#3611 = CARTESIAN_POINT('',(4.275,0.5,-2.9));
#3612 = DIRECTION('',(-1.,-5.20417042793E-15,0.));
#3613 = DIRECTION('',(5.20417042793E-15,-1.,0.));
#3614 = ADVANCED_FACE('',(#3615),#3626,.F.);
#3615 = FACE_BOUND('',#3616,.T.);
#3616 = EDGE_LOOP('',(#3617,#3618,#3619,#3620));
#3617 = ORIENTED_EDGE('',*,*,#3542,.F.);
#3618 = ORIENTED_EDGE('',*,*,#3510,.T.);
#3619 = ORIENTED_EDGE('',*,*,#2812,.T.);
#3620 = ORIENTED_EDGE('',*,*,#3621,.F.);
#3621 = EDGE_CURVE('',#3533,#2805,#3622,.T.);
#3622 = LINE('',#3623,#3624);
#3623 = CARTESIAN_POINT('',(-2.875,4.5,2.9));
#3624 = VECTOR('',#3625,1.);
#3625 = DIRECTION('',(-5.20417042793E-15,1.,-5.279413224746E-31));
#3626 = PLANE('',#3627);
#3627 = AXIS2_PLACEMENT_3D('',#3628,#3629,#3630);
#3628 = CARTESIAN_POINT('',(-2.875,0.,-2.9));
#3629 = DIRECTION('',(-1.,-5.20417042793E-15,0.));
#3630 = DIRECTION('',(5.20417042793E-15,-1.,0.));
#3631 = ADVANCED_FACE('',(#3632),#3648,.F.);
#3632 = FACE_BOUND('',#3633,.T.);
#3633 = EDGE_LOOP('',(#3634,#3635,#3641,#3642));
#3634 = ORIENTED_EDGE('',*,*,#2748,.F.);
#3635 = ORIENTED_EDGE('',*,*,#3636,.T.);
#3636 = EDGE_CURVE('',#2741,#3557,#3637,.T.);
#3637 = LINE('',#3638,#3639);
#3638 = CARTESIAN_POINT('',(3.175,4.51028103754E-15,2.3));
#3639 = VECTOR('',#3640,1.);
#3640 = DIRECTION('',(0.,-1.,8.673617379884E-16));
#3641 = ORIENTED_EDGE('',*,*,#3582,.T.);
#3642 = ORIENTED_EDGE('',*,*,#3643,.F.);
#3643 = EDGE_CURVE('',#2749,#3575,#3644,.T.);
#3644 = LINE('',#3645,#3646);
#3645 = CARTESIAN_POINT('',(3.175,4.5,2.9));
#3646 = VECTOR('',#3647,1.);
#3647 = DIRECTION('',(0.,-1.,0.));
#3648 = PLANE('',#3649);
#3649 = AXIS2_PLACEMENT_3D('',#3650,#3651,#3652);
#3650 = CARTESIAN_POINT('',(3.175,0.,-2.9));
#3651 = DIRECTION('',(1.,-0.,0.));
#3652 = DIRECTION('',(0.,0.,-1.));
#3653 = ADVANCED_FACE('',(#3654),#3688,.T.);
#3654 = FACE_BOUND('',#3655,.T.);
#3655 = EDGE_LOOP('',(#3656,#3666,#3673,#3674,#3682));
#3656 = ORIENTED_EDGE('',*,*,#3657,.F.);
#3657 = EDGE_CURVE('',#3658,#3660,#3662,.T.);
#3658 = VERTEX_POINT('',#3659);
#3659 = CARTESIAN_POINT('',(-4.275,0.,-2.65));
#3660 = VERTEX_POINT('',#3661);
#3661 = CARTESIAN_POINT('',(-4.275,-2.22478285794E-14,-2.3));
#3662 = LINE('',#3663,#3664);
#3663 = CARTESIAN_POINT('',(-4.275,0.,2.9));
#3664 = VECTOR('',#3665,1.);
#3665 = DIRECTION('',(-0.,-0.,1.));
#3666 = ORIENTED_EDGE('',*,*,#3667,.T.);
#3667 = EDGE_CURVE('',#3658,#3407,#3668,.T.);
#3668 = CIRCLE('',#3669,0.25);
#3669 = AXIS2_PLACEMENT_3D('',#3670,#3671,#3672);
#3670 = CARTESIAN_POINT('',(-4.025,0.,-2.65));
#3671 = DIRECTION('',(0.,-1.,0.));
#3672 = DIRECTION('',(0.,0.,-1.));
#3673 = ORIENTED_EDGE('',*,*,#3406,.F.);
#3674 = ORIENTED_EDGE('',*,*,#3675,.T.);
#3675 = EDGE_CURVE('',#3399,#3676,#3678,.T.);
#3676 = VERTEX_POINT('',#3677);
#3677 = CARTESIAN_POINT('',(-2.875,0.,-2.3));
#3678 = LINE('',#3679,#3680);
#3679 = CARTESIAN_POINT('',(-2.875,0.,-2.9));
#3680 = VECTOR('',#3681,1.);
#3681 = DIRECTION('',(-0.,-0.,1.));
#3682 = ORIENTED_EDGE('',*,*,#3683,.F.);
#3683 = EDGE_CURVE('',#3660,#3676,#3684,.T.);
#3684 = LINE('',#3685,#3686);
#3685 = CARTESIAN_POINT('',(-4.275,-2.22478285794E-14,-2.3));
#3686 = VECTOR('',#3687,1.);
#3687 = DIRECTION('',(1.,5.20417042793E-15,-0.));
#3688 = PLANE('',#3689);
#3689 = AXIS2_PLACEMENT_3D('',#3690,#3691,#3692);
#3690 = CARTESIAN_POINT('',(0.,0.,0.));
#3691 = DIRECTION('',(0.,-1.,0.));
#3692 = DIRECTION('',(0.,-0.,-1.));
#3693 = ADVANCED_FACE('',(#3694),#3734,.F.);
#3694 = FACE_BOUND('',#3695,.T.);
#3695 = EDGE_LOOP('',(#3696,#3706,#3712,#3713,#3719,#3720,#3726,#3727,
    #3728));
#3696 = ORIENTED_EDGE('',*,*,#3697,.T.);
#3697 = EDGE_CURVE('',#3698,#3700,#3702,.T.);
#3698 = VERTEX_POINT('',#3699);
#3699 = CARTESIAN_POINT('',(-4.275,3.,2.65));
#3700 = VERTEX_POINT('',#3701);
#3701 = CARTESIAN_POINT('',(-4.275,3.,-2.65));
#3702 = LINE('',#3703,#3704);
#3703 = CARTESIAN_POINT('',(-4.275,3.,2.9));
#3704 = VECTOR('',#3705,1.);
#3705 = DIRECTION('',(0.,0.,-1.));
#3706 = ORIENTED_EDGE('',*,*,#3707,.T.);
#3707 = EDGE_CURVE('',#3700,#3658,#3708,.T.);
#3708 = LINE('',#3709,#3710);
#3709 = CARTESIAN_POINT('',(-4.275,4.5,-2.65));
#3710 = VECTOR('',#3711,1.);
#3711 = DIRECTION('',(-0.,-1.,0.));
#3712 = ORIENTED_EDGE('',*,*,#3657,.T.);
#3713 = ORIENTED_EDGE('',*,*,#3714,.T.);
#3714 = EDGE_CURVE('',#3660,#2846,#3715,.T.);
#3715 = LINE('',#3716,#3717);
#3716 = CARTESIAN_POINT('',(-4.275,0.5,-2.3));
#3717 = VECTOR('',#3718,1.);
#3718 = DIRECTION('',(-5.204170427931E-15,1.,4.336808689942E-15));
#3719 = ORIENTED_EDGE('',*,*,#2845,.T.);
#3720 = ORIENTED_EDGE('',*,*,#3721,.T.);
#3721 = EDGE_CURVE('',#2837,#3437,#3722,.T.);
#3722 = LINE('',#3723,#3724);
#3723 = CARTESIAN_POINT('',(-4.275,4.5,2.410479081662));
#3724 = VECTOR('',#3725,1.);
#3725 = DIRECTION('',(-0.,-1.,-0.));
#3726 = ORIENTED_EDGE('',*,*,#3436,.T.);
#3727 = ORIENTED_EDGE('',*,*,#3487,.T.);
#3728 = ORIENTED_EDGE('',*,*,#3729,.T.);
#3729 = EDGE_CURVE('',#3479,#3698,#3730,.T.);
#3730 = LINE('',#3731,#3732);
#3731 = CARTESIAN_POINT('',(-4.275,4.5,2.65));
#3732 = VECTOR('',#3733,1.);
#3733 = DIRECTION('',(0.,1.,-0.));
#3734 = PLANE('',#3735);
#3735 = AXIS2_PLACEMENT_3D('',#3736,#3737,#3738);
#3736 = CARTESIAN_POINT('',(-4.275,4.5,2.9));
#3737 = DIRECTION('',(1.,-0.,0.));
#3738 = DIRECTION('',(0.,0.,-1.));
#3739 = ADVANCED_FACE('',(#3740),#3817,.F.);
#3740 = FACE_BOUND('',#3741,.T.);
#3741 = EDGE_LOOP('',(#3742,#3752,#3758,#3759,#3760,#3761,#3762,#3770,
    #3778,#3786,#3794,#3800,#3801,#3807,#3808,#3809,#3810,#3811));
#3742 = ORIENTED_EDGE('',*,*,#3743,.T.);
#3743 = EDGE_CURVE('',#3744,#3746,#3748,.T.);
#3744 = VERTEX_POINT('',#3745);
#3745 = CARTESIAN_POINT('',(4.275,3.,2.9));
#3746 = VERTEX_POINT('',#3747);
#3747 = CARTESIAN_POINT('',(-4.025,3.,2.9));
#3748 = LINE('',#3749,#3750);
#3749 = CARTESIAN_POINT('',(-4.275,3.,2.9));
#3750 = VECTOR('',#3751,1.);
#3751 = DIRECTION('',(-1.,0.,-1.014458173086E-16));
#3752 = ORIENTED_EDGE('',*,*,#3753,.T.);
#3753 = EDGE_CURVE('',#3746,#3471,#3754,.T.);
#3754 = LINE('',#3755,#3756);
#3755 = CARTESIAN_POINT('',(-4.025,4.5,2.9));
#3756 = VECTOR('',#3757,1.);
#3757 = DIRECTION('',(0.,-1.,0.));
#3758 = ORIENTED_EDGE('',*,*,#3470,.T.);
#3759 = ORIENTED_EDGE('',*,*,#3532,.T.);
#3760 = ORIENTED_EDGE('',*,*,#3621,.T.);
#3761 = ORIENTED_EDGE('',*,*,#2804,.T.);
#3762 = ORIENTED_EDGE('',*,*,#3763,.F.);
#3763 = EDGE_CURVE('',#3764,#2797,#3766,.T.);
#3764 = VERTEX_POINT('',#3765);
#3765 = CARTESIAN_POINT('',(0.15,1.35,2.9));
#3766 = LINE('',#3767,#3768);
#3767 = CARTESIAN_POINT('',(0.15,0.5,2.9));
#3768 = VECTOR('',#3769,1.);
#3769 = DIRECTION('',(2.55106393526E-16,-1.,-0.));
#3770 = ORIENTED_EDGE('',*,*,#3771,.F.);
#3771 = EDGE_CURVE('',#3772,#3764,#3774,.T.);
#3772 = VERTEX_POINT('',#3773);
#3773 = CARTESIAN_POINT('',(0.35,1.35,2.9));
#3774 = LINE('',#3775,#3776);
#3775 = CARTESIAN_POINT('',(0.15,1.35,2.9));
#3776 = VECTOR('',#3777,1.);
#3777 = DIRECTION('',(-1.,-0.,-0.));
#3778 = ORIENTED_EDGE('',*,*,#3779,.T.);
#3779 = EDGE_CURVE('',#3772,#3780,#3782,.T.);
#3780 = VERTEX_POINT('',#3781);
#3781 = CARTESIAN_POINT('',(0.35,-1.15,2.9));
#3782 = LINE('',#3783,#3784);
#3783 = CARTESIAN_POINT('',(0.35,-1.15,2.9));
#3784 = VECTOR('',#3785,1.);
#3785 = DIRECTION('',(-0.,-1.,-2.628368902995E-16));
#3786 = ORIENTED_EDGE('',*,*,#3787,.F.);
#3787 = EDGE_CURVE('',#3788,#3780,#3790,.T.);
#3788 = VERTEX_POINT('',#3789);
#3789 = CARTESIAN_POINT('',(1.3,-1.15,2.9));
#3790 = LINE('',#3791,#3792);
#3791 = CARTESIAN_POINT('',(1.3,-1.15,2.9));
#3792 = VECTOR('',#3793,1.);
#3793 = DIRECTION('',(-1.,-0.,-0.));
#3794 = ORIENTED_EDGE('',*,*,#3795,.F.);
#3795 = EDGE_CURVE('',#3262,#3788,#3796,.T.);
#3796 = LINE('',#3797,#3798);
#3797 = CARTESIAN_POINT('',(1.3,1.35,2.9));
#3798 = VECTOR('',#3799,1.);
#3799 = DIRECTION('',(0.,-1.,0.));
#3800 = ORIENTED_EDGE('',*,*,#3285,.F.);
#3801 = ORIENTED_EDGE('',*,*,#3802,.F.);
#3802 = EDGE_CURVE('',#2757,#3278,#3803,.T.);
#3803 = LINE('',#3804,#3805);
#3804 = CARTESIAN_POINT('',(1.5,0.5,2.9));
#3805 = VECTOR('',#3806,1.);
#3806 = DIRECTION('',(2.55106393526E-16,1.,0.));
#3807 = ORIENTED_EDGE('',*,*,#2756,.T.);
#3808 = ORIENTED_EDGE('',*,*,#3643,.T.);
#3809 = ORIENTED_EDGE('',*,*,#3574,.T.);
#3810 = ORIENTED_EDGE('',*,*,#3604,.T.);
#3811 = ORIENTED_EDGE('',*,*,#3812,.F.);
#3812 = EDGE_CURVE('',#3744,#2725,#3813,.T.);
#3813 = LINE('',#3814,#3815);
#3814 = CARTESIAN_POINT('',(4.275,4.5,2.9));
#3815 = VECTOR('',#3816,1.);
#3816 = DIRECTION('',(-0.,-1.,-0.));
#3817 = PLANE('',#3818);
#3818 = AXIS2_PLACEMENT_3D('',#3819,#3820,#3821);
#3819 = CARTESIAN_POINT('',(-4.275,4.5,2.9));
#3820 = DIRECTION('',(1.014458173086E-16,0.,-1.));
#3821 = DIRECTION('',(-1.,0.,-1.014458173086E-16));
#3822 = ADVANCED_FACE('',(#3823),#3858,.F.);
#3823 = FACE_BOUND('',#3824,.T.);
#3824 = EDGE_LOOP('',(#3825,#3835,#3844,#3850,#3851,#3852));
#3825 = ORIENTED_EDGE('',*,*,#3826,.T.);
#3826 = EDGE_CURVE('',#3827,#3829,#3831,.T.);
#3827 = VERTEX_POINT('',#3828);
#3828 = CARTESIAN_POINT('',(5.925,3.,1.25));
#3829 = VERTEX_POINT('',#3830);
#3830 = CARTESIAN_POINT('',(5.202394005536,4.031988310653,1.972605994464
    ));
#3831 = LINE('',#3832,#3833);
#3832 = CARTESIAN_POINT('',(5.444128111307,3.686756229335,1.730871888693
    ));
#3833 = VECTOR('',#3834,1.);
#3834 = DIRECTION('',(-0.497542812165,0.710564775462,0.497542812165));
#3835 = ORIENTED_EDGE('',*,*,#3836,.T.);
#3836 = EDGE_CURVE('',#3829,#3837,#3839,.T.);
#3837 = VERTEX_POINT('',#3838);
#3838 = CARTESIAN_POINT('',(4.997605994464,4.031988310653,2.177394005536
    ));
#3839 = ( BOUNDED_CURVE() B_SPLINE_CURVE(3,(#3840,#3841,#3842,#3843),
.UNSPECIFIED.,.F.,.F.) B_SPLINE_CURVE_WITH_KNOTS((4,4),(2.523811371301,
3.759373935879),.PIECEWISE_BEZIER_KNOTS.) CURVE() 
GEOMETRIC_REPRESENTATION_ITEM() RATIONAL_B_SPLINE_CURVE((1.,
0.876777070243,0.876777070243,1.)) REPRESENTATION_ITEM('') );
#3840 = CARTESIAN_POINT('',(5.202394005536,4.031988310653,1.972605994464
    ));
#3841 = CARTESIAN_POINT('',(5.138928179508,4.122626903592,2.036071820492
    ));
#3842 = CARTESIAN_POINT('',(5.061071820492,4.122626903592,2.113928179508
    ));
#3843 = CARTESIAN_POINT('',(4.997605994464,4.031988310653,2.177394005536
    ));
#3844 = ORIENTED_EDGE('',*,*,#3845,.T.);
#3845 = EDGE_CURVE('',#3837,#3744,#3846,.T.);
#3846 = LINE('',#3847,#3848);
#3847 = CARTESIAN_POINT('',(4.007036617635,2.617308629595,3.167963382365
    ));
#3848 = VECTOR('',#3849,1.);
#3849 = DIRECTION('',(-0.497542812165,-0.710564775462,0.497542812165));
#3850 = ORIENTED_EDGE('',*,*,#3812,.T.);
#3851 = ORIENTED_EDGE('',*,*,#2724,.T.);
#3852 = ORIENTED_EDGE('',*,*,#3853,.F.);
#3853 = EDGE_CURVE('',#3827,#2717,#3854,.T.);
#3854 = LINE('',#3855,#3856);
#3855 = CARTESIAN_POINT('',(5.925,4.5,1.25));
#3856 = VECTOR('',#3857,1.);
#3857 = DIRECTION('',(-0.,-1.,-0.));
#3858 = PLANE('',#3859);
#3859 = AXIS2_PLACEMENT_3D('',#3860,#3861,#3862);
#3860 = CARTESIAN_POINT('',(5.925,4.5,1.25));
#3861 = DIRECTION('',(-0.707106781187,0.,-0.707106781187));
#3862 = DIRECTION('',(-0.707106781187,0.,0.707106781187));
#3863 = ADVANCED_FACE('',(#3864),#3882,.F.);
#3864 = FACE_BOUND('',#3865,.T.);
#3865 = EDGE_LOOP('',(#3866,#3874,#3880,#3881));
#3866 = ORIENTED_EDGE('',*,*,#3867,.F.);
#3867 = EDGE_CURVE('',#3868,#2709,#3870,.T.);
#3868 = VERTEX_POINT('',#3869);
#3869 = CARTESIAN_POINT('',(5.925,3.,-1.25));
#3870 = LINE('',#3871,#3872);
#3871 = CARTESIAN_POINT('',(5.925,4.5,-1.25));
#3872 = VECTOR('',#3873,1.);
#3873 = DIRECTION('',(-0.,-1.,-0.));
#3874 = ORIENTED_EDGE('',*,*,#3875,.T.);
#3875 = EDGE_CURVE('',#3868,#3827,#3876,.T.);
#3876 = LINE('',#3877,#3878);
#3877 = CARTESIAN_POINT('',(5.925,3.,1.25));
#3878 = VECTOR('',#3879,1.);
#3879 = DIRECTION('',(0.,0.,1.));
#3880 = ORIENTED_EDGE('',*,*,#3853,.T.);
#3881 = ORIENTED_EDGE('',*,*,#2716,.F.);
#3882 = PLANE('',#3883);
#3883 = AXIS2_PLACEMENT_3D('',#3884,#3885,#3886);
#3884 = CARTESIAN_POINT('',(5.925,4.5,1.25));
#3885 = DIRECTION('',(-1.,0.,0.));
#3886 = DIRECTION('',(0.,0.,1.));
#3887 = ADVANCED_FACE('',(#3888),#3916,.F.);
#3888 = FACE_BOUND('',#3889,.T.);
#3889 = EDGE_LOOP('',(#3890,#3898,#3907,#3913,#3914,#3915));
#3890 = ORIENTED_EDGE('',*,*,#3891,.T.);
#3891 = EDGE_CURVE('',#3322,#3892,#3894,.T.);
#3892 = VERTEX_POINT('',#3893);
#3893 = CARTESIAN_POINT('',(4.997605994464,4.031988310653,
    -2.177394005536));
#3894 = LINE('',#3895,#3896);
#3895 = CARTESIAN_POINT('',(4.007036617635,2.617308629595,
    -3.167963382365));
#3896 = VECTOR('',#3897,1.);
#3897 = DIRECTION('',(0.497542812165,0.710564775462,0.497542812165));
#3898 = ORIENTED_EDGE('',*,*,#3899,.T.);
#3899 = EDGE_CURVE('',#3892,#3900,#3902,.T.);
#3900 = VERTEX_POINT('',#3901);
#3901 = CARTESIAN_POINT('',(5.202394005536,4.031988310653,
    -1.972605994464));
#3902 = ( BOUNDED_CURVE() B_SPLINE_CURVE(3,(#3903,#3904,#3905,#3906),
.UNSPECIFIED.,.F.,.F.) B_SPLINE_CURVE_WITH_KNOTS((4,4),(5.665404024891,
6.900966589468),.PIECEWISE_BEZIER_KNOTS.) CURVE() 
GEOMETRIC_REPRESENTATION_ITEM() RATIONAL_B_SPLINE_CURVE((1.,
0.876777070243,0.876777070243,1.)) REPRESENTATION_ITEM('') );
#3903 = CARTESIAN_POINT('',(4.997605994464,4.031988310653,
    -2.177394005536));
#3904 = CARTESIAN_POINT('',(5.061071820492,4.122626903592,
    -2.113928179508));
#3905 = CARTESIAN_POINT('',(5.138928179508,4.122626903592,
    -2.036071820492));
#3906 = CARTESIAN_POINT('',(5.202394005536,4.031988310653,
    -1.972605994464));
#3907 = ORIENTED_EDGE('',*,*,#3908,.T.);
#3908 = EDGE_CURVE('',#3900,#3868,#3909,.T.);
#3909 = LINE('',#3910,#3911);
#3910 = CARTESIAN_POINT('',(5.444128111307,3.686756229335,
    -1.730871888693));
#3911 = VECTOR('',#3912,1.);
#3912 = DIRECTION('',(0.497542812165,-0.710564775462,0.497542812165));
#3913 = ORIENTED_EDGE('',*,*,#3867,.T.);
#3914 = ORIENTED_EDGE('',*,*,#2708,.T.);
#3915 = ORIENTED_EDGE('',*,*,#3321,.F.);
#3916 = PLANE('',#3917);
#3917 = AXIS2_PLACEMENT_3D('',#3918,#3919,#3920);
#3918 = CARTESIAN_POINT('',(4.275,4.5,-2.9));
#3919 = DIRECTION('',(-0.707106781187,0.,0.707106781187));
#3920 = DIRECTION('',(0.707106781187,0.,0.707106781187));
#3921 = ADVANCED_FACE('',(#3922),#4166,.F.);
#3922 = FACE_BOUND('',#3923,.T.);
#3923 = EDGE_LOOP('',(#3924,#3934,#3942,#3950,#3958,#3966,#3974,#3982,
    #3990,#3998,#4006,#4014,#4022,#4030,#4038,#4046,#4054,#4062,#4070,
    #4078,#4086,#4094,#4102,#4110,#4118,#4126,#4134,#4143,#4151,#4160));
#3924 = ORIENTED_EDGE('',*,*,#3925,.T.);
#3925 = EDGE_CURVE('',#3926,#3928,#3930,.T.);
#3926 = VERTEX_POINT('',#3927);
#3927 = CARTESIAN_POINT('',(0.975,4.5,-1.849688692685));
#3928 = VERTEX_POINT('',#3929);
#3929 = CARTESIAN_POINT('',(0.975,4.5,-0.55));
#3930 = LINE('',#3931,#3932);
#3931 = CARTESIAN_POINT('',(0.975,4.5,1.849688692685));
#3932 = VECTOR('',#3933,1.);
#3933 = DIRECTION('',(-0.,-0.,1.));
#3934 = ORIENTED_EDGE('',*,*,#3935,.F.);
#3935 = EDGE_CURVE('',#3936,#3928,#3938,.T.);
#3936 = VERTEX_POINT('',#3937);
#3937 = CARTESIAN_POINT('',(1.177072594216,4.5,-0.9));
#3938 = LINE('',#3939,#3940);
#3939 = CARTESIAN_POINT('',(1.177072594216,4.5,-0.9));
#3940 = VECTOR('',#3941,1.);
#3941 = DIRECTION('',(-0.5,0.,0.866025403784));
#3942 = ORIENTED_EDGE('',*,*,#3943,.F.);
#3943 = EDGE_CURVE('',#3944,#3936,#3946,.T.);
#3944 = VERTEX_POINT('',#3945);
#3945 = CARTESIAN_POINT('',(1.289226196675,4.5,-0.9));
#3946 = LINE('',#3947,#3948);
#3947 = CARTESIAN_POINT('',(1.289226196675,4.5,-0.9));
#3948 = VECTOR('',#3949,1.);
#3949 = DIRECTION('',(-1.,0.,-9.667118565207E-16));
#3950 = ORIENTED_EDGE('',*,*,#3951,.F.);
#3951 = EDGE_CURVE('',#3952,#3944,#3954,.T.);
#3952 = VERTEX_POINT('',#3953);
#3953 = CARTESIAN_POINT('',(1.575,4.5,-1.185773803325));
#3954 = LINE('',#3955,#3956);
#3955 = CARTESIAN_POINT('',(1.575,4.5,-1.185773803325));
#3956 = VECTOR('',#3957,1.);
#3957 = DIRECTION('',(-0.707106781187,0.,0.707106781187));
#3958 = ORIENTED_EDGE('',*,*,#3959,.F.);
#3959 = EDGE_CURVE('',#3960,#3952,#3962,.T.);
#3960 = VERTEX_POINT('',#3961);
#3961 = CARTESIAN_POINT('',(1.575,4.5,-1.297927405784));
#3962 = LINE('',#3963,#3964);
#3963 = CARTESIAN_POINT('',(1.575,4.5,-1.297927405784));
#3964 = VECTOR('',#3965,1.);
#3965 = DIRECTION('',(0.,0.,1.));
#3966 = ORIENTED_EDGE('',*,*,#3967,.F.);
#3967 = EDGE_CURVE('',#3968,#3960,#3970,.T.);
#3968 = VERTEX_POINT('',#3969);
#3969 = CARTESIAN_POINT('',(1.925,4.5,-1.5));
#3970 = LINE('',#3971,#3972);
#3971 = CARTESIAN_POINT('',(1.925,4.5,-1.5));
#3972 = VECTOR('',#3973,1.);
#3973 = DIRECTION('',(-0.866025403784,0.,0.5));
#3974 = ORIENTED_EDGE('',*,*,#3975,.F.);
#3975 = EDGE_CURVE('',#3976,#3968,#3978,.T.);
#3976 = VERTEX_POINT('',#3977);
#3977 = CARTESIAN_POINT('',(3.625,4.5,-1.5));
#3978 = LINE('',#3979,#3980);
#3979 = CARTESIAN_POINT('',(3.625,4.5,-1.5));
#3980 = VECTOR('',#3981,1.);
#3981 = DIRECTION('',(-1.,0.,2.55106393526E-16));
#3982 = ORIENTED_EDGE('',*,*,#3983,.F.);
#3983 = EDGE_CURVE('',#3984,#3976,#3986,.T.);
#3984 = VERTEX_POINT('',#3985);
#3985 = CARTESIAN_POINT('',(3.975,4.5,-1.297927405784));
#3986 = LINE('',#3987,#3988);
#3987 = CARTESIAN_POINT('',(3.975,4.5,-1.297927405784));
#3988 = VECTOR('',#3989,1.);
#3989 = DIRECTION('',(-0.866025403784,0.,-0.5));
#3990 = ORIENTED_EDGE('',*,*,#3991,.F.);
#3991 = EDGE_CURVE('',#3992,#3984,#3994,.T.);
#3992 = VERTEX_POINT('',#3993);
#3993 = CARTESIAN_POINT('',(3.975,4.5,-1.185773803325));
#3994 = LINE('',#3995,#3996);
#3995 = CARTESIAN_POINT('',(3.975,4.5,-1.185773803325));
#3996 = VECTOR('',#3997,1.);
#3997 = DIRECTION('',(0.,0.,-1.));
#3998 = ORIENTED_EDGE('',*,*,#3999,.F.);
#3999 = EDGE_CURVE('',#4000,#3992,#4002,.T.);
#4000 = VERTEX_POINT('',#4001);
#4001 = CARTESIAN_POINT('',(4.260773803325,4.5,-0.9));
#4002 = LINE('',#4003,#4004);
#4003 = CARTESIAN_POINT('',(4.260773803325,4.5,-0.9));
#4004 = VECTOR('',#4005,1.);
#4005 = DIRECTION('',(-0.707106781187,0.,-0.707106781187));
#4006 = ORIENTED_EDGE('',*,*,#4007,.F.);
#4007 = EDGE_CURVE('',#4008,#4000,#4010,.T.);
#4008 = VERTEX_POINT('',#4009);
#4009 = CARTESIAN_POINT('',(4.372927405784,4.5,-0.9));
#4010 = LINE('',#4011,#4012);
#4011 = CARTESIAN_POINT('',(4.372927405784,4.5,-0.9));
#4012 = VECTOR('',#4013,1.);
#4013 = DIRECTION('',(-1.,0.,9.667118565207E-16));
#4014 = ORIENTED_EDGE('',*,*,#4015,.F.);
#4015 = EDGE_CURVE('',#4016,#4008,#4018,.T.);
#4016 = VERTEX_POINT('',#4017);
#4017 = CARTESIAN_POINT('',(4.575,4.5,-0.55));
#4018 = LINE('',#4019,#4020);
#4019 = CARTESIAN_POINT('',(4.575,4.5,-0.55));
#4020 = VECTOR('',#4021,1.);
#4021 = DIRECTION('',(-0.5,0.,-0.866025403784));
#4022 = ORIENTED_EDGE('',*,*,#4023,.F.);
#4023 = EDGE_CURVE('',#4024,#4016,#4026,.T.);
#4024 = VERTEX_POINT('',#4025);
#4025 = CARTESIAN_POINT('',(4.575,4.5,0.55));
#4026 = LINE('',#4027,#4028);
#4027 = CARTESIAN_POINT('',(4.575,4.5,0.55));
#4028 = VECTOR('',#4029,1.);
#4029 = DIRECTION('',(0.,0.,-1.));
#4030 = ORIENTED_EDGE('',*,*,#4031,.F.);
#4031 = EDGE_CURVE('',#4032,#4024,#4034,.T.);
#4032 = VERTEX_POINT('',#4033);
#4033 = CARTESIAN_POINT('',(4.372927405784,4.5,0.9));
#4034 = LINE('',#4035,#4036);
#4035 = CARTESIAN_POINT('',(4.372927405784,4.5,0.9));
#4036 = VECTOR('',#4037,1.);
#4037 = DIRECTION('',(0.5,0.,-0.866025403784));
#4038 = ORIENTED_EDGE('',*,*,#4039,.F.);
#4039 = EDGE_CURVE('',#4040,#4032,#4042,.T.);
#4040 = VERTEX_POINT('',#4041);
#4041 = CARTESIAN_POINT('',(4.260773803325,4.5,0.9));
#4042 = LINE('',#4043,#4044);
#4043 = CARTESIAN_POINT('',(4.260773803325,4.5,0.9));
#4044 = VECTOR('',#4045,1.);
#4045 = DIRECTION('',(1.,0.,-1.933423713041E-15));
#4046 = ORIENTED_EDGE('',*,*,#4047,.F.);
#4047 = EDGE_CURVE('',#4048,#4040,#4050,.T.);
#4048 = VERTEX_POINT('',#4049);
#4049 = CARTESIAN_POINT('',(3.975,4.5,1.185773803325));
#4050 = LINE('',#4051,#4052);
#4051 = CARTESIAN_POINT('',(3.975,4.5,1.185773803325));
#4052 = VECTOR('',#4053,1.);
#4053 = DIRECTION('',(0.707106781187,0.,-0.707106781187));
#4054 = ORIENTED_EDGE('',*,*,#4055,.F.);
#4055 = EDGE_CURVE('',#4056,#4048,#4058,.T.);
#4056 = VERTEX_POINT('',#4057);
#4057 = CARTESIAN_POINT('',(3.975,4.5,1.297927405784));
#4058 = LINE('',#4059,#4060);
#4059 = CARTESIAN_POINT('',(3.975,4.5,1.297927405784));
#4060 = VECTOR('',#4061,1.);
#4061 = DIRECTION('',(0.,0.,-1.));
#4062 = ORIENTED_EDGE('',*,*,#4063,.F.);
#4063 = EDGE_CURVE('',#4064,#4056,#4066,.T.);
#4064 = VERTEX_POINT('',#4065);
#4065 = CARTESIAN_POINT('',(3.625,4.5,1.5));
#4066 = LINE('',#4067,#4068);
#4067 = CARTESIAN_POINT('',(3.625,4.5,1.5));
#4068 = VECTOR('',#4069,1.);
#4069 = DIRECTION('',(0.866025403784,0.,-0.5));
#4070 = ORIENTED_EDGE('',*,*,#4071,.F.);
#4071 = EDGE_CURVE('',#4072,#4064,#4074,.T.);
#4072 = VERTEX_POINT('',#4073);
#4073 = CARTESIAN_POINT('',(1.925,4.5,1.5));
#4074 = LINE('',#4075,#4076);
#4075 = CARTESIAN_POINT('',(1.925,4.5,1.5));
#4076 = VECTOR('',#4077,1.);
#4077 = DIRECTION('',(1.,0.,-1.27553196763E-16));
#4078 = ORIENTED_EDGE('',*,*,#4079,.F.);
#4079 = EDGE_CURVE('',#4080,#4072,#4082,.T.);
#4080 = VERTEX_POINT('',#4081);
#4081 = CARTESIAN_POINT('',(1.575,4.5,1.297927405784));
#4082 = LINE('',#4083,#4084);
#4083 = CARTESIAN_POINT('',(1.575,4.5,1.297927405784));
#4084 = VECTOR('',#4085,1.);
#4085 = DIRECTION('',(0.866025403784,0.,0.5));
#4086 = ORIENTED_EDGE('',*,*,#4087,.F.);
#4087 = EDGE_CURVE('',#4088,#4080,#4090,.T.);
#4088 = VERTEX_POINT('',#4089);
#4089 = CARTESIAN_POINT('',(1.575,4.5,1.185773803325));
#4090 = LINE('',#4091,#4092);
#4091 = CARTESIAN_POINT('',(1.575,4.5,1.185773803325));
#4092 = VECTOR('',#4093,1.);
#4093 = DIRECTION('',(-1.933423713041E-15,0.,1.));
#4094 = ORIENTED_EDGE('',*,*,#4095,.F.);
#4095 = EDGE_CURVE('',#4096,#4088,#4098,.T.);
#4096 = VERTEX_POINT('',#4097);
#4097 = CARTESIAN_POINT('',(1.289226196675,4.5,0.9));
#4098 = LINE('',#4099,#4100);
#4099 = CARTESIAN_POINT('',(1.289226196675,4.5,0.9));
#4100 = VECTOR('',#4101,1.);
#4101 = DIRECTION('',(0.707106781187,0.,0.707106781187));
#4102 = ORIENTED_EDGE('',*,*,#4103,.F.);
#4103 = EDGE_CURVE('',#4104,#4096,#4106,.T.);
#4104 = VERTEX_POINT('',#4105);
#4105 = CARTESIAN_POINT('',(1.177072594216,4.5,0.9));
#4106 = LINE('',#4107,#4108);
#4107 = CARTESIAN_POINT('',(1.177072594216,4.5,0.9));
#4108 = VECTOR('',#4109,1.);
#4109 = DIRECTION('',(1.,0.,1.933423713041E-15));
#4110 = ORIENTED_EDGE('',*,*,#4111,.F.);
#4111 = EDGE_CURVE('',#4112,#4104,#4114,.T.);
#4112 = VERTEX_POINT('',#4113);
#4113 = CARTESIAN_POINT('',(0.975,4.5,0.55));
#4114 = LINE('',#4115,#4116);
#4115 = CARTESIAN_POINT('',(0.975,4.5,0.55));
#4116 = VECTOR('',#4117,1.);
#4117 = DIRECTION('',(0.5,0.,0.866025403784));
#4118 = ORIENTED_EDGE('',*,*,#4119,.T.);
#4119 = EDGE_CURVE('',#4112,#4120,#4122,.T.);
#4120 = VERTEX_POINT('',#4121);
#4121 = CARTESIAN_POINT('',(0.975,4.5,1.849688692685));
#4122 = LINE('',#4123,#4124);
#4123 = CARTESIAN_POINT('',(0.975,4.5,1.849688692685));
#4124 = VECTOR('',#4125,1.);
#4125 = DIRECTION('',(-0.,-0.,1.));
#4126 = ORIENTED_EDGE('',*,*,#4127,.T.);
#4127 = EDGE_CURVE('',#4120,#4128,#4130,.T.);
#4128 = VERTEX_POINT('',#4129);
#4129 = CARTESIAN_POINT('',(4.669900681613,4.5,1.849688692685));
#4130 = LINE('',#4131,#4132);
#4131 = CARTESIAN_POINT('',(-1.876431811959E-16,4.5,1.849688692685));
#4132 = VECTOR('',#4133,1.);
#4133 = DIRECTION('',(1.,0.,1.014458173086E-16));
#4134 = ORIENTED_EDGE('',*,*,#4135,.T.);
#4135 = EDGE_CURVE('',#4128,#4136,#4138,.T.);
#4136 = VERTEX_POINT('',#4137);
#4137 = CARTESIAN_POINT('',(4.874688692685,4.5,1.644900681613));
#4138 = ( BOUNDED_CURVE() B_SPLINE_CURVE(3,(#4139,#4140,#4141,#4142),
.UNSPECIFIED.,.F.,.F.) B_SPLINE_CURVE_WITH_KNOTS((4,4),(5.665404024891,
6.900966589468),.PIECEWISE_BEZIER_KNOTS.) CURVE() 
GEOMETRIC_REPRESENTATION_ITEM() RATIONAL_B_SPLINE_CURVE((1.,
0.876777070243,0.876777070243,1.)) REPRESENTATION_ITEM('') );
#4139 = CARTESIAN_POINT('',(4.669900681613,4.5,1.849688692685));
#4140 = CARTESIAN_POINT('',(4.79683233367,4.5,1.849688692685));
#4141 = CARTESIAN_POINT('',(4.874688692685,4.5,1.77183233367));
#4142 = CARTESIAN_POINT('',(4.874688692685,4.5,1.644900681613));
#4143 = ORIENTED_EDGE('',*,*,#4144,.T.);
#4144 = EDGE_CURVE('',#4136,#4145,#4147,.T.);
#4145 = VERTEX_POINT('',#4146);
#4146 = CARTESIAN_POINT('',(4.874688692685,4.5,-1.644900681613));
#4147 = LINE('',#4148,#4149);
#4148 = CARTESIAN_POINT('',(4.874688692685,4.5,0.));
#4149 = VECTOR('',#4150,1.);
#4150 = DIRECTION('',(0.,0.,-1.));
#4151 = ORIENTED_EDGE('',*,*,#4152,.T.);
#4152 = EDGE_CURVE('',#4145,#4153,#4155,.T.);
#4153 = VERTEX_POINT('',#4154);
#4154 = CARTESIAN_POINT('',(4.669900681613,4.5,-1.849688692685));
#4155 = ( BOUNDED_CURVE() B_SPLINE_CURVE(3,(#4156,#4157,#4158,#4159),
.UNSPECIFIED.,.F.,.F.) B_SPLINE_CURVE_WITH_KNOTS((4,4),(2.523811371301,
3.759373935879),.PIECEWISE_BEZIER_KNOTS.) CURVE() 
GEOMETRIC_REPRESENTATION_ITEM() RATIONAL_B_SPLINE_CURVE((1.,
0.876777070243,0.876777070243,1.)) REPRESENTATION_ITEM('') );
#4156 = CARTESIAN_POINT('',(4.874688692685,4.5,-1.644900681613));
#4157 = CARTESIAN_POINT('',(4.874688692685,4.5,-1.77183233367));
#4158 = CARTESIAN_POINT('',(4.79683233367,4.5,-1.849688692685));
#4159 = CARTESIAN_POINT('',(4.669900681613,4.5,-1.849688692685));
#4160 = ORIENTED_EDGE('',*,*,#4161,.T.);
#4161 = EDGE_CURVE('',#4153,#3926,#4162,.T.);
#4162 = LINE('',#4163,#4164);
#4163 = CARTESIAN_POINT('',(-1.876431811959E-16,4.5,-1.849688692685));
#4164 = VECTOR('',#4165,1.);
#4165 = DIRECTION('',(-1.,0.,1.014458173086E-16));
#4166 = PLANE('',#4167);
#4167 = AXIS2_PLACEMENT_3D('',#4168,#4169,#4170);
#4168 = CARTESIAN_POINT('',(0.,4.5,0.));
#4169 = DIRECTION('',(0.,-1.,0.));
#4170 = DIRECTION('',(0.,-0.,-1.));
#4171 = ADVANCED_FACE('',(#4172),#4183,.F.);
#4172 = FACE_BOUND('',#4173,.T.);
#4173 = EDGE_LOOP('',(#4174,#4175,#4181,#4182));
#4174 = ORIENTED_EDGE('',*,*,#2861,.T.);
#4175 = ORIENTED_EDGE('',*,*,#4176,.T.);
#4176 = EDGE_CURVE('',#2854,#3676,#4177,.T.);
#4177 = LINE('',#4178,#4179);
#4178 = CARTESIAN_POINT('',(-2.875,-2.602085213965E-15,-2.3));
#4179 = VECTOR('',#4180,1.);
#4180 = DIRECTION('',(5.20417042793E-15,-1.,-4.336808689942E-15));
#4181 = ORIENTED_EDGE('',*,*,#3675,.F.);
#4182 = ORIENTED_EDGE('',*,*,#3398,.F.);
#4183 = PLANE('',#4184);
#4184 = AXIS2_PLACEMENT_3D('',#4185,#4186,#4187);
#4185 = CARTESIAN_POINT('',(-2.875,0.,-2.9));
#4186 = DIRECTION('',(-1.,-5.20417042793E-15,0.));
#4187 = DIRECTION('',(5.20417042793E-15,-1.,0.));
#4188 = ADVANCED_FACE('',(#4189),#4195,.F.);
#4189 = FACE_BOUND('',#4190,.T.);
#4190 = EDGE_LOOP('',(#4191,#4192,#4193,#4194));
#4191 = ORIENTED_EDGE('',*,*,#2740,.T.);
#4192 = ORIENTED_EDGE('',*,*,#3597,.T.);
#4193 = ORIENTED_EDGE('',*,*,#3556,.F.);
#4194 = ORIENTED_EDGE('',*,*,#3636,.F.);
#4195 = PLANE('',#4196);
#4196 = AXIS2_PLACEMENT_3D('',#4197,#4198,#4199);
#4197 = CARTESIAN_POINT('',(-4.275,0.5,2.3));
#4198 = DIRECTION('',(-4.513898307158E-30,8.673617379884E-16,1.));
#4199 = DIRECTION('',(1.831410151045E-61,-1.,8.673617379884E-16));
#4200 = ADVANCED_FACE('',(#4201),#4207,.F.);
#4201 = FACE_BOUND('',#4202,.T.);
#4202 = EDGE_LOOP('',(#4203,#4204,#4205,#4206));
#4203 = ORIENTED_EDGE('',*,*,#2853,.F.);
#4204 = ORIENTED_EDGE('',*,*,#3714,.F.);
#4205 = ORIENTED_EDGE('',*,*,#3683,.T.);
#4206 = ORIENTED_EDGE('',*,*,#4176,.F.);
#4207 = PLANE('',#4208);
#4208 = AXIS2_PLACEMENT_3D('',#4209,#4210,#4211);
#4209 = CARTESIAN_POINT('',(-4.275,0.5,-2.3));
#4210 = DIRECTION('',(-2.256949153579E-29,4.336808689942E-15,-1.));
#4211 = DIRECTION('',(-5.586584345071E-60,1.,4.336808689942E-15));
#4212 = ADVANCED_FACE('',(#4213),#4233,.T.);
#4213 = FACE_BOUND('',#4214,.T.);
#4214 = EDGE_LOOP('',(#4215,#4216,#4223,#4224,#4225,#4226,#4232));
#4215 = ORIENTED_EDGE('',*,*,#2650,.F.);
#4216 = ORIENTED_EDGE('',*,*,#4217,.T.);
#4217 = EDGE_CURVE('',#2619,#2627,#4218,.T.);
#4218 = CIRCLE('',#4219,0.45);
#4219 = AXIS2_PLACEMENT_3D('',#4220,#4221,#4222);
#4220 = CARTESIAN_POINT('',(-3.825,-1.55,2.45));
#4221 = DIRECTION('',(0.,1.,0.));
#4222 = DIRECTION('',(0.,0.,-1.));
#4223 = ORIENTED_EDGE('',*,*,#2684,.T.);
#4224 = ORIENTED_EDGE('',*,*,#3493,.F.);
#4225 = ORIENTED_EDGE('',*,*,#3455,.F.);
#4226 = ORIENTED_EDGE('',*,*,#4227,.T.);
#4227 = EDGE_CURVE('',#3447,#2828,#4228,.T.);
#4228 = LINE('',#4229,#4230);
#4229 = CARTESIAN_POINT('',(-4.249264068712,-1.7,2.3));
#4230 = VECTOR('',#4231,1.);
#4231 = DIRECTION('',(-0.,1.,-0.));
#4232 = ORIENTED_EDGE('',*,*,#2827,.T.);
#4233 = CYLINDRICAL_SURFACE('',#4234,0.45);
#4234 = AXIS2_PLACEMENT_3D('',#4235,#4236,#4237);
#4235 = CARTESIAN_POINT('',(-3.825,-1.7,2.45));
#4236 = DIRECTION('',(-0.,1.,-0.));
#4237 = DIRECTION('',(0.,0.,1.));
#4238 = ADVANCED_FACE('',(#4239),#4249,.T.);
#4239 = FACE_BOUND('',#4240,.T.);
#4240 = EDGE_LOOP('',(#4241,#4248));
#4241 = ORIENTED_EDGE('',*,*,#4242,.T.);
#4242 = EDGE_CURVE('',#2610,#2608,#4243,.T.);
#4243 = CIRCLE('',#4244,0.3);
#4244 = AXIS2_PLACEMENT_3D('',#4245,#4246,#4247);
#4245 = CARTESIAN_POINT('',(-3.825,-1.7,2.45));
#4246 = DIRECTION('',(0.,-1.,0.));
#4247 = DIRECTION('',(0.,0.,-1.));
#4248 = ORIENTED_EDGE('',*,*,#2607,.T.);
#4249 = PLANE('',#4250);
#4250 = AXIS2_PLACEMENT_3D('',#4251,#4252,#4253);
#4251 = CARTESIAN_POINT('',(-3.825,-1.7,2.45));
#4252 = DIRECTION('',(0.,-1.,0.));
#4253 = DIRECTION('',(0.,-0.,-1.));
#4254 = ADVANCED_FACE('',(#4255),#4261,.T.);
#4255 = FACE_BOUND('',#4256,.T.);
#4256 = EDGE_LOOP('',(#4257,#4258,#4259,#4260));
#4257 = ORIENTED_EDGE('',*,*,#2618,.F.);
#4258 = ORIENTED_EDGE('',*,*,#4242,.F.);
#4259 = ORIENTED_EDGE('',*,*,#2635,.T.);
#4260 = ORIENTED_EDGE('',*,*,#4217,.F.);
#4261 = CONICAL_SURFACE('',#4262,0.3,0.785398163397);
#4262 = AXIS2_PLACEMENT_3D('',#4263,#4264,#4265);
#4263 = CARTESIAN_POINT('',(-3.825,-1.7,2.45));
#4264 = DIRECTION('',(0.,1.,0.));
#4265 = DIRECTION('',(0.,-0.,1.));
#4266 = ADVANCED_FACE('',(#4267),#4285,.F.);
#4267 = FACE_BOUND('',#4268,.T.);
#4268 = EDGE_LOOP('',(#4269,#4270,#4271,#4279));
#4269 = ORIENTED_EDGE('',*,*,#3763,.T.);
#4270 = ORIENTED_EDGE('',*,*,#2796,.F.);
#4271 = ORIENTED_EDGE('',*,*,#4272,.F.);
#4272 = EDGE_CURVE('',#4273,#2789,#4275,.T.);
#4273 = VERTEX_POINT('',#4274);
#4274 = CARTESIAN_POINT('',(0.15,1.35,1.8));
#4275 = LINE('',#4276,#4277);
#4276 = CARTESIAN_POINT('',(0.15,0.5,1.8));
#4277 = VECTOR('',#4278,1.);
#4278 = DIRECTION('',(2.55106393526E-16,-1.,-0.));
#4279 = ORIENTED_EDGE('',*,*,#4280,.T.);
#4280 = EDGE_CURVE('',#4273,#3764,#4281,.T.);
#4281 = LINE('',#4282,#4283);
#4282 = CARTESIAN_POINT('',(0.15,1.35,1.8));
#4283 = VECTOR('',#4284,1.);
#4284 = DIRECTION('',(-0.,-0.,1.));
#4285 = PLANE('',#4286);
#4286 = AXIS2_PLACEMENT_3D('',#4287,#4288,#4289);
#4287 = CARTESIAN_POINT('',(0.15,0.5,1.8));
#4288 = DIRECTION('',(-1.,-2.55106393526E-16,0.));
#4289 = DIRECTION('',(2.55106393526E-16,-1.,0.));
#4290 = ADVANCED_FACE('',(#4291),#4309,.F.);
#4291 = FACE_BOUND('',#4292,.T.);
#4292 = EDGE_LOOP('',(#4293,#4301,#4307,#4308));
#4293 = ORIENTED_EDGE('',*,*,#4294,.F.);
#4294 = EDGE_CURVE('',#4295,#4273,#4297,.T.);
#4295 = VERTEX_POINT('',#4296);
#4296 = CARTESIAN_POINT('',(0.35,1.35,1.8));
#4297 = LINE('',#4298,#4299);
#4298 = CARTESIAN_POINT('',(0.15,1.35,1.8));
#4299 = VECTOR('',#4300,1.);
#4300 = DIRECTION('',(-1.,-0.,-0.));
#4301 = ORIENTED_EDGE('',*,*,#4302,.T.);
#4302 = EDGE_CURVE('',#4295,#3772,#4303,.T.);
#4303 = LINE('',#4304,#4305);
#4304 = CARTESIAN_POINT('',(0.35,1.35,2.9));
#4305 = VECTOR('',#4306,1.);
#4306 = DIRECTION('',(-0.,-0.,1.));
#4307 = ORIENTED_EDGE('',*,*,#3771,.T.);
#4308 = ORIENTED_EDGE('',*,*,#4280,.F.);
#4309 = PLANE('',#4310);
#4310 = AXIS2_PLACEMENT_3D('',#4311,#4312,#4313);
#4311 = CARTESIAN_POINT('',(0.15,1.35,1.8));
#4312 = DIRECTION('',(-0.,1.,0.));
#4313 = DIRECTION('',(0.,0.,1.));
#4314 = ADVANCED_FACE('',(#4315),#4321,.F.);
#4315 = FACE_BOUND('',#4316,.T.);
#4316 = EDGE_LOOP('',(#4317,#4318,#4319,#4320));
#4317 = ORIENTED_EDGE('',*,*,#3802,.T.);
#4318 = ORIENTED_EDGE('',*,*,#3277,.F.);
#4319 = ORIENTED_EDGE('',*,*,#3306,.F.);
#4320 = ORIENTED_EDGE('',*,*,#2764,.T.);
#4321 = PLANE('',#4322);
#4322 = AXIS2_PLACEMENT_3D('',#4323,#4324,#4325);
#4323 = CARTESIAN_POINT('',(1.5,0.5,1.8));
#4324 = DIRECTION('',(1.,-2.55106393526E-16,0.));
#4325 = DIRECTION('',(2.55106393526E-16,1.,0.));
#4326 = ADVANCED_FACE('',(#4327),#4338,.F.);
#4327 = FACE_BOUND('',#4328,.T.);
#4328 = EDGE_LOOP('',(#4329,#4330,#4336,#4337));
#4329 = ORIENTED_EDGE('',*,*,#2788,.T.);
#4330 = ORIENTED_EDGE('',*,*,#4331,.T.);
#4331 = EDGE_CURVE('',#2781,#4295,#4332,.T.);
#4332 = LINE('',#4333,#4334);
#4333 = CARTESIAN_POINT('',(0.35,1.35,1.8));
#4334 = VECTOR('',#4335,1.);
#4335 = DIRECTION('',(-0.,1.,2.55106393526E-16));
#4336 = ORIENTED_EDGE('',*,*,#4294,.T.);
#4337 = ORIENTED_EDGE('',*,*,#4272,.T.);
#4338 = PLANE('',#4339);
#4339 = AXIS2_PLACEMENT_3D('',#4340,#4341,#4342);
#4340 = CARTESIAN_POINT('',(0.,0.,1.8));
#4341 = DIRECTION('',(0.,0.,-1.));
#4342 = DIRECTION('',(-1.,0.,-0.));
#4343 = ADVANCED_FACE('',(#4344),#4362,.T.);
#4344 = FACE_BOUND('',#4345,.T.);
#4345 = EDGE_LOOP('',(#4346,#4347,#4355,#4361));
#4346 = ORIENTED_EDGE('',*,*,#3391,.F.);
#4347 = ORIENTED_EDGE('',*,*,#4348,.F.);
#4348 = EDGE_CURVE('',#4349,#3384,#4351,.T.);
#4349 = VERTEX_POINT('',#4350);
#4350 = CARTESIAN_POINT('',(0.15,1.35,-1.8));
#4351 = LINE('',#4352,#4353);
#4352 = CARTESIAN_POINT('',(0.15,1.35,-1.8));
#4353 = VECTOR('',#4354,1.);
#4354 = DIRECTION('',(-0.,-0.,-1.));
#4355 = ORIENTED_EDGE('',*,*,#4356,.T.);
#4356 = EDGE_CURVE('',#4349,#2878,#4357,.T.);
#4357 = LINE('',#4358,#4359);
#4358 = CARTESIAN_POINT('',(0.15,0.5,-1.8));
#4359 = VECTOR('',#4360,1.);
#4360 = DIRECTION('',(2.55106393526E-16,-1.,0.));
#4361 = ORIENTED_EDGE('',*,*,#2877,.T.);
#4362 = PLANE('',#4363);
#4363 = AXIS2_PLACEMENT_3D('',#4364,#4365,#4366);
#4364 = CARTESIAN_POINT('',(0.15,0.5,-1.8));
#4365 = DIRECTION('',(1.,2.55106393526E-16,-0.));
#4366 = DIRECTION('',(-2.55106393526E-16,1.,0.));
#4367 = ADVANCED_FACE('',(#4368),#4374,.T.);
#4368 = FACE_BOUND('',#4369,.T.);
#4369 = EDGE_LOOP('',(#4370,#4371,#4372,#4373));
#4370 = ORIENTED_EDGE('',*,*,#3352,.F.);
#4371 = ORIENTED_EDGE('',*,*,#2909,.F.);
#4372 = ORIENTED_EDGE('',*,*,#3244,.T.);
#4373 = ORIENTED_EDGE('',*,*,#3223,.T.);
#4374 = PLANE('',#4375);
#4375 = AXIS2_PLACEMENT_3D('',#4376,#4377,#4378);
#4376 = CARTESIAN_POINT('',(1.5,0.5,-1.8));
#4377 = DIRECTION('',(-1.,2.55106393526E-16,0.));
#4378 = DIRECTION('',(-2.55106393526E-16,-1.,0.));
#4379 = ADVANCED_FACE('',(#4380),#4398,.T.);
#4380 = FACE_BOUND('',#4381,.T.);
#4381 = EDGE_LOOP('',(#4382,#4390,#4396,#4397));
#4382 = ORIENTED_EDGE('',*,*,#4383,.T.);
#4383 = EDGE_CURVE('',#3376,#4384,#4386,.T.);
#4384 = VERTEX_POINT('',#4385);
#4385 = CARTESIAN_POINT('',(0.35,1.35,-1.8));
#4386 = LINE('',#4387,#4388);
#4387 = CARTESIAN_POINT('',(0.35,1.35,-2.9));
#4388 = VECTOR('',#4389,1.);
#4389 = DIRECTION('',(0.,0.,1.));
#4390 = ORIENTED_EDGE('',*,*,#4391,.T.);
#4391 = EDGE_CURVE('',#4384,#4349,#4392,.T.);
#4392 = LINE('',#4393,#4394);
#4393 = CARTESIAN_POINT('',(0.15,1.35,-1.8));
#4394 = VECTOR('',#4395,1.);
#4395 = DIRECTION('',(-1.,-0.,0.));
#4396 = ORIENTED_EDGE('',*,*,#4348,.T.);
#4397 = ORIENTED_EDGE('',*,*,#3383,.F.);
#4398 = PLANE('',#4399);
#4399 = AXIS2_PLACEMENT_3D('',#4400,#4401,#4402);
#4400 = CARTESIAN_POINT('',(0.15,1.35,-1.8));
#4401 = DIRECTION('',(0.,-1.,0.));
#4402 = DIRECTION('',(0.,-0.,-1.));
#4403 = ADVANCED_FACE('',(#4404),#4415,.F.);
#4404 = FACE_BOUND('',#4405,.T.);
#4405 = EDGE_LOOP('',(#4406,#4407,#4413,#4414));
#4406 = ORIENTED_EDGE('',*,*,#4391,.F.);
#4407 = ORIENTED_EDGE('',*,*,#4408,.T.);
#4408 = EDGE_CURVE('',#4384,#2886,#4409,.T.);
#4409 = LINE('',#4410,#4411);
#4410 = CARTESIAN_POINT('',(0.35,1.35,-1.8));
#4411 = VECTOR('',#4412,1.);
#4412 = DIRECTION('',(0.,-1.,-2.55106393526E-16));
#4413 = ORIENTED_EDGE('',*,*,#2885,.F.);
#4414 = ORIENTED_EDGE('',*,*,#4356,.F.);
#4415 = PLANE('',#4416);
#4416 = AXIS2_PLACEMENT_3D('',#4417,#4418,#4419);
#4417 = CARTESIAN_POINT('',(0.,0.,-1.8));
#4418 = DIRECTION('',(0.,0.,1.));
#4419 = DIRECTION('',(-1.,0.,0.));
#4420 = ADVANCED_FACE('',(#4421),#4446,.F.);
#4421 = FACE_BOUND('',#4422,.T.);
#4422 = EDGE_LOOP('',(#4423,#4431,#4439,#4445));
#4423 = ORIENTED_EDGE('',*,*,#4424,.T.);
#4424 = EDGE_CURVE('',#3780,#4425,#4427,.T.);
#4425 = VERTEX_POINT('',#4426);
#4426 = CARTESIAN_POINT('',(0.35,-1.35,3.4));
#4427 = LINE('',#4428,#4429);
#4428 = CARTESIAN_POINT('',(0.35,-1.35,3.4));
#4429 = VECTOR('',#4430,1.);
#4430 = DIRECTION('',(-0.,-0.371390676354,0.928476690885));
#4431 = ORIENTED_EDGE('',*,*,#4432,.F.);
#4432 = EDGE_CURVE('',#4433,#4425,#4435,.T.);
#4433 = VERTEX_POINT('',#4434);
#4434 = CARTESIAN_POINT('',(1.3,-1.35,3.4));
#4435 = LINE('',#4436,#4437);
#4436 = CARTESIAN_POINT('',(1.3,-1.35,3.4));
#4437 = VECTOR('',#4438,1.);
#4438 = DIRECTION('',(-1.,-0.,-0.));
#4439 = ORIENTED_EDGE('',*,*,#4440,.F.);
#4440 = EDGE_CURVE('',#3788,#4433,#4441,.T.);
#4441 = LINE('',#4442,#4443);
#4442 = CARTESIAN_POINT('',(1.3,-1.35,3.4));
#4443 = VECTOR('',#4444,1.);
#4444 = DIRECTION('',(-0.,-0.371390676354,0.928476690885));
#4445 = ORIENTED_EDGE('',*,*,#3787,.T.);
#4446 = PLANE('',#4447);
#4447 = AXIS2_PLACEMENT_3D('',#4448,#4449,#4450);
#4448 = CARTESIAN_POINT('',(1.3,-1.35,3.4));
#4449 = DIRECTION('',(0.,-0.928476690885,-0.371390676354));
#4450 = DIRECTION('',(0.,0.371390676354,-0.928476690885));
#4451 = ADVANCED_FACE('',(#4452),#4477,.F.);
#4452 = FACE_BOUND('',#4453,.T.);
#4453 = EDGE_LOOP('',(#4454,#4462,#4470,#4476));
#4454 = ORIENTED_EDGE('',*,*,#4455,.T.);
#4455 = EDGE_CURVE('',#4425,#4456,#4458,.T.);
#4456 = VERTEX_POINT('',#4457);
#4457 = CARTESIAN_POINT('',(0.35,-1.8,3.4));
#4458 = LINE('',#4459,#4460);
#4459 = CARTESIAN_POINT('',(0.35,-1.8,3.4));
#4460 = VECTOR('',#4461,1.);
#4461 = DIRECTION('',(-0.,-1.,-0.));
#4462 = ORIENTED_EDGE('',*,*,#4463,.F.);
#4463 = EDGE_CURVE('',#4464,#4456,#4466,.T.);
#4464 = VERTEX_POINT('',#4465);
#4465 = CARTESIAN_POINT('',(1.3,-1.8,3.4));
#4466 = LINE('',#4467,#4468);
#4467 = CARTESIAN_POINT('',(1.3,-1.8,3.4));
#4468 = VECTOR('',#4469,1.);
#4469 = DIRECTION('',(-1.,-0.,-0.));
#4470 = ORIENTED_EDGE('',*,*,#4471,.F.);
#4471 = EDGE_CURVE('',#4433,#4464,#4472,.T.);
#4472 = LINE('',#4473,#4474);
#4473 = CARTESIAN_POINT('',(1.3,-1.8,3.4));
#4474 = VECTOR('',#4475,1.);
#4475 = DIRECTION('',(-0.,-1.,-0.));
#4476 = ORIENTED_EDGE('',*,*,#4432,.T.);
#4477 = PLANE('',#4478);
#4478 = AXIS2_PLACEMENT_3D('',#4479,#4480,#4481);
#4479 = CARTESIAN_POINT('',(1.3,-1.8,3.4));
#4480 = DIRECTION('',(0.,0.,-1.));
#4481 = DIRECTION('',(-1.,0.,-0.));
#4482 = ADVANCED_FACE('',(#4483),#4508,.F.);
#4483 = FACE_BOUND('',#4484,.T.);
#4484 = EDGE_LOOP('',(#4485,#4486,#4494,#4502));
#4485 = ORIENTED_EDGE('',*,*,#4463,.T.);
#4486 = ORIENTED_EDGE('',*,*,#4487,.T.);
#4487 = EDGE_CURVE('',#4456,#4488,#4490,.T.);
#4488 = VERTEX_POINT('',#4489);
#4489 = CARTESIAN_POINT('',(0.521170673993,-2.438817652107,
    2.663853270498));
#4490 = LINE('',#4491,#4492);
#4491 = CARTESIAN_POINT('',(0.544472262535,-2.525780364445,
    2.563641079953));
#4492 = VECTOR('',#4493,1.);
#4493 = DIRECTION('',(0.172970331041,-0.645534063648,-0.743886441098));
#4494 = ORIENTED_EDGE('',*,*,#4495,.F.);
#4495 = EDGE_CURVE('',#4496,#4488,#4498,.T.);
#4496 = VERTEX_POINT('',#4497);
#4497 = CARTESIAN_POINT('',(1.128829326007,-2.438817652107,
    2.663853270498));
#4498 = LINE('',#4499,#4500);
#4499 = CARTESIAN_POINT('',(1.3,-2.438817652107,2.663853270498));
#4500 = VECTOR('',#4501,1.);
#4501 = DIRECTION('',(-1.,-0.,-0.));
#4502 = ORIENTED_EDGE('',*,*,#4503,.T.);
#4503 = EDGE_CURVE('',#4496,#4464,#4504,.T.);
#4504 = LINE('',#4505,#4506);
#4505 = CARTESIAN_POINT('',(1.133950536114,-2.419705035792,
    2.685877849729));
#4506 = VECTOR('',#4507,1.);
#4507 = DIRECTION('',(0.172970331041,0.645534063648,0.743886441098));
#4508 = PLANE('',#4509);
#4509 = AXIS2_PLACEMENT_3D('',#4510,#4511,#4512);
#4510 = CARTESIAN_POINT('',(1.3,-2.438817652107,2.663853270498));
#4511 = DIRECTION('',(0.,0.755270608427,-0.655413081992));
#4512 = DIRECTION('',(0.,0.655413081992,0.755270608427));
#4513 = ADVANCED_FACE('',(#4514),#4541,.T.);
#4514 = FACE_BOUND('',#4515,.T.);
#4515 = EDGE_LOOP('',(#4516,#4517,#4526,#4534));
#4516 = ORIENTED_EDGE('',*,*,#4495,.T.);
#4517 = ORIENTED_EDGE('',*,*,#4518,.T.);
#4518 = EDGE_CURVE('',#4488,#4519,#4521,.T.);
#4519 = VERTEX_POINT('',#4520);
#4520 = CARTESIAN_POINT('',(0.537564434702,-2.5,2.5));
#4521 = ( BOUNDED_CURVE() B_SPLINE_CURVE(3,(#4522,#4523,#4524,#4525),
.UNSPECIFIED.,.F.,.F.) B_SPLINE_CURVE_WITH_KNOTS((4,4),(2.426863230384,
3.14159265359),.PIECEWISE_BEZIER_KNOTS.) CURVE() 
GEOMETRIC_REPRESENTATION_ITEM() RATIONAL_B_SPLINE_CURVE((1.,
0.957881278015,0.957881278015,1.)) REPRESENTATION_ITEM('') );
#4522 = CARTESIAN_POINT('',(0.521170673993,-2.438817652107,
    2.663853270498));
#4523 = CARTESIAN_POINT('',(0.531859566021,-2.478709140232,
    2.617883988933));
#4524 = CARTESIAN_POINT('',(0.537564434702,-2.5,2.560864650434));
#4525 = CARTESIAN_POINT('',(0.537564434702,-2.5,2.5));
#4526 = ORIENTED_EDGE('',*,*,#4527,.F.);
#4527 = EDGE_CURVE('',#4528,#4519,#4530,.T.);
#4528 = VERTEX_POINT('',#4529);
#4529 = CARTESIAN_POINT('',(1.112435565298,-2.5,2.5));
#4530 = LINE('',#4531,#4532);
#4531 = CARTESIAN_POINT('',(1.3,-2.5,2.5));
#4532 = VECTOR('',#4533,1.);
#4533 = DIRECTION('',(-1.,-0.,-0.));
#4534 = ORIENTED_EDGE('',*,*,#4535,.T.);
#4535 = EDGE_CURVE('',#4528,#4496,#4536,.T.);
#4536 = ( BOUNDED_CURVE() B_SPLINE_CURVE(3,(#4537,#4538,#4539,#4540),
.UNSPECIFIED.,.F.,.F.) B_SPLINE_CURVE_WITH_KNOTS((4,4),(0.,
0.714729423206),.PIECEWISE_BEZIER_KNOTS.) CURVE() 
GEOMETRIC_REPRESENTATION_ITEM() RATIONAL_B_SPLINE_CURVE((1.,
0.957881278015,0.957881278015,1.)) REPRESENTATION_ITEM('') );
#4537 = CARTESIAN_POINT('',(1.112435565298,-2.5,2.5));
#4538 = CARTESIAN_POINT('',(1.112435565298,-2.5,2.560864650434));
#4539 = CARTESIAN_POINT('',(1.118140433979,-2.478709140232,
    2.617883988933));
#4540 = CARTESIAN_POINT('',(1.128829326007,-2.438817652107,
    2.663853270498));
#4541 = CYLINDRICAL_SURFACE('',#4542,0.25);
#4542 = AXIS2_PLACEMENT_3D('',#4543,#4544,#4545);
#4543 = CARTESIAN_POINT('',(1.3,-2.25,2.5));
#4544 = DIRECTION('',(-1.,-0.,-0.));
#4545 = DIRECTION('',(-0.,0.,1.));
#4546 = ADVANCED_FACE('',(#4547),#4572,.F.);
#4547 = FACE_BOUND('',#4548,.T.);
#4548 = EDGE_LOOP('',(#4549,#4550,#4558,#4566));
#4549 = ORIENTED_EDGE('',*,*,#4527,.T.);
#4550 = ORIENTED_EDGE('',*,*,#4551,.F.);
#4551 = EDGE_CURVE('',#4552,#4519,#4554,.T.);
#4552 = VERTEX_POINT('',#4553);
#4553 = CARTESIAN_POINT('',(0.537564434702,-2.5,2.45));
#4554 = LINE('',#4555,#4556);
#4555 = CARTESIAN_POINT('',(0.537564434702,-2.5,-3.4));
#4556 = VECTOR('',#4557,1.);
#4557 = DIRECTION('',(-0.,-0.,1.));
#4558 = ORIENTED_EDGE('',*,*,#4559,.F.);
#4559 = EDGE_CURVE('',#4560,#4552,#4562,.T.);
#4560 = VERTEX_POINT('',#4561);
#4561 = CARTESIAN_POINT('',(1.112435565298,-2.5,2.45));
#4562 = LINE('',#4563,#4564);
#4563 = CARTESIAN_POINT('',(1.3,-2.5,2.45));
#4564 = VECTOR('',#4565,1.);
#4565 = DIRECTION('',(-1.,-0.,-0.));
#4566 = ORIENTED_EDGE('',*,*,#4567,.T.);
#4567 = EDGE_CURVE('',#4560,#4528,#4568,.T.);
#4568 = LINE('',#4569,#4570);
#4569 = CARTESIAN_POINT('',(1.112435565298,-2.5,-3.4));
#4570 = VECTOR('',#4571,1.);
#4571 = DIRECTION('',(-0.,-0.,1.));
#4572 = PLANE('',#4573);
#4573 = AXIS2_PLACEMENT_3D('',#4574,#4575,#4576);
#4574 = CARTESIAN_POINT('',(1.3,-2.5,2.45));
#4575 = DIRECTION('',(0.,1.,0.));
#4576 = DIRECTION('',(0.,-0.,1.));
#4577 = ADVANCED_FACE('',(#4578),#4605,.T.);
#4578 = FACE_BOUND('',#4579,.T.);
#4579 = EDGE_LOOP('',(#4580,#4581,#4590,#4598));
#4580 = ORIENTED_EDGE('',*,*,#4559,.T.);
#4581 = ORIENTED_EDGE('',*,*,#4582,.T.);
#4582 = EDGE_CURVE('',#4552,#4583,#4585,.T.);
#4583 = VERTEX_POINT('',#4584);
#4584 = CARTESIAN_POINT('',(0.470577136594,-2.25,2.2));
#4585 = ( BOUNDED_CURVE() B_SPLINE_CURVE(3,(#4586,#4587,#4588,#4589),
.UNSPECIFIED.,.F.,.F.) B_SPLINE_CURVE_WITH_KNOTS((4,4),(3.14159265359,
4.712388980385),.PIECEWISE_BEZIER_KNOTS.) CURVE() 
GEOMETRIC_REPRESENTATION_ITEM() RATIONAL_B_SPLINE_CURVE((1.,
0.804737854124,0.804737854124,1.)) REPRESENTATION_ITEM('') );
#4586 = CARTESIAN_POINT('',(0.537564434702,-2.5,2.45));
#4587 = CARTESIAN_POINT('',(0.537564434702,-2.5,2.303553390593));
#4588 = CARTESIAN_POINT('',(0.509817387319,-2.396446609407,2.2));
#4589 = CARTESIAN_POINT('',(0.470577136594,-2.25,2.2));
#4590 = ORIENTED_EDGE('',*,*,#4591,.F.);
#4591 = EDGE_CURVE('',#4592,#4583,#4594,.T.);
#4592 = VERTEX_POINT('',#4593);
#4593 = CARTESIAN_POINT('',(1.179422863406,-2.25,2.2));
#4594 = LINE('',#4595,#4596);
#4595 = CARTESIAN_POINT('',(1.3,-2.25,2.2));
#4596 = VECTOR('',#4597,1.);
#4597 = DIRECTION('',(-1.,-0.,-0.));
#4598 = ORIENTED_EDGE('',*,*,#4599,.T.);
#4599 = EDGE_CURVE('',#4592,#4560,#4600,.T.);
#4600 = ( BOUNDED_CURVE() B_SPLINE_CURVE(3,(#4601,#4602,#4603,#4604),
.UNSPECIFIED.,.F.,.F.) B_SPLINE_CURVE_WITH_KNOTS((4,4),(4.712388980385,
6.28318530718),.PIECEWISE_BEZIER_KNOTS.) CURVE() 
GEOMETRIC_REPRESENTATION_ITEM() RATIONAL_B_SPLINE_CURVE((1.,
0.804737854124,0.804737854124,1.)) REPRESENTATION_ITEM('') );
#4601 = CARTESIAN_POINT('',(1.179422863406,-2.25,2.2));
#4602 = CARTESIAN_POINT('',(1.140182612681,-2.396446609407,2.2));
#4603 = CARTESIAN_POINT('',(1.112435565298,-2.5,2.303553390593));
#4604 = CARTESIAN_POINT('',(1.112435565298,-2.5,2.45));
#4605 = CYLINDRICAL_SURFACE('',#4606,0.25);
#4606 = AXIS2_PLACEMENT_3D('',#4607,#4608,#4609);
#4607 = CARTESIAN_POINT('',(1.3,-2.25,2.45));
#4608 = DIRECTION('',(-1.,-0.,-0.));
#4609 = DIRECTION('',(-0.,0.,1.));
#4610 = ADVANCED_FACE('',(#4611),#4652,.F.);
#4611 = FACE_BOUND('',#4612,.T.);
#4612 = EDGE_LOOP('',(#4613,#4614,#4622,#4630,#4638,#4646));
#4613 = ORIENTED_EDGE('',*,*,#4591,.T.);
#4614 = ORIENTED_EDGE('',*,*,#4615,.T.);
#4615 = EDGE_CURVE('',#4583,#4616,#4618,.T.);
#4616 = VERTEX_POINT('',#4617);
#4617 = CARTESIAN_POINT('',(0.35,-1.8,2.2));
#4618 = LINE('',#4619,#4620);
#4619 = CARTESIAN_POINT('',(0.301137933202,-1.617644284148,2.2));
#4620 = VECTOR('',#4621,1.);
#4621 = DIRECTION('',(-0.258819045103,0.965925826289,4.6544839081E-16));
#4622 = ORIENTED_EDGE('',*,*,#4623,.T.);
#4623 = EDGE_CURVE('',#4616,#4624,#4626,.T.);
#4624 = VERTEX_POINT('',#4625);
#4625 = CARTESIAN_POINT('',(0.35,-1.35,2.2));
#4626 = LINE('',#4627,#4628);
#4627 = CARTESIAN_POINT('',(0.35,-1.35,2.2));
#4628 = VECTOR('',#4629,1.);
#4629 = DIRECTION('',(-0.,1.,4.818676322158E-16));
#4630 = ORIENTED_EDGE('',*,*,#4631,.F.);
#4631 = EDGE_CURVE('',#4632,#4624,#4634,.T.);
#4632 = VERTEX_POINT('',#4633);
#4633 = CARTESIAN_POINT('',(1.3,-1.35,2.2));
#4634 = LINE('',#4635,#4636);
#4635 = CARTESIAN_POINT('',(1.3,-1.35,2.2));
#4636 = VECTOR('',#4637,1.);
#4637 = DIRECTION('',(-1.,-0.,-0.));
#4638 = ORIENTED_EDGE('',*,*,#4639,.F.);
#4639 = EDGE_CURVE('',#4640,#4632,#4642,.T.);
#4640 = VERTEX_POINT('',#4641);
#4641 = CARTESIAN_POINT('',(1.3,-1.8,2.2));
#4642 = LINE('',#4643,#4644);
#4643 = CARTESIAN_POINT('',(1.3,-1.35,2.2));
#4644 = VECTOR('',#4645,1.);
#4645 = DIRECTION('',(-0.,1.,4.818676322158E-16));
#4646 = ORIENTED_EDGE('',*,*,#4647,.T.);
#4647 = EDGE_CURVE('',#4640,#4592,#4648,.T.);
#4648 = LINE('',#4649,#4650);
#4649 = CARTESIAN_POINT('',(1.4125,-1.380144284149,2.2));
#4650 = VECTOR('',#4651,1.);
#4651 = DIRECTION('',(-0.258819045103,-0.965925826289,-4.6544839081E-16)
  );
#4652 = PLANE('',#4653);
#4653 = AXIS2_PLACEMENT_3D('',#4654,#4655,#4656);
#4654 = CARTESIAN_POINT('',(1.3,-1.35,2.2));
#4655 = DIRECTION('',(0.,-4.818676322158E-16,1.));
#4656 = DIRECTION('',(0.,-1.,-4.818676322158E-16));
#4657 = ADVANCED_FACE('',(#4658),#4685,.F.);
#4658 = FACE_BOUND('',#4659,.F.);
#4659 = EDGE_LOOP('',(#4660,#4661,#4670,#4678));
#4660 = ORIENTED_EDGE('',*,*,#4631,.F.);
#4661 = ORIENTED_EDGE('',*,*,#4662,.T.);
#4662 = EDGE_CURVE('',#4632,#4663,#4665,.T.);
#4663 = VERTEX_POINT('',#4664);
#4664 = CARTESIAN_POINT('',(1.3,-1.296417009262,2.194190219099));
#4665 = CIRCLE('',#4666,0.25);
#4666 = AXIS2_PLACEMENT_3D('',#4667,#4668,#4669);
#4667 = CARTESIAN_POINT('',(1.3,-1.35,1.95));
#4668 = DIRECTION('',(-1.,-0.,-0.));
#4669 = DIRECTION('',(0.,0.,-1.));
#4670 = ORIENTED_EDGE('',*,*,#4671,.T.);
#4671 = EDGE_CURVE('',#4663,#4672,#4674,.T.);
#4672 = VERTEX_POINT('',#4673);
#4673 = CARTESIAN_POINT('',(0.35,-1.296417009262,2.194190219099));
#4674 = LINE('',#4675,#4676);
#4675 = CARTESIAN_POINT('',(1.3,-1.296417009262,2.194190219099));
#4676 = VECTOR('',#4677,1.);
#4677 = DIRECTION('',(-1.,-0.,-0.));
#4678 = ORIENTED_EDGE('',*,*,#4679,.F.);
#4679 = EDGE_CURVE('',#4624,#4672,#4680,.T.);
#4680 = CIRCLE('',#4681,0.25);
#4681 = AXIS2_PLACEMENT_3D('',#4682,#4683,#4684);
#4682 = CARTESIAN_POINT('',(0.35,-1.35,1.95));
#4683 = DIRECTION('',(-1.,-0.,-0.));
#4684 = DIRECTION('',(0.,0.,-1.));
#4685 = CYLINDRICAL_SURFACE('',#4686,0.25);
#4686 = AXIS2_PLACEMENT_3D('',#4687,#4688,#4689);
#4687 = CARTESIAN_POINT('',(1.3,-1.35,1.95));
#4688 = DIRECTION('',(-1.,-0.,-0.));
#4689 = DIRECTION('',(-0.,0.,1.));
#4690 = ADVANCED_FACE('',(#4691),#4707,.F.);
#4691 = FACE_BOUND('',#4692,.T.);
#4692 = EDGE_LOOP('',(#4693,#4699,#4700,#4706));
#4693 = ORIENTED_EDGE('',*,*,#4694,.T.);
#4694 = EDGE_CURVE('',#4672,#2781,#4695,.T.);
#4695 = LINE('',#4696,#4697);
#4696 = CARTESIAN_POINT('',(0.35,0.5,1.8));
#4697 = VECTOR('',#4698,1.);
#4698 = DIRECTION('',(-0.,0.976760876396,-0.214331962951));
#4699 = ORIENTED_EDGE('',*,*,#2780,.F.);
#4700 = ORIENTED_EDGE('',*,*,#4701,.F.);
#4701 = EDGE_CURVE('',#4663,#2773,#4702,.T.);
#4702 = LINE('',#4703,#4704);
#4703 = CARTESIAN_POINT('',(1.3,0.5,1.8));
#4704 = VECTOR('',#4705,1.);
#4705 = DIRECTION('',(-0.,0.976760876396,-0.214331962951));
#4706 = ORIENTED_EDGE('',*,*,#4671,.T.);
#4707 = PLANE('',#4708);
#4708 = AXIS2_PLACEMENT_3D('',#4709,#4710,#4711);
#4709 = CARTESIAN_POINT('',(1.3,0.5,1.8));
#4710 = DIRECTION('',(-0.,0.214331962951,0.976760876396));
#4711 = DIRECTION('',(0.,-0.976760876396,0.214331962951));
#4712 = ADVANCED_FACE('',(#4713),#4729,.F.);
#4713 = FACE_BOUND('',#4714,.T.);
#4714 = EDGE_LOOP('',(#4715,#4716,#4722,#4723,#4724,#4725,#4726,#4727,
    #4728));
#4715 = ORIENTED_EDGE('',*,*,#4471,.T.);
#4716 = ORIENTED_EDGE('',*,*,#4717,.F.);
#4717 = EDGE_CURVE('',#4640,#4464,#4718,.T.);
#4718 = LINE('',#4719,#4720);
#4719 = CARTESIAN_POINT('',(1.3,-1.8,-3.4));
#4720 = VECTOR('',#4721,1.);
#4721 = DIRECTION('',(-0.,-0.,1.));
#4722 = ORIENTED_EDGE('',*,*,#4639,.T.);
#4723 = ORIENTED_EDGE('',*,*,#4662,.T.);
#4724 = ORIENTED_EDGE('',*,*,#4701,.T.);
#4725 = ORIENTED_EDGE('',*,*,#3299,.T.);
#4726 = ORIENTED_EDGE('',*,*,#3259,.T.);
#4727 = ORIENTED_EDGE('',*,*,#3795,.T.);
#4728 = ORIENTED_EDGE('',*,*,#4440,.T.);
#4729 = PLANE('',#4730);
#4730 = AXIS2_PLACEMENT_3D('',#4731,#4732,#4733);
#4731 = CARTESIAN_POINT('',(1.3,-2.25,2.5));
#4732 = DIRECTION('',(-1.,-0.,0.));
#4733 = DIRECTION('',(0.,0.,1.));
#4734 = ADVANCED_FACE('',(#4735),#4751,.T.);
#4735 = FACE_BOUND('',#4736,.T.);
#4736 = EDGE_LOOP('',(#4737,#4743,#4744,#4745,#4746,#4747,#4748,#4749,
    #4750));
#4737 = ORIENTED_EDGE('',*,*,#4738,.T.);
#4738 = EDGE_CURVE('',#4616,#4456,#4739,.T.);
#4739 = LINE('',#4740,#4741);
#4740 = CARTESIAN_POINT('',(0.35,-1.8,-3.4));
#4741 = VECTOR('',#4742,1.);
#4742 = DIRECTION('',(-0.,-0.,1.));
#4743 = ORIENTED_EDGE('',*,*,#4455,.F.);
#4744 = ORIENTED_EDGE('',*,*,#4424,.F.);
#4745 = ORIENTED_EDGE('',*,*,#3779,.F.);
#4746 = ORIENTED_EDGE('',*,*,#4302,.F.);
#4747 = ORIENTED_EDGE('',*,*,#4331,.F.);
#4748 = ORIENTED_EDGE('',*,*,#4694,.F.);
#4749 = ORIENTED_EDGE('',*,*,#4679,.F.);
#4750 = ORIENTED_EDGE('',*,*,#4623,.F.);
#4751 = PLANE('',#4752);
#4752 = AXIS2_PLACEMENT_3D('',#4753,#4754,#4755);
#4753 = CARTESIAN_POINT('',(0.35,-2.25,2.5));
#4754 = DIRECTION('',(-1.,-0.,0.));
#4755 = DIRECTION('',(0.,0.,1.));
#4756 = ADVANCED_FACE('',(#4757),#4791,.F.);
#4757 = FACE_BOUND('',#4758,.T.);
#4758 = EDGE_LOOP('',(#4759,#4769,#4777,#4785));
#4759 = ORIENTED_EDGE('',*,*,#4760,.T.);
#4760 = EDGE_CURVE('',#4761,#4763,#4765,.T.);
#4761 = VERTEX_POINT('',#4762);
#4762 = CARTESIAN_POINT('',(0.35,-1.8,-3.4));
#4763 = VERTEX_POINT('',#4764);
#4764 = CARTESIAN_POINT('',(0.35,-1.35,-3.4));
#4765 = LINE('',#4766,#4767);
#4766 = CARTESIAN_POINT('',(0.35,-1.8,-3.4));
#4767 = VECTOR('',#4768,1.);
#4768 = DIRECTION('',(0.,1.,0.));
#4769 = ORIENTED_EDGE('',*,*,#4770,.F.);
#4770 = EDGE_CURVE('',#4771,#4763,#4773,.T.);
#4771 = VERTEX_POINT('',#4772);
#4772 = CARTESIAN_POINT('',(1.3,-1.35,-3.4));
#4773 = LINE('',#4774,#4775);
#4774 = CARTESIAN_POINT('',(1.3,-1.35,-3.4));
#4775 = VECTOR('',#4776,1.);
#4776 = DIRECTION('',(-1.,-0.,-0.));
#4777 = ORIENTED_EDGE('',*,*,#4778,.F.);
#4778 = EDGE_CURVE('',#4779,#4771,#4781,.T.);
#4779 = VERTEX_POINT('',#4780);
#4780 = CARTESIAN_POINT('',(1.3,-1.8,-3.4));
#4781 = LINE('',#4782,#4783);
#4782 = CARTESIAN_POINT('',(1.3,-1.8,-3.4));
#4783 = VECTOR('',#4784,1.);
#4784 = DIRECTION('',(0.,1.,0.));
#4785 = ORIENTED_EDGE('',*,*,#4786,.T.);
#4786 = EDGE_CURVE('',#4779,#4761,#4787,.T.);
#4787 = LINE('',#4788,#4789);
#4788 = CARTESIAN_POINT('',(1.3,-1.8,-3.4));
#4789 = VECTOR('',#4790,1.);
#4790 = DIRECTION('',(-1.,-0.,-0.));
#4791 = PLANE('',#4792);
#4792 = AXIS2_PLACEMENT_3D('',#4793,#4794,#4795);
#4793 = CARTESIAN_POINT('',(1.3,-1.8,-3.4));
#4794 = DIRECTION('',(0.,0.,1.));
#4795 = DIRECTION('',(1.,0.,-0.));
#4796 = ADVANCED_FACE('',(#4797),#4813,.F.);
#4797 = FACE_BOUND('',#4798,.T.);
#4798 = EDGE_LOOP('',(#4799,#4805,#4806,#4812));
#4799 = ORIENTED_EDGE('',*,*,#4800,.T.);
#4800 = EDGE_CURVE('',#4763,#3368,#4801,.T.);
#4801 = LINE('',#4802,#4803);
#4802 = CARTESIAN_POINT('',(0.35,-1.35,-3.4));
#4803 = VECTOR('',#4804,1.);
#4804 = DIRECTION('',(0.,0.371390676354,0.928476690885));
#4805 = ORIENTED_EDGE('',*,*,#3367,.F.);
#4806 = ORIENTED_EDGE('',*,*,#4807,.F.);
#4807 = EDGE_CURVE('',#4771,#3360,#4808,.T.);
#4808 = LINE('',#4809,#4810);
#4809 = CARTESIAN_POINT('',(1.3,-1.35,-3.4));
#4810 = VECTOR('',#4811,1.);
#4811 = DIRECTION('',(0.,0.371390676354,0.928476690885));
#4812 = ORIENTED_EDGE('',*,*,#4770,.T.);
#4813 = PLANE('',#4814);
#4814 = AXIS2_PLACEMENT_3D('',#4815,#4816,#4817);
#4815 = CARTESIAN_POINT('',(1.3,-1.35,-3.4));
#4816 = DIRECTION('',(0.,-0.928476690885,0.371390676354));
#4817 = DIRECTION('',(0.,-0.371390676354,-0.928476690885));
#4818 = ADVANCED_FACE('',(#4819),#4844,.F.);
#4819 = FACE_BOUND('',#4820,.T.);
#4820 = EDGE_LOOP('',(#4821,#4829,#4837,#4843));
#4821 = ORIENTED_EDGE('',*,*,#4822,.T.);
#4822 = EDGE_CURVE('',#2886,#4823,#4825,.T.);
#4823 = VERTEX_POINT('',#4824);
#4824 = CARTESIAN_POINT('',(0.35,-1.296417009262,-2.194190219099));
#4825 = LINE('',#4826,#4827);
#4826 = CARTESIAN_POINT('',(0.35,0.5,-1.8));
#4827 = VECTOR('',#4828,1.);
#4828 = DIRECTION('',(0.,-0.976760876396,-0.214331962951));
#4829 = ORIENTED_EDGE('',*,*,#4830,.F.);
#4830 = EDGE_CURVE('',#4831,#4823,#4833,.T.);
#4831 = VERTEX_POINT('',#4832);
#4832 = CARTESIAN_POINT('',(1.3,-1.296417009262,-2.194190219099));
#4833 = LINE('',#4834,#4835);
#4834 = CARTESIAN_POINT('',(1.3,-1.296417009262,-2.194190219099));
#4835 = VECTOR('',#4836,1.);
#4836 = DIRECTION('',(-1.,-0.,-0.));
#4837 = ORIENTED_EDGE('',*,*,#4838,.F.);
#4838 = EDGE_CURVE('',#2894,#4831,#4839,.T.);
#4839 = LINE('',#4840,#4841);
#4840 = CARTESIAN_POINT('',(1.3,0.5,-1.8));
#4841 = VECTOR('',#4842,1.);
#4842 = DIRECTION('',(0.,-0.976760876396,-0.214331962951));
#4843 = ORIENTED_EDGE('',*,*,#2893,.T.);
#4844 = PLANE('',#4845);
#4845 = AXIS2_PLACEMENT_3D('',#4846,#4847,#4848);
#4846 = CARTESIAN_POINT('',(1.3,0.5,-1.8));
#4847 = DIRECTION('',(0.,0.214331962951,-0.976760876396));
#4848 = DIRECTION('',(0.,0.976760876396,0.214331962951));
#4849 = ADVANCED_FACE('',(#4850),#4877,.F.);
#4850 = FACE_BOUND('',#4851,.F.);
#4851 = EDGE_LOOP('',(#4852,#4853,#4862,#4870));
#4852 = ORIENTED_EDGE('',*,*,#4830,.F.);
#4853 = ORIENTED_EDGE('',*,*,#4854,.T.);
#4854 = EDGE_CURVE('',#4831,#4855,#4857,.T.);
#4855 = VERTEX_POINT('',#4856);
#4856 = CARTESIAN_POINT('',(1.3,-1.35,-2.2));
#4857 = CIRCLE('',#4858,0.25);
#4858 = AXIS2_PLACEMENT_3D('',#4859,#4860,#4861);
#4859 = CARTESIAN_POINT('',(1.3,-1.35,-1.95));
#4860 = DIRECTION('',(-1.,-0.,0.));
#4861 = DIRECTION('',(0.,0.,1.));
#4862 = ORIENTED_EDGE('',*,*,#4863,.T.);
#4863 = EDGE_CURVE('',#4855,#4864,#4866,.T.);
#4864 = VERTEX_POINT('',#4865);
#4865 = CARTESIAN_POINT('',(0.35,-1.35,-2.2));
#4866 = LINE('',#4867,#4868);
#4867 = CARTESIAN_POINT('',(1.3,-1.35,-2.2));
#4868 = VECTOR('',#4869,1.);
#4869 = DIRECTION('',(-1.,-0.,-0.));
#4870 = ORIENTED_EDGE('',*,*,#4871,.F.);
#4871 = EDGE_CURVE('',#4823,#4864,#4872,.T.);
#4872 = CIRCLE('',#4873,0.25);
#4873 = AXIS2_PLACEMENT_3D('',#4874,#4875,#4876);
#4874 = CARTESIAN_POINT('',(0.35,-1.35,-1.95));
#4875 = DIRECTION('',(-1.,-0.,0.));
#4876 = DIRECTION('',(0.,0.,1.));
#4877 = CYLINDRICAL_SURFACE('',#4878,0.25);
#4878 = AXIS2_PLACEMENT_3D('',#4879,#4880,#4881);
#4879 = CARTESIAN_POINT('',(1.3,-1.35,-1.95));
#4880 = DIRECTION('',(-1.,-0.,-0.));
#4881 = DIRECTION('',(-0.,0.,1.));
#4882 = ADVANCED_FACE('',(#4883),#4924,.F.);
#4883 = FACE_BOUND('',#4884,.T.);
#4884 = EDGE_LOOP('',(#4885,#4893,#4901,#4909,#4917,#4923));
#4885 = ORIENTED_EDGE('',*,*,#4886,.T.);
#4886 = EDGE_CURVE('',#4864,#4887,#4889,.T.);
#4887 = VERTEX_POINT('',#4888);
#4888 = CARTESIAN_POINT('',(0.35,-1.8,-2.2));
#4889 = LINE('',#4890,#4891);
#4890 = CARTESIAN_POINT('',(0.35,-1.35,-2.2));
#4891 = VECTOR('',#4892,1.);
#4892 = DIRECTION('',(0.,-1.,2.409338161079E-15));
#4893 = ORIENTED_EDGE('',*,*,#4894,.T.);
#4894 = EDGE_CURVE('',#4887,#4895,#4897,.T.);
#4895 = VERTEX_POINT('',#4896);
#4896 = CARTESIAN_POINT('',(0.470577136594,-2.25,-2.2));
#4897 = LINE('',#4898,#4899);
#4898 = CARTESIAN_POINT('',(0.301137933202,-1.617644284148,-2.2));
#4899 = VECTOR('',#4900,1.);
#4900 = DIRECTION('',(0.258819045103,-0.965925826289,2.32724195405E-15)
  );
#4901 = ORIENTED_EDGE('',*,*,#4902,.F.);
#4902 = EDGE_CURVE('',#4903,#4895,#4905,.T.);
#4903 = VERTEX_POINT('',#4904);
#4904 = CARTESIAN_POINT('',(1.179422863406,-2.25,-2.2));
#4905 = LINE('',#4906,#4907);
#4906 = CARTESIAN_POINT('',(1.3,-2.25,-2.2));
#4907 = VECTOR('',#4908,1.);
#4908 = DIRECTION('',(-1.,-0.,-0.));
#4909 = ORIENTED_EDGE('',*,*,#4910,.T.);
#4910 = EDGE_CURVE('',#4903,#4911,#4913,.T.);
#4911 = VERTEX_POINT('',#4912);
#4912 = CARTESIAN_POINT('',(1.3,-1.8,-2.2));
#4913 = LINE('',#4914,#4915);
#4914 = CARTESIAN_POINT('',(1.4125,-1.380144284149,-2.2));
#4915 = VECTOR('',#4916,1.);
#4916 = DIRECTION('',(0.258819045103,0.965925826289,-2.32724195405E-15)
  );
#4917 = ORIENTED_EDGE('',*,*,#4918,.F.);
#4918 = EDGE_CURVE('',#4855,#4911,#4919,.T.);
#4919 = LINE('',#4920,#4921);
#4920 = CARTESIAN_POINT('',(1.3,-1.35,-2.2));
#4921 = VECTOR('',#4922,1.);
#4922 = DIRECTION('',(0.,-1.,2.409338161079E-15));
#4923 = ORIENTED_EDGE('',*,*,#4863,.T.);
#4924 = PLANE('',#4925);
#4925 = AXIS2_PLACEMENT_3D('',#4926,#4927,#4928);
#4926 = CARTESIAN_POINT('',(1.3,-1.35,-2.2));
#4927 = DIRECTION('',(0.,-2.409338161079E-15,-1.));
#4928 = DIRECTION('',(0.,1.,-2.409338161079E-15));
#4929 = ADVANCED_FACE('',(#4930),#4957,.T.);
#4930 = FACE_BOUND('',#4931,.T.);
#4931 = EDGE_LOOP('',(#4932,#4933,#4942,#4950));
#4932 = ORIENTED_EDGE('',*,*,#4902,.T.);
#4933 = ORIENTED_EDGE('',*,*,#4934,.T.);
#4934 = EDGE_CURVE('',#4895,#4935,#4937,.T.);
#4935 = VERTEX_POINT('',#4936);
#4936 = CARTESIAN_POINT('',(0.537564434702,-2.5,-2.45));
#4937 = ( BOUNDED_CURVE() B_SPLINE_CURVE(3,(#4938,#4939,#4940,#4941),
.UNSPECIFIED.,.F.,.F.) B_SPLINE_CURVE_WITH_KNOTS((4,4),(1.570796326795,
3.14159265359),.PIECEWISE_BEZIER_KNOTS.) CURVE() 
GEOMETRIC_REPRESENTATION_ITEM() RATIONAL_B_SPLINE_CURVE((1.,
0.804737854124,0.804737854124,1.)) REPRESENTATION_ITEM('') );
#4938 = CARTESIAN_POINT('',(0.470577136594,-2.25,-2.2));
#4939 = CARTESIAN_POINT('',(0.509817387319,-2.396446609407,-2.2));
#4940 = CARTESIAN_POINT('',(0.537564434702,-2.5,-2.303553390593));
#4941 = CARTESIAN_POINT('',(0.537564434702,-2.5,-2.45));
#4942 = ORIENTED_EDGE('',*,*,#4943,.F.);
#4943 = EDGE_CURVE('',#4944,#4935,#4946,.T.);
#4944 = VERTEX_POINT('',#4945);
#4945 = CARTESIAN_POINT('',(1.112435565298,-2.5,-2.45));
#4946 = LINE('',#4947,#4948);
#4947 = CARTESIAN_POINT('',(1.3,-2.5,-2.45));
#4948 = VECTOR('',#4949,1.);
#4949 = DIRECTION('',(-1.,-0.,-0.));
#4950 = ORIENTED_EDGE('',*,*,#4951,.T.);
#4951 = EDGE_CURVE('',#4944,#4903,#4952,.T.);
#4952 = ( BOUNDED_CURVE() B_SPLINE_CURVE(3,(#4953,#4954,#4955,#4956),
.UNSPECIFIED.,.F.,.F.) B_SPLINE_CURVE_WITH_KNOTS((4,4),(
3.469446951954E-15,1.570796326795),.PIECEWISE_BEZIER_KNOTS.) CURVE() 
GEOMETRIC_REPRESENTATION_ITEM() RATIONAL_B_SPLINE_CURVE((1.,
0.804737854124,0.804737854124,1.)) REPRESENTATION_ITEM('') );
#4953 = CARTESIAN_POINT('',(1.112435565298,-2.5,-2.45));
#4954 = CARTESIAN_POINT('',(1.112435565298,-2.5,-2.303553390593));
#4955 = CARTESIAN_POINT('',(1.140182612681,-2.396446609407,-2.2));
#4956 = CARTESIAN_POINT('',(1.179422863406,-2.25,-2.2));
#4957 = CYLINDRICAL_SURFACE('',#4958,0.25);
#4958 = AXIS2_PLACEMENT_3D('',#4959,#4960,#4961);
#4959 = CARTESIAN_POINT('',(1.3,-2.25,-2.45));
#4960 = DIRECTION('',(-1.,-0.,-0.));
#4961 = DIRECTION('',(-0.,0.,1.));
#4962 = ADVANCED_FACE('',(#4963),#4988,.F.);
#4963 = FACE_BOUND('',#4964,.T.);
#4964 = EDGE_LOOP('',(#4965,#4966,#4974,#4982));
#4965 = ORIENTED_EDGE('',*,*,#4943,.T.);
#4966 = ORIENTED_EDGE('',*,*,#4967,.F.);
#4967 = EDGE_CURVE('',#4968,#4935,#4970,.T.);
#4968 = VERTEX_POINT('',#4969);
#4969 = CARTESIAN_POINT('',(0.537564434702,-2.5,-2.5));
#4970 = LINE('',#4971,#4972);
#4971 = CARTESIAN_POINT('',(0.537564434702,-2.5,-3.4));
#4972 = VECTOR('',#4973,1.);
#4973 = DIRECTION('',(-0.,-0.,1.));
#4974 = ORIENTED_EDGE('',*,*,#4975,.F.);
#4975 = EDGE_CURVE('',#4976,#4968,#4978,.T.);
#4976 = VERTEX_POINT('',#4977);
#4977 = CARTESIAN_POINT('',(1.112435565298,-2.5,-2.5));
#4978 = LINE('',#4979,#4980);
#4979 = CARTESIAN_POINT('',(1.3,-2.5,-2.5));
#4980 = VECTOR('',#4981,1.);
#4981 = DIRECTION('',(-1.,-0.,-0.));
#4982 = ORIENTED_EDGE('',*,*,#4983,.T.);
#4983 = EDGE_CURVE('',#4976,#4944,#4984,.T.);
#4984 = LINE('',#4985,#4986);
#4985 = CARTESIAN_POINT('',(1.112435565298,-2.5,-3.4));
#4986 = VECTOR('',#4987,1.);
#4987 = DIRECTION('',(-0.,-0.,1.));
#4988 = PLANE('',#4989);
#4989 = AXIS2_PLACEMENT_3D('',#4990,#4991,#4992);
#4990 = CARTESIAN_POINT('',(1.3,-2.5,-2.45));
#4991 = DIRECTION('',(-0.,1.,0.));
#4992 = DIRECTION('',(0.,0.,1.));
#4993 = ADVANCED_FACE('',(#4994),#5021,.T.);
#4994 = FACE_BOUND('',#4995,.T.);
#4995 = EDGE_LOOP('',(#4996,#4997,#5006,#5014));
#4996 = ORIENTED_EDGE('',*,*,#4975,.T.);
#4997 = ORIENTED_EDGE('',*,*,#4998,.T.);
#4998 = EDGE_CURVE('',#4968,#4999,#5001,.T.);
#4999 = VERTEX_POINT('',#5000);
#5000 = CARTESIAN_POINT('',(0.521170673993,-2.438817652107,
    -2.663853270498));
#5001 = ( BOUNDED_CURVE() B_SPLINE_CURVE(3,(#5002,#5003,#5004,#5005),
.UNSPECIFIED.,.F.,.F.) B_SPLINE_CURVE_WITH_KNOTS((4,4),(3.14159265359,
3.856322076795),.PIECEWISE_BEZIER_KNOTS.) CURVE() 
GEOMETRIC_REPRESENTATION_ITEM() RATIONAL_B_SPLINE_CURVE((1.,
0.957881278015,0.957881278015,1.)) REPRESENTATION_ITEM('') );
#5002 = CARTESIAN_POINT('',(0.537564434702,-2.5,-2.5));
#5003 = CARTESIAN_POINT('',(0.537564434702,-2.5,-2.560864650434));
#5004 = CARTESIAN_POINT('',(0.531859566021,-2.478709140232,
    -2.617883988933));
#5005 = CARTESIAN_POINT('',(0.521170673993,-2.438817652107,
    -2.663853270498));
#5006 = ORIENTED_EDGE('',*,*,#5007,.F.);
#5007 = EDGE_CURVE('',#5008,#4999,#5010,.T.);
#5008 = VERTEX_POINT('',#5009);
#5009 = CARTESIAN_POINT('',(1.128829326007,-2.438817652107,
    -2.663853270498));
#5010 = LINE('',#5011,#5012);
#5011 = CARTESIAN_POINT('',(1.3,-2.438817652107,-2.663853270498));
#5012 = VECTOR('',#5013,1.);
#5013 = DIRECTION('',(-1.,-0.,-0.));
#5014 = ORIENTED_EDGE('',*,*,#5015,.T.);
#5015 = EDGE_CURVE('',#5008,#4976,#5016,.T.);
#5016 = ( BOUNDED_CURVE() B_SPLINE_CURVE(3,(#5017,#5018,#5019,#5020),
.UNSPECIFIED.,.F.,.F.) B_SPLINE_CURVE_WITH_KNOTS((4,4),(5.568455883974,
6.28318530718),.PIECEWISE_BEZIER_KNOTS.) CURVE() 
GEOMETRIC_REPRESENTATION_ITEM() RATIONAL_B_SPLINE_CURVE((1.,
0.957881278015,0.957881278015,1.)) REPRESENTATION_ITEM('') );
#5017 = CARTESIAN_POINT('',(1.128829326007,-2.438817652107,
    -2.663853270498));
#5018 = CARTESIAN_POINT('',(1.118140433979,-2.478709140232,
    -2.617883988933));
#5019 = CARTESIAN_POINT('',(1.112435565298,-2.5,-2.560864650434));
#5020 = CARTESIAN_POINT('',(1.112435565298,-2.5,-2.5));
#5021 = CYLINDRICAL_SURFACE('',#5022,0.25);
#5022 = AXIS2_PLACEMENT_3D('',#5023,#5024,#5025);
#5023 = CARTESIAN_POINT('',(1.3,-2.25,-2.5));
#5024 = DIRECTION('',(-1.,-0.,-0.));
#5025 = DIRECTION('',(-0.,0.,1.));
#5026 = ADVANCED_FACE('',(#5027),#5043,.F.);
#5027 = FACE_BOUND('',#5028,.T.);
#5028 = EDGE_LOOP('',(#5029,#5030,#5036,#5037));
#5029 = ORIENTED_EDGE('',*,*,#5007,.T.);
#5030 = ORIENTED_EDGE('',*,*,#5031,.T.);
#5031 = EDGE_CURVE('',#4999,#4761,#5032,.T.);
#5032 = LINE('',#5033,#5034);
#5033 = CARTESIAN_POINT('',(0.544472262535,-2.525780364445,
    -2.563641079953));
#5034 = VECTOR('',#5035,1.);
#5035 = DIRECTION('',(-0.172970331041,0.645534063648,-0.743886441098));
#5036 = ORIENTED_EDGE('',*,*,#4786,.F.);
#5037 = ORIENTED_EDGE('',*,*,#5038,.T.);
#5038 = EDGE_CURVE('',#4779,#5008,#5039,.T.);
#5039 = LINE('',#5040,#5041);
#5040 = CARTESIAN_POINT('',(1.133950536114,-2.419705035792,
    -2.685877849729));
#5041 = VECTOR('',#5042,1.);
#5042 = DIRECTION('',(-0.172970331041,-0.645534063648,0.743886441098));
#5043 = PLANE('',#5044);
#5044 = AXIS2_PLACEMENT_3D('',#5045,#5046,#5047);
#5045 = CARTESIAN_POINT('',(1.3,-2.438817652107,-2.663853270498));
#5046 = DIRECTION('',(-0.,0.755270608427,0.655413081992));
#5047 = DIRECTION('',(0.,-0.655413081992,0.755270608427));
#5048 = ADVANCED_FACE('',(#5049),#5065,.F.);
#5049 = FACE_BOUND('',#5050,.T.);
#5050 = EDGE_LOOP('',(#5051,#5052,#5058,#5059,#5060,#5061,#5062,#5063,
    #5064));
#5051 = ORIENTED_EDGE('',*,*,#4918,.T.);
#5052 = ORIENTED_EDGE('',*,*,#5053,.F.);
#5053 = EDGE_CURVE('',#4779,#4911,#5054,.T.);
#5054 = LINE('',#5055,#5056);
#5055 = CARTESIAN_POINT('',(1.3,-1.8,-3.4));
#5056 = VECTOR('',#5057,1.);
#5057 = DIRECTION('',(-0.,-0.,1.));
#5058 = ORIENTED_EDGE('',*,*,#4778,.T.);
#5059 = ORIENTED_EDGE('',*,*,#4807,.T.);
#5060 = ORIENTED_EDGE('',*,*,#3359,.T.);
#5061 = ORIENTED_EDGE('',*,*,#3207,.T.);
#5062 = ORIENTED_EDGE('',*,*,#3237,.T.);
#5063 = ORIENTED_EDGE('',*,*,#4838,.T.);
#5064 = ORIENTED_EDGE('',*,*,#4854,.T.);
#5065 = PLANE('',#5066);
#5066 = AXIS2_PLACEMENT_3D('',#5067,#5068,#5069);
#5067 = CARTESIAN_POINT('',(1.3,-1.35,-1.95));
#5068 = DIRECTION('',(-1.,-0.,0.));
#5069 = DIRECTION('',(0.,0.,1.));
#5070 = ADVANCED_FACE('',(#5071),#5087,.T.);
#5071 = FACE_BOUND('',#5072,.T.);
#5072 = EDGE_LOOP('',(#5073,#5079,#5080,#5081,#5082,#5083,#5084,#5085,
    #5086));
#5073 = ORIENTED_EDGE('',*,*,#5074,.T.);
#5074 = EDGE_CURVE('',#4761,#4887,#5075,.T.);
#5075 = LINE('',#5076,#5077);
#5076 = CARTESIAN_POINT('',(0.35,-1.8,-3.4));
#5077 = VECTOR('',#5078,1.);
#5078 = DIRECTION('',(-0.,-0.,1.));
#5079 = ORIENTED_EDGE('',*,*,#4886,.F.);
#5080 = ORIENTED_EDGE('',*,*,#4871,.F.);
#5081 = ORIENTED_EDGE('',*,*,#4822,.F.);
#5082 = ORIENTED_EDGE('',*,*,#4408,.F.);
#5083 = ORIENTED_EDGE('',*,*,#4383,.F.);
#5084 = ORIENTED_EDGE('',*,*,#3375,.F.);
#5085 = ORIENTED_EDGE('',*,*,#4800,.F.);
#5086 = ORIENTED_EDGE('',*,*,#4760,.F.);
#5087 = PLANE('',#5088);
#5088 = AXIS2_PLACEMENT_3D('',#5089,#5090,#5091);
#5089 = CARTESIAN_POINT('',(0.35,-1.35,-1.95));
#5090 = DIRECTION('',(-1.,-0.,0.));
#5091 = DIRECTION('',(0.,0.,1.));
#5092 = ADVANCED_FACE('',(#5093),#5101,.F.);
#5093 = FACE_BOUND('',#5094,.T.);
#5094 = EDGE_LOOP('',(#5095,#5096,#5097,#5098,#5099,#5100));
#5095 = ORIENTED_EDGE('',*,*,#5074,.F.);
#5096 = ORIENTED_EDGE('',*,*,#5031,.F.);
#5097 = ORIENTED_EDGE('',*,*,#4998,.F.);
#5098 = ORIENTED_EDGE('',*,*,#4967,.T.);
#5099 = ORIENTED_EDGE('',*,*,#4934,.F.);
#5100 = ORIENTED_EDGE('',*,*,#4894,.F.);
#5101 = PLANE('',#5102);
#5102 = AXIS2_PLACEMENT_3D('',#5103,#5104,#5105);
#5103 = CARTESIAN_POINT('',(0.35,-1.8,-3.4));
#5104 = DIRECTION('',(0.965925826289,0.258819045103,0.));
#5105 = DIRECTION('',(-0.258819045103,0.965925826289,0.));
#5106 = ADVANCED_FACE('',(#5107),#5115,.F.);
#5107 = FACE_BOUND('',#5108,.T.);
#5108 = EDGE_LOOP('',(#5109,#5110,#5111,#5112,#5113,#5114));
#5109 = ORIENTED_EDGE('',*,*,#4951,.F.);
#5110 = ORIENTED_EDGE('',*,*,#4983,.F.);
#5111 = ORIENTED_EDGE('',*,*,#5015,.F.);
#5112 = ORIENTED_EDGE('',*,*,#5038,.F.);
#5113 = ORIENTED_EDGE('',*,*,#5053,.T.);
#5114 = ORIENTED_EDGE('',*,*,#4910,.F.);
#5115 = PLANE('',#5116);
#5116 = AXIS2_PLACEMENT_3D('',#5117,#5118,#5119);
#5117 = CARTESIAN_POINT('',(1.3,-1.8,-3.4));
#5118 = DIRECTION('',(-0.965925826289,0.258819045103,0.));
#5119 = DIRECTION('',(-0.258819045103,-0.965925826289,0.));
#5120 = ADVANCED_FACE('',(#5121),#5129,.F.);
#5121 = FACE_BOUND('',#5122,.T.);
#5122 = EDGE_LOOP('',(#5123,#5124,#5125,#5126,#5127,#5128));
#5123 = ORIENTED_EDGE('',*,*,#4738,.F.);
#5124 = ORIENTED_EDGE('',*,*,#4615,.F.);
#5125 = ORIENTED_EDGE('',*,*,#4582,.F.);
#5126 = ORIENTED_EDGE('',*,*,#4551,.T.);
#5127 = ORIENTED_EDGE('',*,*,#4518,.F.);
#5128 = ORIENTED_EDGE('',*,*,#4487,.F.);
#5129 = PLANE('',#5130);
#5130 = AXIS2_PLACEMENT_3D('',#5131,#5132,#5133);
#5131 = CARTESIAN_POINT('',(0.35,-1.8,-3.4));
#5132 = DIRECTION('',(0.965925826289,0.258819045103,0.));
#5133 = DIRECTION('',(-0.258819045103,0.965925826289,0.));
#5134 = ADVANCED_FACE('',(#5135),#5143,.F.);
#5135 = FACE_BOUND('',#5136,.T.);
#5136 = EDGE_LOOP('',(#5137,#5138,#5139,#5140,#5141,#5142));
#5137 = ORIENTED_EDGE('',*,*,#4535,.F.);
#5138 = ORIENTED_EDGE('',*,*,#4567,.F.);
#5139 = ORIENTED_EDGE('',*,*,#4599,.F.);
#5140 = ORIENTED_EDGE('',*,*,#4647,.F.);
#5141 = ORIENTED_EDGE('',*,*,#4717,.T.);
#5142 = ORIENTED_EDGE('',*,*,#4503,.F.);
#5143 = PLANE('',#5144);
#5144 = AXIS2_PLACEMENT_3D('',#5145,#5146,#5147);
#5145 = CARTESIAN_POINT('',(1.3,-1.8,-3.4));
#5146 = DIRECTION('',(-0.965925826289,0.258819045103,0.));
#5147 = DIRECTION('',(-0.258819045103,-0.965925826289,0.));
#5148 = ADVANCED_FACE('',(#5149),#5183,.F.);
#5149 = FACE_BOUND('',#5150,.T.);
#5150 = EDGE_LOOP('',(#5151,#5152,#5160,#5167,#5168,#5177));
#5151 = ORIENTED_EDGE('',*,*,#2990,.F.);
#5152 = ORIENTED_EDGE('',*,*,#5153,.T.);
#5153 = EDGE_CURVE('',#2982,#5154,#5156,.T.);
#5154 = VERTEX_POINT('',#5155);
#5155 = CARTESIAN_POINT('',(-4.271496287372,3.005003820206,-2.6917082763
    ));
#5156 = LINE('',#5157,#5158);
#5157 = CARTESIAN_POINT('',(-2.817495420692,5.081532259756,
    -1.23770740962));
#5158 = VECTOR('',#5159,1.);
#5159 = DIRECTION('',(-0.497542812165,-0.710564775462,-0.497542812165));
#5160 = ORIENTED_EDGE('',*,*,#5161,.T.);
#5161 = EDGE_CURVE('',#5154,#3700,#5162,.T.);
#5162 = ( BOUNDED_CURVE() B_SPLINE_CURVE(3,(#5163,#5164,#5165,#5166),
.UNSPECIFIED.,.F.,.F.) B_SPLINE_CURVE_WITH_KNOTS((4,4),(6.115568426071,
6.28318530718),.PIECEWISE_BEZIER_KNOTS.) CURVE() 
GEOMETRIC_REPRESENTATION_ITEM() RATIONAL_B_SPLINE_CURVE((1.,
0.99766008518,0.99766008518,1.)) REPRESENTATION_ITEM('') );
#5163 = CARTESIAN_POINT('',(-4.271496287372,3.005003820206,-2.6917082763
    ));
#5164 = CARTESIAN_POINT('',(-4.273829356585,3.00167185206,
    -2.677919816306));
#5165 = CARTESIAN_POINT('',(-4.275,3.,-2.663984449969));
#5166 = CARTESIAN_POINT('',(-4.275,3.,-2.65));
#5167 = ORIENTED_EDGE('',*,*,#3697,.F.);
#5168 = ORIENTED_EDGE('',*,*,#5169,.T.);
#5169 = EDGE_CURVE('',#3698,#5170,#5172,.T.);
#5170 = VERTEX_POINT('',#5171);
#5171 = CARTESIAN_POINT('',(-4.271496287372,3.005003820206,2.6917082763)
  );
#5172 = ( BOUNDED_CURVE() B_SPLINE_CURVE(3,(#5173,#5174,#5175,#5176),
.UNSPECIFIED.,.F.,.F.) B_SPLINE_CURVE_WITH_KNOTS((4,4),(0.,
0.167616881109),.PIECEWISE_BEZIER_KNOTS.) CURVE() 
GEOMETRIC_REPRESENTATION_ITEM() RATIONAL_B_SPLINE_CURVE((1.,
0.99766008518,0.99766008518,1.)) REPRESENTATION_ITEM('') );
#5173 = CARTESIAN_POINT('',(-4.275,3.,2.65));
#5174 = CARTESIAN_POINT('',(-4.275,3.,2.663984449969));
#5175 = CARTESIAN_POINT('',(-4.273829356585,3.00167185206,2.677919816306
    ));
#5176 = CARTESIAN_POINT('',(-4.271496287372,3.005003820206,2.6917082763)
  );
#5177 = ORIENTED_EDGE('',*,*,#5178,.T.);
#5178 = EDGE_CURVE('',#5170,#2991,#5179,.T.);
#5179 = LINE('',#5180,#5181);
#5180 = CARTESIAN_POINT('',(-2.817495420692,5.081532259756,1.23770740962
    ));
#5181 = VECTOR('',#5182,1.);
#5182 = DIRECTION('',(0.497542812165,0.710564775462,-0.497542812165));
#5183 = PLANE('',#5184);
#5184 = AXIS2_PLACEMENT_3D('',#5185,#5186,#5187);
#5185 = CARTESIAN_POINT('',(-3.224688692685,4.5,0.));
#5186 = DIRECTION('',(0.819152044289,-0.573576436351,0.));
#5187 = DIRECTION('',(0.,0.,1.));
#5188 = ADVANCED_FACE('',(#5189),#5238,.F.);
#5189 = FACE_BOUND('',#5190,.T.);
#5190 = EDGE_LOOP('',(#5191,#5192,#5198,#5199,#5207,#5215,#5221,#5222,
    #5230,#5237));
#5191 = ORIENTED_EDGE('',*,*,#3845,.F.);
#5192 = ORIENTED_EDGE('',*,*,#5193,.T.);
#5193 = EDGE_CURVE('',#3837,#4128,#5194,.T.);
#5194 = LINE('',#5195,#5196);
#5195 = CARTESIAN_POINT('',(3.513872138562,6.150979859496,0.693660149634
    ));
#5196 = VECTOR('',#5197,1.);
#5197 = DIRECTION('',(-0.497542812165,0.710564775462,-0.497542812165));
#5198 = ORIENTED_EDGE('',*,*,#4127,.F.);
#5199 = ORIENTED_EDGE('',*,*,#5200,.T.);
#5200 = EDGE_CURVE('',#4120,#5201,#5203,.T.);
#5201 = VERTEX_POINT('',#5202);
#5202 = CARTESIAN_POINT('',(0.975,4.999407209439,1.5));
#5203 = LINE('',#5204,#5205);
#5204 = CARTESIAN_POINT('',(0.975,4.999407209439,1.5));
#5205 = VECTOR('',#5206,1.);
#5206 = DIRECTION('',(-0.,0.819152044289,-0.573576436351));
#5207 = ORIENTED_EDGE('',*,*,#5208,.F.);
#5208 = EDGE_CURVE('',#5209,#5201,#5211,.T.);
#5209 = VERTEX_POINT('',#5210);
#5210 = CARTESIAN_POINT('',(0.675,4.999407209439,1.5));
#5211 = LINE('',#5212,#5213);
#5212 = CARTESIAN_POINT('',(0.675,4.999407209439,1.5));
#5213 = VECTOR('',#5214,1.);
#5214 = DIRECTION('',(1.,-0.,-0.));
#5215 = ORIENTED_EDGE('',*,*,#5216,.F.);
#5216 = EDGE_CURVE('',#3008,#5209,#5217,.T.);
#5217 = LINE('',#5218,#5219);
#5218 = CARTESIAN_POINT('',(0.675,4.999407209439,1.5));
#5219 = VECTOR('',#5220,1.);
#5220 = DIRECTION('',(-0.,0.819152044289,-0.573576436351));
#5221 = ORIENTED_EDGE('',*,*,#3007,.F.);
#5222 = ORIENTED_EDGE('',*,*,#5223,.T.);
#5223 = EDGE_CURVE('',#2999,#5224,#5226,.T.);
#5224 = VERTEX_POINT('',#5225);
#5225 = CARTESIAN_POINT('',(-4.0667082763,3.005003820206,2.896496287372)
  );
#5226 = LINE('',#5227,#5228);
#5227 = CARTESIAN_POINT('',(-2.272327740957,5.567644805092,
    1.102115752029));
#5228 = VECTOR('',#5229,1.);
#5229 = DIRECTION('',(-0.497542812165,-0.710564775462,0.497542812165));
#5230 = ORIENTED_EDGE('',*,*,#5231,.T.);
#5231 = EDGE_CURVE('',#5224,#3746,#5232,.T.);
#5232 = ( BOUNDED_CURVE() B_SPLINE_CURVE(3,(#5233,#5234,#5235,#5236),
.UNSPECIFIED.,.F.,.F.) B_SPLINE_CURVE_WITH_KNOTS((4,4),(6.115568426071,
6.28318530718),.PIECEWISE_BEZIER_KNOTS.) CURVE() 
GEOMETRIC_REPRESENTATION_ITEM() RATIONAL_B_SPLINE_CURVE((1.,
0.99766008518,0.99766008518,1.)) REPRESENTATION_ITEM('') );
#5233 = CARTESIAN_POINT('',(-4.0667082763,3.005003820206,2.896496287372)
  );
#5234 = CARTESIAN_POINT('',(-4.052919816306,3.00167185206,2.898829356585
    ));
#5235 = CARTESIAN_POINT('',(-4.038984449969,3.,2.9));
#5236 = CARTESIAN_POINT('',(-4.025,3.,2.9));
#5237 = ORIENTED_EDGE('',*,*,#3743,.F.);
#5238 = PLANE('',#5239);
#5239 = AXIS2_PLACEMENT_3D('',#5240,#5241,#5242);
#5240 = CARTESIAN_POINT('',(-1.876431811959E-16,4.5,1.849688692685));
#5241 = DIRECTION('',(8.30995486329E-17,-0.573576436351,-0.819152044289)
  );
#5242 = DIRECTION('',(1.,-2.947801444302E-33,1.014458173086E-16));
#5243 = ADVANCED_FACE('',(#5244),#5293,.F.);
#5244 = FACE_BOUND('',#5245,.T.);
#5245 = EDGE_LOOP('',(#5246,#5247,#5253,#5254,#5255,#5264,#5270,#5271,
    #5279,#5287));
#5246 = ORIENTED_EDGE('',*,*,#4161,.F.);
#5247 = ORIENTED_EDGE('',*,*,#5248,.T.);
#5248 = EDGE_CURVE('',#4153,#3892,#5249,.T.);
#5249 = LINE('',#5250,#5251);
#5250 = CARTESIAN_POINT('',(3.513872138562,6.150979859496,
    -0.693660149634));
#5251 = VECTOR('',#5252,1.);
#5252 = DIRECTION('',(0.497542812165,-0.710564775462,-0.497542812165));
#5253 = ORIENTED_EDGE('',*,*,#3891,.F.);
#5254 = ORIENTED_EDGE('',*,*,#3422,.F.);
#5255 = ORIENTED_EDGE('',*,*,#5256,.T.);
#5256 = EDGE_CURVE('',#3415,#5257,#5259,.T.);
#5257 = VERTEX_POINT('',#5258);
#5258 = CARTESIAN_POINT('',(-4.0667082763,3.005003820206,-2.896496287372
    ));
#5259 = ( BOUNDED_CURVE() B_SPLINE_CURVE(3,(#5260,#5261,#5262,#5263),
.UNSPECIFIED.,.F.,.F.) B_SPLINE_CURVE_WITH_KNOTS((4,4),(0.,
0.167616881109),.PIECEWISE_BEZIER_KNOTS.) CURVE() 
GEOMETRIC_REPRESENTATION_ITEM() RATIONAL_B_SPLINE_CURVE((1.,
0.99766008518,0.99766008518,1.)) REPRESENTATION_ITEM('') );
#5260 = CARTESIAN_POINT('',(-4.025,3.,-2.9));
#5261 = CARTESIAN_POINT('',(-4.038984449969,3.,-2.9));
#5262 = CARTESIAN_POINT('',(-4.052919816306,3.00167185206,
    -2.898829356585));
#5263 = CARTESIAN_POINT('',(-4.0667082763,3.005003820206,-2.896496287372
    ));
#5264 = ORIENTED_EDGE('',*,*,#5265,.T.);
#5265 = EDGE_CURVE('',#5257,#2974,#5266,.T.);
#5266 = LINE('',#5267,#5268);
#5267 = CARTESIAN_POINT('',(-2.272327740957,5.567644805092,
    -1.102115752029));
#5268 = VECTOR('',#5269,1.);
#5269 = DIRECTION('',(0.497542812165,0.710564775462,0.497542812165));
#5270 = ORIENTED_EDGE('',*,*,#2973,.F.);
#5271 = ORIENTED_EDGE('',*,*,#5272,.F.);
#5272 = EDGE_CURVE('',#5273,#2966,#5275,.T.);
#5273 = VERTEX_POINT('',#5274);
#5274 = CARTESIAN_POINT('',(0.675,4.999407209439,-1.5));
#5275 = LINE('',#5276,#5277);
#5276 = CARTESIAN_POINT('',(0.675,4.5,-1.849688692685));
#5277 = VECTOR('',#5278,1.);
#5278 = DIRECTION('',(-0.,-0.819152044289,-0.573576436351));
#5279 = ORIENTED_EDGE('',*,*,#5280,.T.);
#5280 = EDGE_CURVE('',#5273,#5281,#5283,.T.);
#5281 = VERTEX_POINT('',#5282);
#5282 = CARTESIAN_POINT('',(0.975,4.999407209439,-1.5));
#5283 = LINE('',#5284,#5285);
#5284 = CARTESIAN_POINT('',(0.675,4.999407209439,-1.5));
#5285 = VECTOR('',#5286,1.);
#5286 = DIRECTION('',(1.,-0.,-0.));
#5287 = ORIENTED_EDGE('',*,*,#5288,.T.);
#5288 = EDGE_CURVE('',#5281,#3926,#5289,.T.);
#5289 = LINE('',#5290,#5291);
#5290 = CARTESIAN_POINT('',(0.975,4.5,-1.849688692685));
#5291 = VECTOR('',#5292,1.);
#5292 = DIRECTION('',(-0.,-0.819152044289,-0.573576436351));
#5293 = PLANE('',#5294);
#5294 = AXIS2_PLACEMENT_3D('',#5295,#5296,#5297);
#5295 = CARTESIAN_POINT('',(-1.876431811959E-16,4.5,-1.849688692685));
#5296 = DIRECTION('',(8.30995486329E-17,-0.573576436351,0.819152044289)
  );
#5297 = DIRECTION('',(-1.,2.947801444302E-33,1.014458173086E-16));
#5298 = ADVANCED_FACE('',(#5299),#5317,.F.);
#5299 = FACE_BOUND('',#5300,.T.);
#5300 = EDGE_LOOP('',(#5301,#5302,#5308,#5309,#5315,#5316));
#5301 = ORIENTED_EDGE('',*,*,#3908,.F.);
#5302 = ORIENTED_EDGE('',*,*,#5303,.T.);
#5303 = EDGE_CURVE('',#3900,#4145,#5304,.T.);
#5304 = LINE('',#5305,#5306);
#5305 = CARTESIAN_POINT('',(4.467495420692,5.081532259756,-1.23770740962
    ));
#5306 = VECTOR('',#5307,1.);
#5307 = DIRECTION('',(-0.497542812165,0.710564775462,0.497542812165));
#5308 = ORIENTED_EDGE('',*,*,#4144,.F.);
#5309 = ORIENTED_EDGE('',*,*,#5310,.T.);
#5310 = EDGE_CURVE('',#4136,#3829,#5311,.T.);
#5311 = LINE('',#5312,#5313);
#5312 = CARTESIAN_POINT('',(4.467495420692,5.081532259756,1.23770740962)
  );
#5313 = VECTOR('',#5314,1.);
#5314 = DIRECTION('',(0.497542812165,-0.710564775462,0.497542812165));
#5315 = ORIENTED_EDGE('',*,*,#3826,.F.);
#5316 = ORIENTED_EDGE('',*,*,#3875,.F.);
#5317 = PLANE('',#5318);
#5318 = AXIS2_PLACEMENT_3D('',#5319,#5320,#5321);
#5319 = CARTESIAN_POINT('',(4.874688692685,4.5,0.));
#5320 = DIRECTION('',(-0.819152044289,-0.573576436351,-0.));
#5321 = DIRECTION('',(0.,0.,-1.));
#5322 = ADVANCED_FACE('',(#5323),#5329,.T.);
#5323 = FACE_BOUND('',#5324,.T.);
#5324 = EDGE_LOOP('',(#5325,#5326,#5327,#5328));
#5325 = ORIENTED_EDGE('',*,*,#3899,.F.);
#5326 = ORIENTED_EDGE('',*,*,#5248,.F.);
#5327 = ORIENTED_EDGE('',*,*,#4152,.F.);
#5328 = ORIENTED_EDGE('',*,*,#5303,.F.);
#5329 = CYLINDRICAL_SURFACE('',#5330,0.25);
#5330 = AXIS2_PLACEMENT_3D('',#5331,#5332,#5333);
#5331 = CARTESIAN_POINT('',(4.26270740962,4.938138150668,-1.23770740962)
  );
#5332 = DIRECTION('',(-0.497542812165,0.710564775462,0.497542812165));
#5333 = DIRECTION('',(-0.819152044289,-0.573576436351,1.1109430972E-16)
  );
#5334 = ADVANCED_FACE('',(#5335),#5341,.T.);
#5335 = FACE_BOUND('',#5336,.T.);
#5336 = EDGE_LOOP('',(#5337,#5338,#5339,#5340));
#5337 = ORIENTED_EDGE('',*,*,#4135,.F.);
#5338 = ORIENTED_EDGE('',*,*,#5193,.F.);
#5339 = ORIENTED_EDGE('',*,*,#3836,.F.);
#5340 = ORIENTED_EDGE('',*,*,#5310,.F.);
#5341 = CYLINDRICAL_SURFACE('',#5342,0.25);
#5342 = AXIS2_PLACEMENT_3D('',#5343,#5344,#5345);
#5343 = CARTESIAN_POINT('',(4.26270740962,4.938138150668,1.23770740962)
  );
#5344 = DIRECTION('',(0.497542812165,-0.710564775462,0.497542812165));
#5345 = DIRECTION('',(0.819152044289,0.573576436351,1.1109430972E-16));
#5346 = ADVANCED_FACE('',(#5347),#5361,.T.);
#5347 = FACE_BOUND('',#5348,.T.);
#5348 = EDGE_LOOP('',(#5349,#5350,#5351,#5358,#5359,#5360));
#5349 = ORIENTED_EDGE('',*,*,#3707,.F.);
#5350 = ORIENTED_EDGE('',*,*,#5161,.F.);
#5351 = ORIENTED_EDGE('',*,*,#5352,.F.);
#5352 = EDGE_CURVE('',#5257,#5154,#5353,.T.);
#5353 = ( BOUNDED_CURVE() B_SPLINE_CURVE(3,(#5354,#5355,#5356,#5357),
.UNSPECIFIED.,.F.,.F.) B_SPLINE_CURVE_WITH_KNOTS((4,4),(2.523811371301,
3.759373935879),.PIECEWISE_BEZIER_KNOTS.) CURVE() 
GEOMETRIC_REPRESENTATION_ITEM() RATIONAL_B_SPLINE_CURVE((1.,
0.876777070243,0.876777070243,1.)) REPRESENTATION_ITEM('') );
#5354 = CARTESIAN_POINT('',(-4.0667082763,3.005003820206,-2.896496287372
    ));
#5355 = CARTESIAN_POINT('',(-4.175270682749,3.031237821705,
    -2.878127041765));
#5356 = CARTESIAN_POINT('',(-4.253127041765,3.031237821705,
    -2.800270682749));
#5357 = CARTESIAN_POINT('',(-4.271496287372,3.005003820206,-2.6917082763
    ));
#5358 = ORIENTED_EDGE('',*,*,#5256,.F.);
#5359 = ORIENTED_EDGE('',*,*,#3414,.F.);
#5360 = ORIENTED_EDGE('',*,*,#3667,.F.);
#5361 = CYLINDRICAL_SURFACE('',#5362,0.25);
#5362 = AXIS2_PLACEMENT_3D('',#5363,#5364,#5365);
#5363 = CARTESIAN_POINT('',(-4.025,4.5,-2.65));
#5364 = DIRECTION('',(0.,-1.,0.));
#5365 = DIRECTION('',(0.,0.,-1.));
#5366 = ADVANCED_FACE('',(#5367),#5373,.T.);
#5367 = FACE_BOUND('',#5368,.T.);
#5368 = EDGE_LOOP('',(#5369,#5370,#5371,#5372));
#5369 = ORIENTED_EDGE('',*,*,#5352,.T.);
#5370 = ORIENTED_EDGE('',*,*,#5153,.F.);
#5371 = ORIENTED_EDGE('',*,*,#2981,.F.);
#5372 = ORIENTED_EDGE('',*,*,#5265,.F.);
#5373 = CYLINDRICAL_SURFACE('',#5374,0.25);
#5374 = AXIS2_PLACEMENT_3D('',#5375,#5376,#5377);
#5375 = CARTESIAN_POINT('',(-2.272327740957,5.424250696005,
    -0.897327740957));
#5376 = DIRECTION('',(0.497542812165,0.710564775462,0.497542812165));
#5377 = DIRECTION('',(-0.819152044289,0.573576436351,-3.348289236124E-16
    ));
#5378 = ADVANCED_FACE('',(#5379),#5393,.T.);
#5379 = FACE_BOUND('',#5380,.T.);
#5380 = EDGE_LOOP('',(#5381,#5382,#5383,#5390,#5391,#5392));
#5381 = ORIENTED_EDGE('',*,*,#3753,.F.);
#5382 = ORIENTED_EDGE('',*,*,#5231,.F.);
#5383 = ORIENTED_EDGE('',*,*,#5384,.F.);
#5384 = EDGE_CURVE('',#5170,#5224,#5385,.T.);
#5385 = ( BOUNDED_CURVE() B_SPLINE_CURVE(3,(#5386,#5387,#5388,#5389),
.UNSPECIFIED.,.F.,.F.) B_SPLINE_CURVE_WITH_KNOTS((4,4),(2.523811371301,
3.759373935879),.PIECEWISE_BEZIER_KNOTS.) CURVE() 
GEOMETRIC_REPRESENTATION_ITEM() RATIONAL_B_SPLINE_CURVE((1.,
0.876777070243,0.876777070243,1.)) REPRESENTATION_ITEM('') );
#5386 = CARTESIAN_POINT('',(-4.271496287372,3.005003820206,2.6917082763)
  );
#5387 = CARTESIAN_POINT('',(-4.253127041765,3.031237821705,
    2.800270682749));
#5388 = CARTESIAN_POINT('',(-4.175270682749,3.031237821705,
    2.878127041765));
#5389 = CARTESIAN_POINT('',(-4.0667082763,3.005003820206,2.896496287372)
  );
#5390 = ORIENTED_EDGE('',*,*,#5169,.F.);
#5391 = ORIENTED_EDGE('',*,*,#3729,.F.);
#5392 = ORIENTED_EDGE('',*,*,#3478,.F.);
#5393 = CYLINDRICAL_SURFACE('',#5394,0.25);
#5394 = AXIS2_PLACEMENT_3D('',#5395,#5396,#5397);
#5395 = CARTESIAN_POINT('',(-4.025,4.5,2.65));
#5396 = DIRECTION('',(0.,-1.,0.));
#5397 = DIRECTION('',(0.,0.,-1.));
#5398 = ADVANCED_FACE('',(#5399),#5405,.T.);
#5399 = FACE_BOUND('',#5400,.T.);
#5400 = EDGE_LOOP('',(#5401,#5402,#5403,#5404));
#5401 = ORIENTED_EDGE('',*,*,#2998,.F.);
#5402 = ORIENTED_EDGE('',*,*,#5178,.F.);
#5403 = ORIENTED_EDGE('',*,*,#5384,.T.);
#5404 = ORIENTED_EDGE('',*,*,#5223,.F.);
#5405 = CYLINDRICAL_SURFACE('',#5406,0.25);
#5406 = AXIS2_PLACEMENT_3D('',#5407,#5408,#5409);
#5407 = CARTESIAN_POINT('',(-2.272327740957,5.424250696005,
    0.897327740957));
#5408 = DIRECTION('',(-0.497542812165,-0.710564775462,0.497542812165));
#5409 = DIRECTION('',(0.819152044289,-0.573576436351,-3.348289236124E-16
    ));
#5410 = ADVANCED_FACE('',(#5411),#5417,.T.);
#5411 = FACE_BOUND('',#5412,.T.);
#5412 = EDGE_LOOP('',(#5413,#5414,#5415,#5416));
#5413 = ORIENTED_EDGE('',*,*,#2836,.F.);
#5414 = ORIENTED_EDGE('',*,*,#4227,.F.);
#5415 = ORIENTED_EDGE('',*,*,#3446,.F.);
#5416 = ORIENTED_EDGE('',*,*,#3721,.F.);
#5417 = CYLINDRICAL_SURFACE('',#5418,0.25);
#5418 = AXIS2_PLACEMENT_3D('',#5419,#5420,#5421);
#5419 = CARTESIAN_POINT('',(-4.025,-1.7,2.410479081662));
#5420 = DIRECTION('',(-0.,1.,-0.));
#5421 = DIRECTION('',(0.,0.,1.));
#5422 = ADVANCED_FACE('',(#5423),#5448,.F.);
#5423 = FACE_BOUND('',#5424,.T.);
#5424 = EDGE_LOOP('',(#5425,#5433,#5441,#5447));
#5425 = ORIENTED_EDGE('',*,*,#5426,.T.);
#5426 = EDGE_CURVE('',#5201,#5427,#5429,.T.);
#5427 = VERTEX_POINT('',#5428);
#5428 = CARTESIAN_POINT('',(0.975,6.25,1.5));
#5429 = LINE('',#5430,#5431);
#5430 = CARTESIAN_POINT('',(0.975,6.25,1.5));
#5431 = VECTOR('',#5432,1.);
#5432 = DIRECTION('',(-0.,1.,-0.));
#5433 = ORIENTED_EDGE('',*,*,#5434,.F.);
#5434 = EDGE_CURVE('',#5435,#5427,#5437,.T.);
#5435 = VERTEX_POINT('',#5436);
#5436 = CARTESIAN_POINT('',(0.675,6.25,1.5));
#5437 = LINE('',#5438,#5439);
#5438 = CARTESIAN_POINT('',(0.675,6.25,1.5));
#5439 = VECTOR('',#5440,1.);
#5440 = DIRECTION('',(1.,-0.,-0.));
#5441 = ORIENTED_EDGE('',*,*,#5442,.F.);
#5442 = EDGE_CURVE('',#5209,#5435,#5443,.T.);
#5443 = LINE('',#5444,#5445);
#5444 = CARTESIAN_POINT('',(0.675,6.25,1.5));
#5445 = VECTOR('',#5446,1.);
#5446 = DIRECTION('',(-0.,1.,-0.));
#5447 = ORIENTED_EDGE('',*,*,#5208,.T.);
#5448 = PLANE('',#5449);
#5449 = AXIS2_PLACEMENT_3D('',#5450,#5451,#5452);
#5450 = CARTESIAN_POINT('',(0.675,6.25,1.5));
#5451 = DIRECTION('',(-0.,0.,-1.));
#5452 = DIRECTION('',(-1.,0.,0.));
#5453 = ADVANCED_FACE('',(#5454),#5481,.T.);
#5454 = FACE_BOUND('',#5455,.T.);
#5455 = EDGE_LOOP('',(#5456,#5465,#5473,#5480));
#5456 = ORIENTED_EDGE('',*,*,#5457,.T.);
#5457 = EDGE_CURVE('',#5427,#5458,#5460,.T.);
#5458 = VERTEX_POINT('',#5459);
#5459 = CARTESIAN_POINT('',(0.975,7.2,0.55));
#5460 = CIRCLE('',#5461,0.95);
#5461 = AXIS2_PLACEMENT_3D('',#5462,#5463,#5464);
#5462 = CARTESIAN_POINT('',(0.975,6.25,0.55));
#5463 = DIRECTION('',(-1.,0.,0.));
#5464 = DIRECTION('',(0.,0.,-1.));
#5465 = ORIENTED_EDGE('',*,*,#5466,.F.);
#5466 = EDGE_CURVE('',#5467,#5458,#5469,.T.);
#5467 = VERTEX_POINT('',#5468);
#5468 = CARTESIAN_POINT('',(0.675,7.2,0.55));
#5469 = LINE('',#5470,#5471);
#5470 = CARTESIAN_POINT('',(0.675,7.2,0.55));
#5471 = VECTOR('',#5472,1.);
#5472 = DIRECTION('',(1.,-0.,-0.));
#5473 = ORIENTED_EDGE('',*,*,#5474,.F.);
#5474 = EDGE_CURVE('',#5435,#5467,#5475,.T.);
#5475 = CIRCLE('',#5476,0.95);
#5476 = AXIS2_PLACEMENT_3D('',#5477,#5478,#5479);
#5477 = CARTESIAN_POINT('',(0.675,6.25,0.55));
#5478 = DIRECTION('',(-1.,0.,0.));
#5479 = DIRECTION('',(0.,0.,-1.));
#5480 = ORIENTED_EDGE('',*,*,#5434,.T.);
#5481 = CYLINDRICAL_SURFACE('',#5482,0.95);
#5482 = AXIS2_PLACEMENT_3D('',#5483,#5484,#5485);
#5483 = CARTESIAN_POINT('',(0.675,6.25,0.55));
#5484 = DIRECTION('',(1.,-0.,-0.));
#5485 = DIRECTION('',(0.,0.,-1.));
#5486 = ADVANCED_FACE('',(#5487),#5512,.F.);
#5487 = FACE_BOUND('',#5488,.T.);
#5488 = EDGE_LOOP('',(#5489,#5497,#5505,#5511));
#5489 = ORIENTED_EDGE('',*,*,#5490,.T.);
#5490 = EDGE_CURVE('',#5458,#5491,#5493,.T.);
#5491 = VERTEX_POINT('',#5492);
#5492 = CARTESIAN_POINT('',(0.975,7.2,-0.55));
#5493 = LINE('',#5494,#5495);
#5494 = CARTESIAN_POINT('',(0.975,7.2,-0.55));
#5495 = VECTOR('',#5496,1.);
#5496 = DIRECTION('',(-0.,-0.,-1.));
#5497 = ORIENTED_EDGE('',*,*,#5498,.F.);
#5498 = EDGE_CURVE('',#5499,#5491,#5501,.T.);
#5499 = VERTEX_POINT('',#5500);
#5500 = CARTESIAN_POINT('',(0.675,7.2,-0.55));
#5501 = LINE('',#5502,#5503);
#5502 = CARTESIAN_POINT('',(0.675,7.2,-0.55));
#5503 = VECTOR('',#5504,1.);
#5504 = DIRECTION('',(1.,-0.,-0.));
#5505 = ORIENTED_EDGE('',*,*,#5506,.F.);
#5506 = EDGE_CURVE('',#5467,#5499,#5507,.T.);
#5507 = LINE('',#5508,#5509);
#5508 = CARTESIAN_POINT('',(0.675,7.2,-0.55));
#5509 = VECTOR('',#5510,1.);
#5510 = DIRECTION('',(-0.,-0.,-1.));
#5511 = ORIENTED_EDGE('',*,*,#5466,.T.);
#5512 = PLANE('',#5513);
#5513 = AXIS2_PLACEMENT_3D('',#5514,#5515,#5516);
#5514 = CARTESIAN_POINT('',(0.675,7.2,-0.55));
#5515 = DIRECTION('',(0.,-1.,0.));
#5516 = DIRECTION('',(0.,-0.,-1.));
#5517 = ADVANCED_FACE('',(#5518),#5545,.T.);
#5518 = FACE_BOUND('',#5519,.T.);
#5519 = EDGE_LOOP('',(#5520,#5529,#5537,#5544));
#5520 = ORIENTED_EDGE('',*,*,#5521,.T.);
#5521 = EDGE_CURVE('',#5491,#5522,#5524,.T.);
#5522 = VERTEX_POINT('',#5523);
#5523 = CARTESIAN_POINT('',(0.975,6.25,-1.5));
#5524 = CIRCLE('',#5525,0.95);
#5525 = AXIS2_PLACEMENT_3D('',#5526,#5527,#5528);
#5526 = CARTESIAN_POINT('',(0.975,6.25,-0.55));
#5527 = DIRECTION('',(-1.,0.,0.));
#5528 = DIRECTION('',(0.,0.,-1.));
#5529 = ORIENTED_EDGE('',*,*,#5530,.F.);
#5530 = EDGE_CURVE('',#5531,#5522,#5533,.T.);
#5531 = VERTEX_POINT('',#5532);
#5532 = CARTESIAN_POINT('',(0.675,6.25,-1.5));
#5533 = LINE('',#5534,#5535);
#5534 = CARTESIAN_POINT('',(0.675,6.25,-1.5));
#5535 = VECTOR('',#5536,1.);
#5536 = DIRECTION('',(1.,-0.,-0.));
#5537 = ORIENTED_EDGE('',*,*,#5538,.F.);
#5538 = EDGE_CURVE('',#5499,#5531,#5539,.T.);
#5539 = CIRCLE('',#5540,0.95);
#5540 = AXIS2_PLACEMENT_3D('',#5541,#5542,#5543);
#5541 = CARTESIAN_POINT('',(0.675,6.25,-0.55));
#5542 = DIRECTION('',(-1.,0.,0.));
#5543 = DIRECTION('',(0.,0.,-1.));
#5544 = ORIENTED_EDGE('',*,*,#5498,.T.);
#5545 = CYLINDRICAL_SURFACE('',#5546,0.95);
#5546 = AXIS2_PLACEMENT_3D('',#5547,#5548,#5549);
#5547 = CARTESIAN_POINT('',(0.675,6.25,-0.55));
#5548 = DIRECTION('',(1.,-0.,-0.));
#5549 = DIRECTION('',(0.,0.,-1.));
#5550 = ADVANCED_FACE('',(#5551),#5567,.F.);
#5551 = FACE_BOUND('',#5552,.T.);
#5552 = EDGE_LOOP('',(#5553,#5559,#5560,#5566));
#5553 = ORIENTED_EDGE('',*,*,#5554,.T.);
#5554 = EDGE_CURVE('',#5522,#5281,#5555,.T.);
#5555 = LINE('',#5556,#5557);
#5556 = CARTESIAN_POINT('',(0.975,4.999407209439,-1.5));
#5557 = VECTOR('',#5558,1.);
#5558 = DIRECTION('',(-0.,-1.,-0.));
#5559 = ORIENTED_EDGE('',*,*,#5280,.F.);
#5560 = ORIENTED_EDGE('',*,*,#5561,.F.);
#5561 = EDGE_CURVE('',#5531,#5273,#5562,.T.);
#5562 = LINE('',#5563,#5564);
#5563 = CARTESIAN_POINT('',(0.675,4.999407209439,-1.5));
#5564 = VECTOR('',#5565,1.);
#5565 = DIRECTION('',(-0.,-1.,-0.));
#5566 = ORIENTED_EDGE('',*,*,#5530,.T.);
#5567 = PLANE('',#5568);
#5568 = AXIS2_PLACEMENT_3D('',#5569,#5570,#5571);
#5569 = CARTESIAN_POINT('',(0.675,4.999407209439,-1.5));
#5570 = DIRECTION('',(0.,-0.,1.));
#5571 = DIRECTION('',(1.,0.,0.));
#5572 = ADVANCED_FACE('',(#5573),#5606,.F.);
#5573 = FACE_BOUND('',#5574,.T.);
#5574 = EDGE_LOOP('',(#5575,#5576,#5577,#5578,#5579,#5580,#5581,#5582,
    #5583,#5591,#5599,#5605));
#5575 = ORIENTED_EDGE('',*,*,#5216,.T.);
#5576 = ORIENTED_EDGE('',*,*,#5442,.T.);
#5577 = ORIENTED_EDGE('',*,*,#5474,.T.);
#5578 = ORIENTED_EDGE('',*,*,#5506,.T.);
#5579 = ORIENTED_EDGE('',*,*,#5538,.T.);
#5580 = ORIENTED_EDGE('',*,*,#5561,.T.);
#5581 = ORIENTED_EDGE('',*,*,#5272,.T.);
#5582 = ORIENTED_EDGE('',*,*,#2965,.T.);
#5583 = ORIENTED_EDGE('',*,*,#5584,.F.);
#5584 = EDGE_CURVE('',#5585,#2958,#5587,.T.);
#5585 = VERTEX_POINT('',#5586);
#5586 = CARTESIAN_POINT('',(0.675,4.4,-0.55));
#5587 = LINE('',#5588,#5589);
#5588 = CARTESIAN_POINT('',(0.675,4.4,-0.55));
#5589 = VECTOR('',#5590,1.);
#5590 = DIRECTION('',(-0.,1.,-0.));
#5591 = ORIENTED_EDGE('',*,*,#5592,.F.);
#5592 = EDGE_CURVE('',#5593,#5585,#5595,.T.);
#5593 = VERTEX_POINT('',#5594);
#5594 = CARTESIAN_POINT('',(0.675,4.4,0.55));
#5595 = LINE('',#5596,#5597);
#5596 = CARTESIAN_POINT('',(0.675,4.4,-0.55));
#5597 = VECTOR('',#5598,1.);
#5598 = DIRECTION('',(-0.,-0.,-1.));
#5599 = ORIENTED_EDGE('',*,*,#5600,.T.);
#5600 = EDGE_CURVE('',#5593,#3016,#5601,.T.);
#5601 = LINE('',#5602,#5603);
#5602 = CARTESIAN_POINT('',(0.675,4.4,0.55));
#5603 = VECTOR('',#5604,1.);
#5604 = DIRECTION('',(-0.,1.,-0.));
#5605 = ORIENTED_EDGE('',*,*,#3015,.T.);
#5606 = PLANE('',#5607);
#5607 = AXIS2_PLACEMENT_3D('',#5608,#5609,#5610);
#5608 = CARTESIAN_POINT('',(0.675,6.25,-0.55));
#5609 = DIRECTION('',(1.,0.,-0.));
#5610 = DIRECTION('',(-0.,0.,-1.));
#5611 = ADVANCED_FACE('',(#5612),#5645,.T.);
#5612 = FACE_BOUND('',#5613,.T.);
#5613 = EDGE_LOOP('',(#5614,#5615,#5616,#5624,#5632,#5638,#5639,#5640,
    #5641,#5642,#5643,#5644));
#5614 = ORIENTED_EDGE('',*,*,#5200,.F.);
#5615 = ORIENTED_EDGE('',*,*,#4119,.F.);
#5616 = ORIENTED_EDGE('',*,*,#5617,.F.);
#5617 = EDGE_CURVE('',#5618,#4112,#5620,.T.);
#5618 = VERTEX_POINT('',#5619);
#5619 = CARTESIAN_POINT('',(0.975,4.4,0.55));
#5620 = LINE('',#5621,#5622);
#5621 = CARTESIAN_POINT('',(0.975,4.4,0.55));
#5622 = VECTOR('',#5623,1.);
#5623 = DIRECTION('',(-0.,1.,-0.));
#5624 = ORIENTED_EDGE('',*,*,#5625,.F.);
#5625 = EDGE_CURVE('',#5626,#5618,#5628,.T.);
#5626 = VERTEX_POINT('',#5627);
#5627 = CARTESIAN_POINT('',(0.975,4.4,-0.55));
#5628 = LINE('',#5629,#5630);
#5629 = CARTESIAN_POINT('',(0.975,4.4,-0.55));
#5630 = VECTOR('',#5631,1.);
#5631 = DIRECTION('',(0.,0.,1.));
#5632 = ORIENTED_EDGE('',*,*,#5633,.T.);
#5633 = EDGE_CURVE('',#5626,#3928,#5634,.T.);
#5634 = LINE('',#5635,#5636);
#5635 = CARTESIAN_POINT('',(0.975,4.4,-0.55));
#5636 = VECTOR('',#5637,1.);
#5637 = DIRECTION('',(-0.,1.,-0.));
#5638 = ORIENTED_EDGE('',*,*,#3925,.F.);
#5639 = ORIENTED_EDGE('',*,*,#5288,.F.);
#5640 = ORIENTED_EDGE('',*,*,#5554,.F.);
#5641 = ORIENTED_EDGE('',*,*,#5521,.F.);
#5642 = ORIENTED_EDGE('',*,*,#5490,.F.);
#5643 = ORIENTED_EDGE('',*,*,#5457,.F.);
#5644 = ORIENTED_EDGE('',*,*,#5426,.F.);
#5645 = PLANE('',#5646);
#5646 = AXIS2_PLACEMENT_3D('',#5647,#5648,#5649);
#5647 = CARTESIAN_POINT('',(0.975,6.25,-0.55));
#5648 = DIRECTION('',(1.,0.,-0.));
#5649 = DIRECTION('',(-0.,0.,-1.));
#5650 = ADVANCED_FACE('',(#5651),#5669,.F.);
#5651 = FACE_BOUND('',#5652,.T.);
#5652 = EDGE_LOOP('',(#5653,#5654,#5655,#5663));
#5653 = ORIENTED_EDGE('',*,*,#3935,.T.);
#5654 = ORIENTED_EDGE('',*,*,#5633,.F.);
#5655 = ORIENTED_EDGE('',*,*,#5656,.F.);
#5656 = EDGE_CURVE('',#5657,#5626,#5659,.T.);
#5657 = VERTEX_POINT('',#5658);
#5658 = CARTESIAN_POINT('',(1.177072594216,4.4,-0.9));
#5659 = LINE('',#5660,#5661);
#5660 = CARTESIAN_POINT('',(1.177072594216,4.4,-0.9));
#5661 = VECTOR('',#5662,1.);
#5662 = DIRECTION('',(-0.5,0.,0.866025403784));
#5663 = ORIENTED_EDGE('',*,*,#5664,.T.);
#5664 = EDGE_CURVE('',#5657,#3936,#5665,.T.);
#5665 = LINE('',#5666,#5667);
#5666 = CARTESIAN_POINT('',(1.177072594216,4.4,-0.9));
#5667 = VECTOR('',#5668,1.);
#5668 = DIRECTION('',(-0.,1.,-0.));
#5669 = PLANE('',#5670);
#5670 = AXIS2_PLACEMENT_3D('',#5671,#5672,#5673);
#5671 = CARTESIAN_POINT('',(1.177072594216,4.4,-0.9));
#5672 = DIRECTION('',(-0.866025403784,0.,-0.5));
#5673 = DIRECTION('',(-0.5,0.,0.866025403784));
#5674 = ADVANCED_FACE('',(#5675),#5693,.F.);
#5675 = FACE_BOUND('',#5676,.T.);
#5676 = EDGE_LOOP('',(#5677,#5678,#5679,#5687));
#5677 = ORIENTED_EDGE('',*,*,#3943,.T.);
#5678 = ORIENTED_EDGE('',*,*,#5664,.F.);
#5679 = ORIENTED_EDGE('',*,*,#5680,.F.);
#5680 = EDGE_CURVE('',#5681,#5657,#5683,.T.);
#5681 = VERTEX_POINT('',#5682);
#5682 = CARTESIAN_POINT('',(1.289226196675,4.4,-0.9));
#5683 = LINE('',#5684,#5685);
#5684 = CARTESIAN_POINT('',(1.289226196675,4.4,-0.9));
#5685 = VECTOR('',#5686,1.);
#5686 = DIRECTION('',(-1.,0.,-9.667118565207E-16));
#5687 = ORIENTED_EDGE('',*,*,#5688,.T.);
#5688 = EDGE_CURVE('',#5681,#3944,#5689,.T.);
#5689 = LINE('',#5690,#5691);
#5690 = CARTESIAN_POINT('',(1.289226196675,4.4,-0.9));
#5691 = VECTOR('',#5692,1.);
#5692 = DIRECTION('',(-0.,1.,-0.));
#5693 = PLANE('',#5694);
#5694 = AXIS2_PLACEMENT_3D('',#5695,#5696,#5697);
#5695 = CARTESIAN_POINT('',(1.289226196675,4.4,-0.9));
#5696 = DIRECTION('',(9.667118565207E-16,0.,-1.));
#5697 = DIRECTION('',(-1.,0.,-9.667118565207E-16));
#5698 = ADVANCED_FACE('',(#5699),#5717,.F.);
#5699 = FACE_BOUND('',#5700,.T.);
#5700 = EDGE_LOOP('',(#5701,#5702,#5703,#5711));
#5701 = ORIENTED_EDGE('',*,*,#3951,.T.);
#5702 = ORIENTED_EDGE('',*,*,#5688,.F.);
#5703 = ORIENTED_EDGE('',*,*,#5704,.F.);
#5704 = EDGE_CURVE('',#5705,#5681,#5707,.T.);
#5705 = VERTEX_POINT('',#5706);
#5706 = CARTESIAN_POINT('',(1.575,4.4,-1.185773803325));
#5707 = LINE('',#5708,#5709);
#5708 = CARTESIAN_POINT('',(1.575,4.4,-1.185773803325));
#5709 = VECTOR('',#5710,1.);
#5710 = DIRECTION('',(-0.707106781187,0.,0.707106781187));
#5711 = ORIENTED_EDGE('',*,*,#5712,.T.);
#5712 = EDGE_CURVE('',#5705,#3952,#5713,.T.);
#5713 = LINE('',#5714,#5715);
#5714 = CARTESIAN_POINT('',(1.575,4.4,-1.185773803325));
#5715 = VECTOR('',#5716,1.);
#5716 = DIRECTION('',(-0.,1.,-0.));
#5717 = PLANE('',#5718);
#5718 = AXIS2_PLACEMENT_3D('',#5719,#5720,#5721);
#5719 = CARTESIAN_POINT('',(1.575,4.4,-1.185773803325));
#5720 = DIRECTION('',(-0.707106781187,0.,-0.707106781187));
#5721 = DIRECTION('',(-0.707106781187,0.,0.707106781187));
#5722 = ADVANCED_FACE('',(#5723),#5741,.F.);
#5723 = FACE_BOUND('',#5724,.T.);
#5724 = EDGE_LOOP('',(#5725,#5726,#5727,#5735));
#5725 = ORIENTED_EDGE('',*,*,#3959,.T.);
#5726 = ORIENTED_EDGE('',*,*,#5712,.F.);
#5727 = ORIENTED_EDGE('',*,*,#5728,.F.);
#5728 = EDGE_CURVE('',#5729,#5705,#5731,.T.);
#5729 = VERTEX_POINT('',#5730);
#5730 = CARTESIAN_POINT('',(1.575,4.4,-1.297927405784));
#5731 = LINE('',#5732,#5733);
#5732 = CARTESIAN_POINT('',(1.575,4.4,-1.297927405784));
#5733 = VECTOR('',#5734,1.);
#5734 = DIRECTION('',(0.,0.,1.));
#5735 = ORIENTED_EDGE('',*,*,#5736,.T.);
#5736 = EDGE_CURVE('',#5729,#3960,#5737,.T.);
#5737 = LINE('',#5738,#5739);
#5738 = CARTESIAN_POINT('',(1.575,4.4,-1.297927405784));
#5739 = VECTOR('',#5740,1.);
#5740 = DIRECTION('',(-0.,1.,-0.));
#5741 = PLANE('',#5742);
#5742 = AXIS2_PLACEMENT_3D('',#5743,#5744,#5745);
#5743 = CARTESIAN_POINT('',(1.575,4.4,-1.297927405784));
#5744 = DIRECTION('',(-1.,0.,0.));
#5745 = DIRECTION('',(0.,0.,1.));
#5746 = ADVANCED_FACE('',(#5747),#5765,.F.);
#5747 = FACE_BOUND('',#5748,.T.);
#5748 = EDGE_LOOP('',(#5749,#5750,#5751,#5759));
#5749 = ORIENTED_EDGE('',*,*,#3967,.T.);
#5750 = ORIENTED_EDGE('',*,*,#5736,.F.);
#5751 = ORIENTED_EDGE('',*,*,#5752,.F.);
#5752 = EDGE_CURVE('',#5753,#5729,#5755,.T.);
#5753 = VERTEX_POINT('',#5754);
#5754 = CARTESIAN_POINT('',(1.925,4.4,-1.5));
#5755 = LINE('',#5756,#5757);
#5756 = CARTESIAN_POINT('',(1.925,4.4,-1.5));
#5757 = VECTOR('',#5758,1.);
#5758 = DIRECTION('',(-0.866025403784,0.,0.5));
#5759 = ORIENTED_EDGE('',*,*,#5760,.T.);
#5760 = EDGE_CURVE('',#5753,#3968,#5761,.T.);
#5761 = LINE('',#5762,#5763);
#5762 = CARTESIAN_POINT('',(1.925,4.4,-1.5));
#5763 = VECTOR('',#5764,1.);
#5764 = DIRECTION('',(-0.,1.,-0.));
#5765 = PLANE('',#5766);
#5766 = AXIS2_PLACEMENT_3D('',#5767,#5768,#5769);
#5767 = CARTESIAN_POINT('',(1.925,4.4,-1.5));
#5768 = DIRECTION('',(-0.5,0.,-0.866025403784));
#5769 = DIRECTION('',(-0.866025403784,0.,0.5));
#5770 = ADVANCED_FACE('',(#5771),#5789,.F.);
#5771 = FACE_BOUND('',#5772,.T.);
#5772 = EDGE_LOOP('',(#5773,#5774,#5775,#5783));
#5773 = ORIENTED_EDGE('',*,*,#3975,.T.);
#5774 = ORIENTED_EDGE('',*,*,#5760,.F.);
#5775 = ORIENTED_EDGE('',*,*,#5776,.F.);
#5776 = EDGE_CURVE('',#5777,#5753,#5779,.T.);
#5777 = VERTEX_POINT('',#5778);
#5778 = CARTESIAN_POINT('',(3.625,4.4,-1.5));
#5779 = LINE('',#5780,#5781);
#5780 = CARTESIAN_POINT('',(3.625,4.4,-1.5));
#5781 = VECTOR('',#5782,1.);
#5782 = DIRECTION('',(-1.,0.,2.55106393526E-16));
#5783 = ORIENTED_EDGE('',*,*,#5784,.T.);
#5784 = EDGE_CURVE('',#5777,#3976,#5785,.T.);
#5785 = LINE('',#5786,#5787);
#5786 = CARTESIAN_POINT('',(3.625,4.4,-1.5));
#5787 = VECTOR('',#5788,1.);
#5788 = DIRECTION('',(-0.,1.,-0.));
#5789 = PLANE('',#5790);
#5790 = AXIS2_PLACEMENT_3D('',#5791,#5792,#5793);
#5791 = CARTESIAN_POINT('',(3.625,4.4,-1.5));
#5792 = DIRECTION('',(-2.55106393526E-16,0.,-1.));
#5793 = DIRECTION('',(-1.,0.,2.55106393526E-16));
#5794 = ADVANCED_FACE('',(#5795),#5813,.F.);
#5795 = FACE_BOUND('',#5796,.T.);
#5796 = EDGE_LOOP('',(#5797,#5798,#5799,#5807));
#5797 = ORIENTED_EDGE('',*,*,#3983,.T.);
#5798 = ORIENTED_EDGE('',*,*,#5784,.F.);
#5799 = ORIENTED_EDGE('',*,*,#5800,.F.);
#5800 = EDGE_CURVE('',#5801,#5777,#5803,.T.);
#5801 = VERTEX_POINT('',#5802);
#5802 = CARTESIAN_POINT('',(3.975,4.4,-1.297927405784));
#5803 = LINE('',#5804,#5805);
#5804 = CARTESIAN_POINT('',(3.975,4.4,-1.297927405784));
#5805 = VECTOR('',#5806,1.);
#5806 = DIRECTION('',(-0.866025403784,0.,-0.5));
#5807 = ORIENTED_EDGE('',*,*,#5808,.T.);
#5808 = EDGE_CURVE('',#5801,#3984,#5809,.T.);
#5809 = LINE('',#5810,#5811);
#5810 = CARTESIAN_POINT('',(3.975,4.4,-1.297927405784));
#5811 = VECTOR('',#5812,1.);
#5812 = DIRECTION('',(-0.,1.,-0.));
#5813 = PLANE('',#5814);
#5814 = AXIS2_PLACEMENT_3D('',#5815,#5816,#5817);
#5815 = CARTESIAN_POINT('',(3.975,4.4,-1.297927405784));
#5816 = DIRECTION('',(0.5,0.,-0.866025403784));
#5817 = DIRECTION('',(-0.866025403784,0.,-0.5));
#5818 = ADVANCED_FACE('',(#5819),#5837,.F.);
#5819 = FACE_BOUND('',#5820,.T.);
#5820 = EDGE_LOOP('',(#5821,#5822,#5823,#5831));
#5821 = ORIENTED_EDGE('',*,*,#3991,.T.);
#5822 = ORIENTED_EDGE('',*,*,#5808,.F.);
#5823 = ORIENTED_EDGE('',*,*,#5824,.F.);
#5824 = EDGE_CURVE('',#5825,#5801,#5827,.T.);
#5825 = VERTEX_POINT('',#5826);
#5826 = CARTESIAN_POINT('',(3.975,4.4,-1.185773803325));
#5827 = LINE('',#5828,#5829);
#5828 = CARTESIAN_POINT('',(3.975,4.4,-1.185773803325));
#5829 = VECTOR('',#5830,1.);
#5830 = DIRECTION('',(0.,0.,-1.));
#5831 = ORIENTED_EDGE('',*,*,#5832,.T.);
#5832 = EDGE_CURVE('',#5825,#3992,#5833,.T.);
#5833 = LINE('',#5834,#5835);
#5834 = CARTESIAN_POINT('',(3.975,4.4,-1.185773803325));
#5835 = VECTOR('',#5836,1.);
#5836 = DIRECTION('',(-0.,1.,-0.));
#5837 = PLANE('',#5838);
#5838 = AXIS2_PLACEMENT_3D('',#5839,#5840,#5841);
#5839 = CARTESIAN_POINT('',(3.975,4.4,-1.185773803325));
#5840 = DIRECTION('',(1.,0.,0.));
#5841 = DIRECTION('',(0.,0.,-1.));
#5842 = ADVANCED_FACE('',(#5843),#5861,.F.);
#5843 = FACE_BOUND('',#5844,.T.);
#5844 = EDGE_LOOP('',(#5845,#5846,#5847,#5855));
#5845 = ORIENTED_EDGE('',*,*,#3999,.T.);
#5846 = ORIENTED_EDGE('',*,*,#5832,.F.);
#5847 = ORIENTED_EDGE('',*,*,#5848,.F.);
#5848 = EDGE_CURVE('',#5849,#5825,#5851,.T.);
#5849 = VERTEX_POINT('',#5850);
#5850 = CARTESIAN_POINT('',(4.260773803325,4.4,-0.9));
#5851 = LINE('',#5852,#5853);
#5852 = CARTESIAN_POINT('',(4.260773803325,4.4,-0.9));
#5853 = VECTOR('',#5854,1.);
#5854 = DIRECTION('',(-0.707106781187,0.,-0.707106781187));
#5855 = ORIENTED_EDGE('',*,*,#5856,.T.);
#5856 = EDGE_CURVE('',#5849,#4000,#5857,.T.);
#5857 = LINE('',#5858,#5859);
#5858 = CARTESIAN_POINT('',(4.260773803325,4.4,-0.9));
#5859 = VECTOR('',#5860,1.);
#5860 = DIRECTION('',(-0.,1.,-0.));
#5861 = PLANE('',#5862);
#5862 = AXIS2_PLACEMENT_3D('',#5863,#5864,#5865);
#5863 = CARTESIAN_POINT('',(4.260773803325,4.4,-0.9));
#5864 = DIRECTION('',(0.707106781187,0.,-0.707106781187));
#5865 = DIRECTION('',(-0.707106781187,0.,-0.707106781187));
#5866 = ADVANCED_FACE('',(#5867),#5885,.F.);
#5867 = FACE_BOUND('',#5868,.T.);
#5868 = EDGE_LOOP('',(#5869,#5870,#5871,#5879));
#5869 = ORIENTED_EDGE('',*,*,#4007,.T.);
#5870 = ORIENTED_EDGE('',*,*,#5856,.F.);
#5871 = ORIENTED_EDGE('',*,*,#5872,.F.);
#5872 = EDGE_CURVE('',#5873,#5849,#5875,.T.);
#5873 = VERTEX_POINT('',#5874);
#5874 = CARTESIAN_POINT('',(4.372927405784,4.4,-0.9));
#5875 = LINE('',#5876,#5877);
#5876 = CARTESIAN_POINT('',(4.372927405784,4.4,-0.9));
#5877 = VECTOR('',#5878,1.);
#5878 = DIRECTION('',(-1.,0.,9.667118565207E-16));
#5879 = ORIENTED_EDGE('',*,*,#5880,.T.);
#5880 = EDGE_CURVE('',#5873,#4008,#5881,.T.);
#5881 = LINE('',#5882,#5883);
#5882 = CARTESIAN_POINT('',(4.372927405784,4.4,-0.9));
#5883 = VECTOR('',#5884,1.);
#5884 = DIRECTION('',(-0.,1.,-0.));
#5885 = PLANE('',#5886);
#5886 = AXIS2_PLACEMENT_3D('',#5887,#5888,#5889);
#5887 = CARTESIAN_POINT('',(4.372927405784,4.4,-0.9));
#5888 = DIRECTION('',(-9.667118565207E-16,0.,-1.));
#5889 = DIRECTION('',(-1.,0.,9.667118565207E-16));
#5890 = ADVANCED_FACE('',(#5891),#5909,.F.);
#5891 = FACE_BOUND('',#5892,.T.);
#5892 = EDGE_LOOP('',(#5893,#5894,#5895,#5903));
#5893 = ORIENTED_EDGE('',*,*,#4015,.T.);
#5894 = ORIENTED_EDGE('',*,*,#5880,.F.);
#5895 = ORIENTED_EDGE('',*,*,#5896,.F.);
#5896 = EDGE_CURVE('',#5897,#5873,#5899,.T.);
#5897 = VERTEX_POINT('',#5898);
#5898 = CARTESIAN_POINT('',(4.575,4.4,-0.55));
#5899 = LINE('',#5900,#5901);
#5900 = CARTESIAN_POINT('',(4.575,4.4,-0.55));
#5901 = VECTOR('',#5902,1.);
#5902 = DIRECTION('',(-0.5,0.,-0.866025403784));
#5903 = ORIENTED_EDGE('',*,*,#5904,.T.);
#5904 = EDGE_CURVE('',#5897,#4016,#5905,.T.);
#5905 = LINE('',#5906,#5907);
#5906 = CARTESIAN_POINT('',(4.575,4.4,-0.55));
#5907 = VECTOR('',#5908,1.);
#5908 = DIRECTION('',(-0.,1.,-0.));
#5909 = PLANE('',#5910);
#5910 = AXIS2_PLACEMENT_3D('',#5911,#5912,#5913);
#5911 = CARTESIAN_POINT('',(4.575,4.4,-0.55));
#5912 = DIRECTION('',(0.866025403784,0.,-0.5));
#5913 = DIRECTION('',(-0.5,0.,-0.866025403784));
#5914 = ADVANCED_FACE('',(#5915),#5933,.F.);
#5915 = FACE_BOUND('',#5916,.T.);
#5916 = EDGE_LOOP('',(#5917,#5918,#5919,#5927));
#5917 = ORIENTED_EDGE('',*,*,#4023,.T.);
#5918 = ORIENTED_EDGE('',*,*,#5904,.F.);
#5919 = ORIENTED_EDGE('',*,*,#5920,.F.);
#5920 = EDGE_CURVE('',#5921,#5897,#5923,.T.);
#5921 = VERTEX_POINT('',#5922);
#5922 = CARTESIAN_POINT('',(4.575,4.4,0.55));
#5923 = LINE('',#5924,#5925);
#5924 = CARTESIAN_POINT('',(4.575,4.4,0.55));
#5925 = VECTOR('',#5926,1.);
#5926 = DIRECTION('',(0.,0.,-1.));
#5927 = ORIENTED_EDGE('',*,*,#5928,.T.);
#5928 = EDGE_CURVE('',#5921,#4024,#5929,.T.);
#5929 = LINE('',#5930,#5931);
#5930 = CARTESIAN_POINT('',(4.575,4.4,0.55));
#5931 = VECTOR('',#5932,1.);
#5932 = DIRECTION('',(-0.,1.,-0.));
#5933 = PLANE('',#5934);
#5934 = AXIS2_PLACEMENT_3D('',#5935,#5936,#5937);
#5935 = CARTESIAN_POINT('',(4.575,4.4,0.55));
#5936 = DIRECTION('',(1.,0.,0.));
#5937 = DIRECTION('',(0.,0.,-1.));
#5938 = ADVANCED_FACE('',(#5939),#5957,.F.);
#5939 = FACE_BOUND('',#5940,.T.);
#5940 = EDGE_LOOP('',(#5941,#5942,#5943,#5951));
#5941 = ORIENTED_EDGE('',*,*,#4031,.T.);
#5942 = ORIENTED_EDGE('',*,*,#5928,.F.);
#5943 = ORIENTED_EDGE('',*,*,#5944,.F.);
#5944 = EDGE_CURVE('',#5945,#5921,#5947,.T.);
#5945 = VERTEX_POINT('',#5946);
#5946 = CARTESIAN_POINT('',(4.372927405784,4.4,0.9));
#5947 = LINE('',#5948,#5949);
#5948 = CARTESIAN_POINT('',(4.372927405784,4.4,0.9));
#5949 = VECTOR('',#5950,1.);
#5950 = DIRECTION('',(0.5,0.,-0.866025403784));
#5951 = ORIENTED_EDGE('',*,*,#5952,.T.);
#5952 = EDGE_CURVE('',#5945,#4032,#5953,.T.);
#5953 = LINE('',#5954,#5955);
#5954 = CARTESIAN_POINT('',(4.372927405784,4.4,0.9));
#5955 = VECTOR('',#5956,1.);
#5956 = DIRECTION('',(-0.,1.,-0.));
#5957 = PLANE('',#5958);
#5958 = AXIS2_PLACEMENT_3D('',#5959,#5960,#5961);
#5959 = CARTESIAN_POINT('',(4.372927405784,4.4,0.9));
#5960 = DIRECTION('',(0.866025403784,0.,0.5));
#5961 = DIRECTION('',(0.5,0.,-0.866025403784));
#5962 = ADVANCED_FACE('',(#5963),#5981,.F.);
#5963 = FACE_BOUND('',#5964,.T.);
#5964 = EDGE_LOOP('',(#5965,#5966,#5967,#5975));
#5965 = ORIENTED_EDGE('',*,*,#4039,.T.);
#5966 = ORIENTED_EDGE('',*,*,#5952,.F.);
#5967 = ORIENTED_EDGE('',*,*,#5968,.F.);
#5968 = EDGE_CURVE('',#5969,#5945,#5971,.T.);
#5969 = VERTEX_POINT('',#5970);
#5970 = CARTESIAN_POINT('',(4.260773803325,4.4,0.9));
#5971 = LINE('',#5972,#5973);
#5972 = CARTESIAN_POINT('',(4.260773803325,4.4,0.9));
#5973 = VECTOR('',#5974,1.);
#5974 = DIRECTION('',(1.,0.,-1.933423713041E-15));
#5975 = ORIENTED_EDGE('',*,*,#5976,.T.);
#5976 = EDGE_CURVE('',#5969,#4040,#5977,.T.);
#5977 = LINE('',#5978,#5979);
#5978 = CARTESIAN_POINT('',(4.260773803325,4.4,0.9));
#5979 = VECTOR('',#5980,1.);
#5980 = DIRECTION('',(-0.,1.,-0.));
#5981 = PLANE('',#5982);
#5982 = AXIS2_PLACEMENT_3D('',#5983,#5984,#5985);
#5983 = CARTESIAN_POINT('',(4.260773803325,4.4,0.9));
#5984 = DIRECTION('',(1.933423713041E-15,0.,1.));
#5985 = DIRECTION('',(1.,0.,-1.933423713041E-15));
#5986 = ADVANCED_FACE('',(#5987),#6005,.F.);
#5987 = FACE_BOUND('',#5988,.T.);
#5988 = EDGE_LOOP('',(#5989,#5990,#5991,#5999));
#5989 = ORIENTED_EDGE('',*,*,#4047,.T.);
#5990 = ORIENTED_EDGE('',*,*,#5976,.F.);
#5991 = ORIENTED_EDGE('',*,*,#5992,.F.);
#5992 = EDGE_CURVE('',#5993,#5969,#5995,.T.);
#5993 = VERTEX_POINT('',#5994);
#5994 = CARTESIAN_POINT('',(3.975,4.4,1.185773803325));
#5995 = LINE('',#5996,#5997);
#5996 = CARTESIAN_POINT('',(3.975,4.4,1.185773803325));
#5997 = VECTOR('',#5998,1.);
#5998 = DIRECTION('',(0.707106781187,0.,-0.707106781187));
#5999 = ORIENTED_EDGE('',*,*,#6000,.T.);
#6000 = EDGE_CURVE('',#5993,#4048,#6001,.T.);
#6001 = LINE('',#6002,#6003);
#6002 = CARTESIAN_POINT('',(3.975,4.4,1.185773803325));
#6003 = VECTOR('',#6004,1.);
#6004 = DIRECTION('',(-0.,1.,-0.));
#6005 = PLANE('',#6006);
#6006 = AXIS2_PLACEMENT_3D('',#6007,#6008,#6009);
#6007 = CARTESIAN_POINT('',(3.975,4.4,1.185773803325));
#6008 = DIRECTION('',(0.707106781187,0.,0.707106781187));
#6009 = DIRECTION('',(0.707106781187,0.,-0.707106781187));
#6010 = ADVANCED_FACE('',(#6011),#6029,.F.);
#6011 = FACE_BOUND('',#6012,.T.);
#6012 = EDGE_LOOP('',(#6013,#6014,#6015,#6023));
#6013 = ORIENTED_EDGE('',*,*,#4055,.T.);
#6014 = ORIENTED_EDGE('',*,*,#6000,.F.);
#6015 = ORIENTED_EDGE('',*,*,#6016,.F.);
#6016 = EDGE_CURVE('',#6017,#5993,#6019,.T.);
#6017 = VERTEX_POINT('',#6018);
#6018 = CARTESIAN_POINT('',(3.975,4.4,1.297927405784));
#6019 = LINE('',#6020,#6021);
#6020 = CARTESIAN_POINT('',(3.975,4.4,1.297927405784));
#6021 = VECTOR('',#6022,1.);
#6022 = DIRECTION('',(0.,0.,-1.));
#6023 = ORIENTED_EDGE('',*,*,#6024,.T.);
#6024 = EDGE_CURVE('',#6017,#4056,#6025,.T.);
#6025 = LINE('',#6026,#6027);
#6026 = CARTESIAN_POINT('',(3.975,4.4,1.297927405784));
#6027 = VECTOR('',#6028,1.);
#6028 = DIRECTION('',(-0.,1.,-0.));
#6029 = PLANE('',#6030);
#6030 = AXIS2_PLACEMENT_3D('',#6031,#6032,#6033);
#6031 = CARTESIAN_POINT('',(3.975,4.4,1.297927405784));
#6032 = DIRECTION('',(1.,0.,0.));
#6033 = DIRECTION('',(0.,0.,-1.));
#6034 = ADVANCED_FACE('',(#6035),#6053,.F.);
#6035 = FACE_BOUND('',#6036,.T.);
#6036 = EDGE_LOOP('',(#6037,#6038,#6039,#6047));
#6037 = ORIENTED_EDGE('',*,*,#4063,.T.);
#6038 = ORIENTED_EDGE('',*,*,#6024,.F.);
#6039 = ORIENTED_EDGE('',*,*,#6040,.F.);
#6040 = EDGE_CURVE('',#6041,#6017,#6043,.T.);
#6041 = VERTEX_POINT('',#6042);
#6042 = CARTESIAN_POINT('',(3.625,4.4,1.5));
#6043 = LINE('',#6044,#6045);
#6044 = CARTESIAN_POINT('',(3.625,4.4,1.5));
#6045 = VECTOR('',#6046,1.);
#6046 = DIRECTION('',(0.866025403784,0.,-0.5));
#6047 = ORIENTED_EDGE('',*,*,#6048,.T.);
#6048 = EDGE_CURVE('',#6041,#4064,#6049,.T.);
#6049 = LINE('',#6050,#6051);
#6050 = CARTESIAN_POINT('',(3.625,4.4,1.5));
#6051 = VECTOR('',#6052,1.);
#6052 = DIRECTION('',(-0.,1.,-0.));
#6053 = PLANE('',#6054);
#6054 = AXIS2_PLACEMENT_3D('',#6055,#6056,#6057);
#6055 = CARTESIAN_POINT('',(3.625,4.4,1.5));
#6056 = DIRECTION('',(0.5,0.,0.866025403784));
#6057 = DIRECTION('',(0.866025403784,0.,-0.5));
#6058 = ADVANCED_FACE('',(#6059),#6077,.F.);
#6059 = FACE_BOUND('',#6060,.T.);
#6060 = EDGE_LOOP('',(#6061,#6062,#6063,#6071));
#6061 = ORIENTED_EDGE('',*,*,#4071,.T.);
#6062 = ORIENTED_EDGE('',*,*,#6048,.F.);
#6063 = ORIENTED_EDGE('',*,*,#6064,.F.);
#6064 = EDGE_CURVE('',#6065,#6041,#6067,.T.);
#6065 = VERTEX_POINT('',#6066);
#6066 = CARTESIAN_POINT('',(1.925,4.4,1.5));
#6067 = LINE('',#6068,#6069);
#6068 = CARTESIAN_POINT('',(1.925,4.4,1.5));
#6069 = VECTOR('',#6070,1.);
#6070 = DIRECTION('',(1.,0.,-1.27553196763E-16));
#6071 = ORIENTED_EDGE('',*,*,#6072,.T.);
#6072 = EDGE_CURVE('',#6065,#4072,#6073,.T.);
#6073 = LINE('',#6074,#6075);
#6074 = CARTESIAN_POINT('',(1.925,4.4,1.5));
#6075 = VECTOR('',#6076,1.);
#6076 = DIRECTION('',(-0.,1.,-0.));
#6077 = PLANE('',#6078);
#6078 = AXIS2_PLACEMENT_3D('',#6079,#6080,#6081);
#6079 = CARTESIAN_POINT('',(1.925,4.4,1.5));
#6080 = DIRECTION('',(1.27553196763E-16,0.,1.));
#6081 = DIRECTION('',(1.,0.,-1.27553196763E-16));
#6082 = ADVANCED_FACE('',(#6083),#6101,.F.);
#6083 = FACE_BOUND('',#6084,.T.);
#6084 = EDGE_LOOP('',(#6085,#6086,#6087,#6095));
#6085 = ORIENTED_EDGE('',*,*,#4079,.T.);
#6086 = ORIENTED_EDGE('',*,*,#6072,.F.);
#6087 = ORIENTED_EDGE('',*,*,#6088,.F.);
#6088 = EDGE_CURVE('',#6089,#6065,#6091,.T.);
#6089 = VERTEX_POINT('',#6090);
#6090 = CARTESIAN_POINT('',(1.575,4.4,1.297927405784));
#6091 = LINE('',#6092,#6093);
#6092 = CARTESIAN_POINT('',(1.575,4.4,1.297927405784));
#6093 = VECTOR('',#6094,1.);
#6094 = DIRECTION('',(0.866025403784,0.,0.5));
#6095 = ORIENTED_EDGE('',*,*,#6096,.T.);
#6096 = EDGE_CURVE('',#6089,#4080,#6097,.T.);
#6097 = LINE('',#6098,#6099);
#6098 = CARTESIAN_POINT('',(1.575,4.4,1.297927405784));
#6099 = VECTOR('',#6100,1.);
#6100 = DIRECTION('',(-0.,1.,-0.));
#6101 = PLANE('',#6102);
#6102 = AXIS2_PLACEMENT_3D('',#6103,#6104,#6105);
#6103 = CARTESIAN_POINT('',(1.575,4.4,1.297927405784));
#6104 = DIRECTION('',(-0.5,0.,0.866025403784));
#6105 = DIRECTION('',(0.866025403784,0.,0.5));
#6106 = ADVANCED_FACE('',(#6107),#6125,.F.);
#6107 = FACE_BOUND('',#6108,.T.);
#6108 = EDGE_LOOP('',(#6109,#6110,#6111,#6119));
#6109 = ORIENTED_EDGE('',*,*,#4087,.T.);
#6110 = ORIENTED_EDGE('',*,*,#6096,.F.);
#6111 = ORIENTED_EDGE('',*,*,#6112,.F.);
#6112 = EDGE_CURVE('',#6113,#6089,#6115,.T.);
#6113 = VERTEX_POINT('',#6114);
#6114 = CARTESIAN_POINT('',(1.575,4.4,1.185773803325));
#6115 = LINE('',#6116,#6117);
#6116 = CARTESIAN_POINT('',(1.575,4.4,1.185773803325));
#6117 = VECTOR('',#6118,1.);
#6118 = DIRECTION('',(-1.933423713041E-15,0.,1.));
#6119 = ORIENTED_EDGE('',*,*,#6120,.T.);
#6120 = EDGE_CURVE('',#6113,#4088,#6121,.T.);
#6121 = LINE('',#6122,#6123);
#6122 = CARTESIAN_POINT('',(1.575,4.4,1.185773803325));
#6123 = VECTOR('',#6124,1.);
#6124 = DIRECTION('',(-0.,1.,-0.));
#6125 = PLANE('',#6126);
#6126 = AXIS2_PLACEMENT_3D('',#6127,#6128,#6129);
#6127 = CARTESIAN_POINT('',(1.575,4.4,1.185773803325));
#6128 = DIRECTION('',(-1.,0.,-1.933423713041E-15));
#6129 = DIRECTION('',(-1.933423713041E-15,0.,1.));
#6130 = ADVANCED_FACE('',(#6131),#6149,.F.);
#6131 = FACE_BOUND('',#6132,.T.);
#6132 = EDGE_LOOP('',(#6133,#6134,#6135,#6143));
#6133 = ORIENTED_EDGE('',*,*,#4095,.T.);
#6134 = ORIENTED_EDGE('',*,*,#6120,.F.);
#6135 = ORIENTED_EDGE('',*,*,#6136,.F.);
#6136 = EDGE_CURVE('',#6137,#6113,#6139,.T.);
#6137 = VERTEX_POINT('',#6138);
#6138 = CARTESIAN_POINT('',(1.289226196675,4.4,0.9));
#6139 = LINE('',#6140,#6141);
#6140 = CARTESIAN_POINT('',(1.289226196675,4.4,0.9));
#6141 = VECTOR('',#6142,1.);
#6142 = DIRECTION('',(0.707106781187,0.,0.707106781187));
#6143 = ORIENTED_EDGE('',*,*,#6144,.T.);
#6144 = EDGE_CURVE('',#6137,#4096,#6145,.T.);
#6145 = LINE('',#6146,#6147);
#6146 = CARTESIAN_POINT('',(1.289226196675,4.4,0.9));
#6147 = VECTOR('',#6148,1.);
#6148 = DIRECTION('',(-0.,1.,-0.));
#6149 = PLANE('',#6150);
#6150 = AXIS2_PLACEMENT_3D('',#6151,#6152,#6153);
#6151 = CARTESIAN_POINT('',(1.289226196675,4.4,0.9));
#6152 = DIRECTION('',(-0.707106781187,0.,0.707106781187));
#6153 = DIRECTION('',(0.707106781187,0.,0.707106781187));
#6154 = ADVANCED_FACE('',(#6155),#6173,.F.);
#6155 = FACE_BOUND('',#6156,.T.);
#6156 = EDGE_LOOP('',(#6157,#6158,#6159,#6167));
#6157 = ORIENTED_EDGE('',*,*,#4103,.T.);
#6158 = ORIENTED_EDGE('',*,*,#6144,.F.);
#6159 = ORIENTED_EDGE('',*,*,#6160,.F.);
#6160 = EDGE_CURVE('',#6161,#6137,#6163,.T.);
#6161 = VERTEX_POINT('',#6162);
#6162 = CARTESIAN_POINT('',(1.177072594216,4.4,0.9));
#6163 = LINE('',#6164,#6165);
#6164 = CARTESIAN_POINT('',(1.177072594216,4.4,0.9));
#6165 = VECTOR('',#6166,1.);
#6166 = DIRECTION('',(1.,0.,1.933423713041E-15));
#6167 = ORIENTED_EDGE('',*,*,#6168,.T.);
#6168 = EDGE_CURVE('',#6161,#4104,#6169,.T.);
#6169 = LINE('',#6170,#6171);
#6170 = CARTESIAN_POINT('',(1.177072594216,4.4,0.9));
#6171 = VECTOR('',#6172,1.);
#6172 = DIRECTION('',(-0.,1.,-0.));
#6173 = PLANE('',#6174);
#6174 = AXIS2_PLACEMENT_3D('',#6175,#6176,#6177);
#6175 = CARTESIAN_POINT('',(1.177072594216,4.4,0.9));
#6176 = DIRECTION('',(-1.933423713041E-15,0.,1.));
#6177 = DIRECTION('',(1.,0.,1.933423713041E-15));
#6178 = ADVANCED_FACE('',(#6179),#6190,.F.);
#6179 = FACE_BOUND('',#6180,.T.);
#6180 = EDGE_LOOP('',(#6181,#6182,#6183,#6189));
#6181 = ORIENTED_EDGE('',*,*,#4111,.T.);
#6182 = ORIENTED_EDGE('',*,*,#6168,.F.);
#6183 = ORIENTED_EDGE('',*,*,#6184,.F.);
#6184 = EDGE_CURVE('',#5618,#6161,#6185,.T.);
#6185 = LINE('',#6186,#6187);
#6186 = CARTESIAN_POINT('',(0.975,4.4,0.55));
#6187 = VECTOR('',#6188,1.);
#6188 = DIRECTION('',(0.5,0.,0.866025403784));
#6189 = ORIENTED_EDGE('',*,*,#5617,.T.);
#6190 = PLANE('',#6191);
#6191 = AXIS2_PLACEMENT_3D('',#6192,#6193,#6194);
#6192 = CARTESIAN_POINT('',(0.975,4.4,0.55));
#6193 = DIRECTION('',(-0.866025403784,0.,0.5));
#6194 = DIRECTION('',(0.5,0.,0.866025403784));
#6195 = ADVANCED_FACE('',(#6196),#6222,.T.);
#6196 = FACE_BOUND('',#6197,.T.);
#6197 = EDGE_LOOP('',(#6198,#6199,#6200,#6201,#6202,#6203,#6204,#6205,
    #6206,#6207,#6208,#6209,#6210,#6211,#6212,#6213,#6214,#6215,#6216,
    #6217,#6218,#6219,#6220,#6221));
#6198 = ORIENTED_EDGE('',*,*,#5656,.T.);
#6199 = ORIENTED_EDGE('',*,*,#5625,.T.);
#6200 = ORIENTED_EDGE('',*,*,#6184,.T.);
#6201 = ORIENTED_EDGE('',*,*,#6160,.T.);
#6202 = ORIENTED_EDGE('',*,*,#6136,.T.);
#6203 = ORIENTED_EDGE('',*,*,#6112,.T.);
#6204 = ORIENTED_EDGE('',*,*,#6088,.T.);
#6205 = ORIENTED_EDGE('',*,*,#6064,.T.);
#6206 = ORIENTED_EDGE('',*,*,#6040,.T.);
#6207 = ORIENTED_EDGE('',*,*,#6016,.T.);
#6208 = ORIENTED_EDGE('',*,*,#5992,.T.);
#6209 = ORIENTED_EDGE('',*,*,#5968,.T.);
#6210 = ORIENTED_EDGE('',*,*,#5944,.T.);
#6211 = ORIENTED_EDGE('',*,*,#5920,.T.);
#6212 = ORIENTED_EDGE('',*,*,#5896,.T.);
#6213 = ORIENTED_EDGE('',*,*,#5872,.T.);
#6214 = ORIENTED_EDGE('',*,*,#5848,.T.);
#6215 = ORIENTED_EDGE('',*,*,#5824,.T.);
#6216 = ORIENTED_EDGE('',*,*,#5800,.T.);
#6217 = ORIENTED_EDGE('',*,*,#5776,.T.);
#6218 = ORIENTED_EDGE('',*,*,#5752,.T.);
#6219 = ORIENTED_EDGE('',*,*,#5728,.T.);
#6220 = ORIENTED_EDGE('',*,*,#5704,.T.);
#6221 = ORIENTED_EDGE('',*,*,#5680,.T.);
#6222 = PLANE('',#6223);
#6223 = AXIS2_PLACEMENT_3D('',#6224,#6225,#6226);
#6224 = CARTESIAN_POINT('',(0.,4.4,0.));
#6225 = DIRECTION('',(0.,1.,-0.));
#6226 = DIRECTION('',(0.,0.,1.));
#6227 = ADVANCED_FACE('',(#6228),#6253,.F.);
#6228 = FACE_BOUND('',#6229,.T.);
#6229 = EDGE_LOOP('',(#6230,#6231,#6239,#6247));
#6230 = ORIENTED_EDGE('',*,*,#2947,.T.);
#6231 = ORIENTED_EDGE('',*,*,#6232,.F.);
#6232 = EDGE_CURVE('',#6233,#2950,#6235,.T.);
#6233 = VERTEX_POINT('',#6234);
#6234 = CARTESIAN_POINT('',(0.360773803325,4.4,-0.9));
#6235 = LINE('',#6236,#6237);
#6236 = CARTESIAN_POINT('',(0.360773803325,4.4,-0.9));
#6237 = VECTOR('',#6238,1.);
#6238 = DIRECTION('',(-0.,1.,-0.));
#6239 = ORIENTED_EDGE('',*,*,#6240,.F.);
#6240 = EDGE_CURVE('',#6241,#6233,#6243,.T.);
#6241 = VERTEX_POINT('',#6242);
#6242 = CARTESIAN_POINT('',(0.472927405784,4.4,-0.9));
#6243 = LINE('',#6244,#6245);
#6244 = CARTESIAN_POINT('',(0.360773803325,4.4,-0.9));
#6245 = VECTOR('',#6246,1.);
#6246 = DIRECTION('',(-1.,-0.,9.667118565207E-16));
#6247 = ORIENTED_EDGE('',*,*,#6248,.T.);
#6248 = EDGE_CURVE('',#6241,#2948,#6249,.T.);
#6249 = LINE('',#6250,#6251);
#6250 = CARTESIAN_POINT('',(0.472927405784,4.4,-0.9));
#6251 = VECTOR('',#6252,1.);
#6252 = DIRECTION('',(-0.,1.,-0.));
#6253 = PLANE('',#6254);
#6254 = AXIS2_PLACEMENT_3D('',#6255,#6256,#6257);
#6255 = CARTESIAN_POINT('',(0.360773803325,4.4,-0.9));
#6256 = DIRECTION('',(-9.667118565207E-16,0.,-1.));
#6257 = DIRECTION('',(-1.,0.,9.667118565207E-16));
#6258 = ADVANCED_FACE('',(#6259),#6270,.F.);
#6259 = FACE_BOUND('',#6260,.T.);
#6260 = EDGE_LOOP('',(#6261,#6262,#6263,#6269));
#6261 = ORIENTED_EDGE('',*,*,#2957,.T.);
#6262 = ORIENTED_EDGE('',*,*,#6248,.F.);
#6263 = ORIENTED_EDGE('',*,*,#6264,.F.);
#6264 = EDGE_CURVE('',#5585,#6241,#6265,.T.);
#6265 = LINE('',#6266,#6267);
#6266 = CARTESIAN_POINT('',(0.472927405784,4.4,-0.9));
#6267 = VECTOR('',#6268,1.);
#6268 = DIRECTION('',(-0.5,-0.,-0.866025403784));
#6269 = ORIENTED_EDGE('',*,*,#5584,.T.);
#6270 = PLANE('',#6271);
#6271 = AXIS2_PLACEMENT_3D('',#6272,#6273,#6274);
#6272 = CARTESIAN_POINT('',(0.472927405784,4.4,-0.9));
#6273 = DIRECTION('',(0.866025403784,0.,-0.5));
#6274 = DIRECTION('',(-0.5,0.,-0.866025403784));
#6275 = ADVANCED_FACE('',(#6276),#6294,.F.);
#6276 = FACE_BOUND('',#6277,.T.);
#6277 = EDGE_LOOP('',(#6278,#6279,#6280,#6288));
#6278 = ORIENTED_EDGE('',*,*,#3023,.T.);
#6279 = ORIENTED_EDGE('',*,*,#5600,.F.);
#6280 = ORIENTED_EDGE('',*,*,#6281,.F.);
#6281 = EDGE_CURVE('',#6282,#5593,#6284,.T.);
#6282 = VERTEX_POINT('',#6283);
#6283 = CARTESIAN_POINT('',(0.472927405784,4.4,0.9));
#6284 = LINE('',#6285,#6286);
#6285 = CARTESIAN_POINT('',(0.675,4.4,0.55));
#6286 = VECTOR('',#6287,1.);
#6287 = DIRECTION('',(0.5,-0.,-0.866025403784));
#6288 = ORIENTED_EDGE('',*,*,#6289,.T.);
#6289 = EDGE_CURVE('',#6282,#3024,#6290,.T.);
#6290 = LINE('',#6291,#6292);
#6291 = CARTESIAN_POINT('',(0.472927405784,4.4,0.9));
#6292 = VECTOR('',#6293,1.);
#6293 = DIRECTION('',(-0.,1.,-0.));
#6294 = PLANE('',#6295);
#6295 = AXIS2_PLACEMENT_3D('',#6296,#6297,#6298);
#6296 = CARTESIAN_POINT('',(0.675,4.4,0.55));
#6297 = DIRECTION('',(0.866025403784,0.,0.5));
#6298 = DIRECTION('',(0.5,0.,-0.866025403784));
#6299 = ADVANCED_FACE('',(#6300),#6318,.F.);
#6300 = FACE_BOUND('',#6301,.T.);
#6301 = EDGE_LOOP('',(#6302,#6303,#6304,#6312));
#6302 = ORIENTED_EDGE('',*,*,#3031,.T.);
#6303 = ORIENTED_EDGE('',*,*,#6289,.F.);
#6304 = ORIENTED_EDGE('',*,*,#6305,.F.);
#6305 = EDGE_CURVE('',#6306,#6282,#6308,.T.);
#6306 = VERTEX_POINT('',#6307);
#6307 = CARTESIAN_POINT('',(0.360773803325,4.4,0.9));
#6308 = LINE('',#6309,#6310);
#6309 = CARTESIAN_POINT('',(0.472927405784,4.4,0.9));
#6310 = VECTOR('',#6311,1.);
#6311 = DIRECTION('',(1.,-0.,-1.933423713041E-15));
#6312 = ORIENTED_EDGE('',*,*,#6313,.T.);
#6313 = EDGE_CURVE('',#6306,#3032,#6314,.T.);
#6314 = LINE('',#6315,#6316);
#6315 = CARTESIAN_POINT('',(0.360773803325,4.4,0.9));
#6316 = VECTOR('',#6317,1.);
#6317 = DIRECTION('',(-0.,1.,-0.));
#6318 = PLANE('',#6319);
#6319 = AXIS2_PLACEMENT_3D('',#6320,#6321,#6322);
#6320 = CARTESIAN_POINT('',(0.472927405784,4.4,0.9));
#6321 = DIRECTION('',(1.933423713041E-15,0.,1.));
#6322 = DIRECTION('',(1.,0.,-1.933423713041E-15));
#6323 = ADVANCED_FACE('',(#6324),#6342,.F.);
#6324 = FACE_BOUND('',#6325,.T.);
#6325 = EDGE_LOOP('',(#6326,#6327,#6328,#6336));
#6326 = ORIENTED_EDGE('',*,*,#3039,.T.);
#6327 = ORIENTED_EDGE('',*,*,#6313,.F.);
#6328 = ORIENTED_EDGE('',*,*,#6329,.F.);
#6329 = EDGE_CURVE('',#6330,#6306,#6332,.T.);
#6330 = VERTEX_POINT('',#6331);
#6331 = CARTESIAN_POINT('',(7.5E-02,4.4,1.185773803325));
#6332 = LINE('',#6333,#6334);
#6333 = CARTESIAN_POINT('',(0.360773803325,4.4,0.9));
#6334 = VECTOR('',#6335,1.);
#6335 = DIRECTION('',(0.707106781187,-0.,-0.707106781187));
#6336 = ORIENTED_EDGE('',*,*,#6337,.T.);
#6337 = EDGE_CURVE('',#6330,#3040,#6338,.T.);
#6338 = LINE('',#6339,#6340);
#6339 = CARTESIAN_POINT('',(7.5E-02,4.4,1.185773803325));
#6340 = VECTOR('',#6341,1.);
#6341 = DIRECTION('',(-0.,1.,-0.));
#6342 = PLANE('',#6343);
#6343 = AXIS2_PLACEMENT_3D('',#6344,#6345,#6346);
#6344 = CARTESIAN_POINT('',(0.360773803325,4.4,0.9));
#6345 = DIRECTION('',(0.707106781187,0.,0.707106781187));
#6346 = DIRECTION('',(0.707106781187,0.,-0.707106781187));
#6347 = ADVANCED_FACE('',(#6348),#6366,.F.);
#6348 = FACE_BOUND('',#6349,.T.);
#6349 = EDGE_LOOP('',(#6350,#6351,#6352,#6360));
#6350 = ORIENTED_EDGE('',*,*,#3047,.T.);
#6351 = ORIENTED_EDGE('',*,*,#6337,.F.);
#6352 = ORIENTED_EDGE('',*,*,#6353,.F.);
#6353 = EDGE_CURVE('',#6354,#6330,#6356,.T.);
#6354 = VERTEX_POINT('',#6355);
#6355 = CARTESIAN_POINT('',(7.5E-02,4.4,1.297927405784));
#6356 = LINE('',#6357,#6358);
#6357 = CARTESIAN_POINT('',(7.5E-02,4.4,1.185773803325));
#6358 = VECTOR('',#6359,1.);
#6359 = DIRECTION('',(-3.866847426083E-15,-0.,-1.));
#6360 = ORIENTED_EDGE('',*,*,#6361,.T.);
#6361 = EDGE_CURVE('',#6354,#3048,#6362,.T.);
#6362 = LINE('',#6363,#6364);
#6363 = CARTESIAN_POINT('',(7.5E-02,4.4,1.297927405784));
#6364 = VECTOR('',#6365,1.);
#6365 = DIRECTION('',(-0.,1.,-0.));
#6366 = PLANE('',#6367);
#6367 = AXIS2_PLACEMENT_3D('',#6368,#6369,#6370);
#6368 = CARTESIAN_POINT('',(7.5E-02,4.4,1.185773803325));
#6369 = DIRECTION('',(1.,0.,-3.866847426083E-15));
#6370 = DIRECTION('',(-3.866847426083E-15,0.,-1.));
#6371 = ADVANCED_FACE('',(#6372),#6390,.F.);
#6372 = FACE_BOUND('',#6373,.T.);
#6373 = EDGE_LOOP('',(#6374,#6375,#6376,#6384));
#6374 = ORIENTED_EDGE('',*,*,#3055,.T.);
#6375 = ORIENTED_EDGE('',*,*,#6361,.F.);
#6376 = ORIENTED_EDGE('',*,*,#6377,.F.);
#6377 = EDGE_CURVE('',#6378,#6354,#6380,.T.);
#6378 = VERTEX_POINT('',#6379);
#6379 = CARTESIAN_POINT('',(-0.275,4.4,1.5));
#6380 = LINE('',#6381,#6382);
#6381 = CARTESIAN_POINT('',(7.5E-02,4.4,1.297927405784));
#6382 = VECTOR('',#6383,1.);
#6383 = DIRECTION('',(0.866025403784,-0.,-0.5));
#6384 = ORIENTED_EDGE('',*,*,#6385,.T.);
#6385 = EDGE_CURVE('',#6378,#3056,#6386,.T.);
#6386 = LINE('',#6387,#6388);
#6387 = CARTESIAN_POINT('',(-0.275,4.4,1.5));
#6388 = VECTOR('',#6389,1.);
#6389 = DIRECTION('',(-0.,1.,-0.));
#6390 = PLANE('',#6391);
#6391 = AXIS2_PLACEMENT_3D('',#6392,#6393,#6394);
#6392 = CARTESIAN_POINT('',(7.5E-02,4.4,1.297927405784));
#6393 = DIRECTION('',(0.5,0.,0.866025403784));
#6394 = DIRECTION('',(0.866025403784,0.,-0.5));
#6395 = ADVANCED_FACE('',(#6396),#6414,.F.);
#6396 = FACE_BOUND('',#6397,.T.);
#6397 = EDGE_LOOP('',(#6398,#6399,#6400,#6408));
#6398 = ORIENTED_EDGE('',*,*,#3063,.T.);
#6399 = ORIENTED_EDGE('',*,*,#6385,.F.);
#6400 = ORIENTED_EDGE('',*,*,#6401,.F.);
#6401 = EDGE_CURVE('',#6402,#6378,#6404,.T.);
#6402 = VERTEX_POINT('',#6403);
#6403 = CARTESIAN_POINT('',(-1.975,4.4,1.5));
#6404 = LINE('',#6405,#6406);
#6405 = CARTESIAN_POINT('',(-0.275,4.4,1.5));
#6406 = VECTOR('',#6407,1.);
#6407 = DIRECTION('',(1.,-0.,1.27553196763E-16));
#6408 = ORIENTED_EDGE('',*,*,#6409,.T.);
#6409 = EDGE_CURVE('',#6402,#3064,#6410,.T.);
#6410 = LINE('',#6411,#6412);
#6411 = CARTESIAN_POINT('',(-1.975,4.4,1.5));
#6412 = VECTOR('',#6413,1.);
#6413 = DIRECTION('',(-0.,1.,-0.));
#6414 = PLANE('',#6415);
#6415 = AXIS2_PLACEMENT_3D('',#6416,#6417,#6418);
#6416 = CARTESIAN_POINT('',(-0.275,4.4,1.5));
#6417 = DIRECTION('',(-1.27553196763E-16,0.,1.));
#6418 = DIRECTION('',(1.,0.,1.27553196763E-16));
#6419 = ADVANCED_FACE('',(#6420),#6438,.F.);
#6420 = FACE_BOUND('',#6421,.T.);
#6421 = EDGE_LOOP('',(#6422,#6423,#6424,#6432));
#6422 = ORIENTED_EDGE('',*,*,#3071,.T.);
#6423 = ORIENTED_EDGE('',*,*,#6409,.F.);
#6424 = ORIENTED_EDGE('',*,*,#6425,.F.);
#6425 = EDGE_CURVE('',#6426,#6402,#6428,.T.);
#6426 = VERTEX_POINT('',#6427);
#6427 = CARTESIAN_POINT('',(-2.325,4.4,1.297927405784));
#6428 = LINE('',#6429,#6430);
#6429 = CARTESIAN_POINT('',(-1.975,4.4,1.5));
#6430 = VECTOR('',#6431,1.);
#6431 = DIRECTION('',(0.866025403784,-0.,0.5));
#6432 = ORIENTED_EDGE('',*,*,#6433,.T.);
#6433 = EDGE_CURVE('',#6426,#3072,#6434,.T.);
#6434 = LINE('',#6435,#6436);
#6435 = CARTESIAN_POINT('',(-2.325,4.4,1.297927405784));
#6436 = VECTOR('',#6437,1.);
#6437 = DIRECTION('',(-0.,1.,-0.));
#6438 = PLANE('',#6439);
#6439 = AXIS2_PLACEMENT_3D('',#6440,#6441,#6442);
#6440 = CARTESIAN_POINT('',(-1.975,4.4,1.5));
#6441 = DIRECTION('',(-0.5,0.,0.866025403784));
#6442 = DIRECTION('',(0.866025403784,0.,0.5));
#6443 = ADVANCED_FACE('',(#6444),#6462,.F.);
#6444 = FACE_BOUND('',#6445,.T.);
#6445 = EDGE_LOOP('',(#6446,#6447,#6448,#6456));
#6446 = ORIENTED_EDGE('',*,*,#3079,.T.);
#6447 = ORIENTED_EDGE('',*,*,#6433,.F.);
#6448 = ORIENTED_EDGE('',*,*,#6449,.F.);
#6449 = EDGE_CURVE('',#6450,#6426,#6452,.T.);
#6450 = VERTEX_POINT('',#6451);
#6451 = CARTESIAN_POINT('',(-2.325,4.4,1.185773803325));
#6452 = LINE('',#6453,#6454);
#6453 = CARTESIAN_POINT('',(-2.325,4.4,1.297927405784));
#6454 = VECTOR('',#6455,1.);
#6455 = DIRECTION('',(-0.,-0.,1.));
#6456 = ORIENTED_EDGE('',*,*,#6457,.T.);
#6457 = EDGE_CURVE('',#6450,#3080,#6458,.T.);
#6458 = LINE('',#6459,#6460);
#6459 = CARTESIAN_POINT('',(-2.325,4.4,1.185773803325));
#6460 = VECTOR('',#6461,1.);
#6461 = DIRECTION('',(-0.,1.,-0.));
#6462 = PLANE('',#6463);
#6463 = AXIS2_PLACEMENT_3D('',#6464,#6465,#6466);
#6464 = CARTESIAN_POINT('',(-2.325,4.4,1.297927405784));
#6465 = DIRECTION('',(-1.,0.,-0.));
#6466 = DIRECTION('',(0.,0.,1.));
#6467 = ADVANCED_FACE('',(#6468),#6486,.F.);
#6468 = FACE_BOUND('',#6469,.T.);
#6469 = EDGE_LOOP('',(#6470,#6471,#6472,#6480));
#6470 = ORIENTED_EDGE('',*,*,#3087,.T.);
#6471 = ORIENTED_EDGE('',*,*,#6457,.F.);
#6472 = ORIENTED_EDGE('',*,*,#6473,.F.);
#6473 = EDGE_CURVE('',#6474,#6450,#6476,.T.);
#6474 = VERTEX_POINT('',#6475);
#6475 = CARTESIAN_POINT('',(-2.610773803325,4.4,0.9));
#6476 = LINE('',#6477,#6478);
#6477 = CARTESIAN_POINT('',(-2.325,4.4,1.185773803325));
#6478 = VECTOR('',#6479,1.);
#6479 = DIRECTION('',(0.707106781187,-0.,0.707106781187));
#6480 = ORIENTED_EDGE('',*,*,#6481,.T.);
#6481 = EDGE_CURVE('',#6474,#3088,#6482,.T.);
#6482 = LINE('',#6483,#6484);
#6483 = CARTESIAN_POINT('',(-2.610773803325,4.4,0.9));
#6484 = VECTOR('',#6485,1.);
#6485 = DIRECTION('',(-0.,1.,-0.));
#6486 = PLANE('',#6487);
#6487 = AXIS2_PLACEMENT_3D('',#6488,#6489,#6490);
#6488 = CARTESIAN_POINT('',(-2.325,4.4,1.185773803325));
#6489 = DIRECTION('',(-0.707106781187,0.,0.707106781187));
#6490 = DIRECTION('',(0.707106781187,0.,0.707106781187));
#6491 = ADVANCED_FACE('',(#6492),#6510,.F.);
#6492 = FACE_BOUND('',#6493,.T.);
#6493 = EDGE_LOOP('',(#6494,#6495,#6496,#6504));
#6494 = ORIENTED_EDGE('',*,*,#3095,.T.);
#6495 = ORIENTED_EDGE('',*,*,#6481,.F.);
#6496 = ORIENTED_EDGE('',*,*,#6497,.F.);
#6497 = EDGE_CURVE('',#6498,#6474,#6500,.T.);
#6498 = VERTEX_POINT('',#6499);
#6499 = CARTESIAN_POINT('',(-2.722927405784,4.4,0.9));
#6500 = LINE('',#6501,#6502);
#6501 = CARTESIAN_POINT('',(-2.610773803325,4.4,0.9));
#6502 = VECTOR('',#6503,1.);
#6503 = DIRECTION('',(1.,-0.,1.933423713041E-15));
#6504 = ORIENTED_EDGE('',*,*,#6505,.T.);
#6505 = EDGE_CURVE('',#6498,#3096,#6506,.T.);
#6506 = LINE('',#6507,#6508);
#6507 = CARTESIAN_POINT('',(-2.722927405784,4.4,0.9));
#6508 = VECTOR('',#6509,1.);
#6509 = DIRECTION('',(-0.,1.,-0.));
#6510 = PLANE('',#6511);
#6511 = AXIS2_PLACEMENT_3D('',#6512,#6513,#6514);
#6512 = CARTESIAN_POINT('',(-2.610773803325,4.4,0.9));
#6513 = DIRECTION('',(-1.933423713041E-15,0.,1.));
#6514 = DIRECTION('',(1.,0.,1.933423713041E-15));
#6515 = ADVANCED_FACE('',(#6516),#6534,.F.);
#6516 = FACE_BOUND('',#6517,.T.);
#6517 = EDGE_LOOP('',(#6518,#6519,#6520,#6528));
#6518 = ORIENTED_EDGE('',*,*,#3103,.T.);
#6519 = ORIENTED_EDGE('',*,*,#6505,.F.);
#6520 = ORIENTED_EDGE('',*,*,#6521,.F.);
#6521 = EDGE_CURVE('',#6522,#6498,#6524,.T.);
#6522 = VERTEX_POINT('',#6523);
#6523 = CARTESIAN_POINT('',(-2.925,4.4,0.55));
#6524 = LINE('',#6525,#6526);
#6525 = CARTESIAN_POINT('',(-2.722927405784,4.4,0.9));
#6526 = VECTOR('',#6527,1.);
#6527 = DIRECTION('',(0.5,-0.,0.866025403784));
#6528 = ORIENTED_EDGE('',*,*,#6529,.T.);
#6529 = EDGE_CURVE('',#6522,#3104,#6530,.T.);
#6530 = LINE('',#6531,#6532);
#6531 = CARTESIAN_POINT('',(-2.925,4.4,0.55));
#6532 = VECTOR('',#6533,1.);
#6533 = DIRECTION('',(-0.,1.,-0.));
#6534 = PLANE('',#6535);
#6535 = AXIS2_PLACEMENT_3D('',#6536,#6537,#6538);
#6536 = CARTESIAN_POINT('',(-2.722927405784,4.4,0.9));
#6537 = DIRECTION('',(-0.866025403784,0.,0.5));
#6538 = DIRECTION('',(0.5,0.,0.866025403784));
#6539 = ADVANCED_FACE('',(#6540),#6558,.F.);
#6540 = FACE_BOUND('',#6541,.T.);
#6541 = EDGE_LOOP('',(#6542,#6543,#6544,#6552));
#6542 = ORIENTED_EDGE('',*,*,#3111,.T.);
#6543 = ORIENTED_EDGE('',*,*,#6529,.F.);
#6544 = ORIENTED_EDGE('',*,*,#6545,.F.);
#6545 = EDGE_CURVE('',#6546,#6522,#6548,.T.);
#6546 = VERTEX_POINT('',#6547);
#6547 = CARTESIAN_POINT('',(-2.925,4.4,-0.55));
#6548 = LINE('',#6549,#6550);
#6549 = CARTESIAN_POINT('',(-2.925,4.4,0.55));
#6550 = VECTOR('',#6551,1.);
#6551 = DIRECTION('',(-0.,-0.,1.));
#6552 = ORIENTED_EDGE('',*,*,#6553,.T.);
#6553 = EDGE_CURVE('',#6546,#3112,#6554,.T.);
#6554 = LINE('',#6555,#6556);
#6555 = CARTESIAN_POINT('',(-2.925,4.4,-0.55));
#6556 = VECTOR('',#6557,1.);
#6557 = DIRECTION('',(-0.,1.,-0.));
#6558 = PLANE('',#6559);
#6559 = AXIS2_PLACEMENT_3D('',#6560,#6561,#6562);
#6560 = CARTESIAN_POINT('',(-2.925,4.4,0.55));
#6561 = DIRECTION('',(-1.,0.,-0.));
#6562 = DIRECTION('',(0.,0.,1.));
#6563 = ADVANCED_FACE('',(#6564),#6582,.F.);
#6564 = FACE_BOUND('',#6565,.T.);
#6565 = EDGE_LOOP('',(#6566,#6567,#6568,#6576));
#6566 = ORIENTED_EDGE('',*,*,#3119,.T.);
#6567 = ORIENTED_EDGE('',*,*,#6553,.F.);
#6568 = ORIENTED_EDGE('',*,*,#6569,.F.);
#6569 = EDGE_CURVE('',#6570,#6546,#6572,.T.);
#6570 = VERTEX_POINT('',#6571);
#6571 = CARTESIAN_POINT('',(-2.722927405784,4.4,-0.9));
#6572 = LINE('',#6573,#6574);
#6573 = CARTESIAN_POINT('',(-2.925,4.4,-0.55));
#6574 = VECTOR('',#6575,1.);
#6575 = DIRECTION('',(-0.5,-0.,0.866025403784));
#6576 = ORIENTED_EDGE('',*,*,#6577,.T.);
#6577 = EDGE_CURVE('',#6570,#3120,#6578,.T.);
#6578 = LINE('',#6579,#6580);
#6579 = CARTESIAN_POINT('',(-2.722927405784,4.4,-0.9));
#6580 = VECTOR('',#6581,1.);
#6581 = DIRECTION('',(-0.,1.,-0.));
#6582 = PLANE('',#6583);
#6583 = AXIS2_PLACEMENT_3D('',#6584,#6585,#6586);
#6584 = CARTESIAN_POINT('',(-2.925,4.4,-0.55));
#6585 = DIRECTION('',(-0.866025403784,0.,-0.5));
#6586 = DIRECTION('',(-0.5,0.,0.866025403784));
#6587 = ADVANCED_FACE('',(#6588),#6606,.F.);
#6588 = FACE_BOUND('',#6589,.T.);
#6589 = EDGE_LOOP('',(#6590,#6591,#6592,#6600));
#6590 = ORIENTED_EDGE('',*,*,#3127,.T.);
#6591 = ORIENTED_EDGE('',*,*,#6577,.F.);
#6592 = ORIENTED_EDGE('',*,*,#6593,.F.);
#6593 = EDGE_CURVE('',#6594,#6570,#6596,.T.);
#6594 = VERTEX_POINT('',#6595);
#6595 = CARTESIAN_POINT('',(-2.610773803325,4.4,-0.9));
#6596 = LINE('',#6597,#6598);
#6597 = CARTESIAN_POINT('',(-2.722927405784,4.4,-0.9));
#6598 = VECTOR('',#6599,1.);
#6599 = DIRECTION('',(-1.,-0.,-9.667118565207E-16));
#6600 = ORIENTED_EDGE('',*,*,#6601,.T.);
#6601 = EDGE_CURVE('',#6594,#3128,#6602,.T.);
#6602 = LINE('',#6603,#6604);
#6603 = CARTESIAN_POINT('',(-2.610773803325,4.4,-0.9));
#6604 = VECTOR('',#6605,1.);
#6605 = DIRECTION('',(-0.,1.,-0.));
#6606 = PLANE('',#6607);
#6607 = AXIS2_PLACEMENT_3D('',#6608,#6609,#6610);
#6608 = CARTESIAN_POINT('',(-2.722927405784,4.4,-0.9));
#6609 = DIRECTION('',(9.667118565207E-16,0.,-1.));
#6610 = DIRECTION('',(-1.,0.,-9.667118565207E-16));
#6611 = ADVANCED_FACE('',(#6612),#6630,.F.);
#6612 = FACE_BOUND('',#6613,.T.);
#6613 = EDGE_LOOP('',(#6614,#6615,#6616,#6624));
#6614 = ORIENTED_EDGE('',*,*,#3135,.T.);
#6615 = ORIENTED_EDGE('',*,*,#6601,.F.);
#6616 = ORIENTED_EDGE('',*,*,#6617,.F.);
#6617 = EDGE_CURVE('',#6618,#6594,#6620,.T.);
#6618 = VERTEX_POINT('',#6619);
#6619 = CARTESIAN_POINT('',(-2.325,4.4,-1.185773803325));
#6620 = LINE('',#6621,#6622);
#6621 = CARTESIAN_POINT('',(-2.610773803325,4.4,-0.9));
#6622 = VECTOR('',#6623,1.);
#6623 = DIRECTION('',(-0.707106781187,-0.,0.707106781187));
#6624 = ORIENTED_EDGE('',*,*,#6625,.T.);
#6625 = EDGE_CURVE('',#6618,#3136,#6626,.T.);
#6626 = LINE('',#6627,#6628);
#6627 = CARTESIAN_POINT('',(-2.325,4.4,-1.185773803325));
#6628 = VECTOR('',#6629,1.);
#6629 = DIRECTION('',(-0.,1.,-0.));
#6630 = PLANE('',#6631);
#6631 = AXIS2_PLACEMENT_3D('',#6632,#6633,#6634);
#6632 = CARTESIAN_POINT('',(-2.610773803325,4.4,-0.9));
#6633 = DIRECTION('',(-0.707106781187,0.,-0.707106781187));
#6634 = DIRECTION('',(-0.707106781187,0.,0.707106781187));
#6635 = ADVANCED_FACE('',(#6636),#6654,.F.);
#6636 = FACE_BOUND('',#6637,.T.);
#6637 = EDGE_LOOP('',(#6638,#6639,#6640,#6648));
#6638 = ORIENTED_EDGE('',*,*,#3143,.T.);
#6639 = ORIENTED_EDGE('',*,*,#6625,.F.);
#6640 = ORIENTED_EDGE('',*,*,#6641,.F.);
#6641 = EDGE_CURVE('',#6642,#6618,#6644,.T.);
#6642 = VERTEX_POINT('',#6643);
#6643 = CARTESIAN_POINT('',(-2.325,4.4,-1.297927405784));
#6644 = LINE('',#6645,#6646);
#6645 = CARTESIAN_POINT('',(-2.325,4.4,-1.185773803325));
#6646 = VECTOR('',#6647,1.);
#6647 = DIRECTION('',(-0.,-0.,1.));
#6648 = ORIENTED_EDGE('',*,*,#6649,.T.);
#6649 = EDGE_CURVE('',#6642,#3144,#6650,.T.);
#6650 = LINE('',#6651,#6652);
#6651 = CARTESIAN_POINT('',(-2.325,4.4,-1.297927405784));
#6652 = VECTOR('',#6653,1.);
#6653 = DIRECTION('',(-0.,1.,-0.));
#6654 = PLANE('',#6655);
#6655 = AXIS2_PLACEMENT_3D('',#6656,#6657,#6658);
#6656 = CARTESIAN_POINT('',(-2.325,4.4,-1.185773803325));
#6657 = DIRECTION('',(-1.,0.,-0.));
#6658 = DIRECTION('',(0.,0.,1.));
#6659 = ADVANCED_FACE('',(#6660),#6678,.F.);
#6660 = FACE_BOUND('',#6661,.T.);
#6661 = EDGE_LOOP('',(#6662,#6663,#6664,#6672));
#6662 = ORIENTED_EDGE('',*,*,#3151,.T.);
#6663 = ORIENTED_EDGE('',*,*,#6649,.F.);
#6664 = ORIENTED_EDGE('',*,*,#6665,.F.);
#6665 = EDGE_CURVE('',#6666,#6642,#6668,.T.);
#6666 = VERTEX_POINT('',#6667);
#6667 = CARTESIAN_POINT('',(-1.975,4.4,-1.5));
#6668 = LINE('',#6669,#6670);
#6669 = CARTESIAN_POINT('',(-2.325,4.4,-1.297927405784));
#6670 = VECTOR('',#6671,1.);
#6671 = DIRECTION('',(-0.866025403784,-0.,0.5));
#6672 = ORIENTED_EDGE('',*,*,#6673,.T.);
#6673 = EDGE_CURVE('',#6666,#3152,#6674,.T.);
#6674 = LINE('',#6675,#6676);
#6675 = CARTESIAN_POINT('',(-1.975,4.4,-1.5));
#6676 = VECTOR('',#6677,1.);
#6677 = DIRECTION('',(-0.,1.,-0.));
#6678 = PLANE('',#6679);
#6679 = AXIS2_PLACEMENT_3D('',#6680,#6681,#6682);
#6680 = CARTESIAN_POINT('',(-2.325,4.4,-1.297927405784));
#6681 = DIRECTION('',(-0.5,0.,-0.866025403784));
#6682 = DIRECTION('',(-0.866025403784,0.,0.5));
#6683 = ADVANCED_FACE('',(#6684),#6702,.F.);
#6684 = FACE_BOUND('',#6685,.T.);
#6685 = EDGE_LOOP('',(#6686,#6687,#6688,#6696));
#6686 = ORIENTED_EDGE('',*,*,#3159,.T.);
#6687 = ORIENTED_EDGE('',*,*,#6673,.F.);
#6688 = ORIENTED_EDGE('',*,*,#6689,.F.);
#6689 = EDGE_CURVE('',#6690,#6666,#6692,.T.);
#6690 = VERTEX_POINT('',#6691);
#6691 = CARTESIAN_POINT('',(-0.275,4.4,-1.5));
#6692 = LINE('',#6693,#6694);
#6693 = CARTESIAN_POINT('',(-1.975,4.4,-1.5));
#6694 = VECTOR('',#6695,1.);
#6695 = DIRECTION('',(-1.,-0.,-2.55106393526E-16));
#6696 = ORIENTED_EDGE('',*,*,#6697,.T.);
#6697 = EDGE_CURVE('',#6690,#3160,#6698,.T.);
#6698 = LINE('',#6699,#6700);
#6699 = CARTESIAN_POINT('',(-0.275,4.4,-1.5));
#6700 = VECTOR('',#6701,1.);
#6701 = DIRECTION('',(-0.,1.,-0.));
#6702 = PLANE('',#6703);
#6703 = AXIS2_PLACEMENT_3D('',#6704,#6705,#6706);
#6704 = CARTESIAN_POINT('',(-1.975,4.4,-1.5));
#6705 = DIRECTION('',(2.55106393526E-16,0.,-1.));
#6706 = DIRECTION('',(-1.,0.,-2.55106393526E-16));
#6707 = ADVANCED_FACE('',(#6708),#6726,.F.);
#6708 = FACE_BOUND('',#6709,.T.);
#6709 = EDGE_LOOP('',(#6710,#6711,#6712,#6720));
#6710 = ORIENTED_EDGE('',*,*,#3167,.T.);
#6711 = ORIENTED_EDGE('',*,*,#6697,.F.);
#6712 = ORIENTED_EDGE('',*,*,#6713,.F.);
#6713 = EDGE_CURVE('',#6714,#6690,#6716,.T.);
#6714 = VERTEX_POINT('',#6715);
#6715 = CARTESIAN_POINT('',(7.5E-02,4.4,-1.297927405784));
#6716 = LINE('',#6717,#6718);
#6717 = CARTESIAN_POINT('',(-0.275,4.4,-1.5));
#6718 = VECTOR('',#6719,1.);
#6719 = DIRECTION('',(-0.866025403784,-0.,-0.5));
#6720 = ORIENTED_EDGE('',*,*,#6721,.T.);
#6721 = EDGE_CURVE('',#6714,#3168,#6722,.T.);
#6722 = LINE('',#6723,#6724);
#6723 = CARTESIAN_POINT('',(7.5E-02,4.4,-1.297927405784));
#6724 = VECTOR('',#6725,1.);
#6725 = DIRECTION('',(-0.,1.,-0.));
#6726 = PLANE('',#6727);
#6727 = AXIS2_PLACEMENT_3D('',#6728,#6729,#6730);
#6728 = CARTESIAN_POINT('',(-0.275,4.4,-1.5));
#6729 = DIRECTION('',(0.5,0.,-0.866025403784));
#6730 = DIRECTION('',(-0.866025403784,0.,-0.5));
#6731 = ADVANCED_FACE('',(#6732),#6750,.F.);
#6732 = FACE_BOUND('',#6733,.T.);
#6733 = EDGE_LOOP('',(#6734,#6735,#6736,#6744));
#6734 = ORIENTED_EDGE('',*,*,#3175,.T.);
#6735 = ORIENTED_EDGE('',*,*,#6721,.F.);
#6736 = ORIENTED_EDGE('',*,*,#6737,.F.);
#6737 = EDGE_CURVE('',#6738,#6714,#6740,.T.);
#6738 = VERTEX_POINT('',#6739);
#6739 = CARTESIAN_POINT('',(7.5E-02,4.4,-1.185773803325));
#6740 = LINE('',#6741,#6742);
#6741 = CARTESIAN_POINT('',(7.5E-02,4.4,-1.297927405784));
#6742 = VECTOR('',#6743,1.);
#6743 = DIRECTION('',(-0.,-0.,-1.));
#6744 = ORIENTED_EDGE('',*,*,#6745,.T.);
#6745 = EDGE_CURVE('',#6738,#3176,#6746,.T.);
#6746 = LINE('',#6747,#6748);
#6747 = CARTESIAN_POINT('',(7.5E-02,4.4,-1.185773803325));
#6748 = VECTOR('',#6749,1.);
#6749 = DIRECTION('',(-0.,1.,-0.));
#6750 = PLANE('',#6751);
#6751 = AXIS2_PLACEMENT_3D('',#6752,#6753,#6754);
#6752 = CARTESIAN_POINT('',(7.5E-02,4.4,-1.297927405784));
#6753 = DIRECTION('',(1.,0.,-0.));
#6754 = DIRECTION('',(-0.,0.,-1.));
#6755 = ADVANCED_FACE('',(#6756),#6767,.F.);
#6756 = FACE_BOUND('',#6757,.T.);
#6757 = EDGE_LOOP('',(#6758,#6759,#6760,#6766));
#6758 = ORIENTED_EDGE('',*,*,#3183,.T.);
#6759 = ORIENTED_EDGE('',*,*,#6745,.F.);
#6760 = ORIENTED_EDGE('',*,*,#6761,.F.);
#6761 = EDGE_CURVE('',#6233,#6738,#6762,.T.);
#6762 = LINE('',#6763,#6764);
#6763 = CARTESIAN_POINT('',(7.5E-02,4.4,-1.185773803325));
#6764 = VECTOR('',#6765,1.);
#6765 = DIRECTION('',(-0.707106781187,-0.,-0.707106781187));
#6766 = ORIENTED_EDGE('',*,*,#6232,.T.);
#6767 = PLANE('',#6768);
#6768 = AXIS2_PLACEMENT_3D('',#6769,#6770,#6771);
#6769 = CARTESIAN_POINT('',(7.5E-02,4.4,-1.185773803325));
#6770 = DIRECTION('',(0.707106781187,0.,-0.707106781187));
#6771 = DIRECTION('',(-0.707106781187,0.,-0.707106781187));
#6772 = ADVANCED_FACE('',(#6773),#6799,.F.);
#6773 = FACE_BOUND('',#6774,.T.);
#6774 = EDGE_LOOP('',(#6775,#6776,#6777,#6778,#6779,#6780,#6781,#6782,
    #6783,#6784,#6785,#6786,#6787,#6788,#6789,#6790,#6791,#6792,#6793,
    #6794,#6795,#6796,#6797,#6798));
#6775 = ORIENTED_EDGE('',*,*,#6240,.T.);
#6776 = ORIENTED_EDGE('',*,*,#6761,.T.);
#6777 = ORIENTED_EDGE('',*,*,#6737,.T.);
#6778 = ORIENTED_EDGE('',*,*,#6713,.T.);
#6779 = ORIENTED_EDGE('',*,*,#6689,.T.);
#6780 = ORIENTED_EDGE('',*,*,#6665,.T.);
#6781 = ORIENTED_EDGE('',*,*,#6641,.T.);
#6782 = ORIENTED_EDGE('',*,*,#6617,.T.);
#6783 = ORIENTED_EDGE('',*,*,#6593,.T.);
#6784 = ORIENTED_EDGE('',*,*,#6569,.T.);
#6785 = ORIENTED_EDGE('',*,*,#6545,.T.);
#6786 = ORIENTED_EDGE('',*,*,#6521,.T.);
#6787 = ORIENTED_EDGE('',*,*,#6497,.T.);
#6788 = ORIENTED_EDGE('',*,*,#6473,.T.);
#6789 = ORIENTED_EDGE('',*,*,#6449,.T.);
#6790 = ORIENTED_EDGE('',*,*,#6425,.T.);
#6791 = ORIENTED_EDGE('',*,*,#6401,.T.);
#6792 = ORIENTED_EDGE('',*,*,#6377,.T.);
#6793 = ORIENTED_EDGE('',*,*,#6353,.T.);
#6794 = ORIENTED_EDGE('',*,*,#6329,.T.);
#6795 = ORIENTED_EDGE('',*,*,#6305,.T.);
#6796 = ORIENTED_EDGE('',*,*,#6281,.T.);
#6797 = ORIENTED_EDGE('',*,*,#5592,.T.);
#6798 = ORIENTED_EDGE('',*,*,#6264,.T.);
#6799 = PLANE('',#6800);
#6800 = AXIS2_PLACEMENT_3D('',#6801,#6802,#6803);
#6801 = CARTESIAN_POINT('',(0.,4.4,0.));
#6802 = DIRECTION('',(0.,-1.,0.));
#6803 = DIRECTION('',(0.,-0.,-1.));
#6804 = ADVANCED_FACE('',(#6805),#6823,.F.);
#6805 = FACE_BOUND('',#6806,.T.);
#6806 = EDGE_LOOP('',(#6807,#6815,#6816,#6817));
#6807 = ORIENTED_EDGE('',*,*,#6808,.F.);
#6808 = EDGE_CURVE('',#3330,#6809,#6811,.T.);
#6809 = VERTEX_POINT('',#6810);
#6810 = CARTESIAN_POINT('',(4.275,0.,-2.3));
#6811 = LINE('',#6812,#6813);
#6812 = CARTESIAN_POINT('',(4.275,0.,-2.3));
#6813 = VECTOR('',#6814,1.);
#6814 = DIRECTION('',(4.336808689942E-15,0.,1.));
#6815 = ORIENTED_EDGE('',*,*,#3329,.T.);
#6816 = ORIENTED_EDGE('',*,*,#2698,.T.);
#6817 = ORIENTED_EDGE('',*,*,#6818,.F.);
#6818 = EDGE_CURVE('',#6809,#2701,#6819,.T.);
#6819 = LINE('',#6820,#6821);
#6820 = CARTESIAN_POINT('',(4.275,-1.252996408614,-2.3));
#6821 = VECTOR('',#6822,1.);
#6822 = DIRECTION('',(-0.,1.,-0.));
#6823 = PLANE('',#6824);
#6824 = AXIS2_PLACEMENT_3D('',#6825,#6826,#6827);
#6825 = CARTESIAN_POINT('',(4.275,-1.252996408614,-2.3));
#6826 = DIRECTION('',(-1.,0.,4.336808689942E-15));
#6827 = DIRECTION('',(4.336808689942E-15,0.,1.));
#6828 = ADVANCED_FACE('',(#6829),#6847,.F.);
#6829 = FACE_BOUND('',#6830,.T.);
#6830 = EDGE_LOOP('',(#6831,#6839,#6840,#6841));
#6831 = ORIENTED_EDGE('',*,*,#6832,.F.);
#6832 = EDGE_CURVE('',#6809,#6833,#6835,.T.);
#6833 = VERTEX_POINT('',#6834);
#6834 = CARTESIAN_POINT('',(3.175,0.,-2.3));
#6835 = LINE('',#6836,#6837);
#6836 = CARTESIAN_POINT('',(3.175,0.,-2.3));
#6837 = VECTOR('',#6838,1.);
#6838 = DIRECTION('',(-1.,0.,0.));
#6839 = ORIENTED_EDGE('',*,*,#6818,.T.);
#6840 = ORIENTED_EDGE('',*,*,#2933,.T.);
#6841 = ORIENTED_EDGE('',*,*,#6842,.F.);
#6842 = EDGE_CURVE('',#6833,#2926,#6843,.T.);
#6843 = LINE('',#6844,#6845);
#6844 = CARTESIAN_POINT('',(3.175,-1.252996408614,-2.3));
#6845 = VECTOR('',#6846,1.);
#6846 = DIRECTION('',(-0.,1.,-0.));
#6847 = PLANE('',#6848);
#6848 = AXIS2_PLACEMENT_3D('',#6849,#6850,#6851);
#6849 = CARTESIAN_POINT('',(3.175,-1.252996408614,-2.3));
#6850 = DIRECTION('',(0.,0.,-1.));
#6851 = DIRECTION('',(-1.,0.,-0.));
#6852 = ADVANCED_FACE('',(#6853),#6864,.F.);
#6853 = FACE_BOUND('',#6854,.T.);
#6854 = EDGE_LOOP('',(#6855,#6861,#6862,#6863));
#6855 = ORIENTED_EDGE('',*,*,#6856,.F.);
#6856 = EDGE_CURVE('',#6833,#3338,#6857,.T.);
#6857 = LINE('',#6858,#6859);
#6858 = CARTESIAN_POINT('',(3.175,0.,-2.9));
#6859 = VECTOR('',#6860,1.);
#6860 = DIRECTION('',(-7.228014483237E-16,0.,-1.));
#6861 = ORIENTED_EDGE('',*,*,#6842,.T.);
#6862 = ORIENTED_EDGE('',*,*,#2925,.T.);
#6863 = ORIENTED_EDGE('',*,*,#3345,.F.);
#6864 = PLANE('',#6865);
#6865 = AXIS2_PLACEMENT_3D('',#6866,#6867,#6868);
#6866 = CARTESIAN_POINT('',(3.175,-1.252996408614,-2.9));
#6867 = DIRECTION('',(1.,0.,-7.228014483237E-16));
#6868 = DIRECTION('',(-7.228014483237E-16,0.,-1.));
#6869 = ADVANCED_FACE('',(#6870),#6876,.T.);
#6870 = FACE_BOUND('',#6871,.T.);
#6871 = EDGE_LOOP('',(#6872,#6873,#6874,#6875));
#6872 = ORIENTED_EDGE('',*,*,#6856,.T.);
#6873 = ORIENTED_EDGE('',*,*,#3337,.T.);
#6874 = ORIENTED_EDGE('',*,*,#6808,.T.);
#6875 = ORIENTED_EDGE('',*,*,#6832,.T.);
#6876 = PLANE('',#6877);
#6877 = AXIS2_PLACEMENT_3D('',#6878,#6879,#6880);
#6878 = CARTESIAN_POINT('',(0.,0.,0.));
#6879 = DIRECTION('',(0.,-1.,0.));
#6880 = DIRECTION('',(0.,-0.,-1.));
#6881 = ( GEOMETRIC_REPRESENTATION_CONTEXT(3) 
GLOBAL_UNCERTAINTY_ASSIGNED_CONTEXT((#6885)) 
GLOBAL_UNIT_ASSIGNED_CONTEXT((#6882,#6883,#6884)) REPRESENTATION_CONTEXT
('Context #1','3D Context with UNIT and UNCERTAINTY') );
#6882 = ( LENGTH_UNIT() NAMED_UNIT(*) SI_UNIT(.MILLI.,.METRE.) );
#6883 = ( NAMED_UNIT(*) PLANE_ANGLE_UNIT() SI_UNIT($,.RADIAN.) );
#6884 = ( NAMED_UNIT(*) SI_UNIT($,.STERADIAN.) SOLID_ANGLE_UNIT() );
#6885 = UNCERTAINTY_MEASURE_WITH_UNIT(LENGTH_MEASURE(2.E-06),#6882,
  'distance_accuracy_value','confusion accuracy');
#6886 = CONTEXT_DEPENDENT_SHAPE_REPRESENTATION(#6887,#6889);
#6887 = ( REPRESENTATION_RELATIONSHIP('','',#108,#10) 
REPRESENTATION_RELATIONSHIP_WITH_TRANSFORMATION(#6888) 
SHAPE_REPRESENTATION_RELATIONSHIP() );
#6888 = ITEM_DEFINED_TRANSFORMATION('','',#11,#15);
#6889 = PRODUCT_DEFINITION_SHAPE('Placement','Placement of an item',
  #6890);
#6890 = NEXT_ASSEMBLY_USAGE_OCCURRENCE('1','U3','',#5,#103,$);
#6891 = PRODUCT_RELATED_PRODUCT_CATEGORY('part',$,(#105));
#6892 = SHAPE_DEFINITION_REPRESENTATION(#6893,#6899);
#6893 = PRODUCT_DEFINITION_SHAPE('','',#6894);
#6894 = PRODUCT_DEFINITION('design','',#6895,#6898);
#6895 = PRODUCT_DEFINITION_FORMATION('','',#6896);
#6896 = PRODUCT('R_0805_2012Metric','R_0805_2012Metric','',(#6897));
#6897 = PRODUCT_CONTEXT('',#2,'mechanical');
#6898 = PRODUCT_DEFINITION_CONTEXT('part definition',#2,'design');
#6899 = ADVANCED_BREP_SHAPE_REPRESENTATION('',(#11,#6900),#7690);
#6900 = MANIFOLD_SOLID_BREP('',#6901);
#6901 = CLOSED_SHELL('',(#6902,#6942,#7025,#7050,#7075,#7142,#7159,#7176
    ,#7225,#7242,#7259,#7308,#7325,#7394,#7425,#7449,#7518,#7542,#7559,
    #7576,#7593,#7610,#7627,#7644,#7661,#7678));
#6902 = ADVANCED_FACE('',(#6903),#6937,.F.);
#6903 = FACE_BOUND('',#6904,.F.);
#6904 = EDGE_LOOP('',(#6905,#6915,#6923,#6931));
#6905 = ORIENTED_EDGE('',*,*,#6906,.F.);
#6906 = EDGE_CURVE('',#6907,#6909,#6911,.T.);
#6907 = VERTEX_POINT('',#6908);
#6908 = CARTESIAN_POINT('',(-1.,-0.6,4.5E-02));
#6909 = VERTEX_POINT('',#6910);
#6910 = CARTESIAN_POINT('',(-1.,-0.6,0.405));
#6911 = LINE('',#6912,#6913);
#6912 = CARTESIAN_POINT('',(-1.,-0.6,0.));
#6913 = VECTOR('',#6914,1.);
#6914 = DIRECTION('',(0.,0.,1.));
#6915 = ORIENTED_EDGE('',*,*,#6916,.T.);
#6916 = EDGE_CURVE('',#6907,#6917,#6919,.T.);
#6917 = VERTEX_POINT('',#6918);
#6918 = CARTESIAN_POINT('',(-1.,0.6,4.5E-02));
#6919 = LINE('',#6920,#6921);
#6920 = CARTESIAN_POINT('',(-1.,-0.6,4.5E-02));
#6921 = VECTOR('',#6922,1.);
#6922 = DIRECTION('',(0.,1.,0.));
#6923 = ORIENTED_EDGE('',*,*,#6924,.T.);
#6924 = EDGE_CURVE('',#6917,#6925,#6927,.T.);
#6925 = VERTEX_POINT('',#6926);
#6926 = CARTESIAN_POINT('',(-1.,0.6,0.405));
#6927 = LINE('',#6928,#6929);
#6928 = CARTESIAN_POINT('',(-1.,0.6,0.));
#6929 = VECTOR('',#6930,1.);
#6930 = DIRECTION('',(0.,0.,1.));
#6931 = ORIENTED_EDGE('',*,*,#6932,.F.);
#6932 = EDGE_CURVE('',#6909,#6925,#6933,.T.);
#6933 = LINE('',#6934,#6935);
#6934 = CARTESIAN_POINT('',(-1.,-0.6,0.405));
#6935 = VECTOR('',#6936,1.);
#6936 = DIRECTION('',(0.,1.,0.));
#6937 = PLANE('',#6938);
#6938 = AXIS2_PLACEMENT_3D('',#6939,#6940,#6941);
#6939 = CARTESIAN_POINT('',(-1.,-0.6,0.));
#6940 = DIRECTION('',(1.,0.,0.));
#6941 = DIRECTION('',(0.,0.,1.));
#6942 = ADVANCED_FACE('',(#6943),#7020,.F.);
#6943 = FACE_BOUND('',#6944,.F.);
#6944 = EDGE_LOOP('',(#6945,#6955,#6962,#6963,#6972,#6980,#6989,#6997,
    #7005,#7013));
#6945 = ORIENTED_EDGE('',*,*,#6946,.F.);
#6946 = EDGE_CURVE('',#6947,#6949,#6951,.T.);
#6947 = VERTEX_POINT('',#6948);
#6948 = CARTESIAN_POINT('',(-0.955,-0.6,-2.775557561563E-17));
#6949 = VERTEX_POINT('',#6950);
#6950 = CARTESIAN_POINT('',(-0.745,-0.6,-2.775557561563E-17));
#6951 = LINE('',#6952,#6953);
#6952 = CARTESIAN_POINT('',(-1.,-0.6,0.));
#6953 = VECTOR('',#6954,1.);
#6954 = DIRECTION('',(1.,0.,0.));
#6955 = ORIENTED_EDGE('',*,*,#6956,.F.);
#6956 = EDGE_CURVE('',#6907,#6947,#6957,.T.);
#6957 = CIRCLE('',#6958,4.5E-02);
#6958 = AXIS2_PLACEMENT_3D('',#6959,#6960,#6961);
#6959 = CARTESIAN_POINT('',(-0.955,-0.6,4.5E-02));
#6960 = DIRECTION('',(0.,-1.,0.));
#6961 = DIRECTION('',(0.,0.,1.));
#6962 = ORIENTED_EDGE('',*,*,#6906,.T.);
#6963 = ORIENTED_EDGE('',*,*,#6964,.T.);
#6964 = EDGE_CURVE('',#6909,#6965,#6967,.T.);
#6965 = VERTEX_POINT('',#6966);
#6966 = CARTESIAN_POINT('',(-0.955,-0.6,0.45));
#6967 = CIRCLE('',#6968,4.5E-02);
#6968 = AXIS2_PLACEMENT_3D('',#6969,#6970,#6971);
#6969 = CARTESIAN_POINT('',(-0.955,-0.6,0.405));
#6970 = DIRECTION('',(0.,1.,0.));
#6971 = DIRECTION('',(0.,-0.,1.));
#6972 = ORIENTED_EDGE('',*,*,#6973,.T.);
#6973 = EDGE_CURVE('',#6965,#6974,#6976,.T.);
#6974 = VERTEX_POINT('',#6975);
#6975 = CARTESIAN_POINT('',(-0.745,-0.6,0.45));
#6976 = LINE('',#6977,#6978);
#6977 = CARTESIAN_POINT('',(-1.,-0.6,0.45));
#6978 = VECTOR('',#6979,1.);
#6979 = DIRECTION('',(1.,0.,0.));
#6980 = ORIENTED_EDGE('',*,*,#6981,.F.);
#6981 = EDGE_CURVE('',#6982,#6974,#6984,.T.);
#6982 = VERTEX_POINT('',#6983);
#6983 = CARTESIAN_POINT('',(-0.7,-0.6,0.405));
#6984 = CIRCLE('',#6985,4.5E-02);
#6985 = AXIS2_PLACEMENT_3D('',#6986,#6987,#6988);
#6986 = CARTESIAN_POINT('',(-0.745,-0.6,0.405));
#6987 = DIRECTION('',(0.,-1.,0.));
#6988 = DIRECTION('',(0.,0.,1.));
#6989 = ORIENTED_EDGE('',*,*,#6990,.F.);
#6990 = EDGE_CURVE('',#6991,#6982,#6993,.T.);
#6991 = VERTEX_POINT('',#6992);
#6992 = CARTESIAN_POINT('',(-0.955,-0.6,0.405));
#6993 = LINE('',#6994,#6995);
#6994 = CARTESIAN_POINT('',(-0.955,-0.6,0.405));
#6995 = VECTOR('',#6996,1.);
#6996 = DIRECTION('',(1.,0.,0.));
#6997 = ORIENTED_EDGE('',*,*,#6998,.F.);
#6998 = EDGE_CURVE('',#6999,#6991,#7001,.T.);
#6999 = VERTEX_POINT('',#7000);
#7000 = CARTESIAN_POINT('',(-0.955,-0.6,4.5E-02));
#7001 = LINE('',#7002,#7003);
#7002 = CARTESIAN_POINT('',(-0.955,-0.6,4.5E-02));
#7003 = VECTOR('',#7004,1.);
#7004 = DIRECTION('',(0.,0.,1.));
#7005 = ORIENTED_EDGE('',*,*,#7006,.T.);
#7006 = EDGE_CURVE('',#6999,#7007,#7009,.T.);
#7007 = VERTEX_POINT('',#7008);
#7008 = CARTESIAN_POINT('',(-0.7,-0.6,4.5E-02));
#7009 = LINE('',#7010,#7011);
#7010 = CARTESIAN_POINT('',(-0.955,-0.6,4.5E-02));
#7011 = VECTOR('',#7012,1.);
#7012 = DIRECTION('',(1.,0.,0.));
#7013 = ORIENTED_EDGE('',*,*,#7014,.T.);
#7014 = EDGE_CURVE('',#7007,#6949,#7015,.T.);
#7015 = CIRCLE('',#7016,4.5E-02);
#7016 = AXIS2_PLACEMENT_3D('',#7017,#7018,#7019);
#7017 = CARTESIAN_POINT('',(-0.745,-0.6,4.5E-02));
#7018 = DIRECTION('',(0.,1.,0.));
#7019 = DIRECTION('',(0.,-0.,1.));
#7020 = PLANE('',#7021);
#7021 = AXIS2_PLACEMENT_3D('',#7022,#7023,#7024);
#7022 = CARTESIAN_POINT('',(-1.,-0.6,0.));
#7023 = DIRECTION('',(0.,1.,0.));
#7024 = DIRECTION('',(0.,-0.,1.));
#7025 = ADVANCED_FACE('',(#7026),#7045,.T.);
#7026 = FACE_BOUND('',#7027,.T.);
#7027 = EDGE_LOOP('',(#7028,#7029,#7038,#7044));
#7028 = ORIENTED_EDGE('',*,*,#6916,.T.);
#7029 = ORIENTED_EDGE('',*,*,#7030,.T.);
#7030 = EDGE_CURVE('',#6917,#7031,#7033,.T.);
#7031 = VERTEX_POINT('',#7032);
#7032 = CARTESIAN_POINT('',(-0.955,0.6,-2.775557561563E-17));
#7033 = CIRCLE('',#7034,4.5E-02);
#7034 = AXIS2_PLACEMENT_3D('',#7035,#7036,#7037);
#7035 = CARTESIAN_POINT('',(-0.955,0.6,4.5E-02));
#7036 = DIRECTION('',(0.,-1.,0.));
#7037 = DIRECTION('',(0.,0.,1.));
#7038 = ORIENTED_EDGE('',*,*,#7039,.F.);
#7039 = EDGE_CURVE('',#6947,#7031,#7040,.T.);
#7040 = LINE('',#7041,#7042);
#7041 = CARTESIAN_POINT('',(-0.955,-0.6,-2.775557561563E-17));
#7042 = VECTOR('',#7043,1.);
#7043 = DIRECTION('',(0.,1.,0.));
#7044 = ORIENTED_EDGE('',*,*,#6956,.F.);
#7045 = CYLINDRICAL_SURFACE('',#7046,4.5E-02);
#7046 = AXIS2_PLACEMENT_3D('',#7047,#7048,#7049);
#7047 = CARTESIAN_POINT('',(-0.955,-0.6,4.5E-02));
#7048 = DIRECTION('',(0.,1.,0.));
#7049 = DIRECTION('',(-1.,0.,0.));
#7050 = ADVANCED_FACE('',(#7051),#7070,.T.);
#7051 = FACE_BOUND('',#7052,.T.);
#7052 = EDGE_LOOP('',(#7053,#7054,#7062,#7069));
#7053 = ORIENTED_EDGE('',*,*,#6964,.T.);
#7054 = ORIENTED_EDGE('',*,*,#7055,.T.);
#7055 = EDGE_CURVE('',#6965,#7056,#7058,.T.);
#7056 = VERTEX_POINT('',#7057);
#7057 = CARTESIAN_POINT('',(-0.955,0.6,0.45));
#7058 = LINE('',#7059,#7060);
#7059 = CARTESIAN_POINT('',(-0.955,-0.6,0.45));
#7060 = VECTOR('',#7061,1.);
#7061 = DIRECTION('',(0.,1.,0.));
#7062 = ORIENTED_EDGE('',*,*,#7063,.F.);
#7063 = EDGE_CURVE('',#6925,#7056,#7064,.T.);
#7064 = CIRCLE('',#7065,4.5E-02);
#7065 = AXIS2_PLACEMENT_3D('',#7066,#7067,#7068);
#7066 = CARTESIAN_POINT('',(-0.955,0.6,0.405));
#7067 = DIRECTION('',(0.,1.,0.));
#7068 = DIRECTION('',(0.,-0.,1.));
#7069 = ORIENTED_EDGE('',*,*,#6932,.F.);
#7070 = CYLINDRICAL_SURFACE('',#7071,4.5E-02);
#7071 = AXIS2_PLACEMENT_3D('',#7072,#7073,#7074);
#7072 = CARTESIAN_POINT('',(-0.955,-0.6,0.405));
#7073 = DIRECTION('',(0.,1.,0.));
#7074 = DIRECTION('',(-1.,0.,0.));
#7075 = ADVANCED_FACE('',(#7076),#7137,.T.);
#7076 = FACE_BOUND('',#7077,.T.);
#7077 = EDGE_LOOP('',(#7078,#7086,#7087,#7088,#7089,#7097,#7106,#7114,
    #7122,#7130));
#7078 = ORIENTED_EDGE('',*,*,#7079,.F.);
#7079 = EDGE_CURVE('',#7031,#7080,#7082,.T.);
#7080 = VERTEX_POINT('',#7081);
#7081 = CARTESIAN_POINT('',(-0.745,0.6,-2.775557561563E-17));
#7082 = LINE('',#7083,#7084);
#7083 = CARTESIAN_POINT('',(-1.,0.6,0.));
#7084 = VECTOR('',#7085,1.);
#7085 = DIRECTION('',(1.,0.,0.));
#7086 = ORIENTED_EDGE('',*,*,#7030,.F.);
#7087 = ORIENTED_EDGE('',*,*,#6924,.T.);
#7088 = ORIENTED_EDGE('',*,*,#7063,.T.);
#7089 = ORIENTED_EDGE('',*,*,#7090,.T.);
#7090 = EDGE_CURVE('',#7056,#7091,#7093,.T.);
#7091 = VERTEX_POINT('',#7092);
#7092 = CARTESIAN_POINT('',(-0.745,0.6,0.45));
#7093 = LINE('',#7094,#7095);
#7094 = CARTESIAN_POINT('',(-1.,0.6,0.45));
#7095 = VECTOR('',#7096,1.);
#7096 = DIRECTION('',(1.,0.,0.));
#7097 = ORIENTED_EDGE('',*,*,#7098,.F.);
#7098 = EDGE_CURVE('',#7099,#7091,#7101,.T.);
#7099 = VERTEX_POINT('',#7100);
#7100 = CARTESIAN_POINT('',(-0.7,0.6,0.405));
#7101 = CIRCLE('',#7102,4.5E-02);
#7102 = AXIS2_PLACEMENT_3D('',#7103,#7104,#7105);
#7103 = CARTESIAN_POINT('',(-0.745,0.6,0.405));
#7104 = DIRECTION('',(0.,-1.,0.));
#7105 = DIRECTION('',(0.,0.,1.));
#7106 = ORIENTED_EDGE('',*,*,#7107,.F.);
#7107 = EDGE_CURVE('',#7108,#7099,#7110,.T.);
#7108 = VERTEX_POINT('',#7109);
#7109 = CARTESIAN_POINT('',(-0.955,0.6,0.405));
#7110 = LINE('',#7111,#7112);
#7111 = CARTESIAN_POINT('',(-0.955,0.6,0.405));
#7112 = VECTOR('',#7113,1.);
#7113 = DIRECTION('',(1.,0.,0.));
#7114 = ORIENTED_EDGE('',*,*,#7115,.F.);
#7115 = EDGE_CURVE('',#7116,#7108,#7118,.T.);
#7116 = VERTEX_POINT('',#7117);
#7117 = CARTESIAN_POINT('',(-0.955,0.6,4.5E-02));
#7118 = LINE('',#7119,#7120);
#7119 = CARTESIAN_POINT('',(-0.955,0.6,4.5E-02));
#7120 = VECTOR('',#7121,1.);
#7121 = DIRECTION('',(0.,0.,1.));
#7122 = ORIENTED_EDGE('',*,*,#7123,.T.);
#7123 = EDGE_CURVE('',#7116,#7124,#7126,.T.);
#7124 = VERTEX_POINT('',#7125);
#7125 = CARTESIAN_POINT('',(-0.7,0.6,4.5E-02));
#7126 = LINE('',#7127,#7128);
#7127 = CARTESIAN_POINT('',(-0.955,0.6,4.5E-02));
#7128 = VECTOR('',#7129,1.);
#7129 = DIRECTION('',(1.,0.,0.));
#7130 = ORIENTED_EDGE('',*,*,#7131,.T.);
#7131 = EDGE_CURVE('',#7124,#7080,#7132,.T.);
#7132 = CIRCLE('',#7133,4.5E-02);
#7133 = AXIS2_PLACEMENT_3D('',#7134,#7135,#7136);
#7134 = CARTESIAN_POINT('',(-0.745,0.6,4.5E-02));
#7135 = DIRECTION('',(0.,1.,0.));
#7136 = DIRECTION('',(0.,-0.,1.));
#7137 = PLANE('',#7138);
#7138 = AXIS2_PLACEMENT_3D('',#7139,#7140,#7141);
#7139 = CARTESIAN_POINT('',(-1.,0.6,0.));
#7140 = DIRECTION('',(0.,1.,0.));
#7141 = DIRECTION('',(0.,-0.,1.));
#7142 = ADVANCED_FACE('',(#7143),#7154,.F.);
#7143 = FACE_BOUND('',#7144,.F.);
#7144 = EDGE_LOOP('',(#7145,#7146,#7147,#7148));
#7145 = ORIENTED_EDGE('',*,*,#7079,.F.);
#7146 = ORIENTED_EDGE('',*,*,#7039,.F.);
#7147 = ORIENTED_EDGE('',*,*,#6946,.T.);
#7148 = ORIENTED_EDGE('',*,*,#7149,.T.);
#7149 = EDGE_CURVE('',#6949,#7080,#7150,.T.);
#7150 = LINE('',#7151,#7152);
#7151 = CARTESIAN_POINT('',(-0.745,-0.6,-2.775557561563E-17));
#7152 = VECTOR('',#7153,1.);
#7153 = DIRECTION('',(0.,1.,0.));
#7154 = PLANE('',#7155);
#7155 = AXIS2_PLACEMENT_3D('',#7156,#7157,#7158);
#7156 = CARTESIAN_POINT('',(-1.,-0.6,0.));
#7157 = DIRECTION('',(0.,0.,1.));
#7158 = DIRECTION('',(1.,0.,-0.));
#7159 = ADVANCED_FACE('',(#7160),#7171,.T.);
#7160 = FACE_BOUND('',#7161,.T.);
#7161 = EDGE_LOOP('',(#7162,#7163,#7164,#7165));
#7162 = ORIENTED_EDGE('',*,*,#7014,.T.);
#7163 = ORIENTED_EDGE('',*,*,#7149,.T.);
#7164 = ORIENTED_EDGE('',*,*,#7131,.F.);
#7165 = ORIENTED_EDGE('',*,*,#7166,.F.);
#7166 = EDGE_CURVE('',#7007,#7124,#7167,.T.);
#7167 = LINE('',#7168,#7169);
#7168 = CARTESIAN_POINT('',(-0.7,-0.6,4.5E-02));
#7169 = VECTOR('',#7170,1.);
#7170 = DIRECTION('',(0.,1.,0.));
#7171 = CYLINDRICAL_SURFACE('',#7172,4.5E-02);
#7172 = AXIS2_PLACEMENT_3D('',#7173,#7174,#7175);
#7173 = CARTESIAN_POINT('',(-0.745,-0.6,4.5E-02));
#7174 = DIRECTION('',(0.,1.,0.));
#7175 = DIRECTION('',(1.,0.,0.));
#7176 = ADVANCED_FACE('',(#7177),#7220,.F.);
#7177 = FACE_BOUND('',#7178,.F.);
#7178 = EDGE_LOOP('',(#7179,#7180,#7181,#7182,#7190,#7198,#7206,#7214));
#7179 = ORIENTED_EDGE('',*,*,#7006,.F.);
#7180 = ORIENTED_EDGE('',*,*,#6998,.T.);
#7181 = ORIENTED_EDGE('',*,*,#6990,.T.);
#7182 = ORIENTED_EDGE('',*,*,#7183,.T.);
#7183 = EDGE_CURVE('',#6982,#7184,#7186,.T.);
#7184 = VERTEX_POINT('',#7185);
#7185 = CARTESIAN_POINT('',(0.7,-0.6,0.405));
#7186 = LINE('',#7187,#7188);
#7187 = CARTESIAN_POINT('',(-0.7,-0.6,0.405));
#7188 = VECTOR('',#7189,1.);
#7189 = DIRECTION('',(1.,0.,0.));
#7190 = ORIENTED_EDGE('',*,*,#7191,.T.);
#7191 = EDGE_CURVE('',#7184,#7192,#7194,.T.);
#7192 = VERTEX_POINT('',#7193);
#7193 = CARTESIAN_POINT('',(0.955,-0.6,0.405));
#7194 = LINE('',#7195,#7196);
#7195 = CARTESIAN_POINT('',(-0.955,-0.6,0.405));
#7196 = VECTOR('',#7197,1.);
#7197 = DIRECTION('',(1.,0.,0.));
#7198 = ORIENTED_EDGE('',*,*,#7199,.F.);
#7199 = EDGE_CURVE('',#7200,#7192,#7202,.T.);
#7200 = VERTEX_POINT('',#7201);
#7201 = CARTESIAN_POINT('',(0.955,-0.6,4.5E-02));
#7202 = LINE('',#7203,#7204);
#7203 = CARTESIAN_POINT('',(0.955,-0.6,4.5E-02));
#7204 = VECTOR('',#7205,1.);
#7205 = DIRECTION('',(0.,0.,1.));
#7206 = ORIENTED_EDGE('',*,*,#7207,.F.);
#7207 = EDGE_CURVE('',#7208,#7200,#7210,.T.);
#7208 = VERTEX_POINT('',#7209);
#7209 = CARTESIAN_POINT('',(0.7,-0.6,4.5E-02));
#7210 = LINE('',#7211,#7212);
#7211 = CARTESIAN_POINT('',(-0.955,-0.6,4.5E-02));
#7212 = VECTOR('',#7213,1.);
#7213 = DIRECTION('',(1.,0.,0.));
#7214 = ORIENTED_EDGE('',*,*,#7215,.F.);
#7215 = EDGE_CURVE('',#7007,#7208,#7216,.T.);
#7216 = LINE('',#7217,#7218);
#7217 = CARTESIAN_POINT('',(-0.955,-0.6,4.5E-02));
#7218 = VECTOR('',#7219,1.);
#7219 = DIRECTION('',(1.,0.,0.));
#7220 = PLANE('',#7221);
#7221 = AXIS2_PLACEMENT_3D('',#7222,#7223,#7224);
#7222 = CARTESIAN_POINT('',(-0.955,-0.6,4.5E-02));
#7223 = DIRECTION('',(0.,1.,0.));
#7224 = DIRECTION('',(0.,-0.,1.));
#7225 = ADVANCED_FACE('',(#7226),#7237,.T.);
#7226 = FACE_BOUND('',#7227,.T.);
#7227 = EDGE_LOOP('',(#7228,#7229,#7230,#7231));
#7228 = ORIENTED_EDGE('',*,*,#7090,.F.);
#7229 = ORIENTED_EDGE('',*,*,#7055,.F.);
#7230 = ORIENTED_EDGE('',*,*,#6973,.T.);
#7231 = ORIENTED_EDGE('',*,*,#7232,.T.);
#7232 = EDGE_CURVE('',#6974,#7091,#7233,.T.);
#7233 = LINE('',#7234,#7235);
#7234 = CARTESIAN_POINT('',(-0.745,-0.6,0.45));
#7235 = VECTOR('',#7236,1.);
#7236 = DIRECTION('',(0.,1.,0.));
#7237 = PLANE('',#7238);
#7238 = AXIS2_PLACEMENT_3D('',#7239,#7240,#7241);
#7239 = CARTESIAN_POINT('',(-1.,-0.6,0.45));
#7240 = DIRECTION('',(0.,0.,1.));
#7241 = DIRECTION('',(1.,0.,-0.));
#7242 = ADVANCED_FACE('',(#7243),#7254,.T.);
#7243 = FACE_BOUND('',#7244,.T.);
#7244 = EDGE_LOOP('',(#7245,#7251,#7252,#7253));
#7245 = ORIENTED_EDGE('',*,*,#7246,.T.);
#7246 = EDGE_CURVE('',#6982,#7099,#7247,.T.);
#7247 = LINE('',#7248,#7249);
#7248 = CARTESIAN_POINT('',(-0.7,-0.6,0.405));
#7249 = VECTOR('',#7250,1.);
#7250 = DIRECTION('',(0.,1.,0.));
#7251 = ORIENTED_EDGE('',*,*,#7098,.T.);
#7252 = ORIENTED_EDGE('',*,*,#7232,.F.);
#7253 = ORIENTED_EDGE('',*,*,#6981,.F.);
#7254 = CYLINDRICAL_SURFACE('',#7255,4.5E-02);
#7255 = AXIS2_PLACEMENT_3D('',#7256,#7257,#7258);
#7256 = CARTESIAN_POINT('',(-0.745,-0.6,0.405));
#7257 = DIRECTION('',(0.,1.,0.));
#7258 = DIRECTION('',(1.,0.,0.));
#7259 = ADVANCED_FACE('',(#7260),#7303,.T.);
#7260 = FACE_BOUND('',#7261,.T.);
#7261 = EDGE_LOOP('',(#7262,#7263,#7264,#7265,#7273,#7281,#7289,#7297));
#7262 = ORIENTED_EDGE('',*,*,#7123,.F.);
#7263 = ORIENTED_EDGE('',*,*,#7115,.T.);
#7264 = ORIENTED_EDGE('',*,*,#7107,.T.);
#7265 = ORIENTED_EDGE('',*,*,#7266,.T.);
#7266 = EDGE_CURVE('',#7099,#7267,#7269,.T.);
#7267 = VERTEX_POINT('',#7268);
#7268 = CARTESIAN_POINT('',(0.7,0.6,0.405));
#7269 = LINE('',#7270,#7271);
#7270 = CARTESIAN_POINT('',(-0.7,0.6,0.405));
#7271 = VECTOR('',#7272,1.);
#7272 = DIRECTION('',(1.,0.,0.));
#7273 = ORIENTED_EDGE('',*,*,#7274,.T.);
#7274 = EDGE_CURVE('',#7267,#7275,#7277,.T.);
#7275 = VERTEX_POINT('',#7276);
#7276 = CARTESIAN_POINT('',(0.955,0.6,0.405));
#7277 = LINE('',#7278,#7279);
#7278 = CARTESIAN_POINT('',(-0.955,0.6,0.405));
#7279 = VECTOR('',#7280,1.);
#7280 = DIRECTION('',(1.,0.,0.));
#7281 = ORIENTED_EDGE('',*,*,#7282,.F.);
#7282 = EDGE_CURVE('',#7283,#7275,#7285,.T.);
#7283 = VERTEX_POINT('',#7284);
#7284 = CARTESIAN_POINT('',(0.955,0.6,4.5E-02));
#7285 = LINE('',#7286,#7287);
#7286 = CARTESIAN_POINT('',(0.955,0.6,4.5E-02));
#7287 = VECTOR('',#7288,1.);
#7288 = DIRECTION('',(0.,0.,1.));
#7289 = ORIENTED_EDGE('',*,*,#7290,.F.);
#7290 = EDGE_CURVE('',#7291,#7283,#7293,.T.);
#7291 = VERTEX_POINT('',#7292);
#7292 = CARTESIAN_POINT('',(0.7,0.6,4.5E-02));
#7293 = LINE('',#7294,#7295);
#7294 = CARTESIAN_POINT('',(-0.955,0.6,4.5E-02));
#7295 = VECTOR('',#7296,1.);
#7296 = DIRECTION('',(1.,0.,0.));
#7297 = ORIENTED_EDGE('',*,*,#7298,.F.);
#7298 = EDGE_CURVE('',#7124,#7291,#7299,.T.);
#7299 = LINE('',#7300,#7301);
#7300 = CARTESIAN_POINT('',(-0.955,0.6,4.5E-02));
#7301 = VECTOR('',#7302,1.);
#7302 = DIRECTION('',(1.,0.,0.));
#7303 = PLANE('',#7304);
#7304 = AXIS2_PLACEMENT_3D('',#7305,#7306,#7307);
#7305 = CARTESIAN_POINT('',(-0.955,0.6,4.5E-02));
#7306 = DIRECTION('',(0.,1.,0.));
#7307 = DIRECTION('',(0.,-0.,1.));
#7308 = ADVANCED_FACE('',(#7309),#7320,.F.);
#7309 = FACE_BOUND('',#7310,.F.);
#7310 = EDGE_LOOP('',(#7311,#7312,#7313,#7319));
#7311 = ORIENTED_EDGE('',*,*,#7166,.F.);
#7312 = ORIENTED_EDGE('',*,*,#7215,.T.);
#7313 = ORIENTED_EDGE('',*,*,#7314,.T.);
#7314 = EDGE_CURVE('',#7208,#7291,#7315,.T.);
#7315 = LINE('',#7316,#7317);
#7316 = CARTESIAN_POINT('',(0.7,-0.6,4.5E-02));
#7317 = VECTOR('',#7318,1.);
#7318 = DIRECTION('',(0.,1.,0.));
#7319 = ORIENTED_EDGE('',*,*,#7298,.F.);
#7320 = PLANE('',#7321);
#7321 = AXIS2_PLACEMENT_3D('',#7322,#7323,#7324);
#7322 = CARTESIAN_POINT('',(-0.955,-0.6,4.5E-02));
#7323 = DIRECTION('',(0.,0.,1.));
#7324 = DIRECTION('',(1.,0.,-0.));
#7325 = ADVANCED_FACE('',(#7326),#7389,.F.);
#7326 = FACE_BOUND('',#7327,.F.);
#7327 = EDGE_LOOP('',(#7328,#7338,#7345,#7346,#7347,#7348,#7357,#7365,
    #7374,#7382));
#7328 = ORIENTED_EDGE('',*,*,#7329,.F.);
#7329 = EDGE_CURVE('',#7330,#7332,#7334,.T.);
#7330 = VERTEX_POINT('',#7331);
#7331 = CARTESIAN_POINT('',(0.745,-0.6,-2.775557561563E-17));
#7332 = VERTEX_POINT('',#7333);
#7333 = CARTESIAN_POINT('',(0.955,-0.6,-2.775557561563E-17));
#7334 = LINE('',#7335,#7336);
#7335 = CARTESIAN_POINT('',(0.7,-0.6,0.));
#7336 = VECTOR('',#7337,1.);
#7337 = DIRECTION('',(1.,0.,0.));
#7338 = ORIENTED_EDGE('',*,*,#7339,.F.);
#7339 = EDGE_CURVE('',#7208,#7330,#7340,.T.);
#7340 = CIRCLE('',#7341,4.5E-02);
#7341 = AXIS2_PLACEMENT_3D('',#7342,#7343,#7344);
#7342 = CARTESIAN_POINT('',(0.745,-0.6,4.5E-02));
#7343 = DIRECTION('',(0.,-1.,0.));
#7344 = DIRECTION('',(0.,0.,1.));
#7345 = ORIENTED_EDGE('',*,*,#7207,.T.);
#7346 = ORIENTED_EDGE('',*,*,#7199,.T.);
#7347 = ORIENTED_EDGE('',*,*,#7191,.F.);
#7348 = ORIENTED_EDGE('',*,*,#7349,.T.);
#7349 = EDGE_CURVE('',#7184,#7350,#7352,.T.);
#7350 = VERTEX_POINT('',#7351);
#7351 = CARTESIAN_POINT('',(0.745,-0.6,0.45));
#7352 = CIRCLE('',#7353,4.5E-02);
#7353 = AXIS2_PLACEMENT_3D('',#7354,#7355,#7356);
#7354 = CARTESIAN_POINT('',(0.745,-0.6,0.405));
#7355 = DIRECTION('',(0.,1.,0.));
#7356 = DIRECTION('',(0.,-0.,1.));
#7357 = ORIENTED_EDGE('',*,*,#7358,.T.);
#7358 = EDGE_CURVE('',#7350,#7359,#7361,.T.);
#7359 = VERTEX_POINT('',#7360);
#7360 = CARTESIAN_POINT('',(0.955,-0.6,0.45));
#7361 = LINE('',#7362,#7363);
#7362 = CARTESIAN_POINT('',(0.7,-0.6,0.45));
#7363 = VECTOR('',#7364,1.);
#7364 = DIRECTION('',(1.,0.,0.));
#7365 = ORIENTED_EDGE('',*,*,#7366,.F.);
#7366 = EDGE_CURVE('',#7367,#7359,#7369,.T.);
#7367 = VERTEX_POINT('',#7368);
#7368 = CARTESIAN_POINT('',(1.,-0.6,0.405));
#7369 = CIRCLE('',#7370,4.5E-02);
#7370 = AXIS2_PLACEMENT_3D('',#7371,#7372,#7373);
#7371 = CARTESIAN_POINT('',(0.955,-0.6,0.405));
#7372 = DIRECTION('',(0.,-1.,0.));
#7373 = DIRECTION('',(0.,0.,1.));
#7374 = ORIENTED_EDGE('',*,*,#7375,.F.);
#7375 = EDGE_CURVE('',#7376,#7367,#7378,.T.);
#7376 = VERTEX_POINT('',#7377);
#7377 = CARTESIAN_POINT('',(1.,-0.6,4.5E-02));
#7378 = LINE('',#7379,#7380);
#7379 = CARTESIAN_POINT('',(1.,-0.6,0.));
#7380 = VECTOR('',#7381,1.);
#7381 = DIRECTION('',(0.,0.,1.));
#7382 = ORIENTED_EDGE('',*,*,#7383,.T.);
#7383 = EDGE_CURVE('',#7376,#7332,#7384,.T.);
#7384 = CIRCLE('',#7385,4.5E-02);
#7385 = AXIS2_PLACEMENT_3D('',#7386,#7387,#7388);
#7386 = CARTESIAN_POINT('',(0.955,-0.6,4.5E-02));
#7387 = DIRECTION('',(0.,1.,0.));
#7388 = DIRECTION('',(0.,-0.,1.));
#7389 = PLANE('',#7390);
#7390 = AXIS2_PLACEMENT_3D('',#7391,#7392,#7393);
#7391 = CARTESIAN_POINT('',(0.7,-0.6,0.));
#7392 = DIRECTION('',(0.,1.,0.));
#7393 = DIRECTION('',(0.,-0.,1.));
#7394 = ADVANCED_FACE('',(#7395),#7420,.F.);
#7395 = FACE_BOUND('',#7396,.F.);
#7396 = EDGE_LOOP('',(#7397,#7398,#7406,#7414));
#7397 = ORIENTED_EDGE('',*,*,#7183,.F.);
#7398 = ORIENTED_EDGE('',*,*,#7399,.T.);
#7399 = EDGE_CURVE('',#6982,#7400,#7402,.T.);
#7400 = VERTEX_POINT('',#7401);
#7401 = CARTESIAN_POINT('',(-0.7,-0.6,0.45));
#7402 = LINE('',#7403,#7404);
#7403 = CARTESIAN_POINT('',(-0.7,-0.6,0.405));
#7404 = VECTOR('',#7405,1.);
#7405 = DIRECTION('',(0.,0.,1.));
#7406 = ORIENTED_EDGE('',*,*,#7407,.T.);
#7407 = EDGE_CURVE('',#7400,#7408,#7410,.T.);
#7408 = VERTEX_POINT('',#7409);
#7409 = CARTESIAN_POINT('',(0.7,-0.6,0.45));
#7410 = LINE('',#7411,#7412);
#7411 = CARTESIAN_POINT('',(-0.7,-0.6,0.45));
#7412 = VECTOR('',#7413,1.);
#7413 = DIRECTION('',(1.,0.,0.));
#7414 = ORIENTED_EDGE('',*,*,#7415,.F.);
#7415 = EDGE_CURVE('',#7184,#7408,#7416,.T.);
#7416 = LINE('',#7417,#7418);
#7417 = CARTESIAN_POINT('',(0.7,-0.6,0.405));
#7418 = VECTOR('',#7419,1.);
#7419 = DIRECTION('',(0.,0.,1.));
#7420 = PLANE('',#7421);
#7421 = AXIS2_PLACEMENT_3D('',#7422,#7423,#7424);
#7422 = CARTESIAN_POINT('',(-0.7,-0.6,0.405));
#7423 = DIRECTION('',(0.,1.,0.));
#7424 = DIRECTION('',(0.,-0.,1.));
#7425 = ADVANCED_FACE('',(#7426),#7444,.F.);
#7426 = FACE_BOUND('',#7427,.F.);
#7427 = EDGE_LOOP('',(#7428,#7429,#7430,#7438));
#7428 = ORIENTED_EDGE('',*,*,#7399,.F.);
#7429 = ORIENTED_EDGE('',*,*,#7246,.T.);
#7430 = ORIENTED_EDGE('',*,*,#7431,.T.);
#7431 = EDGE_CURVE('',#7099,#7432,#7434,.T.);
#7432 = VERTEX_POINT('',#7433);
#7433 = CARTESIAN_POINT('',(-0.7,0.6,0.45));
#7434 = LINE('',#7435,#7436);
#7435 = CARTESIAN_POINT('',(-0.7,0.6,0.405));
#7436 = VECTOR('',#7437,1.);
#7437 = DIRECTION('',(0.,0.,1.));
#7438 = ORIENTED_EDGE('',*,*,#7439,.F.);
#7439 = EDGE_CURVE('',#7400,#7432,#7440,.T.);
#7440 = LINE('',#7441,#7442);
#7441 = CARTESIAN_POINT('',(-0.7,-0.6,0.45));
#7442 = VECTOR('',#7443,1.);
#7443 = DIRECTION('',(0.,1.,0.));
#7444 = PLANE('',#7445);
#7445 = AXIS2_PLACEMENT_3D('',#7446,#7447,#7448);
#7446 = CARTESIAN_POINT('',(-0.7,-0.6,0.405));
#7447 = DIRECTION('',(1.,0.,0.));
#7448 = DIRECTION('',(0.,0.,1.));
#7449 = ADVANCED_FACE('',(#7450),#7513,.T.);
#7450 = FACE_BOUND('',#7451,.T.);
#7451 = EDGE_LOOP('',(#7452,#7462,#7469,#7470,#7471,#7472,#7481,#7489,
    #7498,#7506));
#7452 = ORIENTED_EDGE('',*,*,#7453,.F.);
#7453 = EDGE_CURVE('',#7454,#7456,#7458,.T.);
#7454 = VERTEX_POINT('',#7455);
#7455 = CARTESIAN_POINT('',(0.745,0.6,-2.775557561563E-17));
#7456 = VERTEX_POINT('',#7457);
#7457 = CARTESIAN_POINT('',(0.955,0.6,-2.775557561563E-17));
#7458 = LINE('',#7459,#7460);
#7459 = CARTESIAN_POINT('',(0.7,0.6,0.));
#7460 = VECTOR('',#7461,1.);
#7461 = DIRECTION('',(1.,0.,0.));
#7462 = ORIENTED_EDGE('',*,*,#7463,.F.);
#7463 = EDGE_CURVE('',#7291,#7454,#7464,.T.);
#7464 = CIRCLE('',#7465,4.5E-02);
#7465 = AXIS2_PLACEMENT_3D('',#7466,#7467,#7468);
#7466 = CARTESIAN_POINT('',(0.745,0.6,4.5E-02));
#7467 = DIRECTION('',(0.,-1.,0.));
#7468 = DIRECTION('',(0.,0.,1.));
#7469 = ORIENTED_EDGE('',*,*,#7290,.T.);
#7470 = ORIENTED_EDGE('',*,*,#7282,.T.);
#7471 = ORIENTED_EDGE('',*,*,#7274,.F.);
#7472 = ORIENTED_EDGE('',*,*,#7473,.T.);
#7473 = EDGE_CURVE('',#7267,#7474,#7476,.T.);
#7474 = VERTEX_POINT('',#7475);
#7475 = CARTESIAN_POINT('',(0.745,0.6,0.45));
#7476 = CIRCLE('',#7477,4.5E-02);
#7477 = AXIS2_PLACEMENT_3D('',#7478,#7479,#7480);
#7478 = CARTESIAN_POINT('',(0.745,0.6,0.405));
#7479 = DIRECTION('',(0.,1.,0.));
#7480 = DIRECTION('',(0.,-0.,1.));
#7481 = ORIENTED_EDGE('',*,*,#7482,.T.);
#7482 = EDGE_CURVE('',#7474,#7483,#7485,.T.);
#7483 = VERTEX_POINT('',#7484);
#7484 = CARTESIAN_POINT('',(0.955,0.6,0.45));
#7485 = LINE('',#7486,#7487);
#7486 = CARTESIAN_POINT('',(0.7,0.6,0.45));
#7487 = VECTOR('',#7488,1.);
#7488 = DIRECTION('',(1.,0.,0.));
#7489 = ORIENTED_EDGE('',*,*,#7490,.F.);
#7490 = EDGE_CURVE('',#7491,#7483,#7493,.T.);
#7491 = VERTEX_POINT('',#7492);
#7492 = CARTESIAN_POINT('',(1.,0.6,0.405));
#7493 = CIRCLE('',#7494,4.5E-02);
#7494 = AXIS2_PLACEMENT_3D('',#7495,#7496,#7497);
#7495 = CARTESIAN_POINT('',(0.955,0.6,0.405));
#7496 = DIRECTION('',(0.,-1.,0.));
#7497 = DIRECTION('',(0.,0.,1.));
#7498 = ORIENTED_EDGE('',*,*,#7499,.F.);
#7499 = EDGE_CURVE('',#7500,#7491,#7502,.T.);
#7500 = VERTEX_POINT('',#7501);
#7501 = CARTESIAN_POINT('',(1.,0.6,4.5E-02));
#7502 = LINE('',#7503,#7504);
#7503 = CARTESIAN_POINT('',(1.,0.6,0.));
#7504 = VECTOR('',#7505,1.);
#7505 = DIRECTION('',(0.,0.,1.));
#7506 = ORIENTED_EDGE('',*,*,#7507,.T.);
#7507 = EDGE_CURVE('',#7500,#7456,#7508,.T.);
#7508 = CIRCLE('',#7509,4.5E-02);
#7509 = AXIS2_PLACEMENT_3D('',#7510,#7511,#7512);
#7510 = CARTESIAN_POINT('',(0.955,0.6,4.5E-02));
#7511 = DIRECTION('',(0.,1.,0.));
#7512 = DIRECTION('',(0.,-0.,1.));
#7513 = PLANE('',#7514);
#7514 = AXIS2_PLACEMENT_3D('',#7515,#7516,#7517);
#7515 = CARTESIAN_POINT('',(0.7,0.6,0.));
#7516 = DIRECTION('',(0.,1.,0.));
#7517 = DIRECTION('',(0.,-0.,1.));
#7518 = ADVANCED_FACE('',(#7519),#7537,.T.);
#7519 = FACE_BOUND('',#7520,.T.);
#7520 = EDGE_LOOP('',(#7521,#7522,#7523,#7531));
#7521 = ORIENTED_EDGE('',*,*,#7266,.F.);
#7522 = ORIENTED_EDGE('',*,*,#7431,.T.);
#7523 = ORIENTED_EDGE('',*,*,#7524,.T.);
#7524 = EDGE_CURVE('',#7432,#7525,#7527,.T.);
#7525 = VERTEX_POINT('',#7526);
#7526 = CARTESIAN_POINT('',(0.7,0.6,0.45));
#7527 = LINE('',#7528,#7529);
#7528 = CARTESIAN_POINT('',(-0.7,0.6,0.45));
#7529 = VECTOR('',#7530,1.);
#7530 = DIRECTION('',(1.,0.,0.));
#7531 = ORIENTED_EDGE('',*,*,#7532,.F.);
#7532 = EDGE_CURVE('',#7267,#7525,#7533,.T.);
#7533 = LINE('',#7534,#7535);
#7534 = CARTESIAN_POINT('',(0.7,0.6,0.405));
#7535 = VECTOR('',#7536,1.);
#7536 = DIRECTION('',(0.,0.,1.));
#7537 = PLANE('',#7538);
#7538 = AXIS2_PLACEMENT_3D('',#7539,#7540,#7541);
#7539 = CARTESIAN_POINT('',(-0.7,0.6,0.405));
#7540 = DIRECTION('',(0.,1.,0.));
#7541 = DIRECTION('',(0.,-0.,1.));
#7542 = ADVANCED_FACE('',(#7543),#7554,.T.);
#7543 = FACE_BOUND('',#7544,.T.);
#7544 = EDGE_LOOP('',(#7545,#7546,#7547,#7553));
#7545 = ORIENTED_EDGE('',*,*,#7314,.T.);
#7546 = ORIENTED_EDGE('',*,*,#7463,.T.);
#7547 = ORIENTED_EDGE('',*,*,#7548,.F.);
#7548 = EDGE_CURVE('',#7330,#7454,#7549,.T.);
#7549 = LINE('',#7550,#7551);
#7550 = CARTESIAN_POINT('',(0.745,-0.6,-2.775557561563E-17));
#7551 = VECTOR('',#7552,1.);
#7552 = DIRECTION('',(0.,1.,0.));
#7553 = ORIENTED_EDGE('',*,*,#7339,.F.);
#7554 = CYLINDRICAL_SURFACE('',#7555,4.5E-02);
#7555 = AXIS2_PLACEMENT_3D('',#7556,#7557,#7558);
#7556 = CARTESIAN_POINT('',(0.745,-0.6,4.5E-02));
#7557 = DIRECTION('',(0.,1.,0.));
#7558 = DIRECTION('',(-1.,0.,0.));
#7559 = ADVANCED_FACE('',(#7560),#7571,.F.);
#7560 = FACE_BOUND('',#7561,.F.);
#7561 = EDGE_LOOP('',(#7562,#7563,#7564,#7565));
#7562 = ORIENTED_EDGE('',*,*,#7453,.F.);
#7563 = ORIENTED_EDGE('',*,*,#7548,.F.);
#7564 = ORIENTED_EDGE('',*,*,#7329,.T.);
#7565 = ORIENTED_EDGE('',*,*,#7566,.T.);
#7566 = EDGE_CURVE('',#7332,#7456,#7567,.T.);
#7567 = LINE('',#7568,#7569);
#7568 = CARTESIAN_POINT('',(0.955,-0.6,-2.775557561563E-17));
#7569 = VECTOR('',#7570,1.);
#7570 = DIRECTION('',(0.,1.,0.));
#7571 = PLANE('',#7572);
#7572 = AXIS2_PLACEMENT_3D('',#7573,#7574,#7575);
#7573 = CARTESIAN_POINT('',(0.7,-0.6,0.));
#7574 = DIRECTION('',(0.,0.,1.));
#7575 = DIRECTION('',(1.,0.,-0.));
#7576 = ADVANCED_FACE('',(#7577),#7588,.T.);
#7577 = FACE_BOUND('',#7578,.T.);
#7578 = EDGE_LOOP('',(#7579,#7580,#7581,#7582));
#7579 = ORIENTED_EDGE('',*,*,#7383,.T.);
#7580 = ORIENTED_EDGE('',*,*,#7566,.T.);
#7581 = ORIENTED_EDGE('',*,*,#7507,.F.);
#7582 = ORIENTED_EDGE('',*,*,#7583,.F.);
#7583 = EDGE_CURVE('',#7376,#7500,#7584,.T.);
#7584 = LINE('',#7585,#7586);
#7585 = CARTESIAN_POINT('',(1.,-0.6,4.5E-02));
#7586 = VECTOR('',#7587,1.);
#7587 = DIRECTION('',(0.,1.,0.));
#7588 = CYLINDRICAL_SURFACE('',#7589,4.5E-02);
#7589 = AXIS2_PLACEMENT_3D('',#7590,#7591,#7592);
#7590 = CARTESIAN_POINT('',(0.955,-0.6,4.5E-02));
#7591 = DIRECTION('',(0.,1.,0.));
#7592 = DIRECTION('',(1.,0.,0.));
#7593 = ADVANCED_FACE('',(#7594),#7605,.T.);
#7594 = FACE_BOUND('',#7595,.T.);
#7595 = EDGE_LOOP('',(#7596,#7597,#7598,#7599));
#7596 = ORIENTED_EDGE('',*,*,#7375,.F.);
#7597 = ORIENTED_EDGE('',*,*,#7583,.T.);
#7598 = ORIENTED_EDGE('',*,*,#7499,.T.);
#7599 = ORIENTED_EDGE('',*,*,#7600,.F.);
#7600 = EDGE_CURVE('',#7367,#7491,#7601,.T.);
#7601 = LINE('',#7602,#7603);
#7602 = CARTESIAN_POINT('',(1.,-0.6,0.405));
#7603 = VECTOR('',#7604,1.);
#7604 = DIRECTION('',(0.,1.,0.));
#7605 = PLANE('',#7606);
#7606 = AXIS2_PLACEMENT_3D('',#7607,#7608,#7609);
#7607 = CARTESIAN_POINT('',(1.,-0.6,0.));
#7608 = DIRECTION('',(1.,0.,0.));
#7609 = DIRECTION('',(0.,0.,1.));
#7610 = ADVANCED_FACE('',(#7611),#7622,.T.);
#7611 = FACE_BOUND('',#7612,.T.);
#7612 = EDGE_LOOP('',(#7613,#7614,#7615,#7621));
#7613 = ORIENTED_EDGE('',*,*,#7600,.T.);
#7614 = ORIENTED_EDGE('',*,*,#7490,.T.);
#7615 = ORIENTED_EDGE('',*,*,#7616,.F.);
#7616 = EDGE_CURVE('',#7359,#7483,#7617,.T.);
#7617 = LINE('',#7618,#7619);
#7618 = CARTESIAN_POINT('',(0.955,-0.6,0.45));
#7619 = VECTOR('',#7620,1.);
#7620 = DIRECTION('',(0.,1.,0.));
#7621 = ORIENTED_EDGE('',*,*,#7366,.F.);
#7622 = CYLINDRICAL_SURFACE('',#7623,4.5E-02);
#7623 = AXIS2_PLACEMENT_3D('',#7624,#7625,#7626);
#7624 = CARTESIAN_POINT('',(0.955,-0.6,0.405));
#7625 = DIRECTION('',(0.,1.,0.));
#7626 = DIRECTION('',(1.,0.,0.));
#7627 = ADVANCED_FACE('',(#7628),#7639,.T.);
#7628 = FACE_BOUND('',#7629,.T.);
#7629 = EDGE_LOOP('',(#7630,#7631,#7637,#7638));
#7630 = ORIENTED_EDGE('',*,*,#7482,.F.);
#7631 = ORIENTED_EDGE('',*,*,#7632,.F.);
#7632 = EDGE_CURVE('',#7350,#7474,#7633,.T.);
#7633 = LINE('',#7634,#7635);
#7634 = CARTESIAN_POINT('',(0.745,-0.6,0.45));
#7635 = VECTOR('',#7636,1.);
#7636 = DIRECTION('',(0.,1.,0.));
#7637 = ORIENTED_EDGE('',*,*,#7358,.T.);
#7638 = ORIENTED_EDGE('',*,*,#7616,.T.);
#7639 = PLANE('',#7640);
#7640 = AXIS2_PLACEMENT_3D('',#7641,#7642,#7643);
#7641 = CARTESIAN_POINT('',(0.7,-0.6,0.45));
#7642 = DIRECTION('',(0.,0.,1.));
#7643 = DIRECTION('',(1.,0.,-0.));
#7644 = ADVANCED_FACE('',(#7645),#7656,.T.);
#7645 = FACE_BOUND('',#7646,.T.);
#7646 = EDGE_LOOP('',(#7647,#7648,#7649,#7650));
#7647 = ORIENTED_EDGE('',*,*,#7349,.T.);
#7648 = ORIENTED_EDGE('',*,*,#7632,.T.);
#7649 = ORIENTED_EDGE('',*,*,#7473,.F.);
#7650 = ORIENTED_EDGE('',*,*,#7651,.F.);
#7651 = EDGE_CURVE('',#7184,#7267,#7652,.T.);
#7652 = LINE('',#7653,#7654);
#7653 = CARTESIAN_POINT('',(0.7,-0.6,0.405));
#7654 = VECTOR('',#7655,1.);
#7655 = DIRECTION('',(0.,1.,0.));
#7656 = CYLINDRICAL_SURFACE('',#7657,4.5E-02);
#7657 = AXIS2_PLACEMENT_3D('',#7658,#7659,#7660);
#7658 = CARTESIAN_POINT('',(0.745,-0.6,0.405));
#7659 = DIRECTION('',(0.,1.,0.));
#7660 = DIRECTION('',(-1.,0.,0.));
#7661 = ADVANCED_FACE('',(#7662),#7673,.T.);
#7662 = FACE_BOUND('',#7663,.T.);
#7663 = EDGE_LOOP('',(#7664,#7665,#7666,#7667));
#7664 = ORIENTED_EDGE('',*,*,#7415,.F.);
#7665 = ORIENTED_EDGE('',*,*,#7651,.T.);
#7666 = ORIENTED_EDGE('',*,*,#7532,.T.);
#7667 = ORIENTED_EDGE('',*,*,#7668,.F.);
#7668 = EDGE_CURVE('',#7408,#7525,#7669,.T.);
#7669 = LINE('',#7670,#7671);
#7670 = CARTESIAN_POINT('',(0.7,-0.6,0.45));
#7671 = VECTOR('',#7672,1.);
#7672 = DIRECTION('',(0.,1.,0.));
#7673 = PLANE('',#7674);
#7674 = AXIS2_PLACEMENT_3D('',#7675,#7676,#7677);
#7675 = CARTESIAN_POINT('',(0.7,-0.6,0.405));
#7676 = DIRECTION('',(1.,0.,0.));
#7677 = DIRECTION('',(0.,0.,1.));
#7678 = ADVANCED_FACE('',(#7679),#7685,.T.);
#7679 = FACE_BOUND('',#7680,.T.);
#7680 = EDGE_LOOP('',(#7681,#7682,#7683,#7684));
#7681 = ORIENTED_EDGE('',*,*,#7439,.F.);
#7682 = ORIENTED_EDGE('',*,*,#7407,.T.);
#7683 = ORIENTED_EDGE('',*,*,#7668,.T.);
#7684 = ORIENTED_EDGE('',*,*,#7524,.F.);
#7685 = PLANE('',#7686);
#7686 = AXIS2_PLACEMENT_3D('',#7687,#7688,#7689);
#7687 = CARTESIAN_POINT('',(-0.7,-0.6,0.45));
#7688 = DIRECTION('',(0.,0.,1.));
#7689 = DIRECTION('',(1.,0.,-0.));
#7690 = ( GEOMETRIC_REPRESENTATION_CONTEXT(3) 
GLOBAL_UNCERTAINTY_ASSIGNED_CONTEXT((#7694)) 
GLOBAL_UNIT_ASSIGNED_CONTEXT((#7691,#7692,#7693)) REPRESENTATION_CONTEXT
('Context #1','3D Context with UNIT and UNCERTAINTY') );
#7691 = ( LENGTH_UNIT() NAMED_UNIT(*) SI_UNIT(.MILLI.,.METRE.) );
#7692 = ( NAMED_UNIT(*) PLANE_ANGLE_UNIT() SI_UNIT($,.RADIAN.) );
#7693 = ( NAMED_UNIT(*) SI_UNIT($,.STERADIAN.) SOLID_ANGLE_UNIT() );
#7694 = UNCERTAINTY_MEASURE_WITH_UNIT(LENGTH_MEASURE(1.E-07),#7691,
  'distance_accuracy_value','confusion accuracy');
#7695 = CONTEXT_DEPENDENT_SHAPE_REPRESENTATION(#7696,#7698);
#7696 = ( REPRESENTATION_RELATIONSHIP('','',#6899,#10) 
REPRESENTATION_RELATIONSHIP_WITH_TRANSFORMATION(#7697) 
SHAPE_REPRESENTATION_RELATIONSHIP() );
#7697 = ITEM_DEFINED_TRANSFORMATION('','',#11,#19);
#7698 = PRODUCT_DEFINITION_SHAPE('Placement','Placement of an item',
  #7699);
#7699 = NEXT_ASSEMBLY_USAGE_OCCURRENCE('2','R1','',#5,#6894,$);
#7700 = PRODUCT_RELATED_PRODUCT_CATEGORY('part',$,(#6896));
#7701 = CONTEXT_DEPENDENT_SHAPE_REPRESENTATION(#7702,#7704);
#7702 = ( REPRESENTATION_RELATIONSHIP('','',#6899,#10) 
REPRESENTATION_RELATIONSHIP_WITH_TRANSFORMATION(#7703) 
SHAPE_REPRESENTATION_RELATIONSHIP() );
#7703 = ITEM_DEFINED_TRANSFORMATION('','',#11,#23);
#7704 = PRODUCT_DEFINITION_SHAPE('Placement','Placement of an item',
  #7705);
#7705 = NEXT_ASSEMBLY_USAGE_OCCURRENCE('3','R6','',#5,#6894,$);
#7706 = CONTEXT_DEPENDENT_SHAPE_REPRESENTATION(#7707,#7709);
#7707 = ( REPRESENTATION_RELATIONSHIP('','',#6899,#10) 
REPRESENTATION_RELATIONSHIP_WITH_TRANSFORMATION(#7708) 
SHAPE_REPRESENTATION_RELATIONSHIP() );
#7708 = ITEM_DEFINED_TRANSFORMATION('','',#11,#27);
#7709 = PRODUCT_DEFINITION_SHAPE('Placement','Placement of an item',
  #7710);
#7710 = NEXT_ASSEMBLY_USAGE_OCCURRENCE('4','R5','',#5,#6894,$);
#7711 = CONTEXT_DEPENDENT_SHAPE_REPRESENTATION(#7712,#7714);
#7712 = ( REPRESENTATION_RELATIONSHIP('','',#6899,#10) 
REPRESENTATION_RELATIONSHIP_WITH_TRANSFORMATION(#7713) 
SHAPE_REPRESENTATION_RELATIONSHIP() );
#7713 = ITEM_DEFINED_TRANSFORMATION('','',#11,#31);
#7714 = PRODUCT_DEFINITION_SHAPE('Placement','Placement of an item',
  #7715);
#7715 = NEXT_ASSEMBLY_USAGE_OCCURRENCE('5','R9','',#5,#6894,$);
#7716 = SHAPE_DEFINITION_REPRESENTATION(#7717,#7723);
#7717 = PRODUCT_DEFINITION_SHAPE('','',#7718);
#7718 = PRODUCT_DEFINITION('design','',#7719,#7722);
#7719 = PRODUCT_DEFINITION_FORMATION('','',#7720);
#7720 = PRODUCT('C_1206_3216Metric','C_1206_3216Metric','',(#7721));
#7721 = PRODUCT_CONTEXT('',#2,'mechanical');
#7722 = PRODUCT_DEFINITION_CONTEXT('part definition',#2,'design');
#7723 = ADVANCED_BREP_SHAPE_REPRESENTATION('',(#11,#7724),#8578);
#7724 = MANIFOLD_SOLID_BREP('',#7725);
#7725 = CLOSED_SHELL('',(#7726,#7802,#7833,#7858,#7883,#7907,#7931,#7956
    ,#7981,#7998,#8084,#8116,#8140,#8165,#8189,#8214,#8238,#8263,#8280,
    #8366,#8397,#8422,#8447,#8471,#8495,#8520,#8545,#8562));
#7726 = ADVANCED_FACE('',(#7727),#7797,.F.);
#7727 = FACE_BOUND('',#7728,.F.);
#7728 = EDGE_LOOP('',(#7729,#7739,#7748,#7756,#7765,#7773,#7782,#7790));
#7729 = ORIENTED_EDGE('',*,*,#7730,.F.);
#7730 = EDGE_CURVE('',#7731,#7733,#7735,.T.);
#7731 = VERTEX_POINT('',#7732);
#7732 = CARTESIAN_POINT('',(-1.6,-0.8,4.E-02));
#7733 = VERTEX_POINT('',#7734);
#7734 = CARTESIAN_POINT('',(-1.6,-0.8,1.56));
#7735 = LINE('',#7736,#7737);
#7736 = CARTESIAN_POINT('',(-1.6,-0.8,0.));
#7737 = VECTOR('',#7738,1.);
#7738 = DIRECTION('',(0.,0.,1.));
#7739 = ORIENTED_EDGE('',*,*,#7740,.T.);
#7740 = EDGE_CURVE('',#7731,#7741,#7743,.T.);
#7741 = VERTEX_POINT('',#7742);
#7742 = CARTESIAN_POINT('',(-1.6,-0.76,0.));
#7743 = CIRCLE('',#7744,4.E-02);
#7744 = AXIS2_PLACEMENT_3D('',#7745,#7746,#7747);
#7745 = CARTESIAN_POINT('',(-1.6,-0.76,4.E-02));
#7746 = DIRECTION('',(1.,0.,-0.));
#7747 = DIRECTION('',(0.,0.,1.));
#7748 = ORIENTED_EDGE('',*,*,#7749,.T.);
#7749 = EDGE_CURVE('',#7741,#7750,#7752,.T.);
#7750 = VERTEX_POINT('',#7751);
#7751 = CARTESIAN_POINT('',(-1.6,0.76,0.));
#7752 = LINE('',#7753,#7754);
#7753 = CARTESIAN_POINT('',(-1.6,-0.8,0.));
#7754 = VECTOR('',#7755,1.);
#7755 = DIRECTION('',(0.,1.,0.));
#7756 = ORIENTED_EDGE('',*,*,#7757,.F.);
#7757 = EDGE_CURVE('',#7758,#7750,#7760,.T.);
#7758 = VERTEX_POINT('',#7759);
#7759 = CARTESIAN_POINT('',(-1.6,0.8,4.E-02));
#7760 = CIRCLE('',#7761,4.E-02);
#7761 = AXIS2_PLACEMENT_3D('',#7762,#7763,#7764);
#7762 = CARTESIAN_POINT('',(-1.6,0.76,4.E-02));
#7763 = DIRECTION('',(-1.,0.,0.));
#7764 = DIRECTION('',(0.,0.,1.));
#7765 = ORIENTED_EDGE('',*,*,#7766,.T.);
#7766 = EDGE_CURVE('',#7758,#7767,#7769,.T.);
#7767 = VERTEX_POINT('',#7768);
#7768 = CARTESIAN_POINT('',(-1.6,0.8,1.56));
#7769 = LINE('',#7770,#7771);
#7770 = CARTESIAN_POINT('',(-1.6,0.8,0.));
#7771 = VECTOR('',#7772,1.);
#7772 = DIRECTION('',(0.,0.,1.));
#7773 = ORIENTED_EDGE('',*,*,#7774,.T.);
#7774 = EDGE_CURVE('',#7767,#7775,#7777,.T.);
#7775 = VERTEX_POINT('',#7776);
#7776 = CARTESIAN_POINT('',(-1.6,0.76,1.6));
#7777 = CIRCLE('',#7778,4.E-02);
#7778 = AXIS2_PLACEMENT_3D('',#7779,#7780,#7781);
#7779 = CARTESIAN_POINT('',(-1.6,0.76,1.56));
#7780 = DIRECTION('',(1.,0.,-0.));
#7781 = DIRECTION('',(0.,0.,1.));
#7782 = ORIENTED_EDGE('',*,*,#7783,.F.);
#7783 = EDGE_CURVE('',#7784,#7775,#7786,.T.);
#7784 = VERTEX_POINT('',#7785);
#7785 = CARTESIAN_POINT('',(-1.6,-0.76,1.6));
#7786 = LINE('',#7787,#7788);
#7787 = CARTESIAN_POINT('',(-1.6,-0.8,1.6));
#7788 = VECTOR('',#7789,1.);
#7789 = DIRECTION('',(0.,1.,0.));
#7790 = ORIENTED_EDGE('',*,*,#7791,.F.);
#7791 = EDGE_CURVE('',#7733,#7784,#7792,.T.);
#7792 = CIRCLE('',#7793,4.E-02);
#7793 = AXIS2_PLACEMENT_3D('',#7794,#7795,#7796);
#7794 = CARTESIAN_POINT('',(-1.6,-0.76,1.56));
#7795 = DIRECTION('',(-1.,0.,0.));
#7796 = DIRECTION('',(0.,0.,1.));
#7797 = PLANE('',#7798);
#7798 = AXIS2_PLACEMENT_3D('',#7799,#7800,#7801);
#7799 = CARTESIAN_POINT('',(-1.6,-0.8,0.));
#7800 = DIRECTION('',(1.,0.,0.));
#7801 = DIRECTION('',(0.,0.,1.));
#7802 = ADVANCED_FACE('',(#7803),#7828,.F.);
#7803 = FACE_BOUND('',#7804,.F.);
#7804 = EDGE_LOOP('',(#7805,#7815,#7821,#7822));
#7805 = ORIENTED_EDGE('',*,*,#7806,.F.);
#7806 = EDGE_CURVE('',#7807,#7809,#7811,.T.);
#7807 = VERTEX_POINT('',#7808);
#7808 = CARTESIAN_POINT('',(-1.2,-0.8,4.E-02));
#7809 = VERTEX_POINT('',#7810);
#7810 = CARTESIAN_POINT('',(-1.2,-0.8,1.56));
#7811 = LINE('',#7812,#7813);
#7812 = CARTESIAN_POINT('',(-1.2,-0.8,0.));
#7813 = VECTOR('',#7814,1.);
#7814 = DIRECTION('',(0.,0.,1.));
#7815 = ORIENTED_EDGE('',*,*,#7816,.F.);
#7816 = EDGE_CURVE('',#7731,#7807,#7817,.T.);
#7817 = LINE('',#7818,#7819);
#7818 = CARTESIAN_POINT('',(-1.6,-0.8,4.E-02));
#7819 = VECTOR('',#7820,1.);
#7820 = DIRECTION('',(1.,0.,0.));
#7821 = ORIENTED_EDGE('',*,*,#7730,.T.);
#7822 = ORIENTED_EDGE('',*,*,#7823,.T.);
#7823 = EDGE_CURVE('',#7733,#7809,#7824,.T.);
#7824 = LINE('',#7825,#7826);
#7825 = CARTESIAN_POINT('',(-1.6,-0.8,1.56));
#7826 = VECTOR('',#7827,1.);
#7827 = DIRECTION('',(1.,0.,0.));
#7828 = PLANE('',#7829);
#7829 = AXIS2_PLACEMENT_3D('',#7830,#7831,#7832);
#7830 = CARTESIAN_POINT('',(-1.6,-0.8,0.));
#7831 = DIRECTION('',(0.,1.,0.));
#7832 = DIRECTION('',(0.,-0.,1.));
#7833 = ADVANCED_FACE('',(#7834),#7853,.T.);
#7834 = FACE_BOUND('',#7835,.T.);
#7835 = EDGE_LOOP('',(#7836,#7837,#7845,#7852));
#7836 = ORIENTED_EDGE('',*,*,#7740,.T.);
#7837 = ORIENTED_EDGE('',*,*,#7838,.T.);
#7838 = EDGE_CURVE('',#7741,#7839,#7841,.T.);
#7839 = VERTEX_POINT('',#7840);
#7840 = CARTESIAN_POINT('',(-1.2,-0.76,0.));
#7841 = LINE('',#7842,#7843);
#7842 = CARTESIAN_POINT('',(-1.6,-0.76,0.));
#7843 = VECTOR('',#7844,1.);
#7844 = DIRECTION('',(1.,0.,0.));
#7845 = ORIENTED_EDGE('',*,*,#7846,.F.);
#7846 = EDGE_CURVE('',#7807,#7839,#7847,.T.);
#7847 = CIRCLE('',#7848,4.E-02);
#7848 = AXIS2_PLACEMENT_3D('',#7849,#7850,#7851);
#7849 = CARTESIAN_POINT('',(-1.2,-0.76,4.E-02));
#7850 = DIRECTION('',(1.,0.,-0.));
#7851 = DIRECTION('',(0.,0.,1.));
#7852 = ORIENTED_EDGE('',*,*,#7816,.F.);
#7853 = CYLINDRICAL_SURFACE('',#7854,4.E-02);
#7854 = AXIS2_PLACEMENT_3D('',#7855,#7856,#7857);
#7855 = CARTESIAN_POINT('',(-1.6,-0.76,4.E-02));
#7856 = DIRECTION('',(1.,0.,0.));
#7857 = DIRECTION('',(0.,-1.,0.));
#7858 = ADVANCED_FACE('',(#7859),#7878,.T.);
#7859 = FACE_BOUND('',#7860,.T.);
#7860 = EDGE_LOOP('',(#7861,#7862,#7871,#7877));
#7861 = ORIENTED_EDGE('',*,*,#7823,.T.);
#7862 = ORIENTED_EDGE('',*,*,#7863,.T.);
#7863 = EDGE_CURVE('',#7809,#7864,#7866,.T.);
#7864 = VERTEX_POINT('',#7865);
#7865 = CARTESIAN_POINT('',(-1.2,-0.76,1.6));
#7866 = CIRCLE('',#7867,4.E-02);
#7867 = AXIS2_PLACEMENT_3D('',#7868,#7869,#7870);
#7868 = CARTESIAN_POINT('',(-1.2,-0.76,1.56));
#7869 = DIRECTION('',(-1.,0.,0.));
#7870 = DIRECTION('',(0.,0.,1.));
#7871 = ORIENTED_EDGE('',*,*,#7872,.F.);
#7872 = EDGE_CURVE('',#7784,#7864,#7873,.T.);
#7873 = LINE('',#7874,#7875);
#7874 = CARTESIAN_POINT('',(-1.6,-0.76,1.6));
#7875 = VECTOR('',#7876,1.);
#7876 = DIRECTION('',(1.,0.,0.));
#7877 = ORIENTED_EDGE('',*,*,#7791,.F.);
#7878 = CYLINDRICAL_SURFACE('',#7879,4.E-02);
#7879 = AXIS2_PLACEMENT_3D('',#7880,#7881,#7882);
#7880 = CARTESIAN_POINT('',(-1.6,-0.76,1.56));
#7881 = DIRECTION('',(1.,0.,0.));
#7882 = DIRECTION('',(0.,-1.,0.));
#7883 = ADVANCED_FACE('',(#7884),#7902,.F.);
#7884 = FACE_BOUND('',#7885,.F.);
#7885 = EDGE_LOOP('',(#7886,#7887,#7888,#7896));
#7886 = ORIENTED_EDGE('',*,*,#7749,.F.);
#7887 = ORIENTED_EDGE('',*,*,#7838,.T.);
#7888 = ORIENTED_EDGE('',*,*,#7889,.T.);
#7889 = EDGE_CURVE('',#7839,#7890,#7892,.T.);
#7890 = VERTEX_POINT('',#7891);
#7891 = CARTESIAN_POINT('',(-1.2,0.76,0.));
#7892 = LINE('',#7893,#7894);
#7893 = CARTESIAN_POINT('',(-1.2,-0.8,0.));
#7894 = VECTOR('',#7895,1.);
#7895 = DIRECTION('',(0.,1.,0.));
#7896 = ORIENTED_EDGE('',*,*,#7897,.F.);
#7897 = EDGE_CURVE('',#7750,#7890,#7898,.T.);
#7898 = LINE('',#7899,#7900);
#7899 = CARTESIAN_POINT('',(-1.6,0.76,0.));
#7900 = VECTOR('',#7901,1.);
#7901 = DIRECTION('',(1.,0.,0.));
#7902 = PLANE('',#7903);
#7903 = AXIS2_PLACEMENT_3D('',#7904,#7905,#7906);
#7904 = CARTESIAN_POINT('',(-1.6,-0.8,0.));
#7905 = DIRECTION('',(0.,0.,1.));
#7906 = DIRECTION('',(1.,0.,-0.));
#7907 = ADVANCED_FACE('',(#7908),#7926,.T.);
#7908 = FACE_BOUND('',#7909,.T.);
#7909 = EDGE_LOOP('',(#7910,#7911,#7912,#7920));
#7910 = ORIENTED_EDGE('',*,*,#7783,.F.);
#7911 = ORIENTED_EDGE('',*,*,#7872,.T.);
#7912 = ORIENTED_EDGE('',*,*,#7913,.T.);
#7913 = EDGE_CURVE('',#7864,#7914,#7916,.T.);
#7914 = VERTEX_POINT('',#7915);
#7915 = CARTESIAN_POINT('',(-1.2,0.76,1.6));
#7916 = LINE('',#7917,#7918);
#7917 = CARTESIAN_POINT('',(-1.2,-0.8,1.6));
#7918 = VECTOR('',#7919,1.);
#7919 = DIRECTION('',(0.,1.,0.));
#7920 = ORIENTED_EDGE('',*,*,#7921,.F.);
#7921 = EDGE_CURVE('',#7775,#7914,#7922,.T.);
#7922 = LINE('',#7923,#7924);
#7923 = CARTESIAN_POINT('',(-1.6,0.76,1.6));
#7924 = VECTOR('',#7925,1.);
#7925 = DIRECTION('',(1.,0.,0.));
#7926 = PLANE('',#7927);
#7927 = AXIS2_PLACEMENT_3D('',#7928,#7929,#7930);
#7928 = CARTESIAN_POINT('',(-1.6,-0.8,1.6));
#7929 = DIRECTION('',(0.,0.,1.));
#7930 = DIRECTION('',(1.,0.,-0.));
#7931 = ADVANCED_FACE('',(#7932),#7951,.T.);
#7932 = FACE_BOUND('',#7933,.T.);
#7933 = EDGE_LOOP('',(#7934,#7942,#7949,#7950));
#7934 = ORIENTED_EDGE('',*,*,#7935,.T.);
#7935 = EDGE_CURVE('',#7758,#7936,#7938,.T.);
#7936 = VERTEX_POINT('',#7937);
#7937 = CARTESIAN_POINT('',(-1.2,0.8,4.E-02));
#7938 = LINE('',#7939,#7940);
#7939 = CARTESIAN_POINT('',(-1.6,0.8,4.E-02));
#7940 = VECTOR('',#7941,1.);
#7941 = DIRECTION('',(1.,0.,0.));
#7942 = ORIENTED_EDGE('',*,*,#7943,.T.);
#7943 = EDGE_CURVE('',#7936,#7890,#7944,.T.);
#7944 = CIRCLE('',#7945,4.E-02);
#7945 = AXIS2_PLACEMENT_3D('',#7946,#7947,#7948);
#7946 = CARTESIAN_POINT('',(-1.2,0.76,4.E-02));
#7947 = DIRECTION('',(-1.,0.,0.));
#7948 = DIRECTION('',(0.,0.,1.));
#7949 = ORIENTED_EDGE('',*,*,#7897,.F.);
#7950 = ORIENTED_EDGE('',*,*,#7757,.F.);
#7951 = CYLINDRICAL_SURFACE('',#7952,4.E-02);
#7952 = AXIS2_PLACEMENT_3D('',#7953,#7954,#7955);
#7953 = CARTESIAN_POINT('',(-1.6,0.76,4.E-02));
#7954 = DIRECTION('',(1.,0.,0.));
#7955 = DIRECTION('',(-0.,1.,0.));
#7956 = ADVANCED_FACE('',(#7957),#7976,.T.);
#7957 = FACE_BOUND('',#7958,.T.);
#7958 = EDGE_LOOP('',(#7959,#7960,#7961,#7970));
#7959 = ORIENTED_EDGE('',*,*,#7774,.T.);
#7960 = ORIENTED_EDGE('',*,*,#7921,.T.);
#7961 = ORIENTED_EDGE('',*,*,#7962,.F.);
#7962 = EDGE_CURVE('',#7963,#7914,#7965,.T.);
#7963 = VERTEX_POINT('',#7964);
#7964 = CARTESIAN_POINT('',(-1.2,0.8,1.56));
#7965 = CIRCLE('',#7966,4.E-02);
#7966 = AXIS2_PLACEMENT_3D('',#7967,#7968,#7969);
#7967 = CARTESIAN_POINT('',(-1.2,0.76,1.56));
#7968 = DIRECTION('',(1.,0.,-0.));
#7969 = DIRECTION('',(0.,0.,1.));
#7970 = ORIENTED_EDGE('',*,*,#7971,.F.);
#7971 = EDGE_CURVE('',#7767,#7963,#7972,.T.);
#7972 = LINE('',#7973,#7974);
#7973 = CARTESIAN_POINT('',(-1.6,0.8,1.56));
#7974 = VECTOR('',#7975,1.);
#7975 = DIRECTION('',(1.,0.,0.));
#7976 = CYLINDRICAL_SURFACE('',#7977,4.E-02);
#7977 = AXIS2_PLACEMENT_3D('',#7978,#7979,#7980);
#7978 = CARTESIAN_POINT('',(-1.6,0.76,1.56));
#7979 = DIRECTION('',(1.,0.,0.));
#7980 = DIRECTION('',(-0.,1.,0.));
#7981 = ADVANCED_FACE('',(#7982),#7993,.T.);
#7982 = FACE_BOUND('',#7983,.T.);
#7983 = EDGE_LOOP('',(#7984,#7990,#7991,#7992));
#7984 = ORIENTED_EDGE('',*,*,#7985,.F.);
#7985 = EDGE_CURVE('',#7936,#7963,#7986,.T.);
#7986 = LINE('',#7987,#7988);
#7987 = CARTESIAN_POINT('',(-1.2,0.8,0.));
#7988 = VECTOR('',#7989,1.);
#7989 = DIRECTION('',(0.,0.,1.));
#7990 = ORIENTED_EDGE('',*,*,#7935,.F.);
#7991 = ORIENTED_EDGE('',*,*,#7766,.T.);
#7992 = ORIENTED_EDGE('',*,*,#7971,.T.);
#7993 = PLANE('',#7994);
#7994 = AXIS2_PLACEMENT_3D('',#7995,#7996,#7997);
#7995 = CARTESIAN_POINT('',(-1.6,0.8,0.));
#7996 = DIRECTION('',(0.,1.,0.));
#7997 = DIRECTION('',(0.,-0.,1.));
#7998 = ADVANCED_FACE('',(#7999,#8009),#8079,.T.);
#7999 = FACE_BOUND('',#8000,.T.);
#8000 = EDGE_LOOP('',(#8001,#8002,#8003,#8004,#8005,#8006,#8007,#8008));
#8001 = ORIENTED_EDGE('',*,*,#7806,.F.);
#8002 = ORIENTED_EDGE('',*,*,#7846,.T.);
#8003 = ORIENTED_EDGE('',*,*,#7889,.T.);
#8004 = ORIENTED_EDGE('',*,*,#7943,.F.);
#8005 = ORIENTED_EDGE('',*,*,#7985,.T.);
#8006 = ORIENTED_EDGE('',*,*,#7962,.T.);
#8007 = ORIENTED_EDGE('',*,*,#7913,.F.);
#8008 = ORIENTED_EDGE('',*,*,#7863,.F.);
#8009 = FACE_BOUND('',#8010,.T.);
#8010 = EDGE_LOOP('',(#8011,#8022,#8030,#8039,#8047,#8056,#8064,#8073));
#8011 = ORIENTED_EDGE('',*,*,#8012,.F.);
#8012 = EDGE_CURVE('',#8013,#8015,#8017,.T.);
#8013 = VERTEX_POINT('',#8014);
#8014 = CARTESIAN_POINT('',(-1.2,-0.76,8.E-02));
#8015 = VERTEX_POINT('',#8016);
#8016 = CARTESIAN_POINT('',(-1.2,-0.72,4.E-02));
#8017 = CIRCLE('',#8018,4.E-02);
#8018 = AXIS2_PLACEMENT_3D('',#8019,#8020,#8021);
#8019 = CARTESIAN_POINT('',(-1.2,-0.72,8.E-02));
#8020 = DIRECTION('',(1.,0.,-0.));
#8021 = DIRECTION('',(0.,0.,1.));
#8022 = ORIENTED_EDGE('',*,*,#8023,.T.);
#8023 = EDGE_CURVE('',#8013,#8024,#8026,.T.);
#8024 = VERTEX_POINT('',#8025);
#8025 = CARTESIAN_POINT('',(-1.2,-0.76,1.52));
#8026 = LINE('',#8027,#8028);
#8027 = CARTESIAN_POINT('',(-1.2,-0.76,4.E-02));
#8028 = VECTOR('',#8029,1.);
#8029 = DIRECTION('',(0.,0.,1.));
#8030 = ORIENTED_EDGE('',*,*,#8031,.T.);
#8031 = EDGE_CURVE('',#8024,#8032,#8034,.T.);
#8032 = VERTEX_POINT('',#8033);
#8033 = CARTESIAN_POINT('',(-1.2,-0.72,1.56));
#8034 = CIRCLE('',#8035,4.E-02);
#8035 = AXIS2_PLACEMENT_3D('',#8036,#8037,#8038);
#8036 = CARTESIAN_POINT('',(-1.2,-0.72,1.52));
#8037 = DIRECTION('',(-1.,0.,0.));
#8038 = DIRECTION('',(0.,0.,1.));
#8039 = ORIENTED_EDGE('',*,*,#8040,.T.);
#8040 = EDGE_CURVE('',#8032,#8041,#8043,.T.);
#8041 = VERTEX_POINT('',#8042);
#8042 = CARTESIAN_POINT('',(-1.2,0.72,1.56));
#8043 = LINE('',#8044,#8045);
#8044 = CARTESIAN_POINT('',(-1.2,-0.76,1.56));
#8045 = VECTOR('',#8046,1.);
#8046 = DIRECTION('',(0.,1.,0.));
#8047 = ORIENTED_EDGE('',*,*,#8048,.F.);
#8048 = EDGE_CURVE('',#8049,#8041,#8051,.T.);
#8049 = VERTEX_POINT('',#8050);
#8050 = CARTESIAN_POINT('',(-1.2,0.76,1.52));
#8051 = CIRCLE('',#8052,4.E-02);
#8052 = AXIS2_PLACEMENT_3D('',#8053,#8054,#8055);
#8053 = CARTESIAN_POINT('',(-1.2,0.72,1.52));
#8054 = DIRECTION('',(1.,0.,-0.));
#8055 = DIRECTION('',(0.,0.,1.));
#8056 = ORIENTED_EDGE('',*,*,#8057,.F.);
#8057 = EDGE_CURVE('',#8058,#8049,#8060,.T.);
#8058 = VERTEX_POINT('',#8059);
#8059 = CARTESIAN_POINT('',(-1.2,0.76,8.E-02));
#8060 = LINE('',#8061,#8062);
#8061 = CARTESIAN_POINT('',(-1.2,0.76,4.E-02));
#8062 = VECTOR('',#8063,1.);
#8063 = DIRECTION('',(0.,0.,1.));
#8064 = ORIENTED_EDGE('',*,*,#8065,.T.);
#8065 = EDGE_CURVE('',#8058,#8066,#8068,.T.);
#8066 = VERTEX_POINT('',#8067);
#8067 = CARTESIAN_POINT('',(-1.2,0.72,4.E-02));
#8068 = CIRCLE('',#8069,4.E-02);
#8069 = AXIS2_PLACEMENT_3D('',#8070,#8071,#8072);
#8070 = CARTESIAN_POINT('',(-1.2,0.72,8.E-02));
#8071 = DIRECTION('',(-1.,0.,0.));
#8072 = DIRECTION('',(0.,0.,1.));
#8073 = ORIENTED_EDGE('',*,*,#8074,.F.);
#8074 = EDGE_CURVE('',#8015,#8066,#8075,.T.);
#8075 = LINE('',#8076,#8077);
#8076 = CARTESIAN_POINT('',(-1.2,-0.76,4.E-02));
#8077 = VECTOR('',#8078,1.);
#8078 = DIRECTION('',(0.,1.,0.));
#8079 = PLANE('',#8080);
#8080 = AXIS2_PLACEMENT_3D('',#8081,#8082,#8083);
#8081 = CARTESIAN_POINT('',(-1.2,-0.8,0.));
#8082 = DIRECTION('',(1.,0.,0.));
#8083 = DIRECTION('',(0.,0.,1.));
#8084 = ADVANCED_FACE('',(#8085),#8111,.T.);
#8085 = FACE_BOUND('',#8086,.T.);
#8086 = EDGE_LOOP('',(#8087,#8088,#8096,#8105));
#8087 = ORIENTED_EDGE('',*,*,#8012,.T.);
#8088 = ORIENTED_EDGE('',*,*,#8089,.T.);
#8089 = EDGE_CURVE('',#8015,#8090,#8092,.T.);
#8090 = VERTEX_POINT('',#8091);
#8091 = CARTESIAN_POINT('',(1.2,-0.72,4.E-02));
#8092 = LINE('',#8093,#8094);
#8093 = CARTESIAN_POINT('',(-1.2,-0.72,4.E-02));
#8094 = VECTOR('',#8095,1.);
#8095 = DIRECTION('',(1.,0.,0.));
#8096 = ORIENTED_EDGE('',*,*,#8097,.F.);
#8097 = EDGE_CURVE('',#8098,#8090,#8100,.T.);
#8098 = VERTEX_POINT('',#8099);
#8099 = CARTESIAN_POINT('',(1.2,-0.76,8.E-02));
#8100 = CIRCLE('',#8101,4.E-02);
#8101 = AXIS2_PLACEMENT_3D('',#8102,#8103,#8104);
#8102 = CARTESIAN_POINT('',(1.2,-0.72,8.E-02));
#8103 = DIRECTION('',(1.,0.,-0.));
#8104 = DIRECTION('',(0.,0.,1.));
#8105 = ORIENTED_EDGE('',*,*,#8106,.F.);
#8106 = EDGE_CURVE('',#8013,#8098,#8107,.T.);
#8107 = LINE('',#8108,#8109);
#8108 = CARTESIAN_POINT('',(-1.2,-0.76,8.E-02));
#8109 = VECTOR('',#8110,1.);
#8110 = DIRECTION('',(1.,0.,0.));
#8111 = CYLINDRICAL_SURFACE('',#8112,4.E-02);
#8112 = AXIS2_PLACEMENT_3D('',#8113,#8114,#8115);
#8113 = CARTESIAN_POINT('',(-1.2,-0.72,8.E-02));
#8114 = DIRECTION('',(1.,0.,0.));
#8115 = DIRECTION('',(0.,-1.,0.));
#8116 = ADVANCED_FACE('',(#8117),#8135,.F.);
#8117 = FACE_BOUND('',#8118,.F.);
#8118 = EDGE_LOOP('',(#8119,#8120,#8121,#8129));
#8119 = ORIENTED_EDGE('',*,*,#8074,.F.);
#8120 = ORIENTED_EDGE('',*,*,#8089,.T.);
#8121 = ORIENTED_EDGE('',*,*,#8122,.T.);
#8122 = EDGE_CURVE('',#8090,#8123,#8125,.T.);
#8123 = VERTEX_POINT('',#8124);
#8124 = CARTESIAN_POINT('',(1.2,0.72,4.E-02));
#8125 = LINE('',#8126,#8127);
#8126 = CARTESIAN_POINT('',(1.2,-0.76,4.E-02));
#8127 = VECTOR('',#8128,1.);
#8128 = DIRECTION('',(0.,1.,0.));
#8129 = ORIENTED_EDGE('',*,*,#8130,.F.);
#8130 = EDGE_CURVE('',#8066,#8123,#8131,.T.);
#8131 = LINE('',#8132,#8133);
#8132 = CARTESIAN_POINT('',(-1.2,0.72,4.E-02));
#8133 = VECTOR('',#8134,1.);
#8134 = DIRECTION('',(1.,0.,0.));
#8135 = PLANE('',#8136);
#8136 = AXIS2_PLACEMENT_3D('',#8137,#8138,#8139);
#8137 = CARTESIAN_POINT('',(-1.2,-0.76,4.E-02));
#8138 = DIRECTION('',(0.,0.,1.));
#8139 = DIRECTION('',(1.,0.,-0.));
#8140 = ADVANCED_FACE('',(#8141),#8160,.T.);
#8141 = FACE_BOUND('',#8142,.T.);
#8142 = EDGE_LOOP('',(#8143,#8151,#8158,#8159));
#8143 = ORIENTED_EDGE('',*,*,#8144,.T.);
#8144 = EDGE_CURVE('',#8058,#8145,#8147,.T.);
#8145 = VERTEX_POINT('',#8146);
#8146 = CARTESIAN_POINT('',(1.2,0.76,8.E-02));
#8147 = LINE('',#8148,#8149);
#8148 = CARTESIAN_POINT('',(-1.2,0.76,8.E-02));
#8149 = VECTOR('',#8150,1.);
#8150 = DIRECTION('',(1.,0.,0.));
#8151 = ORIENTED_EDGE('',*,*,#8152,.T.);
#8152 = EDGE_CURVE('',#8145,#8123,#8153,.T.);
#8153 = CIRCLE('',#8154,4.E-02);
#8154 = AXIS2_PLACEMENT_3D('',#8155,#8156,#8157);
#8155 = CARTESIAN_POINT('',(1.2,0.72,8.E-02));
#8156 = DIRECTION('',(-1.,0.,0.));
#8157 = DIRECTION('',(0.,0.,1.));
#8158 = ORIENTED_EDGE('',*,*,#8130,.F.);
#8159 = ORIENTED_EDGE('',*,*,#8065,.F.);
#8160 = CYLINDRICAL_SURFACE('',#8161,4.E-02);
#8161 = AXIS2_PLACEMENT_3D('',#8162,#8163,#8164);
#8162 = CARTESIAN_POINT('',(-1.2,0.72,8.E-02));
#8163 = DIRECTION('',(1.,0.,0.));
#8164 = DIRECTION('',(-0.,1.,0.));
#8165 = ADVANCED_FACE('',(#8166),#8184,.T.);
#8166 = FACE_BOUND('',#8167,.T.);
#8167 = EDGE_LOOP('',(#8168,#8176,#8177,#8178));
#8168 = ORIENTED_EDGE('',*,*,#8169,.F.);
#8169 = EDGE_CURVE('',#8145,#8170,#8172,.T.);
#8170 = VERTEX_POINT('',#8171);
#8171 = CARTESIAN_POINT('',(1.2,0.76,1.52));
#8172 = LINE('',#8173,#8174);
#8173 = CARTESIAN_POINT('',(1.2,0.76,4.E-02));
#8174 = VECTOR('',#8175,1.);
#8175 = DIRECTION('',(0.,0.,1.));
#8176 = ORIENTED_EDGE('',*,*,#8144,.F.);
#8177 = ORIENTED_EDGE('',*,*,#8057,.T.);
#8178 = ORIENTED_EDGE('',*,*,#8179,.T.);
#8179 = EDGE_CURVE('',#8049,#8170,#8180,.T.);
#8180 = LINE('',#8181,#8182);
#8181 = CARTESIAN_POINT('',(-1.2,0.76,1.52));
#8182 = VECTOR('',#8183,1.);
#8183 = DIRECTION('',(1.,0.,0.));
#8184 = PLANE('',#8185);
#8185 = AXIS2_PLACEMENT_3D('',#8186,#8187,#8188);
#8186 = CARTESIAN_POINT('',(-1.2,0.76,4.E-02));
#8187 = DIRECTION('',(0.,1.,0.));
#8188 = DIRECTION('',(0.,-0.,1.));
#8189 = ADVANCED_FACE('',(#8190),#8209,.T.);
#8190 = FACE_BOUND('',#8191,.T.);
#8191 = EDGE_LOOP('',(#8192,#8193,#8201,#8208));
#8192 = ORIENTED_EDGE('',*,*,#8048,.T.);
#8193 = ORIENTED_EDGE('',*,*,#8194,.T.);
#8194 = EDGE_CURVE('',#8041,#8195,#8197,.T.);
#8195 = VERTEX_POINT('',#8196);
#8196 = CARTESIAN_POINT('',(1.2,0.72,1.56));
#8197 = LINE('',#8198,#8199);
#8198 = CARTESIAN_POINT('',(-1.2,0.72,1.56));
#8199 = VECTOR('',#8200,1.);
#8200 = DIRECTION('',(1.,0.,0.));
#8201 = ORIENTED_EDGE('',*,*,#8202,.F.);
#8202 = EDGE_CURVE('',#8170,#8195,#8203,.T.);
#8203 = CIRCLE('',#8204,4.E-02);
#8204 = AXIS2_PLACEMENT_3D('',#8205,#8206,#8207);
#8205 = CARTESIAN_POINT('',(1.2,0.72,1.52));
#8206 = DIRECTION('',(1.,0.,-0.));
#8207 = DIRECTION('',(0.,0.,1.));
#8208 = ORIENTED_EDGE('',*,*,#8179,.F.);
#8209 = CYLINDRICAL_SURFACE('',#8210,4.E-02);
#8210 = AXIS2_PLACEMENT_3D('',#8211,#8212,#8213);
#8211 = CARTESIAN_POINT('',(-1.2,0.72,1.52));
#8212 = DIRECTION('',(1.,0.,0.));
#8213 = DIRECTION('',(-0.,1.,0.));
#8214 = ADVANCED_FACE('',(#8215),#8233,.T.);
#8215 = FACE_BOUND('',#8216,.T.);
#8216 = EDGE_LOOP('',(#8217,#8218,#8226,#8232));
#8217 = ORIENTED_EDGE('',*,*,#8040,.F.);
#8218 = ORIENTED_EDGE('',*,*,#8219,.T.);
#8219 = EDGE_CURVE('',#8032,#8220,#8222,.T.);
#8220 = VERTEX_POINT('',#8221);
#8221 = CARTESIAN_POINT('',(1.2,-0.72,1.56));
#8222 = LINE('',#8223,#8224);
#8223 = CARTESIAN_POINT('',(-1.2,-0.72,1.56));
#8224 = VECTOR('',#8225,1.);
#8225 = DIRECTION('',(1.,0.,0.));
#8226 = ORIENTED_EDGE('',*,*,#8227,.T.);
#8227 = EDGE_CURVE('',#8220,#8195,#8228,.T.);
#8228 = LINE('',#8229,#8230);
#8229 = CARTESIAN_POINT('',(1.2,-0.76,1.56));
#8230 = VECTOR('',#8231,1.);
#8231 = DIRECTION('',(0.,1.,0.));
#8232 = ORIENTED_EDGE('',*,*,#8194,.F.);
#8233 = PLANE('',#8234);
#8234 = AXIS2_PLACEMENT_3D('',#8235,#8236,#8237);
#8235 = CARTESIAN_POINT('',(-1.2,-0.76,1.56));
#8236 = DIRECTION('',(0.,0.,1.));
#8237 = DIRECTION('',(1.,0.,-0.));
#8238 = ADVANCED_FACE('',(#8239),#8258,.T.);
#8239 = FACE_BOUND('',#8240,.T.);
#8240 = EDGE_LOOP('',(#8241,#8249,#8256,#8257));
#8241 = ORIENTED_EDGE('',*,*,#8242,.T.);
#8242 = EDGE_CURVE('',#8024,#8243,#8245,.T.);
#8243 = VERTEX_POINT('',#8244);
#8244 = CARTESIAN_POINT('',(1.2,-0.76,1.52));
#8245 = LINE('',#8246,#8247);
#8246 = CARTESIAN_POINT('',(-1.2,-0.76,1.52));
#8247 = VECTOR('',#8248,1.);
#8248 = DIRECTION('',(1.,0.,0.));
#8249 = ORIENTED_EDGE('',*,*,#8250,.T.);
#8250 = EDGE_CURVE('',#8243,#8220,#8251,.T.);
#8251 = CIRCLE('',#8252,4.E-02);
#8252 = AXIS2_PLACEMENT_3D('',#8253,#8254,#8255);
#8253 = CARTESIAN_POINT('',(1.2,-0.72,1.52));
#8254 = DIRECTION('',(-1.,0.,0.));
#8255 = DIRECTION('',(0.,0.,1.));
#8256 = ORIENTED_EDGE('',*,*,#8219,.F.);
#8257 = ORIENTED_EDGE('',*,*,#8031,.F.);
#8258 = CYLINDRICAL_SURFACE('',#8259,4.E-02);
#8259 = AXIS2_PLACEMENT_3D('',#8260,#8261,#8262);
#8260 = CARTESIAN_POINT('',(-1.2,-0.72,1.52));
#8261 = DIRECTION('',(1.,0.,0.));
#8262 = DIRECTION('',(0.,-1.,0.));
#8263 = ADVANCED_FACE('',(#8264),#8275,.F.);
#8264 = FACE_BOUND('',#8265,.F.);
#8265 = EDGE_LOOP('',(#8266,#8272,#8273,#8274));
#8266 = ORIENTED_EDGE('',*,*,#8267,.F.);
#8267 = EDGE_CURVE('',#8098,#8243,#8268,.T.);
#8268 = LINE('',#8269,#8270);
#8269 = CARTESIAN_POINT('',(1.2,-0.76,4.E-02));
#8270 = VECTOR('',#8271,1.);
#8271 = DIRECTION('',(0.,0.,1.));
#8272 = ORIENTED_EDGE('',*,*,#8106,.F.);
#8273 = ORIENTED_EDGE('',*,*,#8023,.T.);
#8274 = ORIENTED_EDGE('',*,*,#8242,.T.);
#8275 = PLANE('',#8276);
#8276 = AXIS2_PLACEMENT_3D('',#8277,#8278,#8279);
#8277 = CARTESIAN_POINT('',(-1.2,-0.76,4.E-02));
#8278 = DIRECTION('',(0.,1.,0.));
#8279 = DIRECTION('',(0.,-0.,1.));
#8280 = ADVANCED_FACE('',(#8281,#8351),#8361,.F.);
#8281 = FACE_BOUND('',#8282,.F.);
#8282 = EDGE_LOOP('',(#8283,#8293,#8302,#8310,#8319,#8327,#8336,#8344));
#8283 = ORIENTED_EDGE('',*,*,#8284,.F.);
#8284 = EDGE_CURVE('',#8285,#8287,#8289,.T.);
#8285 = VERTEX_POINT('',#8286);
#8286 = CARTESIAN_POINT('',(1.2,-0.8,4.E-02));
#8287 = VERTEX_POINT('',#8288);
#8288 = CARTESIAN_POINT('',(1.2,-0.8,1.56));
#8289 = LINE('',#8290,#8291);
#8290 = CARTESIAN_POINT('',(1.2,-0.8,0.));
#8291 = VECTOR('',#8292,1.);
#8292 = DIRECTION('',(0.,0.,1.));
#8293 = ORIENTED_EDGE('',*,*,#8294,.T.);
#8294 = EDGE_CURVE('',#8285,#8295,#8297,.T.);
#8295 = VERTEX_POINT('',#8296);
#8296 = CARTESIAN_POINT('',(1.2,-0.76,0.));
#8297 = CIRCLE('',#8298,4.E-02);
#8298 = AXIS2_PLACEMENT_3D('',#8299,#8300,#8301);
#8299 = CARTESIAN_POINT('',(1.2,-0.76,4.E-02));
#8300 = DIRECTION('',(1.,0.,-0.));
#8301 = DIRECTION('',(0.,0.,1.));
#8302 = ORIENTED_EDGE('',*,*,#8303,.T.);
#8303 = EDGE_CURVE('',#8295,#8304,#8306,.T.);
#8304 = VERTEX_POINT('',#8305);
#8305 = CARTESIAN_POINT('',(1.2,0.76,0.));
#8306 = LINE('',#8307,#8308);
#8307 = CARTESIAN_POINT('',(1.2,-0.8,0.));
#8308 = VECTOR('',#8309,1.);
#8309 = DIRECTION('',(0.,1.,0.));
#8310 = ORIENTED_EDGE('',*,*,#8311,.F.);
#8311 = EDGE_CURVE('',#8312,#8304,#8314,.T.);
#8312 = VERTEX_POINT('',#8313);
#8313 = CARTESIAN_POINT('',(1.2,0.8,4.E-02));
#8314 = CIRCLE('',#8315,4.E-02);
#8315 = AXIS2_PLACEMENT_3D('',#8316,#8317,#8318);
#8316 = CARTESIAN_POINT('',(1.2,0.76,4.E-02));
#8317 = DIRECTION('',(-1.,0.,0.));
#8318 = DIRECTION('',(0.,0.,1.));
#8319 = ORIENTED_EDGE('',*,*,#8320,.T.);
#8320 = EDGE_CURVE('',#8312,#8321,#8323,.T.);
#8321 = VERTEX_POINT('',#8322);
#8322 = CARTESIAN_POINT('',(1.2,0.8,1.56));
#8323 = LINE('',#8324,#8325);
#8324 = CARTESIAN_POINT('',(1.2,0.8,0.));
#8325 = VECTOR('',#8326,1.);
#8326 = DIRECTION('',(0.,0.,1.));
#8327 = ORIENTED_EDGE('',*,*,#8328,.T.);
#8328 = EDGE_CURVE('',#8321,#8329,#8331,.T.);
#8329 = VERTEX_POINT('',#8330);
#8330 = CARTESIAN_POINT('',(1.2,0.76,1.6));
#8331 = CIRCLE('',#8332,4.E-02);
#8332 = AXIS2_PLACEMENT_3D('',#8333,#8334,#8335);
#8333 = CARTESIAN_POINT('',(1.2,0.76,1.56));
#8334 = DIRECTION('',(1.,0.,-0.));
#8335 = DIRECTION('',(0.,0.,1.));
#8336 = ORIENTED_EDGE('',*,*,#8337,.F.);
#8337 = EDGE_CURVE('',#8338,#8329,#8340,.T.);
#8338 = VERTEX_POINT('',#8339);
#8339 = CARTESIAN_POINT('',(1.2,-0.76,1.6));
#8340 = LINE('',#8341,#8342);
#8341 = CARTESIAN_POINT('',(1.2,-0.8,1.6));
#8342 = VECTOR('',#8343,1.);
#8343 = DIRECTION('',(0.,1.,0.));
#8344 = ORIENTED_EDGE('',*,*,#8345,.F.);
#8345 = EDGE_CURVE('',#8287,#8338,#8346,.T.);
#8346 = CIRCLE('',#8347,4.E-02);
#8347 = AXIS2_PLACEMENT_3D('',#8348,#8349,#8350);
#8348 = CARTESIAN_POINT('',(1.2,-0.76,1.56));
#8349 = DIRECTION('',(-1.,0.,0.));
#8350 = DIRECTION('',(0.,0.,1.));
#8351 = FACE_BOUND('',#8352,.F.);
#8352 = EDGE_LOOP('',(#8353,#8354,#8355,#8356,#8357,#8358,#8359,#8360));
#8353 = ORIENTED_EDGE('',*,*,#8097,.F.);
#8354 = ORIENTED_EDGE('',*,*,#8267,.T.);
#8355 = ORIENTED_EDGE('',*,*,#8250,.T.);
#8356 = ORIENTED_EDGE('',*,*,#8227,.T.);
#8357 = ORIENTED_EDGE('',*,*,#8202,.F.);
#8358 = ORIENTED_EDGE('',*,*,#8169,.F.);
#8359 = ORIENTED_EDGE('',*,*,#8152,.T.);
#8360 = ORIENTED_EDGE('',*,*,#8122,.F.);
#8361 = PLANE('',#8362);
#8362 = AXIS2_PLACEMENT_3D('',#8363,#8364,#8365);
#8363 = CARTESIAN_POINT('',(1.2,-0.8,0.));
#8364 = DIRECTION('',(1.,0.,0.));
#8365 = DIRECTION('',(0.,0.,1.));
#8366 = ADVANCED_FACE('',(#8367),#8392,.F.);
#8367 = FACE_BOUND('',#8368,.F.);
#8368 = EDGE_LOOP('',(#8369,#8379,#8385,#8386));
#8369 = ORIENTED_EDGE('',*,*,#8370,.F.);
#8370 = EDGE_CURVE('',#8371,#8373,#8375,.T.);
#8371 = VERTEX_POINT('',#8372);
#8372 = CARTESIAN_POINT('',(1.6,-0.8,4.E-02));
#8373 = VERTEX_POINT('',#8374);
#8374 = CARTESIAN_POINT('',(1.6,-0.8,1.56));
#8375 = LINE('',#8376,#8377);
#8376 = CARTESIAN_POINT('',(1.6,-0.8,0.));
#8377 = VECTOR('',#8378,1.);
#8378 = DIRECTION('',(0.,0.,1.));
#8379 = ORIENTED_EDGE('',*,*,#8380,.F.);
#8380 = EDGE_CURVE('',#8285,#8371,#8381,.T.);
#8381 = LINE('',#8382,#8383);
#8382 = CARTESIAN_POINT('',(1.2,-0.8,4.E-02));
#8383 = VECTOR('',#8384,1.);
#8384 = DIRECTION('',(1.,0.,0.));
#8385 = ORIENTED_EDGE('',*,*,#8284,.T.);
#8386 = ORIENTED_EDGE('',*,*,#8387,.T.);
#8387 = EDGE_CURVE('',#8287,#8373,#8388,.T.);
#8388 = LINE('',#8389,#8390);
#8389 = CARTESIAN_POINT('',(1.2,-0.8,1.56));
#8390 = VECTOR('',#8391,1.);
#8391 = DIRECTION('',(1.,0.,0.));
#8392 = PLANE('',#8393);
#8393 = AXIS2_PLACEMENT_3D('',#8394,#8395,#8396);
#8394 = CARTESIAN_POINT('',(1.2,-0.8,0.));
#8395 = DIRECTION('',(0.,1.,0.));
#8396 = DIRECTION('',(0.,-0.,1.));
#8397 = ADVANCED_FACE('',(#8398),#8417,.T.);
#8398 = FACE_BOUND('',#8399,.T.);
#8399 = EDGE_LOOP('',(#8400,#8401,#8409,#8416));
#8400 = ORIENTED_EDGE('',*,*,#8294,.T.);
#8401 = ORIENTED_EDGE('',*,*,#8402,.T.);
#8402 = EDGE_CURVE('',#8295,#8403,#8405,.T.);
#8403 = VERTEX_POINT('',#8404);
#8404 = CARTESIAN_POINT('',(1.6,-0.76,0.));
#8405 = LINE('',#8406,#8407);
#8406 = CARTESIAN_POINT('',(1.2,-0.76,0.));
#8407 = VECTOR('',#8408,1.);
#8408 = DIRECTION('',(1.,0.,0.));
#8409 = ORIENTED_EDGE('',*,*,#8410,.F.);
#8410 = EDGE_CURVE('',#8371,#8403,#8411,.T.);
#8411 = CIRCLE('',#8412,4.E-02);
#8412 = AXIS2_PLACEMENT_3D('',#8413,#8414,#8415);
#8413 = CARTESIAN_POINT('',(1.6,-0.76,4.E-02));
#8414 = DIRECTION('',(1.,0.,-0.));
#8415 = DIRECTION('',(0.,0.,1.));
#8416 = ORIENTED_EDGE('',*,*,#8380,.F.);
#8417 = CYLINDRICAL_SURFACE('',#8418,4.E-02);
#8418 = AXIS2_PLACEMENT_3D('',#8419,#8420,#8421);
#8419 = CARTESIAN_POINT('',(1.2,-0.76,4.E-02));
#8420 = DIRECTION('',(1.,0.,0.));
#8421 = DIRECTION('',(0.,-1.,0.));
#8422 = ADVANCED_FACE('',(#8423),#8442,.T.);
#8423 = FACE_BOUND('',#8424,.T.);
#8424 = EDGE_LOOP('',(#8425,#8426,#8435,#8441));
#8425 = ORIENTED_EDGE('',*,*,#8387,.T.);
#8426 = ORIENTED_EDGE('',*,*,#8427,.T.);
#8427 = EDGE_CURVE('',#8373,#8428,#8430,.T.);
#8428 = VERTEX_POINT('',#8429);
#8429 = CARTESIAN_POINT('',(1.6,-0.76,1.6));
#8430 = CIRCLE('',#8431,4.E-02);
#8431 = AXIS2_PLACEMENT_3D('',#8432,#8433,#8434);
#8432 = CARTESIAN_POINT('',(1.6,-0.76,1.56));
#8433 = DIRECTION('',(-1.,0.,0.));
#8434 = DIRECTION('',(0.,0.,1.));
#8435 = ORIENTED_EDGE('',*,*,#8436,.F.);
#8436 = EDGE_CURVE('',#8338,#8428,#8437,.T.);
#8437 = LINE('',#8438,#8439);
#8438 = CARTESIAN_POINT('',(1.2,-0.76,1.6));
#8439 = VECTOR('',#8440,1.);
#8440 = DIRECTION('',(1.,0.,0.));
#8441 = ORIENTED_EDGE('',*,*,#8345,.F.);
#8442 = CYLINDRICAL_SURFACE('',#8443,4.E-02);
#8443 = AXIS2_PLACEMENT_3D('',#8444,#8445,#8446);
#8444 = CARTESIAN_POINT('',(1.2,-0.76,1.56));
#8445 = DIRECTION('',(1.,0.,0.));
#8446 = DIRECTION('',(0.,-1.,0.));
#8447 = ADVANCED_FACE('',(#8448),#8466,.F.);
#8448 = FACE_BOUND('',#8449,.F.);
#8449 = EDGE_LOOP('',(#8450,#8451,#8452,#8460));
#8450 = ORIENTED_EDGE('',*,*,#8303,.F.);
#8451 = ORIENTED_EDGE('',*,*,#8402,.T.);
#8452 = ORIENTED_EDGE('',*,*,#8453,.T.);
#8453 = EDGE_CURVE('',#8403,#8454,#8456,.T.);
#8454 = VERTEX_POINT('',#8455);
#8455 = CARTESIAN_POINT('',(1.6,0.76,0.));
#8456 = LINE('',#8457,#8458);
#8457 = CARTESIAN_POINT('',(1.6,-0.8,0.));
#8458 = VECTOR('',#8459,1.);
#8459 = DIRECTION('',(0.,1.,0.));
#8460 = ORIENTED_EDGE('',*,*,#8461,.F.);
#8461 = EDGE_CURVE('',#8304,#8454,#8462,.T.);
#8462 = LINE('',#8463,#8464);
#8463 = CARTESIAN_POINT('',(1.2,0.76,0.));
#8464 = VECTOR('',#8465,1.);
#8465 = DIRECTION('',(1.,0.,0.));
#8466 = PLANE('',#8467);
#8467 = AXIS2_PLACEMENT_3D('',#8468,#8469,#8470);
#8468 = CARTESIAN_POINT('',(1.2,-0.8,0.));
#8469 = DIRECTION('',(0.,0.,1.));
#8470 = DIRECTION('',(1.,0.,-0.));
#8471 = ADVANCED_FACE('',(#8472),#8490,.T.);
#8472 = FACE_BOUND('',#8473,.T.);
#8473 = EDGE_LOOP('',(#8474,#8475,#8476,#8484));
#8474 = ORIENTED_EDGE('',*,*,#8337,.F.);
#8475 = ORIENTED_EDGE('',*,*,#8436,.T.);
#8476 = ORIENTED_EDGE('',*,*,#8477,.T.);
#8477 = EDGE_CURVE('',#8428,#8478,#8480,.T.);
#8478 = VERTEX_POINT('',#8479);
#8479 = CARTESIAN_POINT('',(1.6,0.76,1.6));
#8480 = LINE('',#8481,#8482);
#8481 = CARTESIAN_POINT('',(1.6,-0.8,1.6));
#8482 = VECTOR('',#8483,1.);
#8483 = DIRECTION('',(0.,1.,0.));
#8484 = ORIENTED_EDGE('',*,*,#8485,.F.);
#8485 = EDGE_CURVE('',#8329,#8478,#8486,.T.);
#8486 = LINE('',#8487,#8488);
#8487 = CARTESIAN_POINT('',(1.2,0.76,1.6));
#8488 = VECTOR('',#8489,1.);
#8489 = DIRECTION('',(1.,0.,0.));
#8490 = PLANE('',#8491);
#8491 = AXIS2_PLACEMENT_3D('',#8492,#8493,#8494);
#8492 = CARTESIAN_POINT('',(1.2,-0.8,1.6));
#8493 = DIRECTION('',(0.,0.,1.));
#8494 = DIRECTION('',(1.,0.,-0.));
#8495 = ADVANCED_FACE('',(#8496),#8515,.T.);
#8496 = FACE_BOUND('',#8497,.T.);
#8497 = EDGE_LOOP('',(#8498,#8506,#8513,#8514));
#8498 = ORIENTED_EDGE('',*,*,#8499,.T.);
#8499 = EDGE_CURVE('',#8312,#8500,#8502,.T.);
#8500 = VERTEX_POINT('',#8501);
#8501 = CARTESIAN_POINT('',(1.6,0.8,4.E-02));
#8502 = LINE('',#8503,#8504);
#8503 = CARTESIAN_POINT('',(1.2,0.8,4.E-02));
#8504 = VECTOR('',#8505,1.);
#8505 = DIRECTION('',(1.,0.,0.));
#8506 = ORIENTED_EDGE('',*,*,#8507,.T.);
#8507 = EDGE_CURVE('',#8500,#8454,#8508,.T.);
#8508 = CIRCLE('',#8509,4.E-02);
#8509 = AXIS2_PLACEMENT_3D('',#8510,#8511,#8512);
#8510 = CARTESIAN_POINT('',(1.6,0.76,4.E-02));
#8511 = DIRECTION('',(-1.,0.,0.));
#8512 = DIRECTION('',(0.,0.,1.));
#8513 = ORIENTED_EDGE('',*,*,#8461,.F.);
#8514 = ORIENTED_EDGE('',*,*,#8311,.F.);
#8515 = CYLINDRICAL_SURFACE('',#8516,4.E-02);
#8516 = AXIS2_PLACEMENT_3D('',#8517,#8518,#8519);
#8517 = CARTESIAN_POINT('',(1.2,0.76,4.E-02));
#8518 = DIRECTION('',(1.,0.,0.));
#8519 = DIRECTION('',(-0.,1.,0.));
#8520 = ADVANCED_FACE('',(#8521),#8540,.T.);
#8521 = FACE_BOUND('',#8522,.T.);
#8522 = EDGE_LOOP('',(#8523,#8524,#8525,#8534));
#8523 = ORIENTED_EDGE('',*,*,#8328,.T.);
#8524 = ORIENTED_EDGE('',*,*,#8485,.T.);
#8525 = ORIENTED_EDGE('',*,*,#8526,.F.);
#8526 = EDGE_CURVE('',#8527,#8478,#8529,.T.);
#8527 = VERTEX_POINT('',#8528);
#8528 = CARTESIAN_POINT('',(1.6,0.8,1.56));
#8529 = CIRCLE('',#8530,4.E-02);
#8530 = AXIS2_PLACEMENT_3D('',#8531,#8532,#8533);
#8531 = CARTESIAN_POINT('',(1.6,0.76,1.56));
#8532 = DIRECTION('',(1.,0.,-0.));
#8533 = DIRECTION('',(0.,0.,1.));
#8534 = ORIENTED_EDGE('',*,*,#8535,.F.);
#8535 = EDGE_CURVE('',#8321,#8527,#8536,.T.);
#8536 = LINE('',#8537,#8538);
#8537 = CARTESIAN_POINT('',(1.2,0.8,1.56));
#8538 = VECTOR('',#8539,1.);
#8539 = DIRECTION('',(1.,0.,0.));
#8540 = CYLINDRICAL_SURFACE('',#8541,4.E-02);
#8541 = AXIS2_PLACEMENT_3D('',#8542,#8543,#8544);
#8542 = CARTESIAN_POINT('',(1.2,0.76,1.56));
#8543 = DIRECTION('',(1.,0.,0.));
#8544 = DIRECTION('',(-0.,1.,0.));
#8545 = ADVANCED_FACE('',(#8546),#8557,.T.);
#8546 = FACE_BOUND('',#8547,.T.);
#8547 = EDGE_LOOP('',(#8548,#8554,#8555,#8556));
#8548 = ORIENTED_EDGE('',*,*,#8549,.F.);
#8549 = EDGE_CURVE('',#8500,#8527,#8550,.T.);
#8550 = LINE('',#8551,#8552);
#8551 = CARTESIAN_POINT('',(1.6,0.8,0.));
#8552 = VECTOR('',#8553,1.);
#8553 = DIRECTION('',(0.,0.,1.));
#8554 = ORIENTED_EDGE('',*,*,#8499,.F.);
#8555 = ORIENTED_EDGE('',*,*,#8320,.T.);
#8556 = ORIENTED_EDGE('',*,*,#8535,.T.);
#8557 = PLANE('',#8558);
#8558 = AXIS2_PLACEMENT_3D('',#8559,#8560,#8561);
#8559 = CARTESIAN_POINT('',(1.2,0.8,0.));
#8560 = DIRECTION('',(0.,1.,0.));
#8561 = DIRECTION('',(0.,-0.,1.));
#8562 = ADVANCED_FACE('',(#8563),#8573,.T.);
#8563 = FACE_BOUND('',#8564,.T.);
#8564 = EDGE_LOOP('',(#8565,#8566,#8567,#8568,#8569,#8570,#8571,#8572));
#8565 = ORIENTED_EDGE('',*,*,#8370,.F.);
#8566 = ORIENTED_EDGE('',*,*,#8410,.T.);
#8567 = ORIENTED_EDGE('',*,*,#8453,.T.);
#8568 = ORIENTED_EDGE('',*,*,#8507,.F.);
#8569 = ORIENTED_EDGE('',*,*,#8549,.T.);
#8570 = ORIENTED_EDGE('',*,*,#8526,.T.);
#8571 = ORIENTED_EDGE('',*,*,#8477,.F.);
#8572 = ORIENTED_EDGE('',*,*,#8427,.F.);
#8573 = PLANE('',#8574);
#8574 = AXIS2_PLACEMENT_3D('',#8575,#8576,#8577);
#8575 = CARTESIAN_POINT('',(1.6,-0.8,0.));
#8576 = DIRECTION('',(1.,0.,0.));
#8577 = DIRECTION('',(0.,0.,1.));
#8578 = ( GEOMETRIC_REPRESENTATION_CONTEXT(3) 
GLOBAL_UNCERTAINTY_ASSIGNED_CONTEXT((#8582)) 
GLOBAL_UNIT_ASSIGNED_CONTEXT((#8579,#8580,#8581)) REPRESENTATION_CONTEXT
('Context #1','3D Context with UNIT and UNCERTAINTY') );
#8579 = ( LENGTH_UNIT() NAMED_UNIT(*) SI_UNIT(.MILLI.,.METRE.) );
#8580 = ( NAMED_UNIT(*) PLANE_ANGLE_UNIT() SI_UNIT($,.RADIAN.) );
#8581 = ( NAMED_UNIT(*) SI_UNIT($,.STERADIAN.) SOLID_ANGLE_UNIT() );
#8582 = UNCERTAINTY_MEASURE_WITH_UNIT(LENGTH_MEASURE(1.E-07),#8579,
  'distance_accuracy_value','confusion accuracy');
#8583 = CONTEXT_DEPENDENT_SHAPE_REPRESENTATION(#8584,#8586);
#8584 = ( REPRESENTATION_RELATIONSHIP('','',#7723,#10) 
REPRESENTATION_RELATIONSHIP_WITH_TRANSFORMATION(#8585) 
SHAPE_REPRESENTATION_RELATIONSHIP() );
#8585 = ITEM_DEFINED_TRANSFORMATION('','',#11,#35);
#8586 = PRODUCT_DEFINITION_SHAPE('Placement','Placement of an item',
  #8587);
#8587 = NEXT_ASSEMBLY_USAGE_OCCURRENCE('6','C1','',#5,#7718,$);
#8588 = PRODUCT_RELATED_PRODUCT_CATEGORY('part',$,(#7720));
#8589 = CONTEXT_DEPENDENT_SHAPE_REPRESENTATION(#8590,#8592);
#8590 = ( REPRESENTATION_RELATIONSHIP('','',#108,#10) 
REPRESENTATION_RELATIONSHIP_WITH_TRANSFORMATION(#8591) 
SHAPE_REPRESENTATION_RELATIONSHIP() );
#8591 = ITEM_DEFINED_TRANSFORMATION('','',#11,#39);
#8592 = PRODUCT_DEFINITION_SHAPE('Placement','Placement of an item',
  #8593);
#8593 = NEXT_ASSEMBLY_USAGE_OCCURRENCE('7','U6','',#5,#103,$);
#8594 = SHAPE_DEFINITION_REPRESENTATION(#8595,#8601);
#8595 = PRODUCT_DEFINITION_SHAPE('','',#8596);
#8596 = PRODUCT_DEFINITION('design','',#8597,#8600);
#8597 = PRODUCT_DEFINITION_FORMATION('','',#8598);
#8598 = PRODUCT('PinHeader_1x04_P2.00mm_Horizontal',
  'PinHeader_1x04_P2.00mm_Horizontal','',(#8599));
#8599 = PRODUCT_CONTEXT('',#2,'mechanical');
#8600 = PRODUCT_DEFINITION_CONTEXT('part definition',#2,'design');
#8601 = ADVANCED_BREP_SHAPE_REPRESENTATION('',(#11,#8602),#11786);
#8602 = MANIFOLD_SOLID_BREP('',#8603);
#8603 = CLOSED_SHELL('',(#8604,#8644,#8675,#8706,#9035,#9364,#9381,#9398
    ,#9415,#9432,#9449,#9466,#9483,#9500,#9517,#9534,#9551,#9568,#9585,
    #9602,#9619,#9636,#9653,#9670,#9687,#9704,#9721,#9738,#9750,#9806,
    #9830,#9879,#9896,#9927,#9976,#10000,#10042,#10073,#10122,#10146,
    #10188,#10219,#10268,#10292,#10334,#10365,#10389,#10413,#10430,
    #10461,#10485,#10509,#10526,#10557,#10581,#10605,#10622,#10653,
    #10677,#10701,#10718,#10735,#10752,#10783,#10800,#10831,#10848,
    #10865,#10896,#10913,#10944,#10961,#10978,#11009,#11026,#11057,
    #11074,#11091,#11122,#11139,#11170,#11201,#11225,#11249,#11266,
    #11297,#11321,#11345,#11362,#11393,#11417,#11441,#11458,#11489,
    #11513,#11537,#11554,#11571,#11588,#11600,#11617,#11634,#11646,
    #11663,#11680,#11692,#11709,#11726,#11738,#11750,#11762,#11774));
#8604 = ADVANCED_FACE('',(#8605),#8639,.T.);
#8605 = FACE_BOUND('',#8606,.T.);
#8606 = EDGE_LOOP('',(#8607,#8617,#8625,#8633));
#8607 = ORIENTED_EDGE('',*,*,#8608,.T.);
#8608 = EDGE_CURVE('',#8609,#8611,#8613,.T.);
#8609 = VERTEX_POINT('',#8610);
#8610 = CARTESIAN_POINT('',(1.5,1.,0.2));
#8611 = VERTEX_POINT('',#8612);
#8612 = CARTESIAN_POINT('',(3.,1.,0.2));
#8613 = LINE('',#8614,#8615);
#8614 = CARTESIAN_POINT('',(1.5,1.,0.2));
#8615 = VECTOR('',#8616,1.);
#8616 = DIRECTION('',(1.,0.,0.));
#8617 = ORIENTED_EDGE('',*,*,#8618,.T.);
#8618 = EDGE_CURVE('',#8611,#8619,#8621,.T.);
#8619 = VERTEX_POINT('',#8620);
#8620 = CARTESIAN_POINT('',(3.,0.8,0.));
#8621 = LINE('',#8622,#8623);
#8622 = CARTESIAN_POINT('',(3.,1.,0.2));
#8623 = VECTOR('',#8624,1.);
#8624 = DIRECTION('',(0.,-0.707106781187,-0.707106781187));
#8625 = ORIENTED_EDGE('',*,*,#8626,.F.);
#8626 = EDGE_CURVE('',#8627,#8619,#8629,.T.);
#8627 = VERTEX_POINT('',#8628);
#8628 = CARTESIAN_POINT('',(1.5,0.8,0.));
#8629 = LINE('',#8630,#8631);
#8630 = CARTESIAN_POINT('',(1.5,0.8,0.));
#8631 = VECTOR('',#8632,1.);
#8632 = DIRECTION('',(1.,0.,0.));
#8633 = ORIENTED_EDGE('',*,*,#8634,.F.);
#8634 = EDGE_CURVE('',#8609,#8627,#8635,.T.);
#8635 = LINE('',#8636,#8637);
#8636 = CARTESIAN_POINT('',(1.5,1.,0.2));
#8637 = VECTOR('',#8638,1.);
#8638 = DIRECTION('',(0.,-0.707106781187,-0.707106781187));
#8639 = PLANE('',#8640);
#8640 = AXIS2_PLACEMENT_3D('',#8641,#8642,#8643);
#8641 = CARTESIAN_POINT('',(1.5,1.,0.2));
#8642 = DIRECTION('',(0.,0.707106781187,-0.707106781187));
#8643 = DIRECTION('',(0.,-0.707106781187,-0.707106781187));
#8644 = ADVANCED_FACE('',(#8645),#8670,.T.);
#8645 = FACE_BOUND('',#8646,.T.);
#8646 = EDGE_LOOP('',(#8647,#8657,#8663,#8664));
#8647 = ORIENTED_EDGE('',*,*,#8648,.T.);
#8648 = EDGE_CURVE('',#8649,#8651,#8653,.T.);
#8649 = VERTEX_POINT('',#8650);
#8650 = CARTESIAN_POINT('',(1.5,1.,1.8));
#8651 = VERTEX_POINT('',#8652);
#8652 = CARTESIAN_POINT('',(3.,1.,1.8));
#8653 = LINE('',#8654,#8655);
#8654 = CARTESIAN_POINT('',(1.5,1.,1.8));
#8655 = VECTOR('',#8656,1.);
#8656 = DIRECTION('',(1.,0.,0.));
#8657 = ORIENTED_EDGE('',*,*,#8658,.T.);
#8658 = EDGE_CURVE('',#8651,#8611,#8659,.T.);
#8659 = LINE('',#8660,#8661);
#8660 = CARTESIAN_POINT('',(3.,1.,1.8));
#8661 = VECTOR('',#8662,1.);
#8662 = DIRECTION('',(0.,1.387778780781E-16,-1.));
#8663 = ORIENTED_EDGE('',*,*,#8608,.F.);
#8664 = ORIENTED_EDGE('',*,*,#8665,.F.);
#8665 = EDGE_CURVE('',#8649,#8609,#8666,.T.);
#8666 = LINE('',#8667,#8668);
#8667 = CARTESIAN_POINT('',(1.5,1.,1.8));
#8668 = VECTOR('',#8669,1.);
#8669 = DIRECTION('',(0.,1.387778780781E-16,-1.));
#8670 = PLANE('',#8671);
#8671 = AXIS2_PLACEMENT_3D('',#8672,#8673,#8674);
#8672 = CARTESIAN_POINT('',(1.5,1.,1.8));
#8673 = DIRECTION('',(0.,1.,1.387778780781E-16));
#8674 = DIRECTION('',(0.,1.387778780781E-16,-1.));
#8675 = ADVANCED_FACE('',(#8676),#8701,.T.);
#8676 = FACE_BOUND('',#8677,.T.);
#8677 = EDGE_LOOP('',(#8678,#8679,#8687,#8695));
#8678 = ORIENTED_EDGE('',*,*,#8626,.T.);
#8679 = ORIENTED_EDGE('',*,*,#8680,.T.);
#8680 = EDGE_CURVE('',#8619,#8681,#8683,.T.);
#8681 = VERTEX_POINT('',#8682);
#8682 = CARTESIAN_POINT('',(3.,-0.8,0.));
#8683 = LINE('',#8684,#8685);
#8684 = CARTESIAN_POINT('',(3.,0.8,0.));
#8685 = VECTOR('',#8686,1.);
#8686 = DIRECTION('',(0.,-1.,0.));
#8687 = ORIENTED_EDGE('',*,*,#8688,.F.);
#8688 = EDGE_CURVE('',#8689,#8681,#8691,.T.);
#8689 = VERTEX_POINT('',#8690);
#8690 = CARTESIAN_POINT('',(1.5,-0.8,0.));
#8691 = LINE('',#8692,#8693);
#8692 = CARTESIAN_POINT('',(1.5,-0.8,0.));
#8693 = VECTOR('',#8694,1.);
#8694 = DIRECTION('',(1.,0.,0.));
#8695 = ORIENTED_EDGE('',*,*,#8696,.F.);
#8696 = EDGE_CURVE('',#8627,#8689,#8697,.T.);
#8697 = LINE('',#8698,#8699);
#8698 = CARTESIAN_POINT('',(1.5,0.8,0.));
#8699 = VECTOR('',#8700,1.);
#8700 = DIRECTION('',(0.,-1.,0.));
#8701 = PLANE('',#8702);
#8702 = AXIS2_PLACEMENT_3D('',#8703,#8704,#8705);
#8703 = CARTESIAN_POINT('',(1.5,0.8,0.));
#8704 = DIRECTION('',(-0.,-0.,-1.));
#8705 = DIRECTION('',(0.,-1.,0.));
#8706 = ADVANCED_FACE('',(#8707,#8894,#8928,#8962,#8996),#9030,.T.);
#8707 = FACE_BOUND('',#8708,.T.);
#8708 = EDGE_LOOP('',(#8709,#8710,#8711,#8719,#8727,#8735,#8743,#8751,
    #8759,#8767,#8775,#8783,#8791,#8799,#8807,#8815,#8823,#8831,#8839,
    #8847,#8855,#8863,#8871,#8879,#8887,#8893));
#8709 = ORIENTED_EDGE('',*,*,#8634,.T.);
#8710 = ORIENTED_EDGE('',*,*,#8696,.T.);
#8711 = ORIENTED_EDGE('',*,*,#8712,.T.);
#8712 = EDGE_CURVE('',#8689,#8713,#8715,.T.);
#8713 = VERTEX_POINT('',#8714);
#8714 = CARTESIAN_POINT('',(1.5,-1.,0.2));
#8715 = LINE('',#8716,#8717);
#8716 = CARTESIAN_POINT('',(1.5,-0.8,0.));
#8717 = VECTOR('',#8718,1.);
#8718 = DIRECTION('',(0.,-0.707106781187,0.707106781187));
#8719 = ORIENTED_EDGE('',*,*,#8720,.T.);
#8720 = EDGE_CURVE('',#8713,#8721,#8723,.T.);
#8721 = VERTEX_POINT('',#8722);
#8722 = CARTESIAN_POINT('',(1.5,-1.2,0.));
#8723 = LINE('',#8724,#8725);
#8724 = CARTESIAN_POINT('',(1.5,-1.,0.2));
#8725 = VECTOR('',#8726,1.);
#8726 = DIRECTION('',(0.,-0.707106781187,-0.707106781187));
#8727 = ORIENTED_EDGE('',*,*,#8728,.T.);
#8728 = EDGE_CURVE('',#8721,#8729,#8731,.T.);
#8729 = VERTEX_POINT('',#8730);
#8730 = CARTESIAN_POINT('',(1.5,-2.8,0.));
#8731 = LINE('',#8732,#8733);
#8732 = CARTESIAN_POINT('',(1.5,-1.2,0.));
#8733 = VECTOR('',#8734,1.);
#8734 = DIRECTION('',(0.,-1.,0.));
#8735 = ORIENTED_EDGE('',*,*,#8736,.T.);
#8736 = EDGE_CURVE('',#8729,#8737,#8739,.T.);
#8737 = VERTEX_POINT('',#8738);
#8738 = CARTESIAN_POINT('',(1.5,-3.,0.2));
#8739 = LINE('',#8740,#8741);
#8740 = CARTESIAN_POINT('',(1.5,-2.8,0.));
#8741 = VECTOR('',#8742,1.);
#8742 = DIRECTION('',(0.,-0.707106781187,0.707106781187));
#8743 = ORIENTED_EDGE('',*,*,#8744,.T.);
#8744 = EDGE_CURVE('',#8737,#8745,#8747,.T.);
#8745 = VERTEX_POINT('',#8746);
#8746 = CARTESIAN_POINT('',(1.5,-3.2,-1.387778780781E-17));
#8747 = LINE('',#8748,#8749);
#8748 = CARTESIAN_POINT('',(1.5,-3.,0.2));
#8749 = VECTOR('',#8750,1.);
#8750 = DIRECTION('',(0.,-0.707106781187,-0.707106781187));
#8751 = ORIENTED_EDGE('',*,*,#8752,.T.);
#8752 = EDGE_CURVE('',#8745,#8753,#8755,.T.);
#8753 = VERTEX_POINT('',#8754);
#8754 = CARTESIAN_POINT('',(1.5,-4.8,0.));
#8755 = LINE('',#8756,#8757);
#8756 = CARTESIAN_POINT('',(1.5,-3.2,0.));
#8757 = VECTOR('',#8758,1.);
#8758 = DIRECTION('',(0.,-1.,0.));
#8759 = ORIENTED_EDGE('',*,*,#8760,.T.);
#8760 = EDGE_CURVE('',#8753,#8761,#8763,.T.);
#8761 = VERTEX_POINT('',#8762);
#8762 = CARTESIAN_POINT('',(1.5,-5.,0.2));
#8763 = LINE('',#8764,#8765);
#8764 = CARTESIAN_POINT('',(1.5,-4.8,0.));
#8765 = VECTOR('',#8766,1.);
#8766 = DIRECTION('',(0.,-0.707106781187,0.707106781187));
#8767 = ORIENTED_EDGE('',*,*,#8768,.T.);
#8768 = EDGE_CURVE('',#8761,#8769,#8771,.T.);
#8769 = VERTEX_POINT('',#8770);
#8770 = CARTESIAN_POINT('',(1.5,-5.2,-1.387778780781E-17));
#8771 = LINE('',#8772,#8773);
#8772 = CARTESIAN_POINT('',(1.5,-5.,0.2));
#8773 = VECTOR('',#8774,1.);
#8774 = DIRECTION('',(0.,-0.707106781187,-0.707106781187));
#8775 = ORIENTED_EDGE('',*,*,#8776,.T.);
#8776 = EDGE_CURVE('',#8769,#8777,#8779,.T.);
#8777 = VERTEX_POINT('',#8778);
#8778 = CARTESIAN_POINT('',(1.5,-6.8,0.));
#8779 = LINE('',#8780,#8781);
#8780 = CARTESIAN_POINT('',(1.5,-5.2,0.));
#8781 = VECTOR('',#8782,1.);
#8782 = DIRECTION('',(0.,-1.,0.));
#8783 = ORIENTED_EDGE('',*,*,#8784,.T.);
#8784 = EDGE_CURVE('',#8777,#8785,#8787,.T.);
#8785 = VERTEX_POINT('',#8786);
#8786 = CARTESIAN_POINT('',(1.5,-7.,0.2));
#8787 = LINE('',#8788,#8789);
#8788 = CARTESIAN_POINT('',(1.5,-6.8,0.));
#8789 = VECTOR('',#8790,1.);
#8790 = DIRECTION('',(0.,-0.707106781187,0.707106781187));
#8791 = ORIENTED_EDGE('',*,*,#8792,.T.);
#8792 = EDGE_CURVE('',#8785,#8793,#8795,.T.);
#8793 = VERTEX_POINT('',#8794);
#8794 = CARTESIAN_POINT('',(1.5,-7.,1.8));
#8795 = LINE('',#8796,#8797);
#8796 = CARTESIAN_POINT('',(1.5,-7.,0.2));
#8797 = VECTOR('',#8798,1.);
#8798 = DIRECTION('',(0.,0.,1.));
#8799 = ORIENTED_EDGE('',*,*,#8800,.T.);
#8800 = EDGE_CURVE('',#8793,#8801,#8803,.T.);
#8801 = VERTEX_POINT('',#8802);
#8802 = CARTESIAN_POINT('',(1.5,-6.8,2.));
#8803 = LINE('',#8804,#8805);
#8804 = CARTESIAN_POINT('',(1.5,-7.,1.8));
#8805 = VECTOR('',#8806,1.);
#8806 = DIRECTION('',(0.,0.707106781187,0.707106781187));
#8807 = ORIENTED_EDGE('',*,*,#8808,.T.);
#8808 = EDGE_CURVE('',#8801,#8809,#8811,.T.);
#8809 = VERTEX_POINT('',#8810);
#8810 = CARTESIAN_POINT('',(1.5,-5.2,2.));
#8811 = LINE('',#8812,#8813);
#8812 = CARTESIAN_POINT('',(1.5,-6.8,2.));
#8813 = VECTOR('',#8814,1.);
#8814 = DIRECTION('',(0.,1.,0.));
#8815 = ORIENTED_EDGE('',*,*,#8816,.T.);
#8816 = EDGE_CURVE('',#8809,#8817,#8819,.T.);
#8817 = VERTEX_POINT('',#8818);
#8818 = CARTESIAN_POINT('',(1.5,-5.,1.8));
#8819 = LINE('',#8820,#8821);
#8820 = CARTESIAN_POINT('',(1.5,-5.2,2.));
#8821 = VECTOR('',#8822,1.);
#8822 = DIRECTION('',(0.,0.707106781187,-0.707106781187));
#8823 = ORIENTED_EDGE('',*,*,#8824,.T.);
#8824 = EDGE_CURVE('',#8817,#8825,#8827,.T.);
#8825 = VERTEX_POINT('',#8826);
#8826 = CARTESIAN_POINT('',(1.5,-4.8,2.));
#8827 = LINE('',#8828,#8829);
#8828 = CARTESIAN_POINT('',(1.5,-5.,1.8));
#8829 = VECTOR('',#8830,1.);
#8830 = DIRECTION('',(0.,0.707106781187,0.707106781187));
#8831 = ORIENTED_EDGE('',*,*,#8832,.T.);
#8832 = EDGE_CURVE('',#8825,#8833,#8835,.T.);
#8833 = VERTEX_POINT('',#8834);
#8834 = CARTESIAN_POINT('',(1.5,-3.2,2.));
#8835 = LINE('',#8836,#8837);
#8836 = CARTESIAN_POINT('',(1.5,-4.8,2.));
#8837 = VECTOR('',#8838,1.);
#8838 = DIRECTION('',(0.,1.,0.));
#8839 = ORIENTED_EDGE('',*,*,#8840,.T.);
#8840 = EDGE_CURVE('',#8833,#8841,#8843,.T.);
#8841 = VERTEX_POINT('',#8842);
#8842 = CARTESIAN_POINT('',(1.5,-3.,1.8));
#8843 = LINE('',#8844,#8845);
#8844 = CARTESIAN_POINT('',(1.5,-3.2,2.));
#8845 = VECTOR('',#8846,1.);
#8846 = DIRECTION('',(0.,0.707106781187,-0.707106781187));
#8847 = ORIENTED_EDGE('',*,*,#8848,.T.);
#8848 = EDGE_CURVE('',#8841,#8849,#8851,.T.);
#8849 = VERTEX_POINT('',#8850);
#8850 = CARTESIAN_POINT('',(1.5,-2.8,2.));
#8851 = LINE('',#8852,#8853);
#8852 = CARTESIAN_POINT('',(1.5,-3.,1.8));
#8853 = VECTOR('',#8854,1.);
#8854 = DIRECTION('',(0.,0.707106781187,0.707106781187));
#8855 = ORIENTED_EDGE('',*,*,#8856,.T.);
#8856 = EDGE_CURVE('',#8849,#8857,#8859,.T.);
#8857 = VERTEX_POINT('',#8858);
#8858 = CARTESIAN_POINT('',(1.5,-1.2,2.));
#8859 = LINE('',#8860,#8861);
#8860 = CARTESIAN_POINT('',(1.5,-2.8,2.));
#8861 = VECTOR('',#8862,1.);
#8862 = DIRECTION('',(0.,1.,0.));
#8863 = ORIENTED_EDGE('',*,*,#8864,.T.);
#8864 = EDGE_CURVE('',#8857,#8865,#8867,.T.);
#8865 = VERTEX_POINT('',#8866);
#8866 = CARTESIAN_POINT('',(1.5,-1.,1.8));
#8867 = LINE('',#8868,#8869);
#8868 = CARTESIAN_POINT('',(1.5,-1.2,2.));
#8869 = VECTOR('',#8870,1.);
#8870 = DIRECTION('',(0.,0.707106781187,-0.707106781187));
#8871 = ORIENTED_EDGE('',*,*,#8872,.T.);
#8872 = EDGE_CURVE('',#8865,#8873,#8875,.T.);
#8873 = VERTEX_POINT('',#8874);
#8874 = CARTESIAN_POINT('',(1.5,-0.8,2.));
#8875 = LINE('',#8876,#8877);
#8876 = CARTESIAN_POINT('',(1.5,-1.,1.8));
#8877 = VECTOR('',#8878,1.);
#8878 = DIRECTION('',(0.,0.707106781187,0.707106781187));
#8879 = ORIENTED_EDGE('',*,*,#8880,.T.);
#8880 = EDGE_CURVE('',#8873,#8881,#8883,.T.);
#8881 = VERTEX_POINT('',#8882);
#8882 = CARTESIAN_POINT('',(1.5,0.8,2.));
#8883 = LINE('',#8884,#8885);
#8884 = CARTESIAN_POINT('',(1.5,-0.8,2.));
#8885 = VECTOR('',#8886,1.);
#8886 = DIRECTION('',(0.,1.,0.));
#8887 = ORIENTED_EDGE('',*,*,#8888,.T.);
#8888 = EDGE_CURVE('',#8881,#8649,#8889,.T.);
#8889 = LINE('',#8890,#8891);
#8890 = CARTESIAN_POINT('',(1.5,0.8,2.));
#8891 = VECTOR('',#8892,1.);
#8892 = DIRECTION('',(0.,0.707106781187,-0.707106781187));
#8893 = ORIENTED_EDGE('',*,*,#8665,.T.);
#8894 = FACE_BOUND('',#8895,.T.);
#8895 = EDGE_LOOP('',(#8896,#8906,#8914,#8922));
#8896 = ORIENTED_EDGE('',*,*,#8897,.F.);
#8897 = EDGE_CURVE('',#8898,#8900,#8902,.T.);
#8898 = VERTEX_POINT('',#8899);
#8899 = CARTESIAN_POINT('',(1.5,-3.75,1.25));
#8900 = VERTEX_POINT('',#8901);
#8901 = CARTESIAN_POINT('',(1.5,-3.75,0.75));
#8902 = LINE('',#8903,#8904);
#8903 = CARTESIAN_POINT('',(1.5,-3.75,0.705574324324));
#8904 = VECTOR('',#8905,1.);
#8905 = DIRECTION('',(-3.4004647205E-32,0.,-1.));
#8906 = ORIENTED_EDGE('',*,*,#8907,.F.);
#8907 = EDGE_CURVE('',#8908,#8898,#8910,.T.);
#8908 = VERTEX_POINT('',#8909);
#8909 = CARTESIAN_POINT('',(1.5,-4.25,1.25));
#8910 = LINE('',#8911,#8912);
#8911 = CARTESIAN_POINT('',(1.5,-3.375,1.25));
#8912 = VECTOR('',#8913,1.);
#8913 = DIRECTION('',(5.479286878381E-32,1.,0.));
#8914 = ORIENTED_EDGE('',*,*,#8915,.T.);
#8915 = EDGE_CURVE('',#8908,#8916,#8918,.T.);
#8916 = VERTEX_POINT('',#8917);
#8917 = CARTESIAN_POINT('',(1.5,-4.25,0.75));
#8918 = LINE('',#8919,#8920);
#8919 = CARTESIAN_POINT('',(1.5,-4.25,0.705574324324));
#8920 = VECTOR('',#8921,1.);
#8921 = DIRECTION('',(-3.4004647205E-32,0.,-1.));
#8922 = ORIENTED_EDGE('',*,*,#8923,.F.);
#8923 = EDGE_CURVE('',#8900,#8916,#8924,.T.);
#8924 = LINE('',#8925,#8926);
#8925 = CARTESIAN_POINT('',(1.5,-3.375,0.75));
#8926 = VECTOR('',#8927,1.);
#8927 = DIRECTION('',(-5.479286878381E-32,-1.,0.));
#8928 = FACE_BOUND('',#8929,.T.);
#8929 = EDGE_LOOP('',(#8930,#8940,#8948,#8956));
#8930 = ORIENTED_EDGE('',*,*,#8931,.F.);
#8931 = EDGE_CURVE('',#8932,#8934,#8936,.T.);
#8932 = VERTEX_POINT('',#8933);
#8933 = CARTESIAN_POINT('',(1.5,-2.25,1.25));
#8934 = VERTEX_POINT('',#8935);
#8935 = CARTESIAN_POINT('',(1.5,-1.75,1.25));
#8936 = LINE('',#8937,#8938);
#8937 = CARTESIAN_POINT('',(1.5,-2.375,1.25));
#8938 = VECTOR('',#8939,1.);
#8939 = DIRECTION('',(5.479286878381E-32,1.,0.));
#8940 = ORIENTED_EDGE('',*,*,#8941,.T.);
#8941 = EDGE_CURVE('',#8932,#8942,#8944,.T.);
#8942 = VERTEX_POINT('',#8943);
#8943 = CARTESIAN_POINT('',(1.5,-2.25,0.75));
#8944 = LINE('',#8945,#8946);
#8945 = CARTESIAN_POINT('',(1.5,-2.25,0.705574324324));
#8946 = VECTOR('',#8947,1.);
#8947 = DIRECTION('',(-3.4004647205E-32,0.,-1.));
#8948 = ORIENTED_EDGE('',*,*,#8949,.F.);
#8949 = EDGE_CURVE('',#8950,#8942,#8952,.T.);
#8950 = VERTEX_POINT('',#8951);
#8951 = CARTESIAN_POINT('',(1.5,-1.75,0.75));
#8952 = LINE('',#8953,#8954);
#8953 = CARTESIAN_POINT('',(1.5,-2.375,0.75));
#8954 = VECTOR('',#8955,1.);
#8955 = DIRECTION('',(-5.479286878381E-32,-1.,0.));
#8956 = ORIENTED_EDGE('',*,*,#8957,.F.);
#8957 = EDGE_CURVE('',#8934,#8950,#8958,.T.);
#8958 = LINE('',#8959,#8960);
#8959 = CARTESIAN_POINT('',(1.5,-1.75,0.705574324324));
#8960 = VECTOR('',#8961,1.);
#8961 = DIRECTION('',(-3.4004647205E-32,0.,-1.));
#8962 = FACE_BOUND('',#8963,.T.);
#8963 = EDGE_LOOP('',(#8964,#8974,#8982,#8990));
#8964 = ORIENTED_EDGE('',*,*,#8965,.F.);
#8965 = EDGE_CURVE('',#8966,#8968,#8970,.T.);
#8966 = VERTEX_POINT('',#8967);
#8967 = CARTESIAN_POINT('',(1.5,-0.25,1.25));
#8968 = VERTEX_POINT('',#8969);
#8969 = CARTESIAN_POINT('',(1.5,0.25,1.25));
#8970 = LINE('',#8971,#8972);
#8971 = CARTESIAN_POINT('',(1.5,-1.375,1.25));
#8972 = VECTOR('',#8973,1.);
#8973 = DIRECTION('',(5.479286878381E-32,1.,0.));
#8974 = ORIENTED_EDGE('',*,*,#8975,.T.);
#8975 = EDGE_CURVE('',#8966,#8976,#8978,.T.);
#8976 = VERTEX_POINT('',#8977);
#8977 = CARTESIAN_POINT('',(1.5,-0.25,0.75));
#8978 = LINE('',#8979,#8980);
#8979 = CARTESIAN_POINT('',(1.5,-0.25,0.705574324324));
#8980 = VECTOR('',#8981,1.);
#8981 = DIRECTION('',(-3.4004647205E-32,0.,-1.));
#8982 = ORIENTED_EDGE('',*,*,#8983,.F.);
#8983 = EDGE_CURVE('',#8984,#8976,#8986,.T.);
#8984 = VERTEX_POINT('',#8985);
#8985 = CARTESIAN_POINT('',(1.5,0.25,0.75));
#8986 = LINE('',#8987,#8988);
#8987 = CARTESIAN_POINT('',(1.5,-1.375,0.75));
#8988 = VECTOR('',#8989,1.);
#8989 = DIRECTION('',(-5.479286878381E-32,-1.,0.));
#8990 = ORIENTED_EDGE('',*,*,#8991,.F.);
#8991 = EDGE_CURVE('',#8968,#8984,#8992,.T.);
#8992 = LINE('',#8993,#8994);
#8993 = CARTESIAN_POINT('',(1.5,0.25,0.705574324324));
#8994 = VECTOR('',#8995,1.);
#8995 = DIRECTION('',(-3.4004647205E-32,0.,-1.));
#8996 = FACE_BOUND('',#8997,.T.);
#8997 = EDGE_LOOP('',(#8998,#9008,#9016,#9024));
#8998 = ORIENTED_EDGE('',*,*,#8999,.F.);
#8999 = EDGE_CURVE('',#9000,#9002,#9004,.T.);
#9000 = VERTEX_POINT('',#9001);
#9001 = CARTESIAN_POINT('',(1.5,-6.25,1.25));
#9002 = VERTEX_POINT('',#9003);
#9003 = CARTESIAN_POINT('',(1.5,-5.75,1.25));
#9004 = LINE('',#9005,#9006);
#9005 = CARTESIAN_POINT('',(1.5,-4.375,1.25));
#9006 = VECTOR('',#9007,1.);
#9007 = DIRECTION('',(5.479286878381E-32,1.,0.));
#9008 = ORIENTED_EDGE('',*,*,#9009,.T.);
#9009 = EDGE_CURVE('',#9000,#9010,#9012,.T.);
#9010 = VERTEX_POINT('',#9011);
#9011 = CARTESIAN_POINT('',(1.5,-6.25,0.75));
#9012 = LINE('',#9013,#9014);
#9013 = CARTESIAN_POINT('',(1.5,-6.25,0.705574324324));
#9014 = VECTOR('',#9015,1.);
#9015 = DIRECTION('',(-3.4004647205E-32,0.,-1.));
#9016 = ORIENTED_EDGE('',*,*,#9017,.F.);
#9017 = EDGE_CURVE('',#9018,#9010,#9020,.T.);
#9018 = VERTEX_POINT('',#9019);
#9019 = CARTESIAN_POINT('',(1.5,-5.75,0.75));
#9020 = LINE('',#9021,#9022);
#9021 = CARTESIAN_POINT('',(1.5,-4.375,0.75));
#9022 = VECTOR('',#9023,1.);
#9023 = DIRECTION('',(-5.479286878381E-32,-1.,0.));
#9024 = ORIENTED_EDGE('',*,*,#9025,.F.);
#9025 = EDGE_CURVE('',#9002,#9018,#9026,.T.);
#9026 = LINE('',#9027,#9028);
#9027 = CARTESIAN_POINT('',(1.5,-5.75,0.705574324324));
#9028 = VECTOR('',#9029,1.);
#9029 = DIRECTION('',(-3.4004647205E-32,0.,-1.));
#9030 = PLANE('',#9031);
#9031 = AXIS2_PLACEMENT_3D('',#9032,#9033,#9034);
#9032 = CARTESIAN_POINT('',(1.5,-3.,1.));
#9033 = DIRECTION('',(-1.,5.479286878381E-32,3.4004647205E-32));
#9034 = DIRECTION('',(-5.479286878381E-32,-1.,0.));
#9035 = ADVANCED_FACE('',(#9036,#9223,#9257,#9291,#9325),#9359,.F.);
#9036 = FACE_BOUND('',#9037,.F.);
#9037 = EDGE_LOOP('',(#9038,#9039,#9040,#9048,#9056,#9064,#9072,#9080,
    #9088,#9096,#9104,#9112,#9120,#9128,#9136,#9144,#9152,#9160,#9168,
    #9176,#9184,#9192,#9200,#9208,#9216,#9222));
#9038 = ORIENTED_EDGE('',*,*,#8618,.T.);
#9039 = ORIENTED_EDGE('',*,*,#8680,.T.);
#9040 = ORIENTED_EDGE('',*,*,#9041,.T.);
#9041 = EDGE_CURVE('',#8681,#9042,#9044,.T.);
#9042 = VERTEX_POINT('',#9043);
#9043 = CARTESIAN_POINT('',(3.,-1.,0.2));
#9044 = LINE('',#9045,#9046);
#9045 = CARTESIAN_POINT('',(3.,-0.8,0.));
#9046 = VECTOR('',#9047,1.);
#9047 = DIRECTION('',(0.,-0.707106781187,0.707106781187));
#9048 = ORIENTED_EDGE('',*,*,#9049,.T.);
#9049 = EDGE_CURVE('',#9042,#9050,#9052,.T.);
#9050 = VERTEX_POINT('',#9051);
#9051 = CARTESIAN_POINT('',(3.,-1.2,0.));
#9052 = LINE('',#9053,#9054);
#9053 = CARTESIAN_POINT('',(3.,-1.,0.2));
#9054 = VECTOR('',#9055,1.);
#9055 = DIRECTION('',(0.,-0.707106781187,-0.707106781187));
#9056 = ORIENTED_EDGE('',*,*,#9057,.T.);
#9057 = EDGE_CURVE('',#9050,#9058,#9060,.T.);
#9058 = VERTEX_POINT('',#9059);
#9059 = CARTESIAN_POINT('',(3.,-2.8,0.));
#9060 = LINE('',#9061,#9062);
#9061 = CARTESIAN_POINT('',(3.,-1.2,0.));
#9062 = VECTOR('',#9063,1.);
#9063 = DIRECTION('',(0.,-1.,0.));
#9064 = ORIENTED_EDGE('',*,*,#9065,.T.);
#9065 = EDGE_CURVE('',#9058,#9066,#9068,.T.);
#9066 = VERTEX_POINT('',#9067);
#9067 = CARTESIAN_POINT('',(3.,-3.,0.2));
#9068 = LINE('',#9069,#9070);
#9069 = CARTESIAN_POINT('',(3.,-2.8,0.));
#9070 = VECTOR('',#9071,1.);
#9071 = DIRECTION('',(0.,-0.707106781187,0.707106781187));
#9072 = ORIENTED_EDGE('',*,*,#9073,.T.);
#9073 = EDGE_CURVE('',#9066,#9074,#9076,.T.);
#9074 = VERTEX_POINT('',#9075);
#9075 = CARTESIAN_POINT('',(3.,-3.2,-1.387778780781E-17));
#9076 = LINE('',#9077,#9078);
#9077 = CARTESIAN_POINT('',(3.,-3.,0.2));
#9078 = VECTOR('',#9079,1.);
#9079 = DIRECTION('',(0.,-0.707106781187,-0.707106781187));
#9080 = ORIENTED_EDGE('',*,*,#9081,.T.);
#9081 = EDGE_CURVE('',#9074,#9082,#9084,.T.);
#9082 = VERTEX_POINT('',#9083);
#9083 = CARTESIAN_POINT('',(3.,-4.8,0.));
#9084 = LINE('',#9085,#9086);
#9085 = CARTESIAN_POINT('',(3.,-3.2,0.));
#9086 = VECTOR('',#9087,1.);
#9087 = DIRECTION('',(0.,-1.,0.));
#9088 = ORIENTED_EDGE('',*,*,#9089,.T.);
#9089 = EDGE_CURVE('',#9082,#9090,#9092,.T.);
#9090 = VERTEX_POINT('',#9091);
#9091 = CARTESIAN_POINT('',(3.,-5.,0.2));
#9092 = LINE('',#9093,#9094);
#9093 = CARTESIAN_POINT('',(3.,-4.8,0.));
#9094 = VECTOR('',#9095,1.);
#9095 = DIRECTION('',(0.,-0.707106781187,0.707106781187));
#9096 = ORIENTED_EDGE('',*,*,#9097,.T.);
#9097 = EDGE_CURVE('',#9090,#9098,#9100,.T.);
#9098 = VERTEX_POINT('',#9099);
#9099 = CARTESIAN_POINT('',(3.,-5.2,-1.387778780781E-17));
#9100 = LINE('',#9101,#9102);
#9101 = CARTESIAN_POINT('',(3.,-5.,0.2));
#9102 = VECTOR('',#9103,1.);
#9103 = DIRECTION('',(0.,-0.707106781187,-0.707106781187));
#9104 = ORIENTED_EDGE('',*,*,#9105,.T.);
#9105 = EDGE_CURVE('',#9098,#9106,#9108,.T.);
#9106 = VERTEX_POINT('',#9107);
#9107 = CARTESIAN_POINT('',(3.,-6.8,0.));
#9108 = LINE('',#9109,#9110);
#9109 = CARTESIAN_POINT('',(3.,-5.2,0.));
#9110 = VECTOR('',#9111,1.);
#9111 = DIRECTION('',(0.,-1.,0.));
#9112 = ORIENTED_EDGE('',*,*,#9113,.T.);
#9113 = EDGE_CURVE('',#9106,#9114,#9116,.T.);
#9114 = VERTEX_POINT('',#9115);
#9115 = CARTESIAN_POINT('',(3.,-7.,0.2));
#9116 = LINE('',#9117,#9118);
#9117 = CARTESIAN_POINT('',(3.,-6.8,0.));
#9118 = VECTOR('',#9119,1.);
#9119 = DIRECTION('',(0.,-0.707106781187,0.707106781187));
#9120 = ORIENTED_EDGE('',*,*,#9121,.T.);
#9121 = EDGE_CURVE('',#9114,#9122,#9124,.T.);
#9122 = VERTEX_POINT('',#9123);
#9123 = CARTESIAN_POINT('',(3.,-7.,1.8));
#9124 = LINE('',#9125,#9126);
#9125 = CARTESIAN_POINT('',(3.,-7.,0.2));
#9126 = VECTOR('',#9127,1.);
#9127 = DIRECTION('',(0.,0.,1.));
#9128 = ORIENTED_EDGE('',*,*,#9129,.T.);
#9129 = EDGE_CURVE('',#9122,#9130,#9132,.T.);
#9130 = VERTEX_POINT('',#9131);
#9131 = CARTESIAN_POINT('',(3.,-6.8,2.));
#9132 = LINE('',#9133,#9134);
#9133 = CARTESIAN_POINT('',(3.,-7.,1.8));
#9134 = VECTOR('',#9135,1.);
#9135 = DIRECTION('',(0.,0.707106781187,0.707106781187));
#9136 = ORIENTED_EDGE('',*,*,#9137,.T.);
#9137 = EDGE_CURVE('',#9130,#9138,#9140,.T.);
#9138 = VERTEX_POINT('',#9139);
#9139 = CARTESIAN_POINT('',(3.,-5.2,2.));
#9140 = LINE('',#9141,#9142);
#9141 = CARTESIAN_POINT('',(3.,-6.8,2.));
#9142 = VECTOR('',#9143,1.);
#9143 = DIRECTION('',(0.,1.,0.));
#9144 = ORIENTED_EDGE('',*,*,#9145,.T.);
#9145 = EDGE_CURVE('',#9138,#9146,#9148,.T.);
#9146 = VERTEX_POINT('',#9147);
#9147 = CARTESIAN_POINT('',(3.,-5.,1.8));
#9148 = LINE('',#9149,#9150);
#9149 = CARTESIAN_POINT('',(3.,-5.2,2.));
#9150 = VECTOR('',#9151,1.);
#9151 = DIRECTION('',(0.,0.707106781187,-0.707106781187));
#9152 = ORIENTED_EDGE('',*,*,#9153,.T.);
#9153 = EDGE_CURVE('',#9146,#9154,#9156,.T.);
#9154 = VERTEX_POINT('',#9155);
#9155 = CARTESIAN_POINT('',(3.,-4.8,2.));
#9156 = LINE('',#9157,#9158);
#9157 = CARTESIAN_POINT('',(3.,-5.,1.8));
#9158 = VECTOR('',#9159,1.);
#9159 = DIRECTION('',(0.,0.707106781187,0.707106781187));
#9160 = ORIENTED_EDGE('',*,*,#9161,.T.);
#9161 = EDGE_CURVE('',#9154,#9162,#9164,.T.);
#9162 = VERTEX_POINT('',#9163);
#9163 = CARTESIAN_POINT('',(3.,-3.2,2.));
#9164 = LINE('',#9165,#9166);
#9165 = CARTESIAN_POINT('',(3.,-4.8,2.));
#9166 = VECTOR('',#9167,1.);
#9167 = DIRECTION('',(0.,1.,0.));
#9168 = ORIENTED_EDGE('',*,*,#9169,.T.);
#9169 = EDGE_CURVE('',#9162,#9170,#9172,.T.);
#9170 = VERTEX_POINT('',#9171);
#9171 = CARTESIAN_POINT('',(3.,-3.,1.8));
#9172 = LINE('',#9173,#9174);
#9173 = CARTESIAN_POINT('',(3.,-3.2,2.));
#9174 = VECTOR('',#9175,1.);
#9175 = DIRECTION('',(0.,0.707106781187,-0.707106781187));
#9176 = ORIENTED_EDGE('',*,*,#9177,.T.);
#9177 = EDGE_CURVE('',#9170,#9178,#9180,.T.);
#9178 = VERTEX_POINT('',#9179);
#9179 = CARTESIAN_POINT('',(3.,-2.8,2.));
#9180 = LINE('',#9181,#9182);
#9181 = CARTESIAN_POINT('',(3.,-3.,1.8));
#9182 = VECTOR('',#9183,1.);
#9183 = DIRECTION('',(0.,0.707106781187,0.707106781187));
#9184 = ORIENTED_EDGE('',*,*,#9185,.T.);
#9185 = EDGE_CURVE('',#9178,#9186,#9188,.T.);
#9186 = VERTEX_POINT('',#9187);
#9187 = CARTESIAN_POINT('',(3.,-1.2,2.));
#9188 = LINE('',#9189,#9190);
#9189 = CARTESIAN_POINT('',(3.,-2.8,2.));
#9190 = VECTOR('',#9191,1.);
#9191 = DIRECTION('',(0.,1.,0.));
#9192 = ORIENTED_EDGE('',*,*,#9193,.T.);
#9193 = EDGE_CURVE('',#9186,#9194,#9196,.T.);
#9194 = VERTEX_POINT('',#9195);
#9195 = CARTESIAN_POINT('',(3.,-1.,1.8));
#9196 = LINE('',#9197,#9198);
#9197 = CARTESIAN_POINT('',(3.,-1.2,2.));
#9198 = VECTOR('',#9199,1.);
#9199 = DIRECTION('',(0.,0.707106781187,-0.707106781187));
#9200 = ORIENTED_EDGE('',*,*,#9201,.T.);
#9201 = EDGE_CURVE('',#9194,#9202,#9204,.T.);
#9202 = VERTEX_POINT('',#9203);
#9203 = CARTESIAN_POINT('',(3.,-0.8,2.));
#9204 = LINE('',#9205,#9206);
#9205 = CARTESIAN_POINT('',(3.,-1.,1.8));
#9206 = VECTOR('',#9207,1.);
#9207 = DIRECTION('',(0.,0.707106781187,0.707106781187));
#9208 = ORIENTED_EDGE('',*,*,#9209,.T.);
#9209 = EDGE_CURVE('',#9202,#9210,#9212,.T.);
#9210 = VERTEX_POINT('',#9211);
#9211 = CARTESIAN_POINT('',(3.,0.8,2.));
#9212 = LINE('',#9213,#9214);
#9213 = CARTESIAN_POINT('',(3.,-0.8,2.));
#9214 = VECTOR('',#9215,1.);
#9215 = DIRECTION('',(0.,1.,0.));
#9216 = ORIENTED_EDGE('',*,*,#9217,.T.);
#9217 = EDGE_CURVE('',#9210,#8651,#9218,.T.);
#9218 = LINE('',#9219,#9220);
#9219 = CARTESIAN_POINT('',(3.,0.8,2.));
#9220 = VECTOR('',#9221,1.);
#9221 = DIRECTION('',(0.,0.707106781187,-0.707106781187));
#9222 = ORIENTED_EDGE('',*,*,#8658,.T.);
#9223 = FACE_BOUND('',#9224,.F.);
#9224 = EDGE_LOOP('',(#9225,#9235,#9243,#9251));
#9225 = ORIENTED_EDGE('',*,*,#9226,.F.);
#9226 = EDGE_CURVE('',#9227,#9229,#9231,.T.);
#9227 = VERTEX_POINT('',#9228);
#9228 = CARTESIAN_POINT('',(3.,-3.75,1.25));
#9229 = VERTEX_POINT('',#9230);
#9230 = CARTESIAN_POINT('',(3.,-3.75,0.75));
#9231 = LINE('',#9232,#9233);
#9232 = CARTESIAN_POINT('',(3.,-3.75,0.705574324324));
#9233 = VECTOR('',#9234,1.);
#9234 = DIRECTION('',(-3.4004647205E-32,0.,-1.));
#9235 = ORIENTED_EDGE('',*,*,#9236,.F.);
#9236 = EDGE_CURVE('',#9237,#9227,#9239,.T.);
#9237 = VERTEX_POINT('',#9238);
#9238 = CARTESIAN_POINT('',(3.,-4.25,1.25));
#9239 = LINE('',#9240,#9241);
#9240 = CARTESIAN_POINT('',(3.,-3.375,1.25));
#9241 = VECTOR('',#9242,1.);
#9242 = DIRECTION('',(5.479286878381E-32,1.,0.));
#9243 = ORIENTED_EDGE('',*,*,#9244,.T.);
#9244 = EDGE_CURVE('',#9237,#9245,#9247,.T.);
#9245 = VERTEX_POINT('',#9246);
#9246 = CARTESIAN_POINT('',(3.,-4.25,0.75));
#9247 = LINE('',#9248,#9249);
#9248 = CARTESIAN_POINT('',(3.,-4.25,0.705574324324));
#9249 = VECTOR('',#9250,1.);
#9250 = DIRECTION('',(-3.4004647205E-32,0.,-1.));
#9251 = ORIENTED_EDGE('',*,*,#9252,.F.);
#9252 = EDGE_CURVE('',#9229,#9245,#9253,.T.);
#9253 = LINE('',#9254,#9255);
#9254 = CARTESIAN_POINT('',(3.,-3.375,0.75));
#9255 = VECTOR('',#9256,1.);
#9256 = DIRECTION('',(-5.479286878381E-32,-1.,0.));
#9257 = FACE_BOUND('',#9258,.F.);
#9258 = EDGE_LOOP('',(#9259,#9269,#9277,#9285));
#9259 = ORIENTED_EDGE('',*,*,#9260,.F.);
#9260 = EDGE_CURVE('',#9261,#9263,#9265,.T.);
#9261 = VERTEX_POINT('',#9262);
#9262 = CARTESIAN_POINT('',(3.,-2.25,1.25));
#9263 = VERTEX_POINT('',#9264);
#9264 = CARTESIAN_POINT('',(3.,-1.75,1.25));
#9265 = LINE('',#9266,#9267);
#9266 = CARTESIAN_POINT('',(3.,-2.375,1.25));
#9267 = VECTOR('',#9268,1.);
#9268 = DIRECTION('',(5.479286878381E-32,1.,0.));
#9269 = ORIENTED_EDGE('',*,*,#9270,.T.);
#9270 = EDGE_CURVE('',#9261,#9271,#9273,.T.);
#9271 = VERTEX_POINT('',#9272);
#9272 = CARTESIAN_POINT('',(3.,-2.25,0.75));
#9273 = LINE('',#9274,#9275);
#9274 = CARTESIAN_POINT('',(3.,-2.25,0.705574324324));
#9275 = VECTOR('',#9276,1.);
#9276 = DIRECTION('',(-3.4004647205E-32,0.,-1.));
#9277 = ORIENTED_EDGE('',*,*,#9278,.F.);
#9278 = EDGE_CURVE('',#9279,#9271,#9281,.T.);
#9279 = VERTEX_POINT('',#9280);
#9280 = CARTESIAN_POINT('',(3.,-1.75,0.75));
#9281 = LINE('',#9282,#9283);
#9282 = CARTESIAN_POINT('',(3.,-2.375,0.75));
#9283 = VECTOR('',#9284,1.);
#9284 = DIRECTION('',(-5.479286878381E-32,-1.,0.));
#9285 = ORIENTED_EDGE('',*,*,#9286,.F.);
#9286 = EDGE_CURVE('',#9263,#9279,#9287,.T.);
#9287 = LINE('',#9288,#9289);
#9288 = CARTESIAN_POINT('',(3.,-1.75,0.705574324324));
#9289 = VECTOR('',#9290,1.);
#9290 = DIRECTION('',(-3.4004647205E-32,0.,-1.));
#9291 = FACE_BOUND('',#9292,.F.);
#9292 = EDGE_LOOP('',(#9293,#9303,#9311,#9319));
#9293 = ORIENTED_EDGE('',*,*,#9294,.F.);
#9294 = EDGE_CURVE('',#9295,#9297,#9299,.T.);
#9295 = VERTEX_POINT('',#9296);
#9296 = CARTESIAN_POINT('',(3.,-0.25,1.25));
#9297 = VERTEX_POINT('',#9298);
#9298 = CARTESIAN_POINT('',(3.,0.25,1.25));
#9299 = LINE('',#9300,#9301);
#9300 = CARTESIAN_POINT('',(3.,-1.375,1.25));
#9301 = VECTOR('',#9302,1.);
#9302 = DIRECTION('',(5.479286878381E-32,1.,0.));
#9303 = ORIENTED_EDGE('',*,*,#9304,.T.);
#9304 = EDGE_CURVE('',#9295,#9305,#9307,.T.);
#9305 = VERTEX_POINT('',#9306);
#9306 = CARTESIAN_POINT('',(3.,-0.25,0.75));
#9307 = LINE('',#9308,#9309);
#9308 = CARTESIAN_POINT('',(3.,-0.25,0.705574324324));
#9309 = VECTOR('',#9310,1.);
#9310 = DIRECTION('',(-3.4004647205E-32,0.,-1.));
#9311 = ORIENTED_EDGE('',*,*,#9312,.F.);
#9312 = EDGE_CURVE('',#9313,#9305,#9315,.T.);
#9313 = VERTEX_POINT('',#9314);
#9314 = CARTESIAN_POINT('',(3.,0.25,0.75));
#9315 = LINE('',#9316,#9317);
#9316 = CARTESIAN_POINT('',(3.,-1.375,0.75));
#9317 = VECTOR('',#9318,1.);
#9318 = DIRECTION('',(-5.479286878381E-32,-1.,0.));
#9319 = ORIENTED_EDGE('',*,*,#9320,.F.);
#9320 = EDGE_CURVE('',#9297,#9313,#9321,.T.);
#9321 = LINE('',#9322,#9323);
#9322 = CARTESIAN_POINT('',(3.,0.25,0.705574324324));
#9323 = VECTOR('',#9324,1.);
#9324 = DIRECTION('',(-3.4004647205E-32,0.,-1.));
#9325 = FACE_BOUND('',#9326,.F.);
#9326 = EDGE_LOOP('',(#9327,#9337,#9345,#9353));
#9327 = ORIENTED_EDGE('',*,*,#9328,.F.);
#9328 = EDGE_CURVE('',#9329,#9331,#9333,.T.);
#9329 = VERTEX_POINT('',#9330);
#9330 = CARTESIAN_POINT('',(3.,-6.25,1.25));
#9331 = VERTEX_POINT('',#9332);
#9332 = CARTESIAN_POINT('',(3.,-5.75,1.25));
#9333 = LINE('',#9334,#9335);
#9334 = CARTESIAN_POINT('',(3.,-4.375,1.25));
#9335 = VECTOR('',#9336,1.);
#9336 = DIRECTION('',(5.479286878381E-32,1.,0.));
#9337 = ORIENTED_EDGE('',*,*,#9338,.T.);
#9338 = EDGE_CURVE('',#9329,#9339,#9341,.T.);
#9339 = VERTEX_POINT('',#9340);
#9340 = CARTESIAN_POINT('',(3.,-6.25,0.75));
#9341 = LINE('',#9342,#9343);
#9342 = CARTESIAN_POINT('',(3.,-6.25,0.705574324324));
#9343 = VECTOR('',#9344,1.);
#9344 = DIRECTION('',(-3.4004647205E-32,0.,-1.));
#9345 = ORIENTED_EDGE('',*,*,#9346,.F.);
#9346 = EDGE_CURVE('',#9347,#9339,#9349,.T.);
#9347 = VERTEX_POINT('',#9348);
#9348 = CARTESIAN_POINT('',(3.,-5.75,0.75));
#9349 = LINE('',#9350,#9351);
#9350 = CARTESIAN_POINT('',(3.,-4.375,0.75));
#9351 = VECTOR('',#9352,1.);
#9352 = DIRECTION('',(-5.479286878381E-32,-1.,0.));
#9353 = ORIENTED_EDGE('',*,*,#9354,.F.);
#9354 = EDGE_CURVE('',#9331,#9347,#9355,.T.);
#9355 = LINE('',#9356,#9357);
#9356 = CARTESIAN_POINT('',(3.,-5.75,0.705574324324));
#9357 = VECTOR('',#9358,1.);
#9358 = DIRECTION('',(-3.4004647205E-32,0.,-1.));
#9359 = PLANE('',#9360);
#9360 = AXIS2_PLACEMENT_3D('',#9361,#9362,#9363);
#9361 = CARTESIAN_POINT('',(3.,-3.,1.));
#9362 = DIRECTION('',(-1.,5.479286878381E-32,3.4004647205E-32));
#9363 = DIRECTION('',(-5.479286878381E-32,-1.,0.));
#9364 = ADVANCED_FACE('',(#9365),#9376,.T.);
#9365 = FACE_BOUND('',#9366,.T.);
#9366 = EDGE_LOOP('',(#9367,#9373,#9374,#9375));
#9367 = ORIENTED_EDGE('',*,*,#9368,.T.);
#9368 = EDGE_CURVE('',#8881,#9210,#9369,.T.);
#9369 = LINE('',#9370,#9371);
#9370 = CARTESIAN_POINT('',(1.5,0.8,2.));
#9371 = VECTOR('',#9372,1.);
#9372 = DIRECTION('',(1.,0.,0.));
#9373 = ORIENTED_EDGE('',*,*,#9217,.T.);
#9374 = ORIENTED_EDGE('',*,*,#8648,.F.);
#9375 = ORIENTED_EDGE('',*,*,#8888,.F.);
#9376 = PLANE('',#9377);
#9377 = AXIS2_PLACEMENT_3D('',#9378,#9379,#9380);
#9378 = CARTESIAN_POINT('',(1.5,0.8,2.));
#9379 = DIRECTION('',(0.,0.707106781187,0.707106781187));
#9380 = DIRECTION('',(0.,0.707106781187,-0.707106781187));
#9381 = ADVANCED_FACE('',(#9382),#9393,.T.);
#9382 = FACE_BOUND('',#9383,.T.);
#9383 = EDGE_LOOP('',(#9384,#9385,#9386,#9392));
#9384 = ORIENTED_EDGE('',*,*,#8688,.T.);
#9385 = ORIENTED_EDGE('',*,*,#9041,.T.);
#9386 = ORIENTED_EDGE('',*,*,#9387,.F.);
#9387 = EDGE_CURVE('',#8713,#9042,#9388,.T.);
#9388 = LINE('',#9389,#9390);
#9389 = CARTESIAN_POINT('',(1.5,-1.,0.2));
#9390 = VECTOR('',#9391,1.);
#9391 = DIRECTION('',(1.,0.,0.));
#9392 = ORIENTED_EDGE('',*,*,#8712,.F.);
#9393 = PLANE('',#9394);
#9394 = AXIS2_PLACEMENT_3D('',#9395,#9396,#9397);
#9395 = CARTESIAN_POINT('',(1.5,-0.8,0.));
#9396 = DIRECTION('',(-0.,-0.707106781187,-0.707106781187));
#9397 = DIRECTION('',(0.,-0.707106781187,0.707106781187));
#9398 = ADVANCED_FACE('',(#9399),#9410,.T.);
#9399 = FACE_BOUND('',#9400,.T.);
#9400 = EDGE_LOOP('',(#9401,#9407,#9408,#9409));
#9401 = ORIENTED_EDGE('',*,*,#9402,.T.);
#9402 = EDGE_CURVE('',#8873,#9202,#9403,.T.);
#9403 = LINE('',#9404,#9405);
#9404 = CARTESIAN_POINT('',(1.5,-0.8,2.));
#9405 = VECTOR('',#9406,1.);
#9406 = DIRECTION('',(1.,0.,0.));
#9407 = ORIENTED_EDGE('',*,*,#9209,.T.);
#9408 = ORIENTED_EDGE('',*,*,#9368,.F.);
#9409 = ORIENTED_EDGE('',*,*,#8880,.F.);
#9410 = PLANE('',#9411);
#9411 = AXIS2_PLACEMENT_3D('',#9412,#9413,#9414);
#9412 = CARTESIAN_POINT('',(1.5,-0.8,2.));
#9413 = DIRECTION('',(0.,0.,1.));
#9414 = DIRECTION('',(0.,1.,0.));
#9415 = ADVANCED_FACE('',(#9416),#9427,.T.);
#9416 = FACE_BOUND('',#9417,.T.);
#9417 = EDGE_LOOP('',(#9418,#9419,#9420,#9426));
#9418 = ORIENTED_EDGE('',*,*,#9387,.T.);
#9419 = ORIENTED_EDGE('',*,*,#9049,.T.);
#9420 = ORIENTED_EDGE('',*,*,#9421,.F.);
#9421 = EDGE_CURVE('',#8721,#9050,#9422,.T.);
#9422 = LINE('',#9423,#9424);
#9423 = CARTESIAN_POINT('',(1.5,-1.2,0.));
#9424 = VECTOR('',#9425,1.);
#9425 = DIRECTION('',(1.,0.,0.));
#9426 = ORIENTED_EDGE('',*,*,#8720,.F.);
#9427 = PLANE('',#9428);
#9428 = AXIS2_PLACEMENT_3D('',#9429,#9430,#9431);
#9429 = CARTESIAN_POINT('',(1.5,-1.,0.2));
#9430 = DIRECTION('',(0.,0.707106781187,-0.707106781187));
#9431 = DIRECTION('',(0.,-0.707106781187,-0.707106781187));
#9432 = ADVANCED_FACE('',(#9433),#9444,.T.);
#9433 = FACE_BOUND('',#9434,.T.);
#9434 = EDGE_LOOP('',(#9435,#9441,#9442,#9443));
#9435 = ORIENTED_EDGE('',*,*,#9436,.T.);
#9436 = EDGE_CURVE('',#8865,#9194,#9437,.T.);
#9437 = LINE('',#9438,#9439);
#9438 = CARTESIAN_POINT('',(1.5,-1.,1.8));
#9439 = VECTOR('',#9440,1.);
#9440 = DIRECTION('',(1.,0.,0.));
#9441 = ORIENTED_EDGE('',*,*,#9201,.T.);
#9442 = ORIENTED_EDGE('',*,*,#9402,.F.);
#9443 = ORIENTED_EDGE('',*,*,#8872,.F.);
#9444 = PLANE('',#9445);
#9445 = AXIS2_PLACEMENT_3D('',#9446,#9447,#9448);
#9446 = CARTESIAN_POINT('',(1.5,-1.,1.8));
#9447 = DIRECTION('',(0.,-0.707106781187,0.707106781187));
#9448 = DIRECTION('',(0.,0.707106781187,0.707106781187));
#9449 = ADVANCED_FACE('',(#9450),#9461,.T.);
#9450 = FACE_BOUND('',#9451,.T.);
#9451 = EDGE_LOOP('',(#9452,#9453,#9454,#9460));
#9452 = ORIENTED_EDGE('',*,*,#9421,.T.);
#9453 = ORIENTED_EDGE('',*,*,#9057,.T.);
#9454 = ORIENTED_EDGE('',*,*,#9455,.F.);
#9455 = EDGE_CURVE('',#8729,#9058,#9456,.T.);
#9456 = LINE('',#9457,#9458);
#9457 = CARTESIAN_POINT('',(1.5,-2.8,0.));
#9458 = VECTOR('',#9459,1.);
#9459 = DIRECTION('',(1.,0.,0.));
#9460 = ORIENTED_EDGE('',*,*,#8728,.F.);
#9461 = PLANE('',#9462);
#9462 = AXIS2_PLACEMENT_3D('',#9463,#9464,#9465);
#9463 = CARTESIAN_POINT('',(1.5,-1.2,0.));
#9464 = DIRECTION('',(-0.,-0.,-1.));
#9465 = DIRECTION('',(0.,-1.,0.));
#9466 = ADVANCED_FACE('',(#9467),#9478,.T.);
#9467 = FACE_BOUND('',#9468,.T.);
#9468 = EDGE_LOOP('',(#9469,#9475,#9476,#9477));
#9469 = ORIENTED_EDGE('',*,*,#9470,.T.);
#9470 = EDGE_CURVE('',#8857,#9186,#9471,.T.);
#9471 = LINE('',#9472,#9473);
#9472 = CARTESIAN_POINT('',(1.5,-1.2,2.));
#9473 = VECTOR('',#9474,1.);
#9474 = DIRECTION('',(1.,0.,0.));
#9475 = ORIENTED_EDGE('',*,*,#9193,.T.);
#9476 = ORIENTED_EDGE('',*,*,#9436,.F.);
#9477 = ORIENTED_EDGE('',*,*,#8864,.F.);
#9478 = PLANE('',#9479);
#9479 = AXIS2_PLACEMENT_3D('',#9480,#9481,#9482);
#9480 = CARTESIAN_POINT('',(1.5,-1.2,2.));
#9481 = DIRECTION('',(0.,0.707106781187,0.707106781187));
#9482 = DIRECTION('',(0.,0.707106781187,-0.707106781187));
#9483 = ADVANCED_FACE('',(#9484),#9495,.T.);
#9484 = FACE_BOUND('',#9485,.T.);
#9485 = EDGE_LOOP('',(#9486,#9487,#9488,#9494));
#9486 = ORIENTED_EDGE('',*,*,#9455,.T.);
#9487 = ORIENTED_EDGE('',*,*,#9065,.T.);
#9488 = ORIENTED_EDGE('',*,*,#9489,.F.);
#9489 = EDGE_CURVE('',#8737,#9066,#9490,.T.);
#9490 = LINE('',#9491,#9492);
#9491 = CARTESIAN_POINT('',(1.5,-3.,0.2));
#9492 = VECTOR('',#9493,1.);
#9493 = DIRECTION('',(1.,0.,0.));
#9494 = ORIENTED_EDGE('',*,*,#8736,.F.);
#9495 = PLANE('',#9496);
#9496 = AXIS2_PLACEMENT_3D('',#9497,#9498,#9499);
#9497 = CARTESIAN_POINT('',(1.5,-2.8,0.));
#9498 = DIRECTION('',(-0.,-0.707106781187,-0.707106781187));
#9499 = DIRECTION('',(0.,-0.707106781187,0.707106781187));
#9500 = ADVANCED_FACE('',(#9501),#9512,.T.);
#9501 = FACE_BOUND('',#9502,.T.);
#9502 = EDGE_LOOP('',(#9503,#9509,#9510,#9511));
#9503 = ORIENTED_EDGE('',*,*,#9504,.T.);
#9504 = EDGE_CURVE('',#8849,#9178,#9505,.T.);
#9505 = LINE('',#9506,#9507);
#9506 = CARTESIAN_POINT('',(1.5,-2.8,2.));
#9507 = VECTOR('',#9508,1.);
#9508 = DIRECTION('',(1.,0.,0.));
#9509 = ORIENTED_EDGE('',*,*,#9185,.T.);
#9510 = ORIENTED_EDGE('',*,*,#9470,.F.);
#9511 = ORIENTED_EDGE('',*,*,#8856,.F.);
#9512 = PLANE('',#9513);
#9513 = AXIS2_PLACEMENT_3D('',#9514,#9515,#9516);
#9514 = CARTESIAN_POINT('',(1.5,-2.8,2.));
#9515 = DIRECTION('',(0.,0.,1.));
#9516 = DIRECTION('',(0.,1.,0.));
#9517 = ADVANCED_FACE('',(#9518),#9529,.T.);
#9518 = FACE_BOUND('',#9519,.T.);
#9519 = EDGE_LOOP('',(#9520,#9521,#9522,#9528));
#9520 = ORIENTED_EDGE('',*,*,#9489,.T.);
#9521 = ORIENTED_EDGE('',*,*,#9073,.T.);
#9522 = ORIENTED_EDGE('',*,*,#9523,.F.);
#9523 = EDGE_CURVE('',#8745,#9074,#9524,.T.);
#9524 = LINE('',#9525,#9526);
#9525 = CARTESIAN_POINT('',(1.5,-3.2,-1.387778780781E-17));
#9526 = VECTOR('',#9527,1.);
#9527 = DIRECTION('',(1.,0.,0.));
#9528 = ORIENTED_EDGE('',*,*,#8744,.F.);
#9529 = PLANE('',#9530);
#9530 = AXIS2_PLACEMENT_3D('',#9531,#9532,#9533);
#9531 = CARTESIAN_POINT('',(1.5,-3.,0.2));
#9532 = DIRECTION('',(0.,0.707106781187,-0.707106781187));
#9533 = DIRECTION('',(0.,-0.707106781187,-0.707106781187));
#9534 = ADVANCED_FACE('',(#9535),#9546,.T.);
#9535 = FACE_BOUND('',#9536,.T.);
#9536 = EDGE_LOOP('',(#9537,#9543,#9544,#9545));
#9537 = ORIENTED_EDGE('',*,*,#9538,.T.);
#9538 = EDGE_CURVE('',#8841,#9170,#9539,.T.);
#9539 = LINE('',#9540,#9541);
#9540 = CARTESIAN_POINT('',(1.5,-3.,1.8));
#9541 = VECTOR('',#9542,1.);
#9542 = DIRECTION('',(1.,0.,0.));
#9543 = ORIENTED_EDGE('',*,*,#9177,.T.);
#9544 = ORIENTED_EDGE('',*,*,#9504,.F.);
#9545 = ORIENTED_EDGE('',*,*,#8848,.F.);
#9546 = PLANE('',#9547);
#9547 = AXIS2_PLACEMENT_3D('',#9548,#9549,#9550);
#9548 = CARTESIAN_POINT('',(1.5,-3.,1.8));
#9549 = DIRECTION('',(0.,-0.707106781187,0.707106781187));
#9550 = DIRECTION('',(0.,0.707106781187,0.707106781187));
#9551 = ADVANCED_FACE('',(#9552),#9563,.T.);
#9552 = FACE_BOUND('',#9553,.T.);
#9553 = EDGE_LOOP('',(#9554,#9555,#9556,#9562));
#9554 = ORIENTED_EDGE('',*,*,#9523,.T.);
#9555 = ORIENTED_EDGE('',*,*,#9081,.T.);
#9556 = ORIENTED_EDGE('',*,*,#9557,.F.);
#9557 = EDGE_CURVE('',#8753,#9082,#9558,.T.);
#9558 = LINE('',#9559,#9560);
#9559 = CARTESIAN_POINT('',(1.5,-4.8,0.));
#9560 = VECTOR('',#9561,1.);
#9561 = DIRECTION('',(1.,0.,0.));
#9562 = ORIENTED_EDGE('',*,*,#8752,.F.);
#9563 = PLANE('',#9564);
#9564 = AXIS2_PLACEMENT_3D('',#9565,#9566,#9567);
#9565 = CARTESIAN_POINT('',(1.5,-3.2,0.));
#9566 = DIRECTION('',(-0.,-0.,-1.));
#9567 = DIRECTION('',(0.,-1.,0.));
#9568 = ADVANCED_FACE('',(#9569),#9580,.T.);
#9569 = FACE_BOUND('',#9570,.T.);
#9570 = EDGE_LOOP('',(#9571,#9577,#9578,#9579));
#9571 = ORIENTED_EDGE('',*,*,#9572,.T.);
#9572 = EDGE_CURVE('',#8833,#9162,#9573,.T.);
#9573 = LINE('',#9574,#9575);
#9574 = CARTESIAN_POINT('',(1.5,-3.2,2.));
#9575 = VECTOR('',#9576,1.);
#9576 = DIRECTION('',(1.,0.,0.));
#9577 = ORIENTED_EDGE('',*,*,#9169,.T.);
#9578 = ORIENTED_EDGE('',*,*,#9538,.F.);
#9579 = ORIENTED_EDGE('',*,*,#8840,.F.);
#9580 = PLANE('',#9581);
#9581 = AXIS2_PLACEMENT_3D('',#9582,#9583,#9584);
#9582 = CARTESIAN_POINT('',(1.5,-3.2,2.));
#9583 = DIRECTION('',(0.,0.707106781187,0.707106781187));
#9584 = DIRECTION('',(0.,0.707106781187,-0.707106781187));
#9585 = ADVANCED_FACE('',(#9586),#9597,.T.);
#9586 = FACE_BOUND('',#9587,.T.);
#9587 = EDGE_LOOP('',(#9588,#9589,#9590,#9596));
#9588 = ORIENTED_EDGE('',*,*,#9557,.T.);
#9589 = ORIENTED_EDGE('',*,*,#9089,.T.);
#9590 = ORIENTED_EDGE('',*,*,#9591,.F.);
#9591 = EDGE_CURVE('',#8761,#9090,#9592,.T.);
#9592 = LINE('',#9593,#9594);
#9593 = CARTESIAN_POINT('',(1.5,-5.,0.2));
#9594 = VECTOR('',#9595,1.);
#9595 = DIRECTION('',(1.,0.,0.));
#9596 = ORIENTED_EDGE('',*,*,#8760,.F.);
#9597 = PLANE('',#9598);
#9598 = AXIS2_PLACEMENT_3D('',#9599,#9600,#9601);
#9599 = CARTESIAN_POINT('',(1.5,-4.8,0.));
#9600 = DIRECTION('',(-0.,-0.707106781187,-0.707106781187));
#9601 = DIRECTION('',(0.,-0.707106781187,0.707106781187));
#9602 = ADVANCED_FACE('',(#9603),#9614,.T.);
#9603 = FACE_BOUND('',#9604,.T.);
#9604 = EDGE_LOOP('',(#9605,#9611,#9612,#9613));
#9605 = ORIENTED_EDGE('',*,*,#9606,.T.);
#9606 = EDGE_CURVE('',#8825,#9154,#9607,.T.);
#9607 = LINE('',#9608,#9609);
#9608 = CARTESIAN_POINT('',(1.5,-4.8,2.));
#9609 = VECTOR('',#9610,1.);
#9610 = DIRECTION('',(1.,0.,0.));
#9611 = ORIENTED_EDGE('',*,*,#9161,.T.);
#9612 = ORIENTED_EDGE('',*,*,#9572,.F.);
#9613 = ORIENTED_EDGE('',*,*,#8832,.F.);
#9614 = PLANE('',#9615);
#9615 = AXIS2_PLACEMENT_3D('',#9616,#9617,#9618);
#9616 = CARTESIAN_POINT('',(1.5,-4.8,2.));
#9617 = DIRECTION('',(0.,0.,1.));
#9618 = DIRECTION('',(0.,1.,0.));
#9619 = ADVANCED_FACE('',(#9620),#9631,.T.);
#9620 = FACE_BOUND('',#9621,.T.);
#9621 = EDGE_LOOP('',(#9622,#9623,#9624,#9630));
#9622 = ORIENTED_EDGE('',*,*,#9591,.T.);
#9623 = ORIENTED_EDGE('',*,*,#9097,.T.);
#9624 = ORIENTED_EDGE('',*,*,#9625,.F.);
#9625 = EDGE_CURVE('',#8769,#9098,#9626,.T.);
#9626 = LINE('',#9627,#9628);
#9627 = CARTESIAN_POINT('',(1.5,-5.2,-1.387778780781E-17));
#9628 = VECTOR('',#9629,1.);
#9629 = DIRECTION('',(1.,0.,0.));
#9630 = ORIENTED_EDGE('',*,*,#8768,.F.);
#9631 = PLANE('',#9632);
#9632 = AXIS2_PLACEMENT_3D('',#9633,#9634,#9635);
#9633 = CARTESIAN_POINT('',(1.5,-5.,0.2));
#9634 = DIRECTION('',(0.,0.707106781187,-0.707106781187));
#9635 = DIRECTION('',(0.,-0.707106781187,-0.707106781187));
#9636 = ADVANCED_FACE('',(#9637),#9648,.T.);
#9637 = FACE_BOUND('',#9638,.T.);
#9638 = EDGE_LOOP('',(#9639,#9645,#9646,#9647));
#9639 = ORIENTED_EDGE('',*,*,#9640,.T.);
#9640 = EDGE_CURVE('',#8817,#9146,#9641,.T.);
#9641 = LINE('',#9642,#9643);
#9642 = CARTESIAN_POINT('',(1.5,-5.,1.8));
#9643 = VECTOR('',#9644,1.);
#9644 = DIRECTION('',(1.,0.,0.));
#9645 = ORIENTED_EDGE('',*,*,#9153,.T.);
#9646 = ORIENTED_EDGE('',*,*,#9606,.F.);
#9647 = ORIENTED_EDGE('',*,*,#8824,.F.);
#9648 = PLANE('',#9649);
#9649 = AXIS2_PLACEMENT_3D('',#9650,#9651,#9652);
#9650 = CARTESIAN_POINT('',(1.5,-5.,1.8));
#9651 = DIRECTION('',(0.,-0.707106781187,0.707106781187));
#9652 = DIRECTION('',(0.,0.707106781187,0.707106781187));
#9653 = ADVANCED_FACE('',(#9654),#9665,.T.);
#9654 = FACE_BOUND('',#9655,.T.);
#9655 = EDGE_LOOP('',(#9656,#9657,#9658,#9664));
#9656 = ORIENTED_EDGE('',*,*,#9625,.T.);
#9657 = ORIENTED_EDGE('',*,*,#9105,.T.);
#9658 = ORIENTED_EDGE('',*,*,#9659,.F.);
#9659 = EDGE_CURVE('',#8777,#9106,#9660,.T.);
#9660 = LINE('',#9661,#9662);
#9661 = CARTESIAN_POINT('',(1.5,-6.8,0.));
#9662 = VECTOR('',#9663,1.);
#9663 = DIRECTION('',(1.,0.,0.));
#9664 = ORIENTED_EDGE('',*,*,#8776,.F.);
#9665 = PLANE('',#9666);
#9666 = AXIS2_PLACEMENT_3D('',#9667,#9668,#9669);
#9667 = CARTESIAN_POINT('',(1.5,-5.2,0.));
#9668 = DIRECTION('',(-0.,-0.,-1.));
#9669 = DIRECTION('',(0.,-1.,0.));
#9670 = ADVANCED_FACE('',(#9671),#9682,.T.);
#9671 = FACE_BOUND('',#9672,.T.);
#9672 = EDGE_LOOP('',(#9673,#9679,#9680,#9681));
#9673 = ORIENTED_EDGE('',*,*,#9674,.T.);
#9674 = EDGE_CURVE('',#8809,#9138,#9675,.T.);
#9675 = LINE('',#9676,#9677);
#9676 = CARTESIAN_POINT('',(1.5,-5.2,2.));
#9677 = VECTOR('',#9678,1.);
#9678 = DIRECTION('',(1.,0.,0.));
#9679 = ORIENTED_EDGE('',*,*,#9145,.T.);
#9680 = ORIENTED_EDGE('',*,*,#9640,.F.);
#9681 = ORIENTED_EDGE('',*,*,#8816,.F.);
#9682 = PLANE('',#9683);
#9683 = AXIS2_PLACEMENT_3D('',#9684,#9685,#9686);
#9684 = CARTESIAN_POINT('',(1.5,-5.2,2.));
#9685 = DIRECTION('',(0.,0.707106781187,0.707106781187));
#9686 = DIRECTION('',(0.,0.707106781187,-0.707106781187));
#9687 = ADVANCED_FACE('',(#9688),#9699,.T.);
#9688 = FACE_BOUND('',#9689,.T.);
#9689 = EDGE_LOOP('',(#9690,#9691,#9692,#9698));
#9690 = ORIENTED_EDGE('',*,*,#9659,.T.);
#9691 = ORIENTED_EDGE('',*,*,#9113,.T.);
#9692 = ORIENTED_EDGE('',*,*,#9693,.F.);
#9693 = EDGE_CURVE('',#8785,#9114,#9694,.T.);
#9694 = LINE('',#9695,#9696);
#9695 = CARTESIAN_POINT('',(1.5,-7.,0.2));
#9696 = VECTOR('',#9697,1.);
#9697 = DIRECTION('',(1.,0.,0.));
#9698 = ORIENTED_EDGE('',*,*,#8784,.F.);
#9699 = PLANE('',#9700);
#9700 = AXIS2_PLACEMENT_3D('',#9701,#9702,#9703);
#9701 = CARTESIAN_POINT('',(1.5,-6.8,0.));
#9702 = DIRECTION('',(-0.,-0.707106781187,-0.707106781187));
#9703 = DIRECTION('',(0.,-0.707106781187,0.707106781187));
#9704 = ADVANCED_FACE('',(#9705),#9716,.T.);
#9705 = FACE_BOUND('',#9706,.T.);
#9706 = EDGE_LOOP('',(#9707,#9713,#9714,#9715));
#9707 = ORIENTED_EDGE('',*,*,#9708,.T.);
#9708 = EDGE_CURVE('',#8801,#9130,#9709,.T.);
#9709 = LINE('',#9710,#9711);
#9710 = CARTESIAN_POINT('',(1.5,-6.8,2.));
#9711 = VECTOR('',#9712,1.);
#9712 = DIRECTION('',(1.,0.,0.));
#9713 = ORIENTED_EDGE('',*,*,#9137,.T.);
#9714 = ORIENTED_EDGE('',*,*,#9674,.F.);
#9715 = ORIENTED_EDGE('',*,*,#8808,.F.);
#9716 = PLANE('',#9717);
#9717 = AXIS2_PLACEMENT_3D('',#9718,#9719,#9720);
#9718 = CARTESIAN_POINT('',(1.5,-6.8,2.));
#9719 = DIRECTION('',(0.,0.,1.));
#9720 = DIRECTION('',(0.,1.,0.));
#9721 = ADVANCED_FACE('',(#9722),#9733,.T.);
#9722 = FACE_BOUND('',#9723,.T.);
#9723 = EDGE_LOOP('',(#9724,#9725,#9726,#9732));
#9724 = ORIENTED_EDGE('',*,*,#9693,.T.);
#9725 = ORIENTED_EDGE('',*,*,#9121,.T.);
#9726 = ORIENTED_EDGE('',*,*,#9727,.F.);
#9727 = EDGE_CURVE('',#8793,#9122,#9728,.T.);
#9728 = LINE('',#9729,#9730);
#9729 = CARTESIAN_POINT('',(1.5,-7.,1.8));
#9730 = VECTOR('',#9731,1.);
#9731 = DIRECTION('',(1.,0.,0.));
#9732 = ORIENTED_EDGE('',*,*,#8792,.F.);
#9733 = PLANE('',#9734);
#9734 = AXIS2_PLACEMENT_3D('',#9735,#9736,#9737);
#9735 = CARTESIAN_POINT('',(1.5,-7.,0.2));
#9736 = DIRECTION('',(0.,-1.,0.));
#9737 = DIRECTION('',(0.,0.,1.));
#9738 = ADVANCED_FACE('',(#9739),#9745,.T.);
#9739 = FACE_BOUND('',#9740,.T.);
#9740 = EDGE_LOOP('',(#9741,#9742,#9743,#9744));
#9741 = ORIENTED_EDGE('',*,*,#9727,.T.);
#9742 = ORIENTED_EDGE('',*,*,#9129,.T.);
#9743 = ORIENTED_EDGE('',*,*,#9708,.F.);
#9744 = ORIENTED_EDGE('',*,*,#8800,.F.);
#9745 = PLANE('',#9746);
#9746 = AXIS2_PLACEMENT_3D('',#9747,#9748,#9749);
#9747 = CARTESIAN_POINT('',(1.5,-7.,1.8));
#9748 = DIRECTION('',(0.,-0.707106781187,0.707106781187));
#9749 = DIRECTION('',(0.,0.707106781187,0.707106781187));
#9750 = ADVANCED_FACE('',(#9751),#9801,.T.);
#9751 = FACE_BOUND('',#9752,.T.);
#9752 = EDGE_LOOP('',(#9753,#9764,#9770,#9771,#9779,#9787,#9795));
#9753 = ORIENTED_EDGE('',*,*,#9754,.T.);
#9754 = EDGE_CURVE('',#9755,#9757,#9759,.T.);
#9755 = VERTEX_POINT('',#9756);
#9756 = CARTESIAN_POINT('',(-0.25,-3.75,0.75));
#9757 = VERTEX_POINT('',#9758);
#9758 = CARTESIAN_POINT('',(0.25,-3.75,1.25));
#9759 = CIRCLE('',#9760,0.5);
#9760 = AXIS2_PLACEMENT_3D('',#9761,#9762,#9763);
#9761 = CARTESIAN_POINT('',(0.25,-3.75,0.75));
#9762 = DIRECTION('',(0.,1.,0.));
#9763 = DIRECTION('',(0.,0.,-1.));
#9764 = ORIENTED_EDGE('',*,*,#9765,.T.);
#9765 = EDGE_CURVE('',#9757,#8898,#9766,.T.);
#9766 = LINE('',#9767,#9768);
#9767 = CARTESIAN_POINT('',(-0.25,-3.75,1.25));
#9768 = VECTOR('',#9769,1.);
#9769 = DIRECTION('',(1.,0.,0.));
#9770 = ORIENTED_EDGE('',*,*,#8897,.T.);
#9771 = ORIENTED_EDGE('',*,*,#9772,.T.);
#9772 = EDGE_CURVE('',#8900,#9773,#9775,.T.);
#9773 = VERTEX_POINT('',#9774);
#9774 = CARTESIAN_POINT('',(0.25,-3.75,0.75));
#9775 = LINE('',#9776,#9777);
#9776 = CARTESIAN_POINT('',(7.2,-3.75,0.75));
#9777 = VECTOR('',#9778,1.);
#9778 = DIRECTION('',(-1.,0.,0.));
#9779 = ORIENTED_EDGE('',*,*,#9780,.T.);
#9780 = EDGE_CURVE('',#9773,#9781,#9783,.T.);
#9781 = VERTEX_POINT('',#9782);
#9782 = CARTESIAN_POINT('',(0.25,-3.75,-2.275));
#9783 = LINE('',#9784,#9785);
#9784 = CARTESIAN_POINT('',(0.25,-3.75,0.75));
#9785 = VECTOR('',#9786,1.);
#9786 = DIRECTION('',(0.,0.,-1.));
#9787 = ORIENTED_EDGE('',*,*,#9788,.T.);
#9788 = EDGE_CURVE('',#9781,#9789,#9791,.T.);
#9789 = VERTEX_POINT('',#9790);
#9790 = CARTESIAN_POINT('',(-0.25,-3.75,-2.275));
#9791 = LINE('',#9792,#9793);
#9792 = CARTESIAN_POINT('',(0.25,-3.75,-2.275));
#9793 = VECTOR('',#9794,1.);
#9794 = DIRECTION('',(-1.,0.,0.));
#9795 = ORIENTED_EDGE('',*,*,#9796,.T.);
#9796 = EDGE_CURVE('',#9789,#9755,#9797,.T.);
#9797 = LINE('',#9798,#9799);
#9798 = CARTESIAN_POINT('',(-0.25,-3.75,-2.4));
#9799 = VECTOR('',#9800,1.);
#9800 = DIRECTION('',(0.,0.,1.));
#9801 = PLANE('',#9802);
#9802 = AXIS2_PLACEMENT_3D('',#9803,#9804,#9805);
#9803 = CARTESIAN_POINT('',(2.488851351351,-3.75,0.411148648649));
#9804 = DIRECTION('',(0.,1.,0.));
#9805 = DIRECTION('',(0.,-0.,1.));
#9806 = ADVANCED_FACE('',(#9807),#9825,.T.);
#9807 = FACE_BOUND('',#9808,.T.);
#9808 = EDGE_LOOP('',(#9809,#9810,#9811,#9819));
#9809 = ORIENTED_EDGE('',*,*,#9772,.F.);
#9810 = ORIENTED_EDGE('',*,*,#8923,.T.);
#9811 = ORIENTED_EDGE('',*,*,#9812,.T.);
#9812 = EDGE_CURVE('',#8916,#9813,#9815,.T.);
#9813 = VERTEX_POINT('',#9814);
#9814 = CARTESIAN_POINT('',(0.25,-4.25,0.75));
#9815 = LINE('',#9816,#9817);
#9816 = CARTESIAN_POINT('',(7.2,-4.25,0.75));
#9817 = VECTOR('',#9818,1.);
#9818 = DIRECTION('',(-1.,0.,0.));
#9819 = ORIENTED_EDGE('',*,*,#9820,.F.);
#9820 = EDGE_CURVE('',#9773,#9813,#9821,.T.);
#9821 = LINE('',#9822,#9823);
#9822 = CARTESIAN_POINT('',(0.25,-3.75,0.75));
#9823 = VECTOR('',#9824,1.);
#9824 = DIRECTION('',(0.,-1.,0.));
#9825 = PLANE('',#9826);
#9826 = AXIS2_PLACEMENT_3D('',#9827,#9828,#9829);
#9827 = CARTESIAN_POINT('',(7.2,-3.75,0.75));
#9828 = DIRECTION('',(-0.,-0.,-1.));
#9829 = DIRECTION('',(-1.,0.,0.));
#9830 = ADVANCED_FACE('',(#9831),#9874,.F.);
#9831 = FACE_BOUND('',#9832,.F.);
#9832 = EDGE_LOOP('',(#9833,#9844,#9850,#9851,#9852,#9860,#9868));
#9833 = ORIENTED_EDGE('',*,*,#9834,.T.);
#9834 = EDGE_CURVE('',#9835,#9837,#9839,.T.);
#9835 = VERTEX_POINT('',#9836);
#9836 = CARTESIAN_POINT('',(-0.25,-4.25,0.75));
#9837 = VERTEX_POINT('',#9838);
#9838 = CARTESIAN_POINT('',(0.25,-4.25,1.25));
#9839 = CIRCLE('',#9840,0.5);
#9840 = AXIS2_PLACEMENT_3D('',#9841,#9842,#9843);
#9841 = CARTESIAN_POINT('',(0.25,-4.25,0.75));
#9842 = DIRECTION('',(0.,1.,0.));
#9843 = DIRECTION('',(0.,0.,-1.));
#9844 = ORIENTED_EDGE('',*,*,#9845,.T.);
#9845 = EDGE_CURVE('',#9837,#8908,#9846,.T.);
#9846 = LINE('',#9847,#9848);
#9847 = CARTESIAN_POINT('',(-0.25,-4.25,1.25));
#9848 = VECTOR('',#9849,1.);
#9849 = DIRECTION('',(1.,0.,0.));
#9850 = ORIENTED_EDGE('',*,*,#8915,.T.);
#9851 = ORIENTED_EDGE('',*,*,#9812,.T.);
#9852 = ORIENTED_EDGE('',*,*,#9853,.T.);
#9853 = EDGE_CURVE('',#9813,#9854,#9856,.T.);
#9854 = VERTEX_POINT('',#9855);
#9855 = CARTESIAN_POINT('',(0.25,-4.25,-2.275));
#9856 = LINE('',#9857,#9858);
#9857 = CARTESIAN_POINT('',(0.25,-4.25,0.75));
#9858 = VECTOR('',#9859,1.);
#9859 = DIRECTION('',(0.,0.,-1.));
#9860 = ORIENTED_EDGE('',*,*,#9861,.T.);
#9861 = EDGE_CURVE('',#9854,#9862,#9864,.T.);
#9862 = VERTEX_POINT('',#9863);
#9863 = CARTESIAN_POINT('',(-0.25,-4.25,-2.275));
#9864 = LINE('',#9865,#9866);
#9865 = CARTESIAN_POINT('',(0.25,-4.25,-2.275));
#9866 = VECTOR('',#9867,1.);
#9867 = DIRECTION('',(-1.,0.,0.));
#9868 = ORIENTED_EDGE('',*,*,#9869,.T.);
#9869 = EDGE_CURVE('',#9862,#9835,#9870,.T.);
#9870 = LINE('',#9871,#9872);
#9871 = CARTESIAN_POINT('',(-0.25,-4.25,-2.4));
#9872 = VECTOR('',#9873,1.);
#9873 = DIRECTION('',(0.,0.,1.));
#9874 = PLANE('',#9875);
#9875 = AXIS2_PLACEMENT_3D('',#9876,#9877,#9878);
#9876 = CARTESIAN_POINT('',(2.488851351351,-4.25,0.411148648649));
#9877 = DIRECTION('',(0.,1.,0.));
#9878 = DIRECTION('',(0.,-0.,1.));
#9879 = ADVANCED_FACE('',(#9880),#9891,.T.);
#9880 = FACE_BOUND('',#9881,.T.);
#9881 = EDGE_LOOP('',(#9882,#9883,#9889,#9890));
#9882 = ORIENTED_EDGE('',*,*,#9765,.F.);
#9883 = ORIENTED_EDGE('',*,*,#9884,.T.);
#9884 = EDGE_CURVE('',#9757,#9837,#9885,.T.);
#9885 = LINE('',#9886,#9887);
#9886 = CARTESIAN_POINT('',(0.25,-3.75,1.25));
#9887 = VECTOR('',#9888,1.);
#9888 = DIRECTION('',(0.,-1.,0.));
#9889 = ORIENTED_EDGE('',*,*,#9845,.T.);
#9890 = ORIENTED_EDGE('',*,*,#8907,.T.);
#9891 = PLANE('',#9892);
#9892 = AXIS2_PLACEMENT_3D('',#9893,#9894,#9895);
#9893 = CARTESIAN_POINT('',(-0.25,-3.75,1.25));
#9894 = DIRECTION('',(0.,0.,1.));
#9895 = DIRECTION('',(1.,0.,-0.));
#9896 = ADVANCED_FACE('',(#9897),#9922,.T.);
#9897 = FACE_BOUND('',#9898,.T.);
#9898 = EDGE_LOOP('',(#9899,#9907,#9915,#9921));
#9899 = ORIENTED_EDGE('',*,*,#9900,.F.);
#9900 = EDGE_CURVE('',#9901,#8934,#9903,.T.);
#9901 = VERTEX_POINT('',#9902);
#9902 = CARTESIAN_POINT('',(0.25,-1.75,1.25));
#9903 = LINE('',#9904,#9905);
#9904 = CARTESIAN_POINT('',(-0.25,-1.75,1.25));
#9905 = VECTOR('',#9906,1.);
#9906 = DIRECTION('',(1.,0.,0.));
#9907 = ORIENTED_EDGE('',*,*,#9908,.T.);
#9908 = EDGE_CURVE('',#9901,#9909,#9911,.T.);
#9909 = VERTEX_POINT('',#9910);
#9910 = CARTESIAN_POINT('',(0.25,-2.25,1.25));
#9911 = LINE('',#9912,#9913);
#9912 = CARTESIAN_POINT('',(0.25,-1.75,1.25));
#9913 = VECTOR('',#9914,1.);
#9914 = DIRECTION('',(0.,-1.,0.));
#9915 = ORIENTED_EDGE('',*,*,#9916,.T.);
#9916 = EDGE_CURVE('',#9909,#8932,#9917,.T.);
#9917 = LINE('',#9918,#9919);
#9918 = CARTESIAN_POINT('',(-0.25,-2.25,1.25));
#9919 = VECTOR('',#9920,1.);
#9920 = DIRECTION('',(1.,0.,0.));
#9921 = ORIENTED_EDGE('',*,*,#8931,.T.);
#9922 = PLANE('',#9923);
#9923 = AXIS2_PLACEMENT_3D('',#9924,#9925,#9926);
#9924 = CARTESIAN_POINT('',(-0.25,-1.75,1.25));
#9925 = DIRECTION('',(0.,0.,1.));
#9926 = DIRECTION('',(1.,0.,-0.));
#9927 = ADVANCED_FACE('',(#9928),#9971,.T.);
#9928 = FACE_BOUND('',#9929,.T.);
#9929 = EDGE_LOOP('',(#9930,#9939,#9940,#9941,#9949,#9957,#9965));
#9930 = ORIENTED_EDGE('',*,*,#9931,.T.);
#9931 = EDGE_CURVE('',#9932,#9901,#9934,.T.);
#9932 = VERTEX_POINT('',#9933);
#9933 = CARTESIAN_POINT('',(-0.25,-1.75,0.75));
#9934 = CIRCLE('',#9935,0.5);
#9935 = AXIS2_PLACEMENT_3D('',#9936,#9937,#9938);
#9936 = CARTESIAN_POINT('',(0.25,-1.75,0.75));
#9937 = DIRECTION('',(0.,1.,0.));
#9938 = DIRECTION('',(0.,0.,-1.));
#9939 = ORIENTED_EDGE('',*,*,#9900,.T.);
#9940 = ORIENTED_EDGE('',*,*,#8957,.T.);
#9941 = ORIENTED_EDGE('',*,*,#9942,.T.);
#9942 = EDGE_CURVE('',#8950,#9943,#9945,.T.);
#9943 = VERTEX_POINT('',#9944);
#9944 = CARTESIAN_POINT('',(0.25,-1.75,0.75));
#9945 = LINE('',#9946,#9947);
#9946 = CARTESIAN_POINT('',(7.2,-1.75,0.75));
#9947 = VECTOR('',#9948,1.);
#9948 = DIRECTION('',(-1.,0.,0.));
#9949 = ORIENTED_EDGE('',*,*,#9950,.T.);
#9950 = EDGE_CURVE('',#9943,#9951,#9953,.T.);
#9951 = VERTEX_POINT('',#9952);
#9952 = CARTESIAN_POINT('',(0.25,-1.75,-2.275));
#9953 = LINE('',#9954,#9955);
#9954 = CARTESIAN_POINT('',(0.25,-1.75,0.75));
#9955 = VECTOR('',#9956,1.);
#9956 = DIRECTION('',(0.,0.,-1.));
#9957 = ORIENTED_EDGE('',*,*,#9958,.T.);
#9958 = EDGE_CURVE('',#9951,#9959,#9961,.T.);
#9959 = VERTEX_POINT('',#9960);
#9960 = CARTESIAN_POINT('',(-0.25,-1.75,-2.275));
#9961 = LINE('',#9962,#9963);
#9962 = CARTESIAN_POINT('',(0.25,-1.75,-2.275));
#9963 = VECTOR('',#9964,1.);
#9964 = DIRECTION('',(-1.,0.,0.));
#9965 = ORIENTED_EDGE('',*,*,#9966,.T.);
#9966 = EDGE_CURVE('',#9959,#9932,#9967,.T.);
#9967 = LINE('',#9968,#9969);
#9968 = CARTESIAN_POINT('',(-0.25,-1.75,-2.4));
#9969 = VECTOR('',#9970,1.);
#9970 = DIRECTION('',(0.,0.,1.));
#9971 = PLANE('',#9972);
#9972 = AXIS2_PLACEMENT_3D('',#9973,#9974,#9975);
#9973 = CARTESIAN_POINT('',(2.488851351351,-1.75,0.411148648649));
#9974 = DIRECTION('',(0.,1.,0.));
#9975 = DIRECTION('',(0.,-0.,1.));
#9976 = ADVANCED_FACE('',(#9977),#9995,.T.);
#9977 = FACE_BOUND('',#9978,.T.);
#9978 = EDGE_LOOP('',(#9979,#9980,#9981,#9989));
#9979 = ORIENTED_EDGE('',*,*,#9942,.F.);
#9980 = ORIENTED_EDGE('',*,*,#8949,.T.);
#9981 = ORIENTED_EDGE('',*,*,#9982,.T.);
#9982 = EDGE_CURVE('',#8942,#9983,#9985,.T.);
#9983 = VERTEX_POINT('',#9984);
#9984 = CARTESIAN_POINT('',(0.25,-2.25,0.75));
#9985 = LINE('',#9986,#9987);
#9986 = CARTESIAN_POINT('',(7.2,-2.25,0.75));
#9987 = VECTOR('',#9988,1.);
#9988 = DIRECTION('',(-1.,0.,0.));
#9989 = ORIENTED_EDGE('',*,*,#9990,.F.);
#9990 = EDGE_CURVE('',#9943,#9983,#9991,.T.);
#9991 = LINE('',#9992,#9993);
#9992 = CARTESIAN_POINT('',(0.25,-1.75,0.75));
#9993 = VECTOR('',#9994,1.);
#9994 = DIRECTION('',(0.,-1.,0.));
#9995 = PLANE('',#9996);
#9996 = AXIS2_PLACEMENT_3D('',#9997,#9998,#9999);
#9997 = CARTESIAN_POINT('',(7.2,-1.75,0.75));
#9998 = DIRECTION('',(-0.,-0.,-1.));
#9999 = DIRECTION('',(-1.,0.,0.));
#10000 = ADVANCED_FACE('',(#10001),#10037,.F.);
#10001 = FACE_BOUND('',#10002,.F.);
#10002 = EDGE_LOOP('',(#10003,#10012,#10013,#10014,#10015,#10023,#10031)
  );
#10003 = ORIENTED_EDGE('',*,*,#10004,.T.);
#10004 = EDGE_CURVE('',#10005,#9909,#10007,.T.);
#10005 = VERTEX_POINT('',#10006);
#10006 = CARTESIAN_POINT('',(-0.25,-2.25,0.75));
#10007 = CIRCLE('',#10008,0.5);
#10008 = AXIS2_PLACEMENT_3D('',#10009,#10010,#10011);
#10009 = CARTESIAN_POINT('',(0.25,-2.25,0.75));
#10010 = DIRECTION('',(0.,1.,0.));
#10011 = DIRECTION('',(0.,0.,-1.));
#10012 = ORIENTED_EDGE('',*,*,#9916,.T.);
#10013 = ORIENTED_EDGE('',*,*,#8941,.T.);
#10014 = ORIENTED_EDGE('',*,*,#9982,.T.);
#10015 = ORIENTED_EDGE('',*,*,#10016,.T.);
#10016 = EDGE_CURVE('',#9983,#10017,#10019,.T.);
#10017 = VERTEX_POINT('',#10018);
#10018 = CARTESIAN_POINT('',(0.25,-2.25,-2.275));
#10019 = LINE('',#10020,#10021);
#10020 = CARTESIAN_POINT('',(0.25,-2.25,0.75));
#10021 = VECTOR('',#10022,1.);
#10022 = DIRECTION('',(0.,0.,-1.));
#10023 = ORIENTED_EDGE('',*,*,#10024,.T.);
#10024 = EDGE_CURVE('',#10017,#10025,#10027,.T.);
#10025 = VERTEX_POINT('',#10026);
#10026 = CARTESIAN_POINT('',(-0.25,-2.25,-2.275));
#10027 = LINE('',#10028,#10029);
#10028 = CARTESIAN_POINT('',(0.25,-2.25,-2.275));
#10029 = VECTOR('',#10030,1.);
#10030 = DIRECTION('',(-1.,0.,0.));
#10031 = ORIENTED_EDGE('',*,*,#10032,.T.);
#10032 = EDGE_CURVE('',#10025,#10005,#10033,.T.);
#10033 = LINE('',#10034,#10035);
#10034 = CARTESIAN_POINT('',(-0.25,-2.25,-2.4));
#10035 = VECTOR('',#10036,1.);
#10036 = DIRECTION('',(0.,0.,1.));
#10037 = PLANE('',#10038);
#10038 = AXIS2_PLACEMENT_3D('',#10039,#10040,#10041);
#10039 = CARTESIAN_POINT('',(2.488851351351,-2.25,0.411148648649));
#10040 = DIRECTION('',(0.,1.,0.));
#10041 = DIRECTION('',(0.,-0.,1.));
#10042 = ADVANCED_FACE('',(#10043),#10068,.T.);
#10043 = FACE_BOUND('',#10044,.T.);
#10044 = EDGE_LOOP('',(#10045,#10053,#10061,#10067));
#10045 = ORIENTED_EDGE('',*,*,#10046,.F.);
#10046 = EDGE_CURVE('',#10047,#8968,#10049,.T.);
#10047 = VERTEX_POINT('',#10048);
#10048 = CARTESIAN_POINT('',(0.25,0.25,1.25));
#10049 = LINE('',#10050,#10051);
#10050 = CARTESIAN_POINT('',(-0.25,0.25,1.25));
#10051 = VECTOR('',#10052,1.);
#10052 = DIRECTION('',(1.,0.,0.));
#10053 = ORIENTED_EDGE('',*,*,#10054,.T.);
#10054 = EDGE_CURVE('',#10047,#10055,#10057,.T.);
#10055 = VERTEX_POINT('',#10056);
#10056 = CARTESIAN_POINT('',(0.25,-0.25,1.25));
#10057 = LINE('',#10058,#10059);
#10058 = CARTESIAN_POINT('',(0.25,0.25,1.25));
#10059 = VECTOR('',#10060,1.);
#10060 = DIRECTION('',(0.,-1.,0.));
#10061 = ORIENTED_EDGE('',*,*,#10062,.T.);
#10062 = EDGE_CURVE('',#10055,#8966,#10063,.T.);
#10063 = LINE('',#10064,#10065);
#10064 = CARTESIAN_POINT('',(-0.25,-0.25,1.25));
#10065 = VECTOR('',#10066,1.);
#10066 = DIRECTION('',(1.,0.,0.));
#10067 = ORIENTED_EDGE('',*,*,#8965,.T.);
#10068 = PLANE('',#10069);
#10069 = AXIS2_PLACEMENT_3D('',#10070,#10071,#10072);
#10070 = CARTESIAN_POINT('',(-0.25,0.25,1.25));
#10071 = DIRECTION('',(0.,0.,1.));
#10072 = DIRECTION('',(1.,0.,-0.));
#10073 = ADVANCED_FACE('',(#10074),#10117,.T.);
#10074 = FACE_BOUND('',#10075,.T.);
#10075 = EDGE_LOOP('',(#10076,#10085,#10086,#10087,#10095,#10103,#10111)
  );
#10076 = ORIENTED_EDGE('',*,*,#10077,.T.);
#10077 = EDGE_CURVE('',#10078,#10047,#10080,.T.);
#10078 = VERTEX_POINT('',#10079);
#10079 = CARTESIAN_POINT('',(-0.25,0.25,0.75));
#10080 = CIRCLE('',#10081,0.5);
#10081 = AXIS2_PLACEMENT_3D('',#10082,#10083,#10084);
#10082 = CARTESIAN_POINT('',(0.25,0.25,0.75));
#10083 = DIRECTION('',(0.,1.,0.));
#10084 = DIRECTION('',(0.,0.,-1.));
#10085 = ORIENTED_EDGE('',*,*,#10046,.T.);
#10086 = ORIENTED_EDGE('',*,*,#8991,.T.);
#10087 = ORIENTED_EDGE('',*,*,#10088,.T.);
#10088 = EDGE_CURVE('',#8984,#10089,#10091,.T.);
#10089 = VERTEX_POINT('',#10090);
#10090 = CARTESIAN_POINT('',(0.25,0.25,0.75));
#10091 = LINE('',#10092,#10093);
#10092 = CARTESIAN_POINT('',(7.2,0.25,0.75));
#10093 = VECTOR('',#10094,1.);
#10094 = DIRECTION('',(-1.,0.,0.));
#10095 = ORIENTED_EDGE('',*,*,#10096,.T.);
#10096 = EDGE_CURVE('',#10089,#10097,#10099,.T.);
#10097 = VERTEX_POINT('',#10098);
#10098 = CARTESIAN_POINT('',(0.25,0.25,-2.275));
#10099 = LINE('',#10100,#10101);
#10100 = CARTESIAN_POINT('',(0.25,0.25,0.75));
#10101 = VECTOR('',#10102,1.);
#10102 = DIRECTION('',(0.,0.,-1.));
#10103 = ORIENTED_EDGE('',*,*,#10104,.T.);
#10104 = EDGE_CURVE('',#10097,#10105,#10107,.T.);
#10105 = VERTEX_POINT('',#10106);
#10106 = CARTESIAN_POINT('',(-0.25,0.25,-2.275));
#10107 = LINE('',#10108,#10109);
#10108 = CARTESIAN_POINT('',(0.25,0.25,-2.275));
#10109 = VECTOR('',#10110,1.);
#10110 = DIRECTION('',(-1.,0.,0.));
#10111 = ORIENTED_EDGE('',*,*,#10112,.T.);
#10112 = EDGE_CURVE('',#10105,#10078,#10113,.T.);
#10113 = LINE('',#10114,#10115);
#10114 = CARTESIAN_POINT('',(-0.25,0.25,-2.4));
#10115 = VECTOR('',#10116,1.);
#10116 = DIRECTION('',(0.,0.,1.));
#10117 = PLANE('',#10118);
#10118 = AXIS2_PLACEMENT_3D('',#10119,#10120,#10121);
#10119 = CARTESIAN_POINT('',(2.488851351351,0.25,0.411148648649));
#10120 = DIRECTION('',(0.,1.,0.));
#10121 = DIRECTION('',(0.,-0.,1.));
#10122 = ADVANCED_FACE('',(#10123),#10141,.T.);
#10123 = FACE_BOUND('',#10124,.T.);
#10124 = EDGE_LOOP('',(#10125,#10126,#10127,#10135));
#10125 = ORIENTED_EDGE('',*,*,#10088,.F.);
#10126 = ORIENTED_EDGE('',*,*,#8983,.T.);
#10127 = ORIENTED_EDGE('',*,*,#10128,.T.);
#10128 = EDGE_CURVE('',#8976,#10129,#10131,.T.);
#10129 = VERTEX_POINT('',#10130);
#10130 = CARTESIAN_POINT('',(0.25,-0.25,0.75));
#10131 = LINE('',#10132,#10133);
#10132 = CARTESIAN_POINT('',(7.2,-0.25,0.75));
#10133 = VECTOR('',#10134,1.);
#10134 = DIRECTION('',(-1.,0.,0.));
#10135 = ORIENTED_EDGE('',*,*,#10136,.F.);
#10136 = EDGE_CURVE('',#10089,#10129,#10137,.T.);
#10137 = LINE('',#10138,#10139);
#10138 = CARTESIAN_POINT('',(0.25,0.25,0.75));
#10139 = VECTOR('',#10140,1.);
#10140 = DIRECTION('',(0.,-1.,0.));
#10141 = PLANE('',#10142);
#10142 = AXIS2_PLACEMENT_3D('',#10143,#10144,#10145);
#10143 = CARTESIAN_POINT('',(7.2,0.25,0.75));
#10144 = DIRECTION('',(-0.,-0.,-1.));
#10145 = DIRECTION('',(-1.,0.,0.));
#10146 = ADVANCED_FACE('',(#10147),#10183,.F.);
#10147 = FACE_BOUND('',#10148,.F.);
#10148 = EDGE_LOOP('',(#10149,#10158,#10159,#10160,#10161,#10169,#10177)
  );
#10149 = ORIENTED_EDGE('',*,*,#10150,.T.);
#10150 = EDGE_CURVE('',#10151,#10055,#10153,.T.);
#10151 = VERTEX_POINT('',#10152);
#10152 = CARTESIAN_POINT('',(-0.25,-0.25,0.75));
#10153 = CIRCLE('',#10154,0.5);
#10154 = AXIS2_PLACEMENT_3D('',#10155,#10156,#10157);
#10155 = CARTESIAN_POINT('',(0.25,-0.25,0.75));
#10156 = DIRECTION('',(0.,1.,0.));
#10157 = DIRECTION('',(0.,0.,-1.));
#10158 = ORIENTED_EDGE('',*,*,#10062,.T.);
#10159 = ORIENTED_EDGE('',*,*,#8975,.T.);
#10160 = ORIENTED_EDGE('',*,*,#10128,.T.);
#10161 = ORIENTED_EDGE('',*,*,#10162,.T.);
#10162 = EDGE_CURVE('',#10129,#10163,#10165,.T.);
#10163 = VERTEX_POINT('',#10164);
#10164 = CARTESIAN_POINT('',(0.25,-0.25,-2.275));
#10165 = LINE('',#10166,#10167);
#10166 = CARTESIAN_POINT('',(0.25,-0.25,0.75));
#10167 = VECTOR('',#10168,1.);
#10168 = DIRECTION('',(0.,0.,-1.));
#10169 = ORIENTED_EDGE('',*,*,#10170,.T.);
#10170 = EDGE_CURVE('',#10163,#10171,#10173,.T.);
#10171 = VERTEX_POINT('',#10172);
#10172 = CARTESIAN_POINT('',(-0.25,-0.25,-2.275));
#10173 = LINE('',#10174,#10175);
#10174 = CARTESIAN_POINT('',(0.25,-0.25,-2.275));
#10175 = VECTOR('',#10176,1.);
#10176 = DIRECTION('',(-1.,0.,0.));
#10177 = ORIENTED_EDGE('',*,*,#10178,.T.);
#10178 = EDGE_CURVE('',#10171,#10151,#10179,.T.);
#10179 = LINE('',#10180,#10181);
#10180 = CARTESIAN_POINT('',(-0.25,-0.25,-2.4));
#10181 = VECTOR('',#10182,1.);
#10182 = DIRECTION('',(0.,0.,1.));
#10183 = PLANE('',#10184);
#10184 = AXIS2_PLACEMENT_3D('',#10185,#10186,#10187);
#10185 = CARTESIAN_POINT('',(2.488851351351,-0.25,0.411148648649));
#10186 = DIRECTION('',(0.,1.,0.));
#10187 = DIRECTION('',(0.,-0.,1.));
#10188 = ADVANCED_FACE('',(#10189),#10214,.T.);
#10189 = FACE_BOUND('',#10190,.T.);
#10190 = EDGE_LOOP('',(#10191,#10199,#10207,#10213));
#10191 = ORIENTED_EDGE('',*,*,#10192,.F.);
#10192 = EDGE_CURVE('',#10193,#9002,#10195,.T.);
#10193 = VERTEX_POINT('',#10194);
#10194 = CARTESIAN_POINT('',(0.25,-5.75,1.25));
#10195 = LINE('',#10196,#10197);
#10196 = CARTESIAN_POINT('',(-0.25,-5.75,1.25));
#10197 = VECTOR('',#10198,1.);
#10198 = DIRECTION('',(1.,0.,0.));
#10199 = ORIENTED_EDGE('',*,*,#10200,.T.);
#10200 = EDGE_CURVE('',#10193,#10201,#10203,.T.);
#10201 = VERTEX_POINT('',#10202);
#10202 = CARTESIAN_POINT('',(0.25,-6.25,1.25));
#10203 = LINE('',#10204,#10205);
#10204 = CARTESIAN_POINT('',(0.25,-5.75,1.25));
#10205 = VECTOR('',#10206,1.);
#10206 = DIRECTION('',(0.,-1.,0.));
#10207 = ORIENTED_EDGE('',*,*,#10208,.T.);
#10208 = EDGE_CURVE('',#10201,#9000,#10209,.T.);
#10209 = LINE('',#10210,#10211);
#10210 = CARTESIAN_POINT('',(-0.25,-6.25,1.25));
#10211 = VECTOR('',#10212,1.);
#10212 = DIRECTION('',(1.,0.,0.));
#10213 = ORIENTED_EDGE('',*,*,#8999,.T.);
#10214 = PLANE('',#10215);
#10215 = AXIS2_PLACEMENT_3D('',#10216,#10217,#10218);
#10216 = CARTESIAN_POINT('',(-0.25,-5.75,1.25));
#10217 = DIRECTION('',(0.,0.,1.));
#10218 = DIRECTION('',(1.,0.,-0.));
#10219 = ADVANCED_FACE('',(#10220),#10263,.T.);
#10220 = FACE_BOUND('',#10221,.T.);
#10221 = EDGE_LOOP('',(#10222,#10231,#10232,#10233,#10241,#10249,#10257)
  );
#10222 = ORIENTED_EDGE('',*,*,#10223,.T.);
#10223 = EDGE_CURVE('',#10224,#10193,#10226,.T.);
#10224 = VERTEX_POINT('',#10225);
#10225 = CARTESIAN_POINT('',(-0.25,-5.75,0.75));
#10226 = CIRCLE('',#10227,0.5);
#10227 = AXIS2_PLACEMENT_3D('',#10228,#10229,#10230);
#10228 = CARTESIAN_POINT('',(0.25,-5.75,0.75));
#10229 = DIRECTION('',(0.,1.,0.));
#10230 = DIRECTION('',(0.,0.,-1.));
#10231 = ORIENTED_EDGE('',*,*,#10192,.T.);
#10232 = ORIENTED_EDGE('',*,*,#9025,.T.);
#10233 = ORIENTED_EDGE('',*,*,#10234,.T.);
#10234 = EDGE_CURVE('',#9018,#10235,#10237,.T.);
#10235 = VERTEX_POINT('',#10236);
#10236 = CARTESIAN_POINT('',(0.25,-5.75,0.75));
#10237 = LINE('',#10238,#10239);
#10238 = CARTESIAN_POINT('',(7.2,-5.75,0.75));
#10239 = VECTOR('',#10240,1.);
#10240 = DIRECTION('',(-1.,0.,0.));
#10241 = ORIENTED_EDGE('',*,*,#10242,.T.);
#10242 = EDGE_CURVE('',#10235,#10243,#10245,.T.);
#10243 = VERTEX_POINT('',#10244);
#10244 = CARTESIAN_POINT('',(0.25,-5.75,-2.275));
#10245 = LINE('',#10246,#10247);
#10246 = CARTESIAN_POINT('',(0.25,-5.75,0.75));
#10247 = VECTOR('',#10248,1.);
#10248 = DIRECTION('',(0.,0.,-1.));
#10249 = ORIENTED_EDGE('',*,*,#10250,.T.);
#10250 = EDGE_CURVE('',#10243,#10251,#10253,.T.);
#10251 = VERTEX_POINT('',#10252);
#10252 = CARTESIAN_POINT('',(-0.25,-5.75,-2.275));
#10253 = LINE('',#10254,#10255);
#10254 = CARTESIAN_POINT('',(0.25,-5.75,-2.275));
#10255 = VECTOR('',#10256,1.);
#10256 = DIRECTION('',(-1.,0.,0.));
#10257 = ORIENTED_EDGE('',*,*,#10258,.T.);
#10258 = EDGE_CURVE('',#10251,#10224,#10259,.T.);
#10259 = LINE('',#10260,#10261);
#10260 = CARTESIAN_POINT('',(-0.25,-5.75,-2.4));
#10261 = VECTOR('',#10262,1.);
#10262 = DIRECTION('',(0.,0.,1.));
#10263 = PLANE('',#10264);
#10264 = AXIS2_PLACEMENT_3D('',#10265,#10266,#10267);
#10265 = CARTESIAN_POINT('',(2.488851351351,-5.75,0.411148648649));
#10266 = DIRECTION('',(0.,1.,0.));
#10267 = DIRECTION('',(0.,-0.,1.));
#10268 = ADVANCED_FACE('',(#10269),#10287,.T.);
#10269 = FACE_BOUND('',#10270,.T.);
#10270 = EDGE_LOOP('',(#10271,#10272,#10273,#10281));
#10271 = ORIENTED_EDGE('',*,*,#10234,.F.);
#10272 = ORIENTED_EDGE('',*,*,#9017,.T.);
#10273 = ORIENTED_EDGE('',*,*,#10274,.T.);
#10274 = EDGE_CURVE('',#9010,#10275,#10277,.T.);
#10275 = VERTEX_POINT('',#10276);
#10276 = CARTESIAN_POINT('',(0.25,-6.25,0.75));
#10277 = LINE('',#10278,#10279);
#10278 = CARTESIAN_POINT('',(7.2,-6.25,0.75));
#10279 = VECTOR('',#10280,1.);
#10280 = DIRECTION('',(-1.,0.,0.));
#10281 = ORIENTED_EDGE('',*,*,#10282,.F.);
#10282 = EDGE_CURVE('',#10235,#10275,#10283,.T.);
#10283 = LINE('',#10284,#10285);
#10284 = CARTESIAN_POINT('',(0.25,-5.75,0.75));
#10285 = VECTOR('',#10286,1.);
#10286 = DIRECTION('',(0.,-1.,0.));
#10287 = PLANE('',#10288);
#10288 = AXIS2_PLACEMENT_3D('',#10289,#10290,#10291);
#10289 = CARTESIAN_POINT('',(7.2,-5.75,0.75));
#10290 = DIRECTION('',(-0.,-0.,-1.));
#10291 = DIRECTION('',(-1.,0.,0.));
#10292 = ADVANCED_FACE('',(#10293),#10329,.F.);
#10293 = FACE_BOUND('',#10294,.F.);
#10294 = EDGE_LOOP('',(#10295,#10304,#10305,#10306,#10307,#10315,#10323)
  );
#10295 = ORIENTED_EDGE('',*,*,#10296,.T.);
#10296 = EDGE_CURVE('',#10297,#10201,#10299,.T.);
#10297 = VERTEX_POINT('',#10298);
#10298 = CARTESIAN_POINT('',(-0.25,-6.25,0.75));
#10299 = CIRCLE('',#10300,0.5);
#10300 = AXIS2_PLACEMENT_3D('',#10301,#10302,#10303);
#10301 = CARTESIAN_POINT('',(0.25,-6.25,0.75));
#10302 = DIRECTION('',(0.,1.,0.));
#10303 = DIRECTION('',(0.,0.,-1.));
#10304 = ORIENTED_EDGE('',*,*,#10208,.T.);
#10305 = ORIENTED_EDGE('',*,*,#9009,.T.);
#10306 = ORIENTED_EDGE('',*,*,#10274,.T.);
#10307 = ORIENTED_EDGE('',*,*,#10308,.T.);
#10308 = EDGE_CURVE('',#10275,#10309,#10311,.T.);
#10309 = VERTEX_POINT('',#10310);
#10310 = CARTESIAN_POINT('',(0.25,-6.25,-2.275));
#10311 = LINE('',#10312,#10313);
#10312 = CARTESIAN_POINT('',(0.25,-6.25,0.75));
#10313 = VECTOR('',#10314,1.);
#10314 = DIRECTION('',(0.,0.,-1.));
#10315 = ORIENTED_EDGE('',*,*,#10316,.T.);
#10316 = EDGE_CURVE('',#10309,#10317,#10319,.T.);
#10317 = VERTEX_POINT('',#10318);
#10318 = CARTESIAN_POINT('',(-0.25,-6.25,-2.275));
#10319 = LINE('',#10320,#10321);
#10320 = CARTESIAN_POINT('',(0.25,-6.25,-2.275));
#10321 = VECTOR('',#10322,1.);
#10322 = DIRECTION('',(-1.,0.,0.));
#10323 = ORIENTED_EDGE('',*,*,#10324,.T.);
#10324 = EDGE_CURVE('',#10317,#10297,#10325,.T.);
#10325 = LINE('',#10326,#10327);
#10326 = CARTESIAN_POINT('',(-0.25,-6.25,-2.4));
#10327 = VECTOR('',#10328,1.);
#10328 = DIRECTION('',(0.,0.,1.));
#10329 = PLANE('',#10330);
#10330 = AXIS2_PLACEMENT_3D('',#10331,#10332,#10333);
#10331 = CARTESIAN_POINT('',(2.488851351351,-6.25,0.411148648649));
#10332 = DIRECTION('',(0.,1.,0.));
#10333 = DIRECTION('',(0.,-0.,1.));
#10334 = ADVANCED_FACE('',(#10335),#10360,.T.);
#10335 = FACE_BOUND('',#10336,.T.);
#10336 = EDGE_LOOP('',(#10337,#10338,#10346,#10354));
#10337 = ORIENTED_EDGE('',*,*,#9226,.F.);
#10338 = ORIENTED_EDGE('',*,*,#10339,.T.);
#10339 = EDGE_CURVE('',#9227,#10340,#10342,.T.);
#10340 = VERTEX_POINT('',#10341);
#10341 = CARTESIAN_POINT('',(7.075,-3.75,1.25));
#10342 = LINE('',#10343,#10344);
#10343 = CARTESIAN_POINT('',(-0.25,-3.75,1.25));
#10344 = VECTOR('',#10345,1.);
#10345 = DIRECTION('',(1.,0.,0.));
#10346 = ORIENTED_EDGE('',*,*,#10347,.T.);
#10347 = EDGE_CURVE('',#10340,#10348,#10350,.T.);
#10348 = VERTEX_POINT('',#10349);
#10349 = CARTESIAN_POINT('',(7.075,-3.75,0.75));
#10350 = LINE('',#10351,#10352);
#10351 = CARTESIAN_POINT('',(7.075,-3.75,1.25));
#10352 = VECTOR('',#10353,1.);
#10353 = DIRECTION('',(0.,0.,-1.));
#10354 = ORIENTED_EDGE('',*,*,#10355,.T.);
#10355 = EDGE_CURVE('',#10348,#9229,#10356,.T.);
#10356 = LINE('',#10357,#10358);
#10357 = CARTESIAN_POINT('',(7.2,-3.75,0.75));
#10358 = VECTOR('',#10359,1.);
#10359 = DIRECTION('',(-1.,0.,0.));
#10360 = PLANE('',#10361);
#10361 = AXIS2_PLACEMENT_3D('',#10362,#10363,#10364);
#10362 = CARTESIAN_POINT('',(2.488851351351,-3.75,0.411148648649));
#10363 = DIRECTION('',(0.,1.,0.));
#10364 = DIRECTION('',(0.,-0.,1.));
#10365 = ADVANCED_FACE('',(#10366),#10384,.T.);
#10366 = FACE_BOUND('',#10367,.T.);
#10367 = EDGE_LOOP('',(#10368,#10369,#10377,#10383));
#10368 = ORIENTED_EDGE('',*,*,#10355,.F.);
#10369 = ORIENTED_EDGE('',*,*,#10370,.T.);
#10370 = EDGE_CURVE('',#10348,#10371,#10373,.T.);
#10371 = VERTEX_POINT('',#10372);
#10372 = CARTESIAN_POINT('',(7.075,-4.25,0.75));
#10373 = LINE('',#10374,#10375);
#10374 = CARTESIAN_POINT('',(7.075,-3.75,0.75));
#10375 = VECTOR('',#10376,1.);
#10376 = DIRECTION('',(0.,-1.,0.));
#10377 = ORIENTED_EDGE('',*,*,#10378,.T.);
#10378 = EDGE_CURVE('',#10371,#9245,#10379,.T.);
#10379 = LINE('',#10380,#10381);
#10380 = CARTESIAN_POINT('',(7.2,-4.25,0.75));
#10381 = VECTOR('',#10382,1.);
#10382 = DIRECTION('',(-1.,0.,0.));
#10383 = ORIENTED_EDGE('',*,*,#9252,.F.);
#10384 = PLANE('',#10385);
#10385 = AXIS2_PLACEMENT_3D('',#10386,#10387,#10388);
#10386 = CARTESIAN_POINT('',(7.2,-3.75,0.75));
#10387 = DIRECTION('',(-0.,-0.,-1.));
#10388 = DIRECTION('',(-1.,0.,0.));
#10389 = ADVANCED_FACE('',(#10390),#10408,.F.);
#10390 = FACE_BOUND('',#10391,.F.);
#10391 = EDGE_LOOP('',(#10392,#10393,#10401,#10407));
#10392 = ORIENTED_EDGE('',*,*,#9244,.F.);
#10393 = ORIENTED_EDGE('',*,*,#10394,.T.);
#10394 = EDGE_CURVE('',#9237,#10395,#10397,.T.);
#10395 = VERTEX_POINT('',#10396);
#10396 = CARTESIAN_POINT('',(7.075,-4.25,1.25));
#10397 = LINE('',#10398,#10399);
#10398 = CARTESIAN_POINT('',(-0.25,-4.25,1.25));
#10399 = VECTOR('',#10400,1.);
#10400 = DIRECTION('',(1.,0.,0.));
#10401 = ORIENTED_EDGE('',*,*,#10402,.T.);
#10402 = EDGE_CURVE('',#10395,#10371,#10403,.T.);
#10403 = LINE('',#10404,#10405);
#10404 = CARTESIAN_POINT('',(7.075,-4.25,1.25));
#10405 = VECTOR('',#10406,1.);
#10406 = DIRECTION('',(0.,0.,-1.));
#10407 = ORIENTED_EDGE('',*,*,#10378,.T.);
#10408 = PLANE('',#10409);
#10409 = AXIS2_PLACEMENT_3D('',#10410,#10411,#10412);
#10410 = CARTESIAN_POINT('',(2.488851351351,-4.25,0.411148648649));
#10411 = DIRECTION('',(0.,1.,0.));
#10412 = DIRECTION('',(0.,-0.,1.));
#10413 = ADVANCED_FACE('',(#10414),#10425,.T.);
#10414 = FACE_BOUND('',#10415,.T.);
#10415 = EDGE_LOOP('',(#10416,#10417,#10418,#10419));
#10416 = ORIENTED_EDGE('',*,*,#10339,.F.);
#10417 = ORIENTED_EDGE('',*,*,#9236,.F.);
#10418 = ORIENTED_EDGE('',*,*,#10394,.T.);
#10419 = ORIENTED_EDGE('',*,*,#10420,.F.);
#10420 = EDGE_CURVE('',#10340,#10395,#10421,.T.);
#10421 = LINE('',#10422,#10423);
#10422 = CARTESIAN_POINT('',(7.075,-3.75,1.25));
#10423 = VECTOR('',#10424,1.);
#10424 = DIRECTION('',(0.,-1.,0.));
#10425 = PLANE('',#10426);
#10426 = AXIS2_PLACEMENT_3D('',#10427,#10428,#10429);
#10427 = CARTESIAN_POINT('',(-0.25,-3.75,1.25));
#10428 = DIRECTION('',(0.,0.,1.));
#10429 = DIRECTION('',(1.,0.,-0.));
#10430 = ADVANCED_FACE('',(#10431),#10456,.T.);
#10431 = FACE_BOUND('',#10432,.T.);
#10432 = EDGE_LOOP('',(#10433,#10441,#10442,#10450));
#10433 = ORIENTED_EDGE('',*,*,#10434,.F.);
#10434 = EDGE_CURVE('',#9263,#10435,#10437,.T.);
#10435 = VERTEX_POINT('',#10436);
#10436 = CARTESIAN_POINT('',(7.075,-1.75,1.25));
#10437 = LINE('',#10438,#10439);
#10438 = CARTESIAN_POINT('',(-0.25,-1.75,1.25));
#10439 = VECTOR('',#10440,1.);
#10440 = DIRECTION('',(1.,0.,0.));
#10441 = ORIENTED_EDGE('',*,*,#9260,.F.);
#10442 = ORIENTED_EDGE('',*,*,#10443,.T.);
#10443 = EDGE_CURVE('',#9261,#10444,#10446,.T.);
#10444 = VERTEX_POINT('',#10445);
#10445 = CARTESIAN_POINT('',(7.075,-2.25,1.25));
#10446 = LINE('',#10447,#10448);
#10447 = CARTESIAN_POINT('',(-0.25,-2.25,1.25));
#10448 = VECTOR('',#10449,1.);
#10449 = DIRECTION('',(1.,0.,0.));
#10450 = ORIENTED_EDGE('',*,*,#10451,.F.);
#10451 = EDGE_CURVE('',#10435,#10444,#10452,.T.);
#10452 = LINE('',#10453,#10454);
#10453 = CARTESIAN_POINT('',(7.075,-1.75,1.25));
#10454 = VECTOR('',#10455,1.);
#10455 = DIRECTION('',(0.,-1.,0.));
#10456 = PLANE('',#10457);
#10457 = AXIS2_PLACEMENT_3D('',#10458,#10459,#10460);
#10458 = CARTESIAN_POINT('',(-0.25,-1.75,1.25));
#10459 = DIRECTION('',(0.,0.,1.));
#10460 = DIRECTION('',(1.,0.,-0.));
#10461 = ADVANCED_FACE('',(#10462),#10480,.T.);
#10462 = FACE_BOUND('',#10463,.T.);
#10463 = EDGE_LOOP('',(#10464,#10465,#10466,#10474));
#10464 = ORIENTED_EDGE('',*,*,#9286,.F.);
#10465 = ORIENTED_EDGE('',*,*,#10434,.T.);
#10466 = ORIENTED_EDGE('',*,*,#10467,.T.);
#10467 = EDGE_CURVE('',#10435,#10468,#10470,.T.);
#10468 = VERTEX_POINT('',#10469);
#10469 = CARTESIAN_POINT('',(7.075,-1.75,0.75));
#10470 = LINE('',#10471,#10472);
#10471 = CARTESIAN_POINT('',(7.075,-1.75,1.25));
#10472 = VECTOR('',#10473,1.);
#10473 = DIRECTION('',(0.,0.,-1.));
#10474 = ORIENTED_EDGE('',*,*,#10475,.T.);
#10475 = EDGE_CURVE('',#10468,#9279,#10476,.T.);
#10476 = LINE('',#10477,#10478);
#10477 = CARTESIAN_POINT('',(7.2,-1.75,0.75));
#10478 = VECTOR('',#10479,1.);
#10479 = DIRECTION('',(-1.,0.,0.));
#10480 = PLANE('',#10481);
#10481 = AXIS2_PLACEMENT_3D('',#10482,#10483,#10484);
#10482 = CARTESIAN_POINT('',(2.488851351351,-1.75,0.411148648649));
#10483 = DIRECTION('',(0.,1.,0.));
#10484 = DIRECTION('',(0.,-0.,1.));
#10485 = ADVANCED_FACE('',(#10486),#10504,.T.);
#10486 = FACE_BOUND('',#10487,.T.);
#10487 = EDGE_LOOP('',(#10488,#10489,#10497,#10503));
#10488 = ORIENTED_EDGE('',*,*,#10475,.F.);
#10489 = ORIENTED_EDGE('',*,*,#10490,.T.);
#10490 = EDGE_CURVE('',#10468,#10491,#10493,.T.);
#10491 = VERTEX_POINT('',#10492);
#10492 = CARTESIAN_POINT('',(7.075,-2.25,0.75));
#10493 = LINE('',#10494,#10495);
#10494 = CARTESIAN_POINT('',(7.075,-1.75,0.75));
#10495 = VECTOR('',#10496,1.);
#10496 = DIRECTION('',(0.,-1.,0.));
#10497 = ORIENTED_EDGE('',*,*,#10498,.T.);
#10498 = EDGE_CURVE('',#10491,#9271,#10499,.T.);
#10499 = LINE('',#10500,#10501);
#10500 = CARTESIAN_POINT('',(7.2,-2.25,0.75));
#10501 = VECTOR('',#10502,1.);
#10502 = DIRECTION('',(-1.,0.,0.));
#10503 = ORIENTED_EDGE('',*,*,#9278,.F.);
#10504 = PLANE('',#10505);
#10505 = AXIS2_PLACEMENT_3D('',#10506,#10507,#10508);
#10506 = CARTESIAN_POINT('',(7.2,-1.75,0.75));
#10507 = DIRECTION('',(-0.,-0.,-1.));
#10508 = DIRECTION('',(-1.,0.,0.));
#10509 = ADVANCED_FACE('',(#10510),#10521,.F.);
#10510 = FACE_BOUND('',#10511,.F.);
#10511 = EDGE_LOOP('',(#10512,#10513,#10514,#10520));
#10512 = ORIENTED_EDGE('',*,*,#9270,.F.);
#10513 = ORIENTED_EDGE('',*,*,#10443,.T.);
#10514 = ORIENTED_EDGE('',*,*,#10515,.T.);
#10515 = EDGE_CURVE('',#10444,#10491,#10516,.T.);
#10516 = LINE('',#10517,#10518);
#10517 = CARTESIAN_POINT('',(7.075,-2.25,1.25));
#10518 = VECTOR('',#10519,1.);
#10519 = DIRECTION('',(0.,0.,-1.));
#10520 = ORIENTED_EDGE('',*,*,#10498,.T.);
#10521 = PLANE('',#10522);
#10522 = AXIS2_PLACEMENT_3D('',#10523,#10524,#10525);
#10523 = CARTESIAN_POINT('',(2.488851351351,-2.25,0.411148648649));
#10524 = DIRECTION('',(0.,1.,0.));
#10525 = DIRECTION('',(0.,-0.,1.));
#10526 = ADVANCED_FACE('',(#10527),#10552,.T.);
#10527 = FACE_BOUND('',#10528,.T.);
#10528 = EDGE_LOOP('',(#10529,#10537,#10538,#10546));
#10529 = ORIENTED_EDGE('',*,*,#10530,.F.);
#10530 = EDGE_CURVE('',#9297,#10531,#10533,.T.);
#10531 = VERTEX_POINT('',#10532);
#10532 = CARTESIAN_POINT('',(7.075,0.25,1.25));
#10533 = LINE('',#10534,#10535);
#10534 = CARTESIAN_POINT('',(-0.25,0.25,1.25));
#10535 = VECTOR('',#10536,1.);
#10536 = DIRECTION('',(1.,0.,0.));
#10537 = ORIENTED_EDGE('',*,*,#9294,.F.);
#10538 = ORIENTED_EDGE('',*,*,#10539,.T.);
#10539 = EDGE_CURVE('',#9295,#10540,#10542,.T.);
#10540 = VERTEX_POINT('',#10541);
#10541 = CARTESIAN_POINT('',(7.075,-0.25,1.25));
#10542 = LINE('',#10543,#10544);
#10543 = CARTESIAN_POINT('',(-0.25,-0.25,1.25));
#10544 = VECTOR('',#10545,1.);
#10545 = DIRECTION('',(1.,0.,0.));
#10546 = ORIENTED_EDGE('',*,*,#10547,.F.);
#10547 = EDGE_CURVE('',#10531,#10540,#10548,.T.);
#10548 = LINE('',#10549,#10550);
#10549 = CARTESIAN_POINT('',(7.075,0.25,1.25));
#10550 = VECTOR('',#10551,1.);
#10551 = DIRECTION('',(0.,-1.,0.));
#10552 = PLANE('',#10553);
#10553 = AXIS2_PLACEMENT_3D('',#10554,#10555,#10556);
#10554 = CARTESIAN_POINT('',(-0.25,0.25,1.25));
#10555 = DIRECTION('',(0.,0.,1.));
#10556 = DIRECTION('',(1.,0.,-0.));
#10557 = ADVANCED_FACE('',(#10558),#10576,.T.);
#10558 = FACE_BOUND('',#10559,.T.);
#10559 = EDGE_LOOP('',(#10560,#10561,#10562,#10570));
#10560 = ORIENTED_EDGE('',*,*,#9320,.F.);
#10561 = ORIENTED_EDGE('',*,*,#10530,.T.);
#10562 = ORIENTED_EDGE('',*,*,#10563,.T.);
#10563 = EDGE_CURVE('',#10531,#10564,#10566,.T.);
#10564 = VERTEX_POINT('',#10565);
#10565 = CARTESIAN_POINT('',(7.075,0.25,0.75));
#10566 = LINE('',#10567,#10568);
#10567 = CARTESIAN_POINT('',(7.075,0.25,1.25));
#10568 = VECTOR('',#10569,1.);
#10569 = DIRECTION('',(0.,0.,-1.));
#10570 = ORIENTED_EDGE('',*,*,#10571,.T.);
#10571 = EDGE_CURVE('',#10564,#9313,#10572,.T.);
#10572 = LINE('',#10573,#10574);
#10573 = CARTESIAN_POINT('',(7.2,0.25,0.75));
#10574 = VECTOR('',#10575,1.);
#10575 = DIRECTION('',(-1.,0.,0.));
#10576 = PLANE('',#10577);
#10577 = AXIS2_PLACEMENT_3D('',#10578,#10579,#10580);
#10578 = CARTESIAN_POINT('',(2.488851351351,0.25,0.411148648649));
#10579 = DIRECTION('',(0.,1.,0.));
#10580 = DIRECTION('',(0.,-0.,1.));
#10581 = ADVANCED_FACE('',(#10582),#10600,.T.);
#10582 = FACE_BOUND('',#10583,.T.);
#10583 = EDGE_LOOP('',(#10584,#10585,#10593,#10599));
#10584 = ORIENTED_EDGE('',*,*,#10571,.F.);
#10585 = ORIENTED_EDGE('',*,*,#10586,.T.);
#10586 = EDGE_CURVE('',#10564,#10587,#10589,.T.);
#10587 = VERTEX_POINT('',#10588);
#10588 = CARTESIAN_POINT('',(7.075,-0.25,0.75));
#10589 = LINE('',#10590,#10591);
#10590 = CARTESIAN_POINT('',(7.075,0.25,0.75));
#10591 = VECTOR('',#10592,1.);
#10592 = DIRECTION('',(0.,-1.,0.));
#10593 = ORIENTED_EDGE('',*,*,#10594,.T.);
#10594 = EDGE_CURVE('',#10587,#9305,#10595,.T.);
#10595 = LINE('',#10596,#10597);
#10596 = CARTESIAN_POINT('',(7.2,-0.25,0.75));
#10597 = VECTOR('',#10598,1.);
#10598 = DIRECTION('',(-1.,0.,0.));
#10599 = ORIENTED_EDGE('',*,*,#9312,.F.);
#10600 = PLANE('',#10601);
#10601 = AXIS2_PLACEMENT_3D('',#10602,#10603,#10604);
#10602 = CARTESIAN_POINT('',(7.2,0.25,0.75));
#10603 = DIRECTION('',(-0.,-0.,-1.));
#10604 = DIRECTION('',(-1.,0.,0.));
#10605 = ADVANCED_FACE('',(#10606),#10617,.F.);
#10606 = FACE_BOUND('',#10607,.F.);
#10607 = EDGE_LOOP('',(#10608,#10609,#10610,#10616));
#10608 = ORIENTED_EDGE('',*,*,#9304,.F.);
#10609 = ORIENTED_EDGE('',*,*,#10539,.T.);
#10610 = ORIENTED_EDGE('',*,*,#10611,.T.);
#10611 = EDGE_CURVE('',#10540,#10587,#10612,.T.);
#10612 = LINE('',#10613,#10614);
#10613 = CARTESIAN_POINT('',(7.075,-0.25,1.25));
#10614 = VECTOR('',#10615,1.);
#10615 = DIRECTION('',(0.,0.,-1.));
#10616 = ORIENTED_EDGE('',*,*,#10594,.T.);
#10617 = PLANE('',#10618);
#10618 = AXIS2_PLACEMENT_3D('',#10619,#10620,#10621);
#10619 = CARTESIAN_POINT('',(2.488851351351,-0.25,0.411148648649));
#10620 = DIRECTION('',(0.,1.,0.));
#10621 = DIRECTION('',(0.,-0.,1.));
#10622 = ADVANCED_FACE('',(#10623),#10648,.T.);
#10623 = FACE_BOUND('',#10624,.T.);
#10624 = EDGE_LOOP('',(#10625,#10633,#10634,#10642));
#10625 = ORIENTED_EDGE('',*,*,#10626,.F.);
#10626 = EDGE_CURVE('',#9331,#10627,#10629,.T.);
#10627 = VERTEX_POINT('',#10628);
#10628 = CARTESIAN_POINT('',(7.075,-5.75,1.25));
#10629 = LINE('',#10630,#10631);
#10630 = CARTESIAN_POINT('',(-0.25,-5.75,1.25));
#10631 = VECTOR('',#10632,1.);
#10632 = DIRECTION('',(1.,0.,0.));
#10633 = ORIENTED_EDGE('',*,*,#9328,.F.);
#10634 = ORIENTED_EDGE('',*,*,#10635,.T.);
#10635 = EDGE_CURVE('',#9329,#10636,#10638,.T.);
#10636 = VERTEX_POINT('',#10637);
#10637 = CARTESIAN_POINT('',(7.075,-6.25,1.25));
#10638 = LINE('',#10639,#10640);
#10639 = CARTESIAN_POINT('',(-0.25,-6.25,1.25));
#10640 = VECTOR('',#10641,1.);
#10641 = DIRECTION('',(1.,0.,0.));
#10642 = ORIENTED_EDGE('',*,*,#10643,.F.);
#10643 = EDGE_CURVE('',#10627,#10636,#10644,.T.);
#10644 = LINE('',#10645,#10646);
#10645 = CARTESIAN_POINT('',(7.075,-5.75,1.25));
#10646 = VECTOR('',#10647,1.);
#10647 = DIRECTION('',(0.,-1.,0.));
#10648 = PLANE('',#10649);
#10649 = AXIS2_PLACEMENT_3D('',#10650,#10651,#10652);
#10650 = CARTESIAN_POINT('',(-0.25,-5.75,1.25));
#10651 = DIRECTION('',(0.,0.,1.));
#10652 = DIRECTION('',(1.,0.,-0.));
#10653 = ADVANCED_FACE('',(#10654),#10672,.T.);
#10654 = FACE_BOUND('',#10655,.T.);
#10655 = EDGE_LOOP('',(#10656,#10657,#10658,#10666));
#10656 = ORIENTED_EDGE('',*,*,#9354,.F.);
#10657 = ORIENTED_EDGE('',*,*,#10626,.T.);
#10658 = ORIENTED_EDGE('',*,*,#10659,.T.);
#10659 = EDGE_CURVE('',#10627,#10660,#10662,.T.);
#10660 = VERTEX_POINT('',#10661);
#10661 = CARTESIAN_POINT('',(7.075,-5.75,0.75));
#10662 = LINE('',#10663,#10664);
#10663 = CARTESIAN_POINT('',(7.075,-5.75,1.25));
#10664 = VECTOR('',#10665,1.);
#10665 = DIRECTION('',(0.,0.,-1.));
#10666 = ORIENTED_EDGE('',*,*,#10667,.T.);
#10667 = EDGE_CURVE('',#10660,#9347,#10668,.T.);
#10668 = LINE('',#10669,#10670);
#10669 = CARTESIAN_POINT('',(7.2,-5.75,0.75));
#10670 = VECTOR('',#10671,1.);
#10671 = DIRECTION('',(-1.,0.,0.));
#10672 = PLANE('',#10673);
#10673 = AXIS2_PLACEMENT_3D('',#10674,#10675,#10676);
#10674 = CARTESIAN_POINT('',(2.488851351351,-5.75,0.411148648649));
#10675 = DIRECTION('',(0.,1.,0.));
#10676 = DIRECTION('',(0.,-0.,1.));
#10677 = ADVANCED_FACE('',(#10678),#10696,.T.);
#10678 = FACE_BOUND('',#10679,.T.);
#10679 = EDGE_LOOP('',(#10680,#10681,#10689,#10695));
#10680 = ORIENTED_EDGE('',*,*,#10667,.F.);
#10681 = ORIENTED_EDGE('',*,*,#10682,.T.);
#10682 = EDGE_CURVE('',#10660,#10683,#10685,.T.);
#10683 = VERTEX_POINT('',#10684);
#10684 = CARTESIAN_POINT('',(7.075,-6.25,0.75));
#10685 = LINE('',#10686,#10687);
#10686 = CARTESIAN_POINT('',(7.075,-5.75,0.75));
#10687 = VECTOR('',#10688,1.);
#10688 = DIRECTION('',(0.,-1.,0.));
#10689 = ORIENTED_EDGE('',*,*,#10690,.T.);
#10690 = EDGE_CURVE('',#10683,#9339,#10691,.T.);
#10691 = LINE('',#10692,#10693);
#10692 = CARTESIAN_POINT('',(7.2,-6.25,0.75));
#10693 = VECTOR('',#10694,1.);
#10694 = DIRECTION('',(-1.,0.,0.));
#10695 = ORIENTED_EDGE('',*,*,#9346,.F.);
#10696 = PLANE('',#10697);
#10697 = AXIS2_PLACEMENT_3D('',#10698,#10699,#10700);
#10698 = CARTESIAN_POINT('',(7.2,-5.75,0.75));
#10699 = DIRECTION('',(-0.,-0.,-1.));
#10700 = DIRECTION('',(-1.,0.,0.));
#10701 = ADVANCED_FACE('',(#10702),#10713,.F.);
#10702 = FACE_BOUND('',#10703,.F.);
#10703 = EDGE_LOOP('',(#10704,#10705,#10706,#10712));
#10704 = ORIENTED_EDGE('',*,*,#9338,.F.);
#10705 = ORIENTED_EDGE('',*,*,#10635,.T.);
#10706 = ORIENTED_EDGE('',*,*,#10707,.T.);
#10707 = EDGE_CURVE('',#10636,#10683,#10708,.T.);
#10708 = LINE('',#10709,#10710);
#10709 = CARTESIAN_POINT('',(7.075,-6.25,1.25));
#10710 = VECTOR('',#10711,1.);
#10711 = DIRECTION('',(0.,0.,-1.));
#10712 = ORIENTED_EDGE('',*,*,#10690,.T.);
#10713 = PLANE('',#10714);
#10714 = AXIS2_PLACEMENT_3D('',#10715,#10716,#10717);
#10715 = CARTESIAN_POINT('',(2.488851351351,-6.25,0.411148648649));
#10716 = DIRECTION('',(0.,1.,0.));
#10717 = DIRECTION('',(0.,-0.,1.));
#10718 = ADVANCED_FACE('',(#10719),#10730,.T.);
#10719 = FACE_BOUND('',#10720,.T.);
#10720 = EDGE_LOOP('',(#10721,#10727,#10728,#10729));
#10721 = ORIENTED_EDGE('',*,*,#10722,.T.);
#10722 = EDGE_CURVE('',#9755,#9835,#10723,.T.);
#10723 = LINE('',#10724,#10725);
#10724 = CARTESIAN_POINT('',(-0.25,-3.75,0.75));
#10725 = VECTOR('',#10726,1.);
#10726 = DIRECTION('',(0.,-1.,0.));
#10727 = ORIENTED_EDGE('',*,*,#9834,.T.);
#10728 = ORIENTED_EDGE('',*,*,#9884,.F.);
#10729 = ORIENTED_EDGE('',*,*,#9754,.F.);
#10730 = CYLINDRICAL_SURFACE('',#10731,0.5);
#10731 = AXIS2_PLACEMENT_3D('',#10732,#10733,#10734);
#10732 = CARTESIAN_POINT('',(0.25,-3.75,0.75));
#10733 = DIRECTION('',(0.,-1.,0.));
#10734 = DIRECTION('',(-1.,0.,0.));
#10735 = ADVANCED_FACE('',(#10736),#10747,.T.);
#10736 = FACE_BOUND('',#10737,.T.);
#10737 = EDGE_LOOP('',(#10738,#10739,#10745,#10746));
#10738 = ORIENTED_EDGE('',*,*,#9796,.F.);
#10739 = ORIENTED_EDGE('',*,*,#10740,.T.);
#10740 = EDGE_CURVE('',#9789,#9862,#10741,.T.);
#10741 = LINE('',#10742,#10743);
#10742 = CARTESIAN_POINT('',(-0.25,-3.75,-2.275));
#10743 = VECTOR('',#10744,1.);
#10744 = DIRECTION('',(0.,-1.,0.));
#10745 = ORIENTED_EDGE('',*,*,#9869,.T.);
#10746 = ORIENTED_EDGE('',*,*,#10722,.F.);
#10747 = PLANE('',#10748);
#10748 = AXIS2_PLACEMENT_3D('',#10749,#10750,#10751);
#10749 = CARTESIAN_POINT('',(-0.25,-3.75,-2.4));
#10750 = DIRECTION('',(-1.,0.,0.));
#10751 = DIRECTION('',(0.,0.,1.));
#10752 = ADVANCED_FACE('',(#10753),#10778,.T.);
#10753 = FACE_BOUND('',#10754,.F.);
#10754 = EDGE_LOOP('',(#10755,#10763,#10764,#10772));
#10755 = ORIENTED_EDGE('',*,*,#10756,.T.);
#10756 = EDGE_CURVE('',#10757,#9781,#10759,.T.);
#10757 = VERTEX_POINT('',#10758);
#10758 = CARTESIAN_POINT('',(0.125,-3.875,-2.4));
#10759 = LINE('',#10760,#10761);
#10760 = CARTESIAN_POINT('',(0.208333333333,-3.791666666667,
    -2.316666666667));
#10761 = VECTOR('',#10762,1.);
#10762 = DIRECTION('',(0.57735026919,0.57735026919,0.57735026919));
#10763 = ORIENTED_EDGE('',*,*,#9788,.T.);
#10764 = ORIENTED_EDGE('',*,*,#10765,.T.);
#10765 = EDGE_CURVE('',#9789,#10766,#10768,.T.);
#10766 = VERTEX_POINT('',#10767);
#10767 = CARTESIAN_POINT('',(-0.125,-3.875,-2.4));
#10768 = LINE('',#10769,#10770);
#10769 = CARTESIAN_POINT('',(-0.125,-3.875,-2.4));
#10770 = VECTOR('',#10771,1.);
#10771 = DIRECTION('',(0.57735026919,-0.57735026919,-0.57735026919));
#10772 = ORIENTED_EDGE('',*,*,#10773,.F.);
#10773 = EDGE_CURVE('',#10757,#10766,#10774,.T.);
#10774 = LINE('',#10775,#10776);
#10775 = CARTESIAN_POINT('',(0.25,-3.875,-2.4));
#10776 = VECTOR('',#10777,1.);
#10777 = DIRECTION('',(-1.,0.,0.));
#10778 = PLANE('',#10779);
#10779 = AXIS2_PLACEMENT_3D('',#10780,#10781,#10782);
#10780 = CARTESIAN_POINT('',(0.25,-3.8125,-2.3375));
#10781 = DIRECTION('',(0.,0.707106781187,-0.707106781187));
#10782 = DIRECTION('',(1.,0.,0.));
#10783 = ADVANCED_FACE('',(#10784),#10795,.T.);
#10784 = FACE_BOUND('',#10785,.T.);
#10785 = EDGE_LOOP('',(#10786,#10787,#10788,#10789));
#10786 = ORIENTED_EDGE('',*,*,#9780,.F.);
#10787 = ORIENTED_EDGE('',*,*,#9820,.T.);
#10788 = ORIENTED_EDGE('',*,*,#9853,.T.);
#10789 = ORIENTED_EDGE('',*,*,#10790,.F.);
#10790 = EDGE_CURVE('',#9781,#9854,#10791,.T.);
#10791 = LINE('',#10792,#10793);
#10792 = CARTESIAN_POINT('',(0.25,-3.75,-2.275));
#10793 = VECTOR('',#10794,1.);
#10794 = DIRECTION('',(0.,-1.,0.));
#10795 = PLANE('',#10796);
#10796 = AXIS2_PLACEMENT_3D('',#10797,#10798,#10799);
#10797 = CARTESIAN_POINT('',(0.25,-3.75,0.75));
#10798 = DIRECTION('',(1.,0.,0.));
#10799 = DIRECTION('',(0.,0.,-1.));
#10800 = ADVANCED_FACE('',(#10801),#10826,.F.);
#10801 = FACE_BOUND('',#10802,.F.);
#10802 = EDGE_LOOP('',(#10803,#10811,#10819,#10825));
#10803 = ORIENTED_EDGE('',*,*,#10804,.F.);
#10804 = EDGE_CURVE('',#10805,#9854,#10807,.T.);
#10805 = VERTEX_POINT('',#10806);
#10806 = CARTESIAN_POINT('',(0.125,-4.125,-2.4));
#10807 = LINE('',#10808,#10809);
#10808 = CARTESIAN_POINT('',(0.125,-4.125,-2.4));
#10809 = VECTOR('',#10810,1.);
#10810 = DIRECTION('',(0.57735026919,-0.57735026919,0.57735026919));
#10811 = ORIENTED_EDGE('',*,*,#10812,.T.);
#10812 = EDGE_CURVE('',#10805,#10813,#10815,.T.);
#10813 = VERTEX_POINT('',#10814);
#10814 = CARTESIAN_POINT('',(-0.125,-4.125,-2.4));
#10815 = LINE('',#10816,#10817);
#10816 = CARTESIAN_POINT('',(0.25,-4.125,-2.4));
#10817 = VECTOR('',#10818,1.);
#10818 = DIRECTION('',(-1.,0.,0.));
#10819 = ORIENTED_EDGE('',*,*,#10820,.T.);
#10820 = EDGE_CURVE('',#10813,#9862,#10821,.T.);
#10821 = LINE('',#10822,#10823);
#10822 = CARTESIAN_POINT('',(-4.166666666667E-02,-4.041666666667,
    -2.483333333333));
#10823 = VECTOR('',#10824,1.);
#10824 = DIRECTION('',(-0.57735026919,-0.57735026919,0.57735026919));
#10825 = ORIENTED_EDGE('',*,*,#9861,.F.);
#10826 = PLANE('',#10827);
#10827 = AXIS2_PLACEMENT_3D('',#10828,#10829,#10830);
#10828 = CARTESIAN_POINT('',(0.25,-4.1875,-2.3375));
#10829 = DIRECTION('',(0.,0.707106781187,0.707106781187));
#10830 = DIRECTION('',(-1.,0.,0.));
#10831 = ADVANCED_FACE('',(#10832),#10843,.T.);
#10832 = FACE_BOUND('',#10833,.T.);
#10833 = EDGE_LOOP('',(#10834,#10840,#10841,#10842));
#10834 = ORIENTED_EDGE('',*,*,#10835,.T.);
#10835 = EDGE_CURVE('',#9932,#10005,#10836,.T.);
#10836 = LINE('',#10837,#10838);
#10837 = CARTESIAN_POINT('',(-0.25,-1.75,0.75));
#10838 = VECTOR('',#10839,1.);
#10839 = DIRECTION('',(0.,-1.,0.));
#10840 = ORIENTED_EDGE('',*,*,#10004,.T.);
#10841 = ORIENTED_EDGE('',*,*,#9908,.F.);
#10842 = ORIENTED_EDGE('',*,*,#9931,.F.);
#10843 = CYLINDRICAL_SURFACE('',#10844,0.5);
#10844 = AXIS2_PLACEMENT_3D('',#10845,#10846,#10847);
#10845 = CARTESIAN_POINT('',(0.25,-1.75,0.75));
#10846 = DIRECTION('',(0.,-1.,0.));
#10847 = DIRECTION('',(-1.,0.,0.));
#10848 = ADVANCED_FACE('',(#10849),#10860,.T.);
#10849 = FACE_BOUND('',#10850,.T.);
#10850 = EDGE_LOOP('',(#10851,#10852,#10858,#10859));
#10851 = ORIENTED_EDGE('',*,*,#9966,.F.);
#10852 = ORIENTED_EDGE('',*,*,#10853,.T.);
#10853 = EDGE_CURVE('',#9959,#10025,#10854,.T.);
#10854 = LINE('',#10855,#10856);
#10855 = CARTESIAN_POINT('',(-0.25,-1.75,-2.275));
#10856 = VECTOR('',#10857,1.);
#10857 = DIRECTION('',(0.,-1.,0.));
#10858 = ORIENTED_EDGE('',*,*,#10032,.T.);
#10859 = ORIENTED_EDGE('',*,*,#10835,.F.);
#10860 = PLANE('',#10861);
#10861 = AXIS2_PLACEMENT_3D('',#10862,#10863,#10864);
#10862 = CARTESIAN_POINT('',(-0.25,-1.75,-2.4));
#10863 = DIRECTION('',(-1.,0.,0.));
#10864 = DIRECTION('',(0.,0.,1.));
#10865 = ADVANCED_FACE('',(#10866),#10891,.T.);
#10866 = FACE_BOUND('',#10867,.F.);
#10867 = EDGE_LOOP('',(#10868,#10876,#10877,#10885));
#10868 = ORIENTED_EDGE('',*,*,#10869,.T.);
#10869 = EDGE_CURVE('',#10870,#9951,#10872,.T.);
#10870 = VERTEX_POINT('',#10871);
#10871 = CARTESIAN_POINT('',(0.125,-1.875,-2.4));
#10872 = LINE('',#10873,#10874);
#10873 = CARTESIAN_POINT('',(0.208333333333,-1.791666666667,
    -2.316666666667));
#10874 = VECTOR('',#10875,1.);
#10875 = DIRECTION('',(0.57735026919,0.57735026919,0.57735026919));
#10876 = ORIENTED_EDGE('',*,*,#9958,.T.);
#10877 = ORIENTED_EDGE('',*,*,#10878,.T.);
#10878 = EDGE_CURVE('',#9959,#10879,#10881,.T.);
#10879 = VERTEX_POINT('',#10880);
#10880 = CARTESIAN_POINT('',(-0.125,-1.875,-2.4));
#10881 = LINE('',#10882,#10883);
#10882 = CARTESIAN_POINT('',(-0.125,-1.875,-2.4));
#10883 = VECTOR('',#10884,1.);
#10884 = DIRECTION('',(0.57735026919,-0.57735026919,-0.57735026919));
#10885 = ORIENTED_EDGE('',*,*,#10886,.F.);
#10886 = EDGE_CURVE('',#10870,#10879,#10887,.T.);
#10887 = LINE('',#10888,#10889);
#10888 = CARTESIAN_POINT('',(0.25,-1.875,-2.4));
#10889 = VECTOR('',#10890,1.);
#10890 = DIRECTION('',(-1.,0.,0.));
#10891 = PLANE('',#10892);
#10892 = AXIS2_PLACEMENT_3D('',#10893,#10894,#10895);
#10893 = CARTESIAN_POINT('',(0.25,-1.8125,-2.3375));
#10894 = DIRECTION('',(0.,0.707106781187,-0.707106781187));
#10895 = DIRECTION('',(1.,0.,0.));
#10896 = ADVANCED_FACE('',(#10897),#10908,.T.);
#10897 = FACE_BOUND('',#10898,.T.);
#10898 = EDGE_LOOP('',(#10899,#10900,#10901,#10902));
#10899 = ORIENTED_EDGE('',*,*,#9950,.F.);
#10900 = ORIENTED_EDGE('',*,*,#9990,.T.);
#10901 = ORIENTED_EDGE('',*,*,#10016,.T.);
#10902 = ORIENTED_EDGE('',*,*,#10903,.F.);
#10903 = EDGE_CURVE('',#9951,#10017,#10904,.T.);
#10904 = LINE('',#10905,#10906);
#10905 = CARTESIAN_POINT('',(0.25,-1.75,-2.275));
#10906 = VECTOR('',#10907,1.);
#10907 = DIRECTION('',(0.,-1.,0.));
#10908 = PLANE('',#10909);
#10909 = AXIS2_PLACEMENT_3D('',#10910,#10911,#10912);
#10910 = CARTESIAN_POINT('',(0.25,-1.75,0.75));
#10911 = DIRECTION('',(1.,0.,0.));
#10912 = DIRECTION('',(0.,0.,-1.));
#10913 = ADVANCED_FACE('',(#10914),#10939,.F.);
#10914 = FACE_BOUND('',#10915,.F.);
#10915 = EDGE_LOOP('',(#10916,#10924,#10932,#10938));
#10916 = ORIENTED_EDGE('',*,*,#10917,.F.);
#10917 = EDGE_CURVE('',#10918,#10017,#10920,.T.);
#10918 = VERTEX_POINT('',#10919);
#10919 = CARTESIAN_POINT('',(0.125,-2.125,-2.4));
#10920 = LINE('',#10921,#10922);
#10921 = CARTESIAN_POINT('',(0.125,-2.125,-2.4));
#10922 = VECTOR('',#10923,1.);
#10923 = DIRECTION('',(0.57735026919,-0.57735026919,0.57735026919));
#10924 = ORIENTED_EDGE('',*,*,#10925,.T.);
#10925 = EDGE_CURVE('',#10918,#10926,#10928,.T.);
#10926 = VERTEX_POINT('',#10927);
#10927 = CARTESIAN_POINT('',(-0.125,-2.125,-2.4));
#10928 = LINE('',#10929,#10930);
#10929 = CARTESIAN_POINT('',(0.25,-2.125,-2.4));
#10930 = VECTOR('',#10931,1.);
#10931 = DIRECTION('',(-1.,0.,0.));
#10932 = ORIENTED_EDGE('',*,*,#10933,.T.);
#10933 = EDGE_CURVE('',#10926,#10025,#10934,.T.);
#10934 = LINE('',#10935,#10936);
#10935 = CARTESIAN_POINT('',(-4.166666666667E-02,-2.041666666667,
    -2.483333333333));
#10936 = VECTOR('',#10937,1.);
#10937 = DIRECTION('',(-0.57735026919,-0.57735026919,0.57735026919));
#10938 = ORIENTED_EDGE('',*,*,#10024,.F.);
#10939 = PLANE('',#10940);
#10940 = AXIS2_PLACEMENT_3D('',#10941,#10942,#10943);
#10941 = CARTESIAN_POINT('',(0.25,-2.1875,-2.3375));
#10942 = DIRECTION('',(0.,0.707106781187,0.707106781187));
#10943 = DIRECTION('',(-1.,0.,0.));
#10944 = ADVANCED_FACE('',(#10945),#10956,.T.);
#10945 = FACE_BOUND('',#10946,.T.);
#10946 = EDGE_LOOP('',(#10947,#10953,#10954,#10955));
#10947 = ORIENTED_EDGE('',*,*,#10948,.T.);
#10948 = EDGE_CURVE('',#10078,#10151,#10949,.T.);
#10949 = LINE('',#10950,#10951);
#10950 = CARTESIAN_POINT('',(-0.25,0.25,0.75));
#10951 = VECTOR('',#10952,1.);
#10952 = DIRECTION('',(0.,-1.,0.));
#10953 = ORIENTED_EDGE('',*,*,#10150,.T.);
#10954 = ORIENTED_EDGE('',*,*,#10054,.F.);
#10955 = ORIENTED_EDGE('',*,*,#10077,.F.);
#10956 = CYLINDRICAL_SURFACE('',#10957,0.5);
#10957 = AXIS2_PLACEMENT_3D('',#10958,#10959,#10960);
#10958 = CARTESIAN_POINT('',(0.25,0.25,0.75));
#10959 = DIRECTION('',(0.,-1.,0.));
#10960 = DIRECTION('',(-1.,0.,0.));
#10961 = ADVANCED_FACE('',(#10962),#10973,.T.);
#10962 = FACE_BOUND('',#10963,.T.);
#10963 = EDGE_LOOP('',(#10964,#10965,#10971,#10972));
#10964 = ORIENTED_EDGE('',*,*,#10112,.F.);
#10965 = ORIENTED_EDGE('',*,*,#10966,.T.);
#10966 = EDGE_CURVE('',#10105,#10171,#10967,.T.);
#10967 = LINE('',#10968,#10969);
#10968 = CARTESIAN_POINT('',(-0.25,0.25,-2.275));
#10969 = VECTOR('',#10970,1.);
#10970 = DIRECTION('',(0.,-1.,0.));
#10971 = ORIENTED_EDGE('',*,*,#10178,.T.);
#10972 = ORIENTED_EDGE('',*,*,#10948,.F.);
#10973 = PLANE('',#10974);
#10974 = AXIS2_PLACEMENT_3D('',#10975,#10976,#10977);
#10975 = CARTESIAN_POINT('',(-0.25,0.25,-2.4));
#10976 = DIRECTION('',(-1.,0.,0.));
#10977 = DIRECTION('',(0.,0.,1.));
#10978 = ADVANCED_FACE('',(#10979),#11004,.T.);
#10979 = FACE_BOUND('',#10980,.F.);
#10980 = EDGE_LOOP('',(#10981,#10989,#10990,#10998));
#10981 = ORIENTED_EDGE('',*,*,#10982,.T.);
#10982 = EDGE_CURVE('',#10983,#10097,#10985,.T.);
#10983 = VERTEX_POINT('',#10984);
#10984 = CARTESIAN_POINT('',(0.125,0.125,-2.4));
#10985 = LINE('',#10986,#10987);
#10986 = CARTESIAN_POINT('',(0.208333333333,0.208333333333,
    -2.316666666667));
#10987 = VECTOR('',#10988,1.);
#10988 = DIRECTION('',(0.57735026919,0.57735026919,0.57735026919));
#10989 = ORIENTED_EDGE('',*,*,#10104,.T.);
#10990 = ORIENTED_EDGE('',*,*,#10991,.T.);
#10991 = EDGE_CURVE('',#10105,#10992,#10994,.T.);
#10992 = VERTEX_POINT('',#10993);
#10993 = CARTESIAN_POINT('',(-0.125,0.125,-2.4));
#10994 = LINE('',#10995,#10996);
#10995 = CARTESIAN_POINT('',(-0.125,0.125,-2.4));
#10996 = VECTOR('',#10997,1.);
#10997 = DIRECTION('',(0.57735026919,-0.57735026919,-0.57735026919));
#10998 = ORIENTED_EDGE('',*,*,#10999,.F.);
#10999 = EDGE_CURVE('',#10983,#10992,#11000,.T.);
#11000 = LINE('',#11001,#11002);
#11001 = CARTESIAN_POINT('',(0.25,0.125,-2.4));
#11002 = VECTOR('',#11003,1.);
#11003 = DIRECTION('',(-1.,0.,0.));
#11004 = PLANE('',#11005);
#11005 = AXIS2_PLACEMENT_3D('',#11006,#11007,#11008);
#11006 = CARTESIAN_POINT('',(0.25,0.1875,-2.3375));
#11007 = DIRECTION('',(0.,0.707106781187,-0.707106781187));
#11008 = DIRECTION('',(1.,0.,0.));
#11009 = ADVANCED_FACE('',(#11010),#11021,.T.);
#11010 = FACE_BOUND('',#11011,.T.);
#11011 = EDGE_LOOP('',(#11012,#11013,#11014,#11015));
#11012 = ORIENTED_EDGE('',*,*,#10096,.F.);
#11013 = ORIENTED_EDGE('',*,*,#10136,.T.);
#11014 = ORIENTED_EDGE('',*,*,#10162,.T.);
#11015 = ORIENTED_EDGE('',*,*,#11016,.F.);
#11016 = EDGE_CURVE('',#10097,#10163,#11017,.T.);
#11017 = LINE('',#11018,#11019);
#11018 = CARTESIAN_POINT('',(0.25,0.25,-2.275));
#11019 = VECTOR('',#11020,1.);
#11020 = DIRECTION('',(0.,-1.,0.));
#11021 = PLANE('',#11022);
#11022 = AXIS2_PLACEMENT_3D('',#11023,#11024,#11025);
#11023 = CARTESIAN_POINT('',(0.25,0.25,0.75));
#11024 = DIRECTION('',(1.,0.,0.));
#11025 = DIRECTION('',(0.,0.,-1.));
#11026 = ADVANCED_FACE('',(#11027),#11052,.F.);
#11027 = FACE_BOUND('',#11028,.F.);
#11028 = EDGE_LOOP('',(#11029,#11037,#11045,#11051));
#11029 = ORIENTED_EDGE('',*,*,#11030,.F.);
#11030 = EDGE_CURVE('',#11031,#10163,#11033,.T.);
#11031 = VERTEX_POINT('',#11032);
#11032 = CARTESIAN_POINT('',(0.125,-0.125,-2.4));
#11033 = LINE('',#11034,#11035);
#11034 = CARTESIAN_POINT('',(0.125,-0.125,-2.4));
#11035 = VECTOR('',#11036,1.);
#11036 = DIRECTION('',(0.57735026919,-0.57735026919,0.57735026919));
#11037 = ORIENTED_EDGE('',*,*,#11038,.T.);
#11038 = EDGE_CURVE('',#11031,#11039,#11041,.T.);
#11039 = VERTEX_POINT('',#11040);
#11040 = CARTESIAN_POINT('',(-0.125,-0.125,-2.4));
#11041 = LINE('',#11042,#11043);
#11042 = CARTESIAN_POINT('',(0.25,-0.125,-2.4));
#11043 = VECTOR('',#11044,1.);
#11044 = DIRECTION('',(-1.,0.,0.));
#11045 = ORIENTED_EDGE('',*,*,#11046,.T.);
#11046 = EDGE_CURVE('',#11039,#10171,#11047,.T.);
#11047 = LINE('',#11048,#11049);
#11048 = CARTESIAN_POINT('',(-4.166666666667E-02,-4.166666666667E-02,
    -2.483333333333));
#11049 = VECTOR('',#11050,1.);
#11050 = DIRECTION('',(-0.57735026919,-0.57735026919,0.57735026919));
#11051 = ORIENTED_EDGE('',*,*,#10170,.F.);
#11052 = PLANE('',#11053);
#11053 = AXIS2_PLACEMENT_3D('',#11054,#11055,#11056);
#11054 = CARTESIAN_POINT('',(0.25,-0.1875,-2.3375));
#11055 = DIRECTION('',(0.,0.707106781187,0.707106781187));
#11056 = DIRECTION('',(-1.,0.,0.));
#11057 = ADVANCED_FACE('',(#11058),#11069,.T.);
#11058 = FACE_BOUND('',#11059,.T.);
#11059 = EDGE_LOOP('',(#11060,#11066,#11067,#11068));
#11060 = ORIENTED_EDGE('',*,*,#11061,.T.);
#11061 = EDGE_CURVE('',#10224,#10297,#11062,.T.);
#11062 = LINE('',#11063,#11064);
#11063 = CARTESIAN_POINT('',(-0.25,-5.75,0.75));
#11064 = VECTOR('',#11065,1.);
#11065 = DIRECTION('',(0.,-1.,0.));
#11066 = ORIENTED_EDGE('',*,*,#10296,.T.);
#11067 = ORIENTED_EDGE('',*,*,#10200,.F.);
#11068 = ORIENTED_EDGE('',*,*,#10223,.F.);
#11069 = CYLINDRICAL_SURFACE('',#11070,0.5);
#11070 = AXIS2_PLACEMENT_3D('',#11071,#11072,#11073);
#11071 = CARTESIAN_POINT('',(0.25,-5.75,0.75));
#11072 = DIRECTION('',(0.,-1.,0.));
#11073 = DIRECTION('',(-1.,0.,0.));
#11074 = ADVANCED_FACE('',(#11075),#11086,.T.);
#11075 = FACE_BOUND('',#11076,.T.);
#11076 = EDGE_LOOP('',(#11077,#11078,#11084,#11085));
#11077 = ORIENTED_EDGE('',*,*,#10258,.F.);
#11078 = ORIENTED_EDGE('',*,*,#11079,.T.);
#11079 = EDGE_CURVE('',#10251,#10317,#11080,.T.);
#11080 = LINE('',#11081,#11082);
#11081 = CARTESIAN_POINT('',(-0.25,-5.75,-2.275));
#11082 = VECTOR('',#11083,1.);
#11083 = DIRECTION('',(0.,-1.,0.));
#11084 = ORIENTED_EDGE('',*,*,#10324,.T.);
#11085 = ORIENTED_EDGE('',*,*,#11061,.F.);
#11086 = PLANE('',#11087);
#11087 = AXIS2_PLACEMENT_3D('',#11088,#11089,#11090);
#11088 = CARTESIAN_POINT('',(-0.25,-5.75,-2.4));
#11089 = DIRECTION('',(-1.,0.,0.));
#11090 = DIRECTION('',(0.,0.,1.));
#11091 = ADVANCED_FACE('',(#11092),#11117,.T.);
#11092 = FACE_BOUND('',#11093,.F.);
#11093 = EDGE_LOOP('',(#11094,#11102,#11103,#11111));
#11094 = ORIENTED_EDGE('',*,*,#11095,.T.);
#11095 = EDGE_CURVE('',#11096,#10243,#11098,.T.);
#11096 = VERTEX_POINT('',#11097);
#11097 = CARTESIAN_POINT('',(0.125,-5.875,-2.4));
#11098 = LINE('',#11099,#11100);
#11099 = CARTESIAN_POINT('',(0.208333333333,-5.791666666667,
    -2.316666666667));
#11100 = VECTOR('',#11101,1.);
#11101 = DIRECTION('',(0.57735026919,0.57735026919,0.57735026919));
#11102 = ORIENTED_EDGE('',*,*,#10250,.T.);
#11103 = ORIENTED_EDGE('',*,*,#11104,.T.);
#11104 = EDGE_CURVE('',#10251,#11105,#11107,.T.);
#11105 = VERTEX_POINT('',#11106);
#11106 = CARTESIAN_POINT('',(-0.125,-5.875,-2.4));
#11107 = LINE('',#11108,#11109);
#11108 = CARTESIAN_POINT('',(-0.125,-5.875,-2.4));
#11109 = VECTOR('',#11110,1.);
#11110 = DIRECTION('',(0.57735026919,-0.57735026919,-0.57735026919));
#11111 = ORIENTED_EDGE('',*,*,#11112,.F.);
#11112 = EDGE_CURVE('',#11096,#11105,#11113,.T.);
#11113 = LINE('',#11114,#11115);
#11114 = CARTESIAN_POINT('',(0.25,-5.875,-2.4));
#11115 = VECTOR('',#11116,1.);
#11116 = DIRECTION('',(-1.,0.,0.));
#11117 = PLANE('',#11118);
#11118 = AXIS2_PLACEMENT_3D('',#11119,#11120,#11121);
#11119 = CARTESIAN_POINT('',(0.25,-5.8125,-2.3375));
#11120 = DIRECTION('',(0.,0.707106781187,-0.707106781187));
#11121 = DIRECTION('',(1.,0.,0.));
#11122 = ADVANCED_FACE('',(#11123),#11134,.T.);
#11123 = FACE_BOUND('',#11124,.T.);
#11124 = EDGE_LOOP('',(#11125,#11126,#11127,#11128));
#11125 = ORIENTED_EDGE('',*,*,#10242,.F.);
#11126 = ORIENTED_EDGE('',*,*,#10282,.T.);
#11127 = ORIENTED_EDGE('',*,*,#10308,.T.);
#11128 = ORIENTED_EDGE('',*,*,#11129,.F.);
#11129 = EDGE_CURVE('',#10243,#10309,#11130,.T.);
#11130 = LINE('',#11131,#11132);
#11131 = CARTESIAN_POINT('',(0.25,-5.75,-2.275));
#11132 = VECTOR('',#11133,1.);
#11133 = DIRECTION('',(0.,-1.,0.));
#11134 = PLANE('',#11135);
#11135 = AXIS2_PLACEMENT_3D('',#11136,#11137,#11138);
#11136 = CARTESIAN_POINT('',(0.25,-5.75,0.75));
#11137 = DIRECTION('',(1.,0.,0.));
#11138 = DIRECTION('',(0.,0.,-1.));
#11139 = ADVANCED_FACE('',(#11140),#11165,.F.);
#11140 = FACE_BOUND('',#11141,.F.);
#11141 = EDGE_LOOP('',(#11142,#11150,#11158,#11164));
#11142 = ORIENTED_EDGE('',*,*,#11143,.F.);
#11143 = EDGE_CURVE('',#11144,#10309,#11146,.T.);
#11144 = VERTEX_POINT('',#11145);
#11145 = CARTESIAN_POINT('',(0.125,-6.125,-2.4));
#11146 = LINE('',#11147,#11148);
#11147 = CARTESIAN_POINT('',(0.125,-6.125,-2.4));
#11148 = VECTOR('',#11149,1.);
#11149 = DIRECTION('',(0.57735026919,-0.57735026919,0.57735026919));
#11150 = ORIENTED_EDGE('',*,*,#11151,.T.);
#11151 = EDGE_CURVE('',#11144,#11152,#11154,.T.);
#11152 = VERTEX_POINT('',#11153);
#11153 = CARTESIAN_POINT('',(-0.125,-6.125,-2.4));
#11154 = LINE('',#11155,#11156);
#11155 = CARTESIAN_POINT('',(0.25,-6.125,-2.4));
#11156 = VECTOR('',#11157,1.);
#11157 = DIRECTION('',(-1.,0.,0.));
#11158 = ORIENTED_EDGE('',*,*,#11159,.T.);
#11159 = EDGE_CURVE('',#11152,#10317,#11160,.T.);
#11160 = LINE('',#11161,#11162);
#11161 = CARTESIAN_POINT('',(-4.166666666667E-02,-6.041666666667,
    -2.483333333333));
#11162 = VECTOR('',#11163,1.);
#11163 = DIRECTION('',(-0.57735026919,-0.57735026919,0.57735026919));
#11164 = ORIENTED_EDGE('',*,*,#10316,.F.);
#11165 = PLANE('',#11166);
#11166 = AXIS2_PLACEMENT_3D('',#11167,#11168,#11169);
#11167 = CARTESIAN_POINT('',(0.25,-6.1875,-2.3375));
#11168 = DIRECTION('',(0.,0.707106781187,0.707106781187));
#11169 = DIRECTION('',(-1.,0.,0.));
#11170 = ADVANCED_FACE('',(#11171),#11196,.T.);
#11171 = FACE_BOUND('',#11172,.F.);
#11172 = EDGE_LOOP('',(#11173,#11181,#11182,#11190));
#11173 = ORIENTED_EDGE('',*,*,#11174,.F.);
#11174 = EDGE_CURVE('',#10340,#11175,#11177,.T.);
#11175 = VERTEX_POINT('',#11176);
#11176 = CARTESIAN_POINT('',(7.2,-3.875,1.125));
#11177 = LINE('',#11178,#11179);
#11178 = CARTESIAN_POINT('',(7.116666666667,-3.791666666667,
    1.208333333333));
#11179 = VECTOR('',#11180,1.);
#11180 = DIRECTION('',(0.57735026919,-0.57735026919,-0.57735026919));
#11181 = ORIENTED_EDGE('',*,*,#10347,.T.);
#11182 = ORIENTED_EDGE('',*,*,#11183,.T.);
#11183 = EDGE_CURVE('',#10348,#11184,#11186,.T.);
#11184 = VERTEX_POINT('',#11185);
#11185 = CARTESIAN_POINT('',(7.2,-3.875,0.875));
#11186 = LINE('',#11187,#11188);
#11187 = CARTESIAN_POINT('',(7.2,-3.875,0.875));
#11188 = VECTOR('',#11189,1.);
#11189 = DIRECTION('',(0.57735026919,-0.57735026919,0.57735026919));
#11190 = ORIENTED_EDGE('',*,*,#11191,.F.);
#11191 = EDGE_CURVE('',#11175,#11184,#11192,.T.);
#11192 = LINE('',#11193,#11194);
#11193 = CARTESIAN_POINT('',(7.2,-3.875,1.25));
#11194 = VECTOR('',#11195,1.);
#11195 = DIRECTION('',(0.,0.,-1.));
#11196 = PLANE('',#11197);
#11197 = AXIS2_PLACEMENT_3D('',#11198,#11199,#11200);
#11198 = CARTESIAN_POINT('',(7.1375,-3.8125,1.25));
#11199 = DIRECTION('',(0.707106781187,0.707106781187,0.));
#11200 = DIRECTION('',(0.,-0.,1.));
#11201 = ADVANCED_FACE('',(#11202),#11220,.T.);
#11202 = FACE_BOUND('',#11203,.F.);
#11203 = EDGE_LOOP('',(#11204,#11205,#11206,#11214));
#11204 = ORIENTED_EDGE('',*,*,#11183,.F.);
#11205 = ORIENTED_EDGE('',*,*,#10370,.T.);
#11206 = ORIENTED_EDGE('',*,*,#11207,.T.);
#11207 = EDGE_CURVE('',#10371,#11208,#11210,.T.);
#11208 = VERTEX_POINT('',#11209);
#11209 = CARTESIAN_POINT('',(7.2,-4.125,0.875));
#11210 = LINE('',#11211,#11212);
#11211 = CARTESIAN_POINT('',(7.283333333333,-4.041666666667,
    0.958333333333));
#11212 = VECTOR('',#11213,1.);
#11213 = DIRECTION('',(0.57735026919,0.57735026919,0.57735026919));
#11214 = ORIENTED_EDGE('',*,*,#11215,.F.);
#11215 = EDGE_CURVE('',#11184,#11208,#11216,.T.);
#11216 = LINE('',#11217,#11218);
#11217 = CARTESIAN_POINT('',(7.2,-3.75,0.875));
#11218 = VECTOR('',#11219,1.);
#11219 = DIRECTION('',(0.,-1.,0.));
#11220 = PLANE('',#11221);
#11221 = AXIS2_PLACEMENT_3D('',#11222,#11223,#11224);
#11222 = CARTESIAN_POINT('',(7.1375,-3.75,0.8125));
#11223 = DIRECTION('',(0.707106781187,0.,-0.707106781187));
#11224 = DIRECTION('',(0.,1.,0.));
#11225 = ADVANCED_FACE('',(#11226),#11244,.F.);
#11226 = FACE_BOUND('',#11227,.T.);
#11227 = EDGE_LOOP('',(#11228,#11236,#11237,#11238));
#11228 = ORIENTED_EDGE('',*,*,#11229,.F.);
#11229 = EDGE_CURVE('',#10395,#11230,#11232,.T.);
#11230 = VERTEX_POINT('',#11231);
#11231 = CARTESIAN_POINT('',(7.2,-4.125,1.125));
#11232 = LINE('',#11233,#11234);
#11233 = CARTESIAN_POINT('',(7.2,-4.125,1.125));
#11234 = VECTOR('',#11235,1.);
#11235 = DIRECTION('',(0.57735026919,0.57735026919,-0.57735026919));
#11236 = ORIENTED_EDGE('',*,*,#10402,.T.);
#11237 = ORIENTED_EDGE('',*,*,#11207,.T.);
#11238 = ORIENTED_EDGE('',*,*,#11239,.F.);
#11239 = EDGE_CURVE('',#11230,#11208,#11240,.T.);
#11240 = LINE('',#11241,#11242);
#11241 = CARTESIAN_POINT('',(7.2,-4.125,1.25));
#11242 = VECTOR('',#11243,1.);
#11243 = DIRECTION('',(0.,0.,-1.));
#11244 = PLANE('',#11245);
#11245 = AXIS2_PLACEMENT_3D('',#11246,#11247,#11248);
#11246 = CARTESIAN_POINT('',(7.1375,-4.1875,1.25));
#11247 = DIRECTION('',(-0.707106781187,0.707106781187,0.));
#11248 = DIRECTION('',(0.,0.,1.));
#11249 = ADVANCED_FACE('',(#11250),#11261,.T.);
#11250 = FACE_BOUND('',#11251,.T.);
#11251 = EDGE_LOOP('',(#11252,#11253,#11254,#11255));
#11252 = ORIENTED_EDGE('',*,*,#11174,.F.);
#11253 = ORIENTED_EDGE('',*,*,#10420,.T.);
#11254 = ORIENTED_EDGE('',*,*,#11229,.T.);
#11255 = ORIENTED_EDGE('',*,*,#11256,.F.);
#11256 = EDGE_CURVE('',#11175,#11230,#11257,.T.);
#11257 = LINE('',#11258,#11259);
#11258 = CARTESIAN_POINT('',(7.2,-3.75,1.125));
#11259 = VECTOR('',#11260,1.);
#11260 = DIRECTION('',(0.,-1.,0.));
#11261 = PLANE('',#11262);
#11262 = AXIS2_PLACEMENT_3D('',#11263,#11264,#11265);
#11263 = CARTESIAN_POINT('',(7.1375,-3.75,1.1875));
#11264 = DIRECTION('',(0.707106781187,0.,0.707106781187));
#11265 = DIRECTION('',(0.,-1.,0.));
#11266 = ADVANCED_FACE('',(#11267),#11292,.T.);
#11267 = FACE_BOUND('',#11268,.T.);
#11268 = EDGE_LOOP('',(#11269,#11277,#11278,#11286));
#11269 = ORIENTED_EDGE('',*,*,#11270,.F.);
#11270 = EDGE_CURVE('',#10435,#11271,#11273,.T.);
#11271 = VERTEX_POINT('',#11272);
#11272 = CARTESIAN_POINT('',(7.2,-1.875,1.125));
#11273 = LINE('',#11274,#11275);
#11274 = CARTESIAN_POINT('',(7.116666666667,-1.791666666667,
    1.208333333333));
#11275 = VECTOR('',#11276,1.);
#11276 = DIRECTION('',(0.57735026919,-0.57735026919,-0.57735026919));
#11277 = ORIENTED_EDGE('',*,*,#10451,.T.);
#11278 = ORIENTED_EDGE('',*,*,#11279,.T.);
#11279 = EDGE_CURVE('',#10444,#11280,#11282,.T.);
#11280 = VERTEX_POINT('',#11281);
#11281 = CARTESIAN_POINT('',(7.2,-2.125,1.125));
#11282 = LINE('',#11283,#11284);
#11283 = CARTESIAN_POINT('',(7.2,-2.125,1.125));
#11284 = VECTOR('',#11285,1.);
#11285 = DIRECTION('',(0.57735026919,0.57735026919,-0.57735026919));
#11286 = ORIENTED_EDGE('',*,*,#11287,.F.);
#11287 = EDGE_CURVE('',#11271,#11280,#11288,.T.);
#11288 = LINE('',#11289,#11290);
#11289 = CARTESIAN_POINT('',(7.2,-1.75,1.125));
#11290 = VECTOR('',#11291,1.);
#11291 = DIRECTION('',(0.,-1.,0.));
#11292 = PLANE('',#11293);
#11293 = AXIS2_PLACEMENT_3D('',#11294,#11295,#11296);
#11294 = CARTESIAN_POINT('',(7.1375,-1.75,1.1875));
#11295 = DIRECTION('',(0.707106781187,0.,0.707106781187));
#11296 = DIRECTION('',(0.,-1.,0.));
#11297 = ADVANCED_FACE('',(#11298),#11316,.T.);
#11298 = FACE_BOUND('',#11299,.F.);
#11299 = EDGE_LOOP('',(#11300,#11301,#11302,#11310));
#11300 = ORIENTED_EDGE('',*,*,#11270,.F.);
#11301 = ORIENTED_EDGE('',*,*,#10467,.T.);
#11302 = ORIENTED_EDGE('',*,*,#11303,.T.);
#11303 = EDGE_CURVE('',#10468,#11304,#11306,.T.);
#11304 = VERTEX_POINT('',#11305);
#11305 = CARTESIAN_POINT('',(7.2,-1.875,0.875));
#11306 = LINE('',#11307,#11308);
#11307 = CARTESIAN_POINT('',(7.2,-1.875,0.875));
#11308 = VECTOR('',#11309,1.);
#11309 = DIRECTION('',(0.57735026919,-0.57735026919,0.57735026919));
#11310 = ORIENTED_EDGE('',*,*,#11311,.F.);
#11311 = EDGE_CURVE('',#11271,#11304,#11312,.T.);
#11312 = LINE('',#11313,#11314);
#11313 = CARTESIAN_POINT('',(7.2,-1.875,1.25));
#11314 = VECTOR('',#11315,1.);
#11315 = DIRECTION('',(0.,0.,-1.));
#11316 = PLANE('',#11317);
#11317 = AXIS2_PLACEMENT_3D('',#11318,#11319,#11320);
#11318 = CARTESIAN_POINT('',(7.1375,-1.8125,1.25));
#11319 = DIRECTION('',(0.707106781187,0.707106781187,0.));
#11320 = DIRECTION('',(0.,-0.,1.));
#11321 = ADVANCED_FACE('',(#11322),#11340,.T.);
#11322 = FACE_BOUND('',#11323,.F.);
#11323 = EDGE_LOOP('',(#11324,#11325,#11326,#11334));
#11324 = ORIENTED_EDGE('',*,*,#11303,.F.);
#11325 = ORIENTED_EDGE('',*,*,#10490,.T.);
#11326 = ORIENTED_EDGE('',*,*,#11327,.T.);
#11327 = EDGE_CURVE('',#10491,#11328,#11330,.T.);
#11328 = VERTEX_POINT('',#11329);
#11329 = CARTESIAN_POINT('',(7.2,-2.125,0.875));
#11330 = LINE('',#11331,#11332);
#11331 = CARTESIAN_POINT('',(7.283333333333,-2.041666666667,
    0.958333333333));
#11332 = VECTOR('',#11333,1.);
#11333 = DIRECTION('',(0.57735026919,0.57735026919,0.57735026919));
#11334 = ORIENTED_EDGE('',*,*,#11335,.F.);
#11335 = EDGE_CURVE('',#11304,#11328,#11336,.T.);
#11336 = LINE('',#11337,#11338);
#11337 = CARTESIAN_POINT('',(7.2,-1.75,0.875));
#11338 = VECTOR('',#11339,1.);
#11339 = DIRECTION('',(0.,-1.,0.));
#11340 = PLANE('',#11341);
#11341 = AXIS2_PLACEMENT_3D('',#11342,#11343,#11344);
#11342 = CARTESIAN_POINT('',(7.1375,-1.75,0.8125));
#11343 = DIRECTION('',(0.707106781187,0.,-0.707106781187));
#11344 = DIRECTION('',(0.,1.,0.));
#11345 = ADVANCED_FACE('',(#11346),#11357,.F.);
#11346 = FACE_BOUND('',#11347,.T.);
#11347 = EDGE_LOOP('',(#11348,#11349,#11350,#11351));
#11348 = ORIENTED_EDGE('',*,*,#11279,.F.);
#11349 = ORIENTED_EDGE('',*,*,#10515,.T.);
#11350 = ORIENTED_EDGE('',*,*,#11327,.T.);
#11351 = ORIENTED_EDGE('',*,*,#11352,.F.);
#11352 = EDGE_CURVE('',#11280,#11328,#11353,.T.);
#11353 = LINE('',#11354,#11355);
#11354 = CARTESIAN_POINT('',(7.2,-2.125,1.25));
#11355 = VECTOR('',#11356,1.);
#11356 = DIRECTION('',(0.,0.,-1.));
#11357 = PLANE('',#11358);
#11358 = AXIS2_PLACEMENT_3D('',#11359,#11360,#11361);
#11359 = CARTESIAN_POINT('',(7.1375,-2.1875,1.25));
#11360 = DIRECTION('',(-0.707106781187,0.707106781187,0.));
#11361 = DIRECTION('',(0.,0.,1.));
#11362 = ADVANCED_FACE('',(#11363),#11388,.T.);
#11363 = FACE_BOUND('',#11364,.T.);
#11364 = EDGE_LOOP('',(#11365,#11373,#11374,#11382));
#11365 = ORIENTED_EDGE('',*,*,#11366,.F.);
#11366 = EDGE_CURVE('',#10531,#11367,#11369,.T.);
#11367 = VERTEX_POINT('',#11368);
#11368 = CARTESIAN_POINT('',(7.2,0.125,1.125));
#11369 = LINE('',#11370,#11371);
#11370 = CARTESIAN_POINT('',(7.116666666667,0.208333333333,
    1.208333333333));
#11371 = VECTOR('',#11372,1.);
#11372 = DIRECTION('',(0.57735026919,-0.57735026919,-0.57735026919));
#11373 = ORIENTED_EDGE('',*,*,#10547,.T.);
#11374 = ORIENTED_EDGE('',*,*,#11375,.T.);
#11375 = EDGE_CURVE('',#10540,#11376,#11378,.T.);
#11376 = VERTEX_POINT('',#11377);
#11377 = CARTESIAN_POINT('',(7.2,-0.125,1.125));
#11378 = LINE('',#11379,#11380);
#11379 = CARTESIAN_POINT('',(7.2,-0.125,1.125));
#11380 = VECTOR('',#11381,1.);
#11381 = DIRECTION('',(0.57735026919,0.57735026919,-0.57735026919));
#11382 = ORIENTED_EDGE('',*,*,#11383,.F.);
#11383 = EDGE_CURVE('',#11367,#11376,#11384,.T.);
#11384 = LINE('',#11385,#11386);
#11385 = CARTESIAN_POINT('',(7.2,0.25,1.125));
#11386 = VECTOR('',#11387,1.);
#11387 = DIRECTION('',(0.,-1.,0.));
#11388 = PLANE('',#11389);
#11389 = AXIS2_PLACEMENT_3D('',#11390,#11391,#11392);
#11390 = CARTESIAN_POINT('',(7.1375,0.25,1.1875));
#11391 = DIRECTION('',(0.707106781187,0.,0.707106781187));
#11392 = DIRECTION('',(0.,-1.,0.));
#11393 = ADVANCED_FACE('',(#11394),#11412,.T.);
#11394 = FACE_BOUND('',#11395,.F.);
#11395 = EDGE_LOOP('',(#11396,#11397,#11398,#11406));
#11396 = ORIENTED_EDGE('',*,*,#11366,.F.);
#11397 = ORIENTED_EDGE('',*,*,#10563,.T.);
#11398 = ORIENTED_EDGE('',*,*,#11399,.T.);
#11399 = EDGE_CURVE('',#10564,#11400,#11402,.T.);
#11400 = VERTEX_POINT('',#11401);
#11401 = CARTESIAN_POINT('',(7.2,0.125,0.875));
#11402 = LINE('',#11403,#11404);
#11403 = CARTESIAN_POINT('',(7.2,0.125,0.875));
#11404 = VECTOR('',#11405,1.);
#11405 = DIRECTION('',(0.57735026919,-0.57735026919,0.57735026919));
#11406 = ORIENTED_EDGE('',*,*,#11407,.F.);
#11407 = EDGE_CURVE('',#11367,#11400,#11408,.T.);
#11408 = LINE('',#11409,#11410);
#11409 = CARTESIAN_POINT('',(7.2,0.125,1.25));
#11410 = VECTOR('',#11411,1.);
#11411 = DIRECTION('',(0.,0.,-1.));
#11412 = PLANE('',#11413);
#11413 = AXIS2_PLACEMENT_3D('',#11414,#11415,#11416);
#11414 = CARTESIAN_POINT('',(7.1375,0.1875,1.25));
#11415 = DIRECTION('',(0.707106781187,0.707106781187,0.));
#11416 = DIRECTION('',(0.,-0.,1.));
#11417 = ADVANCED_FACE('',(#11418),#11436,.T.);
#11418 = FACE_BOUND('',#11419,.F.);
#11419 = EDGE_LOOP('',(#11420,#11421,#11422,#11430));
#11420 = ORIENTED_EDGE('',*,*,#11399,.F.);
#11421 = ORIENTED_EDGE('',*,*,#10586,.T.);
#11422 = ORIENTED_EDGE('',*,*,#11423,.T.);
#11423 = EDGE_CURVE('',#10587,#11424,#11426,.T.);
#11424 = VERTEX_POINT('',#11425);
#11425 = CARTESIAN_POINT('',(7.2,-0.125,0.875));
#11426 = LINE('',#11427,#11428);
#11427 = CARTESIAN_POINT('',(7.283333333333,-4.166666666667E-02,
    0.958333333333));
#11428 = VECTOR('',#11429,1.);
#11429 = DIRECTION('',(0.57735026919,0.57735026919,0.57735026919));
#11430 = ORIENTED_EDGE('',*,*,#11431,.F.);
#11431 = EDGE_CURVE('',#11400,#11424,#11432,.T.);
#11432 = LINE('',#11433,#11434);
#11433 = CARTESIAN_POINT('',(7.2,0.25,0.875));
#11434 = VECTOR('',#11435,1.);
#11435 = DIRECTION('',(0.,-1.,0.));
#11436 = PLANE('',#11437);
#11437 = AXIS2_PLACEMENT_3D('',#11438,#11439,#11440);
#11438 = CARTESIAN_POINT('',(7.1375,0.25,0.8125));
#11439 = DIRECTION('',(0.707106781187,0.,-0.707106781187));
#11440 = DIRECTION('',(0.,1.,0.));
#11441 = ADVANCED_FACE('',(#11442),#11453,.F.);
#11442 = FACE_BOUND('',#11443,.T.);
#11443 = EDGE_LOOP('',(#11444,#11445,#11446,#11447));
#11444 = ORIENTED_EDGE('',*,*,#11375,.F.);
#11445 = ORIENTED_EDGE('',*,*,#10611,.T.);
#11446 = ORIENTED_EDGE('',*,*,#11423,.T.);
#11447 = ORIENTED_EDGE('',*,*,#11448,.F.);
#11448 = EDGE_CURVE('',#11376,#11424,#11449,.T.);
#11449 = LINE('',#11450,#11451);
#11450 = CARTESIAN_POINT('',(7.2,-0.125,1.25));
#11451 = VECTOR('',#11452,1.);
#11452 = DIRECTION('',(0.,0.,-1.));
#11453 = PLANE('',#11454);
#11454 = AXIS2_PLACEMENT_3D('',#11455,#11456,#11457);
#11455 = CARTESIAN_POINT('',(7.1375,-0.1875,1.25));
#11456 = DIRECTION('',(-0.707106781187,0.707106781187,0.));
#11457 = DIRECTION('',(0.,0.,1.));
#11458 = ADVANCED_FACE('',(#11459),#11484,.T.);
#11459 = FACE_BOUND('',#11460,.T.);
#11460 = EDGE_LOOP('',(#11461,#11469,#11470,#11478));
#11461 = ORIENTED_EDGE('',*,*,#11462,.F.);
#11462 = EDGE_CURVE('',#10627,#11463,#11465,.T.);
#11463 = VERTEX_POINT('',#11464);
#11464 = CARTESIAN_POINT('',(7.2,-5.875,1.125));
#11465 = LINE('',#11466,#11467);
#11466 = CARTESIAN_POINT('',(7.116666666667,-5.791666666667,
    1.208333333333));
#11467 = VECTOR('',#11468,1.);
#11468 = DIRECTION('',(0.57735026919,-0.57735026919,-0.57735026919));
#11469 = ORIENTED_EDGE('',*,*,#10643,.T.);
#11470 = ORIENTED_EDGE('',*,*,#11471,.T.);
#11471 = EDGE_CURVE('',#10636,#11472,#11474,.T.);
#11472 = VERTEX_POINT('',#11473);
#11473 = CARTESIAN_POINT('',(7.2,-6.125,1.125));
#11474 = LINE('',#11475,#11476);
#11475 = CARTESIAN_POINT('',(7.2,-6.125,1.125));
#11476 = VECTOR('',#11477,1.);
#11477 = DIRECTION('',(0.57735026919,0.57735026919,-0.57735026919));
#11478 = ORIENTED_EDGE('',*,*,#11479,.F.);
#11479 = EDGE_CURVE('',#11463,#11472,#11480,.T.);
#11480 = LINE('',#11481,#11482);
#11481 = CARTESIAN_POINT('',(7.2,-5.75,1.125));
#11482 = VECTOR('',#11483,1.);
#11483 = DIRECTION('',(0.,-1.,0.));
#11484 = PLANE('',#11485);
#11485 = AXIS2_PLACEMENT_3D('',#11486,#11487,#11488);
#11486 = CARTESIAN_POINT('',(7.1375,-5.75,1.1875));
#11487 = DIRECTION('',(0.707106781187,0.,0.707106781187));
#11488 = DIRECTION('',(0.,-1.,0.));
#11489 = ADVANCED_FACE('',(#11490),#11508,.T.);
#11490 = FACE_BOUND('',#11491,.F.);
#11491 = EDGE_LOOP('',(#11492,#11493,#11494,#11502));
#11492 = ORIENTED_EDGE('',*,*,#11462,.F.);
#11493 = ORIENTED_EDGE('',*,*,#10659,.T.);
#11494 = ORIENTED_EDGE('',*,*,#11495,.T.);
#11495 = EDGE_CURVE('',#10660,#11496,#11498,.T.);
#11496 = VERTEX_POINT('',#11497);
#11497 = CARTESIAN_POINT('',(7.2,-5.875,0.875));
#11498 = LINE('',#11499,#11500);
#11499 = CARTESIAN_POINT('',(7.2,-5.875,0.875));
#11500 = VECTOR('',#11501,1.);
#11501 = DIRECTION('',(0.57735026919,-0.57735026919,0.57735026919));
#11502 = ORIENTED_EDGE('',*,*,#11503,.F.);
#11503 = EDGE_CURVE('',#11463,#11496,#11504,.T.);
#11504 = LINE('',#11505,#11506);
#11505 = CARTESIAN_POINT('',(7.2,-5.875,1.25));
#11506 = VECTOR('',#11507,1.);
#11507 = DIRECTION('',(0.,0.,-1.));
#11508 = PLANE('',#11509);
#11509 = AXIS2_PLACEMENT_3D('',#11510,#11511,#11512);
#11510 = CARTESIAN_POINT('',(7.1375,-5.8125,1.25));
#11511 = DIRECTION('',(0.707106781187,0.707106781187,0.));
#11512 = DIRECTION('',(0.,-0.,1.));
#11513 = ADVANCED_FACE('',(#11514),#11532,.T.);
#11514 = FACE_BOUND('',#11515,.F.);
#11515 = EDGE_LOOP('',(#11516,#11517,#11518,#11526));
#11516 = ORIENTED_EDGE('',*,*,#11495,.F.);
#11517 = ORIENTED_EDGE('',*,*,#10682,.T.);
#11518 = ORIENTED_EDGE('',*,*,#11519,.T.);
#11519 = EDGE_CURVE('',#10683,#11520,#11522,.T.);
#11520 = VERTEX_POINT('',#11521);
#11521 = CARTESIAN_POINT('',(7.2,-6.125,0.875));
#11522 = LINE('',#11523,#11524);
#11523 = CARTESIAN_POINT('',(7.283333333333,-6.041666666667,
    0.958333333333));
#11524 = VECTOR('',#11525,1.);
#11525 = DIRECTION('',(0.57735026919,0.57735026919,0.57735026919));
#11526 = ORIENTED_EDGE('',*,*,#11527,.F.);
#11527 = EDGE_CURVE('',#11496,#11520,#11528,.T.);
#11528 = LINE('',#11529,#11530);
#11529 = CARTESIAN_POINT('',(7.2,-5.75,0.875));
#11530 = VECTOR('',#11531,1.);
#11531 = DIRECTION('',(0.,-1.,0.));
#11532 = PLANE('',#11533);
#11533 = AXIS2_PLACEMENT_3D('',#11534,#11535,#11536);
#11534 = CARTESIAN_POINT('',(7.1375,-5.75,0.8125));
#11535 = DIRECTION('',(0.707106781187,0.,-0.707106781187));
#11536 = DIRECTION('',(0.,1.,0.));
#11537 = ADVANCED_FACE('',(#11538),#11549,.F.);
#11538 = FACE_BOUND('',#11539,.T.);
#11539 = EDGE_LOOP('',(#11540,#11541,#11542,#11543));
#11540 = ORIENTED_EDGE('',*,*,#11471,.F.);
#11541 = ORIENTED_EDGE('',*,*,#10707,.T.);
#11542 = ORIENTED_EDGE('',*,*,#11519,.T.);
#11543 = ORIENTED_EDGE('',*,*,#11544,.F.);
#11544 = EDGE_CURVE('',#11472,#11520,#11545,.T.);
#11545 = LINE('',#11546,#11547);
#11546 = CARTESIAN_POINT('',(7.2,-6.125,1.25));
#11547 = VECTOR('',#11548,1.);
#11548 = DIRECTION('',(0.,0.,-1.));
#11549 = PLANE('',#11550);
#11550 = AXIS2_PLACEMENT_3D('',#11551,#11552,#11553);
#11551 = CARTESIAN_POINT('',(7.1375,-6.1875,1.25));
#11552 = DIRECTION('',(-0.707106781187,0.707106781187,0.));
#11553 = DIRECTION('',(0.,0.,1.));
#11554 = ADVANCED_FACE('',(#11555),#11566,.T.);
#11555 = FACE_BOUND('',#11556,.F.);
#11556 = EDGE_LOOP('',(#11557,#11558,#11559,#11560));
#11557 = ORIENTED_EDGE('',*,*,#10765,.F.);
#11558 = ORIENTED_EDGE('',*,*,#10740,.T.);
#11559 = ORIENTED_EDGE('',*,*,#10820,.F.);
#11560 = ORIENTED_EDGE('',*,*,#11561,.F.);
#11561 = EDGE_CURVE('',#10766,#10813,#11562,.T.);
#11562 = LINE('',#11563,#11564);
#11563 = CARTESIAN_POINT('',(-0.125,-3.75,-2.4));
#11564 = VECTOR('',#11565,1.);
#11565 = DIRECTION('',(0.,-1.,0.));
#11566 = PLANE('',#11567);
#11567 = AXIS2_PLACEMENT_3D('',#11568,#11569,#11570);
#11568 = CARTESIAN_POINT('',(-0.1875,-3.75,-2.3375));
#11569 = DIRECTION('',(-0.707106781187,0.,-0.707106781187));
#11570 = DIRECTION('',(0.,1.,0.));
#11571 = ADVANCED_FACE('',(#11572),#11583,.T.);
#11572 = FACE_BOUND('',#11573,.F.);
#11573 = EDGE_LOOP('',(#11574,#11575,#11581,#11582));
#11574 = ORIENTED_EDGE('',*,*,#10756,.F.);
#11575 = ORIENTED_EDGE('',*,*,#11576,.T.);
#11576 = EDGE_CURVE('',#10757,#10805,#11577,.T.);
#11577 = LINE('',#11578,#11579);
#11578 = CARTESIAN_POINT('',(0.125,-3.75,-2.4));
#11579 = VECTOR('',#11580,1.);
#11580 = DIRECTION('',(0.,-1.,0.));
#11581 = ORIENTED_EDGE('',*,*,#10804,.T.);
#11582 = ORIENTED_EDGE('',*,*,#10790,.F.);
#11583 = PLANE('',#11584);
#11584 = AXIS2_PLACEMENT_3D('',#11585,#11586,#11587);
#11585 = CARTESIAN_POINT('',(0.1875,-3.75,-2.3375));
#11586 = DIRECTION('',(0.707106781187,0.,-0.707106781187));
#11587 = DIRECTION('',(0.,1.,0.));
#11588 = ADVANCED_FACE('',(#11589),#11595,.T.);
#11589 = FACE_BOUND('',#11590,.T.);
#11590 = EDGE_LOOP('',(#11591,#11592,#11593,#11594));
#11591 = ORIENTED_EDGE('',*,*,#11576,.T.);
#11592 = ORIENTED_EDGE('',*,*,#10812,.T.);
#11593 = ORIENTED_EDGE('',*,*,#11561,.F.);
#11594 = ORIENTED_EDGE('',*,*,#10773,.F.);
#11595 = PLANE('',#11596);
#11596 = AXIS2_PLACEMENT_3D('',#11597,#11598,#11599);
#11597 = CARTESIAN_POINT('',(0.25,-3.75,-2.4));
#11598 = DIRECTION('',(-0.,-0.,-1.));
#11599 = DIRECTION('',(-1.,0.,0.));
#11600 = ADVANCED_FACE('',(#11601),#11612,.T.);
#11601 = FACE_BOUND('',#11602,.F.);
#11602 = EDGE_LOOP('',(#11603,#11604,#11605,#11606));
#11603 = ORIENTED_EDGE('',*,*,#10878,.F.);
#11604 = ORIENTED_EDGE('',*,*,#10853,.T.);
#11605 = ORIENTED_EDGE('',*,*,#10933,.F.);
#11606 = ORIENTED_EDGE('',*,*,#11607,.F.);
#11607 = EDGE_CURVE('',#10879,#10926,#11608,.T.);
#11608 = LINE('',#11609,#11610);
#11609 = CARTESIAN_POINT('',(-0.125,-1.75,-2.4));
#11610 = VECTOR('',#11611,1.);
#11611 = DIRECTION('',(0.,-1.,0.));
#11612 = PLANE('',#11613);
#11613 = AXIS2_PLACEMENT_3D('',#11614,#11615,#11616);
#11614 = CARTESIAN_POINT('',(-0.1875,-1.75,-2.3375));
#11615 = DIRECTION('',(-0.707106781187,0.,-0.707106781187));
#11616 = DIRECTION('',(0.,1.,0.));
#11617 = ADVANCED_FACE('',(#11618),#11629,.T.);
#11618 = FACE_BOUND('',#11619,.F.);
#11619 = EDGE_LOOP('',(#11620,#11621,#11627,#11628));
#11620 = ORIENTED_EDGE('',*,*,#10869,.F.);
#11621 = ORIENTED_EDGE('',*,*,#11622,.T.);
#11622 = EDGE_CURVE('',#10870,#10918,#11623,.T.);
#11623 = LINE('',#11624,#11625);
#11624 = CARTESIAN_POINT('',(0.125,-1.75,-2.4));
#11625 = VECTOR('',#11626,1.);
#11626 = DIRECTION('',(0.,-1.,0.));
#11627 = ORIENTED_EDGE('',*,*,#10917,.T.);
#11628 = ORIENTED_EDGE('',*,*,#10903,.F.);
#11629 = PLANE('',#11630);
#11630 = AXIS2_PLACEMENT_3D('',#11631,#11632,#11633);
#11631 = CARTESIAN_POINT('',(0.1875,-1.75,-2.3375));
#11632 = DIRECTION('',(0.707106781187,0.,-0.707106781187));
#11633 = DIRECTION('',(0.,1.,0.));
#11634 = ADVANCED_FACE('',(#11635),#11641,.T.);
#11635 = FACE_BOUND('',#11636,.T.);
#11636 = EDGE_LOOP('',(#11637,#11638,#11639,#11640));
#11637 = ORIENTED_EDGE('',*,*,#11622,.T.);
#11638 = ORIENTED_EDGE('',*,*,#10925,.T.);
#11639 = ORIENTED_EDGE('',*,*,#11607,.F.);
#11640 = ORIENTED_EDGE('',*,*,#10886,.F.);
#11641 = PLANE('',#11642);
#11642 = AXIS2_PLACEMENT_3D('',#11643,#11644,#11645);
#11643 = CARTESIAN_POINT('',(0.25,-1.75,-2.4));
#11644 = DIRECTION('',(-0.,-0.,-1.));
#11645 = DIRECTION('',(-1.,0.,0.));
#11646 = ADVANCED_FACE('',(#11647),#11658,.T.);
#11647 = FACE_BOUND('',#11648,.F.);
#11648 = EDGE_LOOP('',(#11649,#11650,#11651,#11652));
#11649 = ORIENTED_EDGE('',*,*,#10991,.F.);
#11650 = ORIENTED_EDGE('',*,*,#10966,.T.);
#11651 = ORIENTED_EDGE('',*,*,#11046,.F.);
#11652 = ORIENTED_EDGE('',*,*,#11653,.F.);
#11653 = EDGE_CURVE('',#10992,#11039,#11654,.T.);
#11654 = LINE('',#11655,#11656);
#11655 = CARTESIAN_POINT('',(-0.125,0.25,-2.4));
#11656 = VECTOR('',#11657,1.);
#11657 = DIRECTION('',(0.,-1.,0.));
#11658 = PLANE('',#11659);
#11659 = AXIS2_PLACEMENT_3D('',#11660,#11661,#11662);
#11660 = CARTESIAN_POINT('',(-0.1875,0.25,-2.3375));
#11661 = DIRECTION('',(-0.707106781187,0.,-0.707106781187));
#11662 = DIRECTION('',(0.,1.,0.));
#11663 = ADVANCED_FACE('',(#11664),#11675,.T.);
#11664 = FACE_BOUND('',#11665,.F.);
#11665 = EDGE_LOOP('',(#11666,#11667,#11673,#11674));
#11666 = ORIENTED_EDGE('',*,*,#10982,.F.);
#11667 = ORIENTED_EDGE('',*,*,#11668,.T.);
#11668 = EDGE_CURVE('',#10983,#11031,#11669,.T.);
#11669 = LINE('',#11670,#11671);
#11670 = CARTESIAN_POINT('',(0.125,0.25,-2.4));
#11671 = VECTOR('',#11672,1.);
#11672 = DIRECTION('',(0.,-1.,0.));
#11673 = ORIENTED_EDGE('',*,*,#11030,.T.);
#11674 = ORIENTED_EDGE('',*,*,#11016,.F.);
#11675 = PLANE('',#11676);
#11676 = AXIS2_PLACEMENT_3D('',#11677,#11678,#11679);
#11677 = CARTESIAN_POINT('',(0.1875,0.25,-2.3375));
#11678 = DIRECTION('',(0.707106781187,0.,-0.707106781187));
#11679 = DIRECTION('',(0.,1.,0.));
#11680 = ADVANCED_FACE('',(#11681),#11687,.T.);
#11681 = FACE_BOUND('',#11682,.T.);
#11682 = EDGE_LOOP('',(#11683,#11684,#11685,#11686));
#11683 = ORIENTED_EDGE('',*,*,#11668,.T.);
#11684 = ORIENTED_EDGE('',*,*,#11038,.T.);
#11685 = ORIENTED_EDGE('',*,*,#11653,.F.);
#11686 = ORIENTED_EDGE('',*,*,#10999,.F.);
#11687 = PLANE('',#11688);
#11688 = AXIS2_PLACEMENT_3D('',#11689,#11690,#11691);
#11689 = CARTESIAN_POINT('',(0.25,0.25,-2.4));
#11690 = DIRECTION('',(-0.,-0.,-1.));
#11691 = DIRECTION('',(-1.,0.,0.));
#11692 = ADVANCED_FACE('',(#11693),#11704,.T.);
#11693 = FACE_BOUND('',#11694,.F.);
#11694 = EDGE_LOOP('',(#11695,#11696,#11697,#11698));
#11695 = ORIENTED_EDGE('',*,*,#11104,.F.);
#11696 = ORIENTED_EDGE('',*,*,#11079,.T.);
#11697 = ORIENTED_EDGE('',*,*,#11159,.F.);
#11698 = ORIENTED_EDGE('',*,*,#11699,.F.);
#11699 = EDGE_CURVE('',#11105,#11152,#11700,.T.);
#11700 = LINE('',#11701,#11702);
#11701 = CARTESIAN_POINT('',(-0.125,-5.75,-2.4));
#11702 = VECTOR('',#11703,1.);
#11703 = DIRECTION('',(0.,-1.,0.));
#11704 = PLANE('',#11705);
#11705 = AXIS2_PLACEMENT_3D('',#11706,#11707,#11708);
#11706 = CARTESIAN_POINT('',(-0.1875,-5.75,-2.3375));
#11707 = DIRECTION('',(-0.707106781187,0.,-0.707106781187));
#11708 = DIRECTION('',(0.,1.,0.));
#11709 = ADVANCED_FACE('',(#11710),#11721,.T.);
#11710 = FACE_BOUND('',#11711,.F.);
#11711 = EDGE_LOOP('',(#11712,#11713,#11719,#11720));
#11712 = ORIENTED_EDGE('',*,*,#11095,.F.);
#11713 = ORIENTED_EDGE('',*,*,#11714,.T.);
#11714 = EDGE_CURVE('',#11096,#11144,#11715,.T.);
#11715 = LINE('',#11716,#11717);
#11716 = CARTESIAN_POINT('',(0.125,-5.75,-2.4));
#11717 = VECTOR('',#11718,1.);
#11718 = DIRECTION('',(0.,-1.,0.));
#11719 = ORIENTED_EDGE('',*,*,#11143,.T.);
#11720 = ORIENTED_EDGE('',*,*,#11129,.F.);
#11721 = PLANE('',#11722);
#11722 = AXIS2_PLACEMENT_3D('',#11723,#11724,#11725);
#11723 = CARTESIAN_POINT('',(0.1875,-5.75,-2.3375));
#11724 = DIRECTION('',(0.707106781187,0.,-0.707106781187));
#11725 = DIRECTION('',(0.,1.,0.));
#11726 = ADVANCED_FACE('',(#11727),#11733,.T.);
#11727 = FACE_BOUND('',#11728,.T.);
#11728 = EDGE_LOOP('',(#11729,#11730,#11731,#11732));
#11729 = ORIENTED_EDGE('',*,*,#11714,.T.);
#11730 = ORIENTED_EDGE('',*,*,#11151,.T.);
#11731 = ORIENTED_EDGE('',*,*,#11699,.F.);
#11732 = ORIENTED_EDGE('',*,*,#11112,.F.);
#11733 = PLANE('',#11734);
#11734 = AXIS2_PLACEMENT_3D('',#11735,#11736,#11737);
#11735 = CARTESIAN_POINT('',(0.25,-5.75,-2.4));
#11736 = DIRECTION('',(-0.,-0.,-1.));
#11737 = DIRECTION('',(-1.,0.,0.));
#11738 = ADVANCED_FACE('',(#11739),#11745,.T.);
#11739 = FACE_BOUND('',#11740,.T.);
#11740 = EDGE_LOOP('',(#11741,#11742,#11743,#11744));
#11741 = ORIENTED_EDGE('',*,*,#11191,.F.);
#11742 = ORIENTED_EDGE('',*,*,#11256,.T.);
#11743 = ORIENTED_EDGE('',*,*,#11239,.T.);
#11744 = ORIENTED_EDGE('',*,*,#11215,.F.);
#11745 = PLANE('',#11746);
#11746 = AXIS2_PLACEMENT_3D('',#11747,#11748,#11749);
#11747 = CARTESIAN_POINT('',(7.2,-3.75,1.25));
#11748 = DIRECTION('',(1.,0.,0.));
#11749 = DIRECTION('',(0.,0.,-1.));
#11750 = ADVANCED_FACE('',(#11751),#11757,.T.);
#11751 = FACE_BOUND('',#11752,.T.);
#11752 = EDGE_LOOP('',(#11753,#11754,#11755,#11756));
#11753 = ORIENTED_EDGE('',*,*,#11311,.F.);
#11754 = ORIENTED_EDGE('',*,*,#11287,.T.);
#11755 = ORIENTED_EDGE('',*,*,#11352,.T.);
#11756 = ORIENTED_EDGE('',*,*,#11335,.F.);
#11757 = PLANE('',#11758);
#11758 = AXIS2_PLACEMENT_3D('',#11759,#11760,#11761);
#11759 = CARTESIAN_POINT('',(7.2,-1.75,1.25));
#11760 = DIRECTION('',(1.,0.,0.));
#11761 = DIRECTION('',(0.,0.,-1.));
#11762 = ADVANCED_FACE('',(#11763),#11769,.T.);
#11763 = FACE_BOUND('',#11764,.T.);
#11764 = EDGE_LOOP('',(#11765,#11766,#11767,#11768));
#11765 = ORIENTED_EDGE('',*,*,#11407,.F.);
#11766 = ORIENTED_EDGE('',*,*,#11383,.T.);
#11767 = ORIENTED_EDGE('',*,*,#11448,.T.);
#11768 = ORIENTED_EDGE('',*,*,#11431,.F.);
#11769 = PLANE('',#11770);
#11770 = AXIS2_PLACEMENT_3D('',#11771,#11772,#11773);
#11771 = CARTESIAN_POINT('',(7.2,0.25,1.25));
#11772 = DIRECTION('',(1.,0.,0.));
#11773 = DIRECTION('',(0.,0.,-1.));
#11774 = ADVANCED_FACE('',(#11775),#11781,.T.);
#11775 = FACE_BOUND('',#11776,.T.);
#11776 = EDGE_LOOP('',(#11777,#11778,#11779,#11780));
#11777 = ORIENTED_EDGE('',*,*,#11503,.F.);
#11778 = ORIENTED_EDGE('',*,*,#11479,.T.);
#11779 = ORIENTED_EDGE('',*,*,#11544,.T.);
#11780 = ORIENTED_EDGE('',*,*,#11527,.F.);
#11781 = PLANE('',#11782);
#11782 = AXIS2_PLACEMENT_3D('',#11783,#11784,#11785);
#11783 = CARTESIAN_POINT('',(7.2,-5.75,1.25));
#11784 = DIRECTION('',(1.,0.,0.));
#11785 = DIRECTION('',(0.,0.,-1.));
#11786 = ( GEOMETRIC_REPRESENTATION_CONTEXT(3) 
GLOBAL_UNCERTAINTY_ASSIGNED_CONTEXT((#11790)) 
GLOBAL_UNIT_ASSIGNED_CONTEXT((#11787,#11788,#11789)) 
REPRESENTATION_CONTEXT('Context #1',
  '3D Context with UNIT and UNCERTAINTY') );
#11787 = ( LENGTH_UNIT() NAMED_UNIT(*) SI_UNIT(.MILLI.,.METRE.) );
#11788 = ( NAMED_UNIT(*) PLANE_ANGLE_UNIT() SI_UNIT($,.RADIAN.) );
#11789 = ( NAMED_UNIT(*) SI_UNIT($,.STERADIAN.) SOLID_ANGLE_UNIT() );
#11790 = UNCERTAINTY_MEASURE_WITH_UNIT(LENGTH_MEASURE(1.E-07),#11787,
  'distance_accuracy_value','confusion accuracy');
#11791 = CONTEXT_DEPENDENT_SHAPE_REPRESENTATION(#11792,#11794);
#11792 = ( REPRESENTATION_RELATIONSHIP('','',#8601,#10) 
REPRESENTATION_RELATIONSHIP_WITH_TRANSFORMATION(#11793) 
SHAPE_REPRESENTATION_RELATIONSHIP() );
#11793 = ITEM_DEFINED_TRANSFORMATION('','',#11,#43);
#11794 = PRODUCT_DEFINITION_SHAPE('Placement','Placement of an item',
  #11795);
#11795 = NEXT_ASSEMBLY_USAGE_OCCURRENCE('8','J1','',#5,#8596,$);
#11796 = PRODUCT_RELATED_PRODUCT_CATEGORY('part',$,(#8598));
#11797 = CONTEXT_DEPENDENT_SHAPE_REPRESENTATION(#11798,#11800);
#11798 = ( REPRESENTATION_RELATIONSHIP('','',#108,#10) 
REPRESENTATION_RELATIONSHIP_WITH_TRANSFORMATION(#11799) 
SHAPE_REPRESENTATION_RELATIONSHIP() );
#11799 = ITEM_DEFINED_TRANSFORMATION('','',#11,#47);
#11800 = PRODUCT_DEFINITION_SHAPE('Placement','Placement of an item',
  #11801);
#11801 = NEXT_ASSEMBLY_USAGE_OCCURRENCE('9','U4','',#5,#103,$);
#11802 = CONTEXT_DEPENDENT_SHAPE_REPRESENTATION(#11803,#11805);
#11803 = ( REPRESENTATION_RELATIONSHIP('','',#6899,#10) 
REPRESENTATION_RELATIONSHIP_WITH_TRANSFORMATION(#11804) 
SHAPE_REPRESENTATION_RELATIONSHIP() );
#11804 = ITEM_DEFINED_TRANSFORMATION('','',#11,#51);
#11805 = PRODUCT_DEFINITION_SHAPE('Placement','Placement of an item',
  #11806);
#11806 = NEXT_ASSEMBLY_USAGE_OCCURRENCE('10','R8','',#5,#6894,$);
#11807 = CONTEXT_DEPENDENT_SHAPE_REPRESENTATION(#11808,#11810);
#11808 = ( REPRESENTATION_RELATIONSHIP('','',#108,#10) 
REPRESENTATION_RELATIONSHIP_WITH_TRANSFORMATION(#11809) 
SHAPE_REPRESENTATION_RELATIONSHIP() );
#11809 = ITEM_DEFINED_TRANSFORMATION('','',#11,#55);
#11810 = PRODUCT_DEFINITION_SHAPE('Placement','Placement of an item',
  #11811);
#11811 = NEXT_ASSEMBLY_USAGE_OCCURRENCE('11','U5','',#5,#103,$);
#11812 = CONTEXT_DEPENDENT_SHAPE_REPRESENTATION(#11813,#11815);
#11813 = ( REPRESENTATION_RELATIONSHIP('','',#6899,#10) 
REPRESENTATION_RELATIONSHIP_WITH_TRANSFORMATION(#11814) 
SHAPE_REPRESENTATION_RELATIONSHIP() );
#11814 = ITEM_DEFINED_TRANSFORMATION('','',#11,#59);
#11815 = PRODUCT_DEFINITION_SHAPE('Placement','Placement of an item',
  #11816);
#11816 = NEXT_ASSEMBLY_USAGE_OCCURRENCE('12','R4','',#5,#6894,$);
#11817 = CONTEXT_DEPENDENT_SHAPE_REPRESENTATION(#11818,#11820);
#11818 = ( REPRESENTATION_RELATIONSHIP('','',#6899,#10) 
REPRESENTATION_RELATIONSHIP_WITH_TRANSFORMATION(#11819) 
SHAPE_REPRESENTATION_RELATIONSHIP() );
#11819 = ITEM_DEFINED_TRANSFORMATION('','',#11,#63);
#11820 = PRODUCT_DEFINITION_SHAPE('Placement','Placement of an item',
  #11821);
#11821 = NEXT_ASSEMBLY_USAGE_OCCURRENCE('13','R10','',#5,#6894,$);
#11822 = CONTEXT_DEPENDENT_SHAPE_REPRESENTATION(#11823,#11825);
#11823 = ( REPRESENTATION_RELATIONSHIP('','',#6899,#10) 
REPRESENTATION_RELATIONSHIP_WITH_TRANSFORMATION(#11824) 
SHAPE_REPRESENTATION_RELATIONSHIP() );
#11824 = ITEM_DEFINED_TRANSFORMATION('','',#11,#67);
#11825 = PRODUCT_DEFINITION_SHAPE('Placement','Placement of an item',
  #11826);
#11826 = NEXT_ASSEMBLY_USAGE_OCCURRENCE('14','R7','',#5,#6894,$);
#11827 = CONTEXT_DEPENDENT_SHAPE_REPRESENTATION(#11828,#11830);
#11828 = ( REPRESENTATION_RELATIONSHIP('','',#108,#10) 
REPRESENTATION_RELATIONSHIP_WITH_TRANSFORMATION(#11829) 
SHAPE_REPRESENTATION_RELATIONSHIP() );
#11829 = ITEM_DEFINED_TRANSFORMATION('','',#11,#71);
#11830 = PRODUCT_DEFINITION_SHAPE('Placement','Placement of an item',
  #11831);
#11831 = NEXT_ASSEMBLY_USAGE_OCCURRENCE('15','U7','',#5,#103,$);
#11832 = CONTEXT_DEPENDENT_SHAPE_REPRESENTATION(#11833,#11835);
#11833 = ( REPRESENTATION_RELATIONSHIP('','',#6899,#10) 
REPRESENTATION_RELATIONSHIP_WITH_TRANSFORMATION(#11834) 
SHAPE_REPRESENTATION_RELATIONSHIP() );
#11834 = ITEM_DEFINED_TRANSFORMATION('','',#11,#75);
#11835 = PRODUCT_DEFINITION_SHAPE('Placement','Placement of an item',
  #11836);
#11836 = NEXT_ASSEMBLY_USAGE_OCCURRENCE('16','R2','',#5,#6894,$);
#11837 = SHAPE_DEFINITION_REPRESENTATION(#11838,#11844);
#11838 = PRODUCT_DEFINITION_SHAPE('','',#11839);
#11839 = PRODUCT_DEFINITION('design','',#11840,#11843);
#11840 = PRODUCT_DEFINITION_FORMATION('','',#11841);
#11841 = PRODUCT('PinHeader_1x01_P2.00mm_Horizontal',
  'PinHeader_1x01_P2.00mm_Horizontal','',(#11842));
#11842 = PRODUCT_CONTEXT('',#2,'mechanical');
#11843 = PRODUCT_DEFINITION_CONTEXT('part definition',#2,'design');
#11844 = ADVANCED_BREP_SHAPE_REPRESENTATION('',(#11,#11845),#12704);
#11845 = MANIFOLD_SOLID_BREP('',#11846);
#11846 = CLOSED_SHELL('',(#11847,#11887,#11918,#11949,#12032,#12115,
    #12132,#12149,#12166,#12183,#12195,#12226,#12275,#12299,#12341,
    #12372,#12396,#12420,#12437,#12454,#12471,#12502,#12519,#12550,
    #12581,#12605,#12629,#12646,#12663,#12680,#12692));
#11847 = ADVANCED_FACE('',(#11848),#11882,.T.);
#11848 = FACE_BOUND('',#11849,.T.);
#11849 = EDGE_LOOP('',(#11850,#11860,#11868,#11876));
#11850 = ORIENTED_EDGE('',*,*,#11851,.T.);
#11851 = EDGE_CURVE('',#11852,#11854,#11856,.T.);
#11852 = VERTEX_POINT('',#11853);
#11853 = CARTESIAN_POINT('',(1.5,1.,0.2));
#11854 = VERTEX_POINT('',#11855);
#11855 = CARTESIAN_POINT('',(3.,1.,0.2));
#11856 = LINE('',#11857,#11858);
#11857 = CARTESIAN_POINT('',(1.5,1.,0.2));
#11858 = VECTOR('',#11859,1.);
#11859 = DIRECTION('',(1.,0.,0.));
#11860 = ORIENTED_EDGE('',*,*,#11861,.T.);
#11861 = EDGE_CURVE('',#11854,#11862,#11864,.T.);
#11862 = VERTEX_POINT('',#11863);
#11863 = CARTESIAN_POINT('',(3.,0.8,0.));
#11864 = LINE('',#11865,#11866);
#11865 = CARTESIAN_POINT('',(3.,1.,0.2));
#11866 = VECTOR('',#11867,1.);
#11867 = DIRECTION('',(0.,-0.707106781187,-0.707106781187));
#11868 = ORIENTED_EDGE('',*,*,#11869,.F.);
#11869 = EDGE_CURVE('',#11870,#11862,#11872,.T.);
#11870 = VERTEX_POINT('',#11871);
#11871 = CARTESIAN_POINT('',(1.5,0.8,0.));
#11872 = LINE('',#11873,#11874);
#11873 = CARTESIAN_POINT('',(1.5,0.8,0.));
#11874 = VECTOR('',#11875,1.);
#11875 = DIRECTION('',(1.,0.,0.));
#11876 = ORIENTED_EDGE('',*,*,#11877,.F.);
#11877 = EDGE_CURVE('',#11852,#11870,#11878,.T.);
#11878 = LINE('',#11879,#11880);
#11879 = CARTESIAN_POINT('',(1.5,1.,0.2));
#11880 = VECTOR('',#11881,1.);
#11881 = DIRECTION('',(0.,-0.707106781187,-0.707106781187));
#11882 = PLANE('',#11883);
#11883 = AXIS2_PLACEMENT_3D('',#11884,#11885,#11886);
#11884 = CARTESIAN_POINT('',(1.5,1.,0.2));
#11885 = DIRECTION('',(0.,0.707106781187,-0.707106781187));
#11886 = DIRECTION('',(0.,-0.707106781187,-0.707106781187));
#11887 = ADVANCED_FACE('',(#11888),#11913,.T.);
#11888 = FACE_BOUND('',#11889,.T.);
#11889 = EDGE_LOOP('',(#11890,#11900,#11906,#11907));
#11890 = ORIENTED_EDGE('',*,*,#11891,.T.);
#11891 = EDGE_CURVE('',#11892,#11894,#11896,.T.);
#11892 = VERTEX_POINT('',#11893);
#11893 = CARTESIAN_POINT('',(1.5,1.,1.8));
#11894 = VERTEX_POINT('',#11895);
#11895 = CARTESIAN_POINT('',(3.,1.,1.8));
#11896 = LINE('',#11897,#11898);
#11897 = CARTESIAN_POINT('',(1.5,1.,1.8));
#11898 = VECTOR('',#11899,1.);
#11899 = DIRECTION('',(1.,0.,0.));
#11900 = ORIENTED_EDGE('',*,*,#11901,.T.);
#11901 = EDGE_CURVE('',#11894,#11854,#11902,.T.);
#11902 = LINE('',#11903,#11904);
#11903 = CARTESIAN_POINT('',(3.,1.,1.8));
#11904 = VECTOR('',#11905,1.);
#11905 = DIRECTION('',(0.,0.,-1.));
#11906 = ORIENTED_EDGE('',*,*,#11851,.F.);
#11907 = ORIENTED_EDGE('',*,*,#11908,.F.);
#11908 = EDGE_CURVE('',#11892,#11852,#11909,.T.);
#11909 = LINE('',#11910,#11911);
#11910 = CARTESIAN_POINT('',(1.5,1.,1.8));
#11911 = VECTOR('',#11912,1.);
#11912 = DIRECTION('',(0.,0.,-1.));
#11913 = PLANE('',#11914);
#11914 = AXIS2_PLACEMENT_3D('',#11915,#11916,#11917);
#11915 = CARTESIAN_POINT('',(1.5,1.,1.8));
#11916 = DIRECTION('',(0.,1.,0.));
#11917 = DIRECTION('',(0.,0.,-1.));
#11918 = ADVANCED_FACE('',(#11919),#11944,.T.);
#11919 = FACE_BOUND('',#11920,.T.);
#11920 = EDGE_LOOP('',(#11921,#11922,#11930,#11938));
#11921 = ORIENTED_EDGE('',*,*,#11869,.T.);
#11922 = ORIENTED_EDGE('',*,*,#11923,.T.);
#11923 = EDGE_CURVE('',#11862,#11924,#11926,.T.);
#11924 = VERTEX_POINT('',#11925);
#11925 = CARTESIAN_POINT('',(3.,-0.8,0.));
#11926 = LINE('',#11927,#11928);
#11927 = CARTESIAN_POINT('',(3.,0.8,0.));
#11928 = VECTOR('',#11929,1.);
#11929 = DIRECTION('',(0.,-1.,0.));
#11930 = ORIENTED_EDGE('',*,*,#11931,.F.);
#11931 = EDGE_CURVE('',#11932,#11924,#11934,.T.);
#11932 = VERTEX_POINT('',#11933);
#11933 = CARTESIAN_POINT('',(1.5,-0.8,0.));
#11934 = LINE('',#11935,#11936);
#11935 = CARTESIAN_POINT('',(1.5,-0.8,0.));
#11936 = VECTOR('',#11937,1.);
#11937 = DIRECTION('',(1.,0.,0.));
#11938 = ORIENTED_EDGE('',*,*,#11939,.F.);
#11939 = EDGE_CURVE('',#11870,#11932,#11940,.T.);
#11940 = LINE('',#11941,#11942);
#11941 = CARTESIAN_POINT('',(1.5,0.8,0.));
#11942 = VECTOR('',#11943,1.);
#11943 = DIRECTION('',(0.,-1.,0.));
#11944 = PLANE('',#11945);
#11945 = AXIS2_PLACEMENT_3D('',#11946,#11947,#11948);
#11946 = CARTESIAN_POINT('',(1.5,0.8,0.));
#11947 = DIRECTION('',(-0.,-0.,-1.));
#11948 = DIRECTION('',(0.,-1.,0.));
#11949 = ADVANCED_FACE('',(#11950,#11993),#12027,.T.);
#11950 = FACE_BOUND('',#11951,.T.);
#11951 = EDGE_LOOP('',(#11952,#11953,#11954,#11962,#11970,#11978,#11986,
    #11992));
#11952 = ORIENTED_EDGE('',*,*,#11877,.T.);
#11953 = ORIENTED_EDGE('',*,*,#11939,.T.);
#11954 = ORIENTED_EDGE('',*,*,#11955,.T.);
#11955 = EDGE_CURVE('',#11932,#11956,#11958,.T.);
#11956 = VERTEX_POINT('',#11957);
#11957 = CARTESIAN_POINT('',(1.5,-1.,0.2));
#11958 = LINE('',#11959,#11960);
#11959 = CARTESIAN_POINT('',(1.5,-0.8,0.));
#11960 = VECTOR('',#11961,1.);
#11961 = DIRECTION('',(0.,-0.707106781187,0.707106781187));
#11962 = ORIENTED_EDGE('',*,*,#11963,.T.);
#11963 = EDGE_CURVE('',#11956,#11964,#11966,.T.);
#11964 = VERTEX_POINT('',#11965);
#11965 = CARTESIAN_POINT('',(1.5,-1.,1.8));
#11966 = LINE('',#11967,#11968);
#11967 = CARTESIAN_POINT('',(1.5,-1.,0.2));
#11968 = VECTOR('',#11969,1.);
#11969 = DIRECTION('',(0.,0.,1.));
#11970 = ORIENTED_EDGE('',*,*,#11971,.T.);
#11971 = EDGE_CURVE('',#11964,#11972,#11974,.T.);
#11972 = VERTEX_POINT('',#11973);
#11973 = CARTESIAN_POINT('',(1.5,-0.8,2.));
#11974 = LINE('',#11975,#11976);
#11975 = CARTESIAN_POINT('',(1.5,-1.,1.8));
#11976 = VECTOR('',#11977,1.);
#11977 = DIRECTION('',(0.,0.707106781187,0.707106781187));
#11978 = ORIENTED_EDGE('',*,*,#11979,.T.);
#11979 = EDGE_CURVE('',#11972,#11980,#11982,.T.);
#11980 = VERTEX_POINT('',#11981);
#11981 = CARTESIAN_POINT('',(1.5,0.8,2.));
#11982 = LINE('',#11983,#11984);
#11983 = CARTESIAN_POINT('',(1.5,-0.8,2.));
#11984 = VECTOR('',#11985,1.);
#11985 = DIRECTION('',(0.,1.,0.));
#11986 = ORIENTED_EDGE('',*,*,#11987,.T.);
#11987 = EDGE_CURVE('',#11980,#11892,#11988,.T.);
#11988 = LINE('',#11989,#11990);
#11989 = CARTESIAN_POINT('',(1.5,0.8,2.));
#11990 = VECTOR('',#11991,1.);
#11991 = DIRECTION('',(0.,0.707106781187,-0.707106781187));
#11992 = ORIENTED_EDGE('',*,*,#11908,.T.);
#11993 = FACE_BOUND('',#11994,.T.);
#11994 = EDGE_LOOP('',(#11995,#12005,#12013,#12021));
#11995 = ORIENTED_EDGE('',*,*,#11996,.F.);
#11996 = EDGE_CURVE('',#11997,#11999,#12001,.T.);
#11997 = VERTEX_POINT('',#11998);
#11998 = CARTESIAN_POINT('',(1.5,-0.25,1.25));
#11999 = VERTEX_POINT('',#12000);
#12000 = CARTESIAN_POINT('',(1.5,0.25,1.25));
#12001 = LINE('',#12002,#12003);
#12002 = CARTESIAN_POINT('',(1.5,0.125,1.25));
#12003 = VECTOR('',#12004,1.);
#12004 = DIRECTION('',(0.,1.,0.));
#12005 = ORIENTED_EDGE('',*,*,#12006,.T.);
#12006 = EDGE_CURVE('',#11997,#12007,#12009,.T.);
#12007 = VERTEX_POINT('',#12008);
#12008 = CARTESIAN_POINT('',(1.5,-0.25,0.75));
#12009 = LINE('',#12010,#12011);
#12010 = CARTESIAN_POINT('',(1.5,-0.25,0.705574324324));
#12011 = VECTOR('',#12012,1.);
#12012 = DIRECTION('',(0.,0.,-1.));
#12013 = ORIENTED_EDGE('',*,*,#12014,.F.);
#12014 = EDGE_CURVE('',#12015,#12007,#12017,.T.);
#12015 = VERTEX_POINT('',#12016);
#12016 = CARTESIAN_POINT('',(1.5,0.25,0.75));
#12017 = LINE('',#12018,#12019);
#12018 = CARTESIAN_POINT('',(1.5,0.125,0.75));
#12019 = VECTOR('',#12020,1.);
#12020 = DIRECTION('',(0.,-1.,0.));
#12021 = ORIENTED_EDGE('',*,*,#12022,.F.);
#12022 = EDGE_CURVE('',#11999,#12015,#12023,.T.);
#12023 = LINE('',#12024,#12025);
#12024 = CARTESIAN_POINT('',(1.5,0.25,0.705574324324));
#12025 = VECTOR('',#12026,1.);
#12026 = DIRECTION('',(0.,0.,-1.));
#12027 = PLANE('',#12028);
#12028 = AXIS2_PLACEMENT_3D('',#12029,#12030,#12031);
#12029 = CARTESIAN_POINT('',(1.5,-2.948262797709E-17,1.));
#12030 = DIRECTION('',(-1.,-0.,-0.));
#12031 = DIRECTION('',(0.,0.,-1.));
#12032 = ADVANCED_FACE('',(#12033,#12076),#12110,.F.);
#12033 = FACE_BOUND('',#12034,.F.);
#12034 = EDGE_LOOP('',(#12035,#12036,#12037,#12045,#12053,#12061,#12069,
    #12075));
#12035 = ORIENTED_EDGE('',*,*,#11861,.T.);
#12036 = ORIENTED_EDGE('',*,*,#11923,.T.);
#12037 = ORIENTED_EDGE('',*,*,#12038,.T.);
#12038 = EDGE_CURVE('',#11924,#12039,#12041,.T.);
#12039 = VERTEX_POINT('',#12040);
#12040 = CARTESIAN_POINT('',(3.,-1.,0.2));
#12041 = LINE('',#12042,#12043);
#12042 = CARTESIAN_POINT('',(3.,-0.8,0.));
#12043 = VECTOR('',#12044,1.);
#12044 = DIRECTION('',(0.,-0.707106781187,0.707106781187));
#12045 = ORIENTED_EDGE('',*,*,#12046,.T.);
#12046 = EDGE_CURVE('',#12039,#12047,#12049,.T.);
#12047 = VERTEX_POINT('',#12048);
#12048 = CARTESIAN_POINT('',(3.,-1.,1.8));
#12049 = LINE('',#12050,#12051);
#12050 = CARTESIAN_POINT('',(3.,-1.,0.2));
#12051 = VECTOR('',#12052,1.);
#12052 = DIRECTION('',(0.,0.,1.));
#12053 = ORIENTED_EDGE('',*,*,#12054,.T.);
#12054 = EDGE_CURVE('',#12047,#12055,#12057,.T.);
#12055 = VERTEX_POINT('',#12056);
#12056 = CARTESIAN_POINT('',(3.,-0.8,2.));
#12057 = LINE('',#12058,#12059);
#12058 = CARTESIAN_POINT('',(3.,-1.,1.8));
#12059 = VECTOR('',#12060,1.);
#12060 = DIRECTION('',(0.,0.707106781187,0.707106781187));
#12061 = ORIENTED_EDGE('',*,*,#12062,.T.);
#12062 = EDGE_CURVE('',#12055,#12063,#12065,.T.);
#12063 = VERTEX_POINT('',#12064);
#12064 = CARTESIAN_POINT('',(3.,0.8,2.));
#12065 = LINE('',#12066,#12067);
#12066 = CARTESIAN_POINT('',(3.,-0.8,2.));
#12067 = VECTOR('',#12068,1.);
#12068 = DIRECTION('',(0.,1.,0.));
#12069 = ORIENTED_EDGE('',*,*,#12070,.T.);
#12070 = EDGE_CURVE('',#12063,#11894,#12071,.T.);
#12071 = LINE('',#12072,#12073);
#12072 = CARTESIAN_POINT('',(3.,0.8,2.));
#12073 = VECTOR('',#12074,1.);
#12074 = DIRECTION('',(0.,0.707106781187,-0.707106781187));
#12075 = ORIENTED_EDGE('',*,*,#11901,.T.);
#12076 = FACE_BOUND('',#12077,.F.);
#12077 = EDGE_LOOP('',(#12078,#12088,#12096,#12104));
#12078 = ORIENTED_EDGE('',*,*,#12079,.F.);
#12079 = EDGE_CURVE('',#12080,#12082,#12084,.T.);
#12080 = VERTEX_POINT('',#12081);
#12081 = CARTESIAN_POINT('',(3.,-0.25,1.25));
#12082 = VERTEX_POINT('',#12083);
#12083 = CARTESIAN_POINT('',(3.,0.25,1.25));
#12084 = LINE('',#12085,#12086);
#12085 = CARTESIAN_POINT('',(3.,0.125,1.25));
#12086 = VECTOR('',#12087,1.);
#12087 = DIRECTION('',(0.,1.,0.));
#12088 = ORIENTED_EDGE('',*,*,#12089,.T.);
#12089 = EDGE_CURVE('',#12080,#12090,#12092,.T.);
#12090 = VERTEX_POINT('',#12091);
#12091 = CARTESIAN_POINT('',(3.,-0.25,0.75));
#12092 = LINE('',#12093,#12094);
#12093 = CARTESIAN_POINT('',(3.,-0.25,0.705574324324));
#12094 = VECTOR('',#12095,1.);
#12095 = DIRECTION('',(0.,0.,-1.));
#12096 = ORIENTED_EDGE('',*,*,#12097,.F.);
#12097 = EDGE_CURVE('',#12098,#12090,#12100,.T.);
#12098 = VERTEX_POINT('',#12099);
#12099 = CARTESIAN_POINT('',(3.,0.25,0.75));
#12100 = LINE('',#12101,#12102);
#12101 = CARTESIAN_POINT('',(3.,0.125,0.75));
#12102 = VECTOR('',#12103,1.);
#12103 = DIRECTION('',(0.,-1.,0.));
#12104 = ORIENTED_EDGE('',*,*,#12105,.F.);
#12105 = EDGE_CURVE('',#12082,#12098,#12106,.T.);
#12106 = LINE('',#12107,#12108);
#12107 = CARTESIAN_POINT('',(3.,0.25,0.705574324324));
#12108 = VECTOR('',#12109,1.);
#12109 = DIRECTION('',(0.,0.,-1.));
#12110 = PLANE('',#12111);
#12111 = AXIS2_PLACEMENT_3D('',#12112,#12113,#12114);
#12112 = CARTESIAN_POINT('',(3.,-2.948262797709E-17,1.));
#12113 = DIRECTION('',(-1.,-0.,-0.));
#12114 = DIRECTION('',(0.,0.,-1.));
#12115 = ADVANCED_FACE('',(#12116),#12127,.T.);
#12116 = FACE_BOUND('',#12117,.T.);
#12117 = EDGE_LOOP('',(#12118,#12124,#12125,#12126));
#12118 = ORIENTED_EDGE('',*,*,#12119,.T.);
#12119 = EDGE_CURVE('',#11980,#12063,#12120,.T.);
#12120 = LINE('',#12121,#12122);
#12121 = CARTESIAN_POINT('',(1.5,0.8,2.));
#12122 = VECTOR('',#12123,1.);
#12123 = DIRECTION('',(1.,0.,0.));
#12124 = ORIENTED_EDGE('',*,*,#12070,.T.);
#12125 = ORIENTED_EDGE('',*,*,#11891,.F.);
#12126 = ORIENTED_EDGE('',*,*,#11987,.F.);
#12127 = PLANE('',#12128);
#12128 = AXIS2_PLACEMENT_3D('',#12129,#12130,#12131);
#12129 = CARTESIAN_POINT('',(1.5,0.8,2.));
#12130 = DIRECTION('',(0.,0.707106781187,0.707106781187));
#12131 = DIRECTION('',(0.,0.707106781187,-0.707106781187));
#12132 = ADVANCED_FACE('',(#12133),#12144,.T.);
#12133 = FACE_BOUND('',#12134,.T.);
#12134 = EDGE_LOOP('',(#12135,#12136,#12137,#12143));
#12135 = ORIENTED_EDGE('',*,*,#11931,.T.);
#12136 = ORIENTED_EDGE('',*,*,#12038,.T.);
#12137 = ORIENTED_EDGE('',*,*,#12138,.F.);
#12138 = EDGE_CURVE('',#11956,#12039,#12139,.T.);
#12139 = LINE('',#12140,#12141);
#12140 = CARTESIAN_POINT('',(1.5,-1.,0.2));
#12141 = VECTOR('',#12142,1.);
#12142 = DIRECTION('',(1.,0.,0.));
#12143 = ORIENTED_EDGE('',*,*,#11955,.F.);
#12144 = PLANE('',#12145);
#12145 = AXIS2_PLACEMENT_3D('',#12146,#12147,#12148);
#12146 = CARTESIAN_POINT('',(1.5,-0.8,0.));
#12147 = DIRECTION('',(-0.,-0.707106781187,-0.707106781187));
#12148 = DIRECTION('',(0.,-0.707106781187,0.707106781187));
#12149 = ADVANCED_FACE('',(#12150),#12161,.T.);
#12150 = FACE_BOUND('',#12151,.T.);
#12151 = EDGE_LOOP('',(#12152,#12158,#12159,#12160));
#12152 = ORIENTED_EDGE('',*,*,#12153,.T.);
#12153 = EDGE_CURVE('',#11972,#12055,#12154,.T.);
#12154 = LINE('',#12155,#12156);
#12155 = CARTESIAN_POINT('',(1.5,-0.8,2.));
#12156 = VECTOR('',#12157,1.);
#12157 = DIRECTION('',(1.,0.,0.));
#12158 = ORIENTED_EDGE('',*,*,#12062,.T.);
#12159 = ORIENTED_EDGE('',*,*,#12119,.F.);
#12160 = ORIENTED_EDGE('',*,*,#11979,.F.);
#12161 = PLANE('',#12162);
#12162 = AXIS2_PLACEMENT_3D('',#12163,#12164,#12165);
#12163 = CARTESIAN_POINT('',(1.5,-0.8,2.));
#12164 = DIRECTION('',(0.,0.,1.));
#12165 = DIRECTION('',(0.,1.,0.));
#12166 = ADVANCED_FACE('',(#12167),#12178,.T.);
#12167 = FACE_BOUND('',#12168,.T.);
#12168 = EDGE_LOOP('',(#12169,#12170,#12171,#12177));
#12169 = ORIENTED_EDGE('',*,*,#12138,.T.);
#12170 = ORIENTED_EDGE('',*,*,#12046,.T.);
#12171 = ORIENTED_EDGE('',*,*,#12172,.F.);
#12172 = EDGE_CURVE('',#11964,#12047,#12173,.T.);
#12173 = LINE('',#12174,#12175);
#12174 = CARTESIAN_POINT('',(1.5,-1.,1.8));
#12175 = VECTOR('',#12176,1.);
#12176 = DIRECTION('',(1.,0.,0.));
#12177 = ORIENTED_EDGE('',*,*,#11963,.F.);
#12178 = PLANE('',#12179);
#12179 = AXIS2_PLACEMENT_3D('',#12180,#12181,#12182);
#12180 = CARTESIAN_POINT('',(1.5,-1.,0.2));
#12181 = DIRECTION('',(0.,-1.,0.));
#12182 = DIRECTION('',(0.,0.,1.));
#12183 = ADVANCED_FACE('',(#12184),#12190,.T.);
#12184 = FACE_BOUND('',#12185,.T.);
#12185 = EDGE_LOOP('',(#12186,#12187,#12188,#12189));
#12186 = ORIENTED_EDGE('',*,*,#12172,.T.);
#12187 = ORIENTED_EDGE('',*,*,#12054,.T.);
#12188 = ORIENTED_EDGE('',*,*,#12153,.F.);
#12189 = ORIENTED_EDGE('',*,*,#11971,.F.);
#12190 = PLANE('',#12191);
#12191 = AXIS2_PLACEMENT_3D('',#12192,#12193,#12194);
#12192 = CARTESIAN_POINT('',(1.5,-1.,1.8));
#12193 = DIRECTION('',(0.,-0.707106781187,0.707106781187));
#12194 = DIRECTION('',(0.,0.707106781187,0.707106781187));
#12195 = ADVANCED_FACE('',(#12196),#12221,.T.);
#12196 = FACE_BOUND('',#12197,.T.);
#12197 = EDGE_LOOP('',(#12198,#12206,#12214,#12220));
#12198 = ORIENTED_EDGE('',*,*,#12199,.F.);
#12199 = EDGE_CURVE('',#12200,#11999,#12202,.T.);
#12200 = VERTEX_POINT('',#12201);
#12201 = CARTESIAN_POINT('',(0.25,0.25,1.25));
#12202 = LINE('',#12203,#12204);
#12203 = CARTESIAN_POINT('',(-0.25,0.25,1.25));
#12204 = VECTOR('',#12205,1.);
#12205 = DIRECTION('',(1.,0.,0.));
#12206 = ORIENTED_EDGE('',*,*,#12207,.T.);
#12207 = EDGE_CURVE('',#12200,#12208,#12210,.T.);
#12208 = VERTEX_POINT('',#12209);
#12209 = CARTESIAN_POINT('',(0.25,-0.25,1.25));
#12210 = LINE('',#12211,#12212);
#12211 = CARTESIAN_POINT('',(0.25,0.25,1.25));
#12212 = VECTOR('',#12213,1.);
#12213 = DIRECTION('',(0.,-1.,0.));
#12214 = ORIENTED_EDGE('',*,*,#12215,.T.);
#12215 = EDGE_CURVE('',#12208,#11997,#12216,.T.);
#12216 = LINE('',#12217,#12218);
#12217 = CARTESIAN_POINT('',(-0.25,-0.25,1.25));
#12218 = VECTOR('',#12219,1.);
#12219 = DIRECTION('',(1.,0.,0.));
#12220 = ORIENTED_EDGE('',*,*,#11996,.T.);
#12221 = PLANE('',#12222);
#12222 = AXIS2_PLACEMENT_3D('',#12223,#12224,#12225);
#12223 = CARTESIAN_POINT('',(-0.25,0.25,1.25));
#12224 = DIRECTION('',(0.,0.,1.));
#12225 = DIRECTION('',(1.,0.,-0.));
#12226 = ADVANCED_FACE('',(#12227),#12270,.T.);
#12227 = FACE_BOUND('',#12228,.T.);
#12228 = EDGE_LOOP('',(#12229,#12238,#12239,#12240,#12248,#12256,#12264)
  );
#12229 = ORIENTED_EDGE('',*,*,#12230,.T.);
#12230 = EDGE_CURVE('',#12231,#12200,#12233,.T.);
#12231 = VERTEX_POINT('',#12232);
#12232 = CARTESIAN_POINT('',(-0.25,0.25,0.75));
#12233 = CIRCLE('',#12234,0.5);
#12234 = AXIS2_PLACEMENT_3D('',#12235,#12236,#12237);
#12235 = CARTESIAN_POINT('',(0.25,0.25,0.75));
#12236 = DIRECTION('',(0.,1.,0.));
#12237 = DIRECTION('',(0.,0.,-1.));
#12238 = ORIENTED_EDGE('',*,*,#12199,.T.);
#12239 = ORIENTED_EDGE('',*,*,#12022,.T.);
#12240 = ORIENTED_EDGE('',*,*,#12241,.T.);
#12241 = EDGE_CURVE('',#12015,#12242,#12244,.T.);
#12242 = VERTEX_POINT('',#12243);
#12243 = CARTESIAN_POINT('',(0.25,0.25,0.75));
#12244 = LINE('',#12245,#12246);
#12245 = CARTESIAN_POINT('',(7.2,0.25,0.75));
#12246 = VECTOR('',#12247,1.);
#12247 = DIRECTION('',(-1.,0.,0.));
#12248 = ORIENTED_EDGE('',*,*,#12249,.T.);
#12249 = EDGE_CURVE('',#12242,#12250,#12252,.T.);
#12250 = VERTEX_POINT('',#12251);
#12251 = CARTESIAN_POINT('',(0.25,0.25,-2.275));
#12252 = LINE('',#12253,#12254);
#12253 = CARTESIAN_POINT('',(0.25,0.25,0.75));
#12254 = VECTOR('',#12255,1.);
#12255 = DIRECTION('',(0.,0.,-1.));
#12256 = ORIENTED_EDGE('',*,*,#12257,.T.);
#12257 = EDGE_CURVE('',#12250,#12258,#12260,.T.);
#12258 = VERTEX_POINT('',#12259);
#12259 = CARTESIAN_POINT('',(-0.25,0.25,-2.275));
#12260 = LINE('',#12261,#12262);
#12261 = CARTESIAN_POINT('',(0.25,0.25,-2.275));
#12262 = VECTOR('',#12263,1.);
#12263 = DIRECTION('',(-1.,0.,0.));
#12264 = ORIENTED_EDGE('',*,*,#12265,.T.);
#12265 = EDGE_CURVE('',#12258,#12231,#12266,.T.);
#12266 = LINE('',#12267,#12268);
#12267 = CARTESIAN_POINT('',(-0.25,0.25,-2.4));
#12268 = VECTOR('',#12269,1.);
#12269 = DIRECTION('',(0.,0.,1.));
#12270 = PLANE('',#12271);
#12271 = AXIS2_PLACEMENT_3D('',#12272,#12273,#12274);
#12272 = CARTESIAN_POINT('',(2.488851351351,0.25,0.411148648649));
#12273 = DIRECTION('',(0.,1.,0.));
#12274 = DIRECTION('',(0.,-0.,1.));
#12275 = ADVANCED_FACE('',(#12276),#12294,.T.);
#12276 = FACE_BOUND('',#12277,.T.);
#12277 = EDGE_LOOP('',(#12278,#12279,#12280,#12288));
#12278 = ORIENTED_EDGE('',*,*,#12241,.F.);
#12279 = ORIENTED_EDGE('',*,*,#12014,.T.);
#12280 = ORIENTED_EDGE('',*,*,#12281,.T.);
#12281 = EDGE_CURVE('',#12007,#12282,#12284,.T.);
#12282 = VERTEX_POINT('',#12283);
#12283 = CARTESIAN_POINT('',(0.25,-0.25,0.75));
#12284 = LINE('',#12285,#12286);
#12285 = CARTESIAN_POINT('',(7.2,-0.25,0.75));
#12286 = VECTOR('',#12287,1.);
#12287 = DIRECTION('',(-1.,0.,0.));
#12288 = ORIENTED_EDGE('',*,*,#12289,.F.);
#12289 = EDGE_CURVE('',#12242,#12282,#12290,.T.);
#12290 = LINE('',#12291,#12292);
#12291 = CARTESIAN_POINT('',(0.25,0.25,0.75));
#12292 = VECTOR('',#12293,1.);
#12293 = DIRECTION('',(0.,-1.,0.));
#12294 = PLANE('',#12295);
#12295 = AXIS2_PLACEMENT_3D('',#12296,#12297,#12298);
#12296 = CARTESIAN_POINT('',(7.2,0.25,0.75));
#12297 = DIRECTION('',(-0.,-0.,-1.));
#12298 = DIRECTION('',(-1.,0.,0.));
#12299 = ADVANCED_FACE('',(#12300),#12336,.F.);
#12300 = FACE_BOUND('',#12301,.F.);
#12301 = EDGE_LOOP('',(#12302,#12311,#12312,#12313,#12314,#12322,#12330)
  );
#12302 = ORIENTED_EDGE('',*,*,#12303,.T.);
#12303 = EDGE_CURVE('',#12304,#12208,#12306,.T.);
#12304 = VERTEX_POINT('',#12305);
#12305 = CARTESIAN_POINT('',(-0.25,-0.25,0.75));
#12306 = CIRCLE('',#12307,0.5);
#12307 = AXIS2_PLACEMENT_3D('',#12308,#12309,#12310);
#12308 = CARTESIAN_POINT('',(0.25,-0.25,0.75));
#12309 = DIRECTION('',(0.,1.,0.));
#12310 = DIRECTION('',(0.,0.,-1.));
#12311 = ORIENTED_EDGE('',*,*,#12215,.T.);
#12312 = ORIENTED_EDGE('',*,*,#12006,.T.);
#12313 = ORIENTED_EDGE('',*,*,#12281,.T.);
#12314 = ORIENTED_EDGE('',*,*,#12315,.T.);
#12315 = EDGE_CURVE('',#12282,#12316,#12318,.T.);
#12316 = VERTEX_POINT('',#12317);
#12317 = CARTESIAN_POINT('',(0.25,-0.25,-2.275));
#12318 = LINE('',#12319,#12320);
#12319 = CARTESIAN_POINT('',(0.25,-0.25,0.75));
#12320 = VECTOR('',#12321,1.);
#12321 = DIRECTION('',(0.,0.,-1.));
#12322 = ORIENTED_EDGE('',*,*,#12323,.T.);
#12323 = EDGE_CURVE('',#12316,#12324,#12326,.T.);
#12324 = VERTEX_POINT('',#12325);
#12325 = CARTESIAN_POINT('',(-0.25,-0.25,-2.275));
#12326 = LINE('',#12327,#12328);
#12327 = CARTESIAN_POINT('',(0.25,-0.25,-2.275));
#12328 = VECTOR('',#12329,1.);
#12329 = DIRECTION('',(-1.,0.,0.));
#12330 = ORIENTED_EDGE('',*,*,#12331,.T.);
#12331 = EDGE_CURVE('',#12324,#12304,#12332,.T.);
#12332 = LINE('',#12333,#12334);
#12333 = CARTESIAN_POINT('',(-0.25,-0.25,-2.4));
#12334 = VECTOR('',#12335,1.);
#12335 = DIRECTION('',(0.,0.,1.));
#12336 = PLANE('',#12337);
#12337 = AXIS2_PLACEMENT_3D('',#12338,#12339,#12340);
#12338 = CARTESIAN_POINT('',(2.488851351351,-0.25,0.411148648649));
#12339 = DIRECTION('',(0.,1.,0.));
#12340 = DIRECTION('',(0.,-0.,1.));
#12341 = ADVANCED_FACE('',(#12342),#12367,.T.);
#12342 = FACE_BOUND('',#12343,.T.);
#12343 = EDGE_LOOP('',(#12344,#12352,#12353,#12361));
#12344 = ORIENTED_EDGE('',*,*,#12345,.F.);
#12345 = EDGE_CURVE('',#12082,#12346,#12348,.T.);
#12346 = VERTEX_POINT('',#12347);
#12347 = CARTESIAN_POINT('',(7.075,0.25,1.25));
#12348 = LINE('',#12349,#12350);
#12349 = CARTESIAN_POINT('',(-0.25,0.25,1.25));
#12350 = VECTOR('',#12351,1.);
#12351 = DIRECTION('',(1.,0.,0.));
#12352 = ORIENTED_EDGE('',*,*,#12079,.F.);
#12353 = ORIENTED_EDGE('',*,*,#12354,.T.);
#12354 = EDGE_CURVE('',#12080,#12355,#12357,.T.);
#12355 = VERTEX_POINT('',#12356);
#12356 = CARTESIAN_POINT('',(7.075,-0.25,1.25));
#12357 = LINE('',#12358,#12359);
#12358 = CARTESIAN_POINT('',(-0.25,-0.25,1.25));
#12359 = VECTOR('',#12360,1.);
#12360 = DIRECTION('',(1.,0.,0.));
#12361 = ORIENTED_EDGE('',*,*,#12362,.F.);
#12362 = EDGE_CURVE('',#12346,#12355,#12363,.T.);
#12363 = LINE('',#12364,#12365);
#12364 = CARTESIAN_POINT('',(7.075,0.25,1.25));
#12365 = VECTOR('',#12366,1.);
#12366 = DIRECTION('',(0.,-1.,0.));
#12367 = PLANE('',#12368);
#12368 = AXIS2_PLACEMENT_3D('',#12369,#12370,#12371);
#12369 = CARTESIAN_POINT('',(-0.25,0.25,1.25));
#12370 = DIRECTION('',(0.,0.,1.));
#12371 = DIRECTION('',(1.,0.,-0.));
#12372 = ADVANCED_FACE('',(#12373),#12391,.T.);
#12373 = FACE_BOUND('',#12374,.T.);
#12374 = EDGE_LOOP('',(#12375,#12376,#12377,#12385));
#12375 = ORIENTED_EDGE('',*,*,#12105,.F.);
#12376 = ORIENTED_EDGE('',*,*,#12345,.T.);
#12377 = ORIENTED_EDGE('',*,*,#12378,.T.);
#12378 = EDGE_CURVE('',#12346,#12379,#12381,.T.);
#12379 = VERTEX_POINT('',#12380);
#12380 = CARTESIAN_POINT('',(7.075,0.25,0.75));
#12381 = LINE('',#12382,#12383);
#12382 = CARTESIAN_POINT('',(7.075,0.25,1.25));
#12383 = VECTOR('',#12384,1.);
#12384 = DIRECTION('',(0.,0.,-1.));
#12385 = ORIENTED_EDGE('',*,*,#12386,.T.);
#12386 = EDGE_CURVE('',#12379,#12098,#12387,.T.);
#12387 = LINE('',#12388,#12389);
#12388 = CARTESIAN_POINT('',(7.2,0.25,0.75));
#12389 = VECTOR('',#12390,1.);
#12390 = DIRECTION('',(-1.,0.,0.));
#12391 = PLANE('',#12392);
#12392 = AXIS2_PLACEMENT_3D('',#12393,#12394,#12395);
#12393 = CARTESIAN_POINT('',(2.488851351351,0.25,0.411148648649));
#12394 = DIRECTION('',(0.,1.,0.));
#12395 = DIRECTION('',(0.,-0.,1.));
#12396 = ADVANCED_FACE('',(#12397),#12415,.T.);
#12397 = FACE_BOUND('',#12398,.T.);
#12398 = EDGE_LOOP('',(#12399,#12400,#12408,#12414));
#12399 = ORIENTED_EDGE('',*,*,#12386,.F.);
#12400 = ORIENTED_EDGE('',*,*,#12401,.T.);
#12401 = EDGE_CURVE('',#12379,#12402,#12404,.T.);
#12402 = VERTEX_POINT('',#12403);
#12403 = CARTESIAN_POINT('',(7.075,-0.25,0.75));
#12404 = LINE('',#12405,#12406);
#12405 = CARTESIAN_POINT('',(7.075,0.25,0.75));
#12406 = VECTOR('',#12407,1.);
#12407 = DIRECTION('',(0.,-1.,0.));
#12408 = ORIENTED_EDGE('',*,*,#12409,.T.);
#12409 = EDGE_CURVE('',#12402,#12090,#12410,.T.);
#12410 = LINE('',#12411,#12412);
#12411 = CARTESIAN_POINT('',(7.2,-0.25,0.75));
#12412 = VECTOR('',#12413,1.);
#12413 = DIRECTION('',(-1.,0.,0.));
#12414 = ORIENTED_EDGE('',*,*,#12097,.F.);
#12415 = PLANE('',#12416);
#12416 = AXIS2_PLACEMENT_3D('',#12417,#12418,#12419);
#12417 = CARTESIAN_POINT('',(7.2,0.25,0.75));
#12418 = DIRECTION('',(-0.,-0.,-1.));
#12419 = DIRECTION('',(-1.,0.,0.));
#12420 = ADVANCED_FACE('',(#12421),#12432,.F.);
#12421 = FACE_BOUND('',#12422,.F.);
#12422 = EDGE_LOOP('',(#12423,#12424,#12425,#12431));
#12423 = ORIENTED_EDGE('',*,*,#12089,.F.);
#12424 = ORIENTED_EDGE('',*,*,#12354,.T.);
#12425 = ORIENTED_EDGE('',*,*,#12426,.T.);
#12426 = EDGE_CURVE('',#12355,#12402,#12427,.T.);
#12427 = LINE('',#12428,#12429);
#12428 = CARTESIAN_POINT('',(7.075,-0.25,1.25));
#12429 = VECTOR('',#12430,1.);
#12430 = DIRECTION('',(0.,0.,-1.));
#12431 = ORIENTED_EDGE('',*,*,#12409,.T.);
#12432 = PLANE('',#12433);
#12433 = AXIS2_PLACEMENT_3D('',#12434,#12435,#12436);
#12434 = CARTESIAN_POINT('',(2.488851351351,-0.25,0.411148648649));
#12435 = DIRECTION('',(0.,1.,0.));
#12436 = DIRECTION('',(0.,-0.,1.));
#12437 = ADVANCED_FACE('',(#12438),#12449,.T.);
#12438 = FACE_BOUND('',#12439,.T.);
#12439 = EDGE_LOOP('',(#12440,#12446,#12447,#12448));
#12440 = ORIENTED_EDGE('',*,*,#12441,.T.);
#12441 = EDGE_CURVE('',#12231,#12304,#12442,.T.);
#12442 = LINE('',#12443,#12444);
#12443 = CARTESIAN_POINT('',(-0.25,0.25,0.75));
#12444 = VECTOR('',#12445,1.);
#12445 = DIRECTION('',(0.,-1.,0.));
#12446 = ORIENTED_EDGE('',*,*,#12303,.T.);
#12447 = ORIENTED_EDGE('',*,*,#12207,.F.);
#12448 = ORIENTED_EDGE('',*,*,#12230,.F.);
#12449 = CYLINDRICAL_SURFACE('',#12450,0.5);
#12450 = AXIS2_PLACEMENT_3D('',#12451,#12452,#12453);
#12451 = CARTESIAN_POINT('',(0.25,0.25,0.75));
#12452 = DIRECTION('',(0.,-1.,0.));
#12453 = DIRECTION('',(-1.,0.,0.));
#12454 = ADVANCED_FACE('',(#12455),#12466,.T.);
#12455 = FACE_BOUND('',#12456,.T.);
#12456 = EDGE_LOOP('',(#12457,#12458,#12464,#12465));
#12457 = ORIENTED_EDGE('',*,*,#12265,.F.);
#12458 = ORIENTED_EDGE('',*,*,#12459,.T.);
#12459 = EDGE_CURVE('',#12258,#12324,#12460,.T.);
#12460 = LINE('',#12461,#12462);
#12461 = CARTESIAN_POINT('',(-0.25,0.25,-2.275));
#12462 = VECTOR('',#12463,1.);
#12463 = DIRECTION('',(0.,-1.,0.));
#12464 = ORIENTED_EDGE('',*,*,#12331,.T.);
#12465 = ORIENTED_EDGE('',*,*,#12441,.F.);
#12466 = PLANE('',#12467);
#12467 = AXIS2_PLACEMENT_3D('',#12468,#12469,#12470);
#12468 = CARTESIAN_POINT('',(-0.25,0.25,-2.4));
#12469 = DIRECTION('',(-1.,0.,0.));
#12470 = DIRECTION('',(0.,0.,1.));
#12471 = ADVANCED_FACE('',(#12472),#12497,.T.);
#12472 = FACE_BOUND('',#12473,.F.);
#12473 = EDGE_LOOP('',(#12474,#12482,#12483,#12491));
#12474 = ORIENTED_EDGE('',*,*,#12475,.T.);
#12475 = EDGE_CURVE('',#12476,#12250,#12478,.T.);
#12476 = VERTEX_POINT('',#12477);
#12477 = CARTESIAN_POINT('',(0.125,0.125,-2.4));
#12478 = LINE('',#12479,#12480);
#12479 = CARTESIAN_POINT('',(0.208333333333,0.208333333333,
    -2.316666666667));
#12480 = VECTOR('',#12481,1.);
#12481 = DIRECTION('',(0.57735026919,0.57735026919,0.57735026919));
#12482 = ORIENTED_EDGE('',*,*,#12257,.T.);
#12483 = ORIENTED_EDGE('',*,*,#12484,.T.);
#12484 = EDGE_CURVE('',#12258,#12485,#12487,.T.);
#12485 = VERTEX_POINT('',#12486);
#12486 = CARTESIAN_POINT('',(-0.125,0.125,-2.4));
#12487 = LINE('',#12488,#12489);
#12488 = CARTESIAN_POINT('',(-0.125,0.125,-2.4));
#12489 = VECTOR('',#12490,1.);
#12490 = DIRECTION('',(0.57735026919,-0.57735026919,-0.57735026919));
#12491 = ORIENTED_EDGE('',*,*,#12492,.F.);
#12492 = EDGE_CURVE('',#12476,#12485,#12493,.T.);
#12493 = LINE('',#12494,#12495);
#12494 = CARTESIAN_POINT('',(0.25,0.125,-2.4));
#12495 = VECTOR('',#12496,1.);
#12496 = DIRECTION('',(-1.,0.,0.));
#12497 = PLANE('',#12498);
#12498 = AXIS2_PLACEMENT_3D('',#12499,#12500,#12501);
#12499 = CARTESIAN_POINT('',(0.25,0.1875,-2.3375));
#12500 = DIRECTION('',(0.,0.707106781187,-0.707106781187));
#12501 = DIRECTION('',(1.,0.,0.));
#12502 = ADVANCED_FACE('',(#12503),#12514,.T.);
#12503 = FACE_BOUND('',#12504,.T.);
#12504 = EDGE_LOOP('',(#12505,#12506,#12507,#12508));
#12505 = ORIENTED_EDGE('',*,*,#12249,.F.);
#12506 = ORIENTED_EDGE('',*,*,#12289,.T.);
#12507 = ORIENTED_EDGE('',*,*,#12315,.T.);
#12508 = ORIENTED_EDGE('',*,*,#12509,.F.);
#12509 = EDGE_CURVE('',#12250,#12316,#12510,.T.);
#12510 = LINE('',#12511,#12512);
#12511 = CARTESIAN_POINT('',(0.25,0.25,-2.275));
#12512 = VECTOR('',#12513,1.);
#12513 = DIRECTION('',(0.,-1.,0.));
#12514 = PLANE('',#12515);
#12515 = AXIS2_PLACEMENT_3D('',#12516,#12517,#12518);
#12516 = CARTESIAN_POINT('',(0.25,0.25,0.75));
#12517 = DIRECTION('',(1.,0.,0.));
#12518 = DIRECTION('',(0.,0.,-1.));
#12519 = ADVANCED_FACE('',(#12520),#12545,.F.);
#12520 = FACE_BOUND('',#12521,.F.);
#12521 = EDGE_LOOP('',(#12522,#12530,#12538,#12544));
#12522 = ORIENTED_EDGE('',*,*,#12523,.F.);
#12523 = EDGE_CURVE('',#12524,#12316,#12526,.T.);
#12524 = VERTEX_POINT('',#12525);
#12525 = CARTESIAN_POINT('',(0.125,-0.125,-2.4));
#12526 = LINE('',#12527,#12528);
#12527 = CARTESIAN_POINT('',(0.125,-0.125,-2.4));
#12528 = VECTOR('',#12529,1.);
#12529 = DIRECTION('',(0.57735026919,-0.57735026919,0.57735026919));
#12530 = ORIENTED_EDGE('',*,*,#12531,.T.);
#12531 = EDGE_CURVE('',#12524,#12532,#12534,.T.);
#12532 = VERTEX_POINT('',#12533);
#12533 = CARTESIAN_POINT('',(-0.125,-0.125,-2.4));
#12534 = LINE('',#12535,#12536);
#12535 = CARTESIAN_POINT('',(0.25,-0.125,-2.4));
#12536 = VECTOR('',#12537,1.);
#12537 = DIRECTION('',(-1.,0.,0.));
#12538 = ORIENTED_EDGE('',*,*,#12539,.T.);
#12539 = EDGE_CURVE('',#12532,#12324,#12540,.T.);
#12540 = LINE('',#12541,#12542);
#12541 = CARTESIAN_POINT('',(-4.166666666667E-02,-4.166666666667E-02,
    -2.483333333333));
#12542 = VECTOR('',#12543,1.);
#12543 = DIRECTION('',(-0.57735026919,-0.57735026919,0.57735026919));
#12544 = ORIENTED_EDGE('',*,*,#12323,.F.);
#12545 = PLANE('',#12546);
#12546 = AXIS2_PLACEMENT_3D('',#12547,#12548,#12549);
#12547 = CARTESIAN_POINT('',(0.25,-0.1875,-2.3375));
#12548 = DIRECTION('',(0.,0.707106781187,0.707106781187));
#12549 = DIRECTION('',(-1.,0.,0.));
#12550 = ADVANCED_FACE('',(#12551),#12576,.T.);
#12551 = FACE_BOUND('',#12552,.T.);
#12552 = EDGE_LOOP('',(#12553,#12561,#12562,#12570));
#12553 = ORIENTED_EDGE('',*,*,#12554,.F.);
#12554 = EDGE_CURVE('',#12346,#12555,#12557,.T.);
#12555 = VERTEX_POINT('',#12556);
#12556 = CARTESIAN_POINT('',(7.2,0.125,1.125));
#12557 = LINE('',#12558,#12559);
#12558 = CARTESIAN_POINT('',(7.116666666667,0.208333333333,
    1.208333333333));
#12559 = VECTOR('',#12560,1.);
#12560 = DIRECTION('',(0.57735026919,-0.57735026919,-0.57735026919));
#12561 = ORIENTED_EDGE('',*,*,#12362,.T.);
#12562 = ORIENTED_EDGE('',*,*,#12563,.T.);
#12563 = EDGE_CURVE('',#12355,#12564,#12566,.T.);
#12564 = VERTEX_POINT('',#12565);
#12565 = CARTESIAN_POINT('',(7.2,-0.125,1.125));
#12566 = LINE('',#12567,#12568);
#12567 = CARTESIAN_POINT('',(7.2,-0.125,1.125));
#12568 = VECTOR('',#12569,1.);
#12569 = DIRECTION('',(0.57735026919,0.57735026919,-0.57735026919));
#12570 = ORIENTED_EDGE('',*,*,#12571,.F.);
#12571 = EDGE_CURVE('',#12555,#12564,#12572,.T.);
#12572 = LINE('',#12573,#12574);
#12573 = CARTESIAN_POINT('',(7.2,0.25,1.125));
#12574 = VECTOR('',#12575,1.);
#12575 = DIRECTION('',(0.,-1.,0.));
#12576 = PLANE('',#12577);
#12577 = AXIS2_PLACEMENT_3D('',#12578,#12579,#12580);
#12578 = CARTESIAN_POINT('',(7.1375,0.25,1.1875));
#12579 = DIRECTION('',(0.707106781187,0.,0.707106781187));
#12580 = DIRECTION('',(0.,-1.,0.));
#12581 = ADVANCED_FACE('',(#12582),#12600,.T.);
#12582 = FACE_BOUND('',#12583,.F.);
#12583 = EDGE_LOOP('',(#12584,#12585,#12586,#12594));
#12584 = ORIENTED_EDGE('',*,*,#12554,.F.);
#12585 = ORIENTED_EDGE('',*,*,#12378,.T.);
#12586 = ORIENTED_EDGE('',*,*,#12587,.T.);
#12587 = EDGE_CURVE('',#12379,#12588,#12590,.T.);
#12588 = VERTEX_POINT('',#12589);
#12589 = CARTESIAN_POINT('',(7.2,0.125,0.875));
#12590 = LINE('',#12591,#12592);
#12591 = CARTESIAN_POINT('',(7.2,0.125,0.875));
#12592 = VECTOR('',#12593,1.);
#12593 = DIRECTION('',(0.57735026919,-0.57735026919,0.57735026919));
#12594 = ORIENTED_EDGE('',*,*,#12595,.F.);
#12595 = EDGE_CURVE('',#12555,#12588,#12596,.T.);
#12596 = LINE('',#12597,#12598);
#12597 = CARTESIAN_POINT('',(7.2,0.125,1.25));
#12598 = VECTOR('',#12599,1.);
#12599 = DIRECTION('',(0.,0.,-1.));
#12600 = PLANE('',#12601);
#12601 = AXIS2_PLACEMENT_3D('',#12602,#12603,#12604);
#12602 = CARTESIAN_POINT('',(7.1375,0.1875,1.25));
#12603 = DIRECTION('',(0.707106781187,0.707106781187,0.));
#12604 = DIRECTION('',(0.,-0.,1.));
#12605 = ADVANCED_FACE('',(#12606),#12624,.T.);
#12606 = FACE_BOUND('',#12607,.F.);
#12607 = EDGE_LOOP('',(#12608,#12609,#12610,#12618));
#12608 = ORIENTED_EDGE('',*,*,#12587,.F.);
#12609 = ORIENTED_EDGE('',*,*,#12401,.T.);
#12610 = ORIENTED_EDGE('',*,*,#12611,.T.);
#12611 = EDGE_CURVE('',#12402,#12612,#12614,.T.);
#12612 = VERTEX_POINT('',#12613);
#12613 = CARTESIAN_POINT('',(7.2,-0.125,0.875));
#12614 = LINE('',#12615,#12616);
#12615 = CARTESIAN_POINT('',(7.283333333333,-4.166666666667E-02,
    0.958333333333));
#12616 = VECTOR('',#12617,1.);
#12617 = DIRECTION('',(0.57735026919,0.57735026919,0.57735026919));
#12618 = ORIENTED_EDGE('',*,*,#12619,.F.);
#12619 = EDGE_CURVE('',#12588,#12612,#12620,.T.);
#12620 = LINE('',#12621,#12622);
#12621 = CARTESIAN_POINT('',(7.2,0.25,0.875));
#12622 = VECTOR('',#12623,1.);
#12623 = DIRECTION('',(0.,-1.,0.));
#12624 = PLANE('',#12625);
#12625 = AXIS2_PLACEMENT_3D('',#12626,#12627,#12628);
#12626 = CARTESIAN_POINT('',(7.1375,0.25,0.8125));
#12627 = DIRECTION('',(0.707106781187,0.,-0.707106781187));
#12628 = DIRECTION('',(0.,1.,0.));
#12629 = ADVANCED_FACE('',(#12630),#12641,.F.);
#12630 = FACE_BOUND('',#12631,.T.);
#12631 = EDGE_LOOP('',(#12632,#12633,#12634,#12635));
#12632 = ORIENTED_EDGE('',*,*,#12563,.F.);
#12633 = ORIENTED_EDGE('',*,*,#12426,.T.);
#12634 = ORIENTED_EDGE('',*,*,#12611,.T.);
#12635 = ORIENTED_EDGE('',*,*,#12636,.F.);
#12636 = EDGE_CURVE('',#12564,#12612,#12637,.T.);
#12637 = LINE('',#12638,#12639);
#12638 = CARTESIAN_POINT('',(7.2,-0.125,1.25));
#12639 = VECTOR('',#12640,1.);
#12640 = DIRECTION('',(0.,0.,-1.));
#12641 = PLANE('',#12642);
#12642 = AXIS2_PLACEMENT_3D('',#12643,#12644,#12645);
#12643 = CARTESIAN_POINT('',(7.1375,-0.1875,1.25));
#12644 = DIRECTION('',(-0.707106781187,0.707106781187,0.));
#12645 = DIRECTION('',(0.,0.,1.));
#12646 = ADVANCED_FACE('',(#12647),#12658,.T.);
#12647 = FACE_BOUND('',#12648,.F.);
#12648 = EDGE_LOOP('',(#12649,#12650,#12651,#12652));
#12649 = ORIENTED_EDGE('',*,*,#12484,.F.);
#12650 = ORIENTED_EDGE('',*,*,#12459,.T.);
#12651 = ORIENTED_EDGE('',*,*,#12539,.F.);
#12652 = ORIENTED_EDGE('',*,*,#12653,.F.);
#12653 = EDGE_CURVE('',#12485,#12532,#12654,.T.);
#12654 = LINE('',#12655,#12656);
#12655 = CARTESIAN_POINT('',(-0.125,0.25,-2.4));
#12656 = VECTOR('',#12657,1.);
#12657 = DIRECTION('',(0.,-1.,0.));
#12658 = PLANE('',#12659);
#12659 = AXIS2_PLACEMENT_3D('',#12660,#12661,#12662);
#12660 = CARTESIAN_POINT('',(-0.1875,0.25,-2.3375));
#12661 = DIRECTION('',(-0.707106781187,0.,-0.707106781187));
#12662 = DIRECTION('',(0.,1.,0.));
#12663 = ADVANCED_FACE('',(#12664),#12675,.T.);
#12664 = FACE_BOUND('',#12665,.F.);
#12665 = EDGE_LOOP('',(#12666,#12667,#12673,#12674));
#12666 = ORIENTED_EDGE('',*,*,#12475,.F.);
#12667 = ORIENTED_EDGE('',*,*,#12668,.T.);
#12668 = EDGE_CURVE('',#12476,#12524,#12669,.T.);
#12669 = LINE('',#12670,#12671);
#12670 = CARTESIAN_POINT('',(0.125,0.25,-2.4));
#12671 = VECTOR('',#12672,1.);
#12672 = DIRECTION('',(0.,-1.,0.));
#12673 = ORIENTED_EDGE('',*,*,#12523,.T.);
#12674 = ORIENTED_EDGE('',*,*,#12509,.F.);
#12675 = PLANE('',#12676);
#12676 = AXIS2_PLACEMENT_3D('',#12677,#12678,#12679);
#12677 = CARTESIAN_POINT('',(0.1875,0.25,-2.3375));
#12678 = DIRECTION('',(0.707106781187,0.,-0.707106781187));
#12679 = DIRECTION('',(0.,1.,0.));
#12680 = ADVANCED_FACE('',(#12681),#12687,.T.);
#12681 = FACE_BOUND('',#12682,.T.);
#12682 = EDGE_LOOP('',(#12683,#12684,#12685,#12686));
#12683 = ORIENTED_EDGE('',*,*,#12668,.T.);
#12684 = ORIENTED_EDGE('',*,*,#12531,.T.);
#12685 = ORIENTED_EDGE('',*,*,#12653,.F.);
#12686 = ORIENTED_EDGE('',*,*,#12492,.F.);
#12687 = PLANE('',#12688);
#12688 = AXIS2_PLACEMENT_3D('',#12689,#12690,#12691);
#12689 = CARTESIAN_POINT('',(0.25,0.25,-2.4));
#12690 = DIRECTION('',(-0.,-0.,-1.));
#12691 = DIRECTION('',(-1.,0.,0.));
#12692 = ADVANCED_FACE('',(#12693),#12699,.T.);
#12693 = FACE_BOUND('',#12694,.T.);
#12694 = EDGE_LOOP('',(#12695,#12696,#12697,#12698));
#12695 = ORIENTED_EDGE('',*,*,#12595,.F.);
#12696 = ORIENTED_EDGE('',*,*,#12571,.T.);
#12697 = ORIENTED_EDGE('',*,*,#12636,.T.);
#12698 = ORIENTED_EDGE('',*,*,#12619,.F.);
#12699 = PLANE('',#12700);
#12700 = AXIS2_PLACEMENT_3D('',#12701,#12702,#12703);
#12701 = CARTESIAN_POINT('',(7.2,0.25,1.25));
#12702 = DIRECTION('',(1.,0.,0.));
#12703 = DIRECTION('',(0.,0.,-1.));
#12704 = ( GEOMETRIC_REPRESENTATION_CONTEXT(3) 
GLOBAL_UNCERTAINTY_ASSIGNED_CONTEXT((#12708)) 
GLOBAL_UNIT_ASSIGNED_CONTEXT((#12705,#12706,#12707)) 
REPRESENTATION_CONTEXT('Context #1',
  '3D Context with UNIT and UNCERTAINTY') );
#12705 = ( LENGTH_UNIT() NAMED_UNIT(*) SI_UNIT(.MILLI.,.METRE.) );
#12706 = ( NAMED_UNIT(*) PLANE_ANGLE_UNIT() SI_UNIT($,.RADIAN.) );
#12707 = ( NAMED_UNIT(*) SI_UNIT($,.STERADIAN.) SOLID_ANGLE_UNIT() );
#12708 = UNCERTAINTY_MEASURE_WITH_UNIT(LENGTH_MEASURE(1.E-07),#12705,
  'distance_accuracy_value','confusion accuracy');
#12709 = CONTEXT_DEPENDENT_SHAPE_REPRESENTATION(#12710,#12712);
#12710 = ( REPRESENTATION_RELATIONSHIP('','',#11844,#10) 
REPRESENTATION_RELATIONSHIP_WITH_TRANSFORMATION(#12711) 
SHAPE_REPRESENTATION_RELATIONSHIP() );
#12711 = ITEM_DEFINED_TRANSFORMATION('','',#11,#79);
#12712 = PRODUCT_DEFINITION_SHAPE('Placement','Placement of an item',
  #12713);
#12713 = NEXT_ASSEMBLY_USAGE_OCCURRENCE('17','J2','',#5,#11839,$);
#12714 = PRODUCT_RELATED_PRODUCT_CATEGORY('part',$,(#11841));
#12715 = CONTEXT_DEPENDENT_SHAPE_REPRESENTATION(#12716,#12718);
#12716 = ( REPRESENTATION_RELATIONSHIP('','',#6899,#10) 
REPRESENTATION_RELATIONSHIP_WITH_TRANSFORMATION(#12717) 
SHAPE_REPRESENTATION_RELATIONSHIP() );
#12717 = ITEM_DEFINED_TRANSFORMATION('','',#11,#83);
#12718 = PRODUCT_DEFINITION_SHAPE('Placement','Placement of an item',
  #12719);
#12719 = NEXT_ASSEMBLY_USAGE_OCCURRENCE('18','R3','',#5,#6894,$);
#12720 = CONTEXT_DEPENDENT_SHAPE_REPRESENTATION(#12721,#12723);
#12721 = ( REPRESENTATION_RELATIONSHIP('','',#7723,#10) 
REPRESENTATION_RELATIONSHIP_WITH_TRANSFORMATION(#12722) 
SHAPE_REPRESENTATION_RELATIONSHIP() );
#12722 = ITEM_DEFINED_TRANSFORMATION('','',#11,#87);
#12723 = PRODUCT_DEFINITION_SHAPE('Placement','Placement of an item',
  #12724);
#12724 = NEXT_ASSEMBLY_USAGE_OCCURRENCE('19','C2','',#5,#7718,$);
#12725 = SHAPE_DEFINITION_REPRESENTATION(#12726,#12732);
#12726 = PRODUCT_DEFINITION_SHAPE('','',#12727);
#12727 = PRODUCT_DEFINITION('design','',#12728,#12731);
#12728 = PRODUCT_DEFINITION_FORMATION('','',#12729);
#12729 = PRODUCT('line-follower-sensor-array-v2_PCB',
  'line-follower-sensor-array-v2_PCB','',(#12730));
#12730 = PRODUCT_CONTEXT('',#2,'mechanical');
#12731 = PRODUCT_DEFINITION_CONTEXT('part definition',#2,'design');
#12732 = ADVANCED_BREP_SHAPE_REPRESENTATION('',(#11,#12733),#14923);
#12733 = MANIFOLD_SOLID_BREP('',#12734);
#12734 = CLOSED_SHELL('',(#12735,#12775,#12806,#12837,#13415,#13993,
    #14010,#14027,#14044,#14061,#14078,#14095,#14112,#14129,#14146,
    #14163,#14180,#14192,#14209,#14226,#14243,#14260,#14277,#14294,
    #14311,#14328,#14345,#14362,#14379,#14396,#14413,#14430,#14447,
    #14464,#14481,#14498,#14515,#14532,#14549,#14566,#14583,#14600,
    #14617,#14634,#14651,#14668,#14685,#14702,#14719,#14736,#14753,
    #14770,#14787,#14804,#14821,#14838,#14855,#14872,#14889,#14906));
#12735 = ADVANCED_FACE('',(#12736),#12770,.T.);
#12736 = FACE_BOUND('',#12737,.T.);
#12737 = EDGE_LOOP('',(#12738,#12748,#12756,#12764));
#12738 = ORIENTED_EDGE('',*,*,#12739,.T.);
#12739 = EDGE_CURVE('',#12740,#12742,#12744,.T.);
#12740 = VERTEX_POINT('',#12741);
#12741 = CARTESIAN_POINT('',(194.,-52.,0.));
#12742 = VERTEX_POINT('',#12743);
#12743 = CARTESIAN_POINT('',(194.,-52.,1.51));
#12744 = LINE('',#12745,#12746);
#12745 = CARTESIAN_POINT('',(194.,-52.,0.));
#12746 = VECTOR('',#12747,1.);
#12747 = DIRECTION('',(0.,0.,1.));
#12748 = ORIENTED_EDGE('',*,*,#12749,.T.);
#12749 = EDGE_CURVE('',#12742,#12750,#12752,.T.);
#12750 = VERTEX_POINT('',#12751);
#12751 = CARTESIAN_POINT('',(209.,-58.,1.51));
#12752 = LINE('',#12753,#12754);
#12753 = CARTESIAN_POINT('',(194.,-52.,1.51));
#12754 = VECTOR('',#12755,1.);
#12755 = DIRECTION('',(0.928476690885,-0.371390676354,0.));
#12756 = ORIENTED_EDGE('',*,*,#12757,.F.);
#12757 = EDGE_CURVE('',#12758,#12750,#12760,.T.);
#12758 = VERTEX_POINT('',#12759);
#12759 = CARTESIAN_POINT('',(209.,-58.,0.));
#12760 = LINE('',#12761,#12762);
#12761 = CARTESIAN_POINT('',(209.,-58.,0.));
#12762 = VECTOR('',#12763,1.);
#12763 = DIRECTION('',(0.,0.,1.));
#12764 = ORIENTED_EDGE('',*,*,#12765,.F.);
#12765 = EDGE_CURVE('',#12740,#12758,#12766,.T.);
#12766 = LINE('',#12767,#12768);
#12767 = CARTESIAN_POINT('',(194.,-52.,0.));
#12768 = VECTOR('',#12769,1.);
#12769 = DIRECTION('',(0.928476690885,-0.371390676354,0.));
#12770 = PLANE('',#12771);
#12771 = AXIS2_PLACEMENT_3D('',#12772,#12773,#12774);
#12772 = CARTESIAN_POINT('',(194.,-52.,0.));
#12773 = DIRECTION('',(0.371390676354,0.928476690885,-0.));
#12774 = DIRECTION('',(0.928476690885,-0.371390676354,0.));
#12775 = ADVANCED_FACE('',(#12776),#12801,.T.);
#12776 = FACE_BOUND('',#12777,.T.);
#12777 = EDGE_LOOP('',(#12778,#12788,#12794,#12795));
#12778 = ORIENTED_EDGE('',*,*,#12779,.T.);
#12779 = EDGE_CURVE('',#12780,#12782,#12784,.T.);
#12780 = VERTEX_POINT('',#12781);
#12781 = CARTESIAN_POINT('',(176.,-48.,0.));
#12782 = VERTEX_POINT('',#12783);
#12783 = CARTESIAN_POINT('',(176.,-48.,1.51));
#12784 = LINE('',#12785,#12786);
#12785 = CARTESIAN_POINT('',(176.,-48.,0.));
#12786 = VECTOR('',#12787,1.);
#12787 = DIRECTION('',(0.,0.,1.));
#12788 = ORIENTED_EDGE('',*,*,#12789,.T.);
#12789 = EDGE_CURVE('',#12782,#12742,#12790,.T.);
#12790 = LINE('',#12791,#12792);
#12791 = CARTESIAN_POINT('',(176.,-48.,1.51));
#12792 = VECTOR('',#12793,1.);
#12793 = DIRECTION('',(0.976187060184,-0.216930457819,0.));
#12794 = ORIENTED_EDGE('',*,*,#12739,.F.);
#12795 = ORIENTED_EDGE('',*,*,#12796,.F.);
#12796 = EDGE_CURVE('',#12780,#12740,#12797,.T.);
#12797 = LINE('',#12798,#12799);
#12798 = CARTESIAN_POINT('',(176.,-48.,0.));
#12799 = VECTOR('',#12800,1.);
#12800 = DIRECTION('',(0.976187060184,-0.216930457819,0.));
#12801 = PLANE('',#12802);
#12802 = AXIS2_PLACEMENT_3D('',#12803,#12804,#12805);
#12803 = CARTESIAN_POINT('',(176.,-48.,0.));
#12804 = DIRECTION('',(0.216930457819,0.976187060184,-0.));
#12805 = DIRECTION('',(0.976187060184,-0.216930457819,0.));
#12806 = ADVANCED_FACE('',(#12807),#12832,.T.);
#12807 = FACE_BOUND('',#12808,.T.);
#12808 = EDGE_LOOP('',(#12809,#12810,#12818,#12826));
#12809 = ORIENTED_EDGE('',*,*,#12757,.T.);
#12810 = ORIENTED_EDGE('',*,*,#12811,.T.);
#12811 = EDGE_CURVE('',#12750,#12812,#12814,.T.);
#12812 = VERTEX_POINT('',#12813);
#12813 = CARTESIAN_POINT('',(209.,-72.,1.51));
#12814 = LINE('',#12815,#12816);
#12815 = CARTESIAN_POINT('',(209.,-58.,1.51));
#12816 = VECTOR('',#12817,1.);
#12817 = DIRECTION('',(0.,-1.,0.));
#12818 = ORIENTED_EDGE('',*,*,#12819,.F.);
#12819 = EDGE_CURVE('',#12820,#12812,#12822,.T.);
#12820 = VERTEX_POINT('',#12821);
#12821 = CARTESIAN_POINT('',(209.,-72.,0.));
#12822 = LINE('',#12823,#12824);
#12823 = CARTESIAN_POINT('',(209.,-72.,0.));
#12824 = VECTOR('',#12825,1.);
#12825 = DIRECTION('',(0.,0.,1.));
#12826 = ORIENTED_EDGE('',*,*,#12827,.F.);
#12827 = EDGE_CURVE('',#12758,#12820,#12828,.T.);
#12828 = LINE('',#12829,#12830);
#12829 = CARTESIAN_POINT('',(209.,-58.,0.));
#12830 = VECTOR('',#12831,1.);
#12831 = DIRECTION('',(0.,-1.,0.));
#12832 = PLANE('',#12833);
#12833 = AXIS2_PLACEMENT_3D('',#12834,#12835,#12836);
#12834 = CARTESIAN_POINT('',(209.,-58.,0.));
#12835 = DIRECTION('',(1.,0.,-0.));
#12836 = DIRECTION('',(0.,-1.,0.));
#12837 = ADVANCED_FACE('',(#12838,#12937,#12948,#12959,#12970,#12981,
    #12992,#13003,#13014,#13025,#13036,#13047,#13058,#13069,#13080,
    #13091,#13102,#13113,#13124,#13135,#13146,#13157,#13168,#13179,
    #13190,#13201,#13212,#13223,#13234,#13245,#13256,#13267,#13278,
    #13289,#13300,#13311,#13322,#13333,#13344,#13355,#13366,#13377,
    #13388,#13399),#13410,.F.);
#12838 = FACE_BOUND('',#12839,.F.);
#12839 = EDGE_LOOP('',(#12840,#12841,#12842,#12850,#12858,#12866,#12874,
    #12882,#12890,#12898,#12906,#12914,#12922,#12930,#12936));
#12840 = ORIENTED_EDGE('',*,*,#12765,.F.);
#12841 = ORIENTED_EDGE('',*,*,#12796,.F.);
#12842 = ORIENTED_EDGE('',*,*,#12843,.F.);
#12843 = EDGE_CURVE('',#12844,#12780,#12846,.T.);
#12844 = VERTEX_POINT('',#12845);
#12845 = CARTESIAN_POINT('',(162.,-48.,0.));
#12846 = LINE('',#12847,#12848);
#12847 = CARTESIAN_POINT('',(162.,-48.,0.));
#12848 = VECTOR('',#12849,1.);
#12849 = DIRECTION('',(1.,0.,0.));
#12850 = ORIENTED_EDGE('',*,*,#12851,.F.);
#12851 = EDGE_CURVE('',#12852,#12844,#12854,.T.);
#12852 = VERTEX_POINT('',#12853);
#12853 = CARTESIAN_POINT('',(147.,-53.,0.));
#12854 = LINE('',#12855,#12856);
#12855 = CARTESIAN_POINT('',(147.,-53.,0.));
#12856 = VECTOR('',#12857,1.);
#12857 = DIRECTION('',(0.948683298051,0.316227766017,0.));
#12858 = ORIENTED_EDGE('',*,*,#12859,.F.);
#12859 = EDGE_CURVE('',#12860,#12852,#12862,.T.);
#12860 = VERTEX_POINT('',#12861);
#12861 = CARTESIAN_POINT('',(130.,-60.,0.));
#12862 = LINE('',#12863,#12864);
#12863 = CARTESIAN_POINT('',(130.,-60.,0.));
#12864 = VECTOR('',#12865,1.);
#12865 = DIRECTION('',(0.924678098475,0.380749805254,0.));
#12866 = ORIENTED_EDGE('',*,*,#12867,.F.);
#12867 = EDGE_CURVE('',#12868,#12860,#12870,.T.);
#12868 = VERTEX_POINT('',#12869);
#12869 = CARTESIAN_POINT('',(130.,-73.,0.));
#12870 = LINE('',#12871,#12872);
#12871 = CARTESIAN_POINT('',(130.,-73.,0.));
#12872 = VECTOR('',#12873,1.);
#12873 = DIRECTION('',(0.,1.,0.));
#12874 = ORIENTED_EDGE('',*,*,#12875,.F.);
#12875 = EDGE_CURVE('',#12876,#12868,#12878,.T.);
#12876 = VERTEX_POINT('',#12877);
#12877 = CARTESIAN_POINT('',(154.,-73.,0.));
#12878 = LINE('',#12879,#12880);
#12879 = CARTESIAN_POINT('',(154.,-73.,0.));
#12880 = VECTOR('',#12881,1.);
#12881 = DIRECTION('',(-1.,0.,0.));
#12882 = ORIENTED_EDGE('',*,*,#12883,.F.);
#12883 = EDGE_CURVE('',#12884,#12876,#12886,.T.);
#12884 = VERTEX_POINT('',#12885);
#12885 = CARTESIAN_POINT('',(154.,-76.,0.));
#12886 = LINE('',#12887,#12888);
#12887 = CARTESIAN_POINT('',(154.,-76.,0.));
#12888 = VECTOR('',#12889,1.);
#12889 = DIRECTION('',(0.,1.,0.));
#12890 = ORIENTED_EDGE('',*,*,#12891,.F.);
#12891 = EDGE_CURVE('',#12892,#12884,#12894,.T.);
#12892 = VERTEX_POINT('',#12893);
#12893 = CARTESIAN_POINT('',(162.,-76.,0.));
#12894 = LINE('',#12895,#12896);
#12895 = CARTESIAN_POINT('',(162.,-76.,0.));
#12896 = VECTOR('',#12897,1.);
#12897 = DIRECTION('',(-1.,0.,0.));
#12898 = ORIENTED_EDGE('',*,*,#12899,.F.);
#12899 = EDGE_CURVE('',#12900,#12892,#12902,.T.);
#12900 = VERTEX_POINT('',#12901);
#12901 = CARTESIAN_POINT('',(162.,-81.,0.));
#12902 = LINE('',#12903,#12904);
#12903 = CARTESIAN_POINT('',(162.,-81.,0.));
#12904 = VECTOR('',#12905,1.);
#12905 = DIRECTION('',(0.,1.,0.));
#12906 = ORIENTED_EDGE('',*,*,#12907,.F.);
#12907 = EDGE_CURVE('',#12908,#12900,#12910,.T.);
#12908 = VERTEX_POINT('',#12909);
#12909 = CARTESIAN_POINT('',(175.,-81.,0.));
#12910 = LINE('',#12911,#12912);
#12911 = CARTESIAN_POINT('',(175.,-81.,0.));
#12912 = VECTOR('',#12913,1.);
#12913 = DIRECTION('',(-1.,0.,0.));
#12914 = ORIENTED_EDGE('',*,*,#12915,.F.);
#12915 = EDGE_CURVE('',#12916,#12908,#12918,.T.);
#12916 = VERTEX_POINT('',#12917);
#12917 = CARTESIAN_POINT('',(179.,-81.,0.));
#12918 = LINE('',#12919,#12920);
#12919 = CARTESIAN_POINT('',(179.,-81.,0.));
#12920 = VECTOR('',#12921,1.);
#12921 = DIRECTION('',(-1.,0.,0.));
#12922 = ORIENTED_EDGE('',*,*,#12923,.F.);
#12923 = EDGE_CURVE('',#12924,#12916,#12926,.T.);
#12924 = VERTEX_POINT('',#12925);
#12925 = CARTESIAN_POINT('',(190.,-72.,0.));
#12926 = LINE('',#12927,#12928);
#12927 = CARTESIAN_POINT('',(190.,-72.,0.));
#12928 = VECTOR('',#12929,1.);
#12929 = DIRECTION('',(-0.773957299203,-0.633237790257,0.));
#12930 = ORIENTED_EDGE('',*,*,#12931,.F.);
#12931 = EDGE_CURVE('',#12820,#12924,#12932,.T.);
#12932 = LINE('',#12933,#12934);
#12933 = CARTESIAN_POINT('',(209.,-72.,0.));
#12934 = VECTOR('',#12935,1.);
#12935 = DIRECTION('',(-1.,0.,0.));
#12936 = ORIENTED_EDGE('',*,*,#12827,.F.);
#12937 = FACE_BOUND('',#12938,.F.);
#12938 = EDGE_LOOP('',(#12939));
#12939 = ORIENTED_EDGE('',*,*,#12940,.T.);
#12940 = EDGE_CURVE('',#12941,#12941,#12943,.T.);
#12941 = VERTEX_POINT('',#12942);
#12942 = CARTESIAN_POINT('',(167.,-77.4,0.));
#12943 = CIRCLE('',#12944,0.4);
#12944 = AXIS2_PLACEMENT_3D('',#12945,#12946,#12947);
#12945 = CARTESIAN_POINT('',(167.,-77.,0.));
#12946 = DIRECTION('',(-0.,0.,-1.));
#12947 = DIRECTION('',(-0.,-1.,0.));
#12948 = FACE_BOUND('',#12949,.F.);
#12949 = EDGE_LOOP('',(#12950));
#12950 = ORIENTED_EDGE('',*,*,#12951,.T.);
#12951 = EDGE_CURVE('',#12952,#12952,#12954,.T.);
#12952 = VERTEX_POINT('',#12953);
#12953 = CARTESIAN_POINT('',(169.,-77.4,0.));
#12954 = CIRCLE('',#12955,0.4);
#12955 = AXIS2_PLACEMENT_3D('',#12956,#12957,#12958);
#12956 = CARTESIAN_POINT('',(169.,-77.,0.));
#12957 = DIRECTION('',(-0.,0.,-1.));
#12958 = DIRECTION('',(-0.,-1.,0.));
#12959 = FACE_BOUND('',#12960,.F.);
#12960 = EDGE_LOOP('',(#12961));
#12961 = ORIENTED_EDGE('',*,*,#12962,.T.);
#12962 = EDGE_CURVE('',#12963,#12963,#12965,.T.);
#12963 = VERTEX_POINT('',#12964);
#12964 = CARTESIAN_POINT('',(163.,-72.3,0.));
#12965 = CIRCLE('',#12966,0.4);
#12966 = AXIS2_PLACEMENT_3D('',#12967,#12968,#12969);
#12967 = CARTESIAN_POINT('',(163.,-71.9,0.));
#12968 = DIRECTION('',(-0.,0.,-1.));
#12969 = DIRECTION('',(-0.,-1.,0.));
#12970 = FACE_BOUND('',#12971,.F.);
#12971 = EDGE_LOOP('',(#12972));
#12972 = ORIENTED_EDGE('',*,*,#12973,.T.);
#12973 = EDGE_CURVE('',#12974,#12974,#12976,.T.);
#12974 = VERTEX_POINT('',#12975);
#12975 = CARTESIAN_POINT('',(138.,-67.15,0.));
#12976 = CIRCLE('',#12977,1.25);
#12977 = AXIS2_PLACEMENT_3D('',#12978,#12979,#12980);
#12978 = CARTESIAN_POINT('',(138.,-65.9,0.));
#12979 = DIRECTION('',(-0.,0.,-1.));
#12980 = DIRECTION('',(-0.,-1.,0.));
#12981 = FACE_BOUND('',#12982,.F.);
#12982 = EDGE_LOOP('',(#12983));
#12983 = ORIENTED_EDGE('',*,*,#12984,.T.);
#12984 = EDGE_CURVE('',#12985,#12985,#12987,.T.);
#12985 = VERTEX_POINT('',#12986);
#12986 = CARTESIAN_POINT('',(135.25,-65.77,0.));
#12987 = CIRCLE('',#12988,0.5);
#12988 = AXIS2_PLACEMENT_3D('',#12989,#12990,#12991);
#12989 = CARTESIAN_POINT('',(135.25,-65.27,0.));
#12990 = DIRECTION('',(-0.,0.,-1.));
#12991 = DIRECTION('',(-0.,-1.,0.));
#12992 = FACE_BOUND('',#12993,.F.);
#12993 = EDGE_LOOP('',(#12994));
#12994 = ORIENTED_EDGE('',*,*,#12995,.T.);
#12995 = EDGE_CURVE('',#12996,#12996,#12998,.T.);
#12996 = VERTEX_POINT('',#12997);
#12997 = CARTESIAN_POINT('',(140.75,-65.77,0.));
#12998 = CIRCLE('',#12999,0.5);
#12999 = AXIS2_PLACEMENT_3D('',#13000,#13001,#13002);
#13000 = CARTESIAN_POINT('',(140.75,-65.27,0.));
#13001 = DIRECTION('',(-0.,0.,-1.));
#13002 = DIRECTION('',(-0.,-1.,0.));
#13003 = FACE_BOUND('',#13004,.F.);
#13004 = EDGE_LOOP('',(#13005));
#13005 = ORIENTED_EDGE('',*,*,#13006,.T.);
#13006 = EDGE_CURVE('',#13007,#13007,#13009,.T.);
#13007 = VERTEX_POINT('',#13008);
#13008 = CARTESIAN_POINT('',(171.,-77.4,0.));
#13009 = CIRCLE('',#13010,0.4);
#13010 = AXIS2_PLACEMENT_3D('',#13011,#13012,#13013);
#13011 = CARTESIAN_POINT('',(171.,-77.,0.));
#13012 = DIRECTION('',(-0.,0.,-1.));
#13013 = DIRECTION('',(-0.,-1.,0.));
#13014 = FACE_BOUND('',#13015,.F.);
#13015 = EDGE_LOOP('',(#13016));
#13016 = ORIENTED_EDGE('',*,*,#13017,.T.);
#13017 = EDGE_CURVE('',#13018,#13018,#13020,.T.);
#13018 = VERTEX_POINT('',#13019);
#13019 = CARTESIAN_POINT('',(173.,-77.4,0.));
#13020 = CIRCLE('',#13021,0.4);
#13021 = AXIS2_PLACEMENT_3D('',#13022,#13023,#13024);
#13022 = CARTESIAN_POINT('',(173.,-77.,0.));
#13023 = DIRECTION('',(-0.,0.,-1.));
#13024 = DIRECTION('',(-0.,-1.,0.));
#13025 = FACE_BOUND('',#13026,.F.);
#13026 = EDGE_LOOP('',(#13027));
#13027 = ORIENTED_EDGE('',*,*,#13028,.T.);
#13028 = EDGE_CURVE('',#13029,#13029,#13031,.T.);
#13029 = VERTEX_POINT('',#13030);
#13030 = CARTESIAN_POINT('',(179.738344,-71.4953,0.));
#13031 = CIRCLE('',#13032,0.4953);
#13032 = AXIS2_PLACEMENT_3D('',#13033,#13034,#13035);
#13033 = CARTESIAN_POINT('',(179.738344,-71.,0.));
#13034 = DIRECTION('',(-0.,0.,-1.));
#13035 = DIRECTION('',(5.738281734384E-14,-1.,-0.));
#13036 = FACE_BOUND('',#13037,.F.);
#13037 = EDGE_LOOP('',(#13038));
#13038 = ORIENTED_EDGE('',*,*,#13039,.T.);
#13039 = EDGE_CURVE('',#13040,#13040,#13042,.T.);
#13040 = VERTEX_POINT('',#13041);
#13041 = CARTESIAN_POINT('',(182.278344,-71.4953,0.));
#13042 = CIRCLE('',#13043,0.4953);
#13043 = AXIS2_PLACEMENT_3D('',#13044,#13045,#13046);
#13044 = CARTESIAN_POINT('',(182.278344,-71.,0.));
#13045 = DIRECTION('',(-0.,0.,-1.));
#13046 = DIRECTION('',(-0.,-1.,0.));
#13047 = FACE_BOUND('',#13048,.F.);
#13048 = EDGE_LOOP('',(#13049));
#13049 = ORIENTED_EDGE('',*,*,#13050,.T.);
#13050 = EDGE_CURVE('',#13051,#13051,#13053,.T.);
#13051 = VERTEX_POINT('',#13052);
#13052 = CARTESIAN_POINT('',(181.008344,-68.9553,0.));
#13053 = CIRCLE('',#13054,0.4953);
#13054 = AXIS2_PLACEMENT_3D('',#13055,#13056,#13057);
#13055 = CARTESIAN_POINT('',(181.008344,-68.46,0.));
#13056 = DIRECTION('',(-0.,0.,-1.));
#13057 = DIRECTION('',(-5.738281734385E-14,-1.,0.));
#13058 = FACE_BOUND('',#13059,.F.);
#13059 = EDGE_LOOP('',(#13060));
#13060 = ORIENTED_EDGE('',*,*,#13061,.T.);
#13061 = EDGE_CURVE('',#13062,#13062,#13064,.T.);
#13062 = VERTEX_POINT('',#13063);
#13063 = CARTESIAN_POINT('',(198.25,-65.87,0.));
#13064 = CIRCLE('',#13065,0.5);
#13065 = AXIS2_PLACEMENT_3D('',#13066,#13067,#13068);
#13066 = CARTESIAN_POINT('',(198.25,-65.37,0.));
#13067 = DIRECTION('',(-0.,0.,-1.));
#13068 = DIRECTION('',(-0.,-1.,0.));
#13069 = FACE_BOUND('',#13070,.F.);
#13070 = EDGE_LOOP('',(#13071));
#13071 = ORIENTED_EDGE('',*,*,#13072,.T.);
#13072 = EDGE_CURVE('',#13073,#13073,#13075,.T.);
#13073 = VERTEX_POINT('',#13074);
#13074 = CARTESIAN_POINT('',(201.,-67.25,0.));
#13075 = CIRCLE('',#13076,1.25);
#13076 = AXIS2_PLACEMENT_3D('',#13077,#13078,#13079);
#13077 = CARTESIAN_POINT('',(201.,-66.,0.));
#13078 = DIRECTION('',(-0.,0.,-1.));
#13079 = DIRECTION('',(-0.,-1.,0.));
#13080 = FACE_BOUND('',#13081,.F.);
#13081 = EDGE_LOOP('',(#13082));
#13082 = ORIENTED_EDGE('',*,*,#13083,.T.);
#13083 = EDGE_CURVE('',#13084,#13084,#13086,.T.);
#13084 = VERTEX_POINT('',#13085);
#13085 = CARTESIAN_POINT('',(203.75,-65.87,0.));
#13086 = CIRCLE('',#13087,0.5);
#13087 = AXIS2_PLACEMENT_3D('',#13088,#13089,#13090);
#13088 = CARTESIAN_POINT('',(203.75,-65.37,0.));
#13089 = DIRECTION('',(-0.,0.,-1.));
#13090 = DIRECTION('',(-0.,-1.,0.));
#13091 = FACE_BOUND('',#13092,.F.);
#13092 = EDGE_LOOP('',(#13093));
#13093 = ORIENTED_EDGE('',*,*,#13094,.T.);
#13094 = EDGE_CURVE('',#13095,#13095,#13097,.T.);
#13095 = VERTEX_POINT('',#13096);
#13096 = CARTESIAN_POINT('',(135.25,-63.23,0.));
#13097 = CIRCLE('',#13098,0.5);
#13098 = AXIS2_PLACEMENT_3D('',#13099,#13100,#13101);
#13099 = CARTESIAN_POINT('',(135.25,-62.73,0.));
#13100 = DIRECTION('',(-0.,0.,-1.));
#13101 = DIRECTION('',(-0.,-1.,0.));
#13102 = FACE_BOUND('',#13103,.F.);
#13103 = EDGE_LOOP('',(#13104));
#13104 = ORIENTED_EDGE('',*,*,#13105,.T.);
#13105 = EDGE_CURVE('',#13106,#13106,#13108,.T.);
#13106 = VERTEX_POINT('',#13107);
#13107 = CARTESIAN_POINT('',(138.,-63.35,0.));
#13108 = CIRCLE('',#13109,1.25);
#13109 = AXIS2_PLACEMENT_3D('',#13110,#13111,#13112);
#13110 = CARTESIAN_POINT('',(138.,-62.1,0.));
#13111 = DIRECTION('',(-0.,0.,-1.));
#13112 = DIRECTION('',(-0.,-1.,0.));
#13113 = FACE_BOUND('',#13114,.F.);
#13114 = EDGE_LOOP('',(#13115));
#13115 = ORIENTED_EDGE('',*,*,#13116,.T.);
#13116 = EDGE_CURVE('',#13117,#13117,#13119,.T.);
#13117 = VERTEX_POINT('',#13118);
#13118 = CARTESIAN_POINT('',(140.75,-63.23,0.));
#13119 = CIRCLE('',#13120,0.5);
#13120 = AXIS2_PLACEMENT_3D('',#13121,#13122,#13123);
#13121 = CARTESIAN_POINT('',(140.75,-62.73,0.));
#13122 = DIRECTION('',(-0.,0.,-1.));
#13123 = DIRECTION('',(-0.,-1.,0.));
#13124 = FACE_BOUND('',#13125,.F.);
#13125 = EDGE_LOOP('',(#13126));
#13126 = ORIENTED_EDGE('',*,*,#13127,.T.);
#13127 = EDGE_CURVE('',#13128,#13128,#13130,.T.);
#13128 = VERTEX_POINT('',#13129);
#13129 = CARTESIAN_POINT('',(142.65,-62.05,0.));
#13130 = CIRCLE('',#13131,0.5);
#13131 = AXIS2_PLACEMENT_3D('',#13132,#13133,#13134);
#13132 = CARTESIAN_POINT('',(142.65,-61.55,0.));
#13133 = DIRECTION('',(-0.,0.,-1.));
#13134 = DIRECTION('',(-0.,-1.,0.));
#13135 = FACE_BOUND('',#13136,.F.);
#13136 = EDGE_LOOP('',(#13137));
#13137 = ORIENTED_EDGE('',*,*,#13138,.T.);
#13138 = EDGE_CURVE('',#13139,#13139,#13141,.T.);
#13139 = VERTEX_POINT('',#13140);
#13140 = CARTESIAN_POINT('',(150.25,-59.87,0.));
#13141 = CIRCLE('',#13142,0.5);
#13142 = AXIS2_PLACEMENT_3D('',#13143,#13144,#13145);
#13143 = CARTESIAN_POINT('',(150.25,-59.37,0.));
#13144 = DIRECTION('',(-0.,0.,-1.));
#13145 = DIRECTION('',(-0.,-1.,0.));
#13146 = FACE_BOUND('',#13147,.F.);
#13147 = EDGE_LOOP('',(#13148));
#13148 = ORIENTED_EDGE('',*,*,#13149,.T.);
#13149 = EDGE_CURVE('',#13150,#13150,#13152,.T.);
#13150 = VERTEX_POINT('',#13151);
#13151 = CARTESIAN_POINT('',(153.,-61.25,0.));
#13152 = CIRCLE('',#13153,1.25);
#13153 = AXIS2_PLACEMENT_3D('',#13154,#13155,#13156);
#13154 = CARTESIAN_POINT('',(153.,-60.,0.));
#13155 = DIRECTION('',(-0.,0.,-1.));
#13156 = DIRECTION('',(-0.,-1.,0.));
#13157 = FACE_BOUND('',#13158,.F.);
#13158 = EDGE_LOOP('',(#13159));
#13159 = ORIENTED_EDGE('',*,*,#13160,.T.);
#13160 = EDGE_CURVE('',#13161,#13161,#13163,.T.);
#13161 = VERTEX_POINT('',#13162);
#13162 = CARTESIAN_POINT('',(155.75,-59.87,0.));
#13163 = CIRCLE('',#13164,0.5);
#13164 = AXIS2_PLACEMENT_3D('',#13165,#13166,#13167);
#13165 = CARTESIAN_POINT('',(155.75,-59.37,0.));
#13166 = DIRECTION('',(-0.,0.,-1.));
#13167 = DIRECTION('',(-0.,-1.,0.));
#13168 = FACE_BOUND('',#13169,.F.);
#13169 = EDGE_LOOP('',(#13170));
#13170 = ORIENTED_EDGE('',*,*,#13171,.T.);
#13171 = EDGE_CURVE('',#13172,#13172,#13174,.T.);
#13172 = VERTEX_POINT('',#13173);
#13173 = CARTESIAN_POINT('',(150.25,-57.33,0.));
#13174 = CIRCLE('',#13175,0.5);
#13175 = AXIS2_PLACEMENT_3D('',#13176,#13177,#13178);
#13176 = CARTESIAN_POINT('',(150.25,-56.83,0.));
#13177 = DIRECTION('',(-0.,0.,-1.));
#13178 = DIRECTION('',(-0.,-1.,0.));
#13179 = FACE_BOUND('',#13180,.F.);
#13180 = EDGE_LOOP('',(#13181));
#13181 = ORIENTED_EDGE('',*,*,#13182,.T.);
#13182 = EDGE_CURVE('',#13183,#13183,#13185,.T.);
#13183 = VERTEX_POINT('',#13184);
#13184 = CARTESIAN_POINT('',(155.75,-57.33,0.));
#13185 = CIRCLE('',#13186,0.5);
#13186 = AXIS2_PLACEMENT_3D('',#13187,#13188,#13189);
#13187 = CARTESIAN_POINT('',(155.75,-56.83,0.));
#13188 = DIRECTION('',(-0.,0.,-1.));
#13189 = DIRECTION('',(-0.,-1.,0.));
#13190 = FACE_BOUND('',#13191,.F.);
#13191 = EDGE_LOOP('',(#13192));
#13192 = ORIENTED_EDGE('',*,*,#13193,.T.);
#13193 = EDGE_CURVE('',#13194,#13194,#13196,.T.);
#13194 = VERTEX_POINT('',#13195);
#13195 = CARTESIAN_POINT('',(153.,-57.45,0.));
#13196 = CIRCLE('',#13197,1.25);
#13197 = AXIS2_PLACEMENT_3D('',#13198,#13199,#13200);
#13198 = CARTESIAN_POINT('',(153.,-56.2,0.));
#13199 = DIRECTION('',(-0.,0.,-1.));
#13200 = DIRECTION('',(-0.,-1.,0.));
#13201 = FACE_BOUND('',#13202,.F.);
#13202 = EDGE_LOOP('',(#13203));
#13203 = ORIENTED_EDGE('',*,*,#13204,.T.);
#13204 = EDGE_CURVE('',#13205,#13205,#13207,.T.);
#13205 = VERTEX_POINT('',#13206);
#13206 = CARTESIAN_POINT('',(157.65,-56.15,0.));
#13207 = CIRCLE('',#13208,0.5);
#13208 = AXIS2_PLACEMENT_3D('',#13209,#13210,#13211);
#13209 = CARTESIAN_POINT('',(157.65,-55.65,0.));
#13210 = DIRECTION('',(-0.,0.,-1.));
#13211 = DIRECTION('',(-0.,-1.,0.));
#13212 = FACE_BOUND('',#13213,.F.);
#13213 = EDGE_LOOP('',(#13214));
#13214 = ORIENTED_EDGE('',*,*,#13215,.T.);
#13215 = EDGE_CURVE('',#13216,#13216,#13218,.T.);
#13216 = VERTEX_POINT('',#13217);
#13217 = CARTESIAN_POINT('',(169.25,-57.88,0.));
#13218 = CIRCLE('',#13219,1.25);
#13219 = AXIS2_PLACEMENT_3D('',#13220,#13221,#13222);
#13220 = CARTESIAN_POINT('',(169.25,-56.63,0.));
#13221 = DIRECTION('',(-0.,0.,-1.));
#13222 = DIRECTION('',(-0.,-1.,0.));
#13223 = FACE_BOUND('',#13224,.F.);
#13224 = EDGE_LOOP('',(#13225));
#13225 = ORIENTED_EDGE('',*,*,#13226,.T.);
#13226 = EDGE_CURVE('',#13227,#13227,#13229,.T.);
#13227 = VERTEX_POINT('',#13228);
#13228 = CARTESIAN_POINT('',(166.5,-56.5,0.));
#13229 = CIRCLE('',#13230,0.5);
#13230 = AXIS2_PLACEMENT_3D('',#13231,#13232,#13233);
#13231 = CARTESIAN_POINT('',(166.5,-56.,0.));
#13232 = DIRECTION('',(-0.,0.,-1.));
#13233 = DIRECTION('',(-0.,-1.,0.));
#13234 = FACE_BOUND('',#13235,.F.);
#13235 = EDGE_LOOP('',(#13236));
#13236 = ORIENTED_EDGE('',*,*,#13237,.T.);
#13237 = EDGE_CURVE('',#13238,#13238,#13240,.T.);
#13238 = VERTEX_POINT('',#13239);
#13239 = CARTESIAN_POINT('',(166.5,-53.96,0.));
#13240 = CIRCLE('',#13241,0.5);
#13241 = AXIS2_PLACEMENT_3D('',#13242,#13243,#13244);
#13242 = CARTESIAN_POINT('',(166.5,-53.46,0.));
#13243 = DIRECTION('',(-0.,0.,-1.));
#13244 = DIRECTION('',(-0.,-1.,0.));
#13245 = FACE_BOUND('',#13246,.F.);
#13246 = EDGE_LOOP('',(#13247));
#13247 = ORIENTED_EDGE('',*,*,#13248,.T.);
#13248 = EDGE_CURVE('',#13249,#13249,#13251,.T.);
#13249 = VERTEX_POINT('',#13250);
#13250 = CARTESIAN_POINT('',(169.25,-54.08,0.));
#13251 = CIRCLE('',#13252,1.25);
#13252 = AXIS2_PLACEMENT_3D('',#13253,#13254,#13255);
#13253 = CARTESIAN_POINT('',(169.25,-52.83,0.));
#13254 = DIRECTION('',(-0.,0.,-1.));
#13255 = DIRECTION('',(-0.,-1.,0.));
#13256 = FACE_BOUND('',#13257,.F.);
#13257 = EDGE_LOOP('',(#13258));
#13258 = ORIENTED_EDGE('',*,*,#13259,.T.);
#13259 = EDGE_CURVE('',#13260,#13260,#13262,.T.);
#13260 = VERTEX_POINT('',#13261);
#13261 = CARTESIAN_POINT('',(183.5,-59.5,0.));
#13262 = CIRCLE('',#13263,0.5);
#13263 = AXIS2_PLACEMENT_3D('',#13264,#13265,#13266);
#13264 = CARTESIAN_POINT('',(183.5,-59.,0.));
#13265 = DIRECTION('',(-0.,0.,-1.));
#13266 = DIRECTION('',(-0.,-1.,0.));
#13267 = FACE_BOUND('',#13268,.F.);
#13268 = EDGE_LOOP('',(#13269));
#13269 = ORIENTED_EDGE('',*,*,#13270,.T.);
#13270 = EDGE_CURVE('',#13271,#13271,#13273,.T.);
#13271 = VERTEX_POINT('',#13272);
#13272 = CARTESIAN_POINT('',(186.25,-60.88,0.));
#13273 = CIRCLE('',#13274,1.25);
#13274 = AXIS2_PLACEMENT_3D('',#13275,#13276,#13277);
#13275 = CARTESIAN_POINT('',(186.25,-59.63,0.));
#13276 = DIRECTION('',(-0.,0.,-1.));
#13277 = DIRECTION('',(-0.,-1.,0.));
#13278 = FACE_BOUND('',#13279,.F.);
#13279 = EDGE_LOOP('',(#13280));
#13280 = ORIENTED_EDGE('',*,*,#13281,.T.);
#13281 = EDGE_CURVE('',#13282,#13282,#13284,.T.);
#13282 = VERTEX_POINT('',#13283);
#13283 = CARTESIAN_POINT('',(198.25,-63.33,0.));
#13284 = CIRCLE('',#13285,0.5);
#13285 = AXIS2_PLACEMENT_3D('',#13286,#13287,#13288);
#13286 = CARTESIAN_POINT('',(198.25,-62.83,0.));
#13287 = DIRECTION('',(-0.,0.,-1.));
#13288 = DIRECTION('',(-0.,-1.,0.));
#13289 = FACE_BOUND('',#13290,.F.);
#13290 = EDGE_LOOP('',(#13291));
#13291 = ORIENTED_EDGE('',*,*,#13292,.T.);
#13292 = EDGE_CURVE('',#13293,#13293,#13295,.T.);
#13293 = VERTEX_POINT('',#13294);
#13294 = CARTESIAN_POINT('',(201.,-63.45,0.));
#13295 = CIRCLE('',#13296,1.25);
#13296 = AXIS2_PLACEMENT_3D('',#13297,#13298,#13299);
#13297 = CARTESIAN_POINT('',(201.,-62.2,0.));
#13298 = DIRECTION('',(-0.,0.,-1.));
#13299 = DIRECTION('',(-0.,-1.,0.));
#13300 = FACE_BOUND('',#13301,.F.);
#13301 = EDGE_LOOP('',(#13302));
#13302 = ORIENTED_EDGE('',*,*,#13303,.T.);
#13303 = EDGE_CURVE('',#13304,#13304,#13306,.T.);
#13304 = VERTEX_POINT('',#13305);
#13305 = CARTESIAN_POINT('',(203.75,-63.33,0.));
#13306 = CIRCLE('',#13307,0.5);
#13307 = AXIS2_PLACEMENT_3D('',#13308,#13309,#13310);
#13308 = CARTESIAN_POINT('',(203.75,-62.83,0.));
#13309 = DIRECTION('',(-0.,0.,-1.));
#13310 = DIRECTION('',(-0.,-1.,0.));
#13311 = FACE_BOUND('',#13312,.F.);
#13312 = EDGE_LOOP('',(#13313));
#13313 = ORIENTED_EDGE('',*,*,#13314,.T.);
#13314 = EDGE_CURVE('',#13315,#13315,#13317,.T.);
#13315 = VERTEX_POINT('',#13316);
#13316 = CARTESIAN_POINT('',(205.65,-62.15,0.));
#13317 = CIRCLE('',#13318,0.5);
#13318 = AXIS2_PLACEMENT_3D('',#13319,#13320,#13321);
#13319 = CARTESIAN_POINT('',(205.65,-61.65,0.));
#13320 = DIRECTION('',(-0.,0.,-1.));
#13321 = DIRECTION('',(-0.,-1.,0.));
#13322 = FACE_BOUND('',#13323,.F.);
#13323 = EDGE_LOOP('',(#13324));
#13324 = ORIENTED_EDGE('',*,*,#13325,.T.);
#13325 = EDGE_CURVE('',#13326,#13326,#13328,.T.);
#13326 = VERTEX_POINT('',#13327);
#13327 = CARTESIAN_POINT('',(189.,-59.5,0.));
#13328 = CIRCLE('',#13329,0.5);
#13329 = AXIS2_PLACEMENT_3D('',#13330,#13331,#13332);
#13330 = CARTESIAN_POINT('',(189.,-59.,0.));
#13331 = DIRECTION('',(-0.,0.,-1.));
#13332 = DIRECTION('',(-0.,-1.,0.));
#13333 = FACE_BOUND('',#13334,.F.);
#13334 = EDGE_LOOP('',(#13335));
#13335 = ORIENTED_EDGE('',*,*,#13336,.T.);
#13336 = EDGE_CURVE('',#13337,#13337,#13339,.T.);
#13337 = VERTEX_POINT('',#13338);
#13338 = CARTESIAN_POINT('',(172.,-56.5,0.));
#13339 = CIRCLE('',#13340,0.5);
#13340 = AXIS2_PLACEMENT_3D('',#13341,#13342,#13343);
#13341 = CARTESIAN_POINT('',(172.,-56.,0.));
#13342 = DIRECTION('',(-0.,0.,-1.));
#13343 = DIRECTION('',(-0.,-1.,0.));
#13344 = FACE_BOUND('',#13345,.F.);
#13345 = EDGE_LOOP('',(#13346));
#13346 = ORIENTED_EDGE('',*,*,#13347,.T.);
#13347 = EDGE_CURVE('',#13348,#13348,#13350,.T.);
#13348 = VERTEX_POINT('',#13349);
#13349 = CARTESIAN_POINT('',(183.5,-56.96,0.));
#13350 = CIRCLE('',#13351,0.5);
#13351 = AXIS2_PLACEMENT_3D('',#13352,#13353,#13354);
#13352 = CARTESIAN_POINT('',(183.5,-56.46,0.));
#13353 = DIRECTION('',(-0.,0.,-1.));
#13354 = DIRECTION('',(-0.,-1.,0.));
#13355 = FACE_BOUND('',#13356,.F.);
#13356 = EDGE_LOOP('',(#13357));
#13357 = ORIENTED_EDGE('',*,*,#13358,.T.);
#13358 = EDGE_CURVE('',#13359,#13359,#13361,.T.);
#13359 = VERTEX_POINT('',#13360);
#13360 = CARTESIAN_POINT('',(186.25,-57.08,0.));
#13361 = CIRCLE('',#13362,1.25);
#13362 = AXIS2_PLACEMENT_3D('',#13363,#13364,#13365);
#13363 = CARTESIAN_POINT('',(186.25,-55.83,0.));
#13364 = DIRECTION('',(-0.,0.,-1.));
#13365 = DIRECTION('',(-0.,-1.,0.));
#13366 = FACE_BOUND('',#13367,.F.);
#13367 = EDGE_LOOP('',(#13368));
#13368 = ORIENTED_EDGE('',*,*,#13369,.T.);
#13369 = EDGE_CURVE('',#13370,#13370,#13372,.T.);
#13370 = VERTEX_POINT('',#13371);
#13371 = CARTESIAN_POINT('',(172.,-53.96,0.));
#13372 = CIRCLE('',#13373,0.5);
#13373 = AXIS2_PLACEMENT_3D('',#13374,#13375,#13376);
#13374 = CARTESIAN_POINT('',(172.,-53.46,0.));
#13375 = DIRECTION('',(-0.,0.,-1.));
#13376 = DIRECTION('',(-0.,-1.,0.));
#13377 = FACE_BOUND('',#13378,.F.);
#13378 = EDGE_LOOP('',(#13379));
#13379 = ORIENTED_EDGE('',*,*,#13380,.T.);
#13380 = EDGE_CURVE('',#13381,#13381,#13383,.T.);
#13381 = VERTEX_POINT('',#13382);
#13382 = CARTESIAN_POINT('',(173.9,-52.78,0.));
#13383 = CIRCLE('',#13384,0.5);
#13384 = AXIS2_PLACEMENT_3D('',#13385,#13386,#13387);
#13385 = CARTESIAN_POINT('',(173.9,-52.28,0.));
#13386 = DIRECTION('',(-0.,0.,-1.));
#13387 = DIRECTION('',(-0.,-1.,0.));
#13388 = FACE_BOUND('',#13389,.F.);
#13389 = EDGE_LOOP('',(#13390));
#13390 = ORIENTED_EDGE('',*,*,#13391,.T.);
#13391 = EDGE_CURVE('',#13392,#13392,#13394,.T.);
#13392 = VERTEX_POINT('',#13393);
#13393 = CARTESIAN_POINT('',(189.,-56.96,0.));
#13394 = CIRCLE('',#13395,0.5);
#13395 = AXIS2_PLACEMENT_3D('',#13396,#13397,#13398);
#13396 = CARTESIAN_POINT('',(189.,-56.46,0.));
#13397 = DIRECTION('',(-0.,0.,-1.));
#13398 = DIRECTION('',(-0.,-1.,0.));
#13399 = FACE_BOUND('',#13400,.F.);
#13400 = EDGE_LOOP('',(#13401));
#13401 = ORIENTED_EDGE('',*,*,#13402,.T.);
#13402 = EDGE_CURVE('',#13403,#13403,#13405,.T.);
#13403 = VERTEX_POINT('',#13404);
#13404 = CARTESIAN_POINT('',(190.9,-55.78,0.));
#13405 = CIRCLE('',#13406,0.5);
#13406 = AXIS2_PLACEMENT_3D('',#13407,#13408,#13409);
#13407 = CARTESIAN_POINT('',(190.9,-55.28,0.));
#13408 = DIRECTION('',(-0.,0.,-1.));
#13409 = DIRECTION('',(-0.,-1.,0.));
#13410 = PLANE('',#13411);
#13411 = AXIS2_PLACEMENT_3D('',#13412,#13413,#13414);
#13412 = CARTESIAN_POINT('',(0.,0.,0.));
#13413 = DIRECTION('',(0.,0.,1.));
#13414 = DIRECTION('',(1.,0.,-0.));
#13415 = ADVANCED_FACE('',(#13416,#13515,#13526,#13537,#13548,#13559,
    #13570,#13581,#13592,#13603,#13614,#13625,#13636,#13647,#13658,
    #13669,#13680,#13691,#13702,#13713,#13724,#13735,#13746,#13757,
    #13768,#13779,#13790,#13801,#13812,#13823,#13834,#13845,#13856,
    #13867,#13878,#13889,#13900,#13911,#13922,#13933,#13944,#13955,
    #13966,#13977),#13988,.T.);
#13416 = FACE_BOUND('',#13417,.T.);
#13417 = EDGE_LOOP('',(#13418,#13419,#13420,#13428,#13436,#13444,#13452,
    #13460,#13468,#13476,#13484,#13492,#13500,#13508,#13514));
#13418 = ORIENTED_EDGE('',*,*,#12749,.F.);
#13419 = ORIENTED_EDGE('',*,*,#12789,.F.);
#13420 = ORIENTED_EDGE('',*,*,#13421,.F.);
#13421 = EDGE_CURVE('',#13422,#12782,#13424,.T.);
#13422 = VERTEX_POINT('',#13423);
#13423 = CARTESIAN_POINT('',(162.,-48.,1.51));
#13424 = LINE('',#13425,#13426);
#13425 = CARTESIAN_POINT('',(162.,-48.,1.51));
#13426 = VECTOR('',#13427,1.);
#13427 = DIRECTION('',(1.,0.,0.));
#13428 = ORIENTED_EDGE('',*,*,#13429,.F.);
#13429 = EDGE_CURVE('',#13430,#13422,#13432,.T.);
#13430 = VERTEX_POINT('',#13431);
#13431 = CARTESIAN_POINT('',(147.,-53.,1.51));
#13432 = LINE('',#13433,#13434);
#13433 = CARTESIAN_POINT('',(147.,-53.,1.51));
#13434 = VECTOR('',#13435,1.);
#13435 = DIRECTION('',(0.948683298051,0.316227766017,0.));
#13436 = ORIENTED_EDGE('',*,*,#13437,.F.);
#13437 = EDGE_CURVE('',#13438,#13430,#13440,.T.);
#13438 = VERTEX_POINT('',#13439);
#13439 = CARTESIAN_POINT('',(130.,-60.,1.51));
#13440 = LINE('',#13441,#13442);
#13441 = CARTESIAN_POINT('',(130.,-60.,1.51));
#13442 = VECTOR('',#13443,1.);
#13443 = DIRECTION('',(0.924678098475,0.380749805254,0.));
#13444 = ORIENTED_EDGE('',*,*,#13445,.F.);
#13445 = EDGE_CURVE('',#13446,#13438,#13448,.T.);
#13446 = VERTEX_POINT('',#13447);
#13447 = CARTESIAN_POINT('',(130.,-73.,1.51));
#13448 = LINE('',#13449,#13450);
#13449 = CARTESIAN_POINT('',(130.,-73.,1.51));
#13450 = VECTOR('',#13451,1.);
#13451 = DIRECTION('',(0.,1.,0.));
#13452 = ORIENTED_EDGE('',*,*,#13453,.F.);
#13453 = EDGE_CURVE('',#13454,#13446,#13456,.T.);
#13454 = VERTEX_POINT('',#13455);
#13455 = CARTESIAN_POINT('',(154.,-73.,1.51));
#13456 = LINE('',#13457,#13458);
#13457 = CARTESIAN_POINT('',(154.,-73.,1.51));
#13458 = VECTOR('',#13459,1.);
#13459 = DIRECTION('',(-1.,0.,0.));
#13460 = ORIENTED_EDGE('',*,*,#13461,.F.);
#13461 = EDGE_CURVE('',#13462,#13454,#13464,.T.);
#13462 = VERTEX_POINT('',#13463);
#13463 = CARTESIAN_POINT('',(154.,-76.,1.51));
#13464 = LINE('',#13465,#13466);
#13465 = CARTESIAN_POINT('',(154.,-76.,1.51));
#13466 = VECTOR('',#13467,1.);
#13467 = DIRECTION('',(0.,1.,0.));
#13468 = ORIENTED_EDGE('',*,*,#13469,.F.);
#13469 = EDGE_CURVE('',#13470,#13462,#13472,.T.);
#13470 = VERTEX_POINT('',#13471);
#13471 = CARTESIAN_POINT('',(162.,-76.,1.51));
#13472 = LINE('',#13473,#13474);
#13473 = CARTESIAN_POINT('',(162.,-76.,1.51));
#13474 = VECTOR('',#13475,1.);
#13475 = DIRECTION('',(-1.,0.,0.));
#13476 = ORIENTED_EDGE('',*,*,#13477,.F.);
#13477 = EDGE_CURVE('',#13478,#13470,#13480,.T.);
#13478 = VERTEX_POINT('',#13479);
#13479 = CARTESIAN_POINT('',(162.,-81.,1.51));
#13480 = LINE('',#13481,#13482);
#13481 = CARTESIAN_POINT('',(162.,-81.,1.51));
#13482 = VECTOR('',#13483,1.);
#13483 = DIRECTION('',(0.,1.,0.));
#13484 = ORIENTED_EDGE('',*,*,#13485,.F.);
#13485 = EDGE_CURVE('',#13486,#13478,#13488,.T.);
#13486 = VERTEX_POINT('',#13487);
#13487 = CARTESIAN_POINT('',(175.,-81.,1.51));
#13488 = LINE('',#13489,#13490);
#13489 = CARTESIAN_POINT('',(175.,-81.,1.51));
#13490 = VECTOR('',#13491,1.);
#13491 = DIRECTION('',(-1.,0.,0.));
#13492 = ORIENTED_EDGE('',*,*,#13493,.F.);
#13493 = EDGE_CURVE('',#13494,#13486,#13496,.T.);
#13494 = VERTEX_POINT('',#13495);
#13495 = CARTESIAN_POINT('',(179.,-81.,1.51));
#13496 = LINE('',#13497,#13498);
#13497 = CARTESIAN_POINT('',(179.,-81.,1.51));
#13498 = VECTOR('',#13499,1.);
#13499 = DIRECTION('',(-1.,0.,0.));
#13500 = ORIENTED_EDGE('',*,*,#13501,.F.);
#13501 = EDGE_CURVE('',#13502,#13494,#13504,.T.);
#13502 = VERTEX_POINT('',#13503);
#13503 = CARTESIAN_POINT('',(190.,-72.,1.51));
#13504 = LINE('',#13505,#13506);
#13505 = CARTESIAN_POINT('',(190.,-72.,1.51));
#13506 = VECTOR('',#13507,1.);
#13507 = DIRECTION('',(-0.773957299203,-0.633237790257,0.));
#13508 = ORIENTED_EDGE('',*,*,#13509,.F.);
#13509 = EDGE_CURVE('',#12812,#13502,#13510,.T.);
#13510 = LINE('',#13511,#13512);
#13511 = CARTESIAN_POINT('',(209.,-72.,1.51));
#13512 = VECTOR('',#13513,1.);
#13513 = DIRECTION('',(-1.,0.,0.));
#13514 = ORIENTED_EDGE('',*,*,#12811,.F.);
#13515 = FACE_BOUND('',#13516,.T.);
#13516 = EDGE_LOOP('',(#13517));
#13517 = ORIENTED_EDGE('',*,*,#13518,.T.);
#13518 = EDGE_CURVE('',#13519,#13519,#13521,.T.);
#13519 = VERTEX_POINT('',#13520);
#13520 = CARTESIAN_POINT('',(167.,-77.4,1.51));
#13521 = CIRCLE('',#13522,0.4);
#13522 = AXIS2_PLACEMENT_3D('',#13523,#13524,#13525);
#13523 = CARTESIAN_POINT('',(167.,-77.,1.51));
#13524 = DIRECTION('',(-0.,0.,-1.));
#13525 = DIRECTION('',(-0.,-1.,0.));
#13526 = FACE_BOUND('',#13527,.T.);
#13527 = EDGE_LOOP('',(#13528));
#13528 = ORIENTED_EDGE('',*,*,#13529,.T.);
#13529 = EDGE_CURVE('',#13530,#13530,#13532,.T.);
#13530 = VERTEX_POINT('',#13531);
#13531 = CARTESIAN_POINT('',(169.,-77.4,1.51));
#13532 = CIRCLE('',#13533,0.4);
#13533 = AXIS2_PLACEMENT_3D('',#13534,#13535,#13536);
#13534 = CARTESIAN_POINT('',(169.,-77.,1.51));
#13535 = DIRECTION('',(-0.,0.,-1.));
#13536 = DIRECTION('',(-0.,-1.,0.));
#13537 = FACE_BOUND('',#13538,.T.);
#13538 = EDGE_LOOP('',(#13539));
#13539 = ORIENTED_EDGE('',*,*,#13540,.T.);
#13540 = EDGE_CURVE('',#13541,#13541,#13543,.T.);
#13541 = VERTEX_POINT('',#13542);
#13542 = CARTESIAN_POINT('',(163.,-72.3,1.51));
#13543 = CIRCLE('',#13544,0.4);
#13544 = AXIS2_PLACEMENT_3D('',#13545,#13546,#13547);
#13545 = CARTESIAN_POINT('',(163.,-71.9,1.51));
#13546 = DIRECTION('',(-0.,0.,-1.));
#13547 = DIRECTION('',(-0.,-1.,0.));
#13548 = FACE_BOUND('',#13549,.T.);
#13549 = EDGE_LOOP('',(#13550));
#13550 = ORIENTED_EDGE('',*,*,#13551,.T.);
#13551 = EDGE_CURVE('',#13552,#13552,#13554,.T.);
#13552 = VERTEX_POINT('',#13553);
#13553 = CARTESIAN_POINT('',(138.,-67.15,1.51));
#13554 = CIRCLE('',#13555,1.25);
#13555 = AXIS2_PLACEMENT_3D('',#13556,#13557,#13558);
#13556 = CARTESIAN_POINT('',(138.,-65.9,1.51));
#13557 = DIRECTION('',(-0.,0.,-1.));
#13558 = DIRECTION('',(-0.,-1.,0.));
#13559 = FACE_BOUND('',#13560,.T.);
#13560 = EDGE_LOOP('',(#13561));
#13561 = ORIENTED_EDGE('',*,*,#13562,.T.);
#13562 = EDGE_CURVE('',#13563,#13563,#13565,.T.);
#13563 = VERTEX_POINT('',#13564);
#13564 = CARTESIAN_POINT('',(135.25,-65.77,1.51));
#13565 = CIRCLE('',#13566,0.5);
#13566 = AXIS2_PLACEMENT_3D('',#13567,#13568,#13569);
#13567 = CARTESIAN_POINT('',(135.25,-65.27,1.51));
#13568 = DIRECTION('',(-0.,0.,-1.));
#13569 = DIRECTION('',(-0.,-1.,0.));
#13570 = FACE_BOUND('',#13571,.T.);
#13571 = EDGE_LOOP('',(#13572));
#13572 = ORIENTED_EDGE('',*,*,#13573,.T.);
#13573 = EDGE_CURVE('',#13574,#13574,#13576,.T.);
#13574 = VERTEX_POINT('',#13575);
#13575 = CARTESIAN_POINT('',(140.75,-65.77,1.51));
#13576 = CIRCLE('',#13577,0.5);
#13577 = AXIS2_PLACEMENT_3D('',#13578,#13579,#13580);
#13578 = CARTESIAN_POINT('',(140.75,-65.27,1.51));
#13579 = DIRECTION('',(-0.,0.,-1.));
#13580 = DIRECTION('',(-0.,-1.,0.));
#13581 = FACE_BOUND('',#13582,.T.);
#13582 = EDGE_LOOP('',(#13583));
#13583 = ORIENTED_EDGE('',*,*,#13584,.T.);
#13584 = EDGE_CURVE('',#13585,#13585,#13587,.T.);
#13585 = VERTEX_POINT('',#13586);
#13586 = CARTESIAN_POINT('',(171.,-77.4,1.51));
#13587 = CIRCLE('',#13588,0.4);
#13588 = AXIS2_PLACEMENT_3D('',#13589,#13590,#13591);
#13589 = CARTESIAN_POINT('',(171.,-77.,1.51));
#13590 = DIRECTION('',(-0.,0.,-1.));
#13591 = DIRECTION('',(-0.,-1.,0.));
#13592 = FACE_BOUND('',#13593,.T.);
#13593 = EDGE_LOOP('',(#13594));
#13594 = ORIENTED_EDGE('',*,*,#13595,.T.);
#13595 = EDGE_CURVE('',#13596,#13596,#13598,.T.);
#13596 = VERTEX_POINT('',#13597);
#13597 = CARTESIAN_POINT('',(173.,-77.4,1.51));
#13598 = CIRCLE('',#13599,0.4);
#13599 = AXIS2_PLACEMENT_3D('',#13600,#13601,#13602);
#13600 = CARTESIAN_POINT('',(173.,-77.,1.51));
#13601 = DIRECTION('',(-0.,0.,-1.));
#13602 = DIRECTION('',(-0.,-1.,0.));
#13603 = FACE_BOUND('',#13604,.T.);
#13604 = EDGE_LOOP('',(#13605));
#13605 = ORIENTED_EDGE('',*,*,#13606,.T.);
#13606 = EDGE_CURVE('',#13607,#13607,#13609,.T.);
#13607 = VERTEX_POINT('',#13608);
#13608 = CARTESIAN_POINT('',(179.738344,-71.4953,1.51));
#13609 = CIRCLE('',#13610,0.4953);
#13610 = AXIS2_PLACEMENT_3D('',#13611,#13612,#13613);
#13611 = CARTESIAN_POINT('',(179.738344,-71.,1.51));
#13612 = DIRECTION('',(-0.,0.,-1.));
#13613 = DIRECTION('',(5.738281734384E-14,-1.,-0.));
#13614 = FACE_BOUND('',#13615,.T.);
#13615 = EDGE_LOOP('',(#13616));
#13616 = ORIENTED_EDGE('',*,*,#13617,.T.);
#13617 = EDGE_CURVE('',#13618,#13618,#13620,.T.);
#13618 = VERTEX_POINT('',#13619);
#13619 = CARTESIAN_POINT('',(182.278344,-71.4953,1.51));
#13620 = CIRCLE('',#13621,0.4953);
#13621 = AXIS2_PLACEMENT_3D('',#13622,#13623,#13624);
#13622 = CARTESIAN_POINT('',(182.278344,-71.,1.51));
#13623 = DIRECTION('',(-0.,0.,-1.));
#13624 = DIRECTION('',(-0.,-1.,0.));
#13625 = FACE_BOUND('',#13626,.T.);
#13626 = EDGE_LOOP('',(#13627));
#13627 = ORIENTED_EDGE('',*,*,#13628,.T.);
#13628 = EDGE_CURVE('',#13629,#13629,#13631,.T.);
#13629 = VERTEX_POINT('',#13630);
#13630 = CARTESIAN_POINT('',(181.008344,-68.9553,1.51));
#13631 = CIRCLE('',#13632,0.4953);
#13632 = AXIS2_PLACEMENT_3D('',#13633,#13634,#13635);
#13633 = CARTESIAN_POINT('',(181.008344,-68.46,1.51));
#13634 = DIRECTION('',(-0.,0.,-1.));
#13635 = DIRECTION('',(-5.738281734385E-14,-1.,0.));
#13636 = FACE_BOUND('',#13637,.T.);
#13637 = EDGE_LOOP('',(#13638));
#13638 = ORIENTED_EDGE('',*,*,#13639,.T.);
#13639 = EDGE_CURVE('',#13640,#13640,#13642,.T.);
#13640 = VERTEX_POINT('',#13641);
#13641 = CARTESIAN_POINT('',(198.25,-65.87,1.51));
#13642 = CIRCLE('',#13643,0.5);
#13643 = AXIS2_PLACEMENT_3D('',#13644,#13645,#13646);
#13644 = CARTESIAN_POINT('',(198.25,-65.37,1.51));
#13645 = DIRECTION('',(-0.,0.,-1.));
#13646 = DIRECTION('',(-0.,-1.,0.));
#13647 = FACE_BOUND('',#13648,.T.);
#13648 = EDGE_LOOP('',(#13649));
#13649 = ORIENTED_EDGE('',*,*,#13650,.T.);
#13650 = EDGE_CURVE('',#13651,#13651,#13653,.T.);
#13651 = VERTEX_POINT('',#13652);
#13652 = CARTESIAN_POINT('',(201.,-67.25,1.51));
#13653 = CIRCLE('',#13654,1.25);
#13654 = AXIS2_PLACEMENT_3D('',#13655,#13656,#13657);
#13655 = CARTESIAN_POINT('',(201.,-66.,1.51));
#13656 = DIRECTION('',(-0.,0.,-1.));
#13657 = DIRECTION('',(-0.,-1.,0.));
#13658 = FACE_BOUND('',#13659,.T.);
#13659 = EDGE_LOOP('',(#13660));
#13660 = ORIENTED_EDGE('',*,*,#13661,.T.);
#13661 = EDGE_CURVE('',#13662,#13662,#13664,.T.);
#13662 = VERTEX_POINT('',#13663);
#13663 = CARTESIAN_POINT('',(203.75,-65.87,1.51));
#13664 = CIRCLE('',#13665,0.5);
#13665 = AXIS2_PLACEMENT_3D('',#13666,#13667,#13668);
#13666 = CARTESIAN_POINT('',(203.75,-65.37,1.51));
#13667 = DIRECTION('',(-0.,0.,-1.));
#13668 = DIRECTION('',(-0.,-1.,0.));
#13669 = FACE_BOUND('',#13670,.T.);
#13670 = EDGE_LOOP('',(#13671));
#13671 = ORIENTED_EDGE('',*,*,#13672,.T.);
#13672 = EDGE_CURVE('',#13673,#13673,#13675,.T.);
#13673 = VERTEX_POINT('',#13674);
#13674 = CARTESIAN_POINT('',(135.25,-63.23,1.51));
#13675 = CIRCLE('',#13676,0.5);
#13676 = AXIS2_PLACEMENT_3D('',#13677,#13678,#13679);
#13677 = CARTESIAN_POINT('',(135.25,-62.73,1.51));
#13678 = DIRECTION('',(-0.,0.,-1.));
#13679 = DIRECTION('',(-0.,-1.,0.));
#13680 = FACE_BOUND('',#13681,.T.);
#13681 = EDGE_LOOP('',(#13682));
#13682 = ORIENTED_EDGE('',*,*,#13683,.T.);
#13683 = EDGE_CURVE('',#13684,#13684,#13686,.T.);
#13684 = VERTEX_POINT('',#13685);
#13685 = CARTESIAN_POINT('',(138.,-63.35,1.51));
#13686 = CIRCLE('',#13687,1.25);
#13687 = AXIS2_PLACEMENT_3D('',#13688,#13689,#13690);
#13688 = CARTESIAN_POINT('',(138.,-62.1,1.51));
#13689 = DIRECTION('',(-0.,0.,-1.));
#13690 = DIRECTION('',(-0.,-1.,0.));
#13691 = FACE_BOUND('',#13692,.T.);
#13692 = EDGE_LOOP('',(#13693));
#13693 = ORIENTED_EDGE('',*,*,#13694,.T.);
#13694 = EDGE_CURVE('',#13695,#13695,#13697,.T.);
#13695 = VERTEX_POINT('',#13696);
#13696 = CARTESIAN_POINT('',(140.75,-63.23,1.51));
#13697 = CIRCLE('',#13698,0.5);
#13698 = AXIS2_PLACEMENT_3D('',#13699,#13700,#13701);
#13699 = CARTESIAN_POINT('',(140.75,-62.73,1.51));
#13700 = DIRECTION('',(-0.,0.,-1.));
#13701 = DIRECTION('',(-0.,-1.,0.));
#13702 = FACE_BOUND('',#13703,.T.);
#13703 = EDGE_LOOP('',(#13704));
#13704 = ORIENTED_EDGE('',*,*,#13705,.T.);
#13705 = EDGE_CURVE('',#13706,#13706,#13708,.T.);
#13706 = VERTEX_POINT('',#13707);
#13707 = CARTESIAN_POINT('',(142.65,-62.05,1.51));
#13708 = CIRCLE('',#13709,0.5);
#13709 = AXIS2_PLACEMENT_3D('',#13710,#13711,#13712);
#13710 = CARTESIAN_POINT('',(142.65,-61.55,1.51));
#13711 = DIRECTION('',(-0.,0.,-1.));
#13712 = DIRECTION('',(-0.,-1.,0.));
#13713 = FACE_BOUND('',#13714,.T.);
#13714 = EDGE_LOOP('',(#13715));
#13715 = ORIENTED_EDGE('',*,*,#13716,.T.);
#13716 = EDGE_CURVE('',#13717,#13717,#13719,.T.);
#13717 = VERTEX_POINT('',#13718);
#13718 = CARTESIAN_POINT('',(150.25,-59.87,1.51));
#13719 = CIRCLE('',#13720,0.5);
#13720 = AXIS2_PLACEMENT_3D('',#13721,#13722,#13723);
#13721 = CARTESIAN_POINT('',(150.25,-59.37,1.51));
#13722 = DIRECTION('',(-0.,0.,-1.));
#13723 = DIRECTION('',(-0.,-1.,0.));
#13724 = FACE_BOUND('',#13725,.T.);
#13725 = EDGE_LOOP('',(#13726));
#13726 = ORIENTED_EDGE('',*,*,#13727,.T.);
#13727 = EDGE_CURVE('',#13728,#13728,#13730,.T.);
#13728 = VERTEX_POINT('',#13729);
#13729 = CARTESIAN_POINT('',(153.,-61.25,1.51));
#13730 = CIRCLE('',#13731,1.25);
#13731 = AXIS2_PLACEMENT_3D('',#13732,#13733,#13734);
#13732 = CARTESIAN_POINT('',(153.,-60.,1.51));
#13733 = DIRECTION('',(-0.,0.,-1.));
#13734 = DIRECTION('',(-0.,-1.,0.));
#13735 = FACE_BOUND('',#13736,.T.);
#13736 = EDGE_LOOP('',(#13737));
#13737 = ORIENTED_EDGE('',*,*,#13738,.T.);
#13738 = EDGE_CURVE('',#13739,#13739,#13741,.T.);
#13739 = VERTEX_POINT('',#13740);
#13740 = CARTESIAN_POINT('',(155.75,-59.87,1.51));
#13741 = CIRCLE('',#13742,0.5);
#13742 = AXIS2_PLACEMENT_3D('',#13743,#13744,#13745);
#13743 = CARTESIAN_POINT('',(155.75,-59.37,1.51));
#13744 = DIRECTION('',(-0.,0.,-1.));
#13745 = DIRECTION('',(-0.,-1.,0.));
#13746 = FACE_BOUND('',#13747,.T.);
#13747 = EDGE_LOOP('',(#13748));
#13748 = ORIENTED_EDGE('',*,*,#13749,.T.);
#13749 = EDGE_CURVE('',#13750,#13750,#13752,.T.);
#13750 = VERTEX_POINT('',#13751);
#13751 = CARTESIAN_POINT('',(150.25,-57.33,1.51));
#13752 = CIRCLE('',#13753,0.5);
#13753 = AXIS2_PLACEMENT_3D('',#13754,#13755,#13756);
#13754 = CARTESIAN_POINT('',(150.25,-56.83,1.51));
#13755 = DIRECTION('',(-0.,0.,-1.));
#13756 = DIRECTION('',(-0.,-1.,0.));
#13757 = FACE_BOUND('',#13758,.T.);
#13758 = EDGE_LOOP('',(#13759));
#13759 = ORIENTED_EDGE('',*,*,#13760,.T.);
#13760 = EDGE_CURVE('',#13761,#13761,#13763,.T.);
#13761 = VERTEX_POINT('',#13762);
#13762 = CARTESIAN_POINT('',(155.75,-57.33,1.51));
#13763 = CIRCLE('',#13764,0.5);
#13764 = AXIS2_PLACEMENT_3D('',#13765,#13766,#13767);
#13765 = CARTESIAN_POINT('',(155.75,-56.83,1.51));
#13766 = DIRECTION('',(-0.,0.,-1.));
#13767 = DIRECTION('',(-0.,-1.,0.));
#13768 = FACE_BOUND('',#13769,.T.);
#13769 = EDGE_LOOP('',(#13770));
#13770 = ORIENTED_EDGE('',*,*,#13771,.T.);
#13771 = EDGE_CURVE('',#13772,#13772,#13774,.T.);
#13772 = VERTEX_POINT('',#13773);
#13773 = CARTESIAN_POINT('',(153.,-57.45,1.51));
#13774 = CIRCLE('',#13775,1.25);
#13775 = AXIS2_PLACEMENT_3D('',#13776,#13777,#13778);
#13776 = CARTESIAN_POINT('',(153.,-56.2,1.51));
#13777 = DIRECTION('',(-0.,0.,-1.));
#13778 = DIRECTION('',(-0.,-1.,0.));
#13779 = FACE_BOUND('',#13780,.T.);
#13780 = EDGE_LOOP('',(#13781));
#13781 = ORIENTED_EDGE('',*,*,#13782,.T.);
#13782 = EDGE_CURVE('',#13783,#13783,#13785,.T.);
#13783 = VERTEX_POINT('',#13784);
#13784 = CARTESIAN_POINT('',(157.65,-56.15,1.51));
#13785 = CIRCLE('',#13786,0.5);
#13786 = AXIS2_PLACEMENT_3D('',#13787,#13788,#13789);
#13787 = CARTESIAN_POINT('',(157.65,-55.65,1.51));
#13788 = DIRECTION('',(-0.,0.,-1.));
#13789 = DIRECTION('',(-0.,-1.,0.));
#13790 = FACE_BOUND('',#13791,.T.);
#13791 = EDGE_LOOP('',(#13792));
#13792 = ORIENTED_EDGE('',*,*,#13793,.T.);
#13793 = EDGE_CURVE('',#13794,#13794,#13796,.T.);
#13794 = VERTEX_POINT('',#13795);
#13795 = CARTESIAN_POINT('',(169.25,-57.88,1.51));
#13796 = CIRCLE('',#13797,1.25);
#13797 = AXIS2_PLACEMENT_3D('',#13798,#13799,#13800);
#13798 = CARTESIAN_POINT('',(169.25,-56.63,1.51));
#13799 = DIRECTION('',(-0.,0.,-1.));
#13800 = DIRECTION('',(-0.,-1.,0.));
#13801 = FACE_BOUND('',#13802,.T.);
#13802 = EDGE_LOOP('',(#13803));
#13803 = ORIENTED_EDGE('',*,*,#13804,.T.);
#13804 = EDGE_CURVE('',#13805,#13805,#13807,.T.);
#13805 = VERTEX_POINT('',#13806);
#13806 = CARTESIAN_POINT('',(166.5,-56.5,1.51));
#13807 = CIRCLE('',#13808,0.5);
#13808 = AXIS2_PLACEMENT_3D('',#13809,#13810,#13811);
#13809 = CARTESIAN_POINT('',(166.5,-56.,1.51));
#13810 = DIRECTION('',(-0.,0.,-1.));
#13811 = DIRECTION('',(-0.,-1.,0.));
#13812 = FACE_BOUND('',#13813,.T.);
#13813 = EDGE_LOOP('',(#13814));
#13814 = ORIENTED_EDGE('',*,*,#13815,.T.);
#13815 = EDGE_CURVE('',#13816,#13816,#13818,.T.);
#13816 = VERTEX_POINT('',#13817);
#13817 = CARTESIAN_POINT('',(166.5,-53.96,1.51));
#13818 = CIRCLE('',#13819,0.5);
#13819 = AXIS2_PLACEMENT_3D('',#13820,#13821,#13822);
#13820 = CARTESIAN_POINT('',(166.5,-53.46,1.51));
#13821 = DIRECTION('',(-0.,0.,-1.));
#13822 = DIRECTION('',(-0.,-1.,0.));
#13823 = FACE_BOUND('',#13824,.T.);
#13824 = EDGE_LOOP('',(#13825));
#13825 = ORIENTED_EDGE('',*,*,#13826,.T.);
#13826 = EDGE_CURVE('',#13827,#13827,#13829,.T.);
#13827 = VERTEX_POINT('',#13828);
#13828 = CARTESIAN_POINT('',(169.25,-54.08,1.51));
#13829 = CIRCLE('',#13830,1.25);
#13830 = AXIS2_PLACEMENT_3D('',#13831,#13832,#13833);
#13831 = CARTESIAN_POINT('',(169.25,-52.83,1.51));
#13832 = DIRECTION('',(-0.,0.,-1.));
#13833 = DIRECTION('',(-0.,-1.,0.));
#13834 = FACE_BOUND('',#13835,.T.);
#13835 = EDGE_LOOP('',(#13836));
#13836 = ORIENTED_EDGE('',*,*,#13837,.T.);
#13837 = EDGE_CURVE('',#13838,#13838,#13840,.T.);
#13838 = VERTEX_POINT('',#13839);
#13839 = CARTESIAN_POINT('',(183.5,-59.5,1.51));
#13840 = CIRCLE('',#13841,0.5);
#13841 = AXIS2_PLACEMENT_3D('',#13842,#13843,#13844);
#13842 = CARTESIAN_POINT('',(183.5,-59.,1.51));
#13843 = DIRECTION('',(-0.,0.,-1.));
#13844 = DIRECTION('',(-0.,-1.,0.));
#13845 = FACE_BOUND('',#13846,.T.);
#13846 = EDGE_LOOP('',(#13847));
#13847 = ORIENTED_EDGE('',*,*,#13848,.T.);
#13848 = EDGE_CURVE('',#13849,#13849,#13851,.T.);
#13849 = VERTEX_POINT('',#13850);
#13850 = CARTESIAN_POINT('',(186.25,-60.88,1.51));
#13851 = CIRCLE('',#13852,1.25);
#13852 = AXIS2_PLACEMENT_3D('',#13853,#13854,#13855);
#13853 = CARTESIAN_POINT('',(186.25,-59.63,1.51));
#13854 = DIRECTION('',(-0.,0.,-1.));
#13855 = DIRECTION('',(-0.,-1.,0.));
#13856 = FACE_BOUND('',#13857,.T.);
#13857 = EDGE_LOOP('',(#13858));
#13858 = ORIENTED_EDGE('',*,*,#13859,.T.);
#13859 = EDGE_CURVE('',#13860,#13860,#13862,.T.);
#13860 = VERTEX_POINT('',#13861);
#13861 = CARTESIAN_POINT('',(198.25,-63.33,1.51));
#13862 = CIRCLE('',#13863,0.5);
#13863 = AXIS2_PLACEMENT_3D('',#13864,#13865,#13866);
#13864 = CARTESIAN_POINT('',(198.25,-62.83,1.51));
#13865 = DIRECTION('',(-0.,0.,-1.));
#13866 = DIRECTION('',(-0.,-1.,0.));
#13867 = FACE_BOUND('',#13868,.T.);
#13868 = EDGE_LOOP('',(#13869));
#13869 = ORIENTED_EDGE('',*,*,#13870,.T.);
#13870 = EDGE_CURVE('',#13871,#13871,#13873,.T.);
#13871 = VERTEX_POINT('',#13872);
#13872 = CARTESIAN_POINT('',(201.,-63.45,1.51));
#13873 = CIRCLE('',#13874,1.25);
#13874 = AXIS2_PLACEMENT_3D('',#13875,#13876,#13877);
#13875 = CARTESIAN_POINT('',(201.,-62.2,1.51));
#13876 = DIRECTION('',(-0.,0.,-1.));
#13877 = DIRECTION('',(-0.,-1.,0.));
#13878 = FACE_BOUND('',#13879,.T.);
#13879 = EDGE_LOOP('',(#13880));
#13880 = ORIENTED_EDGE('',*,*,#13881,.T.);
#13881 = EDGE_CURVE('',#13882,#13882,#13884,.T.);
#13882 = VERTEX_POINT('',#13883);
#13883 = CARTESIAN_POINT('',(203.75,-63.33,1.51));
#13884 = CIRCLE('',#13885,0.5);
#13885 = AXIS2_PLACEMENT_3D('',#13886,#13887,#13888);
#13886 = CARTESIAN_POINT('',(203.75,-62.83,1.51));
#13887 = DIRECTION('',(-0.,0.,-1.));
#13888 = DIRECTION('',(-0.,-1.,0.));
#13889 = FACE_BOUND('',#13890,.T.);
#13890 = EDGE_LOOP('',(#13891));
#13891 = ORIENTED_EDGE('',*,*,#13892,.T.);
#13892 = EDGE_CURVE('',#13893,#13893,#13895,.T.);
#13893 = VERTEX_POINT('',#13894);
#13894 = CARTESIAN_POINT('',(205.65,-62.15,1.51));
#13895 = CIRCLE('',#13896,0.5);
#13896 = AXIS2_PLACEMENT_3D('',#13897,#13898,#13899);
#13897 = CARTESIAN_POINT('',(205.65,-61.65,1.51));
#13898 = DIRECTION('',(-0.,0.,-1.));
#13899 = DIRECTION('',(-0.,-1.,0.));
#13900 = FACE_BOUND('',#13901,.T.);
#13901 = EDGE_LOOP('',(#13902));
#13902 = ORIENTED_EDGE('',*,*,#13903,.T.);
#13903 = EDGE_CURVE('',#13904,#13904,#13906,.T.);
#13904 = VERTEX_POINT('',#13905);
#13905 = CARTESIAN_POINT('',(189.,-59.5,1.51));
#13906 = CIRCLE('',#13907,0.5);
#13907 = AXIS2_PLACEMENT_3D('',#13908,#13909,#13910);
#13908 = CARTESIAN_POINT('',(189.,-59.,1.51));
#13909 = DIRECTION('',(-0.,0.,-1.));
#13910 = DIRECTION('',(-0.,-1.,0.));
#13911 = FACE_BOUND('',#13912,.T.);
#13912 = EDGE_LOOP('',(#13913));
#13913 = ORIENTED_EDGE('',*,*,#13914,.T.);
#13914 = EDGE_CURVE('',#13915,#13915,#13917,.T.);
#13915 = VERTEX_POINT('',#13916);
#13916 = CARTESIAN_POINT('',(172.,-56.5,1.51));
#13917 = CIRCLE('',#13918,0.5);
#13918 = AXIS2_PLACEMENT_3D('',#13919,#13920,#13921);
#13919 = CARTESIAN_POINT('',(172.,-56.,1.51));
#13920 = DIRECTION('',(-0.,0.,-1.));
#13921 = DIRECTION('',(-0.,-1.,0.));
#13922 = FACE_BOUND('',#13923,.T.);
#13923 = EDGE_LOOP('',(#13924));
#13924 = ORIENTED_EDGE('',*,*,#13925,.T.);
#13925 = EDGE_CURVE('',#13926,#13926,#13928,.T.);
#13926 = VERTEX_POINT('',#13927);
#13927 = CARTESIAN_POINT('',(183.5,-56.96,1.51));
#13928 = CIRCLE('',#13929,0.5);
#13929 = AXIS2_PLACEMENT_3D('',#13930,#13931,#13932);
#13930 = CARTESIAN_POINT('',(183.5,-56.46,1.51));
#13931 = DIRECTION('',(-0.,0.,-1.));
#13932 = DIRECTION('',(-0.,-1.,0.));
#13933 = FACE_BOUND('',#13934,.T.);
#13934 = EDGE_LOOP('',(#13935));
#13935 = ORIENTED_EDGE('',*,*,#13936,.T.);
#13936 = EDGE_CURVE('',#13937,#13937,#13939,.T.);
#13937 = VERTEX_POINT('',#13938);
#13938 = CARTESIAN_POINT('',(186.25,-57.08,1.51));
#13939 = CIRCLE('',#13940,1.25);
#13940 = AXIS2_PLACEMENT_3D('',#13941,#13942,#13943);
#13941 = CARTESIAN_POINT('',(186.25,-55.83,1.51));
#13942 = DIRECTION('',(-0.,0.,-1.));
#13943 = DIRECTION('',(-0.,-1.,0.));
#13944 = FACE_BOUND('',#13945,.T.);
#13945 = EDGE_LOOP('',(#13946));
#13946 = ORIENTED_EDGE('',*,*,#13947,.T.);
#13947 = EDGE_CURVE('',#13948,#13948,#13950,.T.);
#13948 = VERTEX_POINT('',#13949);
#13949 = CARTESIAN_POINT('',(172.,-53.96,1.51));
#13950 = CIRCLE('',#13951,0.5);
#13951 = AXIS2_PLACEMENT_3D('',#13952,#13953,#13954);
#13952 = CARTESIAN_POINT('',(172.,-53.46,1.51));
#13953 = DIRECTION('',(-0.,0.,-1.));
#13954 = DIRECTION('',(-0.,-1.,0.));
#13955 = FACE_BOUND('',#13956,.T.);
#13956 = EDGE_LOOP('',(#13957));
#13957 = ORIENTED_EDGE('',*,*,#13958,.T.);
#13958 = EDGE_CURVE('',#13959,#13959,#13961,.T.);
#13959 = VERTEX_POINT('',#13960);
#13960 = CARTESIAN_POINT('',(173.9,-52.78,1.51));
#13961 = CIRCLE('',#13962,0.5);
#13962 = AXIS2_PLACEMENT_3D('',#13963,#13964,#13965);
#13963 = CARTESIAN_POINT('',(173.9,-52.28,1.51));
#13964 = DIRECTION('',(-0.,0.,-1.));
#13965 = DIRECTION('',(-0.,-1.,0.));
#13966 = FACE_BOUND('',#13967,.T.);
#13967 = EDGE_LOOP('',(#13968));
#13968 = ORIENTED_EDGE('',*,*,#13969,.T.);
#13969 = EDGE_CURVE('',#13970,#13970,#13972,.T.);
#13970 = VERTEX_POINT('',#13971);
#13971 = CARTESIAN_POINT('',(189.,-56.96,1.51));
#13972 = CIRCLE('',#13973,0.5);
#13973 = AXIS2_PLACEMENT_3D('',#13974,#13975,#13976);
#13974 = CARTESIAN_POINT('',(189.,-56.46,1.51));
#13975 = DIRECTION('',(-0.,0.,-1.));
#13976 = DIRECTION('',(-0.,-1.,0.));
#13977 = FACE_BOUND('',#13978,.T.);
#13978 = EDGE_LOOP('',(#13979));
#13979 = ORIENTED_EDGE('',*,*,#13980,.T.);
#13980 = EDGE_CURVE('',#13981,#13981,#13983,.T.);
#13981 = VERTEX_POINT('',#13982);
#13982 = CARTESIAN_POINT('',(190.9,-55.78,1.51));
#13983 = CIRCLE('',#13984,0.5);
#13984 = AXIS2_PLACEMENT_3D('',#13985,#13986,#13987);
#13985 = CARTESIAN_POINT('',(190.9,-55.28,1.51));
#13986 = DIRECTION('',(-0.,0.,-1.));
#13987 = DIRECTION('',(-0.,-1.,0.));
#13988 = PLANE('',#13989);
#13989 = AXIS2_PLACEMENT_3D('',#13990,#13991,#13992);
#13990 = CARTESIAN_POINT('',(0.,0.,1.51));
#13991 = DIRECTION('',(0.,0.,1.));
#13992 = DIRECTION('',(1.,0.,-0.));
#13993 = ADVANCED_FACE('',(#13994),#14005,.T.);
#13994 = FACE_BOUND('',#13995,.T.);
#13995 = EDGE_LOOP('',(#13996,#14002,#14003,#14004));
#13996 = ORIENTED_EDGE('',*,*,#13997,.T.);
#13997 = EDGE_CURVE('',#12844,#13422,#13998,.T.);
#13998 = LINE('',#13999,#14000);
#13999 = CARTESIAN_POINT('',(162.,-48.,0.));
#14000 = VECTOR('',#14001,1.);
#14001 = DIRECTION('',(0.,0.,1.));
#14002 = ORIENTED_EDGE('',*,*,#13421,.T.);
#14003 = ORIENTED_EDGE('',*,*,#12779,.F.);
#14004 = ORIENTED_EDGE('',*,*,#12843,.F.);
#14005 = PLANE('',#14006);
#14006 = AXIS2_PLACEMENT_3D('',#14007,#14008,#14009);
#14007 = CARTESIAN_POINT('',(162.,-48.,0.));
#14008 = DIRECTION('',(0.,1.,0.));
#14009 = DIRECTION('',(1.,0.,0.));
#14010 = ADVANCED_FACE('',(#14011),#14022,.T.);
#14011 = FACE_BOUND('',#14012,.T.);
#14012 = EDGE_LOOP('',(#14013,#14014,#14015,#14021));
#14013 = ORIENTED_EDGE('',*,*,#12819,.T.);
#14014 = ORIENTED_EDGE('',*,*,#13509,.T.);
#14015 = ORIENTED_EDGE('',*,*,#14016,.F.);
#14016 = EDGE_CURVE('',#12924,#13502,#14017,.T.);
#14017 = LINE('',#14018,#14019);
#14018 = CARTESIAN_POINT('',(190.,-72.,0.));
#14019 = VECTOR('',#14020,1.);
#14020 = DIRECTION('',(0.,0.,1.));
#14021 = ORIENTED_EDGE('',*,*,#12931,.F.);
#14022 = PLANE('',#14023);
#14023 = AXIS2_PLACEMENT_3D('',#14024,#14025,#14026);
#14024 = CARTESIAN_POINT('',(209.,-72.,0.));
#14025 = DIRECTION('',(0.,-1.,0.));
#14026 = DIRECTION('',(-1.,0.,0.));
#14027 = ADVANCED_FACE('',(#14028),#14039,.T.);
#14028 = FACE_BOUND('',#14029,.T.);
#14029 = EDGE_LOOP('',(#14030,#14036,#14037,#14038));
#14030 = ORIENTED_EDGE('',*,*,#14031,.T.);
#14031 = EDGE_CURVE('',#12852,#13430,#14032,.T.);
#14032 = LINE('',#14033,#14034);
#14033 = CARTESIAN_POINT('',(147.,-53.,0.));
#14034 = VECTOR('',#14035,1.);
#14035 = DIRECTION('',(0.,0.,1.));
#14036 = ORIENTED_EDGE('',*,*,#13429,.T.);
#14037 = ORIENTED_EDGE('',*,*,#13997,.F.);
#14038 = ORIENTED_EDGE('',*,*,#12851,.F.);
#14039 = PLANE('',#14040);
#14040 = AXIS2_PLACEMENT_3D('',#14041,#14042,#14043);
#14041 = CARTESIAN_POINT('',(147.,-53.,0.));
#14042 = DIRECTION('',(-0.316227766017,0.948683298051,0.));
#14043 = DIRECTION('',(0.948683298051,0.316227766017,0.));
#14044 = ADVANCED_FACE('',(#14045),#14056,.T.);
#14045 = FACE_BOUND('',#14046,.T.);
#14046 = EDGE_LOOP('',(#14047,#14048,#14049,#14055));
#14047 = ORIENTED_EDGE('',*,*,#14016,.T.);
#14048 = ORIENTED_EDGE('',*,*,#13501,.T.);
#14049 = ORIENTED_EDGE('',*,*,#14050,.F.);
#14050 = EDGE_CURVE('',#12916,#13494,#14051,.T.);
#14051 = LINE('',#14052,#14053);
#14052 = CARTESIAN_POINT('',(179.,-81.,0.));
#14053 = VECTOR('',#14054,1.);
#14054 = DIRECTION('',(0.,0.,1.));
#14055 = ORIENTED_EDGE('',*,*,#12923,.F.);
#14056 = PLANE('',#14057);
#14057 = AXIS2_PLACEMENT_3D('',#14058,#14059,#14060);
#14058 = CARTESIAN_POINT('',(190.,-72.,0.));
#14059 = DIRECTION('',(0.633237790257,-0.773957299203,0.));
#14060 = DIRECTION('',(-0.773957299203,-0.633237790257,0.));
#14061 = ADVANCED_FACE('',(#14062),#14073,.T.);
#14062 = FACE_BOUND('',#14063,.T.);
#14063 = EDGE_LOOP('',(#14064,#14070,#14071,#14072));
#14064 = ORIENTED_EDGE('',*,*,#14065,.T.);
#14065 = EDGE_CURVE('',#12860,#13438,#14066,.T.);
#14066 = LINE('',#14067,#14068);
#14067 = CARTESIAN_POINT('',(130.,-60.,0.));
#14068 = VECTOR('',#14069,1.);
#14069 = DIRECTION('',(0.,0.,1.));
#14070 = ORIENTED_EDGE('',*,*,#13437,.T.);
#14071 = ORIENTED_EDGE('',*,*,#14031,.F.);
#14072 = ORIENTED_EDGE('',*,*,#12859,.F.);
#14073 = PLANE('',#14074);
#14074 = AXIS2_PLACEMENT_3D('',#14075,#14076,#14077);
#14075 = CARTESIAN_POINT('',(130.,-60.,0.));
#14076 = DIRECTION('',(-0.380749805254,0.924678098475,0.));
#14077 = DIRECTION('',(0.924678098475,0.380749805254,0.));
#14078 = ADVANCED_FACE('',(#14079),#14090,.T.);
#14079 = FACE_BOUND('',#14080,.T.);
#14080 = EDGE_LOOP('',(#14081,#14082,#14083,#14089));
#14081 = ORIENTED_EDGE('',*,*,#14050,.T.);
#14082 = ORIENTED_EDGE('',*,*,#13493,.T.);
#14083 = ORIENTED_EDGE('',*,*,#14084,.F.);
#14084 = EDGE_CURVE('',#12908,#13486,#14085,.T.);
#14085 = LINE('',#14086,#14087);
#14086 = CARTESIAN_POINT('',(175.,-81.,0.));
#14087 = VECTOR('',#14088,1.);
#14088 = DIRECTION('',(0.,0.,1.));
#14089 = ORIENTED_EDGE('',*,*,#12915,.F.);
#14090 = PLANE('',#14091);
#14091 = AXIS2_PLACEMENT_3D('',#14092,#14093,#14094);
#14092 = CARTESIAN_POINT('',(179.,-81.,0.));
#14093 = DIRECTION('',(0.,-1.,0.));
#14094 = DIRECTION('',(-1.,0.,0.));
#14095 = ADVANCED_FACE('',(#14096),#14107,.T.);
#14096 = FACE_BOUND('',#14097,.T.);
#14097 = EDGE_LOOP('',(#14098,#14104,#14105,#14106));
#14098 = ORIENTED_EDGE('',*,*,#14099,.T.);
#14099 = EDGE_CURVE('',#12868,#13446,#14100,.T.);
#14100 = LINE('',#14101,#14102);
#14101 = CARTESIAN_POINT('',(130.,-73.,0.));
#14102 = VECTOR('',#14103,1.);
#14103 = DIRECTION('',(0.,0.,1.));
#14104 = ORIENTED_EDGE('',*,*,#13445,.T.);
#14105 = ORIENTED_EDGE('',*,*,#14065,.F.);
#14106 = ORIENTED_EDGE('',*,*,#12867,.F.);
#14107 = PLANE('',#14108);
#14108 = AXIS2_PLACEMENT_3D('',#14109,#14110,#14111);
#14109 = CARTESIAN_POINT('',(130.,-73.,0.));
#14110 = DIRECTION('',(-1.,0.,0.));
#14111 = DIRECTION('',(0.,1.,0.));
#14112 = ADVANCED_FACE('',(#14113),#14124,.T.);
#14113 = FACE_BOUND('',#14114,.T.);
#14114 = EDGE_LOOP('',(#14115,#14116,#14117,#14123));
#14115 = ORIENTED_EDGE('',*,*,#14084,.T.);
#14116 = ORIENTED_EDGE('',*,*,#13485,.T.);
#14117 = ORIENTED_EDGE('',*,*,#14118,.F.);
#14118 = EDGE_CURVE('',#12900,#13478,#14119,.T.);
#14119 = LINE('',#14120,#14121);
#14120 = CARTESIAN_POINT('',(162.,-81.,0.));
#14121 = VECTOR('',#14122,1.);
#14122 = DIRECTION('',(0.,0.,1.));
#14123 = ORIENTED_EDGE('',*,*,#12907,.F.);
#14124 = PLANE('',#14125);
#14125 = AXIS2_PLACEMENT_3D('',#14126,#14127,#14128);
#14126 = CARTESIAN_POINT('',(175.,-81.,0.));
#14127 = DIRECTION('',(0.,-1.,0.));
#14128 = DIRECTION('',(-1.,0.,0.));
#14129 = ADVANCED_FACE('',(#14130),#14141,.T.);
#14130 = FACE_BOUND('',#14131,.T.);
#14131 = EDGE_LOOP('',(#14132,#14138,#14139,#14140));
#14132 = ORIENTED_EDGE('',*,*,#14133,.T.);
#14133 = EDGE_CURVE('',#12876,#13454,#14134,.T.);
#14134 = LINE('',#14135,#14136);
#14135 = CARTESIAN_POINT('',(154.,-73.,0.));
#14136 = VECTOR('',#14137,1.);
#14137 = DIRECTION('',(0.,0.,1.));
#14138 = ORIENTED_EDGE('',*,*,#13453,.T.);
#14139 = ORIENTED_EDGE('',*,*,#14099,.F.);
#14140 = ORIENTED_EDGE('',*,*,#12875,.F.);
#14141 = PLANE('',#14142);
#14142 = AXIS2_PLACEMENT_3D('',#14143,#14144,#14145);
#14143 = CARTESIAN_POINT('',(154.,-73.,0.));
#14144 = DIRECTION('',(0.,-1.,0.));
#14145 = DIRECTION('',(-1.,0.,0.));
#14146 = ADVANCED_FACE('',(#14147),#14158,.T.);
#14147 = FACE_BOUND('',#14148,.T.);
#14148 = EDGE_LOOP('',(#14149,#14150,#14151,#14157));
#14149 = ORIENTED_EDGE('',*,*,#14118,.T.);
#14150 = ORIENTED_EDGE('',*,*,#13477,.T.);
#14151 = ORIENTED_EDGE('',*,*,#14152,.F.);
#14152 = EDGE_CURVE('',#12892,#13470,#14153,.T.);
#14153 = LINE('',#14154,#14155);
#14154 = CARTESIAN_POINT('',(162.,-76.,0.));
#14155 = VECTOR('',#14156,1.);
#14156 = DIRECTION('',(0.,0.,1.));
#14157 = ORIENTED_EDGE('',*,*,#12899,.F.);
#14158 = PLANE('',#14159);
#14159 = AXIS2_PLACEMENT_3D('',#14160,#14161,#14162);
#14160 = CARTESIAN_POINT('',(162.,-81.,0.));
#14161 = DIRECTION('',(-1.,0.,0.));
#14162 = DIRECTION('',(0.,1.,0.));
#14163 = ADVANCED_FACE('',(#14164),#14175,.T.);
#14164 = FACE_BOUND('',#14165,.T.);
#14165 = EDGE_LOOP('',(#14166,#14172,#14173,#14174));
#14166 = ORIENTED_EDGE('',*,*,#14167,.T.);
#14167 = EDGE_CURVE('',#12884,#13462,#14168,.T.);
#14168 = LINE('',#14169,#14170);
#14169 = CARTESIAN_POINT('',(154.,-76.,0.));
#14170 = VECTOR('',#14171,1.);
#14171 = DIRECTION('',(0.,0.,1.));
#14172 = ORIENTED_EDGE('',*,*,#13461,.T.);
#14173 = ORIENTED_EDGE('',*,*,#14133,.F.);
#14174 = ORIENTED_EDGE('',*,*,#12883,.F.);
#14175 = PLANE('',#14176);
#14176 = AXIS2_PLACEMENT_3D('',#14177,#14178,#14179);
#14177 = CARTESIAN_POINT('',(154.,-76.,0.));
#14178 = DIRECTION('',(-1.,0.,0.));
#14179 = DIRECTION('',(0.,1.,0.));
#14180 = ADVANCED_FACE('',(#14181),#14187,.T.);
#14181 = FACE_BOUND('',#14182,.T.);
#14182 = EDGE_LOOP('',(#14183,#14184,#14185,#14186));
#14183 = ORIENTED_EDGE('',*,*,#14152,.T.);
#14184 = ORIENTED_EDGE('',*,*,#13469,.T.);
#14185 = ORIENTED_EDGE('',*,*,#14167,.F.);
#14186 = ORIENTED_EDGE('',*,*,#12891,.F.);
#14187 = PLANE('',#14188);
#14188 = AXIS2_PLACEMENT_3D('',#14189,#14190,#14191);
#14189 = CARTESIAN_POINT('',(162.,-76.,0.));
#14190 = DIRECTION('',(0.,-1.,0.));
#14191 = DIRECTION('',(-1.,0.,0.));
#14192 = ADVANCED_FACE('',(#14193),#14204,.F.);
#14193 = FACE_BOUND('',#14194,.T.);
#14194 = EDGE_LOOP('',(#14195,#14196,#14202,#14203));
#14195 = ORIENTED_EDGE('',*,*,#12940,.T.);
#14196 = ORIENTED_EDGE('',*,*,#14197,.T.);
#14197 = EDGE_CURVE('',#12941,#13519,#14198,.T.);
#14198 = LINE('',#14199,#14200);
#14199 = CARTESIAN_POINT('',(167.,-77.4,-4.6E-02));
#14200 = VECTOR('',#14201,1.);
#14201 = DIRECTION('',(0.,0.,1.));
#14202 = ORIENTED_EDGE('',*,*,#13518,.F.);
#14203 = ORIENTED_EDGE('',*,*,#14197,.F.);
#14204 = CYLINDRICAL_SURFACE('',#14205,0.4);
#14205 = AXIS2_PLACEMENT_3D('',#14206,#14207,#14208);
#14206 = CARTESIAN_POINT('',(167.,-77.,-4.6E-02));
#14207 = DIRECTION('',(-0.,-0.,-1.));
#14208 = DIRECTION('',(-0.,-1.,0.));
#14209 = ADVANCED_FACE('',(#14210),#14221,.F.);
#14210 = FACE_BOUND('',#14211,.T.);
#14211 = EDGE_LOOP('',(#14212,#14213,#14219,#14220));
#14212 = ORIENTED_EDGE('',*,*,#12951,.T.);
#14213 = ORIENTED_EDGE('',*,*,#14214,.T.);
#14214 = EDGE_CURVE('',#12952,#13530,#14215,.T.);
#14215 = LINE('',#14216,#14217);
#14216 = CARTESIAN_POINT('',(169.,-77.4,-4.6E-02));
#14217 = VECTOR('',#14218,1.);
#14218 = DIRECTION('',(0.,0.,1.));
#14219 = ORIENTED_EDGE('',*,*,#13529,.F.);
#14220 = ORIENTED_EDGE('',*,*,#14214,.F.);
#14221 = CYLINDRICAL_SURFACE('',#14222,0.4);
#14222 = AXIS2_PLACEMENT_3D('',#14223,#14224,#14225);
#14223 = CARTESIAN_POINT('',(169.,-77.,-4.6E-02));
#14224 = DIRECTION('',(-0.,-0.,-1.));
#14225 = DIRECTION('',(-0.,-1.,0.));
#14226 = ADVANCED_FACE('',(#14227),#14238,.F.);
#14227 = FACE_BOUND('',#14228,.T.);
#14228 = EDGE_LOOP('',(#14229,#14230,#14236,#14237));
#14229 = ORIENTED_EDGE('',*,*,#12962,.T.);
#14230 = ORIENTED_EDGE('',*,*,#14231,.T.);
#14231 = EDGE_CURVE('',#12963,#13541,#14232,.T.);
#14232 = LINE('',#14233,#14234);
#14233 = CARTESIAN_POINT('',(163.,-72.3,-4.6E-02));
#14234 = VECTOR('',#14235,1.);
#14235 = DIRECTION('',(0.,0.,1.));
#14236 = ORIENTED_EDGE('',*,*,#13540,.F.);
#14237 = ORIENTED_EDGE('',*,*,#14231,.F.);
#14238 = CYLINDRICAL_SURFACE('',#14239,0.4);
#14239 = AXIS2_PLACEMENT_3D('',#14240,#14241,#14242);
#14240 = CARTESIAN_POINT('',(163.,-71.9,-4.6E-02));
#14241 = DIRECTION('',(-0.,-0.,-1.));
#14242 = DIRECTION('',(-0.,-1.,0.));
#14243 = ADVANCED_FACE('',(#14244),#14255,.F.);
#14244 = FACE_BOUND('',#14245,.T.);
#14245 = EDGE_LOOP('',(#14246,#14247,#14253,#14254));
#14246 = ORIENTED_EDGE('',*,*,#12973,.T.);
#14247 = ORIENTED_EDGE('',*,*,#14248,.T.);
#14248 = EDGE_CURVE('',#12974,#13552,#14249,.T.);
#14249 = LINE('',#14250,#14251);
#14250 = CARTESIAN_POINT('',(138.,-67.15,-4.6E-02));
#14251 = VECTOR('',#14252,1.);
#14252 = DIRECTION('',(0.,0.,1.));
#14253 = ORIENTED_EDGE('',*,*,#13551,.F.);
#14254 = ORIENTED_EDGE('',*,*,#14248,.F.);
#14255 = CYLINDRICAL_SURFACE('',#14256,1.25);
#14256 = AXIS2_PLACEMENT_3D('',#14257,#14258,#14259);
#14257 = CARTESIAN_POINT('',(138.,-65.9,-4.6E-02));
#14258 = DIRECTION('',(-0.,-0.,-1.));
#14259 = DIRECTION('',(-0.,-1.,0.));
#14260 = ADVANCED_FACE('',(#14261),#14272,.F.);
#14261 = FACE_BOUND('',#14262,.T.);
#14262 = EDGE_LOOP('',(#14263,#14264,#14270,#14271));
#14263 = ORIENTED_EDGE('',*,*,#12984,.T.);
#14264 = ORIENTED_EDGE('',*,*,#14265,.T.);
#14265 = EDGE_CURVE('',#12985,#13563,#14266,.T.);
#14266 = LINE('',#14267,#14268);
#14267 = CARTESIAN_POINT('',(135.25,-65.77,-4.6E-02));
#14268 = VECTOR('',#14269,1.);
#14269 = DIRECTION('',(0.,0.,1.));
#14270 = ORIENTED_EDGE('',*,*,#13562,.F.);
#14271 = ORIENTED_EDGE('',*,*,#14265,.F.);
#14272 = CYLINDRICAL_SURFACE('',#14273,0.5);
#14273 = AXIS2_PLACEMENT_3D('',#14274,#14275,#14276);
#14274 = CARTESIAN_POINT('',(135.25,-65.27,-4.6E-02));
#14275 = DIRECTION('',(-0.,-0.,-1.));
#14276 = DIRECTION('',(-0.,-1.,0.));
#14277 = ADVANCED_FACE('',(#14278),#14289,.F.);
#14278 = FACE_BOUND('',#14279,.T.);
#14279 = EDGE_LOOP('',(#14280,#14281,#14287,#14288));
#14280 = ORIENTED_EDGE('',*,*,#12995,.T.);
#14281 = ORIENTED_EDGE('',*,*,#14282,.T.);
#14282 = EDGE_CURVE('',#12996,#13574,#14283,.T.);
#14283 = LINE('',#14284,#14285);
#14284 = CARTESIAN_POINT('',(140.75,-65.77,-4.6E-02));
#14285 = VECTOR('',#14286,1.);
#14286 = DIRECTION('',(0.,0.,1.));
#14287 = ORIENTED_EDGE('',*,*,#13573,.F.);
#14288 = ORIENTED_EDGE('',*,*,#14282,.F.);
#14289 = CYLINDRICAL_SURFACE('',#14290,0.5);
#14290 = AXIS2_PLACEMENT_3D('',#14291,#14292,#14293);
#14291 = CARTESIAN_POINT('',(140.75,-65.27,-4.6E-02));
#14292 = DIRECTION('',(-0.,-0.,-1.));
#14293 = DIRECTION('',(-0.,-1.,0.));
#14294 = ADVANCED_FACE('',(#14295),#14306,.F.);
#14295 = FACE_BOUND('',#14296,.T.);
#14296 = EDGE_LOOP('',(#14297,#14298,#14304,#14305));
#14297 = ORIENTED_EDGE('',*,*,#13006,.T.);
#14298 = ORIENTED_EDGE('',*,*,#14299,.T.);
#14299 = EDGE_CURVE('',#13007,#13585,#14300,.T.);
#14300 = LINE('',#14301,#14302);
#14301 = CARTESIAN_POINT('',(171.,-77.4,-4.6E-02));
#14302 = VECTOR('',#14303,1.);
#14303 = DIRECTION('',(0.,0.,1.));
#14304 = ORIENTED_EDGE('',*,*,#13584,.F.);
#14305 = ORIENTED_EDGE('',*,*,#14299,.F.);
#14306 = CYLINDRICAL_SURFACE('',#14307,0.4);
#14307 = AXIS2_PLACEMENT_3D('',#14308,#14309,#14310);
#14308 = CARTESIAN_POINT('',(171.,-77.,-4.6E-02));
#14309 = DIRECTION('',(-0.,-0.,-1.));
#14310 = DIRECTION('',(-0.,-1.,0.));
#14311 = ADVANCED_FACE('',(#14312),#14323,.F.);
#14312 = FACE_BOUND('',#14313,.T.);
#14313 = EDGE_LOOP('',(#14314,#14315,#14321,#14322));
#14314 = ORIENTED_EDGE('',*,*,#13017,.T.);
#14315 = ORIENTED_EDGE('',*,*,#14316,.T.);
#14316 = EDGE_CURVE('',#13018,#13596,#14317,.T.);
#14317 = LINE('',#14318,#14319);
#14318 = CARTESIAN_POINT('',(173.,-77.4,-4.6E-02));
#14319 = VECTOR('',#14320,1.);
#14320 = DIRECTION('',(0.,0.,1.));
#14321 = ORIENTED_EDGE('',*,*,#13595,.F.);
#14322 = ORIENTED_EDGE('',*,*,#14316,.F.);
#14323 = CYLINDRICAL_SURFACE('',#14324,0.4);
#14324 = AXIS2_PLACEMENT_3D('',#14325,#14326,#14327);
#14325 = CARTESIAN_POINT('',(173.,-77.,-4.6E-02));
#14326 = DIRECTION('',(-0.,-0.,-1.));
#14327 = DIRECTION('',(-0.,-1.,0.));
#14328 = ADVANCED_FACE('',(#14329),#14340,.F.);
#14329 = FACE_BOUND('',#14330,.T.);
#14330 = EDGE_LOOP('',(#14331,#14332,#14338,#14339));
#14331 = ORIENTED_EDGE('',*,*,#13028,.T.);
#14332 = ORIENTED_EDGE('',*,*,#14333,.T.);
#14333 = EDGE_CURVE('',#13029,#13607,#14334,.T.);
#14334 = LINE('',#14335,#14336);
#14335 = CARTESIAN_POINT('',(179.738344,-71.4953,-4.6E-02));
#14336 = VECTOR('',#14337,1.);
#14337 = DIRECTION('',(0.,0.,1.));
#14338 = ORIENTED_EDGE('',*,*,#13606,.F.);
#14339 = ORIENTED_EDGE('',*,*,#14333,.F.);
#14340 = CYLINDRICAL_SURFACE('',#14341,0.4953);
#14341 = AXIS2_PLACEMENT_3D('',#14342,#14343,#14344);
#14342 = CARTESIAN_POINT('',(179.738344,-71.,-4.6E-02));
#14343 = DIRECTION('',(-0.,0.,-1.));
#14344 = DIRECTION('',(5.738281734384E-14,-1.,-0.));
#14345 = ADVANCED_FACE('',(#14346),#14357,.F.);
#14346 = FACE_BOUND('',#14347,.T.);
#14347 = EDGE_LOOP('',(#14348,#14349,#14355,#14356));
#14348 = ORIENTED_EDGE('',*,*,#13039,.T.);
#14349 = ORIENTED_EDGE('',*,*,#14350,.T.);
#14350 = EDGE_CURVE('',#13040,#13618,#14351,.T.);
#14351 = LINE('',#14352,#14353);
#14352 = CARTESIAN_POINT('',(182.278344,-71.4953,-4.6E-02));
#14353 = VECTOR('',#14354,1.);
#14354 = DIRECTION('',(0.,0.,1.));
#14355 = ORIENTED_EDGE('',*,*,#13617,.F.);
#14356 = ORIENTED_EDGE('',*,*,#14350,.F.);
#14357 = CYLINDRICAL_SURFACE('',#14358,0.4953);
#14358 = AXIS2_PLACEMENT_3D('',#14359,#14360,#14361);
#14359 = CARTESIAN_POINT('',(182.278344,-71.,-4.6E-02));
#14360 = DIRECTION('',(-0.,-0.,-1.));
#14361 = DIRECTION('',(-0.,-1.,0.));
#14362 = ADVANCED_FACE('',(#14363),#14374,.F.);
#14363 = FACE_BOUND('',#14364,.T.);
#14364 = EDGE_LOOP('',(#14365,#14366,#14372,#14373));
#14365 = ORIENTED_EDGE('',*,*,#13050,.T.);
#14366 = ORIENTED_EDGE('',*,*,#14367,.T.);
#14367 = EDGE_CURVE('',#13051,#13629,#14368,.T.);
#14368 = LINE('',#14369,#14370);
#14369 = CARTESIAN_POINT('',(181.008344,-68.9553,-4.6E-02));
#14370 = VECTOR('',#14371,1.);
#14371 = DIRECTION('',(0.,0.,1.));
#14372 = ORIENTED_EDGE('',*,*,#13628,.F.);
#14373 = ORIENTED_EDGE('',*,*,#14367,.F.);
#14374 = CYLINDRICAL_SURFACE('',#14375,0.4953);
#14375 = AXIS2_PLACEMENT_3D('',#14376,#14377,#14378);
#14376 = CARTESIAN_POINT('',(181.008344,-68.46,-4.6E-02));
#14377 = DIRECTION('',(-0.,-0.,-1.));
#14378 = DIRECTION('',(-5.738281734385E-14,-1.,0.));
#14379 = ADVANCED_FACE('',(#14380),#14391,.F.);
#14380 = FACE_BOUND('',#14381,.T.);
#14381 = EDGE_LOOP('',(#14382,#14383,#14389,#14390));
#14382 = ORIENTED_EDGE('',*,*,#13061,.T.);
#14383 = ORIENTED_EDGE('',*,*,#14384,.T.);
#14384 = EDGE_CURVE('',#13062,#13640,#14385,.T.);
#14385 = LINE('',#14386,#14387);
#14386 = CARTESIAN_POINT('',(198.25,-65.87,-4.6E-02));
#14387 = VECTOR('',#14388,1.);
#14388 = DIRECTION('',(0.,0.,1.));
#14389 = ORIENTED_EDGE('',*,*,#13639,.F.);
#14390 = ORIENTED_EDGE('',*,*,#14384,.F.);
#14391 = CYLINDRICAL_SURFACE('',#14392,0.5);
#14392 = AXIS2_PLACEMENT_3D('',#14393,#14394,#14395);
#14393 = CARTESIAN_POINT('',(198.25,-65.37,-4.6E-02));
#14394 = DIRECTION('',(-0.,-0.,-1.));
#14395 = DIRECTION('',(-0.,-1.,0.));
#14396 = ADVANCED_FACE('',(#14397),#14408,.F.);
#14397 = FACE_BOUND('',#14398,.T.);
#14398 = EDGE_LOOP('',(#14399,#14400,#14406,#14407));
#14399 = ORIENTED_EDGE('',*,*,#13072,.T.);
#14400 = ORIENTED_EDGE('',*,*,#14401,.T.);
#14401 = EDGE_CURVE('',#13073,#13651,#14402,.T.);
#14402 = LINE('',#14403,#14404);
#14403 = CARTESIAN_POINT('',(201.,-67.25,-4.6E-02));
#14404 = VECTOR('',#14405,1.);
#14405 = DIRECTION('',(0.,0.,1.));
#14406 = ORIENTED_EDGE('',*,*,#13650,.F.);
#14407 = ORIENTED_EDGE('',*,*,#14401,.F.);
#14408 = CYLINDRICAL_SURFACE('',#14409,1.25);
#14409 = AXIS2_PLACEMENT_3D('',#14410,#14411,#14412);
#14410 = CARTESIAN_POINT('',(201.,-66.,-4.6E-02));
#14411 = DIRECTION('',(-0.,-0.,-1.));
#14412 = DIRECTION('',(-0.,-1.,0.));
#14413 = ADVANCED_FACE('',(#14414),#14425,.F.);
#14414 = FACE_BOUND('',#14415,.T.);
#14415 = EDGE_LOOP('',(#14416,#14417,#14423,#14424));
#14416 = ORIENTED_EDGE('',*,*,#13083,.T.);
#14417 = ORIENTED_EDGE('',*,*,#14418,.T.);
#14418 = EDGE_CURVE('',#13084,#13662,#14419,.T.);
#14419 = LINE('',#14420,#14421);
#14420 = CARTESIAN_POINT('',(203.75,-65.87,-4.6E-02));
#14421 = VECTOR('',#14422,1.);
#14422 = DIRECTION('',(0.,0.,1.));
#14423 = ORIENTED_EDGE('',*,*,#13661,.F.);
#14424 = ORIENTED_EDGE('',*,*,#14418,.F.);
#14425 = CYLINDRICAL_SURFACE('',#14426,0.5);
#14426 = AXIS2_PLACEMENT_3D('',#14427,#14428,#14429);
#14427 = CARTESIAN_POINT('',(203.75,-65.37,-4.6E-02));
#14428 = DIRECTION('',(-0.,-0.,-1.));
#14429 = DIRECTION('',(-0.,-1.,0.));
#14430 = ADVANCED_FACE('',(#14431),#14442,.F.);
#14431 = FACE_BOUND('',#14432,.T.);
#14432 = EDGE_LOOP('',(#14433,#14434,#14440,#14441));
#14433 = ORIENTED_EDGE('',*,*,#13094,.T.);
#14434 = ORIENTED_EDGE('',*,*,#14435,.T.);
#14435 = EDGE_CURVE('',#13095,#13673,#14436,.T.);
#14436 = LINE('',#14437,#14438);
#14437 = CARTESIAN_POINT('',(135.25,-63.23,-4.6E-02));
#14438 = VECTOR('',#14439,1.);
#14439 = DIRECTION('',(0.,0.,1.));
#14440 = ORIENTED_EDGE('',*,*,#13672,.F.);
#14441 = ORIENTED_EDGE('',*,*,#14435,.F.);
#14442 = CYLINDRICAL_SURFACE('',#14443,0.5);
#14443 = AXIS2_PLACEMENT_3D('',#14444,#14445,#14446);
#14444 = CARTESIAN_POINT('',(135.25,-62.73,-4.6E-02));
#14445 = DIRECTION('',(-0.,-0.,-1.));
#14446 = DIRECTION('',(-0.,-1.,0.));
#14447 = ADVANCED_FACE('',(#14448),#14459,.F.);
#14448 = FACE_BOUND('',#14449,.T.);
#14449 = EDGE_LOOP('',(#14450,#14451,#14457,#14458));
#14450 = ORIENTED_EDGE('',*,*,#13105,.T.);
#14451 = ORIENTED_EDGE('',*,*,#14452,.T.);
#14452 = EDGE_CURVE('',#13106,#13684,#14453,.T.);
#14453 = LINE('',#14454,#14455);
#14454 = CARTESIAN_POINT('',(138.,-63.35,-4.6E-02));
#14455 = VECTOR('',#14456,1.);
#14456 = DIRECTION('',(0.,0.,1.));
#14457 = ORIENTED_EDGE('',*,*,#13683,.F.);
#14458 = ORIENTED_EDGE('',*,*,#14452,.F.);
#14459 = CYLINDRICAL_SURFACE('',#14460,1.25);
#14460 = AXIS2_PLACEMENT_3D('',#14461,#14462,#14463);
#14461 = CARTESIAN_POINT('',(138.,-62.1,-4.6E-02));
#14462 = DIRECTION('',(-0.,-0.,-1.));
#14463 = DIRECTION('',(-0.,-1.,0.));
#14464 = ADVANCED_FACE('',(#14465),#14476,.F.);
#14465 = FACE_BOUND('',#14466,.T.);
#14466 = EDGE_LOOP('',(#14467,#14468,#14474,#14475));
#14467 = ORIENTED_EDGE('',*,*,#13116,.T.);
#14468 = ORIENTED_EDGE('',*,*,#14469,.T.);
#14469 = EDGE_CURVE('',#13117,#13695,#14470,.T.);
#14470 = LINE('',#14471,#14472);
#14471 = CARTESIAN_POINT('',(140.75,-63.23,-4.6E-02));
#14472 = VECTOR('',#14473,1.);
#14473 = DIRECTION('',(0.,0.,1.));
#14474 = ORIENTED_EDGE('',*,*,#13694,.F.);
#14475 = ORIENTED_EDGE('',*,*,#14469,.F.);
#14476 = CYLINDRICAL_SURFACE('',#14477,0.5);
#14477 = AXIS2_PLACEMENT_3D('',#14478,#14479,#14480);
#14478 = CARTESIAN_POINT('',(140.75,-62.73,-4.6E-02));
#14479 = DIRECTION('',(-0.,-0.,-1.));
#14480 = DIRECTION('',(-0.,-1.,0.));
#14481 = ADVANCED_FACE('',(#14482),#14493,.F.);
#14482 = FACE_BOUND('',#14483,.T.);
#14483 = EDGE_LOOP('',(#14484,#14485,#14491,#14492));
#14484 = ORIENTED_EDGE('',*,*,#13127,.T.);
#14485 = ORIENTED_EDGE('',*,*,#14486,.T.);
#14486 = EDGE_CURVE('',#13128,#13706,#14487,.T.);
#14487 = LINE('',#14488,#14489);
#14488 = CARTESIAN_POINT('',(142.65,-62.05,-4.6E-02));
#14489 = VECTOR('',#14490,1.);
#14490 = DIRECTION('',(0.,0.,1.));
#14491 = ORIENTED_EDGE('',*,*,#13705,.F.);
#14492 = ORIENTED_EDGE('',*,*,#14486,.F.);
#14493 = CYLINDRICAL_SURFACE('',#14494,0.5);
#14494 = AXIS2_PLACEMENT_3D('',#14495,#14496,#14497);
#14495 = CARTESIAN_POINT('',(142.65,-61.55,-4.6E-02));
#14496 = DIRECTION('',(-0.,-0.,-1.));
#14497 = DIRECTION('',(-0.,-1.,0.));
#14498 = ADVANCED_FACE('',(#14499),#14510,.F.);
#14499 = FACE_BOUND('',#14500,.T.);
#14500 = EDGE_LOOP('',(#14501,#14502,#14508,#14509));
#14501 = ORIENTED_EDGE('',*,*,#13138,.T.);
#14502 = ORIENTED_EDGE('',*,*,#14503,.T.);
#14503 = EDGE_CURVE('',#13139,#13717,#14504,.T.);
#14504 = LINE('',#14505,#14506);
#14505 = CARTESIAN_POINT('',(150.25,-59.87,-4.6E-02));
#14506 = VECTOR('',#14507,1.);
#14507 = DIRECTION('',(0.,0.,1.));
#14508 = ORIENTED_EDGE('',*,*,#13716,.F.);
#14509 = ORIENTED_EDGE('',*,*,#14503,.F.);
#14510 = CYLINDRICAL_SURFACE('',#14511,0.5);
#14511 = AXIS2_PLACEMENT_3D('',#14512,#14513,#14514);
#14512 = CARTESIAN_POINT('',(150.25,-59.37,-4.6E-02));
#14513 = DIRECTION('',(-0.,-0.,-1.));
#14514 = DIRECTION('',(-0.,-1.,0.));
#14515 = ADVANCED_FACE('',(#14516),#14527,.F.);
#14516 = FACE_BOUND('',#14517,.T.);
#14517 = EDGE_LOOP('',(#14518,#14519,#14525,#14526));
#14518 = ORIENTED_EDGE('',*,*,#13149,.T.);
#14519 = ORIENTED_EDGE('',*,*,#14520,.T.);
#14520 = EDGE_CURVE('',#13150,#13728,#14521,.T.);
#14521 = LINE('',#14522,#14523);
#14522 = CARTESIAN_POINT('',(153.,-61.25,-4.6E-02));
#14523 = VECTOR('',#14524,1.);
#14524 = DIRECTION('',(0.,0.,1.));
#14525 = ORIENTED_EDGE('',*,*,#13727,.F.);
#14526 = ORIENTED_EDGE('',*,*,#14520,.F.);
#14527 = CYLINDRICAL_SURFACE('',#14528,1.25);
#14528 = AXIS2_PLACEMENT_3D('',#14529,#14530,#14531);
#14529 = CARTESIAN_POINT('',(153.,-60.,-4.6E-02));
#14530 = DIRECTION('',(-0.,-0.,-1.));
#14531 = DIRECTION('',(-0.,-1.,0.));
#14532 = ADVANCED_FACE('',(#14533),#14544,.F.);
#14533 = FACE_BOUND('',#14534,.T.);
#14534 = EDGE_LOOP('',(#14535,#14536,#14542,#14543));
#14535 = ORIENTED_EDGE('',*,*,#13160,.T.);
#14536 = ORIENTED_EDGE('',*,*,#14537,.T.);
#14537 = EDGE_CURVE('',#13161,#13739,#14538,.T.);
#14538 = LINE('',#14539,#14540);
#14539 = CARTESIAN_POINT('',(155.75,-59.87,-4.6E-02));
#14540 = VECTOR('',#14541,1.);
#14541 = DIRECTION('',(0.,0.,1.));
#14542 = ORIENTED_EDGE('',*,*,#13738,.F.);
#14543 = ORIENTED_EDGE('',*,*,#14537,.F.);
#14544 = CYLINDRICAL_SURFACE('',#14545,0.5);
#14545 = AXIS2_PLACEMENT_3D('',#14546,#14547,#14548);
#14546 = CARTESIAN_POINT('',(155.75,-59.37,-4.6E-02));
#14547 = DIRECTION('',(-0.,-0.,-1.));
#14548 = DIRECTION('',(-0.,-1.,0.));
#14549 = ADVANCED_FACE('',(#14550),#14561,.F.);
#14550 = FACE_BOUND('',#14551,.T.);
#14551 = EDGE_LOOP('',(#14552,#14553,#14559,#14560));
#14552 = ORIENTED_EDGE('',*,*,#13171,.T.);
#14553 = ORIENTED_EDGE('',*,*,#14554,.T.);
#14554 = EDGE_CURVE('',#13172,#13750,#14555,.T.);
#14555 = LINE('',#14556,#14557);
#14556 = CARTESIAN_POINT('',(150.25,-57.33,-4.6E-02));
#14557 = VECTOR('',#14558,1.);
#14558 = DIRECTION('',(0.,0.,1.));
#14559 = ORIENTED_EDGE('',*,*,#13749,.F.);
#14560 = ORIENTED_EDGE('',*,*,#14554,.F.);
#14561 = CYLINDRICAL_SURFACE('',#14562,0.5);
#14562 = AXIS2_PLACEMENT_3D('',#14563,#14564,#14565);
#14563 = CARTESIAN_POINT('',(150.25,-56.83,-4.6E-02));
#14564 = DIRECTION('',(-0.,-0.,-1.));
#14565 = DIRECTION('',(-0.,-1.,0.));
#14566 = ADVANCED_FACE('',(#14567),#14578,.F.);
#14567 = FACE_BOUND('',#14568,.T.);
#14568 = EDGE_LOOP('',(#14569,#14570,#14576,#14577));
#14569 = ORIENTED_EDGE('',*,*,#13182,.T.);
#14570 = ORIENTED_EDGE('',*,*,#14571,.T.);
#14571 = EDGE_CURVE('',#13183,#13761,#14572,.T.);
#14572 = LINE('',#14573,#14574);
#14573 = CARTESIAN_POINT('',(155.75,-57.33,-4.6E-02));
#14574 = VECTOR('',#14575,1.);
#14575 = DIRECTION('',(0.,0.,1.));
#14576 = ORIENTED_EDGE('',*,*,#13760,.F.);
#14577 = ORIENTED_EDGE('',*,*,#14571,.F.);
#14578 = CYLINDRICAL_SURFACE('',#14579,0.5);
#14579 = AXIS2_PLACEMENT_3D('',#14580,#14581,#14582);
#14580 = CARTESIAN_POINT('',(155.75,-56.83,-4.6E-02));
#14581 = DIRECTION('',(-0.,-0.,-1.));
#14582 = DIRECTION('',(-0.,-1.,0.));
#14583 = ADVANCED_FACE('',(#14584),#14595,.F.);
#14584 = FACE_BOUND('',#14585,.T.);
#14585 = EDGE_LOOP('',(#14586,#14587,#14593,#14594));
#14586 = ORIENTED_EDGE('',*,*,#13193,.T.);
#14587 = ORIENTED_EDGE('',*,*,#14588,.T.);
#14588 = EDGE_CURVE('',#13194,#13772,#14589,.T.);
#14589 = LINE('',#14590,#14591);
#14590 = CARTESIAN_POINT('',(153.,-57.45,-4.6E-02));
#14591 = VECTOR('',#14592,1.);
#14592 = DIRECTION('',(0.,0.,1.));
#14593 = ORIENTED_EDGE('',*,*,#13771,.F.);
#14594 = ORIENTED_EDGE('',*,*,#14588,.F.);
#14595 = CYLINDRICAL_SURFACE('',#14596,1.25);
#14596 = AXIS2_PLACEMENT_3D('',#14597,#14598,#14599);
#14597 = CARTESIAN_POINT('',(153.,-56.2,-4.6E-02));
#14598 = DIRECTION('',(-0.,-0.,-1.));
#14599 = DIRECTION('',(-0.,-1.,0.));
#14600 = ADVANCED_FACE('',(#14601),#14612,.F.);
#14601 = FACE_BOUND('',#14602,.T.);
#14602 = EDGE_LOOP('',(#14603,#14604,#14610,#14611));
#14603 = ORIENTED_EDGE('',*,*,#13204,.T.);
#14604 = ORIENTED_EDGE('',*,*,#14605,.T.);
#14605 = EDGE_CURVE('',#13205,#13783,#14606,.T.);
#14606 = LINE('',#14607,#14608);
#14607 = CARTESIAN_POINT('',(157.65,-56.15,-4.6E-02));
#14608 = VECTOR('',#14609,1.);
#14609 = DIRECTION('',(0.,0.,1.));
#14610 = ORIENTED_EDGE('',*,*,#13782,.F.);
#14611 = ORIENTED_EDGE('',*,*,#14605,.F.);
#14612 = CYLINDRICAL_SURFACE('',#14613,0.5);
#14613 = AXIS2_PLACEMENT_3D('',#14614,#14615,#14616);
#14614 = CARTESIAN_POINT('',(157.65,-55.65,-4.6E-02));
#14615 = DIRECTION('',(-0.,-0.,-1.));
#14616 = DIRECTION('',(-0.,-1.,0.));
#14617 = ADVANCED_FACE('',(#14618),#14629,.F.);
#14618 = FACE_BOUND('',#14619,.T.);
#14619 = EDGE_LOOP('',(#14620,#14621,#14627,#14628));
#14620 = ORIENTED_EDGE('',*,*,#13215,.T.);
#14621 = ORIENTED_EDGE('',*,*,#14622,.T.);
#14622 = EDGE_CURVE('',#13216,#13794,#14623,.T.);
#14623 = LINE('',#14624,#14625);
#14624 = CARTESIAN_POINT('',(169.25,-57.88,-4.6E-02));
#14625 = VECTOR('',#14626,1.);
#14626 = DIRECTION('',(0.,0.,1.));
#14627 = ORIENTED_EDGE('',*,*,#13793,.F.);
#14628 = ORIENTED_EDGE('',*,*,#14622,.F.);
#14629 = CYLINDRICAL_SURFACE('',#14630,1.25);
#14630 = AXIS2_PLACEMENT_3D('',#14631,#14632,#14633);
#14631 = CARTESIAN_POINT('',(169.25,-56.63,-4.6E-02));
#14632 = DIRECTION('',(-0.,-0.,-1.));
#14633 = DIRECTION('',(-0.,-1.,0.));
#14634 = ADVANCED_FACE('',(#14635),#14646,.F.);
#14635 = FACE_BOUND('',#14636,.T.);
#14636 = EDGE_LOOP('',(#14637,#14638,#14644,#14645));
#14637 = ORIENTED_EDGE('',*,*,#13226,.T.);
#14638 = ORIENTED_EDGE('',*,*,#14639,.T.);
#14639 = EDGE_CURVE('',#13227,#13805,#14640,.T.);
#14640 = LINE('',#14641,#14642);
#14641 = CARTESIAN_POINT('',(166.5,-56.5,-4.6E-02));
#14642 = VECTOR('',#14643,1.);
#14643 = DIRECTION('',(0.,0.,1.));
#14644 = ORIENTED_EDGE('',*,*,#13804,.F.);
#14645 = ORIENTED_EDGE('',*,*,#14639,.F.);
#14646 = CYLINDRICAL_SURFACE('',#14647,0.5);
#14647 = AXIS2_PLACEMENT_3D('',#14648,#14649,#14650);
#14648 = CARTESIAN_POINT('',(166.5,-56.,-4.6E-02));
#14649 = DIRECTION('',(-0.,-0.,-1.));
#14650 = DIRECTION('',(-0.,-1.,0.));
#14651 = ADVANCED_FACE('',(#14652),#14663,.F.);
#14652 = FACE_BOUND('',#14653,.T.);
#14653 = EDGE_LOOP('',(#14654,#14655,#14661,#14662));
#14654 = ORIENTED_EDGE('',*,*,#13237,.T.);
#14655 = ORIENTED_EDGE('',*,*,#14656,.T.);
#14656 = EDGE_CURVE('',#13238,#13816,#14657,.T.);
#14657 = LINE('',#14658,#14659);
#14658 = CARTESIAN_POINT('',(166.5,-53.96,-4.6E-02));
#14659 = VECTOR('',#14660,1.);
#14660 = DIRECTION('',(0.,0.,1.));
#14661 = ORIENTED_EDGE('',*,*,#13815,.F.);
#14662 = ORIENTED_EDGE('',*,*,#14656,.F.);
#14663 = CYLINDRICAL_SURFACE('',#14664,0.5);
#14664 = AXIS2_PLACEMENT_3D('',#14665,#14666,#14667);
#14665 = CARTESIAN_POINT('',(166.5,-53.46,-4.6E-02));
#14666 = DIRECTION('',(-0.,-0.,-1.));
#14667 = DIRECTION('',(-0.,-1.,0.));
#14668 = ADVANCED_FACE('',(#14669),#14680,.F.);
#14669 = FACE_BOUND('',#14670,.T.);
#14670 = EDGE_LOOP('',(#14671,#14672,#14678,#14679));
#14671 = ORIENTED_EDGE('',*,*,#13248,.T.);
#14672 = ORIENTED_EDGE('',*,*,#14673,.T.);
#14673 = EDGE_CURVE('',#13249,#13827,#14674,.T.);
#14674 = LINE('',#14675,#14676);
#14675 = CARTESIAN_POINT('',(169.25,-54.08,-4.6E-02));
#14676 = VECTOR('',#14677,1.);
#14677 = DIRECTION('',(0.,0.,1.));
#14678 = ORIENTED_EDGE('',*,*,#13826,.F.);
#14679 = ORIENTED_EDGE('',*,*,#14673,.F.);
#14680 = CYLINDRICAL_SURFACE('',#14681,1.25);
#14681 = AXIS2_PLACEMENT_3D('',#14682,#14683,#14684);
#14682 = CARTESIAN_POINT('',(169.25,-52.83,-4.6E-02));
#14683 = DIRECTION('',(-0.,-0.,-1.));
#14684 = DIRECTION('',(-0.,-1.,0.));
#14685 = ADVANCED_FACE('',(#14686),#14697,.F.);
#14686 = FACE_BOUND('',#14687,.T.);
#14687 = EDGE_LOOP('',(#14688,#14689,#14695,#14696));
#14688 = ORIENTED_EDGE('',*,*,#13259,.T.);
#14689 = ORIENTED_EDGE('',*,*,#14690,.T.);
#14690 = EDGE_CURVE('',#13260,#13838,#14691,.T.);
#14691 = LINE('',#14692,#14693);
#14692 = CARTESIAN_POINT('',(183.5,-59.5,-4.6E-02));
#14693 = VECTOR('',#14694,1.);
#14694 = DIRECTION('',(0.,0.,1.));
#14695 = ORIENTED_EDGE('',*,*,#13837,.F.);
#14696 = ORIENTED_EDGE('',*,*,#14690,.F.);
#14697 = CYLINDRICAL_SURFACE('',#14698,0.5);
#14698 = AXIS2_PLACEMENT_3D('',#14699,#14700,#14701);
#14699 = CARTESIAN_POINT('',(183.5,-59.,-4.6E-02));
#14700 = DIRECTION('',(-0.,-0.,-1.));
#14701 = DIRECTION('',(-0.,-1.,0.));
#14702 = ADVANCED_FACE('',(#14703),#14714,.F.);
#14703 = FACE_BOUND('',#14704,.T.);
#14704 = EDGE_LOOP('',(#14705,#14706,#14712,#14713));
#14705 = ORIENTED_EDGE('',*,*,#13270,.T.);
#14706 = ORIENTED_EDGE('',*,*,#14707,.T.);
#14707 = EDGE_CURVE('',#13271,#13849,#14708,.T.);
#14708 = LINE('',#14709,#14710);
#14709 = CARTESIAN_POINT('',(186.25,-60.88,-4.6E-02));
#14710 = VECTOR('',#14711,1.);
#14711 = DIRECTION('',(0.,0.,1.));
#14712 = ORIENTED_EDGE('',*,*,#13848,.F.);
#14713 = ORIENTED_EDGE('',*,*,#14707,.F.);
#14714 = CYLINDRICAL_SURFACE('',#14715,1.25);
#14715 = AXIS2_PLACEMENT_3D('',#14716,#14717,#14718);
#14716 = CARTESIAN_POINT('',(186.25,-59.63,-4.6E-02));
#14717 = DIRECTION('',(-0.,-0.,-1.));
#14718 = DIRECTION('',(-0.,-1.,0.));
#14719 = ADVANCED_FACE('',(#14720),#14731,.F.);
#14720 = FACE_BOUND('',#14721,.T.);
#14721 = EDGE_LOOP('',(#14722,#14723,#14729,#14730));
#14722 = ORIENTED_EDGE('',*,*,#13281,.T.);
#14723 = ORIENTED_EDGE('',*,*,#14724,.T.);
#14724 = EDGE_CURVE('',#13282,#13860,#14725,.T.);
#14725 = LINE('',#14726,#14727);
#14726 = CARTESIAN_POINT('',(198.25,-63.33,-4.6E-02));
#14727 = VECTOR('',#14728,1.);
#14728 = DIRECTION('',(0.,0.,1.));
#14729 = ORIENTED_EDGE('',*,*,#13859,.F.);
#14730 = ORIENTED_EDGE('',*,*,#14724,.F.);
#14731 = CYLINDRICAL_SURFACE('',#14732,0.5);
#14732 = AXIS2_PLACEMENT_3D('',#14733,#14734,#14735);
#14733 = CARTESIAN_POINT('',(198.25,-62.83,-4.6E-02));
#14734 = DIRECTION('',(-0.,-0.,-1.));
#14735 = DIRECTION('',(-0.,-1.,0.));
#14736 = ADVANCED_FACE('',(#14737),#14748,.F.);
#14737 = FACE_BOUND('',#14738,.T.);
#14738 = EDGE_LOOP('',(#14739,#14740,#14746,#14747));
#14739 = ORIENTED_EDGE('',*,*,#13292,.T.);
#14740 = ORIENTED_EDGE('',*,*,#14741,.T.);
#14741 = EDGE_CURVE('',#13293,#13871,#14742,.T.);
#14742 = LINE('',#14743,#14744);
#14743 = CARTESIAN_POINT('',(201.,-63.45,-4.6E-02));
#14744 = VECTOR('',#14745,1.);
#14745 = DIRECTION('',(0.,0.,1.));
#14746 = ORIENTED_EDGE('',*,*,#13870,.F.);
#14747 = ORIENTED_EDGE('',*,*,#14741,.F.);
#14748 = CYLINDRICAL_SURFACE('',#14749,1.25);
#14749 = AXIS2_PLACEMENT_3D('',#14750,#14751,#14752);
#14750 = CARTESIAN_POINT('',(201.,-62.2,-4.6E-02));
#14751 = DIRECTION('',(-0.,-0.,-1.));
#14752 = DIRECTION('',(-0.,-1.,0.));
#14753 = ADVANCED_FACE('',(#14754),#14765,.F.);
#14754 = FACE_BOUND('',#14755,.T.);
#14755 = EDGE_LOOP('',(#14756,#14757,#14763,#14764));
#14756 = ORIENTED_EDGE('',*,*,#13303,.T.);
#14757 = ORIENTED_EDGE('',*,*,#14758,.T.);
#14758 = EDGE_CURVE('',#13304,#13882,#14759,.T.);
#14759 = LINE('',#14760,#14761);
#14760 = CARTESIAN_POINT('',(203.75,-63.33,-4.6E-02));
#14761 = VECTOR('',#14762,1.);
#14762 = DIRECTION('',(0.,0.,1.));
#14763 = ORIENTED_EDGE('',*,*,#13881,.F.);
#14764 = ORIENTED_EDGE('',*,*,#14758,.F.);
#14765 = CYLINDRICAL_SURFACE('',#14766,0.5);
#14766 = AXIS2_PLACEMENT_3D('',#14767,#14768,#14769);
#14767 = CARTESIAN_POINT('',(203.75,-62.83,-4.6E-02));
#14768 = DIRECTION('',(-0.,-0.,-1.));
#14769 = DIRECTION('',(-0.,-1.,0.));
#14770 = ADVANCED_FACE('',(#14771),#14782,.F.);
#14771 = FACE_BOUND('',#14772,.T.);
#14772 = EDGE_LOOP('',(#14773,#14774,#14780,#14781));
#14773 = ORIENTED_EDGE('',*,*,#13314,.T.);
#14774 = ORIENTED_EDGE('',*,*,#14775,.T.);
#14775 = EDGE_CURVE('',#13315,#13893,#14776,.T.);
#14776 = LINE('',#14777,#14778);
#14777 = CARTESIAN_POINT('',(205.65,-62.15,-4.6E-02));
#14778 = VECTOR('',#14779,1.);
#14779 = DIRECTION('',(0.,0.,1.));
#14780 = ORIENTED_EDGE('',*,*,#13892,.F.);
#14781 = ORIENTED_EDGE('',*,*,#14775,.F.);
#14782 = CYLINDRICAL_SURFACE('',#14783,0.5);
#14783 = AXIS2_PLACEMENT_3D('',#14784,#14785,#14786);
#14784 = CARTESIAN_POINT('',(205.65,-61.65,-4.6E-02));
#14785 = DIRECTION('',(-0.,-0.,-1.));
#14786 = DIRECTION('',(-0.,-1.,0.));
#14787 = ADVANCED_FACE('',(#14788),#14799,.F.);
#14788 = FACE_BOUND('',#14789,.T.);
#14789 = EDGE_LOOP('',(#14790,#14791,#14797,#14798));
#14790 = ORIENTED_EDGE('',*,*,#13325,.T.);
#14791 = ORIENTED_EDGE('',*,*,#14792,.T.);
#14792 = EDGE_CURVE('',#13326,#13904,#14793,.T.);
#14793 = LINE('',#14794,#14795);
#14794 = CARTESIAN_POINT('',(189.,-59.5,-4.6E-02));
#14795 = VECTOR('',#14796,1.);
#14796 = DIRECTION('',(0.,0.,1.));
#14797 = ORIENTED_EDGE('',*,*,#13903,.F.);
#14798 = ORIENTED_EDGE('',*,*,#14792,.F.);
#14799 = CYLINDRICAL_SURFACE('',#14800,0.5);
#14800 = AXIS2_PLACEMENT_3D('',#14801,#14802,#14803);
#14801 = CARTESIAN_POINT('',(189.,-59.,-4.6E-02));
#14802 = DIRECTION('',(-0.,-0.,-1.));
#14803 = DIRECTION('',(-0.,-1.,0.));
#14804 = ADVANCED_FACE('',(#14805),#14816,.F.);
#14805 = FACE_BOUND('',#14806,.T.);
#14806 = EDGE_LOOP('',(#14807,#14808,#14814,#14815));
#14807 = ORIENTED_EDGE('',*,*,#13336,.T.);
#14808 = ORIENTED_EDGE('',*,*,#14809,.T.);
#14809 = EDGE_CURVE('',#13337,#13915,#14810,.T.);
#14810 = LINE('',#14811,#14812);
#14811 = CARTESIAN_POINT('',(172.,-56.5,-4.6E-02));
#14812 = VECTOR('',#14813,1.);
#14813 = DIRECTION('',(0.,0.,1.));
#14814 = ORIENTED_EDGE('',*,*,#13914,.F.);
#14815 = ORIENTED_EDGE('',*,*,#14809,.F.);
#14816 = CYLINDRICAL_SURFACE('',#14817,0.5);
#14817 = AXIS2_PLACEMENT_3D('',#14818,#14819,#14820);
#14818 = CARTESIAN_POINT('',(172.,-56.,-4.6E-02));
#14819 = DIRECTION('',(-0.,-0.,-1.));
#14820 = DIRECTION('',(-0.,-1.,0.));
#14821 = ADVANCED_FACE('',(#14822),#14833,.F.);
#14822 = FACE_BOUND('',#14823,.T.);
#14823 = EDGE_LOOP('',(#14824,#14825,#14831,#14832));
#14824 = ORIENTED_EDGE('',*,*,#13347,.T.);
#14825 = ORIENTED_EDGE('',*,*,#14826,.T.);
#14826 = EDGE_CURVE('',#13348,#13926,#14827,.T.);
#14827 = LINE('',#14828,#14829);
#14828 = CARTESIAN_POINT('',(183.5,-56.96,-4.6E-02));
#14829 = VECTOR('',#14830,1.);
#14830 = DIRECTION('',(0.,0.,1.));
#14831 = ORIENTED_EDGE('',*,*,#13925,.F.);
#14832 = ORIENTED_EDGE('',*,*,#14826,.F.);
#14833 = CYLINDRICAL_SURFACE('',#14834,0.5);
#14834 = AXIS2_PLACEMENT_3D('',#14835,#14836,#14837);
#14835 = CARTESIAN_POINT('',(183.5,-56.46,-4.6E-02));
#14836 = DIRECTION('',(-0.,-0.,-1.));
#14837 = DIRECTION('',(-0.,-1.,0.));
#14838 = ADVANCED_FACE('',(#14839),#14850,.F.);
#14839 = FACE_BOUND('',#14840,.T.);
#14840 = EDGE_LOOP('',(#14841,#14842,#14848,#14849));
#14841 = ORIENTED_EDGE('',*,*,#13358,.T.);
#14842 = ORIENTED_EDGE('',*,*,#14843,.T.);
#14843 = EDGE_CURVE('',#13359,#13937,#14844,.T.);
#14844 = LINE('',#14845,#14846);
#14845 = CARTESIAN_POINT('',(186.25,-57.08,-4.6E-02));
#14846 = VECTOR('',#14847,1.);
#14847 = DIRECTION('',(0.,0.,1.));
#14848 = ORIENTED_EDGE('',*,*,#13936,.F.);
#14849 = ORIENTED_EDGE('',*,*,#14843,.F.);
#14850 = CYLINDRICAL_SURFACE('',#14851,1.25);
#14851 = AXIS2_PLACEMENT_3D('',#14852,#14853,#14854);
#14852 = CARTESIAN_POINT('',(186.25,-55.83,-4.6E-02));
#14853 = DIRECTION('',(-0.,-0.,-1.));
#14854 = DIRECTION('',(-0.,-1.,0.));
#14855 = ADVANCED_FACE('',(#14856),#14867,.F.);
#14856 = FACE_BOUND('',#14857,.T.);
#14857 = EDGE_LOOP('',(#14858,#14859,#14865,#14866));
#14858 = ORIENTED_EDGE('',*,*,#13369,.T.);
#14859 = ORIENTED_EDGE('',*,*,#14860,.T.);
#14860 = EDGE_CURVE('',#13370,#13948,#14861,.T.);
#14861 = LINE('',#14862,#14863);
#14862 = CARTESIAN_POINT('',(172.,-53.96,-4.6E-02));
#14863 = VECTOR('',#14864,1.);
#14864 = DIRECTION('',(0.,0.,1.));
#14865 = ORIENTED_EDGE('',*,*,#13947,.F.);
#14866 = ORIENTED_EDGE('',*,*,#14860,.F.);
#14867 = CYLINDRICAL_SURFACE('',#14868,0.5);
#14868 = AXIS2_PLACEMENT_3D('',#14869,#14870,#14871);
#14869 = CARTESIAN_POINT('',(172.,-53.46,-4.6E-02));
#14870 = DIRECTION('',(-0.,-0.,-1.));
#14871 = DIRECTION('',(-0.,-1.,0.));
#14872 = ADVANCED_FACE('',(#14873),#14884,.F.);
#14873 = FACE_BOUND('',#14874,.T.);
#14874 = EDGE_LOOP('',(#14875,#14876,#14882,#14883));
#14875 = ORIENTED_EDGE('',*,*,#13380,.T.);
#14876 = ORIENTED_EDGE('',*,*,#14877,.T.);
#14877 = EDGE_CURVE('',#13381,#13959,#14878,.T.);
#14878 = LINE('',#14879,#14880);
#14879 = CARTESIAN_POINT('',(173.9,-52.78,-4.6E-02));
#14880 = VECTOR('',#14881,1.);
#14881 = DIRECTION('',(0.,0.,1.));
#14882 = ORIENTED_EDGE('',*,*,#13958,.F.);
#14883 = ORIENTED_EDGE('',*,*,#14877,.F.);
#14884 = CYLINDRICAL_SURFACE('',#14885,0.5);
#14885 = AXIS2_PLACEMENT_3D('',#14886,#14887,#14888);
#14886 = CARTESIAN_POINT('',(173.9,-52.28,-4.6E-02));
#14887 = DIRECTION('',(-0.,-0.,-1.));
#14888 = DIRECTION('',(-0.,-1.,0.));
#14889 = ADVANCED_FACE('',(#14890),#14901,.F.);
#14890 = FACE_BOUND('',#14891,.T.);
#14891 = EDGE_LOOP('',(#14892,#14893,#14899,#14900));
#14892 = ORIENTED_EDGE('',*,*,#13391,.T.);
#14893 = ORIENTED_EDGE('',*,*,#14894,.T.);
#14894 = EDGE_CURVE('',#13392,#13970,#14895,.T.);
#14895 = LINE('',#14896,#14897);
#14896 = CARTESIAN_POINT('',(189.,-56.96,-4.6E-02));
#14897 = VECTOR('',#14898,1.);
#14898 = DIRECTION('',(0.,0.,1.));
#14899 = ORIENTED_EDGE('',*,*,#13969,.F.);
#14900 = ORIENTED_EDGE('',*,*,#14894,.F.);
#14901 = CYLINDRICAL_SURFACE('',#14902,0.5);
#14902 = AXIS2_PLACEMENT_3D('',#14903,#14904,#14905);
#14903 = CARTESIAN_POINT('',(189.,-56.46,-4.6E-02));
#14904 = DIRECTION('',(-0.,-0.,-1.));
#14905 = DIRECTION('',(-0.,-1.,0.));
#14906 = ADVANCED_FACE('',(#14907),#14918,.F.);
#14907 = FACE_BOUND('',#14908,.T.);
#14908 = EDGE_LOOP('',(#14909,#14910,#14916,#14917));
#14909 = ORIENTED_EDGE('',*,*,#13402,.T.);
#14910 = ORIENTED_EDGE('',*,*,#14911,.T.);
#14911 = EDGE_CURVE('',#13403,#13981,#14912,.T.);
#14912 = LINE('',#14913,#14914);
#14913 = CARTESIAN_POINT('',(190.9,-55.78,-4.6E-02));
#14914 = VECTOR('',#14915,1.);
#14915 = DIRECTION('',(0.,0.,1.));
#14916 = ORIENTED_EDGE('',*,*,#13980,.F.);
#14917 = ORIENTED_EDGE('',*,*,#14911,.F.);
#14918 = CYLINDRICAL_SURFACE('',#14919,0.5);
#14919 = AXIS2_PLACEMENT_3D('',#14920,#14921,#14922);
#14920 = CARTESIAN_POINT('',(190.9,-55.28,-4.6E-02));
#14921 = DIRECTION('',(-0.,-0.,-1.));
#14922 = DIRECTION('',(-0.,-1.,0.));
#14923 = ( GEOMETRIC_REPRESENTATION_CONTEXT(3) 
GLOBAL_UNCERTAINTY_ASSIGNED_CONTEXT((#14927)) 
GLOBAL_UNIT_ASSIGNED_CONTEXT((#14924,#14925,#14926)) 
REPRESENTATION_CONTEXT('Context #1',
  '3D Context with UNIT and UNCERTAINTY') );
#14924 = ( LENGTH_UNIT() NAMED_UNIT(*) SI_UNIT(.MILLI.,.METRE.) );
#14925 = ( NAMED_UNIT(*) PLANE_ANGLE_UNIT() SI_UNIT($,.RADIAN.) );
#14926 = ( NAMED_UNIT(*) SI_UNIT($,.STERADIAN.) SOLID_ANGLE_UNIT() );
#14927 = UNCERTAINTY_MEASURE_WITH_UNIT(LENGTH_MEASURE(1.E-07),#14924,
  'distance_accuracy_value','confusion accuracy');
#14928 = CONTEXT_DEPENDENT_SHAPE_REPRESENTATION(#14929,#14931);
#14929 = ( REPRESENTATION_RELATIONSHIP('','',#12732,#10) 
REPRESENTATION_RELATIONSHIP_WITH_TRANSFORMATION(#14930) 
SHAPE_REPRESENTATION_RELATIONSHIP() );
#14930 = ITEM_DEFINED_TRANSFORMATION('','',#11,#91);
#14931 = PRODUCT_DEFINITION_SHAPE('Placement','Placement of an item',
  #14932);
#14932 = NEXT_ASSEMBLY_USAGE_OCCURRENCE('20','=>[0:1:1:7]','',#5,#12727,
  $);
#14933 = PRODUCT_RELATED_PRODUCT_CATEGORY('part',$,(#12729));
#14934 = MECHANICAL_DESIGN_GEOMETRIC_PRESENTATION_REPRESENTATION('',(
    #14935,#14943,#14951,#14959,#14966,#14973,#14980),#6881);
#14935 = STYLED_ITEM('color',(#14936),#109);
#14936 = PRESENTATION_STYLE_ASSIGNMENT((#14937));
#14937 = SURFACE_STYLE_USAGE(.BOTH.,#14938);
#14938 = SURFACE_SIDE_STYLE('',(#14939));
#14939 = SURFACE_STYLE_FILL_AREA(#14940);
#14940 = FILL_AREA_STYLE('',(#14941));
#14941 = FILL_AREA_STYLE_COLOUR('',#14942);
#14942 = COLOUR_RGB('',0.,0.,0.501960785193);
#14943 = STYLED_ITEM('color',(#14944),#527);
#14944 = PRESENTATION_STYLE_ASSIGNMENT((#14945));
#14945 = SURFACE_STYLE_USAGE(.BOTH.,#14946);
#14946 = SURFACE_SIDE_STYLE('',(#14947));
#14947 = SURFACE_STYLE_FILL_AREA(#14948);
#14948 = FILL_AREA_STYLE('',(#14949));
#14949 = FILL_AREA_STYLE_COLOUR('',#14950);
#14950 = DRAUGHTING_PRE_DEFINED_COLOUR('black');
#14951 = STYLED_ITEM('color',(#14952),#945);
#14952 = PRESENTATION_STYLE_ASSIGNMENT((#14953));
#14953 = SURFACE_STYLE_USAGE(.BOTH.,#14954);
#14954 = SURFACE_SIDE_STYLE('',(#14955));
#14955 = SURFACE_STYLE_FILL_AREA(#14956);
#14956 = FILL_AREA_STYLE('',(#14957));
#14957 = FILL_AREA_STYLE_COLOUR('',#14958);
#14958 = COLOUR_RGB('',0.792156867455,0.819607826924,0.933333342953);
#14959 = STYLED_ITEM('color',(#14960),#1359);
#14960 = PRESENTATION_STYLE_ASSIGNMENT((#14961));
#14961 = SURFACE_STYLE_USAGE(.BOTH.,#14962);
#14962 = SURFACE_SIDE_STYLE('',(#14963));
#14963 = SURFACE_STYLE_FILL_AREA(#14964);
#14964 = FILL_AREA_STYLE('',(#14965));
#14965 = FILL_AREA_STYLE_COLOUR('',#14958);
#14966 = STYLED_ITEM('color',(#14967),#1773);
#14967 = PRESENTATION_STYLE_ASSIGNMENT((#14968));
#14968 = SURFACE_STYLE_USAGE(.BOTH.,#14969);
#14969 = SURFACE_SIDE_STYLE('',(#14970));
#14970 = SURFACE_STYLE_FILL_AREA(#14971);
#14971 = FILL_AREA_STYLE('',(#14972));
#14972 = FILL_AREA_STYLE_COLOUR('',#14958);
#14973 = STYLED_ITEM('color',(#14974),#2187);
#14974 = PRESENTATION_STYLE_ASSIGNMENT((#14975));
#14975 = SURFACE_STYLE_USAGE(.BOTH.,#14976);
#14976 = SURFACE_SIDE_STYLE('',(#14977));
#14977 = SURFACE_STYLE_FILL_AREA(#14978);
#14978 = FILL_AREA_STYLE('',(#14979));
#14979 = FILL_AREA_STYLE_COLOUR('',#14958);
#14980 = STYLED_ITEM('color',(#14981),#2601);
#14981 = PRESENTATION_STYLE_ASSIGNMENT((#14982));
#14982 = SURFACE_STYLE_USAGE(.BOTH.,#14983);
#14983 = SURFACE_SIDE_STYLE('',(#14984));
#14984 = SURFACE_STYLE_FILL_AREA(#14985);
#14985 = FILL_AREA_STYLE('',(#14986));
#14986 = FILL_AREA_STYLE_COLOUR('',#14987);
#14987 = COLOUR_RGB('',0.250980388104,0.250980388104,0.250980388104);
#14988 = MECHANICAL_DESIGN_GEOMETRIC_PRESENTATION_REPRESENTATION('',(
    #14989,#14997,#15004,#15011,#15018,#15025,#15032,#15039,#15046,
    #15053,#15060,#15067,#15074,#15081,#15088,#15095,#15102,#15109,
    #15116,#15123,#15130,#15137,#15144,#15151,#15158,#15165,#15172,
    #15179,#15186,#15194,#15201,#15208,#15215,#15222,#15229,#15236,
    #15243,#15250,#15257,#15264,#15271,#15278,#15285,#15292,#15299,
    #15306,#15313,#15320,#15327,#15334,#15341,#15348,#15355,#15362,
    #15369,#15376,#15383,#15390,#15397,#15404,#15411,#15418,#15425,
    #15432,#15439,#15446,#15453,#15460,#15467,#15474,#15481,#15488,
    #15495,#15502,#15509,#15516,#15523,#15530,#15537,#15544,#15551,
    #15558,#15565,#15572,#15579,#15586,#15593,#15600,#15607,#15614,
    #15621,#15628,#15635,#15642,#15649,#15656,#15663,#15670,#15677,
    #15684,#15691,#15698,#15705,#15712,#15719,#15726,#15733,#15740,
    #15747,#15754,#15761,#15768),#11786);
#14989 = STYLED_ITEM('color',(#14990),#8604);
#14990 = PRESENTATION_STYLE_ASSIGNMENT((#14991));
#14991 = SURFACE_STYLE_USAGE(.BOTH.,#14992);
#14992 = SURFACE_SIDE_STYLE('',(#14993));
#14993 = SURFACE_STYLE_FILL_AREA(#14994);
#14994 = FILL_AREA_STYLE('',(#14995));
#14995 = FILL_AREA_STYLE_COLOUR('',#14996);
#14996 = COLOUR_RGB('',0.147999998088,0.144999993226,0.144999993226);
#14997 = STYLED_ITEM('color',(#14998),#8644);
#14998 = PRESENTATION_STYLE_ASSIGNMENT((#14999));
#14999 = SURFACE_STYLE_USAGE(.BOTH.,#15000);
#15000 = SURFACE_SIDE_STYLE('',(#15001));
#15001 = SURFACE_STYLE_FILL_AREA(#15002);
#15002 = FILL_AREA_STYLE('',(#15003));
#15003 = FILL_AREA_STYLE_COLOUR('',#14996);
#15004 = STYLED_ITEM('color',(#15005),#8675);
#15005 = PRESENTATION_STYLE_ASSIGNMENT((#15006));
#15006 = SURFACE_STYLE_USAGE(.BOTH.,#15007);
#15007 = SURFACE_SIDE_STYLE('',(#15008));
#15008 = SURFACE_STYLE_FILL_AREA(#15009);
#15009 = FILL_AREA_STYLE('',(#15010));
#15010 = FILL_AREA_STYLE_COLOUR('',#14996);
#15011 = STYLED_ITEM('color',(#15012),#8706);
#15012 = PRESENTATION_STYLE_ASSIGNMENT((#15013));
#15013 = SURFACE_STYLE_USAGE(.BOTH.,#15014);
#15014 = SURFACE_SIDE_STYLE('',(#15015));
#15015 = SURFACE_STYLE_FILL_AREA(#15016);
#15016 = FILL_AREA_STYLE('',(#15017));
#15017 = FILL_AREA_STYLE_COLOUR('',#14996);
#15018 = STYLED_ITEM('color',(#15019),#9035);
#15019 = PRESENTATION_STYLE_ASSIGNMENT((#15020));
#15020 = SURFACE_STYLE_USAGE(.BOTH.,#15021);
#15021 = SURFACE_SIDE_STYLE('',(#15022));
#15022 = SURFACE_STYLE_FILL_AREA(#15023);
#15023 = FILL_AREA_STYLE('',(#15024));
#15024 = FILL_AREA_STYLE_COLOUR('',#14996);
#15025 = STYLED_ITEM('color',(#15026),#9364);
#15026 = PRESENTATION_STYLE_ASSIGNMENT((#15027));
#15027 = SURFACE_STYLE_USAGE(.BOTH.,#15028);
#15028 = SURFACE_SIDE_STYLE('',(#15029));
#15029 = SURFACE_STYLE_FILL_AREA(#15030);
#15030 = FILL_AREA_STYLE('',(#15031));
#15031 = FILL_AREA_STYLE_COLOUR('',#14996);
#15032 = STYLED_ITEM('color',(#15033),#9381);
#15033 = PRESENTATION_STYLE_ASSIGNMENT((#15034));
#15034 = SURFACE_STYLE_USAGE(.BOTH.,#15035);
#15035 = SURFACE_SIDE_STYLE('',(#15036));
#15036 = SURFACE_STYLE_FILL_AREA(#15037);
#15037 = FILL_AREA_STYLE('',(#15038));
#15038 = FILL_AREA_STYLE_COLOUR('',#14996);
#15039 = STYLED_ITEM('color',(#15040),#9398);
#15040 = PRESENTATION_STYLE_ASSIGNMENT((#15041));
#15041 = SURFACE_STYLE_USAGE(.BOTH.,#15042);
#15042 = SURFACE_SIDE_STYLE('',(#15043));
#15043 = SURFACE_STYLE_FILL_AREA(#15044);
#15044 = FILL_AREA_STYLE('',(#15045));
#15045 = FILL_AREA_STYLE_COLOUR('',#14996);
#15046 = STYLED_ITEM('color',(#15047),#9415);
#15047 = PRESENTATION_STYLE_ASSIGNMENT((#15048));
#15048 = SURFACE_STYLE_USAGE(.BOTH.,#15049);
#15049 = SURFACE_SIDE_STYLE('',(#15050));
#15050 = SURFACE_STYLE_FILL_AREA(#15051);
#15051 = FILL_AREA_STYLE('',(#15052));
#15052 = FILL_AREA_STYLE_COLOUR('',#14996);
#15053 = STYLED_ITEM('color',(#15054),#9432);
#15054 = PRESENTATION_STYLE_ASSIGNMENT((#15055));
#15055 = SURFACE_STYLE_USAGE(.BOTH.,#15056);
#15056 = SURFACE_SIDE_STYLE('',(#15057));
#15057 = SURFACE_STYLE_FILL_AREA(#15058);
#15058 = FILL_AREA_STYLE('',(#15059));
#15059 = FILL_AREA_STYLE_COLOUR('',#14996);
#15060 = STYLED_ITEM('color',(#15061),#9449);
#15061 = PRESENTATION_STYLE_ASSIGNMENT((#15062));
#15062 = SURFACE_STYLE_USAGE(.BOTH.,#15063);
#15063 = SURFACE_SIDE_STYLE('',(#15064));
#15064 = SURFACE_STYLE_FILL_AREA(#15065);
#15065 = FILL_AREA_STYLE('',(#15066));
#15066 = FILL_AREA_STYLE_COLOUR('',#14996);
#15067 = STYLED_ITEM('color',(#15068),#9466);
#15068 = PRESENTATION_STYLE_ASSIGNMENT((#15069));
#15069 = SURFACE_STYLE_USAGE(.BOTH.,#15070);
#15070 = SURFACE_SIDE_STYLE('',(#15071));
#15071 = SURFACE_STYLE_FILL_AREA(#15072);
#15072 = FILL_AREA_STYLE('',(#15073));
#15073 = FILL_AREA_STYLE_COLOUR('',#14996);
#15074 = STYLED_ITEM('color',(#15075),#9483);
#15075 = PRESENTATION_STYLE_ASSIGNMENT((#15076));
#15076 = SURFACE_STYLE_USAGE(.BOTH.,#15077);
#15077 = SURFACE_SIDE_STYLE('',(#15078));
#15078 = SURFACE_STYLE_FILL_AREA(#15079);
#15079 = FILL_AREA_STYLE('',(#15080));
#15080 = FILL_AREA_STYLE_COLOUR('',#14996);
#15081 = STYLED_ITEM('color',(#15082),#9500);
#15082 = PRESENTATION_STYLE_ASSIGNMENT((#15083));
#15083 = SURFACE_STYLE_USAGE(.BOTH.,#15084);
#15084 = SURFACE_SIDE_STYLE('',(#15085));
#15085 = SURFACE_STYLE_FILL_AREA(#15086);
#15086 = FILL_AREA_STYLE('',(#15087));
#15087 = FILL_AREA_STYLE_COLOUR('',#14996);
#15088 = STYLED_ITEM('color',(#15089),#9517);
#15089 = PRESENTATION_STYLE_ASSIGNMENT((#15090));
#15090 = SURFACE_STYLE_USAGE(.BOTH.,#15091);
#15091 = SURFACE_SIDE_STYLE('',(#15092));
#15092 = SURFACE_STYLE_FILL_AREA(#15093);
#15093 = FILL_AREA_STYLE('',(#15094));
#15094 = FILL_AREA_STYLE_COLOUR('',#14996);
#15095 = STYLED_ITEM('color',(#15096),#9534);
#15096 = PRESENTATION_STYLE_ASSIGNMENT((#15097));
#15097 = SURFACE_STYLE_USAGE(.BOTH.,#15098);
#15098 = SURFACE_SIDE_STYLE('',(#15099));
#15099 = SURFACE_STYLE_FILL_AREA(#15100);
#15100 = FILL_AREA_STYLE('',(#15101));
#15101 = FILL_AREA_STYLE_COLOUR('',#14996);
#15102 = STYLED_ITEM('color',(#15103),#9551);
#15103 = PRESENTATION_STYLE_ASSIGNMENT((#15104));
#15104 = SURFACE_STYLE_USAGE(.BOTH.,#15105);
#15105 = SURFACE_SIDE_STYLE('',(#15106));
#15106 = SURFACE_STYLE_FILL_AREA(#15107);
#15107 = FILL_AREA_STYLE('',(#15108));
#15108 = FILL_AREA_STYLE_COLOUR('',#14996);
#15109 = STYLED_ITEM('color',(#15110),#9568);
#15110 = PRESENTATION_STYLE_ASSIGNMENT((#15111));
#15111 = SURFACE_STYLE_USAGE(.BOTH.,#15112);
#15112 = SURFACE_SIDE_STYLE('',(#15113));
#15113 = SURFACE_STYLE_FILL_AREA(#15114);
#15114 = FILL_AREA_STYLE('',(#15115));
#15115 = FILL_AREA_STYLE_COLOUR('',#14996);
#15116 = STYLED_ITEM('color',(#15117),#9585);
#15117 = PRESENTATION_STYLE_ASSIGNMENT((#15118));
#15118 = SURFACE_STYLE_USAGE(.BOTH.,#15119);
#15119 = SURFACE_SIDE_STYLE('',(#15120));
#15120 = SURFACE_STYLE_FILL_AREA(#15121);
#15121 = FILL_AREA_STYLE('',(#15122));
#15122 = FILL_AREA_STYLE_COLOUR('',#14996);
#15123 = STYLED_ITEM('color',(#15124),#9602);
#15124 = PRESENTATION_STYLE_ASSIGNMENT((#15125));
#15125 = SURFACE_STYLE_USAGE(.BOTH.,#15126);
#15126 = SURFACE_SIDE_STYLE('',(#15127));
#15127 = SURFACE_STYLE_FILL_AREA(#15128);
#15128 = FILL_AREA_STYLE('',(#15129));
#15129 = FILL_AREA_STYLE_COLOUR('',#14996);
#15130 = STYLED_ITEM('color',(#15131),#9619);
#15131 = PRESENTATION_STYLE_ASSIGNMENT((#15132));
#15132 = SURFACE_STYLE_USAGE(.BOTH.,#15133);
#15133 = SURFACE_SIDE_STYLE('',(#15134));
#15134 = SURFACE_STYLE_FILL_AREA(#15135);
#15135 = FILL_AREA_STYLE('',(#15136));
#15136 = FILL_AREA_STYLE_COLOUR('',#14996);
#15137 = STYLED_ITEM('color',(#15138),#9636);
#15138 = PRESENTATION_STYLE_ASSIGNMENT((#15139));
#15139 = SURFACE_STYLE_USAGE(.BOTH.,#15140);
#15140 = SURFACE_SIDE_STYLE('',(#15141));
#15141 = SURFACE_STYLE_FILL_AREA(#15142);
#15142 = FILL_AREA_STYLE('',(#15143));
#15143 = FILL_AREA_STYLE_COLOUR('',#14996);
#15144 = STYLED_ITEM('color',(#15145),#9653);
#15145 = PRESENTATION_STYLE_ASSIGNMENT((#15146));
#15146 = SURFACE_STYLE_USAGE(.BOTH.,#15147);
#15147 = SURFACE_SIDE_STYLE('',(#15148));
#15148 = SURFACE_STYLE_FILL_AREA(#15149);
#15149 = FILL_AREA_STYLE('',(#15150));
#15150 = FILL_AREA_STYLE_COLOUR('',#14996);
#15151 = STYLED_ITEM('color',(#15152),#9670);
#15152 = PRESENTATION_STYLE_ASSIGNMENT((#15153));
#15153 = SURFACE_STYLE_USAGE(.BOTH.,#15154);
#15154 = SURFACE_SIDE_STYLE('',(#15155));
#15155 = SURFACE_STYLE_FILL_AREA(#15156);
#15156 = FILL_AREA_STYLE('',(#15157));
#15157 = FILL_AREA_STYLE_COLOUR('',#14996);
#15158 = STYLED_ITEM('color',(#15159),#9687);
#15159 = PRESENTATION_STYLE_ASSIGNMENT((#15160));
#15160 = SURFACE_STYLE_USAGE(.BOTH.,#15161);
#15161 = SURFACE_SIDE_STYLE('',(#15162));
#15162 = SURFACE_STYLE_FILL_AREA(#15163);
#15163 = FILL_AREA_STYLE('',(#15164));
#15164 = FILL_AREA_STYLE_COLOUR('',#14996);
#15165 = STYLED_ITEM('color',(#15166),#9704);
#15166 = PRESENTATION_STYLE_ASSIGNMENT((#15167));
#15167 = SURFACE_STYLE_USAGE(.BOTH.,#15168);
#15168 = SURFACE_SIDE_STYLE('',(#15169));
#15169 = SURFACE_STYLE_FILL_AREA(#15170);
#15170 = FILL_AREA_STYLE('',(#15171));
#15171 = FILL_AREA_STYLE_COLOUR('',#14996);
#15172 = STYLED_ITEM('color',(#15173),#9721);
#15173 = PRESENTATION_STYLE_ASSIGNMENT((#15174));
#15174 = SURFACE_STYLE_USAGE(.BOTH.,#15175);
#15175 = SURFACE_SIDE_STYLE('',(#15176));
#15176 = SURFACE_STYLE_FILL_AREA(#15177);
#15177 = FILL_AREA_STYLE('',(#15178));
#15178 = FILL_AREA_STYLE_COLOUR('',#14996);
#15179 = STYLED_ITEM('color',(#15180),#9738);
#15180 = PRESENTATION_STYLE_ASSIGNMENT((#15181));
#15181 = SURFACE_STYLE_USAGE(.BOTH.,#15182);
#15182 = SURFACE_SIDE_STYLE('',(#15183));
#15183 = SURFACE_STYLE_FILL_AREA(#15184);
#15184 = FILL_AREA_STYLE('',(#15185));
#15185 = FILL_AREA_STYLE_COLOUR('',#14996);
#15186 = STYLED_ITEM('color',(#15187),#9750);
#15187 = PRESENTATION_STYLE_ASSIGNMENT((#15188));
#15188 = SURFACE_STYLE_USAGE(.BOTH.,#15189);
#15189 = SURFACE_SIDE_STYLE('',(#15190));
#15190 = SURFACE_STYLE_FILL_AREA(#15191);
#15191 = FILL_AREA_STYLE('',(#15192));
#15192 = FILL_AREA_STYLE_COLOUR('',#15193);
#15193 = COLOUR_RGB('',0.859000020776,0.737999965183,0.495999988746);
#15194 = STYLED_ITEM('color',(#15195),#9806);
#15195 = PRESENTATION_STYLE_ASSIGNMENT((#15196));
#15196 = SURFACE_STYLE_USAGE(.BOTH.,#15197);
#15197 = SURFACE_SIDE_STYLE('',(#15198));
#15198 = SURFACE_STYLE_FILL_AREA(#15199);
#15199 = FILL_AREA_STYLE('',(#15200));
#15200 = FILL_AREA_STYLE_COLOUR('',#15193);
#15201 = STYLED_ITEM('color',(#15202),#9830);
#15202 = PRESENTATION_STYLE_ASSIGNMENT((#15203));
#15203 = SURFACE_STYLE_USAGE(.BOTH.,#15204);
#15204 = SURFACE_SIDE_STYLE('',(#15205));
#15205 = SURFACE_STYLE_FILL_AREA(#15206);
#15206 = FILL_AREA_STYLE('',(#15207));
#15207 = FILL_AREA_STYLE_COLOUR('',#15193);
#15208 = STYLED_ITEM('color',(#15209),#9879);
#15209 = PRESENTATION_STYLE_ASSIGNMENT((#15210));
#15210 = SURFACE_STYLE_USAGE(.BOTH.,#15211);
#15211 = SURFACE_SIDE_STYLE('',(#15212));
#15212 = SURFACE_STYLE_FILL_AREA(#15213);
#15213 = FILL_AREA_STYLE('',(#15214));
#15214 = FILL_AREA_STYLE_COLOUR('',#15193);
#15215 = STYLED_ITEM('color',(#15216),#9896);
#15216 = PRESENTATION_STYLE_ASSIGNMENT((#15217));
#15217 = SURFACE_STYLE_USAGE(.BOTH.,#15218);
#15218 = SURFACE_SIDE_STYLE('',(#15219));
#15219 = SURFACE_STYLE_FILL_AREA(#15220);
#15220 = FILL_AREA_STYLE('',(#15221));
#15221 = FILL_AREA_STYLE_COLOUR('',#15193);
#15222 = STYLED_ITEM('color',(#15223),#9927);
#15223 = PRESENTATION_STYLE_ASSIGNMENT((#15224));
#15224 = SURFACE_STYLE_USAGE(.BOTH.,#15225);
#15225 = SURFACE_SIDE_STYLE('',(#15226));
#15226 = SURFACE_STYLE_FILL_AREA(#15227);
#15227 = FILL_AREA_STYLE('',(#15228));
#15228 = FILL_AREA_STYLE_COLOUR('',#15193);
#15229 = STYLED_ITEM('color',(#15230),#9976);
#15230 = PRESENTATION_STYLE_ASSIGNMENT((#15231));
#15231 = SURFACE_STYLE_USAGE(.BOTH.,#15232);
#15232 = SURFACE_SIDE_STYLE('',(#15233));
#15233 = SURFACE_STYLE_FILL_AREA(#15234);
#15234 = FILL_AREA_STYLE('',(#15235));
#15235 = FILL_AREA_STYLE_COLOUR('',#15193);
#15236 = STYLED_ITEM('color',(#15237),#10000);
#15237 = PRESENTATION_STYLE_ASSIGNMENT((#15238));
#15238 = SURFACE_STYLE_USAGE(.BOTH.,#15239);
#15239 = SURFACE_SIDE_STYLE('',(#15240));
#15240 = SURFACE_STYLE_FILL_AREA(#15241);
#15241 = FILL_AREA_STYLE('',(#15242));
#15242 = FILL_AREA_STYLE_COLOUR('',#15193);
#15243 = STYLED_ITEM('color',(#15244),#10042);
#15244 = PRESENTATION_STYLE_ASSIGNMENT((#15245));
#15245 = SURFACE_STYLE_USAGE(.BOTH.,#15246);
#15246 = SURFACE_SIDE_STYLE('',(#15247));
#15247 = SURFACE_STYLE_FILL_AREA(#15248);
#15248 = FILL_AREA_STYLE('',(#15249));
#15249 = FILL_AREA_STYLE_COLOUR('',#15193);
#15250 = STYLED_ITEM('color',(#15251),#10073);
#15251 = PRESENTATION_STYLE_ASSIGNMENT((#15252));
#15252 = SURFACE_STYLE_USAGE(.BOTH.,#15253);
#15253 = SURFACE_SIDE_STYLE('',(#15254));
#15254 = SURFACE_STYLE_FILL_AREA(#15255);
#15255 = FILL_AREA_STYLE('',(#15256));
#15256 = FILL_AREA_STYLE_COLOUR('',#15193);
#15257 = STYLED_ITEM('color',(#15258),#10122);
#15258 = PRESENTATION_STYLE_ASSIGNMENT((#15259));
#15259 = SURFACE_STYLE_USAGE(.BOTH.,#15260);
#15260 = SURFACE_SIDE_STYLE('',(#15261));
#15261 = SURFACE_STYLE_FILL_AREA(#15262);
#15262 = FILL_AREA_STYLE('',(#15263));
#15263 = FILL_AREA_STYLE_COLOUR('',#15193);
#15264 = STYLED_ITEM('color',(#15265),#10146);
#15265 = PRESENTATION_STYLE_ASSIGNMENT((#15266));
#15266 = SURFACE_STYLE_USAGE(.BOTH.,#15267);
#15267 = SURFACE_SIDE_STYLE('',(#15268));
#15268 = SURFACE_STYLE_FILL_AREA(#15269);
#15269 = FILL_AREA_STYLE('',(#15270));
#15270 = FILL_AREA_STYLE_COLOUR('',#15193);
#15271 = STYLED_ITEM('color',(#15272),#10188);
#15272 = PRESENTATION_STYLE_ASSIGNMENT((#15273));
#15273 = SURFACE_STYLE_USAGE(.BOTH.,#15274);
#15274 = SURFACE_SIDE_STYLE('',(#15275));
#15275 = SURFACE_STYLE_FILL_AREA(#15276);
#15276 = FILL_AREA_STYLE('',(#15277));
#15277 = FILL_AREA_STYLE_COLOUR('',#15193);
#15278 = STYLED_ITEM('color',(#15279),#10219);
#15279 = PRESENTATION_STYLE_ASSIGNMENT((#15280));
#15280 = SURFACE_STYLE_USAGE(.BOTH.,#15281);
#15281 = SURFACE_SIDE_STYLE('',(#15282));
#15282 = SURFACE_STYLE_FILL_AREA(#15283);
#15283 = FILL_AREA_STYLE('',(#15284));
#15284 = FILL_AREA_STYLE_COLOUR('',#15193);
#15285 = STYLED_ITEM('color',(#15286),#10268);
#15286 = PRESENTATION_STYLE_ASSIGNMENT((#15287));
#15287 = SURFACE_STYLE_USAGE(.BOTH.,#15288);
#15288 = SURFACE_SIDE_STYLE('',(#15289));
#15289 = SURFACE_STYLE_FILL_AREA(#15290);
#15290 = FILL_AREA_STYLE('',(#15291));
#15291 = FILL_AREA_STYLE_COLOUR('',#15193);
#15292 = STYLED_ITEM('color',(#15293),#10292);
#15293 = PRESENTATION_STYLE_ASSIGNMENT((#15294));
#15294 = SURFACE_STYLE_USAGE(.BOTH.,#15295);
#15295 = SURFACE_SIDE_STYLE('',(#15296));
#15296 = SURFACE_STYLE_FILL_AREA(#15297);
#15297 = FILL_AREA_STYLE('',(#15298));
#15298 = FILL_AREA_STYLE_COLOUR('',#15193);
#15299 = STYLED_ITEM('color',(#15300),#10334);
#15300 = PRESENTATION_STYLE_ASSIGNMENT((#15301));
#15301 = SURFACE_STYLE_USAGE(.BOTH.,#15302);
#15302 = SURFACE_SIDE_STYLE('',(#15303));
#15303 = SURFACE_STYLE_FILL_AREA(#15304);
#15304 = FILL_AREA_STYLE('',(#15305));
#15305 = FILL_AREA_STYLE_COLOUR('',#15193);
#15306 = STYLED_ITEM('color',(#15307),#10365);
#15307 = PRESENTATION_STYLE_ASSIGNMENT((#15308));
#15308 = SURFACE_STYLE_USAGE(.BOTH.,#15309);
#15309 = SURFACE_SIDE_STYLE('',(#15310));
#15310 = SURFACE_STYLE_FILL_AREA(#15311);
#15311 = FILL_AREA_STYLE('',(#15312));
#15312 = FILL_AREA_STYLE_COLOUR('',#15193);
#15313 = STYLED_ITEM('color',(#15314),#10389);
#15314 = PRESENTATION_STYLE_ASSIGNMENT((#15315));
#15315 = SURFACE_STYLE_USAGE(.BOTH.,#15316);
#15316 = SURFACE_SIDE_STYLE('',(#15317));
#15317 = SURFACE_STYLE_FILL_AREA(#15318);
#15318 = FILL_AREA_STYLE('',(#15319));
#15319 = FILL_AREA_STYLE_COLOUR('',#15193);
#15320 = STYLED_ITEM('color',(#15321),#10413);
#15321 = PRESENTATION_STYLE_ASSIGNMENT((#15322));
#15322 = SURFACE_STYLE_USAGE(.BOTH.,#15323);
#15323 = SURFACE_SIDE_STYLE('',(#15324));
#15324 = SURFACE_STYLE_FILL_AREA(#15325);
#15325 = FILL_AREA_STYLE('',(#15326));
#15326 = FILL_AREA_STYLE_COLOUR('',#15193);
#15327 = STYLED_ITEM('color',(#15328),#10430);
#15328 = PRESENTATION_STYLE_ASSIGNMENT((#15329));
#15329 = SURFACE_STYLE_USAGE(.BOTH.,#15330);
#15330 = SURFACE_SIDE_STYLE('',(#15331));
#15331 = SURFACE_STYLE_FILL_AREA(#15332);
#15332 = FILL_AREA_STYLE('',(#15333));
#15333 = FILL_AREA_STYLE_COLOUR('',#15193);
#15334 = STYLED_ITEM('color',(#15335),#10461);
#15335 = PRESENTATION_STYLE_ASSIGNMENT((#15336));
#15336 = SURFACE_STYLE_USAGE(.BOTH.,#15337);
#15337 = SURFACE_SIDE_STYLE('',(#15338));
#15338 = SURFACE_STYLE_FILL_AREA(#15339);
#15339 = FILL_AREA_STYLE('',(#15340));
#15340 = FILL_AREA_STYLE_COLOUR('',#15193);
#15341 = STYLED_ITEM('color',(#15342),#10485);
#15342 = PRESENTATION_STYLE_ASSIGNMENT((#15343));
#15343 = SURFACE_STYLE_USAGE(.BOTH.,#15344);
#15344 = SURFACE_SIDE_STYLE('',(#15345));
#15345 = SURFACE_STYLE_FILL_AREA(#15346);
#15346 = FILL_AREA_STYLE('',(#15347));
#15347 = FILL_AREA_STYLE_COLOUR('',#15193);
#15348 = STYLED_ITEM('color',(#15349),#10509);
#15349 = PRESENTATION_STYLE_ASSIGNMENT((#15350));
#15350 = SURFACE_STYLE_USAGE(.BOTH.,#15351);
#15351 = SURFACE_SIDE_STYLE('',(#15352));
#15352 = SURFACE_STYLE_FILL_AREA(#15353);
#15353 = FILL_AREA_STYLE('',(#15354));
#15354 = FILL_AREA_STYLE_COLOUR('',#15193);
#15355 = STYLED_ITEM('color',(#15356),#10526);
#15356 = PRESENTATION_STYLE_ASSIGNMENT((#15357));
#15357 = SURFACE_STYLE_USAGE(.BOTH.,#15358);
#15358 = SURFACE_SIDE_STYLE('',(#15359));
#15359 = SURFACE_STYLE_FILL_AREA(#15360);
#15360 = FILL_AREA_STYLE('',(#15361));
#15361 = FILL_AREA_STYLE_COLOUR('',#15193);
#15362 = STYLED_ITEM('color',(#15363),#10557);
#15363 = PRESENTATION_STYLE_ASSIGNMENT((#15364));
#15364 = SURFACE_STYLE_USAGE(.BOTH.,#15365);
#15365 = SURFACE_SIDE_STYLE('',(#15366));
#15366 = SURFACE_STYLE_FILL_AREA(#15367);
#15367 = FILL_AREA_STYLE('',(#15368));
#15368 = FILL_AREA_STYLE_COLOUR('',#15193);
#15369 = STYLED_ITEM('color',(#15370),#10581);
#15370 = PRESENTATION_STYLE_ASSIGNMENT((#15371));
#15371 = SURFACE_STYLE_USAGE(.BOTH.,#15372);
#15372 = SURFACE_SIDE_STYLE('',(#15373));
#15373 = SURFACE_STYLE_FILL_AREA(#15374);
#15374 = FILL_AREA_STYLE('',(#15375));
#15375 = FILL_AREA_STYLE_COLOUR('',#15193);
#15376 = STYLED_ITEM('color',(#15377),#10605);
#15377 = PRESENTATION_STYLE_ASSIGNMENT((#15378));
#15378 = SURFACE_STYLE_USAGE(.BOTH.,#15379);
#15379 = SURFACE_SIDE_STYLE('',(#15380));
#15380 = SURFACE_STYLE_FILL_AREA(#15381);
#15381 = FILL_AREA_STYLE('',(#15382));
#15382 = FILL_AREA_STYLE_COLOUR('',#15193);
#15383 = STYLED_ITEM('color',(#15384),#10622);
#15384 = PRESENTATION_STYLE_ASSIGNMENT((#15385));
#15385 = SURFACE_STYLE_USAGE(.BOTH.,#15386);
#15386 = SURFACE_SIDE_STYLE('',(#15387));
#15387 = SURFACE_STYLE_FILL_AREA(#15388);
#15388 = FILL_AREA_STYLE('',(#15389));
#15389 = FILL_AREA_STYLE_COLOUR('',#15193);
#15390 = STYLED_ITEM('color',(#15391),#10653);
#15391 = PRESENTATION_STYLE_ASSIGNMENT((#15392));
#15392 = SURFACE_STYLE_USAGE(.BOTH.,#15393);
#15393 = SURFACE_SIDE_STYLE('',(#15394));
#15394 = SURFACE_STYLE_FILL_AREA(#15395);
#15395 = FILL_AREA_STYLE('',(#15396));
#15396 = FILL_AREA_STYLE_COLOUR('',#15193);
#15397 = STYLED_ITEM('color',(#15398),#10677);
#15398 = PRESENTATION_STYLE_ASSIGNMENT((#15399));
#15399 = SURFACE_STYLE_USAGE(.BOTH.,#15400);
#15400 = SURFACE_SIDE_STYLE('',(#15401));
#15401 = SURFACE_STYLE_FILL_AREA(#15402);
#15402 = FILL_AREA_STYLE('',(#15403));
#15403 = FILL_AREA_STYLE_COLOUR('',#15193);
#15404 = STYLED_ITEM('color',(#15405),#10701);
#15405 = PRESENTATION_STYLE_ASSIGNMENT((#15406));
#15406 = SURFACE_STYLE_USAGE(.BOTH.,#15407);
#15407 = SURFACE_SIDE_STYLE('',(#15408));
#15408 = SURFACE_STYLE_FILL_AREA(#15409);
#15409 = FILL_AREA_STYLE('',(#15410));
#15410 = FILL_AREA_STYLE_COLOUR('',#15193);
#15411 = STYLED_ITEM('color',(#15412),#10718);
#15412 = PRESENTATION_STYLE_ASSIGNMENT((#15413));
#15413 = SURFACE_STYLE_USAGE(.BOTH.,#15414);
#15414 = SURFACE_SIDE_STYLE('',(#15415));
#15415 = SURFACE_STYLE_FILL_AREA(#15416);
#15416 = FILL_AREA_STYLE('',(#15417));
#15417 = FILL_AREA_STYLE_COLOUR('',#15193);
#15418 = STYLED_ITEM('color',(#15419),#10735);
#15419 = PRESENTATION_STYLE_ASSIGNMENT((#15420));
#15420 = SURFACE_STYLE_USAGE(.BOTH.,#15421);
#15421 = SURFACE_SIDE_STYLE('',(#15422));
#15422 = SURFACE_STYLE_FILL_AREA(#15423);
#15423 = FILL_AREA_STYLE('',(#15424));
#15424 = FILL_AREA_STYLE_COLOUR('',#15193);
#15425 = STYLED_ITEM('color',(#15426),#10752);
#15426 = PRESENTATION_STYLE_ASSIGNMENT((#15427));
#15427 = SURFACE_STYLE_USAGE(.BOTH.,#15428);
#15428 = SURFACE_SIDE_STYLE('',(#15429));
#15429 = SURFACE_STYLE_FILL_AREA(#15430);
#15430 = FILL_AREA_STYLE('',(#15431));
#15431 = FILL_AREA_STYLE_COLOUR('',#15193);
#15432 = STYLED_ITEM('color',(#15433),#10783);
#15433 = PRESENTATION_STYLE_ASSIGNMENT((#15434));
#15434 = SURFACE_STYLE_USAGE(.BOTH.,#15435);
#15435 = SURFACE_SIDE_STYLE('',(#15436));
#15436 = SURFACE_STYLE_FILL_AREA(#15437);
#15437 = FILL_AREA_STYLE('',(#15438));
#15438 = FILL_AREA_STYLE_COLOUR('',#15193);
#15439 = STYLED_ITEM('color',(#15440),#10800);
#15440 = PRESENTATION_STYLE_ASSIGNMENT((#15441));
#15441 = SURFACE_STYLE_USAGE(.BOTH.,#15442);
#15442 = SURFACE_SIDE_STYLE('',(#15443));
#15443 = SURFACE_STYLE_FILL_AREA(#15444);
#15444 = FILL_AREA_STYLE('',(#15445));
#15445 = FILL_AREA_STYLE_COLOUR('',#15193);
#15446 = STYLED_ITEM('color',(#15447),#10831);
#15447 = PRESENTATION_STYLE_ASSIGNMENT((#15448));
#15448 = SURFACE_STYLE_USAGE(.BOTH.,#15449);
#15449 = SURFACE_SIDE_STYLE('',(#15450));
#15450 = SURFACE_STYLE_FILL_AREA(#15451);
#15451 = FILL_AREA_STYLE('',(#15452));
#15452 = FILL_AREA_STYLE_COLOUR('',#15193);
#15453 = STYLED_ITEM('color',(#15454),#10848);
#15454 = PRESENTATION_STYLE_ASSIGNMENT((#15455));
#15455 = SURFACE_STYLE_USAGE(.BOTH.,#15456);
#15456 = SURFACE_SIDE_STYLE('',(#15457));
#15457 = SURFACE_STYLE_FILL_AREA(#15458);
#15458 = FILL_AREA_STYLE('',(#15459));
#15459 = FILL_AREA_STYLE_COLOUR('',#15193);
#15460 = STYLED_ITEM('color',(#15461),#10865);
#15461 = PRESENTATION_STYLE_ASSIGNMENT((#15462));
#15462 = SURFACE_STYLE_USAGE(.BOTH.,#15463);
#15463 = SURFACE_SIDE_STYLE('',(#15464));
#15464 = SURFACE_STYLE_FILL_AREA(#15465);
#15465 = FILL_AREA_STYLE('',(#15466));
#15466 = FILL_AREA_STYLE_COLOUR('',#15193);
#15467 = STYLED_ITEM('color',(#15468),#10896);
#15468 = PRESENTATION_STYLE_ASSIGNMENT((#15469));
#15469 = SURFACE_STYLE_USAGE(.BOTH.,#15470);
#15470 = SURFACE_SIDE_STYLE('',(#15471));
#15471 = SURFACE_STYLE_FILL_AREA(#15472);
#15472 = FILL_AREA_STYLE('',(#15473));
#15473 = FILL_AREA_STYLE_COLOUR('',#15193);
#15474 = STYLED_ITEM('color',(#15475),#10913);
#15475 = PRESENTATION_STYLE_ASSIGNMENT((#15476));
#15476 = SURFACE_STYLE_USAGE(.BOTH.,#15477);
#15477 = SURFACE_SIDE_STYLE('',(#15478));
#15478 = SURFACE_STYLE_FILL_AREA(#15479);
#15479 = FILL_AREA_STYLE('',(#15480));
#15480 = FILL_AREA_STYLE_COLOUR('',#15193);
#15481 = STYLED_ITEM('color',(#15482),#10944);
#15482 = PRESENTATION_STYLE_ASSIGNMENT((#15483));
#15483 = SURFACE_STYLE_USAGE(.BOTH.,#15484);
#15484 = SURFACE_SIDE_STYLE('',(#15485));
#15485 = SURFACE_STYLE_FILL_AREA(#15486);
#15486 = FILL_AREA_STYLE('',(#15487));
#15487 = FILL_AREA_STYLE_COLOUR('',#15193);
#15488 = STYLED_ITEM('color',(#15489),#10961);
#15489 = PRESENTATION_STYLE_ASSIGNMENT((#15490));
#15490 = SURFACE_STYLE_USAGE(.BOTH.,#15491);
#15491 = SURFACE_SIDE_STYLE('',(#15492));
#15492 = SURFACE_STYLE_FILL_AREA(#15493);
#15493 = FILL_AREA_STYLE('',(#15494));
#15494 = FILL_AREA_STYLE_COLOUR('',#15193);
#15495 = STYLED_ITEM('color',(#15496),#10978);
#15496 = PRESENTATION_STYLE_ASSIGNMENT((#15497));
#15497 = SURFACE_STYLE_USAGE(.BOTH.,#15498);
#15498 = SURFACE_SIDE_STYLE('',(#15499));
#15499 = SURFACE_STYLE_FILL_AREA(#15500);
#15500 = FILL_AREA_STYLE('',(#15501));
#15501 = FILL_AREA_STYLE_COLOUR('',#15193);
#15502 = STYLED_ITEM('color',(#15503),#11009);
#15503 = PRESENTATION_STYLE_ASSIGNMENT((#15504));
#15504 = SURFACE_STYLE_USAGE(.BOTH.,#15505);
#15505 = SURFACE_SIDE_STYLE('',(#15506));
#15506 = SURFACE_STYLE_FILL_AREA(#15507);
#15507 = FILL_AREA_STYLE('',(#15508));
#15508 = FILL_AREA_STYLE_COLOUR('',#15193);
#15509 = STYLED_ITEM('color',(#15510),#11026);
#15510 = PRESENTATION_STYLE_ASSIGNMENT((#15511));
#15511 = SURFACE_STYLE_USAGE(.BOTH.,#15512);
#15512 = SURFACE_SIDE_STYLE('',(#15513));
#15513 = SURFACE_STYLE_FILL_AREA(#15514);
#15514 = FILL_AREA_STYLE('',(#15515));
#15515 = FILL_AREA_STYLE_COLOUR('',#15193);
#15516 = STYLED_ITEM('color',(#15517),#11057);
#15517 = PRESENTATION_STYLE_ASSIGNMENT((#15518));
#15518 = SURFACE_STYLE_USAGE(.BOTH.,#15519);
#15519 = SURFACE_SIDE_STYLE('',(#15520));
#15520 = SURFACE_STYLE_FILL_AREA(#15521);
#15521 = FILL_AREA_STYLE('',(#15522));
#15522 = FILL_AREA_STYLE_COLOUR('',#15193);
#15523 = STYLED_ITEM('color',(#15524),#11074);
#15524 = PRESENTATION_STYLE_ASSIGNMENT((#15525));
#15525 = SURFACE_STYLE_USAGE(.BOTH.,#15526);
#15526 = SURFACE_SIDE_STYLE('',(#15527));
#15527 = SURFACE_STYLE_FILL_AREA(#15528);
#15528 = FILL_AREA_STYLE('',(#15529));
#15529 = FILL_AREA_STYLE_COLOUR('',#15193);
#15530 = STYLED_ITEM('color',(#15531),#11091);
#15531 = PRESENTATION_STYLE_ASSIGNMENT((#15532));
#15532 = SURFACE_STYLE_USAGE(.BOTH.,#15533);
#15533 = SURFACE_SIDE_STYLE('',(#15534));
#15534 = SURFACE_STYLE_FILL_AREA(#15535);
#15535 = FILL_AREA_STYLE('',(#15536));
#15536 = FILL_AREA_STYLE_COLOUR('',#15193);
#15537 = STYLED_ITEM('color',(#15538),#11122);
#15538 = PRESENTATION_STYLE_ASSIGNMENT((#15539));
#15539 = SURFACE_STYLE_USAGE(.BOTH.,#15540);
#15540 = SURFACE_SIDE_STYLE('',(#15541));
#15541 = SURFACE_STYLE_FILL_AREA(#15542);
#15542 = FILL_AREA_STYLE('',(#15543));
#15543 = FILL_AREA_STYLE_COLOUR('',#15193);
#15544 = STYLED_ITEM('color',(#15545),#11139);
#15545 = PRESENTATION_STYLE_ASSIGNMENT((#15546));
#15546 = SURFACE_STYLE_USAGE(.BOTH.,#15547);
#15547 = SURFACE_SIDE_STYLE('',(#15548));
#15548 = SURFACE_STYLE_FILL_AREA(#15549);
#15549 = FILL_AREA_STYLE('',(#15550));
#15550 = FILL_AREA_STYLE_COLOUR('',#15193);
#15551 = STYLED_ITEM('color',(#15552),#11170);
#15552 = PRESENTATION_STYLE_ASSIGNMENT((#15553));
#15553 = SURFACE_STYLE_USAGE(.BOTH.,#15554);
#15554 = SURFACE_SIDE_STYLE('',(#15555));
#15555 = SURFACE_STYLE_FILL_AREA(#15556);
#15556 = FILL_AREA_STYLE('',(#15557));
#15557 = FILL_AREA_STYLE_COLOUR('',#15193);
#15558 = STYLED_ITEM('color',(#15559),#11201);
#15559 = PRESENTATION_STYLE_ASSIGNMENT((#15560));
#15560 = SURFACE_STYLE_USAGE(.BOTH.,#15561);
#15561 = SURFACE_SIDE_STYLE('',(#15562));
#15562 = SURFACE_STYLE_FILL_AREA(#15563);
#15563 = FILL_AREA_STYLE('',(#15564));
#15564 = FILL_AREA_STYLE_COLOUR('',#15193);
#15565 = STYLED_ITEM('color',(#15566),#11225);
#15566 = PRESENTATION_STYLE_ASSIGNMENT((#15567));
#15567 = SURFACE_STYLE_USAGE(.BOTH.,#15568);
#15568 = SURFACE_SIDE_STYLE('',(#15569));
#15569 = SURFACE_STYLE_FILL_AREA(#15570);
#15570 = FILL_AREA_STYLE('',(#15571));
#15571 = FILL_AREA_STYLE_COLOUR('',#15193);
#15572 = STYLED_ITEM('color',(#15573),#11249);
#15573 = PRESENTATION_STYLE_ASSIGNMENT((#15574));
#15574 = SURFACE_STYLE_USAGE(.BOTH.,#15575);
#15575 = SURFACE_SIDE_STYLE('',(#15576));
#15576 = SURFACE_STYLE_FILL_AREA(#15577);
#15577 = FILL_AREA_STYLE('',(#15578));
#15578 = FILL_AREA_STYLE_COLOUR('',#15193);
#15579 = STYLED_ITEM('color',(#15580),#11266);
#15580 = PRESENTATION_STYLE_ASSIGNMENT((#15581));
#15581 = SURFACE_STYLE_USAGE(.BOTH.,#15582);
#15582 = SURFACE_SIDE_STYLE('',(#15583));
#15583 = SURFACE_STYLE_FILL_AREA(#15584);
#15584 = FILL_AREA_STYLE('',(#15585));
#15585 = FILL_AREA_STYLE_COLOUR('',#15193);
#15586 = STYLED_ITEM('color',(#15587),#11297);
#15587 = PRESENTATION_STYLE_ASSIGNMENT((#15588));
#15588 = SURFACE_STYLE_USAGE(.BOTH.,#15589);
#15589 = SURFACE_SIDE_STYLE('',(#15590));
#15590 = SURFACE_STYLE_FILL_AREA(#15591);
#15591 = FILL_AREA_STYLE('',(#15592));
#15592 = FILL_AREA_STYLE_COLOUR('',#15193);
#15593 = STYLED_ITEM('color',(#15594),#11321);
#15594 = PRESENTATION_STYLE_ASSIGNMENT((#15595));
#15595 = SURFACE_STYLE_USAGE(.BOTH.,#15596);
#15596 = SURFACE_SIDE_STYLE('',(#15597));
#15597 = SURFACE_STYLE_FILL_AREA(#15598);
#15598 = FILL_AREA_STYLE('',(#15599));
#15599 = FILL_AREA_STYLE_COLOUR('',#15193);
#15600 = STYLED_ITEM('color',(#15601),#11345);
#15601 = PRESENTATION_STYLE_ASSIGNMENT((#15602));
#15602 = SURFACE_STYLE_USAGE(.BOTH.,#15603);
#15603 = SURFACE_SIDE_STYLE('',(#15604));
#15604 = SURFACE_STYLE_FILL_AREA(#15605);
#15605 = FILL_AREA_STYLE('',(#15606));
#15606 = FILL_AREA_STYLE_COLOUR('',#15193);
#15607 = STYLED_ITEM('color',(#15608),#11362);
#15608 = PRESENTATION_STYLE_ASSIGNMENT((#15609));
#15609 = SURFACE_STYLE_USAGE(.BOTH.,#15610);
#15610 = SURFACE_SIDE_STYLE('',(#15611));
#15611 = SURFACE_STYLE_FILL_AREA(#15612);
#15612 = FILL_AREA_STYLE('',(#15613));
#15613 = FILL_AREA_STYLE_COLOUR('',#15193);
#15614 = STYLED_ITEM('color',(#15615),#11393);
#15615 = PRESENTATION_STYLE_ASSIGNMENT((#15616));
#15616 = SURFACE_STYLE_USAGE(.BOTH.,#15617);
#15617 = SURFACE_SIDE_STYLE('',(#15618));
#15618 = SURFACE_STYLE_FILL_AREA(#15619);
#15619 = FILL_AREA_STYLE('',(#15620));
#15620 = FILL_AREA_STYLE_COLOUR('',#15193);
#15621 = STYLED_ITEM('color',(#15622),#11417);
#15622 = PRESENTATION_STYLE_ASSIGNMENT((#15623));
#15623 = SURFACE_STYLE_USAGE(.BOTH.,#15624);
#15624 = SURFACE_SIDE_STYLE('',(#15625));
#15625 = SURFACE_STYLE_FILL_AREA(#15626);
#15626 = FILL_AREA_STYLE('',(#15627));
#15627 = FILL_AREA_STYLE_COLOUR('',#15193);
#15628 = STYLED_ITEM('color',(#15629),#11441);
#15629 = PRESENTATION_STYLE_ASSIGNMENT((#15630));
#15630 = SURFACE_STYLE_USAGE(.BOTH.,#15631);
#15631 = SURFACE_SIDE_STYLE('',(#15632));
#15632 = SURFACE_STYLE_FILL_AREA(#15633);
#15633 = FILL_AREA_STYLE('',(#15634));
#15634 = FILL_AREA_STYLE_COLOUR('',#15193);
#15635 = STYLED_ITEM('color',(#15636),#11458);
#15636 = PRESENTATION_STYLE_ASSIGNMENT((#15637));
#15637 = SURFACE_STYLE_USAGE(.BOTH.,#15638);
#15638 = SURFACE_SIDE_STYLE('',(#15639));
#15639 = SURFACE_STYLE_FILL_AREA(#15640);
#15640 = FILL_AREA_STYLE('',(#15641));
#15641 = FILL_AREA_STYLE_COLOUR('',#15193);
#15642 = STYLED_ITEM('color',(#15643),#11489);
#15643 = PRESENTATION_STYLE_ASSIGNMENT((#15644));
#15644 = SURFACE_STYLE_USAGE(.BOTH.,#15645);
#15645 = SURFACE_SIDE_STYLE('',(#15646));
#15646 = SURFACE_STYLE_FILL_AREA(#15647);
#15647 = FILL_AREA_STYLE('',(#15648));
#15648 = FILL_AREA_STYLE_COLOUR('',#15193);
#15649 = STYLED_ITEM('color',(#15650),#11513);
#15650 = PRESENTATION_STYLE_ASSIGNMENT((#15651));
#15651 = SURFACE_STYLE_USAGE(.BOTH.,#15652);
#15652 = SURFACE_SIDE_STYLE('',(#15653));
#15653 = SURFACE_STYLE_FILL_AREA(#15654);
#15654 = FILL_AREA_STYLE('',(#15655));
#15655 = FILL_AREA_STYLE_COLOUR('',#15193);
#15656 = STYLED_ITEM('color',(#15657),#11537);
#15657 = PRESENTATION_STYLE_ASSIGNMENT((#15658));
#15658 = SURFACE_STYLE_USAGE(.BOTH.,#15659);
#15659 = SURFACE_SIDE_STYLE('',(#15660));
#15660 = SURFACE_STYLE_FILL_AREA(#15661);
#15661 = FILL_AREA_STYLE('',(#15662));
#15662 = FILL_AREA_STYLE_COLOUR('',#15193);
#15663 = STYLED_ITEM('color',(#15664),#11554);
#15664 = PRESENTATION_STYLE_ASSIGNMENT((#15665));
#15665 = SURFACE_STYLE_USAGE(.BOTH.,#15666);
#15666 = SURFACE_SIDE_STYLE('',(#15667));
#15667 = SURFACE_STYLE_FILL_AREA(#15668);
#15668 = FILL_AREA_STYLE('',(#15669));
#15669 = FILL_AREA_STYLE_COLOUR('',#15193);
#15670 = STYLED_ITEM('color',(#15671),#11571);
#15671 = PRESENTATION_STYLE_ASSIGNMENT((#15672));
#15672 = SURFACE_STYLE_USAGE(.BOTH.,#15673);
#15673 = SURFACE_SIDE_STYLE('',(#15674));
#15674 = SURFACE_STYLE_FILL_AREA(#15675);
#15675 = FILL_AREA_STYLE('',(#15676));
#15676 = FILL_AREA_STYLE_COLOUR('',#15193);
#15677 = STYLED_ITEM('color',(#15678),#11588);
#15678 = PRESENTATION_STYLE_ASSIGNMENT((#15679));
#15679 = SURFACE_STYLE_USAGE(.BOTH.,#15680);
#15680 = SURFACE_SIDE_STYLE('',(#15681));
#15681 = SURFACE_STYLE_FILL_AREA(#15682);
#15682 = FILL_AREA_STYLE('',(#15683));
#15683 = FILL_AREA_STYLE_COLOUR('',#15193);
#15684 = STYLED_ITEM('color',(#15685),#11600);
#15685 = PRESENTATION_STYLE_ASSIGNMENT((#15686));
#15686 = SURFACE_STYLE_USAGE(.BOTH.,#15687);
#15687 = SURFACE_SIDE_STYLE('',(#15688));
#15688 = SURFACE_STYLE_FILL_AREA(#15689);
#15689 = FILL_AREA_STYLE('',(#15690));
#15690 = FILL_AREA_STYLE_COLOUR('',#15193);
#15691 = STYLED_ITEM('color',(#15692),#11617);
#15692 = PRESENTATION_STYLE_ASSIGNMENT((#15693));
#15693 = SURFACE_STYLE_USAGE(.BOTH.,#15694);
#15694 = SURFACE_SIDE_STYLE('',(#15695));
#15695 = SURFACE_STYLE_FILL_AREA(#15696);
#15696 = FILL_AREA_STYLE('',(#15697));
#15697 = FILL_AREA_STYLE_COLOUR('',#15193);
#15698 = STYLED_ITEM('color',(#15699),#11634);
#15699 = PRESENTATION_STYLE_ASSIGNMENT((#15700));
#15700 = SURFACE_STYLE_USAGE(.BOTH.,#15701);
#15701 = SURFACE_SIDE_STYLE('',(#15702));
#15702 = SURFACE_STYLE_FILL_AREA(#15703);
#15703 = FILL_AREA_STYLE('',(#15704));
#15704 = FILL_AREA_STYLE_COLOUR('',#15193);
#15705 = STYLED_ITEM('color',(#15706),#11646);
#15706 = PRESENTATION_STYLE_ASSIGNMENT((#15707));
#15707 = SURFACE_STYLE_USAGE(.BOTH.,#15708);
#15708 = SURFACE_SIDE_STYLE('',(#15709));
#15709 = SURFACE_STYLE_FILL_AREA(#15710);
#15710 = FILL_AREA_STYLE('',(#15711));
#15711 = FILL_AREA_STYLE_COLOUR('',#15193);
#15712 = STYLED_ITEM('color',(#15713),#11663);
#15713 = PRESENTATION_STYLE_ASSIGNMENT((#15714));
#15714 = SURFACE_STYLE_USAGE(.BOTH.,#15715);
#15715 = SURFACE_SIDE_STYLE('',(#15716));
#15716 = SURFACE_STYLE_FILL_AREA(#15717);
#15717 = FILL_AREA_STYLE('',(#15718));
#15718 = FILL_AREA_STYLE_COLOUR('',#15193);
#15719 = STYLED_ITEM('color',(#15720),#11680);
#15720 = PRESENTATION_STYLE_ASSIGNMENT((#15721));
#15721 = SURFACE_STYLE_USAGE(.BOTH.,#15722);
#15722 = SURFACE_SIDE_STYLE('',(#15723));
#15723 = SURFACE_STYLE_FILL_AREA(#15724);
#15724 = FILL_AREA_STYLE('',(#15725));
#15725 = FILL_AREA_STYLE_COLOUR('',#15193);
#15726 = STYLED_ITEM('color',(#15727),#11692);
#15727 = PRESENTATION_STYLE_ASSIGNMENT((#15728));
#15728 = SURFACE_STYLE_USAGE(.BOTH.,#15729);
#15729 = SURFACE_SIDE_STYLE('',(#15730));
#15730 = SURFACE_STYLE_FILL_AREA(#15731);
#15731 = FILL_AREA_STYLE('',(#15732));
#15732 = FILL_AREA_STYLE_COLOUR('',#15193);
#15733 = STYLED_ITEM('color',(#15734),#11709);
#15734 = PRESENTATION_STYLE_ASSIGNMENT((#15735));
#15735 = SURFACE_STYLE_USAGE(.BOTH.,#15736);
#15736 = SURFACE_SIDE_STYLE('',(#15737));
#15737 = SURFACE_STYLE_FILL_AREA(#15738);
#15738 = FILL_AREA_STYLE('',(#15739));
#15739 = FILL_AREA_STYLE_COLOUR('',#15193);
#15740 = STYLED_ITEM('color',(#15741),#11726);
#15741 = PRESENTATION_STYLE_ASSIGNMENT((#15742));
#15742 = SURFACE_STYLE_USAGE(.BOTH.,#15743);
#15743 = SURFACE_SIDE_STYLE('',(#15744));
#15744 = SURFACE_STYLE_FILL_AREA(#15745);
#15745 = FILL_AREA_STYLE('',(#15746));
#15746 = FILL_AREA_STYLE_COLOUR('',#15193);
#15747 = STYLED_ITEM('color',(#15748),#11738);
#15748 = PRESENTATION_STYLE_ASSIGNMENT((#15749));
#15749 = SURFACE_STYLE_USAGE(.BOTH.,#15750);
#15750 = SURFACE_SIDE_STYLE('',(#15751));
#15751 = SURFACE_STYLE_FILL_AREA(#15752);
#15752 = FILL_AREA_STYLE('',(#15753));
#15753 = FILL_AREA_STYLE_COLOUR('',#15193);
#15754 = STYLED_ITEM('color',(#15755),#11750);
#15755 = PRESENTATION_STYLE_ASSIGNMENT((#15756));
#15756 = SURFACE_STYLE_USAGE(.BOTH.,#15757);
#15757 = SURFACE_SIDE_STYLE('',(#15758));
#15758 = SURFACE_STYLE_FILL_AREA(#15759);
#15759 = FILL_AREA_STYLE('',(#15760));
#15760 = FILL_AREA_STYLE_COLOUR('',#15193);
#15761 = STYLED_ITEM('color',(#15762),#11762);
#15762 = PRESENTATION_STYLE_ASSIGNMENT((#15763));
#15763 = SURFACE_STYLE_USAGE(.BOTH.,#15764);
#15764 = SURFACE_SIDE_STYLE('',(#15765));
#15765 = SURFACE_STYLE_FILL_AREA(#15766);
#15766 = FILL_AREA_STYLE('',(#15767));
#15767 = FILL_AREA_STYLE_COLOUR('',#15193);
#15768 = STYLED_ITEM('color',(#15769),#11774);
#15769 = PRESENTATION_STYLE_ASSIGNMENT((#15770));
#15770 = SURFACE_STYLE_USAGE(.BOTH.,#15771);
#15771 = SURFACE_SIDE_STYLE('',(#15772));
#15772 = SURFACE_STYLE_FILL_AREA(#15773);
#15773 = FILL_AREA_STYLE('',(#15774));
#15774 = FILL_AREA_STYLE_COLOUR('',#15193);
#15775 = MECHANICAL_DESIGN_GEOMETRIC_PRESENTATION_REPRESENTATION('',(
    #15776,#15784,#15791,#15798,#15805,#15812,#15819,#15826,#15833,
    #15840,#15847,#15855,#15862,#15869,#15876,#15883,#15890,#15897,
    #15904,#15911,#15918,#15925,#15932,#15939,#15946,#15953,#15960,
    #15967),#8578);
#15776 = STYLED_ITEM('color',(#15777),#7726);
#15777 = PRESENTATION_STYLE_ASSIGNMENT((#15778));
#15778 = SURFACE_STYLE_USAGE(.BOTH.,#15779);
#15779 = SURFACE_SIDE_STYLE('',(#15780));
#15780 = SURFACE_STYLE_FILL_AREA(#15781);
#15781 = FILL_AREA_STYLE('',(#15782));
#15782 = FILL_AREA_STYLE_COLOUR('',#15783);
#15783 = COLOUR_RGB('',0.823999987314,0.819999987296,0.781000009244);
#15784 = STYLED_ITEM('color',(#15785),#7802);
#15785 = PRESENTATION_STYLE_ASSIGNMENT((#15786));
#15786 = SURFACE_STYLE_USAGE(.BOTH.,#15787);
#15787 = SURFACE_SIDE_STYLE('',(#15788));
#15788 = SURFACE_STYLE_FILL_AREA(#15789);
#15789 = FILL_AREA_STYLE('',(#15790));
#15790 = FILL_AREA_STYLE_COLOUR('',#15783);
#15791 = STYLED_ITEM('color',(#15792),#7833);
#15792 = PRESENTATION_STYLE_ASSIGNMENT((#15793));
#15793 = SURFACE_STYLE_USAGE(.BOTH.,#15794);
#15794 = SURFACE_SIDE_STYLE('',(#15795));
#15795 = SURFACE_STYLE_FILL_AREA(#15796);
#15796 = FILL_AREA_STYLE('',(#15797));
#15797 = FILL_AREA_STYLE_COLOUR('',#15783);
#15798 = STYLED_ITEM('color',(#15799),#7858);
#15799 = PRESENTATION_STYLE_ASSIGNMENT((#15800));
#15800 = SURFACE_STYLE_USAGE(.BOTH.,#15801);
#15801 = SURFACE_SIDE_STYLE('',(#15802));
#15802 = SURFACE_STYLE_FILL_AREA(#15803);
#15803 = FILL_AREA_STYLE('',(#15804));
#15804 = FILL_AREA_STYLE_COLOUR('',#15783);
#15805 = STYLED_ITEM('color',(#15806),#7883);
#15806 = PRESENTATION_STYLE_ASSIGNMENT((#15807));
#15807 = SURFACE_STYLE_USAGE(.BOTH.,#15808);
#15808 = SURFACE_SIDE_STYLE('',(#15809));
#15809 = SURFACE_STYLE_FILL_AREA(#15810);
#15810 = FILL_AREA_STYLE('',(#15811));
#15811 = FILL_AREA_STYLE_COLOUR('',#15783);
#15812 = STYLED_ITEM('color',(#15813),#7907);
#15813 = PRESENTATION_STYLE_ASSIGNMENT((#15814));
#15814 = SURFACE_STYLE_USAGE(.BOTH.,#15815);
#15815 = SURFACE_SIDE_STYLE('',(#15816));
#15816 = SURFACE_STYLE_FILL_AREA(#15817);
#15817 = FILL_AREA_STYLE('',(#15818));
#15818 = FILL_AREA_STYLE_COLOUR('',#15783);
#15819 = STYLED_ITEM('color',(#15820),#7931);
#15820 = PRESENTATION_STYLE_ASSIGNMENT((#15821));
#15821 = SURFACE_STYLE_USAGE(.BOTH.,#15822);
#15822 = SURFACE_SIDE_STYLE('',(#15823));
#15823 = SURFACE_STYLE_FILL_AREA(#15824);
#15824 = FILL_AREA_STYLE('',(#15825));
#15825 = FILL_AREA_STYLE_COLOUR('',#15783);
#15826 = STYLED_ITEM('color',(#15827),#7956);
#15827 = PRESENTATION_STYLE_ASSIGNMENT((#15828));
#15828 = SURFACE_STYLE_USAGE(.BOTH.,#15829);
#15829 = SURFACE_SIDE_STYLE('',(#15830));
#15830 = SURFACE_STYLE_FILL_AREA(#15831);
#15831 = FILL_AREA_STYLE('',(#15832));
#15832 = FILL_AREA_STYLE_COLOUR('',#15783);
#15833 = STYLED_ITEM('color',(#15834),#7981);
#15834 = PRESENTATION_STYLE_ASSIGNMENT((#15835));
#15835 = SURFACE_STYLE_USAGE(.BOTH.,#15836);
#15836 = SURFACE_SIDE_STYLE('',(#15837));
#15837 = SURFACE_STYLE_FILL_AREA(#15838);
#15838 = FILL_AREA_STYLE('',(#15839));
#15839 = FILL_AREA_STYLE_COLOUR('',#15783);
#15840 = STYLED_ITEM('color',(#15841),#7998);
#15841 = PRESENTATION_STYLE_ASSIGNMENT((#15842));
#15842 = SURFACE_STYLE_USAGE(.BOTH.,#15843);
#15843 = SURFACE_SIDE_STYLE('',(#15844));
#15844 = SURFACE_STYLE_FILL_AREA(#15845);
#15845 = FILL_AREA_STYLE('',(#15846));
#15846 = FILL_AREA_STYLE_COLOUR('',#15783);
#15847 = STYLED_ITEM('color',(#15848),#8084);
#15848 = PRESENTATION_STYLE_ASSIGNMENT((#15849));
#15849 = SURFACE_STYLE_USAGE(.BOTH.,#15850);
#15850 = SURFACE_SIDE_STYLE('',(#15851));
#15851 = SURFACE_STYLE_FILL_AREA(#15852);
#15852 = FILL_AREA_STYLE('',(#15853));
#15853 = FILL_AREA_STYLE_COLOUR('',#15854);
#15854 = COLOUR_RGB('',0.379000005575,0.270000008848,0.214999999939);
#15855 = STYLED_ITEM('color',(#15856),#8116);
#15856 = PRESENTATION_STYLE_ASSIGNMENT((#15857));
#15857 = SURFACE_STYLE_USAGE(.BOTH.,#15858);
#15858 = SURFACE_SIDE_STYLE('',(#15859));
#15859 = SURFACE_STYLE_FILL_AREA(#15860);
#15860 = FILL_AREA_STYLE('',(#15861));
#15861 = FILL_AREA_STYLE_COLOUR('',#15854);
#15862 = STYLED_ITEM('color',(#15863),#8140);
#15863 = PRESENTATION_STYLE_ASSIGNMENT((#15864));
#15864 = SURFACE_STYLE_USAGE(.BOTH.,#15865);
#15865 = SURFACE_SIDE_STYLE('',(#15866));
#15866 = SURFACE_STYLE_FILL_AREA(#15867);
#15867 = FILL_AREA_STYLE('',(#15868));
#15868 = FILL_AREA_STYLE_COLOUR('',#15854);
#15869 = STYLED_ITEM('color',(#15870),#8165);
#15870 = PRESENTATION_STYLE_ASSIGNMENT((#15871));
#15871 = SURFACE_STYLE_USAGE(.BOTH.,#15872);
#15872 = SURFACE_SIDE_STYLE('',(#15873));
#15873 = SURFACE_STYLE_FILL_AREA(#15874);
#15874 = FILL_AREA_STYLE('',(#15875));
#15875 = FILL_AREA_STYLE_COLOUR('',#15854);
#15876 = STYLED_ITEM('color',(#15877),#8189);
#15877 = PRESENTATION_STYLE_ASSIGNMENT((#15878));
#15878 = SURFACE_STYLE_USAGE(.BOTH.,#15879);
#15879 = SURFACE_SIDE_STYLE('',(#15880));
#15880 = SURFACE_STYLE_FILL_AREA(#15881);
#15881 = FILL_AREA_STYLE('',(#15882));
#15882 = FILL_AREA_STYLE_COLOUR('',#15854);
#15883 = STYLED_ITEM('color',(#15884),#8214);
#15884 = PRESENTATION_STYLE_ASSIGNMENT((#15885));
#15885 = SURFACE_STYLE_USAGE(.BOTH.,#15886);
#15886 = SURFACE_SIDE_STYLE('',(#15887));
#15887 = SURFACE_STYLE_FILL_AREA(#15888);
#15888 = FILL_AREA_STYLE('',(#15889));
#15889 = FILL_AREA_STYLE_COLOUR('',#15854);
#15890 = STYLED_ITEM('color',(#15891),#8238);
#15891 = PRESENTATION_STYLE_ASSIGNMENT((#15892));
#15892 = SURFACE_STYLE_USAGE(.BOTH.,#15893);
#15893 = SURFACE_SIDE_STYLE('',(#15894));
#15894 = SURFACE_STYLE_FILL_AREA(#15895);
#15895 = FILL_AREA_STYLE('',(#15896));
#15896 = FILL_AREA_STYLE_COLOUR('',#15854);
#15897 = STYLED_ITEM('color',(#15898),#8263);
#15898 = PRESENTATION_STYLE_ASSIGNMENT((#15899));
#15899 = SURFACE_STYLE_USAGE(.BOTH.,#15900);
#15900 = SURFACE_SIDE_STYLE('',(#15901));
#15901 = SURFACE_STYLE_FILL_AREA(#15902);
#15902 = FILL_AREA_STYLE('',(#15903));
#15903 = FILL_AREA_STYLE_COLOUR('',#15854);
#15904 = STYLED_ITEM('color',(#15905),#8280);
#15905 = PRESENTATION_STYLE_ASSIGNMENT((#15906));
#15906 = SURFACE_STYLE_USAGE(.BOTH.,#15907);
#15907 = SURFACE_SIDE_STYLE('',(#15908));
#15908 = SURFACE_STYLE_FILL_AREA(#15909);
#15909 = FILL_AREA_STYLE('',(#15910));
#15910 = FILL_AREA_STYLE_COLOUR('',#15783);
#15911 = STYLED_ITEM('color',(#15912),#8366);
#15912 = PRESENTATION_STYLE_ASSIGNMENT((#15913));
#15913 = SURFACE_STYLE_USAGE(.BOTH.,#15914);
#15914 = SURFACE_SIDE_STYLE('',(#15915));
#15915 = SURFACE_STYLE_FILL_AREA(#15916);
#15916 = FILL_AREA_STYLE('',(#15917));
#15917 = FILL_AREA_STYLE_COLOUR('',#15783);
#15918 = STYLED_ITEM('color',(#15919),#8397);
#15919 = PRESENTATION_STYLE_ASSIGNMENT((#15920));
#15920 = SURFACE_STYLE_USAGE(.BOTH.,#15921);
#15921 = SURFACE_SIDE_STYLE('',(#15922));
#15922 = SURFACE_STYLE_FILL_AREA(#15923);
#15923 = FILL_AREA_STYLE('',(#15924));
#15924 = FILL_AREA_STYLE_COLOUR('',#15783);
#15925 = STYLED_ITEM('color',(#15926),#8422);
#15926 = PRESENTATION_STYLE_ASSIGNMENT((#15927));
#15927 = SURFACE_STYLE_USAGE(.BOTH.,#15928);
#15928 = SURFACE_SIDE_STYLE('',(#15929));
#15929 = SURFACE_STYLE_FILL_AREA(#15930);
#15930 = FILL_AREA_STYLE('',(#15931));
#15931 = FILL_AREA_STYLE_COLOUR('',#15783);
#15932 = STYLED_ITEM('color',(#15933),#8447);
#15933 = PRESENTATION_STYLE_ASSIGNMENT((#15934));
#15934 = SURFACE_STYLE_USAGE(.BOTH.,#15935);
#15935 = SURFACE_SIDE_STYLE('',(#15936));
#15936 = SURFACE_STYLE_FILL_AREA(#15937);
#15937 = FILL_AREA_STYLE('',(#15938));
#15938 = FILL_AREA_STYLE_COLOUR('',#15783);
#15939 = STYLED_ITEM('color',(#15940),#8471);
#15940 = PRESENTATION_STYLE_ASSIGNMENT((#15941));
#15941 = SURFACE_STYLE_USAGE(.BOTH.,#15942);
#15942 = SURFACE_SIDE_STYLE('',(#15943));
#15943 = SURFACE_STYLE_FILL_AREA(#15944);
#15944 = FILL_AREA_STYLE('',(#15945));
#15945 = FILL_AREA_STYLE_COLOUR('',#15783);
#15946 = STYLED_ITEM('color',(#15947),#8495);
#15947 = PRESENTATION_STYLE_ASSIGNMENT((#15948));
#15948 = SURFACE_STYLE_USAGE(.BOTH.,#15949);
#15949 = SURFACE_SIDE_STYLE('',(#15950));
#15950 = SURFACE_STYLE_FILL_AREA(#15951);
#15951 = FILL_AREA_STYLE('',(#15952));
#15952 = FILL_AREA_STYLE_COLOUR('',#15783);
#15953 = STYLED_ITEM('color',(#15954),#8520);
#15954 = PRESENTATION_STYLE_ASSIGNMENT((#15955));
#15955 = SURFACE_STYLE_USAGE(.BOTH.,#15956);
#15956 = SURFACE_SIDE_STYLE('',(#15957));
#15957 = SURFACE_STYLE_FILL_AREA(#15958);
#15958 = FILL_AREA_STYLE('',(#15959));
#15959 = FILL_AREA_STYLE_COLOUR('',#15783);
#15960 = STYLED_ITEM('color',(#15961),#8545);
#15961 = PRESENTATION_STYLE_ASSIGNMENT((#15962));
#15962 = SURFACE_STYLE_USAGE(.BOTH.,#15963);
#15963 = SURFACE_SIDE_STYLE('',(#15964));
#15964 = SURFACE_STYLE_FILL_AREA(#15965);
#15965 = FILL_AREA_STYLE('',(#15966));
#15966 = FILL_AREA_STYLE_COLOUR('',#15783);
#15967 = STYLED_ITEM('color',(#15968),#8562);
#15968 = PRESENTATION_STYLE_ASSIGNMENT((#15969));
#15969 = SURFACE_STYLE_USAGE(.BOTH.,#15970);
#15970 = SURFACE_SIDE_STYLE('',(#15971));
#15971 = SURFACE_STYLE_FILL_AREA(#15972);
#15972 = FILL_AREA_STYLE('',(#15973));
#15973 = FILL_AREA_STYLE_COLOUR('',#15783);
#15974 = MECHANICAL_DESIGN_GEOMETRIC_PRESENTATION_REPRESENTATION('',(
    #15975),#14923);
#15975 = STYLED_ITEM('color',(#15976),#12733);
#15976 = PRESENTATION_STYLE_ASSIGNMENT((#15977));
#15977 = SURFACE_STYLE_USAGE(.BOTH.,#15978);
#15978 = SURFACE_SIDE_STYLE('',(#15979));
#15979 = SURFACE_STYLE_FILL_AREA(#15980);
#15980 = FILL_AREA_STYLE('',(#15981));
#15981 = FILL_AREA_STYLE_COLOUR('',#15982);
#15982 = COLOUR_RGB('',0.313304153717,0.484529207832,0.410020903123);
#15983 = MECHANICAL_DESIGN_GEOMETRIC_PRESENTATION_REPRESENTATION('',(
    #15984,#15991,#15998,#16005,#16012,#16019,#16026,#16033,#16041,
    #16048,#16055,#16062,#16069,#16076,#16084,#16091,#16098,#16105,
    #16112,#16119,#16126,#16133,#16140,#16147,#16154,#16161),#7690);
#15984 = STYLED_ITEM('color',(#15985),#6902);
#15985 = PRESENTATION_STYLE_ASSIGNMENT((#15986));
#15986 = SURFACE_STYLE_USAGE(.BOTH.,#15987);
#15987 = SURFACE_SIDE_STYLE('',(#15988));
#15988 = SURFACE_STYLE_FILL_AREA(#15989);
#15989 = FILL_AREA_STYLE('',(#15990));
#15990 = FILL_AREA_STYLE_COLOUR('',#15783);
#15991 = STYLED_ITEM('color',(#15992),#6942);
#15992 = PRESENTATION_STYLE_ASSIGNMENT((#15993));
#15993 = SURFACE_STYLE_USAGE(.BOTH.,#15994);
#15994 = SURFACE_SIDE_STYLE('',(#15995));
#15995 = SURFACE_STYLE_FILL_AREA(#15996);
#15996 = FILL_AREA_STYLE('',(#15997));
#15997 = FILL_AREA_STYLE_COLOUR('',#15783);
#15998 = STYLED_ITEM('color',(#15999),#7025);
#15999 = PRESENTATION_STYLE_ASSIGNMENT((#16000));
#16000 = SURFACE_STYLE_USAGE(.BOTH.,#16001);
#16001 = SURFACE_SIDE_STYLE('',(#16002));
#16002 = SURFACE_STYLE_FILL_AREA(#16003);
#16003 = FILL_AREA_STYLE('',(#16004));
#16004 = FILL_AREA_STYLE_COLOUR('',#15783);
#16005 = STYLED_ITEM('color',(#16006),#7050);
#16006 = PRESENTATION_STYLE_ASSIGNMENT((#16007));
#16007 = SURFACE_STYLE_USAGE(.BOTH.,#16008);
#16008 = SURFACE_SIDE_STYLE('',(#16009));
#16009 = SURFACE_STYLE_FILL_AREA(#16010);
#16010 = FILL_AREA_STYLE('',(#16011));
#16011 = FILL_AREA_STYLE_COLOUR('',#15783);
#16012 = STYLED_ITEM('color',(#16013),#7075);
#16013 = PRESENTATION_STYLE_ASSIGNMENT((#16014));
#16014 = SURFACE_STYLE_USAGE(.BOTH.,#16015);
#16015 = SURFACE_SIDE_STYLE('',(#16016));
#16016 = SURFACE_STYLE_FILL_AREA(#16017);
#16017 = FILL_AREA_STYLE('',(#16018));
#16018 = FILL_AREA_STYLE_COLOUR('',#15783);
#16019 = STYLED_ITEM('color',(#16020),#7142);
#16020 = PRESENTATION_STYLE_ASSIGNMENT((#16021));
#16021 = SURFACE_STYLE_USAGE(.BOTH.,#16022);
#16022 = SURFACE_SIDE_STYLE('',(#16023));
#16023 = SURFACE_STYLE_FILL_AREA(#16024);
#16024 = FILL_AREA_STYLE('',(#16025));
#16025 = FILL_AREA_STYLE_COLOUR('',#15783);
#16026 = STYLED_ITEM('color',(#16027),#7159);
#16027 = PRESENTATION_STYLE_ASSIGNMENT((#16028));
#16028 = SURFACE_STYLE_USAGE(.BOTH.,#16029);
#16029 = SURFACE_SIDE_STYLE('',(#16030));
#16030 = SURFACE_STYLE_FILL_AREA(#16031);
#16031 = FILL_AREA_STYLE('',(#16032));
#16032 = FILL_AREA_STYLE_COLOUR('',#15783);
#16033 = STYLED_ITEM('color',(#16034),#7176);
#16034 = PRESENTATION_STYLE_ASSIGNMENT((#16035));
#16035 = SURFACE_STYLE_USAGE(.BOTH.,#16036);
#16036 = SURFACE_SIDE_STYLE('',(#16037));
#16037 = SURFACE_STYLE_FILL_AREA(#16038);
#16038 = FILL_AREA_STYLE('',(#16039));
#16039 = FILL_AREA_STYLE_COLOUR('',#16040);
#16040 = COLOUR_RGB('',0.894999966383,0.890999961016,0.813000030345);
#16041 = STYLED_ITEM('color',(#16042),#7225);
#16042 = PRESENTATION_STYLE_ASSIGNMENT((#16043));
#16043 = SURFACE_STYLE_USAGE(.BOTH.,#16044);
#16044 = SURFACE_SIDE_STYLE('',(#16045));
#16045 = SURFACE_STYLE_FILL_AREA(#16046);
#16046 = FILL_AREA_STYLE('',(#16047));
#16047 = FILL_AREA_STYLE_COLOUR('',#15783);
#16048 = STYLED_ITEM('color',(#16049),#7242);
#16049 = PRESENTATION_STYLE_ASSIGNMENT((#16050));
#16050 = SURFACE_STYLE_USAGE(.BOTH.,#16051);
#16051 = SURFACE_SIDE_STYLE('',(#16052));
#16052 = SURFACE_STYLE_FILL_AREA(#16053);
#16053 = FILL_AREA_STYLE('',(#16054));
#16054 = FILL_AREA_STYLE_COLOUR('',#15783);
#16055 = STYLED_ITEM('color',(#16056),#7259);
#16056 = PRESENTATION_STYLE_ASSIGNMENT((#16057));
#16057 = SURFACE_STYLE_USAGE(.BOTH.,#16058);
#16058 = SURFACE_SIDE_STYLE('',(#16059));
#16059 = SURFACE_STYLE_FILL_AREA(#16060);
#16060 = FILL_AREA_STYLE('',(#16061));
#16061 = FILL_AREA_STYLE_COLOUR('',#16040);
#16062 = STYLED_ITEM('color',(#16063),#7308);
#16063 = PRESENTATION_STYLE_ASSIGNMENT((#16064));
#16064 = SURFACE_STYLE_USAGE(.BOTH.,#16065);
#16065 = SURFACE_SIDE_STYLE('',(#16066));
#16066 = SURFACE_STYLE_FILL_AREA(#16067);
#16067 = FILL_AREA_STYLE('',(#16068));
#16068 = FILL_AREA_STYLE_COLOUR('',#16040);
#16069 = STYLED_ITEM('color',(#16070),#7325);
#16070 = PRESENTATION_STYLE_ASSIGNMENT((#16071));
#16071 = SURFACE_STYLE_USAGE(.BOTH.,#16072);
#16072 = SURFACE_SIDE_STYLE('',(#16073));
#16073 = SURFACE_STYLE_FILL_AREA(#16074);
#16074 = FILL_AREA_STYLE('',(#16075));
#16075 = FILL_AREA_STYLE_COLOUR('',#15783);
#16076 = STYLED_ITEM('color',(#16077),#7394);
#16077 = PRESENTATION_STYLE_ASSIGNMENT((#16078));
#16078 = SURFACE_STYLE_USAGE(.BOTH.,#16079);
#16079 = SURFACE_SIDE_STYLE('',(#16080));
#16080 = SURFACE_STYLE_FILL_AREA(#16081);
#16081 = FILL_AREA_STYLE('',(#16082));
#16082 = FILL_AREA_STYLE_COLOUR('',#16083);
#16083 = COLOUR_RGB('',8.200000279077E-02,8.600000121357E-02,
  9.399999706163E-02);
#16084 = STYLED_ITEM('color',(#16085),#7425);
#16085 = PRESENTATION_STYLE_ASSIGNMENT((#16086));
#16086 = SURFACE_STYLE_USAGE(.BOTH.,#16087);
#16087 = SURFACE_SIDE_STYLE('',(#16088));
#16088 = SURFACE_STYLE_FILL_AREA(#16089);
#16089 = FILL_AREA_STYLE('',(#16090));
#16090 = FILL_AREA_STYLE_COLOUR('',#16083);
#16091 = STYLED_ITEM('color',(#16092),#7449);
#16092 = PRESENTATION_STYLE_ASSIGNMENT((#16093));
#16093 = SURFACE_STYLE_USAGE(.BOTH.,#16094);
#16094 = SURFACE_SIDE_STYLE('',(#16095));
#16095 = SURFACE_STYLE_FILL_AREA(#16096);
#16096 = FILL_AREA_STYLE('',(#16097));
#16097 = FILL_AREA_STYLE_COLOUR('',#15783);
#16098 = STYLED_ITEM('color',(#16099),#7518);
#16099 = PRESENTATION_STYLE_ASSIGNMENT((#16100));
#16100 = SURFACE_STYLE_USAGE(.BOTH.,#16101);
#16101 = SURFACE_SIDE_STYLE('',(#16102));
#16102 = SURFACE_STYLE_FILL_AREA(#16103);
#16103 = FILL_AREA_STYLE('',(#16104));
#16104 = FILL_AREA_STYLE_COLOUR('',#16083);
#16105 = STYLED_ITEM('color',(#16106),#7542);
#16106 = PRESENTATION_STYLE_ASSIGNMENT((#16107));
#16107 = SURFACE_STYLE_USAGE(.BOTH.,#16108);
#16108 = SURFACE_SIDE_STYLE('',(#16109));
#16109 = SURFACE_STYLE_FILL_AREA(#16110);
#16110 = FILL_AREA_STYLE('',(#16111));
#16111 = FILL_AREA_STYLE_COLOUR('',#15783);
#16112 = STYLED_ITEM('color',(#16113),#7559);
#16113 = PRESENTATION_STYLE_ASSIGNMENT((#16114));
#16114 = SURFACE_STYLE_USAGE(.BOTH.,#16115);
#16115 = SURFACE_SIDE_STYLE('',(#16116));
#16116 = SURFACE_STYLE_FILL_AREA(#16117);
#16117 = FILL_AREA_STYLE('',(#16118));
#16118 = FILL_AREA_STYLE_COLOUR('',#15783);
#16119 = STYLED_ITEM('color',(#16120),#7576);
#16120 = PRESENTATION_STYLE_ASSIGNMENT((#16121));
#16121 = SURFACE_STYLE_USAGE(.BOTH.,#16122);
#16122 = SURFACE_SIDE_STYLE('',(#16123));
#16123 = SURFACE_STYLE_FILL_AREA(#16124);
#16124 = FILL_AREA_STYLE('',(#16125));
#16125 = FILL_AREA_STYLE_COLOUR('',#15783);
#16126 = STYLED_ITEM('color',(#16127),#7593);
#16127 = PRESENTATION_STYLE_ASSIGNMENT((#16128));
#16128 = SURFACE_STYLE_USAGE(.BOTH.,#16129);
#16129 = SURFACE_SIDE_STYLE('',(#16130));
#16130 = SURFACE_STYLE_FILL_AREA(#16131);
#16131 = FILL_AREA_STYLE('',(#16132));
#16132 = FILL_AREA_STYLE_COLOUR('',#15783);
#16133 = STYLED_ITEM('color',(#16134),#7610);
#16134 = PRESENTATION_STYLE_ASSIGNMENT((#16135));
#16135 = SURFACE_STYLE_USAGE(.BOTH.,#16136);
#16136 = SURFACE_SIDE_STYLE('',(#16137));
#16137 = SURFACE_STYLE_FILL_AREA(#16138);
#16138 = FILL_AREA_STYLE('',(#16139));
#16139 = FILL_AREA_STYLE_COLOUR('',#15783);
#16140 = STYLED_ITEM('color',(#16141),#7627);
#16141 = PRESENTATION_STYLE_ASSIGNMENT((#16142));
#16142 = SURFACE_STYLE_USAGE(.BOTH.,#16143);
#16143 = SURFACE_SIDE_STYLE('',(#16144));
#16144 = SURFACE_STYLE_FILL_AREA(#16145);
#16145 = FILL_AREA_STYLE('',(#16146));
#16146 = FILL_AREA_STYLE_COLOUR('',#15783);
#16147 = STYLED_ITEM('color',(#16148),#7644);
#16148 = PRESENTATION_STYLE_ASSIGNMENT((#16149));
#16149 = SURFACE_STYLE_USAGE(.BOTH.,#16150);
#16150 = SURFACE_SIDE_STYLE('',(#16151));
#16151 = SURFACE_STYLE_FILL_AREA(#16152);
#16152 = FILL_AREA_STYLE('',(#16153));
#16153 = FILL_AREA_STYLE_COLOUR('',#15783);
#16154 = STYLED_ITEM('color',(#16155),#7661);
#16155 = PRESENTATION_STYLE_ASSIGNMENT((#16156));
#16156 = SURFACE_STYLE_USAGE(.BOTH.,#16157);
#16157 = SURFACE_SIDE_STYLE('',(#16158));
#16158 = SURFACE_STYLE_FILL_AREA(#16159);
#16159 = FILL_AREA_STYLE('',(#16160));
#16160 = FILL_AREA_STYLE_COLOUR('',#16083);
#16161 = STYLED_ITEM('color',(#16162),#7678);
#16162 = PRESENTATION_STYLE_ASSIGNMENT((#16163));
#16163 = SURFACE_STYLE_USAGE(.BOTH.,#16164);
#16164 = SURFACE_SIDE_STYLE('',(#16165));
#16165 = SURFACE_STYLE_FILL_AREA(#16166);
#16166 = FILL_AREA_STYLE('',(#16167));
#16167 = FILL_AREA_STYLE_COLOUR('',#16083);
#16168 = MECHANICAL_DESIGN_GEOMETRIC_PRESENTATION_REPRESENTATION('',(
    #16169,#16176,#16183,#16190,#16197,#16204,#16211,#16218,#16225,
    #16232,#16239,#16246,#16253,#16260,#16267,#16274,#16281,#16288,
    #16295,#16302,#16309,#16316,#16323,#16330,#16337,#16344,#16351,
    #16358,#16365,#16372,#16379),#12704);
#16169 = STYLED_ITEM('color',(#16170),#11847);
#16170 = PRESENTATION_STYLE_ASSIGNMENT((#16171));
#16171 = SURFACE_STYLE_USAGE(.BOTH.,#16172);
#16172 = SURFACE_SIDE_STYLE('',(#16173));
#16173 = SURFACE_STYLE_FILL_AREA(#16174);
#16174 = FILL_AREA_STYLE('',(#16175));
#16175 = FILL_AREA_STYLE_COLOUR('',#14996);
#16176 = STYLED_ITEM('color',(#16177),#11887);
#16177 = PRESENTATION_STYLE_ASSIGNMENT((#16178));
#16178 = SURFACE_STYLE_USAGE(.BOTH.,#16179);
#16179 = SURFACE_SIDE_STYLE('',(#16180));
#16180 = SURFACE_STYLE_FILL_AREA(#16181);
#16181 = FILL_AREA_STYLE('',(#16182));
#16182 = FILL_AREA_STYLE_COLOUR('',#14996);
#16183 = STYLED_ITEM('color',(#16184),#11918);
#16184 = PRESENTATION_STYLE_ASSIGNMENT((#16185));
#16185 = SURFACE_STYLE_USAGE(.BOTH.,#16186);
#16186 = SURFACE_SIDE_STYLE('',(#16187));
#16187 = SURFACE_STYLE_FILL_AREA(#16188);
#16188 = FILL_AREA_STYLE('',(#16189));
#16189 = FILL_AREA_STYLE_COLOUR('',#14996);
#16190 = STYLED_ITEM('color',(#16191),#11949);
#16191 = PRESENTATION_STYLE_ASSIGNMENT((#16192));
#16192 = SURFACE_STYLE_USAGE(.BOTH.,#16193);
#16193 = SURFACE_SIDE_STYLE('',(#16194));
#16194 = SURFACE_STYLE_FILL_AREA(#16195);
#16195 = FILL_AREA_STYLE('',(#16196));
#16196 = FILL_AREA_STYLE_COLOUR('',#14996);
#16197 = STYLED_ITEM('color',(#16198),#12032);
#16198 = PRESENTATION_STYLE_ASSIGNMENT((#16199));
#16199 = SURFACE_STYLE_USAGE(.BOTH.,#16200);
#16200 = SURFACE_SIDE_STYLE('',(#16201));
#16201 = SURFACE_STYLE_FILL_AREA(#16202);
#16202 = FILL_AREA_STYLE('',(#16203));
#16203 = FILL_AREA_STYLE_COLOUR('',#14996);
#16204 = STYLED_ITEM('color',(#16205),#12115);
#16205 = PRESENTATION_STYLE_ASSIGNMENT((#16206));
#16206 = SURFACE_STYLE_USAGE(.BOTH.,#16207);
#16207 = SURFACE_SIDE_STYLE('',(#16208));
#16208 = SURFACE_STYLE_FILL_AREA(#16209);
#16209 = FILL_AREA_STYLE('',(#16210));
#16210 = FILL_AREA_STYLE_COLOUR('',#14996);
#16211 = STYLED_ITEM('color',(#16212),#12132);
#16212 = PRESENTATION_STYLE_ASSIGNMENT((#16213));
#16213 = SURFACE_STYLE_USAGE(.BOTH.,#16214);
#16214 = SURFACE_SIDE_STYLE('',(#16215));
#16215 = SURFACE_STYLE_FILL_AREA(#16216);
#16216 = FILL_AREA_STYLE('',(#16217));
#16217 = FILL_AREA_STYLE_COLOUR('',#14996);
#16218 = STYLED_ITEM('color',(#16219),#12149);
#16219 = PRESENTATION_STYLE_ASSIGNMENT((#16220));
#16220 = SURFACE_STYLE_USAGE(.BOTH.,#16221);
#16221 = SURFACE_SIDE_STYLE('',(#16222));
#16222 = SURFACE_STYLE_FILL_AREA(#16223);
#16223 = FILL_AREA_STYLE('',(#16224));
#16224 = FILL_AREA_STYLE_COLOUR('',#14996);
#16225 = STYLED_ITEM('color',(#16226),#12166);
#16226 = PRESENTATION_STYLE_ASSIGNMENT((#16227));
#16227 = SURFACE_STYLE_USAGE(.BOTH.,#16228);
#16228 = SURFACE_SIDE_STYLE('',(#16229));
#16229 = SURFACE_STYLE_FILL_AREA(#16230);
#16230 = FILL_AREA_STYLE('',(#16231));
#16231 = FILL_AREA_STYLE_COLOUR('',#14996);
#16232 = STYLED_ITEM('color',(#16233),#12183);
#16233 = PRESENTATION_STYLE_ASSIGNMENT((#16234));
#16234 = SURFACE_STYLE_USAGE(.BOTH.,#16235);
#16235 = SURFACE_SIDE_STYLE('',(#16236));
#16236 = SURFACE_STYLE_FILL_AREA(#16237);
#16237 = FILL_AREA_STYLE('',(#16238));
#16238 = FILL_AREA_STYLE_COLOUR('',#14996);
#16239 = STYLED_ITEM('color',(#16240),#12195);
#16240 = PRESENTATION_STYLE_ASSIGNMENT((#16241));
#16241 = SURFACE_STYLE_USAGE(.BOTH.,#16242);
#16242 = SURFACE_SIDE_STYLE('',(#16243));
#16243 = SURFACE_STYLE_FILL_AREA(#16244);
#16244 = FILL_AREA_STYLE('',(#16245));
#16245 = FILL_AREA_STYLE_COLOUR('',#15193);
#16246 = STYLED_ITEM('color',(#16247),#12226);
#16247 = PRESENTATION_STYLE_ASSIGNMENT((#16248));
#16248 = SURFACE_STYLE_USAGE(.BOTH.,#16249);
#16249 = SURFACE_SIDE_STYLE('',(#16250));
#16250 = SURFACE_STYLE_FILL_AREA(#16251);
#16251 = FILL_AREA_STYLE('',(#16252));
#16252 = FILL_AREA_STYLE_COLOUR('',#15193);
#16253 = STYLED_ITEM('color',(#16254),#12275);
#16254 = PRESENTATION_STYLE_ASSIGNMENT((#16255));
#16255 = SURFACE_STYLE_USAGE(.BOTH.,#16256);
#16256 = SURFACE_SIDE_STYLE('',(#16257));
#16257 = SURFACE_STYLE_FILL_AREA(#16258);
#16258 = FILL_AREA_STYLE('',(#16259));
#16259 = FILL_AREA_STYLE_COLOUR('',#15193);
#16260 = STYLED_ITEM('color',(#16261),#12299);
#16261 = PRESENTATION_STYLE_ASSIGNMENT((#16262));
#16262 = SURFACE_STYLE_USAGE(.BOTH.,#16263);
#16263 = SURFACE_SIDE_STYLE('',(#16264));
#16264 = SURFACE_STYLE_FILL_AREA(#16265);
#16265 = FILL_AREA_STYLE('',(#16266));
#16266 = FILL_AREA_STYLE_COLOUR('',#15193);
#16267 = STYLED_ITEM('color',(#16268),#12341);
#16268 = PRESENTATION_STYLE_ASSIGNMENT((#16269));
#16269 = SURFACE_STYLE_USAGE(.BOTH.,#16270);
#16270 = SURFACE_SIDE_STYLE('',(#16271));
#16271 = SURFACE_STYLE_FILL_AREA(#16272);
#16272 = FILL_AREA_STYLE('',(#16273));
#16273 = FILL_AREA_STYLE_COLOUR('',#15193);
#16274 = STYLED_ITEM('color',(#16275),#12372);
#16275 = PRESENTATION_STYLE_ASSIGNMENT((#16276));
#16276 = SURFACE_STYLE_USAGE(.BOTH.,#16277);
#16277 = SURFACE_SIDE_STYLE('',(#16278));
#16278 = SURFACE_STYLE_FILL_AREA(#16279);
#16279 = FILL_AREA_STYLE('',(#16280));
#16280 = FILL_AREA_STYLE_COLOUR('',#15193);
#16281 = STYLED_ITEM('color',(#16282),#12396);
#16282 = PRESENTATION_STYLE_ASSIGNMENT((#16283));
#16283 = SURFACE_STYLE_USAGE(.BOTH.,#16284);
#16284 = SURFACE_SIDE_STYLE('',(#16285));
#16285 = SURFACE_STYLE_FILL_AREA(#16286);
#16286 = FILL_AREA_STYLE('',(#16287));
#16287 = FILL_AREA_STYLE_COLOUR('',#15193);
#16288 = STYLED_ITEM('color',(#16289),#12420);
#16289 = PRESENTATION_STYLE_ASSIGNMENT((#16290));
#16290 = SURFACE_STYLE_USAGE(.BOTH.,#16291);
#16291 = SURFACE_SIDE_STYLE('',(#16292));
#16292 = SURFACE_STYLE_FILL_AREA(#16293);
#16293 = FILL_AREA_STYLE('',(#16294));
#16294 = FILL_AREA_STYLE_COLOUR('',#15193);
#16295 = STYLED_ITEM('color',(#16296),#12437);
#16296 = PRESENTATION_STYLE_ASSIGNMENT((#16297));
#16297 = SURFACE_STYLE_USAGE(.BOTH.,#16298);
#16298 = SURFACE_SIDE_STYLE('',(#16299));
#16299 = SURFACE_STYLE_FILL_AREA(#16300);
#16300 = FILL_AREA_STYLE('',(#16301));
#16301 = FILL_AREA_STYLE_COLOUR('',#15193);
#16302 = STYLED_ITEM('color',(#16303),#12454);
#16303 = PRESENTATION_STYLE_ASSIGNMENT((#16304));
#16304 = SURFACE_STYLE_USAGE(.BOTH.,#16305);
#16305 = SURFACE_SIDE_STYLE('',(#16306));
#16306 = SURFACE_STYLE_FILL_AREA(#16307);
#16307 = FILL_AREA_STYLE('',(#16308));
#16308 = FILL_AREA_STYLE_COLOUR('',#15193);
#16309 = STYLED_ITEM('color',(#16310),#12471);
#16310 = PRESENTATION_STYLE_ASSIGNMENT((#16311));
#16311 = SURFACE_STYLE_USAGE(.BOTH.,#16312);
#16312 = SURFACE_SIDE_STYLE('',(#16313));
#16313 = SURFACE_STYLE_FILL_AREA(#16314);
#16314 = FILL_AREA_STYLE('',(#16315));
#16315 = FILL_AREA_STYLE_COLOUR('',#15193);
#16316 = STYLED_ITEM('color',(#16317),#12502);
#16317 = PRESENTATION_STYLE_ASSIGNMENT((#16318));
#16318 = SURFACE_STYLE_USAGE(.BOTH.,#16319);
#16319 = SURFACE_SIDE_STYLE('',(#16320));
#16320 = SURFACE_STYLE_FILL_AREA(#16321);
#16321 = FILL_AREA_STYLE('',(#16322));
#16322 = FILL_AREA_STYLE_COLOUR('',#15193);
#16323 = STYLED_ITEM('color',(#16324),#12519);
#16324 = PRESENTATION_STYLE_ASSIGNMENT((#16325));
#16325 = SURFACE_STYLE_USAGE(.BOTH.,#16326);
#16326 = SURFACE_SIDE_STYLE('',(#16327));
#16327 = SURFACE_STYLE_FILL_AREA(#16328);
#16328 = FILL_AREA_STYLE('',(#16329));
#16329 = FILL_AREA_STYLE_COLOUR('',#15193);
#16330 = STYLED_ITEM('color',(#16331),#12550);
#16331 = PRESENTATION_STYLE_ASSIGNMENT((#16332));
#16332 = SURFACE_STYLE_USAGE(.BOTH.,#16333);
#16333 = SURFACE_SIDE_STYLE('',(#16334));
#16334 = SURFACE_STYLE_FILL_AREA(#16335);
#16335 = FILL_AREA_STYLE('',(#16336));
#16336 = FILL_AREA_STYLE_COLOUR('',#15193);
#16337 = STYLED_ITEM('color',(#16338),#12581);
#16338 = PRESENTATION_STYLE_ASSIGNMENT((#16339));
#16339 = SURFACE_STYLE_USAGE(.BOTH.,#16340);
#16340 = SURFACE_SIDE_STYLE('',(#16341));
#16341 = SURFACE_STYLE_FILL_AREA(#16342);
#16342 = FILL_AREA_STYLE('',(#16343));
#16343 = FILL_AREA_STYLE_COLOUR('',#15193);
#16344 = STYLED_ITEM('color',(#16345),#12605);
#16345 = PRESENTATION_STYLE_ASSIGNMENT((#16346));
#16346 = SURFACE_STYLE_USAGE(.BOTH.,#16347);
#16347 = SURFACE_SIDE_STYLE('',(#16348));
#16348 = SURFACE_STYLE_FILL_AREA(#16349);
#16349 = FILL_AREA_STYLE('',(#16350));
#16350 = FILL_AREA_STYLE_COLOUR('',#15193);
#16351 = STYLED_ITEM('color',(#16352),#12629);
#16352 = PRESENTATION_STYLE_ASSIGNMENT((#16353));
#16353 = SURFACE_STYLE_USAGE(.BOTH.,#16354);
#16354 = SURFACE_SIDE_STYLE('',(#16355));
#16355 = SURFACE_STYLE_FILL_AREA(#16356);
#16356 = FILL_AREA_STYLE('',(#16357));
#16357 = FILL_AREA_STYLE_COLOUR('',#15193);
#16358 = STYLED_ITEM('color',(#16359),#12646);
#16359 = PRESENTATION_STYLE_ASSIGNMENT((#16360));
#16360 = SURFACE_STYLE_USAGE(.BOTH.,#16361);
#16361 = SURFACE_SIDE_STYLE('',(#16362));
#16362 = SURFACE_STYLE_FILL_AREA(#16363);
#16363 = FILL_AREA_STYLE('',(#16364));
#16364 = FILL_AREA_STYLE_COLOUR('',#15193);
#16365 = STYLED_ITEM('color',(#16366),#12663);
#16366 = PRESENTATION_STYLE_ASSIGNMENT((#16367));
#16367 = SURFACE_STYLE_USAGE(.BOTH.,#16368);
#16368 = SURFACE_SIDE_STYLE('',(#16369));
#16369 = SURFACE_STYLE_FILL_AREA(#16370);
#16370 = FILL_AREA_STYLE('',(#16371));
#16371 = FILL_AREA_STYLE_COLOUR('',#15193);
#16372 = STYLED_ITEM('color',(#16373),#12680);
#16373 = PRESENTATION_STYLE_ASSIGNMENT((#16374));
#16374 = SURFACE_STYLE_USAGE(.BOTH.,#16375);
#16375 = SURFACE_SIDE_STYLE('',(#16376));
#16376 = SURFACE_STYLE_FILL_AREA(#16377);
#16377 = FILL_AREA_STYLE('',(#16378));
#16378 = FILL_AREA_STYLE_COLOUR('',#15193);
#16379 = STYLED_ITEM('color',(#16380),#12692);
#16380 = PRESENTATION_STYLE_ASSIGNMENT((#16381));
#16381 = SURFACE_STYLE_USAGE(.BOTH.,#16382);
#16382 = SURFACE_SIDE_STYLE('',(#16383));
#16383 = SURFACE_STYLE_FILL_AREA(#16384);
#16384 = FILL_AREA_STYLE('',(#16385));
#16385 = FILL_AREA_STYLE_COLOUR('',#15193);
ENDSEC;
END-ISO-10303-21;
